<<< Welcome to the RAWSimO CLI >>>
The time is: 04/17/2026 09:45:48
Starting RAWSimO wrapper with the following arguments:
Instance: Material/Instances/CoreBenchmark/aesop.xlayo
Setting: Material/Instances/CoreBenchmark/test-short.xsett
ControlConfig: Material/Instances/CoreBenchmark/aesop-ecbs.xconf
StatisticsDir: output_compare/10seed-ecbs/
Seed: 7
Adding handler for unhandled exceptions ...
Initializing ... 
LayoutConfiguration recognized!
Parsing setting config ...
Parsing control config ...
Parsing layout config ...
Generating instance...
Info about all directions within the generated instance:
# # # # # e p e p p p p p p p p p p p p p p p p p e p p p p p p p p p p p p p p p p p e p p p p p p p p p e s # # # # # 
# # # # # n q ^ + + + + + + + + v + + + + + + + + ^ + + + + + + + + v + + + + + + + + ^ + + + + + + + + q d q # # # # # 
# # # # # b p b + + + + + + + + v + + + + + + + + ^ + + + + + + + + v + + + + + + + + ^ + + + + + + + + v b s # # # # # 
s w w w w d q d < < < < < < < < q < < < < < < < < d < < < < < < < < q < < < < < < < < d < < < < < < < < q d q w w w w w 
p e e e s b p b + + + + + + + + v + + + + + + + + ^ + + + + + + + + v + + + + + + + + ^ + + + + + + + + v b p e e e e n 
s w w w w d q ^ + + + + + + + + v + + + + + + + + ^ + + + + + + + + v + + + + + + + + ^ + + + + + + + + q d q n w w w d 
e e e e e b p b > > > > > > > > p > > > > > > > > b > > > > > > > > p > > > > > > > > b > > > > > > > > p b p e e e e n 
# # # # # n q ^ + + + + + + + + v + + + + + + + + ^ + + + + + + + + v + + + + + + + + ^ + + + + + + + + q d q # # # # # 
# # # # # b p b + + + + + + + + v + + + + + + + + ^ + + + + + + + + v + + + + + + + + ^ + + + + + + + + v b s # # # # # 
s w w w w d q d < < < < < < < < q < < < < < < < < d < < < < < < < < q < < < < < < < < d < < < < < < < < q d q w w w w w 
p e e e s b p b + + + + + + + + v + + + + + + + + ^ + + + + + + + + v + + + + + + + + ^ + + + + + + + + v b p e e e e n 
s w w w w d q ^ + + + + + + + + v + + + + + + + + ^ + + + + + + + + v + + + + + + + + ^ + + + + + + + + q d q n w w w d 
e e e e e b p b > > > > > > > > p > > > > > > > > b > > > > > > > > p > > > > > > > > b > > > > > > > > p b p e e e e n 
# # # # # n q ^ + + + + + + + + v + + + + + + + + ^ + + + + + + + + v + + + + + + + + ^ + + + + + + + + q d q # # # # # 
# # # # # b p b + + + + + + + + v + + + + + + + + ^ + + + + + + + + v + + + + + + + + ^ + + + + + + + + v b s # # # # # 
s w w w w d q d < < < < < < < < q < < < < < < < < d < < < < < < < < q < < < < < < < < d < < < < < < < < q d q w w w w w 
p e e e s b p b + + + + + + + + v + + + + + + + + ^ + + + + + + + + v + + + + + + + + ^ + + + + + + + + v b p e e e e n 
s w w w w d q ^ + + + + + + + + v + + + + + + + + ^ + + + + + + + + v + + + + + + + + ^ + + + + + + + + q d q n w w w d 
e e e e e b p b > > > > > > > > p > > > > > > > > b > > > > > > > > p > > > > > > > > b > > > > > > > > p b p e e e e n 
# # # # # n q ^ + + + + + + + + v + + + + + + + + ^ + + + + + + + + v + + + + + + + + ^ + + + + + + + + q d q # # # # # 
# # # # # b p b + + + + + + + + v + + + + + + + + ^ + + + + + + + + v + + + + + + + + ^ + + + + + + + + v b s # # # # # 
s w w w w d q d < < < < < < < < q < < < < < < < < d < < < < < < < < q < < < < < < < < d < < < < < < < < q d q w w w w w 
p e e e s b p b + + + + + + + + v + + + + + + + + ^ + + + + + + + + v + + + + + + + + ^ + + + + + + + + v b p e e e e n 
s w w w w d q ^ + + + + + + + + v + + + + + + + + ^ + + + + + + + + v + + + + + + + + ^ + + + + + + + + q d q n w w w d 
e e e e e b p b > > > > > > > > p > > > > > > > > b > > > > > > > > p > > > > > > > > b > > > > > > > > p b p e e e e n 
# # # # # n q ^ + + + + + + + + v + + + + + + + + ^ + + + + + + + + v + + + + + + + + ^ + + + + + + + + q d q # # # # # 
# # # # # b p b + + + + + + + + v + + + + + + + + ^ + + + + + + + + v + + + + + + + + ^ + + + + + + + + v b s # # # # # 
# # # # # n q d < < < < < < < < q < < < < < < < < d < < < < < < < < q < < < < < < < < d < < < < < < < < q d q # # # # # 
# # # # # b p b + + + + + + + + v + + + + + + + + ^ + + + + + + + + v + + + + + + + + ^ + + + + + + + + v b s # # # # # 
# # # # # n q ^ + + + + + + + + v + + + + + + + + ^ + + + + + + + + v + + + + + + + + ^ + + + + + + + + q d q # # # # # 
# # # # # b p b > > > > > > > > p > > > > > > > > b > > > > > > > > p > > > > > > > > b > > > > > > > > p b s # # # # # 
# # # # # n q ^ + + + + + + + + v + + + + + + + + ^ + + + + + + + + v + + + + + + + + ^ + + + + + + + + q d q # # # # # 
# # # # # b p b + + + + + + + + v + + + + + + + + ^ + + + + + + + + v + + + + + + + + ^ + + + + + + + + v b s # # # # # 
# # # # # n w d d d d d d d d d w d d d d d d d d d d d d d d d d d w d d d d d d d d d d d d d d d d d w d w # # # # # 


Info about all types within the generated instance:
# # # # # r r r r r r r r r r r r r r r r r r r r r r r r r r r r r r r r r r r r r r r r r r r r r r r r r r # # # # # 
# # # # # r r r s s s s s s s s r s s s s s s s s r s s s s s s s s r s s s s s s s s r s s s s s s s s r r r # # # # # 
# # # # # r r r s s s s s s s s r s s s s s s s s r s s s s s s s s r s s s s s s s s r s s s s s s s s r r r # # # # # 
b b b b b r r r r r r r r r r r r r r r r r r r r r r r r r r r r r r r r r r r r r r r r r r r r r r r r r r b b b b o 
b b b b b r r r s s s s s s s s r s s s s s s s s r s s s s s s s s r s s s s s s s s r s s s s s s s s r r r b b b b b 
b b b b b r r r s s s s s s s s r s s s s s s s s r s s s s s s s s r s s s s s s s s r s s s s s s s s r r r b b b b b 
i b b b b r r r r r r r r r r r r r r r r r r r r r r r r r r r r r r r r r r r r r r r r r r r r r r r r r r b b b b b 
# # # # # r r r s s s s s s s s r s s s s s s s s r s s s s s s s s r s s s s s s s s r s s s s s s s s r r r # # # # # 
# # # # # r r r s s s s s s s s r s s s s s s s s r s s s s s s s s r s s s s s s s s r s s s s s s s s r r r # # # # # 
b b b b b r r r r r r r r r r r r r r r r r r r r r r r r r r r r r r r r r r r r r r r r r r r r r r r r r r b b b b o 
b b b b b r r r s s s s s s s s r s s s s s s s s r s s s s s s s s r s s s s s s s s r s s s s s s s s r r r b b b b b 
b b b b b r r r s s s s s s s s r s s s s s s s s r s s s s s s s s r s s s s s s s s r s s s s s s s s r r r b b b b b 
i b b b b r r r r r r r r r r r r r r r r r r r r r r r r r r r r r r r r r r r r r r r r r r r r r r r r r r b b b b b 
# # # # # r r r s s s s s s s s r s s s s s s s s r s s s s s s s s r s s s s s s s s r s s s s s s s s r r r # # # # # 
# # # # # r r r s s s s s s s s r s s s s s s s s r s s s s s s s s r s s s s s s s s r s s s s s s s s r r r # # # # # 
b b b b b r r r r r r r r r r r r r r r r r r r r r r r r r r r r r r r r r r r r r r r r r r r r r r r r r r b b b b o 
b b b b b r r r s s s s s s s s r s s s s s s s s r s s s s s s s s r s s s s s s s s r s s s s s s s s r r r b b b b b 
b b b b b r r r s s s s s s s s r s s s s s s s s r s s s s s s s s r s s s s s s s s r s s s s s s s s r r r b b b b b 
i b b b b r r r r r r r r r r r r r r r r r r r r r r r r r r r r r r r r r r r r r r r r r r r r r r r r r r b b b b b 
# # # # # r r r s s s s s s s s r s s s s s s s s r s s s s s s s s r s s s s s s s s r s s s s s s s s r r r # # # # # 
# # # # # r r r s s s s s s s s r s s s s s s s s r s s s s s s s s r s s s s s s s s r s s s s s s s s r r r # # # # # 
b b b b b r r r r r r r r r r r r r r r r r r r r r r r r r r r r r r r r r r r r r r r r r r r r r r r r r r b b b b o 
b b b b b r r r s s s s s s s s r s s s s s s s s r s s s s s s s s r s s s s s s s s r s s s s s s s s r r r b b b b b 
b b b b b r r r s s s s s s s s r s s s s s s s s r s s s s s s s s r s s s s s s s s r s s s s s s s s r r r b b b b b 
i b b b b r r r r r r r r r r r r r r r r r r r r r r r r r r r r r r r r r r r r r r r r r r r r r r r r r r b b b b b 
# # # # # r r r s s s s s s s s r s s s s s s s s r s s s s s s s s r s s s s s s s s r s s s s s s s s r r r # # # # # 
# # # # # r r r s s s s s s s s r s s s s s s s s r s s s s s s s s r s s s s s s s s r s s s s s s s s r r r # # # # # 
# # # # # r r r r r r r r r r r r r r r r r r r r r r r r r r r r r r r r r r r r r r r r r r r r r r r r r r # # # # # 
# # # # # r r r s s s s s s s s r s s s s s s s s r s s s s s s s s r s s s s s s s s r s s s s s s s s r r r # # # # # 
# # # # # r r r s s s s s s s s r s s s s s s s s r s s s s s s s s r s s s s s s s s r s s s s s s s s r r r # # # # # 
# # # # # r r r r r r r r r r r r r r r r r r r r r r r r r r r r r r r r r r r r r r r r r r r r r r r r r r # # # # # 
# # # # # r r r s s s s s s s s r s s s s s s s s r s s s s s s s s r s s s s s s s s r s s s s s s s s r r r # # # # # 
# # # # # r r r s s s s s s s s r s s s s s s s s r s s s s s s s s r s s s s s s s s r s s s s s s s s r r r # # # # # 
# # # # # r r r r r r r r r r r r r r r r r r r r r r r r r r r r r r r r r r r r r r r r r r r r r r r r r r # # # # # 


[EnergyConsumption] Configured from LayoutConfiguration: RobotMass=100 kg, PodFrameMass=300 kg
StatisticsFolder: aesop-aesop-aesop-ecbs-7
Done!
Executing ... 
 09:45:57 | >>> Warming up ...
 00:00:00 | >>> Warmup finished - starting simulation ...
 Realtime |   ETA    |  Sim.Time  | Progress | #Orders | #Bundles | Inv. | Distance | #Coll. |   Memory    
 00:00:00 |   n/a    | 0.00:00:00 |  0.00%   |    0    |    0     | 70%  |    0     |   0    | 146.19MB  
 00:00:05 |  > 24h   | 0.00:00:00 |  0.00%   |    0    |    0     | 70%  |    0     |   0    | 150.32MB  
 00:00:05 | WARNING! Aborting ECBS - could not obtain an initial solution for the following agents: Agent0(286->884)
 00:00:06 | WARNING! Aborting ECBS - could not obtain an initial solution for the following agents: Agent12(1159->1195)
 00:00:06 | WARNING! Aborting ECBS - could not obtain an initial solution for the following agents: Agent7(1050->346)
 00:00:07 | WARNING! Aborting ECBS - could not obtain an initial solution for the following agents: Agent14(44->43)
 00:00:07 | WARNING! Aborting ECBS - could not obtain an initial solution for the following agents: Agent14(44->43)
 00:00:07 | WARNING! Aborting ECBS - could not obtain an initial solution for the following agents: Agent14(44->43)
 00:00:08 | ECBS timeout #1 fallback=bestLB SolutionCost=73113.28 generated=312
 00:00:10 | 00:05:37 | 0.00:00:52 |  2.91%   |    0    |    0     | 70%  |   705    |   0    | 149.76MB  
 00:00:14 | WARNING! Aborting ECBS - could not obtain an initial solution for the following agents: Agent19(32->31)
 00:00:14 | WARNING! Aborting ECBS - could not obtain an initial solution for the following agents: Agent19(32->31)
 00:00:14 | WARNING! Aborting ECBS - could not obtain an initial solution for the following agents: Agent19(32->31)
 00:00:15 | 00:02:34 | 0.00:02:40 |  8.90%   |   23    |    33    | 70%  |   1628   |   0    | 150.90MB  
 00:00:20 | 00:00:58 | 0.00:07:37 |  25.40%  |   91    |   133    | 71%  |   4191   |   0    | 152.25MB  
 00:00:21 | WARNING! Aborting ECBS - could not obtain an initial solution for the following agents: Agent22(694->135)
 00:00:21 | WARNING! Aborting ECBS - could not obtain an initial solution for the following agents: Agent9(703->93)
 00:00:22 | WARNING! Aborting ECBS - could not obtain an initial solution for the following agents: Agent20(371->399)
 00:00:22 | WARNING! Aborting ECBS - could not obtain an initial solution for the following agents: Agent10(282->746)
 00:00:22 | WARNING! Aborting ECBS - could not obtain an initial solution for the following agents: Agent21(274->113)
 00:00:22 | ECBS RandomHop mutated 1/13 agent paths [SUPPRESSED] (cumulative=1)
 00:00:23 | WARNING! Aborting ECBS - could not obtain an initial solution for the following agents: Agent22(958->135)
 00:00:23 | ECBS RandomHop mutated 1/17 agent paths [SUPPRESSED] (cumulative=2)
 00:00:23 | ECBS RandomHop mutated 1/17 agent paths [SUPPRESSED] (cumulative=3)
 00:00:23 | ECBS RandomHop mutated 1/17 agent paths [SUPPRESSED] (cumulative=4)
 00:00:23 | ECBS RandomHop mutated 1/17 agent paths [SUPPRESSED] (cumulative=5)
 00:00:23 | ECBS RandomHop mutated 1/17 agent paths [SUPPRESSED] (cumulative=6)
 00:00:23 | ECBS RandomHop mutated 1/17 agent paths [SUPPRESSED] (cumulative=7)
 00:00:23 | ECBS RandomHop mutated 1/17 agent paths [SUPPRESSED] (cumulative=8)
 00:00:24 | ECBS RandomHop mutated 1/15 agent paths [SUPPRESSED] (cumulative=9)
 00:00:24 | ECBS RandomHop mutated 1/15 agent paths [SUPPRESSED] (cumulative=10)
 00:00:24 | ECBS RandomHop mutated 1/14 agent paths [SUPPRESSED] (cumulative=11)
 00:00:24 | ECBS RandomHop mutated 1/13 agent paths [SUPPRESSED] (cumulative=12)
 00:00:24 | ECBS RandomHop mutated 1/13 agent paths [SUPPRESSED] (cumulative=13)
 00:00:24 | ECBS RandomHop mutated 1/13 agent paths [SUPPRESSED] (cumulative=14)
 00:00:24 | ECBS RandomHop mutated 2/12 agent paths [SUPPRESSED] (cumulative=16)
 00:00:24 | ECBS RandomHop mutated 2/12 agent paths [SUPPRESSED] (cumulative=18)
 00:00:24 | ECBS RandomHop mutated 2/13 agent paths [SUPPRESSED] (cumulative=20)
 00:00:24 | ECBS RandomHop mutated 2/12 agent paths [SUPPRESSED] (cumulative=22)
 00:00:24 | ECBS RandomHop mutated 2/11 agent paths [SUPPRESSED] (cumulative=24)
 00:00:24 | ECBS RandomHop mutated 2/10 agent paths [SUPPRESSED] (cumulative=26)
 00:00:24 | ECBS RandomHop mutated 2/10 agent paths [SUPPRESSED] (cumulative=28)
 00:00:24 | ECBS RandomHop mutated 2/10 agent paths [SUPPRESSED] (cumulative=30)
 00:00:24 | ECBS RandomHop mutated 2/11 agent paths [SUPPRESSED] (cumulative=32)
 00:00:24 | ECBS RandomHop mutated 2/12 agent paths [SUPPRESSED] (cumulative=34)
 00:00:25 | ECBS RandomHop mutated 2/10 agent paths [SUPPRESSED] (cumulative=36)
 00:00:25 | ECBS RandomHop mutated 2/10 agent paths [SUPPRESSED] (cumulative=38)
 00:00:25 | ECBS RandomHop mutated 2/10 agent paths [SUPPRESSED] (cumulative=40)
 00:00:25 | 00:00:51 | 0.00:09:51 |  32.86%  |   125   |   164    | 71%  |   5417   |   0    | 152.52MB  
 00:00:25 | ECBS RandomHop mutated 2/11 agent paths [SUPPRESSED] (cumulative=42)
 00:00:25 | ECBS RandomHop mutated 2/11 agent paths [SUPPRESSED] (cumulative=44)
 00:00:25 | ECBS RandomHop mutated 2/11 agent paths [SUPPRESSED] (cumulative=46)
 00:00:25 | ECBS RandomHop mutated 3/11 agent paths [SUPPRESSED] (cumulative=49)
 00:00:25 | ECBS RandomHop mutated 3/11 agent paths [SUPPRESSED] (cumulative=52)
 00:00:25 | ECBS RandomHop mutated 3/11 agent paths [SUPPRESSED] (cumulative=55)
 00:00:25 | ECBS RandomHop mutated 3/12 agent paths [SUPPRESSED] (cumulative=58)
 00:00:25 | ECBS RandomHop mutated 3/10 agent paths [SUPPRESSED] (cumulative=61)
 00:00:25 | ECBS RandomHop mutated 3/11 agent paths [SUPPRESSED] (cumulative=64)
 00:00:25 | WARNING! Aborting ECBS - could not obtain an initial solution for the following agents: Agent2(256->92)
 00:00:25 | ECBS RandomHop mutated 3/11 agent paths [SUPPRESSED] (cumulative=67)
 00:00:25 | WARNING! Aborting ECBS - could not obtain an initial solution for the following agents: Agent21(258->115)
 00:00:25 | ECBS RandomHop mutated 3/16 agent paths [SUPPRESSED] (cumulative=70)
 00:00:26 | ECBS RandomHop mutated 3/16 agent paths [SUPPRESSED] (cumulative=73)
 00:00:26 | ECBS RandomHop mutated 3/16 agent paths [SUPPRESSED] (cumulative=76)
 00:00:26 | ECBS RandomHop mutated 3/16 agent paths [SUPPRESSED] (cumulative=79)
 00:00:26 | WARNING! Aborting ECBS - could not obtain an initial solution for the following agents: Agent6(75->1056)
 00:00:26 | ECBS RandomHop mutated 3/16 agent paths [SUPPRESSED] (cumulative=82)
 00:00:26 | WARNING! Aborting ECBS - could not obtain an initial solution for the following agents: Agent23(1784->11)
 00:00:26 | ECBS RandomHop mutated 3/15 agent paths [SUPPRESSED] (cumulative=85)
 00:00:26 | ECBS RandomHop mutated 3/14 agent paths [SUPPRESSED] (cumulative=88)
 00:00:26 | ECBS RandomHop mutated 3/14 agent paths [SUPPRESSED] (cumulative=91)
 00:00:26 | ECBS RandomHop mutated 3/14 agent paths [SUPPRESSED] (cumulative=94)
 00:00:26 | ECBS RandomHop mutated 3/13 agent paths [SUPPRESSED] (cumulative=97)
 00:00:26 | ECBS RandomHop mutated 3/13 agent paths [SUPPRESSED] (cumulative=100)
 00:00:26 | WARNING! Aborting ECBS - could not obtain an initial solution for the following agents: Agent23(1784->11)
 00:00:26 | ECBS RandomHop mutated 3/14 agent paths [SUPPRESSED] (cumulative=103)
 00:00:26 | ECBS RandomHop mutated 3/14 agent paths [SUPPRESSED] (cumulative=106)
 00:00:26 | WARNING! Aborting ECBS - could not obtain an initial solution for the following agents: Agent20(443->153)
 00:00:26 | ECBS RandomHop mutated 3/14 agent paths [SUPPRESSED] (cumulative=109)
 00:00:26 | ECBS RandomHop mutated 3/13 agent paths [SUPPRESSED] (cumulative=112)
 00:00:27 | ECBS RandomHop mutated 3/14 agent paths [SUPPRESSED] (cumulative=115)
 00:00:27 | ECBS RandomHop mutated 3/14 agent paths [SUPPRESSED] (cumulative=118)
 00:00:27 | WARNING! Aborting ECBS - could not obtain an initial solution for the following agents: Agent14(833->52)
 00:00:27 | ECBS RandomHop mutated 3/13 agent paths [SUPPRESSED] (cumulative=121)
 00:00:27 | ECBS RandomHop mutated 3/12 agent paths [SUPPRESSED] (cumulative=124)
 00:00:27 | WARNING! Aborting ECBS - could not obtain an initial solution for the following agents: Agent8(15->399)
 00:00:27 | ECBS RandomHop mutated 3/12 agent paths [SUPPRESSED] (cumulative=127)
 00:00:27 | ECBS RandomHop mutated 3/12 agent paths [SUPPRESSED] (cumulative=130)
 00:00:27 | ECBS RandomHop mutated 3/10 agent paths [SUPPRESSED] (cumulative=133)
 00:00:27 | ECBS RandomHop mutated 3/11 agent paths [SUPPRESSED] (cumulative=136)
 00:00:27 | ECBS RandomHop mutated 3/11 agent paths [SUPPRESSED] (cumulative=139)
 00:00:27 | ECBS RandomHop mutated 3/10 agent paths [SUPPRESSED] (cumulative=142)
 00:00:27 | ECBS RandomHop mutated 3/10 agent paths [SUPPRESSED] (cumulative=145)
 00:00:27 | ECBS RandomHop mutated 3/10 agent paths [SUPPRESSED] (cumulative=148)
 00:00:27 | ECBS RandomHop mutated 3/11 agent paths [SUPPRESSED] (cumulative=151)
 00:00:27 | ECBS RandomHop mutated 3/11 agent paths [SUPPRESSED] (cumulative=154)
 00:00:27 | ECBS RandomHop mutated 3/13 agent paths [SUPPRESSED] (cumulative=157)
 00:00:27 | ECBS RandomHop mutated 3/12 agent paths [SUPPRESSED] (cumulative=160)
 00:00:27 | ECBS RandomHop mutated 3/14 agent paths [SUPPRESSED] (cumulative=163)
 00:00:27 | ECBS RandomHop mutated 3/14 agent paths [SUPPRESSED] (cumulative=166)
 00:00:27 | ECBS RandomHop mutated 3/14 agent paths [SUPPRESSED] (cumulative=169)
 00:00:27 | ECBS RandomHop mutated 3/14 agent paths [SUPPRESSED] (cumulative=172)
 00:00:27 | ECBS RandomHop mutated 3/13 agent paths [SUPPRESSED] (cumulative=175)
 00:00:27 | ECBS RandomHop mutated 3/12 agent paths [SUPPRESSED] (cumulative=178)
 00:00:27 | ECBS RandomHop mutated 3/12 agent paths [SUPPRESSED] (cumulative=181)
 00:00:27 | ECBS RandomHop mutated 3/12 agent paths [SUPPRESSED] (cumulative=184)
 00:00:28 | ECBS RandomHop mutated 3/12 agent paths [SUPPRESSED] (cumulative=187)
 00:00:28 | ECBS RandomHop mutated 3/12 agent paths [SUPPRESSED] (cumulative=190)
 00:00:28 | ECBS RandomHop mutated 3/11 agent paths [SUPPRESSED] (cumulative=193)
 00:00:28 | ECBS RandomHop mutated 3/11 agent paths [SUPPRESSED] (cumulative=196)
 00:00:28 | ECBS RandomHop mutated 3/11 agent paths [SUPPRESSED] (cumulative=199)
 00:00:28 | ECBS RandomHop mutated 3/12 agent paths [SUPPRESSED] (cumulative=202)
 00:00:28 | ECBS RandomHop mutated 3/12 agent paths [SUPPRESSED] (cumulative=205)
 00:00:28 | ECBS RandomHop mutated 3/12 agent paths [SUPPRESSED] (cumulative=208)
 00:00:28 | ECBS RandomHop mutated 3/11 agent paths [SUPPRESSED] (cumulative=211)
 00:00:28 | ECBS RandomHop mutated 3/10 agent paths [SUPPRESSED] (cumulative=214)
 00:00:28 | ECBS RandomHop mutated 3/10 agent paths [SUPPRESSED] (cumulative=217)
 00:00:28 | ECBS RandomHop mutated 3/9 agent paths [SUPPRESSED] (cumulative=220)
 00:00:28 | ECBS RandomHop mutated 3/9 agent paths [SUPPRESSED] (cumulative=223)
 00:00:28 | ECBS RandomHop mutated 3/9 agent paths [SUPPRESSED] (cumulative=226)
 00:00:28 | ECBS RandomHop mutated 3/9 agent paths [SUPPRESSED] (cumulative=229)
 00:00:28 | ECBS RandomHop mutated 3/9 agent paths [SUPPRESSED] (cumulative=232)
 00:00:28 | ECBS RandomHop mutated 3/10 agent paths [SUPPRESSED] (cumulative=235)
 00:00:28 | ECBS RandomHop mutated 3/11 agent paths [SUPPRESSED] (cumulative=238)
 00:00:28 | ECBS RandomHop mutated 3/11 agent paths [SUPPRESSED] (cumulative=241)
 00:00:28 | ECBS RandomHop mutated 3/11 agent paths [SUPPRESSED] (cumulative=244)
 00:00:28 | ECBS RandomHop mutated 3/11 agent paths [SUPPRESSED] (cumulative=247)
 00:00:28 | ECBS RandomHop mutated 3/10 agent paths [SUPPRESSED] (cumulative=250)
 00:00:28 | ECBS RandomHop mutated 3/9 agent paths [SUPPRESSED] (cumulative=253)
 00:00:28 | ECBS RandomHop mutated 3/9 agent paths [SUPPRESSED] (cumulative=256)
 00:00:28 | ECBS RandomHop mutated 3/9 agent paths [SUPPRESSED] (cumulative=259)
 00:00:28 | ECBS RandomHop mutated 3/9 agent paths [SUPPRESSED] (cumulative=262)
 00:00:28 | ECBS RandomHop mutated 3/9 agent paths [SUPPRESSED] (cumulative=265)
 00:00:28 | ECBS RandomHop mutated 3/10 agent paths [SUPPRESSED] (cumulative=268)
 00:00:28 | ECBS RandomHop mutated 3/10 agent paths [SUPPRESSED] (cumulative=271)
 00:00:28 | ECBS RandomHop mutated 3/11 agent paths [SUPPRESSED] (cumulative=274)
 00:00:28 | ECBS RandomHop mutated 3/11 agent paths [SUPPRESSED] (cumulative=277)
 00:00:28 | ECBS RandomHop mutated 3/11 agent paths [SUPPRESSED] (cumulative=280)
 00:00:28 | ECBS RandomHop mutated 3/12 agent paths [SUPPRESSED] (cumulative=283)
 00:00:28 | ECBS RandomHop mutated 3/11 agent paths [SUPPRESSED] (cumulative=286)
 00:00:28 | ECBS RandomHop mutated 3/11 agent paths [SUPPRESSED] (cumulative=289)
 00:00:28 | ECBS RandomHop mutated 3/9 agent paths [SUPPRESSED] (cumulative=292)
 00:00:28 | ECBS RandomHop mutated 3/10 agent paths [SUPPRESSED] (cumulative=295)
 00:00:28 | ECBS RandomHop mutated 3/10 agent paths [SUPPRESSED] (cumulative=298)
 00:00:28 | ECBS RandomHop mutated 3/10 agent paths [SUPPRESSED] (cumulative=301)
 00:00:28 | ECBS RandomHop mutated 3/10 agent paths [SUPPRESSED] (cumulative=304)
 00:00:28 | ECBS RandomHop mutated 3/10 agent paths [SUPPRESSED] (cumulative=307)
 00:00:28 | ECBS RandomHop mutated 3/11 agent paths [SUPPRESSED] (cumulative=310)
 00:00:29 | ECBS RandomHop mutated 3/12 agent paths [SUPPRESSED] (cumulative=313)
 00:00:29 | ECBS RandomHop mutated 3/11 agent paths [SUPPRESSED] (cumulative=316)
 00:00:29 | ECBS RandomHop mutated 3/10 agent paths [SUPPRESSED] (cumulative=319)
 00:00:29 | ECBS RandomHop mutated 3/9 agent paths [SUPPRESSED] (cumulative=322)
 00:00:29 | ECBS RandomHop mutated 3/8 agent paths [SUPPRESSED] (cumulative=325)
 00:00:29 | ECBS RandomHop mutated 3/9 agent paths [SUPPRESSED] (cumulative=328)
 00:00:29 | ECBS RandomHop mutated 3/10 agent paths [SUPPRESSED] (cumulative=331)
 00:00:29 | ECBS RandomHop mutated 3/10 agent paths [SUPPRESSED] (cumulative=334)
 00:00:29 | ECBS RandomHop mutated 3/10 agent paths [SUPPRESSED] (cumulative=337)
 00:00:29 | ECBS RandomHop mutated 3/9 agent paths [SUPPRESSED] (cumulative=340)
 00:00:29 | ECBS RandomHop mutated 3/9 agent paths [SUPPRESSED] (cumulative=343)
 00:00:29 | ECBS RandomHop mutated 3/10 agent paths [SUPPRESSED] (cumulative=346)
 00:00:29 | ECBS RandomHop mutated 3/10 agent paths [SUPPRESSED] (cumulative=349)
 00:00:29 | ECBS RandomHop mutated 3/10 agent paths [SUPPRESSED] (cumulative=352)
 00:00:29 | ECBS RandomHop mutated 3/9 agent paths [SUPPRESSED] (cumulative=355)
 00:00:29 | ECBS RandomHop mutated 3/10 agent paths [SUPPRESSED] (cumulative=358)
 00:00:29 | ECBS RandomHop mutated 3/9 agent paths [SUPPRESSED] (cumulative=361)
 00:00:29 | ECBS RandomHop mutated 3/9 agent paths [SUPPRESSED] (cumulative=364)
 00:00:29 | ECBS RandomHop mutated 3/9 agent paths [SUPPRESSED] (cumulative=367)
 00:00:29 | ECBS RandomHop mutated 3/9 agent paths [SUPPRESSED] (cumulative=370)
 00:00:29 | ECBS RandomHop mutated 3/9 agent paths [SUPPRESSED] (cumulative=373)
 00:00:29 | ECBS RandomHop mutated 3/9 agent paths [SUPPRESSED] (cumulative=376)
 00:00:29 | ECBS RandomHop mutated 3/10 agent paths [SUPPRESSED] (cumulative=379)
 00:00:29 | ECBS RandomHop mutated 3/10 agent paths [SUPPRESSED] (cumulative=382)
 00:00:29 | ECBS RandomHop mutated 3/10 agent paths [SUPPRESSED] (cumulative=385)
 00:00:29 | ECBS RandomHop mutated 3/11 agent paths [SUPPRESSED] (cumulative=388)
 00:00:29 | ECBS RandomHop mutated 3/11 agent paths [SUPPRESSED] (cumulative=391)
 00:00:29 | ECBS RandomHop mutated 3/10 agent paths [SUPPRESSED] (cumulative=394)
 00:00:29 | ECBS RandomHop mutated 3/10 agent paths [SUPPRESSED] (cumulative=397)
 00:00:29 | ECBS RandomHop mutated 3/11 agent paths [SUPPRESSED] (cumulative=400)
 00:00:29 | ECBS RandomHop mutated 3/11 agent paths [SUPPRESSED] (cumulative=403)
 00:00:29 | ECBS RandomHop mutated 3/11 agent paths [SUPPRESSED] (cumulative=406)
 00:00:29 | ECBS RandomHop mutated 3/10 agent paths [SUPPRESSED] (cumulative=409)
 00:00:29 | ECBS RandomHop mutated 3/11 agent paths [SUPPRESSED] (cumulative=412)
 00:00:29 | ECBS RandomHop mutated 3/11 agent paths [SUPPRESSED] (cumulative=415)
 00:00:29 | ECBS RandomHop mutated 3/11 agent paths [SUPPRESSED] (cumulative=418)
 00:00:29 | ECBS RandomHop mutated 3/12 agent paths [SUPPRESSED] (cumulative=421)
 00:00:29 | ECBS RandomHop mutated 3/12 agent paths [SUPPRESSED] (cumulative=424)
 00:00:29 | ECBS RandomHop mutated 3/12 agent paths [SUPPRESSED] (cumulative=427)
 00:00:29 | ECBS RandomHop mutated 3/13 agent paths [SUPPRESSED] (cumulative=430)
 00:00:29 | ECBS RandomHop mutated 3/13 agent paths [SUPPRESSED] (cumulative=433)
 00:00:29 | ECBS RandomHop mutated 3/13 agent paths [SUPPRESSED] (cumulative=436)
 00:00:29 | ECBS RandomHop mutated 3/13 agent paths [SUPPRESSED] (cumulative=439)
 00:00:29 | ECBS RandomHop mutated 3/11 agent paths [SUPPRESSED] (cumulative=442)
 00:00:29 | ECBS RandomHop mutated 3/10 agent paths [SUPPRESSED] (cumulative=445)
 00:00:29 | ECBS RandomHop mutated 3/10 agent paths [SUPPRESSED] (cumulative=448)
 00:00:29 | ECBS RandomHop mutated 3/11 agent paths [SUPPRESSED] (cumulative=451)
 00:00:29 | ECBS RandomHop mutated 3/11 agent paths [SUPPRESSED] (cumulative=454)
 00:00:29 | ECBS RandomHop mutated 3/11 agent paths [SUPPRESSED] (cumulative=457)
 00:00:29 | ECBS RandomHop mutated 3/11 agent paths [SUPPRESSED] (cumulative=460)
 00:00:29 | ECBS RandomHop mutated 3/12 agent paths [SUPPRESSED] (cumulative=463)
 00:00:29 | ECBS RandomHop mutated 3/11 agent paths [SUPPRESSED] (cumulative=466)
 00:00:29 | ECBS RandomHop mutated 3/12 agent paths [SUPPRESSED] (cumulative=469)
 00:00:29 | ECBS RandomHop mutated 3/13 agent paths [SUPPRESSED] (cumulative=472)
 00:00:29 | ECBS RandomHop mutated 3/13 agent paths [SUPPRESSED] (cumulative=475)
 00:00:29 | ECBS RandomHop mutated 3/13 agent paths [SUPPRESSED] (cumulative=478)
 00:00:29 | ECBS RandomHop mutated 3/13 agent paths [SUPPRESSED] (cumulative=481)
 00:00:30 | ECBS RandomHop mutated 3/13 agent paths [SUPPRESSED] (cumulative=484)
 00:00:30 | ECBS RandomHop mutated 3/13 agent paths [SUPPRESSED] (cumulative=487)
 00:00:30 | ECBS RandomHop mutated 3/11 agent paths [SUPPRESSED] (cumulative=490)
 00:00:30 | ECBS RandomHop mutated 3/12 agent paths [SUPPRESSED] (cumulative=493)
 00:00:30 | ECBS RandomHop mutated 3/12 agent paths [SUPPRESSED] (cumulative=496)
 00:00:30 | ECBS RandomHop mutated 3/11 agent paths [SUPPRESSED] (cumulative=499)
 00:00:30 | ECBS RandomHop mutated 3/10 agent paths [SUPPRESSED] (cumulative=502)
 00:00:30 | 00:00:41 | 0.00:12:32 |  41.80%  |   154   |   217    | 72%  |   6535   |   0    | 152.21MB  
 00:00:30 | ECBS RandomHop mutated 3/9 agent paths [SUPPRESSED] (cumulative=505)
 00:00:30 | ECBS RandomHop mutated 3/9 agent paths [SUPPRESSED] (cumulative=508)
 00:00:30 | ECBS RandomHop mutated 3/9 agent paths [SUPPRESSED] (cumulative=511)
 00:00:30 | ECBS RandomHop mutated 3/9 agent paths [SUPPRESSED] (cumulative=514)
 00:00:30 | ECBS RandomHop mutated 3/10 agent paths [SUPPRESSED] (cumulative=517)
 00:00:30 | ECBS RandomHop mutated 3/10 agent paths [SUPPRESSED] (cumulative=520)
 00:00:30 | ECBS RandomHop mutated 3/10 agent paths [SUPPRESSED] (cumulative=523)
 00:00:30 | ECBS RandomHop mutated 3/11 agent paths [SUPPRESSED] (cumulative=526)
 00:00:30 | WARNING! Aborting ECBS - could not obtain an initial solution for the following agents: Agent5(519->1675)
 00:00:30 | ECBS RandomHop mutated 3/9 agent paths [SUPPRESSED] (cumulative=529)
 00:00:30 | ECBS RandomHop mutated 3/10 agent paths [SUPPRESSED] (cumulative=532)
 00:00:30 | ECBS RandomHop mutated 3/11 agent paths [SUPPRESSED] (cumulative=535)
 00:00:30 | ECBS RandomHop mutated 3/12 agent paths [SUPPRESSED] (cumulative=538)
 00:00:30 | ECBS RandomHop mutated 3/12 agent paths [SUPPRESSED] (cumulative=541)
 00:00:30 | ECBS RandomHop mutated 3/11 agent paths [SUPPRESSED] (cumulative=544)
 00:00:30 | ECBS RandomHop mutated 3/10 agent paths [SUPPRESSED] (cumulative=547)
 00:00:30 | ECBS RandomHop mutated 3/11 agent paths [SUPPRESSED] (cumulative=550)
 00:00:30 | ECBS RandomHop mutated 3/13 agent paths [SUPPRESSED] (cumulative=553)
 00:00:30 | ECBS RandomHop mutated 3/13 agent paths [SUPPRESSED] (cumulative=556)
 00:00:30 | ECBS RandomHop mutated 3/13 agent paths [SUPPRESSED] (cumulative=559)
 00:00:30 | ECBS RandomHop mutated 3/12 agent paths [SUPPRESSED] (cumulative=562)
 00:00:30 | ECBS RandomHop mutated 3/11 agent paths [SUPPRESSED] (cumulative=565)
 00:00:30 | ECBS RandomHop mutated 3/10 agent paths [SUPPRESSED] (cumulative=568)
 00:00:30 | ECBS RandomHop mutated 3/10 agent paths [SUPPRESSED] (cumulative=571)
 00:00:30 | ECBS RandomHop mutated 3/11 agent paths [SUPPRESSED] (cumulative=574)
 00:00:30 | ECBS RandomHop mutated 3/11 agent paths [SUPPRESSED] (cumulative=577)
 00:00:30 | ECBS RandomHop mutated 3/11 agent paths [SUPPRESSED] (cumulative=580)
 00:00:31 | ECBS RandomHop mutated 3/11 agent paths [SUPPRESSED] (cumulative=583)
 00:00:31 | ECBS RandomHop mutated 3/11 agent paths [SUPPRESSED] (cumulative=586)
 00:00:31 | ECBS RandomHop mutated 3/11 agent paths [SUPPRESSED] (cumulative=589)
 00:00:31 | ECBS RandomHop mutated 3/11 agent paths [SUPPRESSED] (cumulative=592)
 00:00:31 | ECBS RandomHop mutated 3/11 agent paths [SUPPRESSED] (cumulative=595)
 00:00:31 | ECBS RandomHop mutated 3/10 agent paths [SUPPRESSED] (cumulative=598)
 00:00:31 | ECBS RandomHop mutated 3/11 agent paths [SUPPRESSED] (cumulative=601)
 00:00:31 | ECBS RandomHop mutated 3/11 agent paths [SUPPRESSED] (cumulative=604)
 00:00:31 | ECBS RandomHop mutated 3/12 agent paths [SUPPRESSED] (cumulative=607)
 00:00:31 | ECBS RandomHop mutated 3/12 agent paths [SUPPRESSED] (cumulative=610)
 00:00:31 | ECBS RandomHop mutated 3/12 agent paths [SUPPRESSED] (cumulative=613)
 00:00:31 | ECBS RandomHop mutated 3/11 agent paths [SUPPRESSED] (cumulative=616)
 00:00:31 | ECBS RandomHop mutated 3/12 agent paths [SUPPRESSED] (cumulative=619)
 00:00:31 | ECBS RandomHop mutated 3/12 agent paths [SUPPRESSED] (cumulative=622)
 00:00:31 | ECBS RandomHop mutated 3/12 agent paths [SUPPRESSED] (cumulative=625)
 00:00:31 | ECBS RandomHop mutated 3/13 agent paths [SUPPRESSED] (cumulative=628)
 00:00:31 | ECBS RandomHop mutated 3/13 agent paths [SUPPRESSED] (cumulative=631)
 00:00:31 | ECBS RandomHop mutated 3/13 agent paths [SUPPRESSED] (cumulative=634)
 00:00:31 | ECBS RandomHop mutated 3/13 agent paths [SUPPRESSED] (cumulative=637)
 00:00:31 | ECBS RandomHop mutated 3/12 agent paths [SUPPRESSED] (cumulative=640)
 00:00:31 | ECBS RandomHop mutated 3/13 agent paths [SUPPRESSED] (cumulative=643)
 00:00:31 | ECBS RandomHop mutated 3/13 agent paths [SUPPRESSED] (cumulative=646)
 00:00:31 | ECBS RandomHop mutated 3/12 agent paths [SUPPRESSED] (cumulative=649)
 00:00:31 | ECBS RandomHop mutated 3/13 agent paths [SUPPRESSED] (cumulative=652)
 00:00:31 | ECBS RandomHop mutated 3/12 agent paths [SUPPRESSED] (cumulative=655)
 00:00:31 | ECBS RandomHop mutated 3/13 agent paths [SUPPRESSED] (cumulative=658)
 00:00:31 | ECBS RandomHop mutated 3/13 agent paths [SUPPRESSED] (cumulative=661)
 00:00:31 | ECBS RandomHop mutated 3/15 agent paths [SUPPRESSED] (cumulative=664)
 00:00:31 | ECBS RandomHop mutated 3/15 agent paths [SUPPRESSED] (cumulative=667)
 00:00:31 | ECBS RandomHop mutated 3/15 agent paths [SUPPRESSED] (cumulative=670)
 00:00:31 | ECBS RandomHop mutated 3/16 agent paths [SUPPRESSED] (cumulative=673)
 00:00:31 | ECBS RandomHop mutated 3/16 agent paths [SUPPRESSED] (cumulative=676)
 00:00:31 | ECBS RandomHop mutated 3/17 agent paths [SUPPRESSED] (cumulative=679)
 00:00:31 | ECBS RandomHop mutated 3/16 agent paths [SUPPRESSED] (cumulative=682)
 00:00:31 | ECBS RandomHop mutated 3/17 agent paths [SUPPRESSED] (cumulative=685)
 00:00:31 | ECBS RandomHop mutated 3/17 agent paths [SUPPRESSED] (cumulative=688)
 00:00:31 | ECBS RandomHop mutated 3/18 agent paths [SUPPRESSED] (cumulative=691)
 00:00:31 | ECBS RandomHop mutated 3/18 agent paths [SUPPRESSED] (cumulative=694)
 00:00:31 | ECBS RandomHop mutated 3/18 agent paths [SUPPRESSED] (cumulative=697)
 00:00:31 | ECBS RandomHop mutated 3/17 agent paths [SUPPRESSED] (cumulative=700)
 00:00:31 | ECBS RandomHop mutated 3/17 agent paths [SUPPRESSED] (cumulative=703)
 00:00:31 | ECBS RandomHop mutated 3/16 agent paths [SUPPRESSED] (cumulative=706)
 00:00:31 | ECBS RandomHop mutated 3/15 agent paths [SUPPRESSED] (cumulative=709)
 00:00:31 | ECBS RandomHop mutated 3/15 agent paths [SUPPRESSED] (cumulative=712)
 00:00:31 | ECBS RandomHop mutated 3/16 agent paths [SUPPRESSED] (cumulative=715)
 00:00:31 | ECBS RandomHop mutated 3/16 agent paths [SUPPRESSED] (cumulative=718)
 00:00:31 | ECBS RandomHop mutated 3/15 agent paths [SUPPRESSED] (cumulative=721)
 00:00:31 | ECBS RandomHop mutated 3/15 agent paths [SUPPRESSED] (cumulative=724)
 00:00:31 | ECBS RandomHop mutated 3/14 agent paths [SUPPRESSED] (cumulative=727)
 00:00:32 | ECBS RandomHop mutated 3/14 agent paths [SUPPRESSED] (cumulative=730)
 00:00:32 | ECBS RandomHop mutated 3/14 agent paths [SUPPRESSED] (cumulative=733)
 00:00:32 | ECBS RandomHop mutated 3/14 agent paths [SUPPRESSED] (cumulative=736)
 00:00:32 | ECBS RandomHop mutated 3/14 agent paths [SUPPRESSED] (cumulative=739)
 00:00:32 | ECBS RandomHop mutated 3/13 agent paths [SUPPRESSED] (cumulative=742)
 00:00:32 | ECBS RandomHop mutated 3/12 agent paths [SUPPRESSED] (cumulative=745)
 00:00:32 | ECBS RandomHop mutated 3/12 agent paths [SUPPRESSED] (cumulative=748)
 00:00:32 | ECBS RandomHop mutated 3/12 agent paths [SUPPRESSED] (cumulative=751)
 00:00:32 | ECBS RandomHop mutated 3/12 agent paths [SUPPRESSED] (cumulative=754)
 00:00:32 | ECBS RandomHop mutated 4/12 agent paths [SUPPRESSED] (cumulative=758)
 00:00:32 | ECBS RandomHop mutated 4/12 agent paths [SUPPRESSED] (cumulative=762)
 00:00:32 | ECBS RandomHop mutated 4/12 agent paths [SUPPRESSED] (cumulative=766)
 00:00:32 | ECBS RandomHop mutated 4/13 agent paths [SUPPRESSED] (cumulative=770)
 00:00:32 | ECBS RandomHop mutated 4/12 agent paths [SUPPRESSED] (cumulative=774)
 00:00:32 | ECBS RandomHop mutated 4/11 agent paths [SUPPRESSED] (cumulative=778)
 00:00:32 | ECBS RandomHop mutated 4/12 agent paths [SUPPRESSED] (cumulative=782)
 00:00:32 | ECBS RandomHop mutated 4/13 agent paths [SUPPRESSED] (cumulative=786)
 00:00:32 | ECBS RandomHop mutated 4/13 agent paths [SUPPRESSED] (cumulative=790)
 00:00:32 | ECBS RandomHop mutated 4/13 agent paths [SUPPRESSED] (cumulative=794)
 00:00:32 | ECBS RandomHop mutated 4/13 agent paths [SUPPRESSED] (cumulative=798)
 00:00:32 | ECBS RandomHop mutated 3/12 agent paths [SUPPRESSED] (cumulative=801)
 00:00:32 | ECBS RandomHop mutated 3/12 agent paths [SUPPRESSED] (cumulative=804)
 00:00:32 | ECBS RandomHop mutated 3/12 agent paths [SUPPRESSED] (cumulative=807)
 00:00:32 | ECBS RandomHop mutated 3/13 agent paths [SUPPRESSED] (cumulative=810)
 00:00:32 | ECBS RandomHop mutated 3/12 agent paths [SUPPRESSED] (cumulative=813)
 00:00:32 | ECBS RandomHop mutated 3/12 agent paths [SUPPRESSED] (cumulative=816)
 00:00:32 | ECBS RandomHop mutated 3/11 agent paths [SUPPRESSED] (cumulative=819)
 00:00:32 | ECBS RandomHop mutated 3/11 agent paths [SUPPRESSED] (cumulative=822)
 00:00:32 | ECBS RandomHop mutated 3/10 agent paths [SUPPRESSED] (cumulative=825)
 00:00:32 | ECBS RandomHop mutated 3/11 agent paths [SUPPRESSED] (cumulative=828)
 00:00:32 | ECBS RandomHop mutated 3/10 agent paths [SUPPRESSED] (cumulative=831)
 00:00:32 | ECBS RandomHop mutated 3/10 agent paths [SUPPRESSED] (cumulative=834)
 00:00:32 | ECBS RandomHop mutated 3/10 agent paths [SUPPRESSED] (cumulative=837)
 00:00:32 | ECBS RandomHop mutated 3/10 agent paths [SUPPRESSED] (cumulative=840)
 00:00:32 | ECBS RandomHop mutated 3/10 agent paths [SUPPRESSED] (cumulative=843)
 00:00:32 | ECBS RandomHop mutated 4/10 agent paths [SUPPRESSED] (cumulative=847)
 00:00:32 | ECBS RandomHop mutated 4/10 agent paths [SUPPRESSED] (cumulative=851)
 00:00:32 | ECBS RandomHop mutated 4/11 agent paths [SUPPRESSED] (cumulative=855)
 00:00:32 | ECBS RandomHop mutated 4/10 agent paths [SUPPRESSED] (cumulative=859)
 00:00:32 | ECBS RandomHop mutated 4/12 agent paths [SUPPRESSED] (cumulative=863)
 00:00:32 | ECBS RandomHop mutated 4/12 agent paths [SUPPRESSED] (cumulative=867)
 00:00:32 | ECBS RandomHop mutated 4/13 agent paths [SUPPRESSED] (cumulative=871)
 00:00:32 | ECBS RandomHop mutated 4/13 agent paths [SUPPRESSED] (cumulative=875)
 00:00:32 | ECBS RandomHop mutated 4/13 agent paths [SUPPRESSED] (cumulative=879)
 00:00:32 | ECBS RandomHop mutated 4/13 agent paths [SUPPRESSED] (cumulative=883)
 00:00:32 | ECBS RandomHop mutated 4/12 agent paths [SUPPRESSED] (cumulative=887)
 00:00:32 | ECBS RandomHop mutated 4/12 agent paths [SUPPRESSED] (cumulative=891)
 00:00:32 | ECBS RandomHop mutated 4/12 agent paths [SUPPRESSED] (cumulative=895)
 00:00:32 | ECBS RandomHop mutated 4/12 agent paths [SUPPRESSED] (cumulative=899)
 00:00:32 | ECBS RandomHop mutated 4/11 agent paths [SUPPRESSED] (cumulative=903)
 00:00:32 | ECBS RandomHop mutated 4/12 agent paths [SUPPRESSED] (cumulative=907)
 00:00:32 | ECBS RandomHop mutated 4/12 agent paths [SUPPRESSED] (cumulative=911)
 00:00:32 | ECBS RandomHop mutated 4/10 agent paths [SUPPRESSED] (cumulative=915)
 00:00:32 | ECBS RandomHop mutated 4/10 agent paths [SUPPRESSED] (cumulative=919)
 00:00:32 | ECBS RandomHop mutated 4/10 agent paths [SUPPRESSED] (cumulative=923)
 00:00:32 | ECBS RandomHop mutated 4/10 agent paths [SUPPRESSED] (cumulative=927)
 00:00:32 | ECBS RandomHop mutated 4/9 agent paths [SUPPRESSED] (cumulative=931)
 00:00:32 | ECBS RandomHop mutated 4/9 agent paths [SUPPRESSED] (cumulative=935)
 00:00:32 | ECBS RandomHop mutated 4/9 agent paths [SUPPRESSED] (cumulative=939)
 00:00:32 | ECBS RandomHop mutated 4/9 agent paths [SUPPRESSED] (cumulative=943)
 00:00:33 | ECBS RandomHop mutated 4/11 agent paths [SUPPRESSED] (cumulative=947)
 00:00:33 | ECBS RandomHop mutated 4/12 agent paths [SUPPRESSED] (cumulative=951)
 00:00:33 | ECBS RandomHop mutated 4/12 agent paths [SUPPRESSED] (cumulative=955)
 00:00:33 | ECBS RandomHop mutated 4/12 agent paths [SUPPRESSED] (cumulative=959)
 00:00:33 | ECBS RandomHop mutated 4/12 agent paths [SUPPRESSED] (cumulative=963)
 00:00:33 | ECBS RandomHop mutated 4/13 agent paths [SUPPRESSED] (cumulative=967)
 00:00:33 | ECBS RandomHop mutated 4/12 agent paths [SUPPRESSED] (cumulative=971)
 00:00:33 | ECBS RandomHop mutated 4/13 agent paths [SUPPRESSED] (cumulative=975)
 00:00:33 | ECBS RandomHop mutated 4/15 agent paths [SUPPRESSED] (cumulative=979)
 00:00:33 | ECBS RandomHop mutated 4/13 agent paths [SUPPRESSED] (cumulative=983)
 00:00:33 | ECBS RandomHop mutated 4/13 agent paths [SUPPRESSED] (cumulative=987)
 00:00:33 | ECBS RandomHop mutated 4/13 agent paths [SUPPRESSED] (cumulative=991)
 00:00:33 | ECBS RandomHop mutated 4/14 agent paths [SUPPRESSED] (cumulative=995)
 00:00:33 | ECBS RandomHop mutated 4/15 agent paths [SUPPRESSED] (cumulative=999)
 00:00:33 | ECBS RandomHop mutated 4/15 agent paths [SUPPRESSED] (cumulative=1003)
 00:00:33 | ECBS RandomHop mutated 4/14 agent paths [SUPPRESSED] (cumulative=1007)
 00:00:33 | ECBS RandomHop mutated 4/14 agent paths [SUPPRESSED] (cumulative=1011)
 00:00:33 | ECBS RandomHop mutated 4/14 agent paths [SUPPRESSED] (cumulative=1015)
 00:00:33 | ECBS RandomHop mutated 4/14 agent paths [SUPPRESSED] (cumulative=1019)
 00:00:33 | ECBS RandomHop mutated 4/13 agent paths [SUPPRESSED] (cumulative=1023)
 00:00:33 | ECBS RandomHop mutated 4/12 agent paths [SUPPRESSED] (cumulative=1027)
 00:00:33 | ECBS RandomHop mutated 4/12 agent paths [SUPPRESSED] (cumulative=1031)
 00:00:33 | ECBS RandomHop mutated 4/11 agent paths [SUPPRESSED] (cumulative=1035)
 00:00:33 | ECBS RandomHop mutated 4/12 agent paths [SUPPRESSED] (cumulative=1039)
 00:00:33 | ECBS RandomHop mutated 4/11 agent paths [SUPPRESSED] (cumulative=1043)
 00:00:33 | ECBS RandomHop mutated 4/11 agent paths [SUPPRESSED] (cumulative=1047)
 00:00:33 | ECBS RandomHop mutated 4/11 agent paths [SUPPRESSED] (cumulative=1051)
 00:00:33 | ECBS RandomHop mutated 4/11 agent paths [SUPPRESSED] (cumulative=1055)
 00:00:33 | ECBS RandomHop mutated 4/12 agent paths [SUPPRESSED] (cumulative=1059)
 00:00:33 | ECBS RandomHop mutated 4/12 agent paths [SUPPRESSED] (cumulative=1063)
 00:00:33 | ECBS RandomHop mutated 4/12 agent paths [SUPPRESSED] (cumulative=1067)
 00:00:33 | ECBS RandomHop mutated 4/13 agent paths [SUPPRESSED] (cumulative=1071)
 00:00:33 | ECBS RandomHop mutated 4/13 agent paths [SUPPRESSED] (cumulative=1075)
 00:00:33 | ECBS RandomHop mutated 4/13 agent paths [SUPPRESSED] (cumulative=1079)
 00:00:33 | ECBS RandomHop mutated 4/13 agent paths [SUPPRESSED] (cumulative=1083)
 00:00:33 | ECBS RandomHop mutated 4/13 agent paths [SUPPRESSED] (cumulative=1087)
 00:00:33 | ECBS RandomHop mutated 4/12 agent paths [SUPPRESSED] (cumulative=1091)
 00:00:33 | ECBS RandomHop mutated 4/11 agent paths [SUPPRESSED] (cumulative=1095)
 00:00:33 | ECBS RandomHop mutated 4/10 agent paths [SUPPRESSED] (cumulative=1099)
 00:00:33 | ECBS RandomHop mutated 4/11 agent paths [SUPPRESSED] (cumulative=1103)
 00:00:33 | ECBS RandomHop mutated 4/12 agent paths [SUPPRESSED] (cumulative=1107)
 00:00:33 | ECBS RandomHop mutated 4/12 agent paths [SUPPRESSED] (cumulative=1111)
 00:00:34 | ECBS RandomHop mutated 4/13 agent paths [SUPPRESSED] (cumulative=1115)
 00:00:34 | ECBS RandomHop mutated 4/13 agent paths [SUPPRESSED] (cumulative=1119)
 00:00:34 | ECBS RandomHop mutated 4/13 agent paths [SUPPRESSED] (cumulative=1123)
 00:00:34 | ECBS RandomHop mutated 4/13 agent paths [SUPPRESSED] (cumulative=1127)
 00:00:34 | ECBS RandomHop mutated 4/13 agent paths [SUPPRESSED] (cumulative=1131)
 00:00:34 | ECBS RandomHop mutated 4/12 agent paths [SUPPRESSED] (cumulative=1135)
 00:00:34 | ECBS RandomHop mutated 4/12 agent paths [SUPPRESSED] (cumulative=1139)
 00:00:34 | ECBS RandomHop mutated 4/11 agent paths [SUPPRESSED] (cumulative=1143)
 00:00:34 | ECBS RandomHop mutated 4/11 agent paths [SUPPRESSED] (cumulative=1147)
 00:00:34 | ECBS RandomHop mutated 4/11 agent paths [SUPPRESSED] (cumulative=1151)
 00:00:34 | ECBS RandomHop mutated 4/11 agent paths [SUPPRESSED] (cumulative=1155)
 00:00:34 | ECBS RandomHop mutated 4/6 agent paths [SUPPRESSED] (cumulative=1159)
 00:00:34 | ECBS RandomHop mutated 4/7 agent paths [SUPPRESSED] (cumulative=1163)
 00:00:34 | ECBS RandomHop mutated 4/7 agent paths [SUPPRESSED] (cumulative=1167)
 00:00:34 | ECBS RandomHop mutated 4/8 agent paths [SUPPRESSED] (cumulative=1171)
 00:00:34 | ECBS RandomHop mutated 4/8 agent paths [SUPPRESSED] (cumulative=1175)
 00:00:34 | ECBS RandomHop mutated 4/8 agent paths [SUPPRESSED] (cumulative=1179)
 00:00:34 | ECBS RandomHop mutated 4/7 agent paths [SUPPRESSED] (cumulative=1183)
 00:00:34 | ECBS RandomHop mutated 4/7 agent paths [SUPPRESSED] (cumulative=1187)
 00:00:34 | ECBS RandomHop mutated 4/6 agent paths [SUPPRESSED] (cumulative=1191)
 00:00:34 | ECBS RandomHop mutated 4/7 agent paths [SUPPRESSED] (cumulative=1195)
 00:00:34 | ECBS RandomHop mutated 4/8 agent paths [SUPPRESSED] (cumulative=1199)
 00:00:34 | ECBS RandomHop mutated 4/9 agent paths [SUPPRESSED] (cumulative=1203)
 00:00:34 | ECBS RandomHop mutated 4/11 agent paths [SUPPRESSED] (cumulative=1207)
 00:00:34 | ECBS RandomHop mutated 4/10 agent paths [SUPPRESSED] (cumulative=1211)
 00:00:34 | ECBS RandomHop mutated 4/11 agent paths [SUPPRESSED] (cumulative=1215)
 00:00:34 | ECBS RandomHop mutated 4/11 agent paths [SUPPRESSED] (cumulative=1219)
 00:00:34 | ECBS RandomHop mutated 4/11 agent paths [SUPPRESSED] (cumulative=1223)
 00:00:34 | ECBS RandomHop mutated 4/11 agent paths [SUPPRESSED] (cumulative=1227)
 00:00:34 | ECBS RandomHop mutated 4/11 agent paths [SUPPRESSED] (cumulative=1231)
 00:00:34 | ECBS RandomHop mutated 4/10 agent paths [SUPPRESSED] (cumulative=1235)
 00:00:34 | ECBS RandomHop mutated 4/10 agent paths [SUPPRESSED] (cumulative=1239)
 00:00:34 | ECBS RandomHop mutated 4/10 agent paths [SUPPRESSED] (cumulative=1243)
 00:00:34 | ECBS RandomHop mutated 4/13 agent paths [SUPPRESSED] (cumulative=1247)
 00:00:34 | ECBS RandomHop mutated 4/13 agent paths [SUPPRESSED] (cumulative=1251)
 00:00:34 | ECBS RandomHop mutated 4/13 agent paths [SUPPRESSED] (cumulative=1255)
 00:00:34 | ECBS RandomHop mutated 4/13 agent paths [SUPPRESSED] (cumulative=1259)
 00:00:34 | ECBS RandomHop mutated 4/16 agent paths [SUPPRESSED] (cumulative=1263)
 00:00:35 | WARNING! Aborting ECBS - could not obtain an initial solution for the following agents: Agent0(24->23)
 00:00:35 | ECBS RandomHop mutated 4/15 agent paths [SUPPRESSED] (cumulative=1267)
 00:00:35 | WARNING! Aborting ECBS - could not obtain an initial solution for the following agents: Agent0(24->23)
 00:00:35 | ECBS RandomHop mutated 4/14 agent paths [SUPPRESSED] (cumulative=1271)
 00:00:35 | WARNING! Aborting ECBS - could not obtain an initial solution for the following agents: Agent0(24->23)
 00:00:35 | ECBS RandomHop mutated 4/14 agent paths [SUPPRESSED] (cumulative=1275)
 00:00:35 | WARNING! Aborting ECBS - could not obtain an initial solution for the following agents: Agent0(24->23)
 00:00:35 | ECBS RandomHop mutated 4/14 agent paths [SUPPRESSED] (cumulative=1279)
 00:00:35 | ECBS RandomHop mutated 4/13 agent paths [SUPPRESSED] (cumulative=1283)
 00:00:35 | ECBS RandomHop mutated 4/13 agent paths [SUPPRESSED] (cumulative=1287)
 00:00:35 | ECBS RandomHop mutated 4/14 agent paths [SUPPRESSED] (cumulative=1291)
 00:00:35 | ECBS RandomHop mutated 4/14 agent paths [SUPPRESSED] (cumulative=1295)
 00:00:35 | 00:00:29 | 0.00:16:25 |  54.73%  |   183   |   291    | 72%  |   8308   |   0    | 152.28MB  
 00:00:35 | ECBS RandomHop mutated 4/15 agent paths [SUPPRESSED] (cumulative=1299)
 00:00:35 | ECBS RandomHop mutated 4/15 agent paths [SUPPRESSED] (cumulative=1303)
 00:00:35 | ECBS RandomHop mutated 4/16 agent paths [SUPPRESSED] (cumulative=1307)
 00:00:35 | ECBS RandomHop mutated 4/16 agent paths [SUPPRESSED] (cumulative=1311)
 00:00:35 | ECBS RandomHop mutated 4/16 agent paths [SUPPRESSED] (cumulative=1315)
 00:00:35 | ECBS RandomHop mutated 4/16 agent paths [SUPPRESSED] (cumulative=1319)
 00:00:35 | ECBS RandomHop mutated 4/15 agent paths [SUPPRESSED] (cumulative=1323)
 00:00:35 | ECBS RandomHop mutated 4/14 agent paths [SUPPRESSED] (cumulative=1327)
 00:00:35 | ECBS RandomHop mutated 4/13 agent paths [SUPPRESSED] (cumulative=1331)
 00:00:35 | ECBS RandomHop mutated 4/12 agent paths [SUPPRESSED] (cumulative=1335)
 00:00:35 | ECBS RandomHop mutated 4/13 agent paths [SUPPRESSED] (cumulative=1339)
 00:00:35 | ECBS RandomHop mutated 4/14 agent paths [SUPPRESSED] (cumulative=1343)
 00:00:35 | ECBS RandomHop mutated 4/14 agent paths [SUPPRESSED] (cumulative=1347)
 00:00:35 | ECBS RandomHop mutated 4/14 agent paths [SUPPRESSED] (cumulative=1351)
 00:00:35 | ECBS RandomHop mutated 4/14 agent paths [SUPPRESSED] (cumulative=1355)
 00:00:35 | ECBS RandomHop mutated 4/14 agent paths [SUPPRESSED] (cumulative=1359)
 00:00:35 | ECBS RandomHop mutated 4/15 agent paths [SUPPRESSED] (cumulative=1363)
 00:00:35 | ECBS RandomHop mutated 4/14 agent paths [SUPPRESSED] (cumulative=1367)
 00:00:35 | ECBS RandomHop mutated 4/14 agent paths [SUPPRESSED] (cumulative=1371)
 00:00:35 | ECBS RandomHop mutated 4/14 agent paths [SUPPRESSED] (cumulative=1375)
 00:00:35 | ECBS RandomHop mutated 4/13 agent paths [SUPPRESSED] (cumulative=1379)
 00:00:35 | ECBS RandomHop mutated 4/12 agent paths [SUPPRESSED] (cumulative=1383)
 00:00:35 | ECBS RandomHop mutated 4/10 agent paths [SUPPRESSED] (cumulative=1387)
 00:00:35 | ECBS RandomHop mutated 4/9 agent paths [SUPPRESSED] (cumulative=1391)
 00:00:35 | ECBS RandomHop mutated 4/9 agent paths [SUPPRESSED] (cumulative=1395)
 00:00:35 | ECBS RandomHop mutated 4/9 agent paths [SUPPRESSED] (cumulative=1399)
 00:00:35 | ECBS RandomHop mutated 4/10 agent paths [SUPPRESSED] (cumulative=1403)
 00:00:35 | ECBS RandomHop mutated 4/10 agent paths [SUPPRESSED] (cumulative=1407)
 00:00:35 | ECBS RandomHop mutated 4/10 agent paths [SUPPRESSED] (cumulative=1411)
 00:00:35 | ECBS RandomHop mutated 4/10 agent paths [SUPPRESSED] (cumulative=1415)
 00:00:35 | ECBS RandomHop mutated 4/10 agent paths [SUPPRESSED] (cumulative=1419)
 00:00:35 | ECBS RandomHop mutated 4/10 agent paths [SUPPRESSED] (cumulative=1423)
 00:00:35 | ECBS RandomHop mutated 4/10 agent paths [SUPPRESSED] (cumulative=1427)
 00:00:35 | ECBS RandomHop mutated 4/9 agent paths [SUPPRESSED] (cumulative=1431)
 00:00:35 | ECBS RandomHop mutated 4/9 agent paths [SUPPRESSED] (cumulative=1435)
 00:00:35 | ECBS RandomHop mutated 4/9 agent paths [SUPPRESSED] (cumulative=1439)
 00:00:35 | ECBS RandomHop mutated 4/10 agent paths [SUPPRESSED] (cumulative=1443)
 00:00:35 | ECBS RandomHop mutated 4/10 agent paths [SUPPRESSED] (cumulative=1447)
 00:00:35 | ECBS RandomHop mutated 4/12 agent paths [SUPPRESSED] (cumulative=1451)
 00:00:35 | ECBS RandomHop mutated 4/12 agent paths [SUPPRESSED] (cumulative=1455)
 00:00:35 | ECBS RandomHop mutated 4/12 agent paths [SUPPRESSED] (cumulative=1459)
 00:00:35 | ECBS RandomHop mutated 4/12 agent paths [SUPPRESSED] (cumulative=1463)
 00:00:35 | ECBS RandomHop mutated 4/13 agent paths [SUPPRESSED] (cumulative=1467)
 00:00:35 | ECBS RandomHop mutated 4/11 agent paths [SUPPRESSED] (cumulative=1471)
 00:00:35 | ECBS RandomHop mutated 4/11 agent paths [SUPPRESSED] (cumulative=1475)
 00:00:35 | ECBS RandomHop mutated 4/11 agent paths [SUPPRESSED] (cumulative=1479)
 00:00:35 | ECBS RandomHop mutated 4/9 agent paths [SUPPRESSED] (cumulative=1483)
 00:00:35 | ECBS RandomHop mutated 4/9 agent paths [SUPPRESSED] (cumulative=1487)
 00:00:35 | ECBS RandomHop mutated 4/9 agent paths [SUPPRESSED] (cumulative=1491)
 00:00:35 | ECBS RandomHop mutated 4/10 agent paths [SUPPRESSED] (cumulative=1495)
 00:00:35 | ECBS RandomHop mutated 4/11 agent paths [SUPPRESSED] (cumulative=1499)
 00:00:35 | ECBS RandomHop mutated 4/11 agent paths [SUPPRESSED] (cumulative=1503)
 00:00:36 | ECBS RandomHop mutated 4/12 agent paths [SUPPRESSED] (cumulative=1507)
 00:00:36 | ECBS RandomHop mutated 4/12 agent paths [SUPPRESSED] (cumulative=1511)
 00:00:36 | ECBS RandomHop mutated 4/12 agent paths [SUPPRESSED] (cumulative=1515)
 00:00:36 | ECBS RandomHop mutated 4/13 agent paths [SUPPRESSED] (cumulative=1519)
 00:00:36 | ECBS RandomHop mutated 4/13 agent paths [SUPPRESSED] (cumulative=1523)
 00:00:36 | ECBS RandomHop mutated 4/13 agent paths [SUPPRESSED] (cumulative=1527)
 00:00:36 | ECBS RandomHop mutated 4/13 agent paths [SUPPRESSED] (cumulative=1531)
 00:00:36 | ECBS RandomHop mutated 4/12 agent paths [SUPPRESSED] (cumulative=1535)
 00:00:36 | ECBS RandomHop mutated 4/12 agent paths [SUPPRESSED] (cumulative=1539)
 00:00:36 | ECBS RandomHop mutated 4/12 agent paths [SUPPRESSED] (cumulative=1543)
 00:00:36 | ECBS RandomHop mutated 4/13 agent paths [SUPPRESSED] (cumulative=1547)
 00:00:36 | ECBS RandomHop mutated 4/11 agent paths [SUPPRESSED] (cumulative=1551)
 00:00:36 | ECBS RandomHop mutated 4/11 agent paths [SUPPRESSED] (cumulative=1555)
 00:00:36 | ECBS RandomHop mutated 4/12 agent paths [SUPPRESSED] (cumulative=1559)
 00:00:36 | ECBS RandomHop mutated 4/12 agent paths [SUPPRESSED] (cumulative=1563)
 00:00:36 | ECBS RandomHop mutated 4/12 agent paths [SUPPRESSED] (cumulative=1567)
 00:00:36 | ECBS RandomHop mutated 4/13 agent paths [SUPPRESSED] (cumulative=1571)
 00:00:36 | ECBS RandomHop mutated 4/12 agent paths [SUPPRESSED] (cumulative=1575)
 00:00:36 | ECBS RandomHop mutated 4/12 agent paths [SUPPRESSED] (cumulative=1579)
 00:00:36 | ECBS RandomHop mutated 4/12 agent paths [SUPPRESSED] (cumulative=1583)
 00:00:36 | ECBS RandomHop mutated 4/13 agent paths [SUPPRESSED] (cumulative=1587)
 00:00:36 | ECBS RandomHop mutated 4/13 agent paths [SUPPRESSED] (cumulative=1591)
 00:00:36 | ECBS RandomHop mutated 4/13 agent paths [SUPPRESSED] (cumulative=1595)
 00:00:36 | ECBS RandomHop mutated 4/13 agent paths [SUPPRESSED] (cumulative=1599)
 00:00:36 | ECBS RandomHop mutated 4/13 agent paths [SUPPRESSED] (cumulative=1603)
 00:00:36 | ECBS RandomHop mutated 4/12 agent paths [SUPPRESSED] (cumulative=1607)
 00:00:36 | ECBS RandomHop mutated 4/12 agent paths [SUPPRESSED] (cumulative=1611)
 00:00:36 | ECBS RandomHop mutated 4/13 agent paths [SUPPRESSED] (cumulative=1615)
 00:00:36 | ECBS RandomHop mutated 4/13 agent paths [SUPPRESSED] (cumulative=1619)
 00:00:36 | ECBS RandomHop mutated 4/13 agent paths [SUPPRESSED] (cumulative=1623)
 00:00:36 | ECBS RandomHop mutated 5/14 agent paths [SUPPRESSED] (cumulative=1628)
 00:00:36 | ECBS RandomHop mutated 4/12 agent paths [SUPPRESSED] (cumulative=1632)
 00:00:36 | ECBS RandomHop mutated 4/13 agent paths [SUPPRESSED] (cumulative=1636)
 00:00:36 | ECBS RandomHop mutated 4/13 agent paths [SUPPRESSED] (cumulative=1640)
 00:00:36 | ECBS RandomHop mutated 4/13 agent paths [SUPPRESSED] (cumulative=1644)
 00:00:36 | ECBS RandomHop mutated 4/14 agent paths [SUPPRESSED] (cumulative=1648)
 00:00:36 | ECBS RandomHop mutated 4/14 agent paths [SUPPRESSED] (cumulative=1652)
 00:00:36 | ECBS RandomHop mutated 4/14 agent paths [SUPPRESSED] (cumulative=1656)
 00:00:36 | ECBS RandomHop mutated 4/14 agent paths [SUPPRESSED] (cumulative=1660)
 00:00:36 | ECBS RandomHop mutated 4/15 agent paths [SUPPRESSED] (cumulative=1664)
 00:00:36 | ECBS RandomHop mutated 4/14 agent paths [SUPPRESSED] (cumulative=1668)
 00:00:36 | ECBS RandomHop mutated 4/14 agent paths [SUPPRESSED] (cumulative=1672)
 00:00:36 | ECBS RandomHop mutated 4/15 agent paths [SUPPRESSED] (cumulative=1676)
 00:00:36 | ECBS RandomHop mutated 4/15 agent paths [SUPPRESSED] (cumulative=1680)
 00:00:36 | ECBS RandomHop mutated 4/15 agent paths [SUPPRESSED] (cumulative=1684)
 00:00:36 | ECBS RandomHop mutated 4/15 agent paths [SUPPRESSED] (cumulative=1688)
 00:00:36 | ECBS RandomHop mutated 4/15 agent paths [SUPPRESSED] (cumulative=1692)
 00:00:36 | ECBS RandomHop mutated 4/15 agent paths [SUPPRESSED] (cumulative=1696)
 00:00:36 | ECBS RandomHop mutated 4/15 agent paths [SUPPRESSED] (cumulative=1700)
 00:00:36 | ECBS RandomHop mutated 4/15 agent paths [SUPPRESSED] (cumulative=1704)
 00:00:36 | ECBS RandomHop mutated 6/14 agent paths [SUPPRESSED] (cumulative=1710)
 00:00:36 | ECBS RandomHop mutated 6/14 agent paths [SUPPRESSED] (cumulative=1716)
 00:00:36 | ECBS RandomHop mutated 6/14 agent paths [SUPPRESSED] (cumulative=1722)
 00:00:36 | ECBS RandomHop mutated 6/15 agent paths [SUPPRESSED] (cumulative=1728)
 00:00:36 | ECBS RandomHop mutated 6/13 agent paths [SUPPRESSED] (cumulative=1734)
 00:00:36 | ECBS RandomHop mutated 6/12 agent paths [SUPPRESSED] (cumulative=1740)
 00:00:36 | ECBS RandomHop mutated 6/13 agent paths [SUPPRESSED] (cumulative=1746)
 00:00:36 | ECBS RandomHop mutated 6/13 agent paths [SUPPRESSED] (cumulative=1752)
 00:00:36 | ECBS RandomHop mutated 6/14 agent paths [SUPPRESSED] (cumulative=1758)
 00:00:36 | ECBS RandomHop mutated 6/13 agent paths [SUPPRESSED] (cumulative=1764)
 00:00:36 | ECBS RandomHop mutated 6/12 agent paths [SUPPRESSED] (cumulative=1770)
 00:00:36 | ECBS RandomHop mutated 6/12 agent paths [SUPPRESSED] (cumulative=1776)
 00:00:36 | ECBS RandomHop mutated 6/11 agent paths [SUPPRESSED] (cumulative=1782)
 00:00:36 | ECBS RandomHop mutated 6/12 agent paths [SUPPRESSED] (cumulative=1788)
 00:00:36 | ECBS RandomHop mutated 6/13 agent paths [SUPPRESSED] (cumulative=1794)
 00:00:36 | ECBS RandomHop mutated 6/13 agent paths [SUPPRESSED] (cumulative=1800)
 00:00:36 | ECBS RandomHop mutated 6/13 agent paths [SUPPRESSED] (cumulative=1806)
 00:00:36 | ECBS RandomHop mutated 6/13 agent paths [SUPPRESSED] (cumulative=1812)
 00:00:36 | ECBS RandomHop mutated 6/12 agent paths [SUPPRESSED] (cumulative=1818)
 00:00:36 | ECBS RandomHop mutated 6/13 agent paths [SUPPRESSED] (cumulative=1824)
 00:00:36 | ECBS RandomHop mutated 6/13 agent paths [SUPPRESSED] (cumulative=1830)
 00:00:37 | ECBS RandomHop mutated 6/13 agent paths [SUPPRESSED] (cumulative=1836)
 00:00:37 | ECBS RandomHop mutated 6/13 agent paths [SUPPRESSED] (cumulative=1842)
 00:00:37 | ECBS RandomHop mutated 6/13 agent paths [SUPPRESSED] (cumulative=1848)
 00:00:37 | ECBS RandomHop mutated 6/12 agent paths [SUPPRESSED] (cumulative=1854)
 00:00:37 | ECBS RandomHop mutated 6/12 agent paths [SUPPRESSED] (cumulative=1860)
 00:00:37 | ECBS RandomHop mutated 6/11 agent paths [SUPPRESSED] (cumulative=1866)
 00:00:37 | ECBS RandomHop mutated 6/13 agent paths [SUPPRESSED] (cumulative=1872)
 00:00:37 | ECBS RandomHop mutated 6/13 agent paths [SUPPRESSED] (cumulative=1878)
 00:00:37 | ECBS RandomHop mutated 6/13 agent paths [SUPPRESSED] (cumulative=1884)
 00:00:37 | ECBS RandomHop mutated 6/13 agent paths [SUPPRESSED] (cumulative=1890)
 00:00:37 | ECBS RandomHop mutated 6/14 agent paths [SUPPRESSED] (cumulative=1896)
 00:00:37 | ECBS RandomHop mutated 6/13 agent paths [SUPPRESSED] (cumulative=1902)
 00:00:37 | ECBS RandomHop mutated 6/13 agent paths [SUPPRESSED] (cumulative=1908)
 00:00:37 | ECBS RandomHop mutated 6/13 agent paths [SUPPRESSED] (cumulative=1914)
 00:00:37 | ECBS RandomHop mutated 6/13 agent paths [SUPPRESSED] (cumulative=1920)
 00:00:37 | ECBS RandomHop mutated 6/13 agent paths [SUPPRESSED] (cumulative=1926)
 00:00:37 | ECBS RandomHop mutated 6/13 agent paths [SUPPRESSED] (cumulative=1932)
 00:00:37 | ECBS RandomHop mutated 6/14 agent paths [SUPPRESSED] (cumulative=1938)
 00:00:37 | ECBS RandomHop mutated 6/13 agent paths [SUPPRESSED] (cumulative=1944)
 00:00:37 | ECBS RandomHop mutated 6/13 agent paths [SUPPRESSED] (cumulative=1950)
 00:00:37 | ECBS RandomHop mutated 6/13 agent paths [SUPPRESSED] (cumulative=1956)
 00:00:37 | ECBS RandomHop mutated 6/13 agent paths [SUPPRESSED] (cumulative=1962)
 00:00:37 | ECBS RandomHop mutated 6/13 agent paths [SUPPRESSED] (cumulative=1968)
 00:00:37 | ECBS RandomHop mutated 6/13 agent paths [SUPPRESSED] (cumulative=1974)
 00:00:37 | ECBS RandomHop mutated 6/12 agent paths [SUPPRESSED] (cumulative=1980)
 00:00:37 | ECBS RandomHop mutated 6/12 agent paths [SUPPRESSED] (cumulative=1986)
 00:00:37 | ECBS RandomHop mutated 6/12 agent paths [SUPPRESSED] (cumulative=1992)
 00:00:37 | ECBS RandomHop mutated 6/13 agent paths [SUPPRESSED] (cumulative=1998)
 00:00:37 | ECBS RandomHop mutated 6/13 agent paths [SUPPRESSED] (cumulative=2004)
 00:00:37 | ECBS RandomHop mutated 6/14 agent paths [SUPPRESSED] (cumulative=2010)
 00:00:37 | ECBS RandomHop mutated 6/13 agent paths [SUPPRESSED] (cumulative=2016)
 00:00:37 | ECBS RandomHop mutated 6/14 agent paths [SUPPRESSED] (cumulative=2022)
 00:00:37 | ECBS RandomHop mutated 6/14 agent paths [SUPPRESSED] (cumulative=2028)
 00:00:37 | ECBS RandomHop mutated 6/13 agent paths [SUPPRESSED] (cumulative=2034)
 00:00:37 | ECBS RandomHop mutated 6/14 agent paths [SUPPRESSED] (cumulative=2040)
 00:00:37 | ECBS RandomHop mutated 6/14 agent paths [SUPPRESSED] (cumulative=2046)
 00:00:37 | WARNING! Aborting ECBS - could not obtain an initial solution for the following agents: Agent17(1278->72)
 00:00:37 | ECBS RandomHop mutated 6/14 agent paths [SUPPRESSED] (cumulative=2052)
 00:00:37 | ECBS RandomHop mutated 6/14 agent paths [SUPPRESSED] (cumulative=2058)
 00:00:37 | ECBS RandomHop mutated 6/15 agent paths [SUPPRESSED] (cumulative=2064)
 00:00:37 | ECBS RandomHop mutated 6/15 agent paths [SUPPRESSED] (cumulative=2070)
 00:00:37 | ECBS RandomHop mutated 6/15 agent paths [SUPPRESSED] (cumulative=2076)
 00:00:37 | ECBS RandomHop mutated 6/16 agent paths [SUPPRESSED] (cumulative=2082)
 00:00:37 | ECBS RandomHop mutated 6/16 agent paths [SUPPRESSED] (cumulative=2088)
 00:00:37 | ECBS RandomHop mutated 6/19 agent paths [SUPPRESSED] (cumulative=2094)
 00:00:37 | ECBS RandomHop mutated 6/18 agent paths [SUPPRESSED] (cumulative=2100)
 00:00:37 | ECBS RandomHop mutated 6/17 agent paths [SUPPRESSED] (cumulative=2106)
 00:00:37 | ECBS RandomHop mutated 6/17 agent paths [SUPPRESSED] (cumulative=2112)
 00:00:37 | ECBS RandomHop mutated 6/17 agent paths [SUPPRESSED] (cumulative=2118)
 00:00:38 | ECBS RandomHop mutated 6/17 agent paths [SUPPRESSED] (cumulative=2124)
 00:00:38 | ECBS RandomHop mutated 6/17 agent paths [SUPPRESSED] (cumulative=2130)
 00:00:38 | ECBS RandomHop mutated 6/18 agent paths [SUPPRESSED] (cumulative=2136)
 00:00:38 | ECBS RandomHop mutated 7/16 agent paths [SUPPRESSED] (cumulative=2143)
 00:00:38 | ECBS RandomHop mutated 7/17 agent paths [SUPPRESSED] (cumulative=2150)
 00:00:38 | ECBS RandomHop mutated 7/17 agent paths [SUPPRESSED] (cumulative=2157)
 00:00:38 | ECBS RandomHop mutated 7/17 agent paths [SUPPRESSED] (cumulative=2164)
 00:00:38 | ECBS RandomHop mutated 7/18 agent paths [SUPPRESSED] (cumulative=2171)
 00:00:38 | ECBS RandomHop mutated 7/18 agent paths [SUPPRESSED] (cumulative=2178)
 00:00:38 | ECBS RandomHop mutated 7/18 agent paths [SUPPRESSED] (cumulative=2185)
 00:00:38 | ECBS RandomHop mutated 7/18 agent paths [SUPPRESSED] (cumulative=2192)
 00:00:38 | ECBS RandomHop mutated 7/19 agent paths [SUPPRESSED] (cumulative=2199)
 00:00:38 | ECBS RandomHop mutated 7/19 agent paths [SUPPRESSED] (cumulative=2206)
 00:00:38 | ECBS RandomHop mutated 7/19 agent paths [SUPPRESSED] (cumulative=2213)
 00:00:38 | ECBS RandomHop mutated 7/20 agent paths [SUPPRESSED] (cumulative=2220)
 00:00:38 | ECBS RandomHop mutated 7/19 agent paths [SUPPRESSED] (cumulative=2227)
 00:00:38 | ECBS RandomHop mutated 7/19 agent paths [SUPPRESSED] (cumulative=2234)
 00:00:38 | ECBS RandomHop mutated 7/19 agent paths [SUPPRESSED] (cumulative=2241)
 00:00:38 | ECBS RandomHop mutated 7/19 agent paths [SUPPRESSED] (cumulative=2248)
 00:00:38 | ECBS RandomHop mutated 7/19 agent paths [SUPPRESSED] (cumulative=2255)
 00:00:38 | ECBS RandomHop mutated 7/19 agent paths [SUPPRESSED] (cumulative=2262)
 00:00:38 | ECBS RandomHop mutated 7/18 agent paths [SUPPRESSED] (cumulative=2269)
 00:00:38 | ECBS RandomHop mutated 7/17 agent paths [SUPPRESSED] (cumulative=2276)
 00:00:38 | ECBS RandomHop mutated 7/17 agent paths [SUPPRESSED] (cumulative=2283)
 00:00:38 | ECBS RandomHop mutated 7/18 agent paths [SUPPRESSED] (cumulative=2290)
 00:00:38 | ECBS RandomHop mutated 7/18 agent paths [SUPPRESSED] (cumulative=2297)
 00:00:38 | ECBS RandomHop mutated 7/18 agent paths [SUPPRESSED] (cumulative=2304)
 00:00:38 | ECBS RandomHop mutated 7/18 agent paths [SUPPRESSED] (cumulative=2311)
 00:00:38 | ECBS RandomHop mutated 7/17 agent paths [SUPPRESSED] (cumulative=2318)
 00:00:38 | ECBS RandomHop mutated 7/17 agent paths [SUPPRESSED] (cumulative=2325)
 00:00:38 | ECBS RandomHop mutated 7/17 agent paths [SUPPRESSED] (cumulative=2332)
 00:00:38 | ECBS RandomHop mutated 7/18 agent paths [SUPPRESSED] (cumulative=2339)
 00:00:38 | ECBS RandomHop mutated 7/17 agent paths [SUPPRESSED] (cumulative=2346)
 00:00:38 | ECBS RandomHop mutated 7/16 agent paths [SUPPRESSED] (cumulative=2353)
 00:00:38 | ECBS RandomHop mutated 7/16 agent paths [SUPPRESSED] (cumulative=2360)
 00:00:38 | ECBS RandomHop mutated 7/16 agent paths [SUPPRESSED] (cumulative=2367)
 00:00:38 | ECBS RandomHop mutated 7/16 agent paths [SUPPRESSED] (cumulative=2374)
 00:00:38 | ECBS RandomHop mutated 7/16 agent paths [SUPPRESSED] (cumulative=2381)
 00:00:38 | ECBS RandomHop mutated 7/14 agent paths [SUPPRESSED] (cumulative=2388)
 00:00:38 | ECBS RandomHop mutated 7/14 agent paths [SUPPRESSED] (cumulative=2395)
 00:00:38 | ECBS RandomHop mutated 7/15 agent paths [SUPPRESSED] (cumulative=2402)
 00:00:38 | WARNING! Aborting ECBS - could not obtain an initial solution for the following agents: Agent1(318->1532)
 00:00:38 | ECBS RandomHop mutated 7/15 agent paths [SUPPRESSED] (cumulative=2409)
 00:00:38 | WARNING! Aborting ECBS - could not obtain an initial solution for the following agents: Agent1(318->1532)
 00:00:38 | ECBS RandomHop mutated 7/15 agent paths [SUPPRESSED] (cumulative=2416)
 00:00:38 | WARNING! Aborting ECBS - could not obtain an initial solution for the following agents: Agent1(318->1532)
 00:00:38 | ECBS RandomHop mutated 7/14 agent paths [SUPPRESSED] (cumulative=2423)
 00:00:39 | WARNING! Aborting ECBS - could not obtain an initial solution for the following agents: Agent1(318->1532)
 00:00:39 | ECBS RandomHop mutated 7/14 agent paths [SUPPRESSED] (cumulative=2430)
 00:00:39 | WARNING! Aborting ECBS - could not obtain an initial solution for the following agents: Agent1(318->1532)
 00:00:39 | ECBS RandomHop mutated 7/14 agent paths [SUPPRESSED] (cumulative=2437)
 00:00:39 | WARNING! Aborting ECBS - could not obtain an initial solution for the following agents: Agent1(318->1532)
 00:00:39 | ECBS RandomHop mutated 7/14 agent paths [SUPPRESSED] (cumulative=2444)
 00:00:39 | WARNING! Aborting ECBS - could not obtain an initial solution for the following agents: Agent1(318->1532)
 00:00:39 | ECBS RandomHop mutated 7/14 agent paths [SUPPRESSED] (cumulative=2451)
 00:00:39 | WARNING! Aborting ECBS - could not obtain an initial solution for the following agents: Agent1(318->1532)
 00:00:39 | ECBS RandomHop mutated 7/14 agent paths [SUPPRESSED] (cumulative=2458)
 00:00:39 | WARNING! Aborting ECBS - could not obtain an initial solution for the following agents: Agent1(318->1532)
 00:00:39 | ECBS RandomHop mutated 7/14 agent paths [SUPPRESSED] (cumulative=2465)
 00:00:39 | WARNING! Aborting ECBS - could not obtain an initial solution for the following agents: Agent1(318->1532)
 00:00:39 | ECBS RandomHop mutated 7/15 agent paths [SUPPRESSED] (cumulative=2472)
 00:00:39 | WARNING! Aborting ECBS - could not obtain an initial solution for the following agents: Agent1(318->1532)
 00:00:39 | ECBS RandomHop mutated 7/15 agent paths [SUPPRESSED] (cumulative=2479)
 00:00:39 | WARNING! Aborting ECBS - could not obtain an initial solution for the following agents: Agent1(318->1532)
 00:00:39 | ECBS RandomHop mutated 7/16 agent paths [SUPPRESSED] (cumulative=2486)
 00:00:39 | WARNING! Aborting ECBS - could not obtain an initial solution for the following agents: Agent1(318->1532)
 00:00:39 | ECBS RandomHop mutated 7/16 agent paths [SUPPRESSED] (cumulative=2493)
 00:00:39 | WARNING! Aborting ECBS - could not obtain an initial solution for the following agents: Agent1(318->1532)
 00:00:39 | ECBS RandomHop mutated 7/15 agent paths [SUPPRESSED] (cumulative=2500)
 00:00:39 | WARNING! Aborting ECBS - could not obtain an initial solution for the following agents: Agent1(318->1532)
 00:00:39 | ECBS RandomHop mutated 7/16 agent paths [SUPPRESSED] (cumulative=2507)
 00:00:39 | WARNING! Aborting ECBS - could not obtain an initial solution for the following agents: Agent1(318->1532)
 00:00:39 | ECBS RandomHop mutated 7/16 agent paths [SUPPRESSED] (cumulative=2514)
 00:00:39 | WARNING! Aborting ECBS - could not obtain an initial solution for the following agents: Agent1(318->1532)
 00:00:39 | ECBS RandomHop mutated 7/16 agent paths [SUPPRESSED] (cumulative=2521)
 00:00:39 | WARNING! Aborting ECBS - could not obtain an initial solution for the following agents: Agent1(318->1532)
 00:00:39 | ECBS RandomHop mutated 7/16 agent paths [SUPPRESSED] (cumulative=2528)
 00:00:39 | WARNING! Aborting ECBS - could not obtain an initial solution for the following agents: Agent1(318->1532)
 00:00:39 | ECBS RandomHop mutated 7/16 agent paths [SUPPRESSED] (cumulative=2535)
 00:00:39 | WARNING! Aborting ECBS - could not obtain an initial solution for the following agents: Agent1(318->1532)
 00:00:39 | ECBS RandomHop mutated 7/16 agent paths [SUPPRESSED] (cumulative=2542)
 00:00:39 | WARNING! Aborting ECBS - could not obtain an initial solution for the following agents: Agent1(318->1532)
 00:00:39 | ECBS RandomHop mutated 7/16 agent paths [SUPPRESSED] (cumulative=2549)
 00:00:39 | WARNING! Aborting ECBS - could not obtain an initial solution for the following agents: Agent1(318->1532)
 00:00:39 | ECBS RandomHop mutated 7/16 agent paths [SUPPRESSED] (cumulative=2556)
 00:00:39 | WARNING! Aborting ECBS - could not obtain an initial solution for the following agents: Agent1(318->1532)
 00:00:39 | ECBS RandomHop mutated 7/16 agent paths [SUPPRESSED] (cumulative=2563)
 00:00:39 | WARNING! Aborting ECBS - could not obtain an initial solution for the following agents: Agent1(318->1532)
 00:00:39 | ECBS RandomHop mutated 7/16 agent paths [SUPPRESSED] (cumulative=2570)
 00:00:39 | WARNING! Aborting ECBS - could not obtain an initial solution for the following agents: Agent1(318->1532)
 00:00:39 | ECBS RandomHop mutated 7/16 agent paths [SUPPRESSED] (cumulative=2577)
 00:00:39 | WARNING! Aborting ECBS - could not obtain an initial solution for the following agents: Agent1(318->1532)
 00:00:39 | ECBS RandomHop mutated 7/17 agent paths [SUPPRESSED] (cumulative=2584)
 00:00:39 | WARNING! Aborting ECBS - could not obtain an initial solution for the following agents: Agent1(318->1532)
 00:00:39 | ECBS RandomHop mutated 7/16 agent paths [SUPPRESSED] (cumulative=2591)
 00:00:39 | WARNING! Aborting ECBS - could not obtain an initial solution for the following agents: Agent1(318->1532)
 00:00:39 | ECBS RandomHop mutated 7/16 agent paths [SUPPRESSED] (cumulative=2598)
 00:00:39 | WARNING! Aborting ECBS - could not obtain an initial solution for the following agents: Agent1(318->1532)
 00:00:39 | ECBS RandomHop mutated 7/16 agent paths [SUPPRESSED] (cumulative=2605)
 00:00:39 | WARNING! Aborting ECBS - could not obtain an initial solution for the following agents: Agent1(318->1532)
 00:00:39 | ECBS RandomHop mutated 9/17 agent paths [SUPPRESSED] (cumulative=2614)
 00:00:39 | WARNING! Aborting ECBS - could not obtain an initial solution for the following agents: Agent1(318->1532)
 00:00:39 | ECBS RandomHop mutated 9/18 agent paths [SUPPRESSED] (cumulative=2623)
 00:00:39 | WARNING! Aborting ECBS - could not obtain an initial solution for the following agents: Agent1(318->1532)
 00:00:39 | ECBS RandomHop mutated 9/18 agent paths [SUPPRESSED] (cumulative=2632)
 00:00:40 | WARNING! Aborting ECBS - could not obtain an initial solution for the following agents: Agent1(318->1532)
 00:00:40 | ECBS RandomHop mutated 9/18 agent paths [SUPPRESSED] (cumulative=2641)
 00:00:40 | WARNING! Aborting ECBS - could not obtain an initial solution for the following agents: Agent1(318->1532)
 00:00:40 | ECBS RandomHop mutated 9/17 agent paths [SUPPRESSED] (cumulative=2650)
 00:00:40 | WARNING! Aborting ECBS - could not obtain an initial solution for the following agents: Agent1(318->1532)
 00:00:40 | ECBS RandomHop mutated 9/17 agent paths [SUPPRESSED] (cumulative=2659)
 00:00:40 | WARNING! Aborting ECBS - could not obtain an initial solution for the following agents: Agent1(318->1532)
 00:00:40 | ECBS RandomHop mutated 9/17 agent paths [SUPPRESSED] (cumulative=2668)
 00:00:40 | 00:00:17 | 0.00:20:42 |  69.03%  |   216   |   370    | 73%  |  10071   |   0    | 153.30MB  
 00:00:40 | WARNING! Aborting ECBS - could not obtain an initial solution for the following agents: Agent1(318->1532)
 00:00:40 | ECBS RandomHop mutated 9/18 agent paths [SUPPRESSED] (cumulative=2677)
 00:00:40 | WARNING! Aborting ECBS - could not obtain an initial solution for the following agents: Agent1(318->1532)
 00:00:40 | ECBS RandomHop mutated 9/18 agent paths [SUPPRESSED] (cumulative=2686)
 00:00:40 | WARNING! Aborting ECBS - could not obtain an initial solution for the following agents: Agent1(318->1532)
 00:00:40 | ECBS RandomHop mutated 9/18 agent paths [SUPPRESSED] (cumulative=2695)
 00:00:40 | WARNING! Aborting ECBS - could not obtain an initial solution for the following agents: Agent1(318->1532)
 00:00:40 | ECBS RandomHop mutated 9/18 agent paths [SUPPRESSED] (cumulative=2704)
 00:00:40 | WARNING! Aborting ECBS - could not obtain an initial solution for the following agents: Agent1(318->1532)
 00:00:40 | ECBS RandomHop mutated 9/19 agent paths [SUPPRESSED] (cumulative=2713)
 00:00:40 | WARNING! Aborting ECBS - could not obtain an initial solution for the following agents: Agent1(318->1532)
 00:00:40 | ECBS RandomHop mutated 9/19 agent paths [SUPPRESSED] (cumulative=2722)
 00:00:40 | WARNING! Aborting ECBS - could not obtain an initial solution for the following agents: Agent1(318->1532)
 00:00:40 | ECBS RandomHop mutated 10/19 agent paths [SUPPRESSED] (cumulative=2732)
 00:00:40 | WARNING! Aborting ECBS - could not obtain an initial solution for the following agents: Agent1(318->1532)
 00:00:40 | ECBS RandomHop mutated 11/18 agent paths [SUPPRESSED] (cumulative=2743)
 00:00:40 | WARNING! Aborting ECBS - could not obtain an initial solution for the following agents: Agent1(318->1532)
 00:00:40 | ECBS RandomHop mutated 11/18 agent paths [SUPPRESSED] (cumulative=2754)
 00:00:40 | WARNING! Aborting ECBS - could not obtain an initial solution for the following agents: Agent1(318->1532)
 00:00:40 | ECBS RandomHop mutated 11/18 agent paths [SUPPRESSED] (cumulative=2765)
 00:00:40 | WARNING! Aborting ECBS - could not obtain an initial solution for the following agents: Agent1(318->1532)
 00:00:40 | ECBS RandomHop mutated 11/18 agent paths [SUPPRESSED] (cumulative=2776)
 00:00:40 | WARNING! Aborting ECBS - could not obtain an initial solution for the following agents: Agent1(318->1532)
 00:00:40 | ECBS RandomHop mutated 11/18 agent paths [SUPPRESSED] (cumulative=2787)
 00:00:40 | WARNING! Aborting ECBS - could not obtain an initial solution for the following agents: Agent1(318->1532)
 00:00:40 | ECBS RandomHop mutated 11/18 agent paths [SUPPRESSED] (cumulative=2798)
 00:00:40 | WARNING! Aborting ECBS - could not obtain an initial solution for the following agents: Agent1(318->1532)
 00:00:40 | ECBS RandomHop mutated 11/18 agent paths [SUPPRESSED] (cumulative=2809)
 00:00:40 | WARNING! Aborting ECBS - could not obtain an initial solution for the following agents: Agent1(318->1532)
 00:00:40 | ECBS RandomHop mutated 11/18 agent paths [SUPPRESSED] (cumulative=2820)
 00:00:40 | WARNING! Aborting ECBS - could not obtain an initial solution for the following agents: Agent1(318->1532)
 00:00:40 | ECBS RandomHop mutated 11/19 agent paths [SUPPRESSED] (cumulative=2831)
 00:00:40 | WARNING! Aborting ECBS - could not obtain an initial solution for the following agents: Agent1(318->1532)
 00:00:40 | ECBS RandomHop mutated 11/19 agent paths [SUPPRESSED] (cumulative=2842)
 00:00:40 | WARNING! Aborting ECBS - could not obtain an initial solution for the following agents: Agent1(318->1532)
 00:00:40 | ECBS RandomHop mutated 11/19 agent paths [SUPPRESSED] (cumulative=2853)
 00:00:40 | WARNING! Aborting ECBS - could not obtain an initial solution for the following agents: Agent1(318->1532)
 00:00:40 | ECBS RandomHop mutated 11/19 agent paths [SUPPRESSED] (cumulative=2864)
 00:00:40 | WARNING! Aborting ECBS - could not obtain an initial solution for the following agents: Agent1(318->1532)
 00:00:40 | ECBS RandomHop mutated 12/18 agent paths [SUPPRESSED] (cumulative=2876)
 00:00:40 | WARNING! Aborting ECBS - could not obtain an initial solution for the following agents: Agent1(318->1532)
 00:00:40 | ECBS RandomHop mutated 13/18 agent paths [SUPPRESSED] (cumulative=2889)
 00:00:40 | WARNING! Aborting ECBS - could not obtain an initial solution for the following agents: Agent1(318->1532)
 00:00:40 | ECBS RandomHop mutated 13/18 agent paths [SUPPRESSED] (cumulative=2902)
 00:00:41 | WARNING! Aborting ECBS - could not obtain an initial solution for the following agents: Agent1(318->1532)
 00:00:41 | ECBS RandomHop mutated 13/19 agent paths [SUPPRESSED] (cumulative=2915)
 00:00:41 | WARNING! Aborting ECBS - could not obtain an initial solution for the following agents: Agent1(318->1532)
 00:00:41 | ECBS RandomHop mutated 13/19 agent paths [SUPPRESSED] (cumulative=2928)
 00:00:41 | WARNING! Aborting ECBS - could not obtain an initial solution for the following agents: Agent1(318->1532)
 00:00:41 | ECBS RandomHop mutated 13/19 agent paths [SUPPRESSED] (cumulative=2941)
 00:00:41 | WARNING! Aborting ECBS - could not obtain an initial solution for the following agents: Agent1(318->1532)
 00:00:41 | ECBS RandomHop mutated 13/19 agent paths [SUPPRESSED] (cumulative=2954)
 00:00:41 | WARNING! Aborting ECBS - could not obtain an initial solution for the following agents: Agent1(318->1532)
 00:00:41 | ECBS RandomHop mutated 13/18 agent paths [SUPPRESSED] (cumulative=2967)
 00:00:41 | WARNING! Aborting ECBS - could not obtain an initial solution for the following agents: Agent1(318->1532)
 00:00:41 | ECBS RandomHop mutated 14/19 agent paths [SUPPRESSED] (cumulative=2981)
 00:00:41 | WARNING! Aborting ECBS - could not obtain an initial solution for the following agents: Agent1(318->1532)
 00:00:41 | ECBS RandomHop mutated 14/20 agent paths [SUPPRESSED] (cumulative=2995)
 00:00:41 | WARNING! Aborting ECBS - could not obtain an initial solution for the following agents: Agent1(318->1532)
 00:00:41 | ECBS RandomHop mutated 14/20 agent paths [SUPPRESSED] (cumulative=3009)
 00:00:41 | WARNING! Aborting ECBS - could not obtain an initial solution for the following agents: Agent1(318->1532)
 00:00:41 | ECBS RandomHop mutated 14/20 agent paths [SUPPRESSED] (cumulative=3023)
 00:00:41 | WARNING! Aborting ECBS - could not obtain an initial solution for the following agents: Agent1(318->1532)
 00:00:41 | ECBS RandomHop mutated 14/20 agent paths [SUPPRESSED] (cumulative=3037)
 00:00:41 | WARNING! Aborting ECBS - could not obtain an initial solution for the following agents: Agent1(318->1532)
 00:00:41 | ECBS RandomHop mutated 14/20 agent paths [SUPPRESSED] (cumulative=3051)
 00:00:41 | WARNING! Aborting ECBS - could not obtain an initial solution for the following agents: Agent1(318->1532)
 00:00:41 | ECBS RandomHop mutated 14/20 agent paths [SUPPRESSED] (cumulative=3065)
 00:00:41 | WARNING! Aborting ECBS - could not obtain an initial solution for the following agents: Agent1(318->1532)
 00:00:41 | ECBS RandomHop mutated 14/20 agent paths [SUPPRESSED] (cumulative=3079)
 00:00:41 | WARNING! Aborting ECBS - could not obtain an initial solution for the following agents: Agent1(318->1532)
 00:00:41 | ECBS RandomHop mutated 14/21 agent paths [SUPPRESSED] (cumulative=3093)
 00:00:41 | WARNING! Aborting ECBS - could not obtain an initial solution for the following agents: Agent1(318->1532)
 00:00:41 | ECBS RandomHop mutated 14/21 agent paths [SUPPRESSED] (cumulative=3107)
 00:00:41 | WARNING! Aborting ECBS - could not obtain an initial solution for the following agents: Agent1(318->1532)
 00:00:41 | ECBS RandomHop mutated 15/22 agent paths [SUPPRESSED] (cumulative=3122)
 00:00:41 | WARNING! Aborting ECBS - could not obtain an initial solution for the following agents: Agent1(318->1532)
 00:00:41 | ECBS RandomHop mutated 15/22 agent paths [SUPPRESSED] (cumulative=3137)
 00:00:41 | WARNING! Aborting ECBS - could not obtain an initial solution for the following agents: Agent1(318->1532)
 00:00:41 | ECBS RandomHop mutated 15/22 agent paths [SUPPRESSED] (cumulative=3152)
 00:00:41 | WARNING! Aborting ECBS - could not obtain an initial solution for the following agents: Agent1(318->1532)
 00:00:41 | ECBS RandomHop mutated 16/22 agent paths [SUPPRESSED] (cumulative=3168)
 00:00:41 | WARNING! Aborting ECBS - could not obtain an initial solution for the following agents: Agent1(318->1532)
 00:00:41 | ECBS RandomHop mutated 16/22 agent paths [SUPPRESSED] (cumulative=3184)
 00:00:41 | WARNING! Aborting ECBS - could not obtain an initial solution for the following agents: Agent1(318->1532)
 00:00:41 | ECBS RandomHop mutated 16/22 agent paths [SUPPRESSED] (cumulative=3200)
 00:00:41 | WARNING! Aborting ECBS - could not obtain an initial solution for the following agents: Agent1(318->1532)
 00:00:41 | ECBS RandomHop mutated 16/22 agent paths [SUPPRESSED] (cumulative=3216)
 00:00:41 | WARNING! Aborting ECBS - could not obtain an initial solution for the following agents: Agent1(318->1532)
 00:00:41 | ECBS RandomHop mutated 17/22 agent paths [SUPPRESSED] (cumulative=3233)
 00:00:42 | WARNING! Aborting ECBS - could not obtain an initial solution for the following agents: Agent1(318->1532)
 00:00:42 | ECBS RandomHop mutated 17/21 agent paths [SUPPRESSED] (cumulative=3250)
 00:00:42 | WARNING! Aborting ECBS - could not obtain an initial solution for the following agents: Agent1(318->1532)
 00:00:42 | ECBS RandomHop mutated 17/21 agent paths [SUPPRESSED] (cumulative=3267)
 00:00:42 | WARNING! Aborting ECBS - could not obtain an initial solution for the following agents: Agent1(318->1532)
 00:00:42 | ECBS RandomHop mutated 17/21 agent paths [SUPPRESSED] (cumulative=3284)
 00:00:42 | WARNING! Aborting ECBS - could not obtain an initial solution for the following agents: Agent1(318->1532)
 00:00:42 | ECBS RandomHop mutated 17/21 agent paths [SUPPRESSED] (cumulative=3301)
 00:00:42 | WARNING! Aborting ECBS - could not obtain an initial solution for the following agents: Agent1(318->1532)
 00:00:42 | ECBS RandomHop mutated 17/21 agent paths [SUPPRESSED] (cumulative=3318)
 00:00:42 | WARNING! Aborting ECBS - could not obtain an initial solution for the following agents: Agent1(318->1532)
 00:00:42 | ECBS RandomHop mutated 17/21 agent paths [SUPPRESSED] (cumulative=3335)
 00:00:42 | WARNING! Aborting ECBS - could not obtain an initial solution for the following agents: Agent1(318->1532)
 00:00:42 | ECBS RandomHop mutated 18/21 agent paths [SUPPRESSED] (cumulative=3353)
 00:00:42 | WARNING! Aborting ECBS - could not obtain an initial solution for the following agents: Agent1(318->1532)
 00:00:42 | ECBS RandomHop mutated 18/21 agent paths [SUPPRESSED] (cumulative=3371)
 00:00:42 | WARNING! Aborting ECBS - could not obtain an initial solution for the following agents: Agent1(318->1532)
 00:00:42 | ECBS RandomHop mutated 18/21 agent paths [SUPPRESSED] (cumulative=3389)
 00:00:42 | WARNING! Aborting ECBS - could not obtain an initial solution for the following agents: Agent1(318->1532)
 00:00:42 | ECBS RandomHop mutated 18/21 agent paths [SUPPRESSED] (cumulative=3407)
 00:00:42 | WARNING! Aborting ECBS - could not obtain an initial solution for the following agents: Agent1(318->1532)
 00:00:42 | ECBS RandomHop mutated 18/21 agent paths [SUPPRESSED] (cumulative=3425)
 00:00:42 | WARNING! Aborting ECBS - could not obtain an initial solution for the following agents: Agent1(318->1532),Agent3(288->1151)
 00:00:42 | ECBS RandomHop mutated 18/20 agent paths [SUPPRESSED] (cumulative=3443)
 00:00:42 | WARNING! Aborting ECBS - could not obtain an initial solution for the following agents: Agent1(318->1532)
 00:00:42 | ECBS RandomHop mutated 18/20 agent paths [SUPPRESSED] (cumulative=3461)
 00:00:42 | WARNING! Aborting ECBS - could not obtain an initial solution for the following agents: Agent1(318->1532)
 00:00:42 | ECBS RandomHop mutated 18/20 agent paths [SUPPRESSED] (cumulative=3479)
 00:00:42 | WARNING! Aborting ECBS - could not obtain an initial solution for the following agents: Agent1(318->1532)
 00:00:42 | ECBS RandomHop mutated 18/20 agent paths [SUPPRESSED] (cumulative=3497)
 00:00:42 | WARNING! Aborting ECBS - could not obtain an initial solution for the following agents: Agent1(318->1532)
 00:00:42 | ECBS RandomHop mutated 18/19 agent paths [SUPPRESSED] (cumulative=3515)
 00:00:43 | WARNING! Aborting ECBS - could not obtain an initial solution for the following agents: Agent1(318->1532)
 00:00:43 | ECBS RandomHop mutated 18/18 agent paths [SUPPRESSED] (cumulative=3533)
 00:00:43 | WARNING! Aborting ECBS - could not obtain an initial solution for the following agents: Agent1(318->1532)
 00:00:43 | ECBS RandomHop mutated 18/18 agent paths [SUPPRESSED] (cumulative=3551)
 00:00:43 | WARNING! Aborting ECBS - could not obtain an initial solution for the following agents: Agent1(318->1532)
 00:00:43 | ECBS RandomHop mutated 18/19 agent paths [SUPPRESSED] (cumulative=3569)
 00:00:43 | WARNING! Aborting ECBS - could not obtain an initial solution for the following agents: Agent1(318->1532)
 00:00:43 | ECBS RandomHop mutated 18/19 agent paths [SUPPRESSED] (cumulative=3587)
 00:00:43 | WARNING! Aborting ECBS - could not obtain an initial solution for the following agents: Agent1(318->1532)
 00:00:43 | ECBS RandomHop mutated 18/20 agent paths [SUPPRESSED] (cumulative=3605)
 00:00:43 | WARNING! Aborting ECBS - could not obtain an initial solution for the following agents: Agent1(318->1532)
 00:00:43 | ECBS RandomHop mutated 18/20 agent paths [SUPPRESSED] (cumulative=3623)
 00:00:43 | WARNING! Aborting ECBS - could not obtain an initial solution for the following agents: Agent1(318->1532)
 00:00:43 | ECBS RandomHop mutated 18/20 agent paths [SUPPRESSED] (cumulative=3641)
 00:00:43 | WARNING! Aborting ECBS - could not obtain an initial solution for the following agents: Agent1(318->1532)
 00:00:43 | ECBS RandomHop mutated 18/20 agent paths [SUPPRESSED] (cumulative=3659)
 00:00:44 | WARNING! Aborting ECBS - could not obtain an initial solution for the following agents: Agent1(318->1532)
 00:00:44 | ECBS RandomHop mutated 18/21 agent paths [SUPPRESSED] (cumulative=3677)
 00:00:44 | WARNING! Aborting ECBS - could not obtain an initial solution for the following agents: Agent1(318->1532)
 00:00:44 | ECBS RandomHop mutated 18/23 agent paths [SUPPRESSED] (cumulative=3695)
 00:00:44 | WARNING! Aborting ECBS - could not obtain an initial solution for the following agents: Agent1(318->1532)
 00:00:44 | ECBS RandomHop mutated 18/23 agent paths [SUPPRESSED] (cumulative=3713)
 00:00:44 | WARNING! Aborting ECBS - could not obtain an initial solution for the following agents: Agent1(318->1532)
 00:00:44 | ECBS RandomHop mutated 18/23 agent paths [SUPPRESSED] (cumulative=3731)
 00:00:44 | WARNING! Aborting ECBS - could not obtain an initial solution for the following agents: Agent1(318->1532)
 00:00:44 | ECBS RandomHop mutated 18/22 agent paths [SUPPRESSED] (cumulative=3749)
 00:00:44 | WARNING! Aborting ECBS - could not obtain an initial solution for the following agents: Agent1(318->1532)
 00:00:44 | ECBS RandomHop mutated 18/22 agent paths [SUPPRESSED] (cumulative=3767)
 00:00:44 | WARNING! Aborting ECBS - could not obtain an initial solution for the following agents: Agent1(318->1532)
 00:00:44 | ECBS RandomHop mutated 18/22 agent paths [SUPPRESSED] (cumulative=3785)
 00:00:44 | WARNING! Aborting ECBS - could not obtain an initial solution for the following agents: Agent1(318->1532)
 00:00:44 | ECBS RandomHop mutated 18/22 agent paths [SUPPRESSED] (cumulative=3803)
 00:00:44 | WARNING! Aborting ECBS - could not obtain an initial solution for the following agents: Agent1(318->1532)
 00:00:44 | ECBS RandomHop mutated 18/21 agent paths [SUPPRESSED] (cumulative=3821)
 00:00:45 | WARNING! Aborting ECBS - could not obtain an initial solution for the following agents: Agent1(318->1532)
 00:00:45 | ECBS RandomHop mutated 18/21 agent paths [SUPPRESSED] (cumulative=3839)
 00:00:45 | 00:00:16 | 0.00:22:05 |  73.65%  |   217   |   394    | 73%  |  10282   |   0    | 153.62MB  
 00:00:45 | WARNING! Aborting ECBS - could not obtain an initial solution for the following agents: Agent1(318->1532)
 00:00:45 | ECBS RandomHop mutated 18/20 agent paths [SUPPRESSED] (cumulative=3857)
 00:00:45 | WARNING! Aborting ECBS - could not obtain an initial solution for the following agents: Agent1(318->1532)
 00:00:45 | ECBS RandomHop mutated 18/20 agent paths [SUPPRESSED] (cumulative=3875)
 00:00:45 | WARNING! Aborting ECBS - could not obtain an initial solution for the following agents: Agent1(318->1532)
 00:00:45 | ECBS RandomHop mutated 18/20 agent paths [SUPPRESSED] (cumulative=3893)
 00:00:45 | WARNING! Aborting ECBS - could not obtain an initial solution for the following agents: Agent1(318->1532)
 00:00:45 | ECBS RandomHop mutated 18/20 agent paths [SUPPRESSED] (cumulative=3911)
 00:00:45 | WARNING! Aborting ECBS - could not obtain an initial solution for the following agents: Agent1(318->1532)
 00:00:45 | ECBS RandomHop mutated 18/20 agent paths [SUPPRESSED] (cumulative=3929)
 00:00:45 | WARNING! Aborting ECBS - could not obtain an initial solution for the following agents: Agent1(318->1532)
 00:00:45 | ECBS RandomHop mutated 18/20 agent paths [SUPPRESSED] (cumulative=3947)
 00:00:45 | WARNING! Aborting ECBS - could not obtain an initial solution for the following agents: Agent1(318->1532)
 00:00:45 | ECBS RandomHop mutated 18/20 agent paths [SUPPRESSED] (cumulative=3965)
 00:00:45 | WARNING! Aborting ECBS - could not obtain an initial solution for the following agents: Agent1(318->1532)
 00:00:45 | ECBS RandomHop mutated 18/20 agent paths [SUPPRESSED] (cumulative=3983)
 00:00:45 | WARNING! Aborting ECBS - could not obtain an initial solution for the following agents: Agent1(318->1532)
 00:00:45 | ECBS RandomHop mutated 18/20 agent paths [SUPPRESSED] (cumulative=4001)
 00:00:45 | WARNING! Aborting ECBS - could not obtain an initial solution for the following agents: Agent1(318->1532)
 00:00:45 | ECBS RandomHop mutated 18/20 agent paths [SUPPRESSED] (cumulative=4019)
 00:00:46 | WARNING! Aborting ECBS - could not obtain an initial solution for the following agents: Agent1(318->1532)
 00:00:46 | ECBS RandomHop mutated 18/20 agent paths [SUPPRESSED] (cumulative=4037)
 00:00:46 | WARNING! Aborting ECBS - could not obtain an initial solution for the following agents: Agent1(318->1532)
 00:00:46 | ECBS RandomHop mutated 18/20 agent paths [SUPPRESSED] (cumulative=4055)
 00:00:46 | WARNING! Aborting ECBS - could not obtain an initial solution for the following agents: Agent1(318->1532)
 00:00:46 | ECBS RandomHop mutated 18/21 agent paths [SUPPRESSED] (cumulative=4073)
 00:00:46 | WARNING! Aborting ECBS - could not obtain an initial solution for the following agents: Agent1(318->1532)
 00:00:46 | ECBS RandomHop mutated 18/22 agent paths [SUPPRESSED] (cumulative=4091)
 00:00:46 | WARNING! Aborting ECBS - could not obtain an initial solution for the following agents: Agent1(318->1532)
 00:00:46 | ECBS RandomHop mutated 18/22 agent paths [SUPPRESSED] (cumulative=4109)
 00:00:46 | WARNING! Aborting ECBS - could not obtain an initial solution for the following agents: Agent1(318->1532)
 00:00:46 | ECBS RandomHop mutated 18/22 agent paths [SUPPRESSED] (cumulative=4127)
 00:00:46 | WARNING! Aborting ECBS - could not obtain an initial solution for the following agents: Agent1(318->1532)
 00:00:46 | ECBS RandomHop mutated 18/22 agent paths [SUPPRESSED] (cumulative=4145)
 00:00:46 | WARNING! Aborting ECBS - could not obtain an initial solution for the following agents: Agent1(318->1532)
 00:00:46 | ECBS RandomHop mutated 18/22 agent paths [SUPPRESSED] (cumulative=4163)
 00:00:46 | WARNING! Aborting ECBS - could not obtain an initial solution for the following agents: Agent1(318->1532)
 00:00:46 | ECBS RandomHop mutated 18/22 agent paths [SUPPRESSED] (cumulative=4181)
 00:00:46 | WARNING! Aborting ECBS - could not obtain an initial solution for the following agents: Agent1(318->1532)
 00:00:46 | ECBS RandomHop mutated 18/22 agent paths [SUPPRESSED] (cumulative=4199)
 00:00:46 | WARNING! Aborting ECBS - could not obtain an initial solution for the following agents: Agent1(318->1532)
 00:00:46 | ECBS RandomHop mutated 18/22 agent paths [SUPPRESSED] (cumulative=4217)
 00:00:47 | WARNING! Aborting ECBS - could not obtain an initial solution for the following agents: Agent1(318->1532)
 00:00:47 | ECBS RandomHop mutated 18/23 agent paths [SUPPRESSED] (cumulative=4235)
 00:00:47 | WARNING! Aborting ECBS - could not obtain an initial solution for the following agents: Agent1(318->1532)
 00:00:47 | ECBS RandomHop mutated 18/23 agent paths [SUPPRESSED] (cumulative=4253)
 00:00:47 | WARNING! Aborting ECBS - could not obtain an initial solution for the following agents: Agent1(318->1532)
 00:00:47 | ECBS RandomHop mutated 18/23 agent paths [SUPPRESSED] (cumulative=4271)
 00:00:47 | WARNING! Aborting ECBS - could not obtain an initial solution for the following agents: Agent1(318->1532)
 00:00:47 | ECBS RandomHop mutated 18/23 agent paths [SUPPRESSED] (cumulative=4289)
 00:00:47 | WARNING! Aborting ECBS - could not obtain an initial solution for the following agents: Agent1(318->1532)
 00:00:47 | ECBS RandomHop mutated 18/23 agent paths [SUPPRESSED] (cumulative=4307)
 00:00:47 | WARNING! Aborting ECBS - could not obtain an initial solution for the following agents: Agent1(318->1532)
 00:00:47 | ECBS RandomHop mutated 18/22 agent paths [SUPPRESSED] (cumulative=4325)
 00:00:47 | WARNING! Aborting ECBS - could not obtain an initial solution for the following agents: Agent1(318->1532)
 00:00:47 | ECBS RandomHop mutated 18/22 agent paths [SUPPRESSED] (cumulative=4343)
 00:00:47 | WARNING! Aborting ECBS - could not obtain an initial solution for the following agents: Agent1(318->1532)
 00:00:47 | ECBS RandomHop mutated 18/22 agent paths [SUPPRESSED] (cumulative=4361)
 00:00:47 | WARNING! Aborting ECBS - could not obtain an initial solution for the following agents: Agent1(318->1532)
 00:00:47 | ECBS RandomHop mutated 18/22 agent paths [SUPPRESSED] (cumulative=4379)
 00:00:47 | WARNING! Aborting ECBS - could not obtain an initial solution for the following agents: Agent1(318->1532)
 00:00:47 | ECBS RandomHop mutated 18/22 agent paths [SUPPRESSED] (cumulative=4397)
 00:00:47 | WARNING! Aborting ECBS - could not obtain an initial solution for the following agents: Agent1(318->1532)
 00:00:47 | ECBS RandomHop mutated 18/21 agent paths [SUPPRESSED] (cumulative=4415)
 00:00:47 | WARNING! Aborting ECBS - could not obtain an initial solution for the following agents: Agent1(318->1532)
 00:00:47 | ECBS RandomHop mutated 18/21 agent paths [SUPPRESSED] (cumulative=4433)
 00:00:47 | WARNING! Aborting ECBS - could not obtain an initial solution for the following agents: Agent1(318->1532)
 00:00:47 | ECBS RandomHop mutated 18/21 agent paths [SUPPRESSED] (cumulative=4451)
 00:00:47 | WARNING! Aborting ECBS - could not obtain an initial solution for the following agents: Agent1(318->1532)
 00:00:47 | ECBS RandomHop mutated 18/23 agent paths [SUPPRESSED] (cumulative=4469)
 00:00:47 | WARNING! Aborting ECBS - could not obtain an initial solution for the following agents: Agent1(318->1532)
 00:00:47 | ECBS RandomHop mutated 18/23 agent paths [SUPPRESSED] (cumulative=4487)
 00:00:47 | WARNING! Aborting ECBS - could not obtain an initial solution for the following agents: Agent1(318->1532)
 00:00:47 | ECBS RandomHop mutated 18/23 agent paths [SUPPRESSED] (cumulative=4505)
 00:00:47 | WARNING! Aborting ECBS - could not obtain an initial solution for the following agents: Agent1(318->1532)
 00:00:47 | ECBS RandomHop mutated 18/23 agent paths [SUPPRESSED] (cumulative=4523)
 00:00:47 | WARNING! Aborting ECBS - could not obtain an initial solution for the following agents: Agent1(318->1532)
 00:00:47 | ECBS RandomHop mutated 18/23 agent paths [SUPPRESSED] (cumulative=4541)
 00:00:48 | WARNING! Aborting ECBS - could not obtain an initial solution for the following agents: Agent1(318->1532)
 00:00:48 | ECBS RandomHop mutated 18/23 agent paths [SUPPRESSED] (cumulative=4559)
 00:00:48 | WARNING! Aborting ECBS - could not obtain an initial solution for the following agents: Agent1(318->1532)
 00:00:48 | ECBS RandomHop mutated 18/23 agent paths [SUPPRESSED] (cumulative=4577)
 00:00:48 | WARNING! Aborting ECBS - could not obtain an initial solution for the following agents: Agent1(318->1532)
 00:00:48 | ECBS RandomHop mutated 18/23 agent paths [SUPPRESSED] (cumulative=4595)
 00:00:48 | WARNING! Aborting ECBS - could not obtain an initial solution for the following agents: Agent1(318->1532)
 00:00:48 | ECBS RandomHop mutated 18/22 agent paths [SUPPRESSED] (cumulative=4613)
 00:00:48 | WARNING! Aborting ECBS - could not obtain an initial solution for the following agents: Agent1(318->1532)
 00:00:48 | ECBS RandomHop mutated 18/22 agent paths [SUPPRESSED] (cumulative=4631)
 00:00:48 | WARNING! Aborting ECBS - could not obtain an initial solution for the following agents: Agent1(318->1532)
 00:00:48 | ECBS RandomHop mutated 18/22 agent paths [SUPPRESSED] (cumulative=4649)
 00:00:48 | WARNING! Aborting ECBS - could not obtain an initial solution for the following agents: Agent1(318->1532)
 00:00:48 | ECBS RandomHop mutated 18/22 agent paths [SUPPRESSED] (cumulative=4667)
 00:00:48 | WARNING! Aborting ECBS - could not obtain an initial solution for the following agents: Agent1(318->1532)
 00:00:48 | ECBS RandomHop mutated 18/21 agent paths [SUPPRESSED] (cumulative=4685)
 00:00:48 | WARNING! Aborting ECBS - could not obtain an initial solution for the following agents: Agent1(318->1532)
 00:00:48 | ECBS RandomHop mutated 18/21 agent paths [SUPPRESSED] (cumulative=4703)
 00:00:48 | WARNING! Aborting ECBS - could not obtain an initial solution for the following agents: Agent1(318->1532)
 00:00:48 | ECBS RandomHop mutated 18/21 agent paths [SUPPRESSED] (cumulative=4721)
 00:00:48 | WARNING! Aborting ECBS - could not obtain an initial solution for the following agents: Agent1(318->1532)
 00:00:48 | ECBS RandomHop mutated 18/21 agent paths [SUPPRESSED] (cumulative=4739)
 00:00:48 | WARNING! Aborting ECBS - could not obtain an initial solution for the following agents: Agent1(318->1532)
 00:00:48 | ECBS RandomHop mutated 18/21 agent paths [SUPPRESSED] (cumulative=4757)
 00:00:48 | WARNING! Aborting ECBS - could not obtain an initial solution for the following agents: Agent1(318->1532)
 00:00:48 | ECBS RandomHop mutated 18/21 agent paths [SUPPRESSED] (cumulative=4775)
 00:00:48 | WARNING! Aborting ECBS - could not obtain an initial solution for the following agents: Agent1(318->1532)
 00:00:48 | ECBS RandomHop mutated 18/21 agent paths [SUPPRESSED] (cumulative=4793)
 00:00:48 | WARNING! Aborting ECBS - could not obtain an initial solution for the following agents: Agent1(318->1532)
 00:00:48 | ECBS RandomHop mutated 18/21 agent paths [SUPPRESSED] (cumulative=4811)
 00:00:48 | WARNING! Aborting ECBS - could not obtain an initial solution for the following agents: Agent1(318->1532)
 00:00:48 | ECBS RandomHop mutated 18/21 agent paths [SUPPRESSED] (cumulative=4829)
 00:00:48 | WARNING! Aborting ECBS - could not obtain an initial solution for the following agents: Agent1(318->1532)
 00:00:48 | ECBS RandomHop mutated 18/21 agent paths [SUPPRESSED] (cumulative=4847)
 00:00:48 | WARNING! Aborting ECBS - could not obtain an initial solution for the following agents: Agent1(318->1532)
 00:00:48 | ECBS RandomHop mutated 18/21 agent paths [SUPPRESSED] (cumulative=4865)
 00:00:48 | WARNING! Aborting ECBS - could not obtain an initial solution for the following agents: Agent1(318->1532)
 00:00:48 | ECBS RandomHop mutated 18/21 agent paths [SUPPRESSED] (cumulative=4883)
 00:00:48 | WARNING! Aborting ECBS - could not obtain an initial solution for the following agents: Agent1(318->1532)
 00:00:48 | ECBS RandomHop mutated 18/21 agent paths [SUPPRESSED] (cumulative=4901)
 00:00:48 | WARNING! Aborting ECBS - could not obtain an initial solution for the following agents: Agent1(318->1532)
 00:00:48 | ECBS RandomHop mutated 18/21 agent paths [SUPPRESSED] (cumulative=4919)
 00:00:48 | WARNING! Aborting ECBS - could not obtain an initial solution for the following agents: Agent1(318->1532)
 00:00:48 | ECBS RandomHop mutated 18/20 agent paths [SUPPRESSED] (cumulative=4937)
 00:00:48 | WARNING! Aborting ECBS - could not obtain an initial solution for the following agents: Agent1(318->1532)
 00:00:48 | ECBS RandomHop mutated 18/19 agent paths [SUPPRESSED] (cumulative=4955)
 00:00:48 | WARNING! Aborting ECBS - could not obtain an initial solution for the following agents: Agent1(318->1532)
 00:00:48 | ECBS RandomHop mutated 18/20 agent paths [SUPPRESSED] (cumulative=4973)
 00:00:48 | WARNING! Aborting ECBS - could not obtain an initial solution for the following agents: Agent1(318->1532)
 00:00:48 | ECBS RandomHop mutated 18/21 agent paths [SUPPRESSED] (cumulative=4991)
 00:00:49 | WARNING! Aborting ECBS - could not obtain an initial solution for the following agents: Agent1(318->1532)
 00:00:49 | ECBS RandomHop mutated 18/21 agent paths [SUPPRESSED] (cumulative=5009)
 00:00:49 | WARNING! Aborting ECBS - could not obtain an initial solution for the following agents: Agent1(318->1532)
 00:00:49 | ECBS RandomHop mutated 18/21 agent paths [SUPPRESSED] (cumulative=5027)
 00:00:49 | WARNING! Aborting ECBS - could not obtain an initial solution for the following agents: Agent1(318->1532)
 00:00:49 | ECBS RandomHop mutated 18/21 agent paths [SUPPRESSED] (cumulative=5045)
 00:00:49 | WARNING! Aborting ECBS - could not obtain an initial solution for the following agents: Agent1(318->1532)
 00:00:49 | ECBS RandomHop mutated 18/21 agent paths [SUPPRESSED] (cumulative=5063)
 00:00:49 | WARNING! Aborting ECBS - could not obtain an initial solution for the following agents: Agent1(318->1532)
 00:00:49 | ECBS RandomHop mutated 18/21 agent paths [SUPPRESSED] (cumulative=5081)
 00:00:49 | WARNING! Aborting ECBS - could not obtain an initial solution for the following agents: Agent1(318->1532)
 00:00:49 | ECBS RandomHop mutated 18/22 agent paths [SUPPRESSED] (cumulative=5099)
 00:00:49 | WARNING! Aborting ECBS - could not obtain an initial solution for the following agents: Agent1(318->1532)
 00:00:49 | ECBS RandomHop mutated 18/22 agent paths [SUPPRESSED] (cumulative=5117)
 00:00:49 | WARNING! Aborting ECBS - could not obtain an initial solution for the following agents: Agent1(318->1532)
 00:00:49 | ECBS RandomHop mutated 18/22 agent paths [SUPPRESSED] (cumulative=5135)
 00:00:49 | WARNING! Aborting ECBS - could not obtain an initial solution for the following agents: Agent1(318->1532)
 00:00:49 | ECBS RandomHop mutated 18/22 agent paths [SUPPRESSED] (cumulative=5153)
 00:00:49 | WARNING! Aborting ECBS - could not obtain an initial solution for the following agents: Agent1(318->1532)
 00:00:49 | ECBS RandomHop mutated 18/22 agent paths [SUPPRESSED] (cumulative=5171)
 00:00:49 | WARNING! Aborting ECBS - could not obtain an initial solution for the following agents: Agent1(318->1532)
 00:00:49 | ECBS RandomHop mutated 18/22 agent paths [SUPPRESSED] (cumulative=5189)
 00:00:49 | WARNING! Aborting ECBS - could not obtain an initial solution for the following agents: Agent1(318->1532)
 00:00:49 | ECBS RandomHop mutated 18/22 agent paths [SUPPRESSED] (cumulative=5207)
 00:00:49 | WARNING! Aborting ECBS - could not obtain an initial solution for the following agents: Agent1(318->1532)
 00:00:49 | ECBS RandomHop mutated 18/21 agent paths [SUPPRESSED] (cumulative=5225)
 00:00:49 | WARNING! Aborting ECBS - could not obtain an initial solution for the following agents: Agent1(318->1532)
 00:00:49 | ECBS RandomHop mutated 18/21 agent paths [SUPPRESSED] (cumulative=5243)
 00:00:49 | WARNING! Aborting ECBS - could not obtain an initial solution for the following agents: Agent1(318->1532)
 00:00:49 | ECBS RandomHop mutated 18/21 agent paths [SUPPRESSED] (cumulative=5261)
 00:00:49 | WARNING! Aborting ECBS - could not obtain an initial solution for the following agents: Agent1(318->1532)
 00:00:49 | ECBS RandomHop mutated 18/21 agent paths [SUPPRESSED] (cumulative=5279)
 00:00:49 | WARNING! Aborting ECBS - could not obtain an initial solution for the following agents: Agent1(318->1532)
 00:00:49 | ECBS RandomHop mutated 18/21 agent paths [SUPPRESSED] (cumulative=5297)
 00:00:49 | WARNING! Aborting ECBS - could not obtain an initial solution for the following agents: Agent1(318->1532)
 00:00:49 | ECBS RandomHop mutated 18/21 agent paths [SUPPRESSED] (cumulative=5315)
 00:00:49 | WARNING! Aborting ECBS - could not obtain an initial solution for the following agents: Agent1(318->1532)
 00:00:49 | ECBS RandomHop mutated 18/21 agent paths [SUPPRESSED] (cumulative=5333)
 00:00:49 | WARNING! Aborting ECBS - could not obtain an initial solution for the following agents: Agent1(318->1532)
 00:00:49 | ECBS RandomHop mutated 18/21 agent paths [SUPPRESSED] (cumulative=5351)
 00:00:49 | WARNING! Aborting ECBS - could not obtain an initial solution for the following agents: Agent1(318->1532)
 00:00:49 | ECBS RandomHop mutated 18/21 agent paths [SUPPRESSED] (cumulative=5369)
 00:00:49 | WARNING! Aborting ECBS - could not obtain an initial solution for the following agents: Agent1(318->1532)
 00:00:49 | ECBS RandomHop mutated 18/20 agent paths [SUPPRESSED] (cumulative=5387)
 00:00:49 | WARNING! Aborting ECBS - could not obtain an initial solution for the following agents: Agent1(318->1532)
 00:00:49 | ECBS RandomHop mutated 18/20 agent paths [SUPPRESSED] (cumulative=5405)
 00:00:49 | WARNING! Aborting ECBS - could not obtain an initial solution for the following agents: Agent1(318->1532)
 00:00:49 | ECBS RandomHop mutated 18/20 agent paths [SUPPRESSED] (cumulative=5423)
 00:00:50 | WARNING! Aborting ECBS - could not obtain an initial solution for the following agents: Agent1(318->1532)
 00:00:50 | ECBS RandomHop mutated 18/20 agent paths [SUPPRESSED] (cumulative=5441)
 00:00:50 | WARNING! Aborting ECBS - could not obtain an initial solution for the following agents: Agent1(318->1532)
 00:00:50 | ECBS RandomHop mutated 18/20 agent paths [SUPPRESSED] (cumulative=5459)
 00:00:50 | WARNING! Aborting ECBS - could not obtain an initial solution for the following agents: Agent1(318->1532)
 00:00:50 | ECBS RandomHop mutated 18/20 agent paths [SUPPRESSED] (cumulative=5477)
 00:00:50 | 00:00:13 | 0.00:23:40 |  78.93%  |   217   |   417    | 74%  |  10572   |   0    | 152.75MB  
 00:00:50 | WARNING! Aborting ECBS - could not obtain an initial solution for the following agents: Agent1(318->1532)
 00:00:50 | ECBS RandomHop mutated 18/20 agent paths [SUPPRESSED] (cumulative=5495)
 00:00:50 | WARNING! Aborting ECBS - could not obtain an initial solution for the following agents: Agent1(318->1532)
 00:00:50 | ECBS RandomHop mutated 18/20 agent paths [SUPPRESSED] (cumulative=5513)
 00:00:50 | WARNING! Aborting ECBS - could not obtain an initial solution for the following agents: Agent1(318->1532)
 00:00:50 | ECBS RandomHop mutated 18/20 agent paths [SUPPRESSED] (cumulative=5531)
 00:00:50 | WARNING! Aborting ECBS - could not obtain an initial solution for the following agents: Agent1(318->1532)
 00:00:50 | ECBS RandomHop mutated 18/20 agent paths [SUPPRESSED] (cumulative=5549)
 00:00:50 | WARNING! Aborting ECBS - could not obtain an initial solution for the following agents: Agent1(318->1532)
 00:00:50 | ECBS RandomHop mutated 18/20 agent paths [SUPPRESSED] (cumulative=5567)
 00:00:50 | WARNING! Aborting ECBS - could not obtain an initial solution for the following agents: Agent1(318->1532)
 00:00:50 | ECBS RandomHop mutated 18/19 agent paths [SUPPRESSED] (cumulative=5585)
 00:00:50 | WARNING! Aborting ECBS - could not obtain an initial solution for the following agents: Agent1(318->1532)
 00:00:50 | ECBS RandomHop mutated 18/19 agent paths [SUPPRESSED] (cumulative=5603)
 00:00:50 | WARNING! Aborting ECBS - could not obtain an initial solution for the following agents: Agent1(318->1532)
 00:00:50 | ECBS RandomHop mutated 18/19 agent paths [SUPPRESSED] (cumulative=5621)
 00:00:50 | WARNING! Aborting ECBS - could not obtain an initial solution for the following agents: Agent1(318->1532)
 00:00:50 | ECBS RandomHop mutated 18/19 agent paths [SUPPRESSED] (cumulative=5639)
 00:00:50 | WARNING! Aborting ECBS - could not obtain an initial solution for the following agents: Agent1(318->1532)
 00:00:50 | ECBS RandomHop mutated 18/19 agent paths [SUPPRESSED] (cumulative=5657)
 00:00:50 | WARNING! Aborting ECBS - could not obtain an initial solution for the following agents: Agent1(318->1532)
 00:00:50 | ECBS RandomHop mutated 18/19 agent paths [SUPPRESSED] (cumulative=5675)
 00:00:50 | WARNING! Aborting ECBS - could not obtain an initial solution for the following agents: Agent1(318->1532)
 00:00:50 | ECBS RandomHop mutated 18/19 agent paths [SUPPRESSED] (cumulative=5693)
 00:00:50 | WARNING! Aborting ECBS - could not obtain an initial solution for the following agents: Agent1(318->1532)
 00:00:50 | ECBS RandomHop mutated 18/19 agent paths [SUPPRESSED] (cumulative=5711)
 00:00:50 | WARNING! Aborting ECBS - could not obtain an initial solution for the following agents: Agent1(318->1532)
 00:00:50 | ECBS RandomHop mutated 18/19 agent paths [SUPPRESSED] (cumulative=5729)
 00:00:50 | WARNING! Aborting ECBS - could not obtain an initial solution for the following agents: Agent1(318->1532)
 00:00:50 | ECBS RandomHop mutated 18/20 agent paths [SUPPRESSED] (cumulative=5747)
 00:00:50 | WARNING! Aborting ECBS - could not obtain an initial solution for the following agents: Agent1(318->1532)
 00:00:50 | ECBS RandomHop mutated 18/20 agent paths [SUPPRESSED] (cumulative=5765)
 00:00:50 | WARNING! Aborting ECBS - could not obtain an initial solution for the following agents: Agent1(318->1532)
 00:00:50 | ECBS RandomHop mutated 18/20 agent paths [SUPPRESSED] (cumulative=5783)
 00:00:50 | WARNING! Aborting ECBS - could not obtain an initial solution for the following agents: Agent1(318->1532)
 00:00:50 | ECBS RandomHop mutated 18/21 agent paths [SUPPRESSED] (cumulative=5801)
 00:00:50 | WARNING! Aborting ECBS - could not obtain an initial solution for the following agents: Agent1(318->1532)
 00:00:50 | ECBS RandomHop mutated 18/21 agent paths [SUPPRESSED] (cumulative=5819)
 00:00:50 | WARNING! Aborting ECBS - could not obtain an initial solution for the following agents: Agent1(318->1532)
 00:00:50 | ECBS RandomHop mutated 18/21 agent paths [SUPPRESSED] (cumulative=5837)
 00:00:50 | WARNING! Aborting ECBS - could not obtain an initial solution for the following agents: Agent1(318->1532)
 00:00:50 | ECBS RandomHop mutated 18/21 agent paths [SUPPRESSED] (cumulative=5855)
 00:00:51 | WARNING! Aborting ECBS - could not obtain an initial solution for the following agents: Agent1(318->1532)
 00:00:51 | ECBS RandomHop mutated 18/21 agent paths [SUPPRESSED] (cumulative=5873)
 00:00:51 | WARNING! Aborting ECBS - could not obtain an initial solution for the following agents: Agent1(318->1532)
 00:00:51 | ECBS RandomHop mutated 18/20 agent paths [SUPPRESSED] (cumulative=5891)
 00:00:51 | WARNING! Aborting ECBS - could not obtain an initial solution for the following agents: Agent1(318->1532)
 00:00:51 | ECBS RandomHop mutated 18/20 agent paths [SUPPRESSED] (cumulative=5909)
 00:00:51 | WARNING! Aborting ECBS - could not obtain an initial solution for the following agents: Agent1(318->1532)
 00:00:51 | ECBS RandomHop mutated 18/20 agent paths [SUPPRESSED] (cumulative=5927)
 00:00:51 | WARNING! Aborting ECBS - could not obtain an initial solution for the following agents: Agent1(318->1532)
 00:00:51 | ECBS RandomHop mutated 18/20 agent paths [SUPPRESSED] (cumulative=5945)
 00:00:51 | WARNING! Aborting ECBS - could not obtain an initial solution for the following agents: Agent1(318->1532)
 00:00:51 | ECBS RandomHop mutated 18/20 agent paths [SUPPRESSED] (cumulative=5963)
 00:00:51 | WARNING! Aborting ECBS - could not obtain an initial solution for the following agents: Agent1(318->1532)
 00:00:51 | ECBS RandomHop mutated 18/20 agent paths [SUPPRESSED] (cumulative=5981)
 00:00:51 | WARNING! Aborting ECBS - could not obtain an initial solution for the following agents: Agent1(318->1532)
 00:00:51 | ECBS RandomHop mutated 18/20 agent paths [SUPPRESSED] (cumulative=5999)
 00:00:51 | WARNING! Aborting ECBS - could not obtain an initial solution for the following agents: Agent1(318->1532)
 00:00:51 | ECBS RandomHop mutated 18/20 agent paths [SUPPRESSED] (cumulative=6017)
 00:00:51 | WARNING! Aborting ECBS - could not obtain an initial solution for the following agents: Agent1(318->1532)
 00:00:51 | ECBS RandomHop mutated 18/19 agent paths [SUPPRESSED] (cumulative=6035)
 00:00:51 | WARNING! Aborting ECBS - could not obtain an initial solution for the following agents: Agent1(318->1532)
 00:00:51 | ECBS RandomHop mutated 18/19 agent paths [SUPPRESSED] (cumulative=6053)
 00:00:51 | WARNING! Aborting ECBS - could not obtain an initial solution for the following agents: Agent1(318->1532)
 00:00:51 | ECBS RandomHop mutated 18/19 agent paths [SUPPRESSED] (cumulative=6071)
 00:00:51 | WARNING! Aborting ECBS - could not obtain an initial solution for the following agents: Agent1(318->1532)
 00:00:51 | ECBS RandomHop mutated 18/19 agent paths [SUPPRESSED] (cumulative=6089)
 00:00:51 | WARNING! Aborting ECBS - could not obtain an initial solution for the following agents: Agent1(318->1532)
 00:00:51 | ECBS RandomHop mutated 18/20 agent paths [SUPPRESSED] (cumulative=6107)
 00:00:51 | WARNING! Aborting ECBS - could not obtain an initial solution for the following agents: Agent1(318->1532)
 00:00:51 | ECBS RandomHop mutated 18/20 agent paths [SUPPRESSED] (cumulative=6125)
 00:00:51 | WARNING! Aborting ECBS - could not obtain an initial solution for the following agents: Agent1(318->1532)
 00:00:51 | ECBS RandomHop mutated 18/20 agent paths [SUPPRESSED] (cumulative=6143)
 00:00:51 | WARNING! Aborting ECBS - could not obtain an initial solution for the following agents: Agent1(318->1532)
 00:00:51 | ECBS RandomHop mutated 18/20 agent paths [SUPPRESSED] (cumulative=6161)
 00:00:51 | WARNING! Aborting ECBS - could not obtain an initial solution for the following agents: Agent1(318->1532)
 00:00:51 | ECBS RandomHop mutated 18/20 agent paths [SUPPRESSED] (cumulative=6179)
 00:00:51 | WARNING! Aborting ECBS - could not obtain an initial solution for the following agents: Agent1(318->1532)
 00:00:51 | ECBS RandomHop mutated 18/20 agent paths [SUPPRESSED] (cumulative=6197)
 00:00:51 | WARNING! Aborting ECBS - could not obtain an initial solution for the following agents: Agent1(318->1532)
 00:00:51 | ECBS RandomHop mutated 18/20 agent paths [SUPPRESSED] (cumulative=6215)
 00:00:51 | WARNING! Aborting ECBS - could not obtain an initial solution for the following agents: Agent1(318->1532)
 00:00:51 | ECBS RandomHop mutated 18/20 agent paths [SUPPRESSED] (cumulative=6233)
 00:00:51 | WARNING! Aborting ECBS - could not obtain an initial solution for the following agents: Agent1(318->1532)
 00:00:51 | ECBS RandomHop mutated 18/20 agent paths [SUPPRESSED] (cumulative=6251)
 00:00:51 | WARNING! Aborting ECBS - could not obtain an initial solution for the following agents: Agent1(318->1532)
 00:00:51 | ECBS RandomHop mutated 18/20 agent paths [SUPPRESSED] (cumulative=6269)
 00:00:52 | WARNING! Aborting ECBS - could not obtain an initial solution for the following agents: Agent1(318->1532)
 00:00:52 | ECBS RandomHop mutated 18/20 agent paths [SUPPRESSED] (cumulative=6287)
 00:00:52 | WARNING! Aborting ECBS - could not obtain an initial solution for the following agents: Agent1(318->1532)
 00:00:52 | ECBS RandomHop mutated 18/20 agent paths [SUPPRESSED] (cumulative=6305)
 00:00:52 | WARNING! Aborting ECBS - could not obtain an initial solution for the following agents: Agent1(318->1532)
 00:00:52 | ECBS RandomHop mutated 18/20 agent paths [SUPPRESSED] (cumulative=6323)
 00:00:52 | WARNING! Aborting ECBS - could not obtain an initial solution for the following agents: Agent1(318->1532)
 00:00:52 | ECBS RandomHop mutated 18/19 agent paths [SUPPRESSED] (cumulative=6341)
 00:00:52 | WARNING! Aborting ECBS - could not obtain an initial solution for the following agents: Agent1(318->1532)
 00:00:52 | ECBS RandomHop mutated 18/20 agent paths [SUPPRESSED] (cumulative=6359)
 00:00:52 | WARNING! Aborting ECBS - could not obtain an initial solution for the following agents: Agent1(318->1532)
 00:00:52 | ECBS RandomHop mutated 18/20 agent paths [SUPPRESSED] (cumulative=6377)
 00:00:52 | WARNING! Aborting ECBS - could not obtain an initial solution for the following agents: Agent1(318->1532)
 00:00:52 | ECBS RandomHop mutated 18/20 agent paths [SUPPRESSED] (cumulative=6395)
 00:00:52 | WARNING! Aborting ECBS - could not obtain an initial solution for the following agents: Agent1(318->1532)
 00:00:52 | ECBS RandomHop mutated 18/20 agent paths [SUPPRESSED] (cumulative=6413)
 00:00:52 | WARNING! Aborting ECBS - could not obtain an initial solution for the following agents: Agent1(318->1532)
 00:00:52 | ECBS RandomHop mutated 18/20 agent paths [SUPPRESSED] (cumulative=6431)
 00:00:52 | WARNING! Aborting ECBS - could not obtain an initial solution for the following agents: Agent1(318->1532)
 00:00:52 | ECBS RandomHop mutated 18/20 agent paths [SUPPRESSED] (cumulative=6449)
 00:00:52 | WARNING! Aborting ECBS - could not obtain an initial solution for the following agents: Agent1(318->1532)
 00:00:52 | ECBS RandomHop mutated 18/20 agent paths [SUPPRESSED] (cumulative=6467)
 00:00:52 | WARNING! Aborting ECBS - could not obtain an initial solution for the following agents: Agent1(318->1532)
 00:00:52 | ECBS RandomHop mutated 18/20 agent paths [SUPPRESSED] (cumulative=6485)
 00:00:52 | WARNING! Aborting ECBS - could not obtain an initial solution for the following agents: Agent1(318->1532)
 00:00:52 | ECBS RandomHop mutated 18/20 agent paths [SUPPRESSED] (cumulative=6503)
 00:00:52 | WARNING! Aborting ECBS - could not obtain an initial solution for the following agents: Agent1(318->1532)
 00:00:52 | ECBS RandomHop mutated 18/21 agent paths [SUPPRESSED] (cumulative=6521)
 00:00:52 | WARNING! Aborting ECBS - could not obtain an initial solution for the following agents: Agent1(318->1532)
 00:00:52 | ECBS RandomHop mutated 18/21 agent paths [SUPPRESSED] (cumulative=6539)
 00:00:52 | WARNING! Aborting ECBS - could not obtain an initial solution for the following agents: Agent1(318->1532)
 00:00:52 | ECBS RandomHop mutated 18/21 agent paths [SUPPRESSED] (cumulative=6557)
 00:00:52 | WARNING! Aborting ECBS - could not obtain an initial solution for the following agents: Agent1(318->1532)
 00:00:52 | ECBS RandomHop mutated 18/21 agent paths [SUPPRESSED] (cumulative=6575)
 00:00:52 | WARNING! Aborting ECBS - could not obtain an initial solution for the following agents: Agent1(318->1532)
 00:00:52 | ECBS RandomHop mutated 18/21 agent paths [SUPPRESSED] (cumulative=6593)
 00:00:52 | WARNING! Aborting ECBS - could not obtain an initial solution for the following agents: Agent1(318->1532)
 00:00:52 | ECBS RandomHop mutated 18/21 agent paths [SUPPRESSED] (cumulative=6611)
 00:00:52 | WARNING! Aborting ECBS - could not obtain an initial solution for the following agents: Agent1(318->1532)
 00:00:52 | ECBS RandomHop mutated 18/21 agent paths [SUPPRESSED] (cumulative=6629)
 00:00:52 | WARNING! Aborting ECBS - could not obtain an initial solution for the following agents: Agent1(318->1532)
 00:00:52 | ECBS RandomHop mutated 18/22 agent paths [SUPPRESSED] (cumulative=6647)
 00:00:52 | WARNING! Aborting ECBS - could not obtain an initial solution for the following agents: Agent1(318->1532)
 00:00:52 | ECBS RandomHop mutated 18/22 agent paths [SUPPRESSED] (cumulative=6665)
 00:00:52 | WARNING! Aborting ECBS - could not obtain an initial solution for the following agents: Agent1(318->1532)
 00:00:52 | ECBS RandomHop mutated 18/22 agent paths [SUPPRESSED] (cumulative=6683)
 00:00:52 | WARNING! Aborting ECBS - could not obtain an initial solution for the following agents: Agent1(318->1532)
 00:00:52 | ECBS RandomHop mutated 18/22 agent paths [SUPPRESSED] (cumulative=6701)
 00:00:52 | WARNING! Aborting ECBS - could not obtain an initial solution for the following agents: Agent1(318->1532)
 00:00:52 | ECBS RandomHop mutated 18/22 agent paths [SUPPRESSED] (cumulative=6719)
 00:00:53 | WARNING! Aborting ECBS - could not obtain an initial solution for the following agents: Agent1(318->1532)
 00:00:53 | ECBS RandomHop mutated 18/21 agent paths [SUPPRESSED] (cumulative=6737)
 00:00:53 | WARNING! Aborting ECBS - could not obtain an initial solution for the following agents: Agent1(318->1532)
 00:00:53 | ECBS RandomHop mutated 18/21 agent paths [SUPPRESSED] (cumulative=6755)
 00:00:53 | WARNING! Aborting ECBS - could not obtain an initial solution for the following agents: Agent1(318->1532)
 00:00:53 | ECBS RandomHop mutated 18/21 agent paths [SUPPRESSED] (cumulative=6773)
 00:00:53 | WARNING! Aborting ECBS - could not obtain an initial solution for the following agents: Agent1(318->1532)
 00:00:53 | ECBS RandomHop mutated 18/21 agent paths [SUPPRESSED] (cumulative=6791)
 00:00:53 | WARNING! Aborting ECBS - could not obtain an initial solution for the following agents: Agent1(318->1532)
 00:00:53 | ECBS RandomHop mutated 18/20 agent paths [SUPPRESSED] (cumulative=6809)
 00:00:53 | WARNING! Aborting ECBS - could not obtain an initial solution for the following agents: Agent1(318->1532)
 00:00:53 | ECBS RandomHop mutated 18/20 agent paths [SUPPRESSED] (cumulative=6827)
 00:00:53 | WARNING! Aborting ECBS - could not obtain an initial solution for the following agents: Agent1(318->1532)
 00:00:53 | ECBS RandomHop mutated 18/20 agent paths [SUPPRESSED] (cumulative=6845)
 00:00:53 | WARNING! Aborting ECBS - could not obtain an initial solution for the following agents: Agent1(318->1532)
 00:00:53 | ECBS RandomHop mutated 18/20 agent paths [SUPPRESSED] (cumulative=6863)
 00:00:53 | WARNING! Aborting ECBS - could not obtain an initial solution for the following agents: Agent1(318->1532)
 00:00:53 | ECBS RandomHop mutated 18/20 agent paths [SUPPRESSED] (cumulative=6881)
 00:00:53 | WARNING! Aborting ECBS - could not obtain an initial solution for the following agents: Agent1(318->1532)
 00:00:53 | ECBS RandomHop mutated 18/21 agent paths [SUPPRESSED] (cumulative=6899)
 00:00:53 | WARNING! Aborting ECBS - could not obtain an initial solution for the following agents: Agent1(318->1532)
 00:00:53 | ECBS RandomHop mutated 18/21 agent paths [SUPPRESSED] (cumulative=6917)
 00:00:53 | WARNING! Aborting ECBS - could not obtain an initial solution for the following agents: Agent1(318->1532)
 00:00:53 | ECBS RandomHop mutated 18/21 agent paths [SUPPRESSED] (cumulative=6935)
 00:00:53 | WARNING! Aborting ECBS - could not obtain an initial solution for the following agents: Agent1(318->1532)
 00:00:53 | ECBS RandomHop mutated 18/22 agent paths [SUPPRESSED] (cumulative=6953)
 00:00:53 | WARNING! Aborting ECBS - could not obtain an initial solution for the following agents: Agent1(318->1532)
 00:00:53 | ECBS RandomHop mutated 18/22 agent paths [SUPPRESSED] (cumulative=6971)
 00:00:53 | WARNING! Aborting ECBS - could not obtain an initial solution for the following agents: Agent1(318->1532)
 00:00:53 | ECBS RandomHop mutated 18/22 agent paths [SUPPRESSED] (cumulative=6989)
 00:00:53 | WARNING! Aborting ECBS - could not obtain an initial solution for the following agents: Agent1(318->1532)
 00:00:53 | ECBS RandomHop mutated 18/22 agent paths [SUPPRESSED] (cumulative=7007)
 00:00:53 | WARNING! Aborting ECBS - could not obtain an initial solution for the following agents: Agent1(318->1532)
 00:00:53 | ECBS RandomHop mutated 18/22 agent paths [SUPPRESSED] (cumulative=7025)
 00:00:53 | WARNING! Aborting ECBS - could not obtain an initial solution for the following agents: Agent1(318->1532)
 00:00:53 | ECBS RandomHop mutated 18/22 agent paths [SUPPRESSED] (cumulative=7043)
 00:00:53 | WARNING! Aborting ECBS - could not obtain an initial solution for the following agents: Agent1(318->1532)
 00:00:53 | ECBS RandomHop mutated 18/22 agent paths [SUPPRESSED] (cumulative=7061)
 00:00:53 | WARNING! Aborting ECBS - could not obtain an initial solution for the following agents: Agent1(318->1532)
 00:00:53 | ECBS RandomHop mutated 18/22 agent paths [SUPPRESSED] (cumulative=7079)
 00:00:53 | WARNING! Aborting ECBS - could not obtain an initial solution for the following agents: Agent1(318->1532)
 00:00:53 | ECBS RandomHop mutated 18/22 agent paths [SUPPRESSED] (cumulative=7097)
 00:00:53 | WARNING! Aborting ECBS - could not obtain an initial solution for the following agents: Agent1(318->1532)
 00:00:53 | ECBS RandomHop mutated 18/22 agent paths [SUPPRESSED] (cumulative=7115)
 00:00:53 | WARNING! Aborting ECBS - could not obtain an initial solution for the following agents: Agent1(318->1532)
 00:00:53 | ECBS RandomHop mutated 18/22 agent paths [SUPPRESSED] (cumulative=7133)
 00:00:53 | WARNING! Aborting ECBS - could not obtain an initial solution for the following agents: Agent1(318->1532)
 00:00:53 | ECBS RandomHop mutated 18/22 agent paths [SUPPRESSED] (cumulative=7151)
 00:00:54 | WARNING! Aborting ECBS - could not obtain an initial solution for the following agents: Agent1(318->1532)
 00:00:54 | ECBS RandomHop mutated 19/22 agent paths [SUPPRESSED] (cumulative=7170)
 00:00:54 | WARNING! Aborting ECBS - could not obtain an initial solution for the following agents: Agent1(318->1532)
 00:00:54 | ECBS RandomHop mutated 19/22 agent paths [SUPPRESSED] (cumulative=7189)
 00:00:54 | WARNING! Aborting ECBS - could not obtain an initial solution for the following agents: Agent1(318->1532)
 00:00:54 | ECBS RandomHop mutated 19/22 agent paths [SUPPRESSED] (cumulative=7208)
 00:00:54 | WARNING! Aborting ECBS - could not obtain an initial solution for the following agents: Agent1(318->1532)
 00:00:54 | ECBS RandomHop mutated 19/21 agent paths [SUPPRESSED] (cumulative=7227)
 00:00:54 | WARNING! Aborting ECBS - could not obtain an initial solution for the following agents: Agent1(318->1532)
 00:00:54 | ECBS RandomHop mutated 19/21 agent paths [SUPPRESSED] (cumulative=7246)
 00:00:54 | WARNING! Aborting ECBS - could not obtain an initial solution for the following agents: Agent1(318->1532)
 00:00:54 | ECBS RandomHop mutated 19/22 agent paths [SUPPRESSED] (cumulative=7265)
 00:00:54 | WARNING! Aborting ECBS - could not obtain an initial solution for the following agents: Agent1(318->1532)
 00:00:54 | ECBS RandomHop mutated 19/22 agent paths [SUPPRESSED] (cumulative=7284)
 00:00:54 | WARNING! Aborting ECBS - could not obtain an initial solution for the following agents: Agent1(318->1532)
 00:00:54 | ECBS RandomHop mutated 19/22 agent paths [SUPPRESSED] (cumulative=7303)
 00:00:54 | WARNING! Aborting ECBS - could not obtain an initial solution for the following agents: Agent1(318->1532)
 00:00:54 | ECBS RandomHop mutated 19/22 agent paths [SUPPRESSED] (cumulative=7322)
 00:00:54 | WARNING! Aborting ECBS - could not obtain an initial solution for the following agents: Agent1(318->1532)
 00:00:54 | ECBS RandomHop mutated 19/22 agent paths [SUPPRESSED] (cumulative=7341)
 00:00:54 | WARNING! Aborting ECBS - could not obtain an initial solution for the following agents: Agent1(318->1532)
 00:00:54 | ECBS RandomHop mutated 19/22 agent paths [SUPPRESSED] (cumulative=7360)
 00:00:54 | WARNING! Aborting ECBS - could not obtain an initial solution for the following agents: Agent1(318->1532)
 00:00:54 | ECBS RandomHop mutated 19/22 agent paths [SUPPRESSED] (cumulative=7379)
 00:00:54 | WARNING! Aborting ECBS - could not obtain an initial solution for the following agents: Agent1(318->1532)
 00:00:54 | ECBS RandomHop mutated 19/22 agent paths [SUPPRESSED] (cumulative=7398)
 00:00:54 | WARNING! Aborting ECBS - could not obtain an initial solution for the following agents: Agent1(318->1532)
 00:00:54 | ECBS RandomHop mutated 19/22 agent paths [SUPPRESSED] (cumulative=7417)
 00:00:54 | WARNING! Aborting ECBS - could not obtain an initial solution for the following agents: Agent1(318->1532)
 00:00:54 | ECBS RandomHop mutated 19/21 agent paths [SUPPRESSED] (cumulative=7436)
 00:00:54 | WARNING! Aborting ECBS - could not obtain an initial solution for the following agents: Agent1(318->1532)
 00:00:54 | ECBS RandomHop mutated 19/21 agent paths [SUPPRESSED] (cumulative=7455)
 00:00:54 | WARNING! Aborting ECBS - could not obtain an initial solution for the following agents: Agent1(318->1532)
 00:00:54 | ECBS RandomHop mutated 19/21 agent paths [SUPPRESSED] (cumulative=7474)
 00:00:54 | WARNING! Aborting ECBS - could not obtain an initial solution for the following agents: Agent1(318->1532)
 00:00:54 | ECBS RandomHop mutated 19/22 agent paths [SUPPRESSED] (cumulative=7493)
 00:00:54 | WARNING! Aborting ECBS - could not obtain an initial solution for the following agents: Agent1(318->1532)
 00:00:54 | ECBS RandomHop mutated 19/22 agent paths [SUPPRESSED] (cumulative=7512)
 00:00:54 | WARNING! Aborting ECBS - could not obtain an initial solution for the following agents: Agent1(318->1532)
 00:00:54 | ECBS RandomHop mutated 19/22 agent paths [SUPPRESSED] (cumulative=7531)
 00:00:54 | WARNING! Aborting ECBS - could not obtain an initial solution for the following agents: Agent1(318->1532)
 00:00:54 | ECBS RandomHop mutated 19/22 agent paths [SUPPRESSED] (cumulative=7550)
 00:00:54 | WARNING! Aborting ECBS - could not obtain an initial solution for the following agents: Agent1(318->1532)
 00:00:54 | ECBS RandomHop mutated 19/22 agent paths [SUPPRESSED] (cumulative=7569)
 00:00:54 | WARNING! Aborting ECBS - could not obtain an initial solution for the following agents: Agent1(318->1532)
 00:00:54 | ECBS RandomHop mutated 19/23 agent paths [SUPPRESSED] (cumulative=7588)
 00:00:55 | WARNING! Aborting ECBS - could not obtain an initial solution for the following agents: Agent1(318->1532),Agent17(1278->72)
 00:00:55 | ECBS RandomHop mutated 19/23 agent paths [SUPPRESSED] (cumulative=7607)
 00:00:55 | WARNING! Aborting ECBS - could not obtain an initial solution for the following agents: Agent1(318->1532)
 00:00:55 | ECBS RandomHop mutated 19/23 agent paths [SUPPRESSED] (cumulative=7626)
 00:00:55 | 00:00:09 | 0.00:25:43 |  85.76%  |   217   |   448    | 74%  |  10852   |   0    | 153.10MB  
 00:00:55 | WARNING! Aborting ECBS - could not obtain an initial solution for the following agents: Agent1(318->1532)
 00:00:55 | ECBS RandomHop mutated 19/24 agent paths [SUPPRESSED] (cumulative=7645)
 00:00:55 | WARNING! Aborting ECBS - could not obtain an initial solution for the following agents: Agent1(318->1532)
 00:00:55 | ECBS RandomHop mutated 19/24 agent paths [SUPPRESSED] (cumulative=7664)
 00:00:55 | WARNING! Aborting ECBS - could not obtain an initial solution for the following agents: Agent1(318->1532)
 00:00:55 | ECBS RandomHop mutated 19/24 agent paths [SUPPRESSED] (cumulative=7683)
 00:00:55 | WARNING! Aborting ECBS - could not obtain an initial solution for the following agents: Agent1(318->1532)
 00:00:55 | ECBS RandomHop mutated 19/24 agent paths [SUPPRESSED] (cumulative=7702)
 00:00:55 | WARNING! Aborting ECBS - could not obtain an initial solution for the following agents: Agent1(318->1532)
 00:00:55 | ECBS RandomHop mutated 19/24 agent paths [SUPPRESSED] (cumulative=7721)
 00:00:55 | WARNING! Aborting ECBS - could not obtain an initial solution for the following agents: Agent1(318->1532)
 00:00:55 | ECBS RandomHop mutated 19/24 agent paths [SUPPRESSED] (cumulative=7740)
 00:00:55 | WARNING! Aborting ECBS - could not obtain an initial solution for the following agents: Agent1(318->1532)
 00:00:55 | ECBS RandomHop mutated 19/24 agent paths [SUPPRESSED] (cumulative=7759)
 00:00:55 | WARNING! Aborting ECBS - could not obtain an initial solution for the following agents: Agent1(318->1532)
 00:00:55 | ECBS RandomHop mutated 19/24 agent paths [SUPPRESSED] (cumulative=7778)
 00:00:55 | WARNING! Aborting ECBS - could not obtain an initial solution for the following agents: Agent1(318->1532)
 00:00:55 | ECBS RandomHop mutated 19/23 agent paths [SUPPRESSED] (cumulative=7797)
 00:00:55 | WARNING! Aborting ECBS - could not obtain an initial solution for the following agents: Agent1(318->1532)
 00:00:55 | ECBS RandomHop mutated 19/23 agent paths [SUPPRESSED] (cumulative=7816)
 00:00:55 | WARNING! Aborting ECBS - could not obtain an initial solution for the following agents: Agent1(318->1532)
 00:00:55 | ECBS RandomHop mutated 19/23 agent paths [SUPPRESSED] (cumulative=7835)
 00:00:55 | WARNING! Aborting ECBS - could not obtain an initial solution for the following agents: Agent1(318->1532)
 00:00:55 | ECBS RandomHop mutated 19/23 agent paths [SUPPRESSED] (cumulative=7854)
 00:00:55 | WARNING! Aborting ECBS - could not obtain an initial solution for the following agents: Agent1(318->1532)
 00:00:55 | ECBS RandomHop mutated 19/23 agent paths [SUPPRESSED] (cumulative=7873)
 00:00:55 | WARNING! Aborting ECBS - could not obtain an initial solution for the following agents: Agent1(318->1532)
 00:00:55 | ECBS RandomHop mutated 19/23 agent paths [SUPPRESSED] (cumulative=7892)
 00:00:55 | WARNING! Aborting ECBS - could not obtain an initial solution for the following agents: Agent1(318->1532)
 00:00:55 | ECBS RandomHop mutated 19/23 agent paths [SUPPRESSED] (cumulative=7911)
 00:00:55 | WARNING! Aborting ECBS - could not obtain an initial solution for the following agents: Agent1(318->1532)
 00:00:55 | ECBS RandomHop mutated 19/23 agent paths [SUPPRESSED] (cumulative=7930)
 00:00:55 | WARNING! Aborting ECBS - could not obtain an initial solution for the following agents: Agent1(318->1532)
 00:00:55 | ECBS RandomHop mutated 19/22 agent paths [SUPPRESSED] (cumulative=7949)
 00:00:55 | WARNING! Aborting ECBS - could not obtain an initial solution for the following agents: Agent1(318->1532)
 00:00:55 | ECBS RandomHop mutated 19/22 agent paths [SUPPRESSED] (cumulative=7968)
 00:00:55 | WARNING! Aborting ECBS - could not obtain an initial solution for the following agents: Agent1(318->1532)
 00:00:55 | ECBS RandomHop mutated 19/23 agent paths [SUPPRESSED] (cumulative=7987)
 00:00:55 | WARNING! Aborting ECBS - could not obtain an initial solution for the following agents: Agent1(318->1532)
 00:00:55 | ECBS RandomHop mutated 19/23 agent paths [SUPPRESSED] (cumulative=8006)
 00:00:55 | WARNING! Aborting ECBS - could not obtain an initial solution for the following agents: Agent1(318->1532)
 00:00:55 | ECBS RandomHop mutated 19/23 agent paths [SUPPRESSED] (cumulative=8025)
 00:00:55 | WARNING! Aborting ECBS - could not obtain an initial solution for the following agents: Agent1(318->1532)
 00:00:55 | ECBS RandomHop mutated 19/23 agent paths [SUPPRESSED] (cumulative=8044)
 00:00:56 | WARNING! Aborting ECBS - could not obtain an initial solution for the following agents: Agent1(318->1532)
 00:00:56 | ECBS RandomHop mutated 19/23 agent paths [SUPPRESSED] (cumulative=8063)
 00:00:56 | WARNING! Aborting ECBS - could not obtain an initial solution for the following agents: Agent1(318->1532)
 00:00:56 | ECBS RandomHop mutated 19/22 agent paths [SUPPRESSED] (cumulative=8082)
 00:00:56 | WARNING! Aborting ECBS - could not obtain an initial solution for the following agents: Agent1(318->1532)
 00:00:56 | ECBS RandomHop mutated 19/22 agent paths [SUPPRESSED] (cumulative=8101)
 00:00:56 | WARNING! Aborting ECBS - could not obtain an initial solution for the following agents: Agent1(318->1532)
 00:00:56 | ECBS RandomHop mutated 19/22 agent paths [SUPPRESSED] (cumulative=8120)
 00:00:56 | WARNING! Aborting ECBS - could not obtain an initial solution for the following agents: Agent1(318->1532)
 00:00:56 | ECBS RandomHop mutated 19/22 agent paths [SUPPRESSED] (cumulative=8139)
 00:00:56 | WARNING! Aborting ECBS - could not obtain an initial solution for the following agents: Agent1(318->1532)
 00:00:56 | ECBS RandomHop mutated 19/22 agent paths [SUPPRESSED] (cumulative=8158)
 00:00:56 | WARNING! Aborting ECBS - could not obtain an initial solution for the following agents: Agent1(318->1532),Agent2(298->93)
 00:00:56 | ECBS RandomHop mutated 19/22 agent paths [SUPPRESSED] (cumulative=8177)
 00:00:56 | WARNING! Aborting ECBS - could not obtain an initial solution for the following agents: Agent1(318->1532)
 00:00:56 | ECBS RandomHop mutated 19/22 agent paths [SUPPRESSED] (cumulative=8196)
 00:00:56 | WARNING! Aborting ECBS - could not obtain an initial solution for the following agents: Agent1(318->1532)
 00:00:56 | ECBS RandomHop mutated 19/22 agent paths [SUPPRESSED] (cumulative=8215)
 00:00:56 | WARNING! Aborting ECBS - could not obtain an initial solution for the following agents: Agent1(318->1532)
 00:00:56 | ECBS RandomHop mutated 19/22 agent paths [SUPPRESSED] (cumulative=8234)
 00:00:56 | WARNING! Aborting ECBS - could not obtain an initial solution for the following agents: Agent1(318->1532)
 00:00:56 | ECBS RandomHop mutated 19/22 agent paths [SUPPRESSED] (cumulative=8253)
 00:00:56 | WARNING! Aborting ECBS - could not obtain an initial solution for the following agents: Agent1(318->1532)
 00:00:56 | ECBS RandomHop mutated 19/22 agent paths [SUPPRESSED] (cumulative=8272)
 00:00:56 | WARNING! Aborting ECBS - could not obtain an initial solution for the following agents: Agent1(318->1532)
 00:00:56 | ECBS RandomHop mutated 19/21 agent paths [SUPPRESSED] (cumulative=8291)
 00:00:56 | WARNING! Aborting ECBS - could not obtain an initial solution for the following agents: Agent1(318->1532)
 00:00:56 | ECBS RandomHop mutated 19/21 agent paths [SUPPRESSED] (cumulative=8310)
 00:00:56 | WARNING! Aborting ECBS - could not obtain an initial solution for the following agents: Agent1(318->1532)
 00:00:56 | ECBS RandomHop mutated 19/21 agent paths [SUPPRESSED] (cumulative=8329)
 00:00:56 | WARNING! Aborting ECBS - could not obtain an initial solution for the following agents: Agent1(318->1532)
 00:00:56 | ECBS RandomHop mutated 19/22 agent paths [SUPPRESSED] (cumulative=8348)
 00:00:56 | WARNING! Aborting ECBS - could not obtain an initial solution for the following agents: Agent1(318->1532)
 00:00:56 | ECBS RandomHop mutated 19/22 agent paths [SUPPRESSED] (cumulative=8367)
 00:00:56 | WARNING! Aborting ECBS - could not obtain an initial solution for the following agents: Agent1(318->1532)
 00:00:56 | ECBS RandomHop mutated 19/22 agent paths [SUPPRESSED] (cumulative=8386)
 00:00:56 | WARNING! Aborting ECBS - could not obtain an initial solution for the following agents: Agent1(318->1532)
 00:00:56 | ECBS RandomHop mutated 19/21 agent paths [SUPPRESSED] (cumulative=8405)
 00:00:56 | WARNING! Aborting ECBS - could not obtain an initial solution for the following agents: Agent1(318->1532)
 00:00:56 | ECBS RandomHop mutated 19/21 agent paths [SUPPRESSED] (cumulative=8424)
 00:00:56 | WARNING! Aborting ECBS - could not obtain an initial solution for the following agents: Agent1(318->1532)
 00:00:56 | ECBS RandomHop mutated 19/21 agent paths [SUPPRESSED] (cumulative=8443)
 00:00:56 | WARNING! Aborting ECBS - could not obtain an initial solution for the following agents: Agent1(318->1532)
 00:00:56 | ECBS RandomHop mutated 19/21 agent paths [SUPPRESSED] (cumulative=8462)
 00:00:57 | WARNING! Aborting ECBS - could not obtain an initial solution for the following agents: Agent1(318->1532)
 00:00:57 | ECBS RandomHop mutated 19/21 agent paths [SUPPRESSED] (cumulative=8481)
 00:00:57 | WARNING! Aborting ECBS - could not obtain an initial solution for the following agents: Agent1(318->1532)
 00:00:57 | ECBS RandomHop mutated 19/21 agent paths [SUPPRESSED] (cumulative=8500)
 00:00:57 | WARNING! Aborting ECBS - could not obtain an initial solution for the following agents: Agent1(318->1532)
 00:00:57 | ECBS RandomHop mutated 19/21 agent paths [SUPPRESSED] (cumulative=8519)
 00:00:57 | WARNING! Aborting ECBS - could not obtain an initial solution for the following agents: Agent1(318->1532)
 00:00:57 | ECBS RandomHop mutated 19/21 agent paths [SUPPRESSED] (cumulative=8538)
 00:00:57 | WARNING! Aborting ECBS - could not obtain an initial solution for the following agents: Agent1(318->1532)
 00:00:57 | ECBS RandomHop mutated 19/21 agent paths [SUPPRESSED] (cumulative=8557)
 00:00:57 | WARNING! Aborting ECBS - could not obtain an initial solution for the following agents: Agent1(318->1532)
 00:00:57 | ECBS RandomHop mutated 19/20 agent paths [SUPPRESSED] (cumulative=8576)
 00:00:57 | WARNING! Aborting ECBS - could not obtain an initial solution for the following agents: Agent1(318->1532)
 00:00:57 | ECBS RandomHop mutated 19/20 agent paths [SUPPRESSED] (cumulative=8595)
 00:00:57 | WARNING! Aborting ECBS - could not obtain an initial solution for the following agents: Agent1(318->1532)
 00:00:57 | ECBS RandomHop mutated 19/21 agent paths [SUPPRESSED] (cumulative=8614)
 00:00:57 | WARNING! Aborting ECBS - could not obtain an initial solution for the following agents: Agent1(318->1532)
 00:00:57 | ECBS RandomHop mutated 19/21 agent paths [SUPPRESSED] (cumulative=8633)
 00:00:57 | WARNING! Aborting ECBS - could not obtain an initial solution for the following agents: Agent1(318->1532)
 00:00:57 | ECBS RandomHop mutated 19/21 agent paths [SUPPRESSED] (cumulative=8652)
 00:00:57 | WARNING! Aborting ECBS - could not obtain an initial solution for the following agents: Agent1(318->1532)
 00:00:57 | ECBS RandomHop mutated 19/22 agent paths [SUPPRESSED] (cumulative=8671)
 00:00:57 | WARNING! Aborting ECBS - could not obtain an initial solution for the following agents: Agent1(318->1532)
 00:00:57 | ECBS RandomHop mutated 19/22 agent paths [SUPPRESSED] (cumulative=8690)
 00:00:57 | WARNING! Aborting ECBS - could not obtain an initial solution for the following agents: Agent1(318->1532)
 00:00:57 | ECBS RandomHop mutated 19/22 agent paths [SUPPRESSED] (cumulative=8709)
 00:00:57 | WARNING! Aborting ECBS - could not obtain an initial solution for the following agents: Agent1(318->1532)
 00:00:57 | ECBS RandomHop mutated 19/22 agent paths [SUPPRESSED] (cumulative=8728)
 00:00:57 | WARNING! Aborting ECBS - could not obtain an initial solution for the following agents: Agent1(318->1532)
 00:00:57 | ECBS RandomHop mutated 19/22 agent paths [SUPPRESSED] (cumulative=8747)
 00:00:57 | WARNING! Aborting ECBS - could not obtain an initial solution for the following agents: Agent1(318->1532)
 00:00:57 | ECBS RandomHop mutated 19/22 agent paths [SUPPRESSED] (cumulative=8766)
 00:00:57 | WARNING! Aborting ECBS - could not obtain an initial solution for the following agents: Agent1(318->1532)
 00:00:57 | ECBS RandomHop mutated 19/22 agent paths [SUPPRESSED] (cumulative=8785)
 00:00:57 | WARNING! Aborting ECBS - could not obtain an initial solution for the following agents: Agent1(318->1532)
 00:00:57 | ECBS RandomHop mutated 19/22 agent paths [SUPPRESSED] (cumulative=8804)
 00:00:57 | WARNING! Aborting ECBS - could not obtain an initial solution for the following agents: Agent1(318->1532)
 00:00:57 | ECBS RandomHop mutated 19/22 agent paths [SUPPRESSED] (cumulative=8823)
 00:00:57 | WARNING! Aborting ECBS - could not obtain an initial solution for the following agents: Agent1(318->1532)
 00:00:57 | ECBS RandomHop mutated 19/22 agent paths [SUPPRESSED] (cumulative=8842)
 00:00:57 | WARNING! Aborting ECBS - could not obtain an initial solution for the following agents: Agent1(318->1532)
 00:00:57 | ECBS RandomHop mutated 19/22 agent paths [SUPPRESSED] (cumulative=8861)
 00:00:57 | WARNING! Aborting ECBS - could not obtain an initial solution for the following agents: Agent1(318->1532)
 00:00:57 | ECBS RandomHop mutated 19/22 agent paths [SUPPRESSED] (cumulative=8880)
 00:00:57 | WARNING! Aborting ECBS - could not obtain an initial solution for the following agents: Agent1(318->1532)
 00:00:57 | ECBS RandomHop mutated 19/22 agent paths [SUPPRESSED] (cumulative=8899)
 00:00:58 | WARNING! Aborting ECBS - could not obtain an initial solution for the following agents: Agent1(318->1532)
 00:00:58 | ECBS RandomHop mutated 19/21 agent paths [SUPPRESSED] (cumulative=8918)
 00:00:58 | WARNING! Aborting ECBS - could not obtain an initial solution for the following agents: Agent1(318->1532)
 00:00:58 | ECBS RandomHop mutated 19/21 agent paths [SUPPRESSED] (cumulative=8937)
 00:00:58 | WARNING! Aborting ECBS - could not obtain an initial solution for the following agents: Agent1(318->1532)
 00:00:58 | ECBS RandomHop mutated 19/21 agent paths [SUPPRESSED] (cumulative=8956)
 00:00:58 | WARNING! Aborting ECBS - could not obtain an initial solution for the following agents: Agent1(318->1532)
 00:00:58 | ECBS RandomHop mutated 19/21 agent paths [SUPPRESSED] (cumulative=8975)
 00:00:58 | WARNING! Aborting ECBS - could not obtain an initial solution for the following agents: Agent1(318->1532)
 00:00:58 | ECBS RandomHop mutated 19/21 agent paths [SUPPRESSED] (cumulative=8994)
 00:00:58 | WARNING! Aborting ECBS - could not obtain an initial solution for the following agents: Agent1(318->1532)
 00:00:58 | ECBS RandomHop mutated 19/21 agent paths [SUPPRESSED] (cumulative=9013)
 00:00:58 | WARNING! Aborting ECBS - could not obtain an initial solution for the following agents: Agent1(318->1532)
 00:00:58 | ECBS RandomHop mutated 19/21 agent paths [SUPPRESSED] (cumulative=9032)
 00:00:58 | WARNING! Aborting ECBS - could not obtain an initial solution for the following agents: Agent1(318->1532)
 00:00:58 | ECBS RandomHop mutated 19/21 agent paths [SUPPRESSED] (cumulative=9051)
 00:00:58 | WARNING! Aborting ECBS - could not obtain an initial solution for the following agents: Agent1(318->1532)
 00:00:58 | ECBS RandomHop mutated 19/21 agent paths [SUPPRESSED] (cumulative=9070)
 00:00:58 | WARNING! Aborting ECBS - could not obtain an initial solution for the following agents: Agent1(318->1532)
 00:00:58 | ECBS RandomHop mutated 19/22 agent paths [SUPPRESSED] (cumulative=9089)
 00:00:58 | WARNING! Aborting ECBS - could not obtain an initial solution for the following agents: Agent1(318->1532)
 00:00:58 | ECBS RandomHop mutated 19/22 agent paths [SUPPRESSED] (cumulative=9108)
 00:00:58 | WARNING! Aborting ECBS - could not obtain an initial solution for the following agents: Agent1(318->1532)
 00:00:58 | ECBS RandomHop mutated 19/22 agent paths [SUPPRESSED] (cumulative=9127)
 00:00:58 | WARNING! Aborting ECBS - could not obtain an initial solution for the following agents: Agent1(318->1532)
 00:00:58 | ECBS RandomHop mutated 19/22 agent paths [SUPPRESSED] (cumulative=9146)
 00:00:58 | WARNING! Aborting ECBS - could not obtain an initial solution for the following agents: Agent1(318->1532)
 00:00:58 | ECBS RandomHop mutated 19/22 agent paths [SUPPRESSED] (cumulative=9165)
 00:00:58 | WARNING! Aborting ECBS - could not obtain an initial solution for the following agents: Agent1(318->1532)
 00:00:58 | ECBS RandomHop mutated 19/22 agent paths [SUPPRESSED] (cumulative=9184)
 00:00:58 | WARNING! Aborting ECBS - could not obtain an initial solution for the following agents: Agent1(318->1532)
 00:00:58 | ECBS RandomHop mutated 19/22 agent paths [SUPPRESSED] (cumulative=9203)
 00:00:58 | WARNING! Aborting ECBS - could not obtain an initial solution for the following agents: Agent1(318->1532)
 00:00:58 | ECBS RandomHop mutated 19/22 agent paths [SUPPRESSED] (cumulative=9222)
 00:00:58 | WARNING! Aborting ECBS - could not obtain an initial solution for the following agents: Agent1(318->1532)
 00:00:58 | ECBS RandomHop mutated 19/22 agent paths [SUPPRESSED] (cumulative=9241)
 00:00:58 | WARNING! Aborting ECBS - could not obtain an initial solution for the following agents: Agent1(318->1532)
 00:00:58 | ECBS RandomHop mutated 19/21 agent paths [SUPPRESSED] (cumulative=9260)
 00:00:58 | WARNING! Aborting ECBS - could not obtain an initial solution for the following agents: Agent1(318->1532)
 00:00:58 | ECBS RandomHop mutated 19/21 agent paths [SUPPRESSED] (cumulative=9279)
 00:00:59 | WARNING! Aborting ECBS - could not obtain an initial solution for the following agents: Agent1(318->1532)
 00:00:59 | ECBS RandomHop mutated 19/21 agent paths [SUPPRESSED] (cumulative=9298)
 00:00:59 | WARNING! Aborting ECBS - could not obtain an initial solution for the following agents: Agent1(318->1532)
 00:00:59 | ECBS RandomHop mutated 19/20 agent paths [SUPPRESSED] (cumulative=9317)
 00:00:59 | WARNING! Aborting ECBS - could not obtain an initial solution for the following agents: Agent1(318->1532)
 00:00:59 | ECBS RandomHop mutated 19/20 agent paths [SUPPRESSED] (cumulative=9336)
 00:00:59 | WARNING! Aborting ECBS - could not obtain an initial solution for the following agents: Agent1(318->1532)
 00:00:59 | ECBS RandomHop mutated 19/19 agent paths [SUPPRESSED] (cumulative=9355)
 00:00:59 | WARNING! Aborting ECBS - could not obtain an initial solution for the following agents: Agent1(318->1532)
 00:00:59 | ECBS RandomHop mutated 19/19 agent paths [SUPPRESSED] (cumulative=9374)
 00:00:59 | WARNING! Aborting ECBS - could not obtain an initial solution for the following agents: Agent1(318->1532)
 00:00:59 | ECBS RandomHop mutated 19/19 agent paths [SUPPRESSED] (cumulative=9393)
 00:00:59 | WARNING! Aborting ECBS - could not obtain an initial solution for the following agents: Agent1(318->1532)
 00:00:59 | ECBS RandomHop mutated 19/19 agent paths [SUPPRESSED] (cumulative=9412)
 00:00:59 | WARNING! Aborting ECBS - could not obtain an initial solution for the following agents: Agent1(318->1532)
 00:00:59 | ECBS RandomHop mutated 19/19 agent paths [SUPPRESSED] (cumulative=9431)
 00:00:59 | WARNING! Aborting ECBS - could not obtain an initial solution for the following agents: Agent1(318->1532)
 00:00:59 | ECBS RandomHop mutated 19/19 agent paths [SUPPRESSED] (cumulative=9450)
 00:00:59 | WARNING! Aborting ECBS - could not obtain an initial solution for the following agents: Agent1(318->1532)
 00:00:59 | ECBS RandomHop mutated 19/19 agent paths [SUPPRESSED] (cumulative=9469)
 00:00:59 | WARNING! Aborting ECBS - could not obtain an initial solution for the following agents: Agent1(318->1532)
 00:00:59 | ECBS RandomHop mutated 19/19 agent paths [SUPPRESSED] (cumulative=9488)
 00:00:59 | WARNING! Aborting ECBS - could not obtain an initial solution for the following agents: Agent1(318->1532)
 00:00:59 | ECBS RandomHop mutated 19/19 agent paths [SUPPRESSED] (cumulative=9507)
 00:00:59 | WARNING! Aborting ECBS - could not obtain an initial solution for the following agents: Agent1(318->1532)
 00:00:59 | ECBS RandomHop mutated 19/19 agent paths [SUPPRESSED] (cumulative=9526)
 00:00:59 | WARNING! Aborting ECBS - could not obtain an initial solution for the following agents: Agent1(318->1532)
 00:00:59 | ECBS RandomHop mutated 19/19 agent paths [SUPPRESSED] (cumulative=9545)
 00:00:59 | WARNING! Aborting ECBS - could not obtain an initial solution for the following agents: Agent1(318->1532)
 00:00:59 | ECBS RandomHop mutated 19/20 agent paths [SUPPRESSED] (cumulative=9564)
 00:00:59 | WARNING! Aborting ECBS - could not obtain an initial solution for the following agents: Agent1(318->1532)
 00:00:59 | ECBS RandomHop mutated 19/20 agent paths [SUPPRESSED] (cumulative=9583)
 00:00:59 | WARNING! Aborting ECBS - could not obtain an initial solution for the following agents: Agent1(318->1532)
 00:00:59 | ECBS RandomHop mutated 19/20 agent paths [SUPPRESSED] (cumulative=9602)
 00:00:59 | WARNING! Aborting ECBS - could not obtain an initial solution for the following agents: Agent1(318->1532)
 00:00:59 | ECBS RandomHop mutated 19/20 agent paths [SUPPRESSED] (cumulative=9621)
 00:00:59 | WARNING! Aborting ECBS - could not obtain an initial solution for the following agents: Agent1(318->1532)
 00:00:59 | ECBS RandomHop mutated 19/20 agent paths [SUPPRESSED] (cumulative=9640)
 00:00:59 | WARNING! Aborting ECBS - could not obtain an initial solution for the following agents: Agent1(318->1532)
 00:00:59 | ECBS RandomHop mutated 19/20 agent paths [SUPPRESSED] (cumulative=9659)
 00:00:59 | WARNING! Aborting ECBS - could not obtain an initial solution for the following agents: Agent1(318->1532)
 00:00:59 | ECBS RandomHop mutated 19/20 agent paths [SUPPRESSED] (cumulative=9678)
 00:01:00 | WARNING! Aborting ECBS - could not obtain an initial solution for the following agents: Agent1(318->1532)
 00:01:00 | ECBS RandomHop mutated 19/20 agent paths [SUPPRESSED] (cumulative=9697)
 00:01:00 | WARNING! Aborting ECBS - could not obtain an initial solution for the following agents: Agent1(318->1532)
 00:01:00 | ECBS RandomHop mutated 19/20 agent paths [SUPPRESSED] (cumulative=9716)
 00:01:00 | 00:00:05 | 0.00:27:36 |  92.01%  |   217   |   471    | 74%  |  11117   |   0    | 152.85MB  
 00:01:00 | WARNING! Aborting ECBS - could not obtain an initial solution for the following agents: Agent1(318->1532)
 00:01:00 | ECBS RandomHop mutated 19/20 agent paths [SUPPRESSED] (cumulative=9735)
 00:01:00 | WARNING! Aborting ECBS - could not obtain an initial solution for the following agents: Agent1(318->1532)
 00:01:00 | ECBS RandomHop mutated 19/21 agent paths [SUPPRESSED] (cumulative=9754)
 00:01:00 | WARNING! Aborting ECBS - could not obtain an initial solution for the following agents: Agent1(318->1532)
 00:01:00 | ECBS RandomHop mutated 19/22 agent paths [SUPPRESSED] (cumulative=9773)
 00:01:00 | WARNING! Aborting ECBS - could not obtain an initial solution for the following agents: Agent1(318->1532)
 00:01:00 | ECBS RandomHop mutated 19/22 agent paths [SUPPRESSED] (cumulative=9792)
 00:01:00 | WARNING! Aborting ECBS - could not obtain an initial solution for the following agents: Agent1(318->1532)
 00:01:00 | ECBS RandomHop mutated 19/22 agent paths [SUPPRESSED] (cumulative=9811)
 00:01:00 | WARNING! Aborting ECBS - could not obtain an initial solution for the following agents: Agent1(318->1532)
 00:01:00 | ECBS RandomHop mutated 19/22 agent paths [SUPPRESSED] (cumulative=9830)
 00:01:00 | WARNING! Aborting ECBS - could not obtain an initial solution for the following agents: Agent1(318->1532)
 00:01:00 | ECBS RandomHop mutated 19/22 agent paths [SUPPRESSED] (cumulative=9849)
 00:01:00 | WARNING! Aborting ECBS - could not obtain an initial solution for the following agents: Agent1(318->1532)
 00:01:00 | ECBS RandomHop mutated 19/22 agent paths [SUPPRESSED] (cumulative=9868)
 00:01:00 | WARNING! Aborting ECBS - could not obtain an initial solution for the following agents: Agent1(318->1532)
 00:01:00 | ECBS RandomHop mutated 19/22 agent paths [SUPPRESSED] (cumulative=9887)
 00:01:00 | WARNING! Aborting ECBS - could not obtain an initial solution for the following agents: Agent1(318->1532)
 00:01:00 | ECBS RandomHop mutated 19/22 agent paths [SUPPRESSED] (cumulative=9906)
 00:01:00 | WARNING! Aborting ECBS - could not obtain an initial solution for the following agents: Agent1(318->1532)
 00:01:00 | ECBS RandomHop mutated 19/22 agent paths [SUPPRESSED] (cumulative=9925)
 00:01:00 | WARNING! Aborting ECBS - could not obtain an initial solution for the following agents: Agent1(318->1532)
 00:01:00 | ECBS RandomHop mutated 19/22 agent paths [SUPPRESSED] (cumulative=9944)
 00:01:00 | WARNING! Aborting ECBS - could not obtain an initial solution for the following agents: Agent1(318->1532)
 00:01:00 | ECBS RandomHop mutated 19/22 agent paths [SUPPRESSED] (cumulative=9963)
 00:01:00 | WARNING! Aborting ECBS - could not obtain an initial solution for the following agents: Agent1(318->1532)
 00:01:00 | ECBS RandomHop mutated 19/22 agent paths [SUPPRESSED] (cumulative=9982)
 00:01:00 | WARNING! Aborting ECBS - could not obtain an initial solution for the following agents: Agent1(318->1532)
 00:01:00 | ECBS RandomHop mutated 19/22 agent paths [SUPPRESSED] (cumulative=10001)
 00:01:00 | WARNING! Aborting ECBS - could not obtain an initial solution for the following agents: Agent1(318->1532)
 00:01:00 | ECBS RandomHop mutated 19/22 agent paths [SUPPRESSED] (cumulative=10020)
 00:01:00 | WARNING! Aborting ECBS - could not obtain an initial solution for the following agents: Agent1(318->1532)
 00:01:00 | ECBS RandomHop mutated 19/22 agent paths [SUPPRESSED] (cumulative=10039)
 00:01:00 | WARNING! Aborting ECBS - could not obtain an initial solution for the following agents: Agent1(318->1532)
 00:01:00 | ECBS RandomHop mutated 19/22 agent paths [SUPPRESSED] (cumulative=10058)
 00:01:00 | WARNING! Aborting ECBS - could not obtain an initial solution for the following agents: Agent1(318->1532)
 00:01:00 | ECBS RandomHop mutated 19/22 agent paths [SUPPRESSED] (cumulative=10077)
 00:01:00 | WARNING! Aborting ECBS - could not obtain an initial solution for the following agents: Agent1(318->1532)
 00:01:00 | ECBS RandomHop mutated 19/21 agent paths [SUPPRESSED] (cumulative=10096)
 00:01:00 | WARNING! Aborting ECBS - could not obtain an initial solution for the following agents: Agent1(318->1532)
 00:01:00 | ECBS RandomHop mutated 19/21 agent paths [SUPPRESSED] (cumulative=10115)
 00:01:00 | WARNING! Aborting ECBS - could not obtain an initial solution for the following agents: Agent1(318->1532)
 00:01:00 | ECBS RandomHop mutated 19/21 agent paths [SUPPRESSED] (cumulative=10134)
 00:01:01 | WARNING! Aborting ECBS - could not obtain an initial solution for the following agents: Agent1(318->1532)
 00:01:01 | ECBS RandomHop mutated 19/21 agent paths [SUPPRESSED] (cumulative=10153)
 00:01:01 | WARNING! Aborting ECBS - could not obtain an initial solution for the following agents: Agent1(318->1532)
 00:01:01 | ECBS RandomHop mutated 19/21 agent paths [SUPPRESSED] (cumulative=10172)
 00:01:01 | WARNING! Aborting ECBS - could not obtain an initial solution for the following agents: Agent1(318->1532)
 00:01:01 | ECBS RandomHop mutated 19/21 agent paths [SUPPRESSED] (cumulative=10191)
 00:01:01 | WARNING! Aborting ECBS - could not obtain an initial solution for the following agents: Agent1(318->1532)
 00:01:01 | ECBS RandomHop mutated 19/21 agent paths [SUPPRESSED] (cumulative=10210)
 00:01:01 | WARNING! Aborting ECBS - could not obtain an initial solution for the following agents: Agent1(318->1532)
 00:01:01 | ECBS RandomHop mutated 19/21 agent paths [SUPPRESSED] (cumulative=10229)
 00:01:01 | WARNING! Aborting ECBS - could not obtain an initial solution for the following agents: Agent1(318->1532)
 00:01:01 | ECBS RandomHop mutated 19/21 agent paths [SUPPRESSED] (cumulative=10248)
 00:01:01 | WARNING! Aborting ECBS - could not obtain an initial solution for the following agents: Agent1(318->1532)
 00:01:01 | ECBS RandomHop mutated 19/21 agent paths [SUPPRESSED] (cumulative=10267)
 00:01:01 | WARNING! Aborting ECBS - could not obtain an initial solution for the following agents: Agent1(318->1532)
 00:01:01 | ECBS RandomHop mutated 19/21 agent paths [SUPPRESSED] (cumulative=10286)
 00:01:01 | WARNING! Aborting ECBS - could not obtain an initial solution for the following agents: Agent1(318->1532)
 00:01:01 | ECBS RandomHop mutated 19/21 agent paths [SUPPRESSED] (cumulative=10305)
 00:01:01 | WARNING! Aborting ECBS - could not obtain an initial solution for the following agents: Agent1(318->1532)
 00:01:01 | ECBS RandomHop mutated 19/20 agent paths [SUPPRESSED] (cumulative=10324)
 00:01:01 | WARNING! Aborting ECBS - could not obtain an initial solution for the following agents: Agent1(318->1532)
 00:01:01 | ECBS RandomHop mutated 19/19 agent paths [SUPPRESSED] (cumulative=10343)
 00:01:01 | WARNING! Aborting ECBS - could not obtain an initial solution for the following agents: Agent1(318->1532)
 00:01:01 | ECBS RandomHop mutated 19/19 agent paths [SUPPRESSED] (cumulative=10362)
 00:01:01 | WARNING! Aborting ECBS - could not obtain an initial solution for the following agents: Agent1(318->1532)
 00:01:01 | ECBS RandomHop mutated 19/19 agent paths [SUPPRESSED] (cumulative=10381)
 00:01:01 | WARNING! Aborting ECBS - could not obtain an initial solution for the following agents: Agent1(318->1532)
 00:01:01 | ECBS RandomHop mutated 19/19 agent paths [SUPPRESSED] (cumulative=10400)
 00:01:01 | WARNING! Aborting ECBS - could not obtain an initial solution for the following agents: Agent1(318->1532)
 00:01:01 | ECBS RandomHop mutated 19/19 agent paths [SUPPRESSED] (cumulative=10419)
 00:01:01 | WARNING! Aborting ECBS - could not obtain an initial solution for the following agents: Agent1(318->1532)
 00:01:01 | ECBS RandomHop mutated 19/19 agent paths [SUPPRESSED] (cumulative=10438)
 00:01:01 | WARNING! Aborting ECBS - could not obtain an initial solution for the following agents: Agent1(318->1532)
 00:01:01 | ECBS RandomHop mutated 19/19 agent paths [SUPPRESSED] (cumulative=10457)
 00:01:01 | WARNING! Aborting ECBS - could not obtain an initial solution for the following agents: Agent1(318->1532)
 00:01:01 | ECBS RandomHop mutated 19/20 agent paths [SUPPRESSED] (cumulative=10476)
 00:01:01 | WARNING! Aborting ECBS - could not obtain an initial solution for the following agents: Agent1(318->1532)
 00:01:01 | ECBS RandomHop mutated 19/20 agent paths [SUPPRESSED] (cumulative=10495)
 00:01:01 | WARNING! Aborting ECBS - could not obtain an initial solution for the following agents: Agent1(318->1532)
 00:01:01 | ECBS RandomHop mutated 19/21 agent paths [SUPPRESSED] (cumulative=10514)
 00:01:01 | WARNING! Aborting ECBS - could not obtain an initial solution for the following agents: Agent1(318->1532)
 00:01:01 | ECBS RandomHop mutated 19/21 agent paths [SUPPRESSED] (cumulative=10533)
 00:01:01 | WARNING! Aborting ECBS - could not obtain an initial solution for the following agents: Agent1(318->1532)
 00:01:01 | ECBS RandomHop mutated 19/21 agent paths [SUPPRESSED] (cumulative=10552)
 00:01:01 | WARNING! Aborting ECBS - could not obtain an initial solution for the following agents: Agent1(318->1532)
 00:01:01 | ECBS RandomHop mutated 19/21 agent paths [SUPPRESSED] (cumulative=10571)
 00:01:01 | WARNING! Aborting ECBS - could not obtain an initial solution for the following agents: Agent1(318->1532)
 00:01:01 | ECBS RandomHop mutated 19/21 agent paths [SUPPRESSED] (cumulative=10590)
 00:01:01 | WARNING! Aborting ECBS - could not obtain an initial solution for the following agents: Agent1(318->1532)
 00:01:01 | ECBS RandomHop mutated 19/21 agent paths [SUPPRESSED] (cumulative=10609)
 00:01:01 | WARNING! Aborting ECBS - could not obtain an initial solution for the following agents: Agent1(318->1532)
 00:01:01 | ECBS RandomHop mutated 19/21 agent paths [SUPPRESSED] (cumulative=10628)
 00:01:01 | WARNING! Aborting ECBS - could not obtain an initial solution for the following agents: Agent1(318->1532)
 00:01:01 | ECBS RandomHop mutated 19/21 agent paths [SUPPRESSED] (cumulative=10647)
 00:01:02 | WARNING! Aborting ECBS - could not obtain an initial solution for the following agents: Agent1(318->1532)
 00:01:02 | ECBS RandomHop mutated 19/20 agent paths [SUPPRESSED] (cumulative=10666)
 00:01:02 | WARNING! Aborting ECBS - could not obtain an initial solution for the following agents: Agent1(318->1532)
 00:01:02 | ECBS RandomHop mutated 19/20 agent paths [SUPPRESSED] (cumulative=10685)
 00:01:02 | WARNING! Aborting ECBS - could not obtain an initial solution for the following agents: Agent1(318->1532)
 00:01:02 | ECBS RandomHop mutated 19/20 agent paths [SUPPRESSED] (cumulative=10704)
 00:01:02 | WARNING! Aborting ECBS - could not obtain an initial solution for the following agents: Agent1(318->1532)
 00:01:02 | ECBS RandomHop mutated 19/20 agent paths [SUPPRESSED] (cumulative=10723)
 00:01:02 | WARNING! Aborting ECBS - could not obtain an initial solution for the following agents: Agent1(318->1532)
 00:01:02 | ECBS RandomHop mutated 19/19 agent paths [SUPPRESSED] (cumulative=10742)
 00:01:02 | WARNING! Aborting ECBS - could not obtain an initial solution for the following agents: Agent1(318->1532)
 00:01:02 | ECBS RandomHop mutated 19/19 agent paths [SUPPRESSED] (cumulative=10761)
 00:01:02 | WARNING! Aborting ECBS - could not obtain an initial solution for the following agents: Agent1(318->1532)
 00:01:02 | ECBS RandomHop mutated 19/19 agent paths [SUPPRESSED] (cumulative=10780)
 00:01:02 | WARNING! Aborting ECBS - could not obtain an initial solution for the following agents: Agent1(318->1532)
 00:01:02 | ECBS RandomHop mutated 19/19 agent paths [SUPPRESSED] (cumulative=10799)
 00:01:02 | WARNING! Aborting ECBS - could not obtain an initial solution for the following agents: Agent1(318->1532)
 00:01:02 | ECBS RandomHop mutated 19/19 agent paths [SUPPRESSED] (cumulative=10818)
 00:01:02 | WARNING! Aborting ECBS - could not obtain an initial solution for the following agents: Agent1(318->1532)
 00:01:02 | ECBS RandomHop mutated 19/19 agent paths [SUPPRESSED] (cumulative=10837)
 00:01:02 | WARNING! Aborting ECBS - could not obtain an initial solution for the following agents: Agent1(318->1532)
 00:01:02 | ECBS RandomHop mutated 19/19 agent paths [SUPPRESSED] (cumulative=10856)
 00:01:02 | WARNING! Aborting ECBS - could not obtain an initial solution for the following agents: Agent1(318->1532)
 00:01:02 | ECBS RandomHop mutated 19/19 agent paths [SUPPRESSED] (cumulative=10875)
 00:01:02 | WARNING! Aborting ECBS - could not obtain an initial solution for the following agents: Agent1(318->1532)
 00:01:02 | ECBS RandomHop mutated 19/19 agent paths [SUPPRESSED] (cumulative=10894)
 00:01:02 | WARNING! Aborting ECBS - could not obtain an initial solution for the following agents: Agent1(318->1532)
 00:01:02 | ECBS RandomHop mutated 19/19 agent paths [SUPPRESSED] (cumulative=10913)
 00:01:02 | WARNING! Aborting ECBS - could not obtain an initial solution for the following agents: Agent1(318->1532)
 00:01:02 | ECBS RandomHop mutated 19/19 agent paths [SUPPRESSED] (cumulative=10932)
 00:01:02 | WARNING! Aborting ECBS - could not obtain an initial solution for the following agents: Agent1(318->1532)
 00:01:02 | ECBS RandomHop mutated 19/20 agent paths [SUPPRESSED] (cumulative=10951)
 00:01:02 | WARNING! Aborting ECBS - could not obtain an initial solution for the following agents: Agent1(318->1532)
 00:01:02 | ECBS RandomHop mutated 19/20 agent paths [SUPPRESSED] (cumulative=10970)
 00:01:02 | WARNING! Aborting ECBS - could not obtain an initial solution for the following agents: Agent1(318->1532)
 00:01:02 | ECBS RandomHop mutated 19/20 agent paths [SUPPRESSED] (cumulative=10989)
 00:01:02 | WARNING! Aborting ECBS - could not obtain an initial solution for the following agents: Agent1(318->1532)
 00:01:02 | ECBS RandomHop mutated 19/20 agent paths [SUPPRESSED] (cumulative=11008)
 00:01:02 | WARNING! Aborting ECBS - could not obtain an initial solution for the following agents: Agent1(318->1532)
 00:01:02 | ECBS RandomHop mutated 19/20 agent paths [SUPPRESSED] (cumulative=11027)
 00:01:02 | WARNING! Aborting ECBS - could not obtain an initial solution for the following agents: Agent1(318->1532)
 00:01:02 | ECBS RandomHop mutated 19/21 agent paths [SUPPRESSED] (cumulative=11046)
 00:01:02 | WARNING! Aborting ECBS - could not obtain an initial solution for the following agents: Agent1(318->1532)
 00:01:02 | ECBS RandomHop mutated 19/21 agent paths [SUPPRESSED] (cumulative=11065)
 00:01:02 | WARNING! Aborting ECBS - could not obtain an initial solution for the following agents: Agent1(318->1532)
 00:01:02 | ECBS RandomHop mutated 19/21 agent paths [SUPPRESSED] (cumulative=11084)
 00:01:02 | WARNING! Aborting ECBS - could not obtain an initial solution for the following agents: Agent1(318->1532)
 00:01:02 | ECBS RandomHop mutated 19/21 agent paths [SUPPRESSED] (cumulative=11103)
 00:01:02 | WARNING! Aborting ECBS - could not obtain an initial solution for the following agents: Agent1(318->1532)
 00:01:02 | ECBS RandomHop mutated 19/21 agent paths [SUPPRESSED] (cumulative=11122)
 00:01:02 | WARNING! Aborting ECBS - could not obtain an initial solution for the following agents: Agent1(318->1532)
 00:01:02 | ECBS RandomHop mutated 19/21 agent paths [SUPPRESSED] (cumulative=11141)
 00:01:03 | WARNING! Aborting ECBS - could not obtain an initial solution for the following agents: Agent1(318->1532)
 00:01:03 | ECBS RandomHop mutated 19/21 agent paths [SUPPRESSED] (cumulative=11160)
 00:01:03 | WARNING! Aborting ECBS - could not obtain an initial solution for the following agents: Agent1(318->1532)
 00:01:03 | ECBS RandomHop mutated 19/21 agent paths [SUPPRESSED] (cumulative=11179)
 00:01:03 | WARNING! Aborting ECBS - could not obtain an initial solution for the following agents: Agent1(318->1532)
 00:01:03 | ECBS RandomHop mutated 19/22 agent paths [SUPPRESSED] (cumulative=11198)
 00:01:03 | WARNING! Aborting ECBS - could not obtain an initial solution for the following agents: Agent1(318->1532)
 00:01:03 | ECBS RandomHop mutated 19/22 agent paths [SUPPRESSED] (cumulative=11217)
 00:01:03 | WARNING! Aborting ECBS - could not obtain an initial solution for the following agents: Agent1(318->1532)
 00:01:03 | ECBS RandomHop mutated 19/23 agent paths [SUPPRESSED] (cumulative=11236)
 00:01:03 | WARNING! Aborting ECBS - could not obtain an initial solution for the following agents: Agent1(318->1532)
 00:01:03 | ECBS RandomHop mutated 19/23 agent paths [SUPPRESSED] (cumulative=11255)
 00:01:03 | WARNING! Aborting ECBS - could not obtain an initial solution for the following agents: Agent1(318->1532)
 00:01:03 | ECBS RandomHop mutated 19/23 agent paths [SUPPRESSED] (cumulative=11274)
 00:01:03 | WARNING! Aborting ECBS - could not obtain an initial solution for the following agents: Agent1(318->1532)
 00:01:03 | ECBS RandomHop mutated 19/24 agent paths [SUPPRESSED] (cumulative=11293)
 00:01:03 | WARNING! Aborting ECBS - could not obtain an initial solution for the following agents: Agent1(318->1532)
 00:01:03 | ECBS RandomHop mutated 19/24 agent paths [SUPPRESSED] (cumulative=11312)
 00:01:03 | WARNING! Aborting ECBS - could not obtain an initial solution for the following agents: Agent1(318->1532)
 00:01:03 | ECBS RandomHop mutated 19/24 agent paths [SUPPRESSED] (cumulative=11331)
 00:01:03 | WARNING! Aborting ECBS - could not obtain an initial solution for the following agents: Agent1(318->1532)
 00:01:03 | ECBS RandomHop mutated 19/24 agent paths [SUPPRESSED] (cumulative=11350)
 00:01:03 | WARNING! Aborting ECBS - could not obtain an initial solution for the following agents: Agent1(318->1532)
 00:01:03 | ECBS RandomHop mutated 19/24 agent paths [SUPPRESSED] (cumulative=11369)
 00:01:03 | WARNING! Aborting ECBS - could not obtain an initial solution for the following agents: Agent1(318->1532)
 00:01:03 | ECBS RandomHop mutated 19/24 agent paths [SUPPRESSED] (cumulative=11388)
 00:01:03 | WARNING! Aborting ECBS - could not obtain an initial solution for the following agents: Agent1(318->1532)
 00:01:03 | ECBS RandomHop mutated 19/24 agent paths [SUPPRESSED] (cumulative=11407)
 00:01:03 | WARNING! Aborting ECBS - could not obtain an initial solution for the following agents: Agent1(318->1532)
 00:01:03 | ECBS RandomHop mutated 19/24 agent paths [SUPPRESSED] (cumulative=11426)
 00:01:03 | WARNING! Aborting ECBS - could not obtain an initial solution for the following agents: Agent1(318->1532)
 00:01:03 | ECBS RandomHop mutated 19/24 agent paths [SUPPRESSED] (cumulative=11445)
 00:01:03 | WARNING! Aborting ECBS - could not obtain an initial solution for the following agents: Agent1(318->1532)
 00:01:03 | ECBS RandomHop mutated 19/24 agent paths [SUPPRESSED] (cumulative=11464)
 00:01:03 | WARNING! Aborting ECBS - could not obtain an initial solution for the following agents: Agent1(318->1532)
 00:01:03 | ECBS RandomHop mutated 19/24 agent paths [SUPPRESSED] (cumulative=11483)
 00:01:03 | WARNING! Aborting ECBS - could not obtain an initial solution for the following agents: Agent1(318->1532)
 00:01:03 | ECBS RandomHop mutated 19/24 agent paths [SUPPRESSED] (cumulative=11502)
 00:01:03 | WARNING! Aborting ECBS - could not obtain an initial solution for the following agents: Agent1(318->1532)
 00:01:03 | ECBS RandomHop mutated 19/24 agent paths [SUPPRESSED] (cumulative=11521)
 00:01:03 | WARNING! Aborting ECBS - could not obtain an initial solution for the following agents: Agent1(318->1532)
 00:01:03 | ECBS RandomHop mutated 19/22 agent paths [SUPPRESSED] (cumulative=11540)
 00:01:03 | WARNING! Aborting ECBS - could not obtain an initial solution for the following agents: Agent1(318->1532)
 00:01:03 | ECBS RandomHop mutated 19/22 agent paths [SUPPRESSED] (cumulative=11559)
 00:01:03 | WARNING! Aborting ECBS - could not obtain an initial solution for the following agents: Agent1(318->1532)
 00:01:03 | ECBS RandomHop mutated 19/22 agent paths [SUPPRESSED] (cumulative=11578)
 00:01:03 | WARNING! Aborting ECBS - could not obtain an initial solution for the following agents: Agent1(318->1532)
 00:01:03 | ECBS RandomHop mutated 19/22 agent paths [SUPPRESSED] (cumulative=11597)
 00:01:04 | WARNING! Aborting ECBS - could not obtain an initial solution for the following agents: Agent1(318->1532)
 00:01:04 | ECBS RandomHop mutated 19/22 agent paths [SUPPRESSED] (cumulative=11616)
 00:01:04 | WARNING! Aborting ECBS - could not obtain an initial solution for the following agents: Agent1(318->1532)
 00:01:04 | ECBS RandomHop mutated 19/22 agent paths [SUPPRESSED] (cumulative=11635)
 00:01:04 | WARNING! Aborting ECBS - could not obtain an initial solution for the following agents: Agent1(318->1532)
 00:01:04 | ECBS RandomHop mutated 19/22 agent paths [SUPPRESSED] (cumulative=11654)
 00:01:04 | WARNING! Aborting ECBS - could not obtain an initial solution for the following agents: Agent1(318->1532)
 00:01:04 | ECBS RandomHop mutated 19/21 agent paths [SUPPRESSED] (cumulative=11673)
 00:01:04 | WARNING! Aborting ECBS - could not obtain an initial solution for the following agents: Agent1(318->1532)
 00:01:04 | ECBS RandomHop mutated 19/21 agent paths [SUPPRESSED] (cumulative=11692)
 00:01:04 | WARNING! Aborting ECBS - could not obtain an initial solution for the following agents: Agent1(318->1532)
 00:01:04 | ECBS RandomHop mutated 19/22 agent paths [SUPPRESSED] (cumulative=11711)
 00:01:04 | WARNING! Aborting ECBS - could not obtain an initial solution for the following agents: Agent1(318->1532)
 00:01:04 | ECBS RandomHop mutated 19/22 agent paths [SUPPRESSED] (cumulative=11730)
 00:01:04 | WARNING! Aborting ECBS - could not obtain an initial solution for the following agents: Agent1(318->1532)
 00:01:04 | ECBS RandomHop mutated 19/22 agent paths [SUPPRESSED] (cumulative=11749)
 00:01:04 | WARNING! Aborting ECBS - could not obtain an initial solution for the following agents: Agent1(318->1532)
 00:01:04 | ECBS RandomHop mutated 19/21 agent paths [SUPPRESSED] (cumulative=11768)
 00:01:04 | WARNING! Aborting ECBS - could not obtain an initial solution for the following agents: Agent1(318->1532)
 00:01:04 | ECBS RandomHop mutated 19/21 agent paths [SUPPRESSED] (cumulative=11787)
 00:01:04 | WARNING! Aborting ECBS - could not obtain an initial solution for the following agents: Agent1(318->1532)
 00:01:04 | ECBS RandomHop mutated 19/21 agent paths [SUPPRESSED] (cumulative=11806)
 00:01:04 | WARNING! Aborting ECBS - could not obtain an initial solution for the following agents: Agent1(318->1532)
 00:01:04 | ECBS RandomHop mutated 19/21 agent paths [SUPPRESSED] (cumulative=11825)
 00:01:04 | WARNING! Aborting ECBS - could not obtain an initial solution for the following agents: Agent1(318->1532)
 00:01:04 | ECBS RandomHop mutated 19/22 agent paths [SUPPRESSED] (cumulative=11844)
 00:01:04 | WARNING! Aborting ECBS - could not obtain an initial solution for the following agents: Agent1(318->1532)
 00:01:04 | ECBS RandomHop mutated 19/22 agent paths [SUPPRESSED] (cumulative=11863)
 00:01:04 | WARNING! Aborting ECBS - could not obtain an initial solution for the following agents: Agent1(318->1532)
 00:01:04 | ECBS RandomHop mutated 19/22 agent paths [SUPPRESSED] (cumulative=11882)
 00:01:04 | WARNING! Aborting ECBS - could not obtain an initial solution for the following agents: Agent1(318->1532)
 00:01:04 | ECBS RandomHop mutated 19/22 agent paths [SUPPRESSED] (cumulative=11901)
 00:01:04 | WARNING! Aborting ECBS - could not obtain an initial solution for the following agents: Agent1(318->1532)
 00:01:04 | ECBS RandomHop mutated 19/23 agent paths [SUPPRESSED] (cumulative=11920)
 00:01:04 | WARNING! Aborting ECBS - could not obtain an initial solution for the following agents: Agent1(318->1532)
 00:01:04 | ECBS RandomHop mutated 19/23 agent paths [SUPPRESSED] (cumulative=11939)
 00:01:04 | WARNING! Aborting ECBS - could not obtain an initial solution for the following agents: Agent1(318->1532)
 00:01:04 | ECBS RandomHop mutated 19/23 agent paths [SUPPRESSED] (cumulative=11958)
 00:01:04 | WARNING! Aborting ECBS - could not obtain an initial solution for the following agents: Agent1(318->1532)
 00:01:04 | ECBS RandomHop mutated 19/22 agent paths [SUPPRESSED] (cumulative=11977)
 00:01:04 | WARNING! Aborting ECBS - could not obtain an initial solution for the following agents: Agent1(318->1532)
 00:01:04 | ECBS RandomHop mutated 19/22 agent paths [SUPPRESSED] (cumulative=11996)
 00:01:04 | WARNING! Aborting ECBS - could not obtain an initial solution for the following agents: Agent1(318->1532)
 00:01:04 | ECBS RandomHop mutated 19/22 agent paths [SUPPRESSED] (cumulative=12015)
 00:01:04 | WARNING! Aborting ECBS - could not obtain an initial solution for the following agents: Agent1(318->1532)
 00:01:04 | ECBS RandomHop mutated 19/21 agent paths [SUPPRESSED] (cumulative=12034)
 00:01:04 | WARNING! Aborting ECBS - could not obtain an initial solution for the following agents: Agent1(318->1532)
 00:01:04 | ECBS RandomHop mutated 19/21 agent paths [SUPPRESSED] (cumulative=12053)
 00:01:04 | WARNING! Aborting ECBS - could not obtain an initial solution for the following agents: Agent1(318->1532)
 00:01:04 | ECBS RandomHop mutated 19/21 agent paths [SUPPRESSED] (cumulative=12072)
 00:01:04 | WARNING! Aborting ECBS - could not obtain an initial solution for the following agents: Agent1(318->1532)
 00:01:04 | ECBS RandomHop mutated 19/21 agent paths [SUPPRESSED] (cumulative=12091)
 00:01:05 | WARNING! Aborting ECBS - could not obtain an initial solution for the following agents: Agent1(318->1532)
 00:01:05 | ECBS RandomHop mutated 19/21 agent paths [SUPPRESSED] (cumulative=12110)
 00:01:05 | WARNING! Aborting ECBS - could not obtain an initial solution for the following agents: Agent1(318->1532)
 00:01:05 | ECBS RandomHop mutated 19/21 agent paths [SUPPRESSED] (cumulative=12129)
 00:01:05 | WARNING! Aborting ECBS - could not obtain an initial solution for the following agents: Agent1(318->1532)
 00:01:05 | ECBS RandomHop mutated 19/20 agent paths [SUPPRESSED] (cumulative=12148)
 00:01:05 | 00:00:00 | 0.00:29:49 |  99.41%  |   217   |   499    | 74%  |  11413   |   0    | 153.08MB  
 00:01:05 | WARNING! Aborting ECBS - could not obtain an initial solution for the following agents: Agent1(318->1532)
 00:01:05 | ECBS RandomHop mutated 19/20 agent paths [SUPPRESSED] (cumulative=12167)
 00:01:05 | WARNING! Aborting ECBS - could not obtain an initial solution for the following agents: Agent1(318->1532)
 00:01:05 | ECBS RandomHop mutated 19/20 agent paths [SUPPRESSED] (cumulative=12186)
 00:01:05 | WARNING! Aborting ECBS - could not obtain an initial solution for the following agents: Agent1(318->1532)
 00:01:05 | ECBS RandomHop mutated 19/19 agent paths [SUPPRESSED] (cumulative=12205)
 00:01:05 | WARNING! Aborting ECBS - could not obtain an initial solution for the following agents: Agent1(318->1532)
 00:01:05 | ECBS RandomHop mutated 19/19 agent paths [SUPPRESSED] (cumulative=12224)
 00:01:05 | WARNING! Aborting ECBS - could not obtain an initial solution for the following agents: Agent1(318->1532)
 00:01:05 | ECBS RandomHop mutated 19/19 agent paths [SUPPRESSED] (cumulative=12243)
 00:01:05 | WARNING! Aborting ECBS - could not obtain an initial solution for the following agents: Agent1(318->1532)
 00:01:05 | ECBS RandomHop mutated 19/19 agent paths [SUPPRESSED] (cumulative=12262)
 00:01:05 | WARNING! Aborting ECBS - could not obtain an initial solution for the following agents: Agent1(318->1532)
 00:01:05 | ECBS RandomHop mutated 19/20 agent paths [SUPPRESSED] (cumulative=12281)
 00:01:05 | WARNING! Aborting ECBS - could not obtain an initial solution for the following agents: Agent1(318->1532)
 00:01:05 | ECBS RandomHop mutated 19/20 agent paths [SUPPRESSED] (cumulative=12300)
 00:01:05 | WARNING! Aborting ECBS - could not obtain an initial solution for the following agents: Agent1(318->1532)
 00:01:05 | ECBS RandomHop mutated 19/20 agent paths [SUPPRESSED] (cumulative=12319)
 00:01:05 | WARNING! Aborting ECBS - could not obtain an initial solution for the following agents: Agent1(318->1532)
 00:01:05 | ECBS RandomHop mutated 19/20 agent paths [SUPPRESSED] (cumulative=12338)
 00:01:05 | 00:00:00 | 0.00:30:00 | 100.00%  |   217   |   501    | 74%  |  11437   |   0    | 152.95MB  
 00:01:05 | >>> Simulation finished - writing results ...
 00:01:06 | >>> Results written
Simulation finished.
>>> Timings
StatTimingPathPlanningAverage: 0.03166243498327762
StatTimingPathPlanningOverall: 47.33534030000004
StatTimingPathPlanningCount: 1495
StatTimingTaskAllocationAverage: 0.029818639207048477
StatTimingTaskAllocationOverall: 13.537662200000009
StatTimingTaskAllocationCount: 454
StatTimingItemStorageAverage: 2.9066093366093407E-05
StatTimingItemStorageOverall: 0.011829900000000016
StatTimingItemStorageCount: 407
StatTimingPodStorageAverage: 0.023220285000000004
StatTimingPodStorageOverall: 3.2508399000000003
StatTimingPodStorageCount: 140
StatTimingReplenishmentBatchingAverage: 3.287909238249596E-05
StatTimingReplenishmentBatchingOverall: 0.02028640000000001
StatTimingReplenishmentBatchingCount: 617
StatTimingOrderBatchingAverage: 0.0003840070252469815
StatTimingOrderBatchingOverall: 0.34983040000000015
StatTimingOrderBatchingCount: 911
>>> Overall
StatOverallBundlesPlaced: 596
StatOverallItemsOrdered: 409
StatOverallOrdersPlaced: 233
StatOverallBundlesRejected: 0
StatOverallOrdersRejected: 0
StatOverallBundlesHandled: 501
StatOverallItemsHandled: 350
StatOverallLinesHandled: 325
StatOverallOrdersHandled: 217
StatOverallCollisions: 0
StatOverallDistanceTraveled: 11436.960879953858
StatOverallDistanceEstimated: 11110
StatOverallAssignedTasks: 454
StatMaxMemoryUsed: 153.6953125
StatRealTimeUsed: 65.475885
StatAverageTurnoverTime: 390.20047893489857
StatMedianTurnoverTime: 295.6978111768203
StatLowerQuartileTurnoverTime: 157.4350510902981
StatUpperQuartileTurnoverTime: 569.5907334434993
StatAverageThroughputTime: 79.0053854344888
StatMedianThroughputTime: 42.10332628132642
StatLowerQuartileThroughputTime: 30.327095960902625
StatUpperQuartileThroughputTime: 118.88016269864966
>>> Energy (Rizqi model)
StatEnergyTotalKJ: 1363.5060271722089
StatEnergyE1AccelKJ: 472.8726586193855
StatEnergyE2DecelKJ: 0
StatEnergyE3CruiseKJ: 378.9758535728406
StatEnergyE4RotationKJ: 155.34555686565758
StatEnergyE5LiftLowerKJ: 356.3119581143249
StatEnergyPerOrderKJ: 6.283437913235986
StatEnergyPerMeterJoule: 119.1147049158914
StatEnergyIdleKJ: 1994.8218326827496
StatEnergyTotalWithIdleKJ: 3358.3278598549587
StatEnergyPerOrderWithIdleKJ: 15.476165252787828
StatDistanceTraveledRizqiM: 11447
>>> Motion Behavior
StatTurningCount: 1441
StatStopAndGoCount: 1773
StatLoadedDistanceM: 7846
StatLoadedTurningCount: 1078
StatLoadedStopAndGoCount: 1371
StatEmptyTurningCount: 363
StatEmptyStopAndGoCount: 402
StatWaitTimeSec: 28319.871553645753
StatPathPlanningTimeouts: 1
StatMoveEnergyEmptyKJ: 52.043025
StatMoveTimeEmptySec: 4516.413943886068
StatTurnEnergyEmptyKJ: 6.947016281023272
StatTurnTimeEmptySec: 379.4056566518921
StatMoveEnergyLoadedKJ: 799.8054871922261
StatMoveTimeLoadedSec: 11509.87763730684
StatTurnEnergyLoadedKJ: 148.39854058463436
StatTurnTimeLoadedSec: 1096.8417081763296
StatPrefEmptyW: 12.04906350604531
StatPrefLoadedW: 75.21417759780543

Marked tag finished after 1 tries!
.Fin. - SUCCESS
