<<< Welcome to the RAWSimO CLI >>>
The time is: 04/17/2026 09:45:48
Starting RAWSimO wrapper with the following arguments:
Instance: Material/Instances/CoreBenchmark/aesop.xlayo
Setting: Material/Instances/CoreBenchmark/test-short.xsett
ControlConfig: Material/Instances/CoreBenchmark/aesop-ecbs.xconf
StatisticsDir: output_compare/10seed-ecbs/
Seed: 6
Adding handler for unhandled exceptions ...
Initializing ... 
LayoutConfiguration recognized!
Parsing setting config ...
Parsing control config ...
Parsing layout config ...
Generating instance...
Info about all directions within the generated instance:
# # # # # e p e p p p p p p p p p p p p p p p p p e p p p p p p p p p p p p p p p p p e p p p p p p p p p e s # # # # # 
# # # # # n q ^ + + + + + + + + v + + + + + + + + ^ + + + + + + + + v + + + + + + + + ^ + + + + + + + + q d q # # # # # 
# # # # # b p b + + + + + + + + v + + + + + + + + ^ + + + + + + + + v + + + + + + + + ^ + + + + + + + + v b s # # # # # 
s w w w w d q d < < < < < < < < q < < < < < < < < d < < < < < < < < q < < < < < < < < d < < < < < < < < q d q w w w w w 
p e e e s b p b + + + + + + + + v + + + + + + + + ^ + + + + + + + + v + + + + + + + + ^ + + + + + + + + v b p e e e e n 
s w w w w d q ^ + + + + + + + + v + + + + + + + + ^ + + + + + + + + v + + + + + + + + ^ + + + + + + + + q d q n w w w d 
e e e e e b p b > > > > > > > > p > > > > > > > > b > > > > > > > > p > > > > > > > > b > > > > > > > > p b p e e e e n 
# # # # # n q ^ + + + + + + + + v + + + + + + + + ^ + + + + + + + + v + + + + + + + + ^ + + + + + + + + q d q # # # # # 
# # # # # b p b + + + + + + + + v + + + + + + + + ^ + + + + + + + + v + + + + + + + + ^ + + + + + + + + v b s # # # # # 
s w w w w d q d < < < < < < < < q < < < < < < < < d < < < < < < < < q < < < < < < < < d < < < < < < < < q d q w w w w w 
p e e e s b p b + + + + + + + + v + + + + + + + + ^ + + + + + + + + v + + + + + + + + ^ + + + + + + + + v b p e e e e n 
s w w w w d q ^ + + + + + + + + v + + + + + + + + ^ + + + + + + + + v + + + + + + + + ^ + + + + + + + + q d q n w w w d 
e e e e e b p b > > > > > > > > p > > > > > > > > b > > > > > > > > p > > > > > > > > b > > > > > > > > p b p e e e e n 
# # # # # n q ^ + + + + + + + + v + + + + + + + + ^ + + + + + + + + v + + + + + + + + ^ + + + + + + + + q d q # # # # # 
# # # # # b p b + + + + + + + + v + + + + + + + + ^ + + + + + + + + v + + + + + + + + ^ + + + + + + + + v b s # # # # # 
s w w w w d q d < < < < < < < < q < < < < < < < < d < < < < < < < < q < < < < < < < < d < < < < < < < < q d q w w w w w 
p e e e s b p b + + + + + + + + v + + + + + + + + ^ + + + + + + + + v + + + + + + + + ^ + + + + + + + + v b p e e e e n 
s w w w w d q ^ + + + + + + + + v + + + + + + + + ^ + + + + + + + + v + + + + + + + + ^ + + + + + + + + q d q n w w w d 
e e e e e b p b > > > > > > > > p > > > > > > > > b > > > > > > > > p > > > > > > > > b > > > > > > > > p b p e e e e n 
# # # # # n q ^ + + + + + + + + v + + + + + + + + ^ + + + + + + + + v + + + + + + + + ^ + + + + + + + + q d q # # # # # 
# # # # # b p b + + + + + + + + v + + + + + + + + ^ + + + + + + + + v + + + + + + + + ^ + + + + + + + + v b s # # # # # 
s w w w w d q d < < < < < < < < q < < < < < < < < d < < < < < < < < q < < < < < < < < d < < < < < < < < q d q w w w w w 
p e e e s b p b + + + + + + + + v + + + + + + + + ^ + + + + + + + + v + + + + + + + + ^ + + + + + + + + v b p e e e e n 
s w w w w d q ^ + + + + + + + + v + + + + + + + + ^ + + + + + + + + v + + + + + + + + ^ + + + + + + + + q d q n w w w d 
e e e e e b p b > > > > > > > > p > > > > > > > > b > > > > > > > > p > > > > > > > > b > > > > > > > > p b p e e e e n 
# # # # # n q ^ + + + + + + + + v + + + + + + + + ^ + + + + + + + + v + + + + + + + + ^ + + + + + + + + q d q # # # # # 
# # # # # b p b + + + + + + + + v + + + + + + + + ^ + + + + + + + + v + + + + + + + + ^ + + + + + + + + v b s # # # # # 
# # # # # n q d < < < < < < < < q < < < < < < < < d < < < < < < < < q < < < < < < < < d < < < < < < < < q d q # # # # # 
# # # # # b p b + + + + + + + + v + + + + + + + + ^ + + + + + + + + v + + + + + + + + ^ + + + + + + + + v b s # # # # # 
# # # # # n q ^ + + + + + + + + v + + + + + + + + ^ + + + + + + + + v + + + + + + + + ^ + + + + + + + + q d q # # # # # 
# # # # # b p b > > > > > > > > p > > > > > > > > b > > > > > > > > p > > > > > > > > b > > > > > > > > p b s # # # # # 
# # # # # n q ^ + + + + + + + + v + + + + + + + + ^ + + + + + + + + v + + + + + + + + ^ + + + + + + + + q d q # # # # # 
# # # # # b p b + + + + + + + + v + + + + + + + + ^ + + + + + + + + v + + + + + + + + ^ + + + + + + + + v b s # # # # # 
# # # # # n w d d d d d d d d d w d d d d d d d d d d d d d d d d d w d d d d d d d d d d d d d d d d d w d w # # # # # 


Info about all types within the generated instance:
# # # # # r r r r r r r r r r r r r r r r r r r r r r r r r r r r r r r r r r r r r r r r r r r r r r r r r r # # # # # 
# # # # # r r r s s s s s s s s r s s s s s s s s r s s s s s s s s r s s s s s s s s r s s s s s s s s r r r # # # # # 
# # # # # r r r s s s s s s s s r s s s s s s s s r s s s s s s s s r s s s s s s s s r s s s s s s s s r r r # # # # # 
b b b b b r r r r r r r r r r r r r r r r r r r r r r r r r r r r r r r r r r r r r r r r r r r r r r r r r r b b b b o 
b b b b b r r r s s s s s s s s r s s s s s s s s r s s s s s s s s r s s s s s s s s r s s s s s s s s r r r b b b b b 
b b b b b r r r s s s s s s s s r s s s s s s s s r s s s s s s s s r s s s s s s s s r s s s s s s s s r r r b b b b b 
i b b b b r r r r r r r r r r r r r r r r r r r r r r r r r r r r r r r r r r r r r r r r r r r r r r r r r r b b b b b 
# # # # # r r r s s s s s s s s r s s s s s s s s r s s s s s s s s r s s s s s s s s r s s s s s s s s r r r # # # # # 
# # # # # r r r s s s s s s s s r s s s s s s s s r s s s s s s s s r s s s s s s s s r s s s s s s s s r r r # # # # # 
b b b b b r r r r r r r r r r r r r r r r r r r r r r r r r r r r r r r r r r r r r r r r r r r r r r r r r r b b b b o 
b b b b b r r r s s s s s s s s r s s s s s s s s r s s s s s s s s r s s s s s s s s r s s s s s s s s r r r b b b b b 
b b b b b r r r s s s s s s s s r s s s s s s s s r s s s s s s s s r s s s s s s s s r s s s s s s s s r r r b b b b b 
i b b b b r r r r r r r r r r r r r r r r r r r r r r r r r r r r r r r r r r r r r r r r r r r r r r r r r r b b b b b 
# # # # # r r r s s s s s s s s r s s s s s s s s r s s s s s s s s r s s s s s s s s r s s s s s s s s r r r # # # # # 
# # # # # r r r s s s s s s s s r s s s s s s s s r s s s s s s s s r s s s s s s s s r s s s s s s s s r r r # # # # # 
b b b b b r r r r r r r r r r r r r r r r r r r r r r r r r r r r r r r r r r r r r r r r r r r r r r r r r r b b b b o 
b b b b b r r r s s s s s s s s r s s s s s s s s r s s s s s s s s r s s s s s s s s r s s s s s s s s r r r b b b b b 
b b b b b r r r s s s s s s s s r s s s s s s s s r s s s s s s s s r s s s s s s s s r s s s s s s s s r r r b b b b b 
i b b b b r r r r r r r r r r r r r r r r r r r r r r r r r r r r r r r r r r r r r r r r r r r r r r r r r r b b b b b 
# # # # # r r r s s s s s s s s r s s s s s s s s r s s s s s s s s r s s s s s s s s r s s s s s s s s r r r # # # # # 
# # # # # r r r s s s s s s s s r s s s s s s s s r s s s s s s s s r s s s s s s s s r s s s s s s s s r r r # # # # # 
b b b b b r r r r r r r r r r r r r r r r r r r r r r r r r r r r r r r r r r r r r r r r r r r r r r r r r r b b b b o 
b b b b b r r r s s s s s s s s r s s s s s s s s r s s s s s s s s r s s s s s s s s r s s s s s s s s r r r b b b b b 
b b b b b r r r s s s s s s s s r s s s s s s s s r s s s s s s s s r s s s s s s s s r s s s s s s s s r r r b b b b b 
i b b b b r r r r r r r r r r r r r r r r r r r r r r r r r r r r r r r r r r r r r r r r r r r r r r r r r r b b b b b 
# # # # # r r r s s s s s s s s r s s s s s s s s r s s s s s s s s r s s s s s s s s r s s s s s s s s r r r # # # # # 
# # # # # r r r s s s s s s s s r s s s s s s s s r s s s s s s s s r s s s s s s s s r s s s s s s s s r r r # # # # # 
# # # # # r r r r r r r r r r r r r r r r r r r r r r r r r r r r r r r r r r r r r r r r r r r r r r r r r r # # # # # 
# # # # # r r r s s s s s s s s r s s s s s s s s r s s s s s s s s r s s s s s s s s r s s s s s s s s r r r # # # # # 
# # # # # r r r s s s s s s s s r s s s s s s s s r s s s s s s s s r s s s s s s s s r s s s s s s s s r r r # # # # # 
# # # # # r r r r r r r r r r r r r r r r r r r r r r r r r r r r r r r r r r r r r r r r r r r r r r r r r r # # # # # 
# # # # # r r r s s s s s s s s r s s s s s s s s r s s s s s s s s r s s s s s s s s r s s s s s s s s r r r # # # # # 
# # # # # r r r s s s s s s s s r s s s s s s s s r s s s s s s s s r s s s s s s s s r s s s s s s s s r r r # # # # # 
# # # # # r r r r r r r r r r r r r r r r r r r r r r r r r r r r r r r r r r r r r r r r r r r r r r r r r r # # # # # 


[EnergyConsumption] Configured from LayoutConfiguration: RobotMass=100 kg, PodFrameMass=300 kg
StatisticsFolder: aesop-aesop-aesop-ecbs-6
Done!
Executing ... 
 09:46:02 | >>> Warming up ...
 00:00:00 | >>> Warmup finished - starting simulation ...
 Realtime |   ETA    |  Sim.Time  | Progress | #Orders | #Bundles | Inv. | Distance | #Coll. |   Memory    
 00:00:00 |   n/a    | 0.00:00:00 |  0.00%   |    0    |    0     | 70%  |    0     |   0    | 151.12MB  
 00:00:05 |  > 24h   | 0.00:00:00 |  0.00%   |    0    |    0     | 70%  |    0     |   0    | 148.36MB  
 00:00:09 | WARNING! Aborting ECBS - could not obtain an initial solution for the following agents: Agent0(286->884),Agent13(975->1589)
 00:00:09 | WARNING! Aborting ECBS - could not obtain an initial solution for the following agents: Agent9(1855->1130)
 00:00:10 | 00:35:04 | 0.00:00:08 |  0.48%   |    0    |    0     | 70%  |    76    |   0    | 150.06MB  
 00:00:10 | WARNING! Aborting ECBS - could not obtain an initial solution for the following agents: Agent9(382->1130)
 00:00:11 | WARNING! Aborting ECBS - could not obtain an initial solution for the following agents: Agent19(1432->503)
 00:00:11 | WARNING! Aborting ECBS - could not obtain an initial solution for the following agents: Agent12(1159->1195)
 00:00:13 | WARNING! Aborting ECBS - could not obtain an initial solution for the following agents: Agent17(1495->62)
 00:00:15 | 00:08:23 | 0.00:00:52 |  2.91%   |    0    |    0     | 70%  |   719    |   0    | 147.13MB  
 00:00:16 | WARNING! Aborting ECBS - could not obtain an initial solution for the following agents: Agent8(1728->2)
 00:00:17 | WARNING! Aborting ECBS - could not obtain an initial solution for the following agents: Agent24(579->114)
 00:00:19 | WARNING! Aborting ECBS - could not obtain an initial solution for the following agents: Agent24(284->113)
 00:00:20 | 00:06:41 | 0.00:01:25 |  4.77%   |    3    |    5     | 70%  |   1116   |   0    | 147.45MB  
 00:00:21 | WARNING! Aborting ECBS - could not obtain an initial solution for the following agents: Agent25(1019->994)
 00:00:25 | 00:04:00 | 0.00:02:50 |  9.47%   |   26    |    36    | 70%  |   1735   |   0    | 148.23MB  
 00:00:25 | WARNING! Aborting ECBS - could not obtain an initial solution for the following agents: Agent18(661->1175)
 00:00:25 | WARNING! Aborting ECBS - could not obtain an initial solution for the following agents: Agent8(15->485)
 00:00:30 | WARNING! Aborting ECBS - could not obtain an initial solution for the following agents: Agent16(12->11)
 00:00:30 | 00:02:04 | 0.00:05:50 |  19.47%  |   71    |   100    | 71%  |   3224   |   0    | 148.85MB  
 00:00:30 | WARNING! Aborting ECBS - could not obtain an initial solution for the following agents: Agent16(12->11)
 00:00:30 | WARNING! Aborting ECBS - could not obtain an initial solution for the following agents: Agent16(12->11)
 00:00:30 | WARNING! Aborting ECBS - could not obtain an initial solution for the following agents: Agent16(12->11)
 00:00:32 | WARNING! Aborting ECBS - could not obtain an initial solution for the following agents: Agent10(13->12)
 00:00:32 | WARNING! Aborting ECBS - could not obtain an initial solution for the following agents: Agent10(13->12)
 00:00:32 | WARNING! Aborting ECBS - could not obtain an initial solution for the following agents: Agent5(12->11)
 00:00:32 | WARNING! Aborting ECBS - could not obtain an initial solution for the following agents: Agent5(12->11)
 00:00:32 | WARNING! Aborting ECBS - could not obtain an initial solution for the following agents: Agent5(12->11)
 00:00:32 | ECBS RandomHop mutated 1/13 agent paths [SUPPRESSED] (cumulative=1)
 00:00:32 | ECBS RandomHop mutated 1/15 agent paths [SUPPRESSED] (cumulative=2)
 00:00:32 | ECBS RandomHop mutated 1/16 agent paths [SUPPRESSED] (cumulative=3)
 00:00:32 | ECBS RandomHop mutated 1/16 agent paths [SUPPRESSED] (cumulative=4)
 00:00:32 | ECBS RandomHop mutated 1/18 agent paths [SUPPRESSED] (cumulative=5)
 00:00:32 | ECBS RandomHop mutated 1/18 agent paths [SUPPRESSED] (cumulative=6)
 00:00:32 | ECBS RandomHop mutated 1/18 agent paths [SUPPRESSED] (cumulative=7)
 00:00:32 | ECBS RandomHop mutated 1/18 agent paths [SUPPRESSED] (cumulative=8)
 00:00:32 | ECBS RandomHop mutated 1/18 agent paths [SUPPRESSED] (cumulative=9)
 00:00:32 | ECBS RandomHop mutated 1/17 agent paths [SUPPRESSED] (cumulative=10)
 00:00:32 | ECBS RandomHop mutated 1/17 agent paths [SUPPRESSED] (cumulative=11)
 00:00:32 | ECBS RandomHop mutated 1/17 agent paths [SUPPRESSED] (cumulative=12)
 00:00:32 | ECBS RandomHop mutated 1/17 agent paths [SUPPRESSED] (cumulative=13)
 00:00:32 | ECBS RandomHop mutated 1/17 agent paths [SUPPRESSED] (cumulative=14)
 00:00:32 | ECBS RandomHop mutated 1/15 agent paths [SUPPRESSED] (cumulative=15)
 00:00:32 | ECBS RandomHop mutated 1/15 agent paths [SUPPRESSED] (cumulative=16)
 00:00:32 | ECBS RandomHop mutated 1/15 agent paths [SUPPRESSED] (cumulative=17)
 00:00:32 | ECBS RandomHop mutated 1/15 agent paths [SUPPRESSED] (cumulative=18)
 00:00:32 | ECBS RandomHop mutated 2/14 agent paths [SUPPRESSED] (cumulative=20)
 00:00:32 | ECBS RandomHop mutated 2/13 agent paths [SUPPRESSED] (cumulative=22)
 00:00:32 | ECBS RandomHop mutated 2/13 agent paths [SUPPRESSED] (cumulative=24)
 00:00:32 | ECBS RandomHop mutated 2/12 agent paths [SUPPRESSED] (cumulative=26)
 00:00:32 | ECBS RandomHop mutated 2/12 agent paths [SUPPRESSED] (cumulative=28)
 00:00:32 | ECBS RandomHop mutated 2/13 agent paths [SUPPRESSED] (cumulative=30)
 00:00:32 | ECBS RandomHop mutated 2/12 agent paths [SUPPRESSED] (cumulative=32)
 00:00:33 | ECBS RandomHop mutated 2/13 agent paths [SUPPRESSED] (cumulative=34)
 00:00:33 | ECBS RandomHop mutated 2/13 agent paths [SUPPRESSED] (cumulative=36)
 00:00:33 | ECBS RandomHop mutated 2/13 agent paths [SUPPRESSED] (cumulative=38)
 00:00:33 | ECBS RandomHop mutated 2/13 agent paths [SUPPRESSED] (cumulative=40)
 00:00:33 | ECBS RandomHop mutated 2/14 agent paths [SUPPRESSED] (cumulative=42)
 00:00:33 | ECBS RandomHop mutated 2/14 agent paths [SUPPRESSED] (cumulative=44)
 00:00:33 | ECBS RandomHop mutated 2/12 agent paths [SUPPRESSED] (cumulative=46)
 00:00:33 | ECBS RandomHop mutated 2/13 agent paths [SUPPRESSED] (cumulative=48)
 00:00:33 | ECBS RandomHop mutated 2/15 agent paths [SUPPRESSED] (cumulative=50)
 00:00:33 | ECBS RandomHop mutated 2/15 agent paths [SUPPRESSED] (cumulative=52)
 00:00:33 | ECBS RandomHop mutated 2/13 agent paths [SUPPRESSED] (cumulative=54)
 00:00:33 | ECBS RandomHop mutated 2/13 agent paths [SUPPRESSED] (cumulative=56)
 00:00:33 | ECBS RandomHop mutated 2/11 agent paths [SUPPRESSED] (cumulative=58)
 00:00:33 | ECBS RandomHop mutated 2/11 agent paths [SUPPRESSED] (cumulative=60)
 00:00:33 | ECBS RandomHop mutated 2/11 agent paths [SUPPRESSED] (cumulative=62)
 00:00:33 | ECBS RandomHop mutated 2/12 agent paths [SUPPRESSED] (cumulative=64)
 00:00:33 | ECBS RandomHop mutated 2/12 agent paths [SUPPRESSED] (cumulative=66)
 00:00:33 | ECBS RandomHop mutated 3/12 agent paths [SUPPRESSED] (cumulative=69)
 00:00:33 | ECBS RandomHop mutated 3/11 agent paths [SUPPRESSED] (cumulative=72)
 00:00:33 | ECBS RandomHop mutated 3/11 agent paths [SUPPRESSED] (cumulative=75)
 00:00:33 | ECBS RandomHop mutated 3/11 agent paths [SUPPRESSED] (cumulative=78)
 00:00:33 | ECBS RandomHop mutated 3/11 agent paths [SUPPRESSED] (cumulative=81)
 00:00:33 | ECBS RandomHop mutated 3/11 agent paths [SUPPRESSED] (cumulative=84)
 00:00:33 | ECBS RandomHop mutated 3/11 agent paths [SUPPRESSED] (cumulative=87)
 00:00:33 | ECBS RandomHop mutated 3/11 agent paths [SUPPRESSED] (cumulative=90)
 00:00:33 | ECBS RandomHop mutated 3/12 agent paths [SUPPRESSED] (cumulative=93)
 00:00:33 | ECBS RandomHop mutated 3/12 agent paths [SUPPRESSED] (cumulative=96)
 00:00:33 | ECBS RandomHop mutated 3/11 agent paths [SUPPRESSED] (cumulative=99)
 00:00:33 | ECBS RandomHop mutated 3/11 agent paths [SUPPRESSED] (cumulative=102)
 00:00:33 | ECBS RandomHop mutated 3/10 agent paths [SUPPRESSED] (cumulative=105)
 00:00:33 | ECBS RandomHop mutated 3/11 agent paths [SUPPRESSED] (cumulative=108)
 00:00:33 | ECBS RandomHop mutated 3/12 agent paths [SUPPRESSED] (cumulative=111)
 00:00:33 | ECBS RandomHop mutated 3/12 agent paths [SUPPRESSED] (cumulative=114)
 00:00:33 | ECBS RandomHop mutated 3/13 agent paths [SUPPRESSED] (cumulative=117)
 00:00:33 | ECBS RandomHop mutated 3/13 agent paths [SUPPRESSED] (cumulative=120)
 00:00:33 | ECBS RandomHop mutated 3/11 agent paths [SUPPRESSED] (cumulative=123)
 00:00:33 | ECBS RandomHop mutated 3/11 agent paths [SUPPRESSED] (cumulative=126)
 00:00:33 | ECBS RandomHop mutated 3/11 agent paths [SUPPRESSED] (cumulative=129)
 00:00:33 | ECBS RandomHop mutated 3/11 agent paths [SUPPRESSED] (cumulative=132)
 00:00:33 | ECBS RandomHop mutated 3/11 agent paths [SUPPRESSED] (cumulative=135)
 00:00:33 | ECBS RandomHop mutated 3/12 agent paths [SUPPRESSED] (cumulative=138)
 00:00:33 | ECBS RandomHop mutated 3/12 agent paths [SUPPRESSED] (cumulative=141)
 00:00:33 | ECBS RandomHop mutated 3/13 agent paths [SUPPRESSED] (cumulative=144)
 00:00:33 | ECBS RandomHop mutated 3/13 agent paths [SUPPRESSED] (cumulative=147)
 00:00:33 | ECBS RandomHop mutated 3/13 agent paths [SUPPRESSED] (cumulative=150)
 00:00:33 | ECBS RandomHop mutated 3/13 agent paths [SUPPRESSED] (cumulative=153)
 00:00:33 | ECBS RandomHop mutated 3/12 agent paths [SUPPRESSED] (cumulative=156)
 00:00:33 | ECBS RandomHop mutated 3/12 agent paths [SUPPRESSED] (cumulative=159)
 00:00:33 | ECBS RandomHop mutated 3/11 agent paths [SUPPRESSED] (cumulative=162)
 00:00:33 | ECBS RandomHop mutated 3/11 agent paths [SUPPRESSED] (cumulative=165)
 00:00:33 | ECBS RandomHop mutated 3/9 agent paths [SUPPRESSED] (cumulative=168)
 00:00:33 | ECBS RandomHop mutated 3/9 agent paths [SUPPRESSED] (cumulative=171)
 00:00:33 | ECBS RandomHop mutated 3/10 agent paths [SUPPRESSED] (cumulative=174)
 00:00:33 | ECBS RandomHop mutated 3/10 agent paths [SUPPRESSED] (cumulative=177)
 00:00:33 | ECBS RandomHop mutated 3/10 agent paths [SUPPRESSED] (cumulative=180)
 00:00:33 | ECBS RandomHop mutated 3/9 agent paths [SUPPRESSED] (cumulative=183)
 00:00:33 | ECBS RandomHop mutated 3/10 agent paths [SUPPRESSED] (cumulative=186)
 00:00:33 | ECBS RandomHop mutated 3/10 agent paths [SUPPRESSED] (cumulative=189)
 00:00:34 | ECBS RandomHop mutated 3/11 agent paths [SUPPRESSED] (cumulative=192)
 00:00:34 | ECBS RandomHop mutated 3/11 agent paths [SUPPRESSED] (cumulative=195)
 00:00:34 | ECBS RandomHop mutated 3/10 agent paths [SUPPRESSED] (cumulative=198)
 00:00:34 | ECBS RandomHop mutated 3/8 agent paths [SUPPRESSED] (cumulative=201)
 00:00:34 | ECBS RandomHop mutated 3/9 agent paths [SUPPRESSED] (cumulative=204)
 00:00:34 | ECBS RandomHop mutated 3/8 agent paths [SUPPRESSED] (cumulative=207)
 00:00:34 | ECBS RandomHop mutated 3/9 agent paths [SUPPRESSED] (cumulative=210)
 00:00:34 | ECBS RandomHop mutated 3/8 agent paths [SUPPRESSED] (cumulative=213)
 00:00:34 | ECBS RandomHop mutated 3/8 agent paths [SUPPRESSED] (cumulative=216)
 00:00:34 | ECBS RandomHop mutated 3/8 agent paths [SUPPRESSED] (cumulative=219)
 00:00:34 | ECBS RandomHop mutated 3/8 agent paths [SUPPRESSED] (cumulative=222)
 00:00:34 | ECBS RandomHop mutated 3/8 agent paths [SUPPRESSED] (cumulative=225)
 00:00:34 | ECBS RandomHop mutated 3/9 agent paths [SUPPRESSED] (cumulative=228)
 00:00:34 | ECBS RandomHop mutated 3/11 agent paths [SUPPRESSED] (cumulative=231)
 00:00:34 | ECBS RandomHop mutated 3/12 agent paths [SUPPRESSED] (cumulative=234)
 00:00:34 | ECBS RandomHop mutated 3/12 agent paths [SUPPRESSED] (cumulative=237)
 00:00:34 | ECBS RandomHop mutated 3/12 agent paths [SUPPRESSED] (cumulative=240)
 00:00:34 | ECBS RandomHop mutated 3/11 agent paths [SUPPRESSED] (cumulative=243)
 00:00:34 | ECBS RandomHop mutated 3/12 agent paths [SUPPRESSED] (cumulative=246)
 00:00:34 | ECBS RandomHop mutated 3/11 agent paths [SUPPRESSED] (cumulative=249)
 00:00:34 | ECBS RandomHop mutated 3/11 agent paths [SUPPRESSED] (cumulative=252)
 00:00:34 | ECBS RandomHop mutated 3/12 agent paths [SUPPRESSED] (cumulative=255)
 00:00:34 | ECBS RandomHop mutated 3/12 agent paths [SUPPRESSED] (cumulative=258)
 00:00:34 | ECBS RandomHop mutated 3/12 agent paths [SUPPRESSED] (cumulative=261)
 00:00:34 | ECBS RandomHop mutated 3/12 agent paths [SUPPRESSED] (cumulative=264)
 00:00:34 | ECBS RandomHop mutated 3/10 agent paths [SUPPRESSED] (cumulative=267)
 00:00:34 | ECBS RandomHop mutated 3/10 agent paths [SUPPRESSED] (cumulative=270)
 00:00:34 | ECBS RandomHop mutated 3/11 agent paths [SUPPRESSED] (cumulative=273)
 00:00:34 | ECBS RandomHop mutated 3/12 agent paths [SUPPRESSED] (cumulative=276)
 00:00:34 | ECBS RandomHop mutated 3/13 agent paths [SUPPRESSED] (cumulative=279)
 00:00:34 | ECBS RandomHop mutated 3/14 agent paths [SUPPRESSED] (cumulative=282)
 00:00:34 | ECBS RandomHop mutated 3/12 agent paths [SUPPRESSED] (cumulative=285)
 00:00:34 | ECBS RandomHop mutated 3/13 agent paths [SUPPRESSED] (cumulative=288)
 00:00:34 | ECBS RandomHop mutated 3/13 agent paths [SUPPRESSED] (cumulative=291)
 00:00:34 | ECBS RandomHop mutated 3/13 agent paths [SUPPRESSED] (cumulative=294)
 00:00:34 | ECBS RandomHop mutated 3/14 agent paths [SUPPRESSED] (cumulative=297)
 00:00:34 | ECBS RandomHop mutated 3/15 agent paths [SUPPRESSED] (cumulative=300)
 00:00:34 | ECBS RandomHop mutated 3/15 agent paths [SUPPRESSED] (cumulative=303)
 00:00:34 | ECBS RandomHop mutated 3/13 agent paths [SUPPRESSED] (cumulative=306)
 00:00:34 | ECBS RandomHop mutated 3/13 agent paths [SUPPRESSED] (cumulative=309)
 00:00:34 | ECBS RandomHop mutated 3/12 agent paths [SUPPRESSED] (cumulative=312)
 00:00:34 | ECBS RandomHop mutated 3/12 agent paths [SUPPRESSED] (cumulative=315)
 00:00:34 | ECBS RandomHop mutated 3/12 agent paths [SUPPRESSED] (cumulative=318)
 00:00:34 | ECBS RandomHop mutated 3/11 agent paths [SUPPRESSED] (cumulative=321)
 00:00:34 | ECBS RandomHop mutated 3/11 agent paths [SUPPRESSED] (cumulative=324)
 00:00:34 | ECBS RandomHop mutated 3/11 agent paths [SUPPRESSED] (cumulative=327)
 00:00:34 | ECBS RandomHop mutated 3/11 agent paths [SUPPRESSED] (cumulative=330)
 00:00:35 | ECBS RandomHop mutated 3/14 agent paths [SUPPRESSED] (cumulative=333)
 00:00:35 | ECBS RandomHop mutated 3/14 agent paths [SUPPRESSED] (cumulative=336)
 00:00:35 | ECBS RandomHop mutated 3/14 agent paths [SUPPRESSED] (cumulative=339)
 00:00:35 | 00:01:08 | 0.00:10:12 |  34.01%  |   128   |   186    | 72%  |   5592   |   0    | 149.57MB  
 00:00:35 | ECBS RandomHop mutated 3/15 agent paths [SUPPRESSED] (cumulative=342)
 00:00:35 | ECBS RandomHop mutated 4/15 agent paths [SUPPRESSED] (cumulative=346)
 00:00:35 | ECBS RandomHop mutated 4/15 agent paths [SUPPRESSED] (cumulative=350)
 00:00:35 | ECBS RandomHop mutated 4/16 agent paths [SUPPRESSED] (cumulative=354)
 00:00:35 | ECBS RandomHop mutated 4/14 agent paths [SUPPRESSED] (cumulative=358)
 00:00:35 | ECBS RandomHop mutated 4/14 agent paths [SUPPRESSED] (cumulative=362)
 00:00:35 | ECBS RandomHop mutated 4/14 agent paths [SUPPRESSED] (cumulative=366)
 00:00:35 | ECBS RandomHop mutated 4/14 agent paths [SUPPRESSED] (cumulative=370)
 00:00:35 | ECBS RandomHop mutated 4/15 agent paths [SUPPRESSED] (cumulative=374)
 00:00:35 | ECBS RandomHop mutated 4/16 agent paths [SUPPRESSED] (cumulative=378)
 00:00:35 | ECBS RandomHop mutated 4/15 agent paths [SUPPRESSED] (cumulative=382)
 00:00:35 | ECBS RandomHop mutated 4/15 agent paths [SUPPRESSED] (cumulative=386)
 00:00:35 | ECBS RandomHop mutated 4/15 agent paths [SUPPRESSED] (cumulative=390)
 00:00:35 | ECBS RandomHop mutated 4/16 agent paths [SUPPRESSED] (cumulative=394)
 00:00:35 | ECBS RandomHop mutated 4/17 agent paths [SUPPRESSED] (cumulative=398)
 00:00:35 | ECBS RandomHop mutated 4/17 agent paths [SUPPRESSED] (cumulative=402)
 00:00:35 | ECBS RandomHop mutated 4/17 agent paths [SUPPRESSED] (cumulative=406)
 00:00:35 | ECBS RandomHop mutated 4/17 agent paths [SUPPRESSED] (cumulative=410)
 00:00:35 | ECBS RandomHop mutated 4/18 agent paths [SUPPRESSED] (cumulative=414)
 00:00:35 | ECBS RandomHop mutated 4/17 agent paths [SUPPRESSED] (cumulative=418)
 00:00:35 | ECBS RandomHop mutated 4/17 agent paths [SUPPRESSED] (cumulative=422)
 00:00:35 | ECBS RandomHop mutated 4/16 agent paths [SUPPRESSED] (cumulative=426)
 00:00:35 | ECBS RandomHop mutated 4/15 agent paths [SUPPRESSED] (cumulative=430)
 00:00:35 | ECBS RandomHop mutated 4/16 agent paths [SUPPRESSED] (cumulative=434)
 00:00:35 | ECBS RandomHop mutated 4/16 agent paths [SUPPRESSED] (cumulative=438)
 00:00:35 | ECBS RandomHop mutated 4/17 agent paths [SUPPRESSED] (cumulative=442)
 00:00:35 | ECBS RandomHop mutated 4/17 agent paths [SUPPRESSED] (cumulative=446)
 00:00:35 | ECBS RandomHop mutated 4/17 agent paths [SUPPRESSED] (cumulative=450)
 00:00:35 | ECBS RandomHop mutated 4/17 agent paths [SUPPRESSED] (cumulative=454)
 00:00:35 | ECBS RandomHop mutated 4/18 agent paths [SUPPRESSED] (cumulative=458)
 00:00:35 | ECBS RandomHop mutated 4/17 agent paths [SUPPRESSED] (cumulative=462)
 00:00:35 | ECBS RandomHop mutated 4/16 agent paths [SUPPRESSED] (cumulative=466)
 00:00:36 | ECBS RandomHop mutated 4/17 agent paths [SUPPRESSED] (cumulative=470)
 00:00:36 | ECBS RandomHop mutated 4/17 agent paths [SUPPRESSED] (cumulative=474)
 00:00:36 | ECBS RandomHop mutated 4/16 agent paths [SUPPRESSED] (cumulative=478)
 00:00:36 | ECBS RandomHop mutated 4/16 agent paths [SUPPRESSED] (cumulative=482)
 00:00:36 | ECBS RandomHop mutated 4/17 agent paths [SUPPRESSED] (cumulative=486)
 00:00:36 | ECBS RandomHop mutated 4/15 agent paths [SUPPRESSED] (cumulative=490)
 00:00:36 | ECBS RandomHop mutated 4/13 agent paths [SUPPRESSED] (cumulative=494)
 00:00:36 | ECBS RandomHop mutated 4/12 agent paths [SUPPRESSED] (cumulative=498)
 00:00:36 | ECBS RandomHop mutated 4/12 agent paths [SUPPRESSED] (cumulative=502)
 00:00:36 | ECBS RandomHop mutated 4/12 agent paths [SUPPRESSED] (cumulative=506)
 00:00:36 | ECBS RandomHop mutated 4/11 agent paths [SUPPRESSED] (cumulative=510)
 00:00:36 | ECBS RandomHop mutated 4/11 agent paths [SUPPRESSED] (cumulative=514)
 00:00:36 | ECBS RandomHop mutated 4/12 agent paths [SUPPRESSED] (cumulative=518)
 00:00:36 | ECBS RandomHop mutated 4/12 agent paths [SUPPRESSED] (cumulative=522)
 00:00:36 | ECBS RandomHop mutated 4/13 agent paths [SUPPRESSED] (cumulative=526)
 00:00:36 | ECBS RandomHop mutated 4/16 agent paths [SUPPRESSED] (cumulative=530)
 00:00:36 | ECBS RandomHop mutated 4/17 agent paths [SUPPRESSED] (cumulative=534)
 00:00:36 | ECBS RandomHop mutated 4/18 agent paths [SUPPRESSED] (cumulative=538)
 00:00:36 | ECBS RandomHop mutated 4/17 agent paths [SUPPRESSED] (cumulative=542)
 00:00:36 | ECBS RandomHop mutated 4/15 agent paths [SUPPRESSED] (cumulative=546)
 00:00:36 | ECBS RandomHop mutated 4/15 agent paths [SUPPRESSED] (cumulative=550)
 00:00:36 | ECBS RandomHop mutated 4/15 agent paths [SUPPRESSED] (cumulative=554)
 00:00:36 | ECBS RandomHop mutated 4/15 agent paths [SUPPRESSED] (cumulative=558)
 00:00:36 | ECBS RandomHop mutated 4/15 agent paths [SUPPRESSED] (cumulative=562)
 00:00:36 | ECBS RandomHop mutated 5/15 agent paths [SUPPRESSED] (cumulative=567)
 00:00:36 | ECBS RandomHop mutated 5/15 agent paths [SUPPRESSED] (cumulative=572)
 00:00:36 | ECBS RandomHop mutated 5/15 agent paths [SUPPRESSED] (cumulative=577)
 00:00:36 | ECBS RandomHop mutated 5/13 agent paths [SUPPRESSED] (cumulative=582)
 00:00:36 | ECBS RandomHop mutated 5/13 agent paths [SUPPRESSED] (cumulative=587)
 00:00:36 | ECBS RandomHop mutated 5/13 agent paths [SUPPRESSED] (cumulative=592)
 00:00:36 | ECBS RandomHop mutated 5/11 agent paths [SUPPRESSED] (cumulative=597)
 00:00:36 | ECBS RandomHop mutated 5/11 agent paths [SUPPRESSED] (cumulative=602)
 00:00:36 | ECBS RandomHop mutated 5/11 agent paths [SUPPRESSED] (cumulative=607)
 00:00:36 | ECBS RandomHop mutated 5/12 agent paths [SUPPRESSED] (cumulative=612)
 00:00:36 | ECBS RandomHop mutated 5/11 agent paths [SUPPRESSED] (cumulative=617)
 00:00:36 | ECBS RandomHop mutated 5/10 agent paths [SUPPRESSED] (cumulative=622)
 00:00:36 | ECBS RandomHop mutated 5/11 agent paths [SUPPRESSED] (cumulative=627)
 00:00:36 | ECBS RandomHop mutated 5/12 agent paths [SUPPRESSED] (cumulative=632)
 00:00:37 | ECBS RandomHop mutated 5/11 agent paths [SUPPRESSED] (cumulative=637)
 00:00:37 | ECBS RandomHop mutated 5/11 agent paths [SUPPRESSED] (cumulative=642)
 00:00:37 | ECBS RandomHop mutated 5/11 agent paths [SUPPRESSED] (cumulative=647)
 00:00:37 | ECBS RandomHop mutated 5/13 agent paths [SUPPRESSED] (cumulative=652)
 00:00:37 | ECBS RandomHop mutated 5/12 agent paths [SUPPRESSED] (cumulative=657)
 00:00:37 | ECBS RandomHop mutated 5/14 agent paths [SUPPRESSED] (cumulative=662)
 00:00:37 | ECBS RandomHop mutated 5/14 agent paths [SUPPRESSED] (cumulative=667)
 00:00:37 | ECBS RandomHop mutated 5/14 agent paths [SUPPRESSED] (cumulative=672)
 00:00:37 | ECBS RandomHop mutated 5/15 agent paths [SUPPRESSED] (cumulative=677)
 00:00:37 | ECBS RandomHop mutated 5/15 agent paths [SUPPRESSED] (cumulative=682)
 00:00:37 | ECBS RandomHop mutated 5/15 agent paths [SUPPRESSED] (cumulative=687)
 00:00:37 | ECBS RandomHop mutated 6/15 agent paths [SUPPRESSED] (cumulative=693)
 00:00:37 | ECBS RandomHop mutated 6/13 agent paths [SUPPRESSED] (cumulative=699)
 00:00:37 | ECBS RandomHop mutated 6/14 agent paths [SUPPRESSED] (cumulative=705)
 00:00:37 | WARNING! Aborting ECBS - could not obtain an initial solution for the following agents: Agent3(382->1130)
 00:00:37 | ECBS RandomHop mutated 6/14 agent paths [SUPPRESSED] (cumulative=711)
 00:00:37 | ECBS RandomHop mutated 6/14 agent paths [SUPPRESSED] (cumulative=717)
 00:00:37 | ECBS RandomHop mutated 6/13 agent paths [SUPPRESSED] (cumulative=723)
 00:00:37 | ECBS RandomHop mutated 6/13 agent paths [SUPPRESSED] (cumulative=729)
 00:00:37 | ECBS RandomHop mutated 6/12 agent paths [SUPPRESSED] (cumulative=735)
 00:00:37 | ECBS RandomHop mutated 6/12 agent paths [SUPPRESSED] (cumulative=741)
 00:00:37 | ECBS RandomHop mutated 6/12 agent paths [SUPPRESSED] (cumulative=747)
 00:00:37 | ECBS RandomHop mutated 6/13 agent paths [SUPPRESSED] (cumulative=753)
 00:00:37 | ECBS RandomHop mutated 6/12 agent paths [SUPPRESSED] (cumulative=759)
 00:00:37 | WARNING! Aborting ECBS - could not obtain an initial solution for the following agents: Agent4(1008->63)
 00:00:37 | ECBS RandomHop mutated 6/12 agent paths [SUPPRESSED] (cumulative=765)
 00:00:37 | ECBS RandomHop mutated 6/12 agent paths [SUPPRESSED] (cumulative=771)
 00:00:37 | ECBS RandomHop mutated 6/12 agent paths [SUPPRESSED] (cumulative=777)
 00:00:37 | ECBS RandomHop mutated 6/12 agent paths [SUPPRESSED] (cumulative=783)
 00:00:37 | ECBS RandomHop mutated 6/11 agent paths [SUPPRESSED] (cumulative=789)
 00:00:37 | ECBS RandomHop mutated 6/12 agent paths [SUPPRESSED] (cumulative=795)
 00:00:37 | ECBS RandomHop mutated 6/12 agent paths [SUPPRESSED] (cumulative=801)
 00:00:37 | ECBS RandomHop mutated 6/11 agent paths [SUPPRESSED] (cumulative=807)
 00:00:37 | ECBS RandomHop mutated 6/11 agent paths [SUPPRESSED] (cumulative=813)
 00:00:37 | ECBS RandomHop mutated 6/12 agent paths [SUPPRESSED] (cumulative=819)
 00:00:37 | ECBS RandomHop mutated 6/12 agent paths [SUPPRESSED] (cumulative=825)
 00:00:37 | ECBS RandomHop mutated 6/12 agent paths [SUPPRESSED] (cumulative=831)
 00:00:37 | ECBS RandomHop mutated 6/12 agent paths [SUPPRESSED] (cumulative=837)
 00:00:37 | ECBS RandomHop mutated 6/13 agent paths [SUPPRESSED] (cumulative=843)
 00:00:37 | ECBS RandomHop mutated 6/12 agent paths [SUPPRESSED] (cumulative=849)
 00:00:37 | ECBS RandomHop mutated 6/12 agent paths [SUPPRESSED] (cumulative=855)
 00:00:37 | ECBS RandomHop mutated 6/14 agent paths [SUPPRESSED] (cumulative=861)
 00:00:37 | ECBS RandomHop mutated 6/14 agent paths [SUPPRESSED] (cumulative=867)
 00:00:37 | ECBS RandomHop mutated 6/14 agent paths [SUPPRESSED] (cumulative=873)
 00:00:37 | ECBS RandomHop mutated 6/14 agent paths [SUPPRESSED] (cumulative=879)
 00:00:37 | ECBS RandomHop mutated 6/12 agent paths [SUPPRESSED] (cumulative=885)
 00:00:37 | ECBS RandomHop mutated 6/12 agent paths [SUPPRESSED] (cumulative=891)
 00:00:37 | ECBS RandomHop mutated 6/12 agent paths [SUPPRESSED] (cumulative=897)
 00:00:38 | ECBS RandomHop mutated 6/14 agent paths [SUPPRESSED] (cumulative=903)
 00:00:38 | ECBS RandomHop mutated 6/14 agent paths [SUPPRESSED] (cumulative=909)
 00:00:38 | ECBS RandomHop mutated 6/15 agent paths [SUPPRESSED] (cumulative=915)
 00:00:38 | ECBS RandomHop mutated 6/15 agent paths [SUPPRESSED] (cumulative=921)
 00:00:38 | ECBS RandomHop mutated 6/15 agent paths [SUPPRESSED] (cumulative=927)
 00:00:38 | ECBS RandomHop mutated 6/15 agent paths [SUPPRESSED] (cumulative=933)
 00:00:38 | ECBS RandomHop mutated 6/15 agent paths [SUPPRESSED] (cumulative=939)
 00:00:38 | ECBS RandomHop mutated 6/14 agent paths [SUPPRESSED] (cumulative=945)
 00:00:38 | ECBS RandomHop mutated 6/14 agent paths [SUPPRESSED] (cumulative=951)
 00:00:38 | ECBS RandomHop mutated 6/14 agent paths [SUPPRESSED] (cumulative=957)
 00:00:38 | ECBS RandomHop mutated 6/13 agent paths [SUPPRESSED] (cumulative=963)
 00:00:38 | ECBS RandomHop mutated 6/13 agent paths [SUPPRESSED] (cumulative=969)
 00:00:38 | ECBS RandomHop mutated 6/13 agent paths [SUPPRESSED] (cumulative=975)
 00:00:38 | ECBS RandomHop mutated 6/13 agent paths [SUPPRESSED] (cumulative=981)
 00:00:38 | ECBS RandomHop mutated 6/13 agent paths [SUPPRESSED] (cumulative=987)
 00:00:38 | ECBS RandomHop mutated 6/13 agent paths [SUPPRESSED] (cumulative=993)
 00:00:38 | ECBS RandomHop mutated 6/13 agent paths [SUPPRESSED] (cumulative=999)
 00:00:38 | ECBS RandomHop mutated 6/12 agent paths [SUPPRESSED] (cumulative=1005)
 00:00:38 | ECBS RandomHop mutated 6/13 agent paths [SUPPRESSED] (cumulative=1011)
 00:00:38 | ECBS RandomHop mutated 6/13 agent paths [SUPPRESSED] (cumulative=1017)
 00:00:38 | WARNING! Aborting ECBS - could not obtain an initial solution for the following agents: Agent16(1019->995)
 00:00:38 | ECBS RandomHop mutated 6/12 agent paths [SUPPRESSED] (cumulative=1023)
 00:00:38 | ECBS RandomHop mutated 6/12 agent paths [SUPPRESSED] (cumulative=1029)
 00:00:38 | ECBS RandomHop mutated 6/12 agent paths [SUPPRESSED] (cumulative=1035)
 00:00:38 | ECBS RandomHop mutated 6/13 agent paths [SUPPRESSED] (cumulative=1041)
 00:00:38 | ECBS RandomHop mutated 6/13 agent paths [SUPPRESSED] (cumulative=1047)
 00:00:38 | ECBS RandomHop mutated 6/15 agent paths [SUPPRESSED] (cumulative=1053)
 00:00:38 | ECBS RandomHop mutated 6/15 agent paths [SUPPRESSED] (cumulative=1059)
 00:00:38 | ECBS RandomHop mutated 6/15 agent paths [SUPPRESSED] (cumulative=1065)
 00:00:38 | ECBS RandomHop mutated 6/16 agent paths [SUPPRESSED] (cumulative=1071)
 00:00:38 | ECBS RandomHop mutated 6/16 agent paths [SUPPRESSED] (cumulative=1077)
 00:00:38 | ECBS RandomHop mutated 6/15 agent paths [SUPPRESSED] (cumulative=1083)
 00:00:38 | WARNING! Aborting ECBS - could not obtain an initial solution for the following agents: Agent10(1731->930)
 00:00:38 | ECBS RandomHop mutated 6/15 agent paths [SUPPRESSED] (cumulative=1089)
 00:00:38 | ECBS RandomHop mutated 6/15 agent paths [SUPPRESSED] (cumulative=1095)
 00:00:38 | ECBS RandomHop mutated 6/15 agent paths [SUPPRESSED] (cumulative=1101)
 00:00:38 | ECBS RandomHop mutated 6/14 agent paths [SUPPRESSED] (cumulative=1107)
 00:00:38 | ECBS RandomHop mutated 6/14 agent paths [SUPPRESSED] (cumulative=1113)
 00:00:38 | ECBS RandomHop mutated 6/14 agent paths [SUPPRESSED] (cumulative=1119)
 00:00:38 | ECBS RandomHop mutated 6/13 agent paths [SUPPRESSED] (cumulative=1125)
 00:00:38 | ECBS RandomHop mutated 6/13 agent paths [SUPPRESSED] (cumulative=1131)
 00:00:39 | ECBS RandomHop mutated 6/14 agent paths [SUPPRESSED] (cumulative=1137)
 00:00:39 | ECBS RandomHop mutated 6/13 agent paths [SUPPRESSED] (cumulative=1143)
 00:00:39 | ECBS RandomHop mutated 6/13 agent paths [SUPPRESSED] (cumulative=1149)
 00:00:39 | ECBS RandomHop mutated 6/13 agent paths [SUPPRESSED] (cumulative=1155)
 00:00:39 | ECBS RandomHop mutated 6/13 agent paths [SUPPRESSED] (cumulative=1161)
 00:00:39 | ECBS RandomHop mutated 6/13 agent paths [SUPPRESSED] (cumulative=1167)
 00:00:39 | ECBS RandomHop mutated 6/14 agent paths [SUPPRESSED] (cumulative=1173)
 00:00:39 | ECBS RandomHop mutated 6/12 agent paths [SUPPRESSED] (cumulative=1179)
 00:00:39 | ECBS RandomHop mutated 6/12 agent paths [SUPPRESSED] (cumulative=1185)
 00:00:39 | ECBS RandomHop mutated 6/13 agent paths [SUPPRESSED] (cumulative=1191)
 00:00:39 | ECBS RandomHop mutated 6/13 agent paths [SUPPRESSED] (cumulative=1197)
 00:00:39 | ECBS RandomHop mutated 6/13 agent paths [SUPPRESSED] (cumulative=1203)
 00:00:39 | ECBS RandomHop mutated 6/13 agent paths [SUPPRESSED] (cumulative=1209)
 00:00:39 | ECBS RandomHop mutated 6/13 agent paths [SUPPRESSED] (cumulative=1215)
 00:00:39 | ECBS RandomHop mutated 6/13 agent paths [SUPPRESSED] (cumulative=1221)
 00:00:39 | ECBS RandomHop mutated 6/14 agent paths [SUPPRESSED] (cumulative=1227)
 00:00:39 | ECBS RandomHop mutated 6/14 agent paths [SUPPRESSED] (cumulative=1233)
 00:00:39 | ECBS RandomHop mutated 6/14 agent paths [SUPPRESSED] (cumulative=1239)
 00:00:39 | ECBS RandomHop mutated 6/15 agent paths [SUPPRESSED] (cumulative=1245)
 00:00:39 | ECBS RandomHop mutated 6/16 agent paths [SUPPRESSED] (cumulative=1251)
 00:00:39 | ECBS RandomHop mutated 6/14 agent paths [SUPPRESSED] (cumulative=1257)
 00:00:39 | ECBS RandomHop mutated 6/13 agent paths [SUPPRESSED] (cumulative=1263)
 00:00:39 | ECBS RandomHop mutated 6/13 agent paths [SUPPRESSED] (cumulative=1269)
 00:00:39 | ECBS RandomHop mutated 6/12 agent paths [SUPPRESSED] (cumulative=1275)
 00:00:39 | ECBS RandomHop mutated 6/12 agent paths [SUPPRESSED] (cumulative=1281)
 00:00:39 | ECBS RandomHop mutated 6/11 agent paths [SUPPRESSED] (cumulative=1287)
 00:00:39 | ECBS RandomHop mutated 6/11 agent paths [SUPPRESSED] (cumulative=1293)
 00:00:39 | ECBS RandomHop mutated 6/11 agent paths [SUPPRESSED] (cumulative=1299)
 00:00:39 | ECBS RandomHop mutated 6/11 agent paths [SUPPRESSED] (cumulative=1305)
 00:00:39 | ECBS RandomHop mutated 6/11 agent paths [SUPPRESSED] (cumulative=1311)
 00:00:39 | ECBS RandomHop mutated 6/12 agent paths [SUPPRESSED] (cumulative=1317)
 00:00:39 | ECBS RandomHop mutated 6/11 agent paths [SUPPRESSED] (cumulative=1323)
 00:00:39 | ECBS RandomHop mutated 6/11 agent paths [SUPPRESSED] (cumulative=1329)
 00:00:39 | ECBS RandomHop mutated 6/11 agent paths [SUPPRESSED] (cumulative=1335)
 00:00:39 | ECBS RandomHop mutated 6/13 agent paths [SUPPRESSED] (cumulative=1341)
 00:00:39 | ECBS RandomHop mutated 6/13 agent paths [SUPPRESSED] (cumulative=1347)
 00:00:39 | ECBS RandomHop mutated 6/13 agent paths [SUPPRESSED] (cumulative=1353)
 00:00:39 | ECBS RandomHop mutated 6/14 agent paths [SUPPRESSED] (cumulative=1359)
 00:00:39 | ECBS RandomHop mutated 6/14 agent paths [SUPPRESSED] (cumulative=1365)
 00:00:39 | ECBS RandomHop mutated 6/13 agent paths [SUPPRESSED] (cumulative=1371)
 00:00:39 | ECBS RandomHop mutated 6/12 agent paths [SUPPRESSED] (cumulative=1377)
 00:00:39 | ECBS RandomHop mutated 6/11 agent paths [SUPPRESSED] (cumulative=1383)
 00:00:39 | ECBS RandomHop mutated 6/13 agent paths [SUPPRESSED] (cumulative=1389)
 00:00:39 | ECBS RandomHop mutated 6/13 agent paths [SUPPRESSED] (cumulative=1395)
 00:00:39 | ECBS RandomHop mutated 6/13 agent paths [SUPPRESSED] (cumulative=1401)
 00:00:39 | ECBS RandomHop mutated 6/14 agent paths [SUPPRESSED] (cumulative=1407)
 00:00:39 | ECBS RandomHop mutated 6/15 agent paths [SUPPRESSED] (cumulative=1413)
 00:00:39 | ECBS RandomHop mutated 6/15 agent paths [SUPPRESSED] (cumulative=1419)
 00:00:39 | ECBS RandomHop mutated 6/16 agent paths [SUPPRESSED] (cumulative=1425)
 00:00:39 | ECBS RandomHop mutated 6/16 agent paths [SUPPRESSED] (cumulative=1431)
 00:00:39 | ECBS RandomHop mutated 6/16 agent paths [SUPPRESSED] (cumulative=1437)
 00:00:39 | ECBS RandomHop mutated 6/17 agent paths [SUPPRESSED] (cumulative=1443)
 00:00:39 | ECBS RandomHop mutated 6/17 agent paths [SUPPRESSED] (cumulative=1449)
 00:00:40 | ECBS RandomHop mutated 6/17 agent paths [SUPPRESSED] (cumulative=1455)
 00:00:40 | ECBS RandomHop mutated 6/16 agent paths [SUPPRESSED] (cumulative=1461)
 00:00:40 | ECBS RandomHop mutated 6/16 agent paths [SUPPRESSED] (cumulative=1467)
 00:00:40 | ECBS RandomHop mutated 6/15 agent paths [SUPPRESSED] (cumulative=1473)
 00:00:40 | ECBS RandomHop mutated 6/15 agent paths [SUPPRESSED] (cumulative=1479)
 00:00:40 | ECBS RandomHop mutated 6/14 agent paths [SUPPRESSED] (cumulative=1485)
 00:00:40 | ECBS RandomHop mutated 6/15 agent paths [SUPPRESSED] (cumulative=1491)
 00:00:40 | ECBS RandomHop mutated 6/15 agent paths [SUPPRESSED] (cumulative=1497)
 00:00:40 | 00:00:46 | 0.00:13:55 |  46.44%  |   164   |   254    | 72%  |   7128   |   0    | 149.50MB  
 00:00:40 | ECBS RandomHop mutated 6/15 agent paths [SUPPRESSED] (cumulative=1503)
 00:00:40 | ECBS RandomHop mutated 6/13 agent paths [SUPPRESSED] (cumulative=1509)
 00:00:40 | ECBS RandomHop mutated 6/14 agent paths [SUPPRESSED] (cumulative=1515)
 00:00:40 | ECBS RandomHop mutated 6/14 agent paths [SUPPRESSED] (cumulative=1521)
 00:00:40 | ECBS RandomHop mutated 6/16 agent paths [SUPPRESSED] (cumulative=1527)
 00:00:40 | ECBS RandomHop mutated 6/15 agent paths [SUPPRESSED] (cumulative=1533)
 00:00:40 | ECBS RandomHop mutated 6/16 agent paths [SUPPRESSED] (cumulative=1539)
 00:00:40 | ECBS RandomHop mutated 6/16 agent paths [SUPPRESSED] (cumulative=1545)
 00:00:40 | ECBS RandomHop mutated 6/16 agent paths [SUPPRESSED] (cumulative=1551)
 00:00:40 | ECBS RandomHop mutated 6/15 agent paths [SUPPRESSED] (cumulative=1557)
 00:00:40 | ECBS RandomHop mutated 6/16 agent paths [SUPPRESSED] (cumulative=1563)
 00:00:40 | ECBS RandomHop mutated 6/17 agent paths [SUPPRESSED] (cumulative=1569)
 00:00:40 | ECBS RandomHop mutated 6/17 agent paths [SUPPRESSED] (cumulative=1575)
 00:00:40 | ECBS RandomHop mutated 6/17 agent paths [SUPPRESSED] (cumulative=1581)
 00:00:40 | ECBS RandomHop mutated 6/18 agent paths [SUPPRESSED] (cumulative=1587)
 00:00:40 | ECBS RandomHop mutated 6/18 agent paths [SUPPRESSED] (cumulative=1593)
 00:00:40 | ECBS RandomHop mutated 6/18 agent paths [SUPPRESSED] (cumulative=1599)
 00:00:40 | ECBS RandomHop mutated 6/17 agent paths [SUPPRESSED] (cumulative=1605)
 00:00:40 | ECBS RandomHop mutated 6/17 agent paths [SUPPRESSED] (cumulative=1611)
 00:00:40 | ECBS RandomHop mutated 6/16 agent paths [SUPPRESSED] (cumulative=1617)
 00:00:40 | ECBS RandomHop mutated 6/16 agent paths [SUPPRESSED] (cumulative=1623)
 00:00:40 | ECBS RandomHop mutated 6/17 agent paths [SUPPRESSED] (cumulative=1629)
 00:00:40 | ECBS RandomHop mutated 6/16 agent paths [SUPPRESSED] (cumulative=1635)
 00:00:41 | ECBS RandomHop mutated 6/15 agent paths [SUPPRESSED] (cumulative=1641)
 00:00:41 | ECBS RandomHop mutated 6/15 agent paths [SUPPRESSED] (cumulative=1647)
 00:00:41 | ECBS RandomHop mutated 6/15 agent paths [SUPPRESSED] (cumulative=1653)
 00:00:41 | ECBS RandomHop mutated 6/15 agent paths [SUPPRESSED] (cumulative=1659)
 00:00:41 | ECBS RandomHop mutated 6/16 agent paths [SUPPRESSED] (cumulative=1665)
 00:00:41 | ECBS RandomHop mutated 6/18 agent paths [SUPPRESSED] (cumulative=1671)
 00:00:41 | ECBS RandomHop mutated 6/18 agent paths [SUPPRESSED] (cumulative=1677)
 00:00:41 | ECBS RandomHop mutated 6/16 agent paths [SUPPRESSED] (cumulative=1683)
 00:00:41 | ECBS RandomHop mutated 6/17 agent paths [SUPPRESSED] (cumulative=1689)
 00:00:41 | ECBS RandomHop mutated 7/18 agent paths [SUPPRESSED] (cumulative=1696)
 00:00:41 | ECBS RandomHop mutated 7/18 agent paths [SUPPRESSED] (cumulative=1703)
 00:00:41 | ECBS RandomHop mutated 7/18 agent paths [SUPPRESSED] (cumulative=1710)
 00:00:41 | ECBS RandomHop mutated 7/19 agent paths [SUPPRESSED] (cumulative=1717)
 00:00:41 | ECBS RandomHop mutated 7/18 agent paths [SUPPRESSED] (cumulative=1724)
 00:00:41 | ECBS RandomHop mutated 7/17 agent paths [SUPPRESSED] (cumulative=1731)
 00:00:41 | ECBS RandomHop mutated 7/18 agent paths [SUPPRESSED] (cumulative=1738)
 00:00:41 | ECBS RandomHop mutated 7/18 agent paths [SUPPRESSED] (cumulative=1745)
 00:00:41 | ECBS RandomHop mutated 7/18 agent paths [SUPPRESSED] (cumulative=1752)
 00:00:41 | ECBS RandomHop mutated 7/19 agent paths [SUPPRESSED] (cumulative=1759)
 00:00:41 | ECBS RandomHop mutated 7/19 agent paths [SUPPRESSED] (cumulative=1766)
 00:00:41 | ECBS RandomHop mutated 7/18 agent paths [SUPPRESSED] (cumulative=1773)
 00:00:41 | ECBS RandomHop mutated 7/18 agent paths [SUPPRESSED] (cumulative=1780)
 00:00:41 | ECBS RandomHop mutated 7/18 agent paths [SUPPRESSED] (cumulative=1787)
 00:00:41 | ECBS RandomHop mutated 7/18 agent paths [SUPPRESSED] (cumulative=1794)
 00:00:42 | ECBS RandomHop mutated 7/20 agent paths [SUPPRESSED] (cumulative=1801)
 00:00:42 | ECBS RandomHop mutated 7/19 agent paths [SUPPRESSED] (cumulative=1808)
 00:00:42 | ECBS RandomHop mutated 7/19 agent paths [SUPPRESSED] (cumulative=1815)
 00:00:42 | ECBS RandomHop mutated 7/19 agent paths [SUPPRESSED] (cumulative=1822)
 00:00:42 | ECBS RandomHop mutated 7/19 agent paths [SUPPRESSED] (cumulative=1829)
 00:00:42 | ECBS RandomHop mutated 7/17 agent paths [SUPPRESSED] (cumulative=1836)
 00:00:42 | ECBS RandomHop mutated 7/16 agent paths [SUPPRESSED] (cumulative=1843)
 00:00:42 | ECBS RandomHop mutated 7/15 agent paths [SUPPRESSED] (cumulative=1850)
 00:00:42 | ECBS RandomHop mutated 7/15 agent paths [SUPPRESSED] (cumulative=1857)
 00:00:42 | ECBS RandomHop mutated 7/15 agent paths [SUPPRESSED] (cumulative=1864)
 00:00:42 | ECBS RandomHop mutated 7/14 agent paths [SUPPRESSED] (cumulative=1871)
 00:00:42 | ECBS RandomHop mutated 7/14 agent paths [SUPPRESSED] (cumulative=1878)
 00:00:42 | ECBS RandomHop mutated 7/12 agent paths [SUPPRESSED] (cumulative=1885)
 00:00:42 | ECBS RandomHop mutated 7/12 agent paths [SUPPRESSED] (cumulative=1892)
 00:00:42 | ECBS RandomHop mutated 7/14 agent paths [SUPPRESSED] (cumulative=1899)
 00:00:42 | ECBS RandomHop mutated 7/13 agent paths [SUPPRESSED] (cumulative=1906)
 00:00:42 | ECBS RandomHop mutated 7/13 agent paths [SUPPRESSED] (cumulative=1913)
 00:00:42 | ECBS RandomHop mutated 7/13 agent paths [SUPPRESSED] (cumulative=1920)
 00:00:42 | ECBS RandomHop mutated 7/12 agent paths [SUPPRESSED] (cumulative=1927)
 00:00:42 | ECBS RandomHop mutated 7/13 agent paths [SUPPRESSED] (cumulative=1934)
 00:00:42 | ECBS RandomHop mutated 7/13 agent paths [SUPPRESSED] (cumulative=1941)
 00:00:42 | ECBS RandomHop mutated 7/13 agent paths [SUPPRESSED] (cumulative=1948)
 00:00:42 | ECBS RandomHop mutated 7/14 agent paths [SUPPRESSED] (cumulative=1955)
 00:00:42 | ECBS RandomHop mutated 7/14 agent paths [SUPPRESSED] (cumulative=1962)
 00:00:42 | ECBS RandomHop mutated 7/15 agent paths [SUPPRESSED] (cumulative=1969)
 00:00:42 | ECBS RandomHop mutated 7/15 agent paths [SUPPRESSED] (cumulative=1976)
 00:00:42 | ECBS RandomHop mutated 7/15 agent paths [SUPPRESSED] (cumulative=1983)
 00:00:42 | ECBS RandomHop mutated 7/16 agent paths [SUPPRESSED] (cumulative=1990)
 00:00:42 | ECBS RandomHop mutated 7/16 agent paths [SUPPRESSED] (cumulative=1997)
 00:00:42 | ECBS RandomHop mutated 8/15 agent paths [SUPPRESSED] (cumulative=2005)
 00:00:42 | ECBS RandomHop mutated 8/16 agent paths [SUPPRESSED] (cumulative=2013)
 00:00:42 | ECBS RandomHop mutated 8/16 agent paths [SUPPRESSED] (cumulative=2021)
 00:00:42 | ECBS RandomHop mutated 8/16 agent paths [SUPPRESSED] (cumulative=2029)
 00:00:42 | ECBS RandomHop mutated 8/17 agent paths [SUPPRESSED] (cumulative=2037)
 00:00:42 | ECBS RandomHop mutated 8/17 agent paths [SUPPRESSED] (cumulative=2045)
 00:00:42 | ECBS RandomHop mutated 8/17 agent paths [SUPPRESSED] (cumulative=2053)
 00:00:42 | ECBS RandomHop mutated 8/18 agent paths [SUPPRESSED] (cumulative=2061)
 00:00:42 | ECBS RandomHop mutated 8/17 agent paths [SUPPRESSED] (cumulative=2069)
 00:00:42 | ECBS RandomHop mutated 8/17 agent paths [SUPPRESSED] (cumulative=2077)
 00:00:42 | ECBS RandomHop mutated 8/16 agent paths [SUPPRESSED] (cumulative=2085)
 00:00:42 | ECBS RandomHop mutated 8/16 agent paths [SUPPRESSED] (cumulative=2093)
 00:00:42 | ECBS RandomHop mutated 8/16 agent paths [SUPPRESSED] (cumulative=2101)
 00:00:42 | ECBS RandomHop mutated 8/16 agent paths [SUPPRESSED] (cumulative=2109)
 00:00:42 | ECBS RandomHop mutated 8/16 agent paths [SUPPRESSED] (cumulative=2117)
 00:00:42 | ECBS RandomHop mutated 8/16 agent paths [SUPPRESSED] (cumulative=2125)
 00:00:42 | ECBS RandomHop mutated 8/16 agent paths [SUPPRESSED] (cumulative=2133)
 00:00:42 | ECBS RandomHop mutated 8/15 agent paths [SUPPRESSED] (cumulative=2141)
 00:00:43 | ECBS RandomHop mutated 8/15 agent paths [SUPPRESSED] (cumulative=2149)
 00:00:43 | WARNING! Aborting ECBS - could not obtain an initial solution for the following agents: Agent18(34->23)
 00:00:43 | ECBS RandomHop mutated 8/15 agent paths [SUPPRESSED] (cumulative=2157)
 00:00:43 | WARNING! Aborting ECBS - could not obtain an initial solution for the following agents: Agent18(34->23)
 00:00:43 | ECBS RandomHop mutated 8/16 agent paths [SUPPRESSED] (cumulative=2165)
 00:00:43 | WARNING! Aborting ECBS - could not obtain an initial solution for the following agents: Agent18(34->23)
 00:00:43 | ECBS RandomHop mutated 9/16 agent paths [SUPPRESSED] (cumulative=2174)
 00:00:43 | WARNING! Aborting ECBS - could not obtain an initial solution for the following agents: Agent18(34->23)
 00:00:43 | ECBS RandomHop mutated 9/16 agent paths [SUPPRESSED] (cumulative=2183)
 00:00:43 | WARNING! Aborting ECBS - could not obtain an initial solution for the following agents: Agent18(34->23)
 00:00:43 | ECBS RandomHop mutated 9/16 agent paths [SUPPRESSED] (cumulative=2192)
 00:00:43 | WARNING! Aborting ECBS - could not obtain an initial solution for the following agents: Agent18(34->23)
 00:00:43 | ECBS RandomHop mutated 9/15 agent paths [SUPPRESSED] (cumulative=2201)
 00:00:43 | WARNING! Aborting ECBS - could not obtain an initial solution for the following agents: Agent18(34->23)
 00:00:43 | ECBS RandomHop mutated 9/14 agent paths [SUPPRESSED] (cumulative=2210)
 00:00:43 | WARNING! Aborting ECBS - could not obtain an initial solution for the following agents: Agent18(34->23)
 00:00:43 | ECBS RandomHop mutated 9/14 agent paths [SUPPRESSED] (cumulative=2219)
 00:00:43 | WARNING! Aborting ECBS - could not obtain an initial solution for the following agents: Agent18(34->23)
 00:00:43 | ECBS RandomHop mutated 9/15 agent paths [SUPPRESSED] (cumulative=2228)
 00:00:43 | ECBS RandomHop mutated 9/14 agent paths [SUPPRESSED] (cumulative=2237)
 00:00:43 | ECBS RandomHop mutated 9/14 agent paths [SUPPRESSED] (cumulative=2246)
 00:00:43 | ECBS RandomHop mutated 9/14 agent paths [SUPPRESSED] (cumulative=2255)
 00:00:43 | ECBS RandomHop mutated 9/14 agent paths [SUPPRESSED] (cumulative=2264)
 00:00:43 | ECBS RandomHop mutated 9/14 agent paths [SUPPRESSED] (cumulative=2273)
 00:00:43 | ECBS RandomHop mutated 9/14 agent paths [SUPPRESSED] (cumulative=2282)
 00:00:43 | ECBS RandomHop mutated 9/14 agent paths [SUPPRESSED] (cumulative=2291)
 00:00:43 | ECBS RandomHop mutated 9/14 agent paths [SUPPRESSED] (cumulative=2300)
 00:00:43 | ECBS RandomHop mutated 9/15 agent paths [SUPPRESSED] (cumulative=2309)
 00:00:43 | ECBS RandomHop mutated 9/17 agent paths [SUPPRESSED] (cumulative=2318)
 00:00:43 | ECBS RandomHop mutated 9/16 agent paths [SUPPRESSED] (cumulative=2327)
 00:00:43 | ECBS RandomHop mutated 9/16 agent paths [SUPPRESSED] (cumulative=2336)
 00:00:43 | ECBS RandomHop mutated 9/15 agent paths [SUPPRESSED] (cumulative=2345)
 00:00:43 | ECBS RandomHop mutated 9/15 agent paths [SUPPRESSED] (cumulative=2354)
 00:00:43 | ECBS RandomHop mutated 9/15 agent paths [SUPPRESSED] (cumulative=2363)
 00:00:43 | ECBS RandomHop mutated 9/15 agent paths [SUPPRESSED] (cumulative=2372)
 00:00:43 | ECBS RandomHop mutated 9/15 agent paths [SUPPRESSED] (cumulative=2381)
 00:00:43 | ECBS RandomHop mutated 9/15 agent paths [SUPPRESSED] (cumulative=2390)
 00:00:43 | ECBS RandomHop mutated 9/15 agent paths [SUPPRESSED] (cumulative=2399)
 00:00:43 | ECBS RandomHop mutated 9/15 agent paths [SUPPRESSED] (cumulative=2408)
 00:00:43 | ECBS RandomHop mutated 9/14 agent paths [SUPPRESSED] (cumulative=2417)
 00:00:43 | ECBS RandomHop mutated 9/14 agent paths [SUPPRESSED] (cumulative=2426)
 00:00:43 | ECBS RandomHop mutated 9/13 agent paths [SUPPRESSED] (cumulative=2435)
 00:00:43 | ECBS RandomHop mutated 9/14 agent paths [SUPPRESSED] (cumulative=2444)
 00:00:43 | ECBS RandomHop mutated 9/14 agent paths [SUPPRESSED] (cumulative=2453)
 00:00:43 | ECBS RandomHop mutated 9/14 agent paths [SUPPRESSED] (cumulative=2462)
 00:00:43 | ECBS RandomHop mutated 9/14 agent paths [SUPPRESSED] (cumulative=2471)
 00:00:43 | ECBS RandomHop mutated 9/13 agent paths [SUPPRESSED] (cumulative=2480)
 00:00:43 | ECBS RandomHop mutated 9/13 agent paths [SUPPRESSED] (cumulative=2489)
 00:00:43 | ECBS RandomHop mutated 9/13 agent paths [SUPPRESSED] (cumulative=2498)
 00:00:43 | ECBS RandomHop mutated 9/15 agent paths [SUPPRESSED] (cumulative=2507)
 00:00:43 | ECBS RandomHop mutated 9/16 agent paths [SUPPRESSED] (cumulative=2516)
 00:00:43 | ECBS RandomHop mutated 9/16 agent paths [SUPPRESSED] (cumulative=2525)
 00:00:43 | ECBS RandomHop mutated 9/16 agent paths [SUPPRESSED] (cumulative=2534)
 00:00:43 | ECBS RandomHop mutated 9/15 agent paths [SUPPRESSED] (cumulative=2543)
 00:00:43 | ECBS RandomHop mutated 9/14 agent paths [SUPPRESSED] (cumulative=2552)
 00:00:43 | ECBS RandomHop mutated 9/15 agent paths [SUPPRESSED] (cumulative=2561)
 00:00:43 | ECBS RandomHop mutated 9/15 agent paths [SUPPRESSED] (cumulative=2570)
 00:00:43 | ECBS RandomHop mutated 9/16 agent paths [SUPPRESSED] (cumulative=2579)
 00:00:44 | ECBS RandomHop mutated 9/16 agent paths [SUPPRESSED] (cumulative=2588)
 00:00:44 | ECBS RandomHop mutated 9/16 agent paths [SUPPRESSED] (cumulative=2597)
 00:00:44 | ECBS RandomHop mutated 9/16 agent paths [SUPPRESSED] (cumulative=2606)
 00:00:44 | ECBS RandomHop mutated 9/17 agent paths [SUPPRESSED] (cumulative=2615)
 00:00:44 | ECBS RandomHop mutated 9/17 agent paths [SUPPRESSED] (cumulative=2624)
 00:00:44 | ECBS RandomHop mutated 9/16 agent paths [SUPPRESSED] (cumulative=2633)
 00:00:44 | ECBS RandomHop mutated 9/16 agent paths [SUPPRESSED] (cumulative=2642)
 00:00:44 | ECBS RandomHop mutated 9/15 agent paths [SUPPRESSED] (cumulative=2651)
 00:00:44 | ECBS RandomHop mutated 9/15 agent paths [SUPPRESSED] (cumulative=2660)
 00:00:44 | ECBS RandomHop mutated 9/14 agent paths [SUPPRESSED] (cumulative=2669)
 00:00:44 | ECBS RandomHop mutated 9/14 agent paths [SUPPRESSED] (cumulative=2678)
 00:00:44 | ECBS RandomHop mutated 9/15 agent paths [SUPPRESSED] (cumulative=2687)
 00:00:44 | ECBS RandomHop mutated 9/16 agent paths [SUPPRESSED] (cumulative=2696)
 00:00:44 | ECBS RandomHop mutated 9/16 agent paths [SUPPRESSED] (cumulative=2705)
 00:00:44 | ECBS RandomHop mutated 9/16 agent paths [SUPPRESSED] (cumulative=2714)
 00:00:44 | ECBS RandomHop mutated 9/16 agent paths [SUPPRESSED] (cumulative=2723)
 00:00:44 | ECBS RandomHop mutated 9/15 agent paths [SUPPRESSED] (cumulative=2732)
 00:00:44 | ECBS RandomHop mutated 9/16 agent paths [SUPPRESSED] (cumulative=2741)
 00:00:44 | ECBS RandomHop mutated 9/16 agent paths [SUPPRESSED] (cumulative=2750)
 00:00:44 | ECBS RandomHop mutated 9/16 agent paths [SUPPRESSED] (cumulative=2759)
 00:00:44 | ECBS RandomHop mutated 9/16 agent paths [SUPPRESSED] (cumulative=2768)
 00:00:44 | ECBS RandomHop mutated 9/16 agent paths [SUPPRESSED] (cumulative=2777)
 00:00:44 | ECBS RandomHop mutated 9/16 agent paths [SUPPRESSED] (cumulative=2786)
 00:00:44 | ECBS RandomHop mutated 9/16 agent paths [SUPPRESSED] (cumulative=2795)
 00:00:44 | ECBS RandomHop mutated 9/16 agent paths [SUPPRESSED] (cumulative=2804)
 00:00:44 | ECBS RandomHop mutated 9/16 agent paths [SUPPRESSED] (cumulative=2813)
 00:00:44 | ECBS RandomHop mutated 9/16 agent paths [SUPPRESSED] (cumulative=2822)
 00:00:44 | ECBS RandomHop mutated 9/14 agent paths [SUPPRESSED] (cumulative=2831)
 00:00:44 | ECBS RandomHop mutated 9/14 agent paths [SUPPRESSED] (cumulative=2840)
 00:00:44 | ECBS RandomHop mutated 9/15 agent paths [SUPPRESSED] (cumulative=2849)
 00:00:44 | ECBS RandomHop mutated 9/16 agent paths [SUPPRESSED] (cumulative=2858)
 00:00:44 | ECBS RandomHop mutated 9/16 agent paths [SUPPRESSED] (cumulative=2867)
 00:00:44 | ECBS RandomHop mutated 9/16 agent paths [SUPPRESSED] (cumulative=2876)
 00:00:44 | ECBS RandomHop mutated 9/16 agent paths [SUPPRESSED] (cumulative=2885)
 00:00:44 | ECBS RandomHop mutated 9/15 agent paths [SUPPRESSED] (cumulative=2894)
 00:00:44 | ECBS RandomHop mutated 9/16 agent paths [SUPPRESSED] (cumulative=2903)
 00:00:44 | ECBS RandomHop mutated 9/17 agent paths [SUPPRESSED] (cumulative=2912)
 00:00:44 | ECBS RandomHop mutated 9/17 agent paths [SUPPRESSED] (cumulative=2921)
 00:00:44 | ECBS RandomHop mutated 9/17 agent paths [SUPPRESSED] (cumulative=2930)
 00:00:44 | ECBS RandomHop mutated 9/17 agent paths [SUPPRESSED] (cumulative=2939)
 00:00:44 | ECBS RandomHop mutated 9/17 agent paths [SUPPRESSED] (cumulative=2948)
 00:00:45 | ECBS RandomHop mutated 9/18 agent paths [SUPPRESSED] (cumulative=2957)
 00:00:45 | ECBS RandomHop mutated 9/17 agent paths [SUPPRESSED] (cumulative=2966)
 00:00:45 | ECBS RandomHop mutated 9/17 agent paths [SUPPRESSED] (cumulative=2975)
 00:00:45 | ECBS RandomHop mutated 9/17 agent paths [SUPPRESSED] (cumulative=2984)
 00:00:45 | ECBS RandomHop mutated 9/17 agent paths [SUPPRESSED] (cumulative=2993)
 00:00:45 | 00:00:33 | 0.00:17:12 |  57.36%  |   185   |   310    | 73%  |   8408   |   0    | 149.54MB  
 00:00:45 | ECBS RandomHop mutated 10/16 agent paths [SUPPRESSED] (cumulative=3003)
 00:00:45 | ECBS RandomHop mutated 10/16 agent paths [SUPPRESSED] (cumulative=3013)
 00:00:45 | ECBS RandomHop mutated 10/15 agent paths [SUPPRESSED] (cumulative=3023)
 00:00:45 | ECBS RandomHop mutated 10/16 agent paths [SUPPRESSED] (cumulative=3033)
 00:00:45 | ECBS RandomHop mutated 10/16 agent paths [SUPPRESSED] (cumulative=3043)
 00:00:45 | ECBS RandomHop mutated 10/16 agent paths [SUPPRESSED] (cumulative=3053)
 00:00:45 | ECBS RandomHop mutated 10/16 agent paths [SUPPRESSED] (cumulative=3063)
 00:00:45 | ECBS RandomHop mutated 10/15 agent paths [SUPPRESSED] (cumulative=3073)
 00:00:45 | ECBS RandomHop mutated 10/15 agent paths [SUPPRESSED] (cumulative=3083)
 00:00:45 | ECBS RandomHop mutated 10/16 agent paths [SUPPRESSED] (cumulative=3093)
 00:00:45 | ECBS RandomHop mutated 10/16 agent paths [SUPPRESSED] (cumulative=3103)
 00:00:45 | ECBS RandomHop mutated 10/16 agent paths [SUPPRESSED] (cumulative=3113)
 00:00:45 | ECBS RandomHop mutated 10/15 agent paths [SUPPRESSED] (cumulative=3123)
 00:00:45 | ECBS RandomHop mutated 10/15 agent paths [SUPPRESSED] (cumulative=3133)
 00:00:45 | ECBS RandomHop mutated 10/14 agent paths [SUPPRESSED] (cumulative=3143)
 00:00:45 | ECBS RandomHop mutated 10/14 agent paths [SUPPRESSED] (cumulative=3153)
 00:00:45 | ECBS RandomHop mutated 10/14 agent paths [SUPPRESSED] (cumulative=3163)
 00:00:45 | ECBS RandomHop mutated 10/14 agent paths [SUPPRESSED] (cumulative=3173)
 00:00:45 | ECBS RandomHop mutated 10/15 agent paths [SUPPRESSED] (cumulative=3183)
 00:00:45 | WARNING! Aborting ECBS - could not obtain an initial solution for the following agents: Agent14(882->1034)
 00:00:45 | ECBS RandomHop mutated 10/15 agent paths [SUPPRESSED] (cumulative=3193)
 00:00:45 | ECBS RandomHop mutated 10/15 agent paths [SUPPRESSED] (cumulative=3203)
 00:00:45 | ECBS RandomHop mutated 9/16 agent paths [SUPPRESSED] (cumulative=3212)
 00:00:45 | ECBS RandomHop mutated 9/16 agent paths [SUPPRESSED] (cumulative=3221)
 00:00:45 | ECBS RandomHop mutated 9/18 agent paths [SUPPRESSED] (cumulative=3230)
 00:00:45 | ECBS RandomHop mutated 9/17 agent paths [SUPPRESSED] (cumulative=3239)
 00:00:45 | ECBS RandomHop mutated 9/17 agent paths [SUPPRESSED] (cumulative=3248)
 00:00:45 | ECBS RandomHop mutated 9/17 agent paths [SUPPRESSED] (cumulative=3257)
 00:00:45 | ECBS RandomHop mutated 9/17 agent paths [SUPPRESSED] (cumulative=3266)
 00:00:45 | ECBS RandomHop mutated 9/17 agent paths [SUPPRESSED] (cumulative=3275)
 00:00:45 | ECBS RandomHop mutated 9/17 agent paths [SUPPRESSED] (cumulative=3284)
 00:00:45 | ECBS RandomHop mutated 9/17 agent paths [SUPPRESSED] (cumulative=3293)
 00:00:45 | ECBS RandomHop mutated 9/17 agent paths [SUPPRESSED] (cumulative=3302)
 00:00:45 | ECBS RandomHop mutated 9/18 agent paths [SUPPRESSED] (cumulative=3311)
 00:00:45 | ECBS RandomHop mutated 9/18 agent paths [SUPPRESSED] (cumulative=3320)
 00:00:45 | ECBS RandomHop mutated 9/19 agent paths [SUPPRESSED] (cumulative=3329)
 00:00:45 | ECBS RandomHop mutated 9/20 agent paths [SUPPRESSED] (cumulative=3338)
 00:00:45 | ECBS RandomHop mutated 9/20 agent paths [SUPPRESSED] (cumulative=3347)
 00:00:45 | ECBS RandomHop mutated 9/20 agent paths [SUPPRESSED] (cumulative=3356)
 00:00:46 | ECBS RandomHop mutated 9/21 agent paths [SUPPRESSED] (cumulative=3365)
 00:00:46 | ECBS RandomHop mutated 9/20 agent paths [SUPPRESSED] (cumulative=3374)
 00:00:46 | ECBS RandomHop mutated 9/19 agent paths [SUPPRESSED] (cumulative=3383)
 00:00:46 | ECBS RandomHop mutated 9/19 agent paths [SUPPRESSED] (cumulative=3392)
 00:00:46 | ECBS RandomHop mutated 9/19 agent paths [SUPPRESSED] (cumulative=3401)
 00:00:46 | ECBS RandomHop mutated 9/19 agent paths [SUPPRESSED] (cumulative=3410)
 00:00:46 | ECBS RandomHop mutated 9/20 agent paths [SUPPRESSED] (cumulative=3419)
 00:00:46 | ECBS RandomHop mutated 9/20 agent paths [SUPPRESSED] (cumulative=3428)
 00:00:46 | ECBS RandomHop mutated 9/20 agent paths [SUPPRESSED] (cumulative=3437)
 00:00:46 | ECBS RandomHop mutated 9/20 agent paths [SUPPRESSED] (cumulative=3446)
 00:00:46 | ECBS RandomHop mutated 9/22 agent paths [SUPPRESSED] (cumulative=3455)
 00:00:46 | ECBS RandomHop mutated 9/21 agent paths [SUPPRESSED] (cumulative=3464)
 00:00:46 | ECBS RandomHop mutated 9/21 agent paths [SUPPRESSED] (cumulative=3473)
 00:00:46 | ECBS RandomHop mutated 9/21 agent paths [SUPPRESSED] (cumulative=3482)
 00:00:46 | ECBS RandomHop mutated 9/21 agent paths [SUPPRESSED] (cumulative=3491)
 00:00:46 | ECBS RandomHop mutated 9/21 agent paths [SUPPRESSED] (cumulative=3500)
 00:00:46 | ECBS RandomHop mutated 10/21 agent paths [SUPPRESSED] (cumulative=3510)
 00:00:46 | ECBS RandomHop mutated 10/21 agent paths [SUPPRESSED] (cumulative=3520)
 00:00:46 | ECBS RandomHop mutated 10/21 agent paths [SUPPRESSED] (cumulative=3530)
 00:00:46 | ECBS RandomHop mutated 10/21 agent paths [SUPPRESSED] (cumulative=3540)
 00:00:46 | ECBS RandomHop mutated 10/22 agent paths [SUPPRESSED] (cumulative=3550)
 00:00:46 | ECBS RandomHop mutated 11/22 agent paths [SUPPRESSED] (cumulative=3561)
 00:00:46 | ECBS RandomHop mutated 11/20 agent paths [SUPPRESSED] (cumulative=3572)
 00:00:46 | ECBS RandomHop mutated 11/20 agent paths [SUPPRESSED] (cumulative=3583)
 00:00:46 | ECBS RandomHop mutated 11/20 agent paths [SUPPRESSED] (cumulative=3594)
 00:00:46 | ECBS RandomHop mutated 11/19 agent paths [SUPPRESSED] (cumulative=3605)
 00:00:46 | ECBS RandomHop mutated 11/19 agent paths [SUPPRESSED] (cumulative=3616)
 00:00:46 | ECBS RandomHop mutated 11/18 agent paths [SUPPRESSED] (cumulative=3627)
 00:00:46 | ECBS RandomHop mutated 11/17 agent paths [SUPPRESSED] (cumulative=3638)
 00:00:46 | ECBS RandomHop mutated 11/17 agent paths [SUPPRESSED] (cumulative=3649)
 00:00:46 | ECBS RandomHop mutated 11/18 agent paths [SUPPRESSED] (cumulative=3660)
 00:00:46 | ECBS RandomHop mutated 11/18 agent paths [SUPPRESSED] (cumulative=3671)
 00:00:46 | ECBS RandomHop mutated 11/18 agent paths [SUPPRESSED] (cumulative=3682)
 00:00:46 | ECBS RandomHop mutated 11/18 agent paths [SUPPRESSED] (cumulative=3693)
 00:00:46 | ECBS RandomHop mutated 11/17 agent paths [SUPPRESSED] (cumulative=3704)
 00:00:46 | ECBS RandomHop mutated 12/18 agent paths [SUPPRESSED] (cumulative=3716)
 00:00:46 | ECBS RandomHop mutated 12/19 agent paths [SUPPRESSED] (cumulative=3728)
 00:00:46 | ECBS RandomHop mutated 12/19 agent paths [SUPPRESSED] (cumulative=3740)
 00:00:46 | ECBS RandomHop mutated 12/19 agent paths [SUPPRESSED] (cumulative=3752)
 00:00:46 | ECBS RandomHop mutated 12/18 agent paths [SUPPRESSED] (cumulative=3764)
 00:00:46 | ECBS RandomHop mutated 12/18 agent paths [SUPPRESSED] (cumulative=3776)
 00:00:46 | ECBS RandomHop mutated 12/18 agent paths [SUPPRESSED] (cumulative=3788)
 00:00:46 | ECBS RandomHop mutated 12/19 agent paths [SUPPRESSED] (cumulative=3800)
 00:00:47 | ECBS RandomHop mutated 12/19 agent paths [SUPPRESSED] (cumulative=3812)
 00:00:47 | ECBS RandomHop mutated 12/19 agent paths [SUPPRESSED] (cumulative=3824)
 00:00:47 | ECBS RandomHop mutated 12/19 agent paths [SUPPRESSED] (cumulative=3836)
 00:00:47 | ECBS RandomHop mutated 12/19 agent paths [SUPPRESSED] (cumulative=3848)
 00:00:47 | ECBS RandomHop mutated 12/18 agent paths [SUPPRESSED] (cumulative=3860)
 00:00:47 | ECBS RandomHop mutated 12/19 agent paths [SUPPRESSED] (cumulative=3872)
 00:00:47 | ECBS RandomHop mutated 12/19 agent paths [SUPPRESSED] (cumulative=3884)
 00:00:47 | ECBS RandomHop mutated 12/18 agent paths [SUPPRESSED] (cumulative=3896)
 00:00:47 | ECBS RandomHop mutated 12/18 agent paths [SUPPRESSED] (cumulative=3908)
 00:00:47 | ECBS RandomHop mutated 12/18 agent paths [SUPPRESSED] (cumulative=3920)
 00:00:47 | ECBS RandomHop mutated 12/18 agent paths [SUPPRESSED] (cumulative=3932)
 00:00:47 | ECBS RandomHop mutated 12/19 agent paths [SUPPRESSED] (cumulative=3944)
 00:00:47 | ECBS RandomHop mutated 12/19 agent paths [SUPPRESSED] (cumulative=3956)
 00:00:47 | ECBS RandomHop mutated 12/18 agent paths [SUPPRESSED] (cumulative=3968)
 00:00:47 | ECBS RandomHop mutated 12/18 agent paths [SUPPRESSED] (cumulative=3980)
 00:00:47 | ECBS RandomHop mutated 12/18 agent paths [SUPPRESSED] (cumulative=3992)
 00:00:47 | ECBS RandomHop mutated 12/18 agent paths [SUPPRESSED] (cumulative=4004)
 00:00:47 | ECBS RandomHop mutated 12/18 agent paths [SUPPRESSED] (cumulative=4016)
 00:00:47 | ECBS RandomHop mutated 12/18 agent paths [SUPPRESSED] (cumulative=4028)
 00:00:47 | ECBS RandomHop mutated 12/18 agent paths [SUPPRESSED] (cumulative=4040)
 00:00:47 | ECBS RandomHop mutated 12/18 agent paths [SUPPRESSED] (cumulative=4052)
 00:00:47 | ECBS RandomHop mutated 12/19 agent paths [SUPPRESSED] (cumulative=4064)
 00:00:48 | ECBS RandomHop mutated 12/18 agent paths [SUPPRESSED] (cumulative=4076)
 00:00:48 | ECBS RandomHop mutated 12/18 agent paths [SUPPRESSED] (cumulative=4088)
 00:00:48 | ECBS RandomHop mutated 12/18 agent paths [SUPPRESSED] (cumulative=4100)
 00:00:48 | ECBS RandomHop mutated 12/18 agent paths [SUPPRESSED] (cumulative=4112)
 00:00:48 | ECBS RandomHop mutated 12/16 agent paths [SUPPRESSED] (cumulative=4124)
 00:00:48 | ECBS RandomHop mutated 12/16 agent paths [SUPPRESSED] (cumulative=4136)
 00:00:48 | ECBS RandomHop mutated 12/16 agent paths [SUPPRESSED] (cumulative=4148)
 00:00:48 | ECBS RandomHop mutated 12/16 agent paths [SUPPRESSED] (cumulative=4160)
 00:00:48 | ECBS RandomHop mutated 12/15 agent paths [SUPPRESSED] (cumulative=4172)
 00:00:48 | ECBS RandomHop mutated 12/16 agent paths [SUPPRESSED] (cumulative=4184)
 00:00:48 | ECBS RandomHop mutated 12/16 agent paths [SUPPRESSED] (cumulative=4196)
 00:00:48 | ECBS RandomHop mutated 12/16 agent paths [SUPPRESSED] (cumulative=4208)
 00:00:48 | ECBS RandomHop mutated 12/16 agent paths [SUPPRESSED] (cumulative=4220)
 00:00:48 | ECBS RandomHop mutated 12/16 agent paths [SUPPRESSED] (cumulative=4232)
 00:00:48 | ECBS RandomHop mutated 12/16 agent paths [SUPPRESSED] (cumulative=4244)
 00:00:48 | ECBS RandomHop mutated 12/16 agent paths [SUPPRESSED] (cumulative=4256)
 00:00:48 | ECBS RandomHop mutated 12/16 agent paths [SUPPRESSED] (cumulative=4268)
 00:00:48 | ECBS RandomHop mutated 12/17 agent paths [SUPPRESSED] (cumulative=4280)
 00:00:48 | ECBS RandomHop mutated 13/17 agent paths [SUPPRESSED] (cumulative=4293)
 00:00:48 | ECBS RandomHop mutated 13/17 agent paths [SUPPRESSED] (cumulative=4306)
 00:00:48 | ECBS RandomHop mutated 13/17 agent paths [SUPPRESSED] (cumulative=4319)
 00:00:48 | ECBS RandomHop mutated 13/17 agent paths [SUPPRESSED] (cumulative=4332)
 00:00:48 | ECBS RandomHop mutated 13/17 agent paths [SUPPRESSED] (cumulative=4345)
 00:00:48 | ECBS RandomHop mutated 13/17 agent paths [SUPPRESSED] (cumulative=4358)
 00:00:48 | ECBS RandomHop mutated 13/17 agent paths [SUPPRESSED] (cumulative=4371)
 00:00:48 | ECBS RandomHop mutated 13/15 agent paths [SUPPRESSED] (cumulative=4384)
 00:00:48 | ECBS RandomHop mutated 13/15 agent paths [SUPPRESSED] (cumulative=4397)
 00:00:48 | ECBS RandomHop mutated 13/15 agent paths [SUPPRESSED] (cumulative=4410)
 00:00:48 | ECBS RandomHop mutated 13/15 agent paths [SUPPRESSED] (cumulative=4423)
 00:00:48 | ECBS RandomHop mutated 13/16 agent paths [SUPPRESSED] (cumulative=4436)
 00:00:48 | ECBS RandomHop mutated 13/16 agent paths [SUPPRESSED] (cumulative=4449)
 00:00:48 | ECBS RandomHop mutated 13/17 agent paths [SUPPRESSED] (cumulative=4462)
 00:00:48 | ECBS RandomHop mutated 13/17 agent paths [SUPPRESSED] (cumulative=4475)
 00:00:48 | ECBS RandomHop mutated 13/17 agent paths [SUPPRESSED] (cumulative=4488)
 00:00:48 | ECBS RandomHop mutated 13/17 agent paths [SUPPRESSED] (cumulative=4501)
 00:00:48 | ECBS RandomHop mutated 13/18 agent paths [SUPPRESSED] (cumulative=4514)
 00:00:48 | ECBS RandomHop mutated 13/18 agent paths [SUPPRESSED] (cumulative=4527)
 00:00:48 | ECBS RandomHop mutated 13/18 agent paths [SUPPRESSED] (cumulative=4540)
 00:00:48 | ECBS RandomHop mutated 13/18 agent paths [SUPPRESSED] (cumulative=4553)
 00:00:48 | ECBS RandomHop mutated 13/18 agent paths [SUPPRESSED] (cumulative=4566)
 00:00:48 | ECBS RandomHop mutated 13/19 agent paths [SUPPRESSED] (cumulative=4579)
 00:00:48 | ECBS RandomHop mutated 13/19 agent paths [SUPPRESSED] (cumulative=4592)
 00:00:48 | ECBS RandomHop mutated 13/19 agent paths [SUPPRESSED] (cumulative=4605)
 00:00:48 | ECBS RandomHop mutated 13/19 agent paths [SUPPRESSED] (cumulative=4618)
 00:00:48 | ECBS RandomHop mutated 13/19 agent paths [SUPPRESSED] (cumulative=4631)
 00:00:48 | ECBS RandomHop mutated 13/19 agent paths [SUPPRESSED] (cumulative=4644)
 00:00:48 | ECBS RandomHop mutated 13/19 agent paths [SUPPRESSED] (cumulative=4657)
 00:00:49 | ECBS RandomHop mutated 13/19 agent paths [SUPPRESSED] (cumulative=4670)
 00:00:49 | ECBS RandomHop mutated 13/19 agent paths [SUPPRESSED] (cumulative=4683)
 00:00:49 | ECBS RandomHop mutated 13/19 agent paths [SUPPRESSED] (cumulative=4696)
 00:00:49 | ECBS RandomHop mutated 13/19 agent paths [SUPPRESSED] (cumulative=4709)
 00:00:49 | ECBS RandomHop mutated 13/19 agent paths [SUPPRESSED] (cumulative=4722)
 00:00:49 | ECBS RandomHop mutated 13/20 agent paths [SUPPRESSED] (cumulative=4735)
 00:00:49 | ECBS RandomHop mutated 13/20 agent paths [SUPPRESSED] (cumulative=4748)
 00:00:49 | ECBS RandomHop mutated 13/20 agent paths [SUPPRESSED] (cumulative=4761)
 00:00:49 | ECBS RandomHop mutated 13/20 agent paths [SUPPRESSED] (cumulative=4774)
 00:00:49 | ECBS RandomHop mutated 13/18 agent paths [SUPPRESSED] (cumulative=4787)
 00:00:49 | ECBS RandomHop mutated 13/18 agent paths [SUPPRESSED] (cumulative=4800)
 00:00:49 | ECBS RandomHop mutated 13/19 agent paths [SUPPRESSED] (cumulative=4813)
 00:00:49 | ECBS RandomHop mutated 13/19 agent paths [SUPPRESSED] (cumulative=4826)
 00:00:49 | ECBS RandomHop mutated 13/19 agent paths [SUPPRESSED] (cumulative=4839)
 00:00:49 | ECBS RandomHop mutated 13/19 agent paths [SUPPRESSED] (cumulative=4852)
 00:00:49 | ECBS RandomHop mutated 13/19 agent paths [SUPPRESSED] (cumulative=4865)
 00:00:49 | ECBS RandomHop mutated 13/19 agent paths [SUPPRESSED] (cumulative=4878)
 00:00:49 | ECBS RandomHop mutated 13/19 agent paths [SUPPRESSED] (cumulative=4891)
 00:00:49 | ECBS RandomHop mutated 13/21 agent paths [SUPPRESSED] (cumulative=4904)
 00:00:49 | ECBS RandomHop mutated 13/22 agent paths [SUPPRESSED] (cumulative=4917)
 00:00:49 | ECBS RandomHop mutated 13/22 agent paths [SUPPRESSED] (cumulative=4930)
 00:00:49 | ECBS RandomHop mutated 13/23 agent paths [SUPPRESSED] (cumulative=4943)
 00:00:49 | ECBS RandomHop mutated 13/23 agent paths [SUPPRESSED] (cumulative=4956)
 00:00:49 | ECBS RandomHop mutated 13/22 agent paths [SUPPRESSED] (cumulative=4969)
 00:00:49 | ECBS RandomHop mutated 13/22 agent paths [SUPPRESSED] (cumulative=4982)
 00:00:49 | ECBS RandomHop mutated 13/22 agent paths [SUPPRESSED] (cumulative=4995)
 00:00:49 | ECBS RandomHop mutated 13/22 agent paths [SUPPRESSED] (cumulative=5008)
 00:00:49 | ECBS RandomHop mutated 13/22 agent paths [SUPPRESSED] (cumulative=5021)
 00:00:49 | ECBS RandomHop mutated 13/22 agent paths [SUPPRESSED] (cumulative=5034)
 00:00:49 | ECBS RandomHop mutated 13/22 agent paths [SUPPRESSED] (cumulative=5047)
 00:00:49 | ECBS RandomHop mutated 13/22 agent paths [SUPPRESSED] (cumulative=5060)
 00:00:49 | ECBS RandomHop mutated 13/21 agent paths [SUPPRESSED] (cumulative=5073)
 00:00:49 | ECBS RandomHop mutated 13/22 agent paths [SUPPRESSED] (cumulative=5086)
 00:00:49 | ECBS RandomHop mutated 13/22 agent paths [SUPPRESSED] (cumulative=5099)
 00:00:49 | ECBS RandomHop mutated 13/22 agent paths [SUPPRESSED] (cumulative=5112)
 00:00:49 | ECBS RandomHop mutated 13/22 agent paths [SUPPRESSED] (cumulative=5125)
 00:00:49 | ECBS RandomHop mutated 13/20 agent paths [SUPPRESSED] (cumulative=5138)
 00:00:49 | ECBS RandomHop mutated 13/20 agent paths [SUPPRESSED] (cumulative=5151)
 00:00:49 | ECBS RandomHop mutated 13/20 agent paths [SUPPRESSED] (cumulative=5164)
 00:00:49 | ECBS RandomHop mutated 13/19 agent paths [SUPPRESSED] (cumulative=5177)
 00:00:49 | ECBS RandomHop mutated 13/19 agent paths [SUPPRESSED] (cumulative=5190)
 00:00:49 | ECBS RandomHop mutated 13/18 agent paths [SUPPRESSED] (cumulative=5203)
 00:00:49 | ECBS RandomHop mutated 13/18 agent paths [SUPPRESSED] (cumulative=5216)
 00:00:49 | ECBS RandomHop mutated 13/18 agent paths [SUPPRESSED] (cumulative=5229)
 00:00:49 | ECBS RandomHop mutated 13/18 agent paths [SUPPRESSED] (cumulative=5242)
 00:00:50 | ECBS RandomHop mutated 13/19 agent paths [SUPPRESSED] (cumulative=5255)
 00:00:50 | ECBS RandomHop mutated 13/18 agent paths [SUPPRESSED] (cumulative=5268)
 00:00:50 | ECBS RandomHop mutated 13/18 agent paths [SUPPRESSED] (cumulative=5281)
 00:00:50 | 00:00:22 | 0.00:20:37 |  68.77%  |   203   |   363    | 73%  |   9582   |   0    | 149.79MB  
 00:00:50 | ECBS RandomHop mutated 14/18 agent paths [SUPPRESSED] (cumulative=5295)
 00:00:50 | ECBS RandomHop mutated 14/18 agent paths [SUPPRESSED] (cumulative=5309)
 00:00:50 | ECBS RandomHop mutated 14/19 agent paths [SUPPRESSED] (cumulative=5323)
 00:00:50 | ECBS RandomHop mutated 14/19 agent paths [SUPPRESSED] (cumulative=5337)
 00:00:50 | ECBS RandomHop mutated 14/19 agent paths [SUPPRESSED] (cumulative=5351)
 00:00:50 | ECBS RandomHop mutated 14/20 agent paths [SUPPRESSED] (cumulative=5365)
 00:00:50 | ECBS RandomHop mutated 14/20 agent paths [SUPPRESSED] (cumulative=5379)
 00:00:50 | ECBS RandomHop mutated 14/20 agent paths [SUPPRESSED] (cumulative=5393)
 00:00:50 | ECBS RandomHop mutated 14/21 agent paths [SUPPRESSED] (cumulative=5407)
 00:00:50 | ECBS RandomHop mutated 14/22 agent paths [SUPPRESSED] (cumulative=5421)
 00:00:50 | ECBS RandomHop mutated 14/21 agent paths [SUPPRESSED] (cumulative=5435)
 00:00:50 | ECBS RandomHop mutated 14/20 agent paths [SUPPRESSED] (cumulative=5449)
 00:00:50 | ECBS RandomHop mutated 14/19 agent paths [SUPPRESSED] (cumulative=5463)
 00:00:50 | ECBS RandomHop mutated 14/18 agent paths [SUPPRESSED] (cumulative=5477)
 00:00:50 | ECBS RandomHop mutated 14/18 agent paths [SUPPRESSED] (cumulative=5491)
 00:00:50 | ECBS RandomHop mutated 14/18 agent paths [SUPPRESSED] (cumulative=5505)
 00:00:50 | ECBS RandomHop mutated 14/18 agent paths [SUPPRESSED] (cumulative=5519)
 00:00:50 | ECBS RandomHop mutated 14/18 agent paths [SUPPRESSED] (cumulative=5533)
 00:00:50 | ECBS RandomHop mutated 14/18 agent paths [SUPPRESSED] (cumulative=5547)
 00:00:50 | ECBS RandomHop mutated 14/18 agent paths [SUPPRESSED] (cumulative=5561)
 00:00:50 | ECBS RandomHop mutated 14/18 agent paths [SUPPRESSED] (cumulative=5575)
 00:00:50 | ECBS RandomHop mutated 14/19 agent paths [SUPPRESSED] (cumulative=5589)
 00:00:50 | ECBS RandomHop mutated 14/19 agent paths [SUPPRESSED] (cumulative=5603)
 00:00:50 | ECBS RandomHop mutated 14/20 agent paths [SUPPRESSED] (cumulative=5617)
 00:00:50 | ECBS RandomHop mutated 14/19 agent paths [SUPPRESSED] (cumulative=5631)
 00:00:50 | ECBS RandomHop mutated 14/19 agent paths [SUPPRESSED] (cumulative=5645)
 00:00:50 | ECBS RandomHop mutated 14/20 agent paths [SUPPRESSED] (cumulative=5659)
 00:00:50 | ECBS RandomHop mutated 14/20 agent paths [SUPPRESSED] (cumulative=5673)
 00:00:50 | ECBS RandomHop mutated 14/20 agent paths [SUPPRESSED] (cumulative=5687)
 00:00:50 | ECBS RandomHop mutated 14/20 agent paths [SUPPRESSED] (cumulative=5701)
 00:00:50 | ECBS RandomHop mutated 14/20 agent paths [SUPPRESSED] (cumulative=5715)
 00:00:50 | ECBS RandomHop mutated 14/20 agent paths [SUPPRESSED] (cumulative=5729)
 00:00:50 | ECBS RandomHop mutated 14/20 agent paths [SUPPRESSED] (cumulative=5743)
 00:00:50 | ECBS RandomHop mutated 14/19 agent paths [SUPPRESSED] (cumulative=5757)
 00:00:50 | ECBS RandomHop mutated 14/19 agent paths [SUPPRESSED] (cumulative=5771)
 00:00:50 | ECBS RandomHop mutated 14/18 agent paths [SUPPRESSED] (cumulative=5785)
 00:00:51 | ECBS RandomHop mutated 14/18 agent paths [SUPPRESSED] (cumulative=5799)
 00:00:51 | ECBS RandomHop mutated 14/18 agent paths [SUPPRESSED] (cumulative=5813)
 00:00:51 | ECBS RandomHop mutated 14/18 agent paths [SUPPRESSED] (cumulative=5827)
 00:00:51 | ECBS RandomHop mutated 14/18 agent paths [SUPPRESSED] (cumulative=5841)
 00:00:51 | ECBS RandomHop mutated 14/18 agent paths [SUPPRESSED] (cumulative=5855)
 00:00:51 | ECBS RandomHop mutated 14/18 agent paths [SUPPRESSED] (cumulative=5869)
 00:00:51 | ECBS RandomHop mutated 14/18 agent paths [SUPPRESSED] (cumulative=5883)
 00:00:51 | ECBS RandomHop mutated 14/18 agent paths [SUPPRESSED] (cumulative=5897)
 00:00:51 | ECBS RandomHop mutated 14/18 agent paths [SUPPRESSED] (cumulative=5911)
 00:00:51 | ECBS RandomHop mutated 14/18 agent paths [SUPPRESSED] (cumulative=5925)
 00:00:51 | ECBS RandomHop mutated 14/19 agent paths [SUPPRESSED] (cumulative=5939)
 00:00:51 | ECBS RandomHop mutated 14/18 agent paths [SUPPRESSED] (cumulative=5953)
 00:00:51 | ECBS RandomHop mutated 14/18 agent paths [SUPPRESSED] (cumulative=5967)
 00:00:51 | ECBS RandomHop mutated 14/19 agent paths [SUPPRESSED] (cumulative=5981)
 00:00:51 | ECBS RandomHop mutated 14/20 agent paths [SUPPRESSED] (cumulative=5995)
 00:00:51 | ECBS RandomHop mutated 14/19 agent paths [SUPPRESSED] (cumulative=6009)
 00:00:51 | ECBS RandomHop mutated 14/18 agent paths [SUPPRESSED] (cumulative=6023)
 00:00:51 | ECBS RandomHop mutated 14/19 agent paths [SUPPRESSED] (cumulative=6037)
 00:00:51 | ECBS RandomHop mutated 14/19 agent paths [SUPPRESSED] (cumulative=6051)
 00:00:51 | ECBS RandomHop mutated 14/17 agent paths [SUPPRESSED] (cumulative=6065)
 00:00:51 | ECBS RandomHop mutated 14/17 agent paths [SUPPRESSED] (cumulative=6079)
 00:00:51 | ECBS RandomHop mutated 14/17 agent paths [SUPPRESSED] (cumulative=6093)
 00:00:51 | ECBS RandomHop mutated 14/17 agent paths [SUPPRESSED] (cumulative=6107)
 00:00:51 | ECBS RandomHop mutated 14/17 agent paths [SUPPRESSED] (cumulative=6121)
 00:00:51 | ECBS RandomHop mutated 14/17 agent paths [SUPPRESSED] (cumulative=6135)
 00:00:51 | ECBS RandomHop mutated 14/17 agent paths [SUPPRESSED] (cumulative=6149)
 00:00:51 | ECBS RandomHop mutated 14/19 agent paths [SUPPRESSED] (cumulative=6163)
 00:00:51 | ECBS RandomHop mutated 14/19 agent paths [SUPPRESSED] (cumulative=6177)
 00:00:51 | ECBS RandomHop mutated 14/19 agent paths [SUPPRESSED] (cumulative=6191)
 00:00:51 | ECBS RandomHop mutated 14/19 agent paths [SUPPRESSED] (cumulative=6205)
 00:00:51 | ECBS RandomHop mutated 14/19 agent paths [SUPPRESSED] (cumulative=6219)
 00:00:51 | ECBS RandomHop mutated 14/19 agent paths [SUPPRESSED] (cumulative=6233)
 00:00:51 | ECBS RandomHop mutated 14/19 agent paths [SUPPRESSED] (cumulative=6247)
 00:00:51 | ECBS RandomHop mutated 14/19 agent paths [SUPPRESSED] (cumulative=6261)
 00:00:51 | ECBS RandomHop mutated 14/19 agent paths [SUPPRESSED] (cumulative=6275)
 00:00:51 | ECBS RandomHop mutated 14/20 agent paths [SUPPRESSED] (cumulative=6289)
 00:00:51 | ECBS RandomHop mutated 14/20 agent paths [SUPPRESSED] (cumulative=6303)
 00:00:51 | ECBS RandomHop mutated 14/20 agent paths [SUPPRESSED] (cumulative=6317)
 00:00:51 | ECBS RandomHop mutated 14/19 agent paths [SUPPRESSED] (cumulative=6331)
 00:00:51 | ECBS RandomHop mutated 14/19 agent paths [SUPPRESSED] (cumulative=6345)
 00:00:51 | ECBS RandomHop mutated 14/19 agent paths [SUPPRESSED] (cumulative=6359)
 00:00:51 | ECBS RandomHop mutated 14/19 agent paths [SUPPRESSED] (cumulative=6373)
 00:00:51 | ECBS RandomHop mutated 14/19 agent paths [SUPPRESSED] (cumulative=6387)
 00:00:51 | ECBS RandomHop mutated 14/19 agent paths [SUPPRESSED] (cumulative=6401)
 00:00:51 | ECBS RandomHop mutated 14/18 agent paths [SUPPRESSED] (cumulative=6415)
 00:00:51 | ECBS RandomHop mutated 14/18 agent paths [SUPPRESSED] (cumulative=6429)
 00:00:52 | ECBS RandomHop mutated 14/19 agent paths [SUPPRESSED] (cumulative=6443)
 00:00:52 | ECBS RandomHop mutated 14/19 agent paths [SUPPRESSED] (cumulative=6457)
 00:00:52 | ECBS RandomHop mutated 14/19 agent paths [SUPPRESSED] (cumulative=6471)
 00:00:52 | ECBS RandomHop mutated 14/18 agent paths [SUPPRESSED] (cumulative=6485)
 00:00:52 | ECBS RandomHop mutated 14/18 agent paths [SUPPRESSED] (cumulative=6499)
 00:00:52 | ECBS RandomHop mutated 14/18 agent paths [SUPPRESSED] (cumulative=6513)
 00:00:52 | ECBS RandomHop mutated 14/18 agent paths [SUPPRESSED] (cumulative=6527)
 00:00:52 | ECBS RandomHop mutated 14/19 agent paths [SUPPRESSED] (cumulative=6541)
 00:00:52 | ECBS RandomHop mutated 14/19 agent paths [SUPPRESSED] (cumulative=6555)
 00:00:52 | ECBS RandomHop mutated 14/19 agent paths [SUPPRESSED] (cumulative=6569)
 00:00:52 | ECBS RandomHop mutated 14/19 agent paths [SUPPRESSED] (cumulative=6583)
 00:00:52 | ECBS RandomHop mutated 14/19 agent paths [SUPPRESSED] (cumulative=6597)
 00:00:52 | ECBS RandomHop mutated 14/20 agent paths [SUPPRESSED] (cumulative=6611)
 00:00:52 | ECBS RandomHop mutated 14/20 agent paths [SUPPRESSED] (cumulative=6625)
 00:00:52 | ECBS RandomHop mutated 14/20 agent paths [SUPPRESSED] (cumulative=6639)
 00:00:52 | ECBS RandomHop mutated 14/20 agent paths [SUPPRESSED] (cumulative=6653)
 00:00:52 | ECBS RandomHop mutated 14/20 agent paths [SUPPRESSED] (cumulative=6667)
 00:00:52 | ECBS RandomHop mutated 14/20 agent paths [SUPPRESSED] (cumulative=6681)
 00:00:52 | ECBS RandomHop mutated 14/20 agent paths [SUPPRESSED] (cumulative=6695)
 00:00:52 | ECBS RandomHop mutated 14/20 agent paths [SUPPRESSED] (cumulative=6709)
 00:00:52 | ECBS RandomHop mutated 15/19 agent paths [SUPPRESSED] (cumulative=6724)
 00:00:52 | ECBS RandomHop mutated 15/19 agent paths [SUPPRESSED] (cumulative=6739)
 00:00:52 | ECBS RandomHop mutated 15/19 agent paths [SUPPRESSED] (cumulative=6754)
 00:00:52 | ECBS RandomHop mutated 15/19 agent paths [SUPPRESSED] (cumulative=6769)
 00:00:52 | ECBS RandomHop mutated 15/19 agent paths [SUPPRESSED] (cumulative=6784)
 00:00:52 | ECBS RandomHop mutated 15/19 agent paths [SUPPRESSED] (cumulative=6799)
 00:00:52 | ECBS RandomHop mutated 15/19 agent paths [SUPPRESSED] (cumulative=6814)
 00:00:52 | ECBS RandomHop mutated 15/19 agent paths [SUPPRESSED] (cumulative=6829)
 00:00:52 | ECBS RandomHop mutated 15/19 agent paths [SUPPRESSED] (cumulative=6844)
 00:00:52 | ECBS RandomHop mutated 16/18 agent paths [SUPPRESSED] (cumulative=6860)
 00:00:52 | ECBS RandomHop mutated 16/18 agent paths [SUPPRESSED] (cumulative=6876)
 00:00:52 | ECBS RandomHop mutated 16/18 agent paths [SUPPRESSED] (cumulative=6892)
 00:00:52 | ECBS RandomHop mutated 16/18 agent paths [SUPPRESSED] (cumulative=6908)
 00:00:52 | ECBS RandomHop mutated 16/18 agent paths [SUPPRESSED] (cumulative=6924)
 00:00:52 | ECBS RandomHop mutated 16/19 agent paths [SUPPRESSED] (cumulative=6940)
 00:00:52 | ECBS RandomHop mutated 16/19 agent paths [SUPPRESSED] (cumulative=6956)
 00:00:52 | ECBS RandomHop mutated 16/19 agent paths [SUPPRESSED] (cumulative=6972)
 00:00:52 | ECBS RandomHop mutated 16/19 agent paths [SUPPRESSED] (cumulative=6988)
 00:00:53 | ECBS RandomHop mutated 16/20 agent paths [SUPPRESSED] (cumulative=7004)
 00:00:53 | ECBS RandomHop mutated 16/18 agent paths [SUPPRESSED] (cumulative=7020)
 00:00:53 | ECBS RandomHop mutated 16/18 agent paths [SUPPRESSED] (cumulative=7036)
 00:00:53 | ECBS RandomHop mutated 16/18 agent paths [SUPPRESSED] (cumulative=7052)
 00:00:53 | ECBS RandomHop mutated 16/18 agent paths [SUPPRESSED] (cumulative=7068)
 00:00:53 | ECBS RandomHop mutated 16/18 agent paths [SUPPRESSED] (cumulative=7084)
 00:00:53 | ECBS RandomHop mutated 16/18 agent paths [SUPPRESSED] (cumulative=7100)
 00:00:53 | ECBS RandomHop mutated 16/18 agent paths [SUPPRESSED] (cumulative=7116)
 00:00:53 | ECBS RandomHop mutated 16/18 agent paths [SUPPRESSED] (cumulative=7132)
 00:00:53 | ECBS RandomHop mutated 16/19 agent paths [SUPPRESSED] (cumulative=7148)
 00:00:53 | ECBS RandomHop mutated 16/19 agent paths [SUPPRESSED] (cumulative=7164)
 00:00:53 | ECBS RandomHop mutated 16/19 agent paths [SUPPRESSED] (cumulative=7180)
 00:00:53 | ECBS RandomHop mutated 16/20 agent paths [SUPPRESSED] (cumulative=7196)
 00:00:53 | ECBS RandomHop mutated 16/20 agent paths [SUPPRESSED] (cumulative=7212)
 00:00:53 | ECBS RandomHop mutated 16/20 agent paths [SUPPRESSED] (cumulative=7228)
 00:00:53 | ECBS RandomHop mutated 16/20 agent paths [SUPPRESSED] (cumulative=7244)
 00:00:53 | ECBS RandomHop mutated 16/20 agent paths [SUPPRESSED] (cumulative=7260)
 00:00:53 | ECBS RandomHop mutated 16/20 agent paths [SUPPRESSED] (cumulative=7276)
 00:00:53 | ECBS RandomHop mutated 16/21 agent paths [SUPPRESSED] (cumulative=7292)
 00:00:53 | ECBS RandomHop mutated 16/21 agent paths [SUPPRESSED] (cumulative=7308)
 00:00:53 | ECBS RandomHop mutated 16/21 agent paths [SUPPRESSED] (cumulative=7324)
 00:00:53 | ECBS RandomHop mutated 16/21 agent paths [SUPPRESSED] (cumulative=7340)
 00:00:53 | ECBS RandomHop mutated 16/22 agent paths [SUPPRESSED] (cumulative=7356)
 00:00:53 | ECBS RandomHop mutated 16/21 agent paths [SUPPRESSED] (cumulative=7372)
 00:00:53 | WARNING! Aborting ECBS - could not obtain an initial solution for the following agents: Agent8(221->14)
 00:00:53 | ECBS RandomHop mutated 16/22 agent paths [SUPPRESSED] (cumulative=7388)
 00:00:53 | ECBS RandomHop mutated 16/22 agent paths [SUPPRESSED] (cumulative=7404)
 00:00:54 | WARNING! Aborting ECBS - could not obtain an initial solution for the following agents: Agent15(1303->340)
 00:00:54 | ECBS RandomHop mutated 16/22 agent paths [SUPPRESSED] (cumulative=7420)
 00:00:54 | ECBS RandomHop mutated 16/22 agent paths [SUPPRESSED] (cumulative=7436)
 00:00:54 | ECBS RandomHop mutated 16/22 agent paths [SUPPRESSED] (cumulative=7452)
 00:00:54 | ECBS RandomHop mutated 16/23 agent paths [SUPPRESSED] (cumulative=7468)
 00:00:54 | ECBS RandomHop mutated 16/23 agent paths [SUPPRESSED] (cumulative=7484)
 00:00:54 | WARNING! Aborting ECBS - could not obtain an initial solution for the following agents: Agent5(397->1057)
 00:00:54 | ECBS RandomHop mutated 16/23 agent paths [SUPPRESSED] (cumulative=7500)
 00:00:54 | WARNING! Aborting ECBS - could not obtain an initial solution for the following agents: Agent8(221->14)
 00:00:54 | ECBS RandomHop mutated 16/24 agent paths [SUPPRESSED] (cumulative=7516)
 00:00:54 | WARNING! Aborting ECBS - could not obtain an initial solution for the following agents: Agent17(878->865)
 00:00:54 | ECBS RandomHop mutated 16/24 agent paths [SUPPRESSED] (cumulative=7532)
 00:00:54 | ECBS RandomHop mutated 16/24 agent paths [SUPPRESSED] (cumulative=7548)
 00:00:54 | ECBS RandomHop mutated 16/23 agent paths [SUPPRESSED] (cumulative=7564)
 00:00:54 | ECBS RandomHop mutated 16/23 agent paths [SUPPRESSED] (cumulative=7580)
 00:00:54 | ECBS RandomHop mutated 16/23 agent paths [SUPPRESSED] (cumulative=7596)
 00:00:54 | ECBS RandomHop mutated 16/23 agent paths [SUPPRESSED] (cumulative=7612)
 00:00:54 | ECBS RandomHop mutated 16/23 agent paths [SUPPRESSED] (cumulative=7628)
 00:00:54 | ECBS RandomHop mutated 16/23 agent paths [SUPPRESSED] (cumulative=7644)
 00:00:54 | ECBS RandomHop mutated 16/23 agent paths [SUPPRESSED] (cumulative=7660)
 00:00:54 | ECBS RandomHop mutated 16/23 agent paths [SUPPRESSED] (cumulative=7676)
 00:00:54 | ECBS RandomHop mutated 16/23 agent paths [SUPPRESSED] (cumulative=7692)
 00:00:54 | ECBS RandomHop mutated 16/23 agent paths [SUPPRESSED] (cumulative=7708)
 00:00:55 | ECBS RandomHop mutated 16/23 agent paths [SUPPRESSED] (cumulative=7724)
 00:00:55 | ECBS RandomHop mutated 16/23 agent paths [SUPPRESSED] (cumulative=7740)
 00:00:55 | ECBS RandomHop mutated 16/22 agent paths [SUPPRESSED] (cumulative=7756)
 00:00:55 | 00:00:15 | 0.00:23:30 |  78.37%  |   208   |   405    | 74%  |  10220   |   0    | 150.05MB  
 00:00:55 | ECBS RandomHop mutated 16/22 agent paths [SUPPRESSED] (cumulative=7772)
 00:00:55 | ECBS RandomHop mutated 16/22 agent paths [SUPPRESSED] (cumulative=7788)
 00:00:55 | ECBS RandomHop mutated 16/22 agent paths [SUPPRESSED] (cumulative=7804)
 00:00:55 | ECBS RandomHop mutated 16/22 agent paths [SUPPRESSED] (cumulative=7820)
 00:00:55 | ECBS RandomHop mutated 16/21 agent paths [SUPPRESSED] (cumulative=7836)
 00:00:55 | ECBS RandomHop mutated 16/21 agent paths [SUPPRESSED] (cumulative=7852)
 00:00:55 | ECBS RandomHop mutated 16/20 agent paths [SUPPRESSED] (cumulative=7868)
 00:00:55 | ECBS RandomHop mutated 16/20 agent paths [SUPPRESSED] (cumulative=7884)
 00:00:55 | ECBS RandomHop mutated 16/21 agent paths [SUPPRESSED] (cumulative=7900)
 00:00:55 | ECBS RandomHop mutated 16/21 agent paths [SUPPRESSED] (cumulative=7916)
 00:00:55 | ECBS RandomHop mutated 16/21 agent paths [SUPPRESSED] (cumulative=7932)
 00:00:55 | ECBS RandomHop mutated 17/21 agent paths [SUPPRESSED] (cumulative=7949)
 00:00:55 | ECBS RandomHop mutated 17/21 agent paths [SUPPRESSED] (cumulative=7966)
 00:00:55 | ECBS RandomHop mutated 18/22 agent paths [SUPPRESSED] (cumulative=7984)
 00:00:55 | ECBS RandomHop mutated 18/23 agent paths [SUPPRESSED] (cumulative=8002)
 00:00:55 | ECBS RandomHop mutated 18/23 agent paths [SUPPRESSED] (cumulative=8020)
 00:00:55 | WARNING! Aborting ECBS - could not obtain an initial solution for the following agents: Agent2(380->1524)
 00:00:55 | ECBS RandomHop mutated 18/23 agent paths [SUPPRESSED] (cumulative=8038)
 00:00:55 | ECBS RandomHop mutated 18/23 agent paths [SUPPRESSED] (cumulative=8056)
 00:00:55 | ECBS RandomHop mutated 18/23 agent paths [SUPPRESSED] (cumulative=8074)
 00:00:55 | ECBS RandomHop mutated 18/22 agent paths [SUPPRESSED] (cumulative=8092)
 00:00:55 | ECBS RandomHop mutated 18/22 agent paths [SUPPRESSED] (cumulative=8110)
 00:00:55 | WARNING! Aborting ECBS - could not obtain an initial solution for the following agents: Agent18(288->1189)
 00:00:55 | ECBS RandomHop mutated 18/22 agent paths [SUPPRESSED] (cumulative=8128)
 00:00:55 | ECBS RandomHop mutated 18/22 agent paths [SUPPRESSED] (cumulative=8146)
 00:00:55 | ECBS RandomHop mutated 18/22 agent paths [SUPPRESSED] (cumulative=8164)
 00:00:55 | ECBS RandomHop mutated 18/22 agent paths [SUPPRESSED] (cumulative=8182)
 00:00:55 | ECBS RandomHop mutated 18/22 agent paths [SUPPRESSED] (cumulative=8200)
 00:00:55 | ECBS RandomHop mutated 18/22 agent paths [SUPPRESSED] (cumulative=8218)
 00:00:55 | ECBS RandomHop mutated 18/22 agent paths [SUPPRESSED] (cumulative=8236)
 00:00:55 | ECBS RandomHop mutated 18/21 agent paths [SUPPRESSED] (cumulative=8254)
 00:00:55 | ECBS RandomHop mutated 18/21 agent paths [SUPPRESSED] (cumulative=8272)
 00:00:55 | ECBS RandomHop mutated 18/21 agent paths [SUPPRESSED] (cumulative=8290)
 00:00:55 | ECBS RandomHop mutated 18/21 agent paths [SUPPRESSED] (cumulative=8308)
 00:00:55 | ECBS RandomHop mutated 18/21 agent paths [SUPPRESSED] (cumulative=8326)
 00:00:56 | ECBS RandomHop mutated 18/21 agent paths [SUPPRESSED] (cumulative=8344)
 00:00:56 | ECBS RandomHop mutated 18/21 agent paths [SUPPRESSED] (cumulative=8362)
 00:00:56 | WARNING! Aborting ECBS - could not obtain an initial solution for the following agents: Agent5(397->1057)
 00:00:56 | ECBS RandomHop mutated 18/21 agent paths [SUPPRESSED] (cumulative=8380)
 00:00:56 | ECBS RandomHop mutated 18/21 agent paths [SUPPRESSED] (cumulative=8398)
 00:00:56 | ECBS RandomHop mutated 18/21 agent paths [SUPPRESSED] (cumulative=8416)
 00:00:56 | ECBS RandomHop mutated 18/21 agent paths [SUPPRESSED] (cumulative=8434)
 00:00:56 | ECBS RandomHop mutated 18/20 agent paths [SUPPRESSED] (cumulative=8452)
 00:00:56 | ECBS RandomHop mutated 18/20 agent paths [SUPPRESSED] (cumulative=8470)
 00:00:56 | ECBS RandomHop mutated 18/21 agent paths [SUPPRESSED] (cumulative=8488)
 00:00:56 | ECBS RandomHop mutated 18/22 agent paths [SUPPRESSED] (cumulative=8506)
 00:00:56 | ECBS RandomHop mutated 18/22 agent paths [SUPPRESSED] (cumulative=8524)
 00:00:56 | ECBS RandomHop mutated 18/22 agent paths [SUPPRESSED] (cumulative=8542)
 00:00:56 | ECBS RandomHop mutated 18/21 agent paths [SUPPRESSED] (cumulative=8560)
 00:00:56 | ECBS RandomHop mutated 18/21 agent paths [SUPPRESSED] (cumulative=8578)
 00:00:56 | ECBS RandomHop mutated 18/21 agent paths [SUPPRESSED] (cumulative=8596)
 00:00:56 | ECBS RandomHop mutated 18/21 agent paths [SUPPRESSED] (cumulative=8614)
 00:00:56 | ECBS RandomHop mutated 18/21 agent paths [SUPPRESSED] (cumulative=8632)
 00:00:56 | ECBS RandomHop mutated 18/21 agent paths [SUPPRESSED] (cumulative=8650)
 00:00:56 | ECBS RandomHop mutated 18/20 agent paths [SUPPRESSED] (cumulative=8668)
 00:00:56 | ECBS RandomHop mutated 18/20 agent paths [SUPPRESSED] (cumulative=8686)
 00:00:56 | ECBS RandomHop mutated 18/20 agent paths [SUPPRESSED] (cumulative=8704)
 00:00:56 | ECBS RandomHop mutated 18/21 agent paths [SUPPRESSED] (cumulative=8722)
 00:00:56 | ECBS RandomHop mutated 18/21 agent paths [SUPPRESSED] (cumulative=8740)
 00:00:56 | ECBS RandomHop mutated 18/22 agent paths [SUPPRESSED] (cumulative=8758)
 00:00:56 | ECBS RandomHop mutated 18/22 agent paths [SUPPRESSED] (cumulative=8776)
 00:00:56 | ECBS RandomHop mutated 18/22 agent paths [SUPPRESSED] (cumulative=8794)
 00:00:56 | ECBS RandomHop mutated 18/22 agent paths [SUPPRESSED] (cumulative=8812)
 00:00:56 | ECBS RandomHop mutated 18/22 agent paths [SUPPRESSED] (cumulative=8830)
 00:00:56 | ECBS RandomHop mutated 18/22 agent paths [SUPPRESSED] (cumulative=8848)
 00:00:56 | ECBS RandomHop mutated 18/22 agent paths [SUPPRESSED] (cumulative=8866)
 00:00:56 | ECBS RandomHop mutated 18/22 agent paths [SUPPRESSED] (cumulative=8884)
 00:00:56 | ECBS RandomHop mutated 18/22 agent paths [SUPPRESSED] (cumulative=8902)
 00:00:56 | WARNING! Aborting ECBS - could not obtain an initial solution for the following agents: Agent22(294->134)
 00:00:56 | ECBS RandomHop mutated 18/22 agent paths [SUPPRESSED] (cumulative=8920)
 00:00:56 | ECBS RandomHop mutated 18/22 agent paths [SUPPRESSED] (cumulative=8938)
 00:00:56 | ECBS RandomHop mutated 18/22 agent paths [SUPPRESSED] (cumulative=8956)
 00:00:57 | ECBS RandomHop mutated 18/22 agent paths [SUPPRESSED] (cumulative=8974)
 00:00:57 | ECBS RandomHop mutated 18/22 agent paths [SUPPRESSED] (cumulative=8992)
 00:00:57 | ECBS RandomHop mutated 18/23 agent paths [SUPPRESSED] (cumulative=9010)
 00:00:57 | ECBS RandomHop mutated 18/23 agent paths [SUPPRESSED] (cumulative=9028)
 00:00:57 | ECBS RandomHop mutated 18/23 agent paths [SUPPRESSED] (cumulative=9046)
 00:00:57 | ECBS RandomHop mutated 18/23 agent paths [SUPPRESSED] (cumulative=9064)
 00:00:57 | ECBS RandomHop mutated 18/23 agent paths [SUPPRESSED] (cumulative=9082)
 00:00:57 | ECBS RandomHop mutated 18/23 agent paths [SUPPRESSED] (cumulative=9100)
 00:00:57 | ECBS RandomHop mutated 18/23 agent paths [SUPPRESSED] (cumulative=9118)
 00:00:57 | ECBS RandomHop mutated 18/23 agent paths [SUPPRESSED] (cumulative=9136)
 00:00:57 | ECBS RandomHop mutated 18/22 agent paths [SUPPRESSED] (cumulative=9154)
 00:00:57 | ECBS RandomHop mutated 18/22 agent paths [SUPPRESSED] (cumulative=9172)
 00:00:57 | ECBS RandomHop mutated 18/22 agent paths [SUPPRESSED] (cumulative=9190)
 00:00:57 | ECBS RandomHop mutated 18/22 agent paths [SUPPRESSED] (cumulative=9208)
 00:00:57 | ECBS RandomHop mutated 18/22 agent paths [SUPPRESSED] (cumulative=9226)
 00:00:57 | ECBS RandomHop mutated 18/22 agent paths [SUPPRESSED] (cumulative=9244)
 00:00:57 | ECBS RandomHop mutated 19/22 agent paths [SUPPRESSED] (cumulative=9263)
 00:00:57 | ECBS RandomHop mutated 19/22 agent paths [SUPPRESSED] (cumulative=9282)
 00:00:57 | ECBS RandomHop mutated 19/23 agent paths [SUPPRESSED] (cumulative=9301)
 00:00:57 | ECBS RandomHop mutated 19/23 agent paths [SUPPRESSED] (cumulative=9320)
 00:00:57 | ECBS RandomHop mutated 19/23 agent paths [SUPPRESSED] (cumulative=9339)
 00:00:57 | ECBS RandomHop mutated 19/23 agent paths [SUPPRESSED] (cumulative=9358)
 00:00:57 | ECBS RandomHop mutated 19/22 agent paths [SUPPRESSED] (cumulative=9377)
 00:00:57 | ECBS RandomHop mutated 19/22 agent paths [SUPPRESSED] (cumulative=9396)
 00:00:57 | ECBS RandomHop mutated 19/22 agent paths [SUPPRESSED] (cumulative=9415)
 00:00:57 | ECBS RandomHop mutated 19/22 agent paths [SUPPRESSED] (cumulative=9434)
 00:00:57 | ECBS RandomHop mutated 19/22 agent paths [SUPPRESSED] (cumulative=9453)
 00:00:57 | ECBS RandomHop mutated 19/22 agent paths [SUPPRESSED] (cumulative=9472)
 00:00:57 | ECBS RandomHop mutated 19/22 agent paths [SUPPRESSED] (cumulative=9491)
 00:00:57 | ECBS RandomHop mutated 19/22 agent paths [SUPPRESSED] (cumulative=9510)
 00:00:57 | ECBS RandomHop mutated 19/22 agent paths [SUPPRESSED] (cumulative=9529)
 00:00:57 | ECBS RandomHop mutated 19/22 agent paths [SUPPRESSED] (cumulative=9548)
 00:00:57 | ECBS RandomHop mutated 19/22 agent paths [SUPPRESSED] (cumulative=9567)
 00:00:57 | ECBS RandomHop mutated 19/22 agent paths [SUPPRESSED] (cumulative=9586)
 00:00:57 | ECBS RandomHop mutated 19/22 agent paths [SUPPRESSED] (cumulative=9605)
 00:00:57 | ECBS RandomHop mutated 19/21 agent paths [SUPPRESSED] (cumulative=9624)
 00:00:58 | ECBS RandomHop mutated 19/21 agent paths [SUPPRESSED] (cumulative=9643)
 00:00:58 | ECBS RandomHop mutated 19/21 agent paths [SUPPRESSED] (cumulative=9662)
 00:00:58 | ECBS RandomHop mutated 19/21 agent paths [SUPPRESSED] (cumulative=9681)
 00:00:58 | ECBS RandomHop mutated 19/21 agent paths [SUPPRESSED] (cumulative=9700)
 00:00:58 | ECBS RandomHop mutated 19/21 agent paths [SUPPRESSED] (cumulative=9719)
 00:00:58 | ECBS RandomHop mutated 19/21 agent paths [SUPPRESSED] (cumulative=9738)
 00:00:58 | ECBS RandomHop mutated 19/21 agent paths [SUPPRESSED] (cumulative=9757)
 00:00:58 | ECBS RandomHop mutated 19/21 agent paths [SUPPRESSED] (cumulative=9776)
 00:00:58 | ECBS RandomHop mutated 19/21 agent paths [SUPPRESSED] (cumulative=9795)
 00:00:58 | ECBS RandomHop mutated 19/21 agent paths [SUPPRESSED] (cumulative=9814)
 00:00:58 | ECBS RandomHop mutated 19/21 agent paths [SUPPRESSED] (cumulative=9833)
 00:00:58 | ECBS RandomHop mutated 19/21 agent paths [SUPPRESSED] (cumulative=9852)
 00:00:58 | ECBS RandomHop mutated 19/20 agent paths [SUPPRESSED] (cumulative=9871)
 00:00:58 | ECBS RandomHop mutated 19/21 agent paths [SUPPRESSED] (cumulative=9890)
 00:00:58 | ECBS RandomHop mutated 19/22 agent paths [SUPPRESSED] (cumulative=9909)
 00:00:58 | ECBS RandomHop mutated 19/22 agent paths [SUPPRESSED] (cumulative=9928)
 00:00:58 | ECBS RandomHop mutated 19/22 agent paths [SUPPRESSED] (cumulative=9947)
 00:00:58 | ECBS RandomHop mutated 19/22 agent paths [SUPPRESSED] (cumulative=9966)
 00:00:58 | ECBS RandomHop mutated 19/22 agent paths [SUPPRESSED] (cumulative=9985)
 00:00:58 | ECBS RandomHop mutated 19/22 agent paths [SUPPRESSED] (cumulative=10004)
 00:00:58 | ECBS RandomHop mutated 19/22 agent paths [SUPPRESSED] (cumulative=10023)
 00:00:58 | ECBS RandomHop mutated 19/23 agent paths [SUPPRESSED] (cumulative=10042)
 00:00:58 | ECBS RandomHop mutated 19/22 agent paths [SUPPRESSED] (cumulative=10061)
 00:00:58 | ECBS RandomHop mutated 19/22 agent paths [SUPPRESSED] (cumulative=10080)
 00:00:59 | ECBS RandomHop mutated 19/22 agent paths [SUPPRESSED] (cumulative=10099)
 00:00:59 | ECBS RandomHop mutated 19/22 agent paths [SUPPRESSED] (cumulative=10118)
 00:00:59 | ECBS RandomHop mutated 19/22 agent paths [SUPPRESSED] (cumulative=10137)
 00:00:59 | ECBS RandomHop mutated 19/22 agent paths [SUPPRESSED] (cumulative=10156)
 00:00:59 | ECBS RandomHop mutated 19/22 agent paths [SUPPRESSED] (cumulative=10175)
 00:00:59 | ECBS RandomHop mutated 19/22 agent paths [SUPPRESSED] (cumulative=10194)
 00:00:59 | ECBS RandomHop mutated 19/22 agent paths [SUPPRESSED] (cumulative=10213)
 00:00:59 | ECBS RandomHop mutated 19/22 agent paths [SUPPRESSED] (cumulative=10232)
 00:00:59 | ECBS RandomHop mutated 19/22 agent paths [SUPPRESSED] (cumulative=10251)
 00:00:59 | ECBS RandomHop mutated 19/21 agent paths [SUPPRESSED] (cumulative=10270)
 00:00:59 | ECBS RandomHop mutated 19/21 agent paths [SUPPRESSED] (cumulative=10289)
 00:00:59 | ECBS RandomHop mutated 19/21 agent paths [SUPPRESSED] (cumulative=10308)
 00:00:59 | ECBS RandomHop mutated 19/22 agent paths [SUPPRESSED] (cumulative=10327)
 00:00:59 | ECBS RandomHop mutated 19/22 agent paths [SUPPRESSED] (cumulative=10346)
 00:00:59 | ECBS RandomHop mutated 19/22 agent paths [SUPPRESSED] (cumulative=10365)
 00:00:59 | ECBS RandomHop mutated 19/22 agent paths [SUPPRESSED] (cumulative=10384)
 00:00:59 | ECBS RandomHop mutated 19/22 agent paths [SUPPRESSED] (cumulative=10403)
 00:00:59 | ECBS RandomHop mutated 19/22 agent paths [SUPPRESSED] (cumulative=10422)
 00:00:59 | ECBS RandomHop mutated 19/22 agent paths [SUPPRESSED] (cumulative=10441)
 00:00:59 | ECBS RandomHop mutated 19/22 agent paths [SUPPRESSED] (cumulative=10460)
 00:00:59 | ECBS RandomHop mutated 19/21 agent paths [SUPPRESSED] (cumulative=10479)
 00:00:59 | ECBS RandomHop mutated 19/21 agent paths [SUPPRESSED] (cumulative=10498)
 00:00:59 | ECBS RandomHop mutated 19/21 agent paths [SUPPRESSED] (cumulative=10517)
 00:00:59 | ECBS RandomHop mutated 19/21 agent paths [SUPPRESSED] (cumulative=10536)
 00:00:59 | ECBS RandomHop mutated 19/21 agent paths [SUPPRESSED] (cumulative=10555)
 00:00:59 | ECBS RandomHop mutated 19/20 agent paths [SUPPRESSED] (cumulative=10574)
 00:00:59 | ECBS RandomHop mutated 19/20 agent paths [SUPPRESSED] (cumulative=10593)
 00:00:59 | ECBS RandomHop mutated 19/20 agent paths [SUPPRESSED] (cumulative=10612)
 00:00:59 | ECBS RandomHop mutated 19/21 agent paths [SUPPRESSED] (cumulative=10631)
 00:00:59 | ECBS RandomHop mutated 19/21 agent paths [SUPPRESSED] (cumulative=10650)
 00:00:59 | ECBS RandomHop mutated 19/21 agent paths [SUPPRESSED] (cumulative=10669)
 00:00:59 | ECBS RandomHop mutated 19/21 agent paths [SUPPRESSED] (cumulative=10688)
 00:00:59 | ECBS RandomHop mutated 19/21 agent paths [SUPPRESSED] (cumulative=10707)
 00:00:59 | ECBS RandomHop mutated 19/21 agent paths [SUPPRESSED] (cumulative=10726)
 00:00:59 | ECBS RandomHop mutated 19/21 agent paths [SUPPRESSED] (cumulative=10745)
 00:00:59 | ECBS RandomHop mutated 19/21 agent paths [SUPPRESSED] (cumulative=10764)
 00:00:59 | ECBS RandomHop mutated 19/20 agent paths [SUPPRESSED] (cumulative=10783)
 00:01:00 | ECBS RandomHop mutated 19/20 agent paths [SUPPRESSED] (cumulative=10802)
 00:01:00 | ECBS RandomHop mutated 19/20 agent paths [SUPPRESSED] (cumulative=10821)
 00:01:00 | ECBS RandomHop mutated 19/19 agent paths [SUPPRESSED] (cumulative=10840)
 00:01:00 | 00:00:08 | 0.00:26:22 |  87.94%  |   212   |   432    | 74%  |  10725   |   0    | 149.75MB  
 00:01:00 | ECBS RandomHop mutated 19/19 agent paths [SUPPRESSED] (cumulative=10859)
 00:01:00 | ECBS RandomHop mutated 19/19 agent paths [SUPPRESSED] (cumulative=10878)
 00:01:00 | ECBS RandomHop mutated 19/20 agent paths [SUPPRESSED] (cumulative=10897)
 00:01:00 | ECBS RandomHop mutated 19/20 agent paths [SUPPRESSED] (cumulative=10916)
 00:01:00 | ECBS RandomHop mutated 19/20 agent paths [SUPPRESSED] (cumulative=10935)
 00:01:00 | ECBS RandomHop mutated 19/20 agent paths [SUPPRESSED] (cumulative=10954)
 00:01:00 | ECBS RandomHop mutated 19/20 agent paths [SUPPRESSED] (cumulative=10973)
 00:01:00 | ECBS RandomHop mutated 19/20 agent paths [SUPPRESSED] (cumulative=10992)
 00:01:00 | ECBS RandomHop mutated 19/21 agent paths [SUPPRESSED] (cumulative=11011)
 00:01:00 | ECBS RandomHop mutated 19/21 agent paths [SUPPRESSED] (cumulative=11030)
 00:01:00 | ECBS RandomHop mutated 19/21 agent paths [SUPPRESSED] (cumulative=11049)
 00:01:00 | ECBS RandomHop mutated 19/21 agent paths [SUPPRESSED] (cumulative=11068)
 00:01:00 | ECBS RandomHop mutated 19/21 agent paths [SUPPRESSED] (cumulative=11087)
 00:01:00 | ECBS RandomHop mutated 19/21 agent paths [SUPPRESSED] (cumulative=11106)
 00:01:00 | ECBS RandomHop mutated 19/21 agent paths [SUPPRESSED] (cumulative=11125)
 00:01:00 | ECBS RandomHop mutated 19/20 agent paths [SUPPRESSED] (cumulative=11144)
 00:01:00 | ECBS RandomHop mutated 19/20 agent paths [SUPPRESSED] (cumulative=11163)
 00:01:00 | ECBS RandomHop mutated 19/21 agent paths [SUPPRESSED] (cumulative=11182)
 00:01:00 | ECBS RandomHop mutated 19/21 agent paths [SUPPRESSED] (cumulative=11201)
 00:01:00 | ECBS RandomHop mutated 19/21 agent paths [SUPPRESSED] (cumulative=11220)
 00:01:00 | ECBS RandomHop mutated 19/21 agent paths [SUPPRESSED] (cumulative=11239)
 00:01:00 | ECBS RandomHop mutated 19/21 agent paths [SUPPRESSED] (cumulative=11258)
 00:01:00 | ECBS RandomHop mutated 19/21 agent paths [SUPPRESSED] (cumulative=11277)
 00:01:00 | ECBS RandomHop mutated 19/21 agent paths [SUPPRESSED] (cumulative=11296)
 00:01:00 | ECBS RandomHop mutated 19/22 agent paths [SUPPRESSED] (cumulative=11315)
 00:01:00 | ECBS RandomHop mutated 19/22 agent paths [SUPPRESSED] (cumulative=11334)
 00:01:00 | ECBS RandomHop mutated 19/22 agent paths [SUPPRESSED] (cumulative=11353)
 00:01:00 | ECBS RandomHop mutated 19/22 agent paths [SUPPRESSED] (cumulative=11372)
 00:01:00 | ECBS RandomHop mutated 19/22 agent paths [SUPPRESSED] (cumulative=11391)
 00:01:00 | ECBS RandomHop mutated 19/21 agent paths [SUPPRESSED] (cumulative=11410)
 00:01:00 | ECBS RandomHop mutated 19/21 agent paths [SUPPRESSED] (cumulative=11429)
 00:01:00 | ECBS RandomHop mutated 19/21 agent paths [SUPPRESSED] (cumulative=11448)
 00:01:00 | ECBS RandomHop mutated 19/21 agent paths [SUPPRESSED] (cumulative=11467)
 00:01:00 | ECBS RandomHop mutated 19/21 agent paths [SUPPRESSED] (cumulative=11486)
 00:01:00 | ECBS RandomHop mutated 19/21 agent paths [SUPPRESSED] (cumulative=11505)
 00:01:01 | ECBS RandomHop mutated 19/21 agent paths [SUPPRESSED] (cumulative=11524)
 00:01:01 | ECBS RandomHop mutated 19/20 agent paths [SUPPRESSED] (cumulative=11543)
 00:01:01 | ECBS RandomHop mutated 19/20 agent paths [SUPPRESSED] (cumulative=11562)
 00:01:01 | ECBS RandomHop mutated 19/20 agent paths [SUPPRESSED] (cumulative=11581)
 00:01:01 | ECBS RandomHop mutated 19/20 agent paths [SUPPRESSED] (cumulative=11600)
 00:01:01 | ECBS RandomHop mutated 19/20 agent paths [SUPPRESSED] (cumulative=11619)
 00:01:01 | ECBS RandomHop mutated 19/20 agent paths [SUPPRESSED] (cumulative=11638)
 00:01:01 | ECBS RandomHop mutated 19/20 agent paths [SUPPRESSED] (cumulative=11657)
 00:01:01 | ECBS RandomHop mutated 19/20 agent paths [SUPPRESSED] (cumulative=11676)
 00:01:01 | ECBS RandomHop mutated 19/20 agent paths [SUPPRESSED] (cumulative=11695)
 00:01:01 | ECBS RandomHop mutated 19/21 agent paths [SUPPRESSED] (cumulative=11714)
 00:01:01 | ECBS RandomHop mutated 19/22 agent paths [SUPPRESSED] (cumulative=11733)
 00:01:01 | ECBS RandomHop mutated 19/23 agent paths [SUPPRESSED] (cumulative=11752)
 00:01:01 | ECBS RandomHop mutated 19/23 agent paths [SUPPRESSED] (cumulative=11771)
 00:01:01 | ECBS RandomHop mutated 19/24 agent paths [SUPPRESSED] (cumulative=11790)
 00:01:01 | ECBS RandomHop mutated 19/23 agent paths [SUPPRESSED] (cumulative=11809)
 00:01:01 | ECBS RandomHop mutated 19/24 agent paths [SUPPRESSED] (cumulative=11828)
 00:01:01 | ECBS RandomHop mutated 19/24 agent paths [SUPPRESSED] (cumulative=11847)
 00:01:01 | ECBS RandomHop mutated 19/23 agent paths [SUPPRESSED] (cumulative=11866)
 00:01:01 | ECBS RandomHop mutated 19/23 agent paths [SUPPRESSED] (cumulative=11885)
 00:01:01 | ECBS RandomHop mutated 19/23 agent paths [SUPPRESSED] (cumulative=11904)
 00:01:01 | ECBS RandomHop mutated 19/23 agent paths [SUPPRESSED] (cumulative=11923)
 00:01:01 | ECBS RandomHop mutated 19/23 agent paths [SUPPRESSED] (cumulative=11942)
 00:01:01 | ECBS RandomHop mutated 19/23 agent paths [SUPPRESSED] (cumulative=11961)
 00:01:01 | ECBS RandomHop mutated 19/22 agent paths [SUPPRESSED] (cumulative=11980)
 00:01:01 | ECBS RandomHop mutated 19/22 agent paths [SUPPRESSED] (cumulative=11999)
 00:01:01 | ECBS RandomHop mutated 19/22 agent paths [SUPPRESSED] (cumulative=12018)
 00:01:01 | ECBS RandomHop mutated 19/22 agent paths [SUPPRESSED] (cumulative=12037)
 00:01:01 | ECBS RandomHop mutated 19/22 agent paths [SUPPRESSED] (cumulative=12056)
 00:01:01 | ECBS RandomHop mutated 19/22 agent paths [SUPPRESSED] (cumulative=12075)
 00:01:01 | ECBS RandomHop mutated 19/22 agent paths [SUPPRESSED] (cumulative=12094)
 00:01:01 | ECBS RandomHop mutated 19/22 agent paths [SUPPRESSED] (cumulative=12113)
 00:01:01 | ECBS RandomHop mutated 19/22 agent paths [SUPPRESSED] (cumulative=12132)
 00:01:01 | ECBS RandomHop mutated 19/22 agent paths [SUPPRESSED] (cumulative=12151)
 00:01:01 | ECBS RandomHop mutated 19/22 agent paths [SUPPRESSED] (cumulative=12170)
 00:01:01 | ECBS RandomHop mutated 19/22 agent paths [SUPPRESSED] (cumulative=12189)
 00:01:02 | ECBS RandomHop mutated 19/22 agent paths [SUPPRESSED] (cumulative=12208)
 00:01:02 | ECBS RandomHop mutated 19/22 agent paths [SUPPRESSED] (cumulative=12227)
 00:01:02 | ECBS RandomHop mutated 19/22 agent paths [SUPPRESSED] (cumulative=12246)
 00:01:02 | ECBS RandomHop mutated 19/22 agent paths [SUPPRESSED] (cumulative=12265)
 00:01:02 | ECBS RandomHop mutated 19/22 agent paths [SUPPRESSED] (cumulative=12284)
 00:01:02 | ECBS RandomHop mutated 19/21 agent paths [SUPPRESSED] (cumulative=12303)
 00:01:02 | ECBS RandomHop mutated 19/21 agent paths [SUPPRESSED] (cumulative=12322)
 00:01:02 | ECBS RandomHop mutated 19/21 agent paths [SUPPRESSED] (cumulative=12341)
 00:01:02 | ECBS RandomHop mutated 19/21 agent paths [SUPPRESSED] (cumulative=12360)
 00:01:02 | ECBS RandomHop mutated 19/21 agent paths [SUPPRESSED] (cumulative=12379)
 00:01:02 | ECBS RandomHop mutated 19/21 agent paths [SUPPRESSED] (cumulative=12398)
 00:01:02 | ECBS RandomHop mutated 19/21 agent paths [SUPPRESSED] (cumulative=12417)
 00:01:02 | ECBS RandomHop mutated 19/21 agent paths [SUPPRESSED] (cumulative=12436)
 00:01:02 | ECBS RandomHop mutated 19/20 agent paths [SUPPRESSED] (cumulative=12455)
 00:01:02 | ECBS RandomHop mutated 19/21 agent paths [SUPPRESSED] (cumulative=12474)
 00:01:02 | ECBS RandomHop mutated 19/22 agent paths [SUPPRESSED] (cumulative=12493)
 00:01:02 | ECBS RandomHop mutated 19/22 agent paths [SUPPRESSED] (cumulative=12512)
 00:01:02 | ECBS RandomHop mutated 19/22 agent paths [SUPPRESSED] (cumulative=12531)
 00:01:02 | ECBS RandomHop mutated 19/22 agent paths [SUPPRESSED] (cumulative=12550)
 00:01:02 | ECBS RandomHop mutated 19/22 agent paths [SUPPRESSED] (cumulative=12569)
 00:01:02 | ECBS RandomHop mutated 19/22 agent paths [SUPPRESSED] (cumulative=12588)
 00:01:02 | ECBS RandomHop mutated 19/22 agent paths [SUPPRESSED] (cumulative=12607)
 00:01:02 | ECBS RandomHop mutated 19/23 agent paths [SUPPRESSED] (cumulative=12626)
 00:01:02 | ECBS RandomHop mutated 19/22 agent paths [SUPPRESSED] (cumulative=12645)
 00:01:02 | ECBS RandomHop mutated 19/21 agent paths [SUPPRESSED] (cumulative=12664)
 00:01:02 | ECBS RandomHop mutated 19/21 agent paths [SUPPRESSED] (cumulative=12683)
 00:01:02 | ECBS RandomHop mutated 19/21 agent paths [SUPPRESSED] (cumulative=12702)
 00:01:02 | ECBS RandomHop mutated 19/21 agent paths [SUPPRESSED] (cumulative=12721)
 00:01:02 | ECBS RandomHop mutated 19/21 agent paths [SUPPRESSED] (cumulative=12740)
 00:01:02 | ECBS RandomHop mutated 19/21 agent paths [SUPPRESSED] (cumulative=12759)
 00:01:02 | ECBS RandomHop mutated 19/21 agent paths [SUPPRESSED] (cumulative=12778)
 00:01:02 | ECBS RandomHop mutated 19/21 agent paths [SUPPRESSED] (cumulative=12797)
 00:01:02 | ECBS RandomHop mutated 19/21 agent paths [SUPPRESSED] (cumulative=12816)
 00:01:02 | ECBS RandomHop mutated 19/22 agent paths [SUPPRESSED] (cumulative=12835)
 00:01:02 | ECBS RandomHop mutated 19/22 agent paths [SUPPRESSED] (cumulative=12854)
 00:01:02 | ECBS RandomHop mutated 19/22 agent paths [SUPPRESSED] (cumulative=12873)
 00:01:02 | ECBS RandomHop mutated 19/22 agent paths [SUPPRESSED] (cumulative=12892)
 00:01:03 | ECBS RandomHop mutated 19/22 agent paths [SUPPRESSED] (cumulative=12911)
 00:01:03 | ECBS RandomHop mutated 19/22 agent paths [SUPPRESSED] (cumulative=12930)
 00:01:03 | ECBS RandomHop mutated 19/22 agent paths [SUPPRESSED] (cumulative=12949)
 00:01:03 | ECBS RandomHop mutated 19/22 agent paths [SUPPRESSED] (cumulative=12968)
 00:01:03 | ECBS RandomHop mutated 19/22 agent paths [SUPPRESSED] (cumulative=12987)
 00:01:03 | ECBS RandomHop mutated 19/22 agent paths [SUPPRESSED] (cumulative=13006)
 00:01:03 | ECBS RandomHop mutated 19/22 agent paths [SUPPRESSED] (cumulative=13025)
 00:01:03 | ECBS RandomHop mutated 19/22 agent paths [SUPPRESSED] (cumulative=13044)
 00:01:03 | ECBS RandomHop mutated 19/22 agent paths [SUPPRESSED] (cumulative=13063)
 00:01:03 | ECBS RandomHop mutated 19/22 agent paths [SUPPRESSED] (cumulative=13082)
 00:01:03 | ECBS RandomHop mutated 19/22 agent paths [SUPPRESSED] (cumulative=13101)
 00:01:03 | ECBS RandomHop mutated 19/22 agent paths [SUPPRESSED] (cumulative=13120)
 00:01:03 | ECBS RandomHop mutated 19/22 agent paths [SUPPRESSED] (cumulative=13139)
 00:01:03 | ECBS RandomHop mutated 19/22 agent paths [SUPPRESSED] (cumulative=13158)
 00:01:03 | ECBS RandomHop mutated 19/22 agent paths [SUPPRESSED] (cumulative=13177)
 00:01:03 | ECBS RandomHop mutated 19/23 agent paths [SUPPRESSED] (cumulative=13196)
 00:01:03 | ECBS RandomHop mutated 19/23 agent paths [SUPPRESSED] (cumulative=13215)
 00:01:03 | ECBS RandomHop mutated 19/24 agent paths [SUPPRESSED] (cumulative=13234)
 00:01:03 | ECBS RandomHop mutated 20/24 agent paths [SUPPRESSED] (cumulative=13254)
 00:01:03 | ECBS RandomHop mutated 20/24 agent paths [SUPPRESSED] (cumulative=13274)
 00:01:03 | ECBS RandomHop mutated 20/24 agent paths [SUPPRESSED] (cumulative=13294)
 00:01:03 | ECBS RandomHop mutated 20/24 agent paths [SUPPRESSED] (cumulative=13314)
 00:01:03 | ECBS RandomHop mutated 20/24 agent paths [SUPPRESSED] (cumulative=13334)
 00:01:03 | ECBS RandomHop mutated 20/24 agent paths [SUPPRESSED] (cumulative=13354)
 00:01:03 | ECBS RandomHop mutated 20/24 agent paths [SUPPRESSED] (cumulative=13374)
 00:01:03 | ECBS RandomHop mutated 20/24 agent paths [SUPPRESSED] (cumulative=13394)
 00:01:03 | ECBS RandomHop mutated 20/24 agent paths [SUPPRESSED] (cumulative=13414)
 00:01:03 | ECBS RandomHop mutated 20/23 agent paths [SUPPRESSED] (cumulative=13434)
 00:01:03 | ECBS RandomHop mutated 20/23 agent paths [SUPPRESSED] (cumulative=13454)
 00:01:03 | ECBS RandomHop mutated 20/23 agent paths [SUPPRESSED] (cumulative=13474)
 00:01:03 | ECBS RandomHop mutated 20/23 agent paths [SUPPRESSED] (cumulative=13494)
 00:01:03 | ECBS RandomHop mutated 20/23 agent paths [SUPPRESSED] (cumulative=13514)
 00:01:03 | ECBS RandomHop mutated 20/23 agent paths [SUPPRESSED] (cumulative=13534)
 00:01:03 | ECBS RandomHop mutated 20/23 agent paths [SUPPRESSED] (cumulative=13554)
 00:01:03 | ECBS RandomHop mutated 20/23 agent paths [SUPPRESSED] (cumulative=13574)
 00:01:03 | ECBS RandomHop mutated 20/23 agent paths [SUPPRESSED] (cumulative=13594)
 00:01:04 | ECBS RandomHop mutated 20/23 agent paths [SUPPRESSED] (cumulative=13614)
 00:01:04 | ECBS RandomHop mutated 20/23 agent paths [SUPPRESSED] (cumulative=13634)
 00:01:04 | ECBS RandomHop mutated 20/23 agent paths [SUPPRESSED] (cumulative=13654)
 00:01:04 | ECBS RandomHop mutated 20/23 agent paths [SUPPRESSED] (cumulative=13674)
 00:01:04 | ECBS RandomHop mutated 20/23 agent paths [SUPPRESSED] (cumulative=13694)
 00:01:04 | ECBS RandomHop mutated 20/23 agent paths [SUPPRESSED] (cumulative=13714)
 00:01:04 | ECBS RandomHop mutated 20/23 agent paths [SUPPRESSED] (cumulative=13734)
 00:01:04 | ECBS RandomHop mutated 20/23 agent paths [SUPPRESSED] (cumulative=13754)
 00:01:04 | ECBS RandomHop mutated 20/23 agent paths [SUPPRESSED] (cumulative=13774)
 00:01:04 | ECBS RandomHop mutated 20/23 agent paths [SUPPRESSED] (cumulative=13794)
 00:01:04 | ECBS RandomHop mutated 20/22 agent paths [SUPPRESSED] (cumulative=13814)
 00:01:04 | ECBS RandomHop mutated 20/22 agent paths [SUPPRESSED] (cumulative=13834)
 00:01:04 | ECBS RandomHop mutated 20/22 agent paths [SUPPRESSED] (cumulative=13854)
 00:01:04 | ECBS RandomHop mutated 20/22 agent paths [SUPPRESSED] (cumulative=13874)
 00:01:04 | ECBS RandomHop mutated 20/22 agent paths [SUPPRESSED] (cumulative=13894)
 00:01:04 | ECBS RandomHop mutated 20/22 agent paths [SUPPRESSED] (cumulative=13914)
 00:01:04 | ECBS RandomHop mutated 20/22 agent paths [SUPPRESSED] (cumulative=13934)
 00:01:04 | ECBS RandomHop mutated 20/21 agent paths [SUPPRESSED] (cumulative=13954)
 00:01:04 | ECBS RandomHop mutated 20/21 agent paths [SUPPRESSED] (cumulative=13974)
 00:01:04 | ECBS RandomHop mutated 20/21 agent paths [SUPPRESSED] (cumulative=13994)
 00:01:04 | ECBS RandomHop mutated 20/21 agent paths [SUPPRESSED] (cumulative=14014)
 00:01:04 | ECBS RandomHop mutated 20/21 agent paths [SUPPRESSED] (cumulative=14034)
 00:01:04 | ECBS RandomHop mutated 20/21 agent paths [SUPPRESSED] (cumulative=14054)
 00:01:04 | ECBS RandomHop mutated 20/21 agent paths [SUPPRESSED] (cumulative=14074)
 00:01:04 | ECBS RandomHop mutated 20/21 agent paths [SUPPRESSED] (cumulative=14094)
 00:01:04 | ECBS RandomHop mutated 20/21 agent paths [SUPPRESSED] (cumulative=14114)
 00:01:04 | ECBS RandomHop mutated 20/22 agent paths [SUPPRESSED] (cumulative=14134)
 00:01:04 | ECBS RandomHop mutated 20/22 agent paths [SUPPRESSED] (cumulative=14154)
 00:01:04 | ECBS RandomHop mutated 20/22 agent paths [SUPPRESSED] (cumulative=14174)
 00:01:04 | ECBS RandomHop mutated 20/22 agent paths [SUPPRESSED] (cumulative=14194)
 00:01:04 | ECBS RandomHop mutated 20/22 agent paths [SUPPRESSED] (cumulative=14214)
 00:01:04 | ECBS RandomHop mutated 20/22 agent paths [SUPPRESSED] (cumulative=14234)
 00:01:04 | ECBS RandomHop mutated 20/22 agent paths [SUPPRESSED] (cumulative=14254)
 00:01:04 | ECBS RandomHop mutated 20/22 agent paths [SUPPRESSED] (cumulative=14274)
 00:01:04 | ECBS RandomHop mutated 20/21 agent paths [SUPPRESSED] (cumulative=14294)
 00:01:05 | ECBS RandomHop mutated 20/21 agent paths [SUPPRESSED] (cumulative=14314)
 00:01:05 | ECBS RandomHop mutated 20/21 agent paths [SUPPRESSED] (cumulative=14334)
 00:01:05 | 00:00:01 | 0.00:29:28 |  98.24%  |   213   |   458    | 74%  |  11139   |   0    | 149.85MB  
 00:01:05 | ECBS RandomHop mutated 20/21 agent paths [SUPPRESSED] (cumulative=14354)
 00:01:05 | ECBS RandomHop mutated 20/21 agent paths [SUPPRESSED] (cumulative=14374)
 00:01:05 | ECBS RandomHop mutated 20/21 agent paths [SUPPRESSED] (cumulative=14394)
 00:01:05 | ECBS RandomHop mutated 20/21 agent paths [SUPPRESSED] (cumulative=14414)
 00:01:05 | ECBS RandomHop mutated 20/21 agent paths [SUPPRESSED] (cumulative=14434)
 00:01:05 | ECBS RandomHop mutated 20/21 agent paths [SUPPRESSED] (cumulative=14454)
 00:01:05 | ECBS RandomHop mutated 20/21 agent paths [SUPPRESSED] (cumulative=14474)
 00:01:05 | ECBS RandomHop mutated 20/21 agent paths [SUPPRESSED] (cumulative=14494)
 00:01:05 | ECBS RandomHop mutated 20/21 agent paths [SUPPRESSED] (cumulative=14514)
 00:01:05 | ECBS RandomHop mutated 20/21 agent paths [SUPPRESSED] (cumulative=14534)
 00:01:05 | ECBS RandomHop mutated 20/21 agent paths [SUPPRESSED] (cumulative=14554)
 00:01:05 | ECBS RandomHop mutated 20/20 agent paths [SUPPRESSED] (cumulative=14574)
 00:01:05 | ECBS RandomHop mutated 20/20 agent paths [SUPPRESSED] (cumulative=14594)
 00:01:05 | ECBS RandomHop mutated 20/20 agent paths [SUPPRESSED] (cumulative=14614)
 00:01:05 | ECBS RandomHop mutated 20/20 agent paths [SUPPRESSED] (cumulative=14634)
 00:01:05 | ECBS RandomHop mutated 20/20 agent paths [SUPPRESSED] (cumulative=14654)
 00:01:05 | ECBS RandomHop mutated 20/20 agent paths [SUPPRESSED] (cumulative=14674)
 00:01:05 | ECBS RandomHop mutated 20/20 agent paths [SUPPRESSED] (cumulative=14694)
 00:01:05 | ECBS RandomHop mutated 20/20 agent paths [SUPPRESSED] (cumulative=14714)
 00:01:05 | ECBS RandomHop mutated 20/20 agent paths [SUPPRESSED] (cumulative=14734)
 00:01:05 | ECBS RandomHop mutated 20/20 agent paths [SUPPRESSED] (cumulative=14754)
 00:01:05 | ECBS RandomHop mutated 20/20 agent paths [SUPPRESSED] (cumulative=14774)
 00:01:05 | ECBS RandomHop mutated 20/20 agent paths [SUPPRESSED] (cumulative=14794)
 00:01:05 | ECBS RandomHop mutated 20/20 agent paths [SUPPRESSED] (cumulative=14814)
 00:01:05 | ECBS RandomHop mutated 20/20 agent paths [SUPPRESSED] (cumulative=14834)
 00:01:05 | ECBS RandomHop mutated 20/20 agent paths [SUPPRESSED] (cumulative=14854)
 00:01:05 | ECBS RandomHop mutated 20/20 agent paths [SUPPRESSED] (cumulative=14874)
 00:01:05 | ECBS RandomHop mutated 20/20 agent paths [SUPPRESSED] (cumulative=14894)
 00:01:05 | ECBS RandomHop mutated 20/20 agent paths [SUPPRESSED] (cumulative=14914)
 00:01:05 | ECBS RandomHop mutated 20/21 agent paths [SUPPRESSED] (cumulative=14934)
 00:01:05 | 00:00:00 | 0.00:30:00 | 100.00%  |   213   |   466    | 74%  |  11167   |   0    | 149.99MB  
 00:01:05 | >>> Simulation finished - writing results ...
 00:01:06 | >>> Results written
Simulation finished.
>>> Timings
StatTimingPathPlanningAverage: 0.02418380398457585
StatTimingPathPlanningOverall: 37.629999000000026
StatTimingPathPlanningCount: 1556
StatTimingTaskAllocationAverage: 0.03729353756019262
StatTimingTaskAllocationOverall: 23.233873900000006
StatTimingTaskAllocationCount: 623
StatTimingItemStorageAverage: 2.3703723404255342E-05
StatTimingItemStorageOverall: 0.008912600000000008
StatTimingItemStorageCount: 376
StatTimingPodStorageAverage: 0.05575580489510488
StatTimingPodStorageOverall: 7.973080099999998
StatTimingPodStorageCount: 143
StatTimingReplenishmentBatchingAverage: 4.0779581151832485E-05
StatTimingReplenishmentBatchingOverall: 0.023366700000000015
StatTimingReplenishmentBatchingCount: 573
StatTimingOrderBatchingAverage: 0.0003389081206496523
StatTimingOrderBatchingOverall: 0.29213880000000025
StatTimingOrderBatchingCount: 862
>>> Overall
StatOverallBundlesPlaced: 553
StatOverallItemsOrdered: 388
StatOverallOrdersPlaced: 229
StatOverallBundlesRejected: 0
StatOverallOrdersRejected: 0
StatOverallBundlesHandled: 466
StatOverallItemsHandled: 327
StatOverallLinesHandled: 312
StatOverallOrdersHandled: 213
StatOverallCollisions: 0
StatOverallDistanceTraveled: 11167.000000000007
StatOverallDistanceEstimated: 11107
StatOverallAssignedTasks: 623
StatMaxMemoryUsed: 151.37109375
StatRealTimeUsed: 65.8522188
StatAverageTurnoverTime: 429.20234407635263
StatMedianTurnoverTime: 347.65436476914624
StatLowerQuartileTurnoverTime: 189.51971960379902
StatUpperQuartileTurnoverTime: 614.8082125974947
StatAverageThroughputTime: 75.16545148652483
StatMedianThroughputTime: 41.442567953649984
StatLowerQuartileThroughputTime: 29.800000000000637
StatUpperQuartileThroughputTime: 117.14998098727506
>>> Energy (Rizqi model)
StatEnergyTotalKJ: 1378.155046963051
StatEnergyE1AccelKJ: 472.9906200724931
StatEnergyE2DecelKJ: 0
StatEnergyE3CruiseKJ: 386.0801221827289
StatEnergyE4RotationKJ: 158.9827802057903
StatEnergyE5LiftLowerKJ: 360.10152450203896
StatEnergyPerOrderKJ: 6.470211488089442
StatEnergyPerMeterJoule: 123.23661333837529
StatEnergyIdleKJ: 1989.9088017145725
StatEnergyTotalWithIdleKJ: 3368.0638486776234
StatEnergyPerOrderWithIdleKJ: 15.812506331819828
StatDistanceTraveledRizqiM: 11183
>>> Motion Behavior
StatTurningCount: 1449
StatStopAndGoCount: 1719
StatLoadedDistanceM: 7969
StatLoadedTurningCount: 1111
StatLoadedStopAndGoCount: 1351
StatEmptyTurningCount: 338
StatEmptyStopAndGoCount: 368
StatWaitTimeSec: 28543.248893195516
StatPathPlanningTimeouts: 0
StatMoveEnergyEmptyKJ: 46.090375
StatMoveTimeEmptySec: 4091.066357228221
StatTurnEnergyEmptyKJ: 6.372541169002376
StatTurnTimeEmptySec: 342.8786999312057
StatMoveEnergyLoadedKJ: 812.9803672552222
StatMoveTimeLoadedSec: 11565.647472754572
StatTurnEnergyLoadedKJ: 152.6102390367879
StatTurnTimeLoadedSec: 1139.0643704751033
StatPrefEmptyW: 11.832107861664019
StatPrefLoadedW: 76.00255859455577

Marked tag finished after 1 tries!
.Fin. - SUCCESS
