#TimeStamp;Runtime;Requests
0.88;0.51;26
1.88;0.01;2
5.3;0.01;1
10.68;0;1
13.2;0;1
14.37;0.01;1
15.41;0;2
16.68;0;2
17.91;0.01;3
18.93;0.01;2
19.93;0;1
21.17;0;1
22.19;0;2
23.19;0;3
24.24;0;2
25.28;0;3
26.33;0;4
27.33;0;3
28.42;0;3
29.42;0.01;1
30.48;0.14;5
31.48;0.31;4
32.52;0.85;2
33.53;0.43;2
34.53;0.44;3
35.57;0.04;2
36.66;0.07;4
37.7;0.05;2
38.75;0.05;1
39.79;0.01;3
40.83;0.01;2
41.88;0.02;1
42.88;0.02;4
43.88;0.04;2
44.88;0.11;3
45.88;0.15;4
47.12;0.18;3
48.21;0.15;3
49.26;0.04;2
50.29;0.07;3
51.29;0.03;3
52.29;0.03;3
53.34;0.02;3
54.42;0.02;2
55.47;0.02;2
56.51;0.03;4
57.53;0.13;2
58.57;0.05;1
59.77;0.05;1
60.9;0.67;1
61.9;0.33;1
62.92;0.24;1
63.92;0.08;1
65.05;0.08;1
66.06;0.04;1
67.06;0.04;2
68.09;0.02;3
69.14;0.03;2
70.18;0.03;2
71.23;0.04;2
72.27;0.02;3
73.32;0.02;3
74.33;0.03;3
75.35;0.02;3
76.35;0.02;4
77.35;0.03;3
78.35;0.02;3
79.4;0.02;2
80.44;0.02;1
81.49;0.02;1
82.51;0.01;1
83.51;0.01;1
84.57;0.01;1
85.59;0.01;1
86.59;0.01;1
87.68;0.01;1
88.71;0.01;1
89.71;0.01;1
90.8;0.01;1
91.84;0.01;1
92.89;0.01;2
93.89;0.01;1
94.97;0.01;2
101.89;0.01;1
103.04;0;1
105.56;0;1
107.26;0;1
113.1;0.01;1
114.1;0.01;1
115.15;0.01;1
116.19;0;1
117.21;0.01;2
118.24;0;1
119.24;0;1
120.33;0;1
124.91;0;1
128.42;0;1
134.55;0;1
135.93;0;1
137.93;0;1
138.93;0;1
139.93;0;1
140.97;0;1
141.97;0;1
142.97;0;1
148.27;0;1
149.27;0;1
153.62;0;1
155.27;0;1
157.87;0;1
165.9;0;1
168.9;0.01;1
170.12;0;1
171.13;0;1
172.13;0.01;1
173.17;0;1
178.66;0;1
179.79;0;2
180.83;0;1
181.95;0;1
182.99;0;1
183.99;0;2
185.21;0;2
186.21;0.01;5
195.07;0;1
196.31;0;1
197.33;0.01;1
200.32;0;1
201.87;0.01;1
210.04;0;1
211.07;0.01;3
212.08;0.01;2
213.12;0;1
214.26;0.01;1
215.35;0.01;2
216.35;0.01;3
217.35;0.01;1
218.5;0.01;1
226.22;0.01;1
227.26;0.02;2
239.04;0.01;1
240.69;0.01;1
241.69;0.01;1
244.09;0.01;1
246.69;0.01;1
247.72;0.02;1
248.72;0.02;2
249.72;0.02;2
252.14;0.03;1
259.81;0.01;1
260.91;0.02;1
261.91;0.01;1
273.87;0.01;1
274.96;0.01;1
276.57;0;1
277.87;0.01;1
279.3;0;1
282.38;0;1
283.38;0.01;2
284.42;0.01;2
288.93;0.01;1
290.88;0.01;1
292.08;0;1
294.36;0;1
296.49;0;1
297.49;0;1
298.53;0;1
299.57;0;1
300.62;0.01;3
302.62;0.01;1
305.62;0.01;1
307.56;0.01;1
310.09;0.01;1
312.31;0.01;1
313.31;0.01;1
315.14;0.01;1
316.18;0.01;1
317.55;0.01;1
320.66;0.01;1
322.34;0.01;1
323.51;0.01;1
324.51;0.01;1
332.14;0.01;1
333.14;0.01;1
334.18;0.01;1
335.92;0.01;1
336.98;0;1
338.01;0.01;1
341.65;0;1
342.65;0;1
343.68;0;1
344.68;0.01;2
347.88;0.01;1
351.27;0.01;1
352.89;0.01;1
354.51;0.02;1
356.24;0.02;1
359.56;0.01;1
363.35;0.01;1
364.84;0.01;1
372.35;0.01;1
373.35;0.01;2
374.69;0.01;1
375.96;0.01;1
376.96;0.01;4
377.99;0.01;3
378.99;0.01;2
380;0.01;1
381.23;0.01;1
382.31;0.01;1
383.51;0.01;2
386.89;0.01;1
388.66;0.01;1
389.69;0;1
400.38;0;1
403.63;0.01;1
404.63;0;1
405.89;0.01;1
410.24;0.01;1
411.27;0.02;3
412.63;0.03;1
413.93;0.03;1
416.96;0.01;2
417.96;0.01;3
419.09;0.01;2
421.63;0.01;1
428.72;0;1
431.1;0.01;1
432.23;0.01;1
433.23;0.01;2
434.23;0.01;1
435.28;0.01;1
436.32;0.01;2
437.37;0.01;1
438.41;0.01;1
439.45;0.01;1
443.54;0;1
446.61;0.02;1
447.7;0.02;1
448.95;0.02;1
450.99;0;1
451.99;0;1
454.53;0.01;1
457.21;0;1
458.27;0;1
459.27;0.01;1
463.02;0;1
466.14;0;1
467.18;0;1
474.74;0;1
475.79;0;1
478.36;0.01;1
481.18;0;1
486.8;0;1
488.37;0;1
491.85;0;1
494;0.01;1
497.46;0.01;1
498.46;0.01;1
499.69;0.01;2
500.71;0.01;1
501.73;0.02;1
503.58;0.01;1
504.58;0.01;2
505.64;0.02;2
506.64;0.02;1
507.73;0.02;1
509.13;0.02;1
510.35;0.01;1
511.44;0.01;1
512.77;0.01;3
513.77;0.01;1
514.77;0.01;2
515.77;0.01;1
516.95;0.01;1
517.99;0.01;1
519.04;0.01;2
525.3;0.01;1
528.68;0.01;1
539.66;0;1
541;0.01;2
542;0.01;2
543.02;0.01;2
548.23;0.01;1
549.71;0.02;1
554.95;0.01;1
555.95;0.01;2
561;0.01;1
562;0.01;1
563;0.01;1
564.04;0.01;1
565.09;0.01;1
566.13;0.01;1
567.18;0.01;1
568.22;0.01;2
569.22;0.01;1
574.53;0;1
575.53;0;1
579.22;0;1
583.55;0;1
587.55;0;1
589.17;0;1
591.27;0;1
592.27;0;1
593.34;0;1
596.86;0;1
597.86;0;1
598.87;0;1
600.82;0;1
604.95;0.01;2
606.15;0.01;1
607.16;0.01;2
615.49;0.01;1
616.49;0.03;1
618.77;0.03;1
619.8;0.03;2
620.82;0.03;1
621.82;0.03;1
622.86;0.03;1
623.91;0.03;1
624.95;0.03;1
625.98;0.01;2
626.98;0.01;3
628.03;0.01;2
629.07;0.01;3
630.09;0.01;3
631.13;0.01;2
632.15;0.01;3
637.91;0.02;1
639.14;0.02;2
641.96;0.01;1
642.96;0.01;1
649.75;0.01;1
650.77;0.01;1
651.8;0.01;1
654.24;0.01;1
670.46;0.01;1
672.58;0.01;1
675.58;0.01;1
678.93;0.01;2
679.93;0.01;1
682.1;0.01;1
683.11;0;1
684.43;0.01;2
691.71;0.01;1
692.71;0.01;1
693.71;0.01;1
694.8;0.01;1
695.85;0.01;1
696.89;0.01;1
697.93;0.01;1
698.93;0.01;1
700;0.01;2
701.04;0.01;1
702.09;0.01;2
703.13;0.01;1
704.18;0.01;2
705.18;0.01;2
706.18;0.01;1
707.31;0;1
708.36;0;2
709.39;0;1
710.44;0;1
711.48;0;2
712.52;0;1
713.56;0;2
715.47;0;1
716.47;0;2
717.49;0.01;1
718.51;0;1
719.94;0;1
721.14;0.01;1
724.87;0;1
725.87;0.01;2
726.88;0.01;2
727.88;0.01;1
728.97;0.01;1
730.01;0.01;2
732.49;0.01;1
733.49;0.01;1
738.22;0.01;1
745.53;0.01;2
746.53;0.01;2
747.99;0.01;1
749.08;0.01;1
751.17;0.01;1
752.19;0.01;2
753.23;0.01;1
754.23;0.01;1
755.27;0.01;2
757.95;0.01;1
762.87;0.01;1
763.91;0.01;1
764.91;0.01;1
767.47;0.01;1
769.56;0.01;1
770.56;0.01;2
772.33;0.01;1
773.33;0.01;1
774.38;0.01;1
787.52;0.02;1
788.52;0.02;1
789.55;0.02;1
792.58;0.02;1
793.94;0.01;1
794.98;0;1
795.98;0;1
797.38;0.01;2
798.47;0.01;2
799.47;0.01;1
800.56;0.01;3
801.58;0.01;1
802.58;0.01;1
805.87;0.01;1
806.89;0.01;1
807.89;0.01;1
808.89;0.01;1
809.89;0.01;1
815.14;0.01;1
816.64;0.01;1
817.65;0.01;1
818.65;0.01;1
819.69;0.01;2
820.84;0.01;1
821.84;0.01;1
826.83;0.01;1
827.83;0.01;1
830.08;0.01;1
832.08;0.01;1
834.56;0.01;1
835.6;0.01;1
836.6;0.01;1
841.6;0.01;1
843.07;0.01;1
844.92;0.02;1
848.34;0.01;1
851.9;0.01;1
853.09;0.01;1
854.09;0.01;1
855.13;0.01;1
859.75;0.01;1
863.31;0.01;1
868.74;0.01;1
871.47;0.01;1
872.53;0.01;1
877.34;0.01;1
878.34;0.01;1
879.37;0.01;2
880.38;0.01;2
881.43;0.01;1
882.43;0.01;1
883.43;0.01;3
884.52;0.01;2
885.56;0.01;3
886.56;0.01;2
887.65;0.01;2
888.7;0.01;1
889.85;0.01;1
890.87;0.01;1
891.88;0.01;1
892.88;0.01;2
893.92;0.01;1
894.92;0.01;1
896.05;0.01;1
897.06;0.01;1
898.14;0.01;2
899.14;0.01;1
900.15;0.01;1
901.19;0.01;2
902.19;0.01;1
903.23;0.01;2
905.06;0.01;1
906.06;0.01;2
907.1;0.01;2
908.15;0.01;1
909.19;0.01;1
911.12;0.01;1
915.17;0.01;1
916.46;0.01;1
922.83;0.01;1
924.95;0;1
926.27;0.01;1
927.98;0.01;1
929;0;1
931.65;0.01;1
938.53;0;1
940.81;0;1
941.81;0;1
945.27;0;1
946.27;0.01;2
947.27;0.01;3
948.36;0.01;2
949.38;0;1
950.38;0.01;2
951.42;0.01;2
952.45;0.01;1
953.45;0.01;2
955.82;0.01;1
957.21;0.01;1
962.25;0.01;1
964.86;0.01;1
974.34;0.01;1
976.73;0;1
978.67;0.01;1
979.73;0.01;2
980.73;0.01;1
981.73;0.01;1
983.41;0.01;1
984.42;0.01;1
985.42;0.01;1
986.42;0.01;1
987.43;0.01;1
988.58;0.01;1
989.58;0.01;2
993.42;0.01;2
995.39;0.02;1
996.39;0.02;1
997.55;0.01;1
998.57;0.01;1
999.57;0.01;1
1000.66;0.01;1
1002.36;0.01;1
1003.36;0.01;1
1004.4;0.01;1
1005.45;0.01;2
1006.49;0.01;1
1007.54;0.01;1
1008.58;0.01;2
1009.63;0.01;1
1010.67;0.01;2
1011.72;0.01;2
1012.76;0.01;2
1013.79;0.01;3
1014.79;0.01;3
1015.88;0.01;3
1016.9;0.01;3
1017.94;0.01;3
1018.98;0.04;4
1020.02;0.02;4
1021.04;0.03;2
1022.3;0.01;2
1023.32;0.01;2
1024.49;0.01;2
1025.49;0.03;2
1026.68;0.02;1
1027.77;0.02;1
1028.9;0.02;1
1029.94;0.02;1
1031.77;0.01;1
1034.9;0.01;1
1035.9;0.01;1
1041.17;0.01;1
1043.32;0.01;1
1046.72;0.01;2
1050.77;0;1
1053.32;0.01;1
1054.49;0.01;1
1059.21;0.01;1
1060.35;0.01;1
1064.86;0.01;1
1065.86;0.01;1
1067.62;0.01;1
1075.54;0.01;1
1077.26;0.01;1
1079.59;0.01;1
1081.74;0;1
1082.79;0.01;1
1084.91;0.01;1
1085.91;0.01;2
1086.95;0.01;1
1087.95;0.01;1
1088.95;0.01;4
1090.64;0.01;1
1091.64;0.01;1
1093.6;0.01;1
1101.55;0.01;1
1103.35;0.01;1
1104.35;0.01;1
1105.44;0.02;1
1107.04;0.02;1
1110.33;0.02;1
1113.83;0.02;1
1114.87;0.02;1
1117.92;0.02;1
1118.96;0.02;1
1120;0.02;1
1121.01;0.02;1
1122.01;0.02;1
1123.03;0.01;1
1124.03;0.01;2
1125.08;0.01;3
1126.08;0.01;3
1127.13;0.01;2
1128.17;0.01;2
1129.22;0.01;2
1130.26;0.01;3
1131.26;0.01;4
1132.28;0.01;3
1133.32;0.01;4
1134.37;0.01;4
1135.41;0.01;4
1136.46;0.01;5
1137.5;0.01;4
1138.52;0.01;4
1139.57;0.01;5
1140.59;0.01;5
1141.64;0.01;5
1142.64;0.01;4
1143.69;0.01;4
1144.72;0.01;5
1145.72;0.01;5
1146.72;0.01;4
1147.86;0.01;4
1148.9;0.01;5
1149.9;0.01;4
1150.99;0.01;4
1152;0.01;5
1153;0.01;4
1154.09;0.01;4
1155.14;0.01;4
1156.18;0.01;4
1157.22;0.01;4
1158.27;0.01;4
1159.27;0.01;3
1160.36;0.01;4
1161.36;0.01;4
1162.45;0.01;3
1163.45;0.01;4
1164.45;0.01;3
1165.58;0.01;4
1166.61;0.01;5
1167.61;0.01;3
1168.7;0.01;4
1169.72;0.01;3
1170.72;0.01;4
1171.72;0.01;4
1172.72;0.01;3
1173.73;0.01;6
1174.73;0.01;5
1175.73;0.01;5
1176.78;0.01;5
1177.82;0.01;5
1178.87;0.01;6
1179.91;0.01;6
1180.96;0.01;7
1181.96;0.01;7
1182.96;0.01;7
1184.04;0.01;7
1185.04;0.01;7
1186.04;0.01;7
1187.09;0.01;7
1188.18;0.01;8
1189.22;0.01;8
1190.27;0.01;6
1191.31;0.01;6
1192.36;0.01;6
1193.4;0.01;5
1194.44;0.01;5
1195.44;0.01;6
1196.44;0.01;6
1197.56;0.01;5
1198.61;0.01;4
1199.74;0.01;4
1200.78;0.01;5
1201.78;0.01;5
1202.82;0.01;5
1203.83;0.01;5
1204.86;0.01;4
1205.95;0.01;4
1207;0.01;7
1208.04;0.01;5
1209.09;0.01;4
1210.13;0.01;4
1211.18;0.01;4
1212.22;0.01;4
1213.26;0.01;5
1214.31;0.01;5
1215.31;0.01;4
1216.35;0.01;4
1217.4;0.01;4
1218.44;0.01;4
1219.49;0.01;4
1220.53;0.01;4
1221.58;0.01;5
1222.62;0.01;4
1223.67;0.01;4
1224.7;0.01;4
1225.75;0.01;6
1226.75;0.01;4
1227.82;0.01;5
1228.87;0.01;4
1229.88;0.01;5
1230.88;0.01;4
1231.91;0.01;5
1232.93;0.01;4
1234.02;0.01;5
1235.05;0.01;4
1236.05;0.01;4
1237.14;0.01;4
1238.19;0.01;4
1239.23;0.01;5
1240.23;0.01;5
1241.32;0.01;6
1242.37;0.01;5
1243.37;0.01;5
1244.45;0.01;5
1245.5;0.01;4
1246.54;0.01;4
1247.57;0.01;4
1248.59;0.01;4
1249.59;0.01;4
1250.59;0.01;4
1251.68;0.01;5
1252.73;0.01;4
1253.77;0.01;4
1254.77;0.01;4
1255.86;0.01;4
1256.9;0.01;5
1257.9;0.01;4
1258.9;0;4
1259.9;0.01;6
1260.94;0;4
1262.06;0;4
1263.17;0;4
1264.19;0;4
1265.23;0;5
1266.23;0;4
1267.32;0.01;6
1268.32;0.01;5
1269.32;0.01;4
1270.32;0.01;5
1271.44;0;4
1272.54;0.01;4
1273.54;0.01;5
1274.63;0.01;4
1275.68;0.01;4
1276.72;0.01;5
1277.77;0.01;6
1278.77;0.01;5
1279.85;0.01;6
1280.9;0.01;6
1281.94;0.01;5
1282.99;0.01;6
1284.03;0.01;5
1285.08;0.01;5
1286.12;0.01;6
1287.12;0.01;5
1288.21;0.01;5
1289.25;0.01;7
1290.29;0.01;5
1291.33;0.01;5
1292.38;0.01;6
1293.39;0.01;6
1294.43;0.01;7
1295.43;0.01;6
1296.52;0.01;6
1297.57;0.01;6
1298.61;0.01;6
1299.65;0.01;6
1300.66;0.01;6
1301.7;0.01;6
1302.75;0.01;6
1303.79;0.01;7
1304.79;0.01;6
1305.88;0.01;6
1306.92;0.01;6
1307.92;0.01;7
1308.94;0.01;7
1310.05;0.01;7
1311.1;0.01;9
1312.1;0.01;7
1313.19;0.01;7
1314.23;0.01;7
1315.28;0.01;9
1316.31;0.01;8
1317.31;0.01;9
1318.36;0.01;9
1319.45;0.01;8
1320.49;0.01;8
1321.54;0.01;8
1322.58;0.01;8
1323.63;0.01;8
1324.67;0.01;8
1325.71;0.01;8
1326.76;0.01;8
1327.8;0.01;8
1328.81;0.01;8
1329.85;0.01;9
1330.88;0.01;8
1331.88;0.01;8
1332.88;0.01;8
1333.88;0.01;9
1334.92;0.01;9
1335.97;0.01;10
1336.97;0.01;9
1337.97;0.01;8
1338.97;0.01;9
1339.97;0.01;9
1340.97;0.01;9
1341.97;0.01;8
1342.97;0.01;8
1343.97;0.01;9
1345.01;0.01;9
1346.05;0.01;9
1347.1;0.01;9
1348.12;0.01;10
1349.16;0.01;11
1350.16;0.01;9
1351.25;0.01;9
1352.3;0.01;9
1353.34;0.01;9
1354.34;0.01;10
1355.34;0.01;11
1356.34;0.01;9
1357.52;0.01;9
1358.56;0.01;9
1359.61;0.01;9
1360.65;0.01;9
1361.69;0.01;9
1362.74;0.01;10
1363.74;0.01;10
1364.83;0.01;9
1365.87;0.01;9
1366.92;0.01;9
1367.96;0.01;11
1369.01;0.01;9
1370.05;0.01;10
1371.09;0.01;9
1372.14;0.01;9
1373.14;0.01;10
1374.14;0.01;10
1375.18;0.01;11
1376.23;0.01;10
1377.27;0.01;10
1378.32;0.01;9
1379.32;0.01;11
1380.32;0.01;9
1381.41;0.01;9
1382.49;0.01;9
1383.54;0.01;9
1384.58;0.01;9
1385.63;0.01;9
1386.67;0.01;9
1387.72;0.01;9
1388.72;0.01;10
1389.76;0.01;10
1390.81;0.01;10
1391.85;0.01;10
1392.89;0.01;10
1393.94;0.01;11
1394.94;0.01;11
1395.94;0.01;10
1396.94;0.01;10
1397.94;0.01;8
1398.94;0.01;9
1399.94;0.01;8
1400.94;0.01;8
1401.94;0.01;9
1402.94;0.01;8
1403.94;0.01;9
1404.99;0.01;9
1406.03;0.01;9
1407.08;0.01;10
1408.08;0.01;11
1409.08;0.01;9
1410.21;0.01;9
1411.25;0.01;9
1412.3;0.01;10
1413.34;0.01;11
1414.39;0.01;10
1415.43;0.01;10
1416.48;0.01;10
1417.52;0.01;10
1418.57;0.01;10
1419.57;0.01;10
1420.65;0.01;10
1421.7;0.01;11
1422.74;0.01;10
1423.79;0.01;10
1424.83;0.01;11
1425.83;0.01;10
1426.83;0.01;10
1427.91;0.01;10
1428.91;0.01;10
1429.91;0.01;9
1430.91;0.01;9
1431.91;0.01;9
1432.91;0.01;10
1433.95;0.01;10
1434.98;0.01;11
1436.03;0.01;10
1437.07;0.01;11
1438.12;0.01;10
1439.14;0.01;10
1440.14;0.01;11
1441.21;0.01;10
1442.21;0.01;11
1443.28;0.01;12
1444.32;0.01;11
1445.37;0.01;11
1446.41;0.01;12
1447.41;0.01;11
1448.43;0.01;11
1449.43;0.01;11
1450.57;0.01;11
1451.61;0.01;11
1452.65;0.01;11
1453.7;0.01;11
1454.74;0.01;12
1455.79;0.01;12
1456.83;0.01;13
1457.88;0.01;13
1458.92;0.01;13
1459.97;0.01;13
1460.98;0.01;14
1462.02;0.01;13
1463.07;0.01;13
1464.08;0.01;13
1465.08;0.01;15
1466.1;0.01;13
1467.1;0.01;13
1468.1;0.01;13
1469.14;0.01;13
1470.19;0.01;13
1471.23;0.01;13
1472.28;0.01;14
1473.29;0.01;15
1474.33;0.01;14
1475.38;0.01;14
1476.42;0.01;14
1477.47;0.01;14
1478.51;0.01;14
1479.56;0.01;14
1480.58;0.01;14
1481.58;0.01;13
1482.58;0.01;13
1483.58;0.01;14
1484.59;0.01;14
1485.59;0.01;13
1486.59;0.01;13
1487.59;0.01;14
1488.59;0.01;13
1489.59;0.01;14
1490.59;0.01;15
1491.63;0.01;14
1492.68;0.01;14
1493.72;0.01;14
1494.77;0.01;15
1495.77;0.01;15
1496.85;0.01;15
1497.9;0.01;15
1498.94;0.01;15
1499.99;0.01;15
1501.03;0.01;15
1502.08;0.01;15
1503.08;0.01;15
1504.17;0.01;15
1505.21;0.01;15
1506.21;0.01;15
1507.3;0.01;15
1508.34;0.01;15
1509.39;0.01;15
1510.43;0.01;15
1511.48;0.01;15
1512.52;0.01;15
1513.57;0.01;18
1514.61;0.02;16
1515.65;0.01;16
1516.7;0.01;16
1517.74;0.01;16
1518.79;0.01;16
1519.83;0.01;16
1520.88;0.01;16
1521.92;0.01;16
1522.97;0.01;16
1524.01;0.01;16
1525.05;0.01;16
1526.05;0.01;16
1527.07;0.01;16
1528.07;0.01;13
1529.07;0.01;15
1530.07;0.01;15
1531.07;0.01;16
1532.11;0.01;16
1533.16;0.01;16
1534.2;0.01;16
1535.25;0.01;16
1536.29;0.01;16
1537.34;0.01;16
1538.35;0.01;16
1539.4;0.01;16
1540.44;0.01;16
1541.49;0.01;17
1542.49;0.01;16
1543.58;0.01;16
1544.62;0.01;16
1545.67;0.01;16
1546.67;0.01;17
1547.75;0.01;16
1548.8;0.01;16
1549.84;0.01;16
1550.89;0.01;16
1551.93;0.01;16
1552.93;0.01;16
1554.02;0.01;16
1555.07;0.01;16
1556.11;0.01;16
1557.15;0.01;17
1558.15;0.01;16
1559.15;0.01;16
1560.19;0.01;17
1561.19;0.01;15
1562.19;0.01;14
1563.19;0.01;15
1564.19;0.01;16
1565.19;0.01;15
1566.19;0.01;16
1567.19;0.01;15
1568.19;0.01;15
1569.19;0.01;16
1570.19;0.01;15
1571.19;0.01;15
1572.19;0.01;16
1573.19;0.01;15
1574.19;0.01;15
1575.19;0.01;16
1576.23;0.01;16
1577.28;0.01;16
1578.32;0.01;16
1579.37;0.01;16
1580.41;0.01;16
1581.45;0.01;16
1582.5;0.01;16
1583.54;0.01;16
1584.59;0.01;17
1585.63;0.01;16
1586.68;0.01;16
1587.72;0.01;16
1588.77;0.01;16
1589.81;0.01;16
1590.85;0.01;17
1591.9;0.01;16
1592.94;0.01;16
1593.99;0.01;16
1595.03;0.01;16
1596.08;0.01;16
1597.12;0.01;16
1598.17;0.01;16
1599.21;0.01;17
1600.25;0.01;16
1601.3;0.01;16
1602.34;0.01;16
1603.39;0.01;16
1604.43;0.01;16
1605.48;0.01;16
1606.48;0.01;16
1607.48;0.01;16
1608.57;0.01;16
1609.62;0.01;16
1610.66;0.01;16
1611.7;0.01;16
1612.75;0.01;16
1613.79;0.01;16
1614.84;0.01;16
1615.88;0.01;16
1616.93;0.01;16
1617.97;0.01;16
1619.02;0.01;16
1620.06;0.01;16
1621.1;0.01;16
1622.15;0.01;16
1623.19;0.01;16
1624.24;0.01;17
1625.24;0.01;16
1626.33;0.01;16
1627.37;0.01;16
1628.42;0.01;16
1629.46;0.01;16
1630.5;0.01;16
1631.55;0.01;16
1632.59;0.01;17
1633.64;0.01;16
1634.68;0.01;16
1635.73;0.01;16
1636.77;0.01;16
1637.77;0.01;16
1638.77;0.01;17
1639.77;0.01;16
1640.95;0.01;16
1641.99;0.01;16
1643.04;0.01;16
1644.08;0.01;16
1645.13;0.01;16
1646.17;0.01;16
1647.22;0.01;16
1648.26;0.01;16
1649.26;0.01;16
1650.35;0.01;16
1651.39;0.01;16
1652.42;0.01;16
1653.42;0.01;16
1654.51;0.01;16
1655.53;0.01;16
1656.57;0.01;16
1657.62;0.01;16
1658.66;0.01;16
1659.7;0.01;16
1660.75;0.01;16
1661.79;0.01;16
1662.83;0.01;16
1663.83;0.01;17
1664.92;0.01;16
1665.97;0.01;16
1667.01;0.01;16
1668.05;0.01;16
1669.1;0.01;16
1670.14;0.01;16
1671.19;0.01;16
1672.23;0.01;16
1673.28;0.01;16
1674.32;0.01;16
1675.32;0.01;16
1676.41;0.01;16
1677.45;0.01;16
1678.45;0.01;16
1679.54;0.01;16
1680.59;0.01;16
1681.63;0.01;16
1682.68;0.01;16
1683.72;0.01;16
1684.77;0.01;16
1685.81;0.01;16
1686.85;0.01;16
1687.9;0.01;16
1688.94;0.01;16
1689.99;0.01;16
1691.02;0.01;16
1692.02;0.01;17
1693.11;0.01;16
1694.15;0.01;17
1695.15;0.01;17
1696.2;0.01;17
1697.24;0.01;17
1698.33;0.01;16
1699.38;0.01;16
1700.42;0.01;16
1701.47;0.01;16
1702.51;0.01;16
1703.55;0.01;16
1704.6;0.01;16
1705.64;0.01;16
1706.69;0.01;16
1707.73;0.01;16
1708.73;0.01;16
1709.82;0.01;16
1710.87;0.01;16
1711.91;0.01;16
1712.95;0.01;16
1714;0.01;16
1715.04;0.01;16
1716.09;0.01;16
1717.13;0.01;16
1718.18;0.01;16
1719.22;0.01;16
1720.27;0.01;16
1721.31;0.01;16
1722.35;0.01;16
1723.4;0.01;17
1724.44;0.01;16
1725.49;0.01;16
1726.53;0.01;16
1727.58;0.01;16
1728.62;0.01;16
1729.67;0.01;16
1730.71;0.01;16
1731.75;0.01;16
1732.8;0.01;16
1733.84;0.01;16
1734.89;0.01;16
1735.93;0.01;16
1736.98;0.01;16
1738.02;0.01;16
1739.07;0.01;16
1740.11;0.01;16
1741.15;0.01;16
1742.2;0.01;16
1743.24;0.01;16
1744.29;0.01;16
1745.33;0.01;16
1746.38;0.01;16
1747.42;0.01;16
1748.47;0.01;17
1749.51;0.01;16
1750.55;0.01;16
1751.6;0.01;17
1752.64;0.01;16
1753.65;0.01;16
1754.7;0.01;16
1755.74;0.01;16
1756.77;0.01;16
1757.77;0.01;16
1758.77;0.01;13
1759.77;0.01;15
1760.77;0.01;15
1761.77;0.01;16
1762.77;0.01;15
1763.77;0.01;14
1764.77;0.01;15
1765.77;0.01;16
1766.77;0.01;15
1767.77;0.01;16
1768.77;0.01;15
1769.77;0.01;15
1770.77;0.01;16
1771.81;0.01;16
1772.85;0.01;16
1773.9;0.01;16
1774.94;0.01;16
1775.99;0.01;16
1777.03;0.01;16
1778.08;0.01;16
1779.12;0.01;16
1780.17;0.01;16
1781.21;0.01;16
1782.25;0.01;16
1783.3;0.01;17
1784.34;0.01;17
1785.39;0.01;16
1786.43;0.01;16
1787.43;0.01;16
1788.52;0.01;16
1789.57;0.01;16
1790.61;0.01;16
1791.65;0.01;16
1792.7;0.01;16
1793.74;0.01;16
1794.79;0.01;16
1795.83;0.01;16
1796.88;0.01;16
1797.92;0.01;16
1798.97;0.01;16
1800;0.01;17
1801.04;0.01;16
1802.05;0.01;16
1803.1;0.01;16
1804.14;0.01;16
1805.19;0.01;16
1806.23;0.01;16
1807.23;0.01;16
1808.28;0.01;16
1809.37;0.01;16
1810.41;0.01;16
1811.45;0.01;16
1812.5;0.01;16
1813.5;0.01;16
1814.59;0.01;16
1815.63;0.01;16
1816.68;0.01;16
1817.72;0.01;16
1818.77;0.01;16
1819.81;0.01;16
1820.85;0.01;17
1821.85;0.01;17
1822.94;0.01;16
1823.99;0.01;16
1825.03;0.01;16
1826.08;0.01;16
1827.12;0.01;17
1828.12;0.01;16
1829.21;0.01;16
1830.25;0.01;16
1831.3;0.01;16
1832.34;0.01;16
1833.39;0.01;16
1834.43;0.01;16
1835.48;0.01;16
1836.52;0.01;16
1837.57;0.01;16
1838.61;0.01;17
1839.65;0.01;16
1840.7;0.01;16
1841.74;0.01;16
1842.79;0.01;16
1843.79;0.01;16
1844.88;0.01;16
1845.92;0.01;16
1846.97;0.01;16
1848.01;0.01;16
1849.01;0.01;16
1850.1;0.01;16
1851.14;0.01;17
1852.19;0.01;16
1853.23;0.01;17
1854.28;0.01;16
1855.32;0.01;16
1856.37;0.01;16
1857.41;0.01;17
1858.45;0.01;17
1859.5;0.01;17
1860.54;0.01;17
1861.59;0.01;17
1862.63;0.01;16
1863.63;0.01;16
1864.72;0.01;16
1865.77;0.01;16
1866.81;0.01;16
1867.85;0.01;16
1868.9;0.01;16
1869.94;0.01;16
1870.99;0.01;16
1872.03;0.01;16
1873.08;0.01;16
1874.12;0.01;17
1875.17;0.01;16
1876.21;0.01;16
1877.25;0.01;16
1878.3;0.01;16
1879.3;0.01;16
1880.39;0.01;16
1881.43;0.01;16
1882.48;0.01;16
1883.52;0.01;16
1884.57;0.01;16
1885.61;0.01;16
1886.65;0.01;16
1887.7;0.01;16
1888.74;0.01;16
1889.79;0.01;16
1890.83;0.01;16
1891.88;0.01;16
1892.92;0.01;16
1893.97;0.01;16
1895.01;0.01;16
1896.05;0.01;16
1897.1;0.01;16
1898.14;0.01;16
1899.19;0.01;16
1900.23;0.01;17
1901.28;0.01;16
1902.32;0.01;16
1903.37;0.01;16
1904.41;0.01;16
1905.45;0.01;16
1906.5;0.01;16
1907.54;0.01;16
1908.59;0.01;16
1909.63;0.01;16
1910.68;0.01;16
1911.72;0.01;16
1912.77;0.01;16
1913.81;0.01;16
1914.81;0.01;16
1915.9;0.01;16
1916.94;0.01;16
1917.99;0.01;16
1919.03;0.01;17
1920.05;0.01;16
1921.09;0.01;16
1922.14;0.01;16
1923.18;0.01;16
1924.23;0.01;16
1925.27;0.01;16
1926.32;0.01;16
1927.36;0.01;16
1928.41;0.01;16
1929.45;0.01;16
1930.49;0.01;16
1931.49;0.01;17
1932.58;0.01;16
1933.63;0.01;16
1934.67;0.01;16
1935.72;0.01;16
1936.76;0.01;16
1937.81;0.01;17
1938.81;0.01;16
1939.89;0.01;16
1940.94;0.01;16
1941.98;0.01;16
1943.03;0.01;16
1944.07;0.01;16
1945.12;0.01;16
1946.16;0.01;16
1947.21;0.01;16
1948.25;0.01;16
1949.29;0.01;16
1950.34;0.01;16
1951.38;0.01;16
1952.43;0.01;16
1953.47;0.01;16
1954.52;0.01;17
1955.52;0.01;17
1956.56;0.01;16
1957.65;0.01;16
1958.69;0.02;16
1959.74;0.01;16
1960.78;0.01;16
1961.83;0.01;16
1962.87;0.01;16
1963.92;0.01;16
1964.96;0.01;16
1966.01;0.01;16
1967.01;0.01;16
1968.09;0.01;16
1969.14;0.01;16
1970.17;0.01;16
1971.21;0.01;16
1972.25;0.01;17
1973.25;0.01;17
1974.25;0.01;17
1975.39;0.01;17
1976.43;0.01;17
1977.48;0.01;17
1978.52;0.01;17
1979.57;0.01;17
1980.61;0.01;17
1981.65;0.01;17
1982.7;0.01;17
1983.74;0.01;17
1984.79;0.01;17
1985.83;0.01;17
1986.88;0.01;17
1987.89;0.01;17
1988.93;0.01;17
1989.98;0.01;17
1991.01;0.01;18
1992.05;0.01;17
1993.1;0.01;17
1994.14;0.01;17
1995.19;0.01;18
1996.23;0.01;17
1997.28;0.01;18
1998.32;0.01;17
1999.37;0.01;17
2000.41;0.01;17
2001.45;0.01;17
2002.5;0.01;17
2003.54;0.01;17
2004.59;0.01;17
2005.63;0.01;17
2006.68;0.01;17
2007.72;0.01;17
2008.77;0.01;17
2009.81;0.01;17
2010.85;0.01;17
2011.9;0.01;17
2012.94;0.01;17
2013.99;0.01;17
2015.03;0.01;17
2016.08;0.01;17
2017.12;0.01;17
2018.17;0.01;17
2019.21;0.01;17
2020.25;0.01;18
2021.3;0.01;18
2022.34;0.01;18
2023.39;0.01;18
2024.43;0.01;18
2025.48;0.01;19
2026.48;0.01;18
2027.57;0.01;18
2028.61;0.01;18
2029.65;0.01;18
2030.7;0.01;19
2031.74;0.01;19
2032.79;0.01;20
2033.83;0.01;19
2034.88;0.01;19
2035.92;0.01;19
2036.97;0.01;19
2038.01;0.01;19
2039.05;0.01;19
2040.1;0.01;19
2041.14;0.01;19
2042.19;0.01;19
2043.23;0.01;19
2044.28;0.01;19
2045.32;0.01;19
2046.37;0.01;19
2047.41;0.01;19
2048.45;0.01;19
2049.5;0.01;19
2050.54;0.01;19
2051.59;0.01;19
2052.63;0.01;19
2053.68;0.01;19
2054.72;0.01;19
2055.77;0.01;20
2056.81;0.01;19
2057.85;0.01;19
2058.9;0.01;19
2059.94;0.01;19
2060.99;0.01;19
2062.03;0.01;19
2063.08;0.01;19
2064.12;0.01;19
2065.17;0.01;19
2066.21;0.01;19
2067.25;0.01;19
2068.3;0.01;20
2069.34;0.01;20
2070.39;0.01;20
2071.43;0.01;20
2072.48;0.01;19
2073.52;0.01;19
2074.57;0.01;19
2075.61;0.01;19
2076.65;0.01;19
2077.7;0.01;19
2078.74;0.01;19
2079.79;0.01;19
2080.83;0.01;19
2081.88;0.01;19
2082.92;0.01;19
2083.97;0.01;19
2085.01;0.01;19
2086.05;0.01;19
2087.1;0.01;19
2088.14;0.01;18
2089.19;0.01;17
2090.23;0.01;17
2091.28;0.01;17
2092.32;0.01;17
2093.37;0.01;17
2094.41;0.01;17
2095.45;0.01;17
2096.5;0.01;17
2097.54;0.01;17
2098.59;0.01;18
2099.63;0.01;18
2100.68;0.01;16
2101.72;0.01;15
2102.77;0.01;15
2103.81;0.01;15
2104.85;0.01;15
2105.9;0.01;15
2106.94;0.01;15
2107.99;0.01;15
2109.03;0.01;15
2110.08;0.01;15
2111.12;0.01;15
2112.17;0.01;13
2113.21;0.01;12
2114.25;0.01;12
2115.3;0.01;12
2116.34;0.01;12
2117.39;0.01;12
2118.43;0.01;12
2119.48;0.01;12
2120.52;0.01;12
2121.57;0.01;15
2122.61;0.01;13
2123.65;0.01;12
2124.7;0.01;12
2125.74;0.01;11
2126.79;0.01;11
2127.83;0.01;11
2128.88;0.01;12
2129.88;0.01;12
2130.92;0.01;12
2131.97;0.01;12
2133.01;0.01;12
2134.05;0.01;12
2135.05;0.01;11
2136.05;0.01;11
2137.23;0.01;11
2138.28;0.01;11
2139.32;0.01;11
2140.37;0.01;12
2141.41;0.01;8
2142.45;0.01;8
2143.5;0.01;8
2144.54;0.01;7
2145.59;0.01;6
2146.63;0.01;7
2147.68;0.01;8
2148.68;0.01;8
2149.72;0.01;8
2150.77;0.01;10
2151.81;0.01;10
2152.85;0.01;9
2153.9;0.01;9
2154.94;0.01;9
2155.99;0.01;9
2157.03;0.01;9
2158.08;0.01;9
2159.12;0.01;10
2160.17;0.01;9
2161.21;0.01;9
2162.25;0.01;9
2163.3;0.01;9
2164.3;0.01;9
2165.39;0.01;9
2166.43;0.01;9
2167.48;0.01;11
2168.52;0.01;9
2169.57;0.01;9
2170.61;0.01;9
2171.65;0.01;9
2172.7;0.01;9
2173.74;0.01;10
2174.74;0.01;10
2175.74;0.01;9
2176.74;0.01;9
2177.84;0.01;9
2178.97;0.01;10
2180;0.01;9
2181.04;0.01;9
2182.09;0.01;9
2183.13;0.01;9
2184.18;0.01;9
2185.22;0.01;9
2186.22;0.01;10
2187.22;0.01;9
2188.36;0.01;9
2189.4;0.01;9
2190.44;0.01;9
2191.49;0.01;9
2192.53;0.01;9
2193.58;0.01;9
2194.62;0.01;9
2195.67;0.01;10
2196.71;0.01;10
2197.73;0.01;11
2198.73;0.01;10
2199.77;0.01;10
2200.86;0.01;10
2201.91;0.01;11
2202.91;0.01;10
2203.99;0.01;10
2205.04;0.01;10
2206.08;0.01;11
2207.13;0.01;10
2208.17;0.01;10
2209.22;0.01;10
2210.26;0.01;11
2211.26;0.01;11
2212.26;0.01;11
2213.39;0.01;11
2214.44;0.01;11
2215.48;0.01;11
2216.53;0.01;11
2217.57;0.01;11
2218.62;0.01;11
2219.62;0.01;11
2220.62;0.01;12
2221.75;0.01;11
2222.78;0.01;11
2223.78;0.01;11
2224.87;0.01;12
2225.91;0.01;11
2226.93;0.01;11
2227.97;0.01;11
2229.02;0.01;12
2230.06;0.01;11
2231.1;0.01;11
2232.15;0.01;12
2233.19;0.01;12
2234.19;0.01;11
2235.19;0.01;11
2236.33;0.01;11
2237.37;0.01;11
2238.42;0.01;11
2239.46;0.01;11
2240.5;0.01;11
2241.55;0.01;11
2242.59;0.01;11
2243.64;0.01;11
2244.68;0.01;11
2245.73;0.01;11
2246.77;0.01;11
2247.82;0.01;11
2248.86;0.01;11
2249.9;0.01;11
2250.95;0.01;11
2251.99;0.01;11
2253.04;0.01;11
2254.04;0.01;12
2255.04;0.01;13
2256.04;0.01;12
2257.04;0.01;11
2258.26;0.01;12
2259.26;0.01;12
2260.26;0.01;12
2261.3;0.01;12
2262.3;0.01;12
2263.39;0.01;13
2264.44;0.01;12
2265.48;0.01;12
2266.53;0.01;12
2267.57;0.01;12
2268.57;0.01;12
2269.66;0.01;12
2270.7;0.01;12
2271.75;0.01;12
2272.75;0.01;13
2273.75;0.01;12
2274.84;0.01;12
2275.88;0.01;13
2276.93;0.01;12
2277.97;0.01;12
2279.02;0.01;13
2280.06;0.01;12
2281.06;0.01;13
2282.15;0.01;12
2283.19;0.01;12
2284.19;0.01;12
2285.19;0.01;12
2286.33;0.01;13
2287.33;0.01;12
2288.42;0.01;12
2289.46;0.01;12
2290.5;0.01;12
2291.55;0.01;12
2292.59;0.01;12
2293.64;0.01;12
2294.68;0.01;13
2295.68;0.01;12
2296.77;0.01;12
2297.8;0.01;12
2298.84;0.01;12
2299.89;0.01;13
2300.93;0.01;12
2301.98;0.01;12
2303.02;0.01;12
2304.07;0.01;12
2305.11;0.01;13
2306.12;0.01;12
2307.17;0.01;12
2308.21;0.01;12
2309.25;0.01;12
2310.3;0.01;12
2311.34;0.01;12
2312.35;0.01;12
2313.39;0.01;12
2314.44;0.01;12
2315.48;0.01;13
2316.48;0.01;15
2317.57;0.01;13
2318.62;0.01;13
2319.66;0.01;13
2320.68;0.01;13
2321.72;0.01;13
2322.77;0.01;13
2323.81;0.01;13
2324.85;0.01;13
2325.9;0.01;13
2326.94;0.01;13
2327.99;0.01;13
2329.03;0.01;14
2330.08;0.01;13
2331.12;0.01;13
2332.17;0.01;13
2333.21;0.01;13
2334.25;0.01;15
2335.25;0.01;14
2336.25;0.01;13
2337.25;0.01;13
2338.25;0.01;15
2339.28;0.01;13
2340.28;0.01;12
2341.28;0.01;12
2342.28;0.01;12
2343.3;0.01;13
2344.3;0.01;13
2345.3;0.01;13
2346.3;0.01;12
2347.3;0.01;12
2348.3;0.01;13
2349.3;0.01;13
2350.3;0.01;13
2351.3;0.01;11
2352.3;0.01;11
2353.33;0.01;14
2354.33;0.01;12
2355.33;0.01;12
2356.38;0.01;12
2357.42;0.01;13
2358.42;0.01;13
2359.42;0.01;12
2360.45;0.01;12
2361.48;0.01;12
2362.48;0.01;11
2363.48;0.01;12
2364.53;0.01;12
2365.57;0.01;12
2366.62;0.01;12
2367.66;0.01;12
2368.7;0.01;12
2369.75;0.01;12
2370.79;0.01;12
2371.84;0.01;12
2372.88;0.01;12
2373.88;0.01;15
2374.88;0.01;13
2375.97;0.01;13
2377.02;0.01;13
2378.06;0.01;13
2379.1;0.01;13
2380.15;0.01;14
2381.19;0.01;15
2382.24;0.01;14
2383.28;0.01;14
2384.33;0.01;14
2385.37;0.01;14
2386.42;0.01;14
2387.46;0.01;15
2388.5;0.01;15
2389.5;0.01;14
2390.59;0.01;14
2391.64;0.01;14
2392.68;0.01;14
2393.68;0.01;13
2394.77;0.01;13
2395.82;0.01;14
2396.86;0.01;13
2397.9;0.01;13
2398.95;0.01;13
2399.99;0.01;13
2400.99;0.01;14
2402.08;0.01;13
2403.12;0.01;14
2404.17;0.01;14
2405.21;0.01;14
2406.22;0.01;14
2407.22;0.01;14
2408.3;0.01;15
2409.35;0.01;14
2410.39;0.01;14
2411.44;0.01;14
2412.48;0.01;14
2413.53;0.01;15
2414.55;0.01;14
2415.59;0.01;14
2416.64;0.01;15
2417.68;0.01;15
2418.73;0.01;15
2419.77;0.01;15
2420.82;0.01;15
2421.86;0.01;15
2422.91;0.01;15
2423.95;0.01;16
2424.99;0.01;15
2426.04;0.01;15
2427.08;0.01;15
2428.13;0.01;15
2429.17;0.01;15
2430.22;0.01;16
2431.26;0.01;16
2432.31;0.01;16
2433.35;0.01;16
2434.39;0.01;16
2435.44;0.01;16
2436.48;0.01;16
2437.53;0.01;16
2438.57;0.01;16
2439.62;0.01;16
2440.66;0.01;16
2441.71;0.01;16
2442.71;0.01;16
2443.75;0.01;16
2444.75;0.01;17
2445.79;0.01;15
2446.8;0.01;14
2447.8;0.01;12
2448.8;0.01;13
2449.8;0.01;12
2450.8;0.01;12
2451.8;0.01;13
2452.8;0.01;14
2453.8;0.01;14
2454.84;0.01;14
2455.89;0.01;14
2456.93;0.01;14
2457.98;0.01;13
2459.02;0.01;13
2460.07;0.01;13
2461.11;0.01;13
2462.16;0.01;13
2463.2;0.01;13
2464.24;0.01;14
2465.29;0.01;14
2466.33;0.01;14
2467.38;0.01;14
2468.42;0.01;13
2469.47;0.01;13
2470.51;0.01;15
2471.56;0.01;13
2472.6;0.01;13
2473.64;0.01;13
2474.69;0.01;13
2475.73;0.01;13
2476.76;0.01;14
2477.8;0.01;13
2478.8;0.01;13
2479.89;0.01;14
2480.89;0.01;13
2481.98;0.01;13
2483.02;0.01;15
2484.07;0.01;13
2485.11;0.01;13
2486.16;0.01;13
2487.18;0.01;13
2488.18;0.01;13
2489.27;0.01;13
2490.29;0.01;15
2491.29;0.01;14
2492.29;0.01;13
2493.42;0.01;13
2494.47;0.01;13
2495.51;0.01;13
2496.56;0.01;13
2497.6;0.01;13
2498.64;0.01;13
2499.69;0.01;13
2500.73;0.01;13
2501.78;0.01;13
2502.82;0.01;13
2503.87;0.01;13
2504.91;0.01;13
2505.96;0.01;13
2507;0.01;13
2508.04;0.01;14
2509.06;0.01;14
2510.06;0.01;15
2511.1;0.01;14
2512.19;0.01;13
2513.23;0.01;13
2514.28;0.01;13
2515.32;0.01;13
2516.37;0.01;13
2517.41;0.01;14
2518.46;0.01;16
2519.5;0.02;14
2520.54;0.01;13
2521.59;0.01;13
2522.63;0.01;13
2523.68;0.01;13
2524.72;0.01;13
2525.77;0.01;13
2526.81;0.01;14
2527.81;0.01;14
2528.9;0.01;14
2529.94;0.01;14
2530.99;0.01;14
2532.03;0.01;14
2533.08;0.01;14
2534.12;0.01;14
2535.17;0.01;14
2536.21;0.01;14
2537.26;0.01;15
2538.3;0.01;16
2539.3;0.01;15
2540.39;0.01;15
2541.43;0.01;14
2542.48;0.01;14
2543.52;0.01;14
2544.56;0.01;14
2545.56;0.01;14
2546.64;0.01;14
2547.69;0.01;14
2548.73;0.01;14
2549.78;0.01;14
2550.82;0.01;15
2551.87;0.01;14
2552.91;0.01;14
2553.96;0.01;15
2555;0.01;14
2556.04;0.01;14
2557.09;0.01;14
2558.13;0.01;14
2559.18;0.01;14
2560.22;0.01;14
2561.22;0.01;15
2562.31;0.01;14
2563.36;0.01;14
2564.38;0.01;14
2565.42;0.01;15
2566.47;0.01;15
2567.51;0.01;15
2568.55;0.01;15
2569.6;0.01;15
2570.64;0.01;15
2571.69;0.01;15
2572.73;0.01;18
2573.73;0.01;16
2574.78;0.01;16
2575.78;0.01;16
2576.91;0.01;16
2577.95;0.01;16
2579;0.01;16
2580;0.01;16
2581.04;0.01;16
2582.09;0.01;16
2583.13;0.01;16
2584.17;0.01;16
2585.17;0.01;16
2586.25;0.01;16
2587.3;0.01;16
2588.34;0.01;16
2589.39;0.01;16
2590.4;0.01;16
2591.4;0.01;16
2592.49;0.01;16
2593.53;0.01;16
2594.58;0.01;16
2595.62;0.01;17
2596.62;0.01;16
2597.64;0.01;16
2598.64;0.01;15
2599.64;0.01;16
2600.64;0.01;14
2601.64;0.01;15
2602.64;0.01;14
2603.64;0.01;16
2604.69;0.01;16
2605.69;0.01;16
2606.69;0.01;15
2607.69;0.01;17
2608.69;0.01;14
2609.69;0.01;15
2610.69;0.01;16
2611.69;0.01;16
2612.69;0.01;16
2613.69;0.01;14
2614.69;0.01;16
2615.73;0.01;16
2616.73;0.01;16
2617.82;0.01;16
2618.87;0.01;16
2619.91;0.01;17
2620.95;0.01;16
2622;0.01;16
2623.04;0.01;16
2624.09;0.01;16
2625.13;0.01;16
2626.18;0.01;17
2627.18;0.01;17
2628.22;0.01;17
2629.27;0.01;17
2630.31;0.01;17
2631.35;0.01;17
2632.4;0.01;17
2633.44;0.01;17
2634.49;0.01;17
2635.53;0.01;17
2636.58;0.01;17
2637.62;0.01;17
2638.67;0.01;17
2639.71;0.01;17
2640.75;0.01;17
2641.8;0.01;17
2642.84;0.01;17
2643.89;0.01;17
2644.93;0.01;17
2645.98;0.01;17
2647.02;0.01;17
2648.07;0.01;18
2649.11;0.01;17
2650.15;0.01;17
2651.2;0.01;17
2652.24;0.01;17
2653.29;0.01;17
2654.33;0.01;17
2655.38;0.01;17
2656.42;0.01;17
2657.42;0.01;17
2658.51;0.01;17
2659.55;0.01;17
2660.59;0.01;18
2661.59;0.01;17
2662.68;0.01;17
2663.69;0.01;17
2664.73;0.01;18
2665.73;0.01;17
2666.73;0.01;15
2667.73;0.01;16
2668.75;0.01;17
2669.75;0.01;16
2670.75;0.01;17
2671.75;0.01;16
2672.75;0.01;17
2673.8;0.01;17
2674.84;0.01;17
2675.89;0.01;17
2676.93;0.01;17
2677.98;0.01;17
2679.02;0.01;17
2680.02;0.01;18
2681.02;0.01;15
2682.02;0.01;16
2683.02;0.01;15
2684.02;0.01;17
2685.07;0.01;17
2686.11;0.01;17
2687.16;0.01;17
2688.2;0.01;17
2689.24;0.01;17
2690.29;0.01;17
2691.33;0.01;17
2692.33;0.01;16
2693.33;0.01;18
2694.38;0.01;17
2695.42;0.01;17
2696.47;0.01;17
2697.51;0.01;17
2698.55;0.01;17
2699.6;0.01;17
2700.64;0.01;17
2701.69;0.01;17
2702.69;0.01;17
2703.69;0.01;15
2704.69;0.01;16
2705.69;0.01;17
2706.74;0.01;17
2707.78;0.01;17
2708.83;0.01;17
2709.87;0.01;17
2710.92;0.01;17
2711.96;0.01;17
2713;0.01;17
2714.05;0.01;17
2715.05;0.01;17
2716.05;0.01;17
2717.18;0.01;17
2718.23;0.01;17
2719.27;0.01;17
2720.32;0.01;18
2721.36;0.01;17
2722.4;0.01;17
2723.45;0.01;17
2724.49;0.01;17
2725.54;0.01;17
2726.58;0.01;17
2727.63;0.01;17
2728.67;0.01;18
2729.72;0.01;17
2730.76;0.01;17
2731.8;0.01;17
2732.8;0.01;17
2733.89;0.01;17
2734.94;0.01;17
2735.98;0.01;17
2737.03;0.01;17
2738.07;0.01;18
2739.12;0.01;17
2740.16;0.01;17
2741.2;0.01;17
2742.25;0.01;17
2743.29;0.01;17
2744.34;0.01;17
2745.38;0.01;17
2746.43;0.01;17
2747.47;0.01;17
2748.52;0.01;17
2749.56;0.01;17
2750.6;0.01;17
2751.65;0.01;17
2752.68;0.01;17
2753.68;0.01;17
2754.77;0.01;17
2755.81;0.01;17
2756.86;0.01;17
2757.9;0.01;17
2758.94;0.01;17
2759.99;0.01;17
2761.03;0.01;17
2762.08;0.01;17
2763.12;0.01;18
2764.12;0.01;17
2765.21;0.01;17
2766.26;0.01;17
2767.3;0.01;17
2768.34;0.01;17
2769.39;0.01;17
2770.43;0.01;17
2771.48;0.01;17
2772.52;0.01;17
2773.57;0.01;17
2774.61;0.01;17
2775.66;0.01;17
2776.7;0.01;17
2777.74;0.01;17
2778.79;0.01;17
2779.83;0.01;17
2780.83;0.01;17
2781.83;0.01;17
2782.92;0.01;17
2783.97;0.01;17
2785.01;0.01;17
2786.06;0.01;17
2787.1;0.01;17
2788.14;0.01;17
2789.19;0.01;17
2790.23;0.01;17
2791.28;0.01;17
2792.32;0.01;17
2793.33;0.01;17
2794.37;0.01;17
2795.37;0.01;17
2796.37;0.01;15
2797.37;0.01;16
2798.37;0.01;17
2799.41;0.01;17
2800.46;0.01;17
2801.5;0.01;17
2802.54;0.01;17
2803.54;0.01;17
2804.63;0.01;17
2805.68;0.01;17
2806.72;0.01;17
2807.77;0.01;17
2808.81;0.01;17
2809.86;0.01;18
2810.9;0.01;17
2811.94;0.01;17
2812.99;0.01;17
2814.03;0.01;17
2815.08;0.01;17
2816.12;0.01;17
2817.17;0.01;17
2818.21;0.01;17
2819.26;0.01;17
2820.3;0.01;17
2821.32;0.01;17
2822.32;0.01;17
2823.4;0.01;17
2824.45;0.01;17
2825.49;0.01;17
2826.54;0.01;17
2827.58;0.01;17
2828.63;0.01;17
2829.67;0.01;17
2830.72;0.01;17
2831.76;0.01;17
2832.8;0.01;17
2833.8;0.01;17
2834.89;0.01;17
2835.94;0.01;17
2836.98;0.01;17
2838.03;0.01;17
2839.07;0.01;17
2840.12;0.01;17
2841.16;0.01;17
2842.2;0.01;18
2843.2;0.01;17
2844.29;0.01;17
2845.34;0.01;17
2846.38;0.01;17
2847.43;0.01;17
2848.47;0.01;17
2849.51;0.01;17
2850.56;0.01;17
2851.6;0.01;17
2852.64;0.01;17
2853.69;0.01;17
2854.73;0.01;17
2855.78;0.01;17
2856.82;0.01;17
2857.87;0.01;17
2858.91;0.01;17
2859.96;0.01;18
2861;0.01;17
2862.04;0.01;17
2863.09;0.01;17
2864.13;0.01;17
2865.18;0.01;17
2866.22;0.01;17
2867.27;0.01;17
2868.31;0.01;17
2869.36;0.01;17
2870.4;0.01;17
2871.44;0.01;17
2872.49;0.01;17
2873.49;0.01;18
2874.53;0.01;17
2875.62;0.01;17
2876.67;0.01;17
2877.69;0.01;17
2878.69;0.01;17
2879.69;0.01;15
2880.69;0.01;16
2881.69;0.01;16
2882.69;0.01;17
2883.69;0.01;16
2884.69;0.01;17
2885.69;0.01;15
2886.69;0.01;16
2887.69;0.01;15
2888.69;0.01;17
2889.73;0.01;17
2890.78;0.01;17
2891.82;0.01;17
2892.87;0.01;17
2893.91;0.01;17
2894.91;0.01;17
2895.91;0.01;16
2896.91;0.01;17
2897.96;0.01;17
2899;0.01;17
2900;0.01;17
2901.09;0.01;17
2902.13;0.01;17
2903.18;0.01;17
2904.22;0.01;17
2905.27;0.01;18
2906.27;0.01;17
2907.27;0.01;18
2908.27;0.01;15
2909.27;0.01;16
2910.27;0.01;17
2911.31;0.01;17
2912.31;0.01;17
2913.4;0.01;17
2914.44;0.01;17
2915.49;0.01;17
2916.53;0.01;17
2917.58;0.01;17
2918.62;0.01;17
2919.67;0.01;17
2920.71;0.01;17
2921.76;0.01;17
2922.8;0.01;17
2923.84;0.01;17
2924.89;0.01;17
2925.93;0.01;17
2926.98;0.01;17
2928.02;0.01;17
2929.07;0.01;17
2930.11;0.01;17
2931.11;0.01;17
2932.2;0.01;17
2933.24;0.01;17
2934.27;0.01;18
2935.27;0.01;17
2936.36;0.01;17
2937.4;0.01;17
2938.44;0.01;17
2939.49;0.01;17
2940.53;0.01;17
2941.58;0.01;18
2942.58;0.01;17
2943.67;0.01;17
2944.71;0.01;17
2945.76;0.01;18
2946.8;0.01;17
2947.84;0.01;17
2948.89;0.01;17
2949.93;0.01;17
2950.98;0.01;17
2952.02;0.01;17
2953.07;0.01;17
2954.11;0.01;17
2955.16;0.01;17
2956.2;0.01;17
2957.24;0.01;17
2958.29;0.01;17
2959.33;0.01;17
2960.38;0.01;17
2961.42;0.01;17
2962.47;0.01;17
2963.51;0.01;17
2964.56;0.01;17
2965.6;0.01;17
2966.64;0.01;17
2967.69;0.01;17
2968.73;0.01;17
2969.78;0.01;17
2970.82;0.01;17
2971.87;0.01;17
2972.91;0.01;17
2973.96;0.01;17
2975;0.01;17
2976.04;0.01;17
2977.09;0.01;17
2978.13;0.01;17
2979.18;0.01;17
2980.22;0.01;17
2981.27;0.01;17
2982.31;0.01;17
2983.36;0.01;18
2984.4;0.01;17
2985.44;0.01;17
2986.44;0.01;17
2987.53;0.01;17
2988.58;0.01;17
2989.62;0.01;17
2990.66;0.01;17
2991.71;0.01;17
2992.75;0.01;17
2993.8;0.01;17
2994.84;0.01;17
2995.89;0.01;17
2996.93;0.01;17
2997.98;0.01;17
2999.02;0.01;17
3000.06;0.01;17
3001.11;0.01;17
3002.15;0.01;17
3003.2;0.01;17
3004.24;0.01;17
3005.29;0.01;17
3006.33;0.01;17
3007.38;0.01;17
3008.42;0.01;17
3009.46;0.01;17
3010.51;0.01;17
3011.55;0.01;17
3012.6;0.01;17
3013.64;0.01;17
3014.69;0.01;17
3015.73;0.01;17
3016.78;0.01;17
3017.82;0.01;17
3018.86;0.01;17
3019.91;0.01;17
3020.95;0.01;17
3022;0.01;17
3023.04;0.01;17
3024.09;0.01;17
3025.13;0.01;17
3026.18;0.01;17
3027.22;0.01;17
3028.26;0.01;17
3029.31;0.01;17
3030.35;0.01;18
3031.4;0.01;17
3032.44;0.01;17
3033.49;0.01;17
3034.53;0.01;17
3035.58;0.01;17
3036.62;0.01;17
3037.66;0.01;17
3038.71;0.01;17
3039.75;0.01;17
3040.8;0.01;18
3041.8;0.01;17
3042.8;0.01;17
3043.93;0.01;17
3044.98;0.01;17
3046.02;0.01;17
3047.06;0.01;17
3048.11;0.01;17
3049.15;0.01;17
3050.2;0.01;17
3051.24;0.01;17
3052.29;0.01;17
3053.33;0.01;17
3054.38;0.01;17
3055.42;0.01;17
3056.46;0.01;17
3057.51;0.01;17
3058.51;0.01;17
3059.55;0.01;17
3060.6;0.01;17
3061.64;0.01;17
3062.69;0.01;17
3063.69;0.01;17
3064.78;0.01;17
3065.82;0.01;17
3066.86;0.01;17
3067.91;0.01;17
3068.95;0.01;17
3070;0.01;17
3071.04;0.01;17
3072.09;0.01;17
3073.13;0.01;17
3074.18;0.01;17
3075.22;0.01;17
3076.26;0.01;17
3077.31;0.01;17
3078.35;0.01;17
3079.38;0.01;17
3080.42;0.01;17
3081.46;0.01;17
3082.51;0.01;18
3083.55;0.01;17
3084.6;0.01;17
3085.64;0.01;17
3086.69;0.01;17
3087.73;0.01;17
3088.78;0.01;17
3089.82;0.01;17
3090.86;0.01;17
3091.91;0.01;17
3092.95;0.01;17
3094;0.01;17
3095.04;0.01;17
3096.09;0.01;17
3097.13;0.01;17
3098.18;0.01;17
3099.22;0.01;17
3100.26;0.01;17
3101.31;0.01;18
3102.35;0.01;17
3103.4;0.01;17
3104.44;0.01;17
3105.49;0.01;17
3106.53;0.01;17
3107.58;0.01;17
3108.58;0.01;17
3109.58;0.01;15
3110.58;0.01;16
3111.58;0.01;17
3112.58;0.01;15
3113.58;0.01;16
3114.58;0.01;16
3115.58;0.01;17
3116.58;0.01;16
3117.58;0.01;17
3118.62;0.01;17
3119.66;0.01;18
3120.66;0.01;17
3121.75;0.01;17
3122.8;0.01;17
3123.84;0.01;17
3124.89;0.01;18
3125.93;0.01;17
3126.98;0.01;17
3128.02;0.01;17
3129.06;0.01;18
3130.11;0.01;17
3131.15;0.01;17
3132.2;0.01;17
3133.24;0.01;17
3134.29;0.01;17
3135.33;0.01;17
3136.38;0.01;17
3137.39;0.01;17
3138.39;0.01;17
3139.39;0.01;15
3140.4;0.01;17
3141.4;0.01;16
3142.4;0.01;15
3143.4;0.01;17
3144.44;0.01;17
3145.44;0.01;17
3146.44;0.01;16
3147.44;0.01;17
3148.48;0.01;17
3149.53;0.01;17
3150.57;0.01;17
3151.62;0.01;17
3152.66;0.01;17
3153.71;0.01;17
3154.75;0.01;17
3155.8;0.01;17
3156.84;0.01;17
3157.84;0.01;18
3158.93;0.01;17
3159.97;0.01;17
3161.02;0.01;17
3162.06;0.01;17
3163.1;0.01;17
3164.15;0.01;17
3165.19;0.01;17
3166.24;0.01;17
3167.28;0.01;17
3168.29;0.01;17
3169.33;0.01;17
3170.38;0.01;17
3171.42;0.01;17
3172.46;0.01;17
3173.51;0.01;17
3174.55;0.01;17
3175.6;0.01;18
3176.64;0.01;17
3177.69;0.01;17
3178.73;0.01;17
3179.78;0.01;17
3180.82;0.01;17
3181.86;0.01;17
3182.91;0.01;17
3183.95;0.01;17
3185;0.01;17
3186.04;0.01;17
3187.09;0.01;17
3188.13;0.01;18
3189.13;0.01;17
3190.22;0.01;17
3191.26;0.01;17
3192.31;0.01;17
3193.35;0.01;17
3194.4;0.01;17
3195.44;0.01;17
3196.49;0.01;17
3197.53;0.01;17
3198.58;0.01;17
3199.62;0.01;17
3200.66;0.01;17
3201.71;0.01;17
3202.75;0.01;17
3203.8;0.01;17
3204.84;0.01;17
3205.89;0.01;17
3206.89;0.01;17
3207.89;0.01;15
3208.89;0.01;16
3209.89;0.01;17
3210.89;0.01;15
3211.89;0.01;16
3212.89;0.01;17
3213.89;0.01;15
3214.89;0.01;16
3215.89;0.01;17
3216.89;0.01;17
3217.89;0.01;17
3218.98;0.01;17
3220;0.01;17
3221.04;0.01;17
3222.09;0.01;17
3223.13;0.01;17
3224.18;0.01;17
3225.22;0.01;17
3226.27;0.01;17
3227.31;0.01;18
3228.36;0.01;17
3229.4;0.01;17
3230.44;0.01;17
3231.49;0.01;17
3232.53;0.01;17
3233.58;0.01;17
3234.62;0.01;17
3235.64;0.01;17
3236.64;0.01;17
3237.64;0.01;16
3238.64;0.01;17
3239.69;0.01;17
3240.73;0.01;17
3241.78;0.01;17
3242.82;0.01;17
3243.86;0.01;17
3244.91;0.01;17
3245.95;0.01;17
3247;0.01;17
3248;0.01;17
3249.09;0.01;17
3250.13;0.01;17
3251.18;0.01;17
3252.22;0.01;17
3253.26;0.01;17
3254.31;0.01;18
3255.35;0.01;17
3256.4;0.01;17
3257.4;0.01;18
3258.4;0.01;18
3259.49;0.01;17
3260.49;0.01;17
3261.62;0.01;17
3262.62;0.01;17
3263.71;0.01;17
3264.75;0.01;17
3265.8;0.01;17
3266.84;0.01;17
3267.89;0.01;17
3268.93;0.01;17
3269.98;0.01;17
3271.02;0.01;17
3272.06;0.01;17
3273.11;0.01;17
3274.15;0.01;17
3275.2;0.01;17
3276.24;0.01;17
3277.29;0.01;17
3278.33;0.01;17
3279.38;0.01;17
3280.42;0.01;17
3281.46;0.01;17
3282.51;0.01;17
3283.55;0.01;17
3284.6;0.01;17
3285.64;0.01;17
3286.69;0.01;17
3287.73;0.01;17
3288.78;0.01;17
3289.82;0.01;17
3290.86;0.01;17
3291.91;0.01;17
3292.95;0.01;17
3294;0.01;17
3295.04;0.01;18
3296.04;0.01;17
3297.13;0.01;17
3298.18;0.01;17
3299.22;0.01;17
3300.26;0.01;17
3301.31;0.01;17
3302.35;0.01;17
3303.35;0.01;17
3304.44;0.01;17
3305.49;0.01;17
3306.53;0.01;17
3307.58;0.01;18
3308.62;0.01;17
3309.66;0.01;17
3310.71;0.01;17
3311.75;0.01;17
3312.8;0.01;17
3313.84;0.01;17
3314.89;0.01;17
3315.93;0.01;17
3316.98;0.01;17
3318.02;0.01;17
3319.06;0.01;17
3320.11;0.01;17
3321.15;0.01;17
3322.2;0.01;17
3323.24;0.01;17
3324.29;0.01;17
3325.33;0.01;17
3326.38;0.01;17
3327.42;0.01;17
3328.46;0.01;17
3329.51;0.01;17
3330.55;0.01;17
3331.6;0.01;17
3332.64;0.01;17
3333.64;0.01;17
3334.73;0.01;17
3335.78;0.01;17
3336.82;0.01;17
3337.86;0.01;17
3338.86;0.01;17
3339.95;0.01;18
3341;0.01;17
3342.04;0.01;17
3343.09;0.01;17
3344.09;0.01;18
3345.18;0.01;17
3346.22;0.01;18
3347.26;0.01;17
3348.31;0.01;17
3349.35;0.01;17
3350.4;0.01;17
3351.44;0.01;17
3352.49;0.01;17
3353.53;0.01;17
3354.58;0.01;17
3355.62;0.01;17
3356.66;0.01;17
3357.71;0.01;17
3358.75;0.01;17
3359.8;0.01;17
3360.84;0.01;17
3361.89;0.01;17
3362.93;0.01;17
3363.98;0.01;17
3365.02;0.01;17
3366.06;0.01;17
3367.08;0.01;17
3368.08;0.01;17
3369.17;0.01;17
3370.22;0.01;17
3371.26;0.01;17
3372.31;0.01;17
3373.35;0.01;17
3374.4;0.01;17
3375.44;0.01;17
3376.48;0.01;17
3377.53;0.01;17
3378.57;0.01;17
3379.62;0.01;18
3380.66;0.01;17
3381.71;0.01;17
3382.73;0.01;17
3383.78;0.01;17
3384.78;0.01;17
3385.86;0.01;17
3386.91;0.01;17
3387.91;0.01;18
3389;0.01;17
3390.04;0.01;17
3391.09;0.01;17
3392.13;0.01;17
3393.18;0.01;17
3394.22;0.01;17
3395.26;0.01;17
3396.31;0.01;17
3397.35;0.01;17
3398.4;0.01;17
3399.44;0.01;17
3400.49;0.01;17
3401.53;0.01;17
3402.58;0.01;17
3403.62;0.01;17
3404.66;0.01;17
3405.71;0.01;17
3406.75;0.01;17
3407.8;0.01;17
3408.84;0.01;17
3409.89;0.01;17
3410.93;0.01;17
3411.98;0.01;17
3413.02;0.01;17
3414.06;0.01;17
3415.11;0.01;17
3416.15;0.01;17
3417.2;0.01;17
3418.21;0.01;17
3419.25;0.01;17
3420.29;0.01;17
3421.33;0.01;17
3422.38;0.01;17
3423.42;0.01;17
3424.46;0.01;17
3425.46;0.01;17
3426.55;0.01;17
3427.6;0.01;17
3428.64;0.01;17
3429.69;0.01;17
3430.73;0.01;17
3431.78;0.01;17
3432.82;0.01;18
3433.86;0.01;17
3434.91;0.01;17
3435.95;0.01;17
3437;0.01;17
3438.04;0.01;17
3439.09;0.01;17
3440.13;0.01;17
3441.18;0.01;17
3442.22;0.01;17
3443.26;0.01;18
3444.26;0.01;17
3445.35;0.01;17
3446.4;0.01;17
3447.44;0.01;17
3448.49;0.01;17
3449.53;0.01;17
3450.58;0.01;17
3451.62;0.01;17
3452.66;0.01;17
3453.71;0.01;17
3454.75;0.01;17
3455.8;0.01;17
3456.84;0.01;17
3457.89;0.01;17
3458.93;0.01;17
3459.98;0.01;17
3460.98;0.01;17
3462.06;0.01;17
3463.11;0.01;17
3464.15;0.01;17
3465.2;0.01;17
3466.24;0.01;17
3467.29;0.01;17
3468.33;0.01;17
3469.38;0.01;17
3470.42;0.01;17
3471.42;0.01;17
3472.51;0.01;17
3473.55;0.01;17
3474.6;0.01;17
3475.64;0.01;17
3476.69;0.01;17
3477.73;0.01;17
3478.78;0.01;17
3479.82;0.01;17
3480.86;0.01;17
3481.91;0.01;17
3482.95;0.01;17
3484;0.01;17
3485.04;0.01;17
3486.09;0.01;17
3487.13;0.01;17
3488.18;0.01;17
3489.18;0.01;17
3490.18;0.01;18
3491.18;0.01;17
3492.35;0.01;17
3493.4;0.01;17
3494.44;0.01;17
3495.49;0.01;17
3496.53;0.01;17
3497.58;0.01;17
3498.62;0.01;18
3499.66;0.01;17
3500.71;0.01;17
3501.75;0.01;17
3502.8;0.01;17
3503.84;0.01;17
3504.89;0.01;17
3505.93;0.01;17
3506.94;0.01;17
3507.98;0.01;17
3509.03;0.01;17
3510.07;0.01;17
3511.11;0.01;17
3512.16;0.01;17
3513.2;0.01;17
3514.25;0.01;17
3515.29;0.01;17
3516.34;0.01;17
3517.38;0.01;17
3518.43;0.01;17
3519.47;0.01;17
3520.51;0.01;17
3521.56;0.01;18
3522.56;0.01;17
3523.65;0.01;17
3524.69;0.01;17
3525.74;0.01;18
3526.78;0.01;17
3527.83;0.01;18
3528.83;0.01;17
3529.91;0.01;17
3530.96;0.01;17
3532;0.01;17
3533.05;0.01;18
3534.09;0.01;18
3535.14;0.01;18
3536.18;0.01;18
3537.23;0.01;18
3538.27;0.01;18
3539.31;0.01;18
3540.36;0.01;18
3541.4;0.01;18
3542.45;0.01;18
3543.49;0.01;18
3544.53;0.01;18
3545.58;0.01;18
3546.62;0.01;18
3547.64;0.01;18
3548.69;0.01;18
3549.73;0.01;18
3550.78;0.01;18
3551.82;0.01;19
3552.87;0.01;18
3553.91;0.01;18
3554.96;0.01;18
3556;0.01;18
3557.04;0.01;18
3558.09;0.01;18
3559.13;0.01;18
3560.18;0.01;18
3561.22;0.01;18
3562.27;0.01;18
3563.31;0.01;18
3564.36;0.01;18
3565.4;0.01;18
3566.44;0.01;18
3567.49;0.01;18
3568.53;0.01;18
3569.58;0.01;18
3570.62;0.01;18
3571.67;0.01;18
3572.71;0.01;18
3573.76;0.01;18
3574.8;0.01;18
3575.84;0.01;18
3576.89;0.01;18
3577.93;0.01;18
3578.98;0.01;18
3580;0.01;19
3581.04;0.01;18
3582.09;0.01;18
3583.13;0.01;18
3584.18;0.01;18
3585.22;0.01;18
3586.27;0.01;18
3587.31;0.01;18
3588.36;0.01;19
3589.38;0.01;19
3590.42;0.01;19
3591.47;0.01;19
3592.51;0.01;19
3593.56;0.01;19
3594.6;0.01;19
3595.64;0.01;19
3596.69;0.01;19
3597.73;0.01;19
3598.78;0.01;19
3599.82;0.01;19
3600.87;0.01;19
3601.91;0.01;19
3602.96;0.01;19
3604;0.01;19
3605.04;0.01;19
3606.09;0.01;19
3607.13;0.01;19
3608.18;0.01;19
3609.22;0.01;19
3610.27;0.01;20
3611.27;0.01;19
3612.36;0.01;19
3613.4;0.01;19
3614.44;0.01;19
3615.49;0.01;19
3616.53;0.01;19
3617.58;0.01;19
3618.62;0.01;19
3619.67;0.01;19
3620.71;0.01;19
3621.76;0.01;19
3622.8;0.01;19
3623.84;0.01;19
3624.89;0.01;19
3625.93;0.01;19
3626.98;0.01;19
3628.02;0.01;19
3629.07;0.01;19
3630.11;0.01;19
3631.16;0.01;19
3632.2;0.01;19
3633.24;0.01;19
3634.29;0.01;19
3635.33;0.01;19
3636.38;0.01;19
3637.42;0.01;19
3638.47;0.01;19
3639.51;0.01;19
3640.56;0.01;19
3641.6;0.01;19
3642.64;0.01;19
3643.69;0.01;19
3644.73;0.01;19
3645.78;0.01;19
3646.82;0.01;19
3647.87;0.01;19
3648.91;0.01;19
3649.96;0.01;19
3651;0.01;19
3652.04;0.01;19
3653.09;0.01;19
3654.13;0.01;19
3655.18;0.01;19
3656.2;0.01;21
3657.24;0.01;19
3658.29;0.01;19
3659.33;0.01;19
3660.38;0.01;19
3661.42;0.01;19
3662.47;0.01;19
3663.51;0.01;19
3664.56;0.01;19
3665.6;0.01;19
3666.64;0.01;19
3667.69;0.01;19
3668.73;0.01;19
3669.78;0.01;19
3670.82;0.01;19
3671.87;0.01;19
3672.91;0.01;19
3673.96;0.01;19
3675;0.01;19
3676.04;0.01;19
3677.09;0.01;19
3678.13;0.01;19
3679.18;0.01;19
3680.22;0.01;19
3681.27;0.01;19
3682.31;0.01;19
3683.36;0.01;19
3684.4;0.01;19
3685.44;0.01;19
3686.49;0.01;19
3687.53;0.01;19
3688.58;0.01;19
3689.62;0.01;19
3690.67;0.01;19
3691.67;0.01;19
3692.67;0.01;18
3693.67;0.01;17
3694.67;0.01;17
3695.67;0.01;19
3696.71;0.01;19
3697.76;0.01;19
3698.8;0.01;19
3699.84;0.01;19
3700.89;0.01;19
3701.93;0.01;19
3702.98;0.01;19
3704.02;0.01;19
3705.07;0.01;19
3706.11;0.01;19
3707.16;0.01;19
3708.2;0.01;19
3709.24;0.01;19
3710.29;0.01;19
3711.33;0.01;20
3712.38;0.01;19
3713.42;0.01;19
3714.47;0.01;19
3715.51;0.01;19
3716.56;0.01;19
3717.6;0.01;19
3718.64;0.01;19
3719.69;0.01;19
3720.73;0.01;19
3721.78;0.01;19
3722.82;0.01;19
3723.87;0.01;19
3724.91;0.01;19
3725.96;0.01;19
3727;0.01;19
3728.04;0.01;19
3729.09;0.01;19
3730.13;0.01;19
3731.18;0.01;19
3732.22;0.01;19
3733.27;0.01;19
3734.31;0.01;19
3735.36;0.01;19
3736.4;0.01;19
3737.44;0.01;19
3738.49;0.01;19
3739.53;0.01;19
3740.58;0.01;19
3741.62;0.01;19
3742.67;0.01;19
3743.71;0.01;19
3744.76;0.01;19
3745.8;0.01;19
3746.84;0.01;19
3747.89;0.01;19
3748.93;0.01;19
3749.98;0.01;19
3751.02;0.01;19
3752.07;0.01;19
3753.11;0.01;19
3754.16;0.01;19
3755.2;0.01;19
3756.2;0.01;19
3757.24;0.01;19
3758.29;0.01;19
3759.33;0.01;19
3760.38;0.01;19
3761.42;0.01;19
3762.47;0.01;19
3763.51;0.01;19
3764.56;0.01;19
3765.6;0.01;19
3766.64;0.01;19
3767.69;0.01;19
3768.73;0.01;19
3769.78;0.01;19
3770.82;0.01;19
3771.87;0.01;19
3772.91;0.01;19
3773.96;0.01;19
3775;0.01;19
3776.04;0.01;19
3777.09;0.01;19
3778.13;0.01;19
3779.18;0.01;19
3780.22;0.01;19
3781.27;0.01;19
3782.31;0.01;19
3783.36;0.01;19
3784.4;0.01;19
3785.44;0.01;19
3786.49;0.01;19
3787.53;0.01;19
3788.58;0.01;19
3789.58;0.01;19
3790.67;0.01;19
3791.71;0.01;19
3792.76;0.01;19
3793.8;0.01;19
3794.84;0.01;19
3795.89;0.01;19
3796.93;0.01;19
3797.98;0.01;19
3799.02;0.01;19
3800.07;0.01;19
3801.11;0.01;19
3802.16;0.01;19
3803.2;0.01;19
3804.24;0.01;19
3805.29;0.01;19
3806.33;0.01;19
3807.38;0.01;19
3808.42;0.01;19
3809.47;0.01;19
3810.51;0.01;19
3811.56;0.01;19
3812.6;0.01;19
3813.64;0.01;19
3814.69;0.01;19
3815.73;0.01;19
3816.78;0.01;19
3817.82;0.01;19
3818.87;0.01;19
3819.91;0.01;19
3820.96;0.01;19
3822;0.01;19
3823.04;0.01;19
3824.09;0.01;19
3825.13;0.01;19
3826.18;0.01;19
3827.22;0.01;19
3828.27;0.01;20
3829.27;0.01;19
3830.31;0.01;19
3831.4;0.01;19
3832.44;0.01;19
3833.49;0.01;19
3834.53;0.01;19
3835.58;0.01;19
3836.62;0.01;19
3837.67;0.01;19
3838.71;0.01;19
3839.76;0.01;19
3840.8;0.01;19
3841.84;0.01;19
3842.89;0.01;19
3843.93;0.01;19
3844.98;0.01;19
3846.02;0.01;19
3847.07;0.01;19
3848.11;0.01;19
3849.16;0.01;19
3850.2;0.01;19
3851.24;0.01;19
3852.29;0.01;19
3853.33;0.01;19
3854.38;0.01;19
3855.42;0.01;19
3856.47;0.01;19
3857.51;0.01;19
3858.56;0.01;19
3859.6;0.01;19
3860.64;0.01;19
3861.69;0.01;19
3862.73;0.01;19
3863.78;0.01;19
3864.82;0.01;19
3865.87;0.01;19
3866.91;0.01;19
3867.96;0.01;20
3869;0.01;19
3870.04;0.01;19
3871.04;0.01;19
3872.13;0.01;19
3873.18;0.01;19
3874.22;0.01;19
3875.27;0.01;19
3876.31;0.01;19
3877.36;0.01;19
3878.4;0.01;19
3879.44;0.01;19
3880.49;0.01;19
3881.53;0.01;19
3882.58;0.01;19
3883.62;0.01;19
3884.67;0.01;19
3885.71;0.01;19
3886.76;0.01;19
3887.8;0.01;19
3888.84;0.01;19
3889.89;0.01;19
3890.93;0.01;19
3891.98;0.01;19
3893.02;0.01;19
3894.07;0.01;19
3895.09;0.01;19
3896.14;0.01;19
3897.18;0.01;19
3898.23;0.01;19
3899.27;0.01;20
3900.32;0.01;19
3901.36;0.01;19
3902.41;0.01;19
3903.45;0.01;19
3904.49;0.01;19
3905.54;0.01;19
3906.58;0.01;19
3907.63;0.01;19
3908.67;0.01;19
3909.72;0.01;19
3910.76;0.01;19
3911.78;0.01;19
3912.82;0.01;19
3913.87;0.01;19
3914.91;0.01;19
3915.96;0.01;19
3917;0.01;19
3918.04;0.01;19
3919.09;0.01;19
3920.13;0.01;19
3921.18;0.01;19
3922.22;0.01;19
3923.22;0.01;19
3924.25;0.01;19
3925.25;0.01;18
3926.25;0.01;19
3927.3;0.01;19
3928.34;0.01;19
3929.39;0.01;19
3930.43;0.01;19
3931.48;0.01;19
3932.52;0.01;19
3933.57;0.01;19
3934.61;0.01;19
3935.65;0.01;19
3936.7;0.01;19
3937.74;0.01;19
3938.79;0.01;19
3939.83;0.01;19
3940.88;0.01;19
3941.92;0.01;19
3942.97;0.01;19
3944.01;0.01;19
3945.05;0.01;19
3946.1;0.01;19
3947.14;0.01;19
3948.19;0.01;19
3949.23;0.01;19
3950.28;0.01;19
3951.32;0.01;19
3952.37;0.01;19
3953.41;0.01;19
3954.45;0.01;19
3955.5;0.01;19
3956.54;0.01;19
3957.59;0.01;19
3958.63;0.01;19
3959.68;0.01;19
3960.72;0.01;19
3961.77;0.01;19
3962.81;0.01;19
3963.85;0.01;19
3964.9;0.01;19
3965.94;0.01;19
3966.99;0.01;19
3968.03;0.01;19
3969.08;0.01;19
3970.12;0.01;19
3971.17;0.01;19
3972.21;0.01;19
3973.25;0.01;19
3974.3;0.01;19
3975.34;0.01;19
3976.39;0.01;19
3977.43;0.01;19
3978.48;0.01;19
3979.52;0.01;19
3980.57;0.01;19
3981.61;0.01;19
3982.65;0.01;19
3983.7;0.01;19
3984.74;0.01;19
3985.79;0.01;19
3986.83;0.01;19
3987.88;0.01;19
3988.92;0.01;19
3989.97;0.01;19
3991.01;0.01;19
3992.05;0.01;19
3993.1;0.01;19
3994.14;0.01;19
3995.19;0.01;19
3996.23;0.01;19
3997.28;0.01;19
3998.31;0.01;19
3999.31;0.01;17
4000.31;0.01;18
4001.31;0.01;19
4002.31;0.01;17
4003.31;0.01;18
4004.31;0.01;19
4005.36;0.01;19
4006.4;0.01;19
4007.44;0.01;19
4008.44;0.01;19
4009.44;0.01;17
4010.44;0.01;18
4011.44;0.01;18
4012.44;0.01;19
4013.49;0.01;19
4014.53;0.01;19
4015.58;0.01;19
4016.62;0.01;19
4017.67;0.01;19
4018.71;0.01;19
4019.76;0.01;19
4020.8;0.01;19
4021.84;0.01;19
4022.89;0.01;19
4023.93;0.01;19
4024.98;0.01;19
4026.02;0.01;19
4027.07;0.01;19
4028.11;0.01;19
4029.16;0.01;19
4030.2;0.01;19
4031.24;0.01;19
4032.29;0.01;19
4033.33;0.01;20
4034.38;0.01;19
4035.42;0.01;19
4036.47;0.01;19
4037.51;0.01;19
4038.56;0.01;19
4039.6;0.01;19
4040.64;0.01;19
4041.69;0.01;19
4042.73;0.01;19
4043.78;0.01;19
4044.82;0.01;19
4045.87;0.01;19
4046.91;0.01;19
4047.96;0.01;19
4049;0.01;19
4050.04;0.01;19
4051.09;0.01;19
4052.13;0.01;19
4053.18;0.01;19
4054.22;0.01;19
4055.27;0.01;19
4056.31;0.01;19
4057.36;0.01;19
4058.4;0.01;19
4059.44;0.01;19
4060.49;0.01;19
4061.53;0.01;19
4062.58;0.01;19
4063.62;0.01;19
4064.67;0.01;19
4065.71;0.01;19
4066.76;0.01;19
4067.8;0.01;19
4068.84;0.01;19
4069.89;0.01;19
4070.93;0.01;19
4071.98;0.01;19
4073.02;0.01;19
4074.07;0.01;19
4075.11;0.01;19
4076.16;0.01;19
4077.2;0.01;19
4078.24;0.01;19
4079.29;0.01;20
4080.33;0.01;19
4081.38;0.01;19
4082.42;0.01;19
4083.47;0.01;19
4084.51;0.01;19
4085.56;0.01;19
4086.6;0.01;19
4087.64;0.01;19
4088.69;0.01;19
4089.73;0.01;19
4090.78;0.01;19
4091.82;0.01;19
4092.87;0.01;19
4093.91;0.01;19
4094.96;0.01;19
4096;0.01;19
4097.04;0.01;19
4098.09;0.01;20
4099.13;0.01;19
4100.18;0.01;19
4101.22;0.01;19
4102.22;0.01;19
4103.27;0.01;19
4104.31;0.01;19
4105.4;0.01;19
4106.44;0.01;19
4107.49;0.01;19
4108.53;0.01;19
4109.58;0.01;19
4110.62;0.01;19
4111.67;0.01;19
4112.71;0.01;19
4113.76;0.01;19
4114.8;0.01;19
4115.84;0.01;19
4116.89;0.01;19
4117.93;0.01;19
4118.98;0.01;19
4120;0.01;19
4121.04;0.01;19
4122.08;0.01;19
4123.13;0.01;19
4124.17;0.01;19
4125.22;0.01;19
4126.26;0.01;19
4127.31;0.01;19
4128.35;0.01;19
4129.39;0.01;19
4130.44;0.01;19
4131.48;0.01;19
4132.53;0.01;19
4133.57;0.01;19
4134.62;0.01;19
4135.66;0.01;19
4136.71;0.01;19
4137.75;0.01;19
4138.79;0.01;19
4139.84;0.01;19
4140.88;0.01;19
4141.93;0.01;19
4142.97;0.01;19
4144.02;0.01;19
4145.06;0.01;19
4146.11;0.01;19
4147.15;0.01;19
4148.19;0.01;19
4149.24;0.01;19
4150.28;0.01;19
4151.33;0.01;19
4152.37;0.01;19
4153.42;0.01;19
4154.46;0.01;19
4155.51;0.01;19
4156.55;0.01;19
4157.59;0.01;19
4158.64;0.01;19
4159.68;0.01;19
4160.73;0.01;19
4161.77;0.01;19
4162.82;0.01;19
4163.86;0.01;19
4164.91;0.01;19
4165.95;0.01;19
4166.99;0.01;19
4168.04;0.01;19
4169.08;0.01;19
4170.13;0.01;19
4171.17;0.01;19
4172.22;0.01;19
4173.26;0.01;19
4174.31;0.01;19
4175.35;0.01;19
4176.39;0.01;19
4177.44;0.01;19
4178.48;0.01;19
4179.53;0.01;19
4180.57;0.01;19
4181.62;0.01;19
4182.66;0.01;19
4183.71;0.01;19
4184.75;0.01;19
4185.79;0.01;19
4186.84;0.01;19
4187.88;0.01;19
4188.93;0.01;19
4189.97;0.01;19
4191.02;0.01;19
4192.06;0.01;19
4193.11;0.01;19
4194.15;0.01;19
4195.19;0.01;19
4196.24;0.01;19
4197.28;0.01;19
4198.33;0.01;19
4199.37;0.01;19
4200.4;0.01;19
4201.44;0.01;19
4202.49;0.01;19
4203.53;0.01;19
4204.58;0.01;19
4205.62;0.01;19
4206.67;0.01;19
4207.71;0.01;19
4208.76;0.01;19
4209.8;0.01;19
4210.84;0.01;19
4211.89;0.01;19
4212.93;0.01;19
4213.98;0.01;19
4215.02;0.01;19
4216.07;0.01;19
4217.11;0.01;19
4218.16;0.01;19
4219.2;0.01;19
4220.24;0.01;19
4221.29;0.01;19
4222.29;0.01;19
4223.38;0.01;19
4224.42;0.01;19
4225.47;0.01;19
4226.51;0.01;19
4227.56;0.01;19
4228.6;0.01;19
4229.64;0.01;19
4230.69;0.01;20
4231.73;0.01;19
4232.78;0.01;19
4233.82;0.01;19
4234.87;0.01;19
4235.91;0.01;19
4236.96;0.01;19
4238;0.01;19
4239.04;0.01;19
4240.09;0.01;19
4241.13;0.01;19
4242.18;0.01;19
4243.22;0.01;19
4244.27;0.01;19
4245.31;0.01;19
4246.31;0.01;19
4247.31;0.01;18
4248.31;0.01;18
4249.31;0.01;19
4250.36;0.01;19
4251.4;0.01;19
4252.44;0.01;19
4253.49;0.01;19
4254.53;0.01;20
4255.58;0.01;19
4256.62;0.01;19
4257.67;0.01;19
4258.71;0.01;19
4259.76;0.01;19
4260.8;0.01;19
4261.84;0.01;19
4262.89;0.01;19
4263.93;0.01;19
4264.98;0.01;19
4266.02;0.01;19
4267.07;0.01;19
4268.11;0.01;19
4269.16;0.01;19
4270.2;0.01;19
4271.24;0.01;19
4272.29;0.01;19
4273.33;0.01;19
4274.38;0.01;19
4275.42;0.01;19
4276.47;0.01;19
4277.51;0.01;19
4278.56;0.01;19
4279.6;0.01;19
4280.64;0.01;19
4281.69;0.01;19
4282.73;0.01;19
4283.78;0.01;19
4284.82;0.01;19
4285.87;0.01;19
4286.91;0.01;19
4287.96;0.01;19
4289;0.01;19
4290.04;0.01;19
4291.09;0.01;19
4292.13;0.01;19
4293.13;0.01;19
4294.13;0.01;19
4295.13;0.01;17
4296.13;0.01;15
4297.13;0.01;19
4298.18;0.01;19
4299.22;0.01;19
4300.27;0.01;19
4301.31;0.01;19
4302.36;0.01;19
4303.4;0.01;19
4304.44;0.01;19
4305.49;0.01;19
4306.53;0.01;19
4307.58;0.01;19
4308.62;0.01;19
4309.67;0.01;19
4310.71;0.01;20
4311.76;0.01;19
4312.8;0.01;19
4313.84;0.01;19
4314.89;0.01;19
4315.93;0.01;19
4316.98;0.01;19
4318.02;0.01;19
4319.07;0.01;19
4320.11;0.01;19
4321.16;0.01;19
4322.2;0.01;19
4323.24;0.01;19
4324.29;0.01;19
4325.33;0.01;19
4326.38;0.01;19
4327.42;0.01;19
4328.47;0.01;19
4329.51;0.01;19
4330.56;0.01;19
4331.6;0.01;19
4332.64;0.01;19
4333.69;0.01;19
4334.73;0.01;19
4335.78;0.01;19
4336.82;0.01;19
4337.87;0.01;19
4338.91;0.01;19
4339.96;0.01;19
4341;0.01;19
4342.04;0.01;19
4343.09;0.01;19
4344.13;0.01;19
4345.18;0.01;19
4346.22;0.01;19
4347.27;0.01;19
4348.31;0.01;19
4349.36;0.01;19
4350.4;0.01;19
4351.44;0.01;19
4352.49;0.01;19
4353.53;0.01;19
4354.58;0.01;19
4355.62;0.01;19
4356.67;0.01;19
4357.71;0.01;19
4358.76;0.01;19
4359.8;0.01;19
4360.84;0.01;19
4361.89;0.01;19
4362.93;0.01;19
4363.98;0.01;19
4365.02;0.01;19
4366.07;0.01;19
4367.11;0.01;19
4368.16;0.01;19
4369.2;0.01;19
4370.24;0.01;19
4371.29;0.01;19
4372.33;0.01;19
4373.38;0.01;19
4374.42;0.01;19
4375.47;0.01;19
4376.51;0.01;19
4377.56;0.01;19
4378.6;0.01;19
4379.64;0.01;19
4380.69;0.01;19
4381.73;0.01;19
4382.78;0.01;19
4383.82;0.01;19
4384.87;0.01;19
4385.91;0.01;19
4386.96;0.01;19
4388;0.01;19
4389.04;0.01;19
4390.09;0.01;19
4391.11;0.01;19
4392.16;0.01;19
4393.2;0.01;19
4394.24;0.01;19
4395.29;0.01;19
4396.33;0.01;19
4397.38;0.01;19
4398.42;0.01;19
4399.47;0.01;19
4400.51;0.01;19
4401.56;0.01;19
4402.6;0.01;19
4403.64;0.01;19
4404.69;0.01;19
4405.73;0.01;19
4406.78;0.01;19
4407.82;0.01;19
4408.87;0.01;19
4409.91;0.01;19
4410.96;0.01;19
4412;0.01;19
4413.04;0.01;19
4414.09;0.01;19
4415.13;0.01;19
4416.18;0.01;19
4417.22;0.01;19
4418.27;0.01;19
4419.31;0.01;19
4420.36;0.01;19
4421.4;0.01;19
4422.44;0.01;19
4423.49;0.01;19
4424.53;0.01;19
4425.58;0.01;19
4426.62;0.01;19
4427.67;0.01;19
4428.71;0.01;19
4429.76;0.01;19
4430.8;0.01;19
4431.84;0.01;19
4432.89;0.01;19
4433.93;0.01;19
4434.98;0.01;19
4436.02;0.01;19
4437.07;0.01;19
4438.11;0.01;19
4439.16;0.01;19
4440.2;0.01;19
4441.24;0.01;19
4442.29;0.01;19
4443.33;0.01;19
4444.38;0.01;19
4445.42;0.01;20
4446.47;0.01;19
4447.51;0.01;19
4448.56;0.01;19
4449.6;0.01;19
4450.64;0.01;19
4451.69;0.01;19
4452.73;0.01;19
4453.78;0.01;19
4454.82;0.01;19
4455.87;0.01;19
4456.91;0.01;19
4457.96;0.01;19
4459;0.01;19
4460.04;0.01;19
4461.09;0.01;19
4462.13;0.01;19
4463.18;0.01;19
4464.22;0.01;19
4465.27;0.01;19
4466.31;0.01;19
4467.36;0.01;19
4468.4;0.01;19
4469.44;0.01;19
4470.49;0.01;19
4471.53;0.01;19
4472.58;0.01;19
4473.62;0.01;19
4474.67;0.01;19
4475.71;0.01;19
4476.76;0.01;19
4477.8;0.01;19
4478.84;0.01;19
4479.89;0.01;19
4480.93;0.01;19
4481.98;0.01;19
4483.02;0.01;20
4484.07;0.01;19
4485.11;0.01;19
4486.16;0.01;19
4487.2;0.01;19
4488.24;0.01;19
4489.29;0.01;19
4490.33;0.01;19
4491.38;0.01;19
4492.42;0.01;19
4493.47;0.01;19
4494.51;0.01;19
4495.56;0.01;19
4496.6;0.01;19
4497.64;0.01;19
4498.69;0.01;19
4499.73;0.01;19
4500.78;0.01;19
4501.82;0.01;19
4502.87;0.01;19
4503.91;0.01;19
4504.96;0.01;20
4506;0.01;19
4507.04;0.01;19
4508.09;0.01;19
4509.13;0.01;19
4510.18;0.01;19
4511.22;0.01;19
4512.27;0.01;19
4513.31;0.01;19
4514.36;0.01;19
4515.4;0.01;19
4516.44;0.01;19
4517.49;0.01;19
4518.53;0.01;19
4519.58;0.01;19
4520.62;0.01;19
4521.67;0.01;19
4522.71;0.01;19
4523.76;0.01;19
4524.8;0.01;19
4525.84;0.01;19
4526.89;0.01;19
4527.93;0.01;19
4528.98;0.01;19
4530.02;0.01;19
4531.07;0.01;19
4532.11;0.01;19
4533.16;0.01;19
4534.2;0.01;19
4535.24;0.01;19
4536.29;0.01;19
4537.33;0.01;19
4538.38;0.01;19
4539.42;0.01;19
4540.47;0.01;19
4541.51;0.01;19
4542.56;0.01;19
4543.6;0.01;19
4544.64;0.01;19
4545.69;0.01;19
4546.73;0.01;19
4547.78;0.01;19
4548.82;0.01;19
4549.87;0.01;19
4550.91;0.01;19
4551.96;0.01;19
4553;0.01;19
4554.04;0.01;19
4555.09;0.01;19
4556.13;0.01;19
4557.18;0.01;19
4558.22;0.01;19
4559.27;0.01;19
4560.31;0.01;19
4561.36;0.01;19
4562.4;0.01;19
4563.44;0.01;19
4564.49;0.01;19
4565.53;0.01;19
4566.58;0.01;19
4567.62;0.01;19
4568.67;0.01;19
4569.71;0.01;19
4570.76;0.01;19
4571.8;0.01;19
4572.84;0.01;19
4573.89;0.01;19
4574.93;0.01;19
4575.98;0.01;19
4577.02;0.01;19
4578.07;0.01;19
4579.11;0.01;19
4580.16;0.01;19
4581.2;0.01;19
4582.24;0.01;19
4583.29;0.01;19
4584.33;0.01;19
4585.38;0.01;19
4586.42;0.01;19
4587.47;0.01;19
4588.51;0.01;19
4589.56;0.01;19
4590.6;0.01;19
4591.64;0.01;19
4592.69;0.01;19
4593.73;0.01;19
4594.78;0.01;19
4595.82;0.01;19
4596.87;0.01;19
4597.91;0.01;19
4598.96;0.01;19
4600;0.01;19
4601.04;0.01;19
4602.09;0.01;19
4603.13;0.01;19
4604.18;0.01;19
4605.22;0.01;19
4606.27;0.01;19
4607.31;0.01;19
4608.36;0.01;19
4609.4;0.01;19
4610.44;0.01;19
4611.49;0.01;19
4612.53;0.01;19
4613.58;0.01;19
4614.62;0.01;19
4615.67;0.01;19
4616.71;0.01;19
4617.76;0.01;20
4618.76;0.01;19
4619.84;0.01;19
4620.89;0.01;19
4621.93;0.01;19
4622.98;0.01;19
4624.02;0.01;19
4625.07;0.01;19
4626.11;0.01;19
4627.16;0.01;19
4628.2;0.01;19
4629.24;0.01;19
4630.29;0.01;19
4631.33;0.01;19
4632.38;0.01;19
4633.42;0.01;19
4634.47;0.01;19
4635.51;0.01;19
4636.56;0.01;19
4637.6;0.01;19
4638.64;0.01;19
4639.69;0.01;19
4640.73;0.01;19
4641.78;0.01;19
4642.82;0.01;19
4643.87;0.01;19
4644.91;0.01;19
4645.96;0.01;19
4647;0.01;19
4648.04;0.01;19
4649.09;0.01;19
4650.13;0.01;19
4651.18;0.01;19
4652.22;0.01;19
4653.27;0.01;19
4654.31;0.01;19
4655.36;0.01;19
4656.4;0.01;19
4657.44;0.01;19
4658.49;0.01;19
4659.53;0.01;19
4660.58;0.01;19
4661.62;0.01;19
4662.67;0.01;19
4663.71;0.01;20
4664.76;0.01;19
4665.8;0.01;19
4666.84;0.01;19
4667.89;0.01;19
4668.93;0.01;19
4669.98;0.01;19
4671.02;0.01;19
4672.07;0.01;19
4673.11;0.01;19
4674.16;0.01;19
4675.2;0.01;19
4676.24;0.01;19
4677.29;0.01;19
4678.33;0.01;19
4679.38;0.01;19
4680.4;0.01;19
4681.4;0.01;19
4682.49;0.01;19
4683.53;0.01;19
4684.58;0.01;19
4685.62;0.01;19
4686.67;0.01;19
4687.71;0.01;19
4688.76;0.01;19
4689.8;0.01;19
4690.84;0.01;19
4691.89;0.01;19
4692.93;0.01;19
4693.98;0.01;19
4695.02;0.01;19
4696.07;0.01;19
4697.11;0.01;19
4698.16;0.01;19
4699.2;0.01;19
4700.24;0.01;19
4701.29;0.01;19
4702.33;0.01;19
4703.38;0.01;19
4704.42;0.01;20
4705.47;0.01;19
4706.51;0.01;19
4707.56;0.01;19
4708.6;0.01;19
4709.64;0.01;19
4710.69;0.01;19
4711.73;0.01;19
4712.78;0.01;19
4713.82;0.01;19
4714.87;0.01;19
4715.91;0.01;19
4716.96;0.01;19
4718;0.01;19
4719.04;0.01;19
4720.09;0.01;19
4721.13;0.01;19
4722.18;0.01;19
4723.22;0.01;19
4724.27;0.01;19
4725.31;0.01;19
4726.36;0.01;19
4727.4;0.01;19
4728.44;0.01;19
4729.49;0.01;19
4730.53;0.01;19
4731.58;0.01;19
4732.62;0.01;19
4733.67;0.01;19
4734.71;0.01;19
4735.76;0.01;19
4736.8;0.01;19
4737.84;0.01;19
4738.89;0.01;19
4739.93;0.01;19
4740.98;0.01;19
4742.02;0.01;19
4743.07;0.01;19
4744.11;0.01;19
4745.16;0.01;19
4746.2;0.01;19
4747.24;0.01;19
4748.29;0.01;19
4749.33;0.01;19
4750.38;0.01;19
4751.42;0.01;19
4752.47;0.01;19
4753.51;0.01;19
4754.56;0.01;19
4755.6;0.01;19
4756.64;0.01;19
4757.69;0.01;19
4758.73;0.01;19
4759.78;0.01;19
4760.82;0.01;19
4761.87;0.01;19
4762.91;0.01;19
4763.96;0.01;19
4765;0.01;19
4766.04;0.01;19
4767.09;0.01;19
4768.13;0.01;19
4769.18;0.01;19
4770.22;0.01;19
4771.27;0.01;19
4772.31;0.01;19
4773.36;0.01;19
4774.4;0.01;19
4775.44;0.01;19
4776.49;0.01;19
4777.53;0.01;19
4778.58;0.01;19
4779.62;0.01;19
4780.67;0.01;19
4781.71;0.01;19
4782.76;0.01;19
4783.8;0.01;19
4784.84;0.01;19
4785.89;0.01;19
4786.93;0.01;19
4787.98;0.01;19
4789.02;0.01;19
4790.07;0.01;19
4791.11;0.01;19
4792.16;0.01;19
4793.2;0.01;19
4794.24;0.01;19
4795.29;0.01;19
4796.33;0.01;19
4797.38;0.01;19
4798.42;0.01;19
4799.47;0.01;19
4800.51;0.01;19
4801.56;0.01;19
4802.6;0.01;19
4803.64;0.01;19
4804.69;0.01;19
4805.73;0.01;19
4806.78;0.01;19
4807.82;0.01;19
4808.87;0.01;19
4809.91;0.01;19
4810.96;0.01;19
4812;0.01;19
4813.04;0.01;19
4814.09;0.01;19
4815.13;0.01;19
4816.18;0.01;19
4817.22;0.01;19
4818.27;0.01;19
4819.31;0.01;19
4820.36;0.01;19
4821.4;0.01;19
4822.44;0.01;19
4823.49;0.01;19
4824.53;0.01;19
4825.58;0.01;19
4826.62;0.01;19
4827.67;0.01;19
4828.71;0.01;19
4829.76;0.01;19
4830.8;0.01;19
4831.84;0.01;19
4832.89;0.01;19
4833.93;0.01;19
4834.98;0.01;19
4836.02;0.01;19
4837.07;0.01;19
4838.11;0.01;19
4839.16;0.01;20
4840.16;0.01;19
4841.24;0.01;19
4842.29;0.01;19
4843.33;0.01;19
4844.38;0.01;19
4845.42;0.01;19
4846.47;0.01;19
4847.51;0.01;19
4848.56;0.01;19
4849.6;0.01;19
4850.64;0.01;19
4851.69;0.01;19
4852.73;0.01;19
4853.78;0.01;19
4854.82;0.01;19
4855.87;0.01;19
4856.91;0.01;19
4857.96;0.01;19
4859;0.01;19
4860.04;0.01;19
4861.09;0.01;19
4862.13;0.01;19
4863.18;0.01;19
4864.22;0.01;19
4865.27;0.01;19
4866.31;0.01;19
4867.36;0.01;19
4868.4;0.01;19
4869.44;0.01;19
4870.49;0.01;19
4871.53;0.01;19
4872.58;0.01;19
4873.62;0.01;19
4874.67;0.01;19
4875.71;0.01;19
4876.76;0.01;20
4877.8;0.01;19
4878.84;0.01;19
4879.89;0.01;19
4880.93;0.01;19
4881.98;0.01;19
4883.02;0.01;19
4884.07;0.01;19
4885.11;0.01;19
4886.16;0.01;19
4887.2;0.01;19
4888.24;0.01;19
4889.29;0.01;19
4890.33;0.01;19
4891.38;0.01;19
4892.42;0.01;19
4893.47;0.01;19
4894.51;0.01;19
4895.56;0.01;19
4896.6;0.01;19
4897.64;0.01;19
4898.69;0.01;19
4899.73;0.01;19
4900.78;0.01;19
4901.82;0.01;19
4902.87;0.01;19
4903.91;0.01;19
4904.96;0.01;19
4906;0.01;19
4907.04;0.01;19
4908.09;0.01;19
4909.13;0.01;19
4910.18;0.01;19
4911.22;0.01;19
4912.27;0.01;19
4913.31;0.01;19
4914.36;0.01;19
4915.4;0.01;19
4916.44;0.01;19
4917.49;0.01;19
4918.53;0.01;20
4919.58;0.01;19
4920.62;0.01;19
4921.67;0.01;19
4922.71;0.01;19
4923.76;0.01;19
4924.8;0.01;19
4925.84;0.01;19
4926.89;0.01;19
4927.93;0.01;19
4928.98;0.01;19
4930.02;0.01;19
4931.07;0.01;19
4932.11;0.01;19
4933.16;0.01;19
4934.2;0.01;19
4935.24;0.01;19
4936.29;0.01;19
4937.33;0.01;19
4938.38;0.01;19
4939.42;0.01;19
4940.47;0.01;19
4941.51;0.01;19
4942.56;0.01;19
4943.6;0.01;19
4944.64;0.01;19
4945.69;0.01;19
4946.73;0.01;19
4947.78;0.01;19
4948.82;0.01;19
4949.87;0.01;19
4950.91;0.01;19
4951.96;0.01;19
4953;0.01;19
4954.04;0.01;19
4955.09;0.01;19
4956.13;0.01;19
4957.18;0.01;19
4958.22;0.01;19
4959.27;0.01;19
4960.31;0.01;19
4961.36;0.01;19
4962.4;0.01;19
4963.44;0.01;19
4964.49;0.01;19
4965.53;0.01;19
4966.58;0.01;19
4967.62;0.01;19
4968.67;0.01;19
4969.71;0.01;19
4970.76;0.01;19
4971.8;0.01;19
4972.84;0.01;19
4973.89;0.01;19
4974.91;0.01;19
4975.95;0.01;19
4976.99;0.01;19
4978.04;0.01;19
4979.08;0.01;19
4980.13;0.01;19
4981.17;0.01;19
4982.22;0.01;19
4983.26;0.01;19
4984.31;0.01;19
4985.35;0.01;19
4986.39;0.01;19
4987.44;0.01;19
4988.48;0.01;19
4989.53;0.01;19
4990.57;0.01;19
4991.62;0.01;19
4992.66;0.01;19
4993.71;0.01;19
4994.75;0.01;19
4995.79;0.01;19
4996.81;0.01;19
4997.86;0.01;19
4998.9;0.01;19
4999.95;0.01;19
5000.99;0.01;19
5002.03;0.01;19
5003.08;0.01;19
5004.12;0.01;19
5005.17;0.01;19
5006.21;0.01;19
5007.26;0.01;19
5008.3;0.01;19
5009.35;0.01;19
5010.39;0.01;19
5011.43;0.01;19
5012.48;0.01;19
5013.52;0.01;19
5014.57;0.01;19
5015.61;0.01;19
5016.66;0.01;19
5017.7;0.01;19
5018.75;0.01;19
5019.79;0.01;19
5020.83;0.01;19
5021.88;0.01;19
5022.92;0.01;19
5023.97;0.01;19
5025.01;0.01;19
5026.06;0.01;19
5027.1;0.01;19
5028.15;0.01;19
5029.19;0.01;19
5030.23;0.01;19
5031.28;0.01;19
5032.32;0.01;19
5033.37;0.01;19
5034.41;0.01;19
5035.46;0.01;19
5036.5;0.01;19
5037.55;0.01;19
5038.59;0.01;19
5039.63;0.01;19
5040.68;0.01;19
5041.72;0.01;19
5042.77;0.01;19
5043.81;0.01;19
5044.86;0.01;19
5045.9;0.01;19
5046.93;0.01;19
5047.97;0.01;19
5049.02;0.01;19
5050.06;0.01;19
5051.11;0.01;19
5052.15;0.01;19
5053.19;0.01;19
5054.24;0.01;19
5055.28;0.01;19
5056.33;0.01;19
5057.37;0.01;19
5058.42;0.01;19
5059.46;0.01;19
5060.51;0.01;19
5061.55;0.01;19
5062.59;0.01;19
5063.64;0.01;19
5064.68;0.01;19
5065.73;0.01;19
5066.77;0.01;19
5067.82;0.01;19
5068.86;0.01;19
5069.91;0.01;19
5070.95;0.01;19
5071.99;0.01;19
5073.04;0.01;19
5074.08;0.01;19
5075.13;0.01;19
5076.17;0.01;19
5077.22;0.01;19
5078.26;0.01;20
5079.26;0.01;19
5080.35;0.01;19
5081.39;0.01;19
5082.43;0.01;19
5083.48;0.01;19
5084.52;0.01;19
5085.57;0.01;19
5086.61;0.01;19
5087.66;0.01;19
5088.7;0.01;19
5089.75;0.01;19
5090.79;0.01;19
5091.83;0.01;19
5092.88;0.01;19
5093.92;0.01;19
5094.97;0.01;19
5096.01;0.01;19
5097.06;0.01;19
5098.1;0.01;19
5099.15;0.01;19
5100.19;0.01;19
5101.23;0.01;19
5102.28;0.01;19
5103.32;0.01;19
5104.37;0.01;19
5105.41;0.01;19
5106.46;0.01;19
5107.5;0.01;19
5108.55;0.01;19
5109.59;0.01;19
5110.63;0.01;19
5111.68;0.01;19
5112.72;0.01;19
5113.77;0.01;19
5114.81;0.01;19
5115.86;0.01;20
5116.86;0.01;19
5117.95;0.01;19
5118.99;0.01;19
5120;0.01;19
5121.04;0.01;19
5122.09;0.01;19
5123.13;0.01;19
5124.18;0.01;19
5125.22;0.01;19
5126.27;0.01;19
5127.31;0.01;19
5128.36;0.01;19
5129.4;0.01;19
5130.44;0.01;19
5131.49;0.01;19
5132.53;0.01;19
5133.58;0.01;19
5134.62;0.01;19
5135.67;0.01;19
5136.71;0.01;19
5137.76;0.01;19
5138.8;0.01;19
5139.84;0.01;19
5140.89;0.01;19
5141.93;0.01;19
5142.98;0.01;19
5144.02;0.01;19
5145.07;0.01;19
5146.11;0.01;19
5147.16;0.01;19
5148.2;0.01;19
5149.24;0.01;19
5150.29;0.01;19
5151.33;0.01;19
5152.38;0.01;19
5153.42;0.01;19
5154.47;0.01;19
5155.51;0.01;19
5156.56;0.01;19
5157.6;0.01;19
5158.64;0.01;19
5159.69;0.01;19
5160.73;0.01;19
5161.78;0.01;19
5162.82;0.01;19
5163.87;0.01;19
5164.91;0.01;20
5165.96;0.01;19
5167;0.01;19
5168.04;0.01;19
5169.09;0.01;19
5170.13;0.01;19
5171.18;0.01;19
5172.22;0.01;19
5173.27;0.01;19
5174.31;0.01;19
5175.36;0.01;19
5176.4;0.01;19
5177.44;0.01;19
5178.49;0.01;19
5179.53;0.01;19
5180.58;0.01;19
5181.62;0.01;19
5182.67;0.01;19
5183.71;0.01;19
5184.76;0.01;19
5185.8;0.01;19
5186.84;0.01;19
5187.89;0.01;19
5188.93;0.01;19
5189.98;0.01;19
5191.02;0.01;19
5192.07;0.01;19
5193.11;0.01;19
5194.16;0.01;19
5195.2;0.01;19
5196.24;0.01;19
5197.29;0.01;19
5198.33;0.01;19
5199.38;0.01;19
5200.42;0.01;19
5201.47;0.01;19
5202.51;0.01;19
5203.56;0.01;19
5204.6;0.01;19
5205.64;0.01;19
5206.69;0.01;19
5207.73;0.01;19
5208.78;0.01;19
5209.82;0.01;19
5210.87;0.01;19
5211.91;0.01;19
5212.96;0.01;19
5214;0.01;19
5215.04;0.01;19
5216.09;0.01;19
5217.13;0.01;19
5218.18;0.01;19
5219.22;0.01;19
5220.27;0.01;19
5221.31;0.01;19
5222.36;0.01;19
5223.4;0.01;19
5224.44;0.01;19
5225.49;0.01;19
5226.53;0.01;19
5227.58;0.01;19
5228.62;0.01;19
5229.67;0.01;19
5230.71;0.01;19
5231.76;0.01;19
5232.8;0.01;19
5233.84;0.01;19
5234.89;0.01;19
5235.93;0.01;19
5236.98;0.01;19
5238.01;0.01;19
5239.06;0.01;19
5240.1;0.01;19
5241.15;0.01;19
5242.19;0.01;19
5243.23;0.01;19
5244.28;0.01;19
5245.32;0.01;19
5246.37;0.01;19
5247.41;0.01;19
5248.46;0.01;19
5249.5;0.01;19
5250.55;0.01;19
5251.59;0.01;19
5252.63;0.01;19
5253.68;0.01;19
5254.72;0.01;19
5255.77;0.01;19
5256.81;0.01;19
5257.86;0.01;19
5258.9;0.01;19
5259.95;0.01;19
5260.99;0.01;19
5262.03;0.01;19
5263.06;0.01;19
5264.1;0.01;19
5265.15;0.01;19
5266.19;0.01;19
5267.23;0.01;19
5268.28;0.01;19
5269.32;0.01;19
5270.37;0.01;19
5271.41;0.01;19
5272.46;0.01;19
5273.5;0.01;19
5274.55;0.01;19
5275.59;0.01;19
5276.63;0.01;19
5277.68;0.01;19
5278.72;0.01;19
5279.77;0.01;19
5280.81;0.01;19
5281.86;0.01;19
5282.9;0.01;19
5283.95;0.01;19
5284.99;0.01;19
5286.03;0.01;19
5287.08;0.01;19
5288.12;0.01;19
5289.15;0.01;20
5290.19;0.01;19
5291.23;0.01;19
5292.28;0.01;19
5293.32;0.01;19
5294.37;0.01;19
5295.41;0.01;19
5296.46;0.01;19
5297.5;0.01;19
5298.55;0.01;19
5299.59;0.01;19
5300.63;0.01;19
5301.68;0.01;19
5302.72;0.01;19
5303.77;0.01;19
5304.81;0.01;19
5305.86;0.01;19
5306.9;0.01;19
5307.95;0.01;19
5308.99;0.01;19
5310.03;0.01;19
5311.08;0.01;19
5312.12;0.01;19
5313.17;0.01;19
5314.21;0.01;19
5315.26;0.01;19
5316.3;0.01;19
5317.35;0.01;19
5318.39;0.01;19
5319.43;0.01;19
5320.48;0.01;19
5321.52;0.01;19
5322.57;0.01;19
5323.61;0.01;19
5324.66;0.01;19
5325.7;0.01;19
5326.75;0.01;19
5327.79;0.01;19
5328.83;0.01;19
5329.88;0.01;19
5330.92;0.01;19
5331.97;0.01;20
5333.01;0.01;19
5334.06;0.01;19
5335.1;0.01;19
5336.15;0.01;19
5337.19;0.01;19
5338.23;0.01;19
5339.28;0.01;19
5340.32;0.01;19
5341.37;0.01;19
5342.41;0.01;19
5343.46;0.01;19
5344.5;0.01;19
5345.55;0.01;19
5346.59;0.01;19
5347.63;0.01;19
5348.68;0.01;19
5349.72;0.01;19
5350.77;0.01;19
5351.81;0.01;19
5352.86;0.01;19
5353.9;0.01;19
5354.95;0.01;19
5355.99;0.01;19
5357.03;0.01;19
5358.08;0.01;19
5359.12;0.01;19
5360.17;0.01;19
5361.21;0.01;19
5362.26;0.01;19
5363.3;0.01;20
5364.35;0.01;19
5365.39;0.01;19
5366.43;0.01;19
5367.48;0.01;19
5368.52;0.01;19
5369.57;0.01;19
5370.61;0.01;19
5371.66;0.01;19
5372.7;0.01;19
5373.7;0.01;19
5374.79;0.01;19
5375.83;0.01;19
5376.88;0.01;19
5377.92;0.01;19
5378.97;0.01;19
5380;0.01;19
5381.04;0.01;19
5382.09;0.01;19
5383.13;0.01;19
5384.18;0.01;19
5385.22;0.01;19
5386.27;0.01;19
5387.31;0.01;19
5388.36;0.01;19
5389.4;0.01;19
5390.44;0.01;19
5391.49;0.01;19
5392.53;0.01;19
5393.58;0.01;19
5394.62;0.01;19
5395.67;0.01;19
5396.71;0.01;19
5397.76;0.01;19
5398.8;0.01;19
5399.84;0.01;19
5400.89;0.01;19
5401.93;0.01;19
5402.98;0.01;19
5404.02;0.01;19
5405.07;0.01;19
5406.11;0.01;19
5407.16;0.01;19
5408.2;0.01;19
5409.24;0.01;19
5410.29;0.01;19
5411.33;0.01;19
5412.38;0.01;19
5413.42;0.01;19
5414.47;0.01;19
5415.51;0.01;19
5416.56;0.01;19
5417.6;0.01;19
5418.64;0.01;19
5419.69;0.01;19
5420.73;0.01;19
5421.78;0.01;19
5422.82;0.01;19
5423.87;0.01;19
5424.91;0.01;19
5425.96;0.01;19
5427;0.01;19
5428.04;0.01;19
5429.09;0.01;19
5430.13;0.01;19
5431.18;0.01;19
5432.22;0.01;19
5433.27;0.01;19
5434.31;0.01;19
5435.36;0.01;19
5436.4;0.01;19
5437.44;0.01;19
5438.49;0.01;19
5439.53;0.01;19
5440.58;0.01;19
5441.62;0.01;19
5442.67;0.01;19
5443.71;0.01;19
5444.76;0.01;19
5445.8;0.01;19
5446.84;0.01;19
5447.89;0.01;19
5448.93;0.01;19
5449.98;0.01;19
5451.02;0.01;19
5452.07;0.01;19
5453.11;0.01;19
5454.16;0.01;19
5455.2;0.01;19
5456.24;0.01;19
5457.29;0.01;19
5458.33;0.01;19
5459.38;0.01;19
5460.42;0.01;19
5461.47;0.01;19
5462.5;0.01;19
5463.55;0.01;19
5464.59;0.01;19
5465.63;0.01;19
5466.68;0.01;19
5467.72;0.01;19
5468.77;0.01;19
5469.81;0.01;19
5470.86;0.01;19
5471.9;0.01;20
5472.95;0.01;19
5473.99;0.01;19
5475.03;0.01;19
5476.08;0.01;19
5477.12;0.01;19
5478.17;0.01;19
5479.21;0.01;19
5480.26;0.01;19
5481.3;0.01;19
5482.35;0.01;19
5483.39;0.01;19
5484.43;0.01;19
5485.48;0.01;19
5486.52;0.01;19
5487.57;0.01;19
5488.61;0.01;19
5489.64;0.01;19
5490.68;0.01;19
5491.73;0.01;19
5492.77;0.01;19
5493.81;0.01;20
5494.86;0.01;19
5495.9;0.01;19
5496.95;0.01;19
5497.99;0.01;19
5499.04;0.01;19
5500.08;0.01;19
5501.13;0.01;19
5502.17;0.01;19
5503.21;0.01;19
5504.26;0.01;19
5505.3;0.01;19
5506.35;0.01;19
5507.39;0.01;19
5508.44;0.01;19
5509.48;0.01;19
5510.53;0.01;19
5511.57;0.01;19
5512.61;0.01;19
5513.66;0.01;19
5514.7;0.01;19
5515.75;0.01;19
5516.79;0.01;19
5517.84;0.01;19
5518.88;0.01;19
5519.93;0.01;19
5520.97;0.01;19
5522.01;0.01;20
5523.06;0.01;19
5524.1;0.01;19
5525.15;0.01;19
5526.19;0.01;19
5527.24;0.01;19
5528.28;0.01;19
5529.33;0.01;19
5530.37;0.01;19
5531.41;0.01;19
5532.46;0.01;19
5533.5;0.01;19
5534.55;0.01;19
5535.59;0.01;19
5536.64;0.01;19
5537.68;0.01;19
5538.73;0.01;19
5539.77;0.01;19
5540.81;0.01;19
5541.86;0.01;19
5542.9;0.01;19
5543.95;0.01;19
5544.99;0.01;19
5546.04;0.01;19
5547.08;0.01;19
5548.13;0.01;19
5549.17;0.01;19
5550.21;0.01;19
5551.26;0.01;19
5552.3;0.01;19
5553.35;0.01;19
5554.39;0.01;19
5555.44;0.01;19
5556.48;0.01;19
5557.53;0.01;19
5558.57;0.01;19
5559.61;0.01;19
5560.66;0.01;19
5561.7;0.01;19
5562.75;0.01;19
5563.79;0.01;19
5564.84;0.01;19
5565.88;0.01;19
5566.93;0.01;19
5567.97;0.01;19
5569.01;0.01;19
5570.06;0.01;19
5571.1;0.01;19
5572.15;0.01;19
5573.19;0.01;19
5574.24;0.01;19
5575.28;0.01;19
5576.33;0.01;19
5577.37;0.01;19
5578.41;0.01;19
5579.46;0.01;19
5580.5;0.01;19
5581.55;0.01;19
5582.57;0.01;19
5583.61;0.01;19
5584.66;0.01;19
5585.7;0.01;19
5586.75;0.01;19
5587.79;0.01;19
5588.83;0.01;19
5589.88;0.01;19
5590.92;0.01;19
5591.97;0.01;19
5593.01;0.01;19
5594.06;0.01;19
5595.1;0.01;19
5596.15;0.01;19
5597.19;0.01;19
5598.23;0.01;19
5599.24;0.01;19
5600.29;0.01;19
5601.33;0.01;19
5602.38;0.01;19
5603.42;0.01;19
5604.47;0.01;19
5605.51;0.01;19
5606.56;0.01;19
5607.6;0.01;19
5608.64;0.01;19
5609.69;0.01;19
5610.73;0.01;19
5611.78;0.01;19
5612.82;0.01;19
5613.87;0.01;19
5614.91;0.01;19
5615.96;0.01;19
5617;0.01;19
5618.04;0.01;19
5619.09;0.01;19
5620.13;0.01;19
5621.18;0.01;19
5622.2;0.01;19
5623.2;0.01;18
5624.2;0.01;19
5625.2;0.01;17
5626.2;0.01;18
5627.2;0.01;17
5628.2;0.01;18
5629.2;0.01;19
5630.24;0.01;19
5631.29;0.01;19
5632.33;0.01;19
5633.38;0.01;19
5634.42;0.01;19
5635.47;0.01;19
5636.51;0.01;19
5637.56;0.01;19
5638.6;0.01;19
5639.64;0.01;19
5640.69;0.01;19
5641.73;0.01;19
5642.78;0.01;20
5643.82;0.01;19
5644.87;0.01;19
5645.91;0.01;19
5646.96;0.01;19
5648;0.01;19
5649.04;0.01;19
5650.09;0.01;19
5651.13;0.01;19
5652.18;0.01;19
5653.22;0.01;19
5654.27;0.01;19
5655.31;0.01;19
5656.36;0.01;19
5657.4;0.01;19
5658.44;0.01;19
5659.49;0.01;19
5660.53;0.01;19
5661.58;0.01;19
5662.62;0.01;19
5663.67;0.01;19
5664.71;0.01;19
5665.76;0.01;19
5666.8;0.01;19
5667.84;0.01;19
5668.89;0.01;19
5669.93;0.01;19
5670.98;0.01;19
5672.02;0.01;19
5673.07;0.01;19
5674.11;0.01;19
5675.16;0.01;19
5676.2;0.01;19
5677.24;0.01;19
5678.29;0.01;19
5679.33;0.01;19
5680.38;0.01;19
5681.42;0.01;19
5682.47;0.01;19
5683.51;0.01;19
5684.56;0.01;19
5685.6;0.01;19
5686.64;0.01;19
5687.69;0.01;19
5688.73;0.01;19
5689.73;0.01;19
5690.73;0.01;20
5691.87;0.01;19
5692.91;0.01;19
5693.96;0.01;19
5695;0.01;19
5696.04;0.01;19
5697.09;0.01;19
5698.13;0.01;19
5699.18;0.01;19
5700.22;0.01;19
5701.27;0.01;19
5702.31;0.01;19
5703.36;0.01;19
5704.4;0.01;19
5705.44;0.01;19
5706.49;0.01;19
5707.53;0.01;19
5708.58;0.01;19
5709.62;0.01;19
5710.67;0.01;19
5711.71;0.01;19
5712.76;0.01;20
5713.8;0.01;20
5714.84;0.01;20
5715.89;0.01;20
5716.93;0.01;20
5717.98;0.01;20
5719.02;0.01;20
5720.07;0.01;20
5721.11;0.01;20
5722.16;0.01;20
5723.2;0.01;20
5724.24;0.01;20
5725.29;0.01;20
5726.33;0.01;20
5727.38;0.01;20
5728.42;0.01;20
5729.47;0.01;20
5730.51;0.01;20
5731.56;0.01;20
5732.6;0.01;20
5733.64;0.01;20
5734.69;0.01;20
5735.73;0.01;20
5736.78;0.01;20
5737.82;0.01;20
5738.87;0.01;20
5739.91;0.01;20
5740.96;0.01;20
5742;0.01;20
5743.04;0.01;20
5744.09;0.01;20
5745.13;0.01;20
5746.18;0.01;20
5747.22;0.01;20
5748.27;0.01;20
5749.31;0.01;20
5750.36;0.01;20
5751.4;0.01;20
5752.44;0.01;20
5753.49;0.01;20
5754.53;0.01;20
5755.58;0.01;20
5756.62;0.01;20
5757.67;0.01;20
5758.71;0.01;20
5759.76;0.01;20
5760.8;0.01;20
5761.84;0.01;20
5762.89;0.01;20
5763.93;0.01;20
5764.98;0.01;20
5766.02;0.01;20
5767.07;0.01;20
5768.11;0.01;20
5769.16;0.01;20
5770.2;0.01;20
5771.24;0.01;20
5772.29;0.01;20
5773.33;0.01;20
5774.38;0.01;20
5775.42;0.01;20
5776.47;0.01;20
5777.51;0.01;20
5778.56;0.01;20
5779.6;0.01;20
5780.64;0.01;20
5781.69;0.01;20
5782.73;0.01;20
5783.78;0.01;20
5784.82;0.01;20
5785.87;0.01;20
5786.91;0.01;20
5787.96;0.01;20
5789;0.01;20
5790.04;0.01;20
5791.09;0.01;20
5792.13;0.01;20
5793.18;0.01;20
5794.22;0.01;20
5795.27;0.01;20
5796.31;0.01;20
5797.36;0.01;20
5798.4;0.01;20
5799.44;0.01;20
5800.49;0.01;20
5801.53;0.01;20
5802.58;0.01;20
5803.62;0.01;20
5804.67;0.01;20
5805.71;0.01;20
5806.76;0.01;20
5807.8;0.01;20
5808.84;0.01;20
5809.89;0.01;20
5810.93;0.01;20
5811.98;0.01;20
5813.02;0.01;20
5814.07;0.01;20
5815.11;0.01;20
5816.16;0.01;20
5817.2;0.01;20
5818.24;0.01;20
5819.29;0.01;20
5820.33;0.01;20
5821.38;0.01;20
5822.42;0.01;20
5823.47;0.01;20
5824.51;0.01;20
5825.56;0.01;20
5826.6;0.01;20
5827.64;0.01;20
5828.69;0.01;20
5829.73;0.01;20
5830.78;0.01;20
5831.82;0.01;20
5832.87;0.01;20
5833.91;0.01;20
5834.96;0.01;20
5836;0.01;20
5837.04;0.01;20
5838.09;0.01;20
5839.13;0.01;20
5840.18;0.01;20
5841.22;0.01;20
5842.27;0.01;20
5843.31;0.01;20
5844.36;0.01;20
5845.4;0.01;20
5846.44;0.01;20
5847.49;0.01;20
5848.53;0.01;20
5849.58;0.01;20
5850.62;0.01;20
5851.67;0.01;20
5852.69;0.01;20
5853.73;0.01;20
5854.78;0.01;20
5855.82;0.01;20
5856.87;0.01;20
5857.91;0.01;20
5858.96;0.01;20
5860;0.01;20
5861.04;0.01;20
5862.09;0.01;20
5863.13;0.01;20
5864.18;0.01;20
5865.22;0.01;20
5866.27;0.01;20
5867.31;0.01;20
5868.36;0.01;20
5869.4;0.01;20
5870.44;0.01;20
5871.49;0.01;20
5872.53;0.01;20
5873.58;0.01;20
5874.62;0.01;20
5875.67;0.01;20
5876.71;0.01;20
5877.76;0.01;20
5878.8;0.01;20
5879.84;0.01;20
5880.89;0.01;20
5881.93;0.01;20
5882.98;0.01;20
5884.02;0.01;20
5885.07;0.01;20
5886.11;0.01;20
5887.16;0.01;20
5888.2;0.01;20
5889.24;0.01;20
5890.29;0.01;20
5891.33;0.01;20
5892.38;0.01;20
5893.42;0.01;20
5894.47;0.01;20
5895.51;0.01;20
5896.56;0.01;20
5897.6;0.01;20
5898.64;0.01;20
5899.69;0.01;20
5900.73;0.01;20
5901.78;0.01;20
5902.82;0.01;20
5903.87;0.01;20
5904.91;0.01;20
5905.96;0.01;20
5907;0.01;20
5908.04;0.01;20
5909.09;0.01;20
5910.13;0.01;20
5911.18;0.01;20
5912.22;0.01;20
5913.27;0.01;20
5914.31;0.01;20
5915.36;0.01;20
5916.4;0.01;20
5917.44;0.01;20
5918.49;0.01;20
5919.53;0.01;20
5920.58;0.01;20
5921.62;0.01;20
5922.67;0.01;20
5923.71;0.01;20
5924.76;0.01;20
5925.8;0.01;20
5926.84;0.01;20
5927.89;0.01;20
5928.93;0.01;20
5929.98;0.01;20
5931.02;0.01;20
5932.07;0.01;20
5933.11;0.01;20
5934.16;0.01;20
5935.2;0.01;20
5936.24;0.01;20
5937.29;0.01;20
5938.33;0.01;20
5939.38;0.01;20
5940.42;0.01;20
5941.47;0.01;20
5942.51;0.01;20
5943.56;0.01;20
5944.6;0.01;20
5945.64;0.01;20
5946.69;0.01;20
5947.73;0.01;20
5948.78;0.01;20
5949.82;0.01;20
5950.87;0.01;20
5951.91;0.01;20
5952.96;0.01;20
5954;0.01;20
5955.04;0.01;20
5956.09;0.01;20
5957.13;0.01;20
5958.18;0.01;20
5959.22;0.01;20
5960.27;0.01;20
5961.31;0.01;20
5962.36;0.01;20
5963.4;0.01;20
5964.44;0.01;20
5965.49;0.01;20
5966.53;0.01;20
5967.58;0.01;20
5968.62;0.01;20
5969.67;0.01;20
5970.71;0.01;20
5971.76;0.01;20
5972.8;0.01;20
5973.84;0.01;20
5974.89;0.01;20
5975.93;0.01;20
5976.98;0.01;20
5978.02;0.01;20
5979.07;0.01;20
5980.11;0.01;20
5981.16;0.01;20
5982.2;0.01;20
5983.24;0.01;20
5984.29;0.01;20
5985.33;0.01;20
5986.38;0.01;20
5987.42;0.01;20
5988.47;0.01;20
5989.51;0.01;20
5990.56;0.01;20
5991.6;0.01;20
5992.64;0.01;20
5993.69;0.01;20
5994.73;0.01;20
5995.78;0.01;20
5996.82;0.01;20
5997.87;0.01;20
5998.91;0.01;20
5999.96;0.01;20
6001;0.01;20
6002.04;0.01;20
6003.09;0.01;20
6004.13;0.01;20
6005.18;0.01;20
6006.22;0.01;20
6007.27;0.01;20
6008.27;0.01;20
6009.36;0.01;20
6010.4;0.01;20
6011.44;0.01;20
6012.49;0.01;20
6013.53;0.01;20
6014.58;0.01;20
6015.58;0.01;20
6016.67;0.01;20
6017.71;0.01;20
6018.76;0.01;20
6019.8;0.01;20
6020.84;0.01;20
6021.89;0.01;20
6022.93;0.01;20
6023.98;0.01;20
6025.02;0.01;20
6026.07;0.01;20
6027.11;0.01;20
6028.16;0.01;20
6029.2;0.01;20
6030.24;0.01;20
6031.29;0.01;20
6032.33;0.01;20
6033.38;0.01;20
6034.42;0.01;20
6035.47;0.01;20
6036.51;0.01;20
6037.56;0.01;20
6038.6;0.01;20
6039.64;0.01;20
6040.69;0.01;20
6041.73;0.01;20
6042.78;0.01;20
6043.82;0.01;20
6044.87;0.01;20
6045.91;0.01;20
6046.96;0.01;20
6048;0.01;20
6049.04;0.01;20
6050.09;0.01;20
6051.13;0.01;20
6052.18;0.01;20
6053.22;0.01;20
6054.27;0.01;20
6055.31;0.01;20
6056.36;0.01;20
6057.4;0.01;20
6058.44;0.01;20
6059.49;0.01;20
6060.53;0.01;20
6061.58;0.01;20
6062.62;0.01;20
6063.67;0.01;20
6064.71;0.01;20
6065.76;0.01;20
6066.8;0.01;20
6067.84;0.01;20
6068.89;0.01;20
6069.93;0.01;20
6070.98;0.01;20
6072.02;0.01;20
6073.07;0.01;20
6074.11;0.01;20
6075.16;0.01;20
6076.2;0.01;20
6077.24;0.01;20
6078.29;0.01;20
6079.33;0.01;20
6080.38;0.01;20
6081.42;0.01;20
6082.47;0.01;20
6083.51;0.01;20
6084.56;0.01;20
6085.6;0.01;20
6086.64;0.01;20
6087.69;0.01;20
6088.73;0.01;20
6089.78;0.01;20
6090.82;0.01;20
6091.87;0.01;20
6092.91;0.01;20
6093.96;0.01;20
6095;0.01;20
6096.04;0.01;20
6097.09;0.01;20
6098.13;0.01;20
6099.18;0.01;20
6100.22;0.01;20
6101.27;0.01;20
6102.31;0.01;20
6103.36;0.01;20
6104.4;0.01;20
6105.44;0.01;20
6106.49;0.01;20
6107.53;0.01;20
6108.58;0.01;20
6109.62;0.01;20
6110.67;0.01;20
6111.71;0.01;20
6112.76;0.01;20
6113.8;0.01;20
6114.84;0.01;20
6115.89;0.01;20
6116.93;0.01;20
6117.98;0.01;20
6119.02;0.01;20
6120.07;0.01;20
6121.11;0.01;20
6122.16;0.01;20
6123.2;0.01;20
6124.24;0.01;20
6125.29;0.01;20
6126.33;0.01;20
6127.38;0.01;20
6128.42;0.01;20
6129.47;0.01;20
6130.51;0.01;20
6131.56;0.01;20
6132.6;0.01;20
6133.64;0.01;20
6134.69;0.01;20
6135.73;0.01;20
6136.78;0.01;20
6137.82;0.01;20
6138.87;0.01;20
6139.91;0.01;20
6140.96;0.01;20
6142;0.01;20
6143.04;0.01;20
6144.09;0.01;20
6145.13;0.01;20
6146.18;0.01;20
6147.22;0.01;20
6148.27;0.01;20
6149.31;0.01;20
6150.36;0.01;20
6151.4;0.01;20
6152.44;0.01;20
6153.49;0.01;20
6154.53;0.01;20
6155.58;0.01;20
6156.62;0.01;20
6157.67;0.01;20
6158.71;0.01;20
6159.76;0.01;20
6160.8;0.01;20
6161.84;0.01;20
6162.89;0.01;20
6163.93;0.01;20
6164.98;0.01;20
6166.02;0.01;20
6167.07;0.01;20
6168.11;0.01;20
6169.16;0.01;20
6170.2;0.01;20
6171.24;0.01;20
6172.29;0.01;20
6173.33;0.01;20
6174.38;0.01;20
6175.42;0.01;20
6176.47;0.01;20
6177.51;0.01;20
6178.56;0.01;20
6179.6;0.01;20
6180.64;0.01;20
6181.69;0.01;20
6182.73;0.01;20
6183.78;0.01;20
6184.82;0.01;20
6185.87;0.01;20
6186.91;0.01;20
6187.96;0.01;20
6189;0.01;20
6190.04;0.01;20
6191.09;0.01;20
6192.13;0.01;20
6193.18;0.01;20
6194.22;0.01;20
6195.27;0.01;20
6196.31;0.01;20
6197.36;0.01;20
6198.4;0.01;20
6199.44;0.01;20
6200.49;0.01;20
6201.53;0.01;20
6202.58;0.01;20
6203.62;0.01;20
6204.67;0.01;20
6205.71;0.01;20
6206.76;0.01;20
6207.8;0.01;20
6208.84;0.01;20
6209.89;0.01;20
6210.93;0.01;20
6211.98;0.01;20
6213.02;0.01;20
6214.07;0.01;20
6215.11;0.01;20
6216.16;0.01;20
6217.2;0.01;20
6218.24;0.01;20
6219.29;0.01;20
6220.33;0.01;20
6221.38;0.01;20
6222.42;0.01;20
6223.47;0.01;20
6224.51;0.01;20
6225.56;0.01;20
6226.6;0.01;20
6227.64;0.01;20
6228.69;0.01;20
6229.73;0.01;20
6230.78;0.01;20
6231.82;0.01;20
6232.87;0.01;20
6233.91;0.01;20
6234.96;0.01;20
6236;0.01;20
6237.04;0.01;20
6238.09;0.01;20
6239.13;0.01;20
6240.18;0.01;20
6241.22;0.01;20
6242.27;0.01;20
6243.31;0.01;20
6244.36;0.01;20
6245.4;0.01;20
6246.44;0.01;20
6247.49;0.01;20
6248.53;0.01;20
6249.58;0.01;20
6250.62;0.01;20
6251.67;0.01;20
6252.71;0.01;20
6253.76;0.01;20
6254.8;0.01;20
6255.84;0.01;20
6256.89;0.01;20
6257.93;0.01;20
6258.98;0.01;20
6260;0.01;20
6261.04;0.01;20
6262.09;0.01;20
6263.13;0.01;20
6264.18;0.01;20
6265.22;0.01;20
6266.27;0.01;20
6267.31;0.01;20
6268.36;0.01;20
6269.4;0.01;20
6270.44;0.01;20
6271.49;0.01;20
6272.53;0.01;20
6273.58;0.01;20
6274.62;0.01;20
6275.67;0.01;20
6276.71;0.01;20
6277.76;0.01;20
6278.8;0.01;20
6279.84;0.01;20
6280.89;0.01;20
6281.93;0.01;20
6282.98;0.01;20
6284.02;0.01;20
6285.07;0.01;20
6286.11;0.01;20
6287.16;0.01;20
6288.2;0.01;20
6289.24;0.01;20
6290.29;0.01;20
6291.33;0.01;20
6292.38;0.01;20
6293.42;0.01;20
6294.47;0.01;20
6295.51;0.01;20
6296.56;0.01;20
6297.6;0.01;20
6298.64;0.01;20
6299.69;0.01;20
6300.73;0.01;20
6301.78;0.01;20
6302.82;0.01;20
6303.87;0.01;20
6304.91;0.01;20
6305.96;0.01;20
6307;0.01;20
6308.04;0.01;20
6309.09;0.01;20
6310.13;0.01;20
6311.18;0.01;20
6312.22;0.01;20
6313.27;0.01;20
6314.31;0.01;20
6315.36;0.01;20
6316.4;0.01;20
6317.44;0.01;20
6318.49;0.01;20
6319.53;0.01;20
6320.58;0.01;20
6321.62;0.01;20
6322.67;0.01;20
6323.71;0.01;20
6324.76;0.01;20
6325.8;0.01;20
6326.84;0.01;20
6327.89;0.01;20
6328.93;0.01;20
6329.98;0.01;20
6331.02;0.01;20
6332.07;0.01;20
6333.11;0.01;20
6334.16;0.01;20
6335.2;0.01;20
6336.24;0.01;20
6337.29;0.01;20
6338.33;0.01;20
6339.38;0.01;20
6340.42;0.01;20
6341.47;0.01;20
6342.51;0.01;20
6343.56;0.01;20
6344.6;0.01;20
6345.64;0.01;20
6346.69;0.01;20
6347.73;0.01;20
6348.78;0.01;20
6349.82;0.01;20
6350.87;0.01;20
6351.91;0.01;20
6352.96;0.01;20
6354;0.01;20
6355.04;0.01;20
6356.09;0.01;20
6357.13;0.01;20
6358.18;0.01;20
6359.22;0.01;20
6360.27;0.01;20
6361.31;0.01;20
6362.36;0.01;20
6363.4;0.01;20
6364.44;0.01;20
6365.49;0.01;20
6366.53;0.01;20
6367.58;0.01;20
6368.62;0.01;20
6369.67;0.01;20
6370.71;0.01;20
6371.76;0.01;20
6372.8;0.01;20
6373.84;0.01;20
6374.89;0.01;20
6375.93;0.01;20
6376.98;0.01;20
6378.02;0.01;20
6379.07;0.01;20
6380.11;0.01;20
6381.16;0.01;20
6382.2;0.01;20
6383.24;0.01;20
6384.29;0.01;20
6385.33;0.01;20
6386.38;0.01;20
6387.42;0.01;20
6388.47;0.01;20
6389.51;0.01;20
6390.56;0.01;20
6391.6;0.01;20
6392.64;0.01;20
6393.69;0.01;20
6394.73;0.01;20
6395.78;0.01;20
6396.82;0.01;20
6397.87;0.01;20
6398.91;0.01;20
6399.96;0.01;20
6401;0.01;20
6402.04;0.01;20
6403.09;0.01;20
6404.13;0.01;20
6405.18;0.01;20
6406.22;0.01;20
6407.27;0.01;20
6408.31;0.01;20
6409.36;0.01;20
6410.4;0.01;20
6411.44;0.01;20
6412.49;0.01;20
6413.53;0.01;20
6414.58;0.01;20
6415.62;0.01;20
6416.67;0.01;20
6417.71;0.01;20
6418.76;0.01;20
6419.8;0.01;20
6420.84;0.01;20
6421.89;0.01;20
6422.93;0.01;20
6423.98;0.01;20
6425.02;0.01;20
6426.07;0.01;20
6427.11;0.01;20
6428.16;0.01;20
6429.2;0.01;20
6430.24;0.01;20
6431.29;0.01;20
6432.33;0.01;20
6433.38;0.01;20
6434.42;0.01;20
6435.47;0.01;20
6436.51;0.01;20
6437.56;0.01;20
6438.6;0.01;20
6439.64;0.01;20
6440.69;0.01;20
6441.73;0.01;20
6442.78;0.01;20
6443.82;0.01;20
6444.87;0.01;20
6445.91;0.01;20
6446.96;0.01;20
6448;0.01;20
6449.04;0.01;20
6450.09;0.01;20
6451.13;0.01;20
6452.18;0.01;20
6453.22;0.01;20
6454.27;0.01;20
6455.31;0.01;20
6456.36;0.01;20
6457.4;0.01;20
6458.44;0.01;20
6459.49;0.01;20
6460.53;0.01;20
6461.58;0.01;20
6462.62;0.01;20
6463.67;0.01;20
6464.71;0.01;20
6465.76;0.01;20
6466.8;0.01;20
6467.84;0.01;20
6468.89;0.01;20
6469.93;0.01;20
6470.98;0.01;20
6472.02;0.01;20
6473.07;0.01;20
6474.11;0.01;20
6475.16;0.01;20
6476.2;0.01;20
6477.24;0.01;20
6478.29;0.01;20
6479.33;0.01;20
6480.38;0.01;20
6481.42;0.01;20
6482.47;0.01;20
6483.51;0.01;20
6484.56;0.01;20
6485.6;0.01;20
6486.64;0.01;20
6487.69;0.01;20
6488.73;0.01;20
6489.78;0.01;20
6490.82;0.01;20
6491.87;0.01;20
6492.91;0.01;20
6493.96;0.01;20
6495;0.01;20
6496.04;0.01;20
6497.09;0.01;20
6498.13;0.01;20
6499.18;0.01;20
6500.22;0.01;20
6501.27;0.01;20
6502.31;0.01;20
6503.36;0.01;20
6504.4;0.01;20
6505.44;0.01;20
6506.49;0.01;20
6507.53;0.01;20
6508.58;0.01;20
6509.62;0.01;20
6510.67;0.01;20
6511.71;0.01;20
6512.76;0.01;20
6513.8;0.01;20
6514.84;0.01;20
6515.89;0.01;20
6516.93;0.01;20
6517.98;0.01;20
6519.02;0.01;20
6520.07;0.01;20
6521.11;0.01;20
6522.16;0.01;20
6523.2;0.01;20
6524.24;0.01;20
6525.29;0.01;20
6526.33;0.01;20
6527.38;0.01;20
6528.42;0.01;20
6529.47;0.01;20
6530.51;0.01;20
6531.56;0.01;20
6532.6;0.01;20
6533.64;0.01;20
6534.69;0.01;20
6535.73;0.01;20
6536.78;0.01;20
6537.82;0.01;20
6538.87;0.01;20
6539.91;0.01;20
6540.96;0.01;20
6542;0.01;20
6543.04;0.01;20
6544.09;0.01;20
6545.13;0.01;20
6546.18;0.01;20
6547.22;0.01;20
6548.27;0.01;20
6549.31;0.01;20
6550.36;0.01;20
6551.4;0.01;20
6552.44;0.01;20
6553.49;0.01;20
6554.53;0.01;20
6555.58;0.03;20
6556.62;0.01;20
6557.62;0.01;20
6558.67;0.01;20
6559.71;0.01;20
6560.76;0.01;20
6561.8;0.01;20
6562.84;0.01;20
6563.89;0.01;20
6564.93;0.01;20
6565.98;0.01;20
6567.02;0.01;20
6568.07;0.01;20
6569.11;0.01;20
6570.16;0.01;20
6571.2;0.01;20
6572.24;0.01;20
6573.29;0.01;20
6574.33;0.01;20
6575.38;0.01;20
6576.42;0.01;20
6577.47;0.01;20
6578.51;0.01;20
6579.56;0.01;20
6580.6;0.01;20
6581.64;0.01;20
6582.69;0.01;20
6583.73;0.01;20
6584.78;0.01;20
6585.82;0.01;20
6586.87;0.01;20
6587.91;0.01;20
6588.96;0.01;20
6590;0.01;20
6591.04;0.01;20
6592.09;0.01;20
6593.13;0.01;20
6594.18;0.01;20
6595.22;0.01;20
6596.27;0.01;20
6597.31;0.01;20
6598.36;0.01;20
6599.4;0.01;20
6600.44;0.01;20
6601.49;0.01;20
6602.53;0.01;20
6603.58;0.01;20
6604.62;0.01;20
6605.67;0.01;20
6606.71;0.01;20
6607.76;0.01;20
6608.8;0.01;20
6609.84;0.01;20
6610.89;0.01;20
6611.93;0.01;20
6612.98;0.01;20
6614.02;0.01;20
6615.07;0.01;20
6616.11;0.01;20
6617.16;0.01;20
6618.2;0.01;20
6619.24;0.01;20
6620.29;0.01;20
6621.33;0.01;20
6622.38;0.01;20
6623.42;0.01;20
6624.47;0.01;20
6625.51;0.01;20
6626.56;0.01;20
6627.6;0.01;20
6628.64;0.01;20
6629.69;0.01;20
6630.73;0.01;20
6631.78;0.01;20
6632.82;0.01;20
6633.87;0.01;20
6634.91;0.01;20
6635.96;0.01;20
6637;0.01;20
6638.04;0.01;20
6639.09;0.01;20
6640.13;0.01;20
6641.18;0.01;20
6642.22;0.01;20
6643.27;0.01;20
6644.31;0.01;20
6645.36;0.01;20
6646.4;0.01;20
6647.44;0.01;20
6648.49;0.01;20
6649.53;0.01;20
6650.58;0.01;20
6651.62;0.01;20
6652.67;0.01;20
6653.71;0.01;20
6654.76;0.01;20
6655.8;0.01;20
6656.84;0.01;20
6657.89;0.01;20
6658.93;0.01;20
6659.98;0.01;20
6661.02;0.01;20
6662.07;0.01;20
6663.11;0.01;20
6664.16;0.01;20
6665.2;0.01;20
6666.24;0.01;20
6667.29;0.01;20
6668.33;0.01;20
6669.38;0.01;20
6670.38;0.01;20
6671.47;0.01;20
6672.51;0.01;20
6673.56;0.01;20
6674.6;0.01;20
6675.64;0.01;20
6676.69;0.01;20
6677.73;0.01;20
6678.78;0.01;20
6679.82;0.01;20
6680.87;0.01;20
6681.91;0.01;20
6682.96;0.01;20
6684;0.01;20
6685.04;0.01;20
6686.09;0.01;20
6687.13;0.01;20
6688.18;0.01;20
6689.22;0.01;20
6690.27;0.01;20
6691.31;0.01;20
6692.36;0.01;20
6693.4;0.01;20
6694.44;0.01;20
6695.49;0.01;20
6696.53;0.01;20
6697.58;0.01;20
6698.62;0.01;20
6699.67;0.01;20
6700.71;0.01;20
6701.76;0.01;20
6702.8;0.01;20
6703.84;0.01;20
6704.89;0.01;20
6705.93;0.01;20
6706.98;0.01;20
6708.02;0.01;20
6709.07;0.01;20
6710.11;0.02;20
6711.16;0.01;20
6712.2;0.01;20
6713.24;0.01;20
6714.29;0.01;20
6715.33;0.01;20
6716.38;0.01;20
6717.42;0.01;20
6718.47;0.01;20
6719.51;0.01;20
6720.56;0.01;20
6721.6;0.01;20
6722.64;0.01;20
6723.69;0.01;20
6724.73;0.01;20
6725.78;0.01;20
6726.82;0.01;20
6727.87;0.01;20
6728.91;0.01;20
6729.96;0.01;20
6731;0.01;20
6732.04;0.01;20
6733.09;0.01;20
6734.13;0.01;20
6735.18;0.01;20
6736.22;0.01;20
6737.27;0.01;20
6738.31;0.01;20
6739.36;0.01;20
6740.4;0.01;20
6741.44;0.01;20
6742.49;0.01;20
6743.53;0.01;20
6744.58;0.01;20
6745.62;0.01;20
6746.67;0.01;20
6747.71;0.01;20
6748.76;0.01;20
6749.8;0.01;20
6750.84;0.01;20
6751.89;0.01;20
6752.93;0.01;20
6753.98;0.01;20
6755.02;0.01;20
6756.07;0.01;20
6757.11;0.01;20
6758.16;0.01;20
6759.2;0.01;20
6760.24;0.01;20
6761.29;0.01;20
6762.33;0.01;20
6763.38;0.01;20
6764.42;0.01;20
6765.47;0.01;20
6766.51;0.01;20
6767.56;0.01;20
6768.6;0.01;20
6769.64;0.01;20
6770.69;0.01;20
6771.73;0.01;20
6772.78;0.01;20
6773.82;0.01;20
6774.87;0.01;20
6775.91;0.01;20
6776.96;0.01;20
6778;0.01;20
6779.04;0.01;20
6780.09;0.01;20
6781.13;0.01;20
6782.18;0.01;20
6783.22;0.01;20
6784.27;0.01;20
6785.31;0.01;20
6786.36;0.01;20
6787.4;0.01;20
6788.44;0.01;20
6789.49;0.01;20
6790.53;0.01;20
6791.58;0.01;20
6792.62;0.01;20
6793.67;0.01;20
6794.71;0.01;20
6795.76;0.01;20
6796.8;0.01;20
6797.84;0.01;20
6798.89;0.01;20
6799.93;0.01;20
6800.98;0.01;20
6802.02;0.01;20
6803.07;0.01;20
6804.11;0.01;20
6805.16;0.01;20
6806.2;0.01;20
6807.24;0.01;20
6808.29;0.01;20
6809.33;0.01;20
6810.38;0.01;20
6811.42;0.01;20
6812.47;0.01;20
6813.51;0.01;20
6814.56;0.01;20
6815.6;0.01;20
6816.64;0.01;20
6817.69;0.01;20
6818.73;0.01;20
6819.78;0.01;20
6820.82;0.01;20
6821.87;0.01;20
6822.91;0.01;20
6823.96;0.01;20
6825;0.01;20
6826.04;0.01;20
6827.09;0.01;20
6828.13;0.01;20
6829.18;0.01;20
6830.22;0.01;20
6831.27;0.01;20
6832.31;0.01;20
6833.36;0.01;20
6834.4;0.01;20
6835.44;0.01;20
6836.49;0.01;20
6837.53;0.01;20
6838.58;0.01;20
6839.62;0.01;20
6840.67;0.01;20
6841.71;0.01;20
6842.76;0.01;20
6843.8;0.01;20
6844.84;0.01;20
6845.89;0.01;20
6846.93;0.01;20
6847.98;0.01;20
6849.02;0.01;20
6850.07;0.01;20
6851.11;0.01;20
6852.16;0.01;20
6853.2;0.01;20
6854.24;0.01;20
6855.29;0.01;20
6856.33;0.01;20
6857.38;0.01;20
6858.42;0.01;20
6859.47;0.01;20
6860.51;0.01;20
6861.56;0.01;20
6862.6;0.01;20
6863.64;0.01;20
6864.69;0.01;20
6865.73;0.01;20
6866.78;0.01;20
6867.82;0.01;20
6868.87;0.01;20
6869.91;0.01;20
6870.96;0.01;20
6872;0.01;20
6873.04;0.01;20
6874.09;0.01;20
6875.13;0.01;20
6876.18;0.01;20
6877.22;0.01;20
6878.27;0.01;20
6879.31;0.01;20
6880.36;0.01;20
6881.4;0.01;20
6882.44;0.01;20
6883.49;0.01;20
6884.53;0.01;20
6885.58;0.01;20
6886.62;0.01;20
6887.67;0.01;20
6888.71;0.01;20
6889.76;0.01;20
6890.8;0.01;20
6891.84;0.01;20
6892.89;0.01;20
6893.93;0.01;20
6894.98;0.01;20
6896.02;0.01;20
6897.07;0.01;20
6898.11;0.01;20
6899.16;0.01;20
6900.2;0.01;20
6901.24;0.01;20
6902.29;0.01;20
6903.31;0.01;20
6904.36;0.01;20
6905.4;0.01;20
6906.44;0.01;20
6907.49;0.01;20
6908.53;0.01;20
6909.58;0.01;20
6910.62;0.02;20
6911.67;0.01;20
6912.71;0.01;20
6913.76;0.01;20
6914.8;0.01;20
6915.84;0.01;20
6916.89;0.01;20
6917.93;0.01;20
6918.98;0.01;20
6920;0.01;20
6921.04;0.01;20
6922.09;0.01;20
6923.13;0.01;20
6924.18;0.01;20
6925.22;0.01;20
6926.27;0.01;20
6927.31;0.01;20
6928.36;0.01;20
6929.4;0.01;20
6930.44;0.01;20
6931.49;0.01;20
6932.53;0.01;20
6933.58;0.01;20
6934.62;0.01;20
6935.67;0.01;20
6936.71;0.01;20
6937.76;0.01;20
6938.8;0.01;20
6939.84;0.01;20
6940.89;0.01;20
6941.93;0.01;20
6942.98;0.01;20
6944.02;0.01;20
6945.07;0.01;20
6946.11;0.01;20
6947.16;0.01;20
6948.2;0.01;20
6949.24;0.01;20
6950.29;0.01;20
6951.33;0.01;20
6952.38;0.01;20
6953.42;0.01;20
6954.47;0.01;20
6955.51;0.01;20
6956.56;0.01;20
6957.6;0.01;20
6958.64;0.01;20
6959.69;0.01;20
6960.73;0.01;20
6961.78;0.01;20
6962.82;0.01;20
6963.87;0.01;20
6964.91;0.01;20
6965.96;0.01;20
6967;0.01;20
6968.04;0.01;20
6969.09;0.01;20
6970.13;0.01;20
6971.18;0.01;20
6972.22;0.01;20
6973.27;0.01;20
6974.31;0.01;20
6975.36;0.01;20
6976.4;0.01;20
6977.44;0.01;20
6978.49;0.01;20
6979.53;0.01;20
6980.58;0.01;20
6981.62;0.01;20
6982.67;0.01;20
6983.71;0.01;20
6984.76;0.01;20
6985.8;0.01;20
6986.84;0.01;20
6987.89;0.01;20
6988.93;0.01;20
6989.98;0.01;20
6991.02;0.01;20
6992.07;0.01;20
6993.11;0.01;20
6994.16;0.01;20
6995.2;0.01;20
6996.24;0.01;20
6997.29;0.01;20
6998.33;0.01;20
6999.38;0.01;20
7000.42;0.01;20
7001.47;0.01;20
7002.51;0.01;20
7003.56;0.01;20
7004.6;0.01;20
7005.64;0.01;20
7006.69;0.01;20
7007.73;0.01;20
7008.78;0.01;20
7009.82;0.01;20
7010.87;0.01;20
7011.91;0.01;20
7012.96;0.01;20
7014;0.01;20
7015.04;0.01;20
7016.09;0.01;20
7017.13;0.01;20
7018.18;0.01;20
7019.22;0.01;20
7020.27;0.01;20
7021.31;0.01;20
7022.36;0.01;20
7023.38;0.01;20
7024.42;0.01;20
7025.47;0.01;20
7026.51;0.01;20
7027.56;0.01;20
7028.6;0.01;20
7029.64;0.01;20
7030.69;0.01;20
7031.73;0.01;20
7032.78;0.01;20
7033.82;0.01;20
7034.87;0.01;20
7035.91;0.01;20
7036.96;0.01;20
7038;0.01;20
7039.04;0.01;20
7040.09;0.01;20
7041.13;0.01;20
7042.18;0.01;20
7043.22;0.01;20
7044.27;0.01;20
7045.31;0.01;20
7046.36;0.01;20
7047.4;0.01;20
7048.44;0.01;20
7049.49;0.01;20
7050.53;0.01;20
7051.58;0.01;20
7052.62;0.01;20
7053.67;0.01;20
7054.71;0.01;20
7055.76;0.01;20
7056.8;0.01;20
7057.84;0.01;20
7058.89;0.01;20
7059.93;0.01;20
7060.98;0.01;20
7062.02;0.01;20
7063.07;0.01;20
7064.11;0.01;20
7065.16;0.01;20
7066.2;0.01;20
7067.24;0.01;20
7068.29;0.01;20
7069.33;0.01;20
7070.38;0.01;20
7071.42;0.01;20
7072.47;0.01;20
7073.51;0.01;20
7074.56;0.01;20
7075.6;0.01;20
7076.64;0.01;20
7077.69;0.01;20
7078.73;0.01;20
7079.78;0.01;20
7080.82;0.01;20
7081.87;0.01;20
7082.91;0.01;20
7083.96;0.01;20
7085;0.01;20
7086.04;0.01;20
7087.09;0.01;20
7088.13;0.01;20
7089.18;0.01;20
7090.22;0.01;20
7091.27;0.01;20
7092.31;0.01;20
7093.36;0.01;20
7094.4;0.01;20
7095.44;0.01;20
7096.49;0.01;20
7097.53;0.01;20
7098.58;0.01;20
7099.62;0.01;20
7100.67;0.01;20
7101.71;0.01;20
7102.76;0.01;20
7103.8;0.01;20
7104.84;0.01;20
7105.89;0.01;20
7106.93;0.01;20
7107.98;0.01;20
7109.02;0.01;20
7110.07;0.01;20
7111.11;0.01;20
7112.16;0.01;20
7113.2;0.01;20
7114.24;0.01;20
7115.29;0.01;20
7116.33;0.01;20
7117.38;0.01;20
7118.42;0.01;20
7119.47;0.01;20
7120.51;0.01;20
7121.56;0.01;20
7122.6;0.01;20
7123.64;0.01;20
7124.69;0.01;20
7125.73;0.01;20
7126.78;0.01;20
7127.82;0.01;20
7128.87;0.01;20
7129.91;0.01;20
7130.96;0.01;20
7132;0.01;20
7133.04;0.01;20
7134.09;0.01;20
7135.13;0.01;20
7136.18;0.01;20
7137.22;0.01;20
7138.27;0.01;20
7139.31;0.01;20
7140.36;0.01;20
7141.4;0.01;20
7142.44;0.01;20
7143.49;0.01;20
7144.53;0.01;20
7145.58;0.01;20
7146.62;0.01;20
7147.67;0.01;20
7148.71;0.01;20
7149.76;0.01;20
7150.8;0.01;20
7151.84;0.01;20
7152.89;0.01;20
7153.93;0.01;20
7154.98;0.01;20
7156.02;0.01;20
7157.07;0.01;20
7158.11;0.01;20
7159.16;0.01;20
7160.2;0.01;20
7161.24;0.01;20
7162.29;0.01;20
7163.33;0.01;20
7164.38;0.01;20
7165.42;0.01;20
7166.47;0.01;20
7167.51;0.01;20
7168.56;0.01;20
7169.6;0.01;20
7170.64;0.01;20
7171.69;0.01;20
7172.73;0.01;20
7173.78;0.01;20
7174.82;0.01;20
7175.87;0.01;20
7176.91;0.01;20
7177.96;0.01;20
7179;0.01;20
7180.04;0.01;20
7181.09;0.01;20
7182.13;0.01;20
7183.18;0.01;20
7184.22;0.01;20
7185.27;0.01;20
7186.31;0.01;20
7187.36;0.01;20
7188.4;0.01;20
7189.44;0.01;20
7190.49;0.01;20
7191.53;0.01;20
7192.58;0.01;20
7193.62;0.01;20
7194.67;0.01;20
7195.71;0.01;20
7196.76;0.01;20
7197.8;0.01;20
7198.84;0.01;20
7199.89;0.01;20
7200.93;0.01;20
7201.98;0.01;20
7203.02;0.01;20
7204.07;0.01;20
7205.11;0.01;20
7206.16;0.01;20
7207.2;0.01;20
7208.24;0.01;20
7209.29;0.01;20
7210.33;0.01;20
7211.38;0.01;20
7212.42;0.01;20
7213.47;0.01;20
7214.51;0.01;20
7215.56;0.01;20
7216.6;0.01;20
7217.64;0.01;20
7218.69;0.01;20
7219.73;0.01;20
7220.78;0.01;20
7221.82;0.01;20
7222.87;0.01;20
7223.91;0.01;20
7224.96;0.01;20
7226;0.01;20
7227.04;0.01;20
7228.09;0.01;20
7229.13;0.01;20
7230.18;0.01;20
7231.22;0.01;20
7232.27;0.01;20
7233.31;0.01;20
7234.36;0.01;20
7235.4;0.01;20
7236.44;0.01;20
7237.49;0.01;20
7238.53;0.01;20
7239.58;0.01;20
7240.62;0.01;20
7241.67;0.01;20
7242.71;0.01;20
7243.76;0.01;20
7244.8;0.01;20
7245.84;0.01;20
7246.89;0.01;20
7247.93;0.01;20
7248.98;0.01;20
7250.02;0.01;20
7251.07;0.01;20
7252.11;0.01;20
7253.16;0.01;20
7254.2;0.01;20
7255.24;0.01;20
7256.29;0.01;20
7257.33;0.01;20
7258.38;0.01;20
7259.42;0.01;20
7260.47;0.01;20
7261.51;0.01;20
7262.56;0.01;20
7263.6;0.01;20
7264.64;0.01;20
7265.69;0.01;20
7266.73;0.01;20
7267.78;0.01;20
7268.82;0.01;20
7269.87;0.01;20
7270.91;0.01;20
7271.96;0.01;20
7273;0.01;20
7274.04;0.01;20
7275.09;0.01;20
7276.13;0.01;20
7277.18;0.01;20
7278.22;0.01;20
7279.27;0.01;20
7280.31;0.01;20
7281.36;0.01;20
7282.4;0.01;20
7283.44;0.01;20
7284.49;0.01;20
7285.53;0.01;20
7286.58;0.01;20
7287.62;0.01;20
7288.67;0.01;20
7289.71;0.01;20
7290.76;0.01;20
7291.8;0.01;20
7292.84;0.01;20
7293.84;0.01;20
7294.93;0.01;20
7295.98;0.01;20
7297.02;0.01;20
7298.07;0.01;20
7299.11;0.01;20
7300.16;0.01;20
7301.2;0.01;20
7302.24;0.01;20
7303.29;0.01;20
7304.33;0.01;20
7305.38;0.01;20
7306.42;0.01;20
7307.47;0.01;20
7308.51;0.01;20
7309.56;0.01;20
7310.6;0.01;20
7311.64;0.01;20
7312.69;0.01;20
7313.73;0.01;20
7314.78;0.01;20
7315.82;0.01;20
7316.87;0.01;20
7317.91;0.01;20
7318.96;0.01;20
7320;0.01;20
7321.04;0.01;20
7322.09;0.01;20
7323.13;0.01;20
7324.18;0.01;20
7325.22;0.01;20
7326.27;0.01;20
7327.31;0.01;20
7328.36;0.01;20
7329.36;0.01;20
7330.44;0.01;20
7331.49;0.01;20
7332.53;0.01;20
7333.58;0.01;20
7334.62;0.01;20
7335.67;0.01;20
7336.71;0.01;20
7337.76;0.01;20
7338.8;0.01;20
7339.84;0.01;20
7340.89;0.01;20
7341.93;0.01;20
7342.98;0.01;20
7344.02;0.01;20
7345.07;0.01;20
7346.11;0.01;20
7347.16;0.01;20
7348.2;0.01;20
7349.24;0.01;20
7350.29;0.01;20
7351.33;0.01;20
7352.38;0.01;20
7353.42;0.01;20
7354.47;0.01;20
7355.51;0.01;20
7356.56;0.01;20
7357.6;0.01;20
7358.64;0.01;20
7359.69;0.01;20
7360.73;0.01;20
7361.78;0.01;20
7362.82;0.01;20
7363.87;0.01;20
7364.91;0.01;20
7365.96;0.01;20
7367;0.01;20
7368.04;0.01;20
7369.09;0.01;20
7370.13;0.01;20
7371.18;0.01;20
7372.22;0.01;20
7373.27;0.01;20
7374.31;0.01;20
7375.36;0.01;20
7376.4;0.01;20
7377.44;0.01;20
7378.49;0.01;20
7379.53;0.01;20
7380.58;0.01;20
7381.62;0.01;20
7382.67;0.01;20
7383.71;0.01;20
7384.76;0.01;20
7385.8;0.01;20
7386.84;0.01;20
7387.89;0.01;20
7388.93;0.01;20
7389.98;0.01;20
7391.02;0.01;20
7392.07;0.01;20
7393.11;0.01;20
7394.16;0.01;20
7395.2;0.01;20
7396.24;0.01;20
7397.29;0.01;20
7398.33;0.01;20
7399.38;0.01;20
7400.42;0.01;20
7401.47;0.01;20
7402.51;0.01;20
7403.56;0.01;20
7404.6;0.01;20
7405.64;0.01;20
7406.69;0.01;20
7407.73;0.01;20
7408.78;0.01;20
7409.82;0.01;20
7410.87;0.01;20
7411.91;0.01;20
7412.96;0.01;20
7414;0.01;20
7415.04;0.01;20
7416.09;0.01;20
7417.13;0.01;20
7418.18;0.01;20
7419.22;0.01;20
7420.27;0.01;20
7421.31;0.01;20
7422.36;0.01;20
7423.4;0.01;20
7424.44;0.01;20
7425.49;0.01;20
7426.53;0.01;20
7427.58;0.01;20
7428.62;0.01;20
7429.67;0.01;20
7430.71;0.01;20
7431.76;0.01;20
7432.8;0.01;20
7433.84;0.01;20
7434.89;0.01;20
7435.93;0.01;20
7436.98;0.01;20
7438.02;0.01;20
7439.07;0.01;20
7440.11;0.01;20
7441.16;0.01;20
7442.2;0.01;20
7443.24;0.01;20
7444.29;0.01;20
7445.33;0.01;20
7446.38;0.01;20
7447.42;0.01;20
7448.47;0.01;20
7449.51;0.01;20
7450.56;0.01;20
7451.6;0.01;20
7452.64;0.01;20
7453.69;0.01;20
7454.73;0.01;20
7455.78;0.01;20
7456.82;0.01;20
7457.87;0.01;20
7458.91;0.01;20
7459.96;0.01;20
7461;0.01;20
7462.04;0.01;20
7463.09;0.01;20
7464.13;0.01;20
7465.18;0.01;20
7466.22;0.01;20
7467.27;0.01;20
7468.31;0.01;20
7469.36;0.01;20
7470.4;0.01;20
7471.44;0.01;20
7472.49;0.01;20
7473.53;0.01;20
7474.58;0.01;20
7475.58;0.01;20
7476.67;0.01;20
7477.71;0.01;20
7478.76;0.01;20
7479.8;0.01;20
7480.84;0.01;20
7481.89;0.01;20
7482.93;0.01;20
7483.98;0.01;20
7485.02;0.01;20
7486.07;0.01;20
7487.11;0.01;20
7488.16;0.01;20
7489.2;0.01;20
7490.24;0.01;20
7491.29;0.01;20
7492.33;0.01;20
7493.38;0.01;20
7494.42;0.01;20
7495.47;0.01;20
7496.51;0.01;20
7497.56;0.01;20
7498.6;0.01;20
7499.64;0.01;20
7500.69;0.01;20
7501.73;0.01;20
7502.78;0.01;20
7503.82;0.01;20
7504.87;0.01;20
7505.91;0.01;20
7506.96;0.01;20
7508;0.01;20
7509.04;0.01;20
7510.09;0.01;20
7511.09;0.01;20
7512.18;0.01;20
7513.22;0.01;20
7514.27;0.01;20
7515.31;0.01;20
7516.36;0.01;20
7517.4;0.01;20
7518.44;0.01;20
7519.49;0.01;20
7520.53;0.01;20
7521.58;0.01;20
7522.62;0.01;20
7523.67;0.01;20
7524.71;0.01;20
7525.76;0.01;20
7526.8;0.01;20
7527.84;0.01;20
7528.89;0.01;20
7529.93;0.01;20
7530.98;0.01;20
7532.02;0.01;20
7533.07;0.01;20
7534.11;0.01;20
7535.16;0.01;20
7536.2;0.01;20
7537.24;0.01;20
7538.29;0.01;20
7539.33;0.01;20
7540.38;0.01;20
7541.42;0.01;20
7542.47;0.01;20
7543.51;0.01;20
7544.56;0.01;20
7545.6;0.01;20
7546.6;0.01;20
7547.69;0.01;20
7548.73;0.01;20
7549.78;0.01;20
7550.82;0.01;20
7551.87;0.01;20
7552.91;0.01;20
7553.96;0.01;20
7555;0.01;20
7556.04;0.01;20
7557.09;0.01;20
7558.13;0.01;20
7559.18;0.01;20
7560.22;0.01;20
7561.27;0.01;20
7562.31;0.01;20
7563.36;0.01;20
7564.4;0.01;20
7565.44;0.01;20
7566.49;0.01;20
7567.53;0.01;20
7568.58;0.01;20
7569.62;0.01;20
7570.67;0.01;20
7571.71;0.01;20
7572.76;0.01;20
7573.8;0.01;20
7574.84;0.01;20
7575.89;0.01;20
7576.93;0.01;20
7577.98;0.01;20
7579.02;0.01;20
7580.07;0.01;20
7581.11;0.01;20
7582.16;0.01;20
7583.2;0.01;20
7584.24;0.01;20
7585.29;0.01;20
7586.33;0.01;20
7587.38;0.01;20
7588.42;0.01;20
7589.47;0.01;20
7590.51;0.01;20
7591.56;0.01;20
7592.6;0.01;20
7593.62;0.01;20
7594.67;0.01;20
7595.71;0.01;20
7596.76;0.01;20
7597.8;0.01;20
7598.84;0.01;20
7599.89;0.01;20
7600.93;0.01;20
7601.98;0.01;20
7603.02;0.01;20
7604.07;0.01;20
7605.11;0.01;20
7606.16;0.01;20
7607.2;0.01;20
7608.24;0.01;20
7609.29;0.01;20
7610.33;0.01;20
7611.38;0.01;20
7612.42;0.01;20
7613.47;0.01;20
7614.51;0.01;20
7615.56;0.01;20
7616.6;0.01;20
7617.64;0.01;20
7618.69;0.01;20
7619.73;0.01;20
7620.78;0.01;20
7621.82;0.01;20
7622.87;0.01;20
7623.91;0.01;20
7624.96;0.01;20
7626;0.01;20
7627.04;0.01;20
7628.09;0.01;20
7629.13;0.01;20
7630.18;0.01;20
7631.22;0.01;20
7632.27;0.01;20
7633.31;0.01;20
7634.36;0.01;20
7635.4;0.01;20
7636.44;0.01;20
7637.49;0.01;20
7638.53;0.01;20
7639.58;0.01;20
7640.62;0.01;20
7641.67;0.01;20
7642.71;0.01;20
7643.76;0.01;20
7644.8;0.01;20
7645.84;0.01;20
7646.89;0.01;20
7647.93;0.01;20
7648.98;0.01;20
7650.02;0.01;20
7651.07;0.01;20
7652.11;0.01;20
7653.16;0.01;20
7654.2;0.01;20
7655.24;0.01;20
7656.29;0.01;20
7657.33;0.01;20
7658.38;0.01;20
7659.42;0.01;20
7660.47;0.01;20
7661.51;0.01;20
7662.56;0.01;20
7663.6;0.01;20
7664.64;0.01;20
7665.69;0.01;20
7666.73;0.01;20
7667.78;0.01;20
7668.82;0.01;20
7669.87;0.01;20
7670.91;0.01;20
7671.96;0.01;20
7673;0.01;20
7674.04;0.01;20
7675.09;0.01;20
7676.13;0.01;20
7677.18;0.01;20
7678.22;0.01;20
7679.27;0.01;20
7680.31;0.01;20
7681.36;0.01;20
7682.4;0.01;20
7683.44;0.01;20
7684.49;0.01;20
7685.53;0.01;20
7686.58;0.01;20
7687.62;0.01;20
7688.67;0.02;20
7689.71;0.02;20
7690.76;0.01;20
7691.8;0.01;20
7692.84;0.01;20
7693.89;0.01;20
7694.93;0.01;20
7695.98;0.01;20
7697.02;0.01;20
7698.07;0.01;20
7699.11;0.01;20
7700.16;0.01;20
7701.2;0.01;20
7702.24;0.01;20
7703.29;0.01;20
7704.33;0.01;20
7705.38;0.01;20
7706.42;0.01;20
7707.47;0.01;20
7708.51;0.01;20
7709.56;0.01;20
7710.6;0.01;20
7711.64;0.01;20
7712.69;0.01;20
7713.73;0.01;20
7714.78;0.01;20
7715.82;0.01;20
7716.87;0.01;20
7717.91;0.01;20
7718.96;0.01;20
7720;0.01;20
7721.04;0.01;20
7722.09;0.01;20
7723.13;0.01;20
7724.18;0.01;20
7725.22;0.01;20
7726.27;0.01;20
7727.31;0.01;20
7728.36;0.01;20
7729.4;0.01;20
7730.4;0.01;20
7731.49;0.01;20
7732.53;0.01;20
7733.58;0.01;20
7734.62;0.01;20
7735.67;0.01;20
7736.71;0.01;20
7737.76;0.01;20
7738.8;0.01;20
7739.84;0.01;20
7740.89;0.01;20
7741.93;0.01;20
7742.98;0.01;20
7744.02;0.01;20
7745.07;0.01;20
7746.11;0.01;20
7747.16;0.01;20
7748.2;0.01;20
7749.24;0.01;20
7750.29;0.01;20
7751.33;0.01;20
7752.38;0.01;20
7753.42;0.01;20
7754.47;0.01;20
7755.51;0.01;20
7756.56;0.01;20
7757.6;0.01;20
7758.64;0.01;20
7759.69;0.01;20
7760.73;0.01;20
7761.78;0.01;20
7762.82;0.01;20
7763.87;0.01;20
7764.91;0.01;20
7765.91;0.01;20
7767;0.01;20
7768.04;0.01;20
7769.09;0.01;20
7770.13;0.01;20
7771.18;0.01;20
7772.22;0.01;20
7773.27;0.01;20
7774.31;0.01;20
7775.36;0.01;20
7776.4;0.01;20
7777.44;0.01;20
7778.49;0.01;20
7779.53;0.01;20
7780.58;0.01;20
7781.62;0.01;20
7782.67;0.01;20
7783.71;0.01;20
7784.76;0.01;20
7785.8;0.01;20
7786.84;0.01;20
7787.89;0.01;20
7788.93;0.01;20
7789.98;0.01;20
7791.02;0.01;20
7792.07;0.01;20
7793.11;0.01;20
7794.16;0.01;20
7795.2;0.01;20
7796.24;0.01;20
7797.29;0.02;20
7798.33;0.01;20
7799.38;0.01;20
7800.42;0.01;20
7801.42;0.01;20
7802.51;0.01;20
7803.56;0.01;20
7804.6;0.01;20
7805.64;0.01;20
7806.69;0.01;20
7807.73;0.01;20
7808.78;0.01;20
7809.82;0.01;20
7810.87;0.01;20
7811.91;0.01;20
7812.96;0.01;20
7814;0.01;20
7815.04;0.01;20
7816.09;0.01;20
7817.13;0.01;20
7818.18;0.01;20
7819.22;0.01;20
7820.27;0.01;20
7821.31;0.01;20
7822.36;0.01;20
7823.4;0.01;20
7824.44;0.01;20
7825.49;0.01;20
7826.53;0.01;20
7827.58;0.01;20
7828.62;0.01;20
7829.67;0.01;20
7830.71;0.01;20
7831.76;0.01;20
7832.8;0.01;20
7833.84;0.01;20
7834.89;0.01;20
7835.93;0.01;20
7836.98;0.01;20
7838.02;0.01;20
7839.07;0.01;20
7840.11;0.01;20
7841.16;0.01;20
7842.2;0.01;20
7843.24;0.01;20
7844.29;0.01;20
7845.33;0.01;20
7846.38;0.01;20
7847.42;0.01;20
7848.47;0.01;20
7849.51;0.01;20
7850.56;0.01;20
7851.6;0.01;20
7852.64;0.01;20
7853.69;0.01;20
7854.73;0.01;20
7855.78;0.01;20
7856.82;0.01;20
7857.87;0.01;20
7858.91;0.01;20
7859.96;0.01;20
7861;0.01;20
7862.04;0.01;20
7863.09;0.01;20
7864.09;0.01;20
7865.18;0.01;20
7866.22;0.01;20
7867.27;0.01;20
7868.31;0.01;20
7869.36;0.01;20
7870.4;0.01;20
7871.44;0.01;20
7872.49;0.01;20
7873.53;0.01;20
7874.58;0.01;20
7875.58;0.01;20
7876.67;0.01;20
7877.71;0.01;20
7878.76;0.01;20
7879.8;0.01;20
7880.84;0.01;20
7881.89;0.01;20
7882.93;0.01;20
7883.98;0.01;20
7885.02;0.01;20
7886.07;0.01;20
7887.11;0.01;20
7888.16;0.01;20
7889.2;0.01;20
7890.24;0.01;20
7891.29;0.01;20
7892.33;0.01;20
7893.38;0.01;20
7894.42;0.01;20
7895.47;0.01;20
7896.51;0.01;20
7897.56;0.01;20
7898.6;0.01;20
7899.6;0.01;20
7900.69;0.01;20
7901.73;0.01;20
7902.78;0.01;20
7903.82;0.01;20
7904.87;0.01;20
7905.91;0.01;20
7906.96;0.01;20
7908;0.01;20
7909.04;0.01;20
7910.09;0.01;20
7911.13;0.01;20
7912.18;0.01;20
7913.22;0.01;20
7914.27;0.01;20
7915.31;0.01;20
7916.36;0.01;20
7917.4;0.01;20
7918.44;0.01;20
7919.49;0.01;20
7920.53;0.01;20
7921.58;0.01;20
7922.62;0.01;20
7923.67;0.01;20
7924.71;0.01;20
7925.76;0.01;20
7926.8;0.01;20
7927.84;0.01;20
7928.89;0.01;20
7929.93;0.01;20
7930.98;0.01;20
7932.02;0.01;20
7933.07;0.01;20
7934.11;0.01;20
7935.16;0.01;20
7936.2;0.01;20
7937.24;0.01;20
7938.29;0.01;20
7939.33;0.01;20
7940.38;0.01;20
7941.42;0.01;20
7942.47;0.01;20
7943.51;0.01;20
7944.56;0.01;20
7945.6;0.01;20
7946.64;0.01;20
7947.69;0.01;20
7948.73;0.01;20
7949.78;0.01;20
7950.82;0.01;20
7951.87;0.01;20
7952.91;0.01;20
7953.96;0.01;20
7955;0.01;20
7956.04;0.01;20
7957.09;0.01;20
7958.13;0.01;20
7959.18;0.01;20
7960.22;0.01;20
7961.27;0.01;20
7962.31;0.01;20
7963.36;0.01;20
7964.4;0.01;20
7965.44;0.01;20
7966.49;0.01;20
7967.53;0.01;20
7968.58;0.01;20
7969.62;0.01;20
7970.67;0.01;20
7971.71;0.01;20
7972.76;0.01;20
7973.8;0.01;20
7974.84;0.01;20
7975.89;0.01;20
7976.93;0.01;20
7977.98;0.01;20
7979.02;0.01;20
7980.07;0.01;20
7981.11;0.01;20
7982.16;0.01;20
7983.2;0.01;20
7984.24;0.01;20
7985.29;0.01;20
7986.33;0.01;20
7987.38;0.01;20
7988.42;0.01;20
7989.47;0.01;20
7990.51;0.01;20
7991.56;0.01;20
7992.6;0.01;20
7993.64;0.01;20
7994.69;0.01;20
7995.73;0.01;20
7996.78;0.01;20
7997.82;0.02;20
7998.87;0.01;20
7999.91;0.01;20
8000.96;0.01;20
8002;0.01;20
8003.04;0.01;20
8004.09;0.01;20
8005.13;0.01;20
8006.18;0.01;20
8007.22;0.01;20
8008.27;0.01;20
8009.31;0.01;20
8010.36;0.01;20
8011.4;0.01;20
8012.44;0.01;20
8013.49;0.01;20
8014.53;0.01;20
8015.58;0.01;20
8016.62;0.01;20
8017.67;0.01;20
8018.71;0.01;20
8019.76;0.01;20
8020.8;0.01;20
8021.84;0.01;20
8022.89;0.01;20
8023.93;0.01;20
8024.98;0.01;20
8026.02;0.01;20
8027.07;0.01;20
8028.11;0.01;20
8029.16;0.01;20
8030.2;0.01;20
8031.24;0.01;20
8032.29;0.01;20
8033.33;0.01;20
8034.38;0.01;20
8035.42;0.01;20
8036.47;0.01;20
8037.51;0.01;20
8038.56;0.01;20
8039.6;0.01;20
8040.64;0.01;20
8041.69;0.01;20
8042.73;0.01;20
8043.78;0.01;20
8044.82;0.01;20
8045.87;0.01;20
8046.91;0.01;20
8047.96;0.01;20
8049;0.01;20
8050.04;0.01;20
8051.09;0.01;20
8052.13;0.01;20
8053.18;0.01;20
8054.22;0.01;20
8055.27;0.01;20
8056.31;0.01;20
8057.36;0.01;20
8058.4;0.01;20
8059.44;0.01;20
8060.49;0.01;20
8061.53;0.01;20
8062.58;0.01;20
8063.62;0.01;20
8064.67;0.01;20
8065.71;0.01;20
8066.76;0.01;20
8067.8;0.01;20
8068.84;0.01;20
8069.89;0.01;20
8070.93;0.01;20
8071.98;0.01;20
8073.02;0.01;20
8074.07;0.01;20
8075.11;0.01;20
8076.16;0.01;20
8077.2;0.01;20
8078.24;0.01;20
8079.29;0.01;20
8080.33;0.01;20
8081.38;0.01;20
8082.42;0.01;20
8083.47;0.01;20
8084.51;0.01;20
8085.56;0.01;20
8086.6;0.01;20
8087.64;0.01;20
8088.69;0.01;20
8089.73;0.01;20
8090.78;0.01;20
8091.82;0.01;20
8092.87;0.01;20
8093.91;0.01;20
8094.96;0.01;20
8096;0.01;20
8097.04;0.01;20
8098.09;0.01;20
8099.13;0.01;20
8100.18;0.01;20
8101.22;0.01;20
8102.27;0.01;20
8103.31;0.01;20
8104.36;0.01;20
8105.4;0.01;20
8106.44;0.01;20
8107.49;0.01;20
8108.53;0.01;20
8109.58;0.01;20
8110.62;0.01;20
8111.67;0.01;20
8112.71;0.01;20
8113.76;0.01;20
8114.8;0.01;20
8115.84;0.01;20
8116.89;0.01;20
8117.93;0.01;20
8118.98;0.01;20
8120;0.01;20
8121.04;0.01;20
8122.09;0.01;20
8123.13;0.01;20
8124.18;0.01;20
8125.22;0.01;20
8126.27;0.01;20
8127.31;0.01;20
8128.36;0.01;20
8129.4;0.01;20
8130.44;0.01;20
8131.49;0.01;20
8132.53;0.01;20
8133.58;0.01;20
8134.62;0.01;20
8135.67;0.01;20
8136.71;0.01;20
8137.76;0.01;20
8138.8;0.01;20
8139.84;0.01;20
8140.89;0.01;20
8141.93;0.01;20
8142.98;0.01;20
8144.02;0.01;20
8145.07;0.01;20
8146.11;0.01;20
8147.16;0.01;20
8148.2;0.01;20
8149.24;0.01;20
8150.29;0.01;20
8151.33;0.01;20
8152.38;0.01;20
8153.42;0.01;20
8154.47;0.01;20
8155.51;0.01;20
8156.56;0.01;20
8157.6;0.01;20
8158.64;0.01;20
8159.69;0.01;20
8160.73;0.01;20
8161.78;0.01;20
8162.82;0.01;20
8163.84;0.01;20
8164.89;0.01;20
8165.93;0.01;20
8166.98;0.01;20
8168.02;0.01;20
8169.07;0.01;20
8170.11;0.01;20
8171.16;0.01;20
8172.2;0.01;20
8173.24;0.01;20
8174.29;0.01;20
8175.33;0.01;20
8176.38;0.01;20
8177.42;0.01;20
8178.47;0.01;20
8179.51;0.01;20
8180.56;0.01;20
8181.6;0.01;20
8182.64;0.01;20
8183.69;0.01;20
8184.73;0.01;20
8185.78;0.01;20
8186.82;0.01;20
8187.87;0.01;20
8188.91;0.01;20
8189.96;0.01;20
8191;0.01;20
8192.04;0.01;20
8193.09;0.01;20
8194.13;0.01;20
8195.18;0.01;20
8196.22;0.01;20
8197.27;0.01;20
8198.31;0.01;20
8199.36;0.01;20
8200.4;0.01;20
8201.44;0.01;20
8202.49;0.01;20
8203.53;0.01;20
8204.58;0.01;20
8205.62;0.01;20
8206.67;0.01;20
8207.71;0.01;20
8208.76;0.01;20
8209.8;0.01;20
8210.84;0.01;20
8211.89;0.01;20
8212.93;0.01;20
8213.98;0.01;20
8215.02;0.01;20
8216.07;0.01;20
8217.11;0.01;20
8218.16;0.01;20
8219.2;0.01;20
8220.24;0.01;20
8221.29;0.01;20
8222.33;0.01;20
8223.38;0.01;20
8224.42;0.01;20
8225.47;0.01;20
8226.51;0.01;20
8227.56;0.01;20
8228.6;0.01;20
8229.64;0.01;20
8230.69;0.01;20
8231.73;0.01;20
8232.78;0.01;20
8233.82;0.01;20
8234.87;0.01;20
8235.91;0.01;20
8236.96;0.01;20
8238;0.01;20
8239.04;0.01;20
8240.09;0.01;20
8241.13;0.01;20
8242.18;0.01;20
8243.22;0.01;20
8244.27;0.01;20
8245.31;0.01;20
8246.36;0.01;20
8247.4;0.01;20
8248.44;0.01;20
8249.49;0.01;20
8250.53;0.01;20
8251.58;0.01;20
8252.62;0.02;20
8253.67;0.01;20
8254.71;0.01;20
8255.76;0.01;20
8256.8;0.01;20
8257.84;0.01;20
8258.89;0.01;20
8259.93;0.01;20
8260.98;0.01;20
8262.02;0.01;20
8263.07;0.01;20
8264.11;0.01;20
8265.16;0.01;20
8266.2;0.01;20
8267.24;0.01;20
8268.29;0.01;20
8269.33;0.01;20
8270.38;0.01;20
8271.42;0.01;20
8272.47;0.01;20
8273.51;0.01;20
8274.56;0.01;20
8275.56;0.01;20
8276.64;0.01;20
8277.69;0.01;20
8278.73;0.01;20
8279.78;0.01;20
8280.82;0.01;20
8281.87;0.01;20
8282.91;0.01;20
8283.96;0.01;20
8285;0.01;20
8286.04;0.01;20
8287.09;0.01;20
8288.13;0.01;20
8289.18;0.01;20
8290.22;0.01;20
8291.27;0.01;20
8292.31;0.01;20
8293.36;0.01;20
8294.4;0.01;20
8295.44;0.01;20
8296.49;0.01;20
8297.53;0.01;20
8298.58;0.01;20
8299.62;0.01;20
8300.67;0.01;20
8301.71;0.01;20
8302.76;0.01;20
8303.8;0.01;20
8304.84;0.01;20
8305.89;0.01;20
8306.93;0.01;20
8307.98;0.01;20
8309.02;0.01;20
8310.07;0.01;20
8311.07;0.01;20
8312.16;0.01;20
8313.2;0.01;20
8314.24;0.01;20
8315.29;0.01;20
8316.33;0.01;20
8317.38;0.01;20
8318.42;0.01;20
8319.47;0.01;20
8320.51;0.01;20
8321.56;0.01;20
8322.6;0.01;20
8323.64;0.01;20
8324.69;0.01;20
8325.73;0.01;20
8326.78;0.01;20
8327.82;0.01;20
8328.87;0.01;20
8329.91;0.01;20
8330.96;0.01;20
8332;0.01;20
8333.04;0.01;20
8334.09;0.01;20
8335.13;0.01;20
8336.18;0.01;20
8337.22;0.01;20
8338.27;0.01;20
8339.31;0.01;20
8340.36;0.01;20
8341.4;0.01;20
8342.44;0.01;20
8343.49;0.01;20
8344.53;0.01;20
8345.58;0.01;20
8346.62;0.01;20
8347.67;0.01;20
8348.71;0.01;20
8349.76;0.01;20
8350.8;0.01;20
8351.84;0.01;20
8352.89;0.01;20
8353.93;0.01;20
8354.98;0.01;20
8356.02;0.01;20
8357.07;0.01;20
8358.11;0.01;20
8359.16;0.01;20
8360.2;0.01;20
8361.24;0.01;20
8362.29;0.01;20
8363.33;0.01;20
8364.38;0.01;20
8365.42;0.01;20
8366.47;0.01;20
8367.51;0.01;20
8368.56;0.01;20
8369.6;0.01;20
8370.64;0.01;20
8371.69;0.01;20
8372.73;0.01;20
8373.78;0.01;20
8374.82;0.01;20
8375.87;0.01;20
8376.91;0.01;20
8377.96;0.01;20
8379;0.01;20
8380;0.01;20
8381.04;0.01;20
8382.09;0.01;20
8383.13;0.01;20
8384.18;0.01;20
8385.22;0.01;20
8386.27;0.01;20
8387.31;0.01;20
8388.36;0.01;20
8389.4;0.01;20
8390.44;0.01;20
8391.49;0.01;20
8392.53;0.01;20
8393.58;0.01;20
8394.62;0.01;20
8395.67;0.01;20
8396.71;0.01;20
8397.76;0.01;20
8398.8;0.01;20
8399.84;0.01;20
8400.89;0.01;20
8401.93;0.01;20
8402.98;0.01;20
8404.02;0.01;20
8405.07;0.01;20
8406.11;0.01;20
8407.16;0.01;20
8408.2;0.01;20
8409.24;0.01;20
8410.29;0.01;20
8411.33;0.01;20
8412.38;0.01;20
8413.42;0.01;20
8414.47;0.01;20
8415.51;0.01;20
8416.56;0.01;20
8417.6;0.01;20
8418.64;0.01;20
8419.69;0.01;20
8420.73;0.01;20
8421.78;0.01;20
8422.82;0.01;20
8423.87;0.01;20
8424.91;0.01;20
8425.96;0.01;20
8427;0.01;20
8428.04;0.01;20
8429.09;0.01;20
8430.13;0.01;20
8431.18;0.01;20
8432.22;0.01;20
8433.27;0.01;20
8434.31;0.01;20
8435.36;0.01;20
8436.4;0.01;20
8437.44;0.01;20
8438.49;0.01;20
8439.53;0.01;20
8440.58;0.01;20
8441.62;0.01;20
8442.67;0.01;20
8443.71;0.01;20
8444.76;0.01;20
8445.8;0.01;20
8446.84;0.01;20
8447.89;0.01;20
8448.93;0.01;20
8449.98;0.01;20
8451.02;0.01;20
8452.07;0.01;20
8453.11;0.01;20
8454.16;0.01;20
8455.2;0.01;20
8456.24;0.01;20
8457.29;0.01;20
8458.33;0.01;20
8459.38;0.01;20
8460.42;0.01;20
8461.47;0.01;20
8462.51;0.01;20
8463.56;0.01;20
8464.6;0.01;20
8465.64;0.01;20
8466.69;0.01;20
8467.73;0.01;20
8468.78;0.01;20
8469.82;0.01;20
8470.87;0.01;20
8471.91;0.01;20
8472.96;0.01;20
8474;0.01;20
8475.04;0.01;20
8476.09;0.01;20
8477.13;0.01;20
8478.18;0.01;20
8479.22;0.01;20
8480.27;0.01;20
8481.31;0.01;20
8482.36;0.01;20
8483.4;0.01;20
8484.44;0.01;20
8485.49;0.01;20
8486.53;0.01;20
8487.58;0.01;20
8488.62;0.01;20
8489.67;0.01;20
8490.71;0.01;20
8491.76;0.01;20
8492.8;0.01;20
8493.84;0.01;20
8494.89;0.01;20
8495.93;0.01;20
8496.98;0.01;20
8498.02;0.01;20
8499.07;0.01;20
8500.11;0.01;20
8501.16;0.01;20
8502.2;0.01;20
8503.24;0.01;20
8504.29;0.01;20
8505.33;0.01;20
8506.38;0.01;20
8507.42;0.01;20
8508.47;0.01;20
8509.51;0.01;20
8510.56;0.01;20
8511.6;0.01;20
8512.64;0.01;20
8513.69;0.01;20
8514.73;0.01;20
8515.78;0.01;20
8516.82;0.01;20
8517.87;0.01;20
8518.91;0.01;20
8519.96;0.01;20
8521;0.01;20
8522.04;0.01;20
8523.09;0.01;20
8524.13;0.01;20
8525.18;0.01;20
8526.22;0.01;20
8527.27;0.01;20
8528.31;0.01;20
8529.36;0.01;20
8530.4;0.01;20
8531.44;0.01;20
8532.49;0.01;20
8533.53;0.01;20
8534.58;0.01;20
8535.58;0.01;20
8536.67;0.01;20
8537.71;0.01;20
8538.76;0.01;20
8539.8;0.01;20
8540.84;0.01;20
8541.89;0.01;20
8542.93;0.01;20
8543.98;0.01;20
8545.02;0.01;20
8546.07;0.01;20
8547.11;0.01;20
8548.16;0.01;20
8549.2;0.01;20
8550.24;0.01;20
8551.29;0.01;20
8552.33;0.01;20
8553.38;0.01;20
8554.42;0.01;20
8555.47;0.01;20
8556.51;0.01;20
8557.56;0.01;20
8558.6;0.01;20
8559.64;0.01;20
8560.69;0.01;20
8561.73;0.01;20
8562.78;0.01;20
8563.82;0.01;20
8564.87;0.01;20
8565.91;0.01;20
8566.96;0.01;20
8568;0.01;20
8569.04;0.01;20
8570.09;0.01;20
8571.09;0.01;20
8572.18;0.01;20
8573.22;0.01;20
8574.27;0.01;20
8575.31;0.01;20
8576.36;0.01;20
8577.4;0.01;20
8578.44;0.01;20
8579.49;0.01;20
8580.53;0.01;20
8581.58;0.01;20
8582.62;0.01;20
8583.67;0.01;20
8584.71;0.01;20
8585.76;0.01;20
8586.8;0.01;20
8587.84;0.01;20
8588.89;0.01;20
8589.93;0.01;20
8590.98;0.01;20
8592.02;0.01;20
8593.07;0.01;20
8594.11;0.01;20
8595.16;0.01;20
8596.2;0.01;20
8597.24;0.01;20
8598.29;0.01;20
8599.33;0.01;20
8600.38;0.01;20
8601.42;0.01;20
8602.47;0.01;20
8603.51;0.01;20
8604.56;0.01;20
8605.6;0.01;20
8606.64;0.01;20
8607.69;0.01;20
8608.73;0.01;20
8609.78;0.01;20
8610.82;0.01;20
8611.87;0.01;20
8612.91;0.01;20
8613.96;0.01;20
8615;0.01;20
8616.04;0.01;20
8617.09;0.01;20
8618.13;0.01;20
8619.18;0.01;20
8620.22;0.01;20
8621.27;0.01;20
8622.31;0.01;20
8623.36;0.01;20
8624.4;0.01;20
8625.44;0.01;20
8626.49;0.01;20
8627.53;0.01;20
8628.58;0.01;20
8629.62;0.01;20
8630.67;0.01;20
8631.71;0.01;20
8632.76;0.01;20
8633.8;0.01;20
8634.84;0.01;20
8635.89;0.01;20
8636.93;0.01;20
8637.98;0.01;20
8639.02;0.01;20
8640.07;0.01;20
8641.11;0.01;20
8642.16;0.01;20
8643.2;0.01;20
8644.24;0.01;20
8645.29;0.01;20
8646.33;0.01;20
8647.38;0.01;20
8648.42;0.01;20
8649.47;0.01;20
8650.51;0.01;20
8651.56;0.01;20
8652.6;0.01;20
8653.64;0.01;20
8654.69;0.01;20
8655.73;0.01;20
8656.78;0.01;20
8657.82;0.01;20
8658.87;0.01;20
8659.91;0.01;20
8660.96;0.01;20
8662;0.01;20
8663.04;0.01;20
8664.09;0.01;20
8665.13;0.01;20
8666.18;0.01;20
8667.22;0.01;20
8668.27;0.01;20
8669.31;0.01;20
8670.36;0.01;20
8671.4;0.01;20
8672.44;0.01;20
8673.49;0.01;20
8674.53;0.01;20
8675.58;0.01;20
8676.62;0.01;20
8677.67;0.01;20
8678.71;0.01;20
8679.76;0.01;20
8680.8;0.01;20
8681.84;0.01;20
8682.89;0.01;20
8683.93;0.01;20
8684.98;0.01;20
8686.02;0.01;20
8687.07;0.01;20
8688.11;0.01;20
8689.16;0.01;20
8690.2;0.01;20
8691.24;0.01;20
8692.29;0.01;20
8693.33;0.01;20
8694.38;0.01;20
8695.42;0.01;20
8696.47;0.01;20
8697.51;0.01;20
8698.56;0.01;20
8699.6;0.01;20
8700.64;0.01;20
8701.69;0.01;20
8702.73;0.01;20
8703.78;0.01;20
8704.82;0.01;20
8705.87;0.01;20
8706.91;0.01;20
8707.96;0.01;20
8709;0.01;20
8710.04;0.01;20
8711.09;0.01;20
8712.13;0.01;20
8713.18;0.01;20
8714.22;0.01;20
8715.27;0.01;20
8716.31;0.01;20
8717.36;0.01;20
8718.4;0.01;20
8719.44;0.01;20
8720.49;0.01;20
8721.53;0.01;20
8722.58;0.01;20
8723.62;0.01;20
8724.67;0.01;20
8725.71;0.01;20
8726.76;0.01;20
8727.8;0.01;20
8728.84;0.01;20
8729.89;0.01;20
8730.93;0.01;20
8731.98;0.01;20
8733.02;0.01;20
8734.07;0.01;20
8735.11;0.01;20
8736.16;0.01;20
8737.2;0.01;20
8738.24;0.01;20
8739.29;0.01;20
8740.33;0.01;20
8741.38;0.01;20
8742.42;0.01;20
8743.47;0.01;20
8744.51;0.01;20
8745.56;0.01;20
8746.6;0.01;20
8747.64;0.01;20
8748.69;0.01;20
8749.73;0.01;20
8750.78;0.01;20
8751.82;0.01;20
8752.87;0.01;20
8753.91;0.01;20
8754.96;0.01;20
8756;0.01;20
8757.04;0.01;20
8758.09;0.01;20
8759.13;0.01;20
8760.18;0.01;20
8761.22;0.01;20
8762.27;0.01;20
8763.31;0.01;20
8764.36;0.01;20
8765.4;0.01;20
8766.44;0.01;20
8767.49;0.01;20
8768.53;0.01;20
8769.58;0.01;20
8770.62;0.01;20
8771.67;0.01;20
8772.71;0.01;20
8773.76;0.01;20
8774.8;0.01;20
8775.84;0.01;20
8776.89;0.01;20
8777.93;0.01;20
8778.98;0.01;20
8780;0.01;20
8781.04;0.01;20
8782.09;0.01;20
8783.13;0.01;20
8784.18;0.01;20
8785.22;0.01;20
8786.27;0.01;20
8787.31;0.01;20
8788.36;0.01;20
8789.4;0.01;20
8790.4;0.01;20
8791.49;0.01;20
8792.53;0.01;20
8793.58;0.01;20
8794.62;0.01;20
8795.67;0.01;20
8796.71;0.01;20
8797.76;0.01;20
8798.8;0.01;20
8799.84;0.01;20
8800.89;0.01;20
8801.93;0.01;20
8802.98;0.01;20
8804.02;0.01;20
8805.07;0.01;20
8806.11;0.01;20
8807.16;0.01;20
8808.2;0.01;20
8809.24;0.01;20
8810.29;0.01;20
8811.33;0.01;20
8812.38;0.01;20
8813.42;0.01;20
8814.47;0.01;20
8815.51;0.01;20
8816.56;0.01;20
8817.6;0.01;20
8818.64;0.01;20
8819.69;0.01;20
8820.73;0.01;20
8821.78;0.01;20
8822.82;0.01;20
8823.87;0.01;20
8824.91;0.01;20
8825.91;0.01;20
8827;0.01;20
8828.04;0.01;20
8829.09;0.01;20
8830.13;0.01;20
8831.18;0.01;20
8832.22;0.01;20
8833.27;0.01;20
8834.31;0.01;20
8835.36;0.01;20
8836.4;0.01;20
8837.44;0.01;20
8838.49;0.01;20
8839.53;0.01;20
8840.58;0.01;20
8841.62;0.01;20
8842.67;0.01;20
8843.71;0.01;20
8844.76;0.01;20
8845.8;0.01;20
8846.84;0.01;20
8847.89;0.01;20
8848.93;0.01;20
8849.98;0.01;20
8851.02;0.01;20
8852.07;0.01;20
8853.11;0.01;20
8854.13;0.01;20
8855.18;0.01;20
8856.22;0.01;20
8857.27;0.01;20
8858.31;0.01;20
8859.36;0.01;20
8860.4;0.01;20
8861.4;0.01;20
8862.49;0.01;20
8863.53;0.01;20
8864.58;0.01;20
8865.62;0.01;20
8866.67;0.01;20
8867.71;0.01;20
8868.76;0.01;20
8869.8;0.01;20
8870.84;0.01;20
8871.89;0.01;20
8872.93;0.01;20
8873.98;0.01;20
8875.02;0.01;20
8876.07;0.01;20
8877.11;0.01;20
8878.16;0.01;20
8879.2;0.01;20
8880.24;0.01;20
8881.29;0.01;20
8882.33;0.01;20
8883.38;0.01;20
8884.42;0.01;20
8885.47;0.01;20
8886.51;0.01;20
8887.56;0.01;20
8888.6;0.01;20
8889.64;0.01;20
8890.69;0.01;20
8891.73;0.01;20
8892.78;0.01;20
8893.82;0.01;20
8894.87;0.01;20
8895.91;0.01;20
8896.96;0.01;20
8898;0.01;20
8899.04;0.01;20
8900.09;0.01;20
8901.13;0.01;20
8902.18;0.01;20
8903.22;0.01;20
8904.27;0.01;20
8905.31;0.01;20
8906.36;0.01;20
8907.4;0.01;20
8908.44;0.01;20
8909.49;0.01;20
8910.53;0.01;20
8911.58;0.01;20
8912.62;0.01;20
8913.67;0.01;20
8914.71;0.01;20
8915.76;0.01;20
8916.8;0.01;20
8917.84;0.01;20
8918.89;0.01;20
8919.93;0.01;20
8920.98;0.01;20
8922.02;0.01;20
8923.07;0.01;20
8924.11;0.01;20
8925.16;0.01;20
8926.2;0.01;20
8927.24;0.01;20
8928.29;0.01;20
8929.33;0.01;20
8930.38;0.01;20
8931.42;0.01;20
8932.47;0.01;20
8933.51;0.01;20
8934.56;0.01;20
8935.56;0.01;20
8936.64;0.01;20
8937.69;0.01;20
8938.73;0.01;20
8939.78;0.01;20
8940.82;0.01;20
8941.87;0.01;20
8942.91;0.01;20
8943.96;0.01;20
8945;0.01;20
8946.04;0.01;20
8947.09;0.01;20
8948.13;0.01;20
8949.18;0.01;20
8950.22;0.01;20
8951.27;0.01;20
8952.31;0.01;20
8953.36;0.01;20
8954.4;0.01;20
8955.44;0.01;20
8956.49;0.01;20
8957.53;0.01;20
8958.58;0.01;20
8959.62;0.01;20
8960.67;0.01;20
8961.71;0.01;20
8962.76;0.01;20
8963.8;0.01;20
8964.84;0.01;20
8965.89;0.01;20
8966.93;0.01;20
8967.98;0.01;20
8969.02;0.01;20
8970.07;0.01;20
8971.07;0.01;20
8972.16;0.01;20
8973.2;0.01;20
8974.24;0.01;20
8975.29;0.01;20
8976.33;0.01;20
8977.38;0.01;20
8978.42;0.01;20
8979.47;0.01;20
8980.51;0.01;20
8981.56;0.01;20
8982.6;0.01;20
8983.64;0.01;20
8984.69;0.01;20
8985.73;0.01;20
8986.78;0.01;20
8987.82;0.01;20
8988.87;0.01;20
8989.91;0.01;20
8990.96;0.01;20
8992;0.01;20
8993.04;0.01;20
8994.09;0.01;20
8995.13;0.01;20
8996.18;0.01;20
8997.22;0.01;20
8998.27;0.01;20
8999.31;0.01;20
9000.36;0.01;20
9001.4;0.01;20
9002.44;0.01;20
9003.49;0.01;20
9004.53;0.01;20
9005.58;0.01;20
9006.58;0.01;20
9007.67;0.01;20
9008.71;0.01;20
9009.76;0.01;20
9010.8;0.01;20
9011.84;0.01;20
9012.89;0.01;20
9013.93;0.01;20
9014.98;0.01;20
9016.02;0.01;20
9017.07;0.01;20
9018.11;0.01;20
9019.16;0.01;20
9020.2;0.01;20
9021.24;0.01;20
9022.29;0.01;20
9023.33;0.01;20
9024.38;0.01;20
9025.42;0.01;20
9026.47;0.01;20
9027.51;0.01;20
9028.56;0.01;20
9029.6;0.01;20
9030.64;0.01;20
9031.69;0.01;20
9032.73;0.01;20
9033.78;0.01;20
9034.82;0.01;20
9035.87;0.01;20
9036.91;0.01;20
9037.96;0.01;20
9039;0.01;20
9040;0.01;20
9041.04;0.01;20
9042.09;0.01;20
9043.13;0.01;20
9044.18;0.01;20
9045.22;0.01;20
9046.27;0.01;20
9047.31;0.01;20
9048.36;0.01;20
9049.4;0.01;20
9050.44;0.01;20
9051.49;0.01;20
9052.53;0.01;20
9053.58;0.01;20
9054.62;0.01;20
9055.67;0.01;20
9056.71;0.01;20
9057.76;0.01;20
9058.8;0.01;20
9059.84;0.01;20
9060.89;0.01;20
9061.93;0.01;20
9062.98;0.01;20
9064.02;0.01;20
9065.07;0.01;20
9066.11;0.01;20
9067.16;0.01;20
9068.2;0.01;20
9069.24;0.01;20
9070.29;0.01;20
9071.33;0.01;20
9072.38;0.01;20
9073.42;0.01;20
9074.47;0.01;20
9075.51;0.01;20
9076.56;0.01;20
9077.6;0.01;20
9078.64;0.01;20
9079.69;0.01;20
9080.73;0.01;20
9081.78;0.01;20
9082.82;0.01;20
9083.87;0.01;20
9084.91;0.01;20
9085.96;0.01;20
9087;0.01;20
9088.04;0.01;20
9089.09;0.01;20
9090.13;0.01;20
9091.18;0.01;20
9092.22;0.01;20
9093.27;0.01;20
9094.31;0.01;20
9095.36;0.01;20
9096.4;0.01;20
9097.44;0.01;20
9098.49;0.01;20
9099.53;0.01;20
9100.58;0.01;20
9101.62;0.01;20
9102.67;0.01;20
9103.71;0.01;20
9104.76;0.01;20
9105.8;0.01;20
9106.84;0.01;20
9107.89;0.01;20
9108.93;0.01;20
9109.98;0.01;20
9111.02;0.01;20
9112.07;0.01;20
9113.11;0.01;20
9114.16;0.01;20
9115.2;0.01;20
9116.24;0.01;20
9117.29;0.01;20
9118.33;0.01;20
9119.38;0.01;20
9120.42;0.01;20
9121.47;0.01;20
9122.51;0.01;20
9123.56;0.01;20
9124.6;0.01;20
9125.64;0.01;20
9126.69;0.01;20
9127.73;0.01;20
9128.78;0.01;20
9129.82;0.01;20
9130.87;0.01;20
9131.91;0.01;20
9132.96;0.01;20
9134;0.01;20
9135.04;0.01;20
9136.09;0.01;20
9137.13;0.01;20
9138.18;0.01;20
9139.22;0.01;20
9140.27;0.01;20
9141.31;0.01;20
9142.36;0.01;20
9143.4;0.01;20
9144.44;0.01;20
9145.49;0.01;20
9146.53;0.01;20
9147.58;0.01;20
9148.62;0.01;20
9149.67;0.01;20
9150.71;0.01;20
9151.76;0.01;20
9152.8;0.01;20
9153.84;0.01;20
9154.89;0.01;20
9155.93;0.01;20
9156.98;0.01;20
9158.02;0.01;20
9159.07;0.01;20
9160.11;0.01;20
9161.16;0.01;20
9162.2;0.01;20
9163.24;0.01;20
9164.29;0.01;20
9165.33;0.01;20
9166.38;0.01;20
9167.42;0.01;20
9168.47;0.01;20
9169.51;0.01;20
9170.56;0.01;20
9171.6;0.01;20
9172.64;0.01;20
9173.69;0.01;20
9174.73;0.01;20
9175.78;0.01;20
9176.82;0.01;20
9177.87;0.01;20
9178.91;0.01;20
9179.96;0.01;20
9181;0.01;20
9182.04;0.01;20
9183.09;0.01;20
9184.13;0.01;20
9185.18;0.01;20
9186.22;0.01;20
9187.27;0.01;20
9188.31;0.01;20
9189.36;0.01;20
9190.36;0.01;20
9191.44;0.01;20
9192.49;0.01;20
9193.53;0.01;20
9194.58;0.01;20
9195.62;0.01;20
9196.67;0.01;20
9197.71;0.01;20
9198.76;0.01;20
9199.8;0.01;20
9200.84;0.01;20
9201.89;0.01;20
9202.93;0.01;20
9203.98;0.01;20
9205.02;0.01;20
9206.07;0.01;20
9207.11;0.01;20
9208.16;0.01;20
9209.2;0.01;20
9210.24;0.01;20
9211.29;0.01;20
9212.33;0.01;20
9213.38;0.01;20
9214.42;0.01;20
9215.47;0.01;20
9216.51;0.01;20
9217.56;0.01;20
9218.6;0.01;20
9219.64;0.01;20
9220.69;0.01;20
9221.73;0.01;20
9222.78;0.01;20
9223.82;0.01;20
9224.87;0.01;20
9225.87;0.01;20
9226.96;0.01;20
9228;0.01;20
9229.04;0.01;20
9230.09;0.01;20
9231.13;0.01;20
9232.18;0.01;20
9233.22;0.01;20
9234.27;0.01;20
9235.31;0.01;20
9236.36;0.01;20
9237.4;0.01;20
9238.44;0.01;20
9239.49;0.01;20
9240.53;0.01;20
9241.58;0.01;20
9242.62;0.01;20
9243.67;0.01;20
9244.71;0.01;20
9245.76;0.01;20
9246.8;0.01;20
9247.84;0.01;20
9248.89;0.01;20
9249.93;0.01;20
9250.98;0.01;20
9252.02;0.01;20
9253.07;0.01;20
9254.11;0.01;20
9255.16;0.01;20
9256.2;0.01;20
9257.24;0.01;20
9258.29;0.01;20
9259.33;0.01;20
9260.38;0.01;20
9261.42;0.01;20
9262.47;0.01;20
9263.51;0.01;20
9264.56;0.01;20
9265.6;0.01;20
9266.64;0.01;20
9267.69;0.01;20
9268.73;0.01;20
9269.78;0.01;20
9270.82;0.01;20
9271.87;0.01;20
9272.91;0.01;20
9273.96;0.01;20
9275;0.01;20
9276.04;0.01;20
9277.09;0.01;20
9278.13;0.01;20
9279.18;0.01;20
9280.22;0.01;20
9281.27;0.01;20
9282.31;0.01;20
9283.36;0.01;20
9284.4;0.01;20
9285.44;0.01;20
9286.49;0.01;20
9287.53;0.01;20
9288.58;0.01;20
9289.62;0.01;20
9290.67;0.01;20
9291.71;0.01;20
9292.76;0.01;20
9293.8;0.01;20
9294.84;0.01;20
9295.89;0.01;20
9296.93;0.01;20
9297.98;0.01;20
9299.02;0.01;20
9300.07;0.01;20
9301.11;0.01;20
9302.16;0.01;20
9303.2;0.01;20
9304.24;0.01;20
9305.29;0.01;20
9306.33;0.01;20
9307.38;0.01;20
9308.42;0.01;20
9309.47;0.01;20
9310.51;0.01;20
9311.56;0.01;20
9312.6;0.01;20
9313.64;0.01;20
9314.69;0.01;20
9315.73;0.01;20
9316.78;0.01;20
9317.82;0.01;20
9318.87;0.01;20
9319.91;0.01;20
9320.96;0.01;20
9322;0.01;20
9323.04;0.01;20
9324.09;0.01;20
9325.13;0.01;20
9326.18;0.01;20
9327.22;0.01;20
9328.27;0.01;20
9329.31;0.01;20
9330.36;0.01;20
9331.4;0.01;20
9332.44;0.01;20
9333.49;0.01;20
9334.53;0.01;20
9335.58;0.01;20
9336.62;0.01;20
9337.67;0.01;20
9338.71;0.01;20
9339.76;0.01;20
9340.8;0.01;20
9341.84;0.01;20
9342.89;0.01;20
9343.93;0.01;20
9344.98;0.01;20
9346.02;0.01;20
9347.07;0.01;20
9348.11;0.01;20
9349.16;0.01;20
9350.2;0.01;20
9351.24;0.01;20
9352.29;0.01;20
9353.33;0.01;20
9354.38;0.01;20
9355.42;0.01;20
9356.47;0.01;20
9357.51;0.01;20
9358.56;0.01;20
9359.6;0.01;20
9360.64;0.01;20
9361.69;0.01;20
9362.73;0.01;20
9363.78;0.01;20
9364.78;0.01;20
9365.87;0.01;20
9366.91;0.01;20
9367.96;0.01;20
9369;0.01;20
9370.04;0.01;20
9371.09;0.01;20
9372.13;0.01;20
9373.18;0.01;20
9374.22;0.01;20
9375.27;0.01;20
9376.31;0.01;20
9377.36;0.01;20
9378.4;0.01;20
9379.44;0.01;20
9380.49;0.01;20
9381.53;0.01;20
9382.58;0.01;20
9383.62;0.01;20
9384.67;0.01;20
9385.71;0.01;20
9386.76;0.01;20
9387.8;0.01;20
9388.84;0.01;20
9389.89;0.01;20
9390.93;0.01;20
9391.98;0.01;20
9393.02;0.01;20
9394.07;0.01;20
9395.11;0.01;20
9396.16;0.01;20
9397.2;0.01;20
9398.24;0.01;20
9399.29;0.01;20
9400.33;0.01;20
9401.38;0.01;20
9402.42;0.01;20
9403.47;0.01;20
9404.51;0.01;20
9405.56;0.01;20
9406.6;0.01;20
9407.64;0.01;20
9408.69;0.01;20
9409.73;0.01;20
9410.78;0.01;20
9411.82;0.01;20
9412.87;0.01;20
9413.91;0.01;20
9414.96;0.01;20
9416;0.01;20
9417.04;0.01;20
9418.09;0.01;20
9419.13;0.01;20
9420.18;0.01;20
9421.22;0.01;20
9422.27;0.01;20
9423.31;0.01;20
9424.36;0.01;20
9425.4;0.01;20
9426.44;0.01;20
9427.49;0.01;20
9428.53;0.01;20
9429.58;0.01;20
9430.62;0.01;20
9431.67;0.01;20
9432.71;0.01;20
9433.76;0.01;20
9434.8;0.01;20
9435.84;0.01;20
9436.89;0.01;20
9437.93;0.01;20
9438.98;0.01;20
9440;0.01;20
9441.04;0.01;20
9442.09;0.01;20
9443.13;0.01;20
9444.18;0.01;20
9445.22;0.01;20
9446.27;0.01;20
9447.31;0.01;20
9448.36;0.01;20
9449.4;0.01;20
9450.4;0.01;20
9451.49;0.01;20
9452.53;0.01;20
9453.58;0.01;20
9454.62;0.01;20
9455.67;0.01;20
9456.71;0.01;20
9457.76;0.01;20
9458.8;0.01;20
9459.84;0.01;20
9460.89;0.01;20
9461.93;0.01;20
9462.98;0.01;20
9464.02;0.01;20
9465.07;0.01;20
9466.11;0.01;20
9467.16;0.01;20
9468.2;0.01;20
9469.24;0.01;20
9470.29;0.01;20
9471.33;0.01;20
9472.38;0.01;20
9473.42;0.01;20
9474.47;0.01;20
9475.51;0.01;20
9476.56;0.01;20
9477.6;0.01;20
9478.64;0.01;20
9479.69;0.01;20
9480.73;0.01;20
9481.78;0.01;20
9482.82;0.01;20
9483.87;0.01;20
9484.91;0.01;20
9485.91;0.01;20
9487;0.01;20
9488.04;0.01;20
9489.09;0.01;20
9490.13;0.01;20
9491.18;0.01;20
9492.22;0.01;20
9493.27;0.01;20
9494.31;0.01;20
9495.36;0.01;20
9496.4;0.01;20
9497.44;0.01;20
9498.49;0.01;20
9499.53;0.01;20
9500.58;0.01;20
9501.62;0.01;20
9502.67;0.01;20
9503.71;0.01;20
9504.76;0.01;20
9505.8;0.01;20
9506.84;0.01;20
9507.89;0.01;20
9508.93;0.01;20
9509.98;0.01;20
9511.02;0.01;20
9512.07;0.01;20
9513.11;0.01;20
9514.16;0.01;20
9515.2;0.01;20
9516.24;0.01;20
9517.29;0.01;20
9518.33;0.01;20
9519.38;0.01;20
9520.42;0.01;20
9521.47;0.01;20
9522.51;0.01;20
9523.56;0.01;20
9524.6;0.01;20
9525.64;0.01;20
9526.69;0.01;20
9527.73;0.01;20
9528.78;0.01;20
9529.82;0.01;20
9530.87;0.01;20
9531.91;0.01;20
9532.96;0.01;20
9534;0.01;20
9535.04;0.01;20
9536.09;0.01;20
9537.13;0.01;20
9538.18;0.01;20
9539.22;0.01;20
9540.27;0.01;20
9541.31;0.01;20
9542.36;0.01;20
9543.4;0.01;20
9544.44;0.01;20
9545.49;0.01;20
9546.53;0.01;20
9547.58;0.01;20
9548.62;0.01;20
9549.67;0.01;20
9550.71;0.01;20
9551.76;0.01;20
9552.8;0.01;20
9553.84;0.01;20
9554.89;0.01;20
9555.93;0.01;20
9556.98;0.01;20
9558.02;0.01;20
9559.07;0.01;20
9560.11;0.01;20
9561.16;0.01;20
9562.2;0.01;20
9563.24;0.01;20
9564.29;0.01;20
9565.33;0.01;20
9566.38;0.01;20
9567.42;0.01;20
9568.47;0.01;20
9569.51;0.01;20
9570.56;0.01;20
9571.6;0.01;20
9572.64;0.01;20
9573.69;0.01;20
9574.73;0.01;20
9575.78;0.01;20
9576.82;0.01;20
9577.87;0.01;20
9578.91;0.01;20
9579.96;0.01;20
9581;0.01;20
9582.04;0.01;20
9583.09;0.01;20
9584.13;0.01;20
9585.18;0.01;20
9586.22;0.01;20
9587.27;0.01;20
9588.31;0.01;20
9589.36;0.01;20
9590.4;0.01;20
9591.44;0.01;20
9592.49;0.01;20
9593.53;0.01;20
9594.58;0.01;20
9595.62;0.01;20
9596.67;0.01;20
9597.71;0.01;20
9598.76;0.01;20
9599.8;0.01;20
9600.84;0.01;20
9601.89;0.01;20
9602.93;0.01;20
9603.98;0.01;20
9605.02;0.01;20
9606.07;0.01;20
9607.11;0.01;20
9608.16;0.01;20
9609.2;0.01;20
9610.24;0.01;20
9611.29;0.01;20
9612.33;0.01;20
9613.38;0.01;20
9614.42;0.01;20
9615.47;0.01;20
9616.51;0.01;20
9617.56;0.01;20
9618.6;0.01;20
9619.64;0.01;20
9620.69;0.01;20
9621.73;0.01;20
9622.78;0.01;20
9623.82;0.01;20
9624.87;0.01;20
9625.91;0.01;20
9626.96;0.01;20
9628;0.01;20
9629.04;0.01;20
9630.09;0.01;20
9631.13;0.01;20
9632.18;0.01;20
9633.22;0.01;20
9634.27;0.01;20
9635.31;0.01;20
9636.36;0.01;20
9637.4;0.01;20
9638.44;0.01;20
9639.49;0.01;20
9640.53;0.01;20
9641.58;0.01;20
9642.62;0.01;20
9643.67;0.01;20
9644.71;0.01;20
9645.76;0.01;20
9646.8;0.01;20
9647.84;0.01;20
9648.89;0.01;20
9649.93;0.01;20
9650.98;0.01;20
9652.02;0.01;20
9653.07;0.01;20
9654.11;0.01;20
9655.16;0.01;20
9656.2;0.01;20
9657.24;0.01;20
9658.29;0.01;20
9659.33;0.01;20
9660.38;0.01;20
9661.42;0.01;20
9662.47;0.01;20
9663.51;0.01;20
9664.56;0.01;20
9665.6;0.01;20
9666.64;0.01;20
9667.69;0.01;20
9668.73;0.01;20
9669.78;0.01;20
9670.82;0.01;20
9671.87;0.01;20
9672.91;0.01;20
9673.96;0.01;20
9675;0.01;20
9676.04;0.01;20
9677.09;0.01;20
9678.13;0.01;20
9679.18;0.01;20
9680.22;0.01;20
9681.27;0.01;20
9682.31;0.01;20
9683.36;0.01;20
9684.4;0.01;20
9685.44;0.01;20
9686.49;0.01;20
9687.53;0.01;20
9688.58;0.01;20
9689.62;0.01;20
9690.67;0.01;20
9691.71;0.01;20
9692.76;0.01;20
9693.8;0.01;20
9694.84;0.01;20
9695.89;0.01;20
9696.93;0.01;20
9697.98;0.01;20
9699.02;0.01;20
9700.07;0.01;20
9701.11;0.01;20
9702.16;0.01;20
9703.2;0.01;20
9704.24;0.01;20
9705.29;0.01;20
9706.33;0.01;20
9707.38;0.01;20
9708.42;0.01;20
9709.47;0.01;20
9710.51;0.01;20
9711.56;0.01;20
9712.6;0.01;20
9713.64;0.01;20
9714.69;0.01;20
9715.73;0.01;20
9716.78;0.01;20
9717.82;0.01;20
9718.87;0.01;20
9719.91;0.01;20
9720.96;0.01;20
9722;0.01;20
9723.04;0.01;20
9724.09;0.01;20
9725.13;0.01;20
9726.18;0.01;20
9727.22;0.01;20
9728.27;0.01;20
9729.31;0.01;20
9730.36;0.01;20
9731.4;0.01;20
9732.44;0.01;20
9733.49;0.01;20
9734.53;0.01;20
9735.58;0.01;20
9736.62;0.01;20
9737.67;0.01;20
9738.71;0.01;20
9739.76;0.01;20
9740.8;0.01;20
9741.84;0.01;20
9742.89;0.01;20
9743.93;0.01;20
9744.98;0.01;20
9746.02;0.01;20
9747.07;0.01;20
9748.11;0.01;20
9749.16;0.01;20
9750.2;0.01;20
9751.24;0.01;20
9752.29;0.01;20
9753.33;0.01;20
9754.38;0.01;20
9755.42;0.01;20
9756.47;0.01;20
9757.51;0.01;20
9758.56;0.01;20
9759.6;0.01;20
9760.64;0.01;20
9761.69;0.01;20
9762.73;0.01;20
9763.78;0.01;20
9764.82;0.01;20
9765.87;0.01;20
9766.91;0.01;20
9767.96;0.01;20
9769;0.01;20
9770.04;0.01;20
9771.09;0.01;20
9772.13;0.01;20
9773.18;0.01;20
9774.22;0.01;20
9775.27;0.01;20
9776.31;0.01;20
9777.36;0.01;20
9778.4;0.01;20
9779.44;0.01;20
9780.49;0.01;20
9781.53;0.01;20
9782.58;0.01;20
9783.62;0.01;20
9784.67;0.01;20
9785.71;0.01;20
9786.76;0.01;20
9787.8;0.01;20
9788.84;0.01;20
9789.89;0.01;20
9790.93;0.01;20
9791.98;0.01;20
9793.02;0.01;20
9794.07;0.01;20
9795.11;0.01;20
9796.16;0.01;20
9797.2;0.01;20
9798.24;0.01;20
9799.29;0.01;20
9800.33;0.01;20
9801.38;0.01;20
9802.42;0.01;20
9803.47;0.01;20
9804.51;0.01;20
9805.56;0.01;20
9806.6;0.01;20
9807.64;0.01;20
9808.69;0.01;20
9809.73;0.01;20
9810.78;0.01;20
9811.82;0.01;20
9812.87;0.01;20
9813.91;0.01;20
9814.96;0.01;20
9816;0.01;20
9817.04;0.01;20
9818.09;0.01;20
9819.13;0.01;20
9820.18;0.01;20
9821.22;0.01;20
9822.27;0.01;20
9823.31;0.01;20
9824.36;0.01;20
9825.4;0.01;20
9826.44;0.01;20
9827.49;0.01;20
9828.53;0.01;20
9829.58;0.01;20
9830.62;0.01;20
9831.67;0.01;20
9832.71;0.01;20
9833.76;0.01;20
9834.8;0.01;20
9835.84;0.01;20
9836.89;0.01;20
9837.93;0.01;20
9838.98;0.01;20
9840;0.01;20
9841.04;0.01;20
9842.09;0.01;20
9843.13;0.01;20
9844.18;0.01;20
9845.22;0.01;20
9846.27;0.01;20
9847.31;0.01;20
9848.36;0.01;20
9849.4;0.01;20
9850.44;0.01;20
9851.49;0.01;20
9852.53;0.01;20
9853.58;0.01;20
9854.62;0.01;20
9855.67;0.01;20
9856.71;0.01;20
9857.76;0.01;20
9858.8;0.01;20
9859.84;0.01;20
9860.89;0.01;20
9861.93;0.01;20
9862.98;0.01;20
9864.02;0.01;20
9865.07;0.01;20
9866.11;0.01;20
9867.16;0.01;20
9868.2;0.01;20
9869.24;0.01;20
9870.29;0.01;20
9871.33;0.01;20
9872.38;0.01;20
9873.42;0.01;20
9874.47;0.01;20
9875.51;0.01;20
9876.56;0.01;20
9877.6;0.01;20
9878.64;0.01;20
9879.69;0.01;20
9880.73;0.01;20
9881.78;0.01;20
9882.82;0.01;20
9883.87;0.01;20
9884.91;0.01;20
9885.96;0.01;20
9887;0.01;20
9888.04;0.01;20
9889.09;0.01;20
9890.13;0.01;20
9891.18;0.01;20
9892.22;0.01;20
9893.27;0.01;20
9894.31;0.01;20
9895.36;0.01;20
9896.4;0.01;20
9897.44;0.01;20
9898.49;0.01;20
9899.53;0.01;20
9900.58;0.01;20
9901.62;0.01;20
9902.67;0.01;20
9903.71;0.01;20
9904.76;0.01;20
9905.8;0.01;20
9906.84;0.01;20
9907.89;0.01;20
9908.93;0.01;20
9909.98;0.01;20
9911.02;0.01;20
9912.07;0.01;20
9913.11;0.01;20
9914.16;0.01;20
9915.2;0.01;20
9916.24;0.01;20
9917.29;0.01;20
9918.33;0.01;20
9919.38;0.01;20
9920.42;0.01;20
9921.47;0.01;20
9922.51;0.01;20
9923.56;0.01;20
9924.6;0.01;20
9925.64;0.01;20
9926.69;0.01;20
9927.73;0.01;20
9928.78;0.01;20
9929.82;0.01;20
9930.87;0.01;20
9931.91;0.01;20
9932.96;0.01;20
9934;0.01;20
9935.04;0.01;20
9936.09;0.01;20
9937.13;0.01;20
9938.18;0.01;20
9939.22;0.01;20
9940.27;0.01;20
9941.31;0.01;20
9942.36;0.01;20
9943.4;0.01;20
9944.44;0.01;20
9945.49;0.01;20
9946.53;0.01;20
9947.58;0.01;20
9948.62;0.01;20
9949.67;0.01;20
9950.71;0.01;20
9951.76;0.01;20
9952.8;0.01;20
9953.84;0.01;20
9954.89;0.01;20
9955.93;0.01;20
9956.98;0.01;20
9958.02;0.01;20
9959.07;0.01;20
9960.11;0.01;20
9961.16;0.01;20
9962.2;0.01;20
9963.24;0.01;20
9964.29;0.01;20
9965.33;0.01;20
9966.38;0.01;20
9967.42;0.01;20
9968.47;0.01;20
9969.51;0.01;20
9970.56;0.01;20
9971.6;0.01;20
9972.64;0.01;20
9973.69;0.01;20
9974.73;0.01;20
9975.78;0.01;20
9976.82;0.01;20
9977.87;0.01;20
9978.91;0.01;20
9979.96;0.01;20
9981;0.01;20
9982.04;0.01;20
9983.09;0.01;20
9984.13;0.01;20
9985.18;0.01;20
9986.22;0.01;20
9987.27;0.01;20
9988.31;0.01;20
9989.36;0.01;20
9990.4;0.01;20
9991.44;0.01;20
9992.49;0.01;20
9993.53;0.01;20
9994.58;0.01;20
9995.62;0.01;20
9996.67;0.01;20
9997.71;0.01;20
9998.76;0.01;20
9999.8;0.01;20
10000.84;0.01;20
10001.89;0.01;20
10002.93;0.01;20
10003.98;0.01;20
10005.02;0.01;20
10006.07;0.01;20
10007.11;0.01;20
10008.16;0.01;20
10009.2;0.01;20
10010.24;0.01;20
10011.29;0.01;20
10012.33;0.01;20
10013.38;0.01;20
10014.42;0.01;20
10015.47;0.01;20
10016.51;0.01;20
10017.56;0.01;20
10018.6;0.01;20
10019.64;0.01;20
10020.69;0.01;20
10021.73;0.01;20
10022.78;0.01;20
10023.82;0.01;20
10024.87;0.01;20
10025.91;0.01;20
10026.96;0.01;20
10028;0.01;20
10029.04;0.01;20
10030.09;0.01;20
10031.13;0.01;20
10032.18;0.01;20
10033.22;0.01;20
10034.27;0.01;20
10035.31;0.01;20
10036.36;0.01;20
10037.4;0.01;20
10038.44;0.01;20
10039.49;0.01;20
10040.53;0.01;20
10041.58;0.01;20
10042.62;0.01;20
10043.67;0.01;20
10044.71;0.01;20
10045.76;0.01;20
10046.8;0.01;20
10047.84;0.01;20
10048.89;0.01;20
10049.93;0.01;20
10050.98;0.01;20
10052.02;0.01;20
10053.07;0.01;20
10054.11;0.01;20
10055.16;0.01;20
10056.2;0.01;20
10057.24;0.01;20
10058.29;0.01;20
10059.33;0.01;20
10060.38;0.01;20
10061.42;0.01;20
10062.47;0.01;20
10063.51;0.01;20
10064.56;0.01;20
10065.6;0.01;20
10066.64;0.01;20
10067.69;0.01;20
10068.73;0.01;20
10069.78;0.01;20
10070.82;0.01;20
10071.87;0.01;20
10072.91;0.01;20
10073.96;0.01;20
10075;0.01;20
10076.04;0.01;20
10077.09;0.01;20
10078.13;0.01;20
10079.18;0.01;20
10080.22;0.01;20
10081.27;0.01;20
10082.31;0.01;20
10083.36;0.01;20
10084.4;0.01;20
10085.44;0.01;20
10086.49;0.01;20
10087.53;0.01;20
10088.58;0.01;20
10089.62;0.01;20
10090.67;0.01;20
10091.71;0.01;20
10092.76;0.01;20
10093.8;0.01;20
10094.84;0.01;20
10095.89;0.01;20
10096.93;0.01;20
10097.98;0.01;20
10099.02;0.01;20
10100.07;0.01;20
10101.11;0.01;20
10102.16;0.01;20
10103.2;0.01;20
10104.24;0.01;20
10105.29;0.01;20
10106.33;0.01;20
10107.38;0.01;20
10108.42;0.01;20
10109.47;0.01;20
10110.51;0.01;20
10111.56;0.01;20
10112.6;0.01;20
10113.64;0.01;20
10114.69;0.01;20
10115.73;0.01;20
10116.78;0.01;20
10117.82;0.01;20
10118.87;0.01;20
10119.91;0.01;20
10120.96;0.01;20
10122;0.01;20
10123.04;0.01;20
10124.09;0.01;20
10125.13;0.01;20
10126.18;0.01;20
10127.22;0.01;20
10128.27;0.01;20
10129.31;0.01;20
10130.36;0.01;20
10131.4;0.01;20
10132.44;0.01;20
10133.49;0.01;20
10134.53;0.01;20
10135.58;0.01;20
10136.62;0.01;20
10137.67;0.01;20
10138.71;0.01;20
10139.76;0.01;20
10140.8;0.01;20
10141.84;0.01;20
10142.89;0.01;20
10143.93;0.01;20
10144.96;0.01;20
10146;0.01;20
10147.04;0.01;20
10148.09;0.01;20
10149.13;0.01;20
10150.18;0.01;20
10151.22;0.01;20
10152.27;0.01;20
10153.31;0.01;20
10154.36;0.01;20
10155.4;0.01;20
10156.44;0.01;20
10157.49;0.01;20
10158.53;0.01;20
10159.58;0.01;20
10160.62;0.01;20
10161.67;0.01;20
10162.71;0.01;20
10163.76;0.01;20
10164.8;0.01;20
10165.84;0.01;20
10166.89;0.01;20
10167.93;0.01;20
10168.98;0.01;20
10170.02;0.01;20
10171.07;0.01;20
10172.11;0.01;20
10173.16;0.01;20
10174.2;0.01;20
10175.24;0.01;20
10176.29;0.01;20
10177.33;0.01;20
10178.38;0.01;20
10179.42;0.01;20
10180.47;0.01;20
10181.51;0.01;20
10182.56;0.01;20
10183.6;0.01;20
10184.64;0.01;20
10185.69;0.01;20
10186.73;0.01;20
10187.78;0.01;20
10188.82;0.01;20
10189.87;0.01;20
10190.91;0.01;20
10191.96;0.01;20
10193;0.01;20
10194.04;0.01;20
10195.09;0.01;20
10196.13;0.01;20
10197.18;0.01;20
10198.22;0.01;20
10199.27;0.01;20
10200.31;0.01;20
10201.36;0.01;20
10202.4;0.01;20
10203.44;0.01;20
10204.49;0.01;20
10205.53;0.01;20
10206.58;0.01;20
10207.62;0.01;20
10208.67;0.01;20
10209.71;0.01;20
10210.76;0.01;20
10211.8;0.01;20
10212.84;0.01;20
10213.89;0.01;20
10214.93;0.01;20
10215.98;0.01;20
10217.02;0.01;20
10218.07;0.01;20
10219.11;0.01;20
10220.16;0.01;20
10221.2;0.01;20
10222.24;0.01;20
10223.29;0.01;20
10224.33;0.01;20
10225.38;0.01;20
10226.42;0.01;20
10227.47;0.01;20
10228.51;0.01;20
10229.56;0.01;20
10230.6;0.01;20
10231.64;0.01;20
10232.69;0.01;20
10233.73;0.01;20
10234.78;0.01;20
10235.82;0.01;20
10236.87;0.01;20
10237.91;0.01;20
10238.96;0.01;20
10240;0.01;20
10241.04;0.01;20
10242.09;0.01;20
10243.13;0.01;20
10244.18;0.01;20
10245.22;0.01;20
10246.27;0.01;20
10247.31;0.01;20
10248.36;0.01;20
10249.4;0.01;20
10250.44;0.01;20
10251.49;0.01;20
10252.53;0.01;20
10253.58;0.01;20
10254.62;0.01;20
10255.67;0.01;20
10256.71;0.01;20
10257.76;0.01;20
10258.8;0.01;20
10259.84;0.01;20
10260.89;0.01;20
10261.93;0.01;20
10262.98;0.01;20
10264.02;0.01;20
10265.04;0.01;20
10266.09;0.01;20
10267.13;0.01;20
10268.18;0.01;20
10269.22;0.01;20
10270.27;0.01;20
10271.31;0.01;20
10272.36;0.01;20
10273.4;0.01;20
10274.44;0.01;20
10275.49;0.01;20
10276.53;0.01;20
10277.58;0.01;20
10278.62;0.01;20
10279.67;0.01;20
10280.71;0.01;20
10281.76;0.01;20
10282.8;0.01;20
10283.84;0.01;20
10284.89;0.01;20
10285.93;0.01;20
10286.98;0.01;20
10288.02;0.01;20
10289.07;0.01;20
10290.11;0.01;20
10291.16;0.01;20
10292.2;0.01;20
10293.24;0.01;20
10294.29;0.01;20
10295.33;0.01;20
10296.38;0.01;20
10297.42;0.01;20
10298.47;0.01;20
10299.51;0.01;20
10300.56;0.01;20
10301.6;0.01;20
10302.64;0.01;20
10303.69;0.01;20
10304.73;0.01;20
10305.78;0.01;20
10306.82;0.01;20
10307.87;0.01;20
10308.91;0.01;20
10309.96;0.01;20
10311;0.01;20
10312.04;0.01;20
10313.09;0.01;20
10314.13;0.01;20
10315.18;0.01;20
10316.22;0.01;20
10317.27;0.01;20
10318.31;0.01;20
10319.36;0.01;20
10320.4;0.01;20
10321.44;0.01;20
10322.49;0.01;20
10323.53;0.01;20
10324.58;0.01;20
10325.62;0.01;20
10326.67;0.01;20
10327.71;0.01;20
10328.76;0.01;20
10329.8;0.01;20
10330.84;0.01;20
10331.89;0.01;20
10332.93;0.01;20
10333.98;0.01;20
10335.02;0.01;20
10336.07;0.01;20
10337.11;0.01;20
10338.16;0.01;20
10339.2;0.01;20
10340.24;0.01;20
10341.29;0.01;20
10342.33;0.01;20
10343.38;0.01;20
10344.42;0.01;20
10345.47;0.01;20
10346.51;0.01;20
10347.56;0.01;20
10348.6;0.01;20
10349.64;0.01;20
10350.69;0.01;20
10351.73;0.01;20
10352.78;0.01;20
10353.82;0.01;20
10354.87;0.01;20
10355.91;0.01;20
10356.96;0.01;20
10358;0.01;20
10359.04;0.01;20
10360.09;0.01;20
10361.13;0.01;20
10362.18;0.01;20
10363.22;0.01;20
10364.27;0.01;20
10365.31;0.01;20
10366.36;0.01;20
10367.4;0.01;20
10368.44;0.01;20
10369.49;0.01;20
10370.53;0.01;20
10371.58;0.01;20
10372.62;0.01;20
10373.67;0.01;20
10374.71;0.01;20
10375.76;0.01;20
10376.8;0.01;20
10377.84;0.01;20
10378.89;0.01;20
10379.93;0.01;20
10380.98;0.01;20
10382.02;0.01;20
10383.07;0.01;20
10384.11;0.01;20
10385.16;0.01;20
10386.2;0.01;20
10387.24;0.01;20
10388.29;0.01;20
10389.33;0.01;20
10390.38;0.01;20
10391.42;0.01;20
10392.47;0.01;20
10393.51;0.01;20
10394.56;0.01;20
10395.6;0.01;20
10396.64;0.01;20
10397.69;0.01;20
10398.73;0.01;20
10399.78;0.01;20
10400.82;0.01;20
10401.87;0.01;20
10402.91;0.01;20
10403.96;0.01;20
10405;0.01;20
10406.04;0.01;20
10407.09;0.01;20
10408.13;0.01;20
10409.18;0.01;20
10410.22;0.01;20
10411.27;0.01;20
10412.31;0.01;20
10413.36;0.01;20
10414.4;0.01;20
10415.44;0.01;20
10416.49;0.01;20
10417.53;0.01;20
10418.58;0.01;20
10419.62;0.01;20
10420.67;0.01;20
10421.71;0.01;20
10422.76;0.01;20
10423.8;0.01;20
10424.84;0.01;20
10425.89;0.01;20
10426.93;0.01;20
10427.98;0.01;20
10429.02;0.01;20
10430.07;0.01;20
10431.11;0.01;20
10432.16;0.01;20
10433.2;0.01;20
10434.24;0.01;20
10435.29;0.01;20
10436.33;0.01;20
10437.38;0.01;20
10438.42;0.01;20
10439.47;0.01;20
10440.51;0.01;20
10441.56;0.01;20
10442.6;0.01;20
10443.64;0.01;20
10444.69;0.01;20
10445.73;0.01;20
10446.78;0.01;20
10447.82;0.01;20
10448.87;0.01;20
10449.91;0.01;20
10450.96;0.01;20
10452;0.01;20
10453.04;0.01;20
10454.09;0.01;20
10455.13;0.01;20
10456.18;0.01;20
10457.22;0.01;20
10458.27;0.01;20
10459.31;0.01;20
10460.36;0.01;20
10461.4;0.01;20
10462.44;0.01;20
10463.49;0.01;20
10464.53;0.01;20
10465.58;0.01;20
10466.62;0.01;20
10467.67;0.01;20
10468.71;0.01;20
10469.76;0.01;20
10470.8;0.01;20
10471.84;0.01;20
10472.89;0.01;20
10473.93;0.01;20
10474.98;0.01;20
10476.02;0.01;20
10477.07;0.01;20
10478.11;0.01;20
10479.16;0.01;20
10480.2;0.01;20
10481.24;0.01;20
10482.29;0.01;20
10483.33;0.01;20
10484.38;0.01;20
10485.42;0.01;20
10486.47;0.01;20
10487.51;0.01;20
10488.56;0.01;20
10489.6;0.01;20
10490.64;0.01;20
10491.69;0.01;20
10492.73;0.01;20
10493.78;0.01;20
10494.82;0.01;20
10495.87;0.01;20
10496.91;0.01;20
10497.96;0.01;20
10499;0.01;20
10500;0.01;20
10501.04;0.02;20
10502.09;0.01;20
10503.13;0.01;20
10504.18;0.01;20
10505.22;0.01;20
10506.27;0.01;20
10507.31;0.01;20
10508.36;0.01;20
10509.4;0.01;20
10510.44;0.01;20
10511.49;0.01;20
10512.53;0.01;20
10513.58;0.01;20
10514.62;0.01;20
10515.67;0.01;20
10516.71;0.01;20
10517.76;0.01;20
10518.8;0.01;20
10519.84;0.01;20
10520.89;0.01;20
10521.93;0.01;20
10522.98;0.01;20
10524.02;0.01;20
10525.07;0.01;20
10526.11;0.01;20
10527.16;0.01;20
10528.2;0.01;20
10529.24;0.01;20
10530.29;0.01;20
10531.33;0.01;20
10532.38;0.01;20
10533.42;0.01;20
10534.47;0.01;20
10535.51;0.01;20
10536.56;0.01;20
10537.6;0.01;20
10538.64;0.01;20
10539.69;0.01;20
10540.69;0.01;20
10541.78;0.01;20
10542.82;0.01;20
10543.87;0.01;20
10544.91;0.01;20
10545.96;0.01;20
10547;0.01;20
10548.04;0.01;20
10549.09;0.01;20
10550.13;0.01;20
10551.18;0.01;20
10552.22;0.01;20
10553.27;0.01;20
10554.31;0.01;20
10555.36;0.01;20
10556.4;0.01;20
10557.44;0.01;20
10558.49;0.01;20
10559.53;0.01;20
10560.58;0.01;20
10561.62;0.01;20
10562.67;0.01;20
10563.71;0.01;20
10564.76;0.01;20
10565.8;0.01;20
10566.84;0.01;20
10567.89;0.01;20
10568.93;0.01;20
10569.98;0.01;20
10571.02;0.01;20
10572.07;0.01;20
10573.11;0.01;20
10574.16;0.01;20
10575.2;0.01;20
10576.2;0.01;20
10577.29;0.01;20
10578.33;0.01;20
10579.38;0.01;20
10580.42;0.01;20
10581.47;0.01;20
10582.51;0.01;20
10583.56;0.01;20
10584.6;0.01;20
10585.64;0.01;20
10586.69;0.01;20
10587.73;0.01;20
10588.78;0.01;20
10589.82;0.01;20
10590.87;0.01;20
10591.91;0.01;20
10592.96;0.01;20
10594;0.01;20
10595.04;0.01;20
10596.09;0.01;20
10597.13;0.01;20
10598.18;0.01;20
10599.22;0.01;20
10600.27;0.01;20
10601.31;0.01;20
10602.36;0.01;20
10603.4;0.01;20
10604.44;0.01;20
10605.49;0.01;20
10606.53;0.01;20
10607.58;0.01;20
10608.62;0.01;20
10609.67;0.01;20
10610.71;0.01;20
10611.71;0.01;20
10612.8;0.01;20
10613.84;0.01;20
10614.89;0.01;20
10615.93;0.01;20
10616.98;0.01;20
10618.02;0.01;20
10619.07;0.01;20
10620.11;0.01;20
10621.16;0.01;20
10622.2;0.01;20
10623.24;0.01;20
10624.29;0.01;20
10625.33;0.01;20
10626.38;0.01;20
10627.42;0.01;20
10628.47;0.01;20
10629.51;0.01;20
10630.56;0.01;20
10631.6;0.01;20
10632.64;0.01;20
10633.69;0.01;20
10634.73;0.01;20
10635.78;0.01;20
10636.82;0.01;20
10637.87;0.01;20
10638.91;0.01;20
10639.96;0.01;20
10641;0.01;20
10642.04;0.01;20
10643.09;0.01;20
10644.13;0.01;20
10645.18;0.01;20
10646.22;0.01;20
10647.27;0.01;20
10648.31;0.01;20
10649.36;0.01;20
10650.4;0.01;20
10651.44;0.01;20
10652.49;0.01;20
10653.53;0.01;20
10654.58;0.01;20
10655.62;0.01;20
10656.67;0.01;20
10657.71;0.01;20
10658.76;0.01;20
10659.8;0.01;20
10660.84;0.01;20
10661.89;0.01;20
10662.93;0.01;20
10663.98;0.01;20
10665.02;0.01;20
10666.07;0.01;20
10667.11;0.01;20
10668.16;0.01;20
10669.2;0.01;20
10670.24;0.01;20
10671.29;0.01;20
10672.33;0.01;20
10673.38;0.01;20
10674.42;0.01;20
10675.47;0.01;20
10676.51;0.01;20
10677.56;0.01;20
10678.6;0.01;20
10679.64;0.01;20
10680.69;0.01;20
10681.73;0.01;20
10682.78;0.01;20
10683.82;0.01;20
10684.87;0.01;20
10685.91;0.01;20
10686.96;0.01;20
10688;0.01;20
10689.04;0.01;20
10690.09;0.01;20
10691.13;0.01;20
10692.18;0.01;20
10693.22;0.01;20
10694.27;0.01;20
10695.31;0.01;20
10696.36;0.01;20
10697.4;0.01;20
10698.44;0.01;20
10699.49;0.01;20
10700.53;0.01;20
10701.58;0.01;20
10702.62;0.01;20
10703.67;0.01;20
10704.71;0.01;20
10705.76;0.01;20
10706.8;0.01;20
10707.84;0.01;20
10708.89;0.01;20
10709.93;0.01;20
10710.98;0.01;20
10712.02;0.01;20
10713.07;0.01;20
10714.11;0.01;20
10715.16;0.01;20
10716.2;0.01;20
10717.24;0.01;20
10718.29;0.01;20
10719.33;0.01;20
10720.38;0.01;20
10721.42;0.01;20
10722.47;0.01;20
10723.51;0.01;20
10724.56;0.01;20
10725.6;0.01;20
10726.64;0.01;20
10727.69;0.01;20
10728.73;0.01;20
10729.78;0.01;20
10730.82;0.01;20
10731.87;0.01;20
10732.91;0.01;20
10733.96;0.01;20
10735;0.01;20
10736.04;0.01;20
10737.09;0.01;20
10738.13;0.01;20
10739.18;0.01;20
10740.22;0.01;20
10741.27;0.01;20
10742.31;0.01;20
10743.36;0.01;20
10744.4;0.01;20
10745.44;0.01;20
10746.49;0.01;20
10747.53;0.01;20
10748.58;0.01;20
10749.62;0.01;20
10750.67;0.01;20
10751.71;0.01;20
10752.76;0.01;20
10753.8;0.01;20
10754.84;0.01;20
10755.89;0.01;20
10756.93;0.01;20
10757.98;0.01;20
10759.02;0.01;20
10760.07;0.01;20
10761.11;0.01;20
10762.16;0.01;20
10763.2;0.01;20
10764.24;0.01;20
10765.29;0.01;20
10766.33;0.01;20
10767.38;0.01;20
10768.42;0.01;20
10769.47;0.01;20
10770.51;0.01;20
10771.56;0.01;20
10772.6;0.01;20
10773.64;0.01;20
10774.69;0.01;20
10775.73;0.01;20
10776.78;0.01;20
10777.82;0.01;20
10778.87;0.01;20
10779.91;0.01;20
10780.96;0.01;20
10782;0.01;20
10783.04;0.01;20
10784.09;0.01;20
10785.13;0.01;20
10786.18;0.01;20
10787.22;0.01;20
10788.27;0.01;20
10789.31;0.01;20
10790.36;0.01;20
10791.4;0.01;20
10792.44;0.01;20
10793.49;0.01;20
10794.53;0.01;20
10795.58;0.01;20
10796.62;0.01;20
10797.67;0.01;20
10798.71;0.01;20
10799.76;0.01;20
10800.8;0.01;20
10801.84;0.01;20
10802.89;0.01;20
10803.93;0.01;20
10804.98;0.01;20
10806.02;0.01;20
10807.07;0.01;20
10808.11;0.01;20
10809.16;0.01;20
10810.2;0.01;20
10811.24;0.01;20
10812.29;0.01;20
10813.33;0.01;20
10814.38;0.01;20
10815.42;0.01;20
10816.47;0.01;20
10817.51;0.01;20
10818.56;0.01;20
10819.6;0.01;20
10820.64;0.01;20
10821.69;0.01;20
10822.73;0.01;20
10823.78;0.01;20
10824.82;0.01;20
10825.87;0.01;20
10826.91;0.01;20
10827.96;0.01;20
10829;0.01;20
10830.04;0.01;20
10831.09;0.01;20
10832.13;0.01;20
10833.18;0.01;20
10834.22;0.01;20
10835.27;0.01;20
10836.31;0.01;20
10837.36;0.01;20
10838.4;0.01;20
10839.44;0.01;20
10840.49;0.01;20
10841.53;0.01;20
10842.58;0.01;20
10843.62;0.01;20
10844.67;0.01;20
10845.71;0.01;20
10846.76;0.01;20
10847.8;0.01;20
10848.84;0.01;20
10849.89;0.01;20
10850.93;0.01;20
10851.98;0.01;20
10853.02;0.01;20
10854.07;0.01;20
10855.11;0.01;20
10856.16;0.01;20
10857.2;0.01;20
10858.24;0.01;20
10859.29;0.01;20
10860.33;0.01;20
10861.38;0.01;20
10862.42;0.01;20
10863.47;0.01;20
10864.51;0.01;20
10865.56;0.01;20
10866.6;0.01;20
10867.64;0.01;20
10868.69;0.01;20
10869.73;0.01;20
10870.78;0.01;20
10871.82;0.01;20
10872.87;0.01;20
10873.91;0.01;20
10874.96;0.01;20
10876;0.01;20
10877.04;0.01;20
10878.09;0.01;20
10879.13;0.01;20
10880.18;0.01;20
10881.22;0.01;20
10882.27;0.01;20
10883.31;0.01;20
10884.36;0.01;20
10885.4;0.01;20
10886.44;0.01;20
10887.49;0.01;20
10888.53;0.01;20
10889.58;0.01;20
10890.62;0.01;20
10891.67;0.01;20
10892.71;0.01;20
10893.76;0.01;20
10894.8;0.01;20
10895.84;0.01;20
10896.89;0.01;20
10897.93;0.01;20
10898.98;0.01;20
10900;0.01;20
10901.04;0.01;20
10902.09;0.01;20
10903.13;0.01;20
10904.18;0.01;20
10905.22;0.01;20
10906.27;0.01;20
10907.31;0.01;20
10908.36;0.01;20
10909.4;0.01;20
10910.4;0.01;20
10911.49;0.01;20
10912.53;0.01;20
10913.58;0.01;20
10914.62;0.01;20
10915.67;0.01;20
10916.71;0.01;20
10917.76;0.01;20
10918.8;0.01;20
10919.84;0.01;20
10920.89;0.01;20
10921.93;0.01;20
10922.98;0.01;20
10924.02;0.01;20
10925.07;0.01;20
10926.11;0.01;20
10927.16;0.01;20
10928.2;0.01;20
10929.24;0.01;20
10930.29;0.01;20
10931.33;0.01;20
10932.38;0.01;20
10933.42;0.01;20
10934.47;0.01;20
10935.51;0.01;20
10936.56;0.01;20
10937.6;0.01;20
10938.64;0.01;20
10939.69;0.01;20
10940.73;0.01;20
10941.78;0.01;20
10942.82;0.01;20
10943.87;0.01;20
10944.91;0.01;20
10945.91;0.01;20
10947;0.01;20
10948.04;0.01;20
10949.09;0.01;20
10950.13;0.01;20
10951.18;0.01;20
10952.22;0.01;20
10953.27;0.01;20
10954.31;0.01;20
10955.36;0.01;20
10956.4;0.01;20
10957.44;0.01;20
10958.49;0.01;20
10959.53;0.01;20
10960.58;0.01;20
10961.62;0.01;20
10962.67;0.01;20
10963.71;0.01;20
10964.76;0.01;20
10965.8;0.01;20
10966.84;0.01;20
10967.89;0.01;20
10968.93;0.01;20
10969.98;0.01;20
10971.02;0.01;20
10972.07;0.01;20
10973.11;0.01;20
10974.16;0.01;20
10975.2;0.01;20
10976.24;0.01;20
10977.29;0.01;20
10978.33;0.01;20
10979.38;0.01;20
10980.42;0.01;20
10981.47;0.01;20
10982.51;0.01;20
10983.56;0.01;20
10984.6;0.01;20
10985.64;0.01;20
10986.69;0.01;20
10987.73;0.01;20
10988.78;0.01;20
10989.82;0.01;20
10990.87;0.01;20
10991.91;0.01;20
10992.96;0.01;20
10994;0.01;20
10995.04;0.01;20
10996.09;0.01;20
10997.13;0.01;20
10998.18;0.01;20
10999.22;0.01;20
11000.27;0.01;20
11001.31;0.01;20
11002.36;0.01;20
11003.4;0.01;20
11004.44;0.01;20
11005.49;0.01;20
11006.53;0.01;20
11007.58;0.01;20
11008.62;0.01;20
11009.67;0.01;20
11010.71;0.01;20
11011.76;0.01;20
11012.8;0.01;20
11013.84;0.01;20
11014.89;0.01;20
11015.93;0.01;20
11016.98;0.01;20
11018.02;0.01;20
11019.07;0.01;20
11020.11;0.01;20
11021.16;0.01;20
11022.2;0.01;20
11023.24;0.01;20
11024.29;0.01;20
11025.33;0.01;20
11026.38;0.01;20
11027.42;0.01;20
11028.47;0.01;20
11029.51;0.01;20
11030.56;0.01;20
11031.6;0.01;20
11032.64;0.01;20
11033.69;0.01;20
11034.73;0.01;20
11035.78;0.01;20
11036.82;0.01;20
11037.87;0.01;20
11038.91;0.01;20
11039.96;0.01;20
11041;0.01;20
11042.04;0.01;20
11043.09;0.01;20
11044.13;0.01;20
11045.18;0.01;20
11046.22;0.01;20
11047.27;0.01;20
11048.31;0.01;20
11049.36;0.01;20
11050.4;0.01;20
11051.44;0.01;20
11052.49;0.01;20
11053.53;0.01;20
11054.58;0.01;20
11055.62;0.01;20
11056.67;0.01;20
11057.71;0.01;20
11058.76;0.01;20
11059.8;0.01;20
11060.84;0.01;20
11061.89;0.01;20
11062.93;0.01;20
11063.98;0.01;20
11065.02;0.01;20
11066.07;0.01;20
11067.11;0.01;20
11068.16;0.01;20
11069.2;0.01;20
11070.24;0.01;20
11071.29;0.01;20
11072.33;0.01;20
11073.38;0.01;20
11074.42;0.01;20
11075.44;0.01;20
11076.49;0.01;20
11077.53;0.01;20
11078.58;0.01;20
11079.62;0.01;20
11080.67;0.01;20
11081.71;0.01;20
11082.76;0.01;20
11083.8;0.01;20
11084.84;0.01;20
11085.89;0.01;20
11086.93;0.01;20
11087.98;0.01;20
11089.02;0.01;20
11090.07;0.01;20
11091.11;0.01;20
11092.16;0.01;20
11093.2;0.01;20
11094.24;0.01;20
11095.29;0.01;20
11096.33;0.01;20
11097.38;0.01;20
11098.42;0.01;20
11099.47;0.01;20
11100.51;0.01;20
11101.56;0.01;20
11102.6;0.01;20
11103.64;0.01;20
11104.69;0.01;20
11105.73;0.01;20
11106.78;0.01;20
11107.82;0.01;20
11108.87;0.01;20
11109.91;0.01;20
11110.96;0.01;20
11112;0.01;20
11113.04;0.01;20
11114.09;0.01;20
11115.13;0.01;20
11116.18;0.01;20
11117.22;0.01;20
11118.27;0.01;20
11119.31;0.01;20
11120.36;0.01;20
11121.4;0.01;20
11122.44;0.01;20
11123.49;0.01;20
11124.53;0.01;20
11125.58;0.01;20
11126.62;0.01;20
11127.67;0.01;20
11128.71;0.01;20
11129.76;0.01;20
11130.8;0.01;20
11131.84;0.01;20
11132.89;0.01;20
11133.93;0.01;20
11134.98;0.01;20
11136.02;0.01;20
11137.07;0.01;20
11138.11;0.01;20
11139.16;0.01;20
11140.2;0.01;20
11141.24;0.01;20
11142.29;0.01;20
11143.33;0.01;20
11144.38;0.01;20
11145.42;0.01;20
11146.47;0.01;20
11147.51;0.01;20
11148.56;0.01;20
11149.6;0.01;20
11150.64;0.01;20
11151.69;0.01;20
11152.73;0.01;20
11153.78;0.01;20
11154.82;0.01;20
11155.87;0.01;20
11156.91;0.01;20
11157.96;0.02;20
11159;0.01;20
11160;0.01;20
11161.04;0.01;20
11162.09;0.01;20
11163.13;0.01;20
11164.18;0.01;20
11165.22;0.01;20
11166.27;0.01;20
11167.31;0.01;20
11168.36;0.01;20
11169.4;0.01;20
11170.44;0.01;20
11171.49;0.01;20
11172.53;0.01;20
11173.58;0.01;20
11174.62;0.01;20
11175.67;0.01;20
11176.71;0.01;20
11177.76;0.01;20
11178.8;0.01;20
11179.84;0.01;20
11180.89;0.01;20
11181.93;0.01;20
11182.98;0.01;20
11184.02;0.01;20
11185.07;0.01;20
11186.11;0.01;20
11187.16;0.01;20
11188.2;0.01;20
11189.24;0.01;20
11190.29;0.01;20
11191.33;0.01;20
11192.38;0.01;20
11193.42;0.01;20
11194.47;0.01;20
11195.49;0.01;20
11196.53;0.01;20
11197.58;0.01;20
11198.62;0.01;20
11199.67;0.01;20
11200.71;0.01;20
11201.76;0.01;20
11202.8;0.01;20
11203.84;0.01;20
11204.89;0.01;20
11205.93;0.01;20
11206.98;0.01;20
11208.02;0.01;20
11209.07;0.01;20
11210.11;0.01;20
11211.16;0.01;20
11212.2;0.01;20
11213.24;0.01;20
11214.29;0.01;20
11215.33;0.01;20
11216.38;0.01;20
11217.42;0.01;20
11218.47;0.01;20
11219.51;0.01;20
11220.56;0.01;20
11221.6;0.01;20
11222.64;0.01;20
11223.69;0.01;20
11224.73;0.01;20
11225.78;0.01;20
11226.82;0.01;20
11227.87;0.01;20
11228.91;0.01;20
11229.96;0.01;20
11231;0.01;20
11232.04;0.01;20
11233.09;0.01;20
11234.13;0.01;20
11235.18;0.01;20
11236.22;0.01;20
11237.27;0.01;20
11238.31;0.01;20
11239.36;0.01;20
11240.4;0.01;20
11241.44;0.01;20
11242.49;0.01;20
11243.53;0.01;20
11244.58;0.01;20
11245.62;0.01;20
11246.67;0.01;20
11247.71;0.01;20
11248.76;0.01;20
11249.8;0.01;20
11250.84;0.01;20
11251.89;0.01;20
11252.93;0.01;20
11253.98;0.01;20
11255.02;0.01;20
11256.07;0.01;20
11257.11;0.01;20
11258.16;0.01;20
11259.2;0.01;20
11260.24;0.01;20
11261.29;0.01;20
11262.33;0.01;20
11263.38;0.01;20
11264.42;0.01;20
11265.47;0.01;20
11266.51;0.01;20
11267.56;0.01;20
11268.6;0.01;20
11269.64;0.01;20
11270.69;0.01;20
11271.73;0.01;20
11272.78;0.01;20
11273.82;0.01;20
11274.87;0.01;20
11275.91;0.01;20
11276.96;0.01;20
11278;0.01;20
11279.04;0.01;20
11280.09;0.01;20
11281.13;0.01;20
11282.18;0.01;20
11283.22;0.01;20
11284.27;0.01;20
11285.31;0.01;20
11286.36;0.01;20
11287.4;0.01;20
11288.44;0.01;20
11289.49;0.01;20
11290.53;0.01;20
11291.58;0.01;20
11292.62;0.01;20
11293.67;0.01;20
11294.71;0.01;20
11295.76;0.01;20
11296.8;0.01;20
11297.84;0.01;20
11298.89;0.01;20
11299.93;0.01;20
11300.98;0.01;20
11302.02;0.01;20
11303.07;0.01;20
11304.11;0.01;20
11305.16;0.01;20
11306.2;0.01;20
11307.24;0.01;20
11308.29;0.01;20
11309.33;0.01;20
11310.38;0.01;20
11311.42;0.01;20
11312.47;0.01;20
11313.51;0.01;20
11314.56;0.01;20
11315.56;0.01;20
11316.64;0.01;20
11317.69;0.01;20
11318.73;0.01;20
11319.78;0.01;20
11320.82;0.01;20
11321.87;0.01;20
11322.91;0.01;20
11323.96;0.01;20
11325;0.01;20
11326.04;0.01;20
11327.09;0.01;20
11328.13;0.01;20
11329.18;0.01;20
11330.22;0.01;20
11331.27;0.01;20
11332.31;0.01;20
11333.36;0.01;20
11334.4;0.01;20
11335.44;0.01;20
11336.49;0.01;20
11337.53;0.01;20
11338.58;0.01;20
11339.62;0.01;20
11340.67;0.01;20
11341.71;0.01;20
11342.76;0.01;20
11343.8;0.01;20
11344.84;0.01;20
11345.89;0.01;20
11346.93;0.01;20
11347.98;0.01;20
11349.02;0.01;20
11350.07;0.01;20
11351.07;0.01;20
11352.16;0.01;20
11353.2;0.01;20
11354.24;0.01;20
11355.29;0.01;20
11356.33;0.01;20
11357.38;0.01;20
11358.42;0.01;20
11359.47;0.01;20
11360.51;0.01;20
11361.56;0.01;20
11362.6;0.01;20
11363.64;0.01;20
11364.69;0.01;20
11365.73;0.01;20
11366.78;0.01;20
11367.82;0.01;20
11368.87;0.01;20
11369.91;0.01;20
11370.96;0.01;20
11372;0.01;20
11373.04;0.01;20
11374.09;0.01;20
11375.13;0.01;20
11376.18;0.01;20
11377.22;0.01;20
11378.27;0.01;20
11379.31;0.01;20
11380.36;0.01;20
11381.4;0.01;20
11382.44;0.01;20
11383.49;0.01;20
11384.53;0.01;20
11385.58;0.01;20
11386.62;0.01;20
11387.67;0.01;20
11388.71;0.01;20
11389.76;0.01;20
11390.8;0.01;20
11391.84;0.01;20
11392.89;0.01;20
11393.93;0.01;20
11394.98;0.01;20
11396.02;0.01;20
11397.07;0.01;20
11398.11;0.01;20
11399.16;0.01;20
11400.2;0.01;20
11401.24;0.01;20
11402.29;0.01;20
11403.33;0.01;20
11404.38;0.01;20
11405.42;0.01;20
11406.47;0.01;20
11407.51;0.01;20
11408.56;0.01;20
11409.6;0.01;20
11410.64;0.01;20
11411.69;0.01;20
11412.73;0.01;20
11413.78;0.01;20
11414.82;0.01;20
11415.87;0.01;20
11416.91;0.01;20
11417.96;0.01;20
11419;0.01;20
11420;0.01;20
11421.04;0.01;20
11422.09;0.01;20
11423.13;0.01;20
11424.18;0.01;20
11425.22;0.01;20
11426.27;0.01;20
11427.31;0.01;20
11428.36;0.01;20
11429.4;0.01;20
11430.44;0.01;20
11431.49;0.01;20
11432.53;0.01;20
11433.58;0.01;20
11434.62;0.01;20
11435.67;0.01;20
11436.71;0.01;20
11437.76;0.01;20
11438.8;0.01;20
11439.84;0.01;20
11440.89;0.01;20
11441.93;0.01;20
11442.98;0.01;20
11444.02;0.01;20
11445.07;0.01;20
11446.11;0.01;20
11447.16;0.01;20
11448.2;0.01;20
11449.24;0.01;20
11450.29;0.01;20
11451.33;0.01;20
11452.38;0.01;20
11453.42;0.01;20
11454.47;0.01;20
11455.51;0.01;20
11456.56;0.01;20
11457.6;0.01;20
11458.64;0.01;20
11459.69;0.01;20
11460.73;0.01;20
11461.78;0.01;20
11462.82;0.01;20
11463.87;0.01;20
11464.91;0.01;20
11465.96;0.01;20
11467;0.01;20
11468.04;0.01;20
11469.09;0.01;20
11470.13;0.01;20
11471.18;0.01;20
11472.22;0.01;20
11473.27;0.01;20
11474.31;0.01;20
11475.36;0.01;20
11476.4;0.01;20
11477.44;0.01;20
11478.49;0.01;20
11479.53;0.01;20
11480.58;0.01;20
11481.62;0.01;20
11482.67;0.01;20
11483.71;0.01;20
11484.76;0.01;20
11485.8;0.01;20
11486.84;0.01;20
11487.89;0.01;20
11488.93;0.01;20
11489.98;0.01;20
11491.02;0.01;20
11492.07;0.01;20
11493.11;0.01;20
11494.16;0.01;20
11495.2;0.01;20
11496.24;0.01;20
11497.29;0.01;20
11498.33;0.01;20
11499.38;0.01;20
11500.42;0.01;20
11501.47;0.01;20
11502.51;0.01;20
11503.56;0.01;20
11504.6;0.01;20
11505.64;0.01;20
11506.69;0.01;20
11507.73;0.01;20
11508.78;0.01;20
11509.82;0.01;20
11510.87;0.01;20
11511.91;0.01;20
11512.96;0.01;20
11514;0.01;20
11515.04;0.01;20
11516.09;0.01;20
11517.13;0.01;20
11518.18;0.01;20
11519.22;0.01;20
11520.27;0.01;20
11521.31;0.01;20
11522.36;0.01;20
11523.4;0.01;20
11524.44;0.01;20
11525.49;0.01;20
11526.53;0.01;20
11527.58;0.01;20
11528.62;0.01;20
11529.67;0.01;20
11530.71;0.01;20
11531.76;0.01;20
11532.8;0.01;20
11533.84;0.01;20
11534.89;0.01;20
11535.93;0.01;20
11536.98;0.01;20
11538.02;0.01;20
11539.07;0.01;20
11540.11;0.01;20
11541.16;0.01;20
11542.2;0.01;20
11543.24;0.01;20
11544.29;0.01;20
11545.33;0.01;20
11546.38;0.01;20
11547.42;0.01;20
11548.47;0.01;20
11549.51;0.01;20
11550.56;0.01;20
11551.6;0.01;20
11552.64;0.01;20
11553.69;0.01;20
11554.73;0.01;20
11555.76;0.01;20
11556.8;0.01;20
11557.84;0.01;20
11558.89;0.01;20
11559.93;0.01;20
11560.98;0.01;20
11562.02;0.01;20
11563.07;0.01;20
11564.11;0.01;20
11565.16;0.01;20
11566.2;0.01;20
11567.24;0.01;20
11568.29;0.01;20
11569.33;0.01;20
11570.38;0.01;20
11571.42;0.01;20
11572.47;0.01;20
11573.51;0.01;20
11574.56;0.01;20
11575.56;0.01;20
11576.64;0.01;20
11577.69;0.01;20
11578.73;0.01;20
11579.78;0.01;20
11580.82;0.01;20
11581.87;0.01;20
11582.91;0.01;20
11583.96;0.01;20
11585;0.01;20
11586.04;0.01;20
11587.09;0.01;20
11588.13;0.01;20
11589.18;0.01;20
11590.22;0.01;20
11591.27;0.01;20
11592.31;0.01;20
11593.36;0.01;20
11594.4;0.01;20
11595.44;0.01;20
11596.49;0.01;20
11597.53;0.01;20
11598.58;0.01;20
11599.62;0.01;20
11600.67;0.01;20
11601.71;0.01;20
11602.76;0.01;20
11603.8;0.01;20
11604.84;0.01;20
11605.89;0.01;20
11606.93;0.01;20
11607.98;0.01;20
11609.02;0.01;20
11610.07;0.01;20
11611.07;0.01;20
11612.16;0.01;20
11613.2;0.01;20
11614.24;0.01;20
11615.29;0.01;20
11616.33;0.01;20
11617.38;0.01;20
11618.42;0.01;20
11619.47;0.01;20
11620.51;0.01;20
11621.56;0.01;20
11622.6;0.01;20
11623.64;0.01;20
11624.69;0.01;20
11625.73;0.01;20
11626.78;0.01;20
11627.82;0.01;20
11628.87;0.01;20
11629.91;0.01;20
11630.96;0.01;20
11632;0.01;20
11633.04;0.01;20
11634.09;0.01;20
11635.13;0.01;20
11636.18;0.01;20
11637.22;0.01;20
11638.27;0.01;20
11639.31;0.01;20
11640.36;0.01;20
11641.4;0.01;20
11642.44;0.01;20
11643.49;0.01;20
11644.53;0.01;20
11645.58;0.01;20
11646.62;0.01;20
11647.67;0.01;20
11648.71;0.01;20
11649.76;0.01;20
11650.8;0.01;20
11651.84;0.01;20
11652.89;0.01;20
11653.93;0.01;20
11654.98;0.01;20
11656.02;0.01;20
11657.07;0.01;20
11658.11;0.01;20
11659.16;0.01;20
11660.2;0.01;20
11661.24;0.01;20
11662.29;0.01;20
11663.33;0.01;20
11664.38;0.01;20
11665.42;0.01;20
11666.47;0.01;20
11667.51;0.01;20
11668.56;0.01;20
11669.6;0.01;20
11670.64;0.01;20
11671.69;0.01;20
11672.73;0.01;20
11673.78;0.01;20
11674.82;0.01;20
11675.87;0.01;20
11676.91;0.01;20
11677.96;0.01;20
11679;0.01;20
11680;0.01;20
11681.04;0.01;20
11682.09;0.01;20
11683.13;0.01;20
11684.18;0.01;20
11685.22;0.01;20
11686.27;0.01;20
11687.31;0.01;20
11688.36;0.01;20
11689.4;0.01;20
11690.44;0.01;20
11691.49;0.01;20
11692.53;0.01;20
11693.58;0.01;20
11694.62;0.01;20
11695.67;0.01;20
11696.71;0.01;20
11697.76;0.01;20
11698.8;0.01;20
11699.84;0.01;20
11700.89;0.01;20
11701.93;0.01;20
11702.98;0.01;20
11704.02;0.01;20
11705.07;0.01;20
11706.11;0.01;20
11707.16;0.01;20
11708.2;0.01;20
11709.24;0.01;20
11710.29;0.01;20
11711.33;0.01;20
11712.38;0.01;20
11713.42;0.01;20
11714.47;0.01;20
11715.51;0.01;20
11716.56;0.01;20
11717.6;0.01;20
11718.64;0.01;20
11719.69;0.01;20
11720.73;0.01;20
11721.78;0.01;20
11722.82;0.01;20
11723.87;0.01;20
11724.91;0.01;20
11725.96;0.01;20
11727;0.01;20
11728.04;0.01;20
11729.09;0.01;20
11730.13;0.01;20
11731.18;0.01;20
11732.22;0.01;20
11733.27;0.01;20
11734.31;0.01;20
11735.36;0.01;20
11736.4;0.01;20
11737.44;0.01;20
11738.49;0.01;20
11739.53;0.01;20
11740.58;0.01;20
11741.62;0.01;20
11742.67;0.01;20
11743.71;0.01;20
11744.76;0.01;20
11745.8;0.01;20
11746.84;0.01;20
11747.89;0.01;20
11748.93;0.01;20
11749.98;0.01;20
11750.98;0.01;20
11752.07;0.01;20
11753.11;0.01;20
11754.16;0.01;20
11755.16;0.01;20
11756.24;0.01;20
11757.24;0.01;20
11758.33;0.01;20
11759.38;0.01;20
11760.42;0.01;20
11761.47;0.01;20
11762.51;0.01;20
11763.56;0.01;20
11764.6;0.01;20
11765.64;0.01;20
11766.69;0.01;20
11767.73;0.01;20
11768.78;0.01;20
11769.82;0.01;20
11770.87;0.01;20
11771.91;0.01;20
11772.96;0.01;20
11774;0.01;20
11775.04;0.01;20
11776.09;0.01;20
11777.13;0.01;20
11778.18;0.01;20
11779.22;0.01;20
11780.27;0.01;20
11781.31;0.01;20
11782.36;0.01;20
11783.4;0.01;20
11784.44;0.01;20
11785.49;0.01;20
11786.53;0.01;20
11787.58;0.01;20
11788.62;0.01;20
11789.67;0.01;20
11790.71;0.01;20
11791.71;0.01;20
11792.8;0.01;20
11793.84;0.01;20
11794.89;0.01;20
11795.89;0.01;20
11796.98;0.01;20
11797.98;0.01;20
11799.07;0.01;20
11800.11;0.01;20
11801.16;0.01;20
11802.2;0.01;20
11803.24;0.01;20
11804.29;0.01;20
11805.33;0.01;20
11806.38;0.01;20
11807.42;0.01;20
11808.47;0.01;20
11809.51;0.01;20
11810.56;0.01;20
11811.6;0.01;20
11812.64;0.01;20
11813.69;0.01;20
11814.73;0.01;20
11815.78;0.01;20
11816.82;0.01;20
11817.87;0.01;20
11818.91;0.01;20
11819.96;0.01;20
11821;0.01;20
11822.04;0.01;20
11823.09;0.01;20
11824.13;0.01;20
11825.18;0.01;20
11826.22;0.01;20
11827.27;0.01;20
11828.31;0.01;20
11829.36;0.01;20
11830.4;0.01;20
11831.44;0.01;20
11832.44;0.01;20
11833.53;0.01;20
11834.58;0.01;20
11835.62;0.01;20
11836.62;0.01;20
11837.71;0.01;20
11838.71;0.01;20
11839.8;0.01;20
11840.84;0.01;20
11841.89;0.01;20
11842.93;0.01;20
11843.98;0.01;20
11845.02;0.01;20
11846.07;0.01;20
11847.11;0.01;20
11848.16;0.01;20
11849.2;0.01;20
11850.24;0.01;20
11851.29;0.01;20
11852.33;0.01;20
11853.38;0.01;20
11854.42;0.01;20
11855.47;0.01;20
11856.51;0.01;20
11857.56;0.01;20
11858.6;0.01;20
11859.64;0.01;20
11860.69;0.01;20
11861.73;0.01;20
11862.78;0.01;20
11863.82;0.01;20
11864.87;0.01;20
11865.91;0.01;20
11866.96;0.01;20
11868;0.01;20
11869.04;0.01;20
11870.09;0.01;20
11871.13;0.01;20
11872.18;0.01;20
11873.18;0.01;20
11874.27;0.01;20
11875.31;0.01;20
11876.36;0.01;20
11877.36;0.01;20
11878.44;0.01;20
11879.44;0.01;20
11880.53;0.01;20
11881.58;0.01;20
11882.62;0.01;20
11883.67;0.01;20
11884.71;0.01;20
11885.76;0.01;20
11886.8;0.01;20
11887.84;0.01;20
11888.89;0.01;20
11889.93;0.01;20
11890.98;0.01;20
11892.02;0.01;20
11893.07;0.01;20
11894.11;0.01;20
11895.16;0.01;20
11896.2;0.01;20
11897.24;0.01;20
11898.29;0.01;20
11899.33;0.01;20
11900.38;0.01;20
11901.42;0.01;20
11902.47;0.01;20
11903.51;0.01;20
11904.56;0.01;20
11905.6;0.01;20
11906.64;0.01;20
11907.69;0.01;20
11908.73;0.01;20
11909.78;0.01;20
11910.82;0.01;20
11911.87;0.01;20
11912.91;0.01;20
11913.91;0.01;20
11915;0.01;20
11916.04;0.01;20
11917.09;0.01;20
11918.09;0.01;20
11919.18;0.01;20
11920.18;0.01;20
11921.27;0.01;20
11922.31;0.01;20
11923.36;0.01;20
11924.4;0.01;20
11925.44;0.01;20
11926.49;0.01;20
11927.53;0.01;20
11928.58;0.01;20
11929.62;0.01;20
11930.67;0.01;20
11931.71;0.01;20
11932.76;0.01;20
11933.8;0.01;20
11934.84;0.01;20
11935.89;0.01;20
11936.93;0.01;20
11937.98;0.01;20
11939.02;0.01;20
11940.07;0.01;20
11941.11;0.01;20
11942.16;0.01;20
11943.2;0.01;20
11944.24;0.01;20
11945.29;0.01;20
11946.33;0.01;20
11947.38;0.01;20
11948.42;0.01;20
11949.47;0.01;20
11950.51;0.01;20
11951.56;0.01;20
11952.6;0.01;20
11953.64;0.01;20
11954.64;0.01;20
11955.73;0.01;20
11956.78;0.01;20
11957.82;0.01;20
11958.82;0.01;20
11959.91;0.01;20
11960.91;0.01;20
11962;0.01;20
11963.04;0.01;20
11964.09;0.01;20
11965.13;0.01;20
11966.18;0.01;20
11967.22;0.01;20
11968.27;0.01;20
11969.31;0.01;20
11970.36;0.01;20
11971.4;0.01;20
11972.44;0.01;20
11973.49;0.01;20
11974.53;0.01;20
11975.58;0.01;20
11976.62;0.01;20
11977.67;0.01;20
11978.71;0.01;20
11979.76;0.01;20
11980.8;0.01;20
11981.84;0.01;20
11982.89;0.01;20
11983.93;0.01;20
11984.98;0.01;20
11986.02;0.01;20
11987.07;0.01;20
11988.11;0.01;20
11989.16;0.01;20
11990.2;0.01;20
11991.24;0.01;20
11992.29;0.01;20
11993.33;0.01;20
11994.38;0.01;20
11995.38;0.01;20
11996.47;0.01;20
11997.51;0.01;20
11998.56;0.01;20
11999.56;0.01;20
12000.64;0.01;20
12001.64;0.01;20
12002.73;0.01;20
12003.78;0.01;20
12004.82;0.01;20
12005.87;0.01;20
12006.91;0.01;20
12007.96;0.01;20
12009;0.01;20
12010.04;0.01;20
12011.09;0.01;20
12012.13;0.01;20
12013.18;0.01;20
12014.22;0.01;20
12015.27;0.01;20
12016.31;0.01;20
12017.36;0.01;20
12018.4;0.01;20
12019.44;0.01;20
12020.49;0.01;20
12021.53;0.01;20
12022.58;0.01;20
12023.62;0.01;20
12024.67;0.01;20
12025.71;0.01;20
12026.76;0.01;20
12027.8;0.01;20
12028.84;0.01;20
12029.89;0.01;20
12030.93;0.01;20
12031.98;0.01;20
12033.02;0.01;20
12034.07;0.01;20
12035.11;0.01;20
12036.11;0.01;20
12037.2;0.01;20
12038.24;0.01;20
12039.29;0.01;20
12040.29;0.01;20
12041.38;0.01;20
12042.38;0.01;20
12043.47;0.01;20
12044.51;0.01;20
12045.56;0.01;20
12046.6;0.01;20
12047.64;0.01;20
12048.69;0.01;20
12049.73;0.01;20
12050.78;0.01;20
12051.82;0.01;20
12052.87;0.01;20
12053.91;0.01;20
12054.96;0.01;20
12056;0.01;20
12057.04;0.01;20
12058.09;0.01;20
12059.13;0.01;20
12060.18;0.01;20
12061.22;0.01;20
12062.27;0.01;20
12063.31;0.01;20
12064.36;0.01;20
12065.4;0.01;20
12066.44;0.01;20
12067.49;0.01;20
12068.53;0.01;20
12069.58;0.01;20
12070.62;0.01;20
12071.67;0.01;20
12072.71;0.01;20
12073.76;0.01;20
12074.8;0.01;20
12075.84;0.01;20
12076.89;0.01;20
12077.93;0.01;20
12078.98;0.01;20
12080;0.01;20
12081.04;0.01;20
12082.07;0.01;20
12083.11;0.01;20
12084.16;0.01;20
12085.2;0.01;20
12086.22;0.01;20
12087.27;0.01;20
12088.31;0.01;20
12089.36;0.01;20
12090.4;0.01;20
12091.44;0.01;20
12092.49;0.01;20
12093.53;0.01;20
12094.58;0.01;20
12095.62;0.01;20
12096.67;0.01;20
12097.71;0.01;20
12098.76;0.01;20
12099.8;0.01;20
12100.84;0.01;20
12101.89;0.01;20
12102.93;0.01;20
12103.98;0.01;20
12105.02;0.01;20
12106.07;0.01;20
12107.11;0.01;20
12108.16;0.01;20
12109.2;0.01;20
12110.24;0.01;20
12111.29;0.01;20
12112.33;0.01;20
12113.38;0.01;20
12114.42;0.01;20
12115.47;0.01;20
12116.51;0.01;20
12117.56;0.01;20
12118.6;0.01;20
12119.64;0.01;20
12120.69;0.01;20
12121.73;0.01;20
12122.78;0.01;20
12123.82;0.01;20
12124.87;0.01;20
12125.91;0.01;20
12126.96;0.01;20
12128;0.01;20
12129.04;0.01;20
12130.09;0.01;20
12131.13;0.01;20
12132.18;0.01;20
12133.22;0.01;20
12134.27;0.01;20
12135.31;0.01;20
12136.36;0.01;20
12137.4;0.01;20
12138.44;0.01;20
12139.49;0.01;20
12140.53;0.01;20
12141.58;0.01;20
12142.62;0.01;20
12143.67;0.01;20
12144.71;0.01;20
12145.76;0.01;20
12146.8;0.01;20
12147.84;0.01;20
12148.89;0.01;20
12149.93;0.01;20
12150.98;0.01;20
12152.02;0.01;20
12153.07;0.01;20
12154.11;0.01;20
12155.16;0.01;20
12156.2;0.01;20
12157.24;0.01;20
12158.29;0.01;20
12159.33;0.01;20
12160.38;0.01;20
12161.42;0.01;20
12162.47;0.01;20
12163.51;0.01;20
12164.56;0.01;20
12165.6;0.01;20
12166.64;0.01;20
12167.69;0.01;20
12168.73;0.01;20
12169.78;0.01;20
12170.82;0.01;20
12171.87;0.01;20
12172.91;0.01;20
12173.96;0.01;20
12175;0.01;20
12176.04;0.01;20
12177.09;0.01;20
12178.13;0.01;20
12179.18;0.01;20
12180.22;0.01;20
12181.27;0.01;20
12182.31;0.01;20
12183.36;0.01;20
12184.4;0.01;20
12185.44;0.01;20
12186.49;0.01;20
12187.53;0.01;20
12188.58;0.01;20
12189.62;0.01;20
12190.67;0.01;20
12191.71;0.01;20
12192.76;0.01;20
12193.8;0.01;20
12194.84;0.01;20
12195.89;0.01;20
12196.93;0.01;20
12197.98;0.01;20
12199.02;0.01;20
12200.07;0.01;20
12201.11;0.01;20
12202.16;0.01;20
12203.2;0.01;20
12204.24;0.01;20
12205.29;0.01;20
12206.33;0.01;20
12207.38;0.01;20
12208.42;0.01;20
12209.47;0.01;20
12210.51;0.01;20
12211.56;0.01;20
12212.6;0.01;20
12213.64;0.01;20
12214.69;0.01;20
12215.73;0.01;20
12216.78;0.01;20
12217.82;0.01;20
12218.87;0.01;20
12219.91;0.01;20
12220.96;0.01;20
12222;0.01;20
12223.04;0.01;20
12224.09;0.01;20
12225.13;0.01;20
12226.18;0.01;20
12227.22;0.01;20
12228.27;0.01;20
12229.31;0.01;20
12230.36;0.01;20
12231.4;0.01;20
12232.44;0.01;20
12233.49;0.01;20
12234.53;0.01;20
12235.58;0.01;20
12236.62;0.01;20
12237.67;0.01;20
12238.71;0.01;20
12239.76;0.01;20
12240.8;0.01;20
12241.84;0.01;20
12242.89;0.01;20
12243.93;0.01;20
12244.98;0.01;20
12246.02;0.01;20
12247.07;0.01;20
12248.11;0.01;20
12249.16;0.01;20
12250.2;0.01;20
12251.24;0.01;20
12252.29;0.01;20
12253.33;0.01;20
12254.38;0.01;20
12255.42;0.01;20
12256.47;0.01;20
12257.51;0.01;20
12258.56;0.01;20
12259.6;0.01;20
12260.64;0.01;20
12261.69;0.01;20
12262.73;0.01;20
12263.78;0.01;20
12264.82;0.01;20
12265.87;0.01;20
12266.91;0.01;20
12267.96;0.01;20
12269;0.01;20
12270.04;0.01;20
12271.09;0.01;20
12272.13;0.01;20
12273.18;0.01;20
12274.22;0.01;20
12275.22;0.01;20
12276.31;0.01;20
12277.36;0.01;20
12278.4;0.01;20
12279.44;0.01;20
12280.49;0.01;20
12281.53;0.01;20
12282.58;0.01;20
12283.62;0.01;20
12284.67;0.01;20
12285.71;0.01;20
12286.76;0.01;20
12287.8;0.01;20
12288.84;0.01;20
12289.89;0.01;20
12290.93;0.01;20
12291.98;0.01;20
12293.02;0.01;20
12294.07;0.01;20
12295.11;0.01;20
12296.16;0.01;20
12297.2;0.01;20
12298.24;0.01;20
12299.29;0.01;20
12300.33;0.01;20
12301.38;0.01;20
12302.42;0.01;20
12303.47;0.01;20
12304.51;0.01;20
12305.56;0.01;20
12306.6;0.01;20
12307.64;0.01;20
12308.69;0.01;20
12309.73;0.01;20
12310.78;0.01;20
12311.82;0.01;20
12312.87;0.01;20
12313.91;0.01;20
12314.96;0.01;20
12316;0.01;20
12317.04;0.01;20
12318.09;0.01;20
12319.13;0.01;20
12320.18;0.01;20
12321.22;0.01;20
12322.27;0.01;20
12323.31;0.01;20
12324.36;0.01;20
12325.4;0.01;20
12326.44;0.01;20
12327.49;0.01;20
12328.53;0.01;20
12329.58;0.01;20
12330.62;0.01;20
12331.67;0.01;20
12332.71;0.01;20
12333.76;0.01;20
12334.8;0.01;20
12335.84;0.01;20
12336.89;0.01;20
12337.93;0.01;20
12338.98;0.01;20
12340;0.01;20
12341.04;0.01;20
12342.09;0.01;20
12343.13;0.01;20
12344.18;0.01;20
12345.22;0.01;20
12346.27;0.01;20
12347.31;0.01;20
12348.36;0.01;20
12349.4;0.01;20
12350.44;0.01;20
12351.49;0.01;20
12352.53;0.01;20
12353.58;0.01;20
12354.62;0.01;20
12355.67;0.01;20
12356.71;0.01;20
12357.76;0.01;20
12358.8;0.01;20
12359.84;0.01;20
12360.89;0.01;20
12361.93;0.01;20
12362.98;0.01;20
12364.02;0.01;20
12365.07;0.01;20
12366.11;0.01;20
12367.16;0.01;20
12368.2;0.01;20
12369.24;0.01;20
12370.29;0.01;20
12371.33;0.01;20
12372.38;0.01;20
12373.42;0.01;20
12374.47;0.01;20
12375.51;0.01;20
12376.56;0.01;20
12377.6;0.01;20
12378.64;0.01;20
12379.69;0.01;20
12380.73;0.01;20
12381.78;0.01;20
12382.82;0.01;20
12383.87;0.01;20
12384.91;0.01;20
12385.96;0.01;20
12387;0.01;20
12388.04;0.01;20
12389.09;0.01;20
12390.13;0.01;20
12391.18;0.01;20
12392.22;0.01;20
12393.27;0.01;20
12394.31;0.01;20
12395.36;0.01;20
12396.4;0.01;20
12397.44;0.01;20
12398.49;0.01;20
12399.53;0.01;20
12400.58;0.01;20
12401.62;0.01;20
12402.67;0.01;20
12403.71;0.01;20
12404.76;0.01;20
12405.8;0.01;20
12406.84;0.01;20
12407.89;0.01;20
12408.93;0.01;20
12409.98;0.01;20
12411.02;0.01;20
12412.07;0.01;20
12413.11;0.01;20
12414.16;0.01;20
12415.16;0.01;20
12416.24;0.01;20
12417.29;0.01;20
12418.33;0.01;20
12419.38;0.01;20
12420.42;0.01;20
12421.47;0.01;20
12422.51;0.01;20
12423.56;0.01;20
12424.6;0.01;20
12425.64;0.01;20
12426.69;0.01;20
12427.73;0.01;20
12428.78;0.01;20
12429.82;0.01;20
12430.87;0.01;20
12431.91;0.01;20
12432.96;0.01;20
12434;0.01;20
12435.04;0.01;20
12436.09;0.01;20
12437.13;0.01;20
12438.18;0.01;20
12439.22;0.01;20
12440.27;0.01;20
12441.31;0.01;20
12442.36;0.01;20
12443.4;0.01;20
12444.44;0.01;20
12445.49;0.01;20
12446.53;0.01;20
12447.58;0.01;20
12448.62;0.01;20
12449.67;0.01;20
12450.71;0.01;20
12451.76;0.01;20
12452.8;0.01;20
12453.84;0.01;20
12454.89;0.01;20
12455.93;0.01;20
12456.98;0.01;20
12458.02;0.01;20
12459.07;0.01;20
12460.11;0.01;20
12461.16;0.01;20
12462.2;0.01;20
12463.24;0.01;20
12464.29;0.01;20
12465.33;0.01;20
12466.38;0.01;20
12467.42;0.01;20
12468.47;0.01;20
12469.51;0.01;20
12470.56;0.01;20
12471.6;0.01;20
12472.64;0.01;20
12473.69;0.01;20
12474.73;0.01;20
12475.78;0.01;20
12476.82;0.01;20
12477.87;0.01;20
12478.91;0.01;20
12479.96;0.01;20
12481;0.01;20
12482.04;0.01;20
12483.09;0.01;20
12484.13;0.01;20
12485.18;0.01;20
12486.22;0.01;20
12487.27;0.01;20
12488.31;0.01;20
12489.36;0.01;20
12490.4;0.01;20
12491.44;0.01;20
12492.49;0.01;20
12493.53;0.01;20
12494.58;0.01;20
12495.62;0.01;20
12496.67;0.01;20
12497.71;0.01;20
12498.76;0.01;20
12499.8;0.01;20
12500.84;0.01;20
12501.89;0.01;20
12502.93;0.01;20
12503.98;0.01;20
12505.02;0.01;20
12506.07;0.01;20
12507.11;0.01;20
12508.16;0.01;20
12509.2;0.01;20
12510.24;0.01;20
12511.29;0.01;20
12512.33;0.01;20
12513.38;0.01;20
12514.42;0.01;20
12515.47;0.01;20
12516.51;0.01;20
12517.56;0.01;20
12518.6;0.01;20
12519.64;0.01;20
12520.69;0.01;20
12521.73;0.01;20
12522.78;0.01;20
12523.82;0.01;20
12524.87;0.01;20
12525.91;0.01;20
12526.96;0.01;20
12528;0.01;20
12529.04;0.01;20
12530.09;0.01;20
12531.13;0.01;20
12532.18;0.01;20
12533.22;0.01;20
12534.27;0.01;20
12535.31;0.01;20
12536.36;0.01;20
12537.4;0.01;20
12538.44;0.01;20
12539.49;0.01;20
12540.53;0.01;20
12541.58;0.01;20
12542.62;0.01;20
12543.67;0.01;20
12544.71;0.01;20
12545.76;0.01;20
12546.8;0.01;20
12547.84;0.01;20
12548.89;0.01;20
12549.93;0.01;20
12550.98;0.01;20
12552.02;0.01;20
12553.07;0.01;20
12554.11;0.01;20
12555.16;0.01;20
12556.2;0.01;20
12557.24;0.01;20
12558.29;0.01;20
12559.33;0.01;20
12560.38;0.01;20
12561.42;0.01;20
12562.47;0.01;20
12563.51;0.01;20
12564.56;0.01;20
12565.6;0.01;20
12566.64;0.01;20
12567.69;0.01;20
12568.73;0.01;20
12569.78;0.01;20
12570.82;0.01;20
12571.87;0.01;20
12572.91;0.01;20
12573.96;0.01;20
12575;0.01;20
12576.04;0.01;20
12577.09;0.01;20
12578.13;0.01;20
12579.18;0.01;20
12580.22;0.01;20
12581.27;0.01;20
12582.31;0.01;20
12583.36;0.01;20
12584.4;0.01;20
12585.44;0.01;20
12586.49;0.01;20
12587.53;0.01;20
12588.58;0.01;20
12589.62;0.01;20
12590.67;0.01;20
12591.71;0.01;20
12592.76;0.01;20
12593.8;0.01;20
12594.84;0.01;20
12595.89;0.01;20
12596.93;0.01;20
12597.98;0.01;20
12599.02;0.01;20
12600.07;0.01;20
12601.11;0.01;20
12602.16;0.01;20
12603.2;0.01;20
12604.24;0.01;20
12605.29;0.01;20
12606.33;0.01;20
12607.38;0.01;20
12608.42;0.01;20
12609.47;0.01;20
12610.51;0.01;20
12611.56;0.01;20
12612.6;0.01;20
12613.64;0.01;20
12614.69;0.01;20
12615.73;0.01;20
12616.78;0.01;20
12617.82;0.01;20
12618.87;0.01;20
12619.91;0.01;20
12620.96;0.01;20
12622;0.01;20
12623.04;0.01;20
12624.09;0.01;20
12625.13;0.01;20
12626.18;0.01;20
12627.22;0.01;20
12628.27;0.01;20
12629.31;0.01;20
12630.36;0.01;20
12631.4;0.01;20
12632.44;0.01;20
12633.49;0.01;20
12634.53;0.01;20
12635.58;0.01;20
12636.62;0.01;20
12637.67;0.01;20
12638.71;0.01;20
12639.76;0.01;20
12640.8;0.01;20
12641.84;0.01;20
12642.89;0.01;20
12643.93;0.01;20
12644.98;0.01;20
12646.02;0.01;20
12647.07;0.01;20
12648.11;0.01;20
12649.16;0.01;20
12650.2;0.01;20
12651.24;0.01;20
12652.29;0.01;20
12653.33;0.01;20
12654.38;0.01;20
12655.42;0.01;20
12656.47;0.01;20
12657.51;0.01;20
12658.56;0.01;20
12659.6;0.01;20
12660.64;0.01;20
12661.69;0.01;20
12662.73;0.01;20
12663.78;0.01;20
12664.82;0.01;20
12665.87;0.01;20
12666.91;0.01;20
12667.96;0.01;20
12669;0.01;20
12670.04;0.01;20
12671.09;0.01;20
12672.13;0.01;20
12673.18;0.01;20
12674.22;0.01;20
12675.27;0.01;20
12676.31;0.01;20
12677.36;0.01;20
12678.4;0.01;20
12679.44;0.01;20
12680.49;0.01;20
12681.53;0.01;20
12682.58;0.01;20
12683.62;0.01;20
12684.67;0.01;20
12685.71;0.01;20
12686.76;0.01;20
12687.8;0.01;20
12688.84;0.01;20
12689.89;0.01;20
12690.93;0.01;20
12691.98;0.01;20
12693.02;0.01;20
12694.07;0.01;20
12695.11;0.01;20
12696.16;0.01;20
12697.2;0.01;20
12698.24;0.01;20
12699.29;0.01;20
12700.33;0.01;20
12701.38;0.01;20
12702.42;0.01;20
12703.47;0.01;20
12704.51;0.01;20
12705.56;0.01;20
12706.6;0.01;20
12707.64;0.01;20
12708.69;0.01;20
12709.73;0.01;20
12710.78;0.01;20
12711.82;0.01;20
12712.87;0.01;20
12713.91;0.01;20
12714.96;0.01;20
12716;0.01;20
12717.04;0.01;20
12718.09;0.01;20
12719.13;0.01;20
12720.18;0.01;20
12721.22;0.01;20
12722.27;0.01;20
12723.31;0.01;20
12724.36;0.01;20
12725.4;0.01;20
12726.44;0.01;20
12727.49;0.01;20
12728.53;0.01;20
12729.58;0.01;20
12730.62;0.01;20
12731.67;0.01;20
12732.71;0.01;20
12733.76;0.01;20
12734.8;0.01;20
12735.84;0.01;20
12736.89;0.01;20
12737.93;0.01;20
12738.98;0.01;20
12740;0.01;20
12741.04;0.01;20
12742.09;0.01;20
12743.13;0.01;20
12744.18;0.01;20
12745.22;0.01;20
12746.27;0.01;20
12747.31;0.01;20
12748.36;0.01;20
12749.4;0.01;20
12750.44;0.01;20
12751.49;0.01;20
12752.53;0.01;20
12753.58;0.01;20
12754.62;0.01;20
12755.67;0.01;20
12756.71;0.01;20
12757.76;0.01;20
12758.8;0.01;20
12759.84;0.01;20
12760.89;0.01;20
12761.93;0.01;20
12762.98;0.01;20
12764.02;0.01;20
12765.07;0.01;20
12766.11;0.01;20
12767.16;0.01;20
12768.2;0.01;20
12769.24;0.01;20
12770.29;0.01;20
12771.33;0.01;20
12772.38;0.01;20
12773.42;0.01;20
12774.47;0.01;20
12775.51;0.01;20
12776.56;0.01;20
12777.6;0.01;20
12778.64;0.01;20
12779.69;0.01;20
12780.73;0.01;20
12781.78;0.01;20
12782.82;0.01;20
12783.87;0.01;20
12784.91;0.01;20
12785.96;0.01;20
12787;0.01;20
12788.04;0.01;20
12789.09;0.01;20
12790.13;0.01;20
12791.18;0.01;20
12792.22;0.01;20
12793.27;0.01;20
12794.31;0.01;20
12795.36;0.01;20
12796.4;0.01;20
12797.44;0.01;20
12798.49;0.01;20
12799.53;0.01;20
12800.58;0.01;20
12801.62;0.01;20
12802.67;0.01;20
12803.71;0.01;20
12804.76;0.01;20
12805.8;0.01;20
12806.84;0.01;20
12807.89;0.01;20
12808.93;0.01;20
12809.98;0.01;20
12811.02;0.01;20
12812.07;0.01;20
12813.11;0.01;20
12814.16;0.01;20
12815.16;0.01;20
12816.24;0.01;20
12817.29;0.01;20
12818.33;0.01;20
12819.38;0.01;20
12820.42;0.01;20
12821.47;0.01;20
12822.51;0.01;20
12823.56;0.01;20
12824.6;0.01;20
12825.64;0.01;20
12826.69;0.01;20
12827.73;0.01;20
12828.78;0.01;20
12829.82;0.01;20
12830.87;0.01;20
12831.91;0.01;20
12832.96;0.01;20
12834;0.01;20
12835.04;0.01;20
12836.09;0.01;20
12837.13;0.01;20
12838.18;0.01;20
12839.22;0.01;20
12840.27;0.01;20
12841.31;0.01;20
12842.36;0.01;20
12843.4;0.01;20
12844.44;0.01;20
12845.49;0.01;20
12846.53;0.01;20
12847.58;0.01;20
12848.62;0.01;20
12849.67;0.01;20
12850.71;0.01;20
12851.76;0.01;20
12852.8;0.01;20
12853.84;0.01;20
12854.89;0.01;20
12855.93;0.01;20
12856.98;0.01;20
12858.02;0.01;20
12859.07;0.01;20
12860.11;0.01;20
12861.16;0.01;20
12862.2;0.01;20
12863.24;0.01;20
12864.29;0.01;20
12865.33;0.01;20
12866.38;0.01;20
12867.42;0.01;20
12868.47;0.01;20
12869.51;0.01;20
12870.56;0.01;20
12871.6;0.01;20
12872.64;0.01;20
12873.69;0.01;20
12874.73;0.01;20
12875.78;0.01;20
12876.82;0.01;20
12877.87;0.01;20
12878.91;0.01;20
12879.96;0.01;20
12881;0.01;20
12882.04;0.01;20
12883.09;0.01;20
12884.13;0.01;20
12885.18;0.01;20
12886.22;0.01;20
12887.27;0.01;20
12888.31;0.01;20
12889.36;0.01;20
12890.4;0.01;20
12891.44;0.01;20
12892.49;0.01;20
12893.53;0.01;20
12894.58;0.01;20
12895.62;0.01;20
12896.67;0.01;20
12897.71;0.01;20
12898.76;0.01;20
12899.8;0.01;20
12900.84;0.01;20
12901.89;0.01;20
12902.93;0.01;20
12903.98;0.01;20
12905.02;0.01;20
12906.07;0.01;20
12907.11;0.01;20
12908.16;0.01;20
12909.2;0.01;20
12910.24;0.01;20
12911.29;0.01;20
12912.33;0.01;20
12913.38;0.01;20
12914.42;0.01;20
12915.47;0.01;20
12916.51;0.01;20
12917.56;0.01;20
12918.6;0.01;20
12919.64;0.01;20
12920.69;0.01;20
12921.73;0.01;20
12922.78;0.01;20
12923.82;0.01;20
12924.87;0.01;20
12925.91;0.01;20
12926.96;0.01;20
12928;0.01;20
12929.04;0.01;20
12930.09;0.01;20
12931.13;0.01;20
12932.18;0.01;20
12933.22;0.01;20
12934.27;0.01;20
12935.31;0.01;20
12936.36;0.01;20
12937.4;0.01;20
12938.44;0.01;20
12939.49;0.01;20
12940.53;0.01;20
12941.58;0.01;20
12942.62;0.01;20
12943.67;0.01;20
12944.71;0.01;20
12945.76;0.01;20
12946.8;0.01;20
12947.84;0.01;20
12948.89;0.01;20
12949.93;0.01;20
12950.98;0.01;20
12952.02;0.01;20
12953.07;0.01;20
12954.11;0.01;20
12955.16;0.01;20
12956.2;0.01;20
12957.24;0.01;20
12958.29;0.01;20
12959.33;0.01;20
12960.38;0.01;20
12961.42;0.01;20
12962.47;0.01;20
12963.51;0.01;20
12964.56;0.01;20
12965.6;0.01;20
12966.64;0.01;20
12967.69;0.01;20
12968.73;0.01;20
12969.78;0.01;20
12970.82;0.01;20
12971.87;0.01;20
12972.91;0.01;20
12973.96;0.01;20
12975;0.01;20
12976.04;0.01;20
12977.09;0.01;20
12978.13;0.01;20
12979.18;0.01;20
12980.22;0.01;20
12981.27;0.01;20
12982.31;0.01;20
12983.36;0.01;20
12984.4;0.01;20
12985.44;0.01;20
12986.49;0.01;20
12987.53;0.01;20
12988.58;0.01;20
12989.62;0.01;20
12990.67;0.01;20
12991.71;0.01;20
12992.76;0.01;20
12993.8;0.01;20
12994.84;0.01;20
12995.89;0.01;20
12996.93;0.01;20
12997.98;0.01;20
12999.02;0.01;20
13000.07;0.01;20
13001.11;0.01;20
13002.16;0.01;20
13003.2;0.01;20
13004.24;0.01;20
13005.29;0.01;20
13006.33;0.01;20
13007.38;0.01;20
13008.42;0.01;20
13009.47;0.01;20
13010.51;0.01;20
13011.56;0.01;20
13012.6;0.01;20
13013.64;0.01;20
13014.69;0.01;20
13015.73;0.01;20
13016.78;0.01;20
13017.82;0.01;20
13018.87;0.01;20
13019.91;0.01;20
13020.96;0.01;20
13022;0.01;20
13023.04;0.01;20
13024.09;0.01;20
13025.13;0.01;20
13026.18;0.01;20
13027.22;0.01;20
13028.27;0.01;20
13029.31;0.01;20
13030.36;0.01;20
13031.4;0.01;20
13032.44;0.01;20
13033.49;0.01;20
13034.53;0.01;20
13035.58;0.01;20
13036.62;0.01;20
13037.67;0.01;20
13038.71;0.01;20
13039.76;0.01;20
13040.8;0.01;20
13041.84;0.01;20
13042.89;0.01;20
13043.93;0.01;20
13044.98;0.01;20
13046.02;0.01;20
13047.07;0.01;20
13048.11;0.01;20
13049.16;0.01;20
13050.2;0.01;20
13051.24;0.01;20
13052.29;0.01;20
13053.33;0.01;20
13054.38;0.01;20
13055.42;0.01;20
13056.47;0.01;20
13057.51;0.01;20
13058.56;0.01;20
13059.6;0.01;20
13060.64;0.01;20
13061.69;0.01;20
13062.73;0.01;20
13063.78;0.01;20
13064.82;0.01;20
13065.87;0.01;20
13066.91;0.01;20
13067.96;0.01;20
13069;0.01;20
13070.04;0.01;20
13071.09;0.01;20
13072.13;0.01;20
13073.18;0.01;20
13074.22;0.01;20
13075.22;0.01;20
13076.31;0.01;20
13077.36;0.01;20
13078.4;0.01;20
13079.44;0.01;20
13080.49;0.01;20
13081.53;0.01;20
13082.58;0.01;20
13083.62;0.01;20
13084.67;0.01;20
13085.71;0.01;20
13086.76;0.01;20
13087.8;0.01;20
13088.84;0.01;20
13089.89;0.01;20
13090.93;0.01;20
13091.98;0.01;20
13093.02;0.01;20
13094.07;0.01;20
13095.11;0.01;20
13096.16;0.01;20
13097.2;0.01;20
13098.24;0.01;20
13099.29;0.01;20
13100.33;0.01;20
13101.38;0.01;20
13102.42;0.01;20
13103.47;0.01;20
13104.51;0.01;20
13105.56;0.01;20
13106.6;0.01;20
13107.64;0.01;20
13108.69;0.01;20
13109.73;0.01;20
13110.78;0.01;20
13111.82;0.01;20
13112.87;0.01;20
13113.91;0.01;20
13114.96;0.01;20
13116;0.01;20
13117.04;0.01;20
13118.09;0.01;20
13119.13;0.01;20
13120.18;0.01;20
13121.22;0.01;20
13122.27;0.01;20
13123.31;0.01;20
13124.36;0.01;20
13125.4;0.01;20
13126.44;0.01;20
13127.49;0.01;20
13128.53;0.01;20
13129.58;0.01;20
13130.62;0.01;20
13131.67;0.01;20
13132.71;0.01;20
13133.76;0.01;20
13134.8;0.01;20
13135.84;0.01;20
13136.89;0.01;20
13137.93;0.01;20
13138.98;0.01;20
13140;0.01;20
13141.04;0.01;20
13142.09;0.01;20
13143.13;0.01;20
13144.18;0.01;20
13145.22;0.01;20
13146.27;0.01;20
13147.31;0.01;20
13148.36;0.01;20
13149.4;0.01;20
13150.44;0.01;20
13151.49;0.01;20
13152.53;0.01;20
13153.58;0.01;20
13154.62;0.01;20
13155.67;0.01;20
13156.71;0.01;20
13157.76;0.01;20
13158.8;0.01;20
13159.84;0.01;20
13160.89;0.01;20
13161.93;0.01;20
13162.98;0.01;20
13164.02;0.01;20
13165.07;0.01;20
13166.11;0.01;20
13167.16;0.01;20
13168.2;0.01;20
13169.24;0.01;20
13170.29;0.01;20
13171.33;0.01;20
13172.38;0.01;20
13173.42;0.01;20
13174.47;0.01;20
13175.51;0.01;20
13176.56;0.01;20
13177.6;0.01;20
13178.64;0.01;20
13179.69;0.01;20
13180.73;0.01;20
13181.78;0.01;20
13182.82;0.01;20
13183.87;0.01;20
13184.91;0.01;20
13185.96;0.01;20
13187;0.01;20
13188.04;0.01;20
13189.09;0.01;20
13190.13;0.01;20
13191.18;0.01;20
13192.22;0.01;20
13193.27;0.01;20
13194.31;0.01;20
13195.36;0.01;20
13196.4;0.01;20
13197.44;0.01;20
13198.49;0.01;20
13199.53;0.01;20
13200.58;0.01;20
13201.62;0.01;20
13202.67;0.01;20
13203.71;0.01;20
13204.76;0.01;20
13205.8;0.01;20
13206.84;0.01;20
13207.89;0.01;20
13208.93;0.01;20
13209.98;0.01;20
13211.02;0.01;20
13212.07;0.01;20
13213.11;0.01;20
13214.16;0.01;20
13215.16;0.01;20
13216.24;0.01;20
13217.29;0.01;20
13218.33;0.01;20
13219.38;0.01;20
13220.42;0.01;20
13221.47;0.01;20
13222.51;0.01;20
13223.56;0.01;20
13224.6;0.01;20
13225.64;0.01;20
13226.69;0.01;20
13227.73;0.01;20
13228.78;0.01;20
13229.82;0.01;20
13230.87;0.01;20
13231.91;0.01;20
13232.96;0.01;20
13234;0.01;20
13235.04;0.01;20
13236.09;0.01;20
13237.13;0.01;20
13238.18;0.01;20
13239.22;0.01;20
13240.27;0.01;20
13241.31;0.01;20
13242.36;0.01;20
13243.4;0.01;20
13244.44;0.01;20
13245.49;0.01;20
13246.53;0.01;20
13247.58;0.01;20
13248.62;0.01;20
13249.67;0.01;20
13250.71;0.01;20
13251.76;0.01;20
13252.8;0.01;20
13253.84;0.01;20
13254.89;0.01;20
13255.93;0.01;20
13256.98;0.01;20
13258.02;0.01;20
13259.07;0.01;20
13260.11;0.01;20
13261.16;0.01;20
13262.2;0.01;20
13263.24;0.01;20
13264.29;0.01;20
13265.33;0.01;20
13266.38;0.01;20
13267.42;0.01;20
13268.47;0.01;20
13269.51;0.01;20
13270.56;0.01;20
13271.6;0.01;20
13272.64;0.01;20
13273.69;0.01;20
13274.73;0.01;20
13275.78;0.01;20
13276.82;0.01;20
13277.87;0.01;20
13278.91;0.01;20
13279.96;0.01;20
13281;0.01;20
13282.04;0.01;20
13283.09;0.01;20
13284.13;0.01;20
13285.18;0.01;20
13286.22;0.01;20
13287.27;0.01;20
13288.31;0.01;20
13289.36;0.01;20
13290.4;0.01;20
13291.44;0.01;20
13292.49;0.01;20
13293.53;0.01;20
13294.58;0.01;20
13295.62;0.01;20
13296.67;0.01;20
13297.71;0.01;20
13298.76;0.01;20
13299.8;0.01;20
13300.84;0.01;20
13301.89;0.01;20
13302.93;0.01;20
13303.98;0.01;20
13305.02;0.01;20
13306.07;0.01;20
13307.11;0.01;20
13308.16;0.01;20
13309.2;0.01;20
13310.24;0.01;20
13311.29;0.01;20
13312.33;0.01;20
13313.38;0.01;20
13314.42;0.01;20
13315.47;0.01;20
13316.51;0.01;20
13317.56;0.01;20
13318.6;0.01;20
13319.64;0.01;20
13320.69;0.01;20
13321.73;0.01;20
13322.78;0.01;20
13323.82;0.01;20
13324.87;0.01;20
13325.91;0.01;20
13326.96;0.01;20
13328;0.01;20
13329.04;0.01;20
13330.09;0.01;20
13331.13;0.01;20
13332.18;0.01;20
13333.22;0.01;20
13334.27;0.01;20
13335.31;0.01;20
13336.36;0.01;20
13337.4;0.01;20
13338.44;0.01;20
13339.49;0.01;20
13340.53;0.01;20
13341.58;0.01;20
13342.62;0.01;20
13343.67;0.01;20
13344.71;0.01;20
13345.76;0.01;20
13346.8;0.01;20
13347.84;0.01;20
13348.89;0.01;20
13349.93;0.01;20
13350.98;0.01;20
13352.02;0.01;20
13353.07;0.01;20
13354.11;0.01;20
13355.16;0.01;20
13356.2;0.01;20
13357.24;0.01;20
13358.29;0.01;20
13359.33;0.01;20
13360.38;0.01;20
13361.42;0.01;20
13362.47;0.01;20
13363.51;0.01;20
13364.56;0.01;20
13365.6;0.01;20
13366.64;0.01;20
13367.69;0.01;20
13368.73;0.01;20
13369.78;0.01;20
13370.82;0.01;20
13371.87;0.01;20
13372.91;0.01;20
13373.96;0.01;20
13375;0.01;20
13376.04;0.01;20
13377.09;0.01;20
13378.13;0.01;20
13379.18;0.01;20
13380.22;0.01;20
13381.27;0.01;20
13382.31;0.01;20
13383.36;0.01;20
13384.4;0.01;20
13385.44;0.01;20
13386.49;0.01;20
13387.53;0.01;20
13388.58;0.01;20
13389.62;0.01;20
13390.67;0.01;20
13391.71;0.01;20
13392.76;0.01;20
13393.8;0.01;20
13394.84;0.01;20
13395.89;0.01;20
13396.93;0.01;20
13397.98;0.01;20
13399.02;0.01;20
13400.07;0.01;20
13401.11;0.01;20
13402.16;0.01;20
13403.2;0.01;20
13404.24;0.01;20
13405.29;0.01;20
13406.33;0.01;20
13407.38;0.01;20
13408.42;0.01;20
13409.47;0.01;20
13410.51;0.01;20
13411.56;0.01;20
13412.6;0.01;20
13413.64;0.01;20
13414.69;0.01;20
13415.73;0.01;20
13416.78;0.01;20
13417.82;0.01;20
13418.87;0.01;20
13419.91;0.01;20
13420.96;0.01;20
13422;0.01;20
13423.04;0.01;20
13424.09;0.01;20
13425.13;0.01;20
13426.18;0.01;20
13427.22;0.01;20
13428.27;0.01;20
13429.31;0.01;20
13430.36;0.01;20
13431.4;0.01;20
13432.44;0.01;20
13433.49;0.01;20
13434.53;0.01;20
13435.58;0.01;20
13436.62;0.01;20
13437.67;0.01;20
13438.71;0.01;20
13439.76;0.01;20
13440.8;0.01;20
13441.84;0.01;20
13442.89;0.01;20
13443.93;0.01;20
13444.98;0.01;20
13446.02;0.01;20
13447.07;0.01;20
13448.11;0.01;20
13449.16;0.01;20
13450.2;0.01;20
13451.24;0.01;20
13452.29;0.01;20
13453.33;0.01;20
13454.38;0.01;20
13455.42;0.01;20
13456.47;0.01;20
13457.51;0.01;20
13458.56;0.01;20
13459.6;0.01;20
13460.64;0.01;20
13461.69;0.01;20
13462.73;0.01;20
13463.78;0.01;20
13464.82;0.01;20
13465.87;0.01;20
13466.91;0.01;20
13467.96;0.01;20
13469;0.01;20
13470.04;0.01;20
13471.09;0.01;20
13472.13;0.01;20
13473.18;0.01;20
13474.22;0.01;20
13475.22;0.01;20
13476.31;0.01;20
13477.36;0.01;20
13478.4;0.01;20
13479.44;0.01;20
13480.49;0.01;20
13481.53;0.01;20
13482.58;0.01;20
13483.62;0.01;20
13484.67;0.01;20
13485.71;0.01;20
13486.76;0.01;20
13487.8;0.01;20
13488.84;0.01;20
13489.89;0.01;20
13490.93;0.01;20
13491.98;0.01;20
13493.02;0.01;20
13494.07;0.01;20
13495.11;0.01;20
13496.16;0.01;20
13497.2;0.01;20
13498.24;0.01;20
13499.29;0.01;20
13500.33;0.01;20
13501.38;0.01;20
13502.42;0.01;20
13503.47;0.01;20
13504.51;0.01;20
13505.56;0.01;20
13506.6;0.01;20
13507.64;0.01;20
13508.69;0.01;20
13509.73;0.01;20
13510.78;0.01;20
13511.82;0.01;20
13512.87;0.01;20
13513.91;0.01;20
13514.96;0.01;20
13516;0.01;20
13517.04;0.01;20
13518.09;0.01;20
13519.13;0.01;20
13520.18;0.01;20
13521.22;0.01;20
13522.27;0.01;20
13523.31;0.01;20
13524.36;0.01;20
13525.4;0.01;20
13526.44;0.01;20
13527.49;0.01;20
13528.53;0.01;20
13529.58;0.01;20
13530.62;0.01;20
13531.67;0.01;20
13532.71;0.01;20
13533.76;0.01;20
13534.8;0.01;20
13535.84;0.01;20
13536.89;0.01;20
13537.93;0.01;20
13538.98;0.01;20
13540;0.01;20
13541.04;0.01;20
13542.09;0.01;20
13543.13;0.01;20
13544.18;0.01;20
13545.22;0.01;20
13546.27;0.01;20
13547.31;0.01;20
13548.36;0.01;20
13549.4;0.01;20
13550.44;0.01;20
13551.49;0.01;20
13552.53;0.01;20
13553.58;0.01;20
13554.62;0.01;20
13555.67;0.01;20
13556.71;0.01;20
13557.76;0.01;20
13558.8;0.01;20
13559.84;0.01;20
13560.89;0.01;20
13561.93;0.01;20
13562.98;0.01;20
13564.02;0.01;20
13565.07;0.01;20
13566.11;0.01;20
13567.16;0.01;20
13568.2;0.01;20
13569.24;0.01;20
13570.29;0.01;20
13571.33;0.01;20
13572.38;0.01;20
13573.42;0.01;20
13574.47;0.01;20
13575.51;0.01;20
13576.56;0.01;20
13577.6;0.01;20
13578.64;0.01;20
13579.69;0.01;20
13580.73;0.01;20
13581.78;0.01;20
13582.82;0.01;20
13583.87;0.01;20
13584.91;0.01;20
13585.96;0.01;20
13587;0.01;20
13588.04;0.01;20
13589.09;0.01;20
13590.13;0.01;20
13591.18;0.01;20
13592.22;0.01;20
13593.27;0.01;20
13594.31;0.01;20
13595.36;0.01;20
13596.4;0.01;20
13597.44;0.01;20
13598.49;0.01;20
13599.53;0.01;20
13600.58;0.01;20
13601.62;0.01;20
13602.67;0.01;20
13603.71;0.01;20
13604.76;0.01;20
13605.8;0.01;20
13606.84;0.01;20
13607.89;0.01;20
13608.93;0.01;20
13609.98;0.01;20
13611.02;0.01;20
13612.07;0.01;20
13613.11;0.01;20
13614.16;0.01;20
13615.16;0.01;20
13616.24;0.01;20
13617.29;0.01;20
13618.33;0.01;20
13619.38;0.01;20
13620.42;0.01;20
13621.47;0.01;20
13622.51;0.01;20
13623.56;0.01;20
13624.6;0.01;20
13625.64;0.01;20
13626.69;0.01;20
13627.73;0.01;20
13628.78;0.01;20
13629.82;0.01;20
13630.87;0.01;20
13631.91;0.01;20
13632.96;0.01;20
13634;0.01;20
13635.04;0.01;20
13636.09;0.01;20
13637.13;0.01;20
13638.18;0.01;20
13639.22;0.01;20
13640.27;0.01;20
13641.31;0.01;20
13642.36;0.01;20
13643.4;0.01;20
13644.44;0.01;20
13645.49;0.01;20
13646.53;0.01;20
13647.58;0.01;20
13648.62;0.01;20
13649.67;0.01;20
13650.71;0.01;20
13651.76;0.01;20
13652.8;0.01;20
13653.84;0.01;20
13654.89;0.01;20
13655.93;0.01;20
13656.98;0.01;20
13658.02;0.01;20
13659.07;0.01;20
13660.11;0.01;20
13661.16;0.01;20
13662.2;0.01;20
13663.24;0.01;20
13664.29;0.01;20
13665.33;0.01;20
13666.38;0.01;20
13667.42;0.01;20
13668.47;0.01;20
13669.51;0.01;20
13670.56;0.01;20
13671.6;0.01;20
13672.64;0.01;20
13673.69;0.01;20
13674.73;0.01;20
13675.78;0.01;20
13676.82;0.01;20
13677.87;0.01;20
13678.91;0.01;20
13679.96;0.01;20
13681;0.01;20
13682.04;0.01;20
13683.09;0.01;20
13684.13;0.01;20
13685.18;0.01;20
13686.22;0.01;20
13687.24;0.01;20
13688.29;0.01;20
13689.33;0.01;20
13690.38;0.01;20
13691.42;0.01;20
13692.47;0.01;20
13693.51;0.01;20
13694.56;0.01;20
13695.6;0.01;20
13696.64;0.01;20
13697.69;0.01;20
13698.73;0.01;20
13699.78;0.01;20
13700.82;0.01;20
13701.87;0.01;20
13702.91;0.01;20
13703.96;0.01;20
13705;0.01;20
13706.04;0.01;20
13707.09;0.01;20
13708.13;0.01;20
13709.18;0.01;20
13710.22;0.01;20
13711.27;0.01;20
13712.31;0.01;20
13713.36;0.01;20
13714.4;0.01;20
13715.44;0.01;20
13716.49;0.01;20
13717.53;0.01;20
13718.58;0.01;20
13719.62;0.01;20
13720.67;0.01;20
13721.71;0.01;20
13722.76;0.01;20
13723.8;0.01;20
13724.84;0.01;20
13725.89;0.01;20
13726.93;0.01;20
13727.98;0.01;20
13729.02;0.01;20
13730.07;0.01;20
13731.11;0.01;20
13732.16;0.01;20
13733.2;0.01;20
13734.24;0.01;20
13735.29;0.01;20
13736.33;0.01;20
13737.38;0.01;20
13738.42;0.01;20
13739.47;0.01;20
13740.51;0.01;20
13741.56;0.01;20
13742.6;0.01;20
13743.64;0.01;20
13744.69;0.01;20
13745.73;0.01;20
13746.78;0.01;20
13747.82;0.01;20
13748.87;0.01;20
13749.91;0.01;20
13750.96;0.01;20
13752;0.01;20
13753.04;0.01;20
13754.09;0.01;20
13755.13;0.01;20
13756.18;0.01;20
13757.22;0.01;20
13758.27;0.01;20
13759.31;0.01;20
13760.36;0.01;20
13761.4;0.01;20
13762.44;0.01;20
13763.49;0.01;20
13764.53;0.01;20
13765.58;0.01;20
13766.62;0.01;20
13767.67;0.01;20
13768.71;0.01;20
13769.76;0.01;20
13770.8;0.01;20
13771.84;0.01;20
13772.89;0.01;20
13773.93;0.01;20
13774.98;0.01;20
13776.02;0.01;20
13777.07;0.01;20
13778.11;0.01;20
13779.16;0.01;20
13780.2;0.01;20
13781.24;0.01;20
13782.29;0.01;20
13783.33;0.01;20
13784.38;0.01;20
13785.42;0.01;20
13786.47;0.01;20
13787.51;0.01;20
13788.56;0.01;20
13789.6;0.01;20
13790.64;0.01;20
13791.69;0.01;20
13792.73;0.01;20
13793.78;0.01;20
13794.82;0.01;20
13795.87;0.01;20
13796.91;0.01;20
13797.96;0.01;20
13799;0.01;20
13800;0.01;20
13801.04;0.01;20
13802.09;0.01;20
13803.13;0.01;20
13804.18;0.01;20
13805.22;0.01;20
13806.27;0.01;20
13807.29;0.01;20
13808.33;0.01;20
13809.38;0.01;20
13810.42;0.01;20
13811.47;0.01;20
13812.51;0.01;20
13813.56;0.01;20
13814.6;0.01;20
13815.64;0.01;20
13816.69;0.01;20
13817.73;0.01;20
13818.78;0.01;20
13819.82;0.01;20
13820.87;0.01;20
13821.91;0.01;20
13822.96;0.01;20
13824;0.01;20
13825.04;0.01;20
13826.09;0.01;20
13827.13;0.01;20
13828.18;0.01;20
13829.22;0.01;20
13830.27;0.01;20
13831.31;0.01;20
13832.36;0.01;20
13833.4;0.01;20
13834.44;0.01;20
13835.49;0.01;20
13836.53;0.01;20
13837.58;0.01;20
13838.62;0.01;20
13839.67;0.01;20
13840.71;0.01;20
13841.76;0.01;20
13842.8;0.01;20
13843.84;0.01;20
13844.89;0.01;20
13845.93;0.01;20
13846.98;0.01;20
13848.02;0.01;20
13849.07;0.01;20
13850.11;0.01;20
13851.16;0.01;20
13852.2;0.01;20
13853.24;0.01;20
13854.29;0.01;20
13855.33;0.01;20
13856.38;0.01;20
13857.42;0.01;20
13858.47;0.01;20
13859.51;0.01;20
13860.56;0.01;20
13861.6;0.01;20
13862.64;0.01;20
13863.69;0.01;20
13864.73;0.01;20
13865.78;0.01;20
13866.82;0.01;20
13867.87;0.01;20
13868.91;0.01;20
13869.96;0.01;20
13871;0.01;20
13872.04;0.01;20
13873.09;0.01;20
13874.13;0.01;20
13875.18;0.01;20
13876.22;0.01;20
13877.27;0.01;20
13878.31;0.01;20
13879.36;0.01;20
13880.4;0.01;20
13881.44;0.01;20
13882.49;0.01;20
13883.53;0.01;20
13884.58;0.01;20
13885.62;0.01;20
13886.67;0.01;20
13887.71;0.01;20
13888.76;0.02;20
13889.8;0.01;20
13890.84;0.01;20
13891.89;0.01;20
13892.93;0.01;20
13893.98;0.01;20
13895.02;0.01;20
13896.07;0.01;20
13897.11;0.01;20
13898.16;0.01;20
13899.2;0.01;20
13900.24;0.01;20
13901.29;0.01;20
13902.33;0.01;20
13903.38;0.01;20
13904.42;0.01;20
13905.47;0.01;20
13906.51;0.01;20
13907.56;0.01;20
13908.6;0.01;20
13909.64;0.01;20
13910.67;0.01;20
13911.67;0.01;18
13912.67;0.01;19
13913.67;0.01;20
13914.67;0.01;19
13915.67;0.01;19
13916.67;0.01;20
13917.71;0.01;20
13918.76;0.01;20
13919.8;0.01;20
13920.82;0.01;20
13921.82;0.01;18
13922.82;0.01;15
13923.82;0.01;20
13924.87;0.01;20
13925.87;0.01;20
13926.96;0.01;20
13928;0.01;20
13929.04;0.01;20
13930.09;0.01;20
13931.13;0.01;20
13932.18;0.01;20
13933.22;0.01;20
13934.27;0.01;20
13935.31;0.01;20
13936.36;0.01;20
13937.4;0.01;20
13938.44;0.01;20
13939.49;0.01;20
13940.53;0.01;20
13941.58;0.01;20
13942.62;0.01;20
13943.67;0.01;20
13944.71;0.01;20
13945.76;0.01;20
13946.8;0.01;20
13947.84;0.01;20
13948.89;0.01;20
13949.93;0.01;20
13950.98;0.01;20
13952.02;0.01;20
13953.07;0.01;20
13954.11;0.01;20
13955.16;0.01;20
13956.2;0.01;20
13957.24;0.01;20
13958.29;0.01;20
13959.33;0.01;20
13960.38;0.01;20
13961.38;0.01;20
13962.47;0.01;20
13963.51;0.01;20
13964.56;0.01;20
13965.6;0.01;20
13966.64;0.01;20
13967.69;0.01;20
13968.73;0.01;20
13969.78;0.01;20
13970.82;0.01;20
13971.87;0.01;20
13972.91;0.01;20
13973.96;0.01;20
13975;0.01;20
13976.04;0.01;20
13977.09;0.01;20
13978.13;0.01;20
13979.18;0.01;20
13980.22;0.01;20
13981.27;0.01;20
13982.31;0.01;20
13983.36;0.01;20
13984.4;0.01;20
13985.44;0.01;20
13986.49;0.01;20
13987.53;0.01;20
13988.58;0.01;20
13989.62;0.01;20
13990.67;0.01;20
13991.71;0.01;20
13992.76;0.01;20
13993.8;0.01;20
13994.84;0.01;20
13995.89;0.01;20
13996.93;0.01;20
13997.98;0.01;20
13999.02;0.01;20
14000.07;0.01;20
14001.11;0.01;20
14002.16;0.01;20
14003.2;0.01;20
14004.24;0.01;20
14005.29;0.01;20
14006.33;0.01;20
14007.38;0.01;20
14008.42;0.01;20
14009.47;0.01;20
14010.51;0.01;20
14011.56;0.01;20
14012.6;0.01;20
14013.64;0.01;20
14014.69;0.01;20
14015.73;0.01;20
14016.78;0.01;20
14017.78;0.01;20
14018.87;0.01;20
14019.91;0.01;20
14020.96;0.01;20
14022;0.01;20
14023.04;0.01;20
14024.09;0.01;20
14025.13;0.01;20
14026.18;0.01;20
14027.22;0.01;20
14028.27;0.01;20
14029.31;0.01;20
14030.36;0.01;20
14031.4;0.01;20
14032.44;0.01;20
14033.49;0.01;20
14034.53;0.01;20
14035.58;0.01;20
14036.62;0.01;20
14037.67;0.01;20
14038.71;0.01;20
14039.76;0.01;20
14040.8;0.01;20
14041.84;0.01;20
14042.89;0.01;20
14043.93;0.01;20
14044.98;0.01;20
14046.02;0.01;20
14047.07;0.01;20
14048.11;0.01;20
14049.16;0.01;20
14050.2;0.01;20
14051.24;0.01;20
14052.29;0.01;20
14053.33;0.01;20
14054.38;0.01;20
14055.42;0.01;20
14056.47;0.01;20
14057.51;0.01;20
14058.56;0.01;20
14059.6;0.01;20
14060.64;0.01;20
14061.69;0.01;20
14062.73;0.01;20
14063.78;0.01;20
14064.82;0.01;20
14065.87;0.01;20
14066.91;0.01;20
14067.96;0.01;20
14069;0.01;20
14070.04;0.01;20
14071.09;0.01;20
14072.13;0.01;20
14073.18;0.01;20
14074.22;0.01;20
14075.27;0.01;20
14076.31;0.01;20
14077.36;0.01;20
14078.4;0.01;20
14079.44;0.01;20
14080.49;0.01;20
14081.53;0.01;20
14082.58;0.01;20
14083.62;0.01;20
14084.67;0.01;20
14085.71;0.01;20
14086.76;0.01;20
14087.8;0.01;20
14088.84;0.01;20
14089.89;0.01;20
14090.93;0.01;20
14091.98;0.01;20
14093.02;0.01;20
14094.07;0.01;20
14095.11;0.01;20
14096.16;0.01;20
14097.2;0.01;20
14098.24;0.01;20
14099.29;0.01;20
14100.33;0.01;20
14101.38;0.01;20
14102.42;0.01;20
14103.47;0.01;20
14104.51;0.01;20
14105.56;0.01;20
14106.6;0.01;20
14107.64;0.01;20
14108.69;0.01;20
14109.73;0.01;20
14110.78;0.01;20
14111.82;0.01;20
14112.87;0.01;20
14113.91;0.01;20
14114.96;0.01;20
14116;0.01;20
14117.04;0.01;20
14118.09;0.01;20
14119.13;0.01;20
14120.18;0.01;20
14121.22;0.01;20
14122.27;0.01;20
14123.31;0.01;20
14124.36;0.01;20
14125.4;0.01;20
14126.44;0.01;20
14127.49;0.01;20
14128.53;0.01;20
14129.58;0.01;20
14130.62;0.01;20
14131.67;0.01;20
14132.71;0.01;20
14133.76;0.01;20
14134.8;0.01;20
14135.84;0.01;20
14136.89;0.01;20
14137.93;0.01;20
14138.98;0.01;20
14140;0.01;20
14141.04;0.01;20
14142.09;0.01;20
14143.13;0.01;20
14144.18;0.01;20
14145.22;0.01;20
14146.27;0.01;20
14147.31;0.01;20
14148.36;0.01;20
14149.4;0.01;20
14150.44;0.01;20
14151.49;0.01;20
14152.53;0.01;20
14153.58;0.01;20
14154.62;0.01;20
14155.67;0.01;20
14156.71;0.01;20
14157.76;0.01;20
14158.8;0.01;20
14159.84;0.01;20
14160.89;0.01;20
14161.93;0.01;20
14162.98;0.01;20
14164.02;0.01;20
14165.07;0.01;20
14166.11;0.01;20
14167.16;0.01;20
14168.2;0.01;20
14169.24;0.01;20
14170.29;0.01;20
14171.33;0.01;20
14172.38;0.01;20
14173.42;0.01;20
14174.47;0.01;20
14175.51;0.01;20
14176.56;0.01;20
14177.6;0.01;20
14178.64;0.01;20
14179.69;0.01;20
14180.73;0.01;20
14181.78;0.01;20
14182.82;0.01;20
14183.87;0.01;20
14184.91;0.01;20
14185.96;0.01;20
14187;0.01;20
14188.04;0.01;20
14189.09;0.01;20
14190.13;0.01;20
14191.18;0.01;20
14192.22;0.01;20
14193.27;0.01;20
14194.31;0.01;20
14195.36;0.01;20
14196.4;0.01;20
14197.44;0.01;20
14198.49;0.01;20
14199.53;0.01;20
14200.58;0.01;20
14201.62;0.01;20
14202.67;0.01;20
14203.71;0.01;20
14204.76;0.01;20
14205.8;0.01;20
14206.84;0.01;20
14207.89;0.01;20
14208.93;0.01;20
14209.98;0.01;20
14211.02;0.01;20
14212.07;0.01;20
14213.11;0.01;20
14214.16;0.01;20
14215.2;0.01;20
14216.24;0.01;20
14217.29;0.01;20
14218.33;0.01;20
14219.38;0.01;20
14220.42;0.01;20
14221.47;0.01;20
14222.51;0.01;20
14223.56;0.01;20
14224.6;0.01;20
14225.64;0.01;20
14226.69;0.01;20
14227.73;0.01;20
14228.78;0.01;20
14229.82;0.01;20
14230.87;0.01;20
14231.91;0.01;20
14232.96;0.01;20
14234;0.01;20
14235.04;0.01;20
14236.09;0.01;20
14237.13;0.01;20
14238.18;0.01;20
14239.22;0.01;20
14240.27;0.01;20
14241.31;0.01;20
14242.36;0.01;20
14243.4;0.01;20
14244.44;0.01;20
14245.49;0.01;20
14246.53;0.01;20
14247.58;0.01;20
14248.62;0.01;20
14249.67;0.01;20
14250.71;0.01;20
14251.76;0.01;20
14252.8;0.01;20
14253.84;0.01;20
14254.89;0.01;20
14255.93;0.01;20
14256.98;0.01;20
14258.02;0.01;20
14259.07;0.01;20
14260.11;0.01;20
14261.16;0.01;20
14262.2;0.01;20
14263.24;0.01;20
14264.29;0.01;20
14265.33;0.01;20
14266.38;0.01;20
14267.42;0.01;20
14268.47;0.01;20
14269.51;0.01;20
14270.56;0.01;20
14271.6;0.01;20
14272.64;0.01;20
14273.69;0.01;20
14274.73;0.01;20
14275.78;0.01;20
14276.82;0.01;20
14277.87;0.01;20
14278.91;0.01;20
14279.96;0.01;20
14281;0.01;20
14282.04;0.01;20
14283.09;0.01;20
14284.13;0.01;20
14285.18;0.01;20
14286.22;0.01;20
14287.27;0.01;20
14288.31;0.01;20
14289.36;0.01;20
14290.4;0.01;20
14291.44;0.01;20
14292.49;0.01;20
14293.53;0.01;20
14294.58;0.01;20
14295.62;0.01;20
14296.67;0.01;20
14297.71;0.01;20
14298.76;0.01;20
14299.8;0.01;20
14300.84;0.01;20
14301.89;0.01;20
14302.93;0.01;20
14303.98;0.01;20
14305.02;0.01;20
14306.07;0.01;20
14307.11;0.01;20
14308.16;0.01;20
14309.2;0.01;20
14310.24;0.01;20
14311.29;0.01;20
14312.33;0.01;20
14313.38;0.01;20
14314.42;0.01;20
14315.47;0.01;20
14316.51;0.01;20
14317.56;0.01;20
14318.6;0.01;20
14319.64;0.01;20
14320.69;0.01;20
14321.73;0.01;20
14322.78;0.01;20
14323.82;0.01;20
14324.87;0.01;20
14325.91;0.01;20
14326.96;0.01;20
14328;0.01;20
14329.04;0.01;20
14330.09;0.01;20
14331.13;0.01;20
14332.18;0.01;20
14333.22;0.01;20
14334.27;0.01;20
14335.31;0.01;20
14336.36;0.01;20
14337.4;0.01;20
14338.44;0.01;20
14339.49;0.01;20
14340.53;0.01;20
14341.58;0.01;20
14342.62;0.01;20
14343.67;0.01;20
14344.71;0.01;20
14345.76;0.01;20
14346.8;0.01;20
14347.84;0.01;20
14348.89;0.01;20
14349.93;0.01;20
14350.98;0.01;20
14352.02;0.01;20
14353.07;0.01;20
14354.11;0.01;20
14355.16;0.01;20
14356.2;0.01;20
14357.24;0.01;20
14358.29;0.01;20
14359.33;0.01;20
14360.38;0.01;20
14361.42;0.01;20
14362.47;0.01;20
14363.51;0.01;20
14364.56;0.01;20
14365.6;0.01;20
14366.64;0.01;20
14367.69;0.01;20
14368.73;0.01;20
14369.78;0.01;20
14370.82;0.01;20
14371.87;0.01;20
14372.91;0.01;20
14373.96;0.01;20
14375;0.01;20
14376.04;0.01;20
14377.09;0.01;20
14378.13;0.01;20
14379.18;0.01;20
14380.22;0.01;20
14381.27;0.01;20
14382.31;0.01;20
14383.36;0.01;20
14384.4;0.01;20
14385.44;0.01;20
14386.49;0.01;20
14387.53;0.01;20
14388.58;0.01;20
14389.62;0.01;20
14390.67;0.01;20
14391.71;0.01;20
14392.76;0.01;20
14393.8;0.01;20
14394.84;0.01;20
14395.89;0.01;20
14396.93;0.01;20
14397.98;0.01;20
14399.02;0.01;20
14400.07;0.01;20
14401.11;0.01;20
14402.16;0.01;20
14403.2;0.01;20
14404.24;0.01;20
14405.29;0.01;20
14406.33;0.01;20
14407.38;0.01;20
14408.42;0.01;20
14409.47;0.01;20
14410.51;0.01;20
14411.56;0.01;20
14412.6;0.01;20
14413.64;0.01;20
14414.69;0.01;20
14415.73;0.01;20
14416.78;0.01;20
14417.82;0.01;20
14418.87;0.01;20
14419.91;0.01;20
14420.96;0.01;20
14422;0.01;20
14423.04;0.01;20
14424.09;0.01;20
14425.13;0.01;20
14426.18;0.01;20
14427.22;0.01;20
14428.27;0.01;20
14429.31;0.01;20
14430.36;0.01;20
14431.4;0.01;20
14432.44;0.01;20
14433.49;0.01;20
14434.53;0.01;20
14435.58;0.01;20
14436.62;0.01;20
14437.67;0.01;20
14438.71;0.01;20
14439.76;0.01;20
14440.8;0.01;20
14441.84;0.01;20
14442.89;0.01;20
14443.93;0.01;20
14444.98;0.01;20
14446.02;0.01;20
14447.07;0.01;20
14448.11;0.01;20
14449.16;0.01;20
14450.2;0.01;20
14451.24;0.01;20
14452.29;0.01;20
14453.33;0.01;20
14454.38;0.01;20
14455.42;0.01;20
14456.47;0.01;20
14457.51;0.01;20
14458.56;0.01;20
14459.6;0.01;20
14460.64;0.01;20
14461.69;0.01;20
14462.73;0.01;20
14463.78;0.01;20
14464.82;0.01;20
14465.87;0.01;20
14466.91;0.01;20
14467.96;0.01;20
14469;0.01;20
14470.04;0.01;20
14471.09;0.01;20
14472.13;0.01;20
14473.18;0.01;20
14474.22;0.01;20
14475.27;0.01;20
14476.31;0.01;20
14477.36;0.01;20
14478.4;0.01;20
14479.44;0.01;20
14480.49;0.01;20
14481.53;0.01;20
14482.58;0.01;20
14483.62;0.01;20
14484.67;0.01;20
14485.71;0.01;20
14486.76;0.01;20
14487.8;0.01;20
14488.84;0.01;20
14489.89;0.01;20
14490.93;0.01;20
14491.98;0.01;20
14493.02;0.01;20
14494.07;0.01;20
14495.11;0.01;20
14496.16;0.01;20
14497.2;0.01;20
14498.24;0.01;20
14499.29;0.01;20
14500.33;0.01;20
14501.38;0.01;20
14502.42;0.01;20
14503.47;0.01;20
14504.51;0.01;20
14505.56;0.01;20
14506.6;0.01;20
14507.64;0.01;20
14508.69;0.01;20
14509.73;0.01;20
14510.78;0.01;20
14511.82;0.01;20
14512.87;0.01;20
14513.91;0.01;20
14514.96;0.01;20
14516;0.01;20
14517.04;0.01;20
14518.09;0.01;20
14519.13;0.01;20
14520.18;0.01;20
14521.22;0.01;20
14522.27;0.01;20
14523.31;0.01;20
14524.36;0.01;20
14525.4;0.01;20
14526.44;0.01;20
14527.49;0.01;20
14528.53;0.01;20
14529.58;0.01;20
14530.62;0.01;20
14531.67;0.01;20
14532.71;0.01;20
14533.76;0.01;20
14534.8;0.01;20
14535.84;0.01;20
14536.89;0.01;20
14537.93;0.01;20
14538.98;0.01;20
14540;0.01;20
14541.04;0.01;20
14542.09;0.01;20
14543.13;0.01;20
14544.18;0.01;20
14545.22;0.01;20
14546.27;0.01;20
14547.31;0.01;20
14548.36;0.01;20
14549.4;0.01;20
14550.44;0.01;20
14551.49;0.01;20
14552.53;0.01;20
14553.58;0.01;20
14554.62;0.01;20
14555.67;0.01;20
14556.71;0.01;20
14557.76;0.01;20
14558.8;0.01;20
14559.84;0.01;20
14560.89;0.01;20
14561.93;0.01;20
14562.98;0.01;20
14564.02;0.01;20
14565.07;0.01;20
14566.11;0.01;20
14567.16;0.01;20
14568.2;0.01;20
14569.24;0.01;20
14570.29;0.01;20
14571.33;0.01;20
14572.38;0.01;20
14573.42;0.01;20
14574.47;0.01;20
14575.51;0.01;20
14576.56;0.01;20
14577.6;0.01;20
14578.64;0.01;20
14579.69;0.01;20
14580.73;0.01;20
14581.78;0.01;20
14582.82;0.01;20
14583.87;0.01;20
14584.91;0.01;20
14585.96;0.01;20
14587;0.01;20
14588.04;0.01;20
14589.09;0.01;20
14590.13;0.01;20
14591.18;0.01;20
14592.22;0.01;20
14593.27;0.01;20
14594.31;0.01;20
14595.36;0.01;20
14596.4;0.01;20
14597.44;0.01;20
14598.49;0.01;20
14599.53;0.01;20
14600.58;0.01;20
14601.62;0.01;20
14602.67;0.01;20
14603.71;0.01;20
14604.76;0.01;20
14605.8;0.01;20
14606.84;0.01;20
14607.89;0.01;20
14608.93;0.01;20
14609.98;0.01;20
14611.02;0.01;20
14612.07;0.01;20
14613.11;0.01;20
14614.16;0.01;20
14615.2;0.01;20
14616.24;0.01;20
14617.29;0.01;20
14618.33;0.01;20
14619.38;0.01;20
14620.42;0.01;20
14621.47;0.01;20
14622.51;0.01;20
14623.56;0.01;20
14624.6;0.01;20
14625.64;0.01;20
14626.69;0.01;20
14627.73;0.01;20
14628.78;0.01;20
14629.82;0.01;20
14630.87;0.01;20
14631.91;0.01;20
14632.96;0.01;20
14634;0.01;20
14635.04;0.01;20
14636.09;0.01;20
14637.13;0.01;20
14638.18;0.01;20
14639.22;0.01;20
14640.27;0.01;20
14641.31;0.01;20
14642.36;0.01;20
14643.4;0.01;20
14644.44;0.01;20
14645.49;0.01;20
14646.53;0.01;20
14647.58;0.01;20
14648.62;0.01;20
14649.67;0.01;20
14650.71;0.01;20
14651.76;0.01;20
14652.8;0.01;20
14653.84;0.01;20
14654.89;0.01;20
14655.93;0.01;20
14656.98;0.01;20
14658.02;0.01;20
14659.07;0.01;20
14660.11;0.01;20
14661.16;0.01;20
14662.2;0.01;20
14663.24;0.01;20
14664.29;0.01;20
14665.33;0.01;20
14666.38;0.01;20
14667.42;0.01;20
14668.47;0.01;20
14669.51;0.01;20
14670.56;0.01;20
14671.6;0.01;20
14672.64;0.01;20
14673.69;0.01;20
14674.73;0.01;20
14675.78;0.01;20
14676.82;0.01;20
14677.87;0.01;20
14678.91;0.01;20
14679.96;0.01;20
14681;0.01;20
14682.04;0.01;20
14683.09;0.01;20
14684.13;0.01;20
14685.18;0.01;20
14686.22;0.01;20
14687.27;0.01;20
14688.31;0.01;20
14689.36;0.01;20
14690.4;0.01;20
14691.44;0.01;20
14692.49;0.01;20
14693.53;0.01;20
14694.58;0.01;20
14695.62;0.01;20
14696.67;0.01;20
14697.71;0.01;20
14698.76;0.01;20
14699.8;0.01;20
14700.84;0.01;20
14701.89;0.01;20
14702.93;0.01;20
14703.98;0.01;20
14705.02;0.01;20
14706.07;0.01;20
14707.11;0.01;20
14708.16;0.01;20
14709.2;0.01;20
14710.24;0.01;20
14711.29;0.01;20
14712.33;0.01;20
14713.38;0.01;20
14714.42;0.01;20
14715.47;0.01;20
14716.51;0.01;20
14717.56;0.01;20
14718.6;0.01;20
14719.64;0.01;20
14720.69;0.01;20
14721.73;0.01;20
14722.78;0.01;20
14723.82;0.01;20
14724.87;0.01;20
14725.91;0.01;20
14726.96;0.01;20
14728;0.01;20
14729.04;0.01;20
14730.09;0.01;20
14731.13;0.01;20
14732.18;0.01;20
14733.22;0.01;20
14734.27;0.01;20
14735.31;0.01;20
14736.36;0.01;20
14737.4;0.01;20
14738.44;0.01;20
14739.49;0.01;20
14740.53;0.01;20
14741.58;0.01;20
14742.62;0.01;20
14743.67;0.01;20
14744.71;0.01;20
14745.76;0.01;20
14746.8;0.01;20
14747.84;0.01;20
14748.89;0.01;20
14749.93;0.01;20
14750.98;0.01;20
14752.02;0.01;20
14753.07;0.01;20
14754.11;0.01;20
14755.16;0.01;20
14756.2;0.01;20
14757.24;0.01;20
14758.29;0.01;20
14759.33;0.01;20
14760.38;0.01;20
14761.42;0.01;20
14762.47;0.01;20
14763.51;0.01;20
14764.56;0.01;20
14765.6;0.01;20
14766.64;0.01;20
14767.69;0.01;20
14768.73;0.01;20
14769.78;0.01;20
14770.82;0.01;20
14771.87;0.01;20
14772.91;0.01;20
14773.96;0.01;20
14775;0.01;20
14776.04;0.01;20
14777.09;0.01;20
14778.13;0.01;20
14779.18;0.01;20
14780.22;0.01;20
14781.27;0.01;20
14782.31;0.01;20
14783.36;0.01;20
14784.4;0.01;20
14785.44;0.01;20
14786.49;0.01;20
14787.53;0.01;20
14788.58;0.01;20
14789.62;0.01;20
14790.67;0.01;20
14791.71;0.01;20
14792.76;0.01;20
14793.8;0.01;20
14794.84;0.01;20
14795.89;0.01;20
14796.93;0.01;20
14797.98;0.01;20
14799.02;0.01;20
14800.07;0.01;20
14801.11;0.01;20
14802.16;0.02;20
14803.2;0.02;20
14804.24;0.01;20
14805.29;0.01;20
14806.33;0.01;20
14807.38;0.01;20
14808.42;0.02;20
14809.47;0.01;20
14810.51;0.01;20
14811.56;0.01;20
14812.6;0.02;20
14813.64;0.01;20
14814.69;0.01;20
14815.73;0.02;20
14816.78;0.02;20
14817.82;0.01;20
14818.87;0.02;20
14819.91;0.01;20
14820.96;0.02;20
14822;0.02;20
14823.04;0.01;20
14824.09;0.01;20
14825.13;0.01;20
14826.18;0.02;20
14827.22;0.01;20
14828.27;0.01;20
14829.31;0.01;20
14830.36;0.01;20
14831.4;0.01;20
14832.44;0.01;20
14833.49;0.01;20
14834.53;0.01;20
14835.58;0.02;20
14836.62;0.01;20
14837.67;0.01;20
14838.71;0.01;20
14839.76;0.01;20
14840.8;0.01;20
14841.84;0.01;20
14842.89;0.02;20
14843.93;0.01;20
14844.98;0.02;20
14846.02;0.01;20
14847.07;0.01;20
14848.11;0.01;20
14849.16;0.01;20
14850.2;0.01;20
14851.24;0.01;20
14852.29;0.01;20
14853.33;0.01;20
14854.38;0.01;20
14855.42;0.01;20
14856.47;0.01;20
14857.51;0.01;20
14858.56;0.01;20
14859.6;0.02;20
14860.64;0.01;20
14861.69;0.01;20
14862.73;0.02;20
14863.78;0.04;20
14864.82;0.05;20
14865.87;0.03;20
14866.91;0.03;20
14867.96;0.03;20
14869;0.04;20
14870.04;0.03;20
14871.09;0.02;20
14872.13;0.02;20
14873.18;0.01;20
14874.22;0.01;20
14875.27;0.01;20
14876.31;0.01;20
14877.36;0.01;20
14878.4;0.01;20
14879.44;0.01;20
14880.49;0.01;20
14881.53;0.01;20
14882.58;0.01;20
14883.62;0.01;20
14884.67;0.01;20
14885.71;0.01;20
14886.76;0.01;20
14887.8;0.01;20
14888.84;0.01;20
14889.89;0.01;20
14890.93;0.01;20
14891.98;0.01;20
14893.02;0.01;20
14894.07;0.01;20
14895.11;0.01;20
14896.16;0.01;20
14897.2;0.01;20
14898.24;0.01;20
14899.29;0.01;20
14900.33;0.01;20
14901.38;0.01;20
14902.42;0.01;20
14903.47;0.01;20
14904.51;0.01;20
14905.56;0.01;20
14906.6;0.01;20
14907.64;0.01;20
14908.69;0.01;20
14909.73;0.01;20
14910.78;0.01;20
14911.82;0.01;20
14912.87;0.01;20
14913.91;0.01;20
14914.96;0.01;20
14916;0.01;20
14917.04;0.01;20
14918.09;0.01;20
14919.13;0.01;20
14920.18;0.01;20
14921.22;0.01;20
14922.27;0.01;20
14923.31;0.01;20
14924.36;0.01;20
14925.4;0.01;20
14926.44;0.01;20
14927.49;0.01;20
14928.53;0.01;20
14929.58;0.01;20
14930.62;0.01;20
14931.67;0.01;20
14932.71;0.01;20
14933.76;0.01;20
14934.8;0.01;20
14935.84;0.01;20
14936.89;0.01;20
14937.93;0.01;20
14938.98;0.03;20
14940;0.02;20
14941.04;0.01;20
14942.09;0.01;20
14943.13;0.01;20
14944.18;0.01;20
14945.22;0.01;20
14946.27;0.01;20
14947.31;0.01;20
14948.36;0.01;20
14949.4;0.01;20
14950.44;0.02;20
14951.49;0.01;20
14952.53;0.01;20
14953.58;0.01;20
14954.62;0.01;20
14955.67;0.01;20
14956.71;0.01;20
14957.76;0.01;20
14958.8;0.01;20
14959.84;0.01;20
14960.89;0.01;20
14961.93;0.01;20
14962.98;0.01;20
14964.02;0.01;20
14965.07;0.01;20
14966.11;0.01;20
14967.16;0.01;20
14968.2;0.01;20
14969.24;0.01;20
14970.29;0.01;20
14971.33;0.01;20
14972.38;0.01;20
14973.42;0.01;20
14974.47;0.01;20
14975.51;0.01;20
14976.56;0.01;20
14977.6;0.01;20
14978.64;0.01;20
14979.69;0.01;20
14980.73;0.01;20
14981.78;0.01;20
14982.82;0.01;20
14983.87;0.01;20
14984.91;0.02;20
14985.96;0.01;20
14987;0.01;20
14988.04;0.01;20
14989.09;0.01;20
14990.13;0.01;20
14991.18;0.01;20
14992.22;0.01;20
14993.27;0.01;20
14994.31;0.01;20
14995.36;0.01;20
14996.4;0.01;20
14997.44;0.01;20
14998.49;0.01;20
14999.53;0.01;20
15000.58;0.01;20
15001.62;0.02;20
15002.67;0.01;20
15003.71;0.01;20
15004.76;0.01;20
15005.8;0.01;20
15006.84;0.01;20
15007.89;0.01;20
15008.93;0.01;20
15009.98;0.01;20
15011.02;0.01;20
15012.07;0.01;20
15013.11;0.01;20
15014.16;0.02;20
15015.2;0.01;20
15016.24;0.01;20
15017.29;0.01;20
15018.33;0.01;20
15019.38;0.01;20
15020.42;0.01;20
15021.47;0.01;20
15022.51;0.01;20
15023.56;0.01;20
15024.6;0.01;20
15025.64;0.01;20
15026.69;0.01;20
15027.73;0.01;20
15028.78;0.01;20
15029.82;0.01;20
15030.87;0.01;20
15031.91;0.01;20
15032.96;0.01;20
15034;0.01;20
15035.04;0.01;20
15036.09;0.01;20
15037.13;0.01;20
15038.18;0.01;20
15039.22;0.01;20
15040.27;0.01;20
15041.31;0.01;20
15042.36;0.01;20
15043.4;0.01;20
15044.44;0.01;20
15045.49;0.01;20
15046.53;0.01;20
15047.58;0.01;20
15048.62;0.01;20
15049.67;0.01;20
15050.71;0.01;20
15051.76;0.01;20
15052.8;0.01;20
15053.84;0.01;20
15054.89;0.01;20
15055.93;0.01;20
15056.98;0.01;20
15058.02;0.01;20
15059.07;0.01;20
15060.11;0.01;20
15061.16;0.01;20
15062.2;0.01;20
15063.24;0.01;20
15064.29;0.01;20
15065.33;0.01;20
15066.38;0.01;20
15067.42;0.01;20
15068.47;0.01;20
15069.51;0.01;20
15070.56;0.01;20
15071.6;0.01;20
15072.64;0.01;20
15073.69;0.01;20
15074.73;0.01;20
15075.78;0.01;20
15076.82;0.01;20
15077.87;0.01;20
15078.91;0.01;20
15079.96;0.01;20
15081;0.01;20
15082.04;0.01;20
15083.09;0.01;20
15084.13;0.01;20
15085.18;0.01;20
15086.22;0.01;20
15087.27;0.01;20
15088.31;0.01;20
15089.36;0.01;20
15090.4;0.01;20
15091.44;0.01;20
15092.49;0.01;20
15093.53;0.01;20
15094.58;0.01;20
15095.62;0.01;20
15096.67;0.01;20
15097.71;0.01;20
15098.76;0.01;20
15099.8;0.01;20
15100.84;0.01;20
15101.89;0.01;20
15102.93;0.01;20
15103.98;0.01;20
15105.02;0.01;20
15106.07;0.01;20
15107.11;0.01;20
15108.16;0.01;20
15109.2;0.01;20
15110.24;0.01;20
15111.29;0.01;20
15112.33;0.01;20
15113.38;0.01;20
15114.42;0.01;20
15115.47;0.01;20
15116.51;0.01;20
15117.56;0.01;20
15118.6;0.01;20
15119.64;0.01;20
15120.69;0.01;20
15121.73;0.01;20
15122.78;0.01;20
15123.82;0.01;20
15124.87;0.01;20
15125.91;0.01;20
15126.96;0.01;20
15128;0.01;20
15129.04;0.01;20
15130.09;0.01;20
15131.13;0.01;20
15132.18;0.01;20
15133.22;0.01;20
15134.27;0.01;20
15135.31;0.01;20
15136.36;0.01;20
15137.4;0.01;20
15138.44;0.01;20
15139.49;0.01;20
15140.53;0.01;20
15141.58;0.01;20
15142.62;0.01;20
15143.67;0.01;20
15144.71;0.01;20
15145.76;0.01;20
15146.8;0.01;20
15147.84;0.01;20
15148.89;0.01;20
15149.93;0.01;20
15150.98;0.01;20
15152.02;0.01;20
15153.07;0.01;20
15154.11;0.01;20
15155.16;0.01;20
15156.2;0.01;20
15157.24;0.01;20
15158.29;0.01;20
15159.33;0.01;20
15160.38;0.01;20
15161.42;0.01;20
15162.47;0.01;20
15163.51;0.01;20
15164.56;0.01;20
15165.6;0.01;20
15166.64;0.01;20
15167.69;0.01;20
15168.73;0.01;20
15169.78;0.01;20
15170.82;0.01;20
15171.87;0.01;20
15172.91;0.01;20
15173.96;0.01;20
15175;0.01;20
15176.04;0.01;20
15177.09;0.01;20
15178.13;0.01;20
15179.18;0.01;20
15180.22;0.01;20
15181.27;0.01;20
15182.31;0.01;20
15183.36;0.01;20
15184.4;0.01;20
15185.44;0.01;20
15186.49;0.01;20
15187.53;0.01;20
15188.58;0.01;20
15189.62;0.01;20
15190.67;0.01;20
15191.71;0.01;20
15192.76;0.01;20
15193.8;0.01;20
15194.84;0.01;20
15195.89;0.01;20
15196.93;0.01;20
15197.98;0.01;20
15199.02;0.01;20
15200.07;0.01;20
15201.11;0.01;20
15202.16;0.01;20
15203.2;0.01;20
15204.24;0.01;20
15205.29;0.01;20
15206.33;0.01;20
15207.38;0.01;20
15208.42;0.01;20
15209.47;0.01;20
15210.51;0.01;20
15211.56;0.01;20
15212.6;0.01;20
15213.64;0.01;20
15214.69;0.01;20
15215.73;0.01;20
15216.78;0.01;20
15217.82;0.01;20
15218.87;0.01;20
15219.91;0.01;20
15220.96;0.01;20
15222;0.01;20
15223.04;0.01;20
15224.09;0.01;20
15225.13;0.01;20
15226.18;0.01;20
15227.22;0.01;20
15228.27;0.01;20
15229.31;0.01;20
15230.36;0.01;20
15231.4;0.01;20
15232.44;0.01;20
15233.49;0.01;20
15234.53;0.01;20
15235.58;0.01;20
15236.62;0.01;20
15237.67;0.01;20
15238.71;0.01;20
15239.76;0.01;20
15240.8;0.01;20
15241.84;0.01;20
15242.89;0.01;20
15243.93;0.01;20
15244.98;0.01;20
15246.02;0.01;20
15247.07;0.01;20
15248.07;0.01;20
15249.16;0.01;20
15250.2;0.01;20
15251.24;0.01;20
15252.29;0.01;20
15253.33;0.01;20
15254.38;0.01;20
15255.42;0.01;20
15256.47;0.01;20
15257.51;0.01;20
15258.56;0.01;20
15259.6;0.01;20
15260.64;0.01;20
15261.69;0.01;20
15262.73;0.01;20
15263.78;0.01;20
15264.82;0.01;20
15265.87;0.01;20
15266.91;0.01;20
15267.96;0.01;20
15269;0.01;20
15270.04;0.01;20
15271.09;0.01;20
15272.13;0.01;20
15273.18;0.01;20
15274.22;0.01;20
15275.27;0.01;20
15276.31;0.01;20
15277.36;0.01;20
15278.4;0.01;20
15279.44;0.01;20
15280.49;0.01;20
15281.53;0.01;20
15282.58;0.01;20
15283.62;0.01;20
15284.67;0.01;20
15285.71;0.01;20
15286.76;0.01;20
15287.8;0.01;20
15288.84;0.01;20
15289.89;0.01;20
15290.93;0.01;20
15291.98;0.01;20
15293.02;0.01;20
15294.07;0.01;20
15295.11;0.01;20
15296.16;0.01;20
15297.2;0.01;20
15298.24;0.01;20
15299.29;0.01;20
15300.33;0.01;20
15301.38;0.01;20
15302.42;0.01;20
15303.47;0.01;20
15304.51;0.01;20
15305.56;0.01;20
15306.6;0.01;20
15307.64;0.01;20
15308.69;0.01;20
15309.73;0.01;20
15310.78;0.01;20
15311.82;0.01;20
15312.87;0.01;20
15313.91;0.01;20
15314.96;0.01;20
15316;0.01;20
15317.04;0.01;20
15318.09;0.01;20
15319.13;0.01;20
15320.18;0.01;20
15321.22;0.01;20
15322.27;0.01;20
15323.31;0.01;20
15324.36;0.01;20
15325.4;0.01;20
15326.44;0.01;20
15327.49;0.01;20
15328.53;0.01;20
15329.58;0.01;20
15330.62;0.01;20
15331.67;0.01;20
15332.71;0.01;20
15333.76;0.01;20
15334.8;0.01;20
15335.84;0.01;20
15336.89;0.01;20
15337.93;0.01;20
15338.98;0.01;20
15340;0.01;20
15341.04;0.01;20
15342.09;0.01;20
15343.13;0.01;20
15344.18;0.01;20
15345.22;0.01;20
15346.27;0.01;20
15347.31;0.01;20
15348.36;0.01;20
15349.4;0.01;20
15350.44;0.01;20
15351.49;0.01;20
15352.53;0.01;20
15353.58;0.01;20
15354.62;0.01;20
15355.67;0.01;20
15356.71;0.01;20
15357.76;0.01;20
15358.8;0.01;20
15359.84;0.01;20
15360.89;0.01;20
15361.93;0.01;20
15362.98;0.01;20
15364.02;0.01;20
15365.07;0.01;20
15366.11;0.01;20
15367.16;0.01;20
15368.2;0.01;20
15369.24;0.01;20
15370.29;0.01;20
15371.33;0.01;20
15372.38;0.01;20
15373.42;0.01;20
15374.47;0.01;20
15375.51;0.01;20
15376.56;0.01;20
15377.6;0.01;20
15378.64;0.01;20
15379.69;0.01;20
15380.73;0.01;20
15381.78;0.01;20
15382.82;0.01;20
15383.87;0.01;20
15384.91;0.01;20
15385.96;0.01;20
15387;0.01;20
15388.04;0.01;20
15389.09;0.01;20
15390.13;0.01;20
15391.18;0.01;20
15392.22;0.01;20
15393.27;0.01;20
15394.31;0.01;20
15395.36;0.01;20
15396.4;0.01;20
15397.44;0.01;20
15398.49;0.01;20
15399.53;0.01;20
15400.58;0.01;20
15401.62;0.01;20
15402.67;0.01;20
15403.71;0.01;20
15404.76;0.01;20
15405.8;0.01;20
15406.84;0.01;20
15407.89;0.01;20
15408.93;0.01;20
15409.98;0.01;20
15411.02;0.01;20
15412.07;0.01;20
15413.11;0.01;20
15414.16;0.01;20
15415.2;0.01;20
15416.24;0.01;20
15417.29;0.01;20
15418.33;0.01;20
15419.38;0.01;20
15420.42;0.01;20
15421.47;0.01;20
15422.51;0.01;20
15423.56;0.01;20
15424.6;0.01;20
15425.64;0.01;20
15426.69;0.01;20
15427.73;0.01;20
15428.78;0.01;20
15429.82;0.01;20
15430.87;0.01;20
15431.91;0.01;20
15432.96;0.01;20
15434;0.01;20
15435.04;0.01;20
15436.09;0.01;20
15437.13;0.01;20
15438.18;0.01;20
15439.22;0.01;20
15440.27;0.01;20
15441.31;0.01;20
15442.36;0.01;20
15443.4;0.01;20
15444.44;0.01;20
15445.49;0.01;20
15446.53;0.01;20
15447.58;0.01;20
15448.62;0.01;20
15449.67;0.01;20
15450.71;0.01;20
15451.76;0.01;20
15452.8;0.01;20
15453.84;0.01;20
15454.89;0.01;20
15455.93;0.01;20
15456.98;0.01;20
15458.02;0.01;20
15459.07;0.01;20
15460.11;0.01;20
15461.16;0.01;20
15462.2;0.01;20
15463.24;0.01;20
15464.29;0.01;20
15465.33;0.01;20
15466.38;0.01;20
15467.42;0.01;20
15468.47;0.01;20
15469.51;0.01;20
15470.56;0.01;20
15471.6;0.01;20
15472.64;0.01;20
15473.69;0.01;20
15474.73;0.01;20
15475.78;0.01;20
15476.82;0.01;20
15477.87;0.01;20
15478.91;0.01;20
15479.96;0.01;20
15481;0.01;20
15482.04;0.01;20
15483.09;0.01;20
15484.13;0.01;20
15485.18;0.01;20
15486.22;0.01;20
15487.27;0.01;20
15488.31;0.01;20
15489.36;0.01;20
15490.4;0.01;20
15491.44;0.01;20
15492.49;0.01;20
15493.53;0.01;20
15494.58;0.01;20
15495.62;0.01;20
15496.67;0.01;20
15497.71;0.01;20
15498.76;0.01;20
15499.8;0.01;20
15500.84;0.01;20
15501.89;0.01;20
15502.93;0.01;20
15503.98;0.01;20
15505.02;0.01;20
15506.07;0.01;20
15507.11;0.01;20
15508.16;0.01;20
15509.2;0.01;20
15510.24;0.01;20
15511.29;0.01;20
15512.33;0.01;20
15513.38;0.01;20
15514.42;0.01;20
15515.47;0.01;20
15516.51;0.01;20
15517.56;0.01;20
15518.6;0.01;20
15519.64;0.01;20
15520.69;0.01;20
15521.73;0.01;20
15522.78;0.01;20
15523.82;0.01;20
15524.87;0.01;20
15525.91;0.01;20
15526.96;0.01;20
15528;0.01;20
15529.04;0.01;20
15530.09;0.01;20
15531.13;0.01;20
15532.18;0.01;20
15533.22;0.01;20
15534.27;0.01;20
15535.31;0.01;20
15536.36;0.01;20
15537.4;0.01;20
15538.44;0.01;20
15539.49;0.01;20
15540.53;0.01;20
15541.58;0.01;20
15542.62;0.01;20
15543.67;0.01;20
15544.71;0.01;20
15545.76;0.01;20
15546.8;0.01;20
15547.84;0.01;20
15548.89;0.01;20
15549.93;0.01;20
15550.98;0.01;20
15552.02;0.01;20
15553.07;0.01;20
15554.11;0.01;20
15555.16;0.01;20
15556.2;0.01;20
15557.24;0.01;20
15558.29;0.01;20
15559.33;0.01;20
15560.38;0.01;20
15561.42;0.01;20
15562.47;0.01;20
15563.51;0.01;20
15564.56;0.01;20
15565.6;0.01;20
15566.64;0.01;20
15567.69;0.01;20
15568.73;0.01;20
15569.78;0.01;20
15570.82;0.01;20
15571.87;0.01;20
15572.91;0.01;20
15573.96;0.01;20
15575;0.01;20
15576.04;0.01;20
15577.09;0.01;20
15578.13;0.01;20
15579.18;0.01;20
15580.22;0.01;20
15581.27;0.01;20
15582.31;0.01;20
15583.36;0.01;20
15584.4;0.01;20
15585.44;0.01;20
15586.49;0.01;20
15587.53;0.01;20
15588.58;0.01;20
15589.62;0.01;20
15590.67;0.01;20
15591.71;0.01;20
15592.76;0.01;20
15593.8;0.01;20
15594.84;0.01;20
15595.89;0.01;20
15596.93;0.01;20
15597.98;0.01;20
15599.02;0.01;20
15600.07;0.01;20
15601.11;0.01;20
15602.16;0.01;20
15603.2;0.01;20
15604.24;0.01;20
15605.29;0.01;20
15606.33;0.01;20
15607.38;0.01;20
15608.42;0.01;20
15609.47;0.01;20
15610.51;0.02;20
15611.56;0.01;20
15612.6;0.01;20
15613.64;0.01;20
15614.69;0.01;20
15615.73;0.01;20
15616.78;0.01;20
15617.82;0.01;20
15618.87;0.01;20
15619.91;0.01;20
15620.96;0.01;20
15622;0.01;20
15623.04;0.01;20
15624.09;0.01;20
15625.13;0.01;20
15626.18;0.01;20
15627.22;0.01;20
15628.27;0.01;20
15629.31;0.01;20
15630.36;0.01;20
15631.4;0.01;20
15632.44;0.01;20
15633.49;0.01;20
15634.53;0.01;20
15635.58;0.01;20
15636.62;0.01;20
15637.67;0.01;20
15638.71;0.01;20
15639.76;0.01;20
15640.8;0.01;20
15641.84;0.01;20
15642.89;0.01;20
15643.93;0.01;20
15644.98;0.01;20
15646.02;0.01;20
15647.07;0.01;20
15648.11;0.01;20
15649.16;0.01;20
15650.2;0.01;20
15651.24;0.01;20
15652.29;0.01;20
15653.33;0.01;20
15654.38;0.01;20
15655.42;0.01;20
15656.47;0.01;20
15657.51;0.01;20
15658.56;0.01;20
15659.6;0.01;20
15660.64;0.01;20
15661.69;0.01;20
15662.73;0.01;20
15663.78;0.01;20
15664.82;0.01;20
15665.87;0.01;20
15666.91;0.01;20
15667.96;0.01;20
15669;0.01;20
15670.04;0.01;20
15671.09;0.01;20
15672.13;0.01;20
15673.18;0.01;20
15674.22;0.01;20
15675.27;0.01;20
15676.31;0.01;20
15677.36;0.01;20
15678.4;0.01;20
15679.44;0.01;20
15680.49;0.01;20
15681.53;0.01;20
15682.58;0.01;20
15683.62;0.01;20
15684.67;0.01;20
15685.71;0.01;20
15686.76;0.01;20
15687.8;0.01;20
15688.84;0.01;20
15689.89;0.01;20
15690.93;0.01;20
15691.98;0.01;20
15693.02;0.01;20
15694.07;0.01;20
15695.11;0.01;20
15696.16;0.01;20
15697.2;0.01;20
15698.24;0.01;20
15699.29;0.01;20
15700.33;0.01;20
15701.38;0.01;20
15702.42;0.01;20
15703.47;0.01;20
15704.51;0.01;20
15705.56;0.01;20
15706.6;0.01;20
15707.64;0.01;20
15708.69;0.01;20
15709.73;0.01;20
15710.78;0.01;20
15711.82;0.01;20
15712.87;0.01;20
15713.91;0.01;20
15714.96;0.01;20
15716;0.01;20
15717.04;0.01;20
15718.09;0.01;20
15719.13;0.01;20
15720.18;0.01;20
15721.22;0.01;20
15722.27;0.01;20
15723.31;0.01;20
15724.36;0.01;20
15725.4;0.01;20
15726.44;0.01;20
15727.49;0.01;20
15728.53;0.01;20
15729.58;0.01;20
15730.62;0.01;20
15731.67;0.01;20
15732.71;0.01;20
15733.76;0.01;20
15734.8;0.01;20
15735.84;0.01;20
15736.89;0.01;20
15737.93;0.01;20
15738.98;0.01;20
15740;0.01;20
15741.04;0.01;20
15742.09;0.01;20
15743.13;0.01;20
15744.18;0.01;20
15745.22;0.01;20
15746.27;0.01;20
15747.31;0.01;20
15748.36;0.01;20
15749.4;0.01;20
15750.44;0.01;20
15751.49;0.01;20
15752.53;0.01;20
15753.58;0.01;20
15754.62;0.01;20
15755.67;0.01;20
15756.71;0.01;20
15757.76;0.01;20
15758.8;0.01;20
15759.84;0.01;20
15760.89;0.01;20
15761.93;0.01;20
15762.98;0.01;20
15764.02;0.01;20
15765.07;0.01;20
15766.11;0.01;20
15767.16;0.01;20
15768.2;0.01;20
15769.24;0.01;20
15770.29;0.01;20
15771.33;0.01;20
15772.38;0.01;20
15773.42;0.01;20
15774.47;0.01;20
15775.51;0.01;20
15776.56;0.01;20
15777.6;0.01;20
15778.64;0.01;20
15779.69;0.01;20
15780.73;0.01;20
15781.78;0.01;20
15782.82;0.01;20
15783.87;0.01;20
15784.91;0.01;20
15785.96;0.01;20
15787;0.01;20
15788.04;0.01;20
15789.09;0.01;20
15790.13;0.01;20
15791.18;0.01;20
15792.22;0.01;20
15793.27;0.01;20
15794.31;0.01;20
15795.36;0.01;20
15796.4;0.01;20
15797.44;0.01;20
15798.49;0.01;20
15799.53;0.01;20
15800.58;0.01;20
15801.62;0.01;20
15802.67;0.01;20
15803.71;0.01;20
15804.76;0.01;20
15805.8;0.01;20
15806.84;0.01;20
15807.89;0.01;20
15808.93;0.01;20
15809.98;0.01;20
15811.02;0.01;20
15812.07;0.01;20
15813.11;0.01;20
15814.16;0.01;20
15815.2;0.01;20
15816.24;0.01;20
15817.29;0.01;20
15818.33;0.01;20
15819.38;0.01;20
15820.42;0.01;20
15821.47;0.01;20
15822.51;0.01;20
15823.56;0.01;20
15824.6;0.01;20
15825.64;0.01;20
15826.69;0.01;20
15827.73;0.01;20
15828.78;0.01;20
15829.82;0.01;20
15830.87;0.01;20
15831.91;0.01;20
15832.96;0.01;20
15834;0.01;20
15835.04;0.01;20
15836.09;0.01;20
15837.13;0.01;20
15838.18;0.01;20
15839.22;0.01;20
15840.27;0.01;20
15841.31;0.01;20
15842.36;0.01;20
15843.4;0.01;20
15844.44;0.01;20
15845.49;0.01;20
15846.53;0.01;20
15847.58;0.01;20
15848.62;0.01;20
15849.67;0.01;20
15850.71;0.01;20
15851.76;0.01;20
15852.8;0.01;20
15853.84;0.01;20
15854.89;0.01;20
15855.93;0.01;20
15856.98;0.01;20
15858.02;0.01;20
15859.07;0.01;20
15860.11;0.01;20
15861.16;0.01;20
15862.2;0.01;20
15863.24;0.01;20
15864.29;0.01;20
15865.33;0.01;20
15866.38;0.01;20
15867.42;0.01;20
15868.47;0.01;20
15869.51;0.01;20
15870.56;0.01;20
15871.6;0.01;20
15872.64;0.01;20
15873.69;0.01;20
15874.73;0.01;20
15875.78;0.01;20
15876.82;0.01;20
15877.87;0.01;20
15878.91;0.01;20
15879.96;0.01;20
15881;0.01;20
15882.04;0.01;20
15883.09;0.01;20
15884.13;0.01;20
15885.18;0.01;20
15886.22;0.01;20
15887.27;0.01;20
15888.31;0.01;20
15889.36;0.01;20
15890.4;0.01;20
15891.44;0.01;20
15892.49;0.01;20
15893.53;0.01;20
15894.58;0.01;20
15895.62;0.01;20
15896.67;0.01;20
15897.71;0.01;20
15898.76;0.01;20
15899.8;0.01;20
15900.84;0.01;20
15901.89;0.01;20
15902.93;0.01;20
15903.98;0.01;20
15905.02;0.01;20
15906.07;0.01;20
15907.11;0.01;20
15908.16;0.01;20
15909.2;0.01;20
15910.24;0.01;20
15911.29;0.01;20
15912.33;0.01;20
15913.38;0.01;20
15914.42;0.01;20
15915.47;0.01;20
15916.51;0.01;20
15917.56;0.01;20
15918.6;0.01;20
15919.64;0.01;20
15920.69;0.01;20
15921.73;0.01;20
15922.78;0.01;20
15923.82;0.01;20
15924.87;0.01;20
15925.91;0.01;20
15926.96;0.01;20
15928;0.01;20
15929.04;0.01;20
15930.09;0.01;20
15931.13;0.01;20
15932.18;0.01;20
15933.22;0.01;20
15934.27;0.01;20
15935.31;0.01;20
15936.36;0.01;20
15937.4;0.01;20
15938.4;0.01;20
15939.49;0.01;20
15940.53;0.01;20
15941.58;0.01;20
15942.62;0.01;20
15943.67;0.01;20
15944.71;0.01;20
15945.76;0.01;20
15946.8;0.01;20
15947.84;0.01;20
15948.89;0.01;20
15949.93;0.01;20
15950.98;0.01;20
15952.02;0.01;20
15953.07;0.01;20
15954.11;0.01;20
15955.16;0.01;20
15956.2;0.01;20
15957.24;0.01;20
15958.29;0.01;20
15959.33;0.01;20
15960.38;0.01;20
15961.42;0.01;20
15962.47;0.01;20
15963.51;0.01;20
15964.56;0.01;20
15965.6;0.01;20
15966.64;0.01;20
15967.69;0.01;20
15968.73;0.01;20
15969.78;0.01;20
15970.82;0.01;20
15971.87;0.01;20
15972.91;0.01;20
15973.96;0.01;20
15975;0.01;20
15976.04;0.01;20
15977.09;0.01;20
15978.13;0.01;20
15979.18;0.01;20
15980.22;0.01;20
15981.27;0.01;20
15982.31;0.01;20
15983.36;0.01;20
15984.4;0.01;20
15985.44;0.01;20
15986.49;0.01;20
15987.53;0.01;20
15988.58;0.01;20
15989.62;0.01;20
15990.67;0.01;20
15991.71;0.01;20
15992.76;0.01;20
15993.8;0.01;20
15994.84;0.01;20
15995.89;0.01;20
15996.93;0.01;20
15997.98;0.01;20
15999.02;0.01;20
16000.07;0.01;20
16001.11;0.01;20
16002.16;0.01;20
16003.2;0.01;20
16004.24;0.01;20
16005.29;0.01;20
16006.33;0.01;20
16007.38;0.01;20
16008.42;0.01;20
16009.47;0.01;20
16010.51;0.01;20
16011.56;0.01;20
16012.6;0.01;20
16013.64;0.01;20
16014.69;0.01;20
16015.73;0.01;20
16016.78;0.01;20
16017.82;0.01;20
16018.87;0.01;20
16019.91;0.01;20
16020.96;0.01;20
16022;0.01;20
16023.04;0.01;20
16024.09;0.01;20
16025.13;0.01;20
16026.18;0.01;20
16027.22;0.01;20
16028.27;0.01;20
16029.31;0.01;20
16030.36;0.01;20
16031.4;0.01;20
16032.44;0.01;20
16033.49;0.01;20
16034.53;0.01;20
16035.58;0.01;20
16036.62;0.01;20
16037.67;0.01;20
16038.71;0.01;20
16039.76;0.01;20
16040.8;0.01;20
16041.84;0.01;20
16042.89;0.01;20
16043.93;0.01;20
16044.98;0.01;20
16046.02;0.01;20
16047.07;0.01;20
16048.11;0.01;20
16049.16;0.01;20
16050.2;0.01;20
16051.24;0.01;20
16052.29;0.01;20
16053.33;0.01;20
16054.38;0.01;20
16055.42;0.01;20
16056.47;0.01;20
16057.51;0.01;20
16058.56;0.01;20
16059.6;0.01;20
16060.64;0.01;20
16061.69;0.01;20
16062.73;0.01;20
16063.78;0.01;20
16064.82;0.01;20
16065.87;0.01;20
16066.91;0.01;20
16067.96;0.01;20
16069;0.01;20
16070.04;0.01;20
16071.09;0.01;20
16072.13;0.01;20
16073.18;0.01;20
16074.22;0.01;20
16075.27;0.01;20
16076.31;0.01;20
16077.36;0.01;20
16078.4;0.01;20
16079.44;0.01;20
16080.49;0.01;20
16081.53;0.01;20
16082.58;0.01;20
16083.62;0.01;20
16084.67;0.01;20
16085.71;0.01;20
16086.76;0.01;20
16087.8;0.01;20
16088.84;0.01;20
16089.89;0.01;20
16090.93;0.01;20
16091.98;0.01;20
16093.02;0.01;20
16094.07;0.01;20
16095.11;0.01;20
16096.16;0.01;20
16097.2;0.01;20
16098.24;0.01;20
16099.29;0.01;20
16100.33;0.01;20
16101.38;0.01;20
16102.42;0.01;20
16103.47;0.01;20
16104.51;0.01;20
16105.56;0.01;20
16106.6;0.01;20
16107.64;0.01;20
16108.69;0.01;20
16109.73;0.01;20
16110.78;0.01;20
16111.82;0.01;20
16112.87;0.01;20
16113.91;0.01;20
16114.96;0.01;20
16116;0.01;20
16117.04;0.01;20
16118.09;0.01;20
16119.13;0.01;20
16120.18;0.01;20
16121.22;0.01;20
16122.27;0.01;20
16123.31;0.01;20
16124.36;0.01;20
16125.4;0.01;20
16126.44;0.01;20
16127.49;0.01;20
16128.53;0.01;20
16129.58;0.01;20
16130.62;0.01;20
16131.67;0.01;20
16132.71;0.01;20
16133.76;0.01;20
16134.8;0.01;20
16135.84;0.01;20
16136.89;0.01;20
16137.93;0.01;20
16138.98;0.01;20
16140;0.01;20
16141.04;0.01;20
16142.09;0.01;20
16143.13;0.01;20
16144.18;0.01;20
16145.22;0.01;20
16146.27;0.01;20
16147.31;0.01;20
16148.36;0.01;20
16149.4;0.01;20
16150.44;0.01;20
16151.49;0.01;20
16152.53;0.01;20
16153.58;0.01;20
16154.62;0.01;20
16155.67;0.01;20
16156.71;0.01;20
16157.76;0.01;20
16158.8;0.01;20
16159.84;0.01;20
16160.89;0.01;20
16161.93;0.01;20
16162.98;0.01;20
16164.02;0.01;20
16165.07;0.01;20
16166.11;0.01;20
16167.16;0.01;20
16168.2;0.01;20
16169.24;0.01;20
16170.29;0.01;20
16171.33;0.01;20
16172.38;0.01;20
16173.42;0.01;20
16174.47;0.01;20
16175.51;0.01;20
16176.56;0.01;20
16177.6;0.01;20
16178.64;0.01;20
16179.69;0.01;20
16180.73;0.01;20
16181.78;0.01;20
16182.82;0.01;20
16183.87;0.01;20
16184.91;0.01;20
16185.96;0.01;20
16187;0.01;20
16188.04;0.01;20
16189.09;0.01;20
16190.13;0.01;20
16191.18;0.01;20
16192.22;0.01;20
16193.27;0.01;20
16194.31;0.01;20
16195.36;0.01;20
16196.4;0.01;20
16197.44;0.01;20
16198.49;0.01;20
16199.53;0.01;20
16200.58;0.01;20
16201.62;0.01;20
16202.67;0.01;20
16203.71;0.01;20
16204.76;0.01;20
16205.8;0.01;20
16206.84;0.01;20
16207.89;0.01;20
16208.93;0.01;20
16209.98;0.01;20
16211.02;0.01;20
16212.07;0.01;20
16213.11;0.01;20
16214.16;0.01;20
16215.2;0.01;20
16216.24;0.01;20
16217.29;0.01;20
16218.33;0.01;20
16219.38;0.01;20
16220.42;0.01;20
16221.47;0.01;20
16222.51;0.01;20
16223.56;0.01;20
16224.6;0.01;20
16225.64;0.01;20
16226.69;0.01;20
16227.73;0.01;20
16228.78;0.01;20
16229.82;0.01;20
16230.87;0.01;20
16231.91;0.01;20
16232.96;0.01;20
16234;0.01;20
16235.04;0.01;20
16236.09;0.01;20
16237.13;0.01;20
16238.18;0.01;20
16239.22;0.01;20
16240.27;0.01;20
16241.31;0.01;20
16242.36;0.01;20
16243.4;0.01;20
16244.44;0.01;20
16245.49;0.01;20
16246.53;0.01;20
16247.58;0.01;20
16248.62;0.01;20
16249.67;0.01;20
16250.71;0.01;20
16251.76;0.01;20
16252.8;0.01;20
16253.84;0.01;20
16254.89;0.01;20
16255.93;0.01;20
16256.98;0.01;20
16258.02;0.01;20
16259.07;0.01;20
16260.11;0.01;20
16261.16;0.01;20
16262.2;0.01;20
16263.24;0.01;20
16264.29;0.01;20
16265.33;0.01;20
16266.38;0.01;20
16267.42;0.01;20
16268.47;0.01;20
16269.51;0.01;20
16270.56;0.01;20
16271.6;0.01;20
16272.64;0.01;20
16273.69;0.01;20
16274.73;0.01;20
16275.78;0.01;20
16276.82;0.01;20
16277.87;0.01;20
16278.91;0.01;20
16279.96;0.01;20
16281;0.01;20
16282.04;0.01;20
16283.09;0.01;20
16284.13;0.01;20
16285.18;0.01;20
16286.22;0.01;20
16287.27;0.01;20
16288.31;0.01;20
16289.36;0.01;20
16290.4;0.01;20
16291.44;0.01;20
16292.49;0.01;20
16293.53;0.01;20
16294.58;0.01;20
16295.62;0.01;20
16296.67;0.01;20
16297.71;0.01;20
16298.76;0.01;20
16299.8;0.01;20
16300.84;0.01;20
16301.89;0.01;20
16302.93;0.01;20
16303.98;0.01;20
16305.02;0.01;20
16306.07;0.01;20
16307.11;0.01;20
16308.16;0.01;20
16309.2;0.01;20
16310.24;0.01;20
16311.29;0.01;20
16312.33;0.01;20
16313.38;0.01;20
16314.42;0.01;20
16315.47;0.01;20
16316.51;0.01;20
16317.56;0.01;20
16318.6;0.01;20
16319.64;0.01;20
16320.69;0.01;20
16321.73;0.01;20
16322.78;0.01;20
16323.82;0.01;20
16324.87;0.01;20
16325.91;0.01;20
16326.96;0.01;20
16328;0.01;20
16329.04;0.01;20
16330.09;0.01;20
16331.13;0.01;20
16332.18;0.01;20
16333.22;0.01;20
16334.27;0.01;20
16335.31;0.01;20
16336.36;0.01;20
16337.4;0.01;20
16338.44;0.01;20
16339.49;0.01;20
16340.53;0.01;20
16341.58;0.01;20
16342.62;0.01;20
16343.67;0.01;20
16344.71;0.01;20
16345.76;0.01;20
16346.8;0.01;20
16347.84;0.01;20
16348.89;0.01;20
16349.93;0.01;20
16350.98;0.01;20
16352.02;0.01;20
16353.07;0.01;20
16354.11;0.01;20
16355.16;0.01;20
16356.2;0.01;20
16357.24;0.01;20
16358.29;0.01;20
16359.33;0.01;20
16360.38;0.01;20
16361.42;0.01;20
16362.47;0.01;20
16363.51;0.01;20
16364.56;0.01;20
16365.6;0.01;20
16366.64;0.01;20
16367.69;0.01;20
16368.73;0.01;20
16369.78;0.01;20
16370.82;0.01;20
16371.87;0.01;20
16372.91;0.01;20
16373.96;0.01;20
16375;0.01;20
16376.04;0.01;20
16377.09;0.01;20
16378.13;0.01;20
16379.18;0.01;20
16380.22;0.01;20
16381.27;0.01;20
16382.31;0.01;20
16383.36;0.01;20
16384.4;0.01;20
16385.44;0.01;20
16386.49;0.01;20
16387.53;0.01;20
16388.58;0.01;20
16389.62;0.01;20
16390.67;0.01;20
16391.71;0.01;20
16392.76;0.01;20
16393.8;0.01;20
16394.84;0.01;20
16395.89;0.01;20
16396.93;0.01;20
16397.98;0.01;20
16399.02;0.01;20
16400.07;0.01;20
16401.11;0.01;20
16402.16;0.01;20
16403.2;0.01;20
16404.24;0.01;20
16405.29;0.01;20
16406.33;0.01;20
16407.38;0.01;20
16408.42;0.01;20
16409.47;0.01;20
16410.51;0.01;20
16411.56;0.01;20
16412.6;0.01;20
16413.64;0.01;20
16414.69;0.01;20
16415.73;0.01;20
16416.78;0.01;20
16417.82;0.01;20
16418.87;0.01;20
16419.91;0.01;20
16420.96;0.01;20
16422;0.01;20
16423.04;0.01;20
16424.09;0.01;20
16425.13;0.01;20
16426.18;0.01;20
16427.22;0.01;20
16428.27;0.01;20
16429.31;0.01;20
16430.36;0.01;20
16431.4;0.01;20
16432.44;0.01;20
16433.49;0.01;20
16434.53;0.01;20
16435.58;0.01;20
16436.62;0.01;20
16437.67;0.01;20
16438.71;0.01;20
16439.76;0.01;20
16440.8;0.01;20
16441.84;0.01;20
16442.89;0.01;20
16443.93;0.01;20
16444.98;0.01;20
16446.02;0.01;20
16447.07;0.01;20
16448.11;0.01;20
16449.16;0.01;20
16450.2;0.01;20
16451.24;0.01;20
16452.29;0.01;20
16453.33;0.01;20
16454.38;0.01;20
16455.42;0.01;20
16456.47;0.01;20
16457.51;0.01;20
16458.56;0.01;20
16459.6;0.01;20
16460.64;0.01;20
16461.69;0.01;20
16462.73;0.01;20
16463.78;0.01;20
16464.82;0.01;20
16465.87;0.01;20
16466.91;0.01;20
16467.96;0.01;20
16469;0.01;20
16470.04;0.01;20
16471.09;0.01;20
16472.13;0.01;20
16473.18;0.01;20
16474.22;0.01;20
16475.27;0.01;20
16476.31;0.01;20
16477.36;0.01;20
16478.4;0.01;20
16479.44;0.01;20
16480.49;0.01;20
16481.53;0.01;20
16482.58;0.01;20
16483.62;0.01;20
16484.67;0.01;20
16485.71;0.01;20
16486.76;0.01;20
16487.8;0.01;20
16488.84;0.01;20
16489.89;0.01;20
16490.93;0.01;20
16491.98;0.01;20
16493.02;0.01;20
16494.07;0.01;20
16495.11;0.01;20
16496.16;0.01;20
16497.2;0.01;20
16498.24;0.01;20
16499.29;0.01;20
16500.33;0.01;20
16501.38;0.01;20
16502.42;0.01;20
16503.47;0.01;20
16504.51;0.01;20
16505.56;0.01;20
16506.6;0.02;20
16507.64;0.01;20
16508.67;0.01;20
16509.71;0.01;20
16510.76;0.01;20
16511.8;0.01;20
16512.84;0.01;20
16513.89;0.01;20
16514.93;0.01;20
16515.98;0.01;20
16517.02;0.01;20
16518.07;0.01;20
16519.11;0.01;20
16520.16;0.01;20
16521.2;0.01;20
16522.24;0.01;20
16523.29;0.01;20
16524.33;0.01;20
16525.38;0.01;20
16526.42;0.01;20
16527.47;0.01;20
16528.51;0.01;20
16529.56;0.01;20
16530.6;0.01;20
16531.64;0.01;20
16532.69;0.01;20
16533.73;0.01;20
16534.78;0.01;20
16535.82;0.01;20
16536.87;0.01;20
16537.91;0.01;20
16538.96;0.01;20
16540;0.01;20
16541.04;0.01;20
16542.09;0.01;20
16543.13;0.01;20
16544.18;0.01;20
16545.22;0.01;20
16546.27;0.01;20
16547.31;0.01;20
16548.36;0.01;20
16549.4;0.01;20
16550.44;0.01;20
16551.49;0.01;20
16552.53;0.01;20
16553.58;0.01;20
16554.62;0.01;20
16555.67;0.01;20
16556.71;0.01;20
16557.76;0.01;20
16558.8;0.01;20
16559.84;0.01;20
16560.89;0.01;20
16561.93;0.01;20
16562.98;0.01;20
16564.02;0.01;20
16565.07;0.01;20
16566.11;0.01;20
16567.16;0.01;20
16568.2;0.01;20
16569.24;0.01;20
16570.29;0.01;20
16571.33;0.01;20
16572.38;0.01;20
16573.42;0.01;20
16574.47;0.01;20
16575.51;0.01;20
16576.56;0.01;20
16577.6;0.01;20
16578.64;0.01;20
16579.69;0.01;20
16580.73;0.01;20
16581.78;0.01;20
16582.82;0.01;20
16583.87;0.01;20
16584.91;0.01;20
16585.96;0.01;20
16587;0.01;20
16588.04;0.01;20
16589.09;0.01;20
16590.13;0.01;20
16591.18;0.01;20
16592.22;0.01;20
16593.27;0.01;20
16594.31;0.01;20
16595.36;0.01;20
16596.4;0.01;20
16597.44;0.01;20
16598.49;0.01;20
16599.53;0.01;20
16600.58;0.01;20
16601.62;0.01;20
16602.67;0.01;20
16603.71;0.01;20
16604.76;0.01;20
16605.8;0.01;20
16606.84;0.01;20
16607.89;0.01;20
16608.93;0.01;20
16609.98;0.01;20
16611.02;0.01;20
16612.07;0.01;20
16613.11;0.01;20
16614.16;0.01;20
16615.2;0.01;20
16616.24;0.01;20
16617.29;0.01;20
16618.33;0.01;20
16619.38;0.01;20
16620.42;0.01;20
16621.47;0.01;20
16622.51;0.01;20
16623.56;0.01;20
16624.6;0.01;20
16625.64;0.01;20
16626.69;0.01;20
16627.73;0.01;20
16628.73;0.01;20
16629.82;0.01;20
16630.87;0.01;20
16631.91;0.01;20
16632.96;0.01;20
16634;0.01;20
16635.04;0.01;20
16636.09;0.01;20
16637.13;0.01;20
16638.18;0.01;20
16639.22;0.01;20
16640.27;0.01;20
16641.31;0.01;20
16642.36;0.01;20
16643.4;0.01;20
16644.44;0.01;20
16645.49;0.01;20
16646.53;0.01;20
16647.58;0.01;20
16648.62;0.01;20
16649.67;0.01;20
16650.71;0.01;20
16651.76;0.01;20
16652.8;0.01;20
16653.84;0.01;20
16654.89;0.01;20
16655.93;0.01;20
16656.98;0.01;20
16658.02;0.01;20
16659.07;0.01;20
16660.11;0.01;20
16661.16;0.01;20
16662.2;0.01;20
16663.24;0.01;20
16664.29;0.01;20
16665.33;0.01;20
16666.38;0.01;20
16667.42;0.01;20
16668.47;0.01;20
16669.51;0.01;20
16670.56;0.01;20
16671.6;0.01;20
16672.64;0.01;20
16673.69;0.01;20
16674.73;0.01;20
16675.78;0.01;20
16676.82;0.02;20
16677.87;0.02;20
16678.91;0.02;20
16679.96;0.01;20
16681;0.01;20
16682.04;0.01;20
16683.09;0.01;20
16684.13;0.01;20
16685.18;0.01;20
16686.22;0.01;20
16687.27;0.01;20
16688.31;0.01;20
16689.36;0.01;20
16690.4;0.01;20
16691.44;0.01;20
16692.49;0.01;20
16693.53;0.01;20
16694.58;0.01;20
16695.62;0.01;20
16696.67;0.01;20
16697.71;0.01;20
16698.76;0.01;20
16699.8;0.01;20
16700.84;0.01;20
16701.89;0.01;20
16702.93;0.01;20
16703.98;0.01;20
16705.02;0.01;20
16706.07;0.01;20
16707.11;0.01;20
16708.16;0.01;20
16709.2;0.01;20
16710.24;0.01;20
16711.29;0.01;20
16712.33;0.01;20
16713.38;0.01;20
16714.42;0.01;20
16715.47;0.01;20
16716.51;0.01;20
16717.56;0.01;20
16718.6;0.01;20
16719.64;0.01;20
16720.69;0.01;20
16721.73;0.01;20
16722.78;0.01;20
16723.82;0.01;20
16724.87;0.01;20
16725.91;0.01;20
16726.96;0.01;20
16728;0.01;20
16729.04;0.01;20
16730.09;0.01;20
16731.13;0.01;20
16732.18;0.01;20
16733.22;0.01;20
16734.27;0.01;20
16735.31;0.01;20
16736.36;0.01;20
16737.4;0.01;20
16738.44;0.01;20
16739.49;0.01;20
16740.53;0.01;20
16741.58;0.01;20
16742.62;0.01;20
16743.67;0.01;20
16744.71;0.01;20
16745.76;0.01;20
16746.8;0.01;20
16747.84;0.01;20
16748.89;0.01;20
16749.93;0.01;20
16750.98;0.01;20
16752.02;0.01;20
16753.07;0.01;20
16754.11;0.01;20
16755.16;0.01;20
16756.2;0.01;20
16757.24;0.01;20
16758.29;0.01;20
16759.33;0.01;20
16760.38;0.01;20
16761.42;0.01;20
16762.47;0.01;20
16763.51;0.01;20
16764.56;0.01;20
16765.6;0.01;20
16766.64;0.01;20
16767.69;0.01;20
16768.73;0.01;20
16769.78;0.01;20
16770.82;0.01;20
16771.87;0.01;20
16772.91;0.01;20
16773.96;0.01;20
16775;0.01;20
16776.04;0.01;20
16777.09;0.01;20
16778.13;0.01;20
16779.18;0.01;20
16780.22;0.01;20
16781.27;0.01;20
16782.31;0.01;20
16783.36;0.01;20
16784.4;0.01;20
16785.44;0.01;20
16786.49;0.01;20
16787.53;0.01;20
16788.58;0.01;20
16789.62;0.01;20
16790.67;0.01;20
16791.71;0.01;20
16792.76;0.01;20
16793.8;0.01;20
16794.84;0.01;20
16795.89;0.01;20
16796.93;0.01;20
16797.98;0.01;20
16799.02;0.01;20
16800.07;0.01;20
16801.11;0.01;20
16802.16;0.01;20
16803.2;0.01;20
16804.24;0.01;20
16805.29;0.01;20
16806.33;0.01;20
16807.38;0.01;20
16808.42;0.01;20
16809.47;0.01;20
16810.51;0.01;20
16811.56;0.01;20
16812.6;0.01;20
16813.64;0.01;20
16814.69;0.01;20
16815.73;0.01;20
16816.78;0.01;20
16817.82;0.01;20
16818.87;0.01;20
16819.91;0.01;20
16820.96;0.01;20
16822;0.01;20
16823.04;0.01;20
16824.09;0.01;20
16825.13;0.01;20
16826.18;0.01;20
16827.22;0.01;20
16828.27;0.01;20
16829.31;0.01;20
16830.36;0.01;20
16831.4;0.01;20
16832.44;0.01;20
16833.49;0.01;20
16834.53;0.01;20
16835.58;0.01;20
16836.62;0.01;20
16837.67;0.01;20
16838.71;0.01;20
16839.76;0.01;20
16840.8;0.01;20
16841.84;0.01;20
16842.89;0.01;20
16843.93;0.01;20
16844.98;0.01;20
16846.02;0.01;20
16847.07;0.01;20
16848.11;0.01;20
16849.16;0.01;20
16850.2;0.01;20
16851.24;0.01;20
16852.29;0.01;20
16853.33;0.01;20
16854.38;0.01;20
16855.42;0.01;20
16856.47;0.01;20
16857.51;0.01;20
16858.56;0.01;20
16859.6;0.01;20
16860.64;0.01;20
16861.69;0.01;20
16862.73;0.01;20
16863.78;0.01;20
16864.82;0.01;20
16865.87;0.01;20
16866.91;0.01;20
16867.96;0.01;20
16869;0.01;20
16870.04;0.01;20
16871.09;0.01;20
16872.13;0.01;20
16873.18;0.01;20
16874.22;0.01;20
16875.27;0.01;20
16876.31;0.01;20
16877.36;0.01;20
16878.4;0.01;20
16879.44;0.01;20
16880.49;0.01;20
16881.53;0.01;20
16882.58;0.01;20
16883.62;0.01;20
16884.67;0.01;20
16885.71;0.01;20
16886.76;0.01;20
16887.8;0.01;20
16888.84;0.01;20
16889.89;0.01;20
16890.93;0.01;20
16891.98;0.01;20
16893.02;0.01;20
16894.07;0.01;20
16895.11;0.01;20
16896.16;0.01;20
16897.2;0.01;20
16898.24;0.01;20
16899.29;0.01;20
16900.33;0.01;20
16901.38;0.01;20
16902.42;0.01;20
16903.47;0.01;20
16904.51;0.01;20
16905.56;0.01;20
16906.6;0.01;20
16907.64;0.01;20
16908.69;0.01;20
16909.73;0.01;20
16910.78;0.01;20
16911.82;0.01;20
16912.87;0.01;20
16913.91;0.01;20
16914.96;0.01;20
16916;0.01;20
16917.04;0.01;20
16918.09;0.01;20
16919.13;0.01;20
16920.18;0.01;20
16921.22;0.01;20
16922.27;0.01;20
16923.31;0.01;20
16924.36;0.01;20
16925.4;0.01;20
16926.44;0.01;20
16927.49;0.01;20
16928.53;0.01;20
16929.58;0.01;20
16930.62;0.01;20
16931.67;0.01;20
16932.71;0.01;20
16933.76;0.01;20
16934.8;0.01;20
16935.84;0.01;20
16936.89;0.01;20
16937.93;0.01;20
16938.98;0.01;20
16940;0.01;20
16941.04;0.01;20
16942.09;0.01;20
16943.13;0.01;20
16944.18;0.01;20
16945.22;0.01;20
16946.27;0.01;20
16947.31;0.01;20
16948.36;0.01;20
16949.4;0.01;20
16950.44;0.01;20
16951.49;0.01;20
16952.53;0.01;20
16953.58;0.01;20
16954.62;0.01;20
16955.67;0.01;20
16956.71;0.01;20
16957.76;0.01;20
16958.8;0.01;20
16959.84;0.01;20
16960.89;0.01;20
16961.93;0.01;20
16962.98;0.01;20
16964.02;0.01;20
16965.07;0.01;20
16966.11;0.01;20
16967.16;0.01;20
16968.2;0.01;20
16969.24;0.01;20
16970.29;0.01;20
16971.33;0.01;20
16972.38;0.01;20
16973.42;0.01;20
16974.47;0.01;20
16975.51;0.01;20
16976.56;0.01;20
16977.6;0.01;20
16978.64;0.01;20
16979.69;0.01;20
16980.73;0.01;20
16981.78;0.01;20
16982.82;0.01;20
16983.87;0.01;20
16984.91;0.01;20
16985.96;0.01;20
16987;0.01;20
16988.04;0.01;20
16989.09;0.01;20
16990.13;0.01;20
16991.18;0.01;20
16992.22;0.01;20
16993.27;0.01;20
16994.31;0.01;20
16995.36;0.01;20
16996.4;0.01;20
16997.44;0.01;20
16998.49;0.01;20
16999.53;0.01;20
17000.58;0.01;20
17001.62;0.01;20
17002.67;0.01;20
17003.71;0.01;20
17004.76;0.01;20
17005.8;0.01;20
17006.84;0.01;20
17007.89;0.01;20
17008.93;0.01;20
17009.98;0.01;20
17011.02;0.01;20
17012.07;0.01;20
17013.11;0.01;20
17014.16;0.01;20
17015.2;0.01;20
17016.24;0.01;20
17017.29;0.01;20
17018.33;0.01;20
17019.38;0.01;20
17020.42;0.01;20
17021.47;0.01;20
17022.51;0.01;20
17023.56;0.01;20
17024.6;0.01;20
17025.64;0.01;20
17026.69;0.01;20
17027.73;0.01;20
17028.78;0.01;20
17029.82;0.01;20
17030.87;0.01;20
17031.91;0.01;20
17032.96;0.01;20
17034;0.01;20
17035.04;0.01;20
17036.09;0.01;20
17037.13;0.01;20
17038.18;0.01;20
17039.22;0.01;20
17040.27;0.01;20
17041.31;0.01;20
17042.36;0.01;20
17043.4;0.01;20
17044.44;0.01;20
17045.49;0.01;20
17046.53;0.01;20
17047.58;0.01;20
17048.62;0.01;20
17049.67;0.01;20
17050.71;0.01;20
17051.76;0.01;20
17052.8;0.01;20
17053.84;0.01;20
17054.89;0.01;20
17055.93;0.01;20
17056.98;0.01;20
17058.02;0.01;20
17059.07;0.01;20
17060.11;0.01;20
17061.16;0.01;20
17062.2;0.01;20
17063.24;0.01;20
17064.29;0.01;20
17065.33;0.01;20
17066.38;0.01;20
17067.42;0.01;20
17068.47;0.01;20
17069.51;0.01;20
17070.56;0.01;20
17071.6;0.01;20
17072.64;0.01;20
17073.69;0.01;20
17074.73;0.01;20
17075.78;0.01;20
17076.82;0.01;20
17077.87;0.01;20
17078.91;0.01;20
17079.96;0.01;20
17081;0.01;20
17082.04;0.01;20
17083.09;0.01;20
17084.13;0.01;20
17085.18;0.01;20
17086.22;0.01;20
17087.27;0.01;20
17088.31;0.01;20
17089.36;0.01;20
17090.4;0.01;20
17091.44;0.01;20
17092.49;0.01;20
17093.53;0.01;20
17094.58;0.01;20
17095.62;0.01;20
17096.67;0.01;20
17097.71;0.01;20
17098.76;0.01;20
17099.8;0.01;20
17100.84;0.01;20
17101.89;0.01;20
17102.93;0.01;20
17103.98;0.01;20
17105.02;0.01;20
17106.07;0.01;20
17107.11;0.01;20
17108.16;0.01;20
17109.2;0.01;20
17110.24;0.01;20
17111.29;0.01;20
17112.33;0.01;20
17113.38;0.01;20
17114.42;0.01;20
17115.47;0.01;20
17116.51;0.01;20
17117.56;0.01;20
17118.6;0.01;20
17119.64;0.01;20
17120.69;0.01;20
17121.73;0.01;20
17122.78;0.01;20
17123.82;0.01;20
17124.87;0.01;20
17125.91;0.01;20
17126.96;0.01;20
17128;0.01;20
17129.04;0.01;20
17130.09;0.01;20
17131.13;0.01;20
17132.18;0.01;20
17133.22;0.01;20
17134.27;0.01;20
17135.31;0.01;20
17136.36;0.01;20
17137.4;0.01;20
17138.44;0.01;20
17139.49;0.01;20
17140.53;0.01;20
17141.58;0.01;20
17142.62;0.01;20
17143.67;0.01;20
17144.71;0.01;20
17145.76;0.01;20
17146.8;0.01;20
17147.84;0.01;20
17148.89;0.01;20
17149.93;0.01;20
17150.98;0.01;20
17152.02;0.01;20
17153.07;0.01;20
17154.11;0.01;20
17155.16;0.01;20
17156.2;0.01;20
17157.24;0.01;20
17158.29;0.01;20
17159.33;0.01;20
17160.38;0.01;20
17161.42;0.01;20
17162.47;0.01;20
17163.51;0.01;20
17164.56;0.01;20
17165.6;0.01;20
17166.64;0.01;20
17167.69;0.01;20
17168.73;0.01;20
17169.78;0.01;20
17170.82;0.01;20
17171.87;0.01;20
17172.91;0.01;20
17173.96;0.01;20
17175;0.01;20
17176.04;0.01;20
17177.09;0.01;20
17178.13;0.01;20
17179.18;0.01;20
17180.22;0.01;20
17181.27;0.01;20
17182.31;0.01;20
17183.36;0.01;20
17184.4;0.01;20
17185.44;0.01;20
17186.49;0.01;20
17187.53;0.01;20
17188.58;0.01;20
17189.62;0.01;20
17190.67;0.01;20
17191.71;0.01;20
17192.76;0.01;20
17193.8;0.01;20
17194.84;0.01;20
17195.89;0.01;20
17196.93;0.01;20
17197.98;0.01;20
17199.02;0.01;20
17200.07;0.01;20
17201.11;0.01;20
17202.16;0.01;20
17203.2;0.01;20
17204.24;0.01;20
17205.29;0.01;20
17206.33;0.01;20
17207.38;0.01;20
17208.42;0.01;20
17209.47;0.01;20
17210.51;0.01;20
17211.56;0.01;20
17212.6;0.01;20
17213.64;0.01;20
17214.69;0.01;20
17215.73;0.01;20
17216.78;0.01;20
17217.82;0.01;20
17218.87;0.01;20
17219.91;0.01;20
17220.96;0.01;20
17222;0.01;20
17223.04;0.01;20
17224.09;0.01;20
17225.13;0.01;20
17226.18;0.01;20
17227.22;0.01;20
17228.27;0.01;20
17229.31;0.01;20
17230.36;0.01;20
17231.4;0.01;20
17232.44;0.01;20
17233.49;0.01;20
17234.53;0.01;20
17235.58;0.01;20
17236.62;0.01;20
17237.67;0.01;20
17238.71;0.01;20
17239.76;0.01;20
17240.8;0.01;20
17241.84;0.01;20
17242.89;0.01;20
17243.93;0.01;20
17244.98;0.01;20
17246.02;0.01;20
17247.07;0.01;20
17248.11;0.01;20
17249.16;0.01;20
17250.2;0.01;20
17251.24;0.01;20
17252.29;0.01;20
17253.33;0.01;20
17254.38;0.01;20
17255.42;0.01;20
17256.47;0.01;20
17257.51;0.01;20
17258.56;0.01;20
17259.6;0.01;20
17260.64;0.01;20
17261.69;0.01;20
17262.73;0.01;20
17263.78;0.01;20
17264.82;0.01;20
17265.87;0.01;20
17266.91;0.01;20
17267.96;0.01;20
17269;0.01;20
17270.04;0.01;20
17271.09;0.01;20
17272.13;0.01;20
17273.18;0.01;20
17274.22;0.01;20
17275.27;0.01;20
17276.31;0.01;20
17277.36;0.01;20
17278.4;0.01;20
17279.44;0.01;20
17280.49;0.01;20
17281.53;0.01;20
17282.58;0.01;20
17283.62;0.01;20
17284.67;0.01;20
17285.71;0.01;20
17286.76;0.01;20
17287.8;0.01;20
17288.84;0.01;20
17289.89;0.01;20
17290.93;0.01;20
17291.98;0.01;20
17293.02;0.01;20
17294.07;0.01;20
17295.11;0.01;20
17296.16;0.01;20
17297.2;0.01;20
17298.24;0.01;20
17299.29;0.01;20
17300.33;0.01;20
17301.38;0.01;20
17302.42;0.01;20
17303.47;0.01;20
17304.51;0.01;20
17305.56;0.01;20
17306.6;0.01;20
17307.64;0.01;20
17308.69;0.01;20
17309.73;0.01;20
17310.78;0.01;20
17311.82;0.01;20
17312.87;0.01;20
17313.91;0.01;20
17314.96;0.01;20
17316;0.01;20
17317.04;0.01;20
17318.09;0.01;20
17319.11;0.01;20
17320.16;0.01;20
17321.2;0.01;20
17322.24;0.01;20
17323.29;0.01;20
17324.33;0.01;20
17325.38;0.01;20
17326.42;0.01;20
17327.47;0.01;20
17328.51;0.01;20
17329.56;0.01;20
17330.6;0.01;20
17331.64;0.01;20
17332.69;0.01;20
17333.73;0.01;20
17334.78;0.01;20
17335.82;0.01;20
17336.87;0.01;20
17337.91;0.01;20
17338.96;0.01;20
17340;0.01;20
17341.04;0.01;20
17342.09;0.01;20
17343.13;0.01;20
17344.18;0.01;20
17345.22;0.01;20
17346.27;0.01;20
17347.31;0.01;20
17348.36;0.01;20
17349.4;0.01;20
17350.44;0.01;20
17351.49;0.01;20
17352.53;0.01;20
17353.58;0.01;20
17354.62;0.01;20
17355.67;0.01;20
17356.71;0.01;20
17357.76;0.01;20
17358.8;0.01;20
17359.84;0.01;20
17360.89;0.01;20
17361.93;0.01;20
17362.98;0.01;20
17364.02;0.01;20
17365.07;0.01;20
17366.11;0.01;20
17367.16;0.01;20
17368.2;0.01;20
17369.24;0.01;20
17370.29;0.01;20
17371.33;0.01;20
17372.38;0.01;20
17373.42;0.01;20
17374.47;0.01;20
17375.51;0.01;20
17376.56;0.01;20
17377.6;0.01;20
17378.64;0.01;20
17379.69;0.01;20
17380.73;0.01;20
17381.78;0.01;20
17382.82;0.01;20
17383.87;0.01;20
17384.91;0.01;20
17385.96;0.01;20
17387;0.01;20
17388.04;0.01;20
17389.09;0.01;20
17390.13;0.01;20
17391.18;0.01;20
17392.22;0.01;20
17393.27;0.01;20
17394.31;0.01;20
17395.36;0.01;20
17396.4;0.01;20
17397.44;0.01;20
17398.49;0.01;20
17399.53;0.01;20
17400.58;0.01;20
17401.62;0.01;20
17402.67;0.01;20
17403.71;0.01;20
17404.76;0.01;20
17405.8;0.01;20
17406.84;0.01;20
17407.89;0.01;20
17408.93;0.01;20
17409.98;0.01;20
17411.02;0.01;20
17412.07;0.01;20
17413.11;0.01;20
17414.16;0.01;20
17415.2;0.01;20
17416.24;0.01;20
17417.29;0.01;20
17418.33;0.01;20
17419.38;0.01;20
17420.42;0.01;20
17421.47;0.01;20
17422.51;0.01;20
17423.56;0.01;20
17424.6;0.01;20
17425.64;0.01;20
17426.69;0.01;20
17427.73;0.01;20
17428.78;0.01;20
17429.82;0.01;20
17430.87;0.01;20
17431.91;0.01;20
17432.96;0.01;20
17434;0.01;20
17435.04;0.01;20
17436.09;0.01;20
17437.13;0.01;20
17438.18;0.01;20
17439.18;0.01;20
17440.27;0.01;20
17441.31;0.01;20
17442.36;0.01;20
17443.4;0.01;20
17444.44;0.01;20
17445.49;0.01;20
17446.53;0.01;20
17447.58;0.01;20
17448.62;0.01;20
17449.67;0.01;20
17450.71;0.01;20
17451.76;0.01;20
17452.8;0.01;20
17453.84;0.01;20
17454.89;0.01;20
17455.93;0.01;20
17456.98;0.01;20
17458.02;0.01;20
17459.07;0.01;20
17460.11;0.01;20
17461.16;0.01;20
17462.2;0.01;20
17463.24;0.01;20
17464.29;0.01;20
17465.33;0.01;20
17466.38;0.01;20
17467.42;0.01;20
17468.47;0.01;20
17469.51;0.01;20
17470.56;0.01;20
17471.6;0.01;20
17472.64;0.01;20
17473.69;0.01;20
17474.73;0.01;20
17475.78;0.01;20
17476.82;0.01;20
17477.87;0.01;20
17478.91;0.01;20
17479.96;0.01;20
17481;0.01;20
17482.04;0.01;20
17483.09;0.01;20
17484.13;0.01;20
17485.18;0.01;20
17486.22;0.01;20
17487.27;0.01;20
17488.31;0.01;20
17489.36;0.01;20
17490.4;0.01;20
17491.44;0.01;20
17492.49;0.01;20
17493.53;0.01;20
17494.58;0.01;20
17495.62;0.01;20
17496.67;0.01;20
17497.71;0.01;20
17498.76;0.01;20
17499.8;0.01;20
17500.84;0.01;20
17501.89;0.01;20
17502.93;0.01;20
17503.98;0.01;20
17505.02;0.01;20
17506.07;0.01;20
17507.11;0.01;20
17508.16;0.01;20
17509.2;0.01;20
17510.24;0.01;20
17511.29;0.01;20
17512.33;0.01;20
17513.38;0.01;20
17514.42;0.01;20
17515.47;0.01;20
17516.51;0.01;20
17517.56;0.01;20
17518.6;0.01;20
17519.64;0.01;20
17520.69;0.01;20
17521.73;0.01;20
17522.78;0.01;20
17523.82;0.01;20
17524.87;0.01;20
17525.91;0.01;20
17526.96;0.01;20
17528;0.01;20
17529.04;0.01;20
17530.09;0.01;20
17531.13;0.01;20
17532.18;0.01;20
17533.22;0.01;20
17534.27;0.01;20
17535.31;0.01;20
17536.36;0.01;20
17537.4;0.01;20
17538.44;0.01;20
17539.49;0.01;20
17540.53;0.01;20
17541.58;0.01;20
17542.62;0.01;20
17543.67;0.01;20
17544.71;0.01;20
17545.76;0.01;20
17546.8;0.01;20
17547.84;0.01;20
17548.89;0.01;20
17549.93;0.01;20
17550.98;0.01;20
17552.02;0.01;20
17553.07;0.01;20
17554.11;0.01;20
17555.16;0.01;20
17556.2;0.01;20
17557.24;0.01;20
17558.29;0.01;20
17559.33;0.01;20
17560.38;0.01;20
17561.42;0.01;20
17562.47;0.01;20
17563.51;0.01;20
17564.56;0.01;20
17565.6;0.01;20
17566.64;0.01;20
17567.69;0.01;20
17568.73;0.01;20
17569.78;0.01;20
17570.82;0.01;20
17571.87;0.01;20
17572.91;0.01;20
17573.96;0.01;20
17575;0.01;20
17576.04;0.01;20
17577.09;0.01;20
17578.13;0.01;20
17579.18;0.01;20
17580.22;0.01;20
17581.27;0.01;20
17582.31;0.01;20
17583.36;0.01;20
17584.4;0.01;20
17585.44;0.01;20
17586.49;0.01;20
17587.53;0.01;20
17588.58;0.01;20
17589.62;0.01;20
17590.67;0.01;20
17591.71;0.01;20
17592.76;0.01;20
17593.8;0.01;20
17594.84;0.01;20
17595.89;0.01;20
17596.93;0.01;20
17597.98;0.01;20
17599.02;0.01;20
17600.07;0.01;20
17601.11;0.01;20
17602.16;0.01;20
17603.2;0.01;20
17604.24;0.01;20
17605.29;0.01;20
17606.33;0.01;20
17607.38;0.01;20
17608.42;0.01;20
17609.47;0.01;20
17610.51;0.01;20
17611.56;0.01;20
17612.6;0.01;20
17613.64;0.01;20
17614.69;0.01;20
17615.73;0.01;20
17616.78;0.01;20
17617.82;0.01;20
17618.87;0.01;20
17619.91;0.01;20
17620.96;0.01;20
17622;0.01;20
17623.04;0.01;20
17624.09;0.01;20
17625.13;0.01;20
17626.18;0.01;20
17627.22;0.01;20
17628.27;0.01;20
17629.31;0.01;20
17630.36;0.01;20
17631.4;0.01;20
17632.44;0.01;20
17633.49;0.01;20
17634.53;0.01;20
17635.58;0.01;20
17636.62;0.01;20
17637.67;0.01;20
17638.71;0.01;20
17639.76;0.01;20
17640.8;0.01;20
17641.84;0.01;20
17642.89;0.01;20
17643.93;0.01;20
17644.98;0.01;20
17646.02;0.01;20
17647.07;0.01;20
17648.11;0.01;20
17649.16;0.01;20
17650.2;0.01;20
17651.24;0.01;20
17652.29;0.01;20
17653.33;0.01;20
17654.38;0.01;20
17655.42;0.01;20
17656.47;0.01;20
17657.51;0.01;20
17658.56;0.01;20
17659.6;0.01;20
17660.64;0.01;20
17661.69;0.01;20
17662.73;0.01;20
17663.78;0.01;20
17664.82;0.01;20
17665.87;0.01;20
17666.91;0.01;20
17667.96;0.01;20
17669;0.01;20
17670.04;0.01;20
17671.09;0.01;20
17672.13;0.01;20
17673.18;0.01;20
17674.22;0.01;20
17675.27;0.01;20
17676.31;0.01;20
17677.36;0.01;20
17678.4;0.01;20
17679.44;0.01;20
17680.49;0.01;20
17681.53;0.01;20
17682.58;0.01;20
17683.62;0.01;20
17684.67;0.01;20
17685.71;0.01;20
17686.76;0.01;20
17687.8;0.01;20
17688.84;0.01;20
17689.89;0.01;20
17690.93;0.01;20
17691.98;0.01;20
17693.02;0.01;20
17694.07;0.01;20
17695.11;0.01;20
17696.16;0.01;20
17697.2;0.01;20
17698.24;0.01;20
17699.29;0.01;20
17700.33;0.01;20
17701.38;0.01;20
17702.42;0.01;20
17703.47;0.01;20
17704.51;0.01;20
17705.56;0.01;20
17706.6;0.01;20
17707.64;0.01;20
17708.69;0.01;20
17709.73;0.01;20
17710.78;0.01;20
17711.82;0.01;20
17712.87;0.01;20
17713.91;0.01;20
17714.96;0.01;20
17716;0.01;20
17717.04;0.01;20
17718.09;0.01;20
17719.13;0.01;20
17720.18;0.01;20
17721.22;0.01;20
17722.27;0.01;20
17723.31;0.01;20
17724.36;0.01;20
17725.4;0.01;20
17726.44;0.01;20
17727.49;0.01;20
17728.53;0.01;20
17729.58;0.01;20
17730.62;0.01;20
17731.67;0.01;20
17732.71;0.01;20
17733.76;0.01;20
17734.8;0.01;20
17735.84;0.01;20
17736.89;0.01;20
17737.93;0.01;20
17738.98;0.01;20
17740;0.01;20
17741.04;0.01;20
17742.09;0.01;20
17743.13;0.01;20
17744.18;0.01;20
17745.22;0.01;20
17746.27;0.01;20
17747.31;0.01;20
17748.36;0.01;20
17749.4;0.01;20
17750.44;0.01;20
17751.49;0.01;20
17752.53;0.01;20
17753.58;0.01;20
17754.62;0.01;20
17755.67;0.01;20
17756.71;0.01;20
17757.76;0.01;20
17758.8;0.01;20
17759.84;0.01;20
17760.89;0.01;20
17761.93;0.01;20
17762.98;0.01;20
17764.02;0.01;20
17765.07;0.01;20
17766.11;0.01;20
17767.16;0.01;20
17768.2;0.01;20
17769.24;0.01;20
17770.29;0.01;20
17771.33;0.01;20
17772.38;0.01;20
17773.42;0.01;20
17774.47;0.01;20
17775.51;0.01;20
17776.56;0.01;20
17777.6;0.01;20
17778.64;0.01;20
17779.69;0.01;20
17780.73;0.01;20
17781.78;0.01;20
17782.82;0.01;20
17783.87;0.01;20
17784.91;0.01;20
17785.96;0.01;20
17787;0.01;20
17788.04;0.01;20
17789.09;0.01;20
17790.13;0.01;20
17791.18;0.01;20
17792.22;0.01;20
17793.27;0.01;20
17794.31;0.01;20
17795.36;0.01;20
17796.4;0.01;20
17797.44;0.01;20
17798.49;0.01;20
17799.53;0.01;20
17800.58;0.01;20
17801.62;0.01;20
17802.67;0.01;20
17803.71;0.01;20
17804.76;0.01;20
17805.8;0.01;20
17806.84;0.01;20
17807.89;0.01;20
17808.93;0.01;20
17809.98;0.01;20
17811.02;0.01;20
17812.07;0.01;20
17813.11;0.01;20
17814.16;0.01;20
17815.2;0.01;20
17816.24;0.01;20
17817.29;0.01;20
17818.33;0.01;20
17819.38;0.01;20
17820.42;0.01;20
17821.47;0.01;20
17822.51;0.01;20
17823.56;0.01;20
17824.6;0.01;20
17825.64;0.01;20
17826.69;0.01;20
17827.73;0.01;20
17828.78;0.01;20
17829.82;0.01;20
17830.87;0.01;20
17831.91;0.01;20
17832.96;0.01;20
17834;0.01;20
17835.04;0.01;20
17836.09;0.01;20
17837.13;0.01;20
17838.18;0.01;20
17839.22;0.01;20
17840.27;0.01;20
17841.31;0.01;20
17842.36;0.01;20
17843.4;0.01;20
17844.44;0.01;20
17845.49;0.01;20
17846.53;0.01;20
17847.58;0.01;20
17848.62;0.01;20
17849.67;0.01;20
17850.71;0.01;20
17851.76;0.01;20
17852.8;0.01;20
17853.84;0.01;20
17854.89;0.01;20
17855.93;0.01;20
17856.98;0.01;20
17858.02;0.01;20
17859.07;0.01;20
17860.11;0.01;20
17861.16;0.01;20
17862.2;0.01;20
17863.24;0.01;20
17864.29;0.01;20
17865.33;0.01;20
17866.38;0.01;20
17867.42;0.01;20
17868.47;0.01;20
17869.51;0.01;20
17870.56;0.01;20
17871.6;0.01;20
17872.64;0.01;20
17873.69;0.01;20
17874.73;0.01;20
17875.78;0.01;20
17876.82;0.01;20
17877.87;0.01;20
17878.91;0.01;20
17879.96;0.01;20
17881;0.01;20
17882.04;0.01;20
17883.09;0.01;20
17884.13;0.01;20
17885.18;0.01;20
17886.22;0.01;20
17887.27;0.01;20
17888.31;0.01;20
17889.36;0.01;20
17890.4;0.01;20
17891.44;0.01;20
17892.49;0.01;20
17893.53;0.01;20
17894.58;0.01;20
17895.62;0.01;20
17896.67;0.01;20
17897.71;0.01;20
17898.76;0.01;20
17899.8;0.01;20
17900.84;0.01;20
17901.89;0.01;20
17902.93;0.01;20
17903.98;0.01;20
17905.02;0.01;20
17906.07;0.01;20
17907.11;0.01;20
17908.16;0.01;20
17909.2;0.01;20
17910.24;0.01;20
17911.29;0.01;20
17912.33;0.01;20
17913.38;0.01;20
17914.42;0.01;20
17915.47;0.01;20
17916.51;0.01;20
17917.56;0.01;20
17918.6;0.01;20
17919.64;0.01;20
17920.69;0.01;20
17921.73;0.01;20
17922.78;0.01;20
17923.82;0.01;20
17924.87;0.01;20
17925.91;0.01;20
17926.96;0.01;20
17928;0.01;20
17929.04;0.01;20
17930.09;0.01;20
17931.13;0.01;20
17932.18;0.01;20
17933.22;0.01;20
17934.27;0.01;20
17935.31;0.01;20
17936.36;0.01;20
17937.4;0.01;20
17938.44;0.01;20
17939.49;0.01;20
17940.53;0.01;20
17941.58;0.01;20
17942.62;0.01;20
17943.67;0.01;20
17944.71;0.01;20
17945.76;0.01;20
17946.8;0.01;20
17947.84;0.01;20
17948.89;0.01;20
17949.93;0.01;20
17950.98;0.01;20
17952.02;0.01;20
17953.07;0.01;20
17954.11;0.01;20
17955.16;0.01;20
17956.2;0.01;20
17957.24;0.01;20
17958.29;0.01;20
17959.33;0.01;20
17960.38;0.01;20
17961.42;0.01;20
17962.47;0.01;20
17963.51;0.01;20
17964.56;0.01;20
17965.6;0.01;20
17966.64;0.01;20
17967.69;0.01;20
17968.73;0.01;20
17969.78;0.01;20
17970.82;0.01;20
17971.87;0.01;20
17972.91;0.01;20
17973.96;0.01;20
17975;0.01;20
17976.04;0.01;20
17977.09;0.01;20
17978.13;0.01;20
17979.18;0.01;20
17980.22;0.01;20
17981.27;0.01;20
17982.31;0.01;20
17983.36;0.01;20
17984.4;0.01;20
17985.44;0.01;20
17986.49;0.01;20
17987.53;0.01;20
17988.58;0.01;20
17989.62;0.01;20
17990.67;0.01;20
17991.71;0.01;20
17992.76;0.01;20
17993.8;0.01;20
17994.84;0.01;20
17995.89;0.01;20
17996.93;0.01;20
17997.98;0.01;20
17999.02;0.01;20
18000.07;0.01;20
18001.11;0.01;20
18002.16;0.01;20
18003.2;0.01;20
18004.24;0.01;20
18005.29;0.01;20
18006.33;0.01;20
18007.38;0.01;20
18008.42;0.01;20
18009.47;0.01;20
18010.51;0.01;20
18011.56;0.01;20
18012.6;0.01;20
18013.64;0.01;20
18014.69;0.01;20
18015.73;0.01;20
18016.78;0.01;20
18017.82;0.01;20
18018.87;0.01;20
18019.91;0.01;20
18020.96;0.01;20
18022;0.01;20
18023.04;0.01;20
18024.09;0.01;20
18025.13;0.01;20
18026.18;0.01;20
18027.22;0.01;20
18028.27;0.01;20
18029.31;0.01;20
18030.36;0.01;20
18031.4;0.01;20
18032.44;0.01;20
18033.49;0.01;20
18034.53;0.01;20
18035.58;0.01;20
18036.62;0.01;20
18037.67;0.01;20
18038.71;0.01;20
18039.76;0.01;20
18040.8;0.01;20
18041.84;0.01;20
18042.89;0.01;20
18043.93;0.01;20
18044.98;0.01;20
18046.02;0.01;20
18047.07;0.01;20
18048.11;0.01;20
18049.16;0.01;20
18050.2;0.01;20
18051.24;0.01;20
18052.29;0.01;20
18053.33;0.01;20
18054.38;0.01;20
18055.42;0.01;20
18056.47;0.01;20
18057.51;0.01;20
18058.56;0.01;20
18059.6;0.01;20
18060.64;0.01;20
18061.69;0.01;20
18062.73;0.01;20
18063.78;0.01;20
18064.82;0.01;20
18065.87;0.01;20
18066.91;0.01;20
18067.96;0.01;20
18069;0.01;20
18070.04;0.01;20
18071.09;0.01;20
18072.13;0.01;20
18073.18;0.01;20
18074.22;0.01;20
18075.27;0.01;20
18076.31;0.01;20
18077.36;0.01;20
18078.4;0.01;20
18079.44;0.01;20
18080.49;0.01;20
18081.53;0.01;20
18082.58;0.01;20
18083.62;0.01;20
18084.67;0.01;20
18085.71;0.01;20
18086.76;0.01;20
18087.8;0.01;20
18088.84;0.01;20
18089.89;0.01;20
18090.93;0.01;20
18091.98;0.01;20
18093.02;0.01;20
18094.07;0.01;20
18095.11;0.01;20
18096.16;0.01;20
18097.2;0.01;20
18098.24;0.01;20
18099.29;0.01;20
18100.33;0.01;20
18101.38;0.01;20
18102.42;0.01;20
18103.47;0.01;20
18104.51;0.01;20
18105.56;0.01;20
18106.6;0.01;20
18107.64;0.01;20
18108.69;0.01;20
18109.73;0.01;20
18110.78;0.01;20
18111.82;0.01;20
18112.87;0.01;20
18113.91;0.01;20
18114.96;0.01;20
18116;0.01;20
18117.04;0.01;20
18118.09;0.01;20
18119.13;0.01;20
18120.18;0.01;20
18121.22;0.01;20
18122.27;0.01;20
18123.31;0.01;20
18124.36;0.01;20
18125.4;0.01;20
18126.44;0.01;20
18127.49;0.01;20
18128.53;0.01;20
18129.58;0.01;20
18130.62;0.01;20
18131.67;0.01;20
18132.71;0.01;20
18133.76;0.01;20
18134.8;0.01;20
18135.84;0.01;20
18136.89;0.01;20
18137.93;0.01;20
18138.98;0.01;20
18140;0.01;20
18141.04;0.01;20
18142.09;0.01;20
18143.13;0.01;20
18144.18;0.01;20
18145.22;0.01;20
18146.27;0.01;20
18147.31;0.01;20
18148.36;0.01;20
18149.4;0.01;20
18150.44;0.01;20
18151.49;0.01;20
18152.53;0.01;20
18153.58;0.01;20
18154.62;0.01;20
18155.67;0.01;20
18156.71;0.01;20
18157.76;0.01;20
18158.8;0.01;20
18159.84;0.01;20
18160.89;0.01;20
18161.93;0.01;20
18162.98;0.01;20
18164.02;0.01;20
18165.07;0.01;20
18166.11;0.01;20
18167.16;0.01;20
18168.2;0.01;20
18169.24;0.01;20
18170.29;0.01;20
18171.33;0.01;20
18172.38;0.01;20
18173.42;0.01;20
18174.47;0.01;20
18175.51;0.01;20
18176.56;0.01;20
18177.6;0.01;20
18178.64;0.01;20
18179.69;0.01;20
18180.73;0.01;20
18181.78;0.01;20
18182.82;0.01;20
18183.87;0.01;20
18184.91;0.01;20
18185.96;0.01;20
18187;0.01;20
18188.04;0.01;20
18189.09;0.01;20
18190.13;0.01;20
18191.18;0.01;20
18192.22;0.01;20
18193.27;0.01;20
18194.31;0.01;20
18195.36;0.01;20
18196.4;0.01;20
18197.44;0.01;20
18198.49;0.01;20
18199.53;0.01;20
18200.58;0.01;20
18201.62;0.01;20
18202.67;0.01;20
18203.71;0.01;20
18204.76;0.01;20
18205.8;0.01;20
18206.84;0.01;20
18207.89;0.01;20
18208.93;0.01;20
18209.98;0.01;20
18211.02;0.01;20
18212.07;0.01;20
18213.11;0.01;20
18214.16;0.01;20
18215.2;0.01;20
18216.24;0.01;20
18217.29;0.01;20
18218.33;0.01;20
18219.38;0.01;20
18220.42;0.01;20
18221.47;0.01;20
18222.51;0.01;20
18223.56;0.01;20
18224.6;0.01;20
18225.64;0.01;20
18226.69;0.01;20
18227.73;0.01;20
18228.78;0.01;20
18229.82;0.01;20
18230.87;0.01;20
18231.91;0.01;20
18232.96;0.01;20
18234;0.01;20
18235.04;0.01;20
18236.09;0.01;20
18237.13;0.01;20
18238.18;0.01;20
18239.22;0.01;20
18240.27;0.01;20
18241.31;0.01;20
18242.36;0.01;20
18243.4;0.01;20
18244.44;0.01;20
18245.49;0.01;20
18246.53;0.01;20
18247.58;0.01;20
18248.62;0.01;20
18249.67;0.01;20
18250.71;0.01;20
18251.76;0.01;20
18252.8;0.01;20
18253.84;0.01;20
18254.89;0.01;20
18255.93;0.01;20
18256.98;0.01;20
18258.02;0.01;20
18259.07;0.01;20
18260.11;0.01;20
18261.16;0.01;20
18262.2;0.01;20
18263.24;0.01;20
18264.29;0.01;20
18265.33;0.01;20
18266.38;0.01;20
18267.42;0.01;20
18268.47;0.01;20
18269.51;0.01;20
18270.56;0.01;20
18271.6;0.01;20
18272.64;0.01;20
18273.69;0.01;20
18274.73;0.01;20
18275.78;0.01;20
18276.82;0.01;20
18277.87;0.01;20
18278.91;0.01;20
18279.96;0.01;20
18281;0.01;20
18282.04;0.01;20
18283.09;0.01;20
18284.13;0.01;20
18285.18;0.01;20
18286.22;0.01;20
18287.27;0.01;20
18288.31;0.01;20
18289.36;0.01;20
18290.4;0.01;20
18291.44;0.01;20
18292.49;0.01;20
18293.53;0.01;20
18294.58;0.01;20
18295.62;0.01;20
18296.67;0.01;20
18297.71;0.01;20
18298.76;0.01;20
18299.8;0.01;20
18300.84;0.01;20
18301.89;0.01;20
18302.93;0.01;20
18303.98;0.01;20
18305.02;0.01;20
18306.07;0.01;20
18307.11;0.01;20
18308.16;0.01;20
18309.2;0.01;20
18310.24;0.01;20
18311.29;0.01;20
18312.33;0.01;20
18313.38;0.01;20
18314.42;0.01;20
18315.47;0.01;20
18316.51;0.01;20
18317.56;0.01;20
18318.6;0.01;20
18319.64;0.01;20
18320.69;0.01;20
18321.73;0.01;20
18322.78;0.01;20
18323.82;0.01;20
18324.87;0.01;20
18325.91;0.01;20
18326.96;0.01;20
18328;0.01;20
18329.04;0.01;20
18330.09;0.01;20
18331.13;0.01;20
18332.18;0.01;20
18333.22;0.01;20
18334.27;0.01;20
18335.31;0.01;20
18336.36;0.01;20
18337.4;0.01;20
18338.44;0.01;20
18339.49;0.01;20
18340.53;0.01;20
18341.58;0.01;20
18342.62;0.01;20
18343.67;0.01;20
18344.71;0.01;20
18345.76;0.01;20
18346.8;0.01;20
18347.84;0.01;20
18348.89;0.01;20
18349.93;0.01;20
18350.98;0.01;20
18352.02;0.01;20
18353.07;0.01;20
18354.11;0.01;20
18355.16;0.01;20
18356.2;0.01;20
18357.24;0.01;20
18358.29;0.01;20
18359.33;0.01;20
18360.38;0.01;20
18361.42;0.01;20
18362.47;0.01;20
18363.51;0.01;20
18364.56;0.01;20
18365.6;0.01;20
18366.64;0.01;20
18367.69;0.01;20
18368.73;0.01;20
18369.78;0.01;20
18370.82;0.01;20
18371.87;0.01;20
18372.91;0.01;20
18373.96;0.01;20
18375;0.01;20
18376.04;0.01;20
18377.09;0.01;20
18378.13;0.01;20
18379.18;0.01;20
18380.22;0.01;20
18381.27;0.01;20
18382.31;0.01;20
18383.36;0.01;20
18384.4;0.01;20
18385.44;0.01;20
18386.49;0.01;20
18387.53;0.01;20
18388.58;0.01;20
18389.62;0.01;20
18390.67;0.01;20
18391.71;0.01;20
18392.76;0.01;20
18393.8;0.01;20
18394.84;0.01;20
18395.89;0.01;20
18396.93;0.01;20
18397.98;0.01;20
18399.02;0.01;20
18400.07;0.01;20
18401.11;0.01;20
18402.16;0.01;20
18403.2;0.01;20
18404.24;0.01;20
18405.29;0.01;20
18406.33;0.01;20
18407.38;0.01;20
18408.42;0.01;20
18409.47;0.01;20
18410.51;0.01;20
18411.56;0.01;20
18412.6;0.01;20
18413.64;0.01;20
18414.69;0.01;20
18415.73;0.01;20
18416.78;0.01;20
18417.82;0.01;20
18418.87;0.01;20
18419.91;0.01;20
18420.96;0.01;20
18422;0.01;20
18423.04;0.01;20
18424.09;0.01;20
18425.13;0.01;20
18426.18;0.01;20
18427.22;0.01;20
18428.27;0.01;20
18429.31;0.01;20
18430.36;0.01;20
18431.4;0.01;20
18432.44;0.01;20
18433.49;0.01;20
18434.53;0.01;20
18435.58;0.01;20
18436.62;0.01;20
18437.67;0.01;20
18438.71;0.01;20
18439.76;0.01;20
18440.8;0.01;20
18441.84;0.01;20
18442.89;0.01;20
18443.93;0.01;20
18444.98;0.01;20
18446.02;0.01;20
18447.07;0.01;20
18448.11;0.01;20
18449.16;0.01;20
18450.2;0.01;20
18451.24;0.01;20
18452.29;0.01;20
18453.33;0.01;20
18454.38;0.01;20
18455.42;0.01;20
18456.47;0.01;20
18457.51;0.01;20
18458.56;0.01;20
18459.6;0.01;20
18460.64;0.01;20
18461.69;0.01;20
18462.73;0.01;20
18463.78;0.01;20
18464.82;0.01;20
18465.87;0.01;20
18466.91;0.01;20
18467.96;0.01;20
18469;0.01;20
18470.04;0.01;20
18471.09;0.01;20
18472.13;0.01;20
18473.18;0.01;20
18474.22;0.01;20
18475.27;0.01;20
18476.31;0.01;20
18477.36;0.01;20
18478.4;0.01;20
18479.44;0.01;20
18480.49;0.01;20
18481.53;0.01;20
18482.58;0.01;20
18483.62;0.01;20
18484.67;0.01;20
18485.71;0.01;20
18486.76;0.01;20
18487.8;0.01;20
18488.84;0.01;20
18489.89;0.01;20
18490.93;0.01;20
18491.98;0.01;20
18493.02;0.01;20
18494.07;0.01;20
18495.11;0.01;20
18496.16;0.01;20
18497.2;0.01;20
18498.24;0.01;20
18499.29;0.01;20
18500.33;0.01;20
18501.38;0.01;20
18502.42;0.01;20
18503.47;0.01;20
18504.51;0.01;20
18505.56;0.01;20
18506.6;0.01;20
18507.64;0.01;20
18508.69;0.01;20
18509.73;0.01;20
18510.78;0.01;20
18511.82;0.01;20
18512.87;0.01;20
18513.91;0.01;20
18514.96;0.01;20
18516;0.01;20
18517.04;0.01;20
18518.09;0.01;20
18519.13;0.01;20
18520.18;0.01;20
18521.22;0.01;20
18522.27;0.01;20
18523.31;0.01;20
18524.36;0.01;20
18525.4;0.01;20
18526.44;0.01;20
18527.49;0.01;20
18528.53;0.01;20
18529.58;0.01;20
18530.62;0.01;20
18531.67;0.01;20
18532.71;0.01;20
18533.76;0.01;20
18534.8;0.01;20
18535.84;0.01;20
18536.89;0.01;20
18537.93;0.01;20
18538.98;0.01;20
18540;0.01;20
18541.04;0.01;20
18542.09;0.01;20
18543.13;0.01;20
18544.18;0.01;20
18545.22;0.01;20
18546.27;0.01;20
18547.31;0.01;20
18548.36;0.01;20
18549.4;0.01;20
18550.44;0.01;20
18551.49;0.01;20
18552.53;0.01;20
18553.58;0.01;20
18554.62;0.01;20
18555.67;0.01;20
18556.71;0.01;20
18557.76;0.01;20
18558.8;0.01;20
18559.84;0.01;20
18560.89;0.01;20
18561.93;0.01;20
18562.98;0.01;20
18564.02;0.01;20
18565.07;0.01;20
18566.11;0.01;20
18567.16;0.01;20
18568.2;0.01;20
18569.24;0.01;20
18570.29;0.01;20
18571.33;0.01;20
18572.38;0.01;20
18573.42;0.01;20
18574.47;0.01;20
18575.51;0.01;20
18576.56;0.01;20
18577.6;0.01;20
18578.64;0.01;20
18579.69;0.01;20
18580.73;0.01;20
18581.78;0.01;20
18582.82;0.01;20
18583.87;0.01;20
18584.91;0.01;20
18585.96;0.01;20
18587;0.01;20
18588.04;0.01;20
18589.09;0.01;20
18590.13;0.01;20
18591.18;0.01;20
18592.22;0.01;20
18593.27;0.01;20
18594.31;0.01;20
18595.36;0.01;20
18596.4;0.01;20
18597.44;0.01;20
18598.49;0.01;20
18599.53;0.01;20
18600.58;0.01;20
18601.62;0.01;20
18602.67;0.01;20
18603.71;0.01;20
18604.76;0.01;20
18605.8;0.01;20
18606.84;0.01;20
18607.89;0.01;20
18608.93;0.01;20
18609.98;0.01;20
18611.02;0.01;20
18612.07;0.01;20
18613.11;0.01;20
18614.16;0.01;20
18615.2;0.01;20
18616.24;0.01;20
18617.29;0.01;20
18618.33;0.01;20
18619.38;0.01;20
18620.42;0.01;20
18621.47;0.01;20
18622.51;0.01;20
18623.56;0.01;20
18624.6;0.01;20
18625.64;0.01;20
18626.69;0.01;20
18627.73;0.01;20
18628.78;0.01;20
18629.82;0.01;20
18630.87;0.01;20
18631.91;0.01;20
18632.96;0.01;20
18634;0.01;20
18635.04;0.01;20
18636.09;0.01;20
18637.13;0.01;20
18638.18;0.01;20
18639.22;0.01;20
18640.27;0.01;20
18641.31;0.01;20
18642.36;0.01;20
18643.4;0.01;20
18644.44;0.01;20
18645.49;0.01;20
18646.53;0.01;20
18647.58;0.01;20
18648.62;0.01;20
18649.67;0.01;20
18650.71;0.01;20
18651.76;0.01;20
18652.8;0.01;20
18653.84;0.01;20
18654.89;0.01;20
18655.93;0.01;20
18656.98;0.01;20
18658.02;0.01;20
18659.07;0.01;20
18660.11;0.01;20
18661.16;0.01;20
18662.2;0.01;20
18663.24;0.01;20
18664.29;0.01;20
18665.33;0.01;20
18666.38;0.01;20
18667.42;0.01;20
18668.47;0.01;20
18669.51;0.01;20
18670.56;0.01;20
18671.6;0.01;20
18672.64;0.01;20
18673.69;0.01;20
18674.73;0.01;20
18675.78;0.01;20
18676.82;0.01;20
18677.87;0.01;20
18678.91;0.01;20
18679.96;0.01;20
18681;0.01;20
18682.04;0.01;20
18683.09;0.01;20
18684.13;0.01;20
18685.18;0.01;20
18686.22;0.01;20
18687.27;0.01;20
18688.31;0.01;20
18689.36;0.01;20
18690.4;0.01;20
18691.44;0.01;20
18692.49;0.01;20
18693.53;0.01;20
18694.58;0.01;20
18695.62;0.01;20
18696.67;0.01;20
18697.71;0.01;20
18698.76;0.01;20
18699.8;0.01;20
18700.84;0.01;20
18701.89;0.01;20
18702.93;0.01;20
18703.98;0.01;20
18705.02;0.01;20
18706.07;0.01;20
18707.11;0.01;20
18708.16;0.01;20
18709.2;0.01;20
18710.24;0.01;20
18711.29;0.01;20
18712.33;0.01;20
18713.38;0.01;20
18714.42;0.01;20
18715.47;0.01;20
18716.51;0.01;20
18717.56;0.01;20
18718.6;0.01;20
18719.64;0.01;20
18720.69;0.01;20
18721.73;0.01;20
18722.78;0.01;20
18723.82;0.01;20
18724.87;0.01;20
18725.91;0.01;20
18726.96;0.01;20
18728;0.01;20
18729.04;0.01;20
18730.09;0.01;20
18731.13;0.01;20
18732.18;0.01;20
18733.22;0.01;20
18734.27;0.01;20
18735.31;0.01;20
18736.36;0.01;20
18737.4;0.01;20
18738.44;0.01;20
18739.49;0.01;20
18740.53;0.01;20
18741.58;0.01;20
18742.62;0.01;20
18743.67;0.01;20
18744.71;0.01;20
18745.76;0.01;20
18746.8;0.01;20
18747.84;0.01;20
18748.89;0.01;20
18749.93;0.01;20
18750.98;0.01;20
18752.02;0.01;20
18753.07;0.01;20
18754.11;0.01;20
18755.16;0.01;20
18756.2;0.01;20
18757.24;0.01;20
18758.29;0.01;20
18759.33;0.01;20
18760.38;0.01;20
18761.42;0.01;20
18762.47;0.01;20
18763.51;0.01;20
18764.56;0.01;20
18765.6;0.01;20
18766.64;0.01;20
18767.69;0.01;20
18768.73;0.01;20
18769.78;0.01;20
18770.82;0.01;20
18771.87;0.01;20
18772.91;0.01;20
18773.96;0.01;20
18775;0.01;20
18776.04;0.01;20
18777.09;0.01;20
18778.13;0.01;20
18779.18;0.01;20
18780.22;0.01;20
18781.27;0.01;20
18782.31;0.01;20
18783.36;0.01;20
18784.4;0.01;20
18785.44;0.01;20
18786.49;0.01;20
18787.53;0.01;20
18788.58;0.01;20
18789.62;0.01;20
18790.67;0.01;20
18791.71;0.01;20
18792.76;0.01;20
18793.8;0.01;20
18794.84;0.01;20
18795.89;0.01;20
18796.93;0.01;20
18797.98;0.01;20
18799.02;0.01;20
18800.07;0.01;20
18801.11;0.01;20
18802.16;0.01;20
18803.2;0.01;20
18804.24;0.01;20
18805.29;0.01;20
18806.33;0.01;20
18807.38;0.01;20
18808.42;0.01;20
18809.47;0.01;20
18810.51;0.01;20
18811.56;0.01;20
18812.6;0.01;20
18813.64;0.01;20
18814.69;0.01;20
18815.73;0.01;20
18816.78;0.01;20
18817.82;0.01;20
18818.87;0.01;20
18819.87;0.01;20
18820.96;0.01;20
18822;0.01;20
18823.04;0.01;20
18824.09;0.01;20
18825.13;0.01;20
18826.18;0.01;20
18827.22;0.01;20
18828.27;0.01;20
18829.31;0.01;20
18830.36;0.01;20
18831.4;0.01;20
18832.44;0.01;20
18833.49;0.01;20
18834.53;0.01;20
18835.58;0.01;20
18836.62;0.01;20
18837.67;0.01;20
18838.71;0.01;20
18839.76;0.01;20
18840.8;0.01;20
18841.84;0.01;20
18842.89;0.01;20
18843.93;0.01;20
18844.98;0.01;20
18846.02;0.01;20
18847.07;0.01;20
18848.11;0.01;20
18849.16;0.01;20
18850.2;0.01;20
18851.24;0.01;20
18852.29;0.01;20
18853.33;0.01;20
18854.38;0.01;20
18855.42;0.01;20
18856.47;0.01;20
18857.51;0.01;20
18858.56;0.01;20
18859.6;0.01;20
18860.64;0.01;20
18861.69;0.01;20
18862.73;0.01;20
18863.78;0.01;20
18864.82;0.01;20
18865.87;0.01;20
18866.91;0.01;20
18867.96;0.01;20
18869;0.01;20
18870.04;0.01;20
18871.09;0.01;20
18872.13;0.01;20
18873.18;0.01;20
18874.22;0.01;20
18875.27;0.01;20
18876.31;0.01;20
18877.36;0.01;20
18878.4;0.01;20
18879.44;0.01;20
18880.49;0.01;20
18881.53;0.01;20
18882.58;0.01;20
18883.62;0.01;20
18884.67;0.01;20
18885.71;0.01;20
18886.76;0.01;20
18887.8;0.01;20
18888.84;0.01;20
18889.89;0.01;20
18890.93;0.01;20
18891.98;0.01;20
18893.02;0.01;20
18894.07;0.01;20
18895.11;0.01;20
18896.16;0.01;20
18897.2;0.01;20
18898.24;0.01;20
18899.29;0.01;20
18900.33;0.01;20
18901.38;0.01;20
18902.42;0.01;20
18903.47;0.01;20
18904.51;0.01;20
18905.56;0.01;20
18906.6;0.01;20
18907.64;0.01;20
18908.69;0.01;20
18909.73;0.01;20
18910.78;0.01;20
18911.82;0.01;20
18912.87;0.01;20
18913.91;0.01;20
18914.96;0.01;20
18916;0.01;20
18917.04;0.01;20
18918.09;0.01;20
18919.13;0.01;20
18920.18;0.01;20
18921.22;0.01;20
18922.27;0.01;20
18923.31;0.01;20
18924.36;0.01;20
18925.4;0.01;20
18926.44;0.01;20
18927.49;0.01;20
18928.53;0.01;20
18929.58;0.01;20
18930.62;0.01;20
18931.67;0.01;20
18932.71;0.01;20
18933.76;0.01;20
18934.8;0.01;20
18935.84;0.01;20
18936.89;0.01;20
18937.93;0.01;20
18938.98;0.01;20
18940;0.01;20
18941.04;0.01;20
18942.09;0.01;20
18943.13;0.01;20
18944.18;0.01;20
18945.22;0.01;20
18946.27;0.01;20
18947.31;0.01;20
18948.36;0.01;20
18949.4;0.01;20
18950.44;0.01;20
18951.49;0.01;20
18952.53;0.01;20
18953.58;0.01;20
18954.62;0.01;20
18955.67;0.01;20
18956.71;0.01;20
18957.76;0.01;20
18958.8;0.01;20
18959.84;0.01;20
18960.89;0.01;20
18961.93;0.01;20
18962.98;0.01;20
18964.02;0.01;20
18965.07;0.01;20
18966.11;0.01;20
18967.16;0.01;20
18968.2;0.01;20
18969.24;0.01;20
18970.29;0.01;20
18971.33;0.01;20
18972.38;0.01;20
18973.42;0.01;20
18974.47;0.01;20
18975.51;0.01;20
18976.56;0.01;20
18977.6;0.01;20
18978.64;0.01;20
18979.69;0.01;20
18980.73;0.01;20
18981.78;0.01;20
18982.82;0.01;20
18983.87;0.01;20
18984.91;0.01;20
18985.96;0.01;20
18987;0.01;20
18988.04;0.01;20
18989.09;0.02;20
18990.13;0.01;20
18991.18;0.01;20
18992.22;0.01;20
18993.27;0.01;20
18994.31;0.01;20
18995.36;0.01;20
18996.4;0.01;20
18997.44;0.02;20
18998.49;0.01;20
18999.53;0.01;20
19000.58;0.01;20
19001.62;0.01;20
19002.67;0.01;20
19003.71;0.01;20
19004.76;0.01;20
19005.8;0.01;20
19006.84;0.01;20
19007.89;0.01;20
19008.93;0.01;20
19009.98;0.01;20
19011.02;0.01;20
19012.07;0.01;20
19013.11;0.01;20
19014.16;0.01;20
19015.2;0.01;20
19016.24;0.01;20
19017.29;0.01;20
19018.33;0.01;20
19019.38;0.01;20
19020.42;0.01;20
19021.47;0.01;20
19022.51;0.01;20
19023.56;0.01;20
19024.6;0.01;20
19025.64;0.01;20
19026.69;0.01;20
19027.73;0.01;20
19028.78;0.01;20
19029.82;0.01;20
19030.87;0.01;20
19031.91;0.01;20
19032.96;0.01;20
19034;0.01;20
19035.04;0.01;20
19036.09;0.01;20
19037.13;0.01;20
19038.18;0.01;20
19039.22;0.01;20
19040.27;0.01;20
19041.31;0.01;20
19042.36;0.01;20
19043.4;0.01;20
19044.44;0.01;20
19045.49;0.01;20
19046.53;0.01;20
19047.58;0.01;20
19048.62;0.01;20
19049.67;0.01;20
19050.71;0.01;20
19051.76;0.01;20
19052.8;0.01;20
19053.84;0.01;20
19054.89;0.01;20
19055.93;0.01;20
19056.98;0.01;20
19058.02;0.01;20
19059.07;0.01;20
19060.11;0.01;20
19061.16;0.01;20
19062.2;0.01;20
19063.24;0.01;20
19064.29;0.01;20
19065.33;0.01;20
19066.38;0.01;20
19067.42;0.01;20
19068.47;0.01;20
19069.51;0.01;20
19070.56;0.01;20
19071.6;0.01;20
19072.64;0.01;20
19073.69;0.01;20
19074.73;0.01;20
19075.78;0.01;20
19076.82;0.01;20
19077.87;0.01;20
19078.91;0.01;20
19079.96;0.01;20
19081;0.01;20
19082.04;0.01;20
19083.09;0.01;20
19084.13;0.01;20
19085.18;0.01;20
19086.22;0.01;20
19087.27;0.01;20
19088.31;0.01;20
19089.36;0.01;20
19090.4;0.01;20
19091.44;0.01;20
19092.49;0.01;20
19093.53;0.01;20
19094.58;0.01;20
19095.62;0.01;20
19096.67;0.01;20
19097.71;0.01;20
19098.76;0.01;20
19099.8;0.01;20
19100.84;0.01;20
19101.89;0.01;20
19102.93;0.01;20
19103.98;0.01;20
19105.02;0.01;20
19106.07;0.01;20
19107.11;0.01;20
19108.16;0.01;20
19109.2;0.01;20
19110.24;0.01;20
19111.29;0.01;20
19112.33;0.01;20
19113.38;0.01;20
19114.42;0.01;20
19115.47;0.01;20
19116.51;0.01;20
19117.56;0.01;20
19118.6;0.01;20
19119.64;0.01;20
19120.69;0.01;20
19121.73;0.01;20
19122.78;0.01;20
19123.82;0.01;20
19124.87;0.01;20
19125.91;0.01;20
19126.96;0.01;20
19128;0.01;20
19129.04;0.01;20
19130.09;0.01;20
19131.13;0.01;20
19132.18;0.01;20
19133.22;0.01;20
19134.27;0.01;20
19135.31;0.01;20
19136.36;0.01;20
19137.4;0.01;20
19138.44;0.01;20
19139.49;0.01;20
19140.53;0.01;20
19141.58;0.01;20
19142.62;0.01;20
19143.67;0.01;20
19144.71;0.01;20
19145.76;0.01;20
19146.8;0.01;20
19147.84;0.01;20
19148.89;0.01;20
19149.93;0.01;20
19150.98;0.01;20
19152.02;0.01;20
19153.07;0.01;20
19154.11;0.01;20
19155.16;0.01;20
19156.2;0.01;20
19157.24;0.01;20
19158.29;0.01;20
19159.33;0.01;20
19160.38;0.01;20
19161.42;0.01;20
19162.47;0.01;20
19163.51;0.01;20
19164.56;0.01;20
19165.6;0.01;20
19166.64;0.01;20
19167.69;0.01;20
19168.73;0.01;20
19169.78;0.01;20
19170.82;0.01;20
19171.87;0.01;20
19172.91;0.01;20
19173.96;0.01;20
19175;0.01;20
19176.04;0.01;20
19177.09;0.01;20
19178.13;0.01;20
19179.18;0.01;20
19180.22;0.01;20
19181.27;0.01;20
19182.31;0.01;20
19183.36;0.01;20
19184.4;0.01;20
19185.44;0.01;20
19186.49;0.01;20
19187.53;0.01;20
19188.58;0.01;20
19189.62;0.01;20
19190.67;0.01;20
19191.71;0.01;20
19192.76;0.01;20
19193.8;0.01;20
19194.84;0.01;20
19195.89;0.01;20
19196.93;0.01;20
19197.98;0.01;20
19199.02;0.01;20
19200.07;0.01;20
19201.11;0.01;20
19202.16;0.01;20
19203.2;0.01;20
19204.24;0.01;20
19205.29;0.01;20
19206.33;0.01;20
19207.38;0.01;20
19208.42;0.01;20
19209.47;0.01;20
19210.51;0.01;20
19211.56;0.01;20
19212.6;0.01;20
19213.64;0.01;20
19214.69;0.01;20
19215.73;0.01;20
19216.78;0.01;20
19217.82;0.01;20
19218.87;0.01;20
19219.91;0.01;20
19220.96;0.01;20
19222;0.01;20
19223.04;0.01;20
19224.09;0.01;20
19225.13;0.01;20
19226.18;0.01;20
19227.22;0.01;20
19228.27;0.01;20
19229.31;0.01;20
19230.36;0.01;20
19231.4;0.01;20
19232.44;0.01;20
19233.49;0.01;20
19234.53;0.01;20
19235.58;0.01;20
19236.62;0.01;20
19237.67;0.01;20
19238.71;0.01;20
19239.76;0.01;20
19240.8;0.01;20
19241.84;0.01;20
19242.89;0.01;20
19243.93;0.01;20
19244.98;0.01;20
19246.02;0.01;20
19247.07;0.01;20
19248.11;0.01;20
19249.16;0.01;20
19250.2;0.01;20
19251.24;0.01;20
19252.29;0.01;20
19253.33;0.01;20
19254.38;0.01;20
19255.42;0.01;20
19256.47;0.01;20
19257.51;0.01;20
19258.56;0.01;20
19259.6;0.01;20
19260.64;0.01;20
19261.69;0.01;20
19262.73;0.01;20
19263.78;0.01;20
19264.82;0.01;20
19265.87;0.01;20
19266.91;0.01;20
19267.96;0.01;20
19269;0.01;20
19270.04;0.01;20
19271.09;0.01;20
19272.13;0.01;20
19273.18;0.01;20
19274.22;0.01;20
19275.27;0.01;20
19276.31;0.01;20
19277.36;0.01;20
19278.4;0.01;20
19279.44;0.01;20
19280.49;0.01;20
19281.53;0.01;20
19282.58;0.01;20
19283.62;0.01;20
19284.67;0.01;20
19285.71;0.01;20
19286.76;0.01;20
19287.8;0.01;20
19288.84;0.01;20
19289.89;0.01;20
19290.93;0.01;20
19291.98;0.01;20
19293.02;0.01;20
19294.07;0.01;20
19295.11;0.01;20
19296.16;0.01;20
19297.2;0.01;20
19298.24;0.01;20
19299.29;0.01;20
19300.33;0.01;20
19301.38;0.01;20
19302.42;0.01;20
19303.47;0.01;20
19304.51;0.01;20
19305.56;0.01;20
19306.6;0.01;20
19307.64;0.01;20
19308.69;0.01;20
19309.73;0.01;20
19310.78;0.01;20
19311.82;0.01;20
19312.87;0.01;20
19313.91;0.01;20
19314.96;0.01;20
19316;0.01;20
19317.04;0.01;20
19318.09;0.01;20
19319.13;0.01;20
19320.18;0.01;20
19321.22;0.01;20
19322.27;0.01;20
19323.31;0.01;20
19324.36;0.01;20
19325.4;0.01;20
19326.44;0.01;20
19327.49;0.01;20
19328.53;0.01;20
19329.58;0.01;20
19330.62;0.01;20
19331.67;0.01;20
19332.71;0.01;20
19333.76;0.01;20
19334.8;0.01;20
19335.84;0.01;20
19336.89;0.01;20
19337.93;0.01;20
19338.98;0.01;20
19340;0.01;20
19341.04;0.01;20
19342.09;0.01;20
19343.13;0.01;20
19344.18;0.01;20
19345.22;0.01;20
19346.27;0.01;20
19347.31;0.01;20
19348.36;0.01;20
19349.4;0.01;20
19350.44;0.01;20
19351.49;0.01;20
19352.53;0.01;20
19353.58;0.01;20
19354.62;0.01;20
19355.67;0.01;20
19356.71;0.01;20
19357.76;0.01;20
19358.8;0.01;20
19359.84;0.01;20
19360.89;0.01;20
19361.93;0.01;20
19362.98;0.01;20
19364.02;0.01;20
19365.07;0.01;20
19366.11;0.01;20
19367.16;0.01;20
19368.2;0.01;20
19369.24;0.01;20
19370.29;0.01;20
19371.33;0.01;20
19372.38;0.01;20
19373.42;0.01;20
19374.47;0.01;20
19375.51;0.01;20
19376.56;0.01;20
19377.6;0.01;20
19378.64;0.01;20
19379.69;0.01;20
19380.73;0.01;20
19381.78;0.01;20
19382.82;0.01;20
19383.87;0.01;20
19384.91;0.01;20
19385.96;0.01;20
19387;0.01;20
19388.04;0.01;20
19389.09;0.01;20
19390.13;0.01;20
19391.18;0.01;20
19392.22;0.01;20
19393.27;0.01;20
19394.31;0.01;20
19395.36;0.01;20
19396.4;0.01;20
19397.44;0.01;20
19398.49;0.01;20
19399.53;0.01;20
19400.58;0.01;20
19401.62;0.01;20
19402.67;0.01;20
19403.71;0.01;20
19404.76;0.01;20
19405.8;0.01;20
19406.84;0.01;20
19407.89;0.01;20
19408.93;0.01;20
19409.98;0.01;20
19411.02;0.01;20
19412.07;0.01;20
19413.11;0.01;20
19414.16;0.01;20
19415.2;0.01;20
19416.24;0.01;20
19417.29;0.01;20
19418.33;0.01;20
19419.38;0.01;20
19420.42;0.01;20
19421.47;0.01;20
19422.51;0.01;20
19423.56;0.01;20
19424.6;0.01;20
19425.64;0.01;20
19426.69;0.01;20
19427.73;0.01;20
19428.78;0.01;20
19429.82;0.01;20
19430.87;0.01;20
19431.91;0.01;20
19432.96;0.01;20
19434;0.01;20
19435.04;0.01;20
19436.09;0.01;20
19437.13;0.01;20
19438.18;0.01;20
19439.22;0.01;20
19440.27;0.01;20
19441.31;0.01;20
19442.36;0.01;20
19443.4;0.01;20
19444.44;0.01;20
19445.49;0.01;20
19446.53;0.01;20
19447.58;0.01;20
19448.62;0.01;20
19449.67;0.01;20
19450.71;0.01;20
19451.76;0.01;20
19452.8;0.01;20
19453.84;0.01;20
19454.89;0.01;20
19455.93;0.01;20
19456.98;0.01;20
19458.02;0.01;20
19459.07;0.01;20
19460.11;0.01;20
19461.16;0.01;20
19462.2;0.01;20
19463.24;0.01;20
19464.29;0.01;20
19465.33;0.01;20
19466.38;0.01;20
19467.42;0.01;20
19468.47;0.01;20
19469.51;0.01;20
19470.56;0.01;20
19471.6;0.01;20
19472.64;0.01;20
19473.69;0.01;20
19474.73;0.01;20
19475.78;0.01;20
19476.82;0.01;20
19477.87;0.01;20
19478.91;0.01;20
19479.96;0.01;20
19481;0.01;20
19482.04;0.01;20
19483.09;0.01;20
19484.13;0.01;20
19485.18;0.01;20
19486.22;0.01;20
19487.27;0.01;20
19488.31;0.01;20
19489.36;0.01;20
19490.4;0.01;20
19491.44;0.01;20
19492.49;0.01;20
19493.53;0.01;20
19494.58;0.01;20
19495.62;0.01;20
19496.67;0.01;20
19497.71;0.01;20
19498.76;0.01;20
19499.8;0.01;20
19500.84;0.01;20
19501.89;0.01;20
19502.93;0.01;20
19503.98;0.01;20
19505.02;0.01;20
19506.07;0.01;20
19507.11;0.01;20
19508.16;0.01;20
19509.2;0.01;20
19510.2;0.01;20
19511.29;0.01;20
19512.33;0.01;20
19513.38;0.01;20
19514.42;0.01;20
19515.47;0.01;20
19516.51;0.01;20
19517.56;0.01;20
19518.6;0.01;20
19519.64;0.01;20
19520.69;0.01;20
19521.73;0.01;20
19522.78;0.01;20
19523.82;0.01;20
19524.87;0.01;20
19525.91;0.01;20
19526.96;0.01;20
19528;0.01;20
19529.04;0.01;20
19530.09;0.01;20
19531.13;0.01;20
19532.18;0.01;20
19533.22;0.01;20
19534.27;0.01;20
19535.31;0.01;20
19536.36;0.01;20
19537.4;0.01;20
19538.44;0.01;20
19539.49;0.01;20
19540.53;0.01;20
19541.58;0.01;20
19542.62;0.01;20
19543.67;0.01;20
19544.71;0.01;20
19545.76;0.01;20
19546.8;0.01;20
19547.84;0.01;20
19548.89;0.01;20
19549.93;0.01;20
19550.98;0.01;20
19552.02;0.01;20
19553.07;0.01;20
19554.11;0.01;20
19555.16;0.01;20
19556.2;0.01;20
19557.24;0.01;20
19558.29;0.01;20
19559.33;0.01;20
19560.38;0.01;20
19561.42;0.01;20
19562.47;0.01;20
19563.51;0.01;20
19564.56;0.01;20
19565.6;0.01;20
19566.64;0.01;20
19567.69;0.01;20
19568.73;0.01;20
19569.78;0.01;20
19570.82;0.01;20
19571.87;0.01;20
19572.91;0.01;20
19573.96;0.01;20
19575;0.01;20
19576.04;0.01;20
19577.09;0.01;20
19578.13;0.01;20
19579.18;0.01;20
19580.22;0.01;20
19581.27;0.01;20
19582.31;0.01;20
19583.36;0.01;20
19584.4;0.01;20
19585.44;0.01;20
19586.49;0.01;20
19587.53;0.01;20
19588.58;0.01;20
19589.62;0.01;20
19590.67;0.01;20
19591.71;0.01;20
19592.76;0.01;20
19593.8;0.01;20
19594.84;0.01;20
19595.89;0.01;20
19596.93;0.01;20
19597.98;0.01;20
19599.02;0.01;20
19600.07;0.01;20
19601.11;0.01;20
19602.16;0.01;20
19603.2;0.01;20
19604.24;0.01;20
19605.29;0.01;20
19606.33;0.01;20
19607.38;0.01;20
19608.42;0.01;20
19609.47;0.01;20
19610.51;0.01;20
19611.56;0.01;20
19612.6;0.01;20
19613.64;0.01;20
19614.69;0.01;20
19615.73;0.01;20
19616.78;0.01;20
19617.82;0.01;20
19618.87;0.01;20
19619.91;0.01;20
19620.96;0.01;20
19622;0.01;20
19623.04;0.01;20
19624.09;0.01;20
19625.13;0.01;20
19626.18;0.01;20
19627.22;0.01;20
19628.27;0.01;20
19629.31;0.01;20
19630.36;0.01;20
19631.4;0.01;20
19632.44;0.01;20
19633.49;0.01;20
19634.53;0.01;20
19635.58;0.01;20
19636.62;0.01;20
19637.67;0.01;20
19638.71;0.01;20
19639.76;0.01;20
19640.8;0.01;20
19641.84;0.01;20
19642.89;0.01;20
19643.93;0.01;20
19644.98;0.01;20
19646.02;0.01;20
19647.07;0.01;20
19648.11;0.01;20
19649.16;0.01;20
19650.2;0.01;20
19651.24;0.01;20
19652.29;0.01;20
19653.33;0.01;20
19654.38;0.01;20
19655.42;0.01;20
19656.47;0.01;20
19657.51;0.01;20
19658.56;0.01;20
19659.6;0.01;20
19660.64;0.01;20
19661.69;0.01;20
19662.73;0.01;20
19663.78;0.01;20
19664.82;0.01;20
19665.87;0.01;20
19666.91;0.01;20
19667.96;0.01;20
19669;0.01;20
19670.04;0.01;20
19671.09;0.01;20
19672.13;0.01;20
19673.18;0.01;20
19674.22;0.01;20
19675.27;0.01;20
19676.31;0.01;20
19677.36;0.01;20
19678.4;0.01;20
19679.44;0.01;20
19680.49;0.01;20
19681.53;0.01;20
19682.58;0.01;20
19683.62;0.01;20
19684.67;0.01;20
19685.71;0.01;20
19686.76;0.01;20
19687.8;0.01;20
19688.84;0.01;20
19689.89;0.01;20
19690.93;0.01;20
19691.98;0.01;20
19693.02;0.01;20
19694.07;0.01;20
19695.11;0.01;20
19696.16;0.01;20
19697.2;0.01;20
19698.24;0.01;20
19699.29;0.01;20
19700.33;0.01;20
19701.38;0.01;20
19702.42;0.01;20
19703.47;0.01;20
19704.51;0.01;20
19705.56;0.01;20
19706.6;0.01;20
19707.64;0.01;20
19708.69;0.01;20
19709.73;0.01;20
19710.78;0.01;20
19711.82;0.01;20
19712.87;0.01;20
19713.91;0.01;20
19714.96;0.01;20
19716;0.01;20
19717.04;0.01;20
19718.09;0.01;20
19719.13;0.01;20
19720.18;0.01;20
19721.22;0.01;20
19722.27;0.01;20
19723.31;0.01;20
19724.36;0.01;20
19725.4;0.01;20
19726.44;0.01;20
19727.49;0.01;20
19728.53;0.01;20
19729.58;0.01;20
19730.62;0.01;20
19731.67;0.01;20
19732.71;0.01;20
19733.76;0.01;20
19734.8;0.01;20
19735.84;0.01;20
19736.89;0.01;20
19737.93;0.01;20
19738.98;0.01;20
19740;0.01;20
19741.04;0.01;20
19742.09;0.01;20
19743.13;0.01;20
19744.18;0.01;20
19745.22;0.01;20
19746.27;0.01;20
19747.31;0.01;20
19748.36;0.01;20
19749.4;0.01;20
19750.44;0.01;20
19751.49;0.01;20
19752.53;0.01;20
19753.58;0.01;20
19754.62;0.01;20
19755.67;0.01;20
19756.71;0.01;20
19757.76;0.01;20
19758.8;0.01;20
19759.84;0.01;20
19760.89;0.01;20
19761.93;0.01;20
19762.98;0.01;20
19764.02;0.01;20
19765.07;0.01;20
19766.11;0.01;20
19767.16;0.01;20
19768.2;0.01;20
19769.24;0.01;20
19770.29;0.01;20
19771.33;0.01;20
19772.38;0.01;20
19773.42;0.01;20
19774.47;0.01;20
19775.51;0.01;20
19776.56;0.01;20
19777.6;0.01;20
19778.64;0.01;20
19779.69;0.01;20
19780.73;0.01;20
19781.78;0.01;20
19782.82;0.01;20
19783.87;0.01;20
19784.91;0.01;20
19785.96;0.01;20
19787;0.01;20
19788.04;0.01;20
19789.09;0.01;20
19790.13;0.01;20
19791.18;0.01;20
19792.22;0.01;20
19793.27;0.01;20
19794.31;0.01;20
19795.36;0.01;20
19796.4;0.01;20
19797.44;0.01;20
19798.49;0.01;20
19799.53;0.01;20
19800.58;0.01;20
19801.62;0.01;20
19802.67;0.01;20
19803.71;0.01;20
19804.76;0.01;20
19805.8;0.01;20
19806.84;0.01;20
19807.89;0.01;20
19808.93;0.01;20
19809.98;0.01;20
19811.02;0.01;20
19812.07;0.01;20
19813.11;0.01;20
19814.16;0.01;20
19815.2;0.01;20
19816.24;0.01;20
19817.29;0.01;20
19818.33;0.01;20
19819.38;0.01;20
19820.42;0.01;20
19821.47;0.01;20
19822.51;0.01;20
19823.56;0.01;20
19824.6;0.01;20
19825.64;0.01;20
19826.69;0.01;20
19827.73;0.01;20
19828.78;0.01;20
19829.82;0.01;20
19830.87;0.01;20
19831.91;0.01;20
19832.96;0.01;20
19834;0.01;20
19835.04;0.01;20
19836.09;0.01;20
19837.13;0.01;20
19838.18;0.01;20
19839.22;0.01;20
19840.27;0.01;20
19841.31;0.01;20
19842.36;0.01;20
19843.4;0.01;20
19844.44;0.01;20
19845.49;0.01;20
19846.53;0.01;20
19847.58;0.01;20
19848.62;0.01;20
19849.67;0.01;20
19850.71;0.01;20
19851.76;0.01;20
19852.8;0.01;20
19853.84;0.01;20
19854.89;0.01;20
19855.93;0.01;20
19856.98;0.01;20
19858.02;0.01;20
19859.07;0.01;20
19860.11;0.01;20
19861.16;0.01;20
19862.2;0.01;20
19863.24;0.01;20
19864.29;0.01;20
19865.33;0.01;20
19866.38;0.01;20
19867.42;0.01;20
19868.47;0.01;20
19869.51;0.01;20
19870.56;0.01;20
19871.6;0.01;20
19872.64;0.01;20
19873.69;0.01;20
19874.73;0.01;20
19875.78;0.01;20
19876.82;0.01;20
19877.87;0.01;20
19878.91;0.01;20
19879.96;0.01;20
19881;0.01;20
19882.04;0.01;20
19883.09;0.01;20
19884.13;0.01;20
19885.18;0.01;20
19886.22;0.01;20
19887.27;0.01;20
19888.31;0.01;20
19889.36;0.01;20
19890.4;0.01;20
19891.44;0.01;20
19892.49;0.01;20
19893.53;0.01;20
19894.58;0.01;20
19895.62;0.01;20
19896.67;0.01;20
19897.71;0.01;20
19898.76;0.01;20
19899.8;0.01;20
19900.84;0.01;20
19901.89;0.01;20
19902.93;0.01;20
19903.98;0.01;20
19905.02;0.01;20
19906.07;0.02;20
19907.11;0.01;20
19908.16;0.01;20
19909.2;0.01;20
19910.24;0.01;20
19911.29;0.01;20
19912.33;0.01;20
19913.38;0.01;20
19914.42;0.01;20
19915.47;0.01;20
19916.51;0.01;20
19917.56;0.01;20
19918.6;0.01;20
19919.64;0.01;20
19920.69;0.01;20
19921.73;0.01;20
19922.78;0.01;20
19923.82;0.01;20
19924.87;0.01;20
19925.91;0.01;20
19926.96;0.01;20
19928;0.01;20
19929.04;0.01;20
19930.09;0.01;20
19931.13;0.01;20
19932.18;0.01;20
19933.22;0.01;20
19934.27;0.01;20
19935.31;0.01;20
19936.36;0.01;20
19937.4;0.01;20
19938.44;0.01;20
19939.49;0.01;20
19940.53;0.01;20
19941.58;0.01;20
19942.62;0.01;20
19943.67;0.01;20
19944.71;0.01;20
19945.76;0.01;20
19946.8;0.01;20
19947.84;0.01;20
19948.89;0.01;20
19949.93;0.01;20
19950.98;0.01;20
19952.02;0.01;20
19953.07;0.01;20
19954.11;0.01;20
19955.16;0.01;20
19956.2;0.01;20
19957.24;0.01;20
19958.29;0.01;20
19959.33;0.01;20
19960.38;0.01;20
19961.42;0.01;20
19962.47;0.01;20
19963.51;0.01;20
19964.56;0.01;20
19965.6;0.01;20
19966.64;0.01;20
19967.69;0.01;20
19968.73;0.01;20
19969.78;0.01;20
19970.82;0.01;20
19971.87;0.01;20
19972.91;0.01;20
19973.96;0.01;20
19975;0.01;20
19976.04;0.01;20
19977.09;0.01;20
19978.13;0.01;20
19979.18;0.01;20
19980.22;0.01;20
19981.27;0.01;20
19982.31;0.01;20
19983.36;0.01;20
19984.4;0.01;20
19985.44;0.01;20
19986.49;0.01;20
19987.53;0.01;20
19988.58;0.01;20
19989.62;0.01;20
19990.67;0.01;20
19991.71;0.01;20
19992.76;0.01;20
19993.8;0.01;20
19994.84;0.01;20
19995.89;0.01;20
19996.93;0.01;20
19997.98;0.01;20
19999.02;0.01;20
20000.07;0.01;20
20001.11;0.01;20
20002.16;0.01;20
20003.2;0.01;20
20004.24;0.01;20
20005.29;0.01;20
20006.33;0.01;20
20007.38;0.01;20
20008.42;0.01;20
20009.47;0.01;20
20010.51;0.01;20
20011.56;0.01;20
20012.6;0.01;20
20013.64;0.01;20
20014.69;0.01;20
20015.73;0.01;20
20016.78;0.01;20
20017.82;0.01;20
20018.87;0.01;20
20019.91;0.01;20
20020.96;0.01;20
20022;0.01;20
20023.04;0.01;20
20024.09;0.01;20
20025.13;0.01;20
20026.18;0.01;20
20027.22;0.01;20
20028.27;0.01;20
20029.31;0.01;20
20030.36;0.01;20
20031.4;0.01;20
20032.44;0.01;20
20033.49;0.01;20
20034.53;0.01;20
20035.58;0.01;20
20036.62;0.01;20
20037.67;0.01;20
20038.71;0.01;20
20039.76;0.01;20
20040.8;0.01;20
20041.84;0.01;20
20042.89;0.01;20
20043.93;0.01;20
20044.98;0.01;20
20046.02;0.01;20
20047.07;0.01;20
20048.11;0.01;20
20049.16;0.01;20
20050.2;0.01;20
20051.24;0.01;20
20052.29;0.01;20
20053.33;0.01;20
20054.38;0.01;20
20055.42;0.01;20
20056.47;0.01;20
20057.51;0.01;20
20058.56;0.01;20
20059.6;0.01;20
20060.64;0.01;20
20061.69;0.01;20
20062.73;0.01;20
20063.78;0.01;20
20064.82;0.01;20
20065.87;0.01;20
20066.91;0.01;20
20067.96;0.01;20
20069;0.01;20
20070.04;0.01;20
20071.09;0.01;20
20072.13;0.01;20
20073.18;0.01;20
20074.22;0.01;20
20075.27;0.01;20
20076.31;0.01;20
20077.36;0.01;20
20078.4;0.01;20
20079.44;0.01;20
20080.47;0.01;20
20081.51;0.01;20
20082.56;0.01;20
20083.6;0.01;20
20084.64;0.01;20
20085.69;0.01;20
20086.73;0.01;20
20087.78;0.01;20
20088.82;0.01;20
20089.87;0.01;20
20090.91;0.01;20
20091.96;0.01;20
20093;0.01;20
20094.04;0.01;20
20095.09;0.01;20
20096.13;0.01;20
20097.18;0.01;20
20098.22;0.01;20
20099.27;0.01;20
20100.31;0.01;20
20101.36;0.01;20
20102.4;0.01;20
20103.44;0.01;20
20104.49;0.01;20
20105.53;0.01;20
20106.58;0.01;20
20107.62;0.01;20
20108.67;0.01;20
20109.71;0.01;20
20110.76;0.01;20
20111.8;0.01;20
20112.84;0.01;20
20113.89;0.01;20
20114.93;0.01;20
20115.98;0.01;20
20117.02;0.01;20
20118.07;0.01;20
20119.11;0.01;20
20120.16;0.01;20
20121.2;0.01;20
20122.24;0.01;20
20123.29;0.01;20
20124.33;0.01;20
20125.38;0.01;20
20126.42;0.01;20
20127.47;0.01;20
20128.51;0.01;20
20129.56;0.01;20
20130.6;0.01;20
20131.64;0.01;20
20132.69;0.01;20
20133.73;0.01;20
20134.78;0.01;20
20135.82;0.01;20
20136.87;0.01;20
20137.91;0.01;20
20138.96;0.01;20
20140;0.01;20
20141.04;0.01;20
20142.09;0.01;20
20143.13;0.01;20
20144.18;0.01;20
20145.22;0.01;20
20146.27;0.01;20
20147.31;0.01;20
20148.36;0.01;20
20149.4;0.01;20
20150.4;0.01;20
20151.49;0.01;20
20152.53;0.01;20
20153.58;0.01;20
20154.62;0.01;20
20155.67;0.01;20
20156.71;0.01;20
20157.76;0.01;20
20158.8;0.01;20
20159.84;0.01;20
20160.89;0.01;20
20161.93;0.01;20
20162.98;0.01;20
20164.02;0.01;20
20165.07;0.01;20
20166.11;0.01;20
20167.16;0.01;20
20168.2;0.01;20
20169.24;0.01;20
20170.29;0.01;20
20171.33;0.01;20
20172.38;0.01;20
20173.42;0.01;20
20174.47;0.01;20
20175.51;0.01;20
20176.56;0.01;20
20177.6;0.01;20
20178.64;0.01;20
20179.69;0.01;20
20180.73;0.01;20
20181.78;0.01;20
20182.82;0.01;20
20183.87;0.01;20
20184.91;0.02;20
20185.91;0.01;20
20187;0.01;20
20188.04;0.01;20
20189.09;0.01;20
20190.13;0.01;20
20191.18;0.01;20
20192.22;0.01;20
20193.27;0.01;20
20194.31;0.01;20
20195.36;0.01;20
20196.4;0.01;20
20197.44;0.01;20
20198.49;0.01;20
20199.53;0.01;20
20200.58;0.01;20
20201.62;0.01;20
20202.67;0.01;20
20203.71;0.01;20
20204.76;0.01;20
20205.8;0.01;20
20206.84;0.01;20
20207.89;0.01;20
20208.93;0.01;20
20209.98;0.01;20
20211.02;0.01;20
20212.07;0.01;20
20213.11;0.01;20
20214.16;0.01;20
20215.2;0.01;20
20216.24;0.01;20
20217.29;0.01;20
20218.33;0.01;20
20219.38;0.01;20
20220.42;0.01;20
20221.47;0.01;20
20222.51;0.01;20
20223.56;0.01;20
20224.6;0.01;20
20225.64;0.01;20
20226.69;0.01;20
20227.73;0.01;20
20228.78;0.01;20
20229.82;0.01;20
20230.87;0.01;20
20231.91;0.01;20
20232.96;0.01;20
20234;0.01;20
20235.04;0.01;20
20236.09;0.01;20
20237.13;0.01;20
20238.18;0.01;20
20239.22;0.01;20
20240.27;0.01;20
20241.31;0.01;20
20242.36;0.01;20
20243.4;0.01;20
20244.44;0.01;20
20245.49;0.01;20
20246.53;0.01;20
20247.58;0.01;20
20248.62;0.01;20
20249.67;0.01;20
20250.71;0.01;20
20251.76;0.01;20
20252.8;0.01;20
20253.84;0.01;20
20254.89;0.01;20
20255.93;0.01;20
20256.98;0.01;20
20258.02;0.01;20
20259.07;0.01;20
20260.11;0.01;20
20261.16;0.01;20
20262.2;0.01;20
20263.24;0.01;20
20264.29;0.01;20
20265.33;0.01;20
20266.38;0.01;20
20267.42;0.01;20
20268.47;0.01;20
20269.51;0.01;20
20270.56;0.01;20
20271.6;0.01;20
20272.64;0.01;20
20273.69;0.01;20
20274.73;0.01;20
20275.78;0.01;20
20276.82;0.01;20
20277.87;0.01;20
20278.91;0.01;20
20279.96;0.01;20
20281;0.01;20
20282.04;0.01;20
20283.09;0.01;20
20284.13;0.01;20
20285.18;0.01;20
20286.22;0.01;20
20287.27;0.01;20
20288.31;0.01;20
20289.36;0.01;20
20290.4;0.01;20
20291.44;0.01;20
20292.49;0.01;20
20293.53;0.01;20
20294.58;0.01;20
20295.62;0.01;20
20296.67;0.01;20
20297.71;0.01;20
20298.76;0.01;20
20299.8;0.01;20
20300.84;0.01;20
20301.89;0.01;20
20302.93;0.01;20
20303.98;0.01;20
20305.02;0.01;20
20306.07;0.01;20
20307.11;0.01;20
20308.16;0.01;20
20309.2;0.01;20
20310.24;0.01;20
20311.29;0.01;20
20312.33;0.01;20
20313.38;0.01;20
20314.42;0.01;20
20315.47;0.01;20
20316.51;0.01;20
20317.56;0.01;20
20318.6;0.01;20
20319.64;0.01;20
20320.69;0.01;20
20321.73;0.01;20
20322.78;0.01;20
20323.82;0.01;20
20324.87;0.01;20
20325.91;0.01;20
20326.96;0.01;20
20328;0.01;20
20329.04;0.01;20
20330.09;0.01;20
20331.13;0.01;20
20332.18;0.01;20
20333.22;0.01;20
20334.27;0.01;20
20335.31;0.01;20
20336.36;0.01;20
20337.4;0.01;20
20338.44;0.01;20
20339.49;0.01;20
20340.53;0.01;20
20341.58;0.01;20
20342.62;0.01;20
20343.67;0.01;20
20344.71;0.01;20
20345.76;0.01;20
20346.8;0.01;20
20347.84;0.01;20
20348.89;0.01;20
20349.93;0.01;20
20350.98;0.01;20
20352.02;0.01;20
20353.07;0.01;20
20354.11;0.01;20
20355.16;0.01;20
20356.2;0.01;20
20357.24;0.01;20
20358.29;0.01;20
20359.33;0.01;20
20360.38;0.01;20
20361.42;0.01;20
20362.47;0.01;20
20363.51;0.01;20
20364.56;0.01;20
20365.6;0.01;20
20366.64;0.01;20
20367.69;0.01;20
20368.73;0.01;20
20369.78;0.01;20
20370.82;0.01;20
20371.87;0.01;20
20372.91;0.01;20
20373.96;0.01;20
20375;0.01;20
20376.04;0.01;20
20377.09;0.01;20
20378.13;0.01;20
20379.18;0.01;20
20380.22;0.01;20
20381.27;0.01;20
20382.31;0.01;20
20383.36;0.01;20
20384.4;0.01;20
20385.44;0.01;20
20386.49;0.01;20
20387.53;0.01;20
20388.58;0.01;20
20389.62;0.01;20
20390.67;0.01;20
20391.71;0.01;20
20392.76;0.01;20
20393.8;0.01;20
20394.84;0.01;20
20395.89;0.01;20
20396.93;0.01;20
20397.98;0.01;20
20399.02;0.01;20
20400.07;0.01;20
20401.11;0.01;20
20402.16;0.01;20
20403.2;0.01;20
20404.24;0.01;20
20405.29;0.01;20
20406.33;0.01;20
20407.38;0.01;20
20408.42;0.01;20
20409.47;0.01;20
20410.51;0.01;20
20411.56;0.01;20
20412.6;0.01;20
20413.64;0.01;20
20414.69;0.01;20
20415.73;0.01;20
20416.78;0.01;20
20417.82;0.01;20
20418.87;0.01;20
20419.91;0.01;20
20420.96;0.01;20
20422;0.01;20
20423.04;0.01;20
20424.09;0.01;20
20425.13;0.01;20
20426.18;0.01;20
20427.22;0.01;20
20428.27;0.01;20
20429.31;0.01;20
20430.36;0.01;20
20431.4;0.01;20
20432.44;0.01;20
20433.49;0.01;20
20434.53;0.01;20
20435.58;0.01;20
20436.62;0.01;20
20437.67;0.01;20
20438.71;0.01;20
20439.76;0.01;20
20440.8;0.01;20
20441.84;0.01;20
20442.89;0.01;20
20443.93;0.01;20
20444.98;0.01;20
20446.02;0.01;20
20447.07;0.01;20
20448.11;0.01;20
20449.16;0.01;20
20450.2;0.01;20
20451.24;0.01;20
20452.29;0.01;20
20453.33;0.01;20
20454.38;0.01;20
20455.42;0.01;20
20456.47;0.01;20
20457.51;0.01;20
20458.56;0.01;20
20459.6;0.01;20
20460.64;0.01;20
20461.69;0.01;20
20462.73;0.01;20
20463.78;0.01;20
20464.82;0.01;20
20465.87;0.01;20
20466.91;0.01;20
20467.96;0.01;20
20469;0.01;20
20470.04;0.01;20
20471.09;0.01;20
20472.13;0.01;20
20473.18;0.01;20
20474.22;0.01;20
20475.27;0.01;20
20476.31;0.01;20
20477.36;0.01;20
20478.4;0.01;20
20479.44;0.01;20
20480.49;0.01;20
20481.53;0.01;20
20482.58;0.01;20
20483.62;0.01;20
20484.67;0.01;20
20485.71;0.01;20
20486.76;0.01;20
20487.8;0.01;20
20488.84;0.01;20
20489.89;0.01;20
20490.93;0.01;20
20491.98;0.01;20
20493.02;0.01;20
20494.07;0.01;20
20495.11;0.01;20
20496.16;0.01;20
20497.2;0.01;20
20498.24;0.01;20
20499.29;0.01;20
20500.33;0.01;20
20501.38;0.01;20
20502.42;0.01;20
20503.47;0.01;20
20504.51;0.01;20
20505.56;0.01;20
20506.6;0.01;20
20507.64;0.01;20
20508.69;0.01;20
20509.73;0.01;20
20510.78;0.01;20
20511.82;0.01;20
20512.87;0.01;20
20513.91;0.01;20
20514.96;0.01;20
20516;0.01;20
20517.04;0.01;20
20518.09;0.01;20
20519.13;0.01;20
20520.18;0.01;20
20521.22;0.01;20
20522.27;0.01;20
20523.31;0.01;20
20524.36;0.01;20
20525.4;0.01;20
20526.44;0.01;20
20527.49;0.01;20
20528.53;0.01;20
20529.58;0.01;20
20530.62;0.01;20
20531.67;0.01;20
20532.71;0.01;20
20533.76;0.01;20
20534.8;0.01;20
20535.84;0.01;20
20536.89;0.01;20
20537.93;0.01;20
20538.98;0.01;20
20540;0.01;20
20541.04;0.01;20
20542.09;0.01;20
20543.13;0.01;20
20544.18;0.01;20
20545.22;0.01;20
20546.27;0.01;20
20547.31;0.01;20
20548.36;0.01;20
20549.4;0.01;20
20550.44;0.01;20
20551.49;0.01;20
20552.53;0.01;20
20553.58;0.01;20
20554.62;0.01;20
20555.67;0.01;20
20556.71;0.01;20
20557.76;0.01;20
20558.8;0.01;20
20559.84;0.01;20
20560.89;0.01;20
20561.93;0.01;20
20562.98;0.01;20
20564.02;0.01;20
20565.07;0.01;20
20566.11;0.01;20
20567.16;0.01;20
20568.2;0.01;20
20569.24;0.01;20
20570.29;0.01;20
20571.33;0.01;20
20572.38;0.01;20
20573.42;0.01;20
20574.47;0.01;20
20575.51;0.01;20
20576.56;0.01;20
20577.6;0.01;20
20578.64;0.01;20
20579.69;0.01;20
20580.73;0.01;20
20581.78;0.01;20
20582.82;0.01;20
20583.87;0.01;20
20584.91;0.01;20
20585.96;0.01;20
20587;0.01;20
20588.04;0.01;20
20589.09;0.01;20
20590.13;0.01;20
20591.18;0.01;20
20592.22;0.01;20
20593.27;0.01;20
20594.31;0.01;20
20595.36;0.01;20
20596.4;0.01;20
20597.44;0.01;20
20598.49;0.01;20
20599.53;0.01;20
20600.58;0.01;20
20601.62;0.01;20
20602.67;0.01;20
20603.71;0.01;20
20604.76;0.01;20
20605.8;0.01;20
20606.84;0.01;20
20607.89;0.01;20
20608.93;0.01;20
20609.98;0.01;20
20611.02;0.01;20
20612.07;0.01;20
20613.11;0.01;20
20614.16;0.01;20
20615.2;0.01;20
20616.24;0.01;20
20617.29;0.01;20
20618.33;0.01;20
20619.38;0.01;20
20620.42;0.01;20
20621.47;0.01;20
20622.51;0.01;20
20623.56;0.01;20
20624.6;0.01;20
20625.64;0.01;20
20626.69;0.01;20
20627.73;0.01;20
20628.78;0.01;20
20629.82;0.01;20
20630.87;0.01;20
20631.91;0.01;20
20632.96;0.01;20
20634;0.01;20
20635.04;0.01;20
20636.09;0.01;20
20637.13;0.01;20
20638.18;0.01;20
20639.22;0.01;20
20640.27;0.01;20
20641.31;0.01;20
20642.36;0.01;20
20643.4;0.01;20
20644.44;0.01;20
20645.49;0.01;20
20646.53;0.01;20
20647.58;0.01;20
20648.62;0.01;20
20649.67;0.01;20
20650.71;0.01;20
20651.76;0.01;20
20652.8;0.01;20
20653.84;0.01;20
20654.89;0.01;20
20655.93;0.01;20
20656.98;0.01;20
20658.02;0.01;20
20659.07;0.01;20
20660.11;0.01;20
20661.16;0.01;20
20662.2;0.01;20
20663.24;0.01;20
20664.29;0.01;20
20665.33;0.01;20
20666.38;0.01;20
20667.42;0.01;20
20668.47;0.01;20
20669.51;0.01;20
20670.56;0.01;20
20671.6;0.01;20
20672.64;0.01;20
20673.69;0.01;20
20674.73;0.01;20
20675.78;0.01;20
20676.82;0.01;20
20677.87;0.01;20
20678.91;0.01;20
20679.96;0.01;20
20681;0.01;20
20682.04;0.01;20
20683.09;0.01;20
20684.13;0.01;20
20685.18;0.01;20
20686.22;0.01;20
20687.27;0.01;20
20688.31;0.01;20
20689.36;0.01;20
20690.4;0.01;20
20691.44;0.01;20
20692.49;0.01;20
20693.53;0.01;20
20694.58;0.01;20
20695.62;0.01;20
20696.67;0.01;20
20697.71;0.01;20
20698.76;0.01;20
20699.8;0.01;20
20700.84;0.01;20
20701.89;0.01;20
20702.93;0.01;20
20703.98;0.01;20
20705.02;0.01;20
20706.07;0.01;20
20707.11;0.01;20
20708.16;0.01;20
20709.2;0.01;20
20710.24;0.01;20
20711.29;0.01;20
20712.33;0.01;20
20713.38;0.01;20
20714.42;0.01;20
20715.47;0.01;20
20716.51;0.01;20
20717.56;0.01;20
20718.6;0.01;20
20719.64;0.01;20
20720.69;0.01;20
20721.73;0.01;20
20722.78;0.01;20
20723.82;0.01;20
20724.87;0.01;20
20725.91;0.01;20
20726.96;0.01;20
20728;0.01;20
20729.04;0.01;20
20730.09;0.01;20
20731.13;0.01;20
20732.18;0.01;20
20733.22;0.01;20
20734.27;0.01;20
20735.31;0.01;20
20736.36;0.01;20
20737.4;0.01;20
20738.44;0.01;20
20739.49;0.01;20
20740.53;0.01;20
20741.58;0.01;20
20742.62;0.01;20
20743.67;0.01;20
20744.71;0.01;20
20745.76;0.01;20
20746.8;0.01;20
20747.84;0.01;20
20748.89;0.01;20
20749.93;0.01;20
20750.98;0.01;20
20752.02;0.01;20
20753.07;0.01;20
20754.11;0.01;20
20755.16;0.01;20
20756.2;0.01;20
20757.24;0.01;20
20758.29;0.01;20
20759.33;0.01;20
20760.38;0.01;20
20761.42;0.01;20
20762.47;0.01;20
20763.51;0.01;20
20764.56;0.01;20
20765.6;0.01;20
20766.64;0.01;20
20767.69;0.01;20
20768.73;0.01;20
20769.78;0.01;20
20770.82;0.01;20
20771.87;0.01;20
20772.91;0.01;20
20773.96;0.01;20
20775;0.01;20
20776.04;0.01;20
20777.09;0.01;20
20778.13;0.01;20
20779.18;0.01;20
20780.22;0.01;20
20781.27;0.01;20
20782.31;0.01;20
20783.36;0.01;20
20784.4;0.01;20
20785.44;0.01;20
20786.49;0.01;20
20787.53;0.01;20
20788.58;0.01;20
20789.62;0.01;20
20790.67;0.01;20
20791.71;0.01;20
20792.76;0.01;20
20793.8;0.01;20
20794.84;0.01;20
20795.89;0.01;20
20796.93;0.01;20
20797.98;0.01;20
20799.02;0.01;20
20800.07;0.01;20
20801.11;0.01;20
20802.16;0.01;20
20803.2;0.01;20
20804.24;0.01;20
20805.29;0.01;20
20806.33;0.01;20
20807.38;0.01;20
20808.42;0.01;20
20809.47;0.01;20
20810.51;0.01;20
20811.56;0.01;20
20812.6;0.01;20
20813.64;0.01;20
20814.69;0.01;20
20815.73;0.01;20
20816.78;0.01;20
20817.82;0.01;20
20818.87;0.01;20
20819.91;0.01;20
20820.96;0.01;20
20822;0.01;20
20823.04;0.01;20
20824.09;0.01;20
20825.13;0.01;20
20826.18;0.01;20
20827.22;0.01;20
20828.27;0.01;20
20829.31;0.01;20
20830.36;0.01;20
20831.4;0.01;20
20832.44;0.01;20
20833.49;0.01;20
20834.53;0.01;20
20835.58;0.01;20
20836.62;0.01;20
20837.67;0.01;20
20838.71;0.01;20
20839.76;0.01;20
20840.8;0.01;20
20841.84;0.01;20
20842.89;0.01;20
20843.93;0.01;20
20844.98;0.01;20
20846.02;0.01;20
20847.07;0.01;20
20848.11;0.01;20
20849.16;0.01;20
20850.2;0.01;20
20851.24;0.01;20
20852.29;0.01;20
20853.33;0.01;20
20854.38;0.01;20
20855.42;0.01;20
20856.47;0.01;20
20857.51;0.01;20
20858.56;0.01;20
20859.6;0.01;20
20860.64;0.01;20
20861.69;0.01;20
20862.73;0.01;20
20863.78;0.01;20
20864.82;0.01;20
20865.87;0.01;20
20866.91;0.01;20
20867.96;0.01;20
20869;0.01;20
20870.04;0.01;20
20871.09;0.01;20
20872.13;0.01;20
20873.18;0.01;20
20874.22;0.01;20
20875.27;0.01;20
20876.31;0.01;20
20877.36;0.01;20
20878.4;0.01;20
20879.44;0.01;20
20880.49;0.01;20
20881.53;0.01;20
20882.58;0.01;20
20883.62;0.01;20
20884.67;0.01;20
20885.71;0.01;20
20886.76;0.01;20
20887.8;0.01;20
20888.84;0.01;20
20889.89;0.01;20
20890.91;0.01;20
20891.96;0.01;20
20893;0.01;20
20894.04;0.01;20
20895.09;0.01;20
20896.13;0.01;20
20897.18;0.01;20
20898.22;0.01;20
20899.27;0.01;20
20900.31;0.01;20
20901.36;0.01;20
20902.4;0.01;20
20903.44;0.01;20
20904.49;0.01;20
20905.53;0.01;20
20906.58;0.01;20
20907.62;0.01;20
20908.67;0.01;20
20909.71;0.01;20
20910.76;0.01;20
20911.8;0.01;20
20912.84;0.01;20
20913.89;0.01;20
20914.93;0.01;20
20915.98;0.01;20
20917.02;0.01;20
20918.07;0.01;20
20919.11;0.01;20
20920.16;0.01;20
20921.2;0.01;20
20922.24;0.01;20
20923.29;0.01;20
20924.33;0.01;20
20925.38;0.01;20
20926.42;0.01;20
20927.47;0.01;20
20928.51;0.01;20
20929.56;0.01;20
20930.6;0.01;20
20931.64;0.01;20
20932.69;0.01;20
20933.73;0.01;20
20934.78;0.01;20
20935.82;0.01;20
20936.87;0.01;20
20937.91;0.01;20
20938.96;0.01;20
20940;0.01;20
20941.04;0.01;20
20942.09;0.01;20
20943.13;0.01;20
20944.18;0.01;20
20945.22;0.01;20
20946.27;0.01;20
20947.31;0.01;20
20948.36;0.01;20
20949.4;0.01;20
20950.44;0.01;20
20951.49;0.01;20
20952.53;0.01;20
20953.58;0.01;20
20954.62;0.01;20
20955.67;0.01;20
20956.71;0.01;20
20957.76;0.01;20
20958.8;0.01;20
20959.84;0.01;20
20960.89;0.01;20
20961.93;0.01;20
20962.98;0.01;20
20964.02;0.01;20
20965.07;0.01;20
20966.11;0.01;20
20967.16;0.01;20
20968.2;0.01;20
20969.24;0.01;20
20970.29;0.01;20
20971.33;0.01;20
20972.38;0.01;20
20973.42;0.01;20
20974.47;0.01;20
20975.51;0.01;20
20976.56;0.01;20
20977.6;0.01;20
20978.64;0.01;20
20979.69;0.01;20
20980.73;0.01;20
20981.78;0.01;20
20982.82;0.01;20
20983.87;0.01;20
20984.91;0.01;20
20985.96;0.01;20
20987;0.01;20
20988.04;0.01;20
20989.09;0.01;20
20990.13;0.01;20
20991.18;0.01;20
20992.22;0.01;20
20993.27;0.01;20
20994.31;0.01;20
20995.36;0.01;20
20996.4;0.01;20
20997.44;0.01;20
20998.49;0.01;20
20999.53;0.01;20
21000.58;0.01;20
21001.62;0.01;20
21002.67;0.01;20
21003.71;0.01;20
21004.76;0.01;20
21005.8;0.01;20
21006.84;0.01;20
21007.89;0.01;20
21008.93;0.01;20
21009.98;0.01;20
21010.98;0.02;20
21012.07;0.01;20
21013.11;0.01;20
21014.16;0.01;20
21015.2;0.01;20
21016.24;0.01;20
21017.29;0.01;20
21018.33;0.01;20
21019.38;0.01;20
21020.42;0.01;20
21021.47;0.01;20
21022.51;0.01;20
21023.56;0.01;20
21024.6;0.01;20
21025.64;0.01;20
21026.69;0.01;20
21027.73;0.01;20
21028.78;0.01;20
21029.82;0.01;20
21030.87;0.01;20
21031.91;0.01;20
21032.96;0.01;20
21034;0.01;20
21035.04;0.01;20
21036.09;0.01;20
21037.13;0.01;20
21038.18;0.01;20
21039.22;0.01;20
21040.27;0.01;20
21041.31;0.01;20
21042.36;0.01;20
21043.4;0.01;20
21044.44;0.01;20
21045.49;0.01;20
21046.53;0.01;20
21047.58;0.01;20
21048.62;0.01;20
21049.67;0.01;20
21050.71;0.01;20
21051.76;0.01;20
21052.8;0.01;20
21053.84;0.01;20
21054.89;0.01;20
21055.93;0.01;20
21056.98;0.01;20
21058.02;0.01;20
21059.07;0.01;20
21060.11;0.01;20
21061.16;0.01;20
21062.2;0.01;20
21063.24;0.01;20
21064.29;0.01;20
21065.33;0.01;20
21066.38;0.01;20
21067.42;0.01;20
21068.47;0.01;20
21069.51;0.01;20
21070.56;0.01;20
21071.6;0.01;20
21072.64;0.01;20
21073.69;0.01;20
21074.73;0.01;20
21075.78;0.01;20
21076.82;0.01;20
21077.87;0.01;20
21078.91;0.01;20
21079.96;0.01;20
21081;0.01;20
21082.04;0.01;20
21083.09;0.01;20
21084.13;0.01;20
21085.18;0.01;20
21086.22;0.01;20
21087.27;0.01;20
21088.31;0.01;20
21089.36;0.01;20
21090.4;0.01;20
21091.44;0.01;20
21092.49;0.01;20
21093.53;0.01;20
21094.58;0.02;20
21095.62;0.02;20
21096.67;0.01;20
21097.71;0.01;20
21098.76;0.01;20
21099.8;0.01;20
21100.84;0.01;20
21101.89;0.01;20
21102.93;0.01;20
21103.98;0.01;20
21105.02;0.01;20
21106.07;0.01;20
21107.11;0.01;20
21108.16;0.01;20
21109.2;0.01;20
21110.24;0.01;20
21111.29;0.01;20
21112.33;0.01;20
21113.38;0.01;20
21114.42;0.01;20
21115.47;0.01;20
21116.51;0.01;20
21117.56;0.01;20
21118.6;0.01;20
21119.64;0.01;20
21120.69;0.01;20
21121.73;0.01;20
21122.78;0.01;20
21123.82;0.01;20
21124.87;0.01;20
21125.91;0.01;20
21126.96;0.01;20
21128;0.01;20
21129.04;0.01;20
21130.09;0.01;20
21131.13;0.01;20
21132.18;0.01;20
21133.22;0.01;20
21134.27;0.01;20
21135.31;0.01;20
21136.36;0.01;20
21137.4;0.01;20
21138.44;0.01;20
21139.49;0.01;20
21140.53;0.01;20
21141.58;0.01;20
21142.62;0.01;20
21143.67;0.01;20
21144.71;0.01;20
21145.76;0.01;20
21146.8;0.01;20
21147.84;0.01;20
21148.89;0.01;20
21149.93;0.01;20
21150.98;0.01;20
21152.02;0.01;20
21153.07;0.01;20
21154.11;0.01;20
21155.16;0.01;20
21156.2;0.01;20
21157.24;0.01;20
21158.29;0.01;20
21159.33;0.01;20
21160.38;0.01;20
21161.42;0.01;20
21162.47;0.01;20
21163.51;0.01;20
21164.56;0.01;20
21165.6;0.01;20
21166.64;0.01;20
21167.69;0.01;20
21168.73;0.01;20
21169.78;0.01;20
21170.82;0.01;20
21171.87;0.01;20
21172.91;0.01;20
21173.96;0.01;20
21175;0.01;20
21176.04;0.01;20
21177.09;0.01;20
21178.13;0.01;20
21179.18;0.01;20
21180.22;0.01;20
21181.27;0.01;20
21182.31;0.01;20
21183.36;0.01;20
21184.4;0.01;20
21185.44;0.01;20
21186.49;0.01;20
21187.53;0.01;20
21188.58;0.01;20
21189.62;0.01;20
21190.67;0.01;20
21191.71;0.01;20
21192.76;0.01;20
21193.8;0.01;20
21194.84;0.01;20
21195.89;0.01;20
21196.93;0.01;20
21197.98;0.01;20
21199.02;0.01;20
21200.07;0.01;20
21201.11;0.01;20
21202.16;0.01;20
21203.2;0.01;20
21204.24;0.01;20
21205.29;0.01;20
21206.33;0.01;20
21207.38;0.01;20
21208.42;0.01;20
21209.47;0.01;20
21210.51;0.01;20
21211.56;0.01;20
21212.6;0.01;20
21213.64;0.01;20
21214.69;0.01;20
21215.73;0.01;20
21216.78;0.01;20
21217.82;0.01;20
21218.87;0.01;20
21219.91;0.01;20
21220.96;0.01;20
21222;0.01;20
21223.04;0.01;20
21224.09;0.01;20
21225.13;0.01;20
21226.18;0.01;20
21227.22;0.01;20
21228.27;0.01;20
21229.31;0.01;20
21230.36;0.01;20
21231.4;0.01;20
21232.44;0.01;20
21233.49;0.01;20
21234.53;0.01;20
21235.58;0.01;20
21236.62;0.01;20
21237.67;0.01;20
21238.71;0.01;20
21239.76;0.01;20
21240.8;0.01;20
21241.84;0.01;20
21242.89;0.01;20
21243.93;0.01;20
21244.98;0.01;20
21246.02;0.01;20
21247.07;0.01;20
21248.11;0.01;20
21249.16;0.01;20
21250.2;0.01;20
21251.24;0.01;20
21252.29;0.01;20
21253.33;0.01;20
21254.38;0.01;20
21255.42;0.01;20
21256.47;0.01;20
21257.51;0.01;20
21258.56;0.01;20
21259.6;0.01;20
21260.64;0.01;20
21261.69;0.01;20
21262.73;0.01;20
21263.78;0.01;20
21264.82;0.01;20
21265.87;0.01;20
21266.91;0.01;20
21267.96;0.01;20
21269;0.01;20
21270.04;0.01;20
21271.09;0.01;20
21272.13;0.01;20
21273.18;0.01;20
21274.22;0.01;20
21275.27;0.01;20
21276.31;0.01;20
21277.36;0.01;20
21278.4;0.01;20
21279.44;0.01;20
21280.49;0.01;20
21281.53;0.01;20
21282.58;0.01;20
21283.62;0.01;20
21284.67;0.01;20
21285.71;0.01;20
21286.76;0.01;20
21287.8;0.01;20
21288.84;0.01;20
21289.89;0.01;20
21290.93;0.01;20
21291.98;0.01;20
21293.02;0.01;20
21294.07;0.01;20
21295.11;0.01;20
21296.16;0.01;20
21297.2;0.01;20
21298.24;0.01;20
21299.29;0.01;20
21300.33;0.01;20
21301.38;0.01;20
21302.42;0.01;20
21303.47;0.01;20
21304.51;0.01;20
21305.56;0.01;20
21306.6;0.01;20
21307.64;0.01;20
21308.69;0.01;20
21309.73;0.01;20
21310.78;0.01;20
21311.82;0.01;20
21312.87;0.01;20
21313.91;0.01;20
21314.96;0.01;20
21316;0.01;20
21317.04;0.01;20
21318.09;0.01;20
21319.13;0.01;20
21320.18;0.01;20
21321.22;0.01;20
21322.27;0.01;20
21323.31;0.01;20
21324.36;0.01;20
21325.4;0.01;20
21326.44;0.01;20
21327.49;0.01;20
21328.53;0.01;20
21329.58;0.01;20
21330.62;0.01;20
21331.67;0.01;20
21332.71;0.01;20
21333.76;0.01;20
21334.8;0.01;20
21335.84;0.01;20
21336.89;0.01;20
21337.93;0.01;20
21338.98;0.01;20
21340;0.01;20
21341.04;0.01;20
21342.09;0.01;20
21343.13;0.01;20
21344.18;0.01;20
21345.22;0.01;20
21346.27;0.01;20
21347.31;0.01;20
21348.36;0.01;20
21349.4;0.01;20
21350.44;0.01;20
21351.49;0.01;20
21352.53;0.01;20
21353.58;0.01;20
21354.62;0.01;20
21355.67;0.01;20
21356.71;0.01;20
21357.76;0.01;20
21358.8;0.01;20
21359.84;0.01;20
21360.89;0.01;20
21361.93;0.01;20
21362.98;0.01;20
21364.02;0.01;20
21365.07;0.01;20
21366.11;0.01;20
21367.16;0.01;20
21368.2;0.01;20
21369.24;0.01;20
21370.29;0.01;20
21371.33;0.01;20
21372.38;0.01;20
21373.42;0.01;20
21374.47;0.01;20
21375.51;0.01;20
21376.56;0.01;20
21377.6;0.01;20
21378.64;0.01;20
21379.69;0.01;20
21380.73;0.01;20
21381.78;0.01;20
21382.82;0.01;20
21383.87;0.01;20
21384.91;0.01;20
21385.96;0.01;20
21387;0.01;20
21388.04;0.01;20
21389.09;0.01;20
21390.13;0.01;20
21391.18;0.01;20
21392.22;0.01;20
21393.27;0.01;20
21394.31;0.01;20
21395.36;0.01;20
21396.4;0.01;20
21397.44;0.01;20
21398.49;0.01;20
21399.53;0.01;20
21400.58;0.01;20
21401.62;0.01;20
21402.67;0.01;20
21403.71;0.01;20
21404.76;0.01;20
21405.8;0.01;20
21406.84;0.01;20
21407.89;0.01;20
21408.93;0.01;20
21409.98;0.01;20
21411.02;0.01;20
21412.07;0.01;20
21413.11;0.01;20
21414.16;0.01;20
21415.2;0.01;20
21416.24;0.01;20
21417.29;0.01;20
21418.33;0.01;20
21419.38;0.01;20
21420.42;0.01;20
21421.47;0.01;20
21422.51;0.01;20
21423.56;0.01;20
21424.6;0.01;20
21425.64;0.01;20
21426.69;0.01;20
21427.73;0.01;20
21428.78;0.01;20
21429.82;0.01;20
21430.87;0.01;20
21431.91;0.01;20
21432.96;0.01;20
21434;0.01;20
21435.04;0.01;20
21436.09;0.01;20
21437.13;0.01;20
21438.18;0.01;20
21439.22;0.01;20
21440.27;0.01;20
21441.31;0.01;20
21442.36;0.01;20
21443.4;0.01;20
21444.44;0.01;20
21445.49;0.01;20
21446.53;0.01;20
21447.58;0.01;20
21448.62;0.01;20
21449.67;0.01;20
21450.71;0.01;20
21451.76;0.01;20
21452.8;0.01;20
21453.84;0.01;20
21454.89;0.01;20
21455.93;0.01;20
21456.98;0.01;20
21458.02;0.01;20
21459.07;0.01;20
21460.11;0.01;20
21461.16;0.01;20
21462.2;0.01;20
21463.24;0.01;20
21464.29;0.01;20
21465.33;0.01;20
21466.38;0.01;20
21467.42;0.01;20
21468.47;0.01;20
21469.51;0.01;20
21470.56;0.01;20
21471.6;0.01;20
21472.64;0.01;20
21473.69;0.01;20
21474.73;0.01;20
21475.78;0.01;20
21476.82;0.01;20
21477.87;0.01;20
21478.91;0.01;20
21479.96;0.01;20
21481;0.01;20
21482.04;0.01;20
21483.09;0.01;20
21484.13;0.01;20
21485.18;0.01;20
21486.22;0.01;20
21487.27;0.01;20
21488.31;0.01;20
21489.36;0.01;20
21490.4;0.01;20
21491.44;0.01;20
21492.49;0.01;20
21493.53;0.01;20
21494.58;0.01;20
21495.62;0.01;20
21496.67;0.01;20
21497.71;0.01;20
21498.76;0.01;20
21499.8;0.01;20
21500.84;0.01;20
21501.89;0.01;20
21502.93;0.01;20
21503.98;0.01;20
21505.02;0.01;20
21506.07;0.01;20
21507.11;0.01;20
21508.16;0.01;20
21509.2;0.01;20
21510.24;0.01;20
21511.29;0.01;20
21512.33;0.01;20
21513.38;0.01;20
21514.42;0.01;20
21515.47;0.01;20
21516.51;0.01;20
21517.56;0.01;20
21518.6;0.01;20
21519.64;0.01;20
21520.69;0.01;20
21521.73;0.01;20
21522.78;0.01;20
21523.82;0.01;20
21524.87;0.01;20
21525.91;0.01;20
21526.96;0.01;20
21528;0.01;20
21529.04;0.01;20
21530.09;0.01;20
21531.13;0.01;20
21532.18;0.01;20
21533.22;0.01;20
21534.27;0.01;20
21535.31;0.01;20
21536.36;0.01;20
21537.4;0.01;20
21538.44;0.01;20
21539.49;0.01;20
21540.53;0.01;20
21541.58;0.01;20
21542.62;0.01;20
21543.67;0.01;20
21544.71;0.01;20
21545.76;0.01;20
21546.8;0.01;20
21547.84;0.01;20
21548.89;0.01;20
21549.93;0.01;20
21550.98;0.01;20
21552.02;0.01;20
21553.07;0.01;20
21554.11;0.01;20
21555.16;0.01;20
21556.2;0.01;20
21557.24;0.01;20
21558.29;0.01;20
21559.33;0.01;20
21560.38;0.01;20
21561.42;0.01;20
21562.47;0.01;20
21563.51;0.01;20
21564.56;0.01;20
21565.6;0.01;20
21566.64;0.01;20
21567.69;0.01;20
21568.73;0.01;20
21569.78;0.01;20
21570.82;0.01;20
21571.87;0.01;20
21572.91;0.01;20
21573.96;0.01;20
21575;0.01;20
21576.04;0.01;20
21577.09;0.01;20
21578.13;0.01;20
21579.18;0.01;20
21580.22;0.01;20
21581.27;0.01;20
21582.31;0.01;20
21583.36;0.01;20
21584.4;0.01;20
21585.44;0.01;20
21586.49;0.01;20
21587.53;0.01;20
21588.58;0.01;20
21589.62;0.01;20
21590.67;0.01;20
21591.71;0.01;20
21592.76;0.01;20
21593.8;0.01;20
21594.84;0.01;20
21595.89;0.01;20
21596.93;0.01;20
21597.98;0.01;20
21599.02;0.01;20
21600.07;0.01;20
21601.11;0.01;20
21602.16;0.01;20
21603.2;0.01;20
21604.24;0.01;20
21605.29;0.01;20
21606.33;0.01;20
21607.38;0.01;20
21608.42;0.01;20
21609.47;0.01;20
21610.51;0.01;20
21611.56;0.01;20
21612.6;0.01;20
21613.64;0.01;20
21614.69;0.01;20
21615.73;0.01;20
21616.78;0.01;20
21617.82;0.01;20
21618.87;0.01;20
21619.91;0.01;20
21620.96;0.01;20
21622;0.01;20
21623.04;0.01;20
21624.09;0.01;20
21625.13;0.01;20
21626.18;0.01;20
21627.22;0.01;20
21628.27;0.01;20
21629.31;0.01;20
21630.36;0.01;20
21631.4;0.01;20
21632.44;0.01;20
21633.49;0.01;20
21634.53;0.01;20
21635.58;0.01;20
21636.62;0.01;20
21637.67;0.01;20
21638.71;0.01;20
21639.76;0.01;20
21640.8;0.01;20
21641.84;0.01;20
21642.89;0.01;20
21643.93;0.01;20
21644.98;0.01;20
21646.02;0.01;20
21647.07;0.01;20
21648.11;0.01;20
21649.16;0.01;20
21650.2;0.01;20
21651.24;0.01;20
21652.29;0.01;20
21653.33;0.01;20
21654.38;0.01;20
21655.42;0.01;20
21656.47;0.01;20
21657.51;0.01;20
21658.56;0.01;20
21659.6;0.01;20
21660.64;0.01;20
21661.69;0.01;20
21662.73;0.01;20
21663.78;0.01;20
21664.82;0.01;20
21665.87;0.01;20
21666.91;0.01;20
21667.96;0.01;20
21669;0.01;20
21670.04;0.01;20
21671.09;0.01;20
21672.13;0.01;20
21673.18;0.01;20
21674.22;0.01;20
21675.27;0.01;20
21676.31;0.01;20
21677.36;0.01;20
21678.4;0.01;20
21679.44;0.01;20
21680.49;0.01;20
21681.53;0.01;20
21682.58;0.01;20
21683.62;0.01;20
21684.67;0.01;20
21685.71;0.01;20
21686.76;0.01;20
21687.8;0.01;20
21688.84;0.01;20
21689.89;0.01;20
21690.93;0.01;20
21691.98;0.01;20
21693.02;0.01;20
21694.07;0.01;20
21695.11;0.01;20
21696.16;0.01;20
21697.2;0.01;20
21698.24;0.01;20
21699.29;0.01;20
21700.33;0.01;20
21701.36;0.01;20
21702.4;0.01;20
21703.44;0.01;20
21704.49;0.01;20
21705.53;0.01;20
21706.58;0.01;20
21707.62;0.01;20
21708.67;0.01;20
21709.71;0.01;20
21710.76;0.01;20
21711.8;0.01;20
21712.84;0.01;20
21713.89;0.01;20
21714.93;0.01;20
21715.98;0.01;20
21717.02;0.01;20
21718.07;0.01;20
21719.11;0.01;20
21720.16;0.01;20
21721.2;0.01;20
21722.24;0.01;20
21723.29;0.01;20
21724.33;0.01;20
21725.38;0.01;20
21726.42;0.01;20
21727.47;0.01;20
21728.51;0.01;20
21729.56;0.01;20
21730.6;0.01;20
21731.64;0.01;20
21732.69;0.01;20
21733.73;0.01;20
21734.78;0.01;20
21735.82;0.01;20
21736.87;0.01;20
21737.91;0.01;20
21738.96;0.01;20
21740;0.01;20
21741.04;0.01;20
21742.09;0.01;20
21743.13;0.01;20
21744.18;0.01;20
21745.22;0.01;20
21746.27;0.01;20
21747.31;0.01;20
21748.36;0.01;20
21749.4;0.01;20
21750.4;0.01;20
21751.49;0.01;20
21752.53;0.01;20
21753.58;0.01;20
21754.62;0.01;20
21755.67;0.01;20
21756.71;0.01;20
21757.76;0.01;20
21758.8;0.01;20
21759.84;0.01;20
21760.89;0.01;20
21761.93;0.01;20
21762.98;0.01;20
21764.02;0.01;20
21765.07;0.01;20
21766.11;0.01;20
21767.16;0.01;20
21768.2;0.01;20
21769.24;0.01;20
21770.29;0.01;20
21771.33;0.01;20
21772.38;0.01;20
21773.42;0.01;20
21774.47;0.01;20
21775.51;0.01;20
21776.56;0.01;20
21777.6;0.01;20
21778.64;0.01;20
21779.69;0.01;20
21780.73;0.01;20
21781.78;0.01;20
21782.82;0.01;20
21783.87;0.01;20
21784.91;0.01;20
21785.96;0.01;20
21787;0.01;20
21788.04;0.01;20
21789.09;0.01;20
21790.13;0.01;20
21791.18;0.01;20
21792.22;0.01;20
21793.27;0.01;20
21794.31;0.01;20
21795.36;0.01;20
21796.4;0.01;20
21797.44;0.01;20
21798.49;0.01;20
21799.53;0.01;20
21800.58;0.01;20
21801.62;0.01;20
21802.67;0.01;20
21803.71;0.01;20
21804.76;0.01;20
21805.8;0.01;20
21806.84;0.01;20
21807.89;0.01;20
21808.93;0.01;20
21809.98;0.01;20
21811.02;0.01;20
21812.07;0.01;20
21813.11;0.01;20
21814.16;0.01;20
21815.2;0.01;20
21816.24;0.01;20
21817.29;0.01;20
21818.33;0.01;20
21819.38;0.01;20
21820.42;0.01;20
21821.47;0.01;20
21822.51;0.01;20
21823.56;0.01;20
21824.6;0.01;20
21825.64;0.01;20
21826.69;0.01;20
21827.73;0.01;20
21828.78;0.01;20
21829.82;0.01;20
21830.87;0.01;20
21831.91;0.01;20
21832.96;0.01;20
21834;0.01;20
21835.04;0.01;20
21836.09;0.01;20
21837.13;0.01;20
21838.18;0.01;20
21839.22;0.01;20
21840.27;0.01;20
21841.31;0.01;20
21842.36;0.01;20
21843.4;0.01;20
21844.44;0.01;20
21845.49;0.01;20
21846.53;0.01;20
21847.58;0.01;20
21848.62;0.01;20
21849.67;0.01;20
21850.71;0.01;20
21851.76;0.01;20
21852.8;0.01;20
21853.84;0.01;20
21854.89;0.01;20
21855.93;0.01;20
21856.98;0.01;20
21858.02;0.01;20
21859.07;0.01;20
21860.11;0.01;20
21861.16;0.01;20
21862.2;0.01;20
21863.24;0.01;20
21864.29;0.01;20
21865.33;0.01;20
21866.38;0.01;20
21867.42;0.01;20
21868.47;0.01;20
21869.51;0.01;20
21870.56;0.01;20
21871.6;0.01;20
21872.64;0.01;20
21873.69;0.01;20
21874.73;0.01;20
21875.78;0.01;20
21876.82;0.01;20
21877.87;0.01;20
21878.91;0.01;20
21879.96;0.01;20
21881;0.01;20
21882.04;0.01;20
21883.09;0.01;20
21884.13;0.01;20
21885.18;0.01;20
21886.22;0.01;20
21887.27;0.01;20
21888.31;0.01;20
21889.36;0.01;20
21890.4;0.01;20
21891.44;0.01;20
21892.49;0.01;20
21893.53;0.01;20
21894.58;0.01;20
21895.62;0.01;20
21896.67;0.01;20
21897.71;0.01;20
21898.76;0.01;20
21899.8;0.01;20
21900.84;0.01;20
21901.89;0.01;20
21902.93;0.01;20
21903.98;0.01;20
21905.02;0.01;20
21906.07;0.01;20
21907.11;0.01;20
21908.16;0.01;20
21909.2;0.01;20
21910.24;0.01;20
21911.29;0.01;20
21912.33;0.01;20
21913.38;0.01;20
21914.42;0.01;20
21915.47;0.01;20
21916.51;0.01;20
21917.56;0.01;20
21918.6;0.01;20
21919.64;0.01;20
21920.69;0.01;20
21921.73;0.01;20
21922.78;0.01;20
21923.82;0.01;20
21924.87;0.01;20
21925.91;0.01;20
21926.96;0.01;20
21928;0.01;20
21929.04;0.01;20
21930.09;0.01;20
21931.13;0.01;20
21932.18;0.01;20
21933.22;0.01;20
21934.27;0.01;20
21935.31;0.01;20
21936.36;0.01;20
21937.4;0.01;20
21938.44;0.01;20
21939.49;0.01;20
21940.53;0.01;20
21941.58;0.01;20
21942.62;0.01;20
21943.67;0.01;20
21944.71;0.01;20
21945.76;0.01;20
21946.8;0.01;20
21947.84;0.01;20
21948.89;0.01;20
21949.93;0.01;20
21950.98;0.01;20
21952.02;0.01;20
21953.07;0.01;20
21954.11;0.01;20
21955.16;0.01;20
21956.2;0.01;20
21957.24;0.01;20
21958.29;0.01;20
21959.33;0.01;20
21960.38;0.01;20
21961.42;0.01;20
21962.47;0.01;20
21963.51;0.01;20
21964.56;0.01;20
21965.6;0.01;20
21966.64;0.01;20
21967.69;0.01;20
21968.73;0.01;20
21969.78;0.01;20
21970.82;0.01;20
21971.87;0.01;20
21972.91;0.01;20
21973.96;0.01;20
21975;0.01;20
21976.04;0.01;20
21977.09;0.01;20
21978.13;0.01;20
21979.18;0.01;20
21980.22;0.01;20
21981.27;0.01;20
21982.31;0.01;20
21983.36;0.01;20
21984.4;0.01;20
21985.44;0.01;20
21986.49;0.01;20
21987.53;0.01;20
21988.58;0.01;20
21989.62;0.01;20
21990.67;0.01;20
21991.71;0.01;20
21992.76;0.01;20
21993.8;0.01;20
21994.84;0.01;20
21995.89;0.01;20
21996.93;0.01;20
21997.98;0.01;20
21999.02;0.01;20
22000.07;0.01;20
22001.11;0.01;20
22002.16;0.01;20
22003.2;0.01;20
22004.24;0.01;20
22005.29;0.01;20
22006.33;0.01;20
22007.38;0.01;20
22008.42;0.01;20
22009.47;0.01;20
22010.51;0.01;20
22011.56;0.01;20
22012.6;0.01;20
22013.64;0.01;20
22014.69;0.01;20
22015.73;0.01;20
22016.78;0.01;20
22017.82;0.01;20
22018.87;0.01;20
22019.91;0.01;20
22020.96;0.01;20
22022;0.01;20
22023.04;0.01;20
22024.09;0.01;20
22025.13;0.01;20
22026.18;0.01;20
22027.22;0.01;20
22028.27;0.01;20
22029.31;0.01;20
22030.36;0.01;20
22031.4;0.01;20
22032.44;0.01;20
22033.49;0.01;20
22034.53;0.01;20
22035.58;0.01;20
22036.62;0.01;20
22037.67;0.01;20
22038.71;0.01;20
22039.76;0.01;20
22040.8;0.01;20
22041.84;0.01;20
22042.89;0.01;20
22043.93;0.01;20
22044.98;0.01;20
22046.02;0.01;20
22047.07;0.01;20
22048.11;0.01;20
22049.16;0.01;20
22050.2;0.01;20
22051.24;0.01;20
22052.29;0.01;20
22053.33;0.01;20
22054.38;0.01;20
22055.42;0.01;20
22056.47;0.01;20
22057.51;0.01;20
22058.56;0.01;20
22059.6;0.01;20
22060.64;0.01;20
22061.69;0.01;20
22062.73;0.01;20
22063.78;0.01;20
22064.82;0.01;20
22065.87;0.01;20
22066.91;0.01;20
22067.96;0.01;20
22069;0.01;20
22070.04;0.01;20
22071.09;0.01;20
22072.13;0.01;20
22073.18;0.01;20
22074.22;0.01;20
22075.27;0.01;20
22076.31;0.01;20
22077.36;0.01;20
22078.4;0.01;20
22079.44;0.01;20
22080.49;0.01;20
22081.53;0.01;20
22082.58;0.01;20
22083.62;0.01;20
22084.67;0.01;20
22085.71;0.01;20
22086.76;0.01;20
22087.8;0.01;20
22088.84;0.01;20
22089.89;0.01;20
22090.93;0.01;20
22091.98;0.01;20
22093.02;0.01;20
22094.07;0.01;20
22095.11;0.01;20
22096.16;0.01;20
22097.2;0.01;20
22098.24;0.01;20
22099.29;0.01;20
22100.33;0.01;20
22101.38;0.01;20
22102.42;0.01;20
22103.47;0.01;20
22104.51;0.01;20
22105.56;0.01;20
22106.6;0.01;20
22107.64;0.01;20
22108.69;0.01;20
22109.73;0.01;20
22110.78;0.01;20
22111.82;0.01;20
22112.87;0.01;20
22113.91;0.01;20
22114.96;0.01;20
22116;0.01;20
22117.04;0.01;20
22118.09;0.01;20
22119.13;0.01;20
22120.18;0.01;20
22121.22;0.01;20
22122.27;0.01;20
22123.31;0.01;20
22124.36;0.01;20
22125.4;0.01;20
22126.44;0.01;20
22127.49;0.01;20
22128.53;0.01;20
22129.58;0.01;20
22130.62;0.01;20
22131.67;0.01;20
22132.71;0.01;20
22133.76;0.01;20
22134.8;0.01;20
22135.84;0.01;20
22136.89;0.01;20
22137.93;0.01;20
22138.98;0.01;20
22140;0.01;20
22141.04;0.01;20
22142.09;0.01;20
22143.13;0.01;20
22144.18;0.01;20
22145.22;0.01;20
22146.27;0.01;20
22147.31;0.01;20
22148.36;0.01;20
22149.4;0.01;20
22150.44;0.01;20
22151.49;0.01;20
22152.53;0.01;20
22153.58;0.01;20
22154.62;0.01;20
22155.67;0.01;20
22156.71;0.01;20
22157.76;0.01;20
22158.8;0.01;20
22159.84;0.01;20
22160.89;0.01;20
22161.93;0.01;20
22162.98;0.01;20
22164.02;0.01;20
22165.07;0.01;20
22166.11;0.01;20
22167.16;0.01;20
22168.2;0.01;20
22169.24;0.01;20
22170.29;0.01;20
22171.33;0.01;20
22172.38;0.01;20
22173.42;0.01;20
22174.47;0.01;20
22175.51;0.01;20
22176.56;0.01;20
22177.6;0.01;20
22178.64;0.01;20
22179.69;0.01;20
22180.73;0.01;20
22181.78;0.01;20
22182.82;0.01;20
22183.87;0.01;20
22184.91;0.01;20
22185.96;0.01;20
22187;0.01;20
22188.04;0.01;20
22189.09;0.01;20
22190.13;0.01;20
22191.18;0.01;20
22192.22;0.01;20
22193.27;0.01;20
22194.31;0.01;20
22195.36;0.01;20
22196.4;0.01;20
22197.44;0.01;20
22198.49;0.01;20
22199.53;0.01;20
22200.58;0.01;20
22201.62;0.01;20
22202.67;0.01;20
22203.71;0.01;20
22204.76;0.01;20
22205.8;0.01;20
22206.84;0.01;20
22207.89;0.01;20
22208.93;0.01;20
22209.98;0.01;20
22211.02;0.01;20
22212.07;0.01;20
22213.11;0.01;20
22214.16;0.01;20
22215.2;0.01;20
22216.24;0.01;20
22217.29;0.01;20
22218.33;0.01;20
22219.38;0.01;20
22220.42;0.01;20
22221.47;0.01;20
22222.51;0.01;20
22223.56;0.01;20
22224.6;0.01;20
22225.64;0.01;20
22226.69;0.01;20
22227.73;0.01;20
22228.78;0.01;20
22229.82;0.01;20
22230.87;0.01;20
22231.91;0.01;20
22232.96;0.01;20
22234;0.01;20
22235.04;0.01;20
22236.09;0.01;20
22237.13;0.01;20
22238.18;0.01;20
22239.22;0.01;20
22240.27;0.01;20
22241.31;0.01;20
22242.36;0.01;20
22243.4;0.01;20
22244.44;0.01;20
22245.49;0.01;20
22246.53;0.01;20
22247.58;0.01;20
22248.62;0.01;20
22249.67;0.01;20
22250.71;0.01;20
22251.76;0.01;20
22252.8;0.01;20
22253.84;0.01;20
22254.89;0.01;20
22255.93;0.01;20
22256.98;0.01;20
22258.02;0.01;20
22259.07;0.01;20
22260.11;0.01;20
22261.16;0.01;20
22262.2;0.01;20
22263.24;0.01;20
22264.29;0.01;20
22265.33;0.01;20
22266.38;0.01;20
22267.42;0.01;20
22268.47;0.01;20
22269.51;0.01;20
22270.56;0.01;20
22271.6;0.01;20
22272.64;0.01;20
22273.69;0.01;20
22274.73;0.01;20
22275.78;0.01;20
22276.82;0.01;20
22277.87;0.01;20
22278.91;0.01;20
22279.96;0.01;20
22281;0.01;20
22282.04;0.01;20
22283.09;0.01;20
22284.13;0.01;20
22285.18;0.01;20
22286.22;0.01;20
22287.27;0.01;20
22288.31;0.01;20
22289.36;0.01;20
22290.4;0.01;20
22291.44;0.01;20
22292.49;0.01;20
22293.53;0.01;20
22294.58;0.01;20
22295.62;0.01;20
22296.67;0.01;20
22297.71;0.01;20
22298.76;0.01;20
22299.8;0.01;20
22300.84;0.01;20
22301.89;0.01;20
22302.93;0.01;20
22303.98;0.01;20
22305.02;0.01;20
22306.07;0.01;20
22307.11;0.01;20
22308.16;0.01;20
22309.2;0.01;20
22310.24;0.01;20
22311.29;0.01;20
22312.33;0.01;20
22313.38;0.01;20
22314.42;0.01;20
22315.47;0.01;20
22316.51;0.01;20
22317.56;0.01;20
22318.6;0.01;20
22319.64;0.01;20
22320.69;0.01;20
22321.73;0.01;20
22322.78;0.01;20
22323.82;0.01;20
22324.87;0.01;20
22325.91;0.01;20
22326.96;0.01;20
22328;0.01;20
22329.04;0.01;20
22330.09;0.01;20
22331.13;0.01;20
22332.18;0.01;20
22333.22;0.01;20
22334.27;0.01;20
22335.31;0.01;20
22336.36;0.01;20
22337.4;0.01;20
22338.44;0.01;20
22339.49;0.01;20
22340.53;0.01;20
22341.58;0.01;20
22342.62;0.01;20
22343.67;0.01;20
22344.71;0.01;20
22345.76;0.01;20
22346.8;0.01;20
22347.84;0.01;20
22348.89;0.01;20
22349.93;0.01;20
22350.98;0.01;20
22352.02;0.01;20
22353.07;0.01;20
22354.11;0.01;20
22355.16;0.01;20
22356.2;0.01;20
22357.24;0.01;20
22358.29;0.01;20
22359.33;0.01;20
22360.38;0.01;20
22361.42;0.01;20
22362.47;0.01;20
22363.51;0.01;20
22364.56;0.01;20
22365.6;0.01;20
22366.64;0.01;20
22367.69;0.01;20
22368.73;0.01;20
22369.78;0.01;20
22370.82;0.01;20
22371.87;0.01;20
22372.91;0.01;20
22373.96;0.01;20
22375;0.01;20
22376.04;0.01;20
22377.09;0.01;20
22378.13;0.01;20
22379.18;0.01;20
22380.22;0.01;20
22381.27;0.01;20
22382.31;0.01;20
22383.36;0.01;20
22384.4;0.01;20
22385.44;0.01;20
22386.49;0.01;20
22387.53;0.01;20
22388.58;0.01;20
22389.62;0.01;20
22390.67;0.01;20
22391.67;0.01;20
22392.76;0.01;20
22393.8;0.01;20
22394.84;0.01;20
22395.89;0.01;20
22396.93;0.01;20
22397.98;0.01;20
22399.02;0.01;20
22400.07;0.01;20
22401.11;0.01;20
22402.16;0.01;20
22403.2;0.01;20
22404.24;0.01;20
22405.29;0.01;20
22406.33;0.01;20
22407.38;0.01;20
22408.42;0.01;20
22409.47;0.01;20
22410.51;0.01;20
22411.56;0.01;20
22412.6;0.01;20
22413.64;0.01;20
22414.69;0.01;20
22415.73;0.01;20
22416.78;0.01;20
22417.82;0.01;20
22418.87;0.01;20
22419.91;0.01;20
22420.96;0.01;20
22422;0.01;20
22423.04;0.01;20
22424.09;0.01;20
22425.13;0.01;20
22426.18;0.01;20
22427.22;0.01;20
22428.27;0.01;20
22429.31;0.01;20
22430.36;0.01;20
22431.4;0.01;20
22432.44;0.01;20
22433.49;0.01;20
22434.53;0.01;20
22435.58;0.01;20
22436.62;0.01;20
22437.67;0.01;20
22438.71;0.01;20
22439.76;0.01;20
22440.8;0.01;20
22441.84;0.01;20
22442.89;0.01;20
22443.93;0.01;20
22444.98;0.01;20
22446.02;0.01;20
22447.07;0.01;20
22448.11;0.01;20
22449.16;0.01;20
22450.2;0.01;20
22451.24;0.01;20
22452.29;0.01;20
22453.33;0.01;20
22454.38;0.01;20
22455.42;0.01;20
22456.47;0.01;20
22457.51;0.01;20
22458.56;0.01;20
22459.6;0.01;20
22460.64;0.01;20
22461.69;0.01;20
22462.73;0.01;20
22463.78;0.01;20
22464.82;0.01;20
22465.87;0.01;20
22466.91;0.01;20
22467.96;0.01;20
22469;0.01;20
22470.04;0.01;20
22471.09;0.01;20
22472.13;0.01;20
22473.18;0.01;20
22474.22;0.01;20
22475.27;0.01;20
22476.31;0.01;20
22477.36;0.01;20
22478.4;0.01;20
22479.44;0.01;20
22480.49;0.01;20
22481.53;0.01;20
22482.58;0.01;20
22483.62;0.01;20
22484.67;0.01;20
22485.71;0.01;20
22486.76;0.01;20
22487.8;0.01;20
22488.84;0.01;20
22489.89;0.01;20
22490.93;0.01;20
22491.98;0.01;20
22493.02;0.01;20
22494.07;0.01;20
22495.11;0.01;20
22496.16;0.01;20
22497.2;0.01;20
22498.24;0.01;20
22499.29;0.01;20
22500.33;0.01;20
22501.38;0.01;20
22502.42;0.01;20
22503.47;0.01;20
22504.51;0.01;20
22505.56;0.01;20
22506.6;0.01;20
22507.64;0.01;20
22508.69;0.01;20
22509.73;0.01;20
22510.78;0.01;20
22511.82;0.01;20
22512.87;0.01;20
22513.91;0.01;20
22514.96;0.01;20
22516;0.01;20
22517.04;0.01;20
22518.09;0.01;20
22519.13;0.01;20
22520.18;0.01;20
22521.22;0.01;20
22522.27;0.01;20
22523.31;0.01;20
22524.36;0.01;20
22525.4;0.01;20
22526.44;0.01;20
22527.49;0.01;20
22528.53;0.01;20
22529.58;0.01;20
22530.62;0.01;20
22531.67;0.01;20
22532.71;0.01;20
22533.76;0.01;20
22534.8;0.01;20
22535.84;0.01;20
22536.89;0.01;20
22537.93;0.01;20
22538.98;0.01;20
22540;0.01;20
22541.04;0.01;20
22542.09;0.01;20
22543.13;0.01;20
22544.18;0.01;20
22545.22;0.01;20
22546.27;0.01;20
22547.31;0.01;20
22548.36;0.01;20
22549.4;0.01;20
22550.44;0.01;20
22551.49;0.01;20
22552.53;0.01;20
22553.58;0.01;20
22554.62;0.01;20
22555.67;0.01;20
22556.71;0.01;20
22557.76;0.01;20
22558.8;0.01;20
22559.84;0.01;20
22560.89;0.01;20
22561.93;0.01;20
22562.98;0.01;20
22564.02;0.01;20
22565.07;0.01;20
22566.11;0.01;20
22567.16;0.01;20
22568.2;0.01;20
22569.24;0.01;20
22570.29;0.01;20
22571.33;0.01;20
22572.38;0.01;20
22573.42;0.01;20
22574.47;0.01;20
22575.51;0.01;20
22576.56;0.01;20
22577.6;0.01;20
22578.64;0.01;20
22579.69;0.01;20
22580.73;0.01;20
22581.78;0.01;20
22582.82;0.01;20
22583.87;0.01;20
22584.91;0.01;20
22585.96;0.01;20
22587;0.01;20
22588.04;0.01;20
22589.09;0.01;20
22590.13;0.01;20
22591.18;0.01;20
22592.22;0.01;20
22593.27;0.01;20
22594.31;0.01;20
22595.36;0.01;20
22596.4;0.01;20
22597.44;0.01;20
22598.49;0.01;20
22599.53;0.01;20
22600.58;0.01;20
22601.62;0.01;20
22602.67;0.01;20
22603.71;0.01;20
22604.76;0.01;20
22605.8;0.01;20
22606.84;0.01;20
22607.89;0.01;20
22608.93;0.01;20
22609.98;0.01;20
22611.02;0.01;20
22612.07;0.01;20
22613.11;0.01;20
22614.16;0.01;20
22615.2;0.01;20
22616.24;0.01;20
22617.29;0.01;20
22618.33;0.01;20
22619.38;0.01;20
22620.42;0.01;20
22621.47;0.01;20
22622.51;0.01;20
22623.56;0.01;20
22624.6;0.01;20
22625.64;0.01;20
22626.69;0.01;20
22627.73;0.01;20
22628.78;0.01;20
22629.82;0.01;20
22630.87;0.01;20
22631.91;0.01;20
22632.96;0.01;20
22634;0.01;20
22635.04;0.01;20
22636.09;0.01;20
22637.13;0.01;20
22638.18;0.01;20
22639.22;0.01;20
22640.27;0.01;20
22641.31;0.01;20
22642.36;0.01;20
22643.4;0.01;20
22644.44;0.01;20
22645.49;0.01;20
22646.53;0.01;20
22647.58;0.01;20
22648.62;0.01;20
22649.67;0.01;20
22650.71;0.01;20
22651.76;0.01;20
22652.8;0.01;20
22653.84;0.01;20
22654.89;0.01;20
22655.93;0.01;20
22656.98;0.01;20
22658.02;0.01;20
22659.07;0.01;20
22660.11;0.01;20
22661.16;0.01;20
22662.2;0.01;20
22663.24;0.01;20
22664.29;0.01;20
22665.33;0.01;20
22666.38;0.01;20
22667.42;0.01;20
22668.47;0.01;20
22669.51;0.01;20
22670.56;0.01;20
22671.6;0.01;20
22672.64;0.01;20
22673.69;0.01;20
22674.73;0.01;20
22675.78;0.01;20
22676.82;0.01;20
22677.87;0.01;20
22678.91;0.01;20
22679.96;0.01;20
22681;0.01;20
22682.04;0.01;20
22683.09;0.01;20
22684.13;0.01;20
22685.18;0.01;20
22686.22;0.01;20
22687.27;0.01;20
22688.31;0.01;20
22689.36;0.01;20
22690.4;0.01;20
22691.44;0.01;20
22692.49;0.01;20
22693.53;0.01;20
22694.58;0.01;20
22695.62;0.01;20
22696.67;0.01;20
22697.71;0.01;20
22698.76;0.01;20
22699.8;0.01;20
22700.84;0.01;20
22701.89;0.01;20
22702.93;0.01;20
22703.98;0.01;20
22705.02;0.01;20
22706.07;0.01;20
22707.11;0.01;20
22708.16;0.01;20
22709.2;0.01;20
22710.24;0.01;20
22711.29;0.01;20
22712.33;0.01;20
22713.38;0.01;20
22714.42;0.01;20
22715.47;0.01;20
22716.51;0.01;20
22717.56;0.01;20
22718.6;0.01;20
22719.64;0.01;20
22720.69;0.01;20
22721.73;0.01;20
22722.78;0.01;20
22723.82;0.01;20
22724.87;0.01;20
22725.91;0.01;20
22726.96;0.01;20
22728;0.01;20
22729.04;0.01;20
22730.09;0.01;20
22731.13;0.01;20
22732.18;0.01;20
22733.22;0.01;20
22734.27;0.01;20
22735.31;0.01;20
22736.36;0.01;20
22737.4;0.01;20
22738.44;0.01;20
22739.49;0.01;20
22740.53;0.01;20
22741.58;0.01;20
22742.62;0.01;20
22743.67;0.01;20
22744.71;0.01;20
22745.76;0.01;20
22746.8;0.01;20
22747.84;0.01;20
22748.89;0.01;20
22749.93;0.01;20
22750.98;0.01;20
22752.02;0.01;20
22753.07;0.01;20
22754.11;0.01;20
22755.16;0.01;20
22756.2;0.01;20
22757.24;0.01;20
22758.29;0.01;20
22759.33;0.01;20
22760.38;0.01;20
22761.42;0.01;20
22762.47;0.01;20
22763.51;0.01;20
22764.56;0.01;20
22765.6;0.01;20
22766.64;0.01;20
22767.69;0.01;20
22768.73;0.01;20
22769.78;0.01;20
22770.82;0.01;20
22771.87;0.01;20
22772.91;0.01;20
22773.96;0.01;20
22775;0.01;20
22776.04;0.01;20
22777.09;0.01;20
22778.13;0.01;20
22779.18;0.01;20
22780.22;0.01;20
22781.27;0.01;20
22782.31;0.01;20
22783.36;0.01;20
22784.4;0.01;20
22785.44;0.01;20
22786.49;0.01;20
22787.53;0.01;20
22788.58;0.01;20
22789.62;0.01;20
22790.67;0.01;20
22791.71;0.01;20
22792.76;0.01;20
22793.8;0.01;20
22794.84;0.01;20
22795.89;0.01;20
22796.93;0.01;20
22797.98;0.01;20
22799.02;0.01;20
22800.07;0.01;20
22801.11;0.01;20
22802.16;0.01;20
22803.2;0.01;20
22804.24;0.01;20
22805.29;0.01;20
22806.33;0.01;20
22807.38;0.01;20
22808.42;0.01;20
22809.47;0.01;20
22810.51;0.01;20
22811.56;0.01;20
22812.6;0.01;20
22813.64;0.01;20
22814.69;0.01;20
22815.73;0.01;20
22816.78;0.01;20
22817.82;0.01;20
22818.87;0.01;20
22819.91;0.01;20
22820.96;0.01;20
22822;0.01;20
22823.04;0.01;20
22824.09;0.01;20
22825.13;0.01;20
22826.18;0.01;20
22827.22;0.01;20
22828.27;0.01;20
22829.31;0.01;20
22830.36;0.01;20
22831.4;0.01;20
22832.44;0.01;20
22833.49;0.01;20
22834.53;0.01;20
22835.58;0.01;20
22836.62;0.01;20
22837.67;0.01;20
22838.71;0.01;20
22839.76;0.01;20
22840.8;0.01;20
22841.84;0.01;20
22842.89;0.01;20
22843.93;0.01;20
22844.98;0.01;20
22846.02;0.01;20
22847.07;0.01;20
22848.11;0.01;20
22849.16;0.01;20
22850.2;0.01;20
22851.24;0.01;20
22852.29;0.01;20
22853.33;0.01;20
22854.38;0.01;20
22855.42;0.01;20
22856.47;0.01;20
22857.51;0.01;20
22858.56;0.01;20
22859.6;0.01;20
22860.64;0.01;20
22861.69;0.01;20
22862.73;0.01;20
22863.78;0.01;20
22864.82;0.01;20
22865.87;0.01;20
22866.91;0.01;20
22867.96;0.01;20
22869;0.01;20
22870.04;0.01;20
22871.09;0.01;20
22872.13;0.01;20
22873.18;0.01;20
22874.22;0.01;20
22875.27;0.01;20
22876.31;0.01;20
22877.36;0.01;20
22878.4;0.01;20
22879.44;0.01;20
22880.49;0.01;20
22881.53;0.01;20
22882.58;0.01;20
22883.62;0.01;20
22884.67;0.01;20
22885.71;0.01;20
22886.76;0.01;20
22887.8;0.01;20
22888.84;0.01;20
22889.89;0.01;20
22890.93;0.01;20
22891.98;0.01;20
22893.02;0.01;20
22894.07;0.01;20
22895.11;0.01;20
22896.16;0.01;20
22897.2;0.01;20
22898.24;0.01;20
22899.29;0.01;20
22900.33;0.01;20
22901.38;0.01;20
22902.42;0.01;20
22903.47;0.01;20
22904.51;0.01;20
22905.56;0.01;20
22906.6;0.01;20
22907.64;0.01;20
22908.69;0.01;20
22909.73;0.01;20
22910.78;0.01;20
22911.82;0.01;20
22912.87;0.01;20
22913.91;0.01;20
22914.96;0.01;20
22916;0.01;20
22917.04;0.01;20
22918.09;0.01;20
22919.13;0.01;20
22920.18;0.01;20
22921.22;0.01;20
22922.27;0.01;20
22923.31;0.01;20
22924.36;0.01;20
22925.4;0.01;20
22926.44;0.01;20
22927.49;0.01;20
22928.53;0.01;20
22929.58;0.01;20
22930.62;0.01;20
22931.67;0.01;20
22932.71;0.01;20
22933.76;0.01;20
22934.8;0.01;20
22935.84;0.01;20
22936.89;0.01;20
22937.93;0.01;20
22938.98;0.01;20
22940;0.01;20
22941.04;0.01;20
22942.09;0.01;20
22943.13;0.01;20
22944.18;0.01;20
22945.22;0.01;20
22946.27;0.01;20
22947.31;0.01;20
22948.36;0.01;20
22949.4;0.01;20
22950.44;0.01;20
22951.49;0.01;20
22952.53;0.01;20
22953.58;0.01;20
22954.62;0.01;20
22955.67;0.01;20
22956.71;0.01;20
22957.76;0.01;20
22958.8;0.01;20
22959.84;0.01;20
22960.89;0.01;20
22961.93;0.01;20
22962.98;0.01;20
22964.02;0.01;20
22965.07;0.01;20
22966.11;0.01;20
22967.16;0.01;20
22968.2;0.01;20
22969.24;0.01;20
22970.29;0.01;20
22971.33;0.01;20
22972.38;0.01;20
22973.42;0.01;20
22974.47;0.01;20
22975.51;0.01;20
22976.56;0.01;20
22977.6;0.01;20
22978.64;0.01;20
22979.69;0.01;20
22980.73;0.01;20
22981.78;0.01;20
22982.82;0.01;20
22983.87;0.01;20
22984.91;0.01;20
22985.96;0.01;20
22987;0.01;20
22988.04;0.01;20
22989.09;0.01;20
22990.13;0.01;20
22991.18;0.01;20
22992.22;0.01;20
22993.27;0.01;20
22994.31;0.01;20
22995.36;0.01;20
22996.4;0.01;20
22997.44;0.01;20
22998.49;0.01;20
22999.53;0.01;20
23000.58;0.01;20
23001.62;0.01;20
23002.67;0.01;20
23003.71;0.01;20
23004.76;0.01;20
23005.8;0.01;20
23006.84;0.01;20
23007.89;0.01;20
23008.93;0.01;20
23009.98;0.01;20
23011.02;0.01;20
23012.07;0.01;20
23013.11;0.01;20
23014.16;0.01;20
23015.2;0.01;20
23016.24;0.01;20
23017.29;0.01;20
23018.33;0.01;20
23019.38;0.01;20
23020.42;0.01;20
23021.47;0.01;20
23022.51;0.01;20
23023.56;0.01;20
23024.6;0.01;20
23025.64;0.01;20
23026.69;0.01;20
23027.73;0.01;20
23028.78;0.01;20
23029.82;0.01;20
23030.87;0.01;20
23031.91;0.01;20
23032.96;0.01;20
23034;0.01;20
23035.04;0.01;20
23036.09;0.01;20
23037.13;0.01;20
23038.18;0.01;20
23039.22;0.01;20
23040.27;0.01;20
23041.31;0.01;20
23042.36;0.01;20
23043.4;0.01;20
23044.44;0.01;20
23045.49;0.01;20
23046.53;0.01;20
23047.58;0.01;20
23048.62;0.01;20
23049.67;0.01;20
23050.71;0.01;20
23051.76;0.01;20
23052.8;0.01;20
23053.84;0.01;20
23054.89;0.01;20
23055.93;0.01;20
23056.98;0.01;20
23058.02;0.01;20
23059.07;0.01;20
23060.11;0.01;20
23061.16;0.01;20
23062.2;0.01;20
23063.24;0.01;20
23064.29;0.01;20
23065.33;0.01;20
23066.38;0.01;20
23067.42;0.01;20
23068.47;0.01;20
23069.51;0.01;20
23070.56;0.01;20
23071.6;0.01;20
23072.64;0.01;20
23073.69;0.01;20
23074.73;0.01;20
23075.78;0.01;20
23076.82;0.01;20
23077.87;0.01;20
23078.91;0.01;20
23079.96;0.01;20
23081;0.01;20
23082.04;0.01;20
23083.09;0.01;20
23084.13;0.01;20
23085.18;0.01;20
23086.22;0.01;20
23087.27;0.01;20
23088.31;0.01;20
23089.36;0.01;20
23090.4;0.01;20
23091.44;0.01;20
23092.49;0.01;20
23093.53;0.01;20
23094.58;0.01;20
23095.62;0.01;20
23096.67;0.01;20
23097.71;0.01;20
23098.76;0.01;20
23099.8;0.01;20
23100.84;0.01;20
23101.89;0.01;20
23102.93;0.01;20
23103.98;0.01;20
23105.02;0.01;20
23106.07;0.01;20
23107.11;0.01;20
23108.16;0.01;20
23109.2;0.01;20
23110.24;0.01;20
23111.29;0.01;20
23112.33;0.01;20
23113.38;0.01;20
23114.42;0.01;20
23115.47;0.01;20
23116.51;0.01;20
23117.56;0.01;20
23118.6;0.01;20
23119.64;0.01;20
23120.69;0.01;20
23121.73;0.01;20
23122.78;0.01;20
23123.82;0.01;20
23124.87;0.01;20
23125.91;0.01;20
23126.96;0.01;20
23128;0.01;20
23129.04;0.01;20
23130.09;0.01;20
23131.13;0.01;20
23132.18;0.01;20
23133.22;0.01;20
23134.27;0.01;20
23135.31;0.01;20
23136.36;0.01;20
23137.4;0.01;20
23138.44;0.01;20
23139.49;0.01;20
23140.53;0.01;20
23141.58;0.01;20
23142.62;0.01;20
23143.67;0.01;20
23144.71;0.01;20
23145.76;0.01;20
23146.8;0.01;20
23147.84;0.01;20
23148.89;0.01;20
23149.93;0.01;20
23150.98;0.01;20
23152.02;0.01;20
23153.07;0.01;20
23154.11;0.01;20
23155.16;0.01;20
23156.2;0.01;20
23157.24;0.01;20
23158.29;0.01;20
23159.33;0.01;20
23160.38;0.01;20
23161.42;0.01;20
23162.47;0.01;20
23163.51;0.01;20
23164.56;0.01;20
23165.6;0.01;20
23166.64;0.01;20
23167.69;0.01;20
23168.73;0.01;20
23169.78;0.01;20
23170.82;0.01;20
23171.87;0.01;20
23172.91;0.01;20
23173.96;0.01;20
23175;0.01;20
23176.04;0.01;20
23177.09;0.01;20
23178.13;0.01;20
23179.18;0.01;20
23180.22;0.01;20
23181.27;0.01;20
23182.31;0.01;20
23183.36;0.01;20
23184.4;0.01;20
23185.44;0.01;20
23186.49;0.01;20
23187.53;0.01;20
23188.58;0.01;20
23189.62;0.01;20
23190.67;0.01;20
23191.71;0.01;20
23192.76;0.01;20
23193.8;0.01;20
23194.84;0.01;20
23195.89;0.01;20
23196.93;0.01;20
23197.98;0.01;20
23199.02;0.01;20
23200.07;0.01;20
23201.11;0.01;20
23202.11;0.01;20
23203.2;0.01;20
23204.24;0.01;20
23205.29;0.01;20
23206.33;0.01;20
23207.38;0.01;20
23208.42;0.01;20
23209.47;0.01;20
23210.51;0.01;20
23211.56;0.01;20
23212.6;0.01;20
23213.64;0.01;20
23214.69;0.01;20
23215.73;0.01;20
23216.78;0.01;20
23217.82;0.01;20
23218.87;0.01;20
23219.91;0.01;20
23220.96;0.01;20
23222;0.01;20
23223.04;0.01;20
23224.09;0.01;20
23225.13;0.01;20
23226.18;0.01;20
23227.22;0.01;20
23228.27;0.01;20
23229.31;0.01;20
23230.36;0.01;20
23231.4;0.01;20
23232.44;0.01;20
23233.49;0.01;20
23234.53;0.01;20
23235.58;0.01;20
23236.62;0.01;20
23237.67;0.01;20
23238.71;0.01;20
23239.76;0.01;20
23240.8;0.01;20
23241.84;0.01;20
23242.89;0.01;20
23243.93;0.01;20
23244.98;0.01;20
23246.02;0.01;20
23247.07;0.01;20
23248.11;0.01;20
23249.16;0.01;20
23250.2;0.01;20
23251.24;0.01;20
23252.29;0.01;20
23253.33;0.01;20
23254.38;0.01;20
23255.42;0.01;20
23256.47;0.01;20
23257.51;0.01;20
23258.56;0.01;20
23259.6;0.01;20
23260.64;0.01;20
23261.69;0.01;20
23262.73;0.01;20
23263.78;0.01;20
23264.82;0.01;20
23265.87;0.01;20
23266.91;0.01;20
23267.96;0.01;20
23269;0.01;20
23270.04;0.01;20
23271.09;0.01;20
23272.13;0.01;20
23273.18;0.01;20
23274.22;0.01;20
23275.27;0.01;20
23276.31;0.01;20
23277.36;0.01;20
23278.4;0.01;20
23279.44;0.01;20
23280.49;0.01;20
23281.53;0.01;20
23282.58;0.01;20
23283.62;0.01;20
23284.67;0.01;20
23285.71;0.01;20
23286.76;0.01;20
23287.8;0.01;20
23288.84;0.01;20
23289.89;0.01;20
23290.93;0.01;20
23291.98;0.01;20
23293.02;0.01;20
23294.07;0.01;20
23295.11;0.01;20
23296.16;0.01;20
23297.2;0.01;20
23298.24;0.01;20
23299.29;0.01;20
23300.33;0.01;20
23301.38;0.01;20
23302.42;0.01;20
23303.47;0.01;20
23304.51;0.01;20
23305.56;0.01;20
23306.6;0.01;20
23307.64;0.01;20
23308.69;0.01;20
23309.73;0.01;20
23310.78;0.01;20
23311.82;0.01;20
23312.87;0.01;20
23313.91;0.01;20
23314.96;0.01;20
23316;0.01;20
23317.04;0.01;20
23318.09;0.01;20
23319.13;0.01;20
23320.18;0.01;20
23321.22;0.01;20
23322.27;0.01;20
23323.31;0.01;20
23324.36;0.01;20
23325.4;0.01;20
23326.44;0.01;20
23327.49;0.01;20
23328.53;0.01;20
23329.58;0.01;20
23330.62;0.01;20
23331.67;0.01;20
23332.71;0.01;20
23333.76;0.01;20
23334.8;0.01;20
23335.84;0.01;20
23336.89;0.01;20
23337.93;0.01;20
23338.98;0.01;20
23340;0.01;20
23341.04;0.01;20
23342.09;0.01;20
23343.13;0.01;20
23344.18;0.01;20
23345.22;0.01;20
23346.27;0.01;20
23347.31;0.01;20
23348.36;0.01;20
23349.4;0.01;20
23350.44;0.01;20
23351.49;0.01;20
23352.53;0.01;20
23353.58;0.01;20
23354.62;0.01;20
23355.67;0.01;20
23356.71;0.01;20
23357.76;0.01;20
23358.8;0.01;20
23359.84;0.01;20
23360.89;0.01;20
23361.93;0.01;20
23362.98;0.01;20
23364.02;0.01;20
23365.07;0.01;20
23366.11;0.01;20
23367.16;0.01;20
23368.2;0.01;20
23369.24;0.01;20
23370.29;0.01;20
23371.33;0.01;20
23372.38;0.01;20
23373.42;0.01;20
23374.47;0.01;20
23375.51;0.01;20
23376.56;0.01;20
23377.6;0.01;20
23378.64;0.01;20
23379.69;0.01;20
23380.73;0.01;20
23381.78;0.01;20
23382.82;0.01;20
23383.87;0.01;20
23384.91;0.01;20
23385.96;0.01;20
23387;0.01;20
23388.04;0.01;20
23389.09;0.01;20
23390.13;0.01;20
23391.18;0.01;20
23392.22;0.01;20
23393.27;0.01;20
23394.31;0.01;20
23395.36;0.01;20
23396.4;0.01;20
23397.44;0.01;20
23398.49;0.01;20
23399.53;0.01;20
23400.58;0.01;20
23401.62;0.01;20
23402.67;0.01;20
23403.71;0.01;20
23404.76;0.01;20
23405.8;0.01;20
23406.84;0.01;20
23407.89;0.01;20
23408.93;0.01;20
23409.98;0.01;20
23411.02;0.01;20
23412.07;0.01;20
23413.11;0.01;20
23414.16;0.01;20
23415.2;0.01;20
23416.24;0.01;20
23417.29;0.01;20
23418.33;0.01;20
23419.38;0.01;20
23420.42;0.01;20
23421.47;0.01;20
23422.51;0.01;20
23423.56;0.01;20
23424.6;0.01;20
23425.64;0.01;20
23426.69;0.01;20
23427.73;0.01;20
23428.78;0.01;20
23429.82;0.01;20
23430.87;0.01;20
23431.91;0.01;20
23432.96;0.01;20
23434;0.01;20
23435.04;0.01;20
23436.09;0.01;20
23437.13;0.01;20
23438.18;0.01;20
23439.22;0.01;20
23440.27;0.01;20
23441.31;0.01;20
23442.36;0.01;20
23443.4;0.01;20
23444.44;0.01;20
23445.49;0.01;20
23446.53;0.01;20
23447.58;0.01;20
23448.62;0.01;20
23449.67;0.01;20
23450.71;0.01;20
23451.76;0.01;20
23452.8;0.01;20
23453.84;0.01;20
23454.89;0.01;20
23455.93;0.01;20
23456.98;0.01;20
23458.02;0.01;20
23459.07;0.01;20
23460.11;0.01;20
23461.16;0.01;20
23462.2;0.01;20
23463.24;0.01;20
23464.29;0.01;20
23465.33;0.01;20
23466.38;0.01;20
23467.42;0.01;20
23468.47;0.01;20
23469.51;0.01;20
23470.56;0.01;20
23471.6;0.01;20
23472.64;0.01;20
23473.69;0.01;20
23474.73;0.01;20
23475.78;0.01;20
23476.82;0.01;20
23477.87;0.01;20
23478.91;0.01;20
23479.96;0.01;20
23481;0.01;20
23482.04;0.01;20
23483.09;0.01;20
23484.13;0.01;20
23485.18;0.01;20
23486.22;0.01;20
23487.27;0.01;20
23488.31;0.01;20
23489.36;0.01;20
23490.4;0.01;20
23491.44;0.01;20
23492.49;0.01;20
23493.53;0.01;20
23494.58;0.01;20
23495.62;0.01;20
23496.67;0.01;20
23497.71;0.01;20
23498.76;0.01;20
23499.8;0.01;20
23500.84;0.01;20
23501.89;0.01;20
23502.93;0.01;20
23503.98;0.01;20
23505.02;0.01;20
23506.07;0.01;20
23507.11;0.01;20
23508.16;0.01;20
23509.2;0.01;20
23510.24;0.01;20
23511.29;0.01;20
23512.33;0.01;20
23513.38;0.01;20
23514.42;0.01;20
23515.47;0.01;20
23516.51;0.01;20
23517.56;0.01;20
23518.6;0.01;20
23519.64;0.01;20
23520.69;0.01;20
23521.73;0.01;20
23522.78;0.01;20
23523.82;0.01;20
23524.87;0.01;20
23525.91;0.01;20
23526.96;0.01;20
23528;0.01;20
23529.04;0.01;20
23530.09;0.01;20
23531.13;0.01;20
23532.18;0.01;20
23533.22;0.01;20
23534.27;0.01;20
23535.31;0.01;20
23536.36;0.01;20
23537.4;0.01;20
23538.44;0.01;20
23539.49;0.01;20
23540.53;0.01;20
23541.58;0.01;20
23542.62;0.01;20
23543.67;0.01;20
23544.71;0.01;20
23545.76;0.01;20
23546.8;0.01;20
23547.84;0.01;20
23548.89;0.01;20
23549.93;0.01;20
23550.98;0.01;20
23552.02;0.01;20
23553.07;0.01;20
23554.11;0.01;20
23555.16;0.01;20
23556.2;0.01;20
23557.24;0.01;20
23558.29;0.01;20
23559.33;0.01;20
23560.38;0.01;20
23561.42;0.01;20
23562.47;0.01;20
23563.51;0.01;20
23564.56;0.01;20
23565.6;0.01;20
23566.64;0.01;20
23567.69;0.01;20
23568.73;0.01;20
23569.78;0.01;20
23570.82;0.01;20
23571.87;0.01;20
23572.91;0.01;20
23573.96;0.01;20
23575;0.01;20
23576.04;0.01;20
23577.09;0.01;20
23578.13;0.01;20
23579.18;0.01;20
23580.22;0.01;20
23581.27;0.01;20
23582.31;0.01;20
23583.36;0.01;20
23584.4;0.01;20
23585.44;0.01;20
23586.49;0.01;20
23587.53;0.01;20
23588.58;0.01;20
23589.62;0.01;20
23590.67;0.01;20
23591.71;0.01;20
23592.76;0.01;20
23593.8;0.01;20
23594.84;0.01;20
23595.89;0.01;20
23596.93;0.01;20
23597.98;0.01;20
23599.02;0.01;20
23600.07;0.01;20
23601.11;0.01;20
23602.16;0.01;20
23603.2;0.01;20
23604.24;0.01;20
23605.29;0.01;20
23606.33;0.01;20
23607.38;0.01;20
23608.42;0.01;20
23609.47;0.01;20
23610.51;0.01;20
23611.56;0.01;20
23612.6;0.01;20
23613.64;0.01;20
23614.69;0.01;20
23615.73;0.01;20
23616.78;0.01;20
23617.82;0.01;20
23618.87;0.01;20
23619.91;0.01;20
23620.96;0.01;20
23622;0.01;20
23623.04;0.01;20
23624.09;0.01;20
23625.13;0.01;20
23626.18;0.01;20
23627.22;0.01;20
23628.27;0.01;20
23629.31;0.01;20
23630.36;0.01;20
23631.4;0.01;20
23632.44;0.01;20
23633.49;0.01;20
23634.53;0.01;20
23635.58;0.01;20
23636.62;0.01;20
23637.67;0.01;20
23638.71;0.01;20
23639.76;0.01;20
23640.8;0.01;20
23641.84;0.01;20
23642.89;0.01;20
23643.93;0.01;20
23644.98;0.01;20
23646.02;0.01;20
23647.07;0.01;20
23648.11;0.01;20
23649.16;0.01;20
23650.2;0.01;20
23651.24;0.01;20
23652.29;0.01;20
23653.33;0.01;20
23654.38;0.01;20
23655.42;0.01;20
23656.47;0.01;20
23657.51;0.01;20
23658.56;0.01;20
23659.6;0.01;20
23660.64;0.01;20
23661.69;0.01;20
23662.73;0.01;20
23663.78;0.01;20
23664.82;0.01;20
23665.87;0.01;20
23666.91;0.01;20
23667.96;0.01;20
23669;0.01;20
23670.04;0.01;20
23671.09;0.01;20
23672.13;0.01;20
23673.18;0.01;20
23674.22;0.01;20
23675.27;0.01;20
23676.31;0.01;20
23677.36;0.01;20
23678.4;0.01;20
23679.44;0.01;20
23680.49;0.01;20
23681.53;0.01;20
23682.58;0.01;20
23683.62;0.01;20
23684.67;0.01;20
23685.71;0.01;20
23686.76;0.01;20
23687.8;0.01;20
23688.84;0.01;20
23689.89;0.01;20
23690.93;0.01;20
23691.98;0.01;20
23693.02;0.01;20
23694.07;0.01;20
23695.11;0.01;20
23696.16;0.01;20
23697.2;0.01;20
23698.24;0.01;20
23699.29;0.01;20
23700.33;0.01;20
23701.38;0.01;20
23702.42;0.01;20
23703.47;0.01;20
23704.51;0.01;20
23705.56;0.01;20
23706.6;0.01;20
23707.64;0.01;20
23708.69;0.01;20
23709.73;0.01;20
23710.78;0.01;20
23711.82;0.01;20
23712.87;0.01;20
23713.91;0.01;20
23714.96;0.01;20
23716;0.01;20
23717.04;0.01;20
23718.09;0.01;20
23719.13;0.01;20
23720.18;0.01;20
23721.22;0.01;20
23722.27;0.01;20
23723.31;0.01;20
23724.36;0.01;20
23725.4;0.01;20
23726.44;0.01;20
23727.49;0.01;20
23728.53;0.01;20
23729.58;0.01;20
23730.62;0.01;20
23731.67;0.01;20
23732.71;0.01;20
23733.76;0.01;20
23734.8;0.01;20
23735.84;0.01;20
23736.89;0.01;20
23737.93;0.01;20
23738.98;0.01;20
23740;0.01;20
23741.04;0.01;20
23742.09;0.01;20
23743.13;0.01;20
23744.18;0.01;20
23745.22;0.01;20
23746.27;0.01;20
23747.31;0.01;20
23748.36;0.01;20
23749.4;0.01;20
23750.44;0.01;20
23751.49;0.01;20
23752.53;0.01;20
23753.58;0.01;20
23754.62;0.01;20
23755.67;0.01;20
23756.71;0.01;20
23757.76;0.01;20
23758.8;0.01;20
23759.84;0.01;20
23760.89;0.01;20
23761.93;0.01;20
23762.98;0.01;20
23764.02;0.01;20
23765.07;0.01;20
23766.11;0.01;20
23767.16;0.01;20
23768.2;0.01;20
23769.24;0.01;20
23770.29;0.01;20
23771.33;0.01;20
23772.38;0.01;20
23773.42;0.01;20
23774.47;0.01;20
23775.51;0.01;20
23776.56;0.01;20
23777.6;0.01;20
23778.64;0.01;20
23779.69;0.01;20
23780.73;0.01;20
23781.78;0.01;20
23782.82;0.01;20
23783.87;0.01;20
23784.91;0.01;20
23785.96;0.01;20
23787;0.01;20
23788.04;0.01;20
23789.09;0.01;20
23790.13;0.01;20
23791.18;0.01;20
23792.22;0.01;20
23793.27;0.01;20
23794.31;0.01;20
23795.36;0.01;20
23796.4;0.01;20
23797.44;0.01;20
23798.49;0.01;20
23799.53;0.01;20
23800.58;0.01;20
23801.62;0.01;20
23802.67;0.01;20
23803.71;0.01;20
23804.76;0.01;20
23805.8;0.01;20
23806.84;0.01;20
23807.89;0.01;20
23808.93;0.01;20
23809.98;0.01;20
23811.02;0.01;20
23812.07;0.01;20
23813.11;0.01;20
23814.16;0.01;20
23815.2;0.01;20
23816.24;0.01;20
23817.29;0.01;20
23818.33;0.01;20
23819.38;0.01;20
23820.42;0.01;20
23821.47;0.01;20
23822.51;0.01;20
23823.56;0.01;20
23824.6;0.01;20
23825.64;0.01;20
23826.69;0.01;20
23827.73;0.01;20
23828.78;0.01;20
23829.82;0.01;20
23830.87;0.01;20
23831.91;0.01;20
23832.96;0.01;20
23834;0.01;20
23835.04;0.01;20
23836.09;0.01;20
23837.13;0.01;20
23838.18;0.01;20
23839.22;0.01;20
23840.27;0.01;20
23841.31;0.01;20
23842.36;0.01;20
23843.4;0.01;20
23844.44;0.01;20
23845.49;0.01;20
23846.53;0.01;20
23847.58;0.01;20
23848.62;0.01;20
23849.67;0.01;20
23850.71;0.01;20
23851.76;0.01;20
23852.8;0.01;20
23853.84;0.01;20
23854.89;0.01;20
23855.93;0.01;20
23856.98;0.01;20
23858.02;0.01;20
23859.07;0.01;20
23860.11;0.01;20
23861.16;0.01;20
23862.2;0.01;20
23863.24;0.01;20
23864.29;0.01;20
23865.33;0.01;20
23866.38;0.01;20
23867.42;0.01;20
23868.47;0.01;20
23869.51;0.01;20
23870.56;0.01;20
23871.6;0.01;20
23872.64;0.01;20
23873.69;0.01;20
23874.73;0.01;20
23875.78;0.01;20
23876.82;0.01;20
23877.87;0.01;20
23878.91;0.01;20
23879.96;0.01;20
23881;0.01;20
23882.04;0.01;20
23883.09;0.01;20
23884.13;0.01;20
23885.18;0.01;20
23886.22;0.01;20
23887.27;0.01;20
23888.31;0.01;20
23889.36;0.01;20
23890.4;0.01;20
23891.44;0.01;20
23892.44;0.01;20
23893.53;0.01;20
23894.58;0.01;20
23895.62;0.01;20
23896.67;0.01;20
23897.71;0.01;20
23898.76;0.01;20
23899.8;0.01;20
23900.84;0.01;20
23901.89;0.01;20
23902.93;0.01;20
23903.98;0.01;20
23905.02;0.01;20
23906.07;0.01;20
23907.11;0.01;20
23908.16;0.01;20
23909.2;0.01;20
23910.24;0.01;20
23911.29;0.01;20
23912.33;0.01;20
23913.38;0.01;20
23914.42;0.01;20
23915.47;0.01;20
23916.51;0.01;20
23917.56;0.01;20
23918.6;0.01;20
23919.64;0.01;20
23920.69;0.01;20
23921.73;0.01;20
23922.78;0.01;20
23923.82;0.01;20
23924.87;0.01;20
23925.91;0.01;20
23926.96;0.01;20
23928;0.01;20
23929.04;0.01;20
23930.09;0.01;20
23931.13;0.01;20
23932.18;0.01;20
23933.22;0.01;20
23934.27;0.01;20
23935.31;0.01;20
23936.36;0.01;20
23937.4;0.01;20
23938.44;0.01;20
23939.49;0.01;20
23940.53;0.01;20
23941.58;0.01;20
23942.62;0.01;20
23943.67;0.01;20
23944.71;0.01;20
23945.76;0.01;20
23946.8;0.01;20
23947.84;0.01;20
23948.89;0.01;20
23949.93;0.01;20
23950.98;0.01;20
23952.02;0.01;20
23953.07;0.01;20
23954.11;0.01;20
23955.16;0.01;20
23956.2;0.01;20
23957.24;0.01;20
23958.29;0.01;20
23959.33;0.01;20
23960.38;0.01;20
23961.42;0.01;20
23962.47;0.01;20
23963.51;0.01;20
23964.56;0.01;20
23965.6;0.01;20
23966.64;0.01;20
23967.69;0.01;20
23968.73;0.01;20
23969.78;0.01;20
23970.82;0.01;20
23971.87;0.01;20
23972.91;0.01;20
23973.96;0.01;20
23975;0.01;20
23976.04;0.01;20
23977.09;0.01;20
23978.13;0.01;20
23979.18;0.01;20
23980.22;0.01;20
23981.27;0.01;20
23982.31;0.01;20
23983.36;0.01;20
23984.4;0.01;20
23985.44;0.01;20
23986.49;0.01;20
23987.53;0.01;20
23988.58;0.01;20
23989.62;0.01;20
23990.67;0.01;20
23991.71;0.01;20
23992.76;0.01;20
23993.8;0.01;20
23994.84;0.01;20
23995.89;0.01;20
23996.93;0.01;20
23997.98;0.01;20
23999.02;0.01;20
24000.07;0.01;20
24001.11;0.01;20
24002.16;0.01;20
24003.2;0.01;20
24004.24;0.01;20
24005.29;0.01;20
24006.33;0.01;20
24007.38;0.01;20
24008.42;0.01;20
24009.47;0.01;20
24010.51;0.01;20
24011.56;0.01;20
24012.6;0.01;20
24013.64;0.01;20
24014.69;0.01;20
24015.73;0.01;20
24016.78;0.01;20
24017.82;0.01;20
24018.87;0.01;20
24019.91;0.01;20
24020.96;0.01;20
24022;0.01;20
24023.04;0.01;20
24024.09;0.01;20
24025.13;0.01;20
24026.18;0.01;20
24027.22;0.01;20
24028.27;0.01;20
24029.31;0.01;20
24030.36;0.01;20
24031.4;0.01;20
24032.44;0.01;20
24033.49;0.01;20
24034.53;0.01;20
24035.58;0.01;20
24036.62;0.01;20
24037.67;0.01;20
24038.71;0.01;20
24039.76;0.01;20
24040.8;0.01;20
24041.84;0.01;20
24042.89;0.01;20
24043.93;0.01;20
24044.98;0.01;20
24046.02;0.01;20
24047.07;0.01;20
24048.11;0.01;20
24049.16;0.01;20
24050.2;0.01;20
24051.24;0.01;20
24052.29;0.01;20
24053.33;0.01;20
24054.38;0.01;20
24055.42;0.01;20
24056.47;0.01;20
24057.51;0.01;20
24058.56;0.01;20
24059.6;0.01;20
24060.64;0.01;20
24061.69;0.01;20
24062.73;0.01;20
24063.78;0.01;20
24064.82;0.01;20
24065.87;0.01;20
24066.91;0.01;20
24067.96;0.01;20
24069;0.01;20
24070.04;0.01;20
24071.09;0.01;20
24072.13;0.01;20
24073.18;0.01;20
24074.22;0.01;20
24075.27;0.01;20
24076.31;0.01;20
24077.36;0.01;20
24078.4;0.01;20
24079.44;0.01;20
24080.49;0.01;20
24081.53;0.01;20
24082.58;0.01;20
24083.62;0.01;20
24084.67;0.01;20
24085.71;0.01;20
24086.76;0.01;20
24087.8;0.01;20
24088.84;0.01;20
24089.89;0.01;20
24090.93;0.01;20
24091.98;0.01;20
24093.02;0.01;20
24094.07;0.01;20
24095.11;0.01;20
24096.16;0.01;20
24097.2;0.01;20
24098.24;0.01;20
24099.29;0.01;20
24100.33;0.01;20
24101.38;0.01;20
24102.42;0.01;20
24103.47;0.01;20
24104.51;0.01;20
24105.56;0.01;20
24106.6;0.01;20
24107.64;0.01;20
24108.69;0.01;20
24109.73;0.01;20
24110.78;0.01;20
24111.82;0.01;20
24112.87;0.01;20
24113.91;0.01;20
24114.96;0.01;20
24116;0.01;20
24117.04;0.01;20
24118.09;0.01;20
24119.13;0.01;20
24120.18;0.01;20
24121.22;0.01;20
24122.27;0.01;20
24123.31;0.01;20
24124.36;0.01;20
24125.4;0.01;20
24126.44;0.01;20
24127.49;0.01;20
24128.53;0.01;20
24129.58;0.01;20
24130.62;0.01;20
24131.67;0.01;20
24132.71;0.01;20
24133.76;0.01;20
24134.8;0.01;20
24135.84;0.01;20
24136.89;0.01;20
24137.93;0.01;20
24138.98;0.01;20
24140;0.01;20
24141.04;0.01;20
24142.09;0.01;20
24143.13;0.01;20
24144.18;0.01;20
24145.22;0.01;20
24146.27;0.01;20
24147.31;0.01;20
24148.36;0.01;20
24149.4;0.01;20
24150.44;0.01;20
24151.49;0.01;20
24152.53;0.01;20
24153.58;0.01;20
24154.62;0.01;20
24155.67;0.01;20
24156.71;0.02;20
24157.76;0.02;20
24158.8;0.03;20
24159.84;0.04;20
24160.89;0.03;20
24161.93;0.03;20
24162.93;0.02;20
24163.98;0.01;20
24165.02;0.01;20
24166.07;0.01;20
24167.11;0.01;20
24168.16;0.01;20
24169.2;0.01;20
24170.24;0.01;20
24171.29;0.01;20
24172.33;0.01;20
24173.38;0.01;20
24174.42;0.01;20
24175.47;0.01;20
24176.51;0.01;20
24177.56;0.01;20
24178.6;0.01;20
24179.64;0.01;20
24180.69;0.01;20
24181.73;0.01;20
24182.78;0.01;20
24183.82;0.01;20
24184.87;0.01;20
24185.91;0.01;20
24186.96;0.01;20
24188;0.01;20
24189.04;0.01;20
24190.09;0.01;20
24191.13;0.01;20
24192.18;0.01;20
24193.22;0.01;20
24194.27;0.01;20
24195.31;0.01;20
24196.36;0.01;20
24197.4;0.01;20
24198.44;0.01;20
24199.49;0.01;20
24200.53;0.01;20
24201.58;0.01;20
24202.62;0.01;20
24203.67;0.01;20
24204.71;0.01;20
24205.76;0.01;20
24206.8;0.01;20
24207.84;0.01;20
24208.89;0.01;20
24209.93;0.01;20
24210.98;0.01;20
24212.02;0.01;20
24213.07;0.01;20
24214.11;0.01;20
24215.16;0.01;20
24216.2;0.01;20
24217.24;0.01;20
24218.29;0.01;20
24219.33;0.01;20
24220.38;0.01;20
24221.42;0.01;20
24222.47;0.01;20
24223.51;0.01;20
24224.56;0.01;20
24225.6;0.01;20
24226.64;0.01;20
24227.69;0.01;20
24228.73;0.01;20
24229.78;0.01;20
24230.82;0.01;20
24231.87;0.01;20
24232.91;0.01;20
24233.96;0.01;20
24235;0.01;20
24236.04;0.01;20
24237.09;0.01;20
24238.13;0.01;20
24239.18;0.01;20
24240.22;0.01;20
24241.27;0.01;20
24242.31;0.01;20
24243.36;0.01;20
24244.4;0.01;20
24245.44;0.01;20
24246.49;0.01;20
24247.53;0.01;20
24248.58;0.01;20
24249.62;0.01;20
24250.67;0.01;20
24251.71;0.01;20
24252.76;0.01;20
24253.8;0.01;20
24254.84;0.01;20
24255.89;0.01;20
24256.93;0.01;20
24257.98;0.01;20
24259.02;0.01;20
24260.07;0.01;20
24261.11;0.01;20
24262.16;0.01;20
24263.2;0.01;20
24264.24;0.01;20
24265.29;0.01;20
24266.33;0.01;20
24267.38;0.01;20
24268.42;0.01;20
24269.47;0.01;20
24270.51;0.01;20
24271.56;0.01;20
24272.6;0.01;20
24273.64;0.01;20
24274.69;0.01;20
24275.73;0.01;20
24276.78;0.01;20
24277.82;0.01;20
24278.87;0.01;20
24279.91;0.01;20
24280.96;0.01;20
24282;0.01;20
24283.04;0.01;20
24284.09;0.01;20
24285.13;0.01;20
24286.18;0.01;20
24287.22;0.01;20
24288.27;0.01;20
24289.31;0.01;20
24290.36;0.01;20
24291.4;0.01;20
24292.44;0.01;20
24293.49;0.01;20
24294.53;0.01;20
24295.58;0.01;20
24296.62;0.01;20
24297.67;0.01;20
24298.71;0.01;20
24299.76;0.01;20
24300.8;0.01;20
24301.84;0.01;20
24302.89;0.01;20
24303.93;0.01;20
24304.98;0.01;20
24306.02;0.01;20
24307.07;0.01;20
24308.11;0.01;20
24309.16;0.01;20
24310.2;0.01;20
24311.24;0.01;20
24312.29;0.01;20
24313.33;0.01;20
24314.38;0.01;20
24315.42;0.01;20
24316.47;0.01;20
24317.51;0.01;20
24318.56;0.01;20
24319.6;0.01;20
24320.64;0.01;20
24321.69;0.01;20
24322.73;0.01;20
24323.78;0.01;20
24324.82;0.01;20
24325.87;0.01;20
24326.91;0.01;20
24327.96;0.01;20
24329;0.01;20
24330.04;0.01;20
24331.09;0.01;20
24332.13;0.01;20
24333.18;0.01;20
24334.22;0.01;20
24335.27;0.01;20
24336.31;0.01;20
24337.36;0.01;20
24338.4;0.01;20
24339.44;0.01;20
24340.49;0.01;20
24341.53;0.01;20
24342.58;0.01;20
24343.62;0.01;20
24344.67;0.01;20
24345.71;0.01;20
24346.76;0.01;20
24347.8;0.01;20
24348.84;0.01;20
24349.89;0.01;20
24350.93;0.01;20
24351.98;0.01;20
24353.02;0.01;20
24354.07;0.01;20
24355.11;0.01;20
24356.16;0.01;20
24357.2;0.01;20
24358.24;0.01;20
24359.29;0.01;20
24360.33;0.01;20
24361.38;0.01;20
24362.42;0.01;20
24363.47;0.01;20
24364.51;0.01;20
24365.56;0.01;20
24366.6;0.01;20
24367.64;0.01;20
24368.69;0.01;20
24369.73;0.01;20
24370.78;0.01;20
24371.82;0.01;20
24372.87;0.01;20
24373.91;0.01;20
24374.96;0.01;20
24376;0.01;20
24377.04;0.01;20
24378.09;0.01;20
24379.13;0.01;20
24380.18;0.01;20
24381.22;0.01;20
24382.27;0.01;20
24383.31;0.01;20
24384.36;0.01;20
24385.4;0.01;20
24386.44;0.01;20
24387.49;0.01;20
24388.53;0.01;20
24389.58;0.01;20
24390.62;0.01;20
24391.67;0.01;20
24392.71;0.01;20
24393.76;0.01;20
24394.8;0.01;20
24395.84;0.01;20
24396.89;0.01;20
24397.93;0.01;20
24398.98;0.01;20
24400;0.01;20
24401.04;0.01;20
24402.09;0.01;20
24403.13;0.01;20
24404.18;0.01;20
24405.22;0.01;20
24406.27;0.01;20
24407.31;0.01;20
24408.36;0.01;20
24409.4;0.01;20
24410.44;0.01;20
24411.49;0.01;20
24412.53;0.01;20
24413.58;0.01;20
24414.62;0.01;20
24415.67;0.01;20
24416.71;0.01;20
24417.76;0.01;20
24418.8;0.01;20
24419.84;0.01;20
24420.89;0.01;20
24421.93;0.01;20
24422.98;0.01;20
24424.02;0.01;20
24425.07;0.01;20
24426.11;0.01;20
24427.16;0.01;20
24428.2;0.01;20
24429.24;0.01;20
24430.29;0.01;20
24431.33;0.01;20
24432.38;0.01;20
24433.42;0.01;20
24434.47;0.01;20
24435.51;0.01;20
24436.56;0.01;20
24437.6;0.01;20
24438.64;0.01;20
24439.69;0.01;20
24440.73;0.01;20
24441.78;0.01;20
24442.82;0.01;20
24443.87;0.01;20
24444.91;0.01;20
24445.91;0.01;20
24447;0.01;20
24448.04;0.01;20
24449.09;0.01;20
24450.13;0.01;20
24451.18;0.01;20
24452.22;0.01;20
24453.27;0.01;20
24454.31;0.01;20
24455.36;0.01;20
24456.4;0.01;20
24457.44;0.01;20
24458.49;0.01;20
24459.53;0.01;20
24460.58;0.01;20
24461.62;0.01;20
24462.67;0.01;20
24463.71;0.01;20
24464.76;0.01;20
24465.8;0.01;20
24466.84;0.01;20
24467.89;0.01;20
24468.93;0.01;20
24469.98;0.01;20
24471.02;0.01;20
24472.07;0.01;20
24473.11;0.01;20
24474.16;0.01;20
24475.2;0.01;20
24476.24;0.01;20
24477.29;0.01;20
24478.33;0.01;20
24479.38;0.01;20
24480.42;0.01;20
24481.47;0.01;20
24482.51;0.01;20
24483.56;0.01;20
24484.6;0.01;20
24485.64;0.01;20
24486.69;0.01;20
24487.73;0.01;20
24488.78;0.01;20
24489.82;0.01;20
24490.87;0.01;20
24491.91;0.01;20
24492.96;0.01;20
24494;0.01;20
24495.04;0.01;20
24496.09;0.01;20
24497.13;0.01;20
24498.18;0.01;20
24499.22;0.01;20
24500.27;0.01;20
24501.31;0.01;20
24502.36;0.01;20
24503.4;0.01;20
24504.44;0.01;20
24505.49;0.01;20
24506.53;0.01;20
24507.58;0.01;20
24508.62;0.01;20
24509.67;0.01;20
24510.71;0.01;20
24511.76;0.01;20
24512.8;0.01;20
24513.84;0.01;20
24514.89;0.01;20
24515.93;0.01;20
24516.98;0.01;20
24518.02;0.01;20
24519.07;0.01;20
24520.11;0.01;20
24521.16;0.01;20
24522.2;0.01;20
24523.24;0.01;20
24524.29;0.01;20
24525.33;0.01;20
24526.38;0.01;20
24527.42;0.01;20
24528.47;0.01;20
24529.51;0.01;20
24530.56;0.01;20
24531.6;0.01;20
24532.64;0.01;20
24533.69;0.01;20
24534.73;0.01;20
24535.78;0.01;20
24536.82;0.01;20
24537.87;0.01;20
24538.91;0.01;20
24539.96;0.01;20
24541;0.01;20
24542.04;0.01;20
24543.09;0.01;20
24544.13;0.01;20
24545.18;0.01;20
24546.22;0.01;20
24547.27;0.01;20
24548.31;0.01;20
24549.36;0.01;20
24550.4;0.01;20
24551.44;0.01;20
24552.49;0.01;20
24553.53;0.01;20
24554.58;0.01;20
24555.62;0.01;20
24556.67;0.01;20
24557.71;0.01;20
24558.76;0.01;20
24559.8;0.01;20
24560.84;0.01;20
24561.89;0.01;20
24562.93;0.01;20
24563.98;0.01;20
24565.02;0.01;20
24566.07;0.01;20
24567.11;0.01;20
24568.16;0.01;20
24569.2;0.01;20
24570.24;0.01;20
24571.29;0.01;20
24572.33;0.01;20
24573.38;0.01;20
24574.42;0.01;20
24575.47;0.01;20
24576.51;0.01;20
24577.56;0.01;20
24578.6;0.01;20
24579.64;0.01;20
24580.69;0.01;20
24581.73;0.01;20
24582.78;0.01;20
24583.82;0.01;20
24584.87;0.01;20
24585.91;0.01;20
24586.96;0.01;20
24588;0.01;20
24589.04;0.01;20
24590.09;0.01;20
24591.13;0.01;20
24592.18;0.01;20
24593.22;0.01;20
24594.27;0.01;20
24595.31;0.01;20
24596.36;0.01;20
24597.4;0.01;20
24598.44;0.01;20
24599.49;0.01;20
24600.53;0.01;20
24601.58;0.01;20
24602.62;0.01;20
24603.67;0.01;20
24604.71;0.01;20
24605.76;0.01;20
24606.8;0.01;20
24607.84;0.01;20
24608.89;0.01;20
24609.93;0.01;20
24610.98;0.01;20
24612.02;0.01;20
24613.07;0.01;20
24614.11;0.01;20
24615.16;0.01;20
24616.2;0.01;20
24617.24;0.01;20
24618.29;0.01;20
24619.33;0.01;20
24620.38;0.01;20
24621.42;0.01;20
24622.47;0.01;20
24623.51;0.01;20
24624.56;0.01;20
24625.6;0.01;20
24626.64;0.01;20
24627.69;0.01;20
24628.73;0.01;20
24629.78;0.01;20
24630.82;0.01;20
24631.87;0.01;20
24632.91;0.01;20
24633.96;0.01;20
24635;0.01;20
24636.04;0.01;20
24637.09;0.01;20
24638.13;0.01;20
24639.18;0.01;20
24640.22;0.01;20
24641.27;0.01;20
24642.31;0.01;20
24643.36;0.01;20
24644.4;0.01;20
24645.44;0.01;20
24646.49;0.01;20
24647.53;0.01;20
24648.58;0.01;20
24649.62;0.01;20
24650.67;0.01;20
24651.71;0.01;20
24652.76;0.01;20
24653.8;0.01;20
24654.84;0.01;20
24655.89;0.01;20
24656.93;0.01;20
24657.98;0.01;20
24659.02;0.01;20
24660.07;0.01;20
24661.11;0.01;20
24662.16;0.01;20
24663.2;0.01;20
24664.24;0.01;20
24665.29;0.01;20
24666.33;0.01;20
24667.38;0.01;20
24668.42;0.01;20
24669.47;0.01;20
24670.51;0.01;20
24671.56;0.01;20
24672.6;0.01;20
24673.64;0.01;20
24674.69;0.01;20
24675.73;0.01;20
24676.78;0.01;20
24677.82;0.01;20
24678.87;0.01;20
24679.91;0.01;20
24680.96;0.01;20
24682;0.01;20
24683.04;0.01;20
24684.09;0.01;20
24685.13;0.01;20
24686.18;0.01;20
24687.22;0.01;20
24688.27;0.01;20
24689.31;0.01;20
24690.36;0.01;20
24691.4;0.01;20
24692.44;0.01;20
24693.49;0.01;20
24694.53;0.01;20
24695.58;0.01;20
24696.62;0.01;20
24697.67;0.01;20
24698.71;0.01;20
24699.76;0.01;20
24700.8;0.01;20
24701.84;0.01;20
24702.87;0.01;20
24703.91;0.01;20
24704.96;0.01;20
24706;0.01;20
24707.04;0.01;20
24708.09;0.01;20
24709.13;0.01;20
24710.18;0.01;20
24711.22;0.01;20
24712.27;0.01;20
24713.31;0.01;20
24714.36;0.01;20
24715.4;0.01;20
24716.44;0.01;20
24717.49;0.01;20
24718.53;0.01;20
24719.58;0.01;20
24720.62;0.01;20
24721.67;0.01;20
24722.71;0.01;20
24723.76;0.01;20
24724.8;0.01;20
24725.84;0.01;20
24726.89;0.01;20
24727.93;0.01;20
24728.98;0.01;20
24730.02;0.01;20
24731.07;0.01;20
24732.11;0.01;20
24733.16;0.01;20
24734.2;0.01;20
24735.24;0.01;20
24736.29;0.01;20
24737.33;0.01;20
24738.38;0.01;20
24739.42;0.01;20
24740.47;0.01;20
24741.51;0.01;20
24742.56;0.01;20
24743.6;0.01;20
24744.64;0.01;20
24745.69;0.01;20
24746.73;0.01;20
24747.78;0.01;20
24748.82;0.01;20
24749.87;0.01;20
24750.91;0.01;20
24751.96;0.01;20
24753;0.01;20
24754.04;0.01;20
24755.09;0.01;20
24756.13;0.01;20
24757.18;0.01;20
24758.22;0.01;20
24759.27;0.01;20
24760.31;0.01;20
24761.36;0.01;20
24762.4;0.01;20
24763.44;0.01;20
24764.49;0.01;20
24765.53;0.01;20
24766.58;0.01;20
24767.62;0.01;20
24768.67;0.01;20
24769.71;0.01;20
24770.76;0.01;20
24771.8;0.01;20
24772.84;0.01;20
24773.89;0.01;20
24774.93;0.01;20
24775.98;0.01;20
24777.02;0.01;20
24778.07;0.01;20
24779.11;0.01;20
24780.16;0.01;20
24781.2;0.01;20
24782.24;0.01;20
24783.29;0.01;20
24784.33;0.01;20
24785.38;0.01;20
24786.42;0.01;20
24787.47;0.01;20
24788.51;0.01;20
24789.56;0.01;20
24790.6;0.01;20
24791.64;0.01;20
24792.69;0.01;20
24793.73;0.01;20
24794.78;0.01;20
24795.82;0.01;20
24796.87;0.01;20
24797.91;0.01;20
24798.96;0.01;20
24800;0.01;20
24801.04;0.01;20
24802.09;0.01;20
24803.13;0.01;20
24804.18;0.01;20
24805.22;0.01;20
24806.27;0.01;20
24807.31;0.01;20
24808.36;0.01;20
24809.4;0.01;20
24810.44;0.01;20
24811.49;0.01;20
24812.53;0.01;20
24813.58;0.01;20
24814.62;0.01;20
24815.67;0.01;20
24816.71;0.01;20
24817.76;0.01;20
24818.8;0.01;20
24819.84;0.01;20
24820.89;0.01;20
24821.93;0.01;20
24822.93;0.01;20
24824.02;0.01;20
24825.07;0.01;20
24826.11;0.01;20
24827.16;0.01;20
24828.2;0.01;20
24829.24;0.01;20
24830.29;0.01;20
24831.33;0.01;20
24832.38;0.01;20
24833.42;0.01;20
24834.47;0.01;20
24835.51;0.01;20
24836.56;0.01;20
24837.6;0.01;20
24838.64;0.01;20
24839.69;0.01;20
24840.73;0.01;20
24841.78;0.01;20
24842.82;0.01;20
24843.87;0.01;20
24844.91;0.01;20
24845.96;0.01;20
24847;0.01;20
24848.04;0.01;20
24849.09;0.01;20
24850.13;0.01;20
24851.18;0.01;20
24852.22;0.01;20
24853.27;0.01;20
24854.31;0.01;20
24855.36;0.01;20
24856.4;0.01;20
24857.44;0.01;20
24858.49;0.01;20
24859.53;0.01;20
24860.58;0.01;20
24861.62;0.01;20
24862.67;0.01;20
24863.71;0.01;20
24864.76;0.01;20
24865.8;0.01;20
24866.84;0.01;20
24867.89;0.01;20
24868.93;0.01;20
24869.98;0.01;20
24871.02;0.01;20
24872.07;0.01;20
24873.11;0.01;20
24874.16;0.01;20
24875.2;0.01;20
24876.24;0.01;20
24877.29;0.01;20
24878.33;0.01;20
24879.38;0.01;20
24880.42;0.01;20
24881.47;0.01;20
24882.51;0.01;20
24883.56;0.01;20
24884.6;0.01;20
24885.64;0.01;20
24886.69;0.01;20
24887.73;0.01;20
24888.78;0.01;20
24889.82;0.01;20
24890.87;0.01;20
24891.91;0.01;20
24892.96;0.01;20
24894;0.01;20
24895.04;0.01;20
24896.09;0.01;20
24897.13;0.01;20
24898.18;0.01;20
24899.22;0.01;20
24900.27;0.01;20
24901.31;0.01;20
24902.36;0.01;20
24903.4;0.01;20
24904.44;0.01;20
24905.49;0.01;20
24906.53;0.01;20
24907.58;0.01;20
24908.62;0.01;20
24909.67;0.01;20
24910.71;0.01;20
24911.76;0.01;20
24912.8;0.01;20
24913.84;0.01;20
24914.89;0.01;20
24915.93;0.01;20
24916.98;0.01;20
24918.02;0.01;20
24919.07;0.01;20
24920.11;0.01;20
24921.16;0.01;20
24922.2;0.01;20
24923.24;0.01;20
24924.29;0.01;20
24925.33;0.01;20
24926.38;0.01;20
24927.42;0.01;20
24928.47;0.01;20
24929.51;0.01;20
24930.56;0.01;20
24931.6;0.01;20
24932.64;0.01;20
24933.69;0.01;20
24934.73;0.01;20
24935.78;0.01;20
24936.82;0.01;20
24937.87;0.01;20
24938.91;0.01;20
24939.96;0.01;20
24941;0.01;20
24942.04;0.01;20
24943.09;0.01;20
24944.13;0.01;20
24945.18;0.01;20
24946.22;0.01;20
24947.27;0.01;20
24948.31;0.01;20
24949.36;0.01;20
24950.4;0.01;20
24951.44;0.01;20
24952.49;0.01;20
24953.53;0.01;20
24954.58;0.01;20
24955.62;0.01;20
24956.67;0.01;20
24957.71;0.01;20
24958.76;0.01;20
24959.8;0.01;20
24960.84;0.01;20
24961.89;0.01;20
24962.93;0.01;20
24963.98;0.01;20
24965.02;0.01;20
24966.07;0.02;20
24967.11;0.02;20
24968.16;0.01;20
24969.2;0.01;20
24970.24;0.01;20
24971.29;0.01;20
24972.33;0.01;20
24973.38;0.01;20
24974.42;0.01;20
24975.47;0.01;20
24976.51;0.01;20
24977.56;0.01;20
24978.6;0.01;20
24979.64;0.01;20
24980.69;0.01;20
24981.73;0.01;20
24982.78;0.01;20
24983.82;0.01;20
24984.87;0.01;20
24985.91;0.01;20
24986.96;0.01;20
24988;0.02;20
24989.04;0.01;20
24990.09;0.01;20
24991.13;0.01;20
24992.18;0.01;20
24993.22;0.01;20
24994.27;0.01;20
24995.31;0.01;20
24996.36;0.01;20
24997.4;0.01;20
24998.44;0.01;20
24999.49;0.01;20
25000.53;0.01;20
25001.58;0.01;20
25002.62;0.01;20
25003.67;0.01;20
25004.71;0.01;20
25005.76;0.01;20
25006.8;0.01;20
25007.84;0.01;20
25008.89;0.01;20
25009.93;0.01;20
25010.98;0.01;20
25012.02;0.01;20
25013.07;0.01;20
25014.11;0.01;20
25015.16;0.01;20
25016.2;0.01;20
25017.24;0.01;20
25018.29;0.01;20
25019.33;0.01;20
25020.38;0.01;20
25021.42;0.01;20
25022.47;0.01;20
25023.51;0.01;20
25024.56;0.01;20
25025.6;0.01;20
25026.64;0.01;20
25027.69;0.01;20
25028.73;0.01;20
25029.78;0.01;20
25030.82;0.01;20
25031.87;0.01;20
25032.91;0.01;20
25033.96;0.01;20
25035;0.01;20
25036.04;0.01;20
25037.09;0.01;20
25038.13;0.01;20
25039.18;0.01;20
25040.22;0.01;20
25041.27;0.01;20
25042.31;0.01;20
25043.36;0.01;20
25044.4;0.01;20
25045.44;0.01;20
25046.49;0.01;20
25047.53;0.01;20
25048.58;0.01;20
25049.62;0.01;20
25050.67;0.01;20
25051.71;0.01;20
25052.76;0.01;20
25053.8;0.01;20
25054.84;0.01;20
25055.89;0.01;20
25056.93;0.01;20
25057.98;0.01;20
25059.02;0.01;20
25060.07;0.01;20
25061.11;0.01;20
25062.16;0.01;20
25063.2;0.01;20
25064.24;0.01;20
25065.29;0.01;20
25066.33;0.01;20
25067.38;0.01;20
25068.42;0.01;20
25069.47;0.01;20
25070.51;0.01;20
25071.56;0.01;20
25072.6;0.01;20
25073.64;0.01;20
25074.69;0.01;20
25075.73;0.01;20
25076.78;0.01;20
25077.82;0.01;20
25078.87;0.01;20
25079.91;0.01;20
25080.96;0.01;20
25082;0.01;20
25083.04;0.01;20
25084.09;0.01;20
25085.13;0.01;20
25086.18;0.01;20
25087.22;0.01;20
25088.27;0.01;20
25089.31;0.01;20
25090.36;0.01;20
25091.4;0.01;20
25092.44;0.01;20
25093.49;0.01;20
25094.53;0.01;20
25095.58;0.01;20
25096.62;0.01;20
25097.67;0.01;20
25098.71;0.01;20
25099.76;0.01;20
25100.8;0.01;20
25101.84;0.01;20
25102.89;0.01;20
25103.93;0.01;20
25104.98;0.01;20
25106.02;0.01;20
25107.07;0.01;20
25108.11;0.01;20
25109.16;0.01;20
25110.2;0.01;20
25111.24;0.01;20
25112.29;0.01;20
25113.33;0.01;20
25114.38;0.01;20
25115.42;0.01;20
25116.47;0.01;20
25117.51;0.01;20
25118.56;0.01;20
25119.6;0.01;20
25120.64;0.01;20
25121.69;0.01;20
25122.73;0.01;20
25123.78;0.01;20
25124.82;0.01;20
25125.87;0.01;20
25126.91;0.01;20
25127.96;0.01;20
25129;0.01;20
25130.04;0.01;20
25131.09;0.01;20
25132.13;0.01;20
25133.18;0.01;20
25134.22;0.01;20
25135.27;0.01;20
25136.31;0.01;20
25137.36;0.01;20
25138.4;0.01;20
25139.44;0.01;20
25140.49;0.01;20
25141.53;0.01;20
25142.58;0.01;20
25143.62;0.01;20
25144.67;0.01;20
25145.71;0.01;20
25146.76;0.01;20
25147.8;0.01;20
25148.84;0.01;20
25149.89;0.01;20
25150.93;0.01;20
25151.98;0.01;20
25153.02;0.01;20
25154.07;0.01;20
25155.11;0.01;20
25156.16;0.01;20
25157.2;0.01;20
25158.24;0.01;20
25159.29;0.01;20
25160.33;0.01;20
25161.38;0.01;20
25162.42;0.01;20
25163.47;0.01;20
25164.51;0.01;20
25165.56;0.01;20
25166.6;0.01;20
25167.64;0.01;20
25168.69;0.01;20
25169.73;0.01;20
25170.78;0.01;20
25171.82;0.01;20
25172.87;0.01;20
25173.91;0.01;20
25174.96;0.01;20
25176;0.01;20
25177.04;0.01;20
25178.09;0.01;20
25179.13;0.01;20
25180.18;0.01;20
25181.22;0.01;20
25182.27;0.01;20
25183.31;0.01;20
25184.36;0.01;20
25185.4;0.01;20
25186.44;0.01;20
25187.49;0.01;20
25188.53;0.01;20
25189.58;0.01;20
25190.62;0.01;20
25191.67;0.01;20
25192.71;0.01;20
25193.76;0.01;20
25194.8;0.01;20
25195.84;0.01;20
25196.89;0.01;20
25197.93;0.01;20
25198.98;0.01;20
25200;0.01;20
25201.04;0.01;20
25202.09;0.01;20
25203.13;0.01;20
25204.18;0.01;20
25205.22;0.01;20
25206.27;0.01;20
25207.31;0.01;20
25208.36;0.01;20
25209.4;0.01;20
25210.44;0.01;20
25211.49;0.01;20
25212.53;0.01;20
25213.58;0.01;20
25214.62;0.01;20
25215.67;0.01;20
25216.71;0.01;20
25217.76;0.01;20
25218.8;0.01;20
25219.84;0.01;20
25220.89;0.01;20
25221.93;0.01;20
25222.98;0.01;20
25224.02;0.01;20
25225.07;0.01;20
25226.11;0.01;20
25227.16;0.01;20
25228.2;0.01;20
25229.24;0.01;20
25230.29;0.01;20
25231.33;0.01;20
25232.38;0.01;20
25233.42;0.01;20
25234.47;0.01;20
25235.51;0.01;20
25236.56;0.01;20
25237.6;0.01;20
25238.64;0.01;20
25239.69;0.01;20
25240.73;0.01;20
25241.78;0.01;20
25242.82;0.01;20
25243.87;0.01;20
25244.91;0.01;20
25245.96;0.01;20
25247;0.01;20
25248.04;0.01;20
25249.09;0.01;20
25250.13;0.01;20
25251.18;0.01;20
25252.22;0.01;20
25253.27;0.01;20
25254.31;0.01;20
25255.36;0.01;20
25256.4;0.01;20
25257.44;0.01;20
25258.49;0.01;20
25259.53;0.01;20
25260.58;0.01;20
25261.62;0.01;20
25262.67;0.01;20
25263.71;0.01;20
25264.76;0.01;20
25265.8;0.01;20
25266.84;0.01;20
25267.89;0.01;20
25268.93;0.01;20
25269.98;0.01;20
25271.02;0.01;20
25272.07;0.01;20
25273.11;0.01;20
25274.16;0.01;20
25275.2;0.01;20
25276.24;0.01;20
25277.29;0.01;20
25278.33;0.01;20
25279.38;0.01;20
25280.42;0.01;20
25281.47;0.01;20
25282.51;0.01;20
25283.56;0.01;20
25284.6;0.01;20
25285.64;0.01;20
25286.69;0.01;20
25287.73;0.01;20
25288.78;0.01;20
25289.82;0.01;20
25290.87;0.01;20
25291.91;0.01;20
25292.96;0.01;20
25294;0.01;20
25295.04;0.01;20
25296.09;0.01;20
25297.13;0.01;20
25298.18;0.01;20
25299.22;0.01;20
25300.27;0.01;20
25301.31;0.01;20
25302.36;0.01;20
25303.4;0.01;20
25304.44;0.01;20
25305.49;0.01;20
25306.53;0.01;20
25307.58;0.01;20
25308.62;0.01;20
25309.67;0.01;20
25310.71;0.01;20
25311.76;0.01;20
25312.8;0.01;20
25313.84;0.01;20
25314.89;0.01;20
25315.93;0.01;20
25316.98;0.01;20
25318.02;0.01;20
25319.07;0.01;20
25320.11;0.01;20
25321.16;0.01;20
25322.2;0.01;20
25323.24;0.01;20
25324.29;0.01;20
25325.33;0.01;20
25326.38;0.01;20
25327.42;0.01;20
25328.47;0.01;20
25329.51;0.01;20
25330.56;0.01;20
25331.6;0.01;20
25332.64;0.01;20
25333.69;0.01;20
25334.73;0.01;20
25335.78;0.01;20
25336.82;0.01;20
25337.87;0.01;20
25338.91;0.01;20
25339.96;0.01;20
25341;0.01;20
25342.04;0.01;20
25343.09;0.01;20
25344.13;0.01;20
25345.18;0.01;20
25346.22;0.01;20
25347.27;0.01;20
25348.31;0.01;20
25349.36;0.01;20
25350.4;0.01;20
25351.44;0.01;20
25352.49;0.01;20
25353.53;0.01;20
25354.58;0.01;20
25355.62;0.01;20
25356.67;0.01;20
25357.71;0.01;20
25358.76;0.01;20
25359.8;0.01;20
25360.84;0.01;20
25361.89;0.01;20
25362.93;0.01;20
25363.98;0.01;20
25365.02;0.01;20
25366.07;0.01;20
25367.11;0.01;20
25368.16;0.01;20
25369.2;0.01;20
25370.24;0.01;20
25371.29;0.01;20
25372.33;0.01;20
25373.38;0.01;20
25374.42;0.01;20
25375.47;0.01;20
25376.51;0.01;20
25377.56;0.01;20
25378.6;0.01;20
25379.64;0.01;20
25380.69;0.01;20
25381.73;0.01;20
25382.78;0.01;20
25383.82;0.01;20
25384.87;0.01;20
25385.91;0.01;20
25386.96;0.01;20
25388;0.01;20
25389.04;0.01;20
25390.09;0.01;20
25391.13;0.01;20
25392.18;0.01;20
25393.2;0.01;20
25394.24;0.01;20
25395.29;0.01;20
25396.33;0.01;20
25397.38;0.01;20
25398.42;0.01;20
25399.47;0.01;20
25400.51;0.01;20
25401.56;0.01;20
25402.6;0.01;20
25403.64;0.01;20
25404.69;0.01;20
25405.73;0.01;20
25406.78;0.01;20
25407.82;0.01;20
25408.87;0.01;20
25409.91;0.01;20
25410.96;0.01;20
25412;0.01;20
25413.04;0.01;20
25414.09;0.01;20
25415.13;0.01;20
25416.18;0.01;20
25417.22;0.01;20
25418.27;0.01;20
25419.31;0.01;20
25420.36;0.01;20
25421.4;0.01;20
25422.44;0.01;20
25423.49;0.01;20
25424.53;0.01;20
25425.58;0.01;20
25426.62;0.01;20
25427.67;0.01;20
25428.71;0.01;20
25429.76;0.01;20
25430.8;0.01;20
25431.84;0.01;20
25432.89;0.01;20
25433.93;0.01;20
25434.98;0.01;20
25436.02;0.01;20
25437.07;0.01;20
25438.11;0.01;20
25439.16;0.01;20
25440.2;0.01;20
25441.24;0.01;20
25442.29;0.01;20
25443.33;0.01;20
25444.38;0.01;20
25445.42;0.01;20
25446.47;0.01;20
25447.51;0.01;20
25448.56;0.01;20
25449.6;0.01;20
25450.64;0.01;20
25451.69;0.01;20
25452.73;0.01;20
25453.78;0.01;20
25454.82;0.01;20
25455.87;0.01;20
25456.91;0.01;20
25457.96;0.01;20
25459;0.01;20
25460;0.01;20
25461.04;0.01;20
25462.09;0.01;20
25463.13;0.01;20
25464.18;0.01;20
25465.22;0.01;20
25466.27;0.01;20
25467.31;0.01;20
25468.36;0.01;20
25469.4;0.01;20
25470.44;0.01;20
25471.49;0.01;20
25472.53;0.01;20
25473.58;0.01;20
25474.62;0.01;20
25475.67;0.01;20
25476.71;0.01;20
25477.76;0.01;20
25478.8;0.01;20
25479.84;0.01;20
25480.89;0.01;20
25481.93;0.01;20
25482.98;0.01;20
25484.02;0.01;20
25485.07;0.01;20
25486.11;0.01;20
25487.16;0.01;20
25488.2;0.01;20
25489.24;0.01;20
25490.29;0.01;20
25491.33;0.01;20
25492.38;0.01;20
25493.42;0.01;20
25494.47;0.01;20
25495.51;0.01;20
25496.56;0.01;20
25497.6;0.01;20
25498.64;0.01;20
25499.69;0.01;20
25500.73;0.01;20
25501.78;0.01;20
25502.82;0.01;20
25503.87;0.01;20
25504.91;0.01;20
25505.96;0.01;20
25507;0.01;20
25508.04;0.01;20
25509.09;0.01;20
25510.13;0.01;20
25511.18;0.01;20
25512.22;0.01;20
25513.27;0.01;20
25514.31;0.01;20
25515.36;0.01;20
25516.4;0.01;20
25517.44;0.01;20
25518.49;0.01;20
25519.53;0.01;20
25520.58;0.01;20
25521.62;0.01;20
25522.67;0.01;20
25523.71;0.01;20
25524.76;0.01;20
25525.8;0.01;20
25526.84;0.01;20
25527.89;0.01;20
25528.93;0.01;20
25529.98;0.01;20
25531.02;0.01;20
25532.07;0.01;20
25533.11;0.01;20
25534.16;0.01;20
25535.2;0.01;20
25536.24;0.01;20
25537.29;0.01;20
25538.33;0.01;20
25539.38;0.01;20
25540.42;0.01;20
25541.47;0.01;20
25542.51;0.01;20
25543.56;0.01;20
25544.6;0.01;20
25545.64;0.01;20
25546.69;0.01;20
25547.73;0.01;20
25548.78;0.01;20
25549.82;0.01;20
25550.87;0.01;20
25551.91;0.01;20
25552.96;0.01;20
25554;0.01;20
25555.04;0.01;20
25556.09;0.01;20
25557.13;0.01;20
25558.18;0.01;20
25559.22;0.01;20
25560.27;0.01;20
25561.31;0.01;20
25562.36;0.01;20
25563.4;0.01;20
25564.44;0.01;20
25565.49;0.01;20
25566.53;0.01;20
25567.58;0.01;20
25568.62;0.01;20
25569.67;0.01;20
25570.71;0.01;20
25571.76;0.01;20
25572.8;0.01;20
25573.84;0.01;20
25574.89;0.01;20
25575.93;0.01;20
25576.98;0.01;20
25578.02;0.01;20
25579.07;0.01;20
25580.11;0.01;20
25581.16;0.01;20
25582.2;0.01;20
25583.24;0.01;20
25584.29;0.01;20
25585.33;0.01;20
25586.38;0.01;20
25587.42;0.01;20
25588.47;0.01;20
25589.51;0.01;20
25590.56;0.01;20
25591.6;0.01;20
25592.64;0.01;20
25593.69;0.01;20
25594.73;0.01;20
25595.78;0.01;20
25596.82;0.01;20
25597.87;0.01;20
25598.91;0.01;20
25599.96;0.01;20
25601;0.01;20
25602.04;0.01;20
25603.09;0.01;20
25604.13;0.01;20
25605.18;0.01;20
25606.22;0.01;20
25607.27;0.01;20
25608.31;0.01;20
25609.36;0.01;20
25610.4;0.01;20
25611.44;0.01;20
25612.49;0.01;20
25613.53;0.01;20
25614.58;0.01;20
25615.62;0.01;20
25616.67;0.01;20
25617.71;0.01;20
25618.76;0.01;20
25619.8;0.01;20
25620.84;0.01;20
25621.89;0.01;20
25622.93;0.01;20
25623.98;0.01;20
25625.02;0.01;20
25626.07;0.01;20
25627.11;0.01;20
25628.16;0.01;20
25629.2;0.01;20
25630.24;0.01;20
25631.29;0.01;20
25632.33;0.01;20
25633.38;0.01;20
25634.42;0.01;20
25635.47;0.01;20
25636.51;0.01;20
25637.56;0.01;20
25638.6;0.01;20
25639.64;0.01;20
25640.69;0.01;20
25641.73;0.01;20
25642.78;0.01;20
25643.82;0.01;20
25644.87;0.01;20
25645.91;0.01;20
25646.96;0.01;20
25648;0.01;20
25649.04;0.01;20
25650.09;0.01;20
25651.13;0.01;20
25652.18;0.01;20
25653.22;0.01;20
25654.27;0.01;20
25655.31;0.01;20
25656.36;0.01;20
25657.4;0.01;20
25658.44;0.01;20
25659.49;0.01;20
25660.53;0.01;20
25661.58;0.01;20
25662.62;0.01;20
25663.67;0.01;20
25664.71;0.01;20
25665.76;0.01;20
25666.8;0.01;20
25667.84;0.01;20
25668.89;0.01;20
25669.93;0.01;20
25670.98;0.01;20
25672.02;0.01;20
25673.07;0.01;20
25674.11;0.01;20
25675.16;0.01;20
25676.2;0.01;20
25677.24;0.01;20
25678.29;0.01;20
25679.33;0.01;20
25680.38;0.01;20
25681.42;0.01;20
25682.47;0.01;20
25683.51;0.01;20
25684.56;0.01;20
25685.6;0.01;20
25686.64;0.01;20
25687.69;0.01;20
25688.73;0.01;20
25689.78;0.01;20
25690.82;0.01;20
25691.87;0.01;20
25692.91;0.01;20
25693.96;0.01;20
25695;0.01;20
25696.04;0.01;20
25697.09;0.01;20
25698.13;0.01;20
25699.18;0.01;20
25700.22;0.01;20
25701.27;0.01;20
25702.31;0.01;20
25703.36;0.01;20
25704.4;0.01;20
25705.44;0.01;20
25706.49;0.01;20
25707.53;0.01;20
25708.58;0.01;20
25709.62;0.01;20
25710.67;0.01;20
25711.71;0.01;20
25712.76;0.01;20
25713.8;0.01;20
25714.84;0.01;20
25715.89;0.01;20
25716.93;0.01;20
25717.98;0.01;20
25719.02;0.01;20
25720.07;0.01;20
25721.11;0.01;20
25722.16;0.01;20
25723.2;0.01;20
25724.24;0.01;20
25725.29;0.01;20
25726.33;0.01;20
25727.38;0.01;20
25728.42;0.01;20
25729.47;0.01;20
25730.51;0.01;20
25731.56;0.01;20
25732.6;0.01;20
25733.64;0.01;20
25734.69;0.01;20
25735.73;0.01;20
25736.78;0.01;20
25737.82;0.01;20
25738.87;0.01;20
25739.91;0.01;20
25740.96;0.01;20
25742;0.01;20
25743.04;0.01;20
25744.09;0.01;20
25745.13;0.01;20
25746.18;0.01;20
25747.22;0.01;20
25748.27;0.01;20
25749.31;0.01;20
25750.36;0.01;20
25751.4;0.01;20
25752.44;0.01;20
25753.49;0.01;20
25754.53;0.01;20
25755.53;0.01;20
25756.62;0.01;20
25757.67;0.01;20
25758.71;0.01;20
25759.76;0.01;20
25760.8;0.01;20
25761.84;0.01;20
25762.89;0.01;20
25763.93;0.01;20
25764.98;0.01;20
25766.02;0.01;20
25767.07;0.01;20
25768.11;0.01;20
25769.16;0.01;20
25770.2;0.01;20
25771.24;0.01;20
25772.29;0.01;20
25773.33;0.01;20
25774.38;0.01;20
25775.42;0.01;20
25776.47;0.01;20
25777.51;0.01;20
25778.56;0.01;20
25779.6;0.01;20
25780.64;0.01;20
25781.69;0.01;20
25782.73;0.01;20
25783.78;0.01;20
25784.82;0.01;20
25785.87;0.01;20
25786.91;0.01;20
25787.96;0.01;20
25789;0.01;20
25790.04;0.01;20
25791.04;0.01;20
25792.13;0.01;20
25793.18;0.01;20
25794.22;0.01;20
25795.27;0.01;20
25796.31;0.01;20
25797.36;0.01;20
25798.4;0.01;20
25799.44;0.01;20
25800.49;0.01;20
25801.53;0.01;20
25802.58;0.01;20
25803.62;0.01;20
25804.67;0.01;20
25805.71;0.01;20
25806.76;0.01;20
25807.8;0.01;20
25808.84;0.01;20
25809.89;0.01;20
25810.93;0.01;20
25811.98;0.01;20
25813.02;0.01;20
25814.07;0.01;20
25815.11;0.01;20
25816.16;0.01;20
25817.2;0.01;20
25818.24;0.01;20
25819.29;0.01;20
25820.33;0.01;20
25821.38;0.01;20
25822.42;0.01;20
25823.47;0.01;20
25824.51;0.01;20
25825.56;0.01;20
25826.56;0.01;20
25827.64;0.01;20
25828.69;0.01;20
25829.73;0.01;20
25830.78;0.01;20
25831.82;0.01;20
25832.87;0.01;20
25833.91;0.01;20
25834.96;0.01;20
25836;0.01;20
25837.04;0.01;20
25838.09;0.01;20
25839.13;0.01;20
25840.18;0.01;20
25841.22;0.01;20
25842.27;0.01;20
25843.31;0.01;20
25844.36;0.01;20
25845.4;0.01;20
25846.44;0.01;20
25847.49;0.01;20
25848.53;0.01;20
25849.58;0.01;20
25850.62;0.01;20
25851.67;0.01;20
25852.71;0.01;20
25853.76;0.01;20
25854.8;0.01;20
25855.84;0.01;20
25856.89;0.01;20
25857.93;0.01;20
25858.98;0.01;20
25860;0.01;20
25861.04;0.01;20
25862.09;0.01;20
25863.13;0.01;20
25864.18;0.01;20
25865.22;0.01;20
25866.27;0.01;20
25867.31;0.01;20
25868.36;0.01;20
25869.4;0.01;20
25870.44;0.01;20
25871.49;0.01;20
25872.53;0.01;20
25873.58;0.01;20
25874.62;0.01;20
25875.67;0.01;20
25876.71;0.01;20
25877.76;0.01;20
25878.8;0.01;20
25879.84;0.01;20
25880.89;0.01;20
25881.93;0.01;20
25882.98;0.01;20
25884.02;0.01;20
25885.07;0.01;20
25886.11;0.01;20
25887.16;0.01;20
25888.2;0.01;20
25889.24;0.01;20
25890.29;0.01;20
25891.33;0.01;20
25892.38;0.01;20
25893.42;0.01;20
25894.47;0.01;20
25895.51;0.01;20
25896.56;0.01;20
25897.6;0.01;20
25898.64;0.01;20
25899.69;0.01;20
25900.73;0.01;20
25901.78;0.01;20
25902.82;0.01;20
25903.87;0.01;20
25904.91;0.01;20
25905.96;0.01;20
25907;0.01;20
25908.04;0.01;20
25909.09;0.01;20
25910.13;0.01;20
25911.18;0.01;20
25912.22;0.01;20
25913.27;0.01;20
25914.31;0.01;20
25915.36;0.01;20
25916.4;0.01;20
25917.44;0.01;20
25918.49;0.01;20
25919.53;0.01;20
25920.58;0.01;20
25921.62;0.01;20
25922.67;0.01;20
25923.71;0.01;20
25924.76;0.01;20
25925.8;0.01;20
25926.84;0.01;20
25927.89;0.01;20
25928.93;0.01;20
25929.98;0.01;20
25931.02;0.01;20
25932.07;0.01;20
25933.11;0.01;20
25934.16;0.01;20
25935.2;0.01;20
25936.24;0.01;20
25937.29;0.01;20
25938.33;0.01;20
25939.38;0.01;20
25940.42;0.01;20
25941.47;0.01;20
25942.51;0.01;20
25943.56;0.01;20
25944.6;0.01;20
25945.64;0.01;20
25946.69;0.01;20
25947.73;0.01;20
25948.78;0.01;20
25949.82;0.01;20
25950.87;0.01;20
25951.91;0.01;20
25952.96;0.01;20
25954;0.01;20
25955.04;0.01;20
25956.09;0.01;20
25957.13;0.01;20
25958.18;0.01;20
25959.22;0.01;20
25960.27;0.01;20
25961.31;0.01;20
25962.36;0.01;20
25963.4;0.01;20
25964.44;0.01;20
25965.49;0.01;20
25966.53;0.01;20
25967.58;0.01;20
25968.62;0.01;20
25969.67;0.01;20
25970.71;0.01;20
25971.76;0.01;20
25972.8;0.01;20
25973.84;0.01;20
25974.89;0.01;20
25975.93;0.01;20
25976.98;0.01;20
25978.02;0.01;20
25979.07;0.01;20
25980.11;0.01;20
25981.16;0.01;20
25982.2;0.01;20
25983.24;0.01;20
25984.29;0.01;20
25985.33;0.01;20
25986.38;0.01;20
25987.42;0.01;20
25988.47;0.01;20
25989.51;0.01;20
25990.56;0.01;20
25991.6;0.01;20
25992.64;0.01;20
25993.69;0.01;20
25994.73;0.01;20
25995.78;0.01;20
25996.82;0.01;20
25997.87;0.01;20
25998.91;0.01;20
25999.96;0.01;20
26001;0.01;20
26002.04;0.01;20
26003.09;0.01;20
26004.13;0.01;20
26005.18;0.01;20
26006.22;0.01;20
26007.27;0.01;20
26008.31;0.01;20
26009.36;0.01;20
26010.4;0.01;20
26011.44;0.01;20
26012.49;0.01;20
26013.53;0.01;20
26014.58;0.01;20
26015.62;0.01;20
26016.67;0.01;20
26017.71;0.01;20
26018.76;0.01;20
26019.8;0.01;20
26020.84;0.01;20
26021.89;0.01;20
26022.93;0.01;20
26023.98;0.01;20
26025.02;0.01;20
26026.07;0.01;20
26027.11;0.01;20
26028.16;0.01;20
26029.2;0.01;20
26030.24;0.01;20
26031.29;0.01;20
26032.33;0.01;20
26033.38;0.01;20
26034.42;0.01;20
26035.47;0.01;20
26036.51;0.01;20
26037.56;0.01;20
26038.6;0.01;20
26039.64;0.01;20
26040.69;0.01;20
26041.73;0.01;20
26042.78;0.01;20
26043.82;0.01;20
26044.87;0.01;20
26045.91;0.01;20
26046.96;0.01;20
26048;0.01;20
26049.04;0.01;20
26050.09;0.01;20
26051.13;0.01;20
26052.18;0.01;20
26053.22;0.01;20
26054.27;0.01;20
26055.31;0.01;20
26056.36;0.01;20
26057.4;0.01;20
26058.44;0.01;20
26059.49;0.01;20
26060.53;0.01;20
26061.58;0.01;20
26062.62;0.01;20
26063.67;0.01;20
26064.71;0.01;20
26065.76;0.01;20
26066.8;0.01;20
26067.84;0.01;20
26068.89;0.01;20
26069.93;0.01;20
26070.98;0.01;20
26072.02;0.01;20
26073.07;0.01;20
26074.11;0.01;20
26075.16;0.01;20
26076.2;0.01;20
26077.24;0.01;20
26078.29;0.01;20
26079.33;0.01;20
26080.38;0.01;20
26081.42;0.01;20
26082.47;0.01;20
26083.51;0.01;20
26084.56;0.01;20
26085.6;0.01;20
26086.64;0.01;20
26087.69;0.01;20
26088.73;0.01;20
26089.78;0.01;20
26090.82;0.01;20
26091.87;0.01;20
26092.91;0.01;20
26093.96;0.01;20
26095;0.01;20
26096.04;0.01;20
26097.09;0.01;20
26098.13;0.01;20
26099.18;0.01;20
26100.22;0.01;20
26101.27;0.01;20
26102.31;0.01;20
26103.36;0.01;20
26104.4;0.01;20
26105.44;0.01;20
26106.49;0.01;20
26107.53;0.01;20
26108.58;0.01;20
26109.62;0.01;20
26110.67;0.01;20
26111.71;0.01;20
26112.76;0.01;20
26113.8;0.01;20
26114.84;0.01;20
26115.89;0.01;20
26116.93;0.01;20
26117.98;0.01;20
26119.02;0.01;20
26120.07;0.01;20
26121.11;0.01;20
26122.16;0.01;20
26123.2;0.01;20
26124.24;0.01;20
26125.29;0.01;20
26126.33;0.01;20
26127.38;0.01;20
26128.42;0.01;20
26129.47;0.01;20
26130.51;0.01;20
26131.56;0.01;20
26132.6;0.01;20
26133.64;0.01;20
26134.69;0.01;20
26135.73;0.01;20
26136.78;0.01;20
26137.82;0.01;20
26138.87;0.01;20
26139.91;0.01;20
26140.96;0.01;20
26142;0.01;20
26143.04;0.01;20
26144.09;0.01;20
26145.13;0.01;20
26146.18;0.01;20
26147.22;0.01;20
26148.27;0.01;20
26149.31;0.01;20
26150.36;0.01;20
26151.4;0.01;20
26152.44;0.01;20
26153.49;0.01;20
26154.53;0.01;20
26155.53;0.01;20
26156.62;0.01;20
26157.67;0.01;20
26158.71;0.01;20
26159.76;0.01;20
26160.8;0.01;20
26161.84;0.01;20
26162.89;0.01;20
26163.93;0.01;20
26164.98;0.01;20
26166.02;0.01;20
26167.07;0.01;20
26168.11;0.01;20
26169.16;0.01;20
26170.2;0.01;20
26171.24;0.01;20
26172.29;0.01;20
26173.33;0.01;20
26174.38;0.01;20
26175.42;0.01;20
26176.47;0.01;20
26177.51;0.01;20
26178.56;0.01;20
26179.6;0.01;20
26180.64;0.01;20
26181.69;0.01;20
26182.73;0.01;20
26183.78;0.01;20
26184.82;0.01;20
26185.87;0.01;20
26186.91;0.01;20
26187.96;0.01;20
26189;0.01;20
26190.04;0.01;20
26191.04;0.01;20
26192.13;0.01;20
26193.18;0.01;20
26194.22;0.01;20
26195.27;0.01;20
26196.31;0.01;20
26197.36;0.01;20
26198.4;0.01;20
26199.44;0.01;20
26200.49;0.01;20
26201.53;0.01;20
26202.58;0.01;20
26203.6;0.01;20
26204.64;0.01;20
26205.69;0.01;20
26206.73;0.01;20
26207.78;0.01;20
26208.82;0.01;20
26209.87;0.01;20
26210.91;0.01;20
26211.96;0.01;20
26213;0.01;20
26214.04;0.01;20
26215.09;0.01;20
26216.13;0.01;20
26217.18;0.01;20
26218.22;0.01;20
26219.27;0.01;20
26220.31;0.01;20
26221.36;0.01;20
26222.4;0.01;20
26223.44;0.01;20
26224.49;0.01;20
26225.53;0.01;20
26226.53;0.01;20
26227.62;0.01;20
26228.67;0.01;20
26229.71;0.01;20
26230.76;0.01;20
26231.8;0.01;20
26232.84;0.01;20
26233.89;0.01;20
26234.93;0.01;20
26235.98;0.01;20
26237.02;0.01;20
26238.07;0.01;20
26239.11;0.01;20
26240.16;0.01;20
26241.2;0.01;20
26242.24;0.01;20
26243.29;0.01;20
26244.33;0.01;20
26245.38;0.01;20
26246.42;0.01;20
26247.47;0.01;20
26248.51;0.01;20
26249.56;0.01;20
26250.6;0.01;20
26251.64;0.01;20
26252.69;0.01;20
26253.73;0.01;20
26254.78;0.01;20
26255.82;0.01;20
26256.87;0.01;20
26257.91;0.01;20
26258.96;0.01;20
26260;0.01;20
26261.04;0.01;20
26262.09;0.01;20
26263.13;0.01;20
26264.18;0.01;20
26265.22;0.01;20
26266.27;0.01;20
26267.31;0.01;20
26268.36;0.01;20
26269.4;0.01;20
26270.44;0.01;20
26271.49;0.01;20
26272.53;0.01;20
26273.58;0.01;20
26274.62;0.01;20
26275.67;0.01;20
26276.71;0.01;20
26277.76;0.01;20
26278.8;0.01;20
26279.84;0.01;20
26280.89;0.01;20
26281.93;0.01;20
26282.98;0.01;20
26284.02;0.01;20
26285.07;0.01;20
26286.11;0.01;20
26287.16;0.01;20
26288.2;0.01;20
26289.24;0.01;20
26290.29;0.01;20
26291.33;0.01;20
26292.38;0.01;20
26293.42;0.01;20
26294.47;0.01;20
26295.51;0.01;20
26296.56;0.01;20
26297.6;0.01;20
26298.64;0.01;20
26299.69;0.01;20
26300.73;0.01;20
26301.78;0.01;20
26302.82;0.01;20
26303.87;0.01;20
26304.91;0.01;20
26305.96;0.01;20
26307;0.01;20
26308.04;0.01;20
26309.09;0.01;20
26310.13;0.01;20
26311.18;0.01;20
26312.22;0.01;20
26313.27;0.01;20
26314.31;0.01;20
26315.36;0.01;20
26316.4;0.01;20
26317.44;0.01;20
26318.49;0.01;20
26319.53;0.01;20
26320.58;0.01;20
26321.62;0.01;20
26322.67;0.01;20
26323.71;0.01;20
26324.76;0.01;20
26325.8;0.01;20
26326.84;0.01;20
26327.89;0.01;20
26328.93;0.01;20
26329.98;0.01;20
26331.02;0.01;20
26332.07;0.01;20
26333.11;0.01;20
26334.16;0.01;20
26335.2;0.01;20
26336.24;0.01;20
26337.29;0.01;20
26338.33;0.01;20
26339.38;0.01;20
26340.42;0.01;20
26341.47;0.01;20
26342.51;0.01;20
26343.56;0.01;20
26344.6;0.01;20
26345.64;0.01;20
26346.69;0.01;20
26347.73;0.01;20
26348.78;0.01;20
26349.82;0.01;20
26350.87;0.01;20
26351.91;0.01;20
26352.96;0.01;20
26354;0.01;20
26355.04;0.01;20
26356.09;0.01;20
26357.13;0.01;20
26358.18;0.01;20
26359.22;0.01;20
26360.27;0.01;20
26361.31;0.01;20
26362.36;0.01;20
26363.4;0.01;20
26364.44;0.01;20
26365.49;0.01;20
26366.53;0.01;20
26367.58;0.01;20
26368.62;0.01;20
26369.67;0.01;20
26370.71;0.01;20
26371.76;0.01;20
26372.8;0.01;20
26373.84;0.01;20
26374.89;0.01;20
26375.93;0.01;20
26376.98;0.01;20
26378.02;0.01;20
26379.07;0.01;20
26380.11;0.01;20
26381.16;0.01;20
26382.2;0.01;20
26383.24;0.01;20
26384.29;0.01;20
26385.33;0.01;20
26386.38;0.01;20
26387.42;0.01;20
26388.47;0.01;20
26389.51;0.01;20
26390.56;0.01;20
26391.6;0.01;20
26392.64;0.01;20
26393.69;0.01;20
26394.73;0.01;20
26395.78;0.01;20
26396.82;0.01;20
26397.87;0.01;20
26398.91;0.01;20
26399.96;0.01;20
26401;0.01;20
26402.04;0.01;20
26403.09;0.01;20
26404.13;0.01;20
26405.18;0.01;20
26406.22;0.01;20
26407.27;0.01;20
26408.31;0.01;20
26409.36;0.01;20
26410.4;0.01;20
26411.44;0.01;20
26412.49;0.01;20
26413.53;0.01;20
26414.58;0.01;20
26415.58;0.01;20
26416.67;0.01;20
26417.71;0.01;20
26418.76;0.01;20
26419.8;0.01;20
26420.84;0.01;20
26421.89;0.01;20
26422.93;0.01;20
26423.98;0.01;20
26425.02;0.01;20
26426.07;0.01;20
26427.11;0.01;20
26428.16;0.01;20
26429.2;0.01;20
26430.24;0.01;20
26431.29;0.01;20
26432.33;0.01;20
26433.38;0.01;20
26434.42;0.01;20
26435.47;0.01;20
26436.51;0.01;20
26437.56;0.01;20
26438.6;0.01;20
26439.64;0.01;20
26440.69;0.01;20
26441.73;0.01;20
26442.78;0.01;20
26443.82;0.01;20
26444.87;0.01;20
26445.91;0.01;20
26446.96;0.01;20
26448;0.01;20
26449.04;0.01;20
26450.09;0.01;20
26451.09;0.01;20
26452.18;0.01;20
26453.22;0.01;20
26454.27;0.01;20
26455.31;0.01;20
26456.36;0.01;20
26457.4;0.01;20
26458.44;0.01;20
26459.49;0.01;20
26460.53;0.01;20
26461.58;0.01;20
26462.62;0.01;20
26463.67;0.01;20
26464.71;0.01;20
26465.76;0.01;20
26466.8;0.01;20
26467.84;0.01;20
26468.89;0.01;20
26469.93;0.01;20
26470.98;0.01;20
26472.02;0.01;20
26473.07;0.01;20
26474.11;0.01;20
26475.16;0.01;20
26476.2;0.01;20
26477.24;0.01;20
26478.29;0.01;20
26479.33;0.01;20
26480.38;0.01;20
26481.42;0.01;20
26482.47;0.01;20
26483.51;0.01;20
26484.56;0.01;20
26485.6;0.01;20
26486.6;0.01;20
26487.69;0.01;20
26488.73;0.01;20
26489.78;0.01;20
26490.82;0.01;20
26491.87;0.01;20
26492.91;0.01;20
26493.96;0.01;20
26495;0.01;20
26496.04;0.01;20
26497.09;0.01;20
26498.13;0.01;20
26499.18;0.01;20
26500.22;0.01;20
26501.27;0.01;20
26502.31;0.01;20
26503.36;0.01;20
26504.4;0.01;20
26505.44;0.01;20
26506.49;0.01;20
26507.53;0.01;20
26508.58;0.01;20
26509.62;0.01;20
26510.67;0.01;20
26511.71;0.01;20
26512.76;0.01;20
26513.8;0.01;20
26514.84;0.01;20
26515.89;0.01;20
26516.93;0.01;20
26517.98;0.01;20
26519.02;0.01;20
26520.07;0.01;20
26521.11;0.01;20
26522.16;0.01;20
26523.2;0.01;20
26524.24;0.01;20
26525.29;0.01;20
26526.33;0.01;20
26527.38;0.01;20
26528.42;0.01;20
26529.47;0.01;20
26530.51;0.01;20
26531.56;0.01;20
26532.6;0.01;20
26533.64;0.01;20
26534.69;0.01;20
26535.73;0.01;20
26536.78;0.01;20
26537.82;0.01;20
26538.87;0.01;20
26539.91;0.01;20
26540.96;0.01;20
26542;0.01;20
26543.04;0.01;20
26544.09;0.01;20
26545.13;0.01;20
26546.18;0.01;20
26547.22;0.01;20
26548.27;0.01;20
26549.31;0.01;20
26550.36;0.01;20
26551.4;0.01;20
26552.44;0.01;20
26553.49;0.01;20
26554.53;0.01;20
26555.58;0.01;20
26556.62;0.01;20
26557.67;0.01;20
26558.71;0.01;20
26559.76;0.01;20
26560.8;0.01;20
26561.84;0.01;20
26562.89;0.01;20
26563.93;0.01;20
26564.98;0.01;20
26566.02;0.01;20
26567.07;0.01;20
26568.11;0.01;20
26569.16;0.01;20
26570.2;0.01;20
26571.24;0.01;20
26572.29;0.01;20
26573.33;0.01;20
26574.38;0.01;20
26575.42;0.01;20
26576.47;0.01;20
26577.51;0.01;20
26578.56;0.01;20
26579.6;0.01;20
26580.64;0.01;20
26581.69;0.01;20
26582.73;0.01;20
26583.78;0.01;20
26584.82;0.01;20
26585.87;0.01;20
26586.91;0.01;20
26587.96;0.01;20
26589;0.01;20
26590.04;0.01;20
26591.09;0.01;20
26592.13;0.01;20
26593.18;0.01;20
26594.22;0.01;20
26595.27;0.01;20
26596.31;0.01;20
26597.36;0.01;20
26598.4;0.01;20
26599.44;0.01;20
26600.49;0.01;20
26601.53;0.01;20
26602.58;0.01;20
26603.62;0.01;20
26604.67;0.01;20
26605.71;0.01;20
26606.76;0.01;20
26607.8;0.01;20
26608.84;0.01;20
26609.89;0.01;20
26610.93;0.01;20
26611.98;0.01;20
26613.02;0.01;20
26614.07;0.01;20
26615.11;0.01;20
26616.16;0.01;20
26617.2;0.01;20
26618.24;0.01;20
26619.29;0.01;20
26620.33;0.01;20
26621.38;0.01;20
26622.42;0.01;20
26623.47;0.01;20
26624.51;0.01;20
26625.56;0.01;20
26626.6;0.01;20
26627.64;0.01;20
26628.69;0.01;20
26629.73;0.01;20
26630.78;0.01;20
26631.82;0.01;20
26632.87;0.01;20
26633.91;0.01;20
26634.96;0.01;20
26636;0.01;20
26637.04;0.01;20
26638.09;0.01;20
26639.13;0.01;20
26640.18;0.01;20
26641.22;0.01;20
26642.27;0.01;20
26643.31;0.01;20
26644.36;0.01;20
26645.4;0.01;20
26646.44;0.01;20
26647.49;0.01;20
26648.53;0.01;20
26649.58;0.01;20
26650.62;0.01;20
26651.67;0.01;20
26652.71;0.01;20
26653.76;0.01;20
26654.8;0.01;20
26655.84;0.01;20
26656.89;0.01;20
26657.93;0.01;20
26658.98;0.01;20
26660;0.01;20
26661.04;0.01;20
26662.09;0.01;20
26663.13;0.01;20
26664.18;0.01;20
26665.22;0.01;20
26666.27;0.01;20
26667.31;0.01;20
26668.36;0.01;20
26669.4;0.01;20
26670.44;0.01;20
26671.49;0.01;20
26672.53;0.01;20
26673.58;0.01;20
26674.62;0.01;20
26675.67;0.01;20
26676.71;0.01;20
26677.76;0.01;20
26678.8;0.01;20
26679.84;0.01;20
26680.89;0.01;20
26681.93;0.01;20
26682.98;0.01;20
26684.02;0.01;20
26685.07;0.01;20
26686.11;0.01;20
26687.16;0.01;20
26688.2;0.01;20
26689.24;0.01;20
26690.29;0.01;20
26691.33;0.01;20
26692.38;0.01;20
26693.42;0.01;20
26694.47;0.01;20
26695.51;0.01;20
26696.56;0.01;20
26697.6;0.01;20
26698.64;0.01;20
26699.69;0.01;20
26700.73;0.01;20
26701.78;0.01;20
26702.82;0.01;20
26703.87;0.01;20
26704.91;0.01;20
26705.96;0.01;20
26707;0.01;20
26708.04;0.01;20
26709.09;0.01;20
26710.13;0.01;20
26711.18;0.01;20
26712.22;0.01;20
26713.27;0.01;20
26714.31;0.01;20
26715.36;0.01;20
26716.4;0.01;20
26717.44;0.01;20
26718.49;0.01;20
26719.53;0.01;20
26720.58;0.01;20
26721.62;0.01;20
26722.67;0.01;20
26723.71;0.01;20
26724.76;0.01;20
26725.8;0.01;20
26726.84;0.01;20
26727.89;0.01;20
26728.93;0.01;20
26729.98;0.01;20
26731.02;0.01;20
26732.07;0.01;20
26733.11;0.01;20
26734.16;0.01;20
26735.2;0.01;20
26736.24;0.01;20
26737.29;0.01;20
26738.33;0.01;20
26739.38;0.01;20
26740.42;0.01;20
26741.47;0.01;20
26742.51;0.01;20
26743.56;0.01;20
26744.6;0.01;20
26745.64;0.01;20
26746.69;0.01;20
26747.73;0.01;20
26748.78;0.01;20
26749.82;0.01;20
26750.87;0.01;20
26751.91;0.01;20
26752.96;0.01;20
26754;0.01;20
26755.04;0.01;20
26756.09;0.01;20
26757.13;0.01;20
26758.18;0.01;20
26759.22;0.01;20
26760.27;0.01;20
26761.31;0.01;20
26762.36;0.01;20
26763.4;0.01;20
26764.44;0.01;20
26765.49;0.01;20
26766.53;0.01;20
26767.58;0.01;20
26768.62;0.01;20
26769.67;0.01;20
26770.71;0.01;20
26771.76;0.01;20
26772.8;0.01;20
26773.84;0.01;20
26774.89;0.01;20
26775.93;0.01;20
26776.98;0.01;20
26778.02;0.01;20
26779.07;0.01;20
26780.11;0.01;20
26781.16;0.01;20
26782.2;0.01;20
26783.24;0.01;20
26784.29;0.01;20
26785.33;0.01;20
26786.38;0.01;20
26787.42;0.01;20
26788.47;0.01;20
26789.51;0.01;20
26790.56;0.01;20
26791.6;0.01;20
26792.64;0.01;20
26793.69;0.01;20
26794.73;0.01;20
26795.78;0.01;20
26796.82;0.01;20
26797.87;0.01;20
26798.91;0.01;20
26799.96;0.01;20
26801;0.01;20
26802.04;0.01;20
26803.09;0.01;20
26804.13;0.01;20
26805.18;0.01;20
26806.22;0.01;20
26807.27;0.01;20
26808.31;0.01;20
26809.36;0.01;20
26810.4;0.01;20
26811.44;0.01;20
26812.49;0.01;20
26813.53;0.01;20
26814.58;0.01;20
26815.62;0.01;20
26816.67;0.01;20
26817.71;0.01;20
26818.76;0.01;20
26819.8;0.01;20
26820.84;0.01;20
26821.89;0.01;20
26822.93;0.01;20
26823.98;0.01;20
26825.02;0.01;20
26826.07;0.01;20
26827.11;0.01;20
26828.16;0.01;20
26829.2;0.01;20
26830.24;0.01;20
26831.29;0.01;20
26832.33;0.01;20
26833.38;0.01;20
26834.42;0.01;20
26835.47;0.01;20
26836.51;0.01;20
26837.56;0.01;20
26838.6;0.01;20
26839.64;0.01;20
26840.69;0.01;20
26841.73;0.01;20
26842.78;0.01;20
26843.82;0.01;20
26844.87;0.01;20
26845.91;0.01;20
26846.96;0.01;20
26848;0.01;20
26849.04;0.01;20
26850.09;0.01;20
26851.13;0.01;20
26852.18;0.01;20
26853.22;0.01;20
26854.27;0.01;20
26855.31;0.01;20
26856.36;0.01;20
26857.4;0.01;20
26858.44;0.01;20
26859.49;0.01;20
26860.53;0.01;20
26861.58;0.01;20
26862.62;0.01;20
26863.67;0.01;20
26864.71;0.01;20
26865.76;0.01;20
26866.8;0.01;20
26867.84;0.01;20
26868.89;0.01;20
26869.93;0.01;20
26870.98;0.01;20
26872.02;0.01;20
26873.07;0.01;20
26874.11;0.01;20
26875.16;0.01;20
26876.2;0.01;20
26877.24;0.01;20
26878.29;0.01;20
26879.33;0.01;20
26880.38;0.01;20
26881.42;0.01;20
26882.47;0.01;20
26883.51;0.01;20
26884.56;0.01;20
26885.6;0.01;20
26886.64;0.01;20
26887.69;0.01;20
26888.73;0.01;20
26889.78;0.01;20
26890.82;0.01;20
26891.87;0.01;20
26892.91;0.01;20
26893.93;0.01;20
26894.98;0.01;20
26896.02;0.01;20
26897.07;0.01;20
26898.11;0.01;20
26899.16;0.01;20
26900.2;0.01;20
26901.24;0.01;20
26902.29;0.01;20
26903.33;0.01;20
26904.38;0.01;20
26905.42;0.01;20
26906.47;0.01;20
26907.51;0.01;20
26908.56;0.01;20
26909.6;0.01;20
26910.64;0.01;20
26911.69;0.01;20
26912.73;0.01;20
26913.78;0.01;20
26914.82;0.01;20
26915.87;0.01;20
26916.91;0.01;20
26917.96;0.01;20
26919;0.01;20
26920;0.01;20
26921.04;0.01;20
26922.09;0.01;20
26923.13;0.01;20
26924.18;0.01;20
26925.22;0.01;20
26926.27;0.01;20
26927.31;0.01;20
26928.36;0.01;20
26929.4;0.01;20
26930.44;0.01;20
26931.49;0.01;20
26932.53;0.01;20
26933.58;0.01;20
26934.62;0.01;20
26935.67;0.01;20
26936.71;0.01;20
26937.76;0.01;20
26938.8;0.01;20
26939.84;0.01;20
26940.89;0.01;20
26941.93;0.01;20
26942.98;0.01;20
26944.02;0.01;20
26945.07;0.01;20
26946.11;0.01;20
26947.16;0.01;20
26948.2;0.01;20
26949.24;0.01;20
26950.29;0.01;20
26951.33;0.01;20
26952.38;0.01;20
26953.42;0.01;20
26954.47;0.01;20
26955.51;0.01;20
26956.56;0.01;20
26957.6;0.01;20
26958.64;0.01;20
26959.69;0.01;20
26960.73;0.01;20
26961.78;0.01;20
26962.82;0.01;20
26963.87;0.01;20
26964.91;0.01;20
26965.96;0.01;20
26967;0.01;20
26968.04;0.01;20
26969.09;0.01;20
26970.13;0.01;20
26971.18;0.01;20
26972.22;0.01;20
26973.27;0.01;20
26974.31;0.01;20
26975.36;0.01;20
26976.4;0.01;20
26977.44;0.01;20
26978.49;0.01;20
26979.53;0.01;20
26980.58;0.01;20
26981.62;0.01;20
26982.67;0.01;20
26983.71;0.01;20
26984.76;0.01;20
26985.8;0.01;20
26986.84;0.01;20
26987.89;0.01;20
26988.93;0.01;20
26989.98;0.01;20
26991.02;0.01;20
26992.07;0.01;20
26993.11;0.01;20
26994.16;0.01;20
26995.2;0.01;20
26996.24;0.01;20
26997.29;0.01;20
26998.33;0.01;20
26999.38;0.01;20
27000.42;0.01;20
27001.47;0.01;20
27002.51;0.01;20
27003.56;0.01;20
27004.6;0.01;20
27005.64;0.01;20
27006.69;0.01;20
27007.73;0.01;20
27008.78;0.01;20
27009.82;0.01;20
27010.87;0.01;20
27011.91;0.01;20
27012.96;0.01;20
27014;0.01;20
27015.04;0.01;20
27016.09;0.01;20
27017.13;0.01;20
27018.18;0.01;20
27019.22;0.01;20
27020.27;0.01;20
27021.31;0.01;20
27022.36;0.01;20
27023.4;0.01;20
27024.44;0.01;20
27025.49;0.01;20
27026.53;0.01;20
27027.58;0.01;20
27028.62;0.01;20
27029.67;0.01;20
27030.71;0.01;20
27031.76;0.01;20
27032.8;0.01;20
27033.84;0.01;20
27034.89;0.01;20
27035.93;0.01;20
27036.98;0.01;20
27038.02;0.01;20
27039.07;0.01;20
27040.11;0.01;20
27041.16;0.01;20
27042.2;0.01;20
27043.24;0.01;20
27044.29;0.01;20
27045.33;0.01;20
27046.38;0.01;20
27047.42;0.01;20
27048.47;0.01;20
27049.51;0.01;20
27050.56;0.01;20
27051.6;0.01;20
27052.64;0.01;20
27053.69;0.01;20
27054.73;0.01;20
27055.78;0.01;20
27056.82;0.01;20
27057.87;0.01;20
27058.91;0.01;20
27059.96;0.01;20
27061;0.01;20
27062.04;0.01;20
27063.09;0.01;20
27064.13;0.01;20
27065.18;0.01;20
27066.22;0.01;20
27067.27;0.01;20
27068.31;0.01;20
27069.36;0.01;20
27070.4;0.01;20
27071.44;0.01;20
27072.49;0.01;20
27073.53;0.01;20
27074.58;0.01;20
27075.62;0.01;20
27076.67;0.01;20
27077.71;0.01;20
27078.76;0.01;20
27079.8;0.01;20
27080.84;0.01;20
27081.89;0.01;20
27082.93;0.01;20
27083.98;0.01;20
27085.02;0.01;20
27086.07;0.01;20
27087.11;0.01;20
27088.16;0.01;20
27089.2;0.01;20
27090.24;0.01;20
27091.29;0.01;20
27092.33;0.01;20
27093.38;0.01;20
27094.42;0.01;20
27095.47;0.01;20
27096.51;0.01;20
27097.56;0.01;20
27098.6;0.01;20
27099.64;0.01;20
27100.69;0.01;20
27101.73;0.01;20
27102.78;0.01;20
27103.82;0.01;20
27104.87;0.01;20
27105.91;0.01;20
27106.96;0.01;20
27108;0.01;20
27109.04;0.01;20
27110.09;0.01;20
27111.13;0.01;20
27112.18;0.01;20
27113.22;0.01;20
27114.27;0.01;20
27115.31;0.01;20
27116.36;0.01;20
27117.4;0.01;20
27118.44;0.01;20
27119.49;0.01;20
27120.53;0.01;20
27121.58;0.01;20
27122.62;0.01;20
27123.67;0.01;20
27124.71;0.01;20
27125.76;0.01;20
27126.8;0.01;20
27127.84;0.01;20
27128.89;0.01;20
27129.93;0.01;20
27130.98;0.01;20
27132.02;0.01;20
27133.07;0.01;20
27134.11;0.01;20
27135.16;0.01;20
27136.2;0.01;20
27137.24;0.01;20
27138.29;0.01;20
27139.33;0.01;20
27140.38;0.01;20
27141.42;0.01;20
27142.47;0.01;20
27143.51;0.01;20
27144.56;0.01;20
27145.6;0.01;20
27146.64;0.01;20
27147.69;0.01;20
27148.73;0.01;20
27149.78;0.01;20
27150.82;0.01;20
27151.87;0.01;20
27152.91;0.01;20
27153.96;0.01;20
27155;0.01;20
27156.04;0.01;20
27157.09;0.01;20
27158.13;0.01;20
27159.18;0.01;20
27160.22;0.01;20
27161.27;0.01;20
27162.31;0.01;20
27163.36;0.01;20
27164.4;0.01;20
27165.44;0.01;20
27166.49;0.01;20
27167.53;0.01;20
27168.58;0.01;20
27169.62;0.01;20
27170.67;0.01;20
27171.71;0.01;20
27172.76;0.01;20
27173.8;0.01;20
27174.84;0.01;20
27175.89;0.01;20
27176.93;0.01;20
27177.98;0.01;20
27179.02;0.01;20
27180.07;0.01;20
27181.11;0.01;20
27182.16;0.01;20
27183.2;0.01;20
27184.24;0.01;20
27185.29;0.01;20
27186.33;0.01;20
27187.38;0.01;20
27188.42;0.01;20
27189.47;0.01;20
27190.51;0.01;20
27191.56;0.01;20
27192.6;0.01;20
27193.64;0.01;20
27194.69;0.01;20
27195.73;0.01;20
27196.78;0.01;20
27197.82;0.01;20
27198.87;0.01;20
27199.91;0.01;20
27200.96;0.01;20
27202;0.01;20
27203.04;0.01;20
27204.09;0.01;20
27205.13;0.01;20
27206.18;0.01;20
27207.22;0.01;20
27208.27;0.01;20
27209.31;0.01;20
27210.36;0.01;20
27211.4;0.01;20
27212.44;0.01;20
27213.49;0.01;20
27214.53;0.01;20
27215.53;0.01;20
27216.62;0.01;20
27217.67;0.01;20
27218.71;0.01;20
27219.76;0.01;20
27220.8;0.01;20
27221.84;0.01;20
27222.89;0.01;20
27223.93;0.01;20
27224.98;0.01;20
27226.02;0.01;20
27227.07;0.01;20
27228.11;0.01;20
27229.16;0.01;20
27230.2;0.01;20
27231.24;0.01;20
27232.29;0.01;20
27233.33;0.01;20
27234.38;0.01;20
27235.42;0.01;20
27236.47;0.01;20
27237.51;0.01;20
27238.56;0.01;20
27239.6;0.01;20
27240.64;0.01;20
27241.69;0.01;20
27242.73;0.01;20
27243.78;0.01;20
27244.82;0.01;20
27245.87;0.01;20
27246.91;0.01;20
27247.96;0.01;20
27249;0.01;20
27250.04;0.01;20
27251.04;0.01;20
27252.13;0.01;20
27253.18;0.01;20
27254.22;0.01;20
27255.27;0.01;20
27256.31;0.01;20
27257.36;0.01;20
27258.4;0.01;20
27259.44;0.01;20
27260.49;0.01;20
27261.53;0.01;20
27262.58;0.01;20
27263.62;0.01;20
27264.67;0.01;20
27265.71;0.01;20
27266.76;0.01;20
27267.8;0.01;20
27268.84;0.01;20
27269.89;0.01;20
27270.93;0.01;20
27271.98;0.01;20
27273.02;0.01;20
27274.07;0.01;20
27275.11;0.01;20
27276.16;0.01;20
27277.2;0.01;20
27278.24;0.01;20
27279.29;0.01;20
27280.33;0.01;20
27281.38;0.01;20
27282.42;0.01;20
27283.47;0.01;20
27284.51;0.01;20
27285.56;0.01;20
27286.6;0.01;20
27287.64;0.01;20
27288.69;0.01;20
27289.73;0.01;20
27290.78;0.01;20
27291.82;0.01;20
27292.87;0.01;20
27293.91;0.01;20
27294.96;0.01;20
27296;0.01;20
27297.04;0.01;20
27298.09;0.01;20
27299.13;0.01;20
27300.18;0.01;20
27301.22;0.01;20
27302.27;0.01;20
27303.31;0.01;20
27304.36;0.01;20
27305.4;0.01;20
27306.44;0.01;20
27307.49;0.01;20
27308.53;0.01;20
27309.58;0.01;20
27310.62;0.01;20
27311.67;0.01;20
27312.71;0.01;20
27313.76;0.01;20
27314.8;0.01;20
27315.84;0.01;20
27316.89;0.01;20
27317.93;0.01;20
27318.98;0.01;20
27320;0.01;20
27321.04;0.01;20
27322.09;0.01;20
27323.13;0.01;20
27324.18;0.01;20
27325.22;0.01;20
27326.27;0.01;20
27327.31;0.01;20
27328.36;0.01;20
27329.4;0.01;20
27330.44;0.01;20
27331.49;0.01;20
27332.53;0.01;20
27333.58;0.01;20
27334.62;0.01;20
27335.67;0.01;20
27336.71;0.01;20
27337.76;0.01;20
27338.8;0.01;20
27339.84;0.01;20
27340.89;0.01;20
27341.93;0.01;20
27342.98;0.01;20
27344.02;0.01;20
27345.07;0.01;20
27346.11;0.01;20
27347.16;0.01;20
27348.2;0.01;20
27349.24;0.01;20
27350.29;0.01;20
27351.33;0.01;20
27352.38;0.01;20
27353.42;0.01;20
27354.47;0.01;20
27355.51;0.01;20
27356.56;0.01;20
27357.6;0.01;20
27358.64;0.01;20
27359.69;0.01;20
27360.73;0.01;20
27361.78;0.01;20
27362.82;0.01;20
27363.87;0.01;20
27364.91;0.01;20
27365.96;0.01;20
27367;0.01;20
27368.04;0.01;20
27369.09;0.01;20
27370.13;0.01;20
27371.18;0.01;20
27372.22;0.01;20
27373.27;0.01;20
27374.31;0.01;20
27375.36;0.01;20
27376.4;0.01;20
27377.44;0.01;20
27378.49;0.01;20
27379.53;0.01;20
27380.58;0.01;20
27381.62;0.01;20
27382.67;0.01;20
27383.71;0.01;20
27384.76;0.01;20
27385.8;0.01;20
27386.84;0.01;20
27387.89;0.01;20
27388.93;0.01;20
27389.98;0.01;20
27391.02;0.01;20
27392.07;0.01;20
27393.11;0.01;20
27394.16;0.01;20
27395.2;0.01;20
27396.24;0.01;20
27397.29;0.01;20
27398.33;0.01;20
27399.38;0.01;20
27400.42;0.01;20
27401.47;0.01;20
27402.51;0.01;20
27403.56;0.01;20
27404.6;0.01;20
27405.64;0.01;20
27406.69;0.01;20
27407.73;0.01;20
27408.78;0.01;20
27409.82;0.01;20
27410.87;0.01;20
27411.91;0.01;20
27412.96;0.01;20
27414;0.01;20
27415.04;0.01;20
27416.09;0.01;20
27417.13;0.01;20
27418.18;0.01;20
27419.22;0.01;20
27420.27;0.01;20
27421.31;0.01;20
27422.36;0.01;20
27423.4;0.01;20
27424.44;0.01;20
27425.49;0.01;20
27426.53;0.01;20
27427.58;0.01;20
27428.62;0.01;20
27429.67;0.01;20
27430.71;0.01;20
27431.76;0.01;20
27432.8;0.01;20
27433.84;0.01;20
27434.89;0.01;20
27435.93;0.01;20
27436.98;0.01;20
27438.02;0.01;20
27439.07;0.01;20
27440.11;0.01;20
27441.16;0.01;20
27442.2;0.01;20
27443.24;0.01;20
27444.29;0.01;20
27445.33;0.01;20
27446.38;0.01;20
27447.42;0.01;20
27448.47;0.01;20
27449.51;0.01;20
27450.56;0.01;20
27451.6;0.01;20
27452.64;0.01;20
27453.69;0.01;20
27454.73;0.01;20
27455.78;0.01;20
27456.82;0.01;20
27457.87;0.01;20
27458.91;0.01;20
27459.96;0.01;20
27461;0.01;20
27462.04;0.01;20
27463.09;0.01;20
27464.13;0.01;20
27465.18;0.01;20
27466.22;0.01;20
27467.27;0.01;20
27468.31;0.01;20
27469.36;0.01;20
27470.4;0.01;20
27471.44;0.01;20
27472.49;0.01;20
27473.53;0.01;20
27474.58;0.01;20
27475.62;0.01;20
27476.67;0.01;20
27477.71;0.01;20
27478.76;0.01;20
27479.8;0.01;20
27480.84;0.01;20
27481.89;0.01;20
27482.93;0.01;20
27483.98;0.01;20
27485.02;0.01;20
27486.07;0.01;20
27487.11;0.01;20
27488.16;0.01;20
27489.2;0.01;20
27490.24;0.01;20
27491.29;0.01;20
27492.33;0.01;20
27493.38;0.01;20
27494.42;0.01;20
27495.47;0.01;20
27496.51;0.01;20
27497.56;0.01;20
27498.6;0.01;20
27499.64;0.01;20
27500.69;0.01;20
27501.73;0.01;20
27502.78;0.01;20
27503.82;0.01;20
27504.87;0.01;20
27505.91;0.01;20
27506.96;0.01;20
27508;0.01;20
27509.04;0.01;20
27510.09;0.01;20
27511.13;0.01;20
27512.18;0.01;20
27513.22;0.01;20
27514.27;0.01;20
27515.31;0.01;20
27516.36;0.01;20
27517.4;0.01;20
27518.44;0.01;20
27519.49;0.01;20
27520.53;0.01;20
27521.58;0.01;20
27522.62;0.01;20
27523.67;0.01;20
27524.71;0.01;20
27525.76;0.01;20
27526.8;0.01;20
27527.84;0.01;20
27528.89;0.01;20
27529.93;0.01;20
27530.98;0.01;20
27532.02;0.01;20
27533.07;0.01;20
27534.11;0.01;20
27535.16;0.01;20
27536.2;0.01;20
27537.24;0.01;20
27538.29;0.01;20
27539.33;0.01;20
27540.38;0.01;20
27541.42;0.01;20
27542.47;0.01;20
27543.51;0.01;20
27544.56;0.01;20
27545.6;0.01;20
27546.64;0.01;20
27547.69;0.01;20
27548.73;0.01;20
27549.78;0.01;20
27550.82;0.01;20
27551.87;0.01;20
27552.91;0.01;20
27553.96;0.01;20
27555;0.01;20
27556.04;0.01;20
27557.09;0.01;20
27558.13;0.01;20
27559.18;0.01;20
27560.22;0.01;20
27561.27;0.01;20
27562.31;0.01;20
27563.36;0.01;20
27564.4;0.01;20
27565.44;0.01;20
27566.49;0.01;20
27567.53;0.01;20
27568.58;0.01;20
27569.62;0.01;20
27570.67;0.01;20
27571.71;0.01;20
27572.76;0.01;20
27573.8;0.01;20
27574.84;0.01;20
27575.89;0.01;20
27576.93;0.01;20
27577.98;0.01;20
27579.02;0.01;20
27580.07;0.01;20
27581.11;0.01;20
27582.16;0.01;20
27583.2;0.01;20
27584.24;0.01;20
27585.29;0.01;20
27586.33;0.01;20
27587.38;0.01;20
27588.42;0.01;20
27589.47;0.01;20
27590.51;0.01;20
27591.56;0.01;20
27592.6;0.01;20
27593.64;0.01;20
27594.69;0.01;20
27595.73;0.01;20
27596.78;0.01;20
27597.82;0.01;20
27598.87;0.01;20
27599.91;0.01;20
27600.96;0.01;20
27602;0.01;20
27603.04;0.01;20
27604.09;0.01;20
27605.13;0.01;20
27606.18;0.01;20
27607.22;0.01;20
27608.27;0.01;20
27609.31;0.01;20
27610.36;0.01;20
27611.4;0.01;20
27612.44;0.01;20
27613.49;0.01;20
27614.53;0.01;20
27615.53;0.01;20
27616.62;0.01;20
27617.67;0.01;20
27618.71;0.01;20
27619.76;0.01;20
27620.8;0.01;20
27621.84;0.01;20
27622.89;0.01;20
27623.93;0.01;20
27624.98;0.01;20
27626.02;0.01;20
27627.07;0.01;20
27628.11;0.01;20
27629.16;0.01;20
27630.2;0.01;20
27631.24;0.01;20
27632.29;0.01;20
27633.33;0.01;20
27634.38;0.01;20
27635.42;0.01;20
27636.47;0.01;20
27637.51;0.01;20
27638.56;0.01;20
27639.6;0.01;20
27640.64;0.01;20
27641.69;0.01;20
27642.73;0.01;20
27643.78;0.01;20
27644.82;0.01;20
27645.87;0.01;20
27646.91;0.01;20
27647.96;0.01;20
27649;0.01;20
27650.04;0.01;20
27651.04;0.01;20
27652.13;0.01;20
27653.18;0.01;20
27654.22;0.01;20
27655.27;0.01;20
27656.31;0.01;20
27657.36;0.01;20
27658.4;0.01;20
27659.44;0.01;20
27660.49;0.01;20
27661.53;0.01;20
27662.58;0.01;20
27663.62;0.01;20
27664.67;0.01;20
27665.71;0.01;20
27666.76;0.01;20
27667.8;0.01;20
27668.84;0.01;20
27669.89;0.01;20
27670.93;0.01;20
27671.98;0.01;20
27673.02;0.01;20
27674.07;0.01;20
27675.11;0.01;20
27676.16;0.01;20
27677.2;0.01;20
27678.24;0.01;20
27679.29;0.01;20
27680.33;0.01;20
27681.38;0.01;20
27682.42;0.01;20
27683.47;0.01;20
27684.51;0.01;20
27685.56;0.01;20
27686.56;0.01;20
27687.64;0.01;20
27688.69;0.01;20
27689.73;0.01;20
27690.78;0.01;20
27691.82;0.01;20
27692.87;0.01;20
27693.91;0.01;20
27694.96;0.01;20
27696;0.01;20
27697.04;0.01;20
27698.09;0.01;20
27699.13;0.01;20
27700.18;0.01;20
27701.22;0.01;20
27702.27;0.01;20
27703.31;0.01;20
27704.33;0.01;20
27705.38;0.01;20
27706.42;0.01;20
27707.47;0.01;20
27708.51;0.01;20
27709.56;0.01;20
27710.6;0.01;20
27711.64;0.01;20
27712.69;0.01;20
27713.73;0.01;20
27714.78;0.01;20
27715.82;0.01;20
27716.87;0.01;20
27717.91;0.01;20
27718.96;0.01;20
27720;0.01;20
27721.04;0.01;20
27722.09;0.01;20
27723.13;0.01;20
27724.18;0.01;20
27725.22;0.01;20
27726.27;0.01;20
27727.31;0.01;20
27728.36;0.01;20
27729.4;0.01;20
27730.44;0.01;20
27731.49;0.01;20
27732.53;0.01;20
27733.58;0.01;20
27734.62;0.01;20
27735.67;0.01;20
27736.71;0.01;20
27737.76;0.01;20
27738.8;0.01;20
27739.84;0.01;20
27740.89;0.01;20
27741.93;0.01;20
27742.98;0.01;20
27744.02;0.01;20
27745.07;0.01;20
27746.11;0.01;20
27747.16;0.01;20
27748.2;0.01;20
27749.24;0.01;20
27750.29;0.01;20
27751.33;0.01;20
27752.38;0.01;20
27753.42;0.01;20
27754.47;0.01;20
27755.51;0.01;20
27756.56;0.01;20
27757.6;0.01;20
27758.64;0.01;20
27759.69;0.01;20
27760.73;0.01;20
27761.78;0.01;20
27762.82;0.01;20
27763.87;0.01;20
27764.91;0.01;20
27765.96;0.01;20
27767;0.01;20
27768.04;0.01;20
27769.09;0.01;20
27770.13;0.01;20
27771.18;0.01;20
27772.22;0.01;20
27773.27;0.01;20
27774.31;0.01;20
27775.36;0.01;20
27776.4;0.01;20
27777.44;0.01;20
27778.49;0.01;20
27779.53;0.01;20
27780.58;0.01;20
27781.62;0.01;20
27782.67;0.01;20
27783.71;0.01;20
27784.76;0.01;20
27785.8;0.01;20
27786.84;0.01;20
27787.89;0.01;20
27788.93;0.01;20
27789.98;0.01;20
27791.02;0.01;20
27792.07;0.01;20
27793.11;0.01;20
27794.16;0.01;20
27795.2;0.01;20
27796.24;0.01;20
27797.29;0.01;20
27798.33;0.01;20
27799.38;0.01;20
27800.42;0.01;20
27801.47;0.01;20
27802.51;0.01;20
27803.56;0.01;20
27804.6;0.01;20
27805.64;0.01;20
27806.69;0.01;20
27807.73;0.01;20
27808.78;0.01;20
27809.82;0.01;20
27810.87;0.01;20
27811.91;0.01;20
27812.96;0.01;20
27814;0.01;20
27815.04;0.01;20
27816.09;0.01;20
27817.13;0.01;20
27818.18;0.01;20
27819.22;0.01;20
27820.27;0.01;20
27821.31;0.01;20
27822.36;0.01;20
27823.4;0.01;20
27824.44;0.01;20
27825.49;0.01;20
27826.53;0.01;20
27827.58;0.01;20
27828.62;0.01;20
27829.67;0.01;20
27830.71;0.01;20
27831.76;0.01;20
27832.8;0.01;20
27833.84;0.01;20
27834.89;0.01;20
27835.93;0.01;20
27836.98;0.01;20
27838.02;0.01;20
27839.07;0.01;20
27840.11;0.01;20
27841.16;0.01;20
27842.2;0.01;20
27843.24;0.01;20
27844.29;0.01;20
27845.33;0.01;20
27846.38;0.01;20
27847.42;0.01;20
27848.47;0.01;20
27849.51;0.01;20
27850.56;0.01;20
27851.6;0.01;20
27852.64;0.01;20
27853.69;0.01;20
27854.73;0.01;20
27855.78;0.01;20
27856.82;0.01;20
27857.87;0.01;20
27858.91;0.01;20
27859.96;0.01;20
27861;0.01;20
27862.04;0.01;20
27863.09;0.01;20
27864.13;0.01;20
27865.18;0.01;20
27866.22;0.01;20
27867.27;0.01;20
27868.31;0.01;20
27869.36;0.01;20
27870.4;0.01;20
27871.44;0.01;20
27872.49;0.01;20
27873.53;0.01;20
27874.58;0.01;20
27875.62;0.01;20
27876.67;0.01;20
27877.71;0.01;20
27878.76;0.01;20
27879.8;0.01;20
27880.84;0.01;20
27881.89;0.01;20
27882.93;0.01;20
27883.98;0.01;20
27885.02;0.01;20
27886.07;0.01;20
27887.11;0.01;20
27888.16;0.01;20
27889.2;0.01;20
27890.24;0.01;20
27891.29;0.01;20
27892.33;0.01;20
27893.38;0.01;20
27894.42;0.01;20
27895.47;0.01;20
27896.51;0.01;20
27897.56;0.01;20
27898.6;0.01;20
27899.64;0.01;20
27900.69;0.01;20
27901.73;0.01;20
27902.78;0.01;20
27903.82;0.01;20
27904.87;0.01;20
27905.91;0.01;20
27906.96;0.01;20
27908;0.01;20
27909.04;0.01;20
27910.09;0.01;20
27911.13;0.01;20
27912.18;0.01;20
27913.22;0.01;20
27914.27;0.01;20
27915.31;0.01;20
27916.36;0.01;20
27917.4;0.01;20
27918.44;0.01;20
27919.49;0.01;20
27920.53;0.01;20
27921.58;0.01;20
27922.62;0.01;20
27923.67;0.01;20
27924.71;0.01;20
27925.76;0.01;20
27926.8;0.01;20
27927.84;0.01;20
27928.89;0.01;20
27929.93;0.01;20
27930.98;0.01;20
27932.02;0.01;20
27933.07;0.01;20
27934.11;0.01;20
27935.16;0.01;20
27936.2;0.01;20
27937.24;0.01;20
27938.29;0.01;20
27939.33;0.01;20
27940.38;0.01;20
27941.42;0.01;20
27942.47;0.01;20
27943.51;0.01;20
27944.56;0.01;20
27945.6;0.01;20
27946.64;0.01;20
27947.69;0.01;20
27948.73;0.01;20
27949.78;0.01;20
27950.82;0.01;20
27951.87;0.01;20
27952.91;0.01;20
27953.96;0.01;20
27955;0.01;20
27956.04;0.01;20
27957.09;0.01;20
27958.13;0.01;20
27959.18;0.01;20
27960.22;0.01;20
27961.27;0.01;20
27962.31;0.01;20
27963.36;0.01;20
27964.4;0.01;20
27965.44;0.01;20
27966.49;0.01;20
27967.53;0.01;20
27968.58;0.01;20
27969.62;0.01;20
27970.67;0.01;20
27971.71;0.01;20
27972.76;0.01;20
27973.8;0.01;20
27974.84;0.01;20
27975.89;0.01;20
27976.93;0.01;20
27977.98;0.01;20
27979.02;0.01;20
27980.07;0.01;20
27981.11;0.01;20
27982.16;0.01;20
27983.2;0.01;20
27984.24;0.01;20
27985.29;0.01;20
27986.33;0.01;20
27987.38;0.01;20
27988.42;0.01;20
27989.47;0.01;20
27990.51;0.01;20
27991.56;0.01;20
27992.6;0.01;20
27993.64;0.01;20
27994.69;0.01;20
27995.73;0.01;20
27996.78;0.01;20
27997.82;0.01;20
27998.87;0.01;20
27999.91;0.01;20
28000.96;0.01;20
28002;0.01;20
28003.04;0.01;20
28004.09;0.01;20
28005.13;0.01;20
28006.18;0.01;20
28007.22;0.01;20
28008.27;0.01;20
28009.31;0.01;20
28010.36;0.01;20
28011.4;0.01;20
28012.44;0.01;20
28013.49;0.01;20
28014.53;0.01;20
28015.58;0.01;20
28016.62;0.01;20
28017.67;0.01;20
28018.71;0.01;20
28019.76;0.01;20
28020.8;0.01;20
28021.84;0.01;20
28022.89;0.01;20
28023.93;0.01;20
28024.98;0.01;20
28026.02;0.01;20
28027.07;0.01;20
28028.11;0.01;20
28029.16;0.01;20
28030.2;0.01;20
28031.24;0.01;20
28032.29;0.01;20
28033.33;0.01;20
28034.38;0.01;20
28035.42;0.01;20
28036.47;0.01;20
28037.51;0.01;20
28038.56;0.01;20
28039.6;0.01;20
28040.64;0.01;20
28041.69;0.01;20
28042.73;0.01;20
28043.78;0.01;20
28044.82;0.01;20
28045.87;0.01;20
28046.91;0.01;20
28047.96;0.01;20
28049;0.01;20
28050.04;0.01;20
28051.09;0.01;20
28052.13;0.01;20
28053.18;0.01;20
28054.22;0.01;20
28055.27;0.01;20
28056.31;0.01;20
28057.36;0.01;20
28058.4;0.01;20
28059.44;0.01;20
28060.49;0.01;20
28061.53;0.01;20
28062.58;0.01;20
28063.62;0.01;20
28064.67;0.01;20
28065.71;0.01;20
28066.76;0.01;20
28067.8;0.01;20
28068.84;0.01;20
28069.89;0.01;20
28070.93;0.01;20
28071.98;0.01;20
28073.02;0.01;20
28074.07;0.01;20
28075.11;0.01;20
28076.16;0.01;20
28077.2;0.01;20
28078.24;0.01;20
28079.29;0.01;20
28080.33;0.01;20
28081.38;0.01;20
28082.42;0.01;20
28083.47;0.01;20
28084.51;0.01;20
28085.56;0.01;20
28086.6;0.01;20
28087.64;0.01;20
28088.69;0.01;20
28089.73;0.01;20
28090.78;0.01;20
28091.82;0.01;20
28092.87;0.01;20
28093.91;0.01;20
28094.96;0.01;20
28096;0.01;20
28097.04;0.01;20
28098.09;0.01;20
28099.13;0.01;20
28100.18;0.01;20
28101.22;0.01;20
28102.27;0.01;20
28103.31;0.01;20
28104.36;0.01;20
28105.4;0.01;20
28106.44;0.01;20
28107.49;0.01;20
28108.53;0.01;20
28109.58;0.01;20
28110.62;0.01;20
28111.67;0.01;20
28112.71;0.01;20
28113.76;0.01;20
28114.8;0.01;20
28115.84;0.01;20
28116.89;0.01;20
28117.93;0.01;20
28118.98;0.01;20
28120;0.01;20
28121.04;0.01;20
28122.09;0.01;20
28123.13;0.01;20
28124.18;0.01;20
28125.22;0.01;20
28126.27;0.01;20
28127.31;0.01;20
28128.36;0.01;20
28129.4;0.01;20
28130.44;0.01;20
28131.49;0.01;20
28132.53;0.01;20
28133.58;0.01;20
28134.62;0.01;20
28135.67;0.01;20
28136.71;0.01;20
28137.76;0.01;20
28138.8;0.01;20
28139.84;0.01;20
28140.89;0.01;20
28141.93;0.01;20
28142.98;0.01;20
28144.02;0.01;20
28145.07;0.01;20
28146.11;0.01;20
28147.16;0.01;20
28148.2;0.01;20
28149.24;0.01;20
28150.29;0.01;20
28151.33;0.01;20
28152.38;0.01;20
28153.42;0.01;20
28154.47;0.01;20
28155.51;0.01;20
28156.56;0.01;20
28157.6;0.01;20
28158.64;0.01;20
28159.69;0.01;20
28160.73;0.01;20
28161.78;0.01;20
28162.82;0.01;20
28163.87;0.01;20
28164.91;0.01;20
28165.96;0.01;20
28167;0.01;20
28168.04;0.01;20
28169.09;0.01;20
28170.13;0.01;20
28171.18;0.01;20
28172.22;0.01;20
28173.27;0.01;20
28174.31;0.01;20
28175.36;0.01;20
28176.4;0.01;20
28177.44;0.01;20
28178.49;0.01;20
28179.53;0.01;20
28180.58;0.01;20
28181.62;0.01;20
28182.67;0.01;20
28183.71;0.01;20
28184.76;0.01;20
28185.8;0.01;20
28186.84;0.01;20
28187.89;0.01;20
28188.93;0.01;20
28189.98;0.01;20
28191.02;0.01;20
28192.07;0.01;20
28193.11;0.01;20
28194.16;0.01;20
28195.2;0.01;20
28196.24;0.01;20
28197.29;0.01;20
28198.33;0.01;20
28199.38;0.01;20
28200.42;0.01;20
28201.47;0.01;20
28202.51;0.01;20
28203.56;0.01;20
28204.6;0.01;20
28205.64;0.01;20
28206.69;0.01;20
28207.73;0.01;20
28208.78;0.01;20
28209.82;0.01;20
28210.87;0.01;20
28211.91;0.01;20
28212.96;0.01;20
28214;0.01;20
28215.04;0.01;20
28216.09;0.01;20
28217.13;0.01;20
28218.18;0.01;20
28219.22;0.01;20
28220.27;0.01;20
28221.31;0.01;20
28222.36;0.01;20
28223.4;0.01;20
28224.44;0.01;20
28225.49;0.01;20
28226.53;0.01;20
28227.58;0.01;20
28228.62;0.01;20
28229.67;0.01;20
28230.71;0.01;20
28231.76;0.01;20
28232.8;0.01;20
28233.84;0.01;20
28234.89;0.01;20
28235.93;0.01;20
28236.98;0.01;20
28238.02;0.01;20
28239.07;0.01;20
28240.11;0.01;20
28241.16;0.01;20
28242.2;0.01;20
28243.24;0.01;20
28244.29;0.01;20
28245.33;0.01;20
28246.38;0.01;20
28247.42;0.01;20
28248.47;0.01;20
28249.51;0.01;20
28250.56;0.01;20
28251.6;0.01;20
28252.64;0.01;20
28253.69;0.01;20
28254.73;0.01;20
28255.78;0.01;20
28256.82;0.01;20
28257.87;0.01;20
28258.91;0.01;20
28259.96;0.01;20
28261;0.01;20
28262.04;0.01;20
28263.09;0.01;20
28264.13;0.01;20
28265.18;0.01;20
28266.22;0.01;20
28267.27;0.01;20
28268.31;0.01;20
28269.36;0.01;20
28270.4;0.01;20
28271.44;0.01;20
28272.49;0.01;20
28273.53;0.01;20
28274.58;0.01;20
28275.62;0.01;20
28276.67;0.01;20
28277.71;0.01;20
28278.76;0.01;20
28279.8;0.01;20
28280.84;0.01;20
28281.89;0.01;20
28282.93;0.01;20
28283.98;0.01;20
28285.02;0.01;20
28286.07;0.01;20
28287.11;0.01;20
28288.16;0.01;20
28289.2;0.01;20
28290.24;0.01;20
28291.29;0.01;20
28292.33;0.01;20
28293.38;0.02;20
28294.42;0.01;20
28295.47;0.02;20
28296.51;0.01;20
28297.56;0.01;20
28298.6;0.01;20
28299.64;0.01;20
28300.69;0.01;20
28301.73;0.01;20
28302.78;0.01;20
28303.82;0.01;20
28304.87;0.01;20
28305.91;0.01;20
28306.96;0.01;20
28308;0.01;20
28309.04;0.01;20
28310.09;0.01;20
28311.13;0.01;20
28312.18;0.01;20
28313.22;0.01;20
28314.27;0.01;20
28315.31;0.01;20
28316.36;0.01;20
28317.4;0.01;20
28318.44;0.01;20
28319.49;0.01;20
28320.53;0.01;20
28321.58;0.01;20
28322.62;0.01;20
28323.67;0.01;20
28324.71;0.01;20
28325.76;0.01;20
28326.8;0.01;20
28327.84;0.01;20
28328.89;0.01;20
28329.93;0.01;20
28330.98;0.01;20
28332.02;0.01;20
28333.07;0.01;20
28334.11;0.01;20
28335.16;0.01;20
28336.2;0.01;20
28337.24;0.01;20
28338.29;0.01;20
28339.33;0.01;20
28340.38;0.01;20
28341.42;0.01;20
28342.47;0.01;20
28343.51;0.01;20
28344.56;0.01;20
28345.6;0.01;20
28346.64;0.01;20
28347.69;0.01;20
28348.73;0.01;20
28349.78;0.01;20
28350.82;0.01;20
28351.87;0.01;20
28352.91;0.01;20
28353.96;0.01;20
28355;0.01;20
28356.04;0.01;20
28357.09;0.01;20
28358.13;0.01;20
28359.18;0.01;20
28360.22;0.01;20
28361.27;0.01;20
28362.31;0.01;20
28363.36;0.01;20
28364.4;0.01;20
28365.44;0.01;20
28366.49;0.01;20
28367.53;0.01;20
28368.58;0.01;20
28369.62;0.01;20
28370.67;0.01;20
28371.71;0.01;20
28372.76;0.01;20
28373.8;0.01;20
28374.84;0.01;20
28375.89;0.01;20
28376.93;0.01;20
28377.98;0.01;20
28379.02;0.01;20
28380.07;0.01;20
28381.11;0.01;20
28382.16;0.01;20
28383.2;0.01;20
28384.24;0.01;20
28385.29;0.01;20
28386.33;0.01;20
28387.38;0.01;20
28388.42;0.01;20
28389.47;0.01;20
28390.51;0.01;20
28391.56;0.01;20
28392.6;0.01;20
28393.64;0.01;20
28394.67;0.01;20
28395.71;0.01;20
28396.76;0.01;20
28397.8;0.01;20
28398.84;0.01;20
28399.89;0.01;20
28400.93;0.01;20
28401.98;0.01;20
28403.02;0.01;20
28404.07;0.01;20
28405.11;0.01;20
28406.16;0.01;20
28407.2;0.01;20
28408.24;0.01;20
28409.29;0.01;20
28410.33;0.01;20
28411.38;0.01;20
28412.42;0.01;20
28413.47;0.01;20
28414.51;0.01;20
28415.56;0.01;20
28416.6;0.01;20
28417.64;0.01;20
28418.69;0.01;20
28419.73;0.01;20
28420.78;0.01;20
28421.82;0.01;20
28422.87;0.01;20
28423.91;0.01;20
28424.96;0.01;20
28426;0.01;20
28427.04;0.01;20
28428.09;0.01;20
28429.13;0.01;20
28430.18;0.01;20
28431.22;0.01;20
28432.27;0.01;20
28433.31;0.01;20
28434.36;0.01;20
28435.4;0.01;20
28436.44;0.01;20
28437.49;0.01;20
28438.53;0.01;20
28439.58;0.01;20
28440.62;0.01;20
28441.67;0.01;20
28442.71;0.01;20
28443.76;0.01;20
28444.8;0.01;20
28445.84;0.01;20
28446.89;0.01;20
28447.93;0.01;20
28448.98;0.01;20
28450.02;0.01;20
28451.07;0.01;20
28452.11;0.01;20
28453.16;0.01;20
28454.2;0.01;20
28455.24;0.01;20
28456.29;0.01;20
28457.33;0.01;20
28458.38;0.01;20
28459.42;0.01;20
28460.47;0.01;20
28461.51;0.01;20
28462.56;0.01;20
28463.6;0.01;20
28464.64;0.01;20
28465.69;0.01;20
28466.73;0.01;20
28467.78;0.01;20
28468.82;0.01;20
28469.87;0.01;20
28470.91;0.01;20
28471.96;0.01;20
28473;0.01;20
28474.04;0.01;20
28475.09;0.01;20
28476.13;0.01;20
28477.18;0.01;20
28478.22;0.01;20
28479.27;0.01;20
28480.31;0.01;20
28481.36;0.01;20
28482.4;0.01;20
28483.44;0.01;20
28484.49;0.01;20
28485.53;0.01;20
28486.58;0.01;20
28487.62;0.01;20
28488.67;0.01;20
28489.71;0.01;20
28490.76;0.01;20
28491.8;0.01;20
28492.84;0.01;20
28493.89;0.01;20
28494.93;0.01;20
28495.98;0.01;20
28497.02;0.01;20
28498.07;0.01;20
28499.11;0.01;20
28500.16;0.01;20
28501.2;0.01;20
28502.24;0.01;20
28503.29;0.01;20
28504.33;0.01;20
28505.38;0.01;20
28506.42;0.01;20
28507.47;0.01;20
28508.51;0.01;20
28509.56;0.01;20
28510.6;0.01;20
28511.64;0.01;20
28512.69;0.01;20
28513.73;0.01;20
28514.73;0.01;20
28515.82;0.01;20
28516.87;0.01;20
28517.91;0.01;20
28518.96;0.01;20
28520;0.01;20
28521.04;0.01;20
28522.09;0.01;20
28523.13;0.01;20
28524.18;0.01;20
28525.22;0.01;20
28526.27;0.01;20
28527.31;0.01;20
28528.36;0.01;20
28529.4;0.01;20
28530.44;0.01;20
28531.49;0.01;20
28532.53;0.01;20
28533.58;0.01;20
28534.62;0.01;20
28535.67;0.01;20
28536.71;0.01;20
28537.76;0.01;20
28538.8;0.01;20
28539.84;0.01;20
28540.89;0.01;20
28541.93;0.01;20
28542.98;0.01;20
28544.02;0.01;20
28545.07;0.01;20
28546.11;0.01;20
28547.16;0.01;20
28548.2;0.01;20
28549.24;0.01;20
28550.29;0.01;20
28551.33;0.01;20
28552.38;0.01;20
28553.42;0.01;20
28554.47;0.01;20
28555.51;0.01;20
28556.56;0.01;20
28557.6;0.01;20
28558.64;0.01;20
28559.69;0.01;20
28560.73;0.01;20
28561.78;0.01;20
28562.82;0.01;20
28563.87;0.01;20
28564.91;0.01;20
28565.96;0.01;20
28567;0.01;20
28568.04;0.01;20
28569.09;0.01;20
28570.13;0.01;20
28571.18;0.01;20
28572.22;0.01;20
28573.27;0.01;20
28574.31;0.01;20
28575.36;0.01;20
28576.4;0.01;20
28577.44;0.01;20
28578.49;0.01;20
28579.53;0.01;20
28580.58;0.01;20
28581.62;0.01;20
28582.67;0.01;20
28583.71;0.01;20
28584.76;0.01;20
28585.8;0.01;20
28586.84;0.01;20
28587.89;0.01;20
28588.93;0.01;20
28589.98;0.01;20
28591.02;0.01;20
28592.07;0.01;20
28593.11;0.01;20
28594.16;0.01;20
28595.2;0.01;20
28596.24;0.01;20
28597.29;0.01;20
28598.33;0.01;20
28599.38;0.01;20
28600.42;0.01;20
28601.47;0.01;20
28602.51;0.01;20
28603.56;0.01;20
28604.6;0.01;20
28605.64;0.01;20
28606.69;0.01;20
28607.73;0.01;20
28608.78;0.01;20
28609.82;0.01;20
28610.87;0.01;20
28611.91;0.01;20
28612.96;0.01;20
28614;0.01;20
28615.04;0.01;20
28616.09;0.01;20
28617.13;0.01;20
28618.18;0.01;20
28619.22;0.01;20
28620.27;0.01;20
28621.31;0.01;20
28622.36;0.01;20
28623.4;0.01;20
28624.44;0.01;20
28625.49;0.01;20
28626.53;0.01;20
28627.58;0.01;20
28628.62;0.01;20
28629.67;0.01;20
28630.71;0.01;20
28631.76;0.01;20
28632.8;0.01;20
28633.84;0.01;20
28634.89;0.01;20
28635.93;0.01;20
28636.98;0.01;20
28638.02;0.01;20
28639.07;0.01;20
28640.11;0.01;20
28641.16;0.01;20
28642.2;0.01;20
28643.24;0.01;20
28644.29;0.01;20
28645.33;0.01;20
28646.38;0.01;20
28647.42;0.01;20
28648.47;0.01;20
28649.51;0.01;20
28650.56;0.01;20
28651.6;0.01;20
28652.64;0.01;20
28653.69;0.01;20
28654.73;0.01;20
28655.78;0.01;20
28656.82;0.01;20
28657.87;0.01;20
28658.91;0.01;20
28659.96;0.01;20
28661;0.01;20
28662.04;0.01;20
28663.09;0.01;20
28664.13;0.01;20
28665.18;0.01;20
28666.22;0.01;20
28667.27;0.01;20
28668.31;0.01;20
28669.36;0.01;20
28670.4;0.01;20
28671.44;0.01;20
28672.49;0.01;20
28673.53;0.01;20
28674.58;0.01;20
28675.62;0.01;20
28676.67;0.01;20
28677.71;0.01;20
28678.76;0.01;20
28679.8;0.01;20
28680.84;0.01;20
28681.89;0.01;20
28682.93;0.01;20
28683.98;0.01;20
28685.02;0.01;20
28686.07;0.01;20
28687.11;0.01;20
28688.16;0.01;20
28689.2;0.01;20
28690.24;0.01;20
28691.29;0.01;20
28692.33;0.01;20
28693.38;0.01;20
28694.42;0.01;20
28695.47;0.01;20
28696.51;0.01;20
28697.56;0.01;20
28698.6;0.01;20
28699.64;0.01;20
28700.69;0.01;20
28701.73;0.01;20
28702.78;0.01;20
28703.82;0.01;20
28704.87;0.01;20
28705.91;0.01;20
28706.96;0.01;20
28708;0.01;20
28709.04;0.01;20
28710.09;0.01;20
28711.13;0.01;20
28712.18;0.01;20
28713.22;0.01;20
28714.27;0.01;20
28715.31;0.01;20
28716.36;0.01;20
28717.4;0.01;20
28718.44;0.01;20
28719.49;0.01;20
28720.53;0.01;20
28721.58;0.01;20
28722.62;0.01;20
28723.67;0.01;20
28724.71;0.01;20
28725.76;0.01;20
28726.8;0.01;20
28727.84;0.01;20
28728.89;0.01;20
28729.93;0.01;20
28730.98;0.01;20
28732.02;0.01;20
28733.07;0.01;20
28734.11;0.01;20
28735.16;0.01;20
28736.2;0.01;20
28737.24;0.01;20
28738.29;0.01;20
28739.33;0.01;20
28740.38;0.01;20
28741.42;0.01;20
28742.47;0.01;20
28743.51;0.01;20
28744.56;0.01;20
28745.6;0.01;20
28746.64;0.01;20
28747.69;0.01;20
28748.73;0.01;20
28749.78;0.01;20
28750.82;0.01;20
28751.87;0.01;20
28752.91;0.01;20
28753.96;0.01;20
28755;0.01;20
28756.04;0.01;20
28757.09;0.01;20
28758.13;0.01;20
28759.18;0.01;20
28760.22;0.01;20
28761.27;0.01;20
28762.31;0.01;20
28763.36;0.01;20
28764.4;0.01;20
28765.44;0.01;20
28766.49;0.01;20
28767.53;0.01;20
28768.58;0.01;20
28769.62;0.01;20
28770.67;0.01;20
28771.71;0.01;20
28772.76;0.01;20
28773.8;0.01;20
28774.84;0.01;20
28775.89;0.01;20
28776.93;0.01;20
28777.98;0.01;20
28779.02;0.01;20
28780.07;0.01;20
28781.11;0.01;20
28782.16;0.01;20
28783.2;0.01;20
28784.24;0.01;20
28785.29;0.01;20
28786.33;0.01;20
28787.38;0.01;20
28788.42;0.01;20
28789.47;0.01;20
28790.51;0.01;20
28791.56;0.01;20
28792.6;0.01;20
28793.64;0.01;20
28794.69;0.01;20
28795.73;0.01;20
28796.78;0.01;20
28797.82;0.01;20
28798.87;0.01;20
28799.91;0.01;20
