#FromID;FromX;FromY;FromIsStorage;FromIsIStation;FromIsOStation;FromIsElevator;ToID;ToX;ToY;ToIsStorage;ToIsIStation;ToIsOStation;ToIsElevator;Count;TravelTimeAvg;TravelTimeVar;TravelTimeMin;TravelTimeMax
12;61.50;3.50;False;False;True;False;290;27.50;1.50;True;False;False;False;2;34.347272714388964;0.19237003000464323;34.03713562373014;34.65740980504779
12;61.50;3.50;False;False;True;False;292;29.50;1.50;True;False;False;False;6;34.36037855106315;2.1817017121272646;33.552319208370136;37.337671991777825
12;61.50;3.50;False;False;True;False;293;30.50;1.50;True;False;False;False;2;53.24270715294733;4.890468452782694;51.678982680288755;54.80643162560591
12;61.50;3.50;False;False;True;False;294;31.50;1.50;True;False;False;False;2;40.33569624267329;0.025752706636128057;40.22222222221899;40.4491702631276
12;61.50;3.50;False;False;True;False;300;37.50;1.50;True;False;False;False;6;27.31754134421385;0.13998582599125517;27.03749079842146;27.99685025130566
12;61.50;3.50;False;False;True;False;302;39.50;1.50;True;False;False;False;4;29.229080531244904;11.416685161310543;27.192229415144084;34.282122041331604
12;61.50;3.50;False;False;True;False;303;40.50;1.50;True;False;False;False;7;34.3609121495552;4.608367642263656;32.545093791412;38.438513723245705
12;61.50;3.50;False;False;True;False;304;41.50;1.50;True;False;False;False;5;35.01333205543301;7.109554851837326;33.489632027260086;39.72657767688543
12;61.50;3.50;False;False;True;False;305;42.50;1.50;True;False;False;False;2;37.94852211180614;24.014933696628955;34.483342917548725;41.41370130606356
12;61.50;3.50;False;False;True;False;307;44.50;1.50;True;False;False;False;4;35.58134279186197;0.058439026910877614;35.34759738786852;35.87722541694893
12;61.50;3.50;False;False;True;False;308;45.50;1.50;True;False;False;False;4;37.295072342655885;2.2202150116220825;36.20343431767196;39.457966164056415
12;61.50;3.50;False;False;True;False;309;46.50;1.50;True;False;False;False;8;38.7599173683069;7.4990399870144255;36.66555875029371;43.320261671296976
12;61.50;3.50;False;False;True;False;310;47.50;1.50;True;False;False;False;3;20.329196731647965;0.008586097491847992;20.22222222221899;20.384538235852233
12;61.50;3.50;False;False;True;False;312;49.50;1.50;True;False;False;False;5;20.886985345691937;0.1830447381371357;20.455461764144275;21.340743138378457
12;61.50;3.50;False;False;True;False;313;50.50;1.50;True;False;False;False;10;26.76911606580552;3.9426645407298784;25.60639568008537;32.259453244269025
12;61.50;3.50;False;False;True;False;314;51.50;1.50;True;False;False;False;5;27.80057527416475;2.5477390564150912;26.760274181317072;30.623427124746286
12;61.50;3.50;False;False;True;False;315;52.50;1.50;True;False;False;False;2;17.829680922067382;0.0005713782520374081;17.81277858122303;17.846583262911736
12;61.50;3.50;False;False;True;False;326;19.50;2.50;True;False;False;False;1;41.20338448721668;0;41.20338448721668;41.20338448721668
12;61.50;3.50;False;False;True;False;327;20.50;2.50;True;False;False;False;1;40.51158006816877;0;40.51158006816877;40.51158006816877
12;61.50;3.50;False;False;True;False;329;22.50;2.50;True;False;False;False;2;33.29518758282529;0.09276672735747818;33.07981961009318;33.5105555555574
12;61.50;3.50;False;False;True;False;331;24.50;2.50;True;False;False;False;2;31.676621770051497;0.0022412877697165867;31.6431457505023;31.710097789600695
12;61.50;3.50;False;False;True;False;332;25.50;2.50;True;False;False;False;2;34.22932293529084;19.771961885763798;31.085124954424828;37.37352091615685
12;61.50;3.50;False;False;True;False;333;26.50;2.50;True;False;False;False;2;38.94190274256516;127.23215744654152;30.965933915941605;46.91787156918872
12;61.50;3.50;False;False;True;False;334;27.50;2.50;True;False;False;False;4;33.64741160327594;50.46202978227763;29.4491702631276;44.27815294343054
12;61.50;3.50;False;False;True;False;336;29.50;2.50;True;False;False;False;2;32.30731601363186;7.662931303472367;30.349903013844596;34.26472901341913
12;61.50;3.50;False;False;True;False;338;31.50;2.50;True;False;False;False;3;29.188488319623502;8.468213212398172;27.043795097477414;32.50102051442809
12;61.50;3.50;False;False;True;False;339;32.50;2.50;True;False;False;False;1;26.3241702631276;0;26.3241702631276;26.3241702631276
12;61.50;3.50;False;False;True;False;341;34.50;2.50;True;False;False;False;5;25.346286352014793;0.2591691418918768;24.956149908424777;26.224264857984963
12;61.50;3.50;False;False;True;False;342;35.50;2.50;True;False;False;False;1;24.31935065304424;0;24.31935065304424;24.31935065304424
12;61.50;3.50;False;False;True;False;343;36.50;2.50;True;False;False;False;3;23.892965092787563;0.05480987127016724;23.636395680085116;24.094999196555364
12;61.50;3.50;False;False;True;False;344;37.50;2.50;True;False;False;False;8;23.68090817484932;1.0835922763717036;22.792316013634263;26.04624675562809
12;61.50;3.50;False;False;True;False;346;39.50;2.50;True;False;False;False;3;21.623577583572096;0.02477879862765089;21.507215832731163;21.80268718111256
12;61.50;3.50;False;False;True;False;347;40.50;2.50;True;False;False;False;1;21.325198773927696;0;21.325198773927696;21.325198773927696
12;61.50;3.50;False;False;True;False;348;41.50;2.50;True;False;False;False;3;20.42293622661964;0.053178108987129706;20.252694374023122;20.685374362194125
12;61.50;3.50;False;False;True;False;349;42.50;2.50;True;False;False;False;4;20.437316346734804;0.4543003884289668;19.584619248329318;20.983888888880756
12;61.50;3.50;False;False;True;False;351;44.50;2.50;True;False;False;False;2;18.6505006919906;0.23073860217540731;18.310840124529932;18.99016125945127
12;61.50;3.50;False;False;True;False;352;45.50;2.50;True;False;False;False;2;18.187813647084113;0.00409966229418093;18.142538586100272;18.233088708067953
12;61.50;3.50;False;False;True;False;353;46.50;2.50;True;False;False;False;3;17.259820407192212;0.0839950618945205;16.9395382358598;17.503982680302215
12;61.50;3.50;False;False;True;False;354;47.50;2.50;True;False;False;False;3;17.10321865941781;1.299610085691072;16.27882304664672;18.404173457856814
12;61.50;3.50;False;False;True;False;356;49.50;2.50;True;False;False;False;2;15.355813888153989;0.12871262253668367;15.102128430808989;15.609499345498989
12;61.50;3.50;False;False;True;False;357;50.50;2.50;True;False;False;False;2;14.762499999999353;0.060281635802917885;14.588888888887595;14.93611111111111
12;61.50;3.50;False;False;True;False;358;51.50;2.50;True;False;False;False;1;14.429076471714325;0;14.429076471714325;14.429076471714325
12;61.50;3.50;False;False;True;False;359;52.50;2.50;True;False;False;False;2;13.073101255621168;0.126249308720662;12.821855052942738;13.324347458299599
12;61.50;3.50;False;False;True;False;416;21.50;4.50;True;False;False;False;2;39.83357486758541;0.06173935887161561;39.65787717427156;40.00927256089926
12;61.50;3.50;False;False;True;False;419;24.50;4.50;True;False;False;False;1;32.24840755074001;0;32.24840755074001;32.24840755074001
12;61.50;3.50;False;False;True;False;420;25.50;4.50;True;False;False;False;2;32.78477830994359;4.1506984592739125;31.344171066578156;34.225385553309025
12;61.50;3.50;False;False;True;False;421;26.50;4.50;True;False;False;False;1;30.163333333333867;0;30.163333333333867;30.163333333333867
12;61.50;3.50;False;False;True;False;422;27.50;4.50;True;False;False;False;1;29.90038155511138;0;29.90038155511138;29.90038155511138
12;61.50;3.50;False;False;True;False;424;29.50;4.50;True;False;False;False;5;29.897962532484417;1.5826733457211102;28.455073261365214;31.451395680087444
12;61.50;3.50;False;False;True;False;426;31.50;4.50;True;False;False;False;1;27.0215728752446;0;27.0215728752446;27.0215728752446
12;61.50;3.50;False;False;True;False;427;32.50;4.50;True;False;False;False;4;27.297873969989382;1.6560295230983195;26.412229415127513;29.209992807077015
12;61.50;3.50;False;False;True;False;429;34.50;4.50;True;False;False;False;5;25.015445244081615;0.1560827722305245;24.784076471717526;25.713888888887595
12;61.50;3.50;False;False;True;False;430;35.50;4.50;True;False;False;False;2;24.80291846489422;0.0034034217142215046;24.761666666665406;24.844170263123033
12;61.50;3.50;False;False;True;False;431;36.50;4.50;True;False;False;False;5;24.132725019044777;0.22285522068191116;23.677034639402336;24.73676445626188
12;61.50;3.50;False;False;True;False;432;37.50;4.50;True;False;False;False;1;23.067503596459574;0;23.067503596459574;23.067503596459574
12;61.50;3.50;False;False;True;False;434;39.50;4.50;True;False;False;False;2;23.10120648816951;0.7464492193256423;22.49028537242475;23.71212760391427
12;61.50;3.50;False;False;True;False;435;40.50;4.50;True;False;False;False;1;22.047160661584712;0;22.047160661584712;22.047160661584712
12;61.50;3.50;False;False;True;False;436;41.50;4.50;True;False;False;False;1;20.36685744422175;0;20.36685744422175;20.36685744422175
12;61.50;3.50;False;False;True;False;437;42.50;4.50;True;False;False;False;8;19.998811054044637;0.22252758586174426;19.470945107052103;20.766823086512886
12;61.50;3.50;False;False;True;False;439;44.50;4.50;True;False;False;False;5;18.52992416723955;0.09418264452536154;18.12298852720687;18.836673056146537
12;61.50;3.50;False;False;True;False;440;45.50;4.50;True;False;False;False;2;31.618216498496622;380.1991885549694;17.830555555556202;45.40587744143704
12;61.50;3.50;False;False;True;False;441;46.50;4.50;True;False;False;False;2;17.180836929794168;0.0019125292030494193;17.149913401510275;17.21176045807806
12;61.50;3.50;False;False;True;False;442;47.50;4.50;True;False;False;False;1;16.437791360189294;0;16.437791360189294;16.437791360189294
12;61.50;3.50;False;False;True;False;444;49.50;4.50;True;False;False;False;2;15.314763522381782;0.33749361940093103;14.903975487380194;15.725551557383369
12;61.50;3.50;False;False;True;False;445;50.50;4.50;True;False;False;False;1;14.115836929794128;0;14.115836929794128;14.115836929794128
12;61.50;3.50;False;False;True;False;446;51.50;4.50;True;False;False;False;1;13.950367972716776;0;13.950367972716776;13.950367972716776
12;61.50;3.50;False;False;True;False;447;52.50;4.50;True;False;False;False;10;13.55276583800746;0.8059596906035367;13.08539354968525;16.036760458079243
12;61.50;3.50;False;False;True;False;461;22.50;5.50;True;False;False;False;1;37.57367144741511;0;37.57367144741511;37.57367144741511
12;61.50;3.50;False;False;True;False;463;24.50;5.50;True;False;False;False;1;55.156147860085184;0;55.156147860085184;55.156147860085184
12;61.50;3.50;False;False;True;False;471;32.50;5.50;True;False;False;False;4;32.066824159432144;10.063160419851467;30.383875902454747;36.821948040906136
12;61.50;3.50;False;False;True;False;473;34.50;5.50;True;False;False;False;13;30.86165454707258;0.9289415389667579;30.172877155200695;33.47147189093266
12;61.50;3.50;False;False;True;False;474;35.50;5.50;True;False;False;False;12;37.703201660981065;6.2399873203534275;35.908802290396125;43.06434026536954
12;61.50;3.50;False;False;True;False;475;36.50;5.50;True;False;False;False;7;39.66542944668773;22.563598093007542;36.62916307019623;50.2281569416009
12;61.50;3.50;False;False;True;False;478;39.50;5.50;True;False;False;False;1;43.84629230446626;0;43.84629230446626;43.84629230446626
12;61.50;3.50;False;False;True;False;481;42.50;5.50;True;False;False;False;6;24.413704902524994;0.22367362994309453;23.573520916161215;24.751948040906427
12;61.50;3.50;False;False;True;False;483;44.50;5.50;True;False;False;False;13;24.105343193463018;0.3059988814874719;23.36508740194222;24.806385292428217
12;61.50;3.50;False;False;True;False;484;45.50;5.50;True;False;False;False;9;30.560595078180288;4.4054296876190095;28.893145750478652;34.795371970898486
12;61.50;3.50;False;False;True;False;485;46.50;5.50;True;False;False;False;11;31.218671367575116;3.9433790571645466;30.168708498982596;36.56953823585354
12;61.50;3.50;False;False;True;False;486;47.50;5.50;True;False;False;False;1;30.701669861404298;0;30.701669861404298;30.701669861404298
12;61.50;3.50;False;False;True;False;488;49.50;5.50;True;False;False;False;4;35.876038969321144;34.77131999088362;31.870454571217124;44.46296296930814
12;61.50;3.50;False;False;True;False;489;50.50;5.50;True;False;False;False;6;33.50831144343101;0.18507020961763826;32.86666666666861;34.09592752646131
12;61.50;3.50;False;False;True;False;490;51.50;5.50;True;False;False;False;6;33.62054776704887;0.05279226826283025;33.38370849898092;33.98463283071851
12;61.50;3.50;False;False;True;False;491;52.50;5.50;True;False;False;False;5;17.87756114920498;0.011664664778056269;17.722871569185372;18.01056274849543
12;61.50;3.50;False;False;True;False;559;32.50;7.50;True;False;False;False;9;32.85845374032644;1.9680235492525606;31.88935465121358;36.44351772142318
12;61.50;3.50;False;False;True;False;561;34.50;7.50;True;False;False;False;11;33.55856773251726;3.781474694250985;31.833059152002534;37.57966525212578
12;61.50;3.50;False;False;True;False;562;35.50;7.50;True;False;False;False;15;39.990602665820944;52.36209859203688;35.62877725252747;60.85138529242522
12;61.50;3.50;False;False;True;False;563;36.50;7.50;True;False;False;False;8;37.72307556869088;2.0991669766709173;36.761666666665406;41.067309624153495
12;61.50;3.50;False;False;True;False;564;37.50;7.50;True;False;False;False;4;42.04273635499021;32.34833588507804;38.30008340375207;50.33332694386445
12;61.50;3.50;False;False;True;False;566;39.50;7.50;True;False;False;False;1;42.421017319698876;0;42.421017319698876;42.421017319698876
12;61.50;3.50;False;False;True;False;569;42.50;7.50;True;False;False;False;11;26.03495049001392;1.7594484814157714;25.232135623731665;29.888982680298795
12;61.50;3.50;False;False;True;False;571;44.50;7.50;True;False;False;False;13;25.925980657352653;1.2709935053028254;25.023597126970344;29.407208639824603
12;61.50;3.50;False;False;True;False;572;45.50;7.50;True;False;False;False;15;31.373125940831002;65.78264518443831;8.104228070940735;47.80175326517201
12;61.50;3.50;False;False;True;False;573;46.50;7.50;True;False;False;False;17;33.42025770602884;17.367222134630737;30.099999999998545;46.005096986140416
12;61.50;3.50;False;False;True;False;574;47.50;7.50;True;False;False;False;8;32.151371234496764;1.2219948355453916;30.832489210635686;33.94833013860625
12;61.50;3.50;False;False;True;False;576;49.50;7.50;True;False;False;False;10;31.881434746692914;0.1503897236342136;31.56361151283636;32.723305052180876
12;61.50;3.50;False;False;True;False;577;50.50;7.50;True;False;False;False;9;37.495435803354766;40.935687442155604;32.644449510538834;51.155742334933166
12;61.50;3.50;False;False;True;False;578;51.50;7.50;True;False;False;False;9;38.64423883159371;47.81206729002538;33.356666666659294;53.515507332074776
12;61.50;3.50;False;False;True;False;579;52.50;7.50;True;False;False;False;3;19.71476676751081;0.5210271281269063;19.08727765772346;20.503611512838688
12;61.50;3.50;False;False;True;False;600;29.50;8.50;True;False;False;False;1;39.60841593363148;0;39.60841593363148;39.60841593363148
12;61.50;3.50;False;False;True;False;602;31.50;8.50;True;False;False;False;1;38.3716602771874;0;38.3716602771874;38.3716602771874
12;61.50;3.50;False;False;True;False;603;32.50;8.50;True;False;False;False;4;34.62427323701684;7.857908386272055;32.66030132703736;38.78021794233064
12;61.50;3.50;False;False;True;False;605;34.50;8.50;True;False;False;False;3;36.20437978700102;23.638863300898784;33.12675726333873;41.80952145870833
12;61.50;3.50;False;False;True;False;608;37.50;8.50;True;False;False;False;5;37.458077749610126;23.693647982706175;34.52370130606505;46.082316817086394
12;61.50;3.50;False;False;True;False;610;39.50;8.50;True;False;False;False;1;33.47074313837584;0;33.47074313837584;33.47074313837584
12;61.50;3.50;False;False;True;False;612;41.50;8.50;True;False;False;False;1;32.853424733462816;0;32.853424733462816;32.853424733462816
12;61.50;3.50;False;False;True;False;613;42.50;8.50;True;False;False;False;5;28.396390035342847;13.908665603041943;26.030555555549654;34.98804476614896
12;61.50;3.50;False;False;True;False;615;44.50;8.50;True;False;False;False;1;26.46370849898517;0;26.46370849898517;26.46370849898517
12;61.50;3.50;False;False;True;False;618;47.50;8.50;True;False;False;False;2;29.771757263348718;9.354438637091574;27.60906927879205;31.934445247905387
12;61.50;3.50;False;False;True;False;620;49.50;8.50;True;False;False;False;2;26.747778179502802;0.20090756172819776;26.430833735058513;27.06472262394709
12;61.50;3.50;False;False;True;False;621;50.50;8.50;True;False;False;False;2;31.351583664640202;64.88907188156013;25.655573136140447;37.04759419313996
12;61.50;3.50;False;False;True;False;622;51.50;8.50;True;False;False;False;2;26.970420877425568;7.7490321305202965;25.00204183230744;28.938799922543694
12;61.50;3.50;False;False;True;False;623;52.50;8.50;True;False;False;False;10;19.719473564829492;0.2288175126660763;19.074350653032525;20.399754835820204
12;61.50;3.50;False;False;True;False;691;32.50;10.50;True;False;False;False;2;34.528342123629045;0.3716998074990622;34.0972389993658;34.95944524789229
12;61.50;3.50;False;False;True;False;695;36.50;10.50;True;False;False;False;1;34.64222222221724;0;34.64222222221724;34.64222222221724
12;61.50;3.50;False;False;True;False;696;37.50;10.50;True;False;False;False;5;37.93129549180012;34.48052419019151;34.240723129527396;47.73917026311756
12;61.50;3.50;False;False;True;False;698;39.50;10.50;True;False;False;False;2;35.196114707558536;8.265182323095399;33.16323715060935;37.228992264507724
12;61.50;3.50;False;False;True;False;700;41.50;10.50;True;False;False;False;1;38.08768718111605;0;38.08768718111605;38.08768718111605
12;61.50;3.50;False;False;True;False;701;42.50;10.50;True;False;False;False;7;27.619484072314922;0.24497233020713566;27.022779384675232;28.495367972722306
12;61.50;3.50;False;False;True;False;703;44.50;10.50;True;False;False;False;2;29.642687181094516;7.6505711984043705;27.686853446033638;31.598520916155394
12;61.50;3.50;False;False;True;False;704;45.50;10.50;True;False;False;False;3;30.52957083238698;0.8092801869180066;29.96139328879326;31.56676045807717
12;61.50;3.50;False;False;True;False;705;46.50;10.50;True;False;False;False;1;33.220733554176604;0;33.220733554176604;33.220733554176604
12;61.50;3.50;False;False;True;False;706;47.50;10.50;True;False;False;False;3;27.90188444838418;0.14163621484899006;27.660898471354813;28.33555555555563
12;61.50;3.50;False;False;True;False;708;49.50;10.50;True;False;False;False;2;26.6107107702328;0.46573027901823694;26.12814974869343;27.093271791772167
12;61.50;3.50;False;False;True;False;709;50.50;10.50;True;False;False;False;2;25.873439913220068;0.016532140984085945;25.782521980489264;25.96435784595087
12;61.50;3.50;False;False;True;False;710;51.50;10.50;True;False;False;False;3;25.48496554145974;0.0005745978298698942;25.46639248534848;25.51202505519268
12;61.50;3.50;False;False;True;False;711;52.50;10.50;True;False;False;False;5;21.21308355682056;0.24991325620328153;20.66278497069652;21.72706287199844
12;61.50;3.50;False;False;True;False;735;32.50;11.50;True;False;False;False;2;37.63814934696529;15.241294237738845;34.87759738786917;40.39870130606141
12;61.50;3.50;False;False;True;False;737;34.50;11.50;True;False;False;False;3;35.64867404044222;0.2503356029052741;35.10675406860173;36.09306315020149
12;61.50;3.50;False;False;True;False;745;42.50;11.50;True;False;False;False;6;28.941143713995604;2.1093568965365335;28.081981954866933;31.81845668078313
12;61.50;3.50;False;False;True;False;747;44.50;11.50;True;False;False;False;8;29.76808000295307;9.487428597222085;27.7596320272678;36.34546895706217
12;61.50;3.50;False;False;True;False;748;45.50;11.50;True;False;False;False;10;35.38655106007068;7.448584936765732;33.34700584873826;40.60861151284553
12;61.50;3.50;False;False;True;False;749;46.50;11.50;True;False;False;False;9;34.82787921057651;0.7974115383975117;34.00777777777694;36.345286714826216
12;61.50;3.50;False;False;True;False;752;49.50;11.50;True;False;False;False;1;36.302680791632156;0;36.302680791632156;36.302680791632156
12;61.50;3.50;False;False;True;False;753;50.50;11.50;True;False;False;False;2;41.75773447852043;2.8249238973595565;40.56926405453851;42.94620490250236
12;61.50;3.50;False;False;True;False;755;52.50;11.50;True;False;False;False;5;22.240383693154218;0.05341710540888762;21.955367972735985;22.599999999994907
12;61.50;3.50;False;False;True;False;823;32.50;13.50;True;False;False;False;1;36.70102451261846;0;36.70102451261846;36.70102451261846
12;61.50;3.50;False;False;True;False;825;34.50;13.50;True;False;False;False;2;36.047546895706546;0.0001282772651283803;36.039538235858345;36.05555555555475
12;61.50;3.50;False;False;True;False;833;42.50;13.50;True;False;False;False;6;34.433645037191354;69.2299335134359;29.28647908383573;50.4534550929784
12;61.50;3.50;False;False;True;False;835;44.50;13.50;True;False;False;False;11;31.7222327834563;12.63160547255927;29.405093791407126;40.24611191455915
12;61.50;3.50;False;False;True;False;836;45.50;13.50;True;False;False;False;7;36.40642563394613;28.421705877528368;33.14156887707213;44.82676365281077
12;61.50;3.50;False;False;True;False;837;46.50;13.50;True;False;False;False;9;35.591278042138434;3.2083510495030487;34.13767759689472;39.88027446475826
12;61.50;3.50;False;False;True;False;838;47.50;13.50;True;False;False;False;2;35.99509379140909;0.0025940343943567233;35.95907966644154;36.03110791637664
12;61.50;3.50;False;False;True;False;840;49.50;13.50;True;False;False;False;2;36.57559428456352;2.8193798953124416;35.38829063862613;37.76289793050091
12;61.50;3.50;False;False;True;False;841;50.50;13.50;True;False;False;False;3;37.547875567386654;0.4099271356945281;37.03204902525977;38.264449246074946
12;61.50;3.50;False;False;True;False;843;52.50;13.50;True;False;False;False;4;23.527618775272458;0.1396663284590881;23.244542234046094;24.045281374235856
12;61.50;3.50;False;False;True;False;875;40.50;14.50;True;False;False;False;1;36.25916148239776;0;36.25916148239776;36.25916148239776
12;61.50;3.50;False;False;True;False;877;42.50;14.50;True;False;False;False;3;31.569298780902198;0.7431045928610576;30.789264054537853;32.494819610095874
12;61.50;3.50;False;False;True;False;879;44.50;14.50;True;False;False;False;2;30.065280178595458;0.009696681648370809;29.995650150416623;30.134910206774293
12;61.50;3.50;False;False;True;False;881;46.50;14.50;True;False;False;False;1;32.389808419018664;0;32.389808419018664;32.389808419018664
12;61.50;3.50;False;False;True;False;882;47.50;14.50;True;False;False;False;4;32.05636777576228;0.27093898763768975;31.51767679342447;32.57687797428116
12;61.50;3.50;False;False;True;False;884;49.50;14.50;True;False;False;False;4;31.101226753007495;3.3404841209921803;30.14231601363099;33.8423160136299
12;61.50;3.50;False;False;True;False;885;50.50;14.50;True;False;False;False;3;30.601751396815036;1.807392409184824;29.544913401503436;32.11491020677363
12;61.50;3.50;False;False;True;False;887;52.50;14.50;True;False;False;False;4;25.108179389920792;8.891905149667116;23.290924331737187;29.531389290613788
12;61.50;3.50;False;False;True;False;959;36.50;16.50;True;False;False;False;1;45.42616574331623;0;45.42616574331623;45.42616574331623
12;61.50;3.50;False;False;True;False;962;39.50;16.50;True;False;False;False;1;37.18463202726343;0;37.18463202726343;37.18463202726343
12;61.50;3.50;False;False;True;False;965;42.50;16.50;True;False;False;False;3;36.559675266560895;13.14598685543356;32.374016215489064;38.73112149877488
12;61.50;3.50;False;False;True;False;967;44.50;16.50;True;False;False;False;1;32.33324354010347;0;32.33324354010347;32.33324354010347
12;61.50;3.50;False;False;True;False;968;45.50;16.50;True;False;False;False;2;32.923009463296694;0.0014871657665486504;32.89574074709526;32.95027817949813
12;61.50;3.50;False;False;True;False;969;46.50;16.50;True;False;False;False;1;32.57712762737174;0;32.57712762737174;32.57712762737174
12;61.50;3.50;False;False;True;False;970;47.50;16.50;True;False;False;False;3;31.667621726566722;0.0026955761589340923;31.614903013840376;31.71870210951238
12;61.50;3.50;False;False;True;False;973;50.50;16.50;True;False;False;False;2;29.638466033615032;0.004258910654848533;29.592320011820902;29.68461205540916
12;61.50;3.50;False;False;True;False;974;51.50;16.50;True;False;False;False;2;28.93810085389464;0.022853488837917046;28.831204902526224;29.044996805263054
12;61.50;3.50;False;False;True;False;975;52.50;16.50;True;False;False;False;5;30.495870130602178;10.898987397073764;28.268333333326154;36.082312818899936
12;61.50;3.50;False;False;True;False;1009;42.50;17.50;True;False;False;False;6;34.36401287919148;13.48226825355991;31.89277777777852;39.177312818901555
12;61.50;3.50;False;False;True;False;1011;44.50;17.50;True;False;False;False;6;33.7927287994853;15.376103469460904;31.808427124751688;41.764802832974965
12;61.50;3.50;False;False;True;False;1012;45.50;17.50;True;False;False;False;2;35.67870890070844;11.027670725163293;33.33055316426726;38.02686463714963
12;61.50;3.50;False;False;True;False;1014;47.50;17.50;True;False;False;False;1;43.07676765099495;0;43.07676765099495;43.07676765099495
12;61.50;3.50;False;False;True;False;1019;52.50;17.50;True;False;False;False;4;25.906532770745343;0.183640108176595;25.28408925066833;26.258333333331393
12;61.50;3.50;False;False;True;False;1097;42.50;19.50;True;False;False;False;2;39.60602451262548;2.8172460190622965;38.41917026313604;40.792878762114924
12;61.50;3.50;False;False;True;False;1099;44.50;19.50;True;False;False;False;5;33.8556432004867;0.41039439658337484;33.2850447453784;34.873246734839995
12;61.50;3.50;False;False;True;False;1146;47.50;20.50;True;False;False;False;1;36.22779427131536;0;36.22779427131536;36.22779427131536
12;61.50;3.50;False;False;True;False;1148;49.50;20.50;True;False;False;False;2;34.45036876666518;0.17734700384788538;34.1525878036673;34.748149729663055
12;61.50;3.50;False;False;True;False;1149;50.50;20.50;True;False;False;False;1;34.65667385958932;0;34.65667385958932;34.65667385958932
12;61.50;3.50;False;False;True;False;1151;52.50;20.50;True;False;False;False;2;29.030185985453272;5.252410971767078;27.409628832532235;30.65074313837431
12;61.50;3.50;False;False;True;False;1236;49.50;22.50;True;False;False;False;1;34.80129869393386;0;34.80129869393386;34.80129869393386
12;61.50;3.50;False;False;True;False;1237;50.50;22.50;True;False;False;False;1;33.66657607000161;0;33.66657607000161;33.66657607000161
12;61.50;3.50;False;False;True;False;1239;52.50;22.50;True;False;False;False;3;30.160828965186738;5.678277229695175;28.535836929790094;32.896298693929566
12;61.50;3.50;False;False;True;False;1283;52.50;23.50;True;False;False;False;4;33.061831002497854;20.40435526364429;29.48102451261957;39.60778177595785
12;61.50;3.50;False;False;True;False;1371;52.50;25.50;True;False;False;False;2;32.016663070208665;0.21952241524797397;31.685360779809116;32.347965360608214
28;61.50;9.50;False;False;True;False;300;37.50;1.50;True;False;False;False;1;31.96046656578983;0;31.96046656578983;31.96046656578983
28;61.50;9.50;False;False;True;False;310;47.50;1.50;True;False;False;False;2;26.081565824127892;3.6181008003609545;24.736556381714763;27.426575266541022
28;61.50;9.50;False;False;True;False;313;50.50;1.50;True;False;False;False;1;30.093520916158013;0;30.093520916158013;30.093520916158013
28;61.50;9.50;False;False;True;False;315;52.50;1.50;True;False;False;False;5;22.77269201654199;0.18249965513216954;22.18103243274163;23.269083125552243
28;61.50;9.50;False;False;True;False;347;40.50;2.50;True;False;False;False;1;32.02692565869438;0;32.02692565869438;32.02692565869438
28;61.50;9.50;False;False;True;False;349;42.50;2.50;True;False;False;False;3;31.91461339445171;2.386930562783656;30.93277458304692;33.695464958873345
28;61.50;9.50;False;False;True;False;351;44.50;2.50;True;False;False;False;1;30.040345552555664;0;30.040345552555664;30.040345552555664
28;61.50;9.50;False;False;True;False;352;45.50;2.50;True;False;False;False;2;29.284260056347193;0.12845061511583247;29.030832931599434;29.537687181094952
28;61.50;9.50;False;False;True;False;353;46.50;2.50;True;False;False;False;1;30.550189974110253;0;30.550189974110253;30.550189974110253
28;61.50;9.50;False;False;True;False;356;49.50;2.50;True;False;False;False;1;24.084155877284502;0;24.084155877284502;24.084155877284502
28;61.50;9.50;False;False;True;False;357;50.50;2.50;True;False;False;False;2;30.293426711302345;31.197711084642336;26.343888062001497;34.24296536060319
28;61.50;9.50;False;False;True;False;358;51.50;2.50;True;False;False;False;1;24.973514526687723;0;24.973514526687723;24.973514526687723
28;61.50;9.50;False;False;True;False;430;35.50;4.50;True;False;False;False;2;35.916486276761134;0.0001181855066327096;35.90879909565774;35.924173457864526
28;61.50;9.50;False;False;True;False;431;36.50;4.50;True;False;False;False;1;34.87212843081579;0;34.87212843081579;34.87212843081579
28;61.50;9.50;False;False;True;False;432;37.50;4.50;True;False;False;False;2;33.546408468571826;20.14496286451394;30.372691179294634;36.72012575784902
28;61.50;9.50;False;False;True;False;440;45.50;4.50;True;False;False;False;3;31.090898124675125;2.2109077837832554;29.626305083409534;32.59916706839431
28;61.50;9.50;False;False;True;False;442;47.50;4.50;True;False;False;False;1;23.059167068389797;0;23.059167068389797;23.059167068389797
28;61.50;9.50;False;False;True;False;445;50.50;4.50;True;False;False;False;1;26.352861984985793;0;26.352861984985793;26.352861984985793
28;61.50;9.50;False;False;True;False;447;52.50;4.50;True;False;False;False;7;25.59285520524587;3.26773050008847;24.321764456268284;29.265093791414984
28;61.50;9.50;False;False;True;False;476;37.50;5.50;True;False;False;False;8;29.339984079405834;0.9776285361553497;28.442930983826955;31.02240980505303
28;61.50;9.50;False;False;True;False;478;39.50;5.50;True;False;False;False;10;31.144681731003764;15.366404130467583;28.36648627676186;39.02369411319887
28;61.50;9.50;False;False;True;False;479;40.50;5.50;True;False;False;False;9;35.0816823189845;13.532533648107329;32.42000000000007;42.935281374233455
28;61.50;9.50;False;False;True;False;480;41.50;5.50;True;False;False;False;11;36.12786844577162;35.6087279455757;33.35129869392949;53.00869491659341
28;61.50;9.50;False;False;True;False;486;47.50;5.50;True;False;False;False;5;26.27008041654335;75.03916581873806;22.17649088786311;41.75685424948824
28;61.50;9.50;False;False;True;False;488;49.50;5.50;True;False;False;False;6;24.92169952784934;5.213827694720166;22.291580068167605;27.85620490252768
28;61.50;9.50;False;False;True;False;489;50.50;5.50;True;False;False;False;7;27.29463781323245;4.606226428505185;25.843520916159378;31.533825457000603
28;61.50;9.50;False;False;True;False;490;51.50;5.50;True;False;False;False;8;31.374851851741706;74.99166655256997;26.566482278576586;51.99972981688188
28;61.50;9.50;False;False;True;False;491;52.50;5.50;True;False;False;False;7;20.27362468204839;0.70361460647955;19.430920333543327;21.955743941827677
28;61.50;9.50;False;False;True;False;554;27.50;7.50;True;False;False;False;3;39.409940934934035;97.36001414517894;33.67620490252011;50.80342712472702
28;61.50;9.50;False;False;True;False;556;29.50;7.50;True;False;False;False;4;36.80258812975899;29.089547747248172;33.72583373505768;44.86866505801663
28;61.50;9.50;False;False;True;False;564;37.50;7.50;True;False;False;False;6;28.61797241959963;8.798799955632127;26.909910206777568;34.61835412762957
28;61.50;9.50;False;False;True;False;566;39.50;7.50;True;False;False;False;9;27.76810966416565;0.9297333228344818;27.03831018580604;30.18444124971029
28;61.50;9.50;False;False;True;False;567;40.50;7.50;True;False;False;False;11;33.67909207427871;8.728760535616129;29.14870130606596;39.15110791636471
28;61.50;9.50;False;False;True;False;568;41.50;7.50;True;False;False;False;6;37.51056095910462;27.95060913517907;33.50375969086235;46.316643897918766
28;61.50;9.50;False;False;True;False;569;42.50;7.50;True;False;False;False;1;35.08121529017808;0;35.08121529017808;35.08121529017808
28;61.50;9.50;False;False;True;False;571;44.50;7.50;True;False;False;False;1;36.01166905795617;0;36.01166905795617;36.01166905795617
28;61.50;9.50;False;False;True;False;572;45.50;7.50;True;False;False;False;1;36.18971862575563;0;36.18971862575563;36.18971862575563
28;61.50;9.50;False;False;True;False;574;47.50;7.50;True;False;False;False;10;20.49048430410894;0.09450615454580623;20.183423930000572;21.103427124740847
28;61.50;9.50;False;False;True;False;576;49.50;7.50;True;False;False;False;7;21.0757671556547;2.9712170683410317;20.29852091615612;24.976565682331966
28;61.50;9.50;False;False;True;False;577;50.50;7.50;True;False;False;False;13;28.200310749366686;12.080785892865155;25.891580068175244;36.36259738785702
28;61.50;9.50;False;False;True;False;578;51.50;7.50;True;False;False;False;16;30.083762758352293;24.12431831909293;26.83509059667631;41.33185424949079
28;61.50;9.50;False;False;True;False;579;52.50;7.50;True;False;False;False;9;18.069227136852632;0.14158196750695293;17.74852091615685;18.89287156919181
28;61.50;9.50;False;False;True;False;595;24.50;8.50;True;False;False;False;3;31.843324177540733;0.008993448806033066;31.75524032447356;31.943707695529156
28;61.50;9.50;False;False;True;False;596;25.50;8.50;True;False;False;False;2;31.428383286577628;0.04148665509039042;31.284357845959676;31.57240872719558
28;61.50;9.50;False;False;True;False;598;27.50;8.50;True;False;False;False;1;30.07379590092387;0;30.07379590092387;30.07379590092387
28;61.50;9.50;False;False;True;False;600;29.50;8.50;True;False;False;False;3;31.432115377687598;24.120902963254043;28.507878762110522;37.102265663175785
28;61.50;9.50;False;False;True;False;601;30.50;8.50;True;False;False;False;3;33.18164445778772;48.31136533504386;27.54166666666606;40.94676765099757
28;61.50;9.50;False;False;True;False;602;31.50;8.50;True;False;False;False;1;27.548979485568452;0;27.548979485568452;27.548979485568452
28;61.50;9.50;False;False;True;False;603;32.50;8.50;True;False;False;False;5;28.352313936100472;6.781032527692501;26.37573674891246;31.633982680299596
28;61.50;9.50;False;False;True;False;605;34.50;8.50;True;False;False;False;4;26.974020183127294;11.976866584468798;24.881204902523223;32.13667625085873
28;61.50;9.50;False;False;True;False;606;35.50;8.50;True;False;False;False;3;24.628309256091672;0.1058049546236079;24.26723658899573;24.8984271247391
28;61.50;9.50;False;False;True;False;607;36.50;8.50;True;False;False;False;3;27.389876009693978;35.06405182175093;23.469624834346178;34.20157606998902
28;61.50;9.50;False;False;True;False;608;37.50;8.50;True;False;False;False;10;25.02748918227583;12.363878704214542;23.052222222223463;34.69175326515324
28;61.50;9.50;False;False;True;False;610;39.50;8.50;True;False;False;False;5;21.93829757292109;0.09133312212774175;21.763513723248252;22.476391681901077
28;61.50;9.50;False;False;True;False;611;40.50;8.50;True;False;False;False;1;23.127597387870992;0;23.127597387870992;23.127597387870992
28;61.50;9.50;False;False;True;False;613;42.50;8.50;True;False;False;False;2;20.49601931879124;0.3283455367055123;20.090836929794932;20.90120170778755
28;61.50;9.50;False;False;True;False;615;44.50;8.50;True;False;False;False;2;18.69652424999731;0.23039350539991207;18.357117778786233;19.035930721208388
28;61.50;9.50;False;False;True;False;616;45.50;8.50;True;False;False;False;2;31.5996316255455;364.82502938289207;18.093613904120502;45.105649346970495
28;61.50;9.50;False;False;True;False;617;46.50;8.50;True;False;False;False;5;25.699009985159318;350.0760527412634;16.939167068390816;59.164636025455366
28;61.50;9.50;False;False;True;False;618;47.50;8.50;True;False;False;False;6;18.10510822767884;14.631066815322628;16.427128430809375;25.903978682116076
28;61.50;9.50;False;False;True;False;620;49.50;8.50;True;False;False;False;3;15.30173502905304;0.09670251926868036;15.088888888888903;15.658607514649702
28;61.50;9.50;False;False;True;False;621;50.50;8.50;True;False;False;False;4;15.869030771645274;3.223082575933307;14.247402612116275;18.026948040905154
28;61.50;9.50;False;False;True;False;622;51.50;8.50;True;False;False;False;1;13.909169459676605;0;13.909169459676605;13.909169459676605
28;61.50;9.50;False;False;True;False;623;52.50;8.50;True;False;False;False;8;13.599327970808645;0.22544918379508125;12.997972553508589;14.081120695314894
28;61.50;9.50;False;False;True;False;683;24.50;10.50;True;False;False;False;1;32.26240980504372;0;32.26240980504372;32.26240980504372
28;61.50;9.50;False;False;True;False;684;25.50;10.50;True;False;False;False;2;40.99985931287483;27.034960098051002;37.32324673483163;44.67647189091804
28;61.50;9.50;False;False;True;False;685;26.50;10.50;True;False;False;False;1;30.833337331510847;0;30.833337331510847;30.833337331510847
28;61.50;9.50;False;False;True;False;686;27.50;10.50;True;False;False;False;3;35.88864463865199;40.43744432550615;29.489808419009933;42.20713562372839
28;61.50;9.50;False;False;True;False;688;29.50;10.50;True;False;False;False;8;30.547389156096756;9.144134094613893;28.428145750502154;36.574043701851224
28;61.50;9.50;False;False;True;False;689;30.50;10.50;True;False;False;False;3;28.15397815283662;0.24149677219500204;27.656204902524223;28.63879509747312
28;61.50;9.50;False;False;True;False;690;31.50;10.50;True;False;False;False;3;30.545566566965437;7.333090236440663;27.43721583275692;32.39420249390696
28;61.50;9.50;False;False;True;False;691;32.50;10.50;True;False;False;False;13;28.509057695058207;13.52944931001859;26.051204902523295;36.36907327697554
28;61.50;9.50;False;False;True;False;693;34.50;10.50;True;False;False;False;5;25.18147855268146;0.07660641633538576;24.929448442631042;25.653948058086826
28;61.50;9.50;False;False;True;False;694;35.50;10.50;True;False;False;False;1;24.413795097480033;0;24.413795097480033;24.413795097480033
28;61.50;9.50;False;False;True;False;695;36.50;10.50;True;False;False;False;6;25.221716271891278;6.336379187037984;23.548063150181406;30.307528653392183
28;61.50;9.50;False;False;True;False;696;37.50;10.50;True;False;False;False;6;26.49543689299052;19.299030776932597;23.11926405453778;34.39935065302416
28;61.50;9.50;False;False;True;False;699;40.50;10.50;True;False;False;False;8;26.45945846637342;153.58728023863702;20.757503596458264;56.526767650988404
28;61.50;9.50;False;False;True;False;700;41.50;10.50;True;False;False;False;2;40.19695936923563;138.80627831881853;31.866104721637385;48.52781401683387
28;61.50;9.50;False;False;True;False;701;42.50;10.50;True;False;False;False;11;22.700020611189633;15.7297383975284;20.03694484616426;32.0804665657779
28;61.50;9.50;False;False;True;False;703;44.50;10.50;True;False;False;False;9;19.221175562730828;2.603033133409844;18.18620170779286;23.38252437178744
28;61.50;9.50;False;False;True;False;704;45.50;10.50;True;False;False;False;2;18.006509854617434;0.005506124342599953;17.954040223674383;18.058979485560485
28;61.50;9.50;False;False;True;False;705;46.50;10.50;True;False;False;False;4;19.26479516269235;19.439741483083054;16.984083664636103;25.877406610312846
28;61.50;9.50;False;False;True;False;706;47.50;10.50;True;False;False;False;4;18.599839461488045;14.070549973975265;16.338888888887595;24.172871569189738
28;61.50;9.50;False;False;True;False;708;49.50;10.50;True;False;False;False;3;15.196332012220788;0.02034621366505734;15.10851372323782;15.360914992961625
28;61.50;9.50;False;False;True;False;709;50.50;10.50;True;False;False;False;5;19.96771974298493;157.19450153118396;14.094617641426936;42.39407486491109
28;61.50;9.50;False;False;True;False;710;51.50;10.50;True;False;False;False;2;14.23800706248128;0.870091388525303;13.57842712474617;14.89758700021639
28;61.50;9.50;False;False;True;False;711;52.50;10.50;True;False;False;False;6;13.379167597660398;0.09721574244167425;12.936111111106584;13.854423650033823
28;61.50;9.50;False;False;True;False;735;32.50;11.50;True;False;False;False;12;31.89710642756351;2.8162885465973355;30.384632027272346;35.13944444443223
28;61.50;9.50;False;False;True;False;737;34.50;11.50;True;False;False;False;11;31.525044588839922;3.7309010321579237;30.34676604408196;36.875201968676265
28;61.50;9.50;False;False;True;False;738;35.50;11.50;True;False;False;False;7;45.31030067774372;44.76074093283799;36.31935465120114;53.38304504962434
28;61.50;9.50;False;False;True;False;739;36.50;11.50;True;False;False;False;2;47.543508529412065;191.7354337133553;37.75230243125043;57.3347146275737
28;61.50;9.50;False;False;True;False;745;42.50;11.50;True;False;False;False;8;23.082686781769326;56.8357234591629;5.904877417910029;30.76931201372645
28;61.50;9.50;False;False;True;False;747;44.50;11.50;True;False;False;False;5;24.03054485795924;0.20745721804250045;23.682725093251065;24.66916307020483
28;61.50;9.50;False;False;True;False;748;45.50;11.50;True;False;False;False;8;30.40122755407478;2.7079447116503093;29.217517982300706;34.35019077756078
28;61.50;9.50;False;False;True;False;749;46.50;11.50;True;False;False;False;7;33.07649708577017;13.563436267387992;30.32152222228615;39.394444444438705
28;61.50;9.50;False;False;True;False;750;47.50;11.50;True;False;False;False;3;33.862926132193024;10.062017408835587;31.232771388302353;37.38565653988189
28;61.50;9.50;False;False;True;False;752;49.50;11.50;True;False;False;False;3;36.92129762902126;53.48201790458006;32.251298693936405;45.349354651216345
28;61.50;9.50;False;False;True;False;753;50.50;11.50;True;False;False;False;3;37.72293969550871;18.656885770558553;32.86482921332936;41.12972581867325
28;61.50;9.50;False;False;True;False;754;51.50;11.50;True;False;False;False;1;42.13611111110367;0;42.13611111110367;42.13611111110367
28;61.50;9.50;False;False;True;False;755;52.50;11.50;True;False;False;False;5;17.744187422137475;3.1461585281649986;15.037409805056086;19.99352730562896
28;61.50;9.50;False;False;True;False;823;32.50;13.50;True;False;False;False;7;34.54052795999632;13.405644395577209;32.06518358464018;42.14046576232613
28;61.50;9.50;False;False;True;False;825;34.50;13.50;True;False;False;False;10;34.05466004018917;7.673527221712011;31.95073594546284;39.767125236076026
28;61.50;9.50;False;False;True;False;826;35.50;13.50;True;False;False;False;8;37.39759659744254;6.294227303111625;35.672664855908806;42.32120490251873
28;61.50;9.50;False;False;True;False;827;36.50;13.50;True;False;False;False;3;39.158673504807666;9.475906665684558;36.828152943427995;42.64824273665363
28;61.50;9.50;False;False;True;False;828;37.50;13.50;True;False;False;False;1;38.25315294342727;0;38.25315294342727;38.25315294342727
28;61.50;9.50;False;False;True;False;830;39.50;13.50;True;False;False;False;2;38.61004889479409;0.166224129541013;38.321757263332984;38.8983405262552
28;61.50;9.50;False;False;True;False;833;42.50;13.50;True;False;False;False;8;27.922960965458685;16.58499071599074;25.346345046203623;37.36196242674032
28;61.50;9.50;False;False;True;False;835;44.50;13.50;True;False;False;False;6;26.31675659697703;1.2948094929498408;25.366760458080535;28.498055957275938
28;61.50;9.50;False;False;True;False;836;45.50;13.50;True;False;False;False;7;30.32073765897082;4.552879688666014;29.349353847769635;35.15104637481454
28;61.50;9.50;False;False;True;False;837;46.50;13.50;True;False;False;False;8;30.727298039590437;0.5749063688789744;30.049819610092527;32.26867014307936
28;61.50;9.50;False;False;True;False;838;47.50;13.50;True;False;False;False;5;33.245557633085625;2.016970533568628;32.564167068390816;35.78547215179606
28;61.50;9.50;False;False;True;False;840;49.50;13.50;True;False;False;False;2;31.68829003408166;0.0008415053183287515;31.667777777765878;31.708802290397443
28;61.50;9.50;False;False;True;False;841;50.50;13.50;True;False;False;False;8;34.01421108018803;1.6965615218524204;32.92777777777519;36.18815213997823
28;61.50;9.50;False;False;True;False;842;51.50;13.50;True;False;False;False;1;34.48536877618244;0;34.48536877618244;34.48536877618244
28;61.50;9.50;False;False;True;False;843;52.50;13.50;True;False;False;False;7;20.3446465405107;1.6899363022816227;19.392401005250576;23.214405285238172
28;61.50;9.50;False;False;True;False;869;34.50;14.50;True;False;False;False;1;35.38036450357686;0;35.38036450357686;35.38036450357686
28;61.50;9.50;False;False;True;False;871;36.50;14.50;True;False;False;False;2;38.473474020457616;25.07305976585069;34.93277777777803;42.0141702631372
28;61.50;9.50;False;False;True;False;872;37.50;14.50;True;False;False;False;1;35.326386095872294;0;35.326386095872294;35.326386095872294
28;61.50;9.50;False;False;True;False;874;39.50;14.50;True;False;False;False;4;33.534820995963855;0.21097802072453636;33.00084249673637;33.94564934697337
28;61.50;9.50;False;False;True;False;875;40.50;14.50;True;False;False;False;1;32.232973356968614;0;32.232973356968614;32.232973356968614
28;61.50;9.50;False;False;True;False;877;42.50;14.50;True;False;False;False;3;28.108887556156333;3.918138644776028;26.17777777777519;30.133333333331393
28;61.50;9.50;False;False;True;False;880;45.50;14.50;True;False;False;False;3;29.035030198892855;0.10557346039994438;28.718333333337796;29.36759338968659
28;61.50;9.50;False;False;True;False;881;46.50;14.50;True;False;False;False;1;28.123705304251416;0;28.123705304251416;28.123705304251416
28;61.50;9.50;False;False;True;False;882;47.50;14.50;True;False;False;False;2;27.82067810911667;0.04639059852387153;27.668378078709793;27.972978139523548
28;61.50;9.50;False;False;True;False;884;49.50;14.50;True;False;False;False;2;26.81110431990146;0.35905437991866307;26.387397829557813;27.234810810245108
28;61.50;9.50;False;False;True;False;885;50.50;14.50;True;False;False;False;2;28.02263868801856;5.758299550046016;26.325832931597688;29.719444444439432
28;61.50;9.50;False;False;True;False;887;52.50;14.50;True;False;False;False;7;20.143970606850928;2.074404940176603;19.261298693934805;23.31046815361151
28;61.50;9.50;False;False;True;False;962;39.50;16.50;True;False;False;False;2;33.409507479818785;0.48231197659193786;32.91843112292918;33.90058383670839
28;61.50;9.50;False;False;True;False;965;42.50;16.50;True;False;False;False;1;29.469246804417708;0;29.469246804417708;29.469246804417708
28;61.50;9.50;False;False;True;False;967;44.50;16.50;True;False;False;False;2;29.72292565781936;0.018635762972785387;29.62639648354343;29.81945483209529
28;61.50;9.50;False;False;True;False;969;46.50;16.50;True;False;False;False;3;28.769336430691208;0.24844560086356215;28.353940013288593;29.322041832318064
28;61.50;9.50;False;False;True;False;970;47.50;16.50;True;False;False;False;2;29.899260469805085;9.716701492263981;27.695093791413456;32.103427148196715
28;61.50;9.50;False;False;True;False;972;49.50;16.50;True;False;False;False;4;27.59048821063442;3.8371381387492516;26.348993067957053;30.473237150633395
28;61.50;9.50;False;False;True;False;973;50.50;16.50;True;False;False;False;1;29.085187582825824;0;29.085187582825824;29.085187582825824
28;61.50;9.50;False;False;True;False;1009;42.50;17.50;True;False;False;False;8;28.6108885845629;0.6158439380530352;27.891392485344113;30.133646405021864
28;61.50;9.50;False;False;True;False;1011;44.50;17.50;True;False;False;False;2;28.511626037710812;0.10054104825788977;28.287415145627165;28.73583692979446
28;61.50;9.50;False;False;True;False;1012;45.50;17.50;True;False;False;False;1;41.100555555561186;0;41.100555555561186;41.100555555561186
28;61.50;9.50;False;False;True;False;1013;46.50;17.50;True;False;False;False;11;36.925653757107284;14.009010373707127;33.92026779185835;47.13231201544659
28;61.50;9.50;False;False;True;False;1016;49.50;17.50;True;False;False;False;2;36.826623367420325;0.17994804466498085;36.52666666665755;37.1265800681831
28;61.50;9.50;False;False;True;False;1017;50.50;17.50;True;False;False;False;1;41.23611111111313;0;41.23611111111313;41.23611111111313
28;61.50;9.50;False;False;True;False;1019;52.50;17.50;True;False;False;False;4;22.828365666716763;2.1482128081357774;21.420743138376565;24.87379829220663
28;61.50;9.50;False;False;True;False;1099;44.50;19.50;True;False;False;False;5;29.742588221442567;0.148851388268664;29.321565682323126;30.236962426781247
28;61.50;9.50;False;False;True;False;1100;45.50;19.50;True;False;False;False;2;33.68088182640713;0.36876794333940494;33.25148227858517;34.11028137422909
28;61.50;9.50;False;False;True;False;1101;46.50;19.50;True;False;False;False;1;46.61481641536102;0;46.61481641536102;46.61481641536102
28;61.50;9.50;False;False;True;False;1107;52.50;19.50;True;False;False;False;3;23.781976639251525;1.0327468482535889;23.05277777777519;24.942784970699677
28;61.50;9.50;False;False;True;False;1141;42.50;20.50;True;False;False;False;1;37.621190252315955;0;37.621190252315955;37.621190252315955
28;61.50;9.50;False;False;True;False;1143;44.50;20.50;True;False;False;False;2;30.301940446268418;0.3020309764466537;29.913333333333867;30.69054755920297
28;61.50;9.50;False;False;True;False;1146;47.50;20.50;True;False;False;False;1;31.599260859802598;0;31.599260859802598;31.599260859802598
28;61.50;9.50;False;False;True;False;1148;49.50;20.50;True;False;False;False;1;34.52719993530991;0;34.52719993530991;34.52719993530991
28;61.50;9.50;False;False;True;False;1149;50.50;20.50;True;False;False;False;1;30.47787156918639;0;30.47787156918639;30.47787156918639
28;61.50;9.50;False;False;True;False;1151;52.50;20.50;True;False;False;False;4;25.482639089751956;3.7020817220348166;23.813795097474213;27.82851772142385
28;61.50;9.50;False;False;True;False;1231;44.50;22.50;True;False;False;False;1;32.04175087387557;0;32.04175087387557;32.04175087387557
28;61.50;9.50;False;False;True;False;1232;45.50;22.50;True;False;False;False;2;34.91495949154705;1.2501070197075645;34.12435623462625;35.705562748467855
28;61.50;9.50;False;False;True;False;1233;46.50;22.50;True;False;False;False;1;43.557711954596016;0;43.557711954596016;43.557711954596016
28;61.50;9.50;False;False;True;False;1234;47.50;22.50;True;False;False;False;3;32.25438085192218;1.7294557457202675;31.379076471712324;33.76666666666824
28;61.50;9.50;False;False;True;False;1236;49.50;22.50;True;False;False;False;1;30.132792163620252;0;30.132792163620252;30.132792163620252
28;61.50;9.50;False;False;True;False;1239;52.50;22.50;True;False;False;False;4;26.830225477888575;5.34107272274864;24.720278179496745;29.05055635900817
28;61.50;9.50;False;False;True;False;1414;51.50;26.50;True;False;False;False;1;33.18065653989106;0;33.18065653989106;33.18065653989106
28;61.50;9.50;False;False;True;False;1415;52.50;26.50;True;False;False;False;3;28.52475654685274;3.1294560787118186;27.43796136241872;30.566023709169258
44;61.50;15.50;False;False;True;False;310;47.50;1.50;True;False;False;False;1;28.725367972729146;0;28.725367972729146;28.725367972729146
44;61.50;15.50;False;False;True;False;315;52.50;1.50;True;False;False;False;2;26.645095388781556;0.6367752170825697;26.080836929791985;27.209353847771126
44;61.50;15.50;False;False;True;False;357;50.50;2.50;True;False;False;False;1;30.30111030764965;0;30.30111030764965;30.30111030764965
44;61.50;15.50;False;False;True;False;358;51.50;2.50;True;False;False;False;1;36.90658006817466;0;36.90658006817466;36.90658006817466
44;61.50;15.50;False;False;True;False;440;45.50;4.50;True;False;False;False;1;36.3958305403321;0;36.3958305403321;36.3958305403321
44;61.50;15.50;False;False;True;False;442;47.50;4.50;True;False;False;False;2;27.21926045807652;7.925650438520719E-05;27.212965360603675;27.225555555549363
44;61.50;15.50;False;False;True;False;445;50.50;4.50;True;False;False;False;1;29.942418604878185;0;29.942418604878185;29.942418604878185
44;61.50;15.50;False;False;True;False;446;51.50;4.50;True;False;False;False;2;31.84367199094322;11.734876006449326;29.421392485348406;34.26595149653804
44;61.50;15.50;False;False;True;False;447;52.50;4.50;True;False;False;False;1;32.40611111110957;0;32.40611111110957;32.40611111110957
44;61.50;15.50;False;False;True;False;476;37.50;5.50;True;False;False;False;1;35.80879190273481;0;35.80879190273481;35.80879190273481
44;61.50;15.50;False;False;True;False;486;47.50;5.50;True;False;False;False;5;27.7814805224235;3.611001105257117;25.951114305842566;30.79379509747605
44;61.50;15.50;False;False;True;False;488;49.50;5.50;True;False;False;False;1;29.008333333332757;0;29.008333333332757;29.008333333332757
44;61.50;15.50;False;False;True;False;489;50.50;5.50;True;False;False;False;3;37.327195249840166;61.43849360658575;30.0201875828252;45.60608802074785
44;61.50;15.50;False;False;True;False;490;51.50;5.50;True;False;False;False;1;31.132022663903626;0;31.132022663903626;31.132022663903626
44;61.50;15.50;False;False;True;False;491;52.50;5.50;True;False;False;False;1;24.010184388094785;0;24.010184388094785;24.010184388094785
44;61.50;15.50;False;False;True;False;574;47.50;7.50;True;False;False;False;1;25.189062085872138;0;25.189062085872138;25.189062085872138
44;61.50;15.50;False;False;True;False;576;49.50;7.50;True;False;False;False;2;24.65017679344993;0.035509170581661656;24.516930460326535;24.783423126573325
44;61.50;15.50;False;False;True;False;577;50.50;7.50;True;False;False;False;7;33.37155075911635;26.007426041722283;29.879910206749628;43.71823634719294
44;61.50;15.50;False;False;True;False;578;51.50;7.50;True;False;False;False;6;35.81436118409874;108.93619419342222;30.938337331517687;57.108085570358526
44;61.50;15.50;False;False;True;False;579;52.50;7.50;True;False;False;False;3;23.456981970163422;2.6548629453167494;22.164921397867147;25.28740980504881
44;61.50;15.50;False;False;True;False;607;36.50;8.50;True;False;False;False;1;35.253145221537125;0;35.253145221537125;35.253145221537125
44;61.50;15.50;False;False;True;False;608;37.50;8.50;True;False;False;False;2;31.58625379732439;0.10137198067832141;31.36111830403388;31.811389290614898
44;61.50;15.50;False;False;True;False;611;40.50;8.50;True;False;False;False;1;32.27824354010954;0;32.27824354010954;32.27824354010954
44;61.50;15.50;False;False;True;False;613;42.50;8.50;True;False;False;False;1;33.040003998190514;0;33.040003998190514;33.040003998190514
44;61.50;15.50;False;False;True;False;615;44.50;8.50;True;False;False;False;1;34.95712843080946;0;34.95712843080946;34.95712843080946
44;61.50;15.50;False;False;True;False;617;46.50;8.50;True;False;False;False;4;30.306064817992137;3.563406242167323;28.96277458303848;33.102597387874994
44;61.50;15.50;False;False;True;False;618;47.50;8.50;True;False;False;False;3;25.804431123517134;5.141826167143018;24.000561945027584;28.349949649564223
44;61.50;15.50;False;False;True;False;620;49.50;8.50;True;False;False;False;1;28.245093791403633;0;28.245093791403633;28.245093791403633
44;61.50;15.50;False;False;True;False;621;50.50;8.50;True;False;False;False;1;26.314264054543855;0;26.314264054543855;26.314264054543855
44;61.50;15.50;False;False;True;False;622;51.50;8.50;True;False;False;False;2;26.956713562374716;2.2777263550723896;25.88953823585325;28.02388888889618
44;61.50;15.50;False;False;True;False;623;52.50;8.50;True;False;False;False;7;25.068928858371496;1.080023701964019;24.030743138380785;27.15990940332722
44;61.50;15.50;False;False;True;False;695;36.50;10.50;True;False;False;False;1;34.96518677936183;0;34.96518677936183;34.96518677936183
44;61.50;15.50;False;False;True;False;698;39.50;10.50;True;False;False;False;1;29.16184466526829;0;29.16184466526829;29.16184466526829
44;61.50;15.50;False;False;True;False;703;44.50;10.50;True;False;False;False;4;30.62816919835791;2.6642416836580693;29.6658185457527;33.07139248534986
44;61.50;15.50;False;False;True;False;704;45.50;10.50;True;False;False;False;2;28.855369971819528;0.07199025544013396;28.665646152228874;29.04509379141018
44;61.50;15.50;False;False;True;False;705;46.50;10.50;True;False;False;False;2;28.22316387003775;0.6421974554776786;27.656508129981376;28.789819610094128
44;61.50;15.50;False;False;True;False;706;47.50;10.50;True;False;False;False;2;22.986256590335415;0.002575527149022946;22.950371167466074;23.022142013204757
44;61.50;15.50;False;False;True;False;708;49.50;10.50;True;False;False;False;2;23.44069264621453;0.1125008590750182;23.20352091615905;23.67786437627001
44;61.50;15.50;False;False;True;False;709;50.50;10.50;True;False;False;False;1;25.541211291993477;0;25.541211291993477;25.541211291993477
44;61.50;15.50;False;False;True;False;711;52.50;10.50;True;False;False;False;4;24.572610978366242;0.10179993172848446;24.393711693721343;25.05074979222036
44;61.50;15.50;False;False;True;False;740;37.50;11.50;True;False;False;False;12;30.547505892391122;7.5885291971056885;28.60555555555038;37.640545167891105
44;61.50;15.50;False;False;True;False;742;39.50;11.50;True;False;False;False;14;30.141819730341762;8.79194852564141;28.516666666662786;39.6937332724774
44;61.50;15.50;False;False;True;False;743;40.50;11.50;True;False;False;False;7;35.60517464044148;23.504013199896683;32.593156138165796;45.416847056572806
44;61.50;15.50;False;False;True;False;744;41.50;11.50;True;False;False;False;6;34.990636382020966;3.890215631572062;33.40870130608528;38.347135623735085
44;61.50;15.50;False;False;True;False;747;44.50;11.50;True;False;False;False;1;35.027597387874266;0;35.027597387874266;35.027597387874266
44;61.50;15.50;False;False;True;False;748;45.50;11.50;True;False;False;False;1;42.22685424948213;0;42.22685424948213;42.22685424948213
44;61.50;15.50;False;False;True;False;750;47.50;11.50;True;False;False;False;13;25.013555680361762;42.946036152889334;21.86593072120786;45.39925766507076
44;61.50;15.50;False;False;True;False;752;49.50;11.50;True;False;False;False;11;22.578828721403646;0.7577034569055277;21.97287156918719;25.053888888876827
44;61.50;15.50;False;False;True;False;753;50.50;11.50;True;False;False;False;10;32.92227170691325;98.57447008934572;25.924751395628846;51.828805485127305
44;61.50;15.50;False;False;True;False;754;51.50;11.50;True;False;False;False;11;27.71356142799138;2.62057582792118;26.616767934430413;31.139642679292592
44;61.50;15.50;False;False;True;False;755;52.50;11.50;True;False;False;False;6;20.563579314851804;1.3580884474501789;19.668888888888915;22.31073594546251
44;61.50;15.50;False;False;True;False;818;27.50;13.50;True;False;False;False;1;36.865089793227526;0;36.865089793227526;36.865089793227526
44;61.50;15.50;False;False;True;False;820;29.50;13.50;True;False;False;False;1;33.76433226895824;0;33.76433226895824;33.76433226895824
44;61.50;15.50;False;False;True;False;828;37.50;13.50;True;False;False;False;11;27.767828788910723;2.4331347559910093;26.892503596453025;32.32157287525661
44;61.50;15.50;False;False;True;False;830;39.50;13.50;True;False;False;False;14;27.870026755062007;3.675076534665428;26.715579544680622;34.18150033215352
44;61.50;15.50;False;False;True;False;831;40.50;13.50;True;False;False;False;6;33.197332311902755;0.6362128787551599;32.55140367646163;34.71944444444307
44;61.50;15.50;False;False;True;False;832;41.50;13.50;True;False;False;False;7;35.353902671203414;5.568130272530924;33.31647669255835;39.245181193356984
44;61.50;15.50;False;False;True;False;838;47.50;13.50;True;False;False;False;7;21.484771769909198;4.012469257539697;20.038801486945886;25.84347381763928
44;61.50;15.50;False;False;True;False;840;49.50;13.50;True;False;False;False;7;21.29018404374691;2.061416143828664;20.193510528484694;24.407503596452443
44;61.50;15.50;False;False;True;False;841;50.50;13.50;True;False;False;False;11;28.863045662445476;13.667162999015503;25.870093791412728;37.1520802072821
44;61.50;15.50;False;False;True;False;842;51.50;13.50;True;False;False;False;13;33.051868206321316;106.86984588328163;26.724450030469598;63.514103636553045
44;61.50;15.50;False;False;True;False;843;52.50;13.50;True;False;False;False;10;18.383533092123415;1.3406657127071717;17.680555555556566;20.806854249489334
44;61.50;15.50;False;False;True;False;860;25.50;14.50;True;False;False;False;1;54.515090596669324;0;54.515090596669324;54.515090596669324
44;61.50;15.50;False;False;True;False;861;26.50;14.50;True;False;False;False;1;35.955000000001746;0;35.955000000001746;35.955000000001746
44;61.50;15.50;False;False;True;False;862;27.50;14.50;True;False;False;False;1;38.846214486715326;0;38.846214486715326;38.846214486715326
44;61.50;15.50;False;False;True;False;864;29.50;14.50;True;False;False;False;5;32.13359355418288;57.29874958991756;28.27499280705888;45.66325233992029
44;61.50;15.50;False;False;True;False;865;30.50;14.50;True;False;False;False;6;31.666531307279456;26.17771898761005;27.57668744197872;40.01129549921825
44;61.50;15.50;False;False;True;False;866;31.50;14.50;True;False;False;False;1;27.851392485352335;0;27.851392485352335;27.851392485352335
44;61.50;15.50;False;False;True;False;867;32.50;14.50;True;False;False;False;4;28.15868844673105;10.308044605995716;26.325649346965292;32.96732001181772
44;61.50;15.50;False;False;True;False;869;34.50;14.50;True;False;False;False;7;28.141605381773843;12.385945824637458;25.233982680303598;33.874622443064254
44;61.50;15.50;False;False;True;False;870;35.50;14.50;True;False;False;False;5;26.728204581143565;12.646385658573573;24.441301888673024;32.9825035964609
44;61.50;15.50;False;False;True;False;871;36.50;14.50;True;False;False;False;2;25.87471702838684;1.794125727818743;24.927583002016036;26.821851054757644
44;61.50;15.50;False;False;True;False;872;37.50;14.50;True;False;False;False;9;25.86798146774764;14.868556711264342;23.049350653031524;32.21388062805272
44;61.50;15.50;False;False;True;False;874;39.50;14.50;True;False;False;False;8;22.38999167644465;1.877009066435358;21.61157287525566;25.715190777560565
44;61.50;15.50;False;False;True;False;875;40.50;14.50;True;False;False;False;5;21.676663235041453;0.12358646718689516;21.162015089978013;22.03759019494646
44;61.50;15.50;False;False;True;False;876;41.50;14.50;True;False;False;False;1;20.61805276254472;0;20.61805276254472;20.61805276254472
44;61.50;15.50;False;False;True;False;877;42.50;14.50;True;False;False;False;6;20.169308673806277;0.06276380762876266;19.987702294143673;20.65750359645972
44;61.50;15.50;False;False;True;False;879;44.50;14.50;True;False;False;False;2;18.638330138598803;0.0920560508802592;18.423788708007578;18.85287156919003
44;61.50;15.50;False;False;True;False;880;45.50;14.50;True;False;False;False;4;20.85662694481698;31.31949972151177;17.698055957276665;29.220211476624172
44;61.50;15.50;False;False;True;False;881;46.50;14.50;True;False;False;False;2;17.88167385959059;2.6663170161587213;16.72704902524856;19.036298693932622
44;61.50;15.50;False;False;True;False;882;47.50;14.50;True;False;False;False;7;16.756044002465355;0.12573662100034794;16.221854249492026;17.28379509746992
44;61.50;15.50;False;False;True;False;884;49.50;14.50;True;False;False;False;4;15.62635298343639;0.1535223925727035;15.120410326853744;16.00935465121802
44;61.50;15.50;False;False;True;False;885;50.50;14.50;True;False;False;False;1;16.749819610105988;0;16.749819610105988;16.749819610105988
44;61.50;15.50;False;False;True;False;886;51.50;14.50;True;False;False;False;4;29.266019117932927;327.13822036666596;13.597500401725384;45.35888888889349
44;61.50;15.50;False;False;True;False;887;52.50;14.50;True;False;False;False;6;13.581017360579457;1.8753281424396298;12.872871569190465;16.37074313838093
44;61.50;15.50;False;False;True;False;947;24.50;16.50;True;False;False;False;1;32.2292952175485;0;32.2292952175485;32.2292952175485
44;61.50;15.50;False;False;True;False;948;25.50;16.50;True;False;False;False;1;42.88926085980711;0;42.88926085980711;42.88926085980711
44;61.50;15.50;False;False;True;False;949;26.50;16.50;True;False;False;False;1;31.158982680291956;0;31.158982680291956;31.158982680291956
44;61.50;15.50;False;False;True;False;950;27.50;16.50;True;False;False;False;1;29.759444444440305;0;29.759444444440305;29.759444444440305
44;61.50;15.50;False;False;True;False;952;29.50;16.50;True;False;False;False;3;33.059784335461394;62.85486019447927;28.183152943434834;42.20769837222542
44;61.50;15.50;False;False;True;False;953;30.50;16.50;True;False;False;False;4;41.55527268897231;111.66845139737504;27.76231601363179;53.514091590595854
44;61.50;15.50;False;False;True;False;954;31.50;16.50;True;False;False;False;1;32.44877032397562;0;32.44877032397562;32.44877032397562
44;61.50;15.50;False;False;True;False;955;32.50;16.50;True;False;False;False;5;31.112669704525977;16.865314265385177;27.235649346970604;36.277691179286194
44;61.50;15.50;False;False;True;False;957;34.50;16.50;True;False;False;False;5;27.168016998309394;21.601723149725185;24.87759738787463;35.47248440895237
44;61.50;15.50;False;False;True;False;958;35.50;16.50;True;False;False;False;3;25.204041745353663;1.268095926189651;24.195274181311106;26.418979485559248
44;61.50;15.50;False;False;True;False;959;36.50;16.50;True;False;False;False;4;26.567893016847847;19.13386343009436;23.505986979240333;32.870664517184196
44;61.50;15.50;False;False;True;False;960;37.50;16.50;True;False;False;False;9;24.42243698774089;8.98654687259402;23.030281374220067;32.34314974868539
44;61.50;15.50;False;False;True;False;962;39.50;16.50;True;False;False;False;6;23.116465451026595;8.230776248497373;21.73111510929448;28.938614707565648
44;61.50;15.50;False;False;True;False;963;40.50;16.50;True;False;False;False;5;21.775246799147133;0.22289053505008263;21.045737552369246;22.104079666447433
44;61.50;15.50;False;False;True;False;964;41.50;16.50;True;False;False;False;1;21.03593072120725;0;21.03593072120725;21.03593072120725
44;61.50;15.50;False;False;True;False;965;42.50;16.50;True;False;False;False;11;20.039492831571476;0.2180138048063922;19.4418470565779;20.723239541917792
44;61.50;15.50;False;False;True;False;967;44.50;16.50;True;False;False;False;3;18.39456949966613;0.009754190133658063;18.28361470758682;18.472871569189465
44;61.50;15.50;False;False;True;False;968;45.50;16.50;True;False;False;False;5;20.103352891252733;7.3298137578474805;18.05536797273271;24.48740980504772
44;61.50;15.50;False;False;True;False;969;46.50;16.50;True;False;False;False;2;17.30366320064752;0.0728671715686356;17.112787361987102;17.494539039307938
44;61.50;15.50;False;False;True;False;970;47.50;16.50;True;False;False;False;3;16.580357057273357;0.14799539211959395;16.34473301160483;17.024292329733726
44;61.50;15.50;False;False;True;False;972;49.50;16.50;True;False;False;False;1;16.044999999998254;0;16.044999999998254;16.044999999998254
44;61.50;15.50;False;False;True;False;974;51.50;16.50;True;False;False;False;1;13.577478822939156;0;13.577478822939156;13.577478822939156
44;61.50;15.50;False;False;True;False;975;52.50;16.50;True;False;False;False;8;15.235646104887763;14.249495971164713;12.863611512833813;22.34731601364001
44;61.50;15.50;False;False;True;False;999;32.50;17.50;True;False;False;False;8;32.88362110417688;15.950488721704406;30.227305361495382;39.58610791637693
44;61.50;15.50;False;False;True;False;1001;34.50;17.50;True;False;False;False;13;32.471976244700826;11.814932656531658;30.29787156918792;40.76862031265773
44;61.50;15.50;False;False;True;False;1002;35.50;17.50;True;False;False;False;1;42.4432395419135;0;42.4432395419135;42.4432395419135
44;61.50;15.50;False;False;True;False;1009;42.50;17.50;True;False;False;False;7;24.34972517322454;1.720699657697939;23.54909192536752;27.206389290611696
44;61.50;15.50;False;False;True;False;1011;44.50;17.50;True;False;False;False;12;24.456129416071537;1.3804003643406113;23.596097528705286;26.902128430807807
44;61.50;15.50;False;False;True;False;1012;45.50;17.50;True;False;False;False;13;30.975706327512604;12.643359342301643;29.003607514652685;39.29741699796068
44;61.50;15.50;False;False;True;False;1013;46.50;17.50;True;False;False;False;10;32.486532453173865;9.79796529005761;30.08944844263351;38.23518758281716
44;61.50;15.50;False;False;True;False;1014;47.50;17.50;True;False;False;False;3;32.980004675397446;0.5547583731659972;32.12324273665581;33.47340570635515
44;61.50;15.50;False;False;True;False;1016;49.50;17.50;True;False;False;False;2;32.879121368327105;0.729028610086501;32.27537116746316;33.48287156919105
44;61.50;15.50;False;False;True;False;1017;50.50;17.50;True;False;False;False;5;34.4774406069504;4.61762479123821;32.86182467436811;37.13583692978864
44;61.50;15.50;False;False;True;False;1018;51.50;17.50;True;False;False;False;1;33.95648627675837;0;33.95648627675837;33.95648627675837
44;61.50;15.50;False;False;True;False;1019;52.50;17.50;True;False;False;False;10;17.946805517289796;0.42291089320645026;17.075190777564785;18.863945931323542
44;61.50;15.50;False;False;True;False;1087;32.50;19.50;True;False;False;False;2;34.12982426039889;7.774845485581863;32.158169436959724;36.10147908383806
44;61.50;15.50;False;False;True;False;1089;34.50;19.50;True;False;False;False;3;32.156669332115904;0.02569849086448843;31.9717572633308;32.25648308203017
44;61.50;15.50;False;False;True;False;1090;35.50;19.50;True;False;False;False;2;36.26158166553796;0.48456228705948984;35.76936104068591;36.75380229039001
44;61.50;15.50;False;False;True;False;1097;42.50;19.50;True;False;False;False;9;26.216872191400096;0.9655691621248862;25.174999999999272;28.498496142648946
44;61.50;15.50;False;False;True;False;1099;44.50;19.50;True;False;False;False;8;25.653031986117952;0.17858602525166622;25.337292923273708;26.381760458076315
44;61.50;15.50;False;False;True;False;1100;45.50;19.50;True;False;False;False;13;29.83050724682203;1.9897990592676378;28.951979203851806;34.304906208584725
44;61.50;15.50;False;False;True;False;1101;46.50;19.50;True;False;False;False;10;33.193284331756196;23.004584558866988;30.247777777781266;43.697049025267916
44;61.50;15.50;False;False;True;False;1102;47.50;19.50;True;False;False;False;1;31.362313622350484;0;31.362313622350484;31.362313622350484
44;61.50;15.50;False;False;True;False;1104;49.50;19.50;True;False;False;False;6;33.42455293357822;11.718622688005837;31.364538235859072;40.34556833450006
44;61.50;15.50;False;False;True;False;1105;50.50;19.50;True;False;False;False;1;37.89897638909315;0;37.89897638909315;37.89897638909315
44;61.50;15.50;False;False;True;False;1107;52.50;19.50;True;False;False;False;3;20.05359782177099;0.09688127450519587;19.869170263125852;20.412965360592352
44;61.50;15.50;False;False;True;False;1139;40.50;20.50;True;False;False;False;2;32.869449638264996;0.0009068262947216816;32.84815613814499;32.890743138385005
44;61.50;15.50;False;False;True;False;1140;41.50;20.50;True;False;False;False;1;31.87048573420543;0;31.87048573420543;31.87048573420543
44;61.50;15.50;False;False;True;False;1141;42.50;20.50;True;False;False;False;2;28.990185583733762;7.67665553752798;27.03102051443409;30.949350653033434
44;61.50;15.50;False;False;True;False;1143;44.50;20.50;True;False;False;False;2;29.17032826994432;19.26197734993241;26.066944846168553;32.27371169372009
44;61.50;15.50;False;False;True;False;1144;45.50;20.50;True;False;False;False;2;30.194073276979907;0.6445374711729449;29.626386095878843;30.76176045808097
44;61.50;15.50;False;False;True;False;1146;47.50;20.50;True;False;False;False;2;28.332537282987687;0.24219221424521814;27.984548623513547;28.680525942461827
44;61.50;15.50;False;False;True;False;1148;49.50;20.50;True;False;False;False;2;27.755836929796715;4.821072626951941;26.203246734839922;29.308427124753507
44;61.50;15.50;False;False;True;False;1150;51.50;20.50;True;False;False;False;1;25.301199316490965;0;25.301199316490965;25.301199316490965
44;61.50;15.50;False;False;True;False;1151;52.50;20.50;True;False;False;False;3;22.765922488782355;5.2603953237616565;20.12694804090279;24.27842712473648
44;61.50;15.50;False;False;True;False;1227;40.50;22.50;True;False;False;False;2;32.91232160918662;0.5833905186133782;32.372233413327194;33.452409805046045
44;61.50;15.50;False;False;True;False;1229;42.50;22.50;True;False;False;False;2;31.712740074088288;6.113658488858673;29.964361040689255;33.46111910748732
44;61.50;15.50;False;False;True;False;1231;44.50;22.50;True;False;False;False;1;31.26814255577483;0;31.26814255577483;31.26814255577483
44;61.50;15.50;False;False;True;False;1233;46.50;22.50;True;False;False;False;1;28.34259338969241;0;28.34259338969241;28.34259338969241
44;61.50;15.50;False;False;True;False;1234;47.50;22.50;True;False;False;False;3;29.000059600690594;4.814109398496704;27.534619248329363;31.522604580797633
44;61.50;15.50;False;False;True;False;1236;49.50;22.50;True;False;False;False;1;26.50047161271641;0;26.50047161271641;26.50047161271641
44;61.50;15.50;False;False;True;False;1237;50.50;22.50;True;False;False;False;3;26.32891562522127;0.09585909918659849;26.088048764355335;26.678142555756494
44;61.50;15.50;False;False;True;False;1238;51.50;22.50;True;False;False;False;4;25.96369592091378;2.0984609538810113;24.80611111111193;27.976115109297098
44;61.50;15.50;False;False;True;False;1239;52.50;22.50;True;False;False;False;6;21.92919149373849;3.3800343576194436;20.734532649817993;25.64988941243064
44;61.50;15.50;False;False;True;False;1275;44.50;23.50;True;False;False;False;4;28.64194297705467;0.1444163157280717;28.147761993566746;29.057687181099936
44;61.50;15.50;False;False;True;False;1276;45.50;23.50;True;False;False;False;2;40.60228603677933;105.6245382839265;33.33508099343817;47.8694910801205
44;61.50;15.50;False;False;True;False;1283;52.50;23.50;True;False;False;False;5;23.224146389456813;0.7990297193486318;22.395923528281855;24.515376753491637
44;61.50;15.50;False;False;True;False;1361;42.50;25.50;True;False;False;False;1;29.965187582813087;0;29.965187582813087;29.965187582813087
44;61.50;15.50;False;False;True;False;1363;44.50;25.50;True;False;False;False;1;30.060793488824856;0;30.060793488824856;30.060793488824856
44;61.50;15.50;False;False;True;False;1365;46.50;25.50;True;False;False;False;4;34.30034912088104;0.07121662955177488;33.993988266312954;34.572041832318064
44;61.50;15.50;False;False;True;False;1366;47.50;25.50;True;False;False;False;1;35.566115109293605;0;35.566115109293605;35.566115109293605
44;61.50;15.50;False;False;True;False;1371;52.50;25.50;True;False;False;False;1;23.574805224241572;0;23.574805224241572;23.574805224241572
44;61.50;15.50;False;False;True;False;1412;49.50;26.50;True;False;False;False;2;30.20397588911169;0.03288727672069062;30.075743138379494;30.332208639843884
44;61.50;15.50;False;False;True;False;1413;50.50;26.50;True;False;False;False;1;29.41937462311762;0;29.41937462311762;29.41937462311762
44;61.50;15.50;False;False;True;False;1414;51.50;26.50;True;False;False;False;1;29.475475346524036;0;29.475475346524036;29.475475346524036
44;61.50;15.50;False;False;True;False;1415;52.50;26.50;True;False;False;False;6;24.40015878893175;4.117596791030188;23.25620490252399;28.428483807450903
60;61.50;21.50;False;False;True;False;315;52.50;1.50;True;False;False;False;1;34.90574633311735;0;34.90574633311735;34.90574633311735
60;61.50;21.50;False;False;True;False;358;51.50;2.50;True;False;False;False;1;40.99870530424232;0;40.99870530424232;40.99870530424232
60;61.50;21.50;False;False;True;False;447;52.50;4.50;True;False;False;False;1;42.65964241490656;0;42.65964241490656;42.65964241490656
60;61.50;21.50;False;False;True;False;491;52.50;5.50;True;False;False;False;3;28.44121209544331;2.5585446992231415;27.471309081587606;30.287416997962282
60;61.50;21.50;False;False;True;False;576;49.50;7.50;True;False;False;False;1;37.82016439722429;0;37.82016439722429;37.82016439722429
60;61.50;21.50;False;False;True;False;579;52.50;7.50;True;False;False;False;4;27.741203902972075;6.6439740908807625;25.976565682314686;31.5130591520101
60;61.50;21.50;False;False;True;False;613;42.50;8.50;True;False;False;False;1;35.85627392042079;0;35.85627392042079;35.85627392042079
60;61.50;21.50;False;False;True;False;617;46.50;8.50;True;False;False;False;1;32.33815294343731;0;32.33815294343731;32.33815294343731
60;61.50;21.50;False;False;True;False;623;52.50;8.50;True;False;False;False;2;34.15453823585358;4.857974892199263;32.59601731969633;35.71305915201083
60;61.50;21.50;False;False;True;False;705;46.50;10.50;True;False;False;False;2;33.856854249490425;1.3378278073791963;33.03898268030025;34.6747258186806
60;61.50;21.50;False;False;True;False;706;47.50;10.50;True;False;False;False;2;29.33734997915235;13.268662509098439;26.761630418612185;31.913069539692515
60;61.50;21.50;False;False;True;False;708;49.50;10.50;True;False;False;False;4;26.895058157683593;0.050129800537802756;26.636995480101177;27.106580068179028
60;61.50;21.50;False;False;True;False;710;51.50;10.50;True;False;False;False;1;28.889444444441324;0;28.889444444441324;28.889444444441324
60;61.50;21.50;False;False;True;False;711;52.50;10.50;True;False;False;False;2;28.4260060633178;0.07634921101339577;28.23062283602667;28.62138929060893
60;61.50;21.50;False;False;True;False;740;37.50;11.50;True;False;False;False;1;35.25149346972103;0;35.25149346972103;35.25149346972103
60;61.50;21.50;False;False;True;False;750;47.50;11.50;True;False;False;False;3;27.22628590230791;2.375058297739403;26.062122041337716;28.973957887807046
60;61.50;21.50;False;False;True;False;752;49.50;11.50;True;False;False;False;3;26.469796610458314;0.12743151322779636;26.106757263343752;26.82038235856271
60;61.50;21.50;False;False;True;False;753;50.50;11.50;True;False;False;False;3;32.47172812936333;6.469771560000285;30.03693765324715;35.111662668481586
60;61.50;21.50;False;False;True;False;754;51.50;11.50;True;False;False;False;6;35.34725229038046;65.81059120833783;30.87342712474492;51.643233152444736
60;61.50;21.50;False;False;True;False;755;52.50;11.50;True;False;False;False;6;27.012742197574426;32.72304190546182;23.30620490252568;38.15421977211372
60;61.50;21.50;False;False;True;False;828;37.50;13.50;True;False;False;False;1;32.25184705656284;0;32.25184705656284;32.25184705656284
60;61.50;21.50;False;False;True;False;838;47.50;13.50;True;False;False;False;5;24.949204263578075;0.28270060525508456;24.349535041122408;25.598892083624378
60;61.50;21.50;False;False;True;False;840;49.50;13.50;True;False;False;False;10;25.266771621716817;0.8207920517179804;24.704906208588;27.656129495153436
60;61.50;21.50;False;False;True;False;841;50.50;13.50;True;False;False;False;3;31.140251443164136;1.9704246822702027;30.004274442202586;32.70953504112367
60;61.50;21.50;False;False;True;False;842;51.50;13.50;True;False;False;False;7;31.329365051664418;0.20421606386791774;30.667186526598016;31.974725818676234
60;61.50;21.50;False;False;True;False;843;52.50;13.50;True;False;False;False;3;24.25598728144026;12.505929123223618;22.1738781796912;28.33917026312338
60;61.50;21.50;False;False;True;False;872;37.50;14.50;True;False;False;False;1;31.78453264982818;0;31.78453264982818;31.78453264982818
60;61.50;21.50;False;False;True;False;874;39.50;14.50;True;False;False;False;2;35.7342267430231;43.844029378183514;31.05213162554719;40.41632186049901
60;61.50;21.50;False;False;True;False;876;41.50;14.50;True;False;False;False;2;32.003070735316214;0.0096928990467005;31.933454289533984;32.072687181098445
60;61.50;21.50;False;False;True;False;877;42.50;14.50;True;False;False;False;1;31.780926723018638;0;31.780926723018638;31.780926723018638
60;61.50;21.50;False;False;True;False;879;44.50;14.50;True;False;False;False;2;29.518467630972737;0.037129105042176924;29.382215832742077;29.654719429203396
60;61.50;21.50;False;False;True;False;881;46.50;14.50;True;False;False;False;1;28.375274181318673;0;28.375274181318673;28.375274181318673
60;61.50;21.50;False;False;True;False;882;47.50;14.50;True;False;False;False;8;25.01963756259201;1.7837494658971351;23.775097789595748;27.617406610308535
60;61.50;21.50;False;False;True;False;884;49.50;14.50;True;False;False;False;4;25.625154073414166;5.148471817411525;24.09166666666715;28.96666666666681
60;61.50;21.50;False;False;True;False;885;50.50;14.50;True;False;False;False;1;25.687946192203526;0;25.687946192203526;25.687946192203526
60;61.50;21.50;False;False;True;False;887;52.50;14.50;True;False;False;False;7;24.64422938355759;0.41076225993081306;24.113340526255797;25.845187582830476
60;61.50;21.50;False;False;True;False;960;37.50;16.50;True;False;False;False;1;29.412774583030114;0;29.412774583030114;29.412774583030114
60;61.50;21.50;False;False;True;False;962;39.50;16.50;True;False;False;False;2;29.76675845898353;0.3296968811431905;29.360743138371618;30.172773779595445
60;61.50;21.50;False;False;True;False;963;40.50;16.50;True;False;False;False;1;32.240535319186165;0;32.240535319186165;32.240535319186165
60;61.50;21.50;False;False;True;False;968;45.50;16.50;True;False;False;False;1;29.141753265159423;0;29.141753265159423;29.141753265159423
60;61.50;21.50;False;False;True;False;969;46.50;16.50;True;False;False;False;1;28.712780972516157;0;28.712780972516157;28.712780972516157
60;61.50;21.50;False;False;True;False;970;47.50;16.50;True;False;False;False;3;23.459191407094295;0.044436546947889406;23.221757263338077;23.624333875922275
60;61.50;21.50;False;False;True;False;972;49.50;16.50;True;False;False;False;3;23.739718918990548;3.244099825245838;22.660285372416183;25.818986678488727
60;61.50;21.50;False;False;True;False;973;50.50;16.50;True;False;False;False;1;29.874444444445544;0;29.874444444445544;29.874444444445544
60;61.50;21.50;False;False;True;False;975;52.50;16.50;True;False;False;False;6;24.542945733688008;0.24085875840136528;24.17842712474703;25.352969358778864
60;61.50;21.50;False;False;True;False;1004;37.50;17.50;True;False;False;False;12;29.992785686265734;4.183108385583986;28.34978846618833;35.698281092583784
60;61.50;21.50;False;False;True;False;1006;39.50;17.50;True;False;False;False;16;29.758964500165405;4.337159823801794;28.341760458088174;34.820371167465964
60;61.50;21.50;False;False;True;False;1007;40.50;17.50;True;False;False;False;8;33.57186110805253;2.2054422235945688;32.39252728291467;35.637053023420776
60;61.50;21.50;False;False;True;False;1008;41.50;17.50;True;False;False;False;9;35.20093160969191;9.805331027009757;33.36305915201592;43.23286757101232
60;61.50;21.50;False;False;True;False;1009;42.50;17.50;True;False;False;False;1;34.486295499194966;0;34.486295499194966;34.486295499194966
60;61.50;21.50;False;False;True;False;1011;44.50;17.50;True;False;False;False;2;35.038375035208446;0.002903837043159314;35.00027098658393;35.076479083832965
60;61.50;21.50;False;False;True;False;1014;47.50;17.50;True;False;False;False;12;23.177097392235318;7.967297066223317;21.766673859576258;31.880944303611614
60;61.50;21.50;False;False;True;False;1016;49.50;17.50;True;False;False;False;17;23.27906606462076;2.8694491331504235;21.981111111106657;28.40786172061462
60;61.50;21.50;False;False;True;False;1017;50.50;17.50;True;False;False;False;14;28.17834248684441;36.267988059125045;25.84296536059992;48.763985875026265
60;61.50;21.50;False;False;True;False;1018;51.50;17.50;True;False;False;False;21;27.9170454368561;5.836905784075834;26.42298879167174;36.75666427538454
60;61.50;21.50;False;False;True;False;1019;52.50;17.50;True;False;False;False;6;22.337123993177745;31.875338251052558;19.342958167682582;33.60509698615624
60;61.50;21.50;False;False;True;False;1082;27.50;19.50;True;False;False;False;1;45.45997520751189;0;45.45997520751189;45.45997520751189
60;61.50;21.50;False;False;True;False;1084;29.50;19.50;True;False;False;False;1;34.73018758282706;0;34.73018758282706;34.73018758282706
60;61.50;21.50;False;False;True;False;1092;37.50;19.50;True;False;False;False;11;30.734039388396177;72.92628422029173;27.062028249916693;55.932312818901664
60;61.50;21.50;False;False;True;False;1094;39.50;19.50;True;False;False;False;8;28.29190803444862;3.740526223647132;27.00324992959213;32.897868374457175
60;61.50;21.50;False;False;True;False;1095;40.50;19.50;True;False;False;False;6;32.698357136395316;0.08236467195248677;32.34980922243267;33.05347775863629
60;61.50;21.50;False;False;True;False;1096;41.50;19.50;True;False;False;False;5;33.563212949783335;0.12011625517820648;33.12039782138527;34.07704183231908
60;61.50;21.50;False;False;True;False;1102;47.50;19.50;True;False;False;False;6;20.539660227069135;0.05228430264811914;20.273701306057774;20.81648627676259
60;61.50;21.50;False;False;True;False;1104;49.50;19.50;True;False;False;False;6;20.582808375219468;0.012298703974657838;20.406386095883136;20.6736147075718
60;61.50;21.50;False;False;True;False;1105;50.50;19.50;True;False;False;False;16;26.79703432157778;1.331723618291799;25.81223739244342;30.133333333331393
60;61.50;21.50;False;False;True;False;1106;51.50;19.50;True;False;False;False;9;27.547571218658693;1.6083076266797798;26.75740661031159;30.745742334931037
60;61.50;21.50;False;False;True;False;1107;52.50;19.50;True;False;False;False;5;19.019402555443595;3.172004027838769;17.60810630773085;22.057507594669005
60;61.50;21.50;False;False;True;False;1124;25.50;20.50;True;False;False;False;1;31.047698372225568;0;31.047698372225568;31.047698372225568
60;61.50;21.50;False;False;True;False;1125;26.50;20.50;True;False;False;False;1;30.487038637580554;0;30.487038637580554;30.487038637580554
60;61.50;21.50;False;False;True;False;1126;27.50;20.50;True;False;False;False;4;32.20249953217808;13.766757789665666;29.674525456914125;37.717312818891514
60;61.50;21.50;False;False;True;False;1128;29.50;20.50;True;False;False;False;3;32.60061808316399;23.25028681192824;29.482316013631134;38.15444444444802
60;61.50;21.50;False;False;True;False;1129;30.50;20.50;True;False;False;False;1;27.815109784163724;0;27.815109784163724;27.815109784163724
60;61.50;21.50;False;False;True;False;1130;31.50;20.50;True;False;False;False;5;29.318145750492477;10.542497715379906;27.30005863020051;34.97092672302006
60;61.50;21.50;False;False;True;False;1131;32.50;20.50;True;False;False;False;6;28.486847366976008;15.09172070569387;26.3635177214328;36.394974943073066
60;61.50;21.50;False;False;True;False;1133;34.50;20.50;True;False;False;False;6;24.970635446343294;0.023069714215168544;24.759632027270527;25.17194804090559
60;61.50;21.50;False;False;True;False;1134;35.50;20.50;True;False;False;False;5;27.97534908191392;24.44000698900073;24.218802290395615;33.8453425365733
60;61.50;21.50;False;False;True;False;1135;36.50;20.50;True;False;False;False;2;23.550911141539473;0.01622816780862141;23.46083293160882;23.640989351470125
60;61.50;21.50;False;False;True;False;1136;37.50;20.50;True;False;False;False;8;26.491453335600028;33.84105356771409;22.80277777777519;38.75655368774278
60;61.50;21.50;False;False;True;False;1138;39.50;20.50;True;False;False;False;8;21.878810688486;0.05753969914398185;21.64314974869285;22.340740747092696
60;61.50;21.50;False;False;True;False;1139;40.50;20.50;True;False;False;False;4;21.395275180881015;0.2485389861627897;20.939722623945272;22.088343721003184
60;61.50;21.50;False;False;True;False;1140;41.50;20.50;True;False;False;False;2;22.390991601042515;7.356850066913703;20.47306953968109;24.30891366240394
60;61.50;21.50;False;False;True;False;1141;42.50;20.50;True;False;False;False;6;20.46031330440465;0.5251035442738976;19.759267249271943;21.84814974868641
60;61.50;21.50;False;False;True;False;1143;44.50;20.50;True;False;False;False;1;18.86039192371527;0;18.86039192371527;18.86039192371527
60;61.50;21.50;False;False;True;False;1144;45.50;20.50;True;False;False;False;3;17.929908338407284;0.21216166915969525;17.534637613294763;18.43573594544978
60;61.50;21.50;False;False;True;False;1145;46.50;20.50;True;False;False;False;4;24.189579732100356;187.55467279875486;16.998798292215724;44.72751398411856
60;61.50;21.50;False;False;True;False;1146;47.50;20.50;True;False;False;False;9;16.784217871390915;0.2077994534141737;16.238698111319536;17.42324273665872
60;61.50;21.50;False;False;True;False;1148;49.50;20.50;True;False;False;False;6;16.237795007048287;4.267470060214937;14.821024512617441;20.357503596464085
60;61.50;21.50;False;False;True;False;1149;50.50;20.50;True;False;False;False;6;14.924892441871743;0.1953581831287146;14.390281374242477;15.427128430819721
60;61.50;21.50;False;False;True;False;1150;51.50;20.50;True;False;False;False;1;16.11398268030098;0;16.11398268030098;16.11398268030098
60;61.50;21.50;False;False;True;False;1151;52.50;20.50;True;False;False;False;5;13.525904930692013;0.09722003294127803;13.127128430807716;13.950732750719908
60;61.50;21.50;False;False;True;False;1211;24.50;22.50;True;False;False;False;1;13.856727669219254;0;13.856727669219254;13.856727669219254
60;61.50;21.50;False;False;True;False;1214;27.50;22.50;True;False;False;False;2;30.241391289715466;0.00802272866853413;30.178055957283505;30.304726622147427
60;61.50;21.50;False;False;True;False;1216;29.50;22.50;True;False;False;False;3;28.842434143740928;0.2879704890641201;28.429350653037545;29.448965903149656
60;61.50;21.50;False;False;True;False;1217;30.50;22.50;True;False;False;False;1;27.601014124963513;0;27.601014124963513;27.601014124963513
60;61.50;21.50;False;False;True;False;1219;32.50;22.50;True;False;False;False;4;30.230312884554678;21.643073499425807;26.8241702631276;36.81601012676947
60;61.50;21.50;False;False;True;False;1221;34.50;22.50;True;False;False;False;4;27.667131253158004;19.08007125080269;25.30296216586794;34.208323847386055
60;61.50;21.50;False;False;True;False;1222;35.50;22.50;True;False;False;False;3;25.20217052191765;0.5653238453199718;24.555569653459315;26.02722222221564
60;61.50;21.50;False;False;True;False;1223;36.50;22.50;True;False;False;False;4;24.20731441626441;0.05947071757174132;24.022316013639283;24.564722623945272
60;61.50;21.50;False;False;True;False;1224;37.50;22.50;True;False;False;False;6;23.771273086007835;2.102305596265175;22.8768550529428;26.67805995546496
60;61.50;21.50;False;False;True;False;1226;39.50;22.50;True;False;False;False;6;21.906697216867485;0.22795670010593294;21.438250733030145;22.719722623947746
60;61.50;21.50;False;False;True;False;1227;40.50;22.50;True;False;False;False;3;22.16619042855503;0.6996139446647487;21.497958167659817;23.104221436107764
60;61.50;21.50;False;False;True;False;1228;41.50;22.50;True;False;False;False;2;22.09221862575839;4.26376876413329;20.63212123788776;23.552316013629024
60;61.50;21.50;False;False;True;False;1229;42.50;22.50;True;False;False;False;5;19.92159291142739;0.14209024786644409;19.41944444444448;20.427409001586057
60;61.50;21.50;False;False;True;False;1231;44.50;22.50;True;False;False;False;1;18.627777777777737;0;18.627777777777737;18.627777777777737
60;61.50;21.50;False;False;True;False;1232;45.50;22.50;True;False;False;False;2;18.133756992057897;0.6626326860075327;17.558156138163667;18.709357845952127
60;61.50;21.50;False;False;True;False;1233;46.50;22.50;True;False;False;False;3;35.816169555330816;256.67803041651615;17.328738357613474;45.642290681950726
60;61.50;21.50;False;False;True;False;1234;47.50;22.50;True;False;False;False;5;16.73437708631882;0.21427441409456854;16.37074313837911;17.351895819254423
60;61.50;21.50;False;False;True;False;1237;50.50;22.50;True;False;False;False;5;20.16237244916976;152.1071021375177;14.407780972513223;42.2215704839673
60;61.50;21.50;False;False;True;False;1239;52.50;22.50;True;False;False;False;10;13.182600851984677;0.09969275183999779;12.841947237453496;13.950999739099643
60;61.50;21.50;False;False;True;False;1263;32.50;23.50;True;False;False;False;2;31.653748201765666;3.1275438167075946;30.403239541918083;32.90425686161325
60;61.50;21.50;False;False;True;False;1265;34.50;23.50;True;False;False;False;5;32.362792702377554;17.02852071336684;30.341723709098005;39.73722941514097
60;61.50;21.50;False;False;True;False;1266;35.50;23.50;True;False;False;False;1;37.79972581867696;0;37.79972581867696;37.79972581867696
60;61.50;21.50;False;False;True;False;1273;42.50;23.50;True;False;False;False;7;25.06086094178779;4.508019913262454;23.626948040905518;28.410461764142383
60;61.50;21.50;False;False;True;False;1275;44.50;23.50;True;False;False;False;7;24.05995255937517;0.16491440135606836;23.643059152018395;24.701490274944717
60;61.50;21.50;False;False;True;False;1276;45.50;23.50;True;False;False;False;11;31.670981154947487;12.618848500525981;29.11842393000552;40.46564615223542
60;61.50;21.50;False;False;True;False;1277;46.50;23.50;True;False;False;False;7;31.860257039206285;13.91255017086696;30.01685105475758;40.2626943740288
60;61.50;21.50;False;False;True;False;1278;47.50;23.50;True;False;False;False;14;32.37504555696017;4.71934933056866;30.833795097476013;38.31873435942907
60;61.50;21.50;False;False;True;False;1280;49.50;23.50;True;False;False;False;8;35.980741945107745;85.42494374058992;32.18056994139624;58.72105569456835
60;61.50;21.50;False;False;True;False;1281;50.50;23.50;True;False;False;False;9;33.7073246001629;0.8900601732227963;32.837409001595006;35.965635745564214
60;61.50;21.50;False;False;True;False;1282;51.50;23.50;True;False;False;False;5;35.00823513360774;7.374120247882115;33.49370482239465;39.84248681933241
60;61.50;21.50;False;False;True;False;1283;52.50;23.50;True;False;False;False;6;19.495561462983535;16.125291951150082;17.08836958138272;27.6156421540436
60;61.50;21.50;False;False;True;False;1351;32.50;25.50;True;False;False;False;2;34.99639248534004;18.247473128824424;31.975840124527167;38.01694484615291
60;61.50;21.50;False;False;True;False;1353;34.50;25.50;True;False;False;False;1;32.08234478533632;0;32.08234478533632;32.08234478533632
60;61.50;21.50;False;False;True;False;1354;35.50;25.50;True;False;False;False;1;36.50620490252186;0;36.50620490252186;36.50620490252186
60;61.50;21.50;False;False;True;False;1356;37.50;25.50;True;False;False;False;1;38.53046176413409;0;38.53046176413409;38.53046176413409
60;61.50;21.50;False;False;True;False;1358;39.50;25.50;True;False;False;False;1;38.63269117927484;0;38.63269117927484;38.63269117927484
60;61.50;21.50;False;False;True;False;1361;42.50;25.50;True;False;False;False;6;28.4970943551589;56.53203116368653;25.212316013635245;43.83604209320765
60;61.50;21.50;False;False;True;False;1363;44.50;25.50;True;False;False;False;5;26.163749045789245;1.8853259318977793;25.24434346011003;28.5555818978155
60;61.50;21.50;False;False;True;False;1364;45.50;25.50;True;False;False;False;2;35.22282307611647;7.8580507151521735;33.24064615223301;37.20499999999993
60;61.50;21.50;False;False;True;False;1365;46.50;25.50;True;False;False;False;4;30.467971157017246;0.376926995969625;30.02778177595974;31.37675726334055
60;61.50;21.50;False;False;True;False;1366;47.50;25.50;True;False;False;False;2;32.11394617225233;0.4605176562039598;31.634093248845602;32.59379909565905
60;61.50;21.50;False;False;True;False;1368;49.50;25.50;True;False;False;False;9;31.757245321410466;0.104149049924841;31.285137722891704;32.19166666666024
60;61.50;21.50;False;False;True;False;1369;50.50;25.50;True;False;False;False;15;35.66088160208504;8.635096444532387;32.91416626494538;41.1851161736613
60;61.50;21.50;False;False;True;False;1370;51.50;25.50;True;False;False;False;7;34.32557951401317;1.5598301892188737;33.422774583024875;37.01111111111095
60;61.50;21.50;False;False;True;False;1371;52.50;25.50;True;False;False;False;5;20.380171223453544;0.9062520338812242;19.579819610091363;21.458243540108924
60;61.50;21.50;False;False;True;False;1398;35.50;26.50;True;False;False;False;1;35.33433599275668;0;35.33433599275668;35.33433599275668
60;61.50;21.50;False;False;True;False;1399;36.50;26.50;True;False;False;False;1;34.82890008000322;0;34.82890008000322;34.82890008000322
60;61.50;21.50;False;False;True;False;1400;37.50;26.50;True;False;False;False;3;35.830991916081985;5.0615392454116455;34.488704500807216;38.42833333332965
60;61.50;21.50;False;False;True;False;1403;40.50;26.50;True;False;False;False;2;32.63810245126001;0.33475797398842966;32.2289826802953;33.04722222222472
60;61.50;21.50;False;False;True;False;1404;41.50;26.50;True;False;False;False;1;32.42490301384714;0;32.42490301384714;32.42490301384714
60;61.50;21.50;False;False;True;False;1405;42.50;26.50;True;False;False;False;1;31.624350653031797;0;31.624350653031797;31.624350653031797
60;61.50;21.50;False;False;True;False;1407;44.50;26.50;True;False;False;False;2;27.756756058163774;7.435470529207297;25.828613100651637;29.68489901567591
60;61.50;21.50;False;False;True;False;1408;45.50;26.50;True;False;False;False;2;28.965470812195235;0.006544501412254972;28.908267222219365;29.022674402171106
60;61.50;21.50;False;False;True;False;1409;46.50;26.50;True;False;False;False;2;28.665369971821292;0.28417663687830363;28.28842393000741;29.042316013635173
60;61.50;21.50;False;False;True;False;1410;47.50;26.50;True;False;False;False;3;27.922377476332183;0.031466999521439304;27.720458569410766;28.053145750503973
60;61.50;21.50;False;False;True;False;1412;49.50;26.50;True;False;False;False;9;26.880215764325385;0.17169952700830182;26.17777777777519;27.27700636420741
60;61.50;21.50;False;False;True;False;1414;51.50;26.50;True;False;False;False;4;25.52014275819664;0.07195674467827202;25.273050891169987;25.787370914686107
60;61.50;21.50;False;False;True;False;1415;52.50;26.50;True;False;False;False;2;19.510871698770643;0.025704653245733768;19.397503596454044;19.624239801087242
76;0.50;6.50;False;True;False;False;273;10.50;1.50;True;False;False;False;1;25.00157606997891;0;25.00157606997891;25.00157606997891
76;0.50;6.50;False;True;False;False;274;11.50;1.50;True;False;False;False;2;26.688427124739974;0.002953287832457715;26.64999999999418;26.72685424948577
76;0.50;6.50;False;True;False;False;275;12.50;1.50;True;False;False;False;3;26.653609824161776;0.24857069953575597;26.36099228183184;27.229280831645156
76;0.50;6.50;False;True;False;False;277;14.50;1.50;True;False;False;False;1;27.67315294342825;0;27.67315294342825;27.67315294342825
76;0.50;6.50;False;True;False;False;278;15.50;1.50;True;False;False;False;2;28.581895951369006;0.06644260521794298;28.39962883253247;28.76416307020554
76;0.50;6.50;False;True;False;False;316;9.50;2.50;True;False;False;False;1;19.55971942920587;0;19.55971942920587;19.55971942920587
76;0.50;6.50;False;True;False;False;319;12.50;2.50;True;False;False;False;1;31.717316013631716;0;31.717316013631716;31.717316013631716
76;0.50;6.50;False;True;False;False;324;17.50;2.50;True;False;False;False;1;26.00194084798568;0;26.00194084798568;26.00194084798568
76;0.50;6.50;False;True;False;False;326;19.50;2.50;True;False;False;False;2;25.54184986864584;0.20409510394584165;25.222401043365608;25.861298693926074
76;0.50;6.50;False;True;False;False;412;17.50;4.50;True;False;False;False;5;23.99922669866164;0.16128706605862225;23.65814974868772;24.6795702022755
76;0.50;6.50;False;True;False;False;414;19.50;4.50;True;False;False;False;1;23.640356800690824;0;23.640356800690824;23.640356800690824
76;0.50;6.50;False;True;False;False;449;10.50;5.50;True;False;False;False;3;14.063259098005611;0.12847307100949815;13.755420251516625;14.456760458077042
76;0.50;6.50;False;True;False;False;450;11.50;5.50;True;False;False;False;4;14.995950572592392;0.22079073231556798;14.362409805047719;15.354725818673614
76;0.50;6.50;False;True;False;False;453;14.50;5.50;True;False;False;False;3;16.827407675223792;0.004457461688125641;16.760093791413055;16.893608318099723
76;0.50;6.50;False;True;False;False;454;15.50;5.50;True;False;False;False;1;17.123974419464503;0;17.123974419464503;17.123974419464503
76;0.50;6.50;False;True;False;False;455;16.50;5.50;True;False;False;False;3;18.650055334686538;0.05382873673618997;18.4028427975054;18.86306634493849
76;0.50;6.50;False;True;False;False;458;19.50;5.50;True;False;False;False;2;20.142872764829917;0.6005294521704158;19.594908599865448;20.690836929794386
76;0.50;6.50;False;True;False;False;459;20.50;5.50;True;False;False;False;4;24.799746669624028;67.79450068423215;20.376211292012158;37.13472262394953
76;0.50;6.50;False;True;False;False;461;22.50;5.50;True;False;False;False;1;21.929691999910574;0;21.929691999910574;21.929691999910574
76;0.50;6.50;False;True;False;False;464;25.50;5.50;True;False;False;False;1;23.614999999994325;0;23.614999999994325;23.614999999994325
76;0.50;6.50;False;True;False;False;465;26.50;5.50;True;False;False;False;3;24.597688781640198;0.040026137663948524;24.462409805046264;24.827503596459792
76;0.50;6.50;False;True;False;False;536;9.50;7.50;True;False;False;False;1;13.564076471714486;0;13.564076471714486;13.564076471714486
76;0.50;6.50;False;True;False;False;538;11.50;7.50;True;False;False;False;2;14.941865459571318;0.38816427037375334;14.50131791935928;15.382412999783355
76;0.50;6.50;False;True;False;False;542;15.50;7.50;True;False;False;False;2;19.58245550511174;7.819176872984772;17.605187582827966;21.55972342739551
76;0.50;6.50;False;True;False;False;543;16.50;7.50;True;False;False;False;3;17.91241539741956;0.015459340238240754;17.770471348343563;18.00204902524274
76;0.50;6.50;False;True;False;False;544;17.50;7.50;True;False;False;False;1;18.49333333333334;0;18.49333333333334;18.49333333333334
76;0.50;6.50;False;True;False;False;546;19.50;7.50;True;False;False;False;2;20.0924547016607;0.054601433048396944;19.92722541695548;20.25768398636592
76;0.50;6.50;False;True;False;False;547;20.50;7.50;True;False;False;False;7;21.18253865497848;3.731876816437579;20.33111111111066;25.557503596464812
76;0.50;6.50;False;True;False;False;548;21.50;7.50;True;False;False;False;4;21.26536497885718;0.03768961346717729;21.01093072121148;21.470274181305285
76;0.50;6.50;False;True;False;False;549;22.50;7.50;True;False;False;False;1;22.61908366464195;0;22.61908366464195;22.61908366464195
76;0.50;6.50;False;True;False;False;551;24.50;7.50;True;False;False;False;3;23.01203863758322;0.010412120802384031;22.917312818899518;23.120084207203035
76;0.50;6.50;False;True;False;False;552;25.50;7.50;True;False;False;False;5;23.90661579048119;0.06344026748335513;23.702777777778465;24.341301888671296
76;0.50;6.50;False;True;False;False;580;9.50;8.50;True;False;False;False;2;18.221479485565624;0.23157358372812178;17.881204902524132;18.561754068607115
76;0.50;6.50;False;True;False;False;583;12.50;8.50;True;False;False;False;1;20.36627273045633;0;20.36627273045633;20.36627273045633
76;0.50;6.50;False;True;False;False;585;14.50;8.50;True;False;False;False;2;20.649868103167478;0.034309014463430425;20.51889288707025;20.780843319264704
76;0.50;6.50;False;True;False;False;669;10.50;10.50;True;False;False;False;3;26.965089156771075;0.2235150566102444;26.438503014044727;27.353063150198068
76;0.50;6.50;False;True;False;False;671;12.50;10.50;True;False;False;False;2;22.056121630993403;0.003012247792220417;22.01731281889988;22.094930443086923
76;0.50;6.50;False;True;False;False;713;10.50;11.50;True;False;False;False;1;25.334725818680454;0;25.334725818680454;25.334725818680454
76;0.50;6.50;False;True;False;False;802;11.50;13.50;True;False;False;False;1;25.69947671781847;0;25.69947671781847;25.69947671781847
76;0.50;6.50;False;True;False;False;803;12.50;13.50;True;False;False;False;1;24.468819067524237;0;24.468819067524237;24.468819067524237
76;0.50;6.50;False;True;False;False;805;14.50;13.50;True;False;False;False;2;23.868520916155376;0.05824239924357062;23.697871569183917;24.039170263126834
92;0.50;12.50;False;True;False;False;538;11.50;7.50;True;False;False;False;1;26.05584412272583;0;26.05584412272583;26.05584412272583
92;0.50;12.50;False;True;False;False;590;19.50;8.50;True;False;False;False;3;25.681849454210653;0.06714484486735114;25.409264054540472;25.92499600181145
92;0.50;12.50;False;True;False;False;668;9.50;10.50;True;False;False;False;2;18.286403130771987;0.11957156120723075;18.04189182100572;18.530914440538254
92;0.50;12.50;False;True;False;False;675;16.50;10.50;True;False;False;False;1;30.235274181318346;0;30.235274181318346;30.235274181318346
92;0.50;12.50;False;True;False;False;676;17.50;10.50;True;False;False;False;1;24.444444444442524;0;24.444444444442524;24.444444444442524
92;0.50;12.50;False;True;False;False;678;19.50;10.50;True;False;False;False;5;23.915761157526504;0.025183829353592754;23.754076471723238;24.174170263124324
92;0.50;12.50;False;True;False;False;713;10.50;11.50;True;False;False;False;1;13.499441249703523;0;13.499441249703523;13.499441249703523
92;0.50;12.50;False;True;False;False;714;11.50;11.50;True;False;False;False;1;15.230926723019365;0;15.230926723019365;15.230926723019365
92;0.50;12.50;False;True;False;False;719;16.50;11.50;True;False;False;False;3;18.18481481481528;0.21844276114726727;17.776757263345644;18.69471862575847
92;0.50;12.50;False;True;False;False;722;19.50;11.50;True;False;False;False;5;23.23974457696495;42.325525989485705;19.757416997985274;34.85518758281614
92;0.50;12.50;False;True;False;False;723;20.50;11.50;True;False;False;False;3;20.876822985688097;0.17393752317090938;20.4299094033222;21.255646152234476
92;0.50;12.50;False;True;False;False;724;21.50;11.50;True;False;False;False;3;21.38291214939515;0.0609322838484645;21.103982680295303;21.573180892637538
92;0.50;12.50;False;True;False;False;725;22.50;11.50;True;False;False;False;3;21.79759951769726;0.02545438942283643;21.66046176414784;21.972701566941396
92;0.50;12.50;False;True;False;False;727;24.50;11.50;True;False;False;False;3;23.315143801542945;0.08360796974582994;23.072024251754556;23.634889431454212
92;0.50;12.50;False;True;False;False;728;25.50;11.50;True;False;False;False;1;23.663885694160854;0;23.663885694160854;23.663885694160854
92;0.50;12.50;False;True;False;False;729;26.50;11.50;True;False;False;False;2;24.52560604772225;0.06718519973253669;24.342323206555193;24.708888888889305
92;0.50;12.50;False;True;False;False;730;27.50;11.50;True;False;False;False;1;25.838582457721714;0;25.838582457721714;25.838582457721714
92;0.50;12.50;False;True;False;False;800;9.50;13.50;True;False;False;False;2;13.879962958044985;0.04588503928085958;13.72849507484716;14.031430841242809
92;0.50;12.50;False;True;False;False;802;11.50;13.50;True;False;False;False;2;15.047489612344577;0.01367315033710506;14.9648060277068;15.130173196982355
92;0.50;12.50;False;True;False;False;803;12.50;13.50;True;False;False;False;2;15.504630429899407;0.2136653123965119;15.177777777778829;15.831483082019986
92;0.50;12.50;False;True;False;False;805;14.50;13.50;True;False;False;False;2;16.780185985455205;0.3907920692306059;16.33814974868801;17.2222222222224
92;0.50;12.50;False;True;False;False;806;15.50;13.50;True;False;False;False;1;17.402406610312028;0;17.402406610312028;17.402406610312028
92;0.50;12.50;False;True;False;False;807;16.50;13.50;True;False;False;False;2;18.242946182635933;0.4770846449791437;17.75453823584394;18.731354129427928
92;0.50;12.50;False;True;False;False;808;17.50;13.50;True;False;False;False;1;18.325093791416293;0;18.325093791416293;18.325093791416293
92;0.50;12.50;False;True;False;False;810;19.50;13.50;True;False;False;False;1;19.881568111757588;0;19.881568111757588;19.881568111757588
92;0.50;12.50;False;True;False;False;811;20.50;13.50;True;False;False;False;5;21.002667290364478;0.32991004293234993;20.42675645989948;21.701479083854792
92;0.50;12.50;False;True;False;False;812;21.50;13.50;True;False;False;False;9;21.236247303766003;0.1778491667351013;20.79175645990108;22.03582415087294
92;0.50;12.50;False;True;False;False;813;22.50;13.50;True;False;False;False;4;21.86067553128214;0.026534593549390917;21.75342712474412;22.100386111493208
92;0.50;12.50;False;True;False;False;815;24.50;13.50;True;False;False;False;1;23.133333333332757;0;23.133333333332757;23.133333333332757
92;0.50;12.50;False;True;False;False;816;25.50;13.50;True;False;False;False;1;24.40447482298623;0;24.40447482298623;24.40447482298623
92;0.50;12.50;False;True;False;False;817;26.50;13.50;True;False;False;False;1;24.27805595727841;0;24.27805595727841;24.27805595727841
92;0.50;12.50;False;True;False;False;844;9.50;14.50;True;False;False;False;1;18.448795097476363;0;18.448795097476363;18.448795097476363
92;0.50;12.50;False;True;False;False;845;10.50;14.50;True;False;False;False;2;27.175037713226402;0.39102744829677455;26.732868374456302;27.617207051996502
92;0.50;12.50;False;True;False;False;846;11.50;14.50;True;False;False;False;2;26.650491260283843;0.14248419728761325;26.38357910498962;26.917403415578065
92;0.50;12.50;False;True;False;False;847;12.50;14.50;True;False;False;False;2;20.96602891251632;0.32221837102988465;20.564644825244613;21.36741299978803
92;0.50;12.50;False;True;False;False;849;14.50;14.50;True;False;False;False;2;20.436776441300026;0.03864125692394702;20.297777777774172;20.57577510482588
92;0.50;12.50;False;True;False;False;935;12.50;16.50;True;False;False;False;2;22.025094193129917;0.0010544852249940138;22.00213242898826;22.048055957271572
92;0.50;12.50;False;True;False;False;937;14.50;16.50;True;False;False;False;2;22.607965360603316;0.6013388888877951;22.05963202727048;23.15629869393615
92;0.50;12.50;False;True;False;False;979;12.50;17.50;True;False;False;False;1;23.07507010495101;0;23.07507010495101;23.07507010495101
92;0.50;12.50;False;True;False;False;1065;10.50;19.50;True;False;False;False;1;25.45147908384388;0;25.45147908384388;25.45147908384388
92;0.50;12.50;False;True;False;False;1066;11.50;19.50;True;False;False;False;1;25.62453504111545;0;25.62453504111545;25.62453504111545
92;0.50;12.50;False;True;False;False;1069;14.50;19.50;True;False;False;False;1;24.175470024976676;0;24.175470024976676;24.175470024976676
92;0.50;12.50;False;True;False;False;1111;12.50;20.50;True;False;False;False;1;25.122938980170147;0;25.122938980170147;25.122938980170147
108;0.50;18.50;False;True;False;False;536;9.50;7.50;True;False;False;False;1;23.115033837671945;0;23.115033837671945;23.115033837671945
108;0.50;18.50;False;True;False;False;714;11.50;11.50;True;False;False;False;1;25.361205705974953;0;25.361205705974953;25.361205705974953
108;0.50;18.50;False;True;False;False;802;11.50;13.50;True;False;False;False;1;26.075533135372098;0;26.075533135372098;26.075533135372098
108;0.50;18.50;False;True;False;False;803;12.50;13.50;True;False;False;False;2;26.64037316655549;0.17046498266366591;26.34842712473983;26.932319208371155
108;0.50;18.50;False;True;False;False;810;19.50;13.50;True;False;False;False;1;27.191760458081262;0;27.191760458081262;27.191760458081262
108;0.50;18.50;False;True;False;False;851;16.50;14.50;True;False;False;False;1;29.819666308727392;0;29.819666308727392;29.819666308727392
108;0.50;18.50;False;True;False;False;852;17.50;14.50;True;False;False;False;2;25.81463362463728;0.38168606187391696;25.37777777777592;26.251489471498644
108;0.50;18.50;False;True;False;False;854;19.50;14.50;True;False;False;False;3;25.916944782662842;0.2553270172812667;25.350461764137435;26.32122248309588
108;0.50;18.50;False;True;False;False;939;16.50;16.50;True;False;False;False;1;29.90462483434021;0;29.90462483434021;29.90462483434021
108;0.50;18.50;False;True;False;False;940;17.50;16.50;True;False;False;False;4;23.958534172464624;0.35683089097535925;23.425833735056585;24.74684066709233
108;0.50;18.50;False;True;False;False;942;19.50;16.50;True;False;False;False;1;23.448322945667314;0;23.448322945667314;23.448322945667314
108;0.50;18.50;False;True;False;False;976;9.50;17.50;True;False;False;False;1;13.396565682332039;0;13.396565682332039;13.396565682332039
108;0.50;18.50;False;True;False;False;981;14.50;17.50;True;False;False;False;1;16.31894750007382;0;16.31894750007382;16.31894750007382
108;0.50;18.50;False;True;False;False;982;15.50;17.50;True;False;False;False;1;17.057503596464812;0;17.057503596464812;17.057503596464812
108;0.50;18.50;False;True;False;False;983;16.50;17.50;True;False;False;False;2;18.146497066146253;1.555221358752356E-05;18.143708498988417;18.14928563330409
108;0.50;18.50;False;True;False;False;986;19.50;17.50;True;False;False;False;2;19.666067811866014;0.022537517681417648;19.559913401497397;19.77222222223463
108;0.50;18.50;False;True;False;False;987;20.50;17.50;True;False;False;False;3;21.046110849649875;0.009096966391184184;20.951293107907986;21.14203944104156
108;0.50;18.50;False;True;False;False;988;21.50;17.50;True;False;False;False;5;21.240747985262168;0.08420994248662096;20.85760377734823;21.530111636358924
108;0.50;18.50;False;True;False;False;989;22.50;17.50;True;False;False;False;4;26.074247986193313;67.25189022989849;21.55088810277357;38.354675468290225
108;0.50;18.50;False;True;False;False;991;24.50;17.50;True;False;False;False;7;23.84253405265073;2.9437969137693654;22.98296216586732;27.677045027048734
108;0.50;18.50;False;True;False;False;992;25.50;17.50;True;False;False;False;4;23.771321543967133;0.021688938869538002;23.564542234043984;23.891764456262536
108;0.50;18.50;False;True;False;False;993;26.50;17.50;True;False;False;False;4;24.59418499379626;0.08903433381896773;24.33362190050684;24.978091902812594
108;0.50;18.50;False;True;False;False;1065;10.50;19.50;True;False;False;False;1;14.101957625109208;0;14.101957625109208;14.101957625109208
108;0.50;18.50;False;True;False;False;1066;11.50;19.50;True;False;False;False;1;14.923097507909688;0;14.923097507909688;14.923097507909688
108;0.50;18.50;False;True;False;False;1067;12.50;19.50;True;False;False;False;4;15.217398485081105;0.071189619738717;14.903121245966759;15.553333333333512
108;0.50;18.50;False;True;False;False;1074;19.50;19.50;True;False;False;False;3;19.943634953606914;0.13737919335843;19.70990620858356;20.37099465405572
108;0.50;18.50;False;True;False;False;1075;20.50;19.50;True;False;False;False;1;20.43901892834765;0;20.43901892834765;20.43901892834765
108;0.50;18.50;False;True;False;False;1076;21.50;19.50;True;False;False;False;2;21.18632225704323;0.019257181237602766;21.088196874909954;21.284447639176506
108;0.50;18.50;False;True;False;False;1077;22.50;19.50;True;False;False;False;2;23.285607243364666;3.529644004939208;21.957141209749352;24.61407327697998
108;0.50;18.50;False;True;False;False;1079;24.50;19.50;True;False;False;False;1;22.76778816542719;0;22.76778816542719;22.76778816542719
108;0.50;18.50;False;True;False;False;1080;25.50;19.50;True;False;False;False;4;23.72041266848146;0.06542760691999774;23.380555555553656;24.000084991603217
108;0.50;18.50;False;True;False;False;1081;26.50;19.50;True;False;False;False;3;24.481667731570877;0.02141447556496784;24.369920594421274;24.647308820702165
108;0.50;18.50;False;True;False;False;1109;10.50;20.50;True;False;False;False;2;27.90204302795746;2.6680444761179176;26.747044223603552;29.05704183231137
108;0.50;18.50;False;True;False;False;1110;11.50;20.50;True;False;False;False;2;25.9331228058345;9.188148048177527E-06;25.930979426721024;25.935266184947977
108;0.50;18.50;False;True;False;False;1111;12.50;20.50;True;False;False;False;2;20.606015722334632;0.036802357396411176;20.470364778002477;20.741666666666788
108;0.50;18.50;False;True;False;False;1113;14.50;20.50;True;False;False;False;2;20.84027474827417;0.06520078808870576;20.659718956219876;21.02083054032846
108;0.50;18.50;False;True;False;False;1197;10.50;22.50;True;False;False;False;1;26.88925846850907;0;26.88925846850907;26.88925846850907
108;0.50;18.50;False;True;False;False;1198;11.50;22.50;True;False;False;False;3;26.187010829959338;0.29585853658940775;25.80314575049124;26.809459614640218
108;0.50;18.50;False;True;False;False;1240;9.50;23.50;True;False;False;False;1;24.743986678488;0;24.743986678488;24.743986678488
108;0.50;18.50;False;True;False;False;1241;10.50;23.50;True;False;False;False;1;25.17089957729968;0;25.17089957729968;25.17089957729968
108;0.50;18.50;False;True;False;False;1245;14.50;23.50;True;False;False;False;1;22.846661837156717;0;22.846661837156717;22.846661837156717
108;0.50;18.50;False;True;False;False;1328;9.50;25.50;True;False;False;False;1;25.197683986370976;0;25.197683986370976;25.197683986370976
108;0.50;18.50;False;True;False;False;1377;14.50;26.50;True;False;False;False;1;24.491295499199623;0;24.491295499199623;24.491295499199623
124;0.50;24.50;False;True;False;False;713;10.50;11.50;True;False;False;False;1;29.154535041121562;0;29.154535041121562;29.154535041121562
124;0.50;24.50;False;True;False;False;852;17.50;14.50;True;False;False;False;1;30.094163070206378;0;30.094163070206378;30.094163070206378
124;0.50;24.50;False;True;False;False;976;9.50;17.50;True;False;False;False;1;20.420274181306013;0;20.420274181306013;20.420274181306013
124;0.50;24.50;False;True;False;False;977;10.50;17.50;True;False;False;False;1;25.908520916156704;0;25.908520916156704;25.908520916156704
124;0.50;24.50;False;True;False;False;1065;10.50;19.50;True;False;False;False;1;25.86268718109568;0;25.86268718109568;25.86268718109568
124;0.50;24.50;False;True;False;False;1069;14.50;19.50;True;False;False;False;1;28.561479887284804;0;28.561479887284804;28.561479887284804
124;0.50;24.50;False;True;False;False;1074;19.50;19.50;True;False;False;False;1;26.534441249707015;0;26.534441249707015;26.534441249707015
124;0.50;24.50;False;True;False;False;1115;16.50;20.50;True;False;False;False;1;29.84212762736388;0;29.84212762736388;29.84212762736388
124;0.50;24.50;False;True;False;False;1116;17.50;20.50;True;False;False;False;4;25.68194216885263;0.2929360462382179;25.205555555556202;26.41463922019466
124;0.50;24.50;False;True;False;False;1118;19.50;20.50;True;False;False;False;2;25.888613110207643;0.7566591172088165;25.273528109086328;26.50369811132896
124;0.50;24.50;False;True;False;False;1196;9.50;22.50;True;False;False;False;1;17.992399417390857;0;17.992399417390857;17.992399417390857
124;0.50;24.50;False;True;False;False;1202;15.50;22.50;True;False;False;False;1;29.97255849751491;0;29.97255849751491;29.97255849751491
124;0.50;24.50;False;True;False;False;1204;17.50;22.50;True;False;False;False;1;23.974447639178834;0;23.974447639178834;23.974447639178834
124;0.50;24.50;False;True;False;False;1206;19.50;22.50;True;False;False;False;3;23.81494253549575;0.04058586768930773;23.631511050261906;24.030555555556475
124;0.50;24.50;False;True;False;False;1240;9.50;23.50;True;False;False;False;1;13.480288567136085;0;13.480288567136085;13.480288567136085
124;0.50;24.50;False;True;False;False;1241;10.50;23.50;True;False;False;False;1;13.93203463939642;0;13.93203463939642;13.93203463939642
124;0.50;24.50;False;True;False;False;1242;11.50;23.50;True;False;False;False;2;14.741158006812839;0.19641433590337737;14.42777777777519;15.054538235850487
124;0.50;24.50;False;True;False;False;1245;14.50;23.50;True;False;False;False;2;16.22768758282473;0.0703125;16.04018758282473;16.41518758282473
124;0.50;24.50;False;True;False;False;1250;19.50;23.50;True;False;False;False;4;20.16781868096905;0.3254766906433148;19.493333333315604;20.867067409268202
124;0.50;24.50;False;True;False;False;1251;20.50;23.50;True;False;False;False;4;20.56904729724056;0.23628182653419946;20.13611111110731;21.264625637799327
124;0.50;24.50;False;True;False;False;1252;21.50;23.50;True;False;False;False;2;21.491289903631696;0.09380623680249939;21.27471862575476;21.707861181508633
124;0.50;24.50;False;True;False;False;1253;22.50;23.50;True;False;False;False;1;21.92471223628945;0;21.92471223628945;21.92471223628945
124;0.50;24.50;False;True;False;False;1255;24.50;23.50;True;False;False;False;3;23.622111285037438;0.16239752445332312;23.30768398636428;24.076392485345423
124;0.50;24.50;False;True;False;False;1256;25.50;23.50;True;False;False;False;4;23.97525792638544;0.07990068013503707;23.750187582823855;24.350930721198893
124;0.50;24.50;False;True;False;False;1257;26.50;23.50;True;False;False;False;3;24.693085888359747;0.08941994819064017;24.38398906978182;24.98091713881513
124;0.50;24.50;False;True;False;False;1258;27.50;23.50;True;False;False;False;7;25.58735712273561;0.08504313624020601;25.16055555555795;26.032691179283574
124;0.50;24.50;False;True;False;False;1260;29.50;23.50;True;False;False;False;3;26.73336093429619;0.13180598549761768;26.500527274401975;27.15168395929868
124;0.50;24.50;False;True;False;False;1261;30.50;23.50;True;False;False;False;1;27.138893690527766;0;27.138893690527766;27.138893690527766
124;0.50;24.50;False;True;False;False;1329;10.50;25.50;True;False;False;False;4;14.246631496049247;0.171632449135315;13.768702109518927;14.779585675150884
124;0.50;24.50;False;True;False;False;1330;11.50;25.50;True;False;False;False;5;14.782105625247869;0.25692298085994714;14.311077292339178;15.36176045807224
124;0.50;24.50;False;True;False;False;1333;14.50;25.50;True;False;False;False;1;17.38350653031739;0;17.38350653031739;17.38350653031739
124;0.50;24.50;False;True;False;False;1335;16.50;25.50;True;False;False;False;3;17.733516917957786;0.050161504215040904;17.475082600265523;17.87111750058193
124;0.50;24.50;False;True;False;False;1340;21.50;25.50;True;False;False;False;2;21.429252069510767;0.44022497518439485;20.96009059667631;21.898413542345224
124;0.50;24.50;False;True;False;False;1341;22.50;25.50;True;False;False;False;1;21.739813220629003;0;21.739813220629003;21.739813220629003
124;0.50;24.50;False;True;False;False;1343;24.50;25.50;True;False;False;False;3;23.1179608331416;0.07771037989463514;22.83472581868773;23.392031444655004
124;0.50;24.50;False;True;False;False;1344;25.50;25.50;True;False;False;False;3;23.91358371158367;0.12558755733824192;23.67102851080108;24.320278179500747
124;0.50;24.50;False;True;False;False;1345;26.50;25.50;True;False;False;False;1;24.312128430807206;0;24.312128430807206;24.312128430807206
124;0.50;24.50;False;True;False;False;1346;27.50;25.50;True;False;False;False;3;25.98932205467948;0.048081099874396696;25.739538235857253;26.15009059667136
124;0.50;24.50;False;True;False;False;1372;9.50;26.50;True;False;False;False;2;17.79747588823875;0.014789525438651538;17.71148308203192;17.883468694445583
124;0.50;24.50;False;True;False;False;1373;10.50;26.50;True;False;False;False;3;26.80862482106689;0.0018799747036967946;26.75888888888585;26.83846546161476
124;0.50;24.50;False;True;False;False;1374;11.50;26.50;True;False;False;False;1;27.21694804089566;0;27.21694804089566;27.21694804089566
124;0.50;24.50;False;True;False;False;1377;14.50;26.50;True;False;False;False;1;20.381760458079043;0;20.381760458079043;20.381760458079043
273;10.50;1.50;True;False;False;False;44;61.50;15.50;False;False;True;False;1;208.2098140240596;0;208.2098140240596;208.2098140240596
273;10.50;1.50;True;False;False;False;559;32.50;7.50;True;False;False;False;1;25.516955233826593;0;25.516955233826593;25.516955233826593
274;11.50;1.50;True;False;False;False;12;61.50;3.50;False;False;True;False;1;86.18639648352837;0;86.18639648352837;86.18639648352837
274;11.50;1.50;True;False;False;False;60;61.50;21.50;False;False;True;False;1;66.02721902747362;0;66.02721902747362;66.02721902747362
274;11.50;1.50;True;False;False;False;753;50.50;11.50;True;False;False;False;1;55.39555555554762;0;55.39555555554762;55.39555555554762
274;11.50;1.50;True;False;False;False;1365;46.50;25.50;True;False;False;False;1;46.03963202727027;0;46.03963202727027;46.03963202727027
275;12.50;1.50;True;False;False;False;28;61.50;9.50;False;False;True;False;1;100.5686482618039;0;100.5686482618039;100.5686482618039
275;12.50;1.50;True;False;False;False;60;61.50;21.50;False;False;True;False;1;99.15695203908399;0;99.15695203908399;99.15695203908399
275;12.50;1.50;True;False;False;False;874;39.50;14.50;True;False;False;False;1;49.753436708931986;0;49.753436708931986;49.753436708931986
275;12.50;1.50;True;False;False;False;879;44.50;14.50;True;False;False;False;1;54.82483506375229;0;54.82483506375229;54.82483506375229
275;12.50;1.50;True;False;False;False;1017;50.50;17.50;True;False;False;False;1;43.31926405453123;0;43.31926405453123;43.31926405453123
277;14.50;1.50;True;False;False;False;453;14.50;5.50;True;False;False;False;1;6.151204902522295;0;6.151204902522295;6.151204902522295
278;15.50;1.50;True;False;False;False;28;61.50;9.50;False;False;True;False;1;55.31769678436831;0;55.31769678436831;55.31769678436831
278;15.50;1.50;True;False;False;False;76;0.50;6.50;False;True;False;False;1;565.9024154101344;0;565.9024154101344;565.9024154101344
278;15.50;1.50;True;False;False;False;708;49.50;10.50;True;False;False;False;1;35.89740261212228;0;35.89740261212228;35.89740261212228
278;15.50;1.50;True;False;False;False;1237;50.50;22.50;True;False;False;False;1;44.744083664631034;0;44.744083664631034;44.744083664631034
279;16.50;1.50;True;False;False;False;12;61.50;3.50;False;False;True;False;1;122.02056994139639;0;122.02056994139639;122.02056994139639
282;19.50;1.50;True;False;False;False;44;61.50;15.50;False;False;True;False;1;93.95398268029021;0;93.95398268029021;93.95398268029021
283;20.50;1.50;True;False;False;False;60;61.50;21.50;False;False;True;False;1;115.63343431766043;0;115.63343431766043;115.63343431766043
287;24.50;1.50;True;False;False;False;60;61.50;21.50;False;False;True;False;1;106.45491340151148;0;106.45491340151148;106.45491340151148
290;27.50;1.50;True;False;False;False;28;61.50;9.50;False;False;True;False;1;135.96351452668205;0;135.96351452668205;135.96351452668205
290;27.50;1.50;True;False;False;False;92;0.50;12.50;False;True;False;False;1;285.45603970189404;0;285.45603970189404;285.45603970189404
290;27.50;1.50;True;False;False;False;820;29.50;13.50;True;False;False;False;1;17.005471348344145;0;17.005471348344145;17.005471348344145
290;27.50;1.50;True;False;False;False;822;31.50;13.50;True;False;False;False;1;18.125923528288695;0;18.125923528288695;18.125923528288695
292;29.50;1.50;True;False;False;False;12;61.50;3.50;False;False;True;False;2;124.98122607955975;1221.921414478243;100.26360671119983;149.69884544791967
292;29.50;1.50;True;False;False;False;44;61.50;15.50;False;False;True;False;1;55.744086859358504;0;55.744086859358504;55.744086859358504
292;29.50;1.50;True;False;False;False;76;0.50;6.50;False;True;False;False;1;604.3278269572293;0;604.3278269572293;604.3278269572293
292;29.50;1.50;True;False;False;False;108;0.50;18.50;False;True;False;False;2;564.5216463026259;441.8917175672827;549.6573986330113;579.3858939722404
292;29.50;1.50;True;False;False;False;315;52.50;1.50;True;False;False;False;1;19.21940287468533;0;19.21940287468533;19.21940287468533
292;29.50;1.50;True;False;False;False;412;17.50;4.50;True;False;False;False;1;18.02572236306878;0;18.02572236306878;18.02572236306878
292;29.50;1.50;True;False;False;False;733;30.50;11.50;True;False;False;False;1;13.12027817950002;0;13.12027817950002;13.12027817950002
292;29.50;1.50;True;False;False;False;821;30.50;13.50;True;False;False;False;2;15.07715559036842;0.11673806628743395;14.835558750273776;15.318752430463064
292;29.50;1.50;True;False;False;False;822;31.50;13.50;True;False;False;False;1;16.258513723243595;0;16.258513723243595;16.258513723243595
293;30.50;1.50;True;False;False;False;12;61.50;3.50;False;False;True;False;1;106.30880948331833;0;106.30880948331833;106.30880948331833
293;30.50;1.50;True;False;False;False;28;61.50;9.50;False;False;True;False;1;95.44805595726575;0;95.44805595726575;95.44805595726575
293;30.50;1.50;True;False;False;False;733;30.50;11.50;True;False;False;False;1;20.19084012451276;0;20.19084012451276;20.19084012451276
293;30.50;1.50;True;False;False;False;734;31.50;11.50;True;False;False;False;1;14.190893972227059;0;14.190893972227059;14.190893972227059
294;31.50;1.50;True;False;False;False;12;61.50;3.50;False;False;True;False;2;163.42015543947036;5468.227958110429;111.13139967826282;215.7089112006779
294;31.50;1.50;True;False;False;False;437;42.50;4.50;True;False;False;False;1;16.50988543326457;0;16.50988543326457;16.50988543326457
294;31.50;1.50;True;False;False;False;577;50.50;7.50;True;False;False;False;1;23.202941674153408;0;23.202941674153408;23.202941674153408
295;32.50;1.50;True;False;False;False;12;61.50;3.50;False;False;True;False;1;115.0508553138252;0;115.0508553138252;115.0508553138252
297;34.50;1.50;True;False;False;False;60;61.50;21.50;False;False;True;False;1;55.123658951989455;0;55.123658951989455;55.123658951989455
298;35.50;1.50;True;False;False;False;44;61.50;15.50;False;False;True;False;1;99.33257420220161;0;99.33257420220161;99.33257420220161
299;36.50;1.50;True;False;False;False;12;61.50;3.50;False;False;True;False;1;87.19350171075348;0;87.19350171075348;87.19350171075348
300;37.50;1.50;True;False;False;False;12;61.50;3.50;False;False;True;False;5;116.0769085073147;1042.2630929038999;85.8842536668817;166.87488623670652
300;37.50;1.50;True;False;False;False;28;61.50;9.50;False;False;True;False;1;122.23787876210918;0;122.23787876210918;122.23787876210918
300;37.50;1.50;True;False;False;False;733;30.50;11.50;True;False;False;False;3;18.31534487864595;0.06609249391893733;18.107958167682227;18.602982676842657
300;37.50;1.50;True;False;False;False;822;31.50;13.50;True;False;False;False;3;18.934392405341594;0.037635534900729344;18.734381315105566;19.121760458079734
300;37.50;1.50;True;False;False;False;865;30.50;14.50;True;False;False;False;1;27.836301888663;0;27.836301888663;27.836301888663
302;39.50;1.50;True;False;False;False;12;61.50;3.50;False;False;True;False;3;99.65525402047024;415.9780742511911;87.8453517345697;123.20596188421041
302;39.50;1.50;True;False;False;False;28;61.50;9.50;False;False;True;False;1;122.57407647170658;0;122.57407647170658;122.57407647170658
302;39.50;1.50;True;False;False;False;303;40.50;1.50;True;False;False;False;1;3.7221049997351656;0;3.7221049997351656;3.7221049997351656
302;39.50;1.50;True;False;False;False;483;44.50;5.50;True;False;False;False;1;12.632144130089728;0;12.632144130089728;12.632144130089728
302;39.50;1.50;True;False;False;False;864;29.50;14.50;True;False;False;False;1;23.44000080344631;0;23.44000080344631;23.44000080344631
302;39.50;1.50;True;False;False;False;867;32.50;14.50;True;False;False;False;1;27.39028137423793;0;27.39028137423793;27.39028137423793
303;40.50;1.50;True;False;False;False;12;61.50;3.50;False;False;True;False;3;101.63588785768813;355.28759429304847;86.76062174075741;122.83333333333121
303;40.50;1.50;True;False;False;False;28;61.50;9.50;False;False;True;False;1;82.84009379140844;0;82.84009379140844;82.84009379140844
303;40.50;1.50;True;False;False;False;60;61.50;21.50;False;False;True;False;2;77.37912177005254;3.7449201592287236;76.01074313838133;78.74750040172376
303;40.50;1.50;True;False;False;False;92;0.50;12.50;False;True;False;False;1;246.7442712474367;0;246.7442712474367;246.7442712474367
303;40.50;1.50;True;False;False;False;483;44.50;5.50;True;False;False;False;1;12.602683986362536;0;12.602683986362536;12.602683986362536
303;40.50;1.50;True;False;False;False;821;30.50;13.50;True;False;False;False;2;34.55736131197523;24.98656152040816;31.022777777779993;38.09194484617046
303;40.50;1.50;True;False;False;False;822;31.50;13.50;True;False;False;False;1;20.778226214937604;0;20.778226214937604;20.778226214937604
303;40.50;1.50;True;False;False;False;823;32.50;13.50;True;False;False;False;1;19.950743138380858;0;19.950743138380858;19.950743138380858
303;40.50;1.50;True;False;False;False;865;30.50;14.50;True;False;False;False;1;22.492214225851058;0;22.492214225851058;22.492214225851058
303;40.50;1.50;True;False;False;False;867;32.50;14.50;True;False;False;False;1;23.342763391933886;0;23.342763391933886;23.342763391933886
304;41.50;1.50;True;False;False;False;12;61.50;3.50;False;False;True;False;2;107.65555355646256;1362.4977934622655;81.55480841899316;133.75629869393197
304;41.50;1.50;True;False;False;False;28;61.50;9.50;False;False;True;False;1;73.54872127793351;0;73.54872127793351;73.54872127793351
304;41.50;1.50;True;False;False;False;44;61.50;15.50;False;False;True;False;1;151.4024972069783;0;151.4024972069783;151.4024972069783
304;41.50;1.50;True;False;False;False;76;0.50;6.50;False;True;False;False;1;577.4219600354664;0;577.4219600354664;577.4219600354664
304;41.50;1.50;True;False;False;False;490;51.50;5.50;True;False;False;False;1;18.15277777778101;0;18.15277777778101;18.15277777778101
304;41.50;1.50;True;False;False;False;820;29.50;13.50;True;False;False;False;1;25.64270076349203;0;25.64270076349203;25.64270076349203
304;41.50;1.50;True;False;False;False;822;31.50;13.50;True;False;False;False;1;23.907503596468814;0;23.907503596468814;23.907503596468814
304;41.50;1.50;True;False;False;False;823;32.50;13.50;True;False;False;False;2;21.055739541920502;0.15992247523963654;20.77296536060294;21.338513723238066
305;42.50;1.50;True;False;False;False;12;61.50;3.50;False;False;True;False;1;72.07324673485255;0;72.07324673485255;72.07324673485255
305;42.50;1.50;True;False;False;False;76;0.50;6.50;False;True;False;False;1;524.9959837463903;0;524.9959837463903;524.9959837463903
305;42.50;1.50;True;False;False;False;820;29.50;13.50;True;False;False;False;1;33.47969943829412;0;33.47969943829412;33.47969943829412
305;42.50;1.50;True;False;False;False;822;31.50;13.50;True;False;False;False;1;38.03528217767871;0;38.03528217767871;38.03528217767871
307;44.50;1.50;True;False;False;False;12;61.50;3.50;False;False;True;False;2;86.75435784595084;531.1504610601015;70.45787876211034;103.05083692979133
307;44.50;1.50;True;False;False;False;60;61.50;21.50;False;False;True;False;1;141.9296248343344;0;141.9296248343344;141.9296248343344
307;44.50;1.50;True;False;False;False;108;0.50;18.50;False;True;False;False;1;498.37891605374534;0;498.37891605374534;498.37891605374534
307;44.50;1.50;True;False;False;False;332;25.50;2.50;True;False;False;False;1;19.946010126761394;0;19.946010126761394;19.946010126761394
307;44.50;1.50;True;False;False;False;357;50.50;2.50;True;False;False;False;1;11.082683986365737;0;11.082683986365737;11.082683986365737
307;44.50;1.50;True;False;False;False;358;51.50;2.50;True;False;False;False;1;11.662683986365664;0;11.662683986365664;11.662683986365664
307;44.50;1.50;True;False;False;False;820;29.50;13.50;True;False;False;False;1;35.57425366688585;0;35.57425366688585;35.57425366688585
308;45.50;1.50;True;False;False;False;12;61.50;3.50;False;False;True;False;3;103.4674290552313;69.16961349947891;96.22562341032199;112.550639242756
308;45.50;1.50;True;False;False;False;28;61.50;9.50;False;False;True;False;1;88.0597258186881;0;88.0597258186881;88.0597258186881
308;45.50;1.50;True;False;False;False;327;20.50;2.50;True;False;False;False;1;23.523769005047143;0;23.523769005047143;23.523769005047143
308;45.50;1.50;True;False;False;False;820;29.50;13.50;True;False;False;False;2;30.507547297422207;41.84336152179792;25.93352491434416;35.08156968050025
308;45.50;1.50;True;False;False;False;823;32.50;13.50;True;False;False;False;1;24.374357845950726;0;24.374357845950726;24.374357845950726
309;46.50;1.50;True;False;False;False;12;61.50;3.50;False;False;True;False;3;97.3307218274537;58.99497564575501;88.48926724928424;102.3568302794265
309;46.50;1.50;True;False;False;False;28;61.50;9.50;False;False;True;False;1;116.85656409448347;0;116.85656409448347;116.85656409448347
309;46.50;1.50;True;False;False;False;60;61.50;21.50;False;False;True;False;1;61.76280230601333;0;61.76280230601333;61.76280230601333
309;46.50;1.50;True;False;False;False;76;0.50;6.50;False;True;False;False;2;551.0176331210706;578.8015484386934;534.0058497278062;568.029416514335
309;46.50;1.50;True;False;False;False;124;0.50;24.50;False;True;False;False;1;563.6652821776115;0;563.6652821776115;563.6652821776115
309;46.50;1.50;True;False;False;False;820;29.50;13.50;True;False;False;False;1;28.772228611658647;0;28.772228611658647;28.772228611658647
309;46.50;1.50;True;False;False;False;822;31.50;13.50;True;False;False;False;2;26.476250602583605;1.5853389823562687;25.58593072120493;27.366570483962278
309;46.50;1.50;True;False;False;False;862;27.50;14.50;True;False;False;False;1;28.09127870305383;0;28.09127870305383;28.09127870305383
309;46.50;1.50;True;False;False;False;864;29.50;14.50;True;False;False;False;1;27.617503596463393;0;27.617503596463393;27.617503596463393
309;46.50;1.50;True;False;False;False;865;30.50;14.50;True;False;False;False;2;27.57786797273866;2.011153783531035;26.575083403768076;28.58065254170924
309;46.50;1.50;True;False;False;False;1099;44.50;19.50;True;False;False;False;1;23.333059152013448;0;23.333059152013448;23.333059152013448
310;47.50;1.50;True;False;False;False;12;61.50;3.50;False;False;True;False;3;135.21891419798763;2663.2603085182955;85.92028856715297;188.8595091806601
310;47.50;1.50;True;False;False;False;28;61.50;9.50;False;False;True;False;1;96.94435704250509;0;96.94435704250509;96.94435704250509
310;47.50;1.50;True;False;False;False;76;0.50;6.50;False;True;False;False;1;580.8621982331133;0;580.8621982331133;580.8621982331133
310;47.50;1.50;True;False;False;False;818;27.50;13.50;True;False;False;False;1;27.941486276762475;0;27.941486276762475;27.941486276762475
310;47.50;1.50;True;False;False;False;820;29.50;13.50;True;False;False;False;2;27.256616339727543;0.3105240215918122;26.862583332485883;27.650649346969203
310;47.50;1.50;True;False;False;False;821;30.50;13.50;True;False;False;False;2;29.86714668255445;29.667041086767455;26.01571570908709;33.71857765602181
310;47.50;1.50;True;False;False;False;822;31.50;13.50;True;False;False;False;1;28.301204902520112;0;28.301204902520112;28.301204902520112
312;49.50;1.50;True;False;False;False;12;61.50;3.50;False;False;True;False;3;96.59887121381628;66.97560560474611;88.47092752646131;104.83752917337551
312;49.50;1.50;True;False;False;False;28;61.50;9.50;False;False;True;False;1;91.76029176189513;0;91.76029176189513;91.76029176189513
312;49.50;1.50;True;False;False;False;108;0.50;18.50;False;True;False;False;1;554.1457948022471;0;554.1457948022471;554.1457948022471
312;49.50;1.50;True;False;False;False;577;50.50;7.50;True;False;False;False;1;14.324535041101626;0;14.324535041101626;14.324535041101626
312;49.50;1.50;True;False;False;False;708;49.50;10.50;True;False;False;False;1;9.59101731969713;0;9.59101731969713;9.59101731969713
312;49.50;1.50;True;False;False;False;821;30.50;13.50;True;False;False;False;1;29.307316013631862;0;29.307316013631862;29.307316013631862
312;49.50;1.50;True;False;False;False;822;31.50;13.50;True;False;False;False;1;27.598152943424793;0;27.598152943424793;27.598152943424793
312;49.50;1.50;True;False;False;False;864;29.50;14.50;True;False;False;False;1;34.451576069976;0;34.451576069976;34.451576069976
313;50.50;1.50;True;False;False;False;12;61.50;3.50;False;False;True;False;5;119.10040040550498;2546.790611627231;76.75185744425471;185.73541157166983
313;50.50;1.50;True;False;False;False;28;61.50;9.50;False;False;True;False;3;89.16525809407449;410.67835131350927;66.00629469575142;103.64735276258943
313;50.50;1.50;True;False;False;False;44;61.50;15.50;False;False;True;False;2;71.82850932333349;1335.8133103852651;45.984619229297095;97.67239941736989
313;50.50;1.50;True;False;False;False;108;0.50;18.50;False;True;False;False;1;512.8227897723195;0;512.8227897723195;512.8227897723195
313;50.50;1.50;True;False;False;False;483;44.50;5.50;True;False;False;False;1;13.301948040902062;0;13.301948040902062;13.301948040902062
313;50.50;1.50;True;False;False;False;821;30.50;13.50;True;False;False;False;3;30.777200281168916;8.726223271998393;29.04629869393466;34.1880799273531
313;50.50;1.50;True;False;False;False;822;31.50;13.50;True;False;False;False;5;30.258429041586623;13.715225041709838;27.569999999992433;36.479353847767015
313;50.50;1.50;True;False;False;False;866;31.50;14.50;True;False;False;False;1;28.525649346973296;0;28.525649346973296;28.525649346973296
313;50.50;1.50;True;False;False;False;867;32.50;14.50;True;False;False;False;1;27.669907012038266;0;27.669907012038266;27.669907012038266
314;51.50;1.50;True;False;False;False;12;61.50;3.50;False;False;True;False;5;93.65922867219142;365.8312627605045;78.19388169596732;125.03268478981772
314;51.50;1.50;True;False;False;False;446;51.50;4.50;True;False;False;False;1;6.017316013636446;0;6.017316013636446;6.017316013636446
314;51.50;1.50;True;False;False;False;732;29.50;11.50;True;False;False;False;1;31.739813220625365;0;31.739813220625365;31.739813220625365
314;51.50;1.50;True;False;False;False;735;32.50;11.50;True;False;False;False;1;28.39166666666688;0;28.39166666666688;28.39166666666688
314;51.50;1.50;True;False;False;False;820;29.50;13.50;True;False;False;False;1;30.253427124750488;0;30.253427124750488;30.253427124750488
314;51.50;1.50;True;False;False;False;821;30.50;13.50;True;False;False;False;1;47.07120409907657;0;47.07120409907657;47.07120409907657
315;52.50;1.50;True;False;False;False;12;61.50;3.50;False;False;True;False;7;80.73393715439319;57.28754518980807;69.48824034536119;92.93020408523535
315;52.50;1.50;True;False;False;False;28;61.50;9.50;False;False;True;False;2;75.46041407450775;2857.3518246183385;37.66258460892641;113.2582435400891
315;52.50;1.50;True;False;False;False;76;0.50;6.50;False;True;False;False;1;500.4019592320137;0;500.4019592320137;500.4019592320137
315;52.50;1.50;True;False;False;False;293;30.50;1.50;True;False;False;False;1;18.08082654214013;0;18.08082654214013;18.08082654214013
315;52.50;1.50;True;False;False;False;489;50.50;5.50;True;False;False;False;1;23.347524371771215;0;23.347524371771215;23.347524371771215
315;52.50;1.50;True;False;False;False;733;30.50;11.50;True;False;False;False;1;28.729447639178034;0;28.729447639178034;28.729447639178034
315;52.50;1.50;True;False;False;False;822;31.50;13.50;True;False;False;False;1;28.947770584858517;0;28.947770584858517;28.947770584858517
315;52.50;1.50;True;False;False;False;823;32.50;13.50;True;False;False;False;1;28.1974066103121;0;28.1974066103121;28.1974066103121
315;52.50;1.50;True;False;False;False;864;29.50;14.50;True;False;False;False;1;39.28816086354527;0;39.28816086354527;39.28816086354527
315;52.50;1.50;True;False;False;False;989;22.50;17.50;True;False;False;False;1;38.09889527835185;0;38.09889527835185;38.09889527835185
315;52.50;1.50;True;False;False;False;1016;49.50;17.50;True;False;False;False;1;20.05861151283534;0;20.05861151283534;20.05861151283534
315;52.50;1.50;True;False;False;False;1238;51.50;22.50;True;False;False;False;1;21.593236347182028;0;21.593236347182028;21.593236347182028
315;52.50;1.50;True;False;False;False;1365;46.50;25.50;True;False;False;False;1;27.25178523157956;0;27.25178523157956;27.25178523157956
316;9.50;2.50;True;False;False;False;12;61.50;3.50;False;False;True;False;1;138.34001330798856;0;138.34001330798856;138.34001330798856
316;9.50;2.50;True;False;False;False;489;50.50;5.50;True;False;False;False;1;36.6906493469578;0;36.6906493469578;36.6906493469578
317;10.50;2.50;True;False;False;False;60;61.50;21.50;False;False;True;False;1;164.41953743240902;0;164.41953743240902;164.41953743240902
318;11.50;2.50;True;False;False;False;12;61.50;3.50;False;False;True;False;1;130.59824992955328;0;130.59824992955328;130.59824992955328
319;12.50;2.50;True;False;False;False;28;61.50;9.50;False;False;True;False;2;77.3317656614513;596.6397980481506;60.05982601866435;94.60370530423825
319;12.50;2.50;True;False;False;False;880;45.50;14.50;True;False;False;False;1;46.67231201544382;0;46.67231201544382;46.67231201544382
322;15.50;2.50;True;False;False;False;44;61.50;15.50;False;False;True;False;1;111.21679439332183;0;111.21679439332183;111.21679439332183
324;17.50;2.50;True;False;False;False;12;61.50;3.50;False;False;True;False;1;125.70710954597962;0;125.70710954597962;125.70710954597962
324;17.50;2.50;True;False;False;False;310;47.50;1.50;True;False;False;False;1;27.07750040171959;0;27.07750040171959;27.07750040171959
326;19.50;2.50;True;False;False;False;12;61.50;3.50;False;False;True;False;2;70.63925726334037;262.9945359535019;59.17203144465384;82.1064830820269
326;19.50;2.50;True;False;False;False;44;61.50;15.50;False;False;True;False;1;69.52960247119336;0;69.52960247119336;69.52960247119336
326;19.50;2.50;True;False;False;False;292;29.50;1.50;True;False;False;False;1;13.763888888885049;0;13.763888888885049;13.763888888885049
326;19.50;2.50;True;False;False;False;733;30.50;11.50;True;False;False;False;1;21.04461073195489;0;21.04461073195489;21.04461073195489
326;19.50;2.50;True;False;False;False;1105;50.50;19.50;True;False;False;False;1;38.631854249484604;0;38.631854249484604;38.631854249484604
327;20.50;2.50;True;False;False;False;12;61.50;3.50;False;False;True;False;1;75.68417345786838;0;75.68417345786838;75.68417345786838
327;20.50;2.50;True;False;False;False;953;30.50;16.50;True;False;False;False;1;23.415826542137438;0;23.415826542137438;23.415826542137438
329;22.50;2.50;True;False;False;False;44;61.50;15.50;False;False;True;False;1;85.14013640984831;0;85.14013640984831;85.14013640984831
329;22.50;2.50;True;False;False;False;92;0.50;12.50;False;True;False;False;1;279.1646963007315;0;279.1646963007315;279.1646963007315
329;22.50;2.50;True;False;False;False;733;30.50;11.50;True;False;False;False;1;19.08676045807897;0;19.08676045807897;19.08676045807897
329;22.50;2.50;True;False;False;False;823;32.50;13.50;True;False;False;False;1;21.4044444444462;0;21.4044444444462;21.4044444444462
331;24.50;2.50;True;False;False;False;12;61.50;3.50;False;False;True;False;1;172.3412120954381;0;172.3412120954381;172.3412120954381
331;24.50;2.50;True;False;False;False;44;61.50;15.50;False;False;True;False;1;84.69352491434256;0;84.69352491434256;84.69352491434256
331;24.50;2.50;True;False;False;False;446;51.50;4.50;True;False;False;False;1;26.802222222220735;0;26.802222222220735;26.802222222220735
331;24.50;2.50;True;False;False;False;734;31.50;11.50;True;False;False;False;1;18.774052501637925;0;18.774052501637925;18.774052501637925
332;25.50;2.50;True;False;False;False;12;61.50;3.50;False;False;True;False;1;188.20204583049053;0;188.20204583049053;188.20204583049053
332;25.50;2.50;True;False;False;False;28;61.50;9.50;False;False;True;False;1;60.13276582136132;0;60.13276582136132;60.13276582136132
332;25.50;2.50;True;False;False;False;822;31.50;13.50;True;False;False;False;1;34.71932668291993;0;34.71932668291993;34.71932668291993
332;25.50;2.50;True;False;False;False;864;29.50;14.50;True;False;False;False;1;18.520824954315685;0;18.520824954315685;18.520824954315685
333;26.50;2.50;True;False;False;False;28;61.50;9.50;False;False;True;False;1;93.69066612409733;0;93.69066612409733;93.69066612409733
333;26.50;2.50;True;False;False;False;76;0.50;6.50;False;True;False;False;1;543.9092872401975;0;543.9092872401975;543.9092872401975
333;26.50;2.50;True;False;False;False;714;11.50;11.50;True;False;False;False;1;23.446669861401006;0;23.446669861401006;23.446669861401006
333;26.50;2.50;True;False;False;False;734;31.50;11.50;True;False;False;False;1;17.16666666666788;0;17.16666666666788;17.16666666666788
334;27.50;2.50;True;False;False;False;12;61.50;3.50;False;False;True;False;1;152.02454223402674;0;152.02454223402674;152.02454223402674
334;27.50;2.50;True;False;False;False;44;61.50;15.50;False;False;True;False;1;82.60629869392687;0;82.60629869392687;82.60629869392687
334;27.50;2.50;True;False;False;False;92;0.50;12.50;False;True;False;False;1;276.0217612615015;0;276.0217612615015;276.0217612615015
334;27.50;2.50;True;False;False;False;108;0.50;18.50;False;True;False;False;1;622.5813098849994;0;622.5813098849994;622.5813098849994
334;27.50;2.50;True;False;False;False;473;34.50;5.50;True;False;False;False;1;15.027597387874266;0;15.027597387874266;15.027597387874266
334;27.50;2.50;True;False;False;False;569;42.50;7.50;True;False;False;False;1;21.642503596456663;0;21.642503596456663;21.642503596456663
334;27.50;2.50;True;False;False;False;822;31.50;13.50;True;False;False;False;1;20.354725818686347;0;20.354725818686347;20.354725818686347
334;27.50;2.50;True;False;False;False;992;25.50;17.50;True;False;False;False;1;18.300090596672817;0;18.300090596672817;18.300090596672817
336;29.50;2.50;True;False;False;False;44;61.50;15.50;False;False;True;False;1;67.91879909565614;0;67.91879909565614;67.91879909565614
336;29.50;2.50;True;False;False;False;108;0.50;18.50;False;True;False;False;1;620.1766176396632;0;620.1766176396632;620.1766176396632
336;29.50;2.50;True;False;False;False;821;30.50;13.50;True;False;False;False;1;14.70833333333212;0;14.70833333333212;14.70833333333212
336;29.50;2.50;True;False;False;False;822;31.50;13.50;True;False;False;False;1;20.34250679118486;0;20.34250679118486;20.34250679118486
338;31.50;2.50;True;False;False;False;12;61.50;3.50;False;False;True;False;2;101.30198814540472;845.354548789268;80.74287156918399;121.86110472162545
338;31.50;2.50;True;False;False;False;124;0.50;24.50;False;True;False;False;1;544.2378907566308;0;544.2378907566308;544.2378907566308
338;31.50;2.50;True;False;False;False;734;31.50;11.50;True;False;False;False;1;10.925649346965656;0;10.925649346965656;10.925649346965656
338;31.50;2.50;True;False;False;False;822;31.50;13.50;True;False;False;False;1;18.350931524655607;0;18.350931524655607;18.350931524655607
338;31.50;2.50;True;False;False;False;864;29.50;14.50;True;False;False;False;1;16.222777777775264;0;16.222777777775264;16.222777777775264
339;32.50;2.50;True;False;False;False;823;32.50;13.50;True;False;False;False;1;11.087316013635245;0;11.087316013635245;11.087316013635245
341;34.50;2.50;True;False;False;False;12;61.50;3.50;False;False;True;False;4;94.1546554751194;849.1509449993684;59.71564215403123;130.86130588685592
341;34.50;2.50;True;False;False;False;28;61.50;9.50;False;False;True;False;1;62.208459875528206;0;62.208459875528206;62.208459875528206
341;34.50;2.50;True;False;False;False;310;47.50;1.50;True;False;False;False;1;15.69148627676259;0;15.69148627676259;15.69148627676259
341;34.50;2.50;True;False;False;False;486;47.50;5.50;True;False;False;False;1;18.663509112137035;0;18.663509112137035;18.663509112137035
341;34.50;2.50;True;False;False;False;821;30.50;13.50;True;False;False;False;1;18.319344263567473;0;18.319344263567473;18.319344263567473
341;34.50;2.50;True;False;False;False;822;31.50;13.50;True;False;False;False;1;17.787131625540496;0;17.787131625540496;17.787131625540496
341;34.50;2.50;True;False;False;False;865;30.50;14.50;True;False;False;False;1;18.580555555555293;0;18.580555555555293;18.580555555555293
342;35.50;2.50;True;False;False;False;28;61.50;9.50;False;False;True;False;1;101.21694165142799;0;101.21694165142799;101.21694165142799
342;35.50;2.50;True;False;False;False;703;44.50;10.50;True;False;False;False;1;19.61731601363499;0;19.61731601363499;19.61731601363499
343;36.50;2.50;True;False;False;False;12;61.50;3.50;False;False;True;False;1;129.7455715292108;0;129.7455715292108;129.7455715292108
343;36.50;2.50;True;False;False;False;92;0.50;12.50;False;True;False;False;1;269.41610479785777;0;269.41610479785777;269.41610479785777
343;36.50;2.50;True;False;False;False;733;30.50;11.50;True;False;False;False;1;23.086204099074166;0;23.086204099074166;23.086204099074166
343;36.50;2.50;True;False;False;False;734;31.50;11.50;True;False;False;False;1;17.995857705108733;0;17.995857705108733;17.995857705108733
343;36.50;2.50;True;False;False;False;820;29.50;13.50;True;False;False;False;1;18.92306712930622;0;18.92306712930622;18.92306712930622
344;37.50;2.50;True;False;False;False;12;61.50;3.50;False;False;True;False;4;95.68315514337587;386.0612462678591;74.63926085978164;118.28797974644385
344;37.50;2.50;True;False;False;False;28;61.50;9.50;False;False;True;False;1;96.1921742630293;0;96.1921742630293;96.1921742630293
344;37.50;2.50;True;False;False;False;44;61.50;15.50;False;False;True;False;1;101.27833733150328;0;101.27833733150328;101.27833733150328
344;37.50;2.50;True;False;False;False;108;0.50;18.50;False;True;False;False;1;594.6913250742764;0;594.6913250742764;594.6913250742764
344;37.50;2.50;True;False;False;False;124;0.50;24.50;False;True;False;False;1;562.0015320900202;0;562.0015320900202;562.0015320900202
344;37.50;2.50;True;False;False;False;313;50.50;1.50;True;False;False;False;1;15.182972553513537;0;15.182972553513537;15.182972553513537
344;37.50;2.50;True;False;False;False;464;25.50;5.50;True;False;False;False;1;17.679260859804344;0;17.679260859804344;17.679260859804344
344;37.50;2.50;True;False;False;False;479;40.50;5.50;True;False;False;False;1;11.957711434567045;0;11.957711434567045;11.957711434567045
344;37.50;2.50;True;False;False;False;820;29.50;13.50;True;False;False;False;1;19.885861703292903;0;19.885861703292903;19.885861703292903
344;37.50;2.50;True;False;False;False;821;30.50;13.50;True;False;False;False;1;20.2011985130448;0;20.2011985130448;20.2011985130448
344;37.50;2.50;True;False;False;False;822;31.50;13.50;True;False;False;False;1;23.762590194950462;0;23.762590194950462;23.762590194950462
344;37.50;2.50;True;False;False;False;864;29.50;14.50;True;False;False;False;1;20.146483082025952;0;20.146483082025952;20.146483082025952
344;37.50;2.50;True;False;False;False;1105;50.50;19.50;True;False;False;False;1;27.819899015663395;0;27.819899015663395;27.819899015663395
346;39.50;2.50;True;False;False;False;44;61.50;15.50;False;False;True;False;2;105.3165768734234;69.7949057192695;99.4091702631049;111.2239834837419
346;39.50;2.50;True;False;False;False;690;31.50;10.50;True;False;False;False;1;17.64603170554136;0;17.64603170554136;17.64603170554136
346;39.50;2.50;True;False;False;False;822;31.50;13.50;True;False;False;False;1;21.593711693716614;0;21.593711693716614;21.593711693716614
346;39.50;2.50;True;False;False;False;865;30.50;14.50;True;False;False;False;1;21.89983877848499;0;21.89983877848499;21.89983877848499
347;40.50;2.50;True;False;False;False;12;61.50;3.50;False;False;True;False;2;105.34894897478898;10.281981466638381;103.08157367869899;107.61632427087898
347;40.50;2.50;True;False;False;False;610;39.50;8.50;True;False;False;False;1;10.760281374234182;0;10.760281374234182;10.760281374234182
347;40.50;2.50;True;False;False;False;864;29.50;14.50;True;False;False;False;1;38.517777777775336;0;38.517777777775336;38.517777777775336
348;41.50;2.50;True;False;False;False;12;61.50;3.50;False;False;True;False;2;115.44232001180717;9.747737167375675;113.23463602543416;117.65000399818018
348;41.50;2.50;True;False;False;False;76;0.50;6.50;False;True;False;False;1;589.9029163144951;0;589.9029163144951;589.9029163144951
348;41.50;2.50;True;False;False;False;310;47.50;1.50;True;False;False;False;1;11.114538235859072;0;11.114538235859072;11.114538235859072
348;41.50;2.50;True;False;False;False;733;30.50;11.50;True;False;False;False;1;21.26647588909691;0;21.26647588909691;21.26647588909691
348;41.50;2.50;True;False;False;False;1116;17.50;20.50;True;False;False;False;1;34.71415109472582;0;34.71415109472582;34.71415109472582
349;42.50;2.50;True;False;False;False;12;61.50;3.50;False;False;True;False;4;128.15120377073413;666.8966411862891;94.32649346968901;153.38454542875843
349;42.50;2.50;True;False;False;False;28;61.50;9.50;False;False;True;False;1;165.35406793641232;0;165.35406793641232;165.35406793641232
349;42.50;2.50;True;False;False;False;76;0.50;6.50;False;True;False;False;1;558.7635305194356;0;558.7635305194356;558.7635305194356
349;42.50;2.50;True;False;False;False;124;0.50;24.50;False;True;False;False;1;596.2339978695418;0;596.2339978695418;596.2339978695418
349;42.50;2.50;True;False;False;False;312;49.50;1.50;True;False;False;False;1;11.867222222223063;0;11.867222222223063;11.867222222223063
349;42.50;2.50;True;False;False;False;359;52.50;2.50;True;False;False;False;1;10.602964557154337;0;10.602964557154337;10.602964557154337
349;42.50;2.50;True;False;False;False;732;29.50;11.50;True;False;False;False;1;21.524354651213798;0;21.524354651213798;21.524354651213798
349;42.50;2.50;True;False;False;False;733;30.50;11.50;True;False;False;False;1;20.62268079162982;0;20.62268079162982;20.62268079162982
349;42.50;2.50;True;False;False;False;821;30.50;13.50;True;False;False;False;1;22.788795097478214;0;22.788795097478214;22.788795097478214
349;42.50;2.50;True;False;False;False;822;31.50;13.50;True;False;False;False;2;23.18592552737755;2.222936963129834;22.131663471926004;24.240187582829094
351;44.50;2.50;True;False;False;False;28;61.50;9.50;False;False;True;False;3;89.33060175347934;234.3342176482874;77.11697445924437;106.50334052624385
351;44.50;2.50;True;False;False;False;820;29.50;13.50;True;False;False;False;1;24.831204902522586;0;24.831204902522586;24.831204902522586
351;44.50;2.50;True;False;False;False;821;30.50;13.50;True;False;False;False;2;25.90767223282137;10.345753627750087;23.633276309971734;28.182068155671004
352;45.50;2.50;True;False;False;False;12;61.50;3.50;False;False;True;False;2;100.98047055442748;257.12385935124973;89.64195523382114;112.31898587503383
352;45.50;2.50;True;False;False;False;44;61.50;15.50;False;False;True;False;1;115.26777458304059;0;115.26777458304059;115.26777458304059
352;45.50;2.50;True;False;False;False;108;0.50;18.50;False;True;False;False;1;559.9512708041566;0;559.9512708041566;559.9512708041566
352;45.50;2.50;True;False;False;False;574;47.50;7.50;True;False;False;False;1;13.284264054540472;0;13.284264054540472;13.284264054540472
352;45.50;2.50;True;False;False;False;733;30.50;11.50;True;False;False;False;1;22.780656539885968;0;22.780656539885968;22.780656539885968
352;45.50;2.50;True;False;False;False;813;22.50;13.50;True;False;False;False;1;33.80277777777519;0;33.80277777777519;33.80277777777519
352;45.50;2.50;True;False;False;False;822;31.50;13.50;True;False;False;False;1;24.114632027271;0;24.114632027271;24.114632027271
353;46.50;2.50;True;False;False;False;12;61.50;3.50;False;False;True;False;1;126.78346105999117;0;126.78346105999117;126.78346105999117
353;46.50;2.50;True;False;False;False;44;61.50;15.50;False;False;True;False;1;75.5365062486344;0;75.5365062486344;75.5365062486344
353;46.50;2.50;True;False;False;False;60;61.50;21.50;False;False;True;False;1;110.62658006817219;0;110.62658006817219;110.62658006817219
353;46.50;2.50;True;False;False;False;76;0.50;6.50;False;True;False;False;1;572.1777175406173;0;572.1777175406173;572.1777175406173
353;46.50;2.50;True;False;False;False;351;44.50;2.50;True;False;False;False;1;4.171111111110804;0;4.171111111110804;4.171111111110804
353;46.50;2.50;True;False;False;False;821;30.50;13.50;True;False;False;False;1;26.583611512818607;0;26.583611512818607;26.583611512818607
353;46.50;2.50;True;False;False;False;822;31.50;13.50;True;False;False;False;1;25.49280452011226;0;25.49280452011226;25.49280452011226
353;46.50;2.50;True;False;False;False;867;32.50;14.50;True;False;False;False;1;38.248065541485175;0;38.248065541485175;38.248065541485175
354;47.50;2.50;True;False;False;False;12;61.50;3.50;False;False;True;False;1;157.00658758263535;0;157.00658758263535;157.00658758263535
354;47.50;2.50;True;False;False;False;44;61.50;15.50;False;False;True;False;1;116.59314974868903;0;116.59314974868903;116.59314974868903
354;47.50;2.50;True;False;False;False;92;0.50;12.50;False;True;False;False;1;255.59944924605588;0;255.59944924605588;255.59944924605588
354;47.50;2.50;True;False;False;False;820;29.50;13.50;True;False;False;False;1;27.927850793890684;0;27.927850793890684;27.927850793890684
354;47.50;2.50;True;False;False;False;822;31.50;13.50;True;False;False;False;1;25.851111914560533;0;25.851111914560533;25.851111914560533
354;47.50;2.50;True;False;False;False;865;30.50;14.50;True;False;False;False;1;27.701760458072386;0;27.701760458072386;27.701760458072386
356;49.50;2.50;True;False;False;False;12;61.50;3.50;False;False;True;False;1;120.92136078790281;0;120.92136078790281;120.92136078790281
356;49.50;2.50;True;False;False;False;28;61.50;9.50;False;False;True;False;1;39.34665947373833;0;39.34665947373833;39.34665947373833
356;49.50;2.50;True;False;False;False;60;61.50;21.50;False;False;True;False;1;147.72759738787408;0;147.72759738787408;147.72759738787408
356;49.50;2.50;True;False;False;False;623;52.50;8.50;True;False;False;False;1;13.701717569520042;0;13.701717569520042;13.701717569520042
356;49.50;2.50;True;False;False;False;821;30.50;13.50;True;False;False;False;1;27.23874074883588;0;27.23874074883588;27.23874074883588
356;49.50;2.50;True;False;False;False;1017;50.50;17.50;True;False;False;False;1;16.952593389683898;0;16.952593389683898;16.952593389683898
357;50.50;2.50;True;False;False;False;12;61.50;3.50;False;False;True;False;2;105.44917426130701;2561.5297342274275;69.66139887481904;141.23694964779497
357;50.50;2.50;True;False;False;False;44;61.50;15.50;False;False;True;False;1;97.51778268209819;0;97.51778268209819;97.51778268209819
357;50.50;2.50;True;False;False;False;60;61.50;21.50;False;False;True;False;1;54.10509459485547;0;54.10509459485547;54.10509459485547
357;50.50;2.50;True;False;False;False;445;50.50;4.50;True;False;False;False;1;4.760455374670073;0;4.760455374670073;4.760455374670073
357;50.50;2.50;True;False;False;False;622;51.50;8.50;True;False;False;False;1;10.924076471712397;0;10.924076471712397;10.924076471712397
357;50.50;2.50;True;False;False;False;734;31.50;11.50;True;False;False;False;2;25.985328269943377;0.7682265231726771;25.36555955373842;26.605096986148332
357;50.50;2.50;True;False;False;False;865;30.50;14.50;True;False;False;False;1;28.909452440817404;0;28.909452440817404;28.909452440817404
358;51.50;2.50;True;False;False;False;12;61.50;3.50;False;False;True;False;1;174.94259019494166;0;174.94259019494166;174.94259019494166
358;51.50;2.50;True;False;False;False;28;61.50;9.50;False;False;True;False;1;128.32684386183587;0;128.32684386183587;128.32684386183587
358;51.50;2.50;True;False;False;False;44;61.50;15.50;False;False;True;False;1;154.63005033135778;0;154.63005033135778;154.63005033135778
358;51.50;2.50;True;False;False;False;60;61.50;21.50;False;False;True;False;1;166.51111510927512;0;166.51111510927512;166.51111510927512
358;51.50;2.50;True;False;False;False;302;39.50;1.50;True;False;False;False;1;14.949725818683874;0;14.949725818683874;14.949725818683874
358;51.50;2.50;True;False;False;False;447;52.50;4.50;True;False;False;False;1;8.709819610092381;0;8.709819610092381;8.709819610092381
358;51.50;2.50;True;False;False;False;867;32.50;14.50;True;False;False;False;1;27.676666666666733;0;27.676666666666733;27.676666666666733
358;51.50;2.50;True;False;False;False;1019;52.50;17.50;True;False;False;False;1;21.309782861120766;0;21.309782861120766;21.309782861120766
359;52.50;2.50;True;False;False;False;28;61.50;9.50;False;False;True;False;2;113.3909852115562;1533.2217239106742;85.70324673483447;141.07872368827793
359;52.50;2.50;True;False;False;False;821;30.50;13.50;True;False;False;False;1;29.86878790454557;0;29.86878790454557;29.86878790454557
359;52.50;2.50;True;False;False;False;822;31.50;13.50;True;False;False;False;1;28.045743138378384;0;28.045743138378384;28.045743138378384
407;12.50;4.50;True;False;False;False;44;61.50;15.50;False;False;True;False;1;132.30625844771214;0;132.30625844771214;132.30625844771214
410;15.50;4.50;True;False;False;False;12;61.50;3.50;False;False;True;False;1;117.22445619373502;0;117.22445619373502;117.22445619373502
412;17.50;4.50;True;False;False;False;12;61.50;3.50;False;False;True;False;2;146.75754410270474;366.384443818191;133.22269198274807;160.2923962226614
412;17.50;4.50;True;False;False;False;28;61.50;9.50;False;False;True;False;1;133.38332267124133;0;133.38332267124133;133.38332267124133
412;17.50;4.50;True;False;False;False;60;61.50;21.50;False;False;True;False;1;95.8558481209011;0;95.8558481209011;95.8558481209011
412;17.50;4.50;True;False;False;False;305;42.50;1.50;True;False;False;False;1;25.297122041338298;0;25.297122041338298;25.297122041338298
412;17.50;4.50;True;False;False;False;353;46.50;2.50;True;False;False;False;1;27.08936823360409;0;27.08936823360409;27.08936823360409
412;17.50;4.50;True;False;False;False;431;36.50;4.50;True;False;False;False;1;17.889718625759997;0;17.889718625759997;17.889718625759997
412;17.50;4.50;True;False;False;False;843;52.50;13.50;True;False;False;False;1;36.64722222221826;0;36.64722222221826;36.64722222221826
412;17.50;4.50;True;False;False;False;877;42.50;14.50;True;False;False;False;1;51.43083692978689;0;51.43083692978689;51.43083692978689
414;19.50;4.50;True;False;False;False;60;61.50;21.50;False;False;True;False;1;58.9306245544758;0;58.9306245544758;58.9306245544758
414;19.50;4.50;True;False;False;False;490;51.50;5.50;True;False;False;False;1;29.255663713741797;0;29.255663713741797;29.255663713741797
416;21.50;4.50;True;False;False;False;12;61.50;3.50;False;False;True;False;1;83.66472262394382;0;83.66472262394382;83.66472262394382
416;21.50;4.50;True;False;False;False;44;61.50;15.50;False;False;True;False;1;84.82296935878185;0;84.82296935878185;84.82296935878185
416;21.50;4.50;True;False;False;False;734;31.50;11.50;True;False;False;False;1;21.172134016822383;0;21.172134016822383;21.172134016822383
416;21.50;4.50;True;False;False;False;818;27.50;13.50;True;False;False;False;1;17.375555555554456;0;17.375555555554456;17.375555555554456
417;22.50;4.50;True;False;False;False;28;61.50;9.50;False;False;True;False;1;126.42407727515092;0;126.42407727515092;126.42407727515092
419;24.50;4.50;True;False;False;False;28;61.50;9.50;False;False;True;False;1;149.3396328307099;0;149.3396328307099;149.3396328307099
419;24.50;4.50;True;False;False;False;820;29.50;13.50;True;False;False;False;1;16.79741699796068;0;16.79741699796068;16.79741699796068
420;25.50;4.50;True;False;False;False;12;61.50;3.50;False;False;True;False;1;56.868535014047666;0;56.868535014047666;56.868535014047666
420;25.50;4.50;True;False;False;False;473;34.50;5.50;True;False;False;False;1;12.45340952509332;0;12.45340952509332;12.45340952509332
420;25.50;4.50;True;False;False;False;822;31.50;13.50;True;False;False;False;1;17.435739943652152;0;17.435739943652152;17.435739943652152
421;26.50;4.50;True;False;False;False;44;61.50;15.50;False;False;True;False;1;63.88287156918523;0;63.88287156918523;63.88287156918523
421;26.50;4.50;True;False;False;False;864;29.50;14.50;True;False;False;False;1;15.336103918180015;0;15.336103918180015;15.336103918180015
422;27.50;4.50;True;False;False;False;12;61.50;3.50;False;False;True;False;1;129.354444444436;0;129.354444444436;129.354444444436
422;27.50;4.50;True;False;False;False;821;30.50;13.50;True;False;False;False;1;17.812323206555448;0;17.812323206555448;17.812323206555448
424;29.50;4.50;True;False;False;False;12;61.50;3.50;False;False;True;False;1;94.68434745827108;0;94.68434745827108;94.68434745827108
424;29.50;4.50;True;False;False;False;28;61.50;9.50;False;False;True;False;1;158.5755699413985;0;158.5755699413985;158.5755699413985
424;29.50;4.50;True;False;False;False;60;61.50;21.50;False;False;True;False;2;123.21921358665668;2419.4959976048485;88.43778177595595;158.0006453973574
424;29.50;4.50;True;False;False;False;124;0.50;24.50;False;True;False;False;1;586.0715022694603;0;586.0715022694603;586.0715022694603
424;29.50;4.50;True;False;False;False;480;41.50;5.50;True;False;False;False;1;22.38444444443303;0;22.38444444443303;22.38444444443303
424;29.50;4.50;True;False;False;False;734;31.50;11.50;True;False;False;False;1;13.457397026111721;0;13.457397026111721;13.457397026111721
424;29.50;4.50;True;False;False;False;823;32.50;13.50;True;False;False;False;1;15.905187582828148;0;15.905187582828148;15.905187582828148
424;29.50;4.50;True;False;False;False;864;29.50;14.50;True;False;False;False;1;19.757226220404846;0;19.757226220404846;19.757226220404846
424;29.50;4.50;True;False;False;False;865;30.50;14.50;True;False;False;False;1;17.219718625761743;0;17.219718625761743;17.219718625761743
426;31.50;4.50;True;False;False;False;28;61.50;9.50;False;False;True;False;1;143.31203944102162;0;143.31203944102162;143.31203944102162
426;31.50;4.50;True;False;False;False;600;29.50;8.50;True;False;False;False;1;10.868614707571396;0;10.868614707571396;10.868614707571396
427;32.50;4.50;True;False;False;False;12;61.50;3.50;False;False;True;False;1;158.84778577413454;0;158.84778577413454;158.84778577413454
427;32.50;4.50;True;False;False;False;28;61.50;9.50;False;False;True;False;2;122.95105701586817;479.42828132359887;107.46835245039256;138.4337615813438
427;32.50;4.50;True;False;False;False;44;61.50;15.50;False;False;True;False;1;59.637965360602266;0;59.637965360602266;59.637965360602266
427;32.50;4.50;True;False;False;False;315;52.50;1.50;True;False;False;False;1;24.542968555339485;0;24.542968555339485;24.542968555339485
427;32.50;4.50;True;False;False;False;733;30.50;11.50;True;False;False;False;1;12.957503596458992;0;12.957503596458992;12.957503596458992
427;32.50;4.50;True;False;False;False;822;31.50;13.50;True;False;False;False;1;12.653055957278411;0;12.653055957278411;12.653055957278411
427;32.50;4.50;True;False;False;False;864;29.50;14.50;True;False;False;False;1;16.15566446584853;0;16.15566446584853;16.15566446584853
429;34.50;4.50;True;False;False;False;12;61.50;3.50;False;False;True;False;3;118.34471403804218;950.8020315955756;91.40184466526807;151.97460536343806
429;34.50;4.50;True;False;False;False;28;61.50;9.50;False;False;True;False;1;95.26584412271768;0;95.26584412271768;95.26584412271768
429;34.50;4.50;True;False;False;False;44;61.50;15.50;False;False;True;False;1;74.59022151807403;0;74.59022151807403;74.59022151807403
429;34.50;4.50;True;False;False;False;347;40.50;2.50;True;False;False;False;1;12.34129549919271;0;12.34129549919271;12.34129549919271
429;34.50;4.50;True;False;False;False;734;31.50;11.50;True;False;False;False;1;13.802777777777692;0;13.802777777777692;13.802777777777692
429;34.50;4.50;True;False;False;False;821;30.50;13.50;True;False;False;False;1;18.311760458074787;0;18.311760458074787;18.311760458074787
429;34.50;4.50;True;False;False;False;822;31.50;13.50;True;False;False;False;1;14.868594422779097;0;14.868594422779097;14.868594422779097
429;34.50;4.50;True;False;False;False;970;47.50;16.50;True;False;False;False;1;25.660750331295276;0;25.660750331295276;25.660750331295276
430;35.50;4.50;True;False;False;False;12;61.50;3.50;False;False;True;False;4;131.729961296758;820.3836547222361;93.0363026921259;158.9796360254477
430;35.50;4.50;True;False;False;False;473;34.50;5.50;True;False;False;False;1;6.671572875253332;0;6.671572875253332;6.671572875253332
430;35.50;4.50;True;False;False;False;486;47.50;5.50;True;False;False;False;1;14.625000000003183;0;14.625000000003183;14.625000000003183
430;35.50;4.50;True;False;False;False;548;21.50;7.50;True;False;False;False;1;18.564731423764897;0;18.564731423764897;18.564731423764897
430;35.50;4.50;True;False;False;False;822;31.50;13.50;True;False;False;False;1;15.937780972511973;0;15.937780972511973;15.937780972511973
431;36.50;4.50;True;False;False;False;12;61.50;3.50;False;False;True;False;2;102.65349294795851;619.3026857978151;85.05658006816884;120.25040582774818
431;36.50;4.50;True;False;False;False;44;61.50;15.50;False;False;True;False;1;100.82661123115395;0;100.82661123115395;100.82661123115395
431;36.50;4.50;True;False;False;False;60;61.50;21.50;False;False;True;False;1;124.67463202728504;0;124.67463202728504;124.67463202728504
431;36.50;4.50;True;False;False;False;76;0.50;6.50;False;True;False;False;1;582.0876576821975;0;582.0876576821975;582.0876576821975
431;36.50;4.50;True;False;False;False;314;51.50;1.50;True;False;False;False;1;19.414347458297016;0;19.414347458297016;19.414347458297016
431;36.50;4.50;True;False;False;False;559;32.50;7.50;True;False;False;False;1;11.930774301396013;0;11.930774301396013;11.930774301396013
431;36.50;4.50;True;False;False;False;733;30.50;11.50;True;False;False;False;1;17.609906208590473;0;17.609906208590473;17.609906208590473
431;36.50;4.50;True;False;False;False;734;31.50;11.50;True;False;False;False;1;28.732458548598856;0;28.732458548598856;28.732458548598856
431;36.50;4.50;True;False;False;False;822;31.50;13.50;True;False;False;False;1;16.28740980504881;0;16.28740980504881;16.28740980504881
431;36.50;4.50;True;False;False;False;823;32.50;13.50;True;False;False;False;1;16.200609100666043;0;16.200609100666043;16.200609100666043
432;37.50;4.50;True;False;False;False;12;61.50;3.50;False;False;True;False;1;251.82823875751637;0;251.82823875751637;251.82823875751637
432;37.50;4.50;True;False;False;False;28;61.50;9.50;False;False;True;False;2;78.34010258170156;11.926134607358941;75.89816333108956;80.78204183231355
432;37.50;4.50;True;False;False;False;319;12.50;2.50;True;False;False;False;1;25.178573998371576;0;25.178573998371576;25.178573998371576
432;37.50;4.50;True;False;False;False;737;34.50;11.50;True;False;False;False;1;13.204628029081505;0;13.204628029081505;13.204628029081505
432;37.50;4.50;True;False;False;False;822;31.50;13.50;True;False;False;False;1;20.118896081811727;0;20.118896081811727;20.118896081811727
434;39.50;4.50;True;False;False;False;12;61.50;3.50;False;False;True;False;1;65.44962883253356;0;65.44962883253356;65.44962883253356
434;39.50;4.50;True;False;False;False;28;61.50;9.50;False;False;True;False;1;153.79278094906658;0;153.79278094906658;153.79278094906658
434;39.50;4.50;True;False;False;False;822;31.50;13.50;True;False;False;False;1;20.877514248485568;0;20.877514248485568;20.877514248485568
434;39.50;4.50;True;False;False;False;864;29.50;14.50;True;False;False;False;1;20.565923528281928;0;20.565923528281928;20.565923528281928
435;40.50;4.50;True;False;False;False;12;61.50;3.50;False;False;True;False;1;133.56151531280284;0;133.56151531280284;133.56151531280284
435;40.50;4.50;True;False;False;False;822;31.50;13.50;True;False;False;False;1;19.17620490252466;0;19.17620490252466;19.17620490252466
436;41.50;4.50;True;False;False;False;28;61.50;9.50;False;False;True;False;1;100.03556435536666;0;100.03556435536666;100.03556435536666
436;41.50;4.50;True;False;False;False;822;31.50;13.50;True;False;False;False;1;20.194635222000215;0;20.194635222000215;20.194635222000215
437;42.50;4.50;True;False;False;False;12;61.50;3.50;False;False;True;False;5;103.37716103997218;1006.3394465856147;72.44175562856617;145.9402051633915
437;42.50;4.50;True;False;False;False;28;61.50;9.50;False;False;True;False;3;129.85055554922045;942.3372884809235;106.14952782920227;164.5272222222228
437;42.50;4.50;True;False;False;False;347;40.50;2.50;True;False;False;False;1;9.630078602109279;0;9.630078602109279;9.630078602109279
437;42.50;4.50;True;False;False;False;733;30.50;11.50;True;False;False;False;1;22.655375165651662;0;22.655375165651662;22.655375165651662
437;42.50;4.50;True;False;False;False;821;30.50;13.50;True;False;False;False;2;22.652125236080792;3.7385364012080053;21.284913401505037;24.019337070656547
437;42.50;4.50;True;False;False;False;822;31.50;13.50;True;False;False;False;2;25.820697036591582;65.38269289295984;20.103062346749994;31.53833172643317
437;42.50;4.50;True;False;False;False;823;32.50;13.50;True;False;False;False;1;26.153090315001464;0;26.153090315001464;26.153090315001464
437;42.50;4.50;True;False;False;False;864;29.50;14.50;True;False;False;False;1;25.256854249488242;0;25.256854249488242;25.256854249488242
439;44.50;4.50;True;False;False;False;12;61.50;3.50;False;False;True;False;4;94.09775373685807;54.544745447111495;86.5944116936389;102.23241380321997
439;44.50;4.50;True;False;False;False;28;61.50;9.50;False;False;True;False;1;186.49071997177452;0;186.49071997177452;186.49071997177452
439;44.50;4.50;True;False;False;False;574;47.50;7.50;True;False;False;False;1;11.053591521875205;0;11.053591521875205;11.053591521875205
439;44.50;4.50;True;False;False;False;613;42.50;8.50;True;False;False;False;1;10.531122302218137;0;10.531122302218137;10.531122302218137
439;44.50;4.50;True;False;False;False;820;29.50;13.50;True;False;False;False;2;25.72040168777812;0.13011454452889828;25.465338416677696;25.975464958878547
439;44.50;4.50;True;False;False;False;821;30.50;13.50;True;False;False;False;1;36.0139890697792;0;36.0139890697792;36.0139890697792
440;45.50;4.50;True;False;False;False;12;61.50;3.50;False;False;True;False;2;94.29570622861274;2744.561060308942;57.25140126611586;131.34001119110962
440;45.50;4.50;True;False;False;False;28;61.50;9.50;False;False;True;False;1;110.50966877626706;0;110.50966877626706;110.50966877626706
440;45.50;4.50;True;False;False;False;44;61.50;15.50;False;False;True;False;2;87.09197226598462;817.0086561123064;66.88048226509272;107.30346226687652
440;45.50;4.50;True;False;False;False;60;61.50;21.50;False;False;True;False;1;146.6338968852615;0;146.6338968852615;146.6338968852615
440;45.50;4.50;True;False;False;False;302;39.50;1.50;True;False;False;False;1;15.080555555556202;0;15.080555555556202;15.080555555556202
440;45.50;4.50;True;False;False;False;488;49.50;5.50;True;False;False;False;1;9.541944846176193;0;9.541944846176193;9.541944846176193
440;45.50;4.50;True;False;False;False;578;51.50;7.50;True;False;False;False;1;14.694444444447072;0;14.694444444447072;14.694444444447072
440;45.50;4.50;True;False;False;False;579;52.50;7.50;True;False;False;False;1;13.335555555557221;0;13.335555555557221;13.335555555557221
440;45.50;4.50;True;False;False;False;733;30.50;11.50;True;False;False;False;1;21.664170263127744;0;21.664170263127744;21.664170263127744
440;45.50;4.50;True;False;False;False;822;31.50;13.50;True;False;False;False;1;23.58429200374485;0;23.58429200374485;23.58429200374485
441;46.50;4.50;True;False;False;False;28;61.50;9.50;False;False;True;False;2;100.64628589595486;4.564617178038363;99.13555475209796;102.15701703981176
441;46.50;4.50;True;False;False;False;821;30.50;13.50;True;False;False;False;1;27.08898667847825;0;27.08898667847825;27.08898667847825
441;46.50;4.50;True;False;False;False;823;32.50;13.50;True;False;False;False;1;21.87908046990924;0;21.87908046990924;21.87908046990924
442;47.50;4.50;True;False;False;False;12;61.50;3.50;False;False;True;False;1;100.20585770513935;0;100.20585770513935;100.20585770513935
442;47.50;4.50;True;False;False;False;28;61.50;9.50;False;False;True;False;3;88.06931353539092;837.9882665928302;66.07823634717352;120.86583054032394
442;47.50;4.50;True;False;False;False;309;46.50;1.50;True;False;False;False;1;9.244909403325437;0;9.244909403325437;9.244909403325437
442;47.50;4.50;True;False;False;False;447;52.50;4.50;True;False;False;False;1;7.8899968052649;0;7.8899968052649;7.8899968052649
442;47.50;4.50;True;False;False;False;748;45.50;11.50;True;False;False;False;1;12.65953504112258;0;12.65953504112258;12.65953504112258
442;47.50;4.50;True;False;False;False;962;39.50;16.50;True;False;False;False;1;20.425116957983846;0;20.425116957983846;20.425116957983846
444;49.50;4.50;True;False;False;False;44;61.50;15.50;False;False;True;False;1;121.43612149875662;0;121.43612149875662;121.43612149875662
444;49.50;4.50;True;False;False;False;693;34.50;10.50;True;False;False;False;1;21.129538235857382;0;21.129538235857382;21.129538235857382
444;49.50;4.50;True;False;False;False;1104;49.50;19.50;True;False;False;False;1;14.069535844557322;0;14.069535844557322;14.069535844557322
445;50.50;4.50;True;False;False;False;12;61.50;3.50;False;False;True;False;1;65.41943486022137;0;65.41943486022137;65.41943486022137
445;50.50;4.50;True;False;False;False;28;61.50;9.50;False;False;True;False;1;92.07220944328037;0;92.07220944328037;92.07220944328037
445;50.50;4.50;True;False;False;False;44;61.50;15.50;False;False;True;False;1;192.48407966645019;0;192.48407966645019;192.48407966645019
445;50.50;4.50;True;False;False;False;623;52.50;8.50;True;False;False;False;1;10.819264054538507;0;10.819264054538507;10.819264054538507
445;50.50;4.50;True;False;False;False;818;27.50;13.50;True;False;False;False;1;28.326659473744968;0;28.326659473744968;28.326659473744968
445;50.50;4.50;True;False;False;False;823;32.50;13.50;True;False;False;False;1;25.458982680301688;0;25.458982680301688;25.458982680301688
446;51.50;4.50;True;False;False;False;12;61.50;3.50;False;False;True;False;2;82.02579562962956;805.1298601788789;61.96177484391865;102.08981641534047
446;51.50;4.50;True;False;False;False;60;61.50;21.50;False;False;True;False;1;55.66122967603951;0;55.66122967603951;55.66122967603951
446;51.50;4.50;True;False;False;False;578;51.50;7.50;True;False;False;False;1;9.697405806859024;0;9.697405806859024;9.697405806859024
446;51.50;4.50;True;False;False;False;820;29.50;13.50;True;False;False;False;1;28.862409805048173;0;28.862409805048173;28.862409805048173
446;51.50;4.50;True;False;False;False;840;49.50;13.50;True;False;False;False;1;16.96796536059992;0;16.96796536059992;16.96796536059992
447;52.50;4.50;True;False;False;False;12;61.50;3.50;False;False;True;False;14;90.07830742968378;593.2238615470477;45.45945163735996;140.6702781794993
447;52.50;4.50;True;False;False;False;44;61.50;15.50;False;False;True;False;3;101.25837870250287;385.728914421691;79.05111830403257;116.34410679325083
447;52.50;4.50;True;False;False;False;60;61.50;21.50;False;False;True;False;1;34.169376976406056;0;34.169376976406056;34.169376976406056
447;52.50;4.50;True;False;False;False;92;0.50;12.50;False;True;False;False;1;265.8515536877567;0;265.8515536877567;265.8515536877567
447;52.50;4.50;True;False;False;False;308;45.50;1.50;True;False;False;False;1;14.717316013631716;0;14.717316013631716;14.717316013631716
447;52.50;4.50;True;False;False;False;358;51.50;2.50;True;False;False;False;1;8.75;0;8.75;8.75
447;52.50;4.50;True;False;False;False;437;42.50;4.50;True;False;False;False;1;11.218895542728205;0;11.218895542728205;11.218895542728205
447;52.50;4.50;True;False;False;False;490;51.50;5.50;True;False;False;False;1;6.775216070931492;0;6.775216070931492;6.775216070931492
447;52.50;4.50;True;False;False;False;536;9.50;7.50;True;False;False;False;1;37.284538235857326;0;37.284538235857326;37.284538235857326
447;52.50;4.50;True;False;False;False;577;50.50;7.50;True;False;False;False;1;10.052787361985793;0;10.052787361985793;10.052787361985793
447;52.50;4.50;True;False;False;False;711;52.50;10.50;True;False;False;False;1;20.61185424949508;0;20.61185424949508;20.61185424949508
447;52.50;4.50;True;False;False;False;811;20.50;13.50;True;False;False;False;1;46.989260859802016;0;46.989260859802016;46.989260859802016
447;52.50;4.50;True;False;False;False;820;29.50;13.50;True;False;False;False;5;31.03828254815253;13.793688525259942;28.126107916375076;37.3315800681703
447;52.50;4.50;True;False;False;False;821;30.50;13.50;True;False;False;False;1;27.63352491434216;0;27.63352491434216;27.63352491434216
447;52.50;4.50;True;False;False;False;822;31.50;13.50;True;False;False;False;2;27.325555555553592;0.0022969135800012985;27.291666666666515;27.35944444444067
447;52.50;4.50;True;False;False;False;864;29.50;14.50;True;False;False;False;1;29.289718625755995;0;29.289718625755995;29.289718625755995
447;52.50;4.50;True;False;False;False;953;30.50;16.50;True;False;False;False;1;29.763239541916846;0;29.763239541916846;29.763239541916846
447;52.50;4.50;True;False;False;False;1206;19.50;22.50;True;False;False;False;1;41.56943725151359;0;41.56943725151359;41.56943725151359
449;10.50;5.50;True;False;False;False;44;61.50;15.50;False;False;True;False;1;109.33972262393945;0;109.33972262393945;109.33972262393945
449;10.50;5.50;True;False;False;False;60;61.50;21.50;False;False;True;False;1;77.50464641309009;0;77.50464641309009;77.50464641309009
449;10.50;5.50;True;False;False;False;596;25.50;8.50;True;False;False;False;1;20.774815611909958;0;20.774815611909958;20.774815611909958
449;10.50;5.50;True;False;False;False;835;44.50;13.50;True;False;False;False;1;57.506764456265955;0;57.506764456265955;57.506764456265955
449;10.50;5.50;True;False;False;False;884;49.50;14.50;True;False;False;False;1;39.90433787410075;0;39.90433787410075;39.90433787410075
450;11.50;5.50;True;False;False;False;12;61.50;3.50;False;False;True;False;2;113.4499339453505;679.9092313520981;95.012075727107;131.88779216359399
450;11.50;5.50;True;False;False;False;28;61.50;9.50;False;False;True;False;1;95.13158006815866;0;95.13158006815866;95.13158006815866
450;11.50;5.50;True;False;False;False;60;61.50;21.50;False;False;True;False;1;150.61472645349568;0;150.61472645349568;150.61472645349568
450;11.50;5.50;True;False;False;False;617;46.50;8.50;True;False;False;False;1;31.79389208361681;0;31.79389208361681;31.79389208361681
450;11.50;5.50;True;False;False;False;686;27.50;10.50;True;False;False;False;1;21.576298693937133;0;21.576298693937133;21.576298693937133
450;11.50;5.50;True;False;False;False;1128;29.50;20.50;True;False;False;False;1;29.666115109295788;0;29.666115109295788;29.666115109295788
450;11.50;5.50;True;False;False;False;1400;37.50;26.50;True;False;False;False;1;38.41414145347517;0;38.41414145347517;38.41414145347517
453;14.50;5.50;True;False;False;False;28;61.50;9.50;False;False;True;False;2;113.82741860486203;4599.098481158515;65.87380309383661;161.78103411588745
453;14.50;5.50;True;False;False;False;76;0.50;6.50;False;True;False;False;1;570.7224289925375;0;570.7224289925375;570.7224289925375
453;14.50;5.50;True;False;False;False;309;46.50;1.50;True;False;False;False;1;30.479545428774145;0;30.479545428774145;30.479545428774145
453;14.50;5.50;True;False;False;False;348;41.50;2.50;True;False;False;False;1;26.988425536925206;0;26.988425536925206;26.988425536925206
453;14.50;5.50;True;False;False;False;1130;31.50;20.50;True;False;False;False;1;28.461948040906464;0;28.461948040906464;28.461948040906464
454;15.50;5.50;True;False;False;False;44;61.50;15.50;False;False;True;False;1;94.69481641535458;0;94.69481641535458;94.69481641535458
454;15.50;5.50;True;False;False;False;1414;51.50;26.50;True;False;False;False;1;46.140093791411346;0;46.140093791411346;46.140093791411346
455;16.50;5.50;True;False;False;False;28;61.50;9.50;False;False;True;False;2;62.57843391593906;2.0552082128675884;61.56472581868729;63.59214201319082
455;16.50;5.50;True;False;False;False;278;15.50;1.50;True;False;False;False;1;10.188917660574361;0;10.188917660574361;10.188917660574361
455;16.50;5.50;True;False;False;False;1277;46.50;23.50;True;False;False;False;1;39.16694804090366;0;39.16694804090366;39.16694804090366
455;16.50;5.50;True;False;False;False;1368;49.50;25.50;True;False;False;False;1;49.56424808082011;0;49.56424808082011;49.56424808082011
458;19.50;5.50;True;False;False;False;28;61.50;9.50;False;False;True;False;1;57.85194484615931;0;57.85194484615931;57.85194484615931
458;19.50;5.50;True;False;False;False;613;42.50;8.50;True;False;False;False;1;24.912870765730986;0;24.912870765730986;24.912870765730986
458;19.50;5.50;True;False;False;False;1278;47.50;23.50;True;False;False;False;1;40.50694165143432;0;40.50694165143432;40.50694165143432
459;20.50;5.50;True;False;False;False;12;61.50;3.50;False;False;True;False;1;67.48390007999387;0;67.48390007999387;67.48390007999387
459;20.50;5.50;True;False;False;False;28;61.50;9.50;False;False;True;False;1;61.45426405453145;0;61.45426405453145;61.45426405453145
459;20.50;5.50;True;False;False;False;44;61.50;15.50;False;False;True;False;1;76.39529576008499;0;76.39529576008499;76.39529576008499
459;20.50;5.50;True;False;False;False;60;61.50;21.50;False;False;True;False;1;71.82750359645797;0;71.82750359645797;71.82750359645797
459;20.50;5.50;True;False;False;False;474;35.50;5.50;True;False;False;False;1;13.168614707570669;0;13.168614707570669;13.168614707570669
459;20.50;5.50;True;False;False;False;696;37.50;10.50;True;False;False;False;1;21.80777777777621;0;21.80777777777621;21.80777777777621
459;20.50;5.50;True;False;False;False;887;52.50;14.50;True;False;False;False;1;40.498456680790696;0;40.498456680790696;40.498456680790696
459;20.50;5.50;True;False;False;False;965;42.50;16.50;True;False;False;False;1;29.396944042711766;0;29.396944042711766;29.396944042711766
461;22.50;5.50;True;False;False;False;12;61.50;3.50;False;False;True;False;1;235.27148708020468;0;235.27148708020468;235.27148708020468
461;22.50;5.50;True;False;False;False;44;61.50;15.50;False;False;True;False;1;116.6314260395884;0;116.6314260395884;116.6314260395884
461;22.50;5.50;True;False;False;False;310;47.50;1.50;True;False;False;False;1;26.79763363598977;0;26.79763363598977;26.79763363598977
461;22.50;5.50;True;False;False;False;474;35.50;5.50;True;False;False;False;1;33.326978664925264;0;33.326978664925264;33.326978664925264
463;24.50;5.50;True;False;False;False;28;61.50;9.50;False;False;True;False;1;76.5633287961864;0;76.5633287961864;76.5633287961864
463;24.50;5.50;True;False;False;False;822;31.50;13.50;True;False;False;False;1;17.29484916614456;0;17.29484916614456;17.29484916614456
464;25.50;5.50;True;False;False;False;12;61.50;3.50;False;False;True;False;2;113.75158326069231;391.69446978009057;99.75704022099126;127.74612630039337
464;25.50;5.50;True;False;False;False;874;39.50;14.50;True;False;False;False;1;22.18843112292234;0;22.18843112292234;22.18843112292234
465;26.50;5.50;True;False;False;False;12;61.50;3.50;False;False;True;False;1;240.8523199883457;0;240.8523199883457;240.8523199883457
465;26.50;5.50;True;False;False;False;28;61.50;9.50;False;False;True;False;1;74.73176045807668;0;74.73176045807668;74.73176045807668
465;26.50;5.50;True;False;False;False;44;61.50;15.50;False;False;True;False;2;98.67395736335311;201.66503354853285;88.63241780140015;108.71549692530607
465;26.50;5.50;True;False;False;False;705;46.50;10.50;True;False;False;False;1;24.074264054537707;0;24.074264054537707;24.074264054537707
465;26.50;5.50;True;False;False;False;828;37.50;13.50;True;False;False;False;1;19.910547559169572;0;19.910547559169572;19.910547559169572
465;26.50;5.50;True;False;False;False;1141;42.50;20.50;True;False;False;False;1;29.612506791192573;0;29.612506791192573;29.612506791192573
468;29.50;5.50;True;False;False;False;12;61.50;3.50;False;False;True;False;1;110.96583773324164;0;110.96583773324164;110.96583773324164
469;30.50;5.50;True;False;False;False;12;61.50;3.50;False;False;True;False;1;89.91509059667771;0;89.91509059667771;89.91509059667771
470;31.50;5.50;True;False;False;False;12;61.50;3.50;False;False;True;False;1;166.6691774560445;0;166.6691774560445;166.6691774560445
471;32.50;5.50;True;False;False;False;12;61.50;3.50;False;False;True;False;2;136.9160197205074;2415.793861935964;102.1612080972518;171.67083134376298
471;32.50;5.50;True;False;False;False;28;61.50;9.50;False;False;True;False;1;106.75194564961203;0;106.75194564961203;106.75194564961203
471;32.50;5.50;True;False;False;False;92;0.50;12.50;False;True;False;False;1;287.3489072728953;0;287.3489072728953;287.3489072728953
471;32.50;5.50;True;False;False;False;820;29.50;13.50;True;False;False;False;3;16.54309069626591;15.996249992108373;14.013419931747194;21.15409169897248
471;32.50;5.50;True;False;False;False;864;29.50;14.50;True;False;False;False;1;15.02647189092022;0;15.02647189092022;15.02647189092022
473;34.50;5.50;True;False;False;False;12;61.50;3.50;False;False;True;False;6;110.29267035037014;458.1857838759338;87.89398987321329;139.02651852661984
473;34.50;5.50;True;False;False;False;28;61.50;9.50;False;False;True;False;4;110.49224067709338;296.3184310767098;90.851016516237;128.35786278838896
473;34.50;5.50;True;False;False;False;44;61.50;15.50;False;False;True;False;1;91.15074313837795;0;91.15074313837795;91.15074313837795
473;34.50;5.50;True;False;False;False;60;61.50;21.50;False;False;True;False;1;161.30286353485644;0;161.30286353485644;161.30286353485644
473;34.50;5.50;True;False;False;False;108;0.50;18.50;False;True;False;False;1;622.5947785369062;0;622.5947785369062;622.5947785369062
473;34.50;5.50;True;False;False;False;348;41.50;2.50;True;False;False;False;1;14.274137719774444;0;14.274137719774444;14.274137719774444
473;34.50;5.50;True;False;False;False;490;51.50;5.50;True;False;False;False;1;14.85027817950322;0;14.85027817950322;14.85027817950322
473;34.50;5.50;True;False;False;False;559;32.50;7.50;True;False;False;False;1;9.118065541484611;0;9.118065541484611;9.118065541484611
473;34.50;5.50;True;False;False;False;622;51.50;8.50;True;False;False;False;1;20.679718625761552;0;20.679718625761552;20.679718625761552
473;34.50;5.50;True;False;False;False;734;31.50;11.50;True;False;False;False;1;13.479260859803617;0;13.479260859803617;13.479260859803617
473;34.50;5.50;True;False;False;False;820;29.50;13.50;True;False;False;False;1;16.418236347179118;0;16.418236347179118;16.418236347179118
473;34.50;5.50;True;False;False;False;821;30.50;13.50;True;False;False;False;1;15.676660277196788;0;15.676660277196788;15.676660277196788
473;34.50;5.50;True;False;False;False;822;31.50;13.50;True;False;False;False;4;14.923567079302302;0.27826668097977986;14.506753265162843;15.694920858910336
473;34.50;5.50;True;False;False;False;866;31.50;14.50;True;False;False;False;1;14.801479083840604;0;14.801479083840604;14.801479083840604
473;34.50;5.50;True;False;False;False;1111;12.50;20.50;True;False;False;False;1;32.496392485347315;0;32.496392485347315;32.496392485347315
474;35.50;5.50;True;False;False;False;12;61.50;3.50;False;False;True;False;8;106.13456188863782;398.64157300836507;85.0305491660838;147.989446296775
474;35.50;5.50;True;False;False;False;28;61.50;9.50;False;False;True;False;1;99.18666266849323;0;99.18666266849323;99.18666266849323
474;35.50;5.50;True;False;False;False;76;0.50;6.50;False;True;False;False;2;589.8214637718465;0.22241357024184072;589.4879869583783;590.1549405853148
474;35.50;5.50;True;False;False;False;124;0.50;24.50;False;True;False;False;1;592.538474593397;0;592.538474593397;592.538474593397
474;35.50;5.50;True;False;False;False;318;11.50;2.50;True;False;False;False;1;25.05277777777519;0;25.05277777777519;25.05277777777519
474;35.50;5.50;True;False;False;False;349;42.50;2.50;True;False;False;False;1;14.017222222223609;0;14.017222222223609;14.017222222223609
474;35.50;5.50;True;False;False;False;410;15.50;4.50;True;False;False;False;1;20.564625637800418;0;20.564625637800418;20.564625637800418
474;35.50;5.50;True;False;False;False;434;39.50;4.50;True;False;False;False;1;10.07669036200059;0;10.07669036200059;10.07669036200059
474;35.50;5.50;True;False;False;False;577;50.50;7.50;True;False;False;False;1;19.508333333331393;0;19.508333333331393;19.508333333331393
474;35.50;5.50;True;False;False;False;601;30.50;8.50;True;False;False;False;1;12.788614707571469;0;12.788614707571469;12.788614707571469
474;35.50;5.50;True;False;False;False;733;30.50;11.50;True;False;False;False;1;15.117041832316318;0;15.117041832316318;15.117041832316318
474;35.50;5.50;True;False;False;False;734;31.50;11.50;True;False;False;False;1;14.650649346971477;0;14.650649346971477;14.650649346971477
474;35.50;5.50;True;False;False;False;820;29.50;13.50;True;False;False;False;1;16.6020346393816;0;16.6020346393816;16.6020346393816
474;35.50;5.50;True;False;False;False;821;30.50;13.50;True;False;False;False;1;21.646312276337994;0;21.646312276337994;21.646312276337994
474;35.50;5.50;True;False;False;False;822;31.50;13.50;True;False;False;False;1;16.733986678478686;0;16.733986678478686;16.733986678478686
475;36.50;5.50;True;False;False;False;12;61.50;3.50;False;False;True;False;3;93.38162581865951;64.99208961897196;86.92987665253168;102.41897948557107
475;36.50;5.50;True;False;False;False;28;61.50;9.50;False;False;True;False;2;106.47887290566177;2.0490938178193696;105.46667385956971;107.49107195175384
475;36.50;5.50;True;False;False;False;44;61.50;15.50;False;False;True;False;1;127.01518758282623;0;127.01518758282623;127.01518758282623
475;36.50;5.50;True;False;False;False;76;0.50;6.50;False;True;False;False;1;585.0898131256145;0;585.0898131256145;585.0898131256145
475;36.50;5.50;True;False;False;False;474;35.50;5.50;True;False;False;False;1;4.15149346968974;0;4.15149346968974;4.15149346968974
475;36.50;5.50;True;False;False;False;734;31.50;11.50;True;False;False;False;2;18.491881835060894;27.68164717811186;14.771556098105066;22.212207572016723
475;36.50;5.50;True;False;False;False;820;29.50;13.50;True;False;False;False;2;17.885434849841204;0.02084943934586906;17.783333333334667;17.98753636634774
475;36.50;5.50;True;False;False;False;822;31.50;13.50;True;False;False;False;1;16.22272742732821;0;16.22272742732821;16.22272742732821
475;36.50;5.50;True;False;False;False;1329;10.50;25.50;True;False;False;False;1;38.86564934696071;0;38.86564934696071;38.86564934696071
476;37.50;5.50;True;False;False;False;12;61.50;3.50;False;False;True;False;5;126.20841651971023;3870.260591629733;88.44834452442956;236.8816184240968
476;37.50;5.50;True;False;False;False;28;61.50;9.50;False;False;True;False;2;98.70870984811609;1.1563424447977706;97.94833413677406;99.46908555945811
476;37.50;5.50;True;False;False;False;76;0.50;6.50;False;True;False;False;1;370.43158726109704;0;370.43158726109704;370.43158726109704
476;37.50;5.50;True;False;False;False;124;0.50;24.50;False;True;False;False;1;576.0416522808664;0;576.0416522808664;576.0416522808664
476;37.50;5.50;True;False;False;False;577;50.50;7.50;True;False;False;False;1;17.577559031946294;0;17.577559031946294;17.577559031946294
476;37.50;5.50;True;False;False;False;701;42.50;10.50;True;False;False;False;1;17.734718625753885;0;17.734718625753885;17.734718625753885
476;37.50;5.50;True;False;False;False;734;31.50;11.50;True;False;False;False;1;15.218232348983292;0;15.218232348983292;15.218232348983292
476;37.50;5.50;True;False;False;False;820;29.50;13.50;True;False;False;False;1;17.732864376268935;0;17.732864376268935;17.732864376268935
476;37.50;5.50;True;False;False;False;821;30.50;13.50;True;False;False;False;2;17.282455103379107;0.37885532168587527;16.84722222221899;17.717687984539225
476;37.50;5.50;True;False;False;False;870;35.50;14.50;True;False;False;False;1;13.60861151283666;0;13.60861151283666;13.60861151283666
476;37.50;5.50;True;False;False;False;977;10.50;17.50;True;False;False;False;1;32.981298693943245;0;32.981298693943245;32.981298693943245
476;37.50;5.50;True;False;False;False;987;20.50;17.50;True;False;False;False;1;26.03398268030287;0;26.03398268030287;26.03398268030287
478;39.50;5.50;True;False;False;False;12;61.50;3.50;False;False;True;False;5;122.29916994555938;267.0135197456849;104.89138848716175;138.55102851078846
478;39.50;5.50;True;False;False;False;28;61.50;9.50;False;False;True;False;3;88.59728848019525;193.58801920910892;78.85777858122674;104.53250679119446
478;39.50;5.50;True;False;False;False;44;61.50;15.50;False;False;True;False;2;119.47688740634158;199.5987473931484;109.48692375793053;129.46685105475262
478;39.50;5.50;True;False;False;False;92;0.50;12.50;False;True;False;False;1;289.7546731554303;0;289.7546731554303;289.7546731554303
478;39.50;5.50;True;False;False;False;308;45.50;1.50;True;False;False;False;1;13.978795097477814;0;13.978795097477814;13.978795097477814
478;39.50;5.50;True;False;False;False;351;44.50;2.50;True;False;False;False;1;11.895544364454508;0;11.895544364454508;11.895544364454508
478;39.50;5.50;True;False;False;False;618;47.50;8.50;True;False;False;False;1;14.437038637581281;0;14.437038637581281;14.437038637581281
478;39.50;5.50;True;False;False;False;669;10.50;10.50;True;False;False;False;1;30.152796161779406;0;30.152796161779406;30.152796161779406
478;39.50;5.50;True;False;False;False;821;30.50;13.50;True;False;False;False;2;21.82509508230487;0.187869258251418;21.518607514652103;22.131582649957636
478;39.50;5.50;True;False;False;False;822;31.50;13.50;True;False;False;False;2;19.16736610407588;1.262124779341079;18.372971750073702;19.96176045807806
478;39.50;5.50;True;False;False;False;823;32.50;13.50;True;False;False;False;1;17.451018926591132;0;17.451018926591132;17.451018926591132
478;39.50;5.50;True;False;False;False;825;34.50;13.50;True;False;False;False;1;16.46352411089356;0;16.46352411089356;16.46352411089356
478;39.50;5.50;True;False;False;False;887;52.50;14.50;True;False;False;False;1;21.63106288758422;0;21.63106288758422;21.63106288758422
479;40.50;5.50;True;False;False;False;12;61.50;3.50;False;False;True;False;5;93.04759293047292;434.1312396118964;69.51324673484169;115.8084415105186
479;40.50;5.50;True;False;False;False;28;61.50;9.50;False;False;True;False;1;108.3260285108172;0;108.3260285108172;108.3260285108172
479;40.50;5.50;True;False;False;False;44;61.50;15.50;False;False;True;False;2;97.90667385958432;189.133412070747;88.18213242898855;107.63121529018008
479;40.50;5.50;True;False;False;False;442;47.50;4.50;True;False;False;False;1;11.48074633311262;0;11.48074633311262;11.48074633311262
479;40.50;5.50;True;False;False;False;820;29.50;13.50;True;False;False;False;4;21.63727271438802;4.724760186722827;20.476024512621734;24.894264054542873
479;40.50;5.50;True;False;False;False;821;30.50;13.50;True;False;False;False;2;19.651993339243745;0.028646853899834485;19.5323128188993;19.77167385958819
479;40.50;5.50;True;False;False;False;823;32.50;13.50;True;False;False;False;1;18.266111111119244;0;18.266111111119244;18.266111111119244
479;40.50;5.50;True;False;False;False;1105;50.50;19.50;True;False;False;False;1;23.172041028866715;0;23.172041028866715;23.172041028866715
480;41.50;5.50;True;False;False;False;12;61.50;3.50;False;False;True;False;9;117.2105676666377;2202.167795975835;79.59499680526824;228.17723021858546
480;41.50;5.50;True;False;False;False;28;61.50;9.50;False;False;True;False;1;82.17325153648017;0;82.17325153648017;82.17325153648017
480;41.50;5.50;True;False;False;False;76;0.50;6.50;False;True;False;False;1;601.3296544094192;0;601.3296544094192;601.3296544094192
480;41.50;5.50;True;False;False;False;578;51.50;7.50;True;False;False;False;1;15.568701306059666;0;15.568701306059666;15.568701306059666
480;41.50;5.50;True;False;False;False;617;46.50;8.50;True;False;False;False;1;12.279906208590546;0;12.279906208590546;12.279906208590546
480;41.50;5.50;True;False;False;False;732;29.50;11.50;True;False;False;False;1;19.84657606998735;0;19.84657606998735;19.84657606998735
480;41.50;5.50;True;False;False;False;747;44.50;11.50;True;False;False;False;1;13.640822789216145;0;13.640822789216145;13.640822789216145
480;41.50;5.50;True;False;False;False;820;29.50;13.50;True;False;False;False;1;21.0214918627953;0;21.0214918627953;21.0214918627953
480;41.50;5.50;True;False;False;False;821;30.50;13.50;True;False;False;False;1;20.663707695543053;0;20.663707695543053;20.663707695543053
480;41.50;5.50;True;False;False;False;822;31.50;13.50;True;False;False;False;1;19.84518758282411;0;19.84518758282411;19.84518758282411
480;41.50;5.50;True;False;False;False;866;31.50;14.50;True;False;False;False;1;21.48083583839434;0;21.48083583839434;21.48083583839434
480;41.50;5.50;True;False;False;False;948;25.50;16.50;True;False;False;False;1;29.38240661031159;0;29.38240661031159;29.38240661031159
480;41.50;5.50;True;False;False;False;1014;47.50;17.50;True;False;False;False;1;18.898982680293557;0;18.898982680293557;18.898982680293557
480;41.50;5.50;True;False;False;False;1389;26.50;26.50;True;False;False;False;1;31.74986463883215;0;31.74986463883215;31.74986463883215
481;42.50;5.50;True;False;False;False;12;61.50;3.50;False;False;True;False;3;120.47471330755388;713.7120477021838;94.32562300470136;147.7225027930108
481;42.50;5.50;True;False;False;False;28;61.50;9.50;False;False;True;False;1;97.71018438809188;0;97.71018438809188;97.71018438809188
481;42.50;5.50;True;False;False;False;108;0.50;18.50;False;True;False;False;1;589.8906130989162;0;589.8906130989162;589.8906130989162
481;42.50;5.50;True;False;False;False;124;0.50;24.50;False;True;False;False;1;559.3602544928362;0;559.3602544928362;559.3602544928362
481;42.50;5.50;True;False;False;False;354;47.50;2.50;True;False;False;False;1;13.461685031630623;0;13.461685031630623;13.461685031630623
481;42.50;5.50;True;False;False;False;542;15.50;7.50;True;False;False;False;1;33.044531042940434;0;33.044531042940434;33.044531042940434
481;42.50;5.50;True;False;False;False;734;31.50;11.50;True;False;False;False;1;18.26802079609479;0;18.26802079609479;18.26802079609479
481;42.50;5.50;True;False;False;False;821;30.50;13.50;True;False;False;False;3;22.661048583497784;15.423950217065006;19.98499600179821;27.169722623948473
483;44.50;5.50;True;False;False;False;12;61.50;3.50;False;False;True;False;7;92.63551056849145;1517.6703132261102;31.25342712474619;147.501025316069
483;44.50;5.50;True;False;False;False;28;61.50;9.50;False;False;True;False;3;77.29225694856905;115.3800052366559;67.19796536058675;88.5811143058454
483;44.50;5.50;True;False;False;False;60;61.50;21.50;False;False;True;False;1;92.34769437401155;0;92.34769437401155;92.34769437401155
483;44.50;5.50;True;False;False;False;76;0.50;6.50;False;True;False;False;1;526.2856994226918;0;526.2856994226918;526.2856994226918
483;44.50;5.50;True;False;False;False;124;0.50;24.50;False;True;False;False;1;530.517908318167;0;530.517908318167;530.517908318167
483;44.50;5.50;True;False;False;False;416;21.50;4.50;True;False;False;False;1;22.713888888887595;0;22.713888888887595;22.713888888887595
483;44.50;5.50;True;False;False;False;439;44.50;4.50;True;False;False;False;1;18.041572875245038;0;18.041572875245038;18.041572875245038
483;44.50;5.50;True;False;False;False;733;30.50;11.50;True;False;False;False;2;20.988948171351012;0.8866048835640028;20.323138557585935;21.65475778511609
483;44.50;5.50;True;False;False;False;754;51.50;11.50;True;False;False;False;1;16.09564934696573;0;16.09564934696573;16.09564934696573
483;44.50;5.50;True;False;False;False;812;21.50;13.50;True;False;False;False;1;29.49657287525588;0;29.49657287525588;29.49657287525588
483;44.50;5.50;True;False;False;False;820;29.50;13.50;True;False;False;False;3;23.740864731045196;3.464079500849831;22.649167068404495;25.889906208583852
483;44.50;5.50;True;False;False;False;822;31.50;13.50;True;False;False;False;1;44.228343720988505;0;44.228343720988505;44.228343720988505
483;44.50;5.50;True;False;False;False;823;32.50;13.50;True;False;False;False;1;26.832413803231702;0;26.832413803231702;26.832413803231702
483;44.50;5.50;True;False;False;False;864;29.50;14.50;True;False;False;False;1;31.48148627676528;0;31.48148627676528;31.48148627676528
483;44.50;5.50;True;False;False;False;865;30.50;14.50;True;False;False;False;1;22.696861442412228;0;22.696861442412228;22.696861442412228
484;45.50;5.50;True;False;False;False;12;61.50;3.50;False;False;True;False;6;102.11540589382473;1418.6615699214362;40.17154092783858;133.85265009157956
484;45.50;5.50;True;False;False;False;28;61.50;9.50;False;False;True;False;1;122.2881217995564;0;122.2881217995564;122.2881217995564
484;45.50;5.50;True;False;False;False;44;61.50;15.50;False;False;True;False;1;75.3806573433476;0;75.3806573433476;75.3806573433476
484;45.50;5.50;True;False;False;False;60;61.50;21.50;False;False;True;False;1;134.4947266221343;0;134.4947266221343;134.4947266221343
484;45.50;5.50;True;False;False;False;435;40.50;4.50;True;False;False;False;1;10.310652541704258;0;10.310652541704258;10.310652541704258
484;45.50;5.50;True;False;False;False;437;42.50;4.50;True;False;False;False;1;8.669891822748468;0;8.669891822748468;8.669891822748468
484;45.50;5.50;True;False;False;False;450;11.50;5.50;True;False;False;False;1;26.54509379141018;0;26.54509379141018;26.54509379141018
484;45.50;5.50;True;False;False;False;461;22.50;5.50;True;False;False;False;1;23.0449968052435;0;23.0449968052435;23.0449968052435
484;45.50;5.50;True;False;False;False;734;31.50;11.50;True;False;False;False;1;21.35504428241984;0;21.35504428241984;21.35504428241984
484;45.50;5.50;True;False;False;False;821;30.50;13.50;True;False;False;False;2;25.222823076115674;9.160390646951376;23.082683986365737;27.36296216586561
484;45.50;5.50;True;False;False;False;823;32.50;13.50;True;False;False;False;1;22.092785750679468;0;22.092785750679468;22.092785750679468
484;45.50;5.50;True;False;False;False;865;30.50;14.50;True;False;False;False;1;24.295662145005736;0;24.295662145005736;24.295662145005736
485;46.50;5.50;True;False;False;False;12;61.50;3.50;False;False;True;False;8;106.24008406657562;434.26253936119974;79.55555555555293;133.8314726943463
485;46.50;5.50;True;False;False;False;44;61.50;15.50;False;False;True;False;1;78.81980683115034;0;78.81980683115034;78.81980683115034
485;46.50;5.50;True;False;False;False;60;61.50;21.50;False;False;True;False;1;181.37575033128633;0;181.37575033128633;181.37575033128633
485;46.50;5.50;True;False;False;False;76;0.50;6.50;False;True;False;False;1;602.6423517038056;0;602.6423517038056;602.6423517038056
485;46.50;5.50;True;False;False;False;484;45.50;5.50;True;False;False;False;1;3.8539898732415168;0;3.8539898732415168;3.8539898732415168
485;46.50;5.50;True;False;False;False;749;46.50;11.50;True;False;False;False;1;8.228531303819182;0;8.228531303819182;8.228531303819182
485;46.50;5.50;True;False;False;False;820;29.50;13.50;True;False;False;False;2;32.1182936305504;111.64481284968154;24.646854249491298;39.589733011609496
485;46.50;5.50;True;False;False;False;821;30.50;13.50;True;False;False;False;2;25.39425886070785;3.5956594883486748;24.053427124741575;26.735090596674127
485;46.50;5.50;True;False;False;False;822;31.50;13.50;True;False;False;False;2;29.339951908656076;92.58430343889134;22.536118304029515;36.14378551328264
485;46.50;5.50;True;False;False;False;865;30.50;14.50;True;False;False;False;1;32.42861870575962;0;32.42861870575962;32.42861870575962
485;46.50;5.50;True;False;False;False;867;32.50;14.50;True;False;False;False;1;24.066017319698403;0;24.066017319698403;24.066017319698403
485;46.50;5.50;True;False;False;False;947;24.50;16.50;True;False;False;False;1;30.406020514428747;0;30.406020514428747;30.406020514428747
486;47.50;5.50;True;False;False;False;12;61.50;3.50;False;False;True;False;8;104.92026922953306;828.945522379798;64.74398268029472;148.34204644341662
486;47.50;5.50;True;False;False;False;28;61.50;9.50;False;False;True;False;1;103.65401097010545;0;103.65401097010545;103.65401097010545
486;47.50;5.50;True;False;False;False;44;61.50;15.50;False;False;True;False;1;109.53917026312047;0;109.53917026312047;109.53917026312047
486;47.50;5.50;True;False;False;False;76;0.50;6.50;False;True;False;False;1;552.6375952799826;0;552.6375952799826;552.6375952799826
486;47.50;5.50;True;False;False;False;290;27.50;1.50;True;False;False;False;1;22.643501919204937;0;22.643501919204937;22.643501919204937
486;47.50;5.50;True;False;False;False;491;52.50;5.50;True;False;False;False;1;6.977406610310936;0;6.977406610310936;6.977406610310936
486;47.50;5.50;True;False;False;False;696;37.50;10.50;True;False;False;False;1;17.469999999997526;0;17.469999999997526;17.469999999997526
486;47.50;5.50;True;False;False;False;820;29.50;13.50;True;False;False;False;2;25.823933785493182;3.097471634002081;24.579451637368493;27.06841593361787
486;47.50;5.50;True;False;False;False;821;30.50;13.50;True;False;False;False;2;26.4949984026307;13.648373218897119;23.88268398636137;29.107312818900027
486;47.50;5.50;True;False;False;False;822;31.50;13.50;True;False;False;False;1;23.289535041118143;0;23.289535041118143;23.289535041118143
486;47.50;5.50;True;False;False;False;823;32.50;13.50;True;False;False;False;2;23.52680575641682;3.9722831655413975;22.117500401722282;24.93611111111136
486;47.50;5.50;True;False;False;False;1126;27.50;20.50;True;False;False;False;1;31.16485905288573;0;31.16485905288573;31.16485905288573
488;49.50;5.50;True;False;False;False;12;61.50;3.50;False;False;True;False;2;86.23319983913393;6.881006141176171;84.37834052625112;88.08805915201674
488;49.50;5.50;True;False;False;False;28;61.50;9.50;False;False;True;False;2;131.26718132378755;471.833538644375;115.90759899475961;146.6267636528155
488;49.50;5.50;True;False;False;False;44;61.50;15.50;False;False;True;False;1;85.78388169597201;0;85.78388169597201;85.78388169597201
488;49.50;5.50;True;False;False;False;60;61.50;21.50;False;False;True;False;2;136.4723168170749;2478.6148283969865;101.26851852486652;171.67611510928327
488;49.50;5.50;True;False;False;False;108;0.50;18.50;False;True;False;False;2;542.097400333932;1878.3158455858022;511.4517167423901;572.7430839254739
488;49.50;5.50;True;False;False;False;124;0.50;24.50;False;True;False;False;2;590.4817312751657;30.826673824547708;586.5557489888743;594.4077135614571
488;49.50;5.50;True;False;False;False;442;47.50;4.50;True;False;False;False;1;7.981020514431293;0;7.981020514431293;7.981020514431293
488;49.50;5.50;True;False;False;False;578;51.50;7.50;True;False;False;False;1;9.349725818687148;0;9.349725818687148;9.349725818687148
488;49.50;5.50;True;False;False;False;732;29.50;11.50;True;False;False;False;1;24.91101731969843;0;24.91101731969843;24.91101731969843
488;49.50;5.50;True;False;False;False;734;31.50;11.50;True;False;False;False;1;23.660650150406582;0;23.660650150406582;23.660650150406582
488;49.50;5.50;True;False;False;False;735;32.50;11.50;True;False;False;False;1;22.83690779468111;0;22.83690779468111;22.83690779468111
488;49.50;5.50;True;False;False;False;747;44.50;11.50;True;False;False;False;1;14.506240598151635;0;14.506240598151635;14.506240598151635
488;49.50;5.50;True;False;False;False;822;31.50;13.50;True;False;False;False;2;25.08898108293033;0.00013583275355009186;25.080739943641674;25.09722222221899
488;49.50;5.50;True;False;False;False;823;32.50;13.50;True;False;False;False;1;24.792871569190538;0;24.792871569190538;24.792871569190538
488;49.50;5.50;True;False;False;False;864;29.50;14.50;True;False;False;False;1;27.790926723033408;0;27.790926723033408;27.790926723033408
488;49.50;5.50;True;False;False;False;965;42.50;16.50;True;False;False;False;1;19.024820413527777;0;19.024820413527777;19.024820413527777
489;50.50;5.50;True;False;False;False;12;61.50;3.50;False;False;True;False;4;100.27791347193443;742.7539189431059;80.04564534880046;137.91229284702422
489;50.50;5.50;True;False;False;False;28;61.50;9.50;False;False;True;False;8;83.09308092615635;1087.0038517604862;39.243614707571396;147.53517799862084
489;50.50;5.50;True;False;False;False;60;61.50;21.50;False;False;True;False;1;82.77808073078268;0;82.77808073078268;82.77808073078268
489;50.50;5.50;True;False;False;False;76;0.50;6.50;False;True;False;False;1;546.531768737852;0;546.531768737852;546.531768737852
489;50.50;5.50;True;False;False;False;92;0.50;12.50;False;True;False;False;1;295.81130349554587;0;295.81130349554587;295.81130349554587
489;50.50;5.50;True;False;False;False;108;0.50;18.50;False;True;False;False;1;597.3089008599618;0;597.3089008599618;597.3089008599618
489;50.50;5.50;True;False;False;False;459;20.50;5.50;True;False;False;False;1;23.82694484617059;0;23.82694484617059;23.82694484617059
489;50.50;5.50;True;False;False;False;548;21.50;7.50;True;False;False;False;1;28.412965360603266;0;28.412965360603266;28.412965360603266
489;50.50;5.50;True;False;False;False;623;52.50;8.50;True;False;False;False;2;9.912444753849286;0.010054460983205329;9.841541788526229;9.983347719172343
489;50.50;5.50;True;False;False;False;701;42.50;10.50;True;False;False;False;1;18.406948040904354;0;18.406948040904354;18.406948040904354
489;50.50;5.50;True;False;False;False;820;29.50;13.50;True;False;False;False;1;27.576479083847516;0;27.576479083847516;27.576479083847516
489;50.50;5.50;True;False;False;False;821;30.50;13.50;True;False;False;False;1;26.315933915935602;0;26.315933915935602;26.315933915935602
489;50.50;5.50;True;False;False;False;822;31.50;13.50;True;False;False;False;4;25.652137818923165;0.03885497453641109;25.41667385958681;25.825743138382677
489;50.50;5.50;True;False;False;False;842;51.50;13.50;True;False;False;False;1;11.999462025043613;0;11.999462025043613;11.999462025043613
489;50.50;5.50;True;False;False;False;867;32.50;14.50;True;False;False;False;2;26.86351651625398;4.320152762865105;25.39379668532274;28.33323634718522
489;50.50;5.50;True;False;False;False;940;17.50;16.50;True;False;False;False;1;36.54620890071055;0;36.54620890071055;36.54620890071055
489;50.50;5.50;True;False;False;False;1363;44.50;25.50;True;False;False;False;1;24.700093791412655;0;24.700093791412655;24.700093791412655
490;51.50;5.50;True;False;False;False;12;61.50;3.50;False;False;True;False;11;110.9284615315336;1469.833359442388;71.91435145648211;190.6619520390741
490;51.50;5.50;True;False;False;False;28;61.50;9.50;False;False;True;False;1;96.7503823585721;0;96.7503823585721;96.7503823585721
490;51.50;5.50;True;False;False;False;44;61.50;15.50;False;False;True;False;1;80.67251159281477;0;80.67251159281477;80.67251159281477
490;51.50;5.50;True;False;False;False;76;0.50;6.50;False;True;False;False;1;549.9173319873021;0;549.9173319873021;549.9173319873021
490;51.50;5.50;True;False;False;False;108;0.50;18.50;False;True;False;False;1;501.8922517973688;0;501.8922517973688;501.8922517973688
490;51.50;5.50;True;False;False;False;312;49.50;1.50;True;False;False;False;1;11.095822543953545;0;11.095822543953545;11.095822543953545
490;51.50;5.50;True;False;False;False;341;34.50;2.50;True;False;False;False;1;20.891666666662786;0;20.891666666662786;20.891666666662786
490;51.50;5.50;True;False;False;False;458;19.50;5.50;True;False;False;False;1;25.872222222222263;0;25.872222222222263;25.872222222222263
490;51.50;5.50;True;False;False;False;485;46.50;5.50;True;False;False;False;1;7.4644444444438705;0;7.4644444444438705;7.4644444444438705
490;51.50;5.50;True;False;False;False;668;9.50;10.50;True;False;False;False;1;43.222231022054984;0;43.222231022054984;43.222231022054984
490;51.50;5.50;True;False;False;False;701;42.50;10.50;True;False;False;False;1;16.996298693937206;0;16.996298693937206;16.996298693937206
490;51.50;5.50;True;False;False;False;748;45.50;11.50;True;False;False;False;1;15.428148945244175;0;15.428148945244175;15.428148945244175
490;51.50;5.50;True;False;False;False;821;30.50;13.50;True;False;False;False;1;26.99852091615685;0;26.99852091615685;26.99852091615685
490;51.50;5.50;True;False;False;False;822;31.50;13.50;True;False;False;False;3;32.0836325241944;26.001842628101134;26.424388932671718;36.320934719392426
490;51.50;5.50;True;False;False;False;867;32.50;14.50;True;False;False;False;1;26.120093791412728;0;26.120093791412728;26.120093791412728
490;51.50;5.50;True;False;False;False;940;17.50;16.50;True;False;False;False;1;38.02844709661076;0;38.02844709661076;38.02844709661076
490;51.50;5.50;True;False;False;False;1013;46.50;17.50;True;False;False;False;1;18.670659734645596;0;18.670659734645596;18.670659734645596
490;51.50;5.50;True;False;False;False;1126;27.50;20.50;True;False;False;False;1;33.76796189137167;0;33.76796189137167;33.76796189137167
491;52.50;5.50;True;False;False;False;12;61.50;3.50;False;False;True;False;5;82.41797038339632;1432.9758961064426;18.946851054756987;108.31212603950007
491;52.50;5.50;True;False;False;False;28;61.50;9.50;False;False;True;False;6;78.98659355440441;249.62056148038877;60.937135623709764;98.54270496917525
491;52.50;5.50;True;False;False;False;44;61.50;15.50;False;False;True;False;3;78.61556701448262;553.4849304616023;65.0056333732864;105.78133465855717
491;52.50;5.50;True;False;False;False;76;0.50;6.50;False;True;False;False;1;552.6731161754105;0;552.6731161754105;552.6731161754105
491;52.50;5.50;True;False;False;False;108;0.50;18.50;False;True;False;False;1;617.0432928975897;0;617.0432928975897;617.0432928975897
491;52.50;5.50;True;False;False;False;304;41.50;1.50;True;False;False;False;1;16.93260377734714;0;16.93260377734714;16.93260377734714
491;52.50;5.50;True;False;False;False;685;26.50;10.50;True;False;False;False;1;27.90019797048444;0;27.90019797048444;27.90019797048444
491;52.50;5.50;True;False;False;False;691;32.50;10.50;True;False;False;False;1;23.33026698839535;0;23.33026698839535;23.33026698839535
491;52.50;5.50;True;False;False;False;733;30.50;11.50;True;False;False;False;1;26.00388888888847;0;26.00388888888847;26.00388888888847
491;52.50;5.50;True;False;False;False;734;31.50;11.50;True;False;False;False;1;24.785739140192163;0;24.785739140192163;24.785739140192163
491;52.50;5.50;True;False;False;False;821;30.50;13.50;True;False;False;False;6;33.95458718423288;104.80125288718718;26.73601412496282;52.84332614041705
491;52.50;5.50;True;False;False;False;822;31.50;13.50;True;False;False;False;1;26.590347197397932;0;26.590347197397932;26.590347197397932
491;52.50;5.50;True;False;False;False;865;30.50;14.50;True;False;False;False;1;28.255930721205004;0;28.255930721205004;28.255930721205004
491;52.50;5.50;True;False;False;False;866;31.50;14.50;True;False;False;False;2;28.58725138387217;3.9917173047421888;27.174502767744343;30
491;52.50;5.50;True;False;False;False;1330;11.50;25.50;True;False;False;False;1;47.61887850122366;0;47.61887850122366;47.61887850122366
536;9.50;7.50;True;False;False;False;12;61.50;3.50;False;False;True;False;1;110.92587956727584;0;110.92587956727584;110.92587956727584
536;9.50;7.50;True;False;False;False;304;41.50;1.50;True;False;False;False;1;33.15757980729495;0;33.15757980729495;33.15757980729495
536;9.50;7.50;True;False;False;False;1092;37.50;19.50;True;False;False;False;1;46.16957767861459;0;46.16957767861459;46.16957767861459
538;11.50;7.50;True;False;False;False;28;61.50;9.50;False;False;True;False;2;101.80421556146393;1013.8463704351865;79.28926085980856;124.3191702631193
538;11.50;7.50;True;False;False;False;349;42.50;2.50;True;False;False;False;1;30.839909403323418;0;30.839909403323418;30.839909403323418
538;11.50;7.50;True;False;False;False;475;36.50;5.50;True;False;False;False;1;25.44303273366677;0;25.44303273366677;25.44303273366677
538;11.50;7.50;True;False;False;False;1229;42.50;22.50;True;False;False;False;1;37.726385292415216;0;37.726385292415216;37.726385292415216
542;15.50;7.50;True;False;False;False;12;61.50;3.50;False;False;True;False;1;84.95621209545334;0;84.95621209545334;84.95621209545334
542;15.50;7.50;True;False;False;False;28;61.50;9.50;False;False;True;False;1;156.14102212131547;0;156.14102212131547;156.14102212131547
542;15.50;7.50;True;False;False;False;754;51.50;11.50;True;False;False;False;1;42.19574313838439;0;42.19574313838439;42.19574313838439
542;15.50;7.50;True;False;False;False;1139;40.50;20.50;True;False;False;False;1;32.474819610099075;0;32.474819610099075;32.474819610099075
543;16.50;7.50;True;False;False;False;44;61.50;15.50;False;False;True;False;2;80.05703983321746;1278.2135036061984;54.77647908383733;105.33760058259759
543;16.50;7.50;True;False;False;False;76;0.50;6.50;False;True;False;False;1;619.3018630492606;0;619.3018630492606;619.3018630492606
543;16.50;7.50;True;False;False;False;755;52.50;11.50;True;False;False;False;1;33.49443486023847;0;33.49443486023847;33.49443486023847
543;16.50;7.50;True;False;False;False;825;34.50;13.50;True;False;False;False;1;25.939163070206632;0;25.939163070206632;25.939163070206632
543;16.50;7.50;True;False;False;False;1221;34.50;22.50;True;False;False;False;1;29.01453823585325;0;29.01453823585325;29.01453823585325
544;17.50;7.50;True;False;False;False;483;44.50;5.50;True;False;False;False;1;29.454716234479292;0;29.454716234479292;29.454716234479292
546;19.50;7.50;True;False;False;False;28;61.50;9.50;False;False;True;False;1;163.47435145648342;0;163.47435145648342;163.47435145648342
546;19.50;7.50;True;False;False;False;44;61.50;15.50;False;False;True;False;1;138.29991659623556;0;138.29991659623556;138.29991659623556
546;19.50;7.50;True;False;False;False;825;34.50;13.50;True;False;False;False;1;31.405833735058877;0;31.405833735058877;31.405833735058877
546;19.50;7.50;True;False;False;False;1146;47.50;20.50;True;False;False;False;1;46.60222541695475;0;46.60222541695475;46.60222541695475
547;20.50;7.50;True;False;False;False;12;61.50;3.50;False;False;True;False;2;126.4833333333313;1210.6842359167981;101.8796320272595;151.0870346394031
547;20.50;7.50;True;False;False;False;28;61.50;9.50;False;False;True;False;3;125.55900169446795;679.9099417202001;100.81882975775807;152.79020677030348
547;20.50;7.50;True;False;False;False;44;61.50;15.50;False;False;True;False;1;58.69592752646349;0;58.69592752646349;58.69592752646349
547;20.50;7.50;True;False;False;False;60;61.50;21.50;False;False;True;False;1;169.08359152190042;0;169.08359152190042;169.08359152190042
547;20.50;7.50;True;False;False;False;486;47.50;5.50;True;False;False;False;1;30.02463202725994;0;30.02463202725994;30.02463202725994
547;20.50;7.50;True;False;False;False;573;46.50;7.50;True;False;False;False;1;30.922219027483152;0;30.922219027483152;30.922219027483152
547;20.50;7.50;True;False;False;False;577;50.50;7.50;True;False;False;False;1;23.42352091615976;0;23.42352091615976;23.42352091615976
547;20.50;7.50;True;False;False;False;749;46.50;11.50;True;False;False;False;1;27.104414065846868;0;27.104414065846868;27.104414065846868
547;20.50;7.50;True;False;False;False;970;47.50;16.50;True;False;False;False;1;31.67498322289157;0;31.67498322289157;31.67498322289157
547;20.50;7.50;True;False;False;False;1011;44.50;17.50;True;False;False;False;1;30.273701306057774;0;30.273701306057774;30.273701306057774
547;20.50;7.50;True;False;False;False;1104;49.50;19.50;True;False;False;False;1;49.52749959826724;0;49.52749959826724;49.52749959826724
548;21.50;7.50;True;False;False;False;12;61.50;3.50;False;False;True;False;2;135.18626245036103;1259.764639140715;110.08880601409328;160.28371888662878
548;21.50;7.50;True;False;False;False;28;61.50;9.50;False;False;True;False;2;172.71089341922016;2411.8119895502246;137.9847362063192;207.4370506321211
548;21.50;7.50;True;False;False;False;485;46.50;5.50;True;False;False;False;1;29.05064934697657;0;29.05064934697657;29.05064934697657
548;21.50;7.50;True;False;False;False;491;52.50;5.50;True;False;False;False;1;29.101096725240495;0;29.101096725240495;29.101096725240495
548;21.50;7.50;True;False;False;False;605;34.50;8.50;True;False;False;False;1;15.3576871810983;0;15.3576871810983;15.3576871810983
548;21.50;7.50;True;False;False;False;960;37.50;16.50;True;False;False;False;1;23.794293610590103;0;23.794293610590103;23.794293610590103
549;22.50;7.50;True;False;False;False;12;61.50;3.50;False;False;True;False;2;79.38315134605;2.1976055768165077;78.3349134014934;80.4313892906066
549;22.50;7.50;True;False;False;False;1105;50.50;19.50;True;False;False;False;1;33.784447639176506;0;33.784447639176506;33.784447639176506
551;24.50;7.50;True;False;False;False;12;61.50;3.50;False;False;True;False;2;60.79315267395941;838.8530287307003;40.313247538306314;81.27305780961251
551;24.50;7.50;True;False;False;False;572;45.50;7.50;True;False;False;False;1;17.17592352828524;0;17.17592352828524;17.17592352828524
551;24.50;7.50;True;False;False;False;577;50.50;7.50;True;False;False;False;1;21.890834538498893;0;21.890834538498893;21.890834538498893
551;24.50;7.50;True;False;False;False;837;46.50;13.50;True;False;False;False;1;28.79203863758812;0;28.79203863758812;28.79203863758812
552;25.50;7.50;True;False;False;False;12;61.50;3.50;False;False;True;False;4;105.17627384957132;22.10225365240838;100.92583692978587;111.77378870799657
552;25.50;7.50;True;False;False;False;28;61.50;9.50;False;False;True;False;1;174.0834426759502;0;174.0834426759502;174.0834426759502
552;25.50;7.50;True;False;False;False;60;61.50;21.50;False;False;True;False;1;64.66472981687184;0;64.66472981687184;64.66472981687184
552;25.50;7.50;True;False;False;False;543;16.50;7.50;True;False;False;False;1;10.212316013634336;0;10.212316013634336;10.212316013634336
552;25.50;7.50;True;False;False;False;567;40.50;7.50;True;False;False;False;1;25.65663106408283;0;25.65663106408283;25.65663106408283
552;25.50;7.50;True;False;False;False;699;40.50;10.50;True;False;False;False;1;18.542316013635173;0;18.542316013635173;18.542316013635173
552;25.50;7.50;True;False;False;False;877;42.50;14.50;True;False;False;False;1;27.81748921061262;0;27.81748921061262;27.81748921061262
552;25.50;7.50;True;False;False;False;1145;46.50;20.50;True;False;False;False;1;29.065159614570803;0;29.065159614570803;29.065159614570803
553;26.50;7.50;True;False;False;False;12;61.50;3.50;False;False;True;False;1;203.18152421017658;0;203.18152421017658;203.18152421017658
554;27.50;7.50;True;False;False;False;12;61.50;3.50;False;False;True;False;1;86.45945163734723;0;86.45945163734723;86.45945163734723
554;27.50;7.50;True;False;False;False;28;61.50;9.50;False;False;True;False;1;141.52845511207943;0;141.52845511207943;141.52845511207943
554;27.50;7.50;True;False;False;False;92;0.50;12.50;False;True;False;False;1;272.39694804091414;0;272.39694804091414;272.39694804091414
554;27.50;7.50;True;False;False;False;573;46.50;7.50;True;False;False;False;1;16.386200904335055;0;16.386200904335055;16.386200904335055
554;27.50;7.50;True;False;False;False;701;42.50;10.50;True;False;False;False;1;19.03398268030287;0;19.03398268030287;19.03398268030287
554;27.50;7.50;True;False;False;False;820;29.50;13.50;True;False;False;False;1;12.484357042503689;0;12.484357042503689;12.484357042503689
556;29.50;7.50;True;False;False;False;12;61.50;3.50;False;False;True;False;1;120.7026887879947;0;120.7026887879947;120.7026887879947
556;29.50;7.50;True;False;False;False;28;61.50;9.50;False;False;True;False;2;79.2857503312971;1809.3567162654235;49.2078787621067;109.36362190048749
556;29.50;7.50;True;False;False;False;44;61.50;15.50;False;False;True;False;1;57.97491420494407;0;57.97491420494407;57.97491420494407
556;29.50;7.50;True;False;False;False;590;19.50;8.50;True;False;False;False;1;14.405166287513566;0;14.405166287513566;14.405166287513566
556;29.50;7.50;True;False;False;False;733;30.50;11.50;True;False;False;False;1;9.452319208365225;0;9.452319208365225;9.452319208365225
556;29.50;7.50;True;False;False;False;749;46.50;11.50;True;False;False;False;1;20.63380229039103;0;20.63380229039103;20.63380229039103
556;29.50;7.50;True;False;False;False;998;31.50;17.50;True;False;False;False;1;19.034632027269254;0;19.034632027269254;19.034632027269254
557;30.50;7.50;True;False;False;False;12;61.50;3.50;False;False;True;False;1;116.75231201545034;0;116.75231201545034;116.75231201545034
558;31.50;7.50;True;False;False;False;12;61.50;3.50;False;False;True;False;1;137.20203624629903;0;137.20203624629903;137.20203624629903
559;32.50;7.50;True;False;False;False;12;61.50;3.50;False;False;True;False;5;107.56804376821984;265.9852833699619;91.56610791637559;134.45993178553908
559;32.50;7.50;True;False;False;False;28;61.50;9.50;False;False;True;False;2;130.7264893011893;3660.146202124171;87.94713562371908;173.50584297865953
559;32.50;7.50;True;False;False;False;76;0.50;6.50;False;True;False;False;1;603.692321618666;0;603.692321618666;603.692321618666
559;32.50;7.50;True;False;False;False;92;0.50;12.50;False;True;False;False;1;270.025085795035;0;270.025085795035;270.025085795035
559;32.50;7.50;True;False;False;False;577;50.50;7.50;True;False;False;False;1;16.23963202726918;0;16.23963202726918;16.23963202726918
559;32.50;7.50;True;False;False;False;733;30.50;11.50;True;False;False;False;1;11.307962165868958;0;11.307962165868958;11.307962165868958
559;32.50;7.50;True;False;False;False;734;31.50;11.50;True;False;False;False;2;11.138818675335642;6.362061924305562;9.355274181314599;12.922363169356686
559;32.50;7.50;True;False;False;False;821;30.50;13.50;True;False;False;False;1;15.56166666666104;0;15.56166666666104;15.56166666666104
559;32.50;7.50;True;False;False;False;822;31.50;13.50;True;False;False;False;1;10.507049025240121;0;10.507049025240121;10.507049025240121
559;32.50;7.50;True;False;False;False;866;31.50;14.50;True;False;False;False;1;11.672402612122823;0;11.672402612122823;11.672402612122823
559;32.50;7.50;True;False;False;False;867;32.50;14.50;True;False;False;False;1;9.241572875252132;0;9.241572875252132;9.241572875252132
559;32.50;7.50;True;False;False;False;872;37.50;14.50;True;False;False;False;1;15.32638609587866;0;15.32638609587866;15.32638609587866
561;34.50;7.50;True;False;False;False;12;61.50;3.50;False;False;True;False;7;122.97571118670515;1450.97835031329;71.89880867987085;180.75870396183745
561;34.50;7.50;True;False;False;False;28;61.50;9.50;False;False;True;False;2;100.66000479209833;65.43907399329859;94.93990540514278;106.38010417905389
561;34.50;7.50;True;False;False;False;60;61.50;21.50;False;False;True;False;1;121.88297255351426;0;121.88297255351426;121.88297255351426
561;34.50;7.50;True;False;False;False;76;0.50;6.50;False;True;False;False;1;683.900348501819;0;683.900348501819;683.900348501819
561;34.50;7.50;True;False;False;False;349;42.50;2.50;True;False;False;False;1;15.158247802759433;0;15.158247802759433;15.158247802759433
561;34.50;7.50;True;False;False;False;574;47.50;7.50;True;False;False;False;1;12.546200904354919;0;12.546200904354919;12.546200904354919
561;34.50;7.50;True;False;False;False;733;30.50;11.50;True;False;False;False;1;22.122871569190693;0;22.122871569190693;22.122871569190693
561;34.50;7.50;True;False;False;False;734;31.50;11.50;True;False;False;False;1;11.383701306045623;0;11.383701306045623;11.383701306045623
561;34.50;7.50;True;False;False;False;820;29.50;13.50;True;False;False;False;2;23.022997516394753;75.11150631481058;16.89472262394702;29.151272408842487
561;34.50;7.50;True;False;False;False;821;30.50;13.50;True;False;False;False;1;23.891021317882405;0;23.891021317882405;23.891021317882405
561;34.50;7.50;True;False;False;False;822;31.50;13.50;True;False;False;False;4;15.673653410805855;19.072442091733375;13.000457765945612;22.176847056573024
562;35.50;7.50;True;False;False;False;12;61.50;3.50;False;False;True;False;6;113.46438272663022;952.4843573399862;69.86148308202428;154.70032887057596
562;35.50;7.50;True;False;False;False;28;61.50;9.50;False;False;True;False;5;129.11708196135177;200.29736809688956;108.76417026311901;141.8014183266614
562;35.50;7.50;True;False;False;False;92;0.50;12.50;False;True;False;False;1;283.83577856401826;0;283.83577856401826;283.83577856401826
562;35.50;7.50;True;False;False;False;108;0.50;18.50;False;True;False;False;3;599.0365919775104;347.4795966558803;577.5202933687506;610.3107522215905
562;35.50;7.50;True;False;False;False;344;37.50;2.50;True;False;False;False;1;12.51111111111095;0;12.51111111111095;12.51111111111095
562;35.50;7.50;True;False;False;False;422;27.50;4.50;True;False;False;False;1;15.980000000003201;0;15.980000000003201;15.980000000003201
562;35.50;7.50;True;False;False;False;476;37.50;5.50;True;False;False;False;1;9.811475085658003;0;9.811475085658003;9.811475085658003
562;35.50;7.50;True;False;False;False;578;51.50;7.50;True;False;False;False;1;13.947128430803787;0;13.947128430803787;13.947128430803787
562;35.50;7.50;True;False;False;False;820;29.50;13.50;True;False;False;False;2;21.80336344234547;23.006158570956355;18.41174446529658;25.194982419394364
562;35.50;7.50;True;False;False;False;821;30.50;13.50;True;False;False;False;4;16.811800496470823;12.292567520370351;14.034441249707015;21.66407647172673
562;35.50;7.50;True;False;False;False;822;31.50;13.50;True;False;False;False;1;14.037587000216718;0;14.037587000216718;14.037587000216718
562;35.50;7.50;True;False;False;False;865;30.50;14.50;True;False;False;False;1;14.97658645764841;0;14.97658645764841;14.97658645764841
562;35.50;7.50;True;False;False;False;867;32.50;14.50;True;False;False;False;2;13.779067681427023;0.007535131640172717;13.71768718110252;13.840448181751526
562;35.50;7.50;True;False;False;False;997;30.50;17.50;True;False;False;False;1;16.988236347184284;0;16.988236347184284;16.988236347184284
563;36.50;7.50;True;False;False;False;12;61.50;3.50;False;False;True;False;5;113.13175410999754;1117.5404761165369;78.8554777378049;158.4844065790685
563;36.50;7.50;True;False;False;False;28;61.50;9.50;False;False;True;False;1;137.28223421678558;0;137.28223421678558;137.28223421678558
563;36.50;7.50;True;False;False;False;60;61.50;21.50;False;False;True;False;1;187.62120170776325;0;187.62120170776325;187.62120170776325
563;36.50;7.50;True;False;False;False;108;0.50;18.50;False;True;False;False;1;558.7119656405212;0;558.7119656405212;558.7119656405212
563;36.50;7.50;True;False;False;False;733;30.50;11.50;True;False;False;False;1;14.291104721625743;0;14.291104721625743;14.291104721625743
563;36.50;7.50;True;False;False;False;820;29.50;13.50;True;False;False;False;2;19.67420836853853;3.430018066110347;18.3646248343357;20.98379190274136
563;36.50;7.50;True;False;False;False;821;30.50;13.50;True;False;False;False;1;24.110003194735327;0;24.110003194735327;24.110003194735327
563;36.50;7.50;True;False;False;False;822;31.50;13.50;True;False;False;False;2;14.39296536060283;0.008888888888630188;14.326298693937133;14.459632027268526
563;36.50;7.50;True;False;False;False;864;29.50;14.50;True;False;False;False;1;32.59056274847808;0;32.59056274847808;32.59056274847808
563;36.50;7.50;True;False;False;False;865;30.50;14.50;True;False;False;False;1;16.130463351992148;0;16.130463351992148;16.130463351992148
564;37.50;7.50;True;False;False;False;12;61.50;3.50;False;False;True;False;8;94.16124584959846;276.2577690174529;76.48136132235959;129.26506664571207
564;37.50;7.50;True;False;False;False;28;61.50;9.50;False;False;True;False;2;134.20388353429485;3637.9978563467216;91.55415987547894;176.85360719311075
564;37.50;7.50;True;False;False;False;447;52.50;4.50;True;False;False;False;1;19.998820183895077;0;19.998820183895077;19.998820183895077
564;37.50;7.50;True;False;False;False;475;36.50;5.50;True;False;False;False;1;8.32703463938742;0;8.32703463938742;8.32703463938742
564;37.50;7.50;True;False;False;False;490;51.50;5.50;True;False;False;False;1;17.076021317881896;0;17.076021317881896;17.076021317881896
564;37.50;7.50;True;False;False;False;569;42.50;7.50;True;False;False;False;1;7.373985875041399;0;7.373985875041399;7.373985875041399
564;37.50;7.50;True;False;False;False;574;47.50;7.50;True;False;False;False;1;10.62397948556736;0;10.62397948556736;10.62397948556736
564;37.50;7.50;True;False;False;False;733;30.50;11.50;True;False;False;False;2;14.372188899374578;0.37818163522653;13.937343159354896;14.80703463939426
564;37.50;7.50;True;False;False;False;752;49.50;11.50;True;False;False;False;1;18.240395401964633;0;18.240395401964633;18.240395401964633
564;37.50;7.50;True;False;False;False;820;29.50;13.50;True;False;False;False;1;16.31760058261716;0;16.31760058261716;16.31760058261716
564;37.50;7.50;True;False;False;False;1328;9.50;25.50;True;False;False;False;1;38.473362889373675;0;38.473362889373675;38.473362889373675
566;39.50;7.50;True;False;False;False;12;61.50;3.50;False;False;True;False;6;123.09154471004422;1294.093522172533;90.83524860439866;189.57981561189808
566;39.50;7.50;True;False;False;False;28;61.50;9.50;False;False;True;False;1;145.0685209161602;0;145.0685209161602;145.0685209161602
566;39.50;7.50;True;False;False;False;44;61.50;15.50;False;False;True;False;2;129.3913026921182;1513.7431116535977;101.8800039981852;156.90260138605117
566;39.50;7.50;True;False;False;False;573;46.50;7.50;True;False;False;False;1;8.531947237454915;0;8.531947237454915;8.531947237454915
566;39.50;7.50;True;False;False;False;576;49.50;7.50;True;False;False;False;1;9.817402612119622;0;9.817402612119622;9.817402612119622
566;39.50;7.50;True;False;False;False;605;34.50;8.50;True;False;False;False;1;10.548807704932187;0;10.548807704932187;10.548807704932187
566;39.50;7.50;True;False;False;False;701;42.50;10.50;True;False;False;False;1;10.553333333331466;0;10.553333333331466;10.553333333331466
566;39.50;7.50;True;False;False;False;821;30.50;13.50;True;False;False;False;1;16.898427124748196;0;16.898427124748196;16.898427124748196
566;39.50;7.50;True;False;False;False;837;46.50;13.50;True;False;False;False;1;15.864831122806208;0;15.864831122806208;15.864831122806208
566;39.50;7.50;True;False;False;False;843;52.50;13.50;True;False;False;False;1;19.708126525074476;0;19.708126525074476;19.708126525074476
566;39.50;7.50;True;False;False;False;867;32.50;14.50;True;False;False;False;2;19.559958298121842;0.9772701737617958;18.860933915942724;20.25898268030096
566;39.50;7.50;True;False;False;False;1283;52.50;23.50;True;False;False;False;1;29.68132055613387;0;29.68132055613387;29.68132055613387
567;40.50;7.50;True;False;False;False;12;61.50;3.50;False;False;True;False;5;99.63555832493276;1027.367450605991;67.45222302566617;135.77038235858163
567;40.50;7.50;True;False;False;False;28;61.50;9.50;False;False;True;False;2;112.63010072429825;287.98150621865267;100.6304860175951;124.62971543100139
567;40.50;7.50;True;False;False;False;44;61.50;15.50;False;False;True;False;2;119.80406927879378;905.9206321172309;98.52120490252582;141.08693365506173
567;40.50;7.50;True;False;False;False;76;0.50;6.50;False;True;False;False;2;555.9915070313737;1570.1882352747464;527.9719760282078;584.0110380345395
567;40.50;7.50;True;False;False;False;303;40.50;1.50;True;False;False;False;1;9.002363169358432;0;9.002363169358432;9.002363169358432
567;40.50;7.50;True;False;False;False;471;32.50;5.50;True;False;False;False;1;13.681858247673517;0;13.681858247673517;13.681858247673517
567;40.50;7.50;True;False;False;False;547;20.50;7.50;True;False;False;False;1;17.32110950421884;0;17.32110950421884;17.32110950421884
567;40.50;7.50;True;False;False;False;577;50.50;7.50;True;False;False;False;1;10.20795258166072;0;10.20795258166072;10.20795258166072
567;40.50;7.50;True;False;False;False;820;29.50;13.50;True;False;False;False;1;19.15757839093385;0;19.15757839093385;19.15757839093385
567;40.50;7.50;True;False;False;False;821;30.50;13.50;True;False;False;False;3;18.565036862513807;0.3569604516793254;17.883068755225395;18.996298693935387
567;40.50;7.50;True;False;False;False;864;29.50;14.50;True;False;False;False;1;19.642777777775336;0;19.642777777775336;19.642777777775336
567;40.50;7.50;True;False;False;False;865;30.50;14.50;True;False;False;False;2;18.47764908522231;0.0896324023269565;18.26595071214524;18.68934745829938
568;41.50;7.50;True;False;False;False;12;61.50;3.50;False;False;True;False;4;86.53580927338876;224.4840972543584;65.657345569678;99.35629230445556
568;41.50;7.50;True;False;False;False;44;61.50;15.50;False;False;True;False;1;164.90350656846022;0;164.90350656846022;164.90350656846022
568;41.50;7.50;True;False;False;False;92;0.50;12.50;False;True;False;False;1;259.761758870216;0;259.761758870216;259.761758870216
568;41.50;7.50;True;False;False;False;455;16.50;5.50;True;False;False;False;1;29.68380229039758;0;29.68380229039758;29.68380229039758
568;41.50;7.50;True;False;False;False;569;42.50;7.50;True;False;False;False;1;3.829725818683073;0;3.829725818683073;3.829725818683073
568;41.50;7.50;True;False;False;False;700;41.50;10.50;True;False;False;False;1;5.612409805049538;0;5.612409805049538;5.612409805049538
568;41.50;7.50;True;False;False;False;704;45.50;10.50;True;False;False;False;1;11.817232609872008;0;11.817232609872008;11.817232609872008
568;41.50;7.50;True;False;False;False;734;31.50;11.50;True;False;False;False;1;16.170010387657385;0;16.170010387657385;16.170010387657385
568;41.50;7.50;True;False;False;False;821;30.50;13.50;True;False;False;False;1;32.69760458079327;0;32.69760458079327;32.69760458079327
569;42.50;7.50;True;False;False;False;12;61.50;3.50;False;False;True;False;6;99.9127254630145;50.782088595688805;89.51353849672523;110.53991340149514
569;42.50;7.50;True;False;False;False;28;61.50;9.50;False;False;True;False;3;118.29606456987555;2107.8454322064185;78.23121289890696;168.39427124743816
569;42.50;7.50;True;False;False;False;44;61.50;15.50;False;False;True;False;2;113.65787179617655;594.6954887794037;96.41409772001498;130.90164587233812
569;42.50;7.50;True;False;False;False;76;0.50;6.50;False;True;False;False;1;53.85166986140209;0;53.85166986140209;53.85166986140209
569;42.50;7.50;True;False;False;False;341;34.50;2.50;True;False;False;False;1;15.036111111116043;0;15.036111111116043;15.036111111116043
569;42.50;7.50;True;False;False;False;442;47.50;4.50;True;False;False;False;1;12.530646152230474;0;12.530646152230474;12.530646152230474
569;42.50;7.50;True;False;False;False;476;37.50;5.50;True;False;False;False;1;10.899538235858927;0;10.899538235858927;10.899538235858927
569;42.50;7.50;True;False;False;False;753;50.50;11.50;True;False;False;False;1;15.731937653250498;0;15.731937653250498;15.731937653250498
569;42.50;7.50;True;False;False;False;754;51.50;11.50;True;False;False;False;1;15.60750359647136;0;15.60750359647136;15.60750359647136
569;42.50;7.50;True;False;False;False;820;29.50;13.50;True;False;False;False;3;19.449841270671943;0.07398865290331481;19.21176045807806;19.746298693935387
569;42.50;7.50;True;False;False;False;821;30.50;13.50;True;False;False;False;1;18.85751078938847;0;18.85751078938847;18.85751078938847
569;42.50;7.50;True;False;False;False;825;34.50;13.50;True;False;False;False;1;15.851760458079639;0;15.851760458079639;15.851760458079639
569;42.50;7.50;True;False;False;False;865;30.50;14.50;True;False;False;False;1;19.37093952102896;0;19.37093952102896;19.37093952102896
569;42.50;7.50;True;False;False;False;1368;49.50;25.50;True;False;False;False;1;23.679344263568055;0;23.679344263568055;23.679344263568055
571;44.50;7.50;True;False;False;False;12;61.50;3.50;False;False;True;False;8;97.73545167301816;555.890363304962;52.4366666666574;123.03546576231747
571;44.50;7.50;True;False;False;False;28;61.50;9.50;False;False;True;False;5;92.15945115528832;293.9612790405835;78.73889527834035;115.68028217769017
571;44.50;7.50;True;False;False;False;124;0.50;24.50;False;True;False;False;1;596.2304170972402;0;596.2304170972402;596.2304170972402
571;44.50;7.50;True;False;False;False;315;52.50;1.50;True;False;False;False;1;16.621201707785076;0;16.621201707785076;16.621201707785076
571;44.50;7.50;True;False;False;False;483;44.50;5.50;True;False;False;False;1;5.202041832293617;0;5.202041832293617;5.202041832293617
571;44.50;7.50;True;False;False;False;732;29.50;11.50;True;False;False;False;2;24.032409805044722;32.4713333701183;20.003059152016476;28.061760458072968
571;44.50;7.50;True;False;False;False;734;31.50;11.50;True;False;False;False;1;19.20879829221667;0;19.20879829221667;19.20879829221667
571;44.50;7.50;True;False;False;False;805;14.50;13.50;True;False;False;False;1;31.954869099876305;0;31.954869099876305;31.954869099876305
571;44.50;7.50;True;False;False;False;818;27.50;13.50;True;False;False;False;1;23.06945563555223;0;23.06945563555223;23.06945563555223
571;44.50;7.50;True;False;False;False;820;29.50;13.50;True;False;False;False;2;21.746833072420486;0.03831462623453829;21.60842312654495;21.885243018296023
571;44.50;7.50;True;False;False;False;821;30.50;13.50;True;False;False;False;2;23.868897679184556;21.158571587777505;20.616316274532437;27.121479083836675
571;44.50;7.50;True;False;False;False;822;31.50;13.50;True;False;False;False;2;19.522831464684714;0.004591056953582172;19.47491979098413;19.570743138385296
571;44.50;7.50;True;False;False;False;864;29.50;14.50;True;False;False;False;1;22.254254279831002;0;22.254254279831002;22.254254279831002
572;45.50;7.50;True;False;False;False;12;61.50;3.50;False;False;True;False;8;82.6923819253683;991.0523183082271;8.059783626496937;107.63376844263985
572;45.50;7.50;True;False;False;False;28;61.50;9.50;False;False;True;False;2;112.28147828991678;1188.0556834549282;87.90879190274427;136.65416467708928
572;45.50;7.50;True;False;False;False;44;61.50;15.50;False;False;True;False;1;83.47259019492776;0;83.47259019492776;83.47259019492776
572;45.50;7.50;True;False;False;False;76;0.50;6.50;False;True;False;False;1;553.4003479818111;0;553.4003479818111;553.4003479818111
572;45.50;7.50;True;False;False;False;92;0.50;12.50;False;True;False;False;2;265.34361390412187;49.71323935347934;260.3579725535292;270.32925525471455
572;45.50;7.50;True;False;False;False;124;0.50;24.50;False;True;False;False;1;570.8203277264365;0;570.8203277264365;570.8203277264365
572;45.50;7.50;True;False;False;False;447;52.50;4.50;True;False;False;False;1;13.282135623714566;0;13.282135623714566;13.282135623714566
572;45.50;7.50;True;False;False;False;485;46.50;5.50;True;False;False;False;1;8.335555555557221;0;8.335555555557221;8.335555555557221
572;45.50;7.50;True;False;False;False;576;49.50;7.50;True;False;False;False;1;5.712316013632517;0;5.712316013632517;5.712316013632517
572;45.50;7.50;True;False;False;False;577;50.50;7.50;True;False;False;False;1;6.6509893514703435;0;6.6509893514703435;6.6509893514703435
572;45.50;7.50;True;False;False;False;734;31.50;11.50;True;False;False;False;1;19.124772974400912;0;19.124772974400912;19.124772974400912
572;45.50;7.50;True;False;False;False;803;12.50;13.50;True;False;False;False;1;33.62204183231006;0;33.62204183231006;33.62204183231006
572;45.50;7.50;True;False;False;False;813;22.50;13.50;True;False;False;False;1;26.445277376053127;0;26.445277376053127;26.445277376053127
572;45.50;7.50;True;False;False;False;821;30.50;13.50;True;False;False;False;1;27.50147908384315;0;27.50147908384315;27.50147908384315
572;45.50;7.50;True;False;False;False;822;31.50;13.50;True;False;False;False;4;22.27626951102218;14.57592173979959;20.133333333331393;27.981888871701813
572;45.50;7.50;True;False;False;False;864;29.50;14.50;True;False;False;False;1;25.52953504112247;0;25.52953504112247;25.52953504112247
572;45.50;7.50;True;False;False;False;865;30.50;14.50;True;False;False;False;1;21.811563291044877;0;21.811563291044877;21.811563291044877
572;45.50;7.50;True;False;False;False;867;32.50;14.50;True;False;False;False;1;20.44287476392492;0;20.44287476392492;20.44287476392492
573;46.50;7.50;True;False;False;False;12;61.50;3.50;False;False;True;False;8;88.72868655044454;190.90447125079837;70.52537197090533;104.71307034312485
573;46.50;7.50;True;False;False;False;28;61.50;9.50;False;False;True;False;6;81.14934581051496;596.8998872023884;40.120829736864835;115.37436903706157
573;46.50;7.50;True;False;False;False;44;61.50;15.50;False;False;True;False;1;126.30620490251931;0;126.30620490251931;126.30620490251931
573;46.50;7.50;True;False;False;False;76;0.50;6.50;False;True;False;False;1;582.118840665351;0;582.118840665351;582.118840665351
573;46.50;7.50;True;False;False;False;108;0.50;18.50;False;True;False;False;1;582.3577993565013;0;582.3577993565013;582.3577993565013
573;46.50;7.50;True;False;False;False;481;42.50;5.50;True;False;False;False;1;11.789909403327329;0;11.789909403327329;11.789909403327329
573;46.50;7.50;True;False;False;False;486;47.50;5.50;True;False;False;False;1;8.363333333334594;0;8.363333333334594;8.363333333334594
573;46.50;7.50;True;False;False;False;574;47.50;7.50;True;False;False;False;1;4.434819610109116;0;4.434819610109116;4.434819610109116
573;46.50;7.50;True;False;False;False;623;52.50;8.50;True;False;False;False;1;13.291197709608241;0;13.291197709608241;13.291197709608241
573;46.50;7.50;True;False;False;False;735;32.50;11.50;True;False;False;False;1;19.00861151283607;0;19.00861151283607;19.00861151283607
573;46.50;7.50;True;False;False;False;810;19.50;13.50;True;False;False;False;1;51.9013852924254;0;51.9013852924254;51.9013852924254
573;46.50;7.50;True;False;False;False;820;29.50;13.50;True;False;False;False;2;23.332732881161746;0.0003194931796985372;23.32009379140618;23.345371970917313
573;46.50;7.50;True;False;False;False;821;30.50;13.50;True;False;False;False;3;28.681673323952964;38.769323290659;21.647606972078393;33.48740980504954
573;46.50;7.50;True;False;False;False;822;31.50;13.50;True;False;False;False;5;21.11555316045651;0.04797613127584467;20.806758066781185;21.326201707786822
573;46.50;7.50;True;False;False;False;865;30.50;14.50;True;False;False;False;1;22.407041028867752;0;22.407041028867752;22.407041028867752
574;47.50;7.50;True;False;False;False;12;61.50;3.50;False;False;True;False;12;86.4022699245426;378.68328935470663;50.77287156919465;116.03666666665595
574;47.50;7.50;True;False;False;False;28;61.50;9.50;False;False;True;False;2;119.1611406767106;223.79460579663802;108.58298852719417;129.73929282622703
574;47.50;7.50;True;False;False;False;44;61.50;15.50;False;False;True;False;2;93.2429251238409;130.98809604370055;85.15008581851362;101.3357644291682
574;47.50;7.50;True;False;False;False;60;61.50;21.50;False;False;True;False;1;66.97573994363484;0;66.97573994363484;66.97573994363484
574;47.50;7.50;True;False;False;False;108;0.50;18.50;False;True;False;False;1;536.250205966815;0;536.250205966815;536.250205966815
574;47.50;7.50;True;False;False;False;124;0.50;24.50;False;True;False;False;1;609.2398481073469;0;609.2398481073469;609.2398481073469
574;47.50;7.50;True;False;False;False;313;50.50;1.50;True;False;False;False;1;13.669444444444707;0;13.669444444444707;13.669444444444707
574;47.50;7.50;True;False;False;False;315;52.50;1.50;True;False;False;False;1;14.500829736865853;0;14.500829736865853;14.500829736865853
574;47.50;7.50;True;False;False;False;420;25.50;4.50;True;False;False;False;1;23.2224098050483;0;23.2224098050483;23.2224098050483
574;47.50;7.50;True;False;False;False;485;46.50;5.50;True;False;False;False;1;10.133333333334122;0;10.133333333334122;10.133333333334122
574;47.50;7.50;True;False;False;False;491;52.50;5.50;True;False;False;False;1;11.679260056353087;0;11.679260056353087;11.679260056353087
574;47.50;7.50;True;False;False;False;564;37.50;7.50;True;False;False;False;1;10.348598733911786;0;10.348598733911786;10.348598733911786
574;47.50;7.50;True;False;False;False;733;30.50;11.50;True;False;False;False;1;21.298516917973757;0;21.298516917973757;21.298516917973757
574;47.50;7.50;True;False;False;False;820;29.50;13.50;True;False;False;False;1;22.511760458077333;0;22.511760458077333;22.511760458077333
574;47.50;7.50;True;False;False;False;821;30.50;13.50;True;False;False;False;2;32.5563523808396;202.67339376865755;22.489739401076804;42.62296536060239
574;47.50;7.50;True;False;False;False;822;31.50;13.50;True;False;False;False;5;22.964945963371793;3.2810402646226;21.7406461522296;26.112600582611776
574;47.50;7.50;True;False;False;False;864;29.50;14.50;True;False;False;False;1;33.09481561191387;0;33.09481561191387;33.09481561191387
574;47.50;7.50;True;False;False;False;997;30.50;17.50;True;False;False;False;1;25.386118304035335;0;25.386118304035335;25.386118304035335
574;47.50;7.50;True;False;False;False;1097;42.50;19.50;True;False;False;False;1;18.866111111112332;0;18.866111111112332;18.866111111112332
574;47.50;7.50;True;False;False;False;1412;49.50;26.50;True;False;False;False;1;21.8509235282836;0;21.8509235282836;21.8509235282836
576;49.50;7.50;True;False;False;False;12;61.50;3.50;False;False;True;False;8;89.77004909565755;200.03263597072137;73.7156605380776;113.84292111619243
576;49.50;7.50;True;False;False;False;28;61.50;9.50;False;False;True;False;8;111.64778835260336;1470.6524587431;67.40266001630152;195.3809474983318
576;49.50;7.50;True;False;False;False;44;61.50;15.50;False;False;True;False;2;91.9691666666613;138.04445734902575;83.66120490251524;100.27712843080735
576;49.50;7.50;True;False;False;False;60;61.50;21.50;False;False;True;False;1;111.77715720250853;0;111.77715720250853;111.77715720250853
576;49.50;7.50;True;False;False;False;124;0.50;24.50;False;True;False;False;1;576.2028483835393;0;576.2028483835393;576.2028483835393
576;49.50;7.50;True;False;False;False;407;12.50;4.50;True;False;False;False;1;35.27583293160774;0;35.27583293160774;35.27583293160774
576;49.50;7.50;True;False;False;False;437;42.50;4.50;True;False;False;False;1;14.436940847979713;0;14.436940847979713;14.436940847979713
576;49.50;7.50;True;False;False;False;440;45.50;4.50;True;False;False;False;1;11.203427124746668;0;11.203427124746668;11.203427124746668
576;49.50;7.50;True;False;False;False;441;46.50;4.50;True;False;False;False;1;10.69888169596743;0;10.69888169596743;10.69888169596743
576;49.50;7.50;True;False;False;False;444;49.50;4.50;True;False;False;False;1;7.177316817067549;0;7.177316817067549;7.177316817067549
576;49.50;7.50;True;False;False;False;551;24.50;7.50;True;False;False;False;1;20.510845214093933;0;20.510845214093933;20.510845214093933
576;49.50;7.50;True;False;False;False;708;49.50;10.50;True;False;False;False;1;5.8073411000559645;0;5.8073411000559645;5.8073411000559645
576;49.50;7.50;True;False;False;False;732;29.50;11.50;True;False;False;False;1;23.729775649164367;0;23.729775649164367;23.729775649164367
576;49.50;7.50;True;False;False;False;733;30.50;11.50;True;False;False;False;1;24.630555555555702;0;24.630555555555702;24.630555555555702
576;49.50;7.50;True;False;False;False;734;31.50;11.50;True;False;False;False;2;22.259731414236057;0.004871289239005518;22.21037916383648;22.309083664635637
576;49.50;7.50;True;False;False;False;820;29.50;13.50;True;False;False;False;3;27.916883276284654;32.640978837788936;24.41618380564796;34.5097330116032
576;49.50;7.50;True;False;False;False;821;30.50;13.50;True;False;False;False;1;36.964722623950365;0;36.964722623950365;36.964722623950365
576;49.50;7.50;True;False;False;False;822;31.50;13.50;True;False;False;False;3;23.92235100781363;0.5387174843271191;23.17925686162016;24.646851054756553
576;49.50;7.50;True;False;False;False;857;22.50;14.50;True;False;False;False;1;41.29777777777781;0;41.29777777777781;41.29777777777781
576;49.50;7.50;True;False;False;False;866;31.50;14.50;True;False;False;False;1;24.944444444437977;0;24.944444444437977;24.944444444437977
577;50.50;7.50;True;False;False;False;12;61.50;3.50;False;False;True;False;14;93.03879720997782;519.8295767736714;49.5274026121333;132.2432725761455
577;50.50;7.50;True;False;False;False;28;61.50;9.50;False;False;True;False;5;111.30643805878098;807.6527629256127;86.9621830819433;151.46372288481143
577;50.50;7.50;True;False;False;False;44;61.50;15.50;False;False;True;False;3;112.02406252067583;609.6306907909601;83.60417345785936;128.19948918984664
577;50.50;7.50;True;False;False;False;60;61.50;21.50;False;False;True;False;1;111.7571500095737;0;111.7571500095737;111.7571500095737
577;50.50;7.50;True;False;False;False;76;0.50;6.50;False;True;False;False;4;584.215737694017;154.70436077099285;565.6167420740057;591.630923623532
577;50.50;7.50;True;False;False;False;92;0.50;12.50;False;True;False;False;1;263.54954942696895;0;263.54954942696895;263.54954942696895
577;50.50;7.50;True;False;False;False;108;0.50;18.50;False;True;False;False;1;639.5051441418109;0;639.5051441418109;639.5051441418109
577;50.50;7.50;True;False;False;False;304;41.50;1.50;True;False;False;False;1;17.77833333332819;0;17.77833333332819;17.77833333332819
577;50.50;7.50;True;False;False;False;319;12.50;2.50;True;False;False;False;1;36.930555555557476;0;36.930555555557476;36.930555555557476
577;50.50;7.50;True;False;False;False;431;36.50;4.50;True;False;False;False;1;18.78860751465254;0;18.78860751465254;18.78860751465254
577;50.50;7.50;True;False;False;False;440;45.50;4.50;True;False;False;False;1;13.735739943645967;0;13.735739943645967;13.735739943645967
577;50.50;7.50;True;False;False;False;485;46.50;5.50;True;False;False;False;1;11.012690375820966;0;11.012690375820966;11.012690375820966
577;50.50;7.50;True;False;False;False;490;51.50;5.50;True;False;False;False;1;8.036760458079698;0;8.036760458079698;8.036760458079698
577;50.50;7.50;True;False;False;False;612;41.50;8.50;True;False;False;False;1;13.056037022644887;0;13.056037022644887;13.056037022644887
577;50.50;7.50;True;False;False;False;616;45.50;8.50;True;False;False;False;1;10.78555555555522;0;10.78555555555522;10.78555555555522
577;50.50;7.50;True;False;False;False;708;49.50;10.50;True;False;False;False;1;9.382128430806915;0;9.382128430806915;9.382128430806915
577;50.50;7.50;True;False;False;False;733;30.50;11.50;True;False;False;False;2;27.802692247221785;33.18249128030111;23.729456967968872;31.875927526474698
577;50.50;7.50;True;False;False;False;811;20.50;13.50;True;False;False;False;1;31.94913192628883;0;31.94913192628883;31.94913192628883
577;50.50;7.50;True;False;False;False;820;29.50;13.50;True;False;False;False;2;25.78382102849173;0.012152348014252723;25.705871211255726;25.861770845727733
577;50.50;7.50;True;False;False;False;821;30.50;13.50;True;False;False;False;5;29.95009091805259;134.56515726263729;23.816361322347802;50.674194252252164
577;50.50;7.50;True;False;False;False;822;31.50;13.50;True;False;False;False;4;26.78182820472375;29.480828682996858;23.104809222433687;34.852597387874994
577;50.50;7.50;True;False;False;False;823;32.50;13.50;True;False;False;False;1;23.50454732360231;0;23.50454732360231;23.50454732360231
577;50.50;7.50;True;False;False;False;864;29.50;14.50;True;False;False;False;1;35.7426871810967;0;35.7426871810967;35.7426871810967
577;50.50;7.50;True;False;False;False;866;31.50;14.50;True;False;False;False;1;24.30007701427712;0;24.30007701427712;24.30007701427712
577;50.50;7.50;True;False;False;False;1074;19.50;19.50;True;False;False;False;1;35.64009698614427;0;35.64009698614427;35.64009698614427
577;50.50;7.50;True;False;False;False;1076;21.50;19.50;True;False;False;False;1;43.385281374245096;0;43.385281374245096;43.385281374245096
577;50.50;7.50;True;False;False;False;1148;49.50;20.50;True;False;False;False;1;16.099260859805327;0;16.099260859805327;16.099260859805327
578;51.50;7.50;True;False;False;False;12;61.50;3.50;False;False;True;False;18;101.27137514004461;480.23863169153515;65.9540772751534;143.9046288325335
578;51.50;7.50;True;False;False;False;28;61.50;9.50;False;False;True;False;6;95.63451009598946;81.37585128520244;84.22473301158243;107.85648308201053
578;51.50;7.50;True;False;False;False;44;61.50;15.50;False;False;True;False;1;92.37936503886885;0;92.37936503886885;92.37936503886885
578;51.50;7.50;True;False;False;False;60;61.50;21.50;False;False;True;False;2;109.0489413801406;317.8772918398382;96.44185424948591;121.6560285107953
578;51.50;7.50;True;False;False;False;92;0.50;12.50;False;True;False;False;2;273.6209984017569;282.0724358477943;261.7451313629299;285.49686544058386
578;51.50;7.50;True;False;False;False;108;0.50;18.50;False;True;False;False;1;565.8850096032256;0;565.8850096032256;565.8850096032256
578;51.50;7.50;True;False;False;False;124;0.50;24.50;False;True;False;False;1;569.7329981304392;0;569.7329981304392;569.7329981304392
578;51.50;7.50;True;False;False;False;307;44.50;1.50;True;False;False;False;1;16.251951235633896;0;16.251951235633896;16.251951235633896
578;51.50;7.50;True;False;False;False;313;50.50;1.50;True;False;False;False;1;11.222777777773445;0;11.222777777773445;11.222777777773445
578;51.50;7.50;True;False;False;False;315;52.50;1.50;True;False;False;False;1;10.424170263124324;0;10.424170263124324;10.424170263124324
578;51.50;7.50;True;False;False;False;453;14.50;5.50;True;False;False;False;1;34.01972581867449;0;34.01972581867449;34.01972581867449
578;51.50;7.50;True;False;False;False;486;47.50;5.50;True;False;False;False;1;10.920464958880984;0;10.920464958880984;10.920464958880984
578;51.50;7.50;True;False;False;False;579;52.50;7.50;True;False;False;False;1;3.4528715691903926;0;3.4528715691903926;3.4528715691903926
578;51.50;7.50;True;False;False;False;587;16.50;8.50;True;False;False;False;1;30.38348867529203;0;30.38348867529203;30.38348867529203
578;51.50;7.50;True;False;False;False;733;30.50;11.50;True;False;False;False;1;24.030575527402107;0;24.030575527402107;24.030575527402107
578;51.50;7.50;True;False;False;False;745;42.50;11.50;True;False;False;False;1;15.865558750287164;0;15.865558750287164;15.865558750287164
578;51.50;7.50;True;False;False;False;747;44.50;11.50;True;False;False;False;1;14.153336528062937;0;14.153336528062937;14.153336528062937
578;51.50;7.50;True;False;False;False;820;29.50;13.50;True;False;False;False;2;26.401670263127016;0.009163217737348347;26.333982680302142;26.46935784595189
578;51.50;7.50;True;False;False;False;821;30.50;13.50;True;False;False;False;4;30.959118570546252;32.697984213166514;25.92222222221244;38.57564934696711
578;51.50;7.50;True;False;False;False;822;31.50;13.50;True;False;False;False;6;27.11919912928867;31.312103618784423;23.99269117928634;38.40323954190899
578;51.50;7.50;True;False;False;False;823;32.50;13.50;True;False;False;False;1;24.25953823585587;0;24.25953823585587;24.25953823585587
578;51.50;7.50;True;False;False;False;864;29.50;14.50;True;False;False;False;1;26.350645348784383;0;26.350645348784383;26.350645348784383
578;51.50;7.50;True;False;False;False;867;32.50;14.50;True;False;False;False;1;25.2057399436344;0;25.2057399436344;25.2057399436344
578;51.50;7.50;True;False;False;False;885;50.50;14.50;True;False;False;False;1;11.754076471712324;0;11.754076471712324;11.754076471712324
578;51.50;7.50;True;False;False;False;1084;29.50;19.50;True;False;False;False;1;36.39538235857117;0;36.39538235857117;36.39538235857117
578;51.50;7.50;True;False;False;False;1227;40.50;22.50;True;False;False;False;1;24.278242736654647;0;24.278242736654647;24.278242736654647
578;51.50;7.50;True;False;False;False;1412;49.50;26.50;True;False;False;False;1;21.29380229038361;0;21.29380229038361;21.29380229038361
578;51.50;7.50;True;False;False;False;1414;51.50;26.50;True;False;False;False;1;16.128246734839195;0;16.128246734839195;16.128246734839195
579;52.50;7.50;True;False;False;False;12;61.50;3.50;False;False;True;False;9;98.15319368433508;286.85992845709285;73.39574713656839;133.81806234673422
579;52.50;7.50;True;False;False;False;28;61.50;9.50;False;False;True;False;4;99.09791786707092;504.17727370174686;84.0867676509879;132.47129949738337
579;52.50;7.50;True;False;False;False;44;61.50;15.50;False;False;True;False;3;94.14649702675524;456.6864054466473;75.5944990766584;117.51341273888465
579;52.50;7.50;True;False;False;False;60;61.50;21.50;False;False;True;False;1;104.21293821490326;0;104.21293821490326;104.21293821490326
579;52.50;7.50;True;False;False;False;92;0.50;12.50;False;True;False;False;1;255.05417745603881;0;255.05417745603881;255.05417745603881
579;52.50;7.50;True;False;False;False;108;0.50;18.50;False;True;False;False;1;589.0117788420648;0;589.0117788420648;589.0117788420648
579;52.50;7.50;True;False;False;False;346;39.50;2.50;True;False;False;False;1;18.637965360590897;0;18.637965360590897;18.637965360590897
579;52.50;7.50;True;False;False;False;431;36.50;4.50;True;False;False;False;1;19.91583692979475;0;19.91583692979475;19.91583692979475
579;52.50;7.50;True;False;False;False;542;15.50;7.50;True;False;False;False;1;27.807683986360644;0;27.807683986360644;27.807683986360644
579;52.50;7.50;True;False;False;False;574;47.50;7.50;True;False;False;False;1;7.655375440066564;0;7.655375440066564;7.655375440066564
579;52.50;7.50;True;False;False;False;578;51.50;7.50;True;False;False;False;1;3.625923528285057;0;3.625923528285057;3.625923528285057
579;52.50;7.50;True;False;False;False;820;29.50;13.50;True;False;False;False;1;26.259639220189456;0;26.259639220189456;26.259639220189456
579;52.50;7.50;True;False;False;False;821;30.50;13.50;True;False;False;False;4;30.65357181004856;29.83536243345651;25.180653345152678;37.10167385958994
579;52.50;7.50;True;False;False;False;822;31.50;13.50;True;False;False;False;3;24.920153749596768;0.03610570695655882;24.807538776743968;25.13953823585325
579;52.50;7.50;True;False;False;False;867;32.50;14.50;True;False;False;False;1;33.80323634718388;0;33.80323634718388;33.80323634718388
579;52.50;7.50;True;False;False;False;870;35.50;14.50;True;False;False;False;1;27.145284568970965;0;27.145284568970965;27.145284568970965
579;52.50;7.50;True;False;False;False;1107;52.50;19.50;True;False;False;False;1;11.826201707786822;0;11.826201707786822;11.826201707786822
579;52.50;7.50;True;False;False;False;1133;34.50;20.50;True;False;False;False;1;30.114970982853265;0;30.114970982853265;30.114970982853265
579;52.50;7.50;True;False;False;False;1146;47.50;20.50;True;False;False;False;1;18.9557423349288;0;18.9557423349288;18.9557423349288
579;52.50;7.50;True;False;False;False;1329;10.50;25.50;True;False;False;False;1;46.63935465121904;0;46.63935465121904;46.63935465121904
580;9.50;8.50;True;False;False;False;60;61.50;21.50;False;False;True;False;1;109.71407566828293;0;109.71407566828293;109.71407566828293
580;9.50;8.50;True;False;False;False;309;46.50;1.50;True;False;False;False;1;42.34972262394763;0;42.34972262394763;42.34972262394763
580;9.50;8.50;True;False;False;False;567;40.50;7.50;True;False;False;False;1;27.84685105476001;0;27.84685105476001;27.84685105476001
583;12.50;8.50;True;False;False;False;60;61.50;21.50;False;False;True;False;1;133.34996089786;0;133.34996089786;133.34996089786
583;12.50;8.50;True;False;False;False;577;50.50;7.50;True;False;False;False;1;32.7002741813194;0;32.7002741813194;32.7002741813194
585;14.50;8.50;True;False;False;False;44;61.50;15.50;False;False;True;False;1;87.40105756598132;0;87.40105756598132;87.40105756598132
585;14.50;8.50;True;False;False;False;333;26.50;2.50;True;False;False;False;1;19.523621097042906;0;19.523621097042906;19.523621097042906
585;14.50;8.50;True;False;False;False;617;46.50;8.50;True;False;False;False;1;24.80114016629159;0;24.80114016629159;24.80114016629159
587;16.50;8.50;True;False;False;False;44;61.50;15.50;False;False;True;False;1;91.213241423211;0;91.213241423211;91.213241423211
590;19.50;8.50;True;False;False;False;28;61.50;9.50;False;False;True;False;3;84.68735340544299;115.51231660135642;76.12870930243662;96.74963922018651
590;19.50;8.50;True;False;False;False;44;61.50;15.50;False;False;True;False;1;76.43759419313801;0;76.43759419313801;76.43759419313801
590;19.50;8.50;True;False;False;False;562;35.50;7.50;True;False;False;False;1;17.26426005635585;0;17.26426005635585;17.26426005635585
590;19.50;8.50;True;False;False;False;577;50.50;7.50;True;False;False;False;1;28.142507594642666;0;28.142507594642666;28.142507594642666
590;19.50;8.50;True;False;False;False;1275;44.50;23.50;True;False;False;False;1;37.04450196430298;0;37.04450196430298;37.04450196430298
595;24.50;8.50;True;False;False;False;28;61.50;9.50;False;False;True;False;2;108.58832613090857;3287.8121138756187;68.04321474941389;149.13343751240325
595;24.50;8.50;True;False;False;False;92;0.50;12.50;False;True;False;False;2;274.13163614634686;0.012107512338671241;274.0538302585919;274.2094420341018
595;24.50;8.50;True;False;False;False;603;32.50;8.50;True;False;False;False;1;9.921810808453301;0;9.921810808453301;9.921810808453301
595;24.50;8.50;True;False;False;False;613;42.50;8.50;True;False;False;False;1;15.899906208578614;0;15.899906208578614;15.899906208578614
595;24.50;8.50;True;False;False;False;734;31.50;11.50;True;False;False;False;1;15.61602690390282;0;15.61602690390282;15.61602690390282
596;25.50;8.50;True;False;False;False;44;61.50;15.50;False;False;True;False;1;87.5075891170818;0;87.5075891170818;87.5075891170818
596;25.50;8.50;True;False;False;False;76;0.50;6.50;False;True;False;False;1;579.637185473233;0;579.637185473233;579.637185473233
596;25.50;8.50;True;False;False;False;574;47.50;7.50;True;False;False;False;1;21.04666666666526;0;21.04666666666526;21.04666666666526
596;25.50;8.50;True;False;False;False;821;30.50;13.50;True;False;False;False;1;13.841111111109058;0;13.841111111109058;13.841111111109058
598;27.50;8.50;True;False;False;False;28;61.50;9.50;False;False;True;False;1;134.86863628633728;0;134.86863628633728;134.86863628633728
598;27.50;8.50;True;False;False;False;821;30.50;13.50;True;False;False;False;1;13.470093791409454;0;13.470093791409454;13.470093791409454
600;29.50;8.50;True;False;False;False;12;61.50;3.50;False;False;True;False;2;86.7389257986506;418.5617419085344;72.27238264023617;101.20546895706502
600;29.50;8.50;True;False;False;False;28;61.50;9.50;False;False;True;False;1;81.30586437798775;0;81.30586437798775;81.30586437798775
600;29.50;8.50;True;False;False;False;732;29.50;11.50;True;False;False;False;1;10.513888888886868;0;10.513888888886868;10.513888888886868
600;29.50;8.50;True;False;False;False;754;51.50;11.50;True;False;False;False;1;23.869076471713015;0;23.869076471713015;23.869076471713015
600;29.50;8.50;True;False;False;False;821;30.50;13.50;True;False;False;False;1;10.206260319049761;0;10.206260319049761;10.206260319049761
600;29.50;8.50;True;False;False;False;822;31.50;13.50;True;False;False;False;1;11.892222222217242;0;11.892222222217242;11.892222222217242
601;30.50;8.50;True;False;False;False;12;61.50;3.50;False;False;True;False;3;92.2294513695421;359.93398716350714;76.19305276253908;113.1727977496339
601;30.50;8.50;True;False;False;False;412;17.50;4.50;True;False;False;False;1;19.017871569183626;0;19.017871569183626;19.017871569183626
601;30.50;8.50;True;False;False;False;840;49.50;13.50;True;False;False;False;1;23.247402612121732;0;23.247402612121732;23.247402612121732
601;30.50;8.50;True;False;False;False;865;30.50;14.50;True;False;False;False;1;8.110371167469566;0;8.110371167469566;8.110371167469566
602;31.50;8.50;True;False;False;False;12;61.50;3.50;False;False;True;False;2;88.94202117963096;253.7926402778125;77.67719449925517;100.20684786000675
602;31.50;8.50;True;False;False;False;823;32.50;13.50;True;False;False;False;1;11.740397051366017;0;11.740397051366017;11.740397051366017
602;31.50;8.50;True;False;False;False;882;47.50;14.50;True;False;False;False;1;21.994628832535454;0;21.994628832535454;21.994628832535454
603;32.50;8.50;True;False;False;False;12;61.50;3.50;False;False;True;False;2;116.23274367053727;22.80296028007978;112.85613588460183;119.60935145647272
603;32.50;8.50;True;False;False;False;28;61.50;9.50;False;False;True;False;5;122.2996594851541;247.84140159195834;94.4968430774511;132.38921774027767
603;32.50;8.50;True;False;False;False;60;61.50;21.50;False;False;True;False;1;114.24777858121706;0;114.24777858121706;114.24777858121706
603;32.50;8.50;True;False;False;False;92;0.50;12.50;False;True;False;False;1;268.58944844261714;0;268.58944844261714;268.58944844261714
603;32.50;8.50;True;False;False;False;312;49.50;1.50;True;False;False;False;1;22.889163873658617;0;22.889163873658617;22.889163873658617
603;32.50;8.50;True;False;False;False;571;44.50;7.50;True;False;False;False;1;15.356111111104838;0;15.356111111104838;15.356111111104838
603;32.50;8.50;True;False;False;False;734;31.50;11.50;True;False;False;False;1;8.682499598275172;0;8.682499598275172;8.682499598275172
603;32.50;8.50;True;False;False;False;820;29.50;13.50;True;False;False;False;1;12.444686678420112;0;12.444686678420112;12.444686678420112
603;32.50;8.50;True;False;False;False;822;31.50;13.50;True;False;False;False;3;12.298276665920033;2.331997349050579;11.140922724836855;14.029080469907058
603;32.50;8.50;True;False;False;False;864;29.50;14.50;True;False;False;False;1;14.088888888887595;0;14.088888888887595;14.088888888887595
603;32.50;8.50;True;False;False;False;867;32.50;14.50;True;False;False;False;1;14.939167068391725;0;14.939167068391725;14.939167068391725
605;34.50;8.50;True;False;False;False;12;61.50;3.50;False;False;True;False;1;106.54629869392375;0;106.54629869392375;106.54629869392375
605;34.50;8.50;True;False;False;False;28;61.50;9.50;False;False;True;False;2;122.82533582646283;148.76980214444345;114.20066765474621;131.45000399817945
605;34.50;8.50;True;False;False;False;76;0.50;6.50;False;True;False;False;1;597.1292166153107;0;597.1292166153107;597.1292166153107
605;34.50;8.50;True;False;False;False;92;0.50;12.50;False;True;False;False;1;244.65427285435817;0;244.65427285435817;244.65427285435817
605;34.50;8.50;True;False;False;False;108;0.50;18.50;False;True;False;False;1;588.5410365071348;0;588.5410365071348;588.5410365071348
605;34.50;8.50;True;False;False;False;352;45.50;2.50;True;False;False;False;1;18.286378902963406;0;18.286378902963406;18.286378902963406
605;34.50;8.50;True;False;False;False;616;45.50;8.50;True;False;False;False;1;11.492406610312173;0;11.492406610312173;11.492406610312173
605;34.50;8.50;True;False;False;False;754;51.50;11.50;True;False;False;False;1;28.051900601759144;0;28.051900601759144;28.051900601759144
605;34.50;8.50;True;False;False;False;821;30.50;13.50;True;False;False;False;1;20.413098042385172;0;20.413098042385172;20.413098042385172
605;34.50;8.50;True;False;False;False;822;31.50;13.50;True;False;False;False;3;13.079071408610616;3.185442099953317;11.681107916385372;15.089432449876767
606;35.50;8.50;True;False;False;False;28;61.50;9.50;False;False;True;False;3;127.24667306248382;2192.87993714605;93.57204183231806;180.7226887879733
606;35.50;8.50;True;False;False;False;745;42.50;11.50;True;False;False;False;1;14.402777777778283;0;14.402777777778283;14.402777777778283
606;35.50;8.50;True;False;False;False;821;30.50;13.50;True;False;False;False;1;14.209354651217836;0;14.209354651217836;14.209354651217836
606;35.50;8.50;True;False;False;False;822;31.50;13.50;True;False;False;False;1;13.71028137423491;0;13.71028137423491;13.71028137423491
607;36.50;8.50;True;False;False;False;28;61.50;9.50;False;False;True;False;3;84.29418687962652;133.67838329789595;70.96230562596975;91.57175645989992
607;36.50;8.50;True;False;False;False;606;35.50;8.50;True;False;False;False;1;3.110727164702894;0;3.110727164702894;3.110727164702894
607;36.50;8.50;True;False;False;False;690;31.50;10.50;True;False;False;False;1;11.631760458079555;0;11.631760458079555;11.631760458079555
607;36.50;8.50;True;False;False;False;733;30.50;11.50;True;False;False;False;1;12.585285372420913;0;12.585285372420913;12.585285372420913
607;36.50;8.50;True;False;False;False;953;30.50;16.50;True;False;False;False;1;23.972025036173363;0;23.972025036173363;23.972025036173363
608;37.50;8.50;True;False;False;False;12;61.50;3.50;False;False;True;False;8;112.82882194330662;1097.3189301773186;78.1203431992326;172.52445563555318
608;37.50;8.50;True;False;False;False;28;61.50;9.50;False;False;True;False;3;126.20778443506727;705.510374579354;108.26546735017837;156.7211183040272
608;37.50;8.50;True;False;False;False;44;61.50;15.50;False;False;True;False;1;90.72759738787369;0;90.72759738787369;90.72759738787369
608;37.50;8.50;True;False;False;False;76;0.50;6.50;False;True;False;False;2;592.4328226743678;363.589612331322;578.9496922453591;605.9159531033765
608;37.50;8.50;True;False;False;False;92;0.50;12.50;False;True;False;False;1;301.06565015037995;0;301.06565015037995;301.06565015037995
608;37.50;8.50;True;False;False;False;124;0.50;24.50;False;True;False;False;2;590.2626674692128;36.225466122559325;586.006761800465;594.5185731379606
608;37.50;8.50;True;False;False;False;303;40.50;1.50;True;False;False;False;1;13.55935704249896;0;13.55935704249896;13.55935704249896
608;37.50;8.50;True;False;False;False;326;19.50;2.50;True;False;False;False;1;23.06472501522512;0;23.06472501522512;23.06472501522512
608;37.50;8.50;True;False;False;False;416;21.50;4.50;True;False;False;False;1;20.94129869392782;0;20.94129869392782;20.94129869392782
608;37.50;8.50;True;False;False;False;419;24.50;4.50;True;False;False;False;1;18.363982680302797;0;18.363982680302797;18.363982680302797
608;37.50;8.50;True;False;False;False;454;15.50;5.50;True;False;False;False;1;23.77671062765512;0;23.77671062765512;23.77671062765512
608;37.50;8.50;True;False;False;False;566;39.50;7.50;True;False;False;False;1;7.753059152016249;0;7.753059152016249;7.753059152016249
608;37.50;8.50;True;False;False;False;573;46.50;7.50;True;False;False;False;1;13.40898268030287;0;13.40898268030287;13.40898268030287
608;37.50;8.50;True;False;False;False;577;50.50;7.50;True;False;False;False;1;16.250555555543542;0;16.250555555543542;16.250555555543542
608;37.50;8.50;True;False;False;False;699;40.50;10.50;True;False;False;False;1;10.818131364664168;0;10.818131364664168;10.818131364664168
608;37.50;8.50;True;False;False;False;733;30.50;11.50;True;False;False;False;1;13.84967096012042;0;13.84967096012042;13.84967096012042
608;37.50;8.50;True;False;False;False;735;32.50;11.50;True;False;False;False;1;12.087229415143838;0;12.087229415143838;12.087229415143838
608;37.50;8.50;True;False;False;False;820;29.50;13.50;True;False;False;False;1;15.450646152237823;0;15.450646152237823;15.450646152237823
608;37.50;8.50;True;False;False;False;821;30.50;13.50;True;False;False;False;1;14.63851772142516;0;14.63851772142516;14.63851772142516
608;37.50;8.50;True;False;False;False;822;31.50;13.50;True;False;False;False;1;14.400555555550454;0;14.400555555550454;14.400555555550454
608;37.50;8.50;True;False;False;False;823;32.50;13.50;True;False;False;False;1;13.87509778959975;0;13.87509778959975;13.87509778959975
608;37.50;8.50;True;False;False;False;867;32.50;14.50;True;False;False;False;1;15.169909403328347;0;15.169909403328347;15.169909403328347
608;37.50;8.50;True;False;False;False;970;47.50;16.50;True;False;False;False;1;19.82128591498622;0;19.82128591498622;19.82128591498622
610;39.50;8.50;True;False;False;False;12;61.50;3.50;False;False;True;False;2;102.4670543513057;6.119896124851333;100.71778362828263;104.21632507432878
610;39.50;8.50;True;False;False;False;28;61.50;9.50;False;False;True;False;2;130.5836580068153;1124.4116824726616;106.8727777777658;154.29453823586482
610;39.50;8.50;True;False;False;False;108;0.50;18.50;False;True;False;False;1;581.5902144919337;0;581.5902144919337;581.5902144919337
610;39.50;8.50;True;False;False;False;742;39.50;11.50;True;False;False;False;1;7.33111111111117;0;7.33111111111117;7.33111111111117
610;39.50;8.50;True;False;False;False;821;30.50;13.50;True;False;False;False;2;19.079192243623766;12.112996119137724;16.618196904422803;21.54018758282473
610;39.50;8.50;True;False;False;False;822;31.50;13.50;True;False;False;False;2;16.19092125971565;0.6342611624983148;15.627777777777737;16.754064741653565
610;39.50;8.50;True;False;False;False;866;31.50;14.50;True;False;False;False;1;17.58601812314373;0;17.58601812314373;17.58601812314373
611;40.50;8.50;True;False;False;False;28;61.50;9.50;False;False;True;False;1;52.74574394183037;0;52.74574394183037;52.74574394183037
611;40.50;8.50;True;False;False;False;44;61.50;15.50;False;False;True;False;1;155.61361151282836;0;155.61361151282836;155.61361151282836
611;40.50;8.50;True;False;False;False;821;30.50;13.50;True;False;False;False;1;16.557593389679823;0;16.557593389679823;16.557593389679823
611;40.50;8.50;True;False;False;False;882;47.50;14.50;True;False;False;False;1;16.641021317882405;0;16.641021317882405;16.641021317882405
612;41.50;8.50;True;False;False;False;12;61.50;3.50;False;False;True;False;1;100.17981082933329;0;100.17981082933329;100.17981082933329
612;41.50;8.50;True;False;False;False;866;31.50;14.50;True;False;False;False;1;24.952135623734648;0;24.952135623734648;24.952135623734648
613;42.50;8.50;True;False;False;False;12;61.50;3.50;False;False;True;False;2;59.56152037449465;1382.6861262526963;33.26811695982906;85.85492378916024
613;42.50;8.50;True;False;False;False;28;61.50;9.50;False;False;True;False;4;109.4946533460552;828.4153842982614;84.4937156919259;140.84081215627157
613;42.50;8.50;True;False;False;False;76;0.50;6.50;False;True;False;False;1;578.9002011842513;0;578.9002011842513;578.9002011842513
613;42.50;8.50;True;False;False;False;108;0.50;18.50;False;True;False;False;1;216.66136849629038;0;216.66136849629038;216.66136849629038
613;42.50;8.50;True;False;False;False;124;0.50;24.50;False;True;False;False;1;586.5916762698853;0;586.5916762698853;586.5916762698853
613;42.50;8.50;True;False;False;False;622;51.50;8.50;True;False;False;False;1;12.763607514647447;0;12.763607514647447;12.763607514647447
613;42.50;8.50;True;False;False;False;733;30.50;11.50;True;False;False;False;1;16.62694804090279;0;16.62694804090279;16.62694804090279
613;42.50;8.50;True;False;False;False;734;31.50;11.50;True;False;False;False;2;16.159866505811806;0.07680630987455417;15.963899276568554;16.355833735055057
613;42.50;8.50;True;False;False;False;748;45.50;11.50;True;False;False;False;1;12;0;12;12
613;42.50;8.50;True;False;False;False;821;30.50;13.50;True;False;False;False;1;35.20851772142305;0;35.20851772142305;35.20851772142305
613;42.50;8.50;True;False;False;False;822;31.50;13.50;True;False;False;False;1;17.21176045807806;0;17.21176045807806;17.21176045807806
613;42.50;8.50;True;False;False;False;997;30.50;17.50;True;False;False;False;1;25.55555555555111;0;25.55555555555111;25.55555555555111
615;44.50;8.50;True;False;False;False;28;61.50;9.50;False;False;True;False;4;102.19370690161423;776.0818498159896;72.6165632910438;135.30380229039815
615;44.50;8.50;True;False;False;False;733;30.50;11.50;True;False;False;False;1;22.296146291339483;0;22.296146291339483;22.296146291339483
615;44.50;8.50;True;False;False;False;821;30.50;13.50;True;False;False;False;1;19.481385292428968;0;19.481385292428968;19.481385292428968
615;44.50;8.50;True;False;False;False;822;31.50;13.50;True;False;False;False;1;23.873145750510957;0;23.873145750510957;23.873145750510957
615;44.50;8.50;True;False;False;False;867;32.50;14.50;True;False;False;False;1;30.14851533013325;0;30.14851533013325;30.14851533013325
616;45.50;8.50;True;False;False;False;28;61.50;9.50;False;False;True;False;2;121.2687609902448;1241.4736621991717;96.35417026313098;146.18335171735862
616;45.50;8.50;True;False;False;False;590;19.50;8.50;True;False;False;False;1;20.908431122931688;0;20.908431122931688;20.908431122931688
616;45.50;8.50;True;False;False;False;820;29.50;13.50;True;False;False;False;1;22.051479887290498;0;22.051479887290498;22.051479887290498
617;46.50;8.50;True;False;False;False;28;61.50;9.50;False;False;True;False;2;105.08041247715119;102.26259634065683;97.92979724695397;112.2310277073484
617;46.50;8.50;True;False;False;False;44;61.50;15.50;False;False;True;False;1;157.99481961008496;0;157.99481961008496;157.99481961008496
617;46.50;8.50;True;False;False;False;60;61.50;21.50;False;False;True;False;2;90.80787197089421;39.89924916124624;86.34137170999384;95.27437223179459
617;46.50;8.50;True;False;False;False;76;0.50;6.50;False;True;False;False;2;572.6904051329548;499.03879041467223;556.8942222013939;588.4865880645157
617;46.50;8.50;True;False;False;False;108;0.50;18.50;False;True;False;False;2;583.4195582648645;208.64620523969006;573.2056901131873;593.6334264165416
617;46.50;8.50;True;False;False;False;124;0.50;24.50;False;True;False;False;1;528.3097741184447;0;528.3097741184447;528.3097741184447
617;46.50;8.50;True;False;False;False;578;51.50;7.50;True;False;False;False;1;10.498169644315567;0;10.498169644315567;10.498169644315567
617;46.50;8.50;True;False;False;False;590;19.50;8.50;True;False;False;False;1;22.060076210818806;0;22.060076210818806;22.060076210818806
617;46.50;8.50;True;False;False;False;733;30.50;11.50;True;False;False;False;2;20.490601246063306;0.867202373318103;19.832117239682702;21.14908525244391
617;46.50;8.50;True;False;False;False;734;31.50;11.50;True;False;False;False;1;19.893059152022033;0;19.893059152022033;19.893059152022033
617;46.50;8.50;True;False;False;False;821;30.50;13.50;True;False;False;False;2;20.961991741869497;0.003060775820988322;20.922871569189738;21.001111914549256
617;46.50;8.50;True;False;False;False;865;30.50;14.50;True;False;False;False;1;22.8241702631276;0;22.8241702631276;22.8241702631276
617;46.50;8.50;True;False;False;False;1075;20.50;19.50;True;False;False;False;1;35.48116226499769;0;35.48116226499769;35.48116226499769
617;46.50;8.50;True;False;False;False;1346;27.50;25.50;True;False;False;False;1;34.60916706838907;0;34.60916706838907;34.60916706838907
618;47.50;8.50;True;False;False;False;12;61.50;3.50;False;False;True;False;7;112.59855867527548;514.5866032137459;81.4238816959662;152.307340787136
618;47.50;8.50;True;False;False;False;28;61.50;9.50;False;False;True;False;3;74.6695083992563;207.65057984374693;66.21047773780447;91.30805995545961
618;47.50;8.50;True;False;False;False;92;0.50;12.50;False;True;False;False;1;273.0309746630737;0;273.0309746630737;273.0309746630737
618;47.50;8.50;True;False;False;False;275;12.50;1.50;True;False;False;False;1;35.373858529375866;0;35.373858529375866;35.373858529375866
618;47.50;8.50;True;False;False;False;310;47.50;1.50;True;False;False;False;1;7.69824273665472;0;7.69824273665472;7.69824273665472
618;47.50;8.50;True;False;False;False;732;29.50;11.50;True;False;False;False;2;20.790097387871356;0.010621579538016878;20.71722222221797;20.86297255352474
618;47.50;8.50;True;False;False;False;733;30.50;11.50;True;False;False;False;2;20.354722222216367;0.07233989733483508;20.16453823585732;20.544906208575412
618;47.50;8.50;True;False;False;False;820;29.50;13.50;True;False;False;False;1;21.737867571006063;0;21.737867571006063;21.737867571006063
618;47.50;8.50;True;False;False;False;821;30.50;13.50;True;False;False;False;1;22.065873981293407;0;22.065873981293407;22.065873981293407
618;47.50;8.50;True;False;False;False;823;32.50;13.50;True;False;False;False;1;22.911389290612533;0;22.911389290612533;22.911389290612533
618;47.50;8.50;True;False;False;False;1018;51.50;17.50;True;False;False;False;1;16.361667205768754;0;16.361667205768754;16.361667205768754
618;47.50;8.50;True;False;False;False;1330;11.50;25.50;True;False;False;False;1;43.61444205314547;0;43.61444205314547;43.61444205314547
620;49.50;8.50;True;False;False;False;12;61.50;3.50;False;False;True;False;3;122.48805355963184;386.8003729462735;102.32925047214667;141.62379909564152
620;49.50;8.50;True;False;False;False;28;61.50;9.50;False;False;True;False;1;100.02713562373265;0;100.02713562373265;100.02713562373265
620;49.50;8.50;True;False;False;False;60;61.50;21.50;False;False;True;False;1;180.73861950919854;0;180.73861950919854;180.73861950919854
620;49.50;8.50;True;False;False;False;706;47.50;10.50;True;False;False;False;1;9.289544625331473;0;9.289544625331473;9.289544625331473
620;49.50;8.50;True;False;False;False;820;29.50;13.50;True;False;False;False;1;23.48888888889087;0;23.48888888889087;23.48888888889087
620;49.50;8.50;True;False;False;False;972;49.50;16.50;True;False;False;False;1;13.526826357501704;0;13.526826357501704;13.526826357501704
620;49.50;8.50;True;False;False;False;1018;51.50;17.50;True;False;False;False;1;13.885375165651567;0;13.885375165651567;13.885375165651567
620;49.50;8.50;True;False;False;False;1019;52.50;17.50;True;False;False;False;1;17.758523307444193;0;17.758523307444193;17.758523307444193
620;49.50;8.50;True;False;False;False;1105;50.50;19.50;True;False;False;False;1;14.801204902523978;0;14.801204902523978;14.801204902523978
621;50.50;8.50;True;False;False;False;12;61.50;3.50;False;False;True;False;3;158.75127302252926;8.5833524383765;155.5034681744728;161.19503835587966
621;50.50;8.50;True;False;False;False;28;61.50;9.50;False;False;True;False;1;101.6015872611024;0;101.6015872611024;101.6015872611024
621;50.50;8.50;True;False;False;False;44;61.50;15.50;False;False;True;False;1;119.22198800369279;0;119.22198800369279;119.22198800369279
621;50.50;8.50;True;False;False;False;92;0.50;12.50;False;True;False;False;1;255.6779075337945;0;255.6779075337945;255.6779075337945
621;50.50;8.50;True;False;False;False;300;37.50;1.50;True;False;False;False;1;20.09268798455014;0;20.09268798455014;20.09268798455014
621;50.50;8.50;True;False;False;False;615;44.50;8.50;True;False;False;False;1;7.496486276740143;0;7.496486276740143;7.496486276740143
621;50.50;8.50;True;False;False;False;749;46.50;11.50;True;False;False;False;1;11.501399678274538;0;11.501399678274538;11.501399678274538
621;50.50;8.50;True;False;False;False;821;30.50;13.50;True;False;False;False;1;23.30362190049709;0;23.30362190049709;23.30362190049709
621;50.50;8.50;True;False;False;False;822;31.50;13.50;True;False;False;False;1;23.411204902524332;0;23.411204902524332;23.411204902524332
621;50.50;8.50;True;False;False;False;825;34.50;13.50;True;False;False;False;1;21.180187582825738;0;21.180187582825738;21.180187582825738
621;50.50;8.50;True;False;False;False;865;30.50;14.50;True;False;False;False;1;27.130100180885165;0;27.130100180885165;27.130100180885165
622;51.50;8.50;True;False;False;False;12;61.50;3.50;False;False;True;False;3;112.04327826645158;357.88118374071354;92.01547295524506;129.61009059667822
622;51.50;8.50;True;False;False;False;28;61.50;9.50;False;False;True;False;1;94.37315294342625;0;94.37315294342625;94.37315294342625
622;51.50;8.50;True;False;False;False;124;0.50;24.50;False;True;False;False;1;589.323208378999;0;589.323208378999;589.323208378999
622;51.50;8.50;True;False;False;False;447;52.50;4.50;True;False;False;False;1;17.91518438809362;0;17.91518438809362;17.91518438809362
622;51.50;8.50;True;False;False;False;488;49.50;5.50;True;False;False;False;1;9.867965360603648;0;9.867965360603648;9.867965360603648
622;51.50;8.50;True;False;False;False;734;31.50;11.50;True;False;False;False;1;24.081219288345892;0;24.081219288345892;24.081219288345892
622;51.50;8.50;True;False;False;False;821;30.50;13.50;True;False;False;False;2;24.98731241717087;0.32281715171606634;24.585555555551764;25.389069278789975
623;52.50;8.50;True;False;False;False;12;61.50;3.50;False;False;True;False;11;86.59669558868427;666.7428426963913;48.01425366689;131.13093791410574
623;52.50;8.50;True;False;False;False;28;61.50;9.50;False;False;True;False;4;110.36886577663728;859.9249182380145;76.85823288796746;146.00435145647134
623;52.50;8.50;True;False;False;False;44;61.50;15.50;False;False;True;False;8;96.61840045146494;932.7022802210421;40.75584412271655;132.96742179960347
623;52.50;8.50;True;False;False;False;60;61.50;21.50;False;False;True;False;3;98.35476268122632;257.39007195425654;80.63296136241661;111.88935465122631
623;52.50;8.50;True;False;False;False;124;0.50;24.50;False;True;False;False;1;514.710589932336;0;514.710589932336;514.710589932336
623;52.50;8.50;True;False;False;False;292;29.50;1.50;True;False;False;False;1;27.10795897114076;0;27.10795897114076;27.10795897114076
623;52.50;8.50;True;False;False;False;324;17.50;2.50;True;False;False;False;1;34.385482255853276;0;34.385482255853276;34.385482255853276
623;52.50;8.50;True;False;False;False;578;51.50;7.50;True;False;False;False;1;6.756111111099017;0;6.756111111099017;6.756111111099017
623;52.50;8.50;True;False;False;False;579;52.50;7.50;True;False;False;False;1;3.7394412497087615;0;3.7394412497087615;3.7394412497087615
623;52.50;8.50;True;False;False;False;733;30.50;11.50;True;False;False;False;1;24.780469760517008;0;24.780469760517008;24.780469760517008
623;52.50;8.50;True;False;False;False;820;29.50;13.50;True;False;False;False;3;27.235835864881665;1.2148881083169207;26.38416067892831;28.480743138374237
623;52.50;8.50;True;False;False;False;821;30.50;13.50;True;False;False;False;3;28.6750368751885;33.9445459359051;25.04585615522592;35.39537197091522
623;52.50;8.50;True;False;False;False;822;31.50;13.50;True;False;False;False;8;27.187633192905366;21.395599948232643;24.256715693644765;36.71787237263925
623;52.50;8.50;True;False;False;False;823;32.50;13.50;True;False;False;False;1;23.32259499658926;0;23.32259499658926;23.32259499658926
623;52.50;8.50;True;False;False;False;864;29.50;14.50;True;False;False;False;1;27.118961177779056;0;27.118961177779056;27.118961177779056
623;52.50;8.50;True;False;False;False;865;30.50;14.50;True;False;False;False;2;31.344539833223735;41.04517012563979;26.81435384776796;35.87472581867951
623;52.50;8.50;True;False;False;False;886;51.50;14.50;True;False;False;False;1;12.005739943650042;0;12.005739943650042;12.005739943650042
623;52.50;8.50;True;False;False;False;1019;52.50;17.50;True;False;False;False;1;15.849535041113995;0;15.849535041113995;15.849535041113995
623;52.50;8.50;True;False;False;False;1146;47.50;20.50;True;False;False;False;1;18.615548362644404;0;18.615548362644404;18.615548362644404
623;52.50;8.50;True;False;False;False;1151;52.50;20.50;True;False;False;False;1;16.771385292424384;0;16.771385292424384;16.771385292424384
668;9.50;10.50;True;False;False;False;12;61.50;3.50;False;False;True;False;1;239.42623426911268;0;239.42623426911268;239.42623426911268
668;9.50;10.50;True;False;False;False;60;61.50;21.50;False;False;True;False;1;150.9064060677421;0;150.9064060677421;150.9064060677421
668;9.50;10.50;True;False;False;False;823;32.50;13.50;True;False;False;False;1;23.84519347583955;0;23.84519347583955;23.84519347583955
668;9.50;10.50;True;False;False;False;851;16.50;14.50;True;False;False;False;1;14.525184388090565;0;14.525184388090565;14.525184388090565
669;10.50;10.50;True;False;False;False;28;61.50;9.50;False;False;True;False;1;72.10675726333284;0;72.10675726333284;72.10675726333284
669;10.50;10.50;True;False;False;False;44;61.50;15.50;False;False;True;False;1;159.5257431383725;0;159.5257431383725;159.5257431383725
669;10.50;10.50;True;False;False;False;315;52.50;1.50;True;False;False;False;1;46.177824876296654;0;46.177824876296654;46.177824876296654
669;10.50;10.50;True;False;False;False;699;40.50;10.50;True;False;False;False;1;23.65084731744173;0;23.65084731744173;23.65084731744173
669;10.50;10.50;True;False;False;False;1415;52.50;26.50;True;False;False;False;1;46.36344950696366;0;46.36344950696366;46.36344950696366
671;12.50;10.50;True;False;False;False;28;61.50;9.50;False;False;True;False;1;58.017871569185445;0;58.017871569185445;58.017871569185445
671;12.50;10.50;True;False;False;False;44;61.50;15.50;False;False;True;False;1;129.3250937914181;0;129.3250937914181;129.3250937914181
671;12.50;10.50;True;False;False;False;480;41.50;5.50;True;False;False;False;1;30.17777777777519;0;30.17777777777519;30.17777777777519
671;12.50;10.50;True;False;False;False;608;37.50;8.50;True;False;False;False;1;25.210411682681297;0;25.210411682681297;25.210411682681297
675;16.50;10.50;True;False;False;False;60;61.50;21.50;False;False;True;False;1;75.31860831809536;0;75.31860831809536;75.31860831809536
675;16.50;10.50;True;False;False;False;1013;46.50;17.50;True;False;False;False;1;37.94499200363043;0;37.94499200363043;37.94499200363043
676;17.50;10.50;True;False;False;False;28;61.50;9.50;False;False;True;False;1;81.31629549920171;0;81.31629549920171;81.31629549920171
676;17.50;10.50;True;False;False;False;705;46.50;10.50;True;False;False;False;1;24.598798292211995;0;24.598798292211995;24.598798292211995
678;19.50;10.50;True;False;False;False;12;61.50;3.50;False;False;True;False;1;187.35685505290894;0;187.35685505290894;187.35685505290894
678;19.50;10.50;True;False;False;False;28;61.50;9.50;False;False;True;False;3;83.16496686785104;25.125113642248607;79.02993978189988;88.73979803132897
678;19.50;10.50;True;False;False;False;44;61.50;15.50;False;False;True;False;1;200.5829621658413;0;200.5829621658413;200.5829621658413
678;19.50;10.50;True;False;False;False;60;61.50;21.50;False;False;True;False;1;108.95532642211128;0;108.95532642211128;108.95532642211128
678;19.50;10.50;True;False;False;False;303;40.50;1.50;True;False;False;False;1;26.370642154062807;0;26.370642154062807;26.370642154062807
678;19.50;10.50;True;False;False;False;478;39.50;5.50;True;False;False;False;1;23.844906208576504;0;23.844906208576504;23.844906208576504
678;19.50;10.50;True;False;False;False;874;39.50;14.50;True;False;False;False;1;22.615278179509914;0;22.615278179509914;22.615278179509914
678;19.50;10.50;True;False;False;False;884;49.50;14.50;True;False;False;False;1;45.102684789810155;0;45.102684789810155;45.102684789810155
678;19.50;10.50;True;False;False;False;969;46.50;16.50;True;False;False;False;1;29.682723930088287;0;29.682723930088287;29.682723930088287
679;20.50;10.50;True;False;False;False;60;61.50;21.50;False;False;True;False;1;79.52776526774869;0;79.52776526774869;79.52776526774869
680;21.50;10.50;True;False;False;False;28;61.50;9.50;False;False;True;False;1;93.04204902521815;0;93.04204902521815;93.04204902521815
681;22.50;10.50;True;False;False;False;44;61.50;15.50;False;False;True;False;1;87.9750071929011;0;87.9750071929011;87.9750071929011
683;24.50;10.50;True;False;False;False;822;31.50;13.50;True;False;False;False;1;13.427865179721266;0;13.427865179721266;13.427865179721266
684;25.50;10.50;True;False;False;False;28;61.50;9.50;False;False;True;False;1;70.77055236081924;0;70.77055236081924;70.77055236081924
684;25.50;10.50;True;False;False;False;124;0.50;24.50;False;True;False;False;1;598.0002925653316;0;598.0002925653316;598.0002925653316
684;25.50;10.50;True;False;False;False;812;21.50;13.50;True;False;False;False;1;11.904163070204959;0;11.904163070204959;11.904163070204959
684;25.50;10.50;True;False;False;False;864;29.50;14.50;True;False;False;False;1;13.141111111115606;0;13.141111111115606;13.141111111115606
685;26.50;10.50;True;False;False;False;28;61.50;9.50;False;False;True;False;1;91.07750359643978;0;91.07750359643978;91.07750359643978
685;26.50;10.50;True;False;False;False;60;61.50;21.50;False;False;True;False;1;68.57430826098062;0;68.57430826098062;68.57430826098062
685;26.50;10.50;True;False;False;False;822;31.50;13.50;True;False;False;False;1;14.788986678482615;0;14.788986678482615;14.788986678482615
686;27.50;10.50;True;False;False;False;12;61.50;3.50;False;False;True;False;1;165.33853530198758;0;165.33853530198758;165.33853530198758
686;27.50;10.50;True;False;False;False;44;61.50;15.50;False;False;True;False;1;115.42769598091672;0;115.42769598091672;115.42769598091672
686;27.50;10.50;True;False;False;False;76;0.50;6.50;False;True;False;False;1;578.2085009822767;0;578.2085009822767;578.2085009822767
686;27.50;10.50;True;False;False;False;569;42.50;7.50;True;False;False;False;1;22.862391421029315;0;22.862391421029315;22.862391421029315
686;27.50;10.50;True;False;False;False;615;44.50;8.50;True;False;False;False;1;23.824170263113047;0;23.824170263113047;23.824170263113047
686;27.50;10.50;True;False;False;False;822;31.50;13.50;True;False;False;False;1;18.038749586670747;0;18.038749586670747;18.038749586670747
688;29.50;10.50;True;False;False;False;12;61.50;3.50;False;False;True;False;4;119.51942033264595;1562.1357605692324;86.01583692978602;176.3843514564578
688;29.50;10.50;True;False;False;False;28;61.50;9.50;False;False;True;False;2;111.11898214632947;1103.2473725204177;87.63231175097098;134.60565254168796
688;29.50;10.50;True;False;False;False;108;0.50;18.50;False;True;False;False;1;577.9911694669208;0;577.9911694669208;577.9911694669208
688;29.50;10.50;True;False;False;False;124;0.50;24.50;False;True;False;False;1;570.3433030117849;0;570.3433030117849;570.3433030117849
688;29.50;10.50;True;False;False;False;573;46.50;7.50;True;False;False;False;1;22.204535041117197;0;22.204535041117197;22.204535041117197
688;29.50;10.50;True;False;False;False;603;32.50;8.50;True;False;False;False;1;10.659721820484265;0;10.659721820484265;10.659721820484265
688;29.50;10.50;True;False;False;False;623;52.50;8.50;True;False;False;False;1;25.111111111105856;0;25.111111111105856;25.111111111105856
688;29.50;10.50;True;False;False;False;734;31.50;11.50;True;False;False;False;1;9.044444444443798;0;9.044444444443798;9.044444444443798
688;29.50;10.50;True;False;False;False;823;32.50;13.50;True;False;False;False;1;12.357305625968365;0;12.357305625968365;12.357305625968365
688;29.50;10.50;True;False;False;False;841;50.50;13.50;True;False;False;False;1;23.08823581822071;0;23.08823581822071;23.08823581822071
688;29.50;10.50;True;False;False;False;1013;46.50;17.50;True;False;False;False;1;23.940844122716953;0;23.940844122716953;23.940844122716953
688;29.50;10.50;True;False;False;False;1126;27.50;20.50;True;False;False;False;1;14.792316013636082;0;14.792316013636082;14.792316013636082
689;30.50;10.50;True;False;False;False;28;61.50;9.50;False;False;True;False;1;145.63721183457164;0;145.63721183457164;145.63721183457164
689;30.50;10.50;True;False;False;False;60;61.50;21.50;False;False;True;False;1;101.85907647171052;0;101.85907647171052;101.85907647171052
689;30.50;10.50;True;False;False;False;124;0.50;24.50;False;True;False;False;1;581.7047050433666;0;581.7047050433666;581.7047050433666
689;30.50;10.50;True;False;False;False;691;32.50;10.50;True;False;False;False;1;5.456760458079316;0;5.456760458079316;5.456760458079316
689;30.50;10.50;True;False;False;False;743;40.50;11.50;True;False;False;False;1;13.243982680300178;0;13.243982680300178;13.243982680300178
689;30.50;10.50;True;False;False;False;821;30.50;13.50;True;False;False;False;1;10.777868374453192;0;10.777868374453192;10.777868374453192
690;31.50;10.50;True;False;False;False;12;61.50;3.50;False;False;True;False;1;111.92463922018214;0;111.92463922018214;111.92463922018214
690;31.50;10.50;True;False;False;False;92;0.50;12.50;False;True;False;False;1;343.15872208137716;0;343.15872208137716;343.15872208137716
690;31.50;10.50;True;False;False;False;108;0.50;18.50;False;True;False;False;1;549.6308193873265;0;549.6308193873265;549.6308193873265
690;31.50;10.50;True;False;False;False;608;37.50;8.50;True;False;False;False;1;12.270743138381476;0;12.270743138381476;12.270743138381476
690;31.50;10.50;True;False;False;False;706;47.50;10.50;True;False;False;False;1;14.768704500798322;0;14.768704500798322;14.768704500798322
690;31.50;10.50;True;False;False;False;734;31.50;11.50;True;False;False;False;1;3.0657431383806397;0;3.0657431383806397;3.0657431383806397
690;31.50;10.50;True;False;False;False;743;40.50;11.50;True;False;False;False;1;17.232204641643648;0;17.232204641643648;17.232204641643648
690;31.50;10.50;True;False;False;False;821;30.50;13.50;True;False;False;False;1;12.799150291280966;0;12.799150291280966;12.799150291280966
690;31.50;10.50;True;False;False;False;867;32.50;14.50;True;False;False;False;1;20.092412999783846;0;20.092412999783846;20.092412999783846
690;31.50;10.50;True;False;False;False;887;52.50;14.50;True;False;False;False;1;23.51159045583279;0;23.51159045583279;23.51159045583279
690;31.50;10.50;True;False;False;False;1008;41.50;17.50;True;False;False;False;1;22.288239541920518;0;22.288239541920518;22.288239541920518
691;32.50;10.50;True;False;False;False;12;61.50;3.50;False;False;True;False;2;135.05477631083977;3118.502081794591;95.56742338743788;174.54212923424166
691;32.50;10.50;True;False;False;False;28;61.50;9.50;False;False;True;False;5;116.32985536669408;295.6131541513043;92.5704489661548;134.10454623220903
691;32.50;10.50;True;False;False;False;44;61.50;15.50;False;False;True;False;3;107.83061995152427;1695.3293719497356;63.884910206772474;145.51685505293608
691;32.50;10.50;True;False;False;False;60;61.50;21.50;False;False;True;False;3;108.22110791636321;213.91818558763833;95.78370849898783;124.33432668295063
691;32.50;10.50;True;False;False;False;108;0.50;18.50;False;True;False;False;1;517.2771446688512;0;517.2771446688512;517.2771446688512
691;32.50;10.50;True;False;False;False;476;37.50;5.50;True;False;False;False;1;14.780555555555559;0;14.780555555555559;14.780555555555559
691;32.50;10.50;True;False;False;False;571;44.50;7.50;True;False;False;False;1;17.36582254395097;0;17.36582254395097;17.36582254395097
691;32.50;10.50;True;False;False;False;733;30.50;11.50;True;False;False;False;1;7.538601125179639;0;7.538601125179639;7.538601125179639
691;32.50;10.50;True;False;False;False;734;31.50;11.50;True;False;False;False;1;6.266226320914939;0;6.266226320914939;6.266226320914939
691;32.50;10.50;True;False;False;False;748;45.50;11.50;True;False;False;False;1;16.034300460554732;0;16.034300460554732;16.034300460554732
691;32.50;10.50;True;False;False;False;820;29.50;13.50;True;False;False;False;2;11.308751798225785;0.2825562753048836;10.932881956854544;11.684621639597026
691;32.50;10.50;True;False;False;False;821;30.50;13.50;True;False;False;False;3;12.553664711340994;15.818389868025273;10.1547258186838;17.14462483434818
691;32.50;10.50;True;False;False;False;822;31.50;13.50;True;False;False;False;3;11.608018833273794;23.047805612700024;8.460461764141655;17.133691721832292
691;32.50;10.50;True;False;False;False;823;32.50;13.50;True;False;False;False;1;7.873611512838124;0;7.873611512838124;7.873611512838124
691;32.50;10.50;True;False;False;False;837;46.50;13.50;True;False;False;False;1;21.240549166068377;0;21.240549166068377;21.240549166068377
691;32.50;10.50;True;False;False;False;865;30.50;14.50;True;False;False;False;1;10.925749527839798;0;10.925749527839798;10.925749527839798
691;32.50;10.50;True;False;False;False;1016;49.50;17.50;True;False;False;False;1;24.465093791412983;0;24.465093791412983;24.465093791412983
691;32.50;10.50;True;False;False;False;1245;14.50;23.50;True;False;False;False;1;28.050015118877127;0;28.050015118877127;28.050015118877127
693;34.50;10.50;True;False;False;False;12;61.50;3.50;False;False;True;False;1;90.758405526969;0;90.758405526969;90.758405526969
693;34.50;10.50;True;False;False;False;28;61.50;9.50;False;False;True;False;1;111.36038874803671;0;111.36038874803671;111.36038874803671
693;34.50;10.50;True;False;False;False;44;61.50;15.50;False;False;True;False;1;79.16369172186569;0;79.16369172186569;79.16369172186569
693;34.50;10.50;True;False;False;False;92;0.50;12.50;False;True;False;False;1;249.6971332324431;0;249.6971332324431;249.6971332324431
693;34.50;10.50;True;False;False;False;606;35.50;8.50;True;False;False;False;1;8.587345588774042;0;8.587345588774042;8.587345588774042
693;34.50;10.50;True;False;False;False;690;31.50;10.50;True;False;False;False;1;6.297222222222224;0;6.297222222222224;6.297222222222224
693;34.50;10.50;True;False;False;False;708;49.50;10.50;True;False;False;False;1;14.15730882071341;0;14.15730882071341;14.15730882071341
693;34.50;10.50;True;False;False;False;821;30.50;13.50;True;False;False;False;2;14.64867212318677;14.564345273973586;11.950122024154552;17.34722222221899
693;34.50;10.50;True;False;False;False;823;32.50;13.50;True;False;False;False;1;9.833982680301688;0;9.833982680301688;9.833982680301688
693;34.50;10.50;True;False;False;False;1094;39.50;19.50;True;False;False;False;1;17.24249320879062;0;17.24249320879062;17.24249320879062
694;35.50;10.50;True;False;False;False;28;61.50;9.50;False;False;True;False;1;92.1163892906061;0;92.1163892906061;92.1163892906061
694;35.50;10.50;True;False;False;False;610;39.50;8.50;True;False;False;False;1;10.884444444443943;0;10.884444444443943;10.884444444443943
695;36.50;10.50;True;False;False;False;28;61.50;9.50;False;False;True;False;3;135.03514477827412;2410.084653138707;99.02942020988485;190.95601731970237
695;36.50;10.50;True;False;False;False;44;61.50;15.50;False;False;True;False;1;77.5529541695023;0;77.5529541695023;77.5529541695023
695;36.50;10.50;True;False;False;False;92;0.50;12.50;False;True;False;False;2;254.81645604950108;28.570920144073874;251.03684494886693;258.59606715013524
695;36.50;10.50;True;False;False;False;108;0.50;18.50;False;True;False;False;1;580.3535432983081;0;580.3535432983081;580.3535432983081
695;36.50;10.50;True;False;False;False;313;50.50;1.50;True;False;False;False;1;23.517720735337207;0;23.517720735337207;23.517720735337207
695;36.50;10.50;True;False;False;False;491;52.50;5.50;True;False;False;False;1;22.288888888888323;0;22.288888888888323;22.288888888888323
695;36.50;10.50;True;False;False;False;734;31.50;11.50;True;False;False;False;1;10.04444444444448;0;10.04444444444448;10.04444444444448
695;36.50;10.50;True;False;False;False;821;30.50;13.50;True;False;False;False;1;15.75323954191117;0;15.75323954191117;15.75323954191117
695;36.50;10.50;True;False;False;False;822;31.50;13.50;True;False;False;False;1;12.972222222218988;0;12.972222222218988;12.972222222218988
695;36.50;10.50;True;False;False;False;830;39.50;13.50;True;False;False;False;1;10.994905405140344;0;10.994905405140344;10.994905405140344
695;36.50;10.50;True;False;False;False;1113;14.50;20.50;True;False;False;False;1;32.973942434011406;0;32.973942434011406;32.973942434011406
695;36.50;10.50;True;False;False;False;1133;34.50;20.50;True;False;False;False;1;14.334044221862314;0;14.334044221862314;14.334044221862314
696;37.50;10.50;True;False;False;False;12;61.50;3.50;False;False;True;False;8;113.73327688758017;939.7435326229203;75.06712843081368;169.52666986139775
696;37.50;10.50;True;False;False;False;28;61.50;9.50;False;False;True;False;1;45.48842073527703;0;45.48842073527703;45.48842073527703
696;37.50;10.50;True;False;False;False;76;0.50;6.50;False;True;False;False;1;551.6925939097164;0;551.6925939097164;551.6925939097164
696;37.50;10.50;True;False;False;False;124;0.50;24.50;False;True;False;False;1;551.2846504112749;0;551.2846504112749;551.2846504112749
696;37.50;10.50;True;False;False;False;476;37.50;5.50;True;False;False;False;1;8.123324245585536;0;8.123324245585536;8.123324245585536
696;37.50;10.50;True;False;False;False;491;52.50;5.50;True;False;False;False;1;21.18404211397501;0;21.18404211397501;21.18404211397501
696;37.50;10.50;True;False;False;False;735;32.50;11.50;True;False;False;False;1;10.483043962733063;0;10.483043962733063;10.483043962733063
696;37.50;10.50;True;False;False;False;753;50.50;11.50;True;False;False;False;1;15.74875404780039;0;15.74875404780039;15.74875404780039
696;37.50;10.50;True;False;False;False;821;30.50;13.50;True;False;False;False;5;17.12987252951898;6.161104759273688;14.659820413558919;20.64222222221906
696;37.50;10.50;True;False;False;False;864;29.50;14.50;True;False;False;False;1;15.016017319694583;0;15.016017319694583;15.016017319694583
696;37.50;10.50;True;False;False;False;865;30.50;14.50;True;False;False;False;1;25.758333333331393;0;25.758333333331393;25.758333333331393
698;39.50;10.50;True;False;False;False;12;61.50;3.50;False;False;True;False;2;126.6796821176979;1465.2346210952744;99.61277777775467;153.74658645764111
698;39.50;10.50;True;False;False;False;28;61.50;9.50;False;False;True;False;1;140.1821484026732;0;140.1821484026732;140.1821484026732
698;39.50;10.50;True;False;False;False;734;31.50;11.50;True;False;False;False;1;12.279442053142702;0;12.279442053142702;12.279442053142702
698;39.50;10.50;True;False;False;False;742;39.50;11.50;True;False;False;False;1;4.164058891132299;0;4.164058891132299;4.164058891132299
698;39.50;10.50;True;False;False;False;820;29.50;13.50;True;False;False;False;1;15.398532088197953;0;15.398532088197953;15.398532088197953
699;40.50;10.50;True;False;False;False;12;61.50;3.50;False;False;True;False;2;126.55515826769079;470.37905737090745;111.21926805272597;141.8910484826556
699;40.50;10.50;True;False;False;False;28;61.50;9.50;False;False;True;False;1;97.17854249492461;0;97.17854249492461;97.17854249492461
699;40.50;10.50;True;False;False;False;44;61.50;15.50;False;False;True;False;1;96.88370849899366;0;96.88370849899366;96.88370849899366
699;40.50;10.50;True;False;False;False;60;61.50;21.50;False;False;True;False;1;164.0655731361294;0;164.0655731361294;164.0655731361294
699;40.50;10.50;True;False;False;False;76;0.50;6.50;False;True;False;False;2;597.5426395062077;33.84677403947552;593.428835060231;601.6564439521844
699;40.50;10.50;True;False;False;False;124;0.50;24.50;False;True;False;False;1;593.6000151657972;0;593.6000151657972;593.6000151657972
699;40.50;10.50;True;False;False;False;478;39.50;5.50;True;False;False;False;1;11.049076471711487;0;11.049076471711487;11.049076471711487
699;40.50;10.50;True;False;False;False;671;12.50;10.50;True;False;False;False;1;23.307503596455717;0;23.307503596455717;23.307503596455717
699;40.50;10.50;True;False;False;False;745;42.50;11.50;True;False;False;False;1;8.109812417176727;0;8.109812417176727;8.109812417176727
699;40.50;10.50;True;False;False;False;802;11.50;13.50;True;False;False;False;1;28.291298693928184;0;28.291298693928184;28.291298693928184
699;40.50;10.50;True;False;False;False;821;30.50;13.50;True;False;False;False;1;15.429270444030408;0;15.429270444030408;15.429270444030408
699;40.50;10.50;True;False;False;False;822;31.50;13.50;True;False;False;False;1;19.409163070193244;0;19.409163070193244;19.409163070193244
699;40.50;10.50;True;False;False;False;866;31.50;14.50;True;False;False;False;1;14.935555555550309;0;14.935555555550309;14.935555555550309
699;40.50;10.50;True;False;False;False;867;32.50;14.50;True;False;False;False;1;15.08093072120721;0;15.08093072120721;15.08093072120721
700;41.50;10.50;True;False;False;False;28;61.50;9.50;False;False;True;False;3;107.3918643693493;875.3769428670445;74.19337807874399;130.97482599955765
700;41.50;10.50;True;False;False;False;733;30.50;11.50;True;False;False;False;1;14.780010387661605;0;14.780010387661605;14.780010387661605
700;41.50;10.50;True;False;False;False;821;30.50;13.50;True;False;False;False;1;23.79343751239867;0;23.79343751239867;23.79343751239867
700;41.50;10.50;True;False;False;False;866;31.50;14.50;True;False;False;False;1;16.25009379139192;0;16.25009379139192;16.25009379139192
701;42.50;10.50;True;False;False;False;12;61.50;3.50;False;False;True;False;2;180.07458714018003;1467.7115279051454;152.98481482750503;207.16435945285502
701;42.50;10.50;True;False;False;False;28;61.50;9.50;False;False;True;False;9;118.86953833384561;867.8729907415277;74.80138689931846;160.44629869392338
701;42.50;10.50;True;False;False;False;44;61.50;15.50;False;False;True;False;4;145.73273647761255;3997.505524032652;80.05370849898327;230.39370530423548
701;42.50;10.50;True;False;False;False;60;61.50;21.50;False;False;True;False;1;88.39620490253219;0;88.39620490253219;88.39620490253219
701;42.50;10.50;True;False;False;False;108;0.50;18.50;False;True;False;False;1;511.4296360254516;0;511.4296360254516;511.4296360254516
701;42.50;10.50;True;False;False;False;124;0.50;24.50;False;True;False;False;1;568.6402179613651;0;568.6402179613651;568.6402179613651
701;42.50;10.50;True;False;False;False;278;15.50;1.50;True;False;False;False;1;33.237777777783776;0;33.237777777783776;33.237777777783776
701;42.50;10.50;True;False;False;False;485;46.50;5.50;True;False;False;False;1;17.652128430803714;0;17.652128430803714;17.652128430803714
701;42.50;10.50;True;False;False;False;552;25.50;7.50;True;False;False;False;1;20.096854249490207;0;20.096854249490207;20.096854249490207
701;42.50;10.50;True;False;False;False;732;29.50;11.50;True;False;False;False;1;24.47028137422967;0;24.47028137422967;24.47028137422967
701;42.50;10.50;True;False;False;False;733;30.50;11.50;True;False;False;False;1;15.436389290614898;0;15.436389290614898;15.436389290614898
701;42.50;10.50;True;False;False;False;734;31.50;11.50;True;False;False;False;1;14.195743138381658;0;14.195743138381658;14.195743138381658
701;42.50;10.50;True;False;False;False;820;29.50;13.50;True;False;False;False;2;19.107155576531795;1.204042801701069;18.33125519578016;19.883055957283432
701;42.50;10.50;True;False;False;False;821;30.50;13.50;True;False;False;False;1;17.402774583044447;0;17.402774583044447;17.402774583044447
701;42.50;10.50;True;False;False;False;822;31.50;13.50;True;False;False;False;5;18.024724276093547;6.278419280891108;16.302128430806988;22.28435784595058
701;42.50;10.50;True;False;False;False;864;29.50;14.50;True;False;False;False;1;33.77537836036936;0;33.77537836036936;33.77537836036936
701;42.50;10.50;True;False;False;False;972;49.50;16.50;True;False;False;False;1;16.4220346393995;0;16.4220346393995;16.4220346393995
701;42.50;10.50;True;False;False;False;1149;50.50;20.50;True;False;False;False;1;19.254906208585453;0;19.254906208585453;19.254906208585453
701;42.50;10.50;True;False;False;False;1330;11.50;25.50;True;False;False;False;1;44.3530559572755;0;44.3530559572755;44.3530559572755
703;44.50;10.50;True;False;False;False;12;61.50;3.50;False;False;True;False;4;120.15968554374331;2158.358422291663;85.16620490251626;188.35797026491855
703;44.50;10.50;True;False;False;False;28;61.50;9.50;False;False;True;False;6;101.88396087315898;1612.401465765757;70.39546256759786;179.30732320653988
703;44.50;10.50;True;False;False;False;44;61.50;15.50;False;False;True;False;2;98.21713722109553;611.0686255622078;80.73759738787612;115.69667705431493
703;44.50;10.50;True;False;False;False;60;61.50;21.50;False;False;True;False;2;106.43007181090616;6.327764237250396;104.65134133142783;108.20880229038448
703;44.50;10.50;True;False;False;False;108;0.50;18.50;False;True;False;False;1;576.8190493069351;0;576.8190493069351;576.8190493069351
703;44.50;10.50;True;False;False;False;556;29.50;7.50;True;False;False;False;1;20.58870849898085;0;20.58870849898085;20.58870849898085
703;44.50;10.50;True;False;False;False;579;52.50;7.50;True;False;False;False;1;14.941854249487733;0;14.941854249487733;14.941854249487733
703;44.50;10.50;True;False;False;False;621;50.50;8.50;True;False;False;False;1;12.900706370332045;0;12.900706370332045;12.900706370332045
703;44.50;10.50;True;False;False;False;711;52.50;10.50;True;False;False;False;1;9.812847599125234;0;9.812847599125234;9.812847599125234
703;44.50;10.50;True;False;False;False;734;31.50;11.50;True;False;False;False;2;16.71125179822809;5.012997910067306;15.128059152011701;18.29444444444448
703;44.50;10.50;True;False;False;False;750;47.50;11.50;True;False;False;False;1;8.68991340150751;0;8.68991340150751;8.68991340150751
703;44.50;10.50;True;False;False;False;820;29.50;13.50;True;False;False;False;1;19.77379509747334;0;19.77379509747334;19.77379509747334
703;44.50;10.50;True;False;False;False;821;30.50;13.50;True;False;False;False;2;24.532892094097406;77.96143667749222;18.289438054966013;30.7763461332288
703;44.50;10.50;True;False;False;False;822;31.50;13.50;True;False;False;False;1;26.50084731744937;0;26.50084731744937;26.50084731744937
703;44.50;10.50;True;False;False;False;841;50.50;13.50;True;False;False;False;1;13.208981218591362;0;13.208981218591362;13.208981218591362
703;44.50;10.50;True;False;False;False;843;52.50;13.50;True;False;False;False;1;14.282132428990735;0;14.282132428990735;14.282132428990735
703;44.50;10.50;True;False;False;False;864;29.50;14.50;True;False;False;False;1;34.84879509747225;0;34.84879509747225;34.84879509747225
703;44.50;10.50;True;False;False;False;1014;47.50;17.50;True;False;False;False;1;14.309538235858781;0;14.309538235858781;14.309538235858781
704;45.50;10.50;True;False;False;False;28;61.50;9.50;False;False;True;False;4;96.79451778663656;530.5640772330922;78.11889288707334;125.5887124971614
704;45.50;10.50;True;False;False;False;44;61.50;15.50;False;False;True;False;1;60.031760458070494;0;60.031760458070494;60.031760458070494
704;45.50;10.50;True;False;False;False;60;61.50;21.50;False;False;True;False;1;49.288059152015194;0;49.288059152015194;49.288059152015194
704;45.50;10.50;True;False;False;False;124;0.50;24.50;False;True;False;False;1;580.95901225538;0;580.95901225538;580.95901225538
704;45.50;10.50;True;False;False;False;623;52.50;8.50;True;False;False;False;1;13.039538235856526;0;13.039538235856526;13.039538235856526
704;45.50;10.50;True;False;False;False;725;22.50;11.50;True;False;False;False;1;22.613520916151174;0;22.613520916151174;22.613520916151174
704;45.50;10.50;True;False;False;False;754;51.50;11.50;True;False;False;False;1;11.779906208581451;0;11.779906208581451;11.779906208581451
704;45.50;10.50;True;False;False;False;820;29.50;13.50;True;False;False;False;1;20.53049881563129;0;20.53049881563129;20.53049881563129
704;45.50;10.50;True;False;False;False;864;29.50;14.50;True;False;False;False;1;19.63850972506043;0;19.63850972506043;19.63850972506043
704;45.50;10.50;True;False;False;False;867;32.50;14.50;True;False;False;False;1;20.546392485351134;0;20.546392485351134;20.546392485351134
704;45.50;10.50;True;False;False;False;975;52.50;16.50;True;False;False;False;1;15.65627870303797;0;15.65627870303797;15.65627870303797
705;46.50;10.50;True;False;False;False;12;61.50;3.50;False;False;True;False;1;144.03648069073097;0;144.03648069073097;144.03648069073097
705;46.50;10.50;True;False;False;False;44;61.50;15.50;False;False;True;False;4;87.01433791194529;1062.7710207535342;57.17871169372302;115.9196392201884
705;46.50;10.50;True;False;False;False;60;61.50;21.50;False;False;True;False;1;156.21944844262725;0;156.21944844262725;156.21944844262725
705;46.50;10.50;True;False;False;False;76;0.50;6.50;False;True;False;False;1;615.2140058659625;0;615.2140058659625;615.2140058659625
705;46.50;10.50;True;False;False;False;92;0.50;12.50;False;True;False;False;1;248.495123091825;0;248.495123091825;248.495123091825
705;46.50;10.50;True;False;False;False;547;20.50;7.50;True;False;False;False;1;27.696605116121646;0;27.696605116121646;27.696605116121646
705;46.50;10.50;True;False;False;False;700;41.50;10.50;True;False;False;False;1;6.537496403552723;0;6.537496403552723;6.537496403552723
705;46.50;10.50;True;False;False;False;734;31.50;11.50;True;False;False;False;2;16.74194763918109;0.38622354565280725;16.30250279300992;17.181392485352262
705;46.50;10.50;True;False;False;False;821;30.50;13.50;True;False;False;False;1;19.373520916158668;0;19.373520916158668;19.373520916158668
705;46.50;10.50;True;False;False;False;822;31.50;13.50;True;False;False;False;1;18.573888888877264;0;18.573888888877264;18.573888888877264
705;46.50;10.50;True;False;False;False;823;32.50;13.50;True;False;False;False;1;20.03843031948145;0;20.03843031948145;20.03843031948145
705;46.50;10.50;True;False;False;False;840;49.50;13.50;True;False;False;False;1;12.885280570787017;0;12.885280570787017;12.885280570787017
705;46.50;10.50;True;False;False;False;866;31.50;14.50;True;False;False;False;1;21.52750359645688;0;21.52750359645688;21.52750359645688
706;47.50;10.50;True;False;False;False;12;61.50;3.50;False;False;True;False;9;130.00437952132086;861.0811140484848;94.1460181231414;177.8613855758813
706;47.50;10.50;True;False;False;False;28;61.50;9.50;False;False;True;False;1;55.96796536060447;0;55.96796536060447;55.96796536060447
706;47.50;10.50;True;False;False;False;124;0.50;24.50;False;True;False;False;1;571.2490493640853;0;571.2490493640853;571.2490493640853
706;47.50;10.50;True;False;False;False;571;44.50;7.50;True;False;False;False;1;10.185751115681342;0;10.185751115681342;10.185751115681342
706;47.50;10.50;True;False;False;False;734;31.50;11.50;True;False;False;False;3;18.341634337944697;0.09638247318268461;18.040187582825865;18.660375165651203
706;47.50;10.50;True;False;False;False;822;31.50;13.50;True;False;False;False;3;19.46793782716456;0.2116919366613119;19.006663471928732;19.926854249486496
706;47.50;10.50;True;False;False;False;865;30.50;14.50;True;False;False;False;1;26.855274181317327;0;26.855274181317327;26.855274181317327
706;47.50;10.50;True;False;False;False;991;24.50;17.50;True;False;False;False;1;31.84904022367118;0;31.84904022367118;31.84904022367118
706;47.50;10.50;True;False;False;False;1017;50.50;17.50;True;False;False;False;1;13.799629635988822;0;13.799629635988822;13.799629635988822
706;47.50;10.50;True;False;False;False;1234;47.50;22.50;True;False;False;False;1;11.24571995268343;0;11.24571995268343;11.24571995268343
708;49.50;10.50;True;False;False;False;12;61.50;3.50;False;False;True;False;7;149.7739735780943;1464.8436845541544;83.40824992957096;194.5499062085869
708;49.50;10.50;True;False;False;False;28;61.50;9.50;False;False;True;False;1;106.28045137649315;0;106.28045137649315;106.28045137649315
708;49.50;10.50;True;False;False;False;44;61.50;15.50;False;False;True;False;1;101.12444444444509;0;101.12444444444509;101.12444444444509
708;49.50;10.50;True;False;False;False;76;0.50;6.50;False;True;False;False;1;548.7865217213493;0;548.7865217213493;548.7865217213493
708;49.50;10.50;True;False;False;False;108;0.50;18.50;False;True;False;False;1;576.0578867584627;0;576.0578867584627;576.0578867584627
708;49.50;10.50;True;False;False;False;349;42.50;2.50;True;False;False;False;1;17.00962883252214;0;17.00962883252214;17.00962883252214
708;49.50;10.50;True;False;False;False;353;46.50;2.50;True;False;False;False;1;13.904343460104428;0;13.904343460104428;13.904343460104428
708;49.50;10.50;True;False;False;False;733;30.50;11.50;True;False;False;False;1;21.47943833852696;0;21.47943833852696;21.47943833852696
708;49.50;10.50;True;False;False;False;734;31.50;11.50;True;False;False;False;1;19.472296041760274;0;19.472296041760274;19.472296041760274
708;49.50;10.50;True;False;False;False;820;29.50;13.50;True;False;False;False;1;23.69299005785615;0;23.69299005785615;23.69299005785615
708;49.50;10.50;True;False;False;False;821;30.50;13.50;True;False;False;False;2;23.49760272342064;10.21289981170849;21.2378571833533;25.757348263487984
708;49.50;10.50;True;False;False;False;842;51.50;13.50;True;False;False;False;1;9.555840124529823;0;9.555840124529823;9.555840124529823
708;49.50;10.50;True;False;False;False;843;52.50;13.50;True;False;False;False;1;11.387965360603403;0;11.387965360603403;11.387965360603403
708;49.50;10.50;True;False;False;False;864;29.50;14.50;True;False;False;False;1;29.817777777780066;0;29.817777777780066;29.817777777780066
708;49.50;10.50;True;False;False;False;1368;49.50;25.50;True;False;False;False;1;14.145753526038334;0;14.145753526038334;14.145753526038334
709;50.50;10.50;True;False;False;False;12;61.50;3.50;False;False;True;False;4;102.81214181709339;542.119028367863;74.94502877168566;130.32324673483163
709;50.50;10.50;True;False;False;False;44;61.50;15.50;False;False;True;False;1;86.5359203335529;0;86.5359203335529;86.5359203335529
709;50.50;10.50;True;False;False;False;92;0.50;12.50;False;True;False;False;1;247.11927124745762;0;247.11927124745762;247.11927124745762
709;50.50;10.50;True;False;False;False;124;0.50;24.50;False;True;False;False;1;585.4173810142966;0;585.4173810142966;585.4173810142966
709;50.50;10.50;True;False;False;False;453;14.50;5.50;True;False;False;False;1;34.89052839082069;0;34.89052839082069;34.89052839082069
709;50.50;10.50;True;False;False;False;733;30.50;11.50;True;False;False;False;1;20.120090596677528;0;20.120090596677528;20.120090596677528
709;50.50;10.50;True;False;False;False;822;31.50;13.50;True;False;False;False;1;21.275913140633747;0;21.275913140633747;21.275913140633747
709;50.50;10.50;True;False;False;False;825;34.50;13.50;True;False;False;False;1;19.954076471714586;0;19.954076471714586;19.954076471714586
709;50.50;10.50;True;False;False;False;973;50.50;16.50;True;False;False;False;1;7.176492666230388;0;7.176492666230388;7.176492666230388
709;50.50;10.50;True;False;False;False;979;12.50;17.50;True;False;False;False;1;36.823366386743146;0;36.823366386743146;36.823366386743146
709;50.50;10.50;True;False;False;False;1277;46.50;23.50;True;False;False;False;1;29.18083692979144;0;29.18083692979144;29.18083692979144
709;50.50;10.50;True;False;False;False;1415;52.50;26.50;True;False;False;False;1;21.87443725151752;0;21.87443725151752;21.87443725151752
710;51.50;10.50;True;False;False;False;12;61.50;3.50;False;False;True;False;4;97.56558180118407;647.4769678684722;68.99796536060194;125.63564934696933
710;51.50;10.50;True;False;False;False;28;61.50;9.50;False;False;True;False;1;20.255555555555556;0;20.255555555555556;20.255555555555556
710;51.50;10.50;True;False;False;False;60;61.50;21.50;False;False;True;False;1;116.63787156917897;0;116.63787156917897;116.63787156917897
710;51.50;10.50;True;False;False;False;489;50.50;5.50;True;False;False;False;1;9.937041028867043;0;9.937041028867043;9.937041028867043
710;51.50;10.50;True;False;False;False;490;51.50;5.50;True;False;False;False;1;7;0;7;7
710;51.50;10.50;True;False;False;False;740;37.50;11.50;True;False;False;False;1;16.14676045808119;0;16.14676045808119;16.14676045808119
710;51.50;10.50;True;False;False;False;821;30.50;13.50;True;False;False;False;1;25.45517639172067;0;25.45517639172067;25.45517639172067
710;51.50;10.50;True;False;False;False;867;32.50;14.50;True;False;False;False;1;24.784725818677543;0;24.784725818677543;24.784725818677543
710;51.50;10.50;True;False;False;False;1106;51.50;19.50;True;False;False;False;1;9.435739943645856;0;9.435739943645856;9.435739943645856
711;52.50;10.50;True;False;False;False;12;61.50;3.50;False;False;True;False;5;76.00202195302045;169.1462332934811;63.06963202728002;91.1840724735357
711;52.50;10.50;True;False;False;False;28;61.50;9.50;False;False;True;False;7;90.55453206441891;631.1363651419608;69.95629786704194;136.54575033128276
711;52.50;10.50;True;False;False;False;44;61.50;15.50;False;False;True;False;4;60.619869102722106;597.1689790844981;32.286111111112405;91.05509859306221
711;52.50;10.50;True;False;False;False;60;61.50;21.50;False;False;True;False;1;102.81907647170374;0;102.81907647170374;102.81907647170374
711;52.50;10.50;True;False;False;False;313;50.50;1.50;True;False;False;False;1;13.679163070206414;0;13.679163070206414;13.679163070206414
711;52.50;10.50;True;False;False;False;579;52.50;7.50;True;False;False;False;1;6.992774583042774;0;6.992774583042774;6.992774583042774
711;52.50;10.50;True;False;False;False;678;19.50;10.50;True;False;False;False;1;25.902752200835494;0;25.902752200835494;25.902752200835494
711;52.50;10.50;True;False;False;False;732;29.50;11.50;True;False;False;False;1;27.21445483210175;0;27.21445483210175;27.21445483210175
711;52.50;10.50;True;False;False;False;733;30.50;11.50;True;False;False;False;2;44.19657287524751;485.10955876977596;28.622402612119913;59.77074313837511
711;52.50;10.50;True;False;False;False;820;29.50;13.50;True;False;False;False;1;42.89585690167951;0;42.89585690167951;42.89585690167951
711;52.50;10.50;True;False;False;False;821;30.50;13.50;True;False;False;False;1;23.700829736875676;0;23.700829736875676;23.700829736875676
711;52.50;10.50;True;False;False;False;822;31.50;13.50;True;False;False;False;4;23.370968234667544;0.13642181384728103;22.946200904338184;23.71944444444307
711;52.50;10.50;True;False;False;False;823;32.50;13.50;True;False;False;False;2;22.088751004305095;0.22611926109428204;21.752507594634153;22.424994413976037
711;52.50;10.50;True;False;False;False;972;49.50;16.50;True;False;False;False;1;13.837701831308095;0;13.837701831308095;13.837701831308095
711;52.50;10.50;True;False;False;False;1012;45.50;17.50;True;False;False;False;1;15.766944042719842;0;15.766944042719842;15.766944042719842
711;52.50;10.50;True;False;False;False;1065;10.50;19.50;True;False;False;False;1;40.99426405453778;0;40.99426405453778;40.99426405453778
713;10.50;11.50;True;False;False;False;28;61.50;9.50;False;False;True;False;1;78.59722222221899;0;78.59722222221899;78.59722222221899
713;10.50;11.50;True;False;False;False;60;61.50;21.50;False;False;True;False;2;140.80421715881494;1157.6557561051716;116.74537516563942;164.86305915199046
713;10.50;11.50;True;False;False;False;471;32.50;5.50;True;False;False;False;1;25.711673056131986;0;25.711673056131986;25.711673056131986
713;10.50;11.50;True;False;False;False;838;47.50;13.50;True;False;False;False;1;33.53953823585471;0;33.53953823585471;33.53953823585471
713;10.50;11.50;True;False;False;False;887;52.50;14.50;True;False;False;False;1;41.44685105475219;0;41.44685105475219;41.44685105475219
714;11.50;11.50;True;False;False;False;12;61.50;3.50;False;False;True;False;1;138.25973301160047;0;138.25973301160047;138.25973301160047
714;11.50;11.50;True;False;False;False;44;61.50;15.50;False;False;True;False;1;89.171464697989;0;89.171464697989;89.171464697989
714;11.50;11.50;True;False;False;False;488;49.50;5.50;True;False;False;False;1;36.62934984958065;0;36.62934984958065;36.62934984958065
714;11.50;11.50;True;False;False;False;1369;50.50;25.50;True;False;False;False;1;46.63527098657869;0;46.63527098657869;46.63527098657869
719;16.50;11.50;True;False;False;False;28;61.50;9.50;False;False;True;False;1;107.71786437627088;0;107.71786437627088;107.71786437627088
719;16.50;11.50;True;False;False;False;44;61.50;15.50;False;False;True;False;1;90.78661123117854;0;90.78661123117854;90.78661123117854
719;16.50;11.50;True;False;False;False;60;61.50;21.50;False;False;True;False;1;60.11044581391434;0;60.11044581391434;60.11044581391434
719;16.50;11.50;True;False;False;False;489;50.50;5.50;True;False;False;False;1;33.894073276980635;0;33.894073276980635;33.894073276980635
719;16.50;11.50;True;False;False;False;869;34.50;14.50;True;False;False;False;1;21.42578229777064;0;21.42578229777064;21.42578229777064
719;16.50;11.50;True;False;False;False;1131;32.50;20.50;True;False;False;False;1;27.1346320272678;0;27.1346320272678;27.1346320272678
722;19.50;11.50;True;False;False;False;12;61.50;3.50;False;False;True;False;2;92.77477631084548;0.4406613648542813;92.30538235857603;93.24417026311494
722;19.50;11.50;True;False;False;False;28;61.50;9.50;False;False;True;False;2;108.33576627524235;5.875180606181867;106.62182628122537;110.04970626925933
722;19.50;11.50;True;False;False;False;60;61.50;21.50;False;False;True;False;1;119.50443164645185;0;119.50443164645185;119.50443164645185
722;19.50;11.50;True;False;False;False;595;24.50;8.50;True;False;False;False;1;12.409538235846412;0;12.409538235846412;12.409538235846412
722;19.50;11.50;True;False;False;False;744;41.50;11.50;True;False;False;False;1;18.168712497179513;0;18.168712497179513;18.168712497179513
722;19.50;11.50;True;False;False;False;830;39.50;13.50;True;False;False;False;1;21.59499280705495;0;21.59499280705495;21.59499280705495
722;19.50;11.50;True;False;False;False;968;45.50;16.50;True;False;False;False;1;28.33120490251349;0;28.33120490251349;28.33120490251349
722;19.50;11.50;True;False;False;False;969;46.50;16.50;True;False;False;False;1;36.12417026312687;0;36.12417026312687;36.12417026312687
723;20.50;11.50;True;False;False;False;28;61.50;9.50;False;False;True;False;2;148.1671897123606;1904.9833551769402;117.30472581868435;179.02965360603685
723;20.50;11.50;True;False;False;False;44;61.50;15.50;False;False;True;False;1;144.78518838628042;0;144.78518838628042;144.78518838628042
723;20.50;11.50;True;False;False;False;572;45.50;7.50;True;False;False;False;1;26.486809485056256;0;26.486809485056256;26.486809485056256
723;20.50;11.50;True;False;False;False;579;52.50;7.50;True;False;False;False;1;31.10806634493929;0;31.10806634493929;31.10806634493929
723;20.50;11.50;True;False;False;False;1012;45.50;17.50;True;False;False;False;1;47.840270986583164;0;47.840270986583164;47.840270986583164
724;21.50;11.50;True;False;False;False;12;61.50;3.50;False;False;True;False;1;113.17157687343024;0;113.17157687343024;113.17157687343024
724;21.50;11.50;True;False;False;False;28;61.50;9.50;False;False;True;False;2;93.85293807311609;21.5034110736878;90.57395872935012;97.13191741688206
724;21.50;11.50;True;False;False;False;618;47.50;8.50;True;False;False;False;1;32.59388330287766;0;32.59388330287766;32.59388330287766
724;21.50;11.50;True;False;False;False;874;39.50;14.50;True;False;False;False;1;21.6863932888009;0;21.6863932888009;21.6863932888009
724;21.50;11.50;True;False;False;False;1234;47.50;22.50;True;False;False;False;1;39.74907647171494;0;39.74907647171494;39.74907647171494
725;22.50;11.50;True;False;False;False;12;61.50;3.50;False;False;True;False;1;192.23593471937238;0;192.23593471937238;192.23593471937238
725;22.50;11.50;True;False;False;False;28;61.50;9.50;False;False;True;False;1;83.13713562371595;0;83.13713562371595;83.13713562371595
725;22.50;11.50;True;False;False;False;60;61.50;21.50;False;False;True;False;1;74.46648627675677;0;74.46648627675677;74.46648627675677
725;22.50;11.50;True;False;False;False;554;27.50;7.50;True;False;False;False;1;12.672222222223354;0;12.672222222223354;12.672222222223354
725;22.50;11.50;True;False;False;False;828;37.50;13.50;True;False;False;False;1;19.286486276763753;0;19.286486276763753;19.286486276763753
725;22.50;11.50;True;False;False;False;1006;39.50;17.50;True;False;False;False;1;22.976392485352335;0;22.976392485352335;22.976392485352335
727;24.50;11.50;True;False;False;False;12;61.50;3.50;False;False;True;False;1;86.44907647170658;0;86.44907647170658;86.44907647170658
727;24.50;11.50;True;False;False;False;44;61.50;15.50;False;False;True;False;3;94.94793542951841;109.34523702873024;86.73555955374377;106.71981961008169
727;24.50;11.50;True;False;False;False;354;47.50;2.50;True;False;False;False;1;28.171572875253332;0;28.171572875253332;28.171572875253332
727;24.50;11.50;True;False;False;False;578;51.50;7.50;True;False;False;False;1;28.039518263984064;0;28.039518263984064;28.039518263984064
727;24.50;11.50;True;False;False;False;1136;37.50;20.50;True;False;False;False;1;21.174076471716035;0;21.174076471716035;21.174076471716035
728;25.50;11.50;True;False;False;False;28;61.50;9.50;False;False;True;False;1;119.76417106658118;0;119.76417106658118;119.76417106658118
728;25.50;11.50;True;False;False;False;60;61.50;21.50;False;False;True;False;1;140.72813855755157;0;140.72813855755157;140.72813855755157
728;25.50;11.50;True;False;False;False;595;24.50;8.50;True;False;False;False;1;8.856107916377368;0;8.856107916377368;8.856107916377368
729;26.50;11.50;True;False;False;False;28;61.50;9.50;False;False;True;False;2;85.95365628681975;5.101240103820239;84.35659021056927;87.55072236307024
729;26.50;11.50;True;False;False;False;572;45.50;7.50;True;False;False;False;1;21.85658006817539;0;21.85658006817539;21.85658006817539
729;26.50;11.50;True;False;False;False;955;32.50;16.50;True;False;False;False;1;14.345360779811926;0;14.345360779811926;14.345360779811926
729;26.50;11.50;True;False;False;False;1095;40.50;19.50;True;False;False;False;1;24.261482278576338;0;24.261482278576338;24.261482278576338
730;27.50;11.50;True;False;False;False;12;61.50;3.50;False;False;True;False;1;112.5404625675942;0;112.5404625675942;112.5404625675942
730;27.50;11.50;True;False;False;False;28;61.50;9.50;False;False;True;False;1;82.11657287525668;0;82.11657287525668;82.11657287525668
730;27.50;11.50;True;False;False;False;695;36.50;10.50;True;False;False;False;1;13.008878501226718;0;13.008878501226718;13.008878501226718
732;29.50;11.50;True;False;False;False;28;61.50;9.50;False;False;True;False;1;103.94840235124548;0;103.94840235124548;103.94840235124548
732;29.50;11.50;True;False;False;False;480;41.50;5.50;True;False;False;False;1;20.239458026837724;0;20.239458026837724;20.239458026837724
732;29.50;11.50;True;False;False;False;486;47.50;5.50;True;False;False;False;1;23.328160136381484;0;23.328160136381484;23.328160136381484
732;29.50;11.50;True;False;False;False;490;51.50;5.50;True;False;False;False;1;26.160852099991644;0;26.160852099991644;26.160852099991644
732;29.50;11.50;True;False;False;False;552;25.50;7.50;True;False;False;False;1;13.156951235658198;0;13.156951235658198;13.156951235658198
732;29.50;11.50;True;False;False;False;554;27.50;7.50;True;False;False;False;1;10.59731601364183;0;10.59731601364183;10.59731601364183
732;29.50;11.50;True;False;False;False;561;34.50;7.50;True;False;False;False;1;17.889208156080713;0;17.889208156080713;17.889208156080713
732;29.50;11.50;True;False;False;False;563;36.50;7.50;True;False;False;False;1;15.011767651000923;0;15.011767651000923;15.011767651000923
732;29.50;11.50;True;False;False;False;571;44.50;7.50;True;False;False;False;1;22.703333333323826;0;22.703333333323826;22.703333333323826
732;29.50;11.50;True;False;False;False;574;47.50;7.50;True;False;False;False;1;22.632027446466964;0;22.632027446466964;22.632027446466964
732;29.50;11.50;True;False;False;False;623;52.50;8.50;True;False;False;False;1;26.152577396973356;0;26.152577396973356;26.152577396973356
732;29.50;11.50;True;False;False;False;703;44.50;10.50;True;False;False;False;2;17.837180520342372;0.42210175975515835;17.37777777777592;18.296583262908825
732;29.50;11.50;True;False;False;False;704;45.50;10.50;True;False;False;False;1;20.72823954191881;0;20.72823954191881;20.72823954191881
732;29.50;11.50;True;False;False;False;738;35.50;11.50;True;False;False;False;1;10.108711693712394;0;10.108711693712394;10.108711693712394
732;29.50;11.50;True;False;False;False;744;41.50;11.50;True;False;False;False;1;18.334624834340502;0;18.334624834340502;18.334624834340502
732;29.50;11.50;True;False;False;False;748;45.50;11.50;True;False;False;False;1;24.84519077756113;0;24.84519077756113;24.84519077756113
732;29.50;11.50;True;False;False;False;752;49.50;11.50;True;False;False;False;1;17.593200382565556;0;17.593200382565556;17.593200382565556
732;29.50;11.50;True;False;False;False;755;52.50;11.50;True;False;False;False;1;25.165933112475614;0;25.165933112475614;25.165933112475614
732;29.50;11.50;True;False;False;False;825;34.50;13.50;True;False;False;False;1;15.852965360605594;0;15.852965360605594;15.852965360605594
732;29.50;11.50;True;False;False;False;826;35.50;13.50;True;False;False;False;1;12.21471862576118;0;12.21471862576118;12.21471862576118
732;29.50;11.50;True;False;False;False;827;36.50;13.50;True;False;False;False;1;17.424914204948436;0;17.424914204948436;17.424914204948436
732;29.50;11.50;True;False;False;False;837;46.50;13.50;True;False;False;False;1;38.82879909566691;0;38.82879909566691;38.82879909566691
732;29.50;11.50;True;False;False;False;840;49.50;13.50;True;False;False;False;1;32.69491020677333;0;32.69491020677333;32.69491020677333
732;29.50;11.50;True;False;False;False;842;51.50;13.50;True;False;False;False;1;39.58416387365787;0;39.58416387365787;39.58416387365787
732;29.50;11.50;True;False;False;False;967;44.50;16.50;True;False;False;False;1;27.31166666666104;0;27.31166666666104;27.31166666666104
732;29.50;11.50;True;False;False;False;1008;41.50;17.50;True;False;False;False;1;19.233697846855648;0;19.233697846855648;19.233697846855648
732;29.50;11.50;True;False;False;False;1011;44.50;17.50;True;False;False;False;1;21.039173457866127;0;21.039173457866127;21.039173457866127
732;29.50;11.50;True;False;False;False;1018;51.50;17.50;True;False;False;False;1;25.74231601363499;0;25.74231601363499;25.74231601363499
732;29.50;11.50;True;False;False;False;1229;42.50;22.50;True;False;False;False;1;24.111861442413783;0;24.111861442413783;24.111861442413783
732;29.50;11.50;True;False;False;False;1257;26.50;23.50;True;False;False;False;1;16.970440185379175;0;16.970440185379175;16.970440185379175
732;29.50;11.50;True;False;False;False;1278;47.50;23.50;True;False;False;False;2;30.988384227220195;0.3237969634105604;30.586018123149188;31.3907503312912
733;30.50;11.50;True;False;False;False;300;37.50;1.50;True;False;False;False;1;19.092766586662037;0;19.092766586662037;19.092766586662037
733;30.50;11.50;True;False;False;False;424;29.50;4.50;True;False;False;False;1;11.56703144466519;0;11.56703144466519;11.56703144466519
733;30.50;11.50;True;False;False;False;437;42.50;4.50;True;False;False;False;1;20.19694484617014;0;20.19694484617014;20.19694484617014
733;30.50;11.50;True;False;False;False;479;40.50;5.50;True;False;False;False;3;19.552317078544245;1.3212171081031272;18.82277777776835;20.877319208371773
733;30.50;11.50;True;False;False;False;484;45.50;5.50;True;False;False;False;2;22.012642284478716;1.8274079169882624;21.056763652803056;22.968520916154375
733;30.50;11.50;True;False;False;False;489;50.50;5.50;True;False;False;False;2;26.591572875247948;3.732006635413135;25.225555555553;27.957590194942895
733;30.50;11.50;True;False;False;False;490;51.50;5.50;True;False;False;False;1;25.09703544284457;0;25.09703544284457;25.09703544284457
733;30.50;11.50;True;False;False;False;557;30.50;7.50;True;False;False;False;1;7.033524914346117;0;7.033524914346117;7.033524914346117
733;30.50;11.50;True;False;False;False;561;34.50;7.50;True;False;False;False;2;15.13507661253061;0.23109581869040374;14.795153225066315;15.474999999994907
733;30.50;11.50;True;False;False;False;569;42.50;7.50;True;False;False;False;2;23.218756992059298;24.892439931436844;19.690836929796205;26.74667705432239
733;30.50;11.50;True;False;False;False;572;45.50;7.50;True;False;False;False;1;30.98528057078147;0;30.98528057078147;30.98528057078147
733;30.50;11.50;True;False;False;False;573;46.50;7.50;True;False;False;False;2;21.442038235850305;0.0005075501581972612;21.426107916358887;21.457968555341722
733;30.50;11.50;True;False;False;False;574;47.50;7.50;True;False;False;False;1;23.08852810908138;0;23.08852810908138;23.08852810908138
733;30.50;11.50;True;False;False;False;576;49.50;7.50;True;False;False;False;4;22.96887927617493;0.13007606342628514;22.540610896110593;23.38907647171618
733;30.50;11.50;True;False;False;False;577;50.50;7.50;True;False;False;False;1;24.01686144240557;0;24.01686144240557;24.01686144240557
733;30.50;11.50;True;False;False;False;578;51.50;7.50;True;False;False;False;2;23.996857978194384;0.1999663646531559;23.68065680437212;24.31305915201665
733;30.50;11.50;True;False;False;False;608;37.50;8.50;True;False;False;False;1;13.939112719752757;0;13.939112719752757;13.939112719752757
733;30.50;11.50;True;False;False;False;617;46.50;8.50;True;False;False;False;1;20.025278179502493;0;20.025278179502493;20.025278179502493
733;30.50;11.50;True;False;False;False;671;12.50;10.50;True;False;False;False;1;20.304086859361632;0;20.304086859361632;20.304086859361632
733;30.50;11.50;True;False;False;False;688;29.50;10.50;True;False;False;False;1;6.762319208370172;0;6.762319208370172;6.762319208370172
733;30.50;11.50;True;False;False;False;691;32.50;10.50;True;False;False;False;2;8.397365702347543;0.7061643286668523;7.803158529441134;8.99157287525395
733;30.50;11.50;True;False;False;False;701;42.50;10.50;True;False;False;False;1;15.53231281889748;0;15.53231281889748;15.53231281889748
733;30.50;11.50;True;False;False;False;708;49.50;10.50;True;False;False;False;1;19.833718083191343;0;19.833718083191343;19.833718083191343
733;30.50;11.50;True;False;False;False;709;50.50;10.50;True;False;False;False;2;20.163221559653834;0.21906361071698713;19.832265663259022;20.494177456048646
733;30.50;11.50;True;False;False;False;711;52.50;10.50;True;False;False;False;1;22.579357845934283;0;22.579357845934283;22.579357845934283
733;30.50;11.50;True;False;False;False;727;24.50;11.50;True;False;False;False;1;8.574171850947096;0;8.574171850947096;8.574171850947096
733;30.50;11.50;True;False;False;False;728;25.50;11.50;True;False;False;False;1;16.063517721424432;0;16.063517721424432;16.063517721424432
733;30.50;11.50;True;False;False;False;735;32.50;11.50;True;False;False;False;2;11.533377034305772;0.2221639580783789;11.200087401944984;11.86666666666656
733;30.50;11.50;True;False;False;False;737;34.50;11.50;True;False;False;False;1;6.726392485354154;0;6.726392485354154;6.726392485354154
733;30.50;11.50;True;False;False;False;738;35.50;11.50;True;False;False;False;1;7.6207431383813855;0;7.6207431383813855;7.6207431383813855
733;30.50;11.50;True;False;False;False;739;36.50;11.50;True;False;False;False;1;15.533333333336486;0;15.533333333336486;15.533333333336486
733;30.50;11.50;True;False;False;False;740;37.50;11.50;True;False;False;False;3;17.921233768691348;52.36614722604697;12.522218224043172;26.143795097476072
733;30.50;11.50;True;False;False;False;742;39.50;11.50;True;False;False;False;1;9.583865202439483;0;9.583865202439483;9.583865202439483
733;30.50;11.50;True;False;False;False;744;41.50;11.50;True;False;False;False;1;21.82981641535298;0;21.82981641535298;21.82981641535298
733;30.50;11.50;True;False;False;False;747;44.50;11.50;True;False;False;False;1;20.124441249709207;0;20.124441249709207;20.124441249709207
733;30.50;11.50;True;False;False;False;748;45.50;11.50;True;False;False;False;1;24.11731601363499;0;24.11731601363499;24.11731601363499
733;30.50;11.50;True;False;False;False;749;46.50;11.50;True;False;False;False;1;21.33999280705393;0;21.33999280705393;21.33999280705393
733;30.50;11.50;True;False;False;False;750;47.50;11.50;True;False;False;False;2;21.533845187919496;79.5679394611222;15.226391681902896;27.841298693936096
733;30.50;11.50;True;False;False;False;753;50.50;11.50;True;False;False;False;1;26.799176652590177;0;26.799176652590177;26.799176652590177
733;30.50;11.50;True;False;False;False;755;52.50;11.50;True;False;False;False;1;19.926768454457488;0;19.926768454457488;19.926768454457488
733;30.50;11.50;True;False;False;False;820;29.50;13.50;True;False;False;False;1;8.036486276762844;0;8.036486276762844;8.036486276762844
733;30.50;11.50;True;False;False;False;826;35.50;13.50;True;False;False;False;1;14.458982680302142;0;14.458982680302142;14.458982680302142
733;30.50;11.50;True;False;False;False;828;37.50;13.50;True;False;False;False;1;20.755830540323586;0;20.755830540323586;20.755830540323586
733;30.50;11.50;True;False;False;False;833;42.50;13.50;True;False;False;False;1;25.365371970921842;0;25.365371970921842;25.365371970921842
733;30.50;11.50;True;False;False;False;835;44.50;13.50;True;False;False;False;1;34.39610791637415;0;34.39610791637415;34.39610791637415
733;30.50;11.50;True;False;False;False;836;45.50;13.50;True;False;False;False;1;19.017446554018534;0;19.017446554018534;19.017446554018534
733;30.50;11.50;True;False;False;False;840;49.50;13.50;True;False;False;False;1;21.459661583321576;0;21.459661583321576;21.459661583321576
733;30.50;11.50;True;False;False;False;841;50.50;13.50;True;False;False;False;1;25.43211243809492;0;25.43211243809492;25.43211243809492
733;30.50;11.50;True;False;False;False;842;51.50;13.50;True;False;False;False;2;24.824177417927217;7.778524654582174;22.852056141917274;26.79629869393716
733;30.50;11.50;True;False;False;False;865;30.50;14.50;True;False;False;False;1;5.485184388082416;0;5.485184388082416;5.485184388082416
733;30.50;11.50;True;False;False;False;869;34.50;14.50;True;False;False;False;2;17.174585131565436;23.206380552123786;13.76823954192514;20.580930721205732
733;30.50;11.50;True;False;False;False;872;37.50;14.50;True;False;False;False;2;13.897359312875778;0.03272810756220714;13.769437251521595;14.025281374229962
733;30.50;11.50;True;False;False;False;879;44.50;14.50;True;False;False;False;1;21.90232240310661;0;21.90232240310661;21.90232240310661
733;30.50;11.50;True;False;False;False;952;29.50;16.50;True;False;False;False;1;16.8232427366529;0;16.8232427366529;16.8232427366529
733;30.50;11.50;True;False;False;False;953;30.50;16.50;True;False;False;False;1;17.40888569415074;0;17.40888569415074;17.40888569415074
733;30.50;11.50;True;False;False;False;960;37.50;16.50;True;False;False;False;1;19.63898268030607;0;19.63898268030607;19.63898268030607
733;30.50;11.50;True;False;False;False;975;52.50;16.50;True;False;False;False;1;25.86622805004663;0;25.86622805004663;25.86622805004663
733;30.50;11.50;True;False;False;False;987;20.50;17.50;True;False;False;False;1;18.467722342305933;0;18.467722342305933;18.467722342305933
733;30.50;11.50;True;False;False;False;988;21.50;17.50;True;False;False;False;1;16.853234230289672;0;16.853234230289672;16.853234230289672
733;30.50;11.50;True;False;False;False;997;30.50;17.50;True;False;False;False;1;7.566757263344016;0;7.566757263344016;7.566757263344016
733;30.50;11.50;True;False;False;False;999;32.50;17.50;True;False;False;False;1;12.463888888887595;0;12.463888888887595;12.463888888887595
733;30.50;11.50;True;False;False;False;1001;34.50;17.50;True;False;False;False;2;14.350689451477024;1.1933799503505012;13.578232348994788;15.123146553959259
733;30.50;11.50;True;False;False;False;1009;42.50;17.50;True;False;False;False;2;19.025088597582908;0.3046309939911232;18.634812417172725;19.41536477799309
733;30.50;11.50;True;False;False;False;1011;44.50;17.50;True;False;False;False;1;35.35676045807486;0;35.35676045807486;35.35676045807486
733;30.50;11.50;True;False;False;False;1013;46.50;17.50;True;False;False;False;2;29.10301225631656;24.98393206498707;25.568614707583038;32.63740980505008
733;30.50;11.50;True;False;False;False;1016;49.50;17.50;True;False;False;False;2;27.111112708482324;0.6043916723036897;26.561389290614898;27.66083612634975
733;30.50;11.50;True;False;False;False;1019;52.50;17.50;True;False;False;False;2;31.460739943651788;53.84143229125952;26.27222222221826;36.649257665085315
733;30.50;11.50;True;False;False;False;1105;50.50;19.50;True;False;False;False;1;34.910791380988485;0;34.910791380988485;34.910791380988485
733;30.50;11.50;True;False;False;False;1110;11.50;20.50;True;False;False;False;1;25.724646413094888;0;25.724646413094888;25.724646413094888
733;30.50;11.50;True;False;False;False;1148;49.50;20.50;True;False;False;False;2;26.709831155271786;0.004131444807274351;26.66438093631041;26.755281374233164
733;30.50;11.50;True;False;False;False;1197;10.50;22.50;True;False;False;False;1;27.99425366687865;0;27.99425366687865;27.99425366687865
733;30.50;11.50;True;False;False;False;1239;52.50;22.50;True;False;False;False;5;31.694373409484296;15.810230461478858;28.963794294002582;38.68123208631732
733;30.50;11.50;True;False;False;False;1253;22.50;23.50;True;False;False;False;1;24.578798292211424;0;24.578798292211424;24.578798292211424
733;30.50;11.50;True;False;False;False;1276;45.50;23.50;True;False;False;False;1;37.350649346968794;0;37.350649346968794;37.350649346968794
733;30.50;11.50;True;False;False;False;1278;47.50;23.50;True;False;False;False;1;30.177409805040952;0;30.177409805040952;30.177409805040952
733;30.50;11.50;True;False;False;False;1369;50.50;25.50;True;False;False;False;1;33.87694804090279;0;33.87694804090279;33.87694804090279
734;31.50;11.50;True;False;False;False;302;39.50;1.50;True;False;False;False;1;19.26704183230686;0;19.26704183230686;19.26704183230686
734;31.50;11.50;True;False;False;False;303;40.50;1.50;True;False;False;False;1;20.108611512834614;0;20.108611512834614;20.108611512834614
734;31.50;11.50;True;False;False;False;309;46.50;1.50;True;False;False;False;1;27.439635222002835;0;27.439635222002835;27.439635222002835
734;31.50;11.50;True;False;False;False;334;27.50;2.50;True;False;False;False;1;15.884632027267799;0;15.884632027267799;15.884632027267799
734;31.50;11.50;True;False;False;False;338;31.50;2.50;True;False;False;False;1;9.269079666457401;0;9.269079666457401;9.269079666457401
734;31.50;11.50;True;False;False;False;429;34.50;4.50;True;False;False;False;1;14.662982941182577;0;14.662982941182577;14.662982941182577
734;31.50;11.50;True;False;False;False;469;30.50;5.50;True;False;False;False;1;14.498427124746172;0;14.498427124746172;14.498427124746172
734;31.50;11.50;True;False;False;False;474;35.50;5.50;True;False;False;False;1;14.459528651648725;0;14.459528651648725;14.459528651648725
734;31.50;11.50;True;False;False;False;475;36.50;5.50;True;False;False;False;2;16.78847402045176;3.605852443329498;15.445743138381658;18.13120490252186
734;31.50;11.50;True;False;False;False;478;39.50;5.50;True;False;False;False;1;23.052767390121517;0;23.052767390121517;23.052767390121517
734;31.50;11.50;True;False;False;False;480;41.50;5.50;True;False;False;False;1;18.55981241717018;0;18.55981241717018;18.55981241717018
734;31.50;11.50;True;False;False;False;483;44.50;5.50;True;False;False;False;1;20.141298693928547;0;20.141298693928547;20.141298693928547
734;31.50;11.50;True;False;False;False;485;46.50;5.50;True;False;False;False;1;22.469632027270222;0;22.469632027270222;22.469632027270222
734;31.50;11.50;True;False;False;False;486;47.50;5.50;True;False;False;False;2;22.22412892485022;0.01381507782203457;22.141017319697767;22.307240530002673
734;31.50;11.50;True;False;False;False;538;11.50;7.50;True;False;False;False;1;24.265093791407708;0;24.265093791407708;24.265093791407708
734;31.50;11.50;True;False;False;False;548;21.50;7.50;True;False;False;False;1;16.624237731164612;0;16.624237731164612;16.624237731164612
734;31.50;11.50;True;False;False;False;551;24.50;7.50;True;False;False;False;1;13.986572875248385;0;13.986572875248385;13.986572875248385
734;31.50;11.50;True;False;False;False;556;29.50;7.50;True;False;False;False;1;10.925375165646983;0;10.925375165646983;10.925375165646983
734;31.50;11.50;True;False;False;False;559;32.50;7.50;True;False;False;False;1;10.093576852653769;0;10.093576852653769;10.093576852653769
734;31.50;11.50;True;False;False;False;562;35.50;7.50;True;False;False;False;1;13.337864376268897;0;13.337864376268897;13.337864376268897
734;31.50;11.50;True;False;False;False;563;36.50;7.50;True;False;False;False;1;13.98278923336693;0;13.98278923336693;13.98278923336693
734;31.50;11.50;True;False;False;False;566;39.50;7.50;True;False;False;False;1;15.153711693719742;0;15.153711693719742;15.153711693719742
734;31.50;11.50;True;False;False;False;567;40.50;7.50;True;False;False;False;1;15.683242736642569;0;15.683242736642569;15.683242736642569
734;31.50;11.50;True;False;False;False;568;41.50;7.50;True;False;False;False;1;20.01935065303161;0;20.01935065303161;20.01935065303161
734;31.50;11.50;True;False;False;False;573;46.50;7.50;True;False;False;False;1;20.91221502927874;0;20.91221502927874;20.91221502927874
734;31.50;11.50;True;False;False;False;574;47.50;7.50;True;False;False;False;2;21.511206499894797;3.966268216935188;20.102968555345797;22.919444444443798
734;31.50;11.50;True;False;False;False;576;49.50;7.50;True;False;False;False;1;22.839705043354115;0;22.839705043354115;22.839705043354115
734;31.50;11.50;True;False;False;False;577;50.50;7.50;True;False;False;False;1;25.49010417907266;0;25.49010417907266;25.49010417907266
734;31.50;11.50;True;False;False;False;578;51.50;7.50;True;False;False;False;1;23.71093791414387;0;23.71093791414387;23.71093791414387
734;31.50;11.50;True;False;False;False;579;52.50;7.50;True;False;False;False;1;23.641666666665515;0;23.641666666665515;23.641666666665515
734;31.50;11.50;True;False;False;False;601;30.50;8.50;True;False;False;False;1;9.341689833265264;0;9.341689833265264;9.341689833265264
734;31.50;11.50;True;False;False;False;603;32.50;8.50;True;False;False;False;1;8.933607514649339;0;8.933607514649339;8.933607514649339
734;31.50;11.50;True;False;False;False;605;34.50;8.50;True;False;False;False;1;12.960177195156575;0;12.960177195156575;12.960177195156575
734;31.50;11.50;True;False;False;False;623;52.50;8.50;True;False;False;False;1;24.003989873213868;0;24.003989873213868;24.003989873213868
734;31.50;11.50;True;False;False;False;678;19.50;10.50;True;False;False;False;1;15.474076471717126;0;15.474076471717126;15.474076471717126
734;31.50;11.50;True;False;False;False;688;29.50;10.50;True;False;False;False;1;8.437316013638338;0;8.437316013638338;8.437316013638338
734;31.50;11.50;True;False;False;False;691;32.50;10.50;True;False;False;False;1;8.21796536059992;0;8.21796536059992;8.21796536059992
734;31.50;11.50;True;False;False;False;701;42.50;10.50;True;False;False;False;1;14.36731601363681;0;14.36731601363681;14.36731601363681
734;31.50;11.50;True;False;False;False;703;44.50;10.50;True;False;False;False;2;16.585880229040868;0.8939562202420651;15.917316013635173;17.254444444446563
734;31.50;11.50;True;False;False;False;706;47.50;10.50;True;False;False;False;1;19.474447639178834;0;19.474447639178834;19.474447639178834
734;31.50;11.50;True;False;False;False;710;51.50;10.50;True;False;False;False;1;21.053896081810535;0;21.053896081810535;21.053896081810535
734;31.50;11.50;True;False;False;False;722;19.50;11.50;True;False;False;False;1;11.481760458082135;0;11.481760458082135;11.481760458082135
734;31.50;11.50;True;False;False;False;729;26.50;11.50;True;False;False;False;1;17.58933307245934;0;17.58933307245934;17.58933307245934
734;31.50;11.50;True;False;False;False;737;34.50;11.50;True;False;False;False;2;8.605144283577374;18.35445543615898;5.575750331302515;11.634538235852233
734;31.50;11.50;True;False;False;False;738;35.50;11.50;True;False;False;False;1;19.84722222221899;0;19.84722222221899;19.84722222221899
734;31.50;11.50;True;False;False;False;740;37.50;11.50;True;False;False;False;2;8.023751396505759;0.15498754645472104;7.7453743622027105;8.302128430808807
734;31.50;11.50;True;False;False;False;742;39.50;11.50;True;False;False;False;1;9.15583373505251;0;9.15583373505251;9.15583373505251
734;31.50;11.50;True;False;False;False;744;41.50;11.50;True;False;False;False;1;10.347316013638192;0;10.347316013638192;10.347316013638192
734;31.50;11.50;True;False;False;False;748;45.50;11.50;True;False;False;False;1;21.93120490252113;0;21.93120490252113;21.93120490252113
734;31.50;11.50;True;False;False;False;749;46.50;11.50;True;False;False;False;1;14.006903758472617;0;14.006903758472617;14.006903758472617
734;31.50;11.50;True;False;False;False;750;47.50;11.50;True;False;False;False;1;14.61481241717388;0;14.61481241717388;14.61481241717388
734;31.50;11.50;True;False;False;False;752;49.50;11.50;True;False;False;False;1;15.964166264937376;0;15.964166264937376;15.964166264937376
734;31.50;11.50;True;False;False;False;753;50.50;11.50;True;False;False;False;2;20.062128430805387;26.6503726726162;16.41176045807879;23.712496403531986
734;31.50;11.50;True;False;False;False;754;51.50;11.50;True;False;False;False;1;21.140184388090347;0;21.140184388090347;21.140184388090347
734;31.50;11.50;True;False;False;False;812;21.50;13.50;True;False;False;False;1;21.050840124527895;0;21.050840124527895;21.050840124527895
734;31.50;11.50;True;False;False;False;820;29.50;13.50;True;False;False;False;1;13.193423930009885;0;13.193423930009885;13.193423930009885
734;31.50;11.50;True;False;False;False;826;35.50;13.50;True;False;False;False;1;10.862503596461465;0;10.862503596461465;10.862503596461465
734;31.50;11.50;True;False;False;False;830;39.50;13.50;True;False;False;False;2;14.184027576921835;0.19956367170312123;13.868144947055043;14.499910206788627
734;31.50;11.50;True;False;False;False;832;41.50;13.50;True;False;False;False;1;15.107139621915849;0;15.107139621915849;15.107139621915849
734;31.50;11.50;True;False;False;False;833;42.50;13.50;True;False;False;False;2;15.758397559139553;0.1813714143410653;15.4572568824276;16.059538235851505
734;31.50;11.50;True;False;False;False;836;45.50;13.50;True;False;False;False;2;19.113889116365613;2.590514796124601;17.975795360094935;20.25198287263629
734;31.50;11.50;True;False;False;False;838;47.50;13.50;True;False;False;False;1;25.321198513043782;0;25.321198513043782;25.321198513043782
734;31.50;11.50;True;False;False;False;842;51.50;13.50;True;False;False;False;1;21.903510528514744;0;21.903510528514744;21.903510528514744
734;31.50;11.50;True;False;False;False;843;52.50;13.50;True;False;False;False;3;25.130564604129216;19.452981201843752;22.263450272280352;30.20935465121829
734;31.50;11.50;True;False;False;False;867;32.50;14.50;True;False;False;False;1;9.260461764142633;0;9.260461764142633;9.260461764142633
734;31.50;11.50;True;False;False;False;869;34.50;14.50;True;False;False;False;1;10.504624559926015;0;10.504624559926015;10.504624559926015
734;31.50;11.50;True;False;False;False;881;46.50;14.50;True;False;False;False;1;19.66832614038867;0;19.66832614038867;19.66832614038867
734;31.50;11.50;True;False;False;False;884;49.50;14.50;True;False;False;False;1;21.166483082019113;0;21.166483082019113;21.166483082019113
734;31.50;11.50;True;False;False;False;887;52.50;14.50;True;False;False;False;1;24.099628832540475;0;24.099628832540475;24.099628832540475
734;31.50;11.50;True;False;False;False;939;16.50;16.50;True;False;False;False;1;27.446027707359463;0;27.446027707359463;27.446027707359463
734;31.50;11.50;True;False;False;False;949;26.50;16.50;True;False;False;False;1;14.654541430592694;0;14.654541430592694;14.654541430592694
734;31.50;11.50;True;False;False;False;975;52.50;16.50;True;False;False;False;1;26.08620490252406;0;26.08620490252406;26.08620490252406
734;31.50;11.50;True;False;False;False;991;24.50;17.50;True;False;False;False;1;16.004372231771413;0;16.004372231771413;16.004372231771413
734;31.50;11.50;True;False;False;False;998;31.50;17.50;True;False;False;False;1;8.55114627226908;0;8.55114627226908;8.55114627226908
734;31.50;11.50;True;False;False;False;1009;42.50;17.50;True;False;False;False;1;19.14727976551876;0;19.14727976551876;19.14727976551876
734;31.50;11.50;True;False;False;False;1011;44.50;17.50;True;False;False;False;2;22.215976822990342;7.730129737070397;20.25;24.181953645980684
734;31.50;11.50;True;False;False;False;1012;45.50;17.50;True;False;False;False;2;36.05018079162846;451.0116070706728;21.03333013860083;51.067031444656095
734;31.50;11.50;True;False;False;False;1013;46.50;17.50;True;False;False;False;2;21.767038235850123;0.283619678099318;21.39046176413467;22.143614707565575
734;31.50;11.50;True;False;False;False;1016;49.50;17.50;True;False;False;False;1;23.015648543518637;0;23.015648543518637;23.015648543518637
734;31.50;11.50;True;False;False;False;1017;50.50;17.50;True;False;False;False;1;24.320281374235492;0;24.320281374235492;24.320281374235492
734;31.50;11.50;True;False;False;False;1018;51.50;17.50;True;False;False;False;1;24.46453823585398;0;24.46453823585398;24.46453823585398
734;31.50;11.50;True;False;False;False;1080;25.50;19.50;True;False;False;False;1;16.867228611688915;0;16.867228611688915;16.867228611688915
734;31.50;11.50;True;False;False;False;1086;31.50;19.50;True;False;False;False;1;9.732683986365146;0;9.732683986365146;9.732683986365146
734;31.50;11.50;True;False;False;False;1095;40.50;19.50;True;False;False;False;1;19.77758700020786;0;19.77758700020786;19.77758700020786
734;31.50;11.50;True;False;False;False;1104;49.50;19.50;True;False;False;False;2;26.455369570090454;2.9452582741945763;25.241850251291908;27.668888888889
734;31.50;11.50;True;False;False;False;1105;50.50;19.50;True;False;False;False;1;25.56102451261995;0;25.56102451261995;25.56102451261995
734;31.50;11.50;True;False;False;False;1131;32.50;20.50;True;False;False;False;1;13.12231601363419;0;13.12231601363419;13.12231601363419
734;31.50;11.50;True;False;False;False;1133;34.50;20.50;True;False;False;False;1;15.792501205175768;0;15.792501205175768;15.792501205175768
734;31.50;11.50;True;False;False;False;1143;44.50;20.50;True;False;False;False;1;31.46519477574782;0;31.46519477574782;31.46519477574782
734;31.50;11.50;True;False;False;False;1151;52.50;20.50;True;False;False;False;1;27.92823954191772;0;27.92823954191772;27.92823954191772
734;31.50;11.50;True;False;False;False;1207;20.50;22.50;True;False;False;False;1;22.381854249488242;0;22.381854249488242;22.381854249488242
734;31.50;11.50;True;False;False;False;1214;27.50;22.50;True;False;False;False;1;17.049819610099803;0;17.049819610099803;17.049819610099803
734;31.50;11.50;True;False;False;False;1239;52.50;22.50;True;False;False;False;1;46.15767679344299;0;46.15767679344299;46.15767679344299
734;31.50;11.50;True;False;False;False;1281;50.50;23.50;True;False;False;False;1;28.84911350413131;0;28.84911350413131;28.84911350413131
734;31.50;11.50;True;False;False;False;1351;32.50;25.50;True;False;False;False;1;16.019825196111924;0;16.019825196111924;16.019825196111924
734;31.50;11.50;True;False;False;False;1412;49.50;26.50;True;False;False;False;1;31.377649094174558;0;31.377649094174558;31.377649094174558
735;32.50;11.50;True;False;False;False;12;61.50;3.50;False;False;True;False;2;93.42696241723024;200.49586854642868;83.4145733779842;103.43935145647629
735;32.50;11.50;True;False;False;False;28;61.50;9.50;False;False;True;False;5;116.02792863607628;261.32278026290135;94.57619286999761;136.95871969007567
735;32.50;11.50;True;False;False;False;44;61.50;15.50;False;False;True;False;5;105.55806869270698;140.9908504164731;93.2966562789843;122.79638770278177
735;32.50;11.50;True;False;False;False;108;0.50;18.50;False;True;False;False;1;584.350178489145;0;584.350178489145;584.350178489145
735;32.50;11.50;True;False;False;False;124;0.50;24.50;False;True;False;False;1;620.3626061876748;0;620.3626061876748;620.3626061876748
735;32.50;11.50;True;False;False;False;302;39.50;1.50;True;False;False;False;1;18.58888888888896;0;18.58888888888896;18.58888888888896
735;32.50;11.50;True;False;False;False;351;44.50;2.50;True;False;False;False;1;21.439986417597538;0;21.439986417597538;21.439986417597538
735;32.50;11.50;True;False;False;False;479;40.50;5.50;True;False;False;False;1;16.317402612126898;0;16.317402612126898;16.317402612126898
735;32.50;11.50;True;False;False;False;615;44.50;8.50;True;False;False;False;1;16.797871569190875;0;16.797871569190875;16.797871569190875
735;32.50;11.50;True;False;False;False;623;52.50;8.50;True;False;False;False;1;40.82713562373124;0;40.82713562373124;40.82713562373124
735;32.50;11.50;True;False;False;False;684;25.50;10.50;True;False;False;False;1;11.37480922244049;0;11.37480922244049;11.37480922244049
735;32.50;11.50;True;False;False;False;734;31.50;11.50;True;False;False;False;2;3.068380229046852;0.3452948928302125;2.65287156919112;3.483888888902584
735;32.50;11.50;True;False;False;False;752;49.50;11.50;True;False;False;False;1;15.220926723020852;0;15.220926723020852;15.220926723020852
735;32.50;11.50;True;False;False;False;754;51.50;11.50;True;False;False;False;1;17.453989873212777;0;17.453989873212777;17.453989873212777
735;32.50;11.50;True;False;False;False;755;52.50;11.50;True;False;False;False;1;31.996031705475616;0;31.996031705475616;31.996031705475616
735;32.50;11.50;True;False;False;False;820;29.50;13.50;True;False;False;False;1;9.569538235862638;0;9.569538235862638;9.569538235862638
735;32.50;11.50;True;False;False;False;822;31.50;13.50;True;False;False;False;3;11.316334485207335;20.20416287055376;7.5;16.27095149652814
735;32.50;11.50;True;False;False;False;823;32.50;13.50;True;False;False;False;1;5.247871569190465;0;5.247871569190465;5.247871569190465
735;32.50;11.50;True;False;False;False;841;50.50;13.50;True;False;False;False;1;20.9023642371626;0;20.9023642371626;20.9023642371626
735;32.50;11.50;True;False;False;False;865;30.50;14.50;True;False;False;False;3;11.586818190408849;11.740739063845588;9.529906208589637;15.542316013635173
735;32.50;11.50;True;False;False;False;962;39.50;16.50;True;False;False;False;1;15.652020253553928;0;15.652020253553928;15.652020253553928
735;32.50;11.50;True;False;False;False;1141;42.50;20.50;True;False;False;False;1;22.85398268030201;0;22.85398268030201;22.85398268030201
735;32.50;11.50;True;False;False;False;1412;49.50;26.50;True;False;False;False;1;31.39629150101655;0;31.39629150101655;31.39629150101655
737;34.50;11.50;True;False;False;False;12;61.50;3.50;False;False;True;False;2;112.46714335558954;665.9975821638701;94.21888888887588;130.7153978223032
737;34.50;11.50;True;False;False;False;28;61.50;9.50;False;False;True;False;7;101.21878980291838;543.747766000932;77.23222941513268;148.39866902670929
737;34.50;11.50;True;False;False;False;44;61.50;15.50;False;False;True;False;3;124.64279545285414;398.6142687117256;104.27746202684284;144.18250040171552
737;34.50;11.50;True;False;False;False;60;61.50;21.50;False;False;True;False;1;100.08101731969509;0;100.08101731969509;100.08101731969509
737;34.50;11.50;True;False;False;False;427;32.50;4.50;True;False;False;False;1;13.826018123150789;0;13.826018123150789;13.826018123150789
737;34.50;11.50;True;False;False;False;450;11.50;5.50;True;False;False;False;1;27.190177195163415;0;27.190177195163415;27.190177195163415
737;34.50;11.50;True;False;False;False;562;35.50;7.50;True;False;False;False;1;9.173326140404242;0;9.173326140404242;9.173326140404242
737;34.50;11.50;True;False;False;False;567;40.50;7.50;True;False;False;False;1;14.113239541920393;0;14.113239541920393;14.113239541920393
737;34.50;11.50;True;False;False;False;623;52.50;8.50;True;False;False;False;1;20.54859473576289;0;20.54859473576289;20.54859473576289
737;34.50;11.50;True;False;False;False;695;36.50;10.50;True;False;False;False;1;7.924353847767634;0;7.924353847767634;7.924353847767634
737;34.50;11.50;True;False;False;False;733;30.50;11.50;True;False;False;False;1;7.084632027268526;0;7.084632027268526;7.084632027268526
737;34.50;11.50;True;False;False;False;820;29.50;13.50;True;False;False;False;1;11.88453823585769;0;11.88453823585769;11.88453823585769
737;34.50;11.50;True;False;False;False;821;30.50;13.50;True;False;False;False;2;11.00277777777228;0.1392746913597314;10.738888888881775;11.266666666662786
737;34.50;11.50;True;False;False;False;822;31.50;13.50;True;False;False;False;2;10.198564215404986;0.04750580760225803;10.044444444443798;10.352683986366173
737;34.50;11.50;True;False;False;False;841;50.50;13.50;True;False;False;False;1;22.972777777773445;0;22.972777777773445;22.972777777773445
737;34.50;11.50;True;False;False;False;865;30.50;14.50;True;False;False;False;1;12.811295499199332;0;12.811295499199332;12.811295499199332
737;34.50;11.50;True;False;False;False;866;31.50;14.50;True;False;False;False;1;11.247222222214987;0;11.247222222214987;11.247222222214987
737;34.50;11.50;True;False;False;False;1149;50.50;20.50;True;False;False;False;1;26.454812417174367;0;26.454812417174367;26.454812417174367
738;35.50;11.50;True;False;False;False;12;61.50;3.50;False;False;True;False;1;157.00514522874698;0;157.00514522874698;157.00514522874698
738;35.50;11.50;True;False;False;False;28;61.50;9.50;False;False;True;False;1;132.93480922242816;0;132.93480922242816;132.93480922242816
738;35.50;11.50;True;False;False;False;44;61.50;15.50;False;False;True;False;1;96.85158006817801;0;96.85158006817801;96.85158006817801
738;35.50;11.50;True;False;False;False;60;61.50;21.50;False;False;True;False;1;94.15267840033994;0;94.15267840033994;94.15267840033994
738;35.50;11.50;True;False;False;False;92;0.50;12.50;False;True;False;False;1;265.8658852103872;0;265.8658852103872;265.8658852103872
738;35.50;11.50;True;False;False;False;108;0.50;18.50;False;True;False;False;1;652.6895206552581;0;652.6895206552581;652.6895206552581
738;35.50;11.50;True;False;False;False;124;0.50;24.50;False;True;False;False;1;559.8304199300655;0;559.8304199300655;559.8304199300655
738;35.50;11.50;True;False;False;False;734;31.50;11.50;True;False;False;False;1;6.586666666666133;0;6.586666666666133;6.586666666666133
738;35.50;11.50;True;False;False;False;821;30.50;13.50;True;False;False;False;2;14.20833333333212;10.231120739444377;11.946572875254788;16.470093791409454
738;35.50;11.50;True;False;False;False;822;31.50;13.50;True;False;False;False;2;11.299639220185782;0.10512767999670783;11.070371167465055;11.528907272906508
738;35.50;11.50;True;False;False;False;998;31.50;17.50;True;False;False;False;1;15.07444763917374;0;15.07444763917374;15.07444763917374
738;35.50;11.50;True;False;False;False;1104;49.50;19.50;True;False;False;False;1;23.635461764140928;0;23.635461764140928;23.635461764140928
739;36.50;11.50;True;False;False;False;12;61.50;3.50;False;False;True;False;1;152.647323206556;0;152.647323206556;152.647323206556
739;36.50;11.50;True;False;False;False;28;61.50;9.50;False;False;True;False;1;148.76362190048167;0;148.76362190048167;148.76362190048167
739;36.50;11.50;True;False;False;False;733;30.50;11.50;True;False;False;False;1;8.591572875251586;0;8.591572875251586;8.591572875251586
739;36.50;11.50;True;False;False;False;822;31.50;13.50;True;False;False;False;1;11.39231601362917;0;11.39231601362917;11.39231601362917
740;37.50;11.50;True;False;False;False;12;61.50;3.50;False;False;True;False;4;93.51729975870808;110.87715929862529;82.23211484842159;107.37688941068336
740;37.50;11.50;True;False;False;False;28;61.50;9.50;False;False;True;False;6;93.43971365251022;70.38367651495943;82.95888330284834;102.09040074263612
740;37.50;11.50;True;False;False;False;44;61.50;15.50;False;False;True;False;3;91.90646635571586;7.170241003410586;88.82759338966571;93.69216884858542
740;37.50;11.50;True;False;False;False;440;45.50;4.50;True;False;False;False;1;17.982954972918378;0;17.982954972918378;17.982954972918378
740;37.50;11.50;True;False;False;False;449;10.50;5.50;True;False;False;False;1;28.851291501010564;0;28.851291501010564;28.851291501010564
740;37.50;11.50;True;False;False;False;617;46.50;8.50;True;False;False;False;1;15.129813220639335;0;15.129813220639335;15.129813220639335
740;37.50;11.50;True;False;False;False;732;29.50;11.50;True;False;False;False;1;8.461111111111677;0;8.461111111111677;8.461111111111677
740;37.50;11.50;True;False;False;False;807;16.50;13.50;True;False;False;False;1;31.731118304021948;0;31.731118304021948;31.731118304021948
740;37.50;11.50;True;False;False;False;821;30.50;13.50;True;False;False;False;1;13.32685424948977;0;13.32685424948977;13.32685424948977
740;37.50;11.50;True;False;False;False;823;32.50;13.50;True;False;False;False;1;11.956853446034074;0;11.956853446034074;11.956853446034074
740;37.50;11.50;True;False;False;False;864;29.50;14.50;True;False;False;False;1;25.08564215405022;0;25.08564215405022;25.08564215405022
740;37.50;11.50;True;False;False;False;967;44.50;16.50;True;False;False;False;1;15.796770306775215;0;15.796770306775215;15.796770306775215
740;37.50;11.50;True;False;False;False;1092;37.50;19.50;True;False;False;False;1;9.564909403321508;0;9.564909403321508;9.564909403321508
740;37.50;11.50;True;False;False;False;1145;46.50;20.50;True;False;False;False;1;19.8198196100966;0;19.8198196100966;19.8198196100966
740;37.50;11.50;True;False;False;False;1198;11.50;22.50;True;False;False;False;1;34.34426805272233;0;34.34426805272233;34.34426805272233
740;37.50;11.50;True;False;False;False;1277;46.50;23.50;True;False;False;False;1;21.89906049799538;0;21.89906049799538;21.89906049799538
742;39.50;11.50;True;False;False;False;12;61.50;3.50;False;False;True;False;1;88.00151024682054;0;88.00151024682054;88.00151024682054
742;39.50;11.50;True;False;False;False;28;61.50;9.50;False;False;True;False;5;119.04499701299326;1274.2614181671827;87.09139731485266;175.29838632055544
742;39.50;11.50;True;False;False;False;44;61.50;15.50;False;False;True;False;4;98.39968129996623;430.2937236940811;72.8637045007963;120.33540625237401
742;39.50;11.50;True;False;False;False;60;61.50;21.50;False;False;True;False;2;89.36783081256544;18.942355452682115;86.29030295300981;92.44535867212107
742;39.50;11.50;True;False;False;False;124;0.50;24.50;False;True;False;False;2;564.6186882480174;1738.909172319394;535.1321729205038;594.105203575531
742;39.50;11.50;True;False;False;False;334;27.50;2.50;True;False;False;False;1;20.786111111110586;0;20.786111111110586;20.786111111110586
742;39.50;11.50;True;False;False;False;491;52.50;5.50;True;False;False;False;1;19.291926462125048;0;19.291926462125048;19.291926462125048
742;39.50;11.50;True;False;False;False;703;44.50;10.50;True;False;False;False;1;12.405460960695564;0;12.405460960695564;12.405460960695564
742;39.50;11.50;True;False;False;False;734;31.50;11.50;True;False;False;False;1;14.191017319692037;0;14.191017319692037;14.191017319692037
742;39.50;11.50;True;False;False;False;748;45.50;11.50;True;False;False;False;1;7.152409001593696;0;7.152409001593696;7.152409001593696
742;39.50;11.50;True;False;False;False;752;49.50;11.50;True;False;False;False;2;11.971666264938904;4.667614747401025;10.443985875033832;13.499346654843976
742;39.50;11.50;True;False;False;False;754;51.50;11.50;True;False;False;False;1;13.315920333550821;0;13.315920333550821;13.315920333550821
742;39.50;11.50;True;False;False;False;812;21.50;13.50;True;False;False;False;1;21.18981322062973;0;21.18981322062973;21.18981322062973
742;39.50;11.50;True;False;False;False;821;30.50;13.50;True;False;False;False;1;15.148506530316808;0;15.148506530316808;15.148506530316808
742;39.50;11.50;True;False;False;False;822;31.50;13.50;True;False;False;False;2;14.258649740887904;0.14645729726418377;13.988041816702207;14.529257665073601
742;39.50;11.50;True;False;False;False;1004;37.50;17.50;True;False;False;False;1;12.382857183332817;0;12.382857183332817;12.382857183332817
742;39.50;11.50;True;False;False;False;1011;44.50;17.50;True;False;False;False;1;14.134644002763707;0;14.134644002763707;14.134644002763707
743;40.50;11.50;True;False;False;False;12;61.50;3.50;False;False;True;False;1;81.79862190048152;0;81.79862190048152;81.79862190048152
743;40.50;11.50;True;False;False;False;28;61.50;9.50;False;False;True;False;3;107.70782129759421;1448.4477466758897;78.259174261304;150.68158087161282
743;40.50;11.50;True;False;False;False;60;61.50;21.50;False;False;True;False;2;154.45685026082356;11071.853494978675;80.05304157142018;228.86065895022693
743;40.50;11.50;True;False;False;False;108;0.50;18.50;False;True;False;False;1;577.8155939113967;0;577.8155939113967;577.8155939113967
743;40.50;11.50;True;False;False;False;484;45.50;5.50;True;False;False;False;1;14.25;0;14.25;14.25
743;40.50;11.50;True;False;False;False;733;30.50;11.50;True;False;False;False;2;19.979889672398713;175.01889949215388;10.625241108926275;29.33453823587115
743;40.50;11.50;True;False;False;False;750;47.50;11.50;True;False;False;False;1;8.234819610101113;0;8.234819610101113;8.234819610101113
743;40.50;11.50;True;False;False;False;822;31.50;13.50;True;False;False;False;1;14.565367972725653;0;14.565367972725653;14.565367972725653
743;40.50;11.50;True;False;False;False;864;29.50;14.50;True;False;False;False;1;17.456204902524405;0;17.456204902524405;17.456204902524405
743;40.50;11.50;True;False;False;False;1017;50.50;17.50;True;False;False;False;1;18.66778497069572;0;18.66778497069572;18.66778497069572
744;41.50;11.50;True;False;False;False;12;61.50;3.50;False;False;True;False;1;85.20565653987433;0;85.20565653987433;85.20565653987433
744;41.50;11.50;True;False;False;False;28;61.50;9.50;False;False;True;False;2;126.23580188191772;28.412403293969735;122.4666903623438;130.00491340149165
744;41.50;11.50;True;False;False;False;44;61.50;15.50;False;False;True;False;1;105.78074952786119;0;105.78074952786119;105.78074952786119
744;41.50;11.50;True;False;False;False;60;61.50;21.50;False;False;True;False;1;101.96824673483206;0;101.96824673483206;101.96824673483206
744;41.50;11.50;True;False;False;False;92;0.50;12.50;False;True;False;False;1;54.05136769285673;0;54.05136769285673;54.05136769285673
744;41.50;11.50;True;False;False;False;431;36.50;4.50;True;False;False;False;1;15.399138296670571;0;15.399138296670571;15.399138296670571
744;41.50;11.50;True;False;False;False;734;31.50;11.50;True;False;False;False;1;10.440237933264143;0;10.440237933264143;10.440237933264143
744;41.50;11.50;True;False;False;False;822;31.50;13.50;True;False;False;False;2;16.299834270365864;2.6344573883217675;15.152128430805533;17.447540109926194
744;41.50;11.50;True;False;False;False;1001;34.50;17.50;True;False;False;False;1;18.30341993181355;0;18.30341993181355;18.30341993181355
744;41.50;11.50;True;False;False;False;1140;41.50;20.50;True;False;False;False;1;10.193145750501571;0;10.193145750501571;10.193145750501571
745;42.50;11.50;True;False;False;False;12;61.50;3.50;False;False;True;False;1;81.33629512041261;0;81.33629512041261;81.33629512041261
745;42.50;11.50;True;False;False;False;28;61.50;9.50;False;False;True;False;6;96.95374327575537;745.6900602760065;65.94444444443798;141.6942608598058
745;42.50;11.50;True;False;False;False;44;61.50;15.50;False;False;True;False;4;98.53860730904307;4278.558533267794;17.176821460634528;176.24065254171
745;42.50;11.50;True;False;False;False;60;61.50;21.50;False;False;True;False;1;144.77463202725266;0;144.77463202725266;144.77463202725266
745;42.50;11.50;True;False;False;False;92;0.50;12.50;False;True;False;False;2;271.9148627770901;221.97045131849305;261.37991020675327;282.4498153474269
745;42.50;11.50;True;False;False;False;491;52.50;5.50;True;False;False;False;1;18.713888888889414;0;18.713888888889414;18.713888888889414
745;42.50;11.50;True;False;False;False;733;30.50;11.50;True;False;False;False;1;12.621479083831218;0;12.621479083831218;12.621479083831218
745;42.50;11.50;True;False;False;False;734;31.50;11.50;True;False;False;False;1;11.256204902524587;0;11.256204902524587;11.256204902524587
745;42.50;11.50;True;False;False;False;812;21.50;13.50;True;False;False;False;1;22.585930721212208;0;22.585930721212208;22.585930721212208
745;42.50;11.50;True;False;False;False;820;29.50;13.50;True;False;False;False;1;17.139923524824553;0;17.139923524824553;17.139923524824553
745;42.50;11.50;True;False;False;False;821;30.50;13.50;True;False;False;False;2;16.045271790034803;0.06479309955720126;15.865281374238293;16.225262205831314
745;42.50;11.50;True;False;False;False;822;31.50;13.50;True;False;False;False;3;16.742023602551853;9.555300301209622;14.898664197358812;20.310743138372345
745;42.50;11.50;True;False;False;False;823;32.50;13.50;True;False;False;False;1;14.879353847766879;0;14.879353847766879;14.879353847766879
745;42.50;11.50;True;False;False;False;865;30.50;14.50;True;False;False;False;1;32.40104769829577;0;32.40104769829577;32.40104769829577
745;42.50;11.50;True;False;False;False;1012;45.50;17.50;True;False;False;False;1;13.17454542878113;0;13.17454542878113;13.17454542878113
747;44.50;11.50;True;False;False;False;12;61.50;3.50;False;False;True;False;5;109.84218774351476;1915.144596463086;82.21406927880889;187.5888062885806
747;44.50;11.50;True;False;False;False;28;61.50;9.50;False;False;True;False;6;93.57042637777647;137.22520458842925;73.97435065303307;108.46741380322055
747;44.50;11.50;True;False;False;False;44;61.50;15.50;False;False;True;False;1;93.89398667847672;0;93.89398667847672;93.89398667847672
747;44.50;11.50;True;False;False;False;60;61.50;21.50;False;False;True;False;1;55.69324912612501;0;55.69324912612501;55.69324912612501
747;44.50;11.50;True;False;False;False;108;0.50;18.50;False;True;False;False;1;553.6111398828116;0;553.6111398828116;553.6111398828116
747;44.50;11.50;True;False;False;False;315;52.50;1.50;True;False;False;False;1;22.47667385958539;0;22.47667385958539;22.47667385958539
747;44.50;11.50;True;False;False;False;486;47.50;5.50;True;False;False;False;1;13.435367972731001;0;13.435367972731001;13.435367972731001
747;44.50;11.50;True;False;False;False;572;45.50;7.50;True;False;False;False;1;9.307034639396988;0;9.307034639396988;9.307034639396988
747;44.50;11.50;True;False;False;False;735;32.50;11.50;True;False;False;False;1;11.461392485349506;0;11.461392485349506;11.461392485349506
747;44.50;11.50;True;False;False;False;752;49.50;11.50;True;False;False;False;1;6.846204902518366;0;6.846204902518366;6.846204902518366
747;44.50;11.50;True;False;False;False;815;24.50;13.50;True;False;False;False;1;22.125649346968203;0;22.125649346968203;22.125649346968203
747;44.50;11.50;True;False;False;False;820;29.50;13.50;True;False;False;False;2;19.856434187224295;0.007166753341769811;19.796572875253332;19.916295499195257
747;44.50;11.50;True;False;False;False;821;30.50;13.50;True;False;False;False;2;18.86546695797051;0.9476000513958708;18.177135623729555;19.553798292211468
747;44.50;11.50;True;False;False;False;822;31.50;13.50;True;False;False;False;3;22.515239883407958;69.77461528448853;17.187409805050265;32.142292525463745
747;44.50;11.50;True;False;False;False;866;31.50;14.50;True;False;False;False;1;21.38221902748228;0;21.38221902748228;21.38221902748228
748;45.50;11.50;True;False;False;False;28;61.50;9.50;False;False;True;False;8;86.72843271048578;208.47277386952132;60.345285636893095;110.20602451261948
748;45.50;11.50;True;False;False;False;44;61.50;15.50;False;False;True;False;5;91.18746751847156;1392.41060940651;33.52685105475757;131.39287876209528
748;45.50;11.50;True;False;False;False;60;61.50;21.50;False;False;True;False;5;98.76851979894772;242.7732667904759;86.22759738786772;118.68739941736567
748;45.50;11.50;True;False;False;False;124;0.50;24.50;False;True;False;False;1;558.448858529372;0;558.448858529372;558.448858529372
748;45.50;11.50;True;False;False;False;313;50.50;1.50;True;False;False;False;1;16.523520916161942;0;16.523520916161942;16.523520916161942
748;45.50;11.50;True;False;False;False;490;51.50;5.50;True;False;False;False;1;14.965187582824;0;14.965187582824;14.965187582824
748;45.50;11.50;True;False;False;False;548;21.50;7.50;True;False;False;False;1;28.547871569189738;0;28.547871569189738;28.547871569189738
748;45.50;11.50;True;False;False;False;574;47.50;7.50;True;False;False;False;1;10.702406610307662;0;10.702406610307662;10.702406610307662
748;45.50;11.50;True;False;False;False;734;31.50;11.50;True;False;False;False;1;13.18971862575927;0;13.18971862575927;13.18971862575927
748;45.50;11.50;True;False;False;False;820;29.50;13.50;True;False;False;False;1;19.44368745930251;0;19.44368745930251;19.44368745930251
748;45.50;11.50;True;False;False;False;821;30.50;13.50;True;False;False;False;2;24.94450492252281;87.90067103547072;18.31500000000142;31.574009845044202
748;45.50;11.50;True;False;False;False;822;31.50;13.50;True;False;False;False;3;19.6657959282896;9.090874372836636;17.676724855498833;23.13491659625288
748;45.50;11.50;True;False;False;False;864;29.50;14.50;True;False;False;False;3;22.22208784426463;2.468604667164339;20.408051959099794;23.152770584860264
748;45.50;11.50;True;False;False;False;865;30.50;14.50;True;False;False;False;2;24.11553359414802;4.93664223263095;22.544444444444707;25.68662274385133
748;45.50;11.50;True;False;False;False;867;32.50;14.50;True;False;False;False;2;19.155007986839337;0.022516086956440102;19.048904059116467;19.261111914562207
748;45.50;11.50;True;False;False;False;1226;39.50;22.50;True;False;False;False;1;18.935003194734236;0;18.935003194734236;18.935003194734236
749;46.50;11.50;True;False;False;False;12;61.50;3.50;False;False;True;False;5;91.42048535793147;423.8798568946819;72.5491702631225;123.86436124817192
749;46.50;11.50;True;False;False;False;28;61.50;9.50;False;False;True;False;6;100.13186322410388;572.3440268423209;59.234867049242894;133.12879270617668
749;46.50;11.50;True;False;False;False;44;61.50;15.50;False;False;True;False;2;93.61411138239691;258.34050151408655;82.24880229038172;104.97942047441211
749;46.50;11.50;True;False;False;False;76;0.50;6.50;False;True;False;False;1;595.5778918539827;0;595.5778918539827;595.5778918539827
749;46.50;11.50;True;False;False;False;108;0.50;18.50;False;True;False;False;1;543.8692499713252;0;543.8692499713252;543.8692499713252
749;46.50;11.50;True;False;False;False;124;0.50;24.50;False;True;False;False;1;580.6429885462385;0;580.6429885462385;580.6429885462385
749;46.50;11.50;True;False;False;False;294;31.50;1.50;True;False;False;False;1;23.604264054531086;0;23.604264054531086;23.604264054531086
749;46.50;11.50;True;False;False;False;315;52.50;1.50;True;False;False;False;1;17.93025920056425;0;17.93025920056425;17.93025920056425
749;46.50;11.50;True;False;False;False;333;26.50;2.50;True;False;False;False;1;26.90254355917932;0;26.90254355917932;26.90254355917932
749;46.50;11.50;True;False;False;False;546;19.50;7.50;True;False;False;False;1;27.781115912746827;0;27.781115912746827;27.781115912746827
749;46.50;11.50;True;False;False;False;577;50.50;7.50;True;False;False;False;1;11.91055555555613;0;11.91055555555613;11.91055555555613
749;46.50;11.50;True;False;False;False;578;51.50;7.50;True;False;False;False;1;13.016218484925048;0;13.016218484925048;13.016218484925048
749;46.50;11.50;True;False;False;False;733;30.50;11.50;True;False;False;False;1;20.3178715691829;0;20.3178715691829;20.3178715691829
749;46.50;11.50;True;False;False;False;820;29.50;13.50;True;False;False;False;1;20.497871569190465;0;20.497871569190465;20.497871569190465
749;46.50;11.50;True;False;False;False;821;30.50;13.50;True;False;False;False;3;27.347275253742737;18.88212019750332;23.098516917965753;31.783181979465553
749;46.50;11.50;True;False;False;False;822;31.50;13.50;True;False;False;False;4;20.001234223518168;3.050427568745843;18.60637438930098;22.527689326936525
749;46.50;11.50;True;False;False;False;882;47.50;14.50;True;False;False;False;1;9.36587317782687;0;9.36587317782687;9.36587317782687
750;47.50;11.50;True;False;False;False;12;61.50;3.50;False;False;True;False;8;110.90250789834545;711.9499653231882;85.12158245947921;153.4998268029958
750;47.50;11.50;True;False;False;False;28;61.50;9.50;False;False;True;False;3;93.19967422069271;283.4342108859868;74.33513216629581;106.69777858121961
750;47.50;11.50;True;False;False;False;44;61.50;15.50;False;False;True;False;3;88.30821707157277;429.1715330363688;69.43676445626261;110.47472262393421
750;47.50;11.50;True;False;False;False;60;61.50;21.50;False;False;True;False;3;130.19348992017171;603.6260647762961;102.43185424948751;149.13343351422373
750;47.50;11.50;True;False;False;False;92;0.50;12.50;False;True;False;False;1;253.9022816559409;0;253.9022816559409;253.9022816559409
750;47.50;11.50;True;False;False;False;108;0.50;18.50;False;True;False;False;1;563.3966395019306;0;563.3966395019306;563.3966395019306
750;47.50;11.50;True;False;False;False;352;45.50;2.50;True;False;False;False;1;14.442409805044008;0;14.442409805044008;14.442409805044008
750;47.50;11.50;True;False;False;False;727;24.50;11.50;True;False;False;False;1;18.317508379052924;0;18.317508379052924;18.317508379052924
750;47.50;11.50;True;False;False;False;733;30.50;11.50;True;False;False;False;1;14.450187582825038;0;14.450187582825038;14.450187582825038
750;47.50;11.50;True;False;False;False;734;31.50;11.50;True;False;False;False;1;16.368795097475868;0;16.368795097475868;16.368795097475868
750;47.50;11.50;True;False;False;False;753;50.50;11.50;True;False;False;False;1;5.97018758282411;0;5.97018758282411;5.97018758282411
750;47.50;11.50;True;False;False;False;802;11.50;13.50;True;False;False;False;1;32.122222222220444;0;32.122222222220444;32.122222222220444
750;47.50;11.50;True;False;False;False;820;29.50;13.50;True;False;False;False;2;30.17518558372285;67.3164492620783;24.373614707568777;35.976756459876924
750;47.50;11.50;True;False;False;False;821;30.50;13.50;True;False;False;False;2;23.483261281482555;21.760193635902617;20.184762104894617;26.781760458070494
750;47.50;11.50;True;False;False;False;822;31.50;13.50;True;False;False;False;5;23.642925605819254;27.083479634351512;18.304072473525594;30.933982680307963
750;47.50;11.50;True;False;False;False;835;44.50;13.50;True;False;False;False;1;9.82249640354712;0;9.82249640354712;9.82249640354712
750;47.50;11.50;True;False;False;False;1276;45.50;23.50;True;False;False;False;1;18.79471862576065;0;18.79471862576065;18.79471862576065
750;47.50;11.50;True;False;False;False;1408;45.50;26.50;True;False;False;False;1;18.051117500574037;0;18.051117500574037;18.051117500574037
750;47.50;11.50;True;False;False;False;1415;52.50;26.50;True;False;False;False;1;22.671111111111713;0;22.671111111111713;22.671111111111713
752;49.50;11.50;True;False;False;False;12;61.50;3.50;False;False;True;False;3;84.09905942040466;409.5705456037715;69.46834052625582;107.19501119109191
752;49.50;11.50;True;False;False;False;28;61.50;9.50;False;False;True;False;6;105.12423664792252;853.6922186276214;65.2491702631196;142.60887660638764
752;49.50;11.50;True;False;False;False;44;61.50;15.50;False;False;True;False;5;105.44083586930398;666.6683512392199;63.759017841459695;130.5287045008081
752;49.50;11.50;True;False;False;False;60;61.50;21.50;False;False;True;False;4;87.20509619221593;75.53536021223546;77.23740900160556;98.44399467484618
752;49.50;11.50;True;False;False;False;437;42.50;4.50;True;False;False;False;1;16.758055957279794;0;16.758055957279794;16.758055957279794
752;49.50;11.50;True;False;False;False;440;45.50;4.50;True;False;False;False;1;14.017201985896463;0;14.017201985896463;14.017201985896463
752;49.50;11.50;True;False;False;False;623;52.50;8.50;True;False;False;False;1;10.982409805041243;0;10.982409805041243;10.982409805041243
752;49.50;11.50;True;False;False;False;708;49.50;10.50;True;False;False;False;1;17.533982680301733;0;17.533982680301733;17.533982680301733
752;49.50;11.50;True;False;False;False;733;30.50;11.50;True;False;False;False;2;31.900609242454948;146.20968853822876;23.35047215179293;40.45074633311697
752;49.50;11.50;True;False;False;False;755;52.50;11.50;True;False;False;False;1;4.938059152018468;0;4.938059152018468;4.938059152018468
752;49.50;11.50;True;False;False;False;820;29.50;13.50;True;False;False;False;3;22.627740921612105;1.2632821355056822;21.97203544284457;23.92555236080807
752;49.50;11.50;True;False;False;False;821;30.50;13.50;True;False;False;False;1;30.052049025234737;0;30.052049025234737;30.052049025234737
752;49.50;11.50;True;False;False;False;865;30.50;14.50;True;False;False;False;1;25.753142555771774;0;25.753142555771774;25.753142555771774
752;49.50;11.50;True;False;False;False;866;31.50;14.50;True;False;False;False;1;21.208708498990745;0;21.208708498990745;21.208708498990745
752;49.50;11.50;True;False;False;False;882;47.50;14.50;True;False;False;False;1;11.100646152231093;0;11.100646152231093;11.100646152231093
752;49.50;11.50;True;False;False;False;974;51.50;16.50;True;False;False;False;1;11.734357845953127;0;11.734357845953127;11.734357845953127
752;49.50;11.50;True;False;False;False;1111;12.50;20.50;True;False;False;False;1;45.84963602544485;0;45.84963602544485;45.84963602544485
752;49.50;11.50;True;False;False;False;1146;47.50;20.50;True;False;False;False;1;14.649721820493141;0;14.649721820493141;14.649721820493141
752;49.50;11.50;True;False;False;False;1229;42.50;22.50;True;False;False;False;1;21.072871569191193;0;21.072871569191193;21.072871569191193
753;50.50;11.50;True;False;False;False;12;61.50;3.50;False;False;True;False;4;100.6182635156058;294.68522958253203;77.68065653988015;118.7811143058434
753;50.50;11.50;True;False;False;False;28;61.50;9.50;False;False;True;False;5;106.29297613013846;588.8893579546093;83.31380229040042;136.22695523382572
753;50.50;11.50;True;False;False;False;44;61.50;15.50;False;False;True;False;2;92.40954702614818;834.4144329997628;71.98389608181151;112.83519797048484
753;50.50;11.50;True;False;False;False;60;61.50;21.50;False;False;True;False;3;121.72954010421017;2399.3025595432696;80.0161183040218;175.6663868993237
753;50.50;11.50;True;False;False;False;76;0.50;6.50;False;True;False;False;1;612.3904953374367;0;612.3904953374367;612.3904953374367
753;50.50;11.50;True;False;False;False;108;0.50;18.50;False;True;False;False;1;571.3624225839558;0;571.3624225839558;571.3624225839558
753;50.50;11.50;True;False;False;False;124;0.50;24.50;False;True;False;False;2;577.3781583972286;9.204037887260553;575.2329267212481;579.5233900732092
753;50.50;11.50;True;False;False;False;576;49.50;7.50;True;False;False;False;1;9.519155877267622;0;9.519155877267622;9.519155877267622
753;50.50;11.50;True;False;False;False;695;36.50;10.50;True;False;False;False;1;16.33568450811981;0;16.33568450811981;16.33568450811981
753;50.50;11.50;True;False;False;False;734;31.50;11.50;True;False;False;False;2;18.691712366730826;11.181619687952214;16.327223025672993;21.05620170778866
753;50.50;11.50;True;False;False;False;820;29.50;13.50;True;False;False;False;1;24.71565734334763;0;24.71565734334763;24.71565734334763
753;50.50;11.50;True;False;False;False;821;30.50;13.50;True;False;False;False;3;26.084723421043844;12.369106579490918;22.141298693932185;28.896767651003756
753;50.50;11.50;True;False;False;False;822;31.50;13.50;True;False;False;False;2;24.133005063387827;15.209203989620947;21.37536077979894;26.890649346976716
753;50.50;11.50;True;False;False;False;866;31.50;14.50;True;False;False;False;1;22.020000000005894;0;22.020000000005894;22.020000000005894
753;50.50;11.50;True;False;False;False;867;32.50;14.50;True;False;False;False;1;34.20216948053712;0;34.20216948053712;34.20216948053712
753;50.50;11.50;True;False;False;False;886;51.50;14.50;True;False;False;False;1;8.445472151792274;0;8.445472151792274;8.445472151792274
753;50.50;11.50;True;False;False;False;997;30.50;17.50;True;False;False;False;1;28.474999999998545;0;28.474999999998545;28.474999999998545
753;50.50;11.50;True;False;False;False;1074;19.50;19.50;True;False;False;False;1;34.98055555555766;0;34.98055555555766;34.98055555555766
753;50.50;11.50;True;False;False;False;1148;49.50;20.50;True;False;False;False;1;13.496396483522403;0;13.496396483522403;13.496396483522403
753;50.50;11.50;True;False;False;False;1151;52.50;20.50;True;False;False;False;1;24.298989873223036;0;24.298989873223036;24.298989873223036
753;50.50;11.50;True;False;False;False;1409;46.50;26.50;True;False;False;False;1;19.924538235853106;0;19.924538235853106;19.924538235853106
754;51.50;11.50;True;False;False;False;12;61.50;3.50;False;False;True;False;3;104.78859499719813;850.7727547130805;71.10840233225099;121.70756624400019
754;51.50;11.50;True;False;False;False;28;61.50;9.50;False;False;True;False;5;90.48843895479968;585.2097363777663;58.43712923426119;116.3545350411132
754;51.50;11.50;True;False;False;False;44;61.50;15.50;False;False;True;False;5;100.14234143163121;163.73993718749455;83.18287876210161;116.87316013634518
754;51.50;11.50;True;False;False;False;60;61.50;21.50;False;False;True;False;1;101.31062857165671;0;101.31062857165671;101.31062857165671
754;51.50;11.50;True;False;False;False;76;0.50;6.50;False;True;False;False;1;564.9404425957318;0;564.9404425957318;564.9404425957318
754;51.50;11.50;True;False;False;False;92;0.50;12.50;False;True;False;False;1;229.7801017877946;0;229.7801017877946;229.7801017877946
754;51.50;11.50;True;False;False;False;124;0.50;24.50;False;True;False;False;1;515.2050985930591;0;515.2050985930591;515.2050985930591
754;51.50;11.50;True;False;False;False;307;44.50;1.50;True;False;False;False;1;18.48907327697816;0;18.48907327697816;18.48907327697816
754;51.50;11.50;True;False;False;False;429;34.50;4.50;True;False;False;False;1;22.53130588685599;0;22.53130588685599;22.53130588685599
754;51.50;11.50;True;False;False;False;577;50.50;7.50;True;False;False;False;1;9.349264054540072;0;9.349264054540072;9.349264054540072
754;51.50;11.50;True;False;False;False;623;52.50;8.50;True;False;False;False;2;8.895920333552112;0.13462698876384901;8.63647189092444;9.155368776179785
754;51.50;11.50;True;False;False;False;690;31.50;10.50;True;False;False;False;1;20.092777777777428;0;20.092777777777428;20.092777777777428
754;51.50;11.50;True;False;False;False;820;29.50;13.50;True;False;False;False;1;27.62204502705572;0;27.62204502705572;27.62204502705572
754;51.50;11.50;True;False;False;False;821;30.50;13.50;True;False;False;False;5;24.63251979895358;18.660765235651667;22.597222222223536;32.35888569415056
754;51.50;11.50;True;False;False;False;842;51.50;13.50;True;False;False;False;1;4.987868374453683;0;4.987868374453683;4.987868374453683
754;51.50;11.50;True;False;False;False;865;30.50;14.50;True;False;False;False;1;30.541111111109785;0;30.541111111109785;30.541111111109785
754;51.50;11.50;True;False;False;False;867;32.50;14.50;True;False;False;False;1;23.040127874399786;0;23.040127874399786;23.040127874399786
754;51.50;11.50;True;False;False;False;973;50.50;16.50;True;False;False;False;1;15.123383683786415;0;15.123383683786415;15.123383683786415
754;51.50;11.50;True;False;False;False;1273;42.50;23.50;True;False;False;False;1;22.15429120022236;0;22.15429120022236;22.15429120022236
754;51.50;11.50;True;False;False;False;1359;40.50;25.50;True;False;False;False;1;23.88453823585769;0;23.88453823585769;23.88453823585769
755;52.50;11.50;True;False;False;False;12;61.50;3.50;False;False;True;False;5;99.12527977115761;1099.6808849260715;53.86305915201645;133.37629869394004
755;52.50;11.50;True;False;False;False;28;61.50;9.50;False;False;True;False;3;83.99133315882925;98.94729304850016;77.3938856941586;95.43269517747467
755;52.50;11.50;True;False;False;False;44;61.50;15.50;False;False;True;False;7;98.33895166044697;488.1820098975759;69.59814335921692;129.35589636347504
755;52.50;11.50;True;False;False;False;60;61.50;21.50;False;False;True;False;4;87.72214388704606;282.5844510610349;63.17267679345605;101.3298966243783
755;52.50;11.50;True;False;False;False;76;0.50;6.50;False;True;False;False;1;551.6642664648425;0;551.6642664648425;551.6642664648425
755;52.50;11.50;True;False;False;False;92;0.50;12.50;False;True;False;False;1;275.3938198709584;0;275.3938198709584;275.3938198709584
755;52.50;11.50;True;False;False;False;124;0.50;24.50;False;True;False;False;1;585.5299832038181;0;585.5299832038181;585.5299832038181
755;52.50;11.50;True;False;False;False;304;41.50;1.50;True;False;False;False;1;23.67944444443856;0;23.67944444443856;23.67944444443856
755;52.50;11.50;True;False;False;False;353;46.50;2.50;True;False;False;False;1;17.28656968051655;0;17.28656968051655;17.28656968051655
755;52.50;11.50;True;False;False;False;359;52.50;2.50;True;False;False;False;1;9.51583373505673;0;9.51583373505673;9.51583373505673
755;52.50;11.50;True;False;False;False;489;50.50;5.50;True;False;False;False;1;12.512739402900479;0;12.512739402900479;12.512739402900479
755;52.50;11.50;True;False;False;False;490;51.50;5.50;True;False;False;False;1;10.852965360605594;0;10.852965360605594;10.852965360605594
755;52.50;11.50;True;False;False;False;578;51.50;7.50;True;False;False;False;1;13.986408478118392;0;13.986408478118392;13.986408478118392
755;52.50;11.50;True;False;False;False;733;30.50;11.50;True;False;False;False;1;25.909638416756934;0;25.909638416756934;25.909638416756934
755;52.50;11.50;True;False;False;False;734;31.50;11.50;True;False;False;False;1;17.7362089007147;0;17.7362089007147;17.7362089007147
755;52.50;11.50;True;False;False;False;737;34.50;11.50;True;False;False;False;1;15.381111111111096;0;15.381111111111096;15.381111111111096
755;52.50;11.50;True;False;False;False;745;42.50;11.50;True;False;False;False;1;10.60194804090861;0;10.60194804090861;10.60194804090861
755;52.50;11.50;True;False;False;False;820;29.50;13.50;True;False;False;False;1;23.167597387893693;0;23.167597387893693;23.167597387893693
755;52.50;11.50;True;False;False;False;821;30.50;13.50;True;False;False;False;2;24.22703623675625;4.4495458997847335;22.735468957049306;25.71860351646319
755;52.50;11.50;True;False;False;False;822;31.50;13.50;True;False;False;False;2;23.026625768230588;1.5751545470927668;22.13917026312265;23.914081273338525
755;52.50;11.50;True;False;False;False;823;32.50;13.50;True;False;False;False;1;21.882412386834403;0;21.882412386834403;21.882412386834403
755;52.50;11.50;True;False;False;False;864;29.50;14.50;True;False;False;False;2;25.954500130440465;3.8080146301216544;24.57464241492744;27.33435784595349
755;52.50;11.50;True;False;False;False;997;30.50;17.50;True;False;False;False;1;34.977915851610305;0;34.977915851610305;34.977915851610305
755;52.50;11.50;True;False;False;False;1256;25.50;23.50;True;False;False;False;1;32.82878790455288;0;32.82878790455288;32.82878790455288
755;52.50;11.50;True;False;False;False;1275;44.50;23.50;True;False;False;False;1;20.606111111112114;0;20.606111111112114;20.606111111112114
755;52.50;11.50;True;False;False;False;1370;51.50;25.50;True;False;False;False;1;16.33934745829538;0;16.33934745829538;16.33934745829538
800;9.50;13.50;True;False;False;False;12;61.50;3.50;False;False;True;False;1;136.43111271800535;0;136.43111271800535;136.43111271800535
800;9.50;13.50;True;False;False;False;92;0.50;12.50;False;True;False;False;1;287.5349733361676;0;287.5349733361676;287.5349733361676
800;9.50;13.50;True;False;False;False;1141;42.50;20.50;True;False;False;False;1;37.015924331736414;0;37.015924331736414;37.015924331736414
800;9.50;13.50;True;False;False;False;1232;45.50;22.50;True;False;False;False;1;37.82870849898154;0;37.82870849898154;37.82870849898154
802;11.50;13.50;True;False;False;False;28;61.50;9.50;False;False;True;False;1;92.3615832628966;0;92.3615832628966;92.3615832628966
802;11.50;13.50;True;False;False;False;44;61.50;15.50;False;False;True;False;1;88.29944844263446;0;88.29944844263446;88.29944844263446
802;11.50;13.50;True;False;False;False;60;61.50;21.50;False;False;True;False;1;132.0213026921083;0;132.0213026921083;132.0213026921083
802;11.50;13.50;True;False;False;False;800;9.50;13.50;True;False;False;False;1;5.098333333333244;0;5.098333333333244;5.098333333333244
802;11.50;13.50;True;False;False;False;877;42.50;14.50;True;False;False;False;1;27.69750359646241;0;27.69750359646241;27.69750359646241
802;11.50;13.50;True;False;False;False;1283;52.50;23.50;True;False;False;False;1;40.44621529017968;0;40.44621529017968;40.44621529017968
802;11.50;13.50;True;False;False;False;1371;52.50;25.50;True;False;False;False;1;42.77944763917549;0;42.77944763917549;42.77944763917549
803;12.50;13.50;True;False;False;False;12;61.50;3.50;False;False;True;False;2;142.68801864577654;3703.7150530658732;99.65480442079752;185.72123287075556
803;12.50;13.50;True;False;False;False;28;61.50;9.50;False;False;True;False;1;75.42262855089211;0;75.42262855089211;75.42262855089211
803;12.50;13.50;True;False;False;False;60;61.50;21.50;False;False;True;False;2;113.32546895706037;21.364005555651946;110.05713562371966;116.59380229040107
803;12.50;13.50;True;False;False;False;307;44.50;1.50;True;False;False;False;1;37.96900026093863;0;37.96900026093863;37.96900026093863
803;12.50;13.50;True;False;False;False;750;47.50;11.50;True;False;False;False;1;38.31629549920126;0;38.31629549920126;38.31629549920126
803;12.50;13.50;True;False;False;False;1004;37.50;17.50;True;False;False;False;1;26.481569680520806;0;26.481569680520806;26.481569680520806
803;12.50;13.50;True;False;False;False;1107;52.50;19.50;True;False;False;False;1;38.35555555555038;0;38.35555555555038;38.35555555555038
803;12.50;13.50;True;False;False;False;1237;50.50;22.50;True;False;False;False;1;38.27185105475655;0;38.27185105475655;38.27185105475655
805;14.50;13.50;True;False;False;False;12;61.50;3.50;False;False;True;False;2;128.1128218709482;21.032952123451693;124.86991020676032;131.3557335351361
805;14.50;13.50;True;False;False;False;28;61.50;9.50;False;False;True;False;1;154.50502666383454;0;154.50502666383454;154.50502666383454
805;14.50;13.50;True;False;False;False;577;50.50;7.50;True;False;False;False;1;44.43111111111648;0;44.43111111111648;44.43111111111648
805;14.50;13.50;True;False;False;False;608;37.50;8.50;True;False;False;False;1;30.2415736787043;0;30.2415736787043;30.2415736787043
805;14.50;13.50;True;False;False;False;854;19.50;14.50;True;False;False;False;1;10.63398268030187;0;10.63398268030187;10.63398268030187
805;14.50;13.50;True;False;False;False;1099;44.50;19.50;True;False;False;False;1;31.434518661846596;0;31.434518661846596;31.434518661846596
806;15.50;13.50;True;False;False;False;60;61.50;21.50;False;False;True;False;1;67.92047215180173;0;67.92047215180173;67.92047215180173
806;15.50;13.50;True;False;False;False;825;34.50;13.50;True;False;False;False;1;27.9589786821125;0;27.9589786821125;27.9589786821125
807;16.50;13.50;True;False;False;False;12;61.50;3.50;False;False;True;False;1;81.180379163834;0;81.180379163834;81.180379163834
807;16.50;13.50;True;False;False;False;44;61.50;15.50;False;False;True;False;1;61.38489981909515;0;61.38489981909515;61.38489981909515
807;16.50;13.50;True;False;False;False;60;61.50;21.50;False;False;True;False;1;26.05765519567649;0;26.05765519567649;26.05765519567649
807;16.50;13.50;True;False;False;False;738;35.50;11.50;True;False;False;False;1;22.072871569191193;0;22.072871569191193;22.072871569191193
807;16.50;13.50;True;False;False;False;1130;31.50;20.50;True;False;False;False;1;21.69827470309974;0;21.69827470309974;21.69827470309974
808;17.50;13.50;True;False;False;False;12;61.50;3.50;False;False;True;False;1;117.72061489429325;0;117.72061489429325;117.72061489429325
808;17.50;13.50;True;False;False;False;874;39.50;14.50;True;False;False;False;1;24.250833735051856;0;24.250833735051856;24.250833735051856
810;19.50;13.50;True;False;False;False;12;61.50;3.50;False;False;True;False;2;102.42657449168837;305.77316494920836;90.06184309652235;114.79130588685439
810;19.50;13.50;True;False;False;False;329;22.50;2.50;True;False;False;False;1;17.482503596464085;0;17.482503596464085;17.482503596464085
810;19.50;13.50;True;False;False;False;842;51.50;13.50;True;False;False;False;1;34.96685744422575;0;34.96685744422575;34.96685744422575
811;20.50;13.50;True;False;False;False;28;61.50;9.50;False;False;True;False;3;82.6607286482252;666.4259893406327;53.94751637540321;103.951999165306
811;20.50;13.50;True;False;False;False;44;61.50;15.50;False;False;True;False;2;112.63750519381483;7698.292435269689;50.59601731969269;174.67899306793697
811;20.50;13.50;True;False;False;False;60;61.50;21.50;False;False;True;False;1;107.1015800681671;0;107.1015800681671;107.1015800681671
811;20.50;13.50;True;False;False;False;343;36.50;2.50;True;False;False;False;1;26.385851239387193;0;26.385851239387193;26.385851239387193
811;20.50;13.50;True;False;False;False;884;49.50;14.50;True;False;False;False;1;26.901121498776774;0;26.901121498776774;26.901121498776774
811;20.50;13.50;True;False;False;False;965;42.50;16.50;True;False;False;False;1;23.977312818891733;0;23.977312818891733;23.977312818891733
811;20.50;13.50;True;False;False;False;1149;50.50;20.50;True;False;False;False;1;34.87009379141455;0;34.87009379141455;34.87009379141455
811;20.50;13.50;True;False;False;False;1265;34.50;23.50;True;False;False;False;1;22.832962165861318;0;22.832962165861318;22.832962165861318
812;21.50;13.50;True;False;False;False;12;61.50;3.50;False;False;True;False;4;90.30684005973899;414.6354992135953;71.29343431765665;115.88954223404289
812;21.50;13.50;True;False;False;False;28;61.50;9.50;False;False;True;False;2;156.07657008223487;174.93812389802244;146.7240804698904;165.42905969457934
812;21.50;13.50;True;False;False;False;44;61.50;15.50;False;False;True;False;3;145.75020285391778;439.7521686930697;121.57149027493688;158.9773474410904
812;21.50;13.50;True;False;False;False;60;61.50;21.50;False;False;True;False;1;75.24824273665217;0;75.24824273665217;75.24824273665217
812;21.50;13.50;True;False;False;False;290;27.50;1.50;True;False;False;False;1;19.687807333815726;0;19.687807333815726;19.687807333815726
812;21.50;13.50;True;False;False;False;603;32.50;8.50;True;False;False;False;1;26.760281374234182;0;26.760281374234182;26.760281374234182
812;21.50;13.50;True;False;False;False;709;50.50;10.50;True;False;False;False;1;28.870455374670655;0;28.870455374670655;28.870455374670655
812;21.50;13.50;True;False;False;False;745;42.50;11.50;True;False;False;False;1;23.35451665708024;0;23.35451665708024;23.35451665708024
812;21.50;13.50;True;False;False;False;755;52.50;11.50;True;False;False;False;1;30.207022663864336;0;30.207022663864336;30.207022663864336
812;21.50;13.50;True;False;False;False;825;34.50;13.50;True;False;False;False;1;29.136204902522877;0;29.136204902522877;29.136204902522877
812;21.50;13.50;True;False;False;False;885;50.50;14.50;True;False;False;False;1;25.68842393000523;0;25.68842393000523;25.68842393000523
812;21.50;13.50;True;False;False;False;1131;32.50;20.50;True;False;False;False;1;18.63055555554456;0;18.63055555554456;18.63055555554456
812;21.50;13.50;True;False;False;False;1414;51.50;26.50;True;False;False;False;1;35.30342712474339;0;35.30342712474339;35.30342712474339
813;22.50;13.50;True;False;False;False;12;61.50;3.50;False;False;True;False;2;133.99156169368416;33.40445493835019;129.90472581868562;138.0783975686827
813;22.50;13.50;True;False;False;False;28;61.50;9.50;False;False;True;False;1;103.13176925789594;0;103.13176925789594;103.13176925789594
813;22.50;13.50;True;False;False;False;44;61.50;15.50;False;False;True;False;1;115.08028456895954;0;115.08028456895954;115.08028456895954
813;22.50;13.50;True;False;False;False;60;61.50;21.50;False;False;True;False;1;147.81473540285515;0;147.81473540285515;147.81473540285515
813;22.50;13.50;True;False;False;False;334;27.50;2.50;True;False;False;False;1;18.799252863438596;0;18.799252863438596;18.799252863438596
813;22.50;13.50;True;False;False;False;578;51.50;7.50;True;False;False;False;1;33.695739943636;0;33.695739943636;33.695739943636
813;22.50;13.50;True;False;False;False;621;50.50;8.50;True;False;False;False;1;29.38334052625578;0;29.38334052625578;29.38334052625578
813;22.50;13.50;True;False;False;False;852;17.50;14.50;True;False;False;False;1;10.790743138381004;0;10.790743138381004;10.790743138381004
815;24.50;13.50;True;False;False;False;28;61.50;9.50;False;False;True;False;2;151.49559765914591;578.7652121213143;134.48434826174253;168.5068470565493
815;24.50;13.50;True;False;False;False;870;35.50;14.50;True;False;False;False;1;23.996067207326178;0;23.996067207326178;23.996067207326178
816;25.50;13.50;True;False;False;False;12;61.50;3.50;False;False;True;False;1;104.25720717814147;0;104.25720717814147;104.25720717814147
816;25.50;13.50;True;False;False;False;60;61.50;21.50;False;False;True;False;1;109.67326670668626;0;109.67326670668626;109.67326670668626
816;25.50;13.50;True;False;False;False;745;42.50;11.50;True;False;False;False;1;21.28445163736251;0;21.28445163736251;21.28445163736251
817;26.50;13.50;True;False;False;False;28;61.50;9.50;False;False;True;False;1;88.56291267607594;0;88.56291267607594;88.56291267607594
817;26.50;13.50;True;False;False;False;60;61.50;21.50;False;False;True;False;1;130.4854721517895;0;130.4854721517895;130.4854721517895
817;26.50;13.50;True;False;False;False;1099;44.50;19.50;True;False;False;False;1;23.211786721125463;0;23.211786721125463;23.211786721125463
818;27.50;13.50;True;False;False;False;28;61.50;9.50;False;False;True;False;1;105.66047215179975;0;105.66047215179975;105.66047215179975
818;27.50;13.50;True;False;False;False;439;44.50;4.50;True;False;False;False;1;29.590093791404797;0;29.590093791404797;29.590093791404797
818;27.50;13.50;True;False;False;False;618;47.50;8.50;True;False;False;False;1;26.10768398636509;0;26.10768398636509;26.10768398636509
818;27.50;13.50;True;False;False;False;739;36.50;11.50;True;False;False;False;1;14.414170263127431;0;14.414170263127431;14.414170263127431
818;27.50;13.50;True;False;False;False;871;36.50;14.50;True;False;False;False;1;13.550194492312585;0;13.550194492312585;13.550194492312585
818;27.50;13.50;True;False;False;False;882;47.50;14.50;True;False;False;False;1;19.77527418131683;0;19.77527418131683;19.77527418131683
820;29.50;13.50;True;False;False;False;12;61.50;3.50;False;False;True;False;1;89.3853759691035;0;89.3853759691035;89.3853759691035
820;29.50;13.50;True;False;False;False;44;61.50;15.50;False;False;True;False;1;84.10602131788983;0;84.10602131788983;84.10602131788983
820;29.50;13.50;True;False;False;False;294;31.50;1.50;True;False;False;False;1;16.12296536060603;0;16.12296536060603;16.12296536060603
820;29.50;13.50;True;False;False;False;300;37.50;1.50;True;False;False;False;1;20.457683986365737;0;20.457683986365737;20.457683986365737
820;29.50;13.50;True;False;False;False;309;46.50;1.50;True;False;False;False;1;26.9614862767703;0;26.9614862767703;26.9614862767703
820;29.50;13.50;True;False;False;False;312;49.50;1.50;True;False;False;False;1;30.008517721416865;0;30.008517721416865;30.008517721416865
820;29.50;13.50;True;False;False;False;315;52.50;1.50;True;False;False;False;1;32.249541430595855;0;32.249541430595855;32.249541430595855
820;29.50;13.50;True;False;False;False;348;41.50;2.50;True;False;False;False;1;22.892683986374323;0;22.892683986374323;22.892683986374323
820;29.50;13.50;True;False;False;False;352;45.50;2.50;True;False;False;False;1;25.40111111110309;0;25.40111111110309;25.40111111110309
820;29.50;13.50;True;False;False;False;353;46.50;2.50;True;False;False;False;1;26.12232320655312;0;26.12232320655312;26.12232320655312
820;29.50;13.50;True;False;False;False;354;47.50;2.50;True;False;False;False;1;42.97213562372235;0;42.97213562372235;42.97213562372235
820;29.50;13.50;True;False;False;False;417;22.50;4.50;True;False;False;False;1;17.504086859356903;0;17.504086859356903;17.504086859356903
820;29.50;13.50;True;False;False;False;421;26.50;4.50;True;False;False;False;1;14.74231601363681;0;14.74231601363681;14.74231601363681
820;29.50;13.50;True;False;False;False;430;35.50;4.50;True;False;False;False;2;18.30744990954736;0.3746792315205816;17.874622443043336;18.74027737605138
820;29.50;13.50;True;False;False;False;441;46.50;4.50;True;False;False;False;1;24.717316013629897;0;24.717316013629897;24.717316013629897
820;29.50;13.50;True;False;False;False;445;50.50;4.50;True;False;False;False;1;28.236583262911154;0;28.236583262911154;28.236583262911154
820;29.50;13.50;True;False;False;False;447;52.50;4.50;True;False;False;False;1;29.10619451483217;0;29.10619451483217;29.10619451483217
820;29.50;13.50;True;False;False;False;450;11.50;5.50;True;False;False;False;1;23.995461764145148;0;23.995461764145148;23.995461764145148
820;29.50;13.50;True;False;False;False;459;20.50;5.50;True;False;False;False;1;18.340916335349903;0;18.340916335349903;18.340916335349903
820;29.50;13.50;True;False;False;False;464;25.50;5.50;True;False;False;False;1;15.140646152234694;0;15.140646152234694;15.140646152234694
820;29.50;13.50;True;False;False;False;465;26.50;5.50;True;False;False;False;1;14.431111111109203;0;14.431111111109203;14.431111111109203
820;29.50;13.50;True;False;False;False;476;37.50;5.50;True;False;False;False;1;18.49824673484909;0;18.49824673484909;18.49824673484909
820;29.50;13.50;True;False;False;False;479;40.50;5.50;True;False;False;False;1;19.87406528061365;0;19.87406528061365;19.87406528061365
820;29.50;13.50;True;False;False;False;480;41.50;5.50;True;False;False;False;1;21.5468510547571;0;21.5468510547571;21.5468510547571
820;29.50;13.50;True;False;False;False;489;50.50;5.50;True;False;False;False;1;30.597777777775264;0;30.597777777775264;30.597777777775264
820;29.50;13.50;True;False;False;False;490;51.50;5.50;True;False;False;False;2;31.805745443942214;45.364635512735866;27.043149748697033;36.568341139187396
820;29.50;13.50;True;False;False;False;491;52.50;5.50;True;False;False;False;3;28.800476524946134;0.34694623678430864;28.17777777777519;29.348745588486054
820;29.50;13.50;True;False;False;False;547;20.50;7.50;True;False;False;False;1;18.097861984979318;0;18.097861984979318;18.097861984979318
820;29.50;13.50;True;False;False;False;561;34.50;7.50;True;False;False;False;3;15.171854249489721;0.8182891936082914;14.431854249487515;16.180281374232436
820;29.50;13.50;True;False;False;False;562;35.50;7.50;True;False;False;False;2;18.21375179822644;11.816533480700762;15.783059152014175;20.644444444438705
820;29.50;13.50;True;False;False;False;564;37.50;7.50;True;False;False;False;1;16.91295897115924;0;16.91295897115924;16.91295897115924
820;29.50;13.50;True;False;False;False;566;39.50;7.50;True;False;False;False;2;21.82461564233745;12.6736270097647;19.307312818900755;24.341918465774143
820;29.50;13.50;True;False;False;False;567;40.50;7.50;True;False;False;False;1;21.325743138380858;0;21.325743138380858;21.325743138380858
820;29.50;13.50;True;False;False;False;568;41.50;7.50;True;False;False;False;2;21.027759403285017;0.605040424540819;20.477741028800665;21.57777777776937
820;29.50;13.50;True;False;False;False;571;44.50;7.50;True;False;False;False;2;30.69769921374791;71.36212796094254;24.724336343431787;36.67106208406403
820;29.50;13.50;True;False;False;False;572;45.50;7.50;True;False;False;False;1;23.48752837000211;0;23.48752837000211;23.48752837000211
820;29.50;13.50;True;False;False;False;573;46.50;7.50;True;False;False;False;1;22.306795619279;0;22.306795619279;22.306795619279
820;29.50;13.50;True;False;False;False;574;47.50;7.50;True;False;False;False;1;23.352699960025348;0;23.352699960025348;23.352699960025348
820;29.50;13.50;True;False;False;False;576;49.50;7.50;True;False;False;False;1;27.272308820716717;0;27.272308820716717;27.272308820716717
820;29.50;13.50;True;False;False;False;578;51.50;7.50;True;False;False;False;3;30.58858690633224;19.933432126828208;25.800086598489543;34.636962426775426
820;29.50;13.50;True;False;False;False;579;52.50;7.50;True;False;False;False;1;27.214538235857617;0;27.214538235857617;27.214538235857617
820;29.50;13.50;True;False;False;False;600;29.50;8.50;True;False;False;False;1;7.804945103591308;0;7.804945103591308;7.804945103591308
820;29.50;13.50;True;False;False;False;608;37.50;8.50;True;False;False;False;5;19.7821622743857;14.170144542688812;16.07947400051671;25.938246734840504
820;29.50;13.50;True;False;False;False;610;39.50;8.50;True;False;False;False;1;17.287965360603266;0;17.287965360603266;17.287965360603266
820;29.50;13.50;True;False;False;False;620;49.50;8.50;True;False;False;False;1;23.524571713862315;0;23.524571713862315;23.524571713862315
820;29.50;13.50;True;False;False;False;621;50.50;8.50;True;False;False;False;1;24.27454223406312;0;24.27454223406312;24.27454223406312
820;29.50;13.50;True;False;False;False;623;52.50;8.50;True;False;False;False;1;26.31842391094142;0;26.31842391094142;26.31842391094142
820;29.50;13.50;True;False;False;False;686;27.50;10.50;True;False;False;False;1;10.768149748693759;0;10.768149748693759;10.768149748693759
820;29.50;13.50;True;False;False;False;691;32.50;10.50;True;False;False;False;2;10.60982600910529;0.06053048741663755;10.435856920735205;10.783795097475377
820;29.50;13.50;True;False;False;False;705;46.50;10.50;True;False;False;False;1;20.6324098050427;0;20.6324098050427;20.6324098050427
820;29.50;13.50;True;False;False;False;706;47.50;10.50;True;False;False;False;2;22.070050492166047;0.032632194014547464;21.942316013628442;22.19778497070365
820;29.50;13.50;True;False;False;False;710;51.50;10.50;True;False;False;False;1;36.13566799536284;0;36.13566799536284;36.13566799536284
820;29.50;13.50;True;False;False;False;711;52.50;10.50;True;False;False;False;2;25.97138888887912;2.2471847510432927;24.911392485337274;27.031385292420964
820;29.50;13.50;True;False;False;False;714;11.50;11.50;True;False;False;False;1;20.618260317245586;0;20.618260317245586;20.618260317245586
820;29.50;13.50;True;False;False;False;722;19.50;11.50;True;False;False;False;1;14.27684145151943;0;14.27684145151943;14.27684145151943
820;29.50;13.50;True;False;False;False;727;24.50;11.50;True;False;False;False;1;11.338888888887595;0;11.338888888887595;11.338888888887595
820;29.50;13.50;True;False;False;False;735;32.50;11.50;True;False;False;False;3;10.786756995522714;0.4219929483405268;10.299809222429758;11.524350653025976
820;29.50;13.50;True;False;False;False;742;39.50;11.50;True;False;False;False;3;17.59381833960894;3.473947629804714;15.44880948332866;18.818475272375508
820;29.50;13.50;True;False;False;False;747;44.50;11.50;True;False;False;False;1;17.631579264725588;0;17.631579264725588;17.631579264725588
820;29.50;13.50;True;False;False;False;748;45.50;11.50;True;False;False;False;1;25.190371970912565;0;25.190371970912565;25.190371970912565
820;29.50;13.50;True;False;False;False;750;47.50;11.50;True;False;False;False;2;21.034206771174468;0.205207091425493;20.713888888887595;21.35452465346134
820;29.50;13.50;True;False;False;False;753;50.50;11.50;True;False;False;False;1;37.34416307020638;0;37.34416307020638;37.34416307020638
820;29.50;13.50;True;False;False;False;813;22.50;13.50;True;False;False;False;1;8.74574313838093;0;8.74574313838093;8.74574313838093
820;29.50;13.50;True;False;False;False;815;24.50;13.50;True;False;False;False;1;6.505468153613037;0;6.505468153613037;6.505468153613037
820;29.50;13.50;True;False;False;False;816;25.50;13.50;True;False;False;False;1;7.009725015228469;0;7.009725015228469;7.009725015228469
820;29.50;13.50;True;False;False;False;822;31.50;13.50;True;False;False;False;1;26.496660277185583;0;26.496660277185583;26.496660277185583
820;29.50;13.50;True;False;False;False;825;34.50;13.50;True;False;False;False;1;40.14917265441727;0;40.14917265441727;40.14917265441727
820;29.50;13.50;True;False;False;False;826;35.50;13.50;True;False;False;False;3;10.643054000761671;15.069446309389011;8.052222222220735;15.106298693939607
820;29.50;13.50;True;False;False;False;828;37.50;13.50;True;False;False;False;1;16.220281374235128;0;16.220281374235128;16.220281374235128
820;29.50;13.50;True;False;False;False;832;41.50;13.50;True;False;False;False;2;18.024258860714326;35.50901026854964;13.81064934697497;22.237868374453683
820;29.50;13.50;True;False;False;False;835;44.50;13.50;True;False;False;False;1;37.629819610090635;0;37.629819610090635;37.629819610090635
820;29.50;13.50;True;False;False;False;836;45.50;13.50;True;False;False;False;1;24.115819349208323;0;24.115819349208323;24.115819349208323
820;29.50;13.50;True;False;False;False;837;46.50;13.50;True;False;False;False;2;20.380183986360862;47.248184931612144;15.51972182049576;25.240646152225963
820;29.50;13.50;True;False;False;False;838;47.50;13.50;True;False;False;False;1;15.551479887288224;0;15.551479887288224;15.551479887288224
820;29.50;13.50;True;False;False;False;840;49.50;13.50;True;False;False;False;3;25.872344082696447;6.039485825831486;23.6791766526012;28.52841434578113
820;29.50;13.50;True;False;False;False;841;50.50;13.50;True;False;False;False;2;28.151111111107866;0.0008069428781642981;28.131024512613294;28.17119770960244
820;29.50;13.50;True;False;False;False;842;51.50;13.50;True;False;False;False;2;21.700281374241968;19.293521927081372;18.594357845959166;24.80620490252477
820;29.50;13.50;True;False;False;False;862;27.50;14.50;True;False;False;False;1;7.4849062085882;0;7.4849062085882;7.4849062085882
820;29.50;13.50;True;False;False;False;865;30.50;14.50;True;False;False;False;1;7.779725818681982;0;7.779725818681982;7.779725818681982
820;29.50;13.50;True;False;False;False;881;46.50;14.50;True;False;False;False;1;20.051556098111178;0;20.051556098111178;20.051556098111178
820;29.50;13.50;True;False;False;False;882;47.50;14.50;True;False;False;False;4;23.21185265212307;34.45623659449348;18.383063150213275;30.58259738785273
820;29.50;13.50;True;False;False;False;884;49.50;14.50;True;False;False;False;1;26.01370849898285;0;26.01370849898285;26.01370849898285
820;29.50;13.50;True;False;False;False;887;52.50;14.50;True;False;False;False;3;25.604446842085355;4.608973279422483;23.422045027054992;27.713888888887595
820;29.50;13.50;True;False;False;False;952;29.50;16.50;True;False;False;False;2;5.76852091615865;0.5623966717251346;5.238239541921757;6.2988022903955425
820;29.50;13.50;True;False;False;False;957;34.50;16.50;True;False;False;False;1;28.536204902522513;0;28.536204902522513;28.536204902522513
820;29.50;13.50;True;False;False;False;960;37.50;16.50;True;False;False;False;2;16.42699134014856;8.860106079622941;14.322222222213895;18.531760458083227
820;29.50;13.50;True;False;False;False;962;39.50;16.50;True;False;False;False;1;25.365521274092316;0;25.365521274092316;25.365521274092316
820;29.50;13.50;True;False;False;False;965;42.50;16.50;True;False;False;False;3;21.579398164674483;34.961272889643595;17.414813220624637;28.34714120974877
820;29.50;13.50;True;False;False;False;968;45.50;16.50;True;False;False;False;2;22.484104591167124;9.073437858493914;20.35414709646284;24.61406208587141
820;29.50;13.50;True;False;False;False;970;47.50;16.50;True;False;False;False;1;22.1991702631276;0;22.1991702631276;22.1991702631276
820;29.50;13.50;True;False;False;False;973;50.50;16.50;True;False;False;False;1;22.551576873438535;0;22.551576873438535;22.551576873438535
820;29.50;13.50;True;False;False;False;975;52.50;16.50;True;False;False;False;2;25.398981082928003;0.525494140748127;24.886392485343094;25.911569680512912
820;29.50;13.50;True;False;False;False;989;22.50;17.50;True;False;False;False;1;14.261204902520149;0;14.261204902520149;14.261204902520149
820;29.50;13.50;True;False;False;False;991;24.50;17.50;True;False;False;False;1;12.633610709384811;0;12.633610709384811;12.633610709384811
820;29.50;13.50;True;False;False;False;996;29.50;17.50;True;False;False;False;1;6.071936849857593;0;6.071936849857593;6.071936849857593
820;29.50;13.50;True;False;False;False;999;32.50;17.50;True;False;False;False;1;11.38453823585587;0;11.38453823585587;11.38453823585587
820;29.50;13.50;True;False;False;False;1001;34.50;17.50;True;False;False;False;3;18.529946259508506;35.14726795869641;13.508333333331393;25.06999839312084
820;29.50;13.50;True;False;False;False;1006;39.50;17.50;True;False;False;False;1;17.092958971132248;0;17.092958971132248;17.092958971132248
820;29.50;13.50;True;False;False;False;1007;40.50;17.50;True;False;False;False;2;18.402316013633026;0.14569872286924734;18.132409805044517;18.672222222221535
820;29.50;13.50;True;False;False;False;1008;41.50;17.50;True;False;False;False;2;18.3006505426074;0.09582364450987188;18.08176284936053;18.51953823585427
820;29.50;13.50;True;False;False;False;1011;44.50;17.50;True;False;False;False;2;22.74713002817498;0.004477307973718093;22.69981561190616;22.794444444443798
820;29.50;13.50;True;False;False;False;1012;45.50;17.50;True;False;False;False;1;20.807687181103574;0;20.807687181103574;20.807687181103574
820;29.50;13.50;True;False;False;False;1013;46.50;17.50;True;False;False;False;1;24.632131625538022;0;24.632131625538022;24.632131625538022
820;29.50;13.50;True;False;False;False;1014;47.50;17.50;True;False;False;False;3;22.90003126380452;3.0678941468601573;21.785461764143292;24.91888888888934
820;29.50;13.50;True;False;False;False;1016;49.50;17.50;True;False;False;False;3;25.426544276906498;1.3357473221003926;24.669444444443798;26.756854249488242
820;29.50;13.50;True;False;False;False;1017;50.50;17.50;True;False;False;False;2;32.164729415151214;153.30674517200285;23.409538235856417;40.91992059444601
820;29.50;13.50;True;False;False;False;1019;52.50;17.50;True;False;False;False;2;27.303984679398127;8.436191273191891;25.250184388085472;29.35778497071078
820;29.50;13.50;True;False;False;False;1067;12.50;19.50;True;False;False;False;2;22.79064934696362;0.06851942323945402;22.60555555555038;22.975743138376856
820;29.50;13.50;True;False;False;False;1074;19.50;19.50;True;False;False;False;1;17.50810747086871;0;17.50810747086871;17.50810747086871
820;29.50;13.50;True;False;False;False;1080;25.50;19.50;True;False;False;False;1;13.602945388731314;0;13.602945388731314;13.602945388731314
820;29.50;13.50;True;False;False;False;1081;26.50;19.50;True;False;False;False;1;13.31759019495621;0;13.31759019495621;13.31759019495621
820;29.50;13.50;True;False;False;False;1089;34.50;19.50;True;False;False;False;1;15.96565653988364;0;15.96565653988364;15.96565653988364
820;29.50;13.50;True;False;False;False;1094;39.50;19.50;True;False;False;False;1;17.80333333333283;0;17.80333333333283;17.80333333333283
820;29.50;13.50;True;False;False;False;1099;44.50;19.50;True;False;False;False;1;27.28790623982877;0;27.28790623982877;27.28790623982877
820;29.50;13.50;True;False;False;False;1104;49.50;19.50;True;False;False;False;2;26.15647987774173;11.300029986817044;23.779503859055694;28.533455896427768
820;29.50;13.50;True;False;False;False;1128;29.50;20.50;True;False;False;False;2;8.226020916157495;0.3072408950608428;7.834076471713615;8.617965360601374
820;29.50;13.50;True;False;False;False;1130;31.50;20.50;True;False;False;False;1;12.881204902521858;0;12.881204902521858;12.881204902521858
820;29.50;13.50;True;False;False;False;1134;35.50;20.50;True;False;False;False;2;19.336527978641925;6.89682180960645;17.4795382358584;21.19351772142545
820;29.50;13.50;True;False;False;False;1139;40.50;20.50;True;False;False;False;1;19.117034639371923;0;19.117034639371923;19.117034639371923
820;29.50;13.50;True;False;False;False;1141;42.50;20.50;True;False;False;False;1;21.529906208579632;0;21.529906208579632;21.529906208579632
820;29.50;13.50;True;False;False;False;1146;47.50;20.50;True;False;False;False;1;24.24965041130781;0;24.24965041130781;24.24965041130781
820;29.50;13.50;True;False;False;False;1148;49.50;20.50;True;False;False;False;1;25.15648227857855;0;25.15648227857855;25.15648227857855
820;29.50;13.50;True;False;False;False;1149;50.50;20.50;True;False;False;False;1;26.54278497069754;0;26.54278497069754;26.54278497069754
820;29.50;13.50;True;False;False;False;1151;52.50;20.50;True;False;False;False;1;27.664441249718948;0;27.664441249718948;27.664441249718948
820;29.50;13.50;True;False;False;False;1222;35.50;22.50;True;False;False;False;1;28.20833333333212;0;28.20833333333212;28.20833333333212
820;29.50;13.50;True;False;False;False;1229;42.50;22.50;True;False;False;False;1;22.69129869394237;0;22.69129869394237;22.69129869394237
820;29.50;13.50;True;False;False;False;1260;29.50;23.50;True;False;False;False;1;10.537041028863314;0;10.537041028863314;10.537041028863314
820;29.50;13.50;True;False;False;False;1261;30.50;23.50;True;False;False;False;1;17.165552360816946;0;17.165552360816946;17.165552360816946
820;29.50;13.50;True;False;False;False;1275;44.50;23.50;True;False;False;False;1;24.12593391594055;0;24.12593391594055;24.12593391594055
820;29.50;13.50;True;False;False;False;1278;47.50;23.50;True;False;False;False;1;25.521061602117697;0;25.521061602117697;25.521061602117697
820;29.50;13.50;True;False;False;False;1280;49.50;23.50;True;False;False;False;1;31.341666666665333;0;31.341666666665333;31.341666666665333
820;29.50;13.50;True;False;False;False;1283;52.50;23.50;True;False;False;False;1;30.41604316100893;0;30.41604316100893;30.41604316100893
820;29.50;13.50;True;False;False;False;1329;10.50;25.50;True;False;False;False;1;27.296204099064198;0;27.296204099064198;27.296204099064198
820;29.50;13.50;True;False;False;False;1344;25.50;25.50;True;False;False;False;1;17.37166027718922;0;17.37166027718922;17.37166027718922
820;29.50;13.50;True;False;False;False;1354;35.50;25.50;True;False;False;False;1;24.370421858544432;0;24.370421858544432;24.370421858544432
820;29.50;13.50;True;False;False;False;1380;17.50;26.50;True;False;False;False;1;23.219360237239925;0;23.219360237239925;23.219360237239925
820;29.50;13.50;True;False;False;False;1385;22.50;26.50;True;False;False;False;1;20.309059694565804;0;20.309059694565804;20.309059694565804
820;29.50;13.50;True;False;False;False;1410;47.50;26.50;True;False;False;False;1;37.53583692979191;0;37.53583692979191;37.53583692979191
821;30.50;13.50;True;False;False;False;28;61.50;9.50;False;False;True;False;1;96.14490620858714;0;96.14490620858714;96.14490620858714
821;30.50;13.50;True;False;False;False;292;29.50;1.50;True;False;False;False;1;15.332037834145012;0;15.332037834145012;15.332037834145012
821;30.50;13.50;True;False;False;False;293;30.50;1.50;True;False;False;False;1;29.748246734838176;0;29.748246734838176;29.748246734838176
821;30.50;13.50;True;False;False;False;295;32.50;1.50;True;False;False;False;1;18.398827347325096;0;18.398827347325096;18.398827347325096
821;30.50;13.50;True;False;False;False;307;44.50;1.50;True;False;False;False;1;24.43315294342392;0;24.43315294342392;24.43315294342392
821;30.50;13.50;True;False;False;False;308;45.50;1.50;True;False;False;False;1;25.584070082233666;0;25.584070082233666;25.584070082233666
821;30.50;13.50;True;False;False;False;313;50.50;1.50;True;False;False;False;1;28.945740747085438;0;28.945740747085438;28.945740747085438
821;30.50;13.50;True;False;False;False;326;19.50;2.50;True;False;False;False;1;21.786389290609804;0;21.786389290609804;21.786389290609804
821;30.50;13.50;True;False;False;False;338;31.50;2.50;True;False;False;False;1;14.955735945461129;0;14.955735945461129;14.955735945461129
821;30.50;13.50;True;False;False;False;341;34.50;2.50;True;False;False;False;2;19.841232399571254;5.0125268088810735;18.25811414611053;21.42435065303198
821;30.50;13.50;True;False;False;False;344;37.50;2.50;True;False;False;False;2;19.502999467830477;0.21265242492385175;19.17692246394654;19.829076471714416
821;30.50;13.50;True;False;False;False;349;42.50;2.50;True;False;False;False;1;22.626479083834056;0;22.626479083834056;22.626479083834056
821;30.50;13.50;True;False;False;False;412;17.50;4.50;True;False;False;False;1;21.859475607267086;0;21.859475607267086;21.859475607267086
821;30.50;13.50;True;False;False;False;427;32.50;4.50;True;False;False;False;1;19.908694113140882;0;19.908694113140882;19.908694113140882
821;30.50;13.50;True;False;False;False;434;39.50;4.50;True;False;False;False;1;19.96555072605588;0;19.96555072605588;19.96555072605588
821;30.50;13.50;True;False;False;False;439;44.50;4.50;True;False;False;False;1;22.6781529434229;0;22.6781529434229;22.6781529434229
821;30.50;13.50;True;False;False;False;447;52.50;4.50;True;False;False;False;3;30.16798703385636;3.0524741269711946;28.374170263125052;31.864357845952327
821;30.50;13.50;True;False;False;False;465;26.50;5.50;True;False;False;False;2;16.154348653945817;1.7308543093613573;15.224065280623108;17.084632027268526
821;30.50;13.50;True;False;False;False;468;29.50;5.50;True;False;False;False;1;11.816107916374222;0;11.816107916374222;11.816107916374222
821;30.50;13.50;True;False;False;False;471;32.50;5.50;True;False;False;False;1;14.123902471266774;0;14.123902471266774;14.123902471266774
821;30.50;13.50;True;False;False;False;473;34.50;5.50;True;False;False;False;1;15.22935065303318;0;15.22935065303318;15.22935065303318
821;30.50;13.50;True;False;False;False;474;35.50;5.50;True;False;False;False;1;16.40314575049706;0;16.40314575049706;16.40314575049706
821;30.50;13.50;True;False;False;False;475;36.50;5.50;True;False;False;False;1;16.133333333331393;0;16.133333333331393;16.133333333331393
821;30.50;13.50;True;False;False;False;476;37.50;5.50;True;False;False;False;2;18.56421556146597;3.689875414571451;17.205930721203913;19.92250040172803
821;30.50;13.50;True;False;False;False;478;39.50;5.50;True;False;False;False;3;19.796077717472752;3.73333354733062;17.8888824994101;21.752316013629752
821;30.50;13.50;True;False;False;False;481;42.50;5.50;True;False;False;False;1;24.67566371374187;0;24.67566371374187;24.67566371374187
821;30.50;13.50;True;False;False;False;483;44.50;5.50;True;False;False;False;1;22.03666666666595;0;22.03666666666595;22.03666666666595
821;30.50;13.50;True;False;False;False;489;50.50;5.50;True;False;False;False;1;27.367037834126677;0;27.367037834126677;27.367037834126677
821;30.50;13.50;True;False;False;False;491;52.50;5.50;True;False;False;False;3;33.564756017572414;71.50323382719205;27.2752813742336;43.17750040172177
821;30.50;13.50;True;False;False;False;543;16.50;7.50;True;False;False;False;1;20.336021317876657;0;20.336021317876657;20.336021317876657
821;30.50;13.50;True;False;False;False;546;19.50;7.50;True;False;False;False;1;18.59287156918799;0;18.59287156918799;18.59287156918799
821;30.50;13.50;True;False;False;False;552;25.50;7.50;True;False;False;False;1;14.53259310174144;0;14.53259310174144;14.53259310174144
821;30.50;13.50;True;False;False;False;554;27.50;7.50;True;False;False;False;1;13.317686377653445;0;13.317686377653445;13.317686377653445
821;30.50;13.50;True;False;False;False;559;32.50;7.50;True;False;False;False;2;15.714514657991458;0.40328982139323405;15.265465762327949;16.163563553654967
821;30.50;13.50;True;False;False;False;564;37.50;7.50;True;False;False;False;1;25.475148110545888;0;25.475148110545888;25.475148110545888
821;30.50;13.50;True;False;False;False;566;39.50;7.50;True;False;False;False;2;19.7349149988695;12.022274352988376;17.28315294342974;22.186677054309257
821;30.50;13.50;True;False;False;False;567;40.50;7.50;True;False;False;False;4;20.861382825525425;23.307826079711766;17.84352091616074;28.066666666669335
821;30.50;13.50;True;False;False;False;569;42.50;7.50;True;False;False;False;2;23.11005568600922;1.3705926694308233;22.282229415155598;23.93788195686284
821;30.50;13.50;True;False;False;False;571;44.50;7.50;True;False;False;False;2;30.28050865984551;2.859409569011747;29.08480602770578;31.476211291985237
821;30.50;13.50;True;False;False;False;572;45.50;7.50;True;False;False;False;3;24.492738256133634;5.548034538835974;21.835549166083183;26.32387050484249
821;30.50;13.50;True;False;False;False;576;49.50;7.50;True;False;False;False;1;24.705923528279527;0;24.705923528279527;24.705923528279527
821;30.50;13.50;True;False;False;False;577;50.50;7.50;True;False;False;False;1;24.311111111106584;0;24.311111111106584;24.311111111106584
821;30.50;13.50;True;False;False;False;578;51.50;7.50;True;False;False;False;1;31.56296536060836;0;31.56296536060836;31.56296536060836
821;30.50;13.50;True;False;False;False;579;52.50;7.50;True;False;False;False;2;27.865469760463384;6.033292008757381;26.1286203126474;29.60231920827937
821;30.50;13.50;True;False;False;False;595;24.50;8.50;True;False;False;False;1;14.968795097465772;0;14.968795097465772;14.968795097465772
821;30.50;13.50;True;False;False;False;602;31.50;8.50;True;False;False;False;1;15.915685575924726;0;15.915685575924726;15.915685575924726
821;30.50;13.50;True;False;False;False;603;32.50;8.50;True;False;False;False;4;11.970916846963519;0.0592714187182436;11.668014869585022;12.225280547354487
821;30.50;13.50;True;False;False;False;605;34.50;8.50;True;False;False;False;1;12.865909218682646;0;12.865909218682646;12.865909218682646
821;30.50;13.50;True;False;False;False;607;36.50;8.50;True;False;False;False;1;16.115288567154494;0;16.115288567154494;16.115288567154494
821;30.50;13.50;True;False;False;False;608;37.50;8.50;True;False;False;False;3;15.303887823979798;0.43446282151118354;14.545093791410181;15.73463202727362
821;30.50;13.50;True;False;False;False;613;42.50;8.50;True;False;False;False;3;19.230717381807455;0.7193060462376314;18.707599779156226;20.209260859806818
821;30.50;13.50;True;False;False;False;620;49.50;8.50;True;False;False;False;2;24.274710227648484;2.4021651065100835;23.178771108328874;25.370649346968094
821;30.50;13.50;True;False;False;False;623;52.50;8.50;True;False;False;False;4;26.802694837105264;3.2727669532841777;25.23879829221005;28.93929307167855
821;30.50;13.50;True;False;False;False;678;19.50;10.50;True;False;False;False;1;16.479563812812557;0;16.479563812812557;16.479563812812557
821;30.50;13.50;True;False;False;False;686;27.50;10.50;True;False;False;False;1;11.17287556737574;0;11.17287556737574;11.17287556737574
821;30.50;13.50;True;False;False;False;688;29.50;10.50;True;False;False;False;3;9.058963136878143;0.30727383666633473;8.575937914124552;9.664191038425997
821;30.50;13.50;True;False;False;False;689;30.50;10.50;True;False;False;False;1;5.475278179503221;0;5.475278179503221;5.475278179503221
821;30.50;13.50;True;False;False;False;691;32.50;10.50;True;False;False;False;4;10.683154937763902;1.3622059629815033;9.612406610329344;12.3458401245407
821;30.50;13.50;True;False;False;False;695;36.50;10.50;True;False;False;False;1;13.10212523608061;0;13.10212523608061;13.10212523608061
821;30.50;13.50;True;False;False;False;696;37.50;10.50;True;False;False;False;2;15.614628430806988;7.262971452848218;13.708982680300323;17.520274181313653
821;30.50;13.50;True;False;False;False;701;42.50;10.50;True;False;False;False;2;17.861619369234177;0.09368889770412529;17.645183584641927;18.078055153826426
821;30.50;13.50;True;False;False;False;703;44.50;10.50;True;False;False;False;2;18.388987874122904;0.04356691147988636;18.241395680088317;18.53658006815749
821;30.50;13.50;True;False;False;False;704;45.50;10.50;True;False;False;False;2;19.895093791413046;1.3978499176660213;19.059076471716253;20.73111111110984
821;30.50;13.50;True;False;False;False;705;46.50;10.50;True;False;False;False;1;19.366295499197804;0;19.366295499197804;19.366295499197804
821;30.50;13.50;True;False;False;False;711;52.50;10.50;True;False;False;False;4;26.16509958782501;4.800034079487091;23.97666001282596;28.417897410500245
821;30.50;13.50;True;False;False;False;719;16.50;11.50;True;False;False;False;1;24.459632027268526;0;24.459632027268526;24.459632027268526
821;30.50;13.50;True;False;False;False;722;19.50;11.50;True;False;False;False;1;16.000211130427488;0;16.000211130427488;16.000211130427488
821;30.50;13.50;True;False;False;False;723;20.50;11.50;True;False;False;False;1;25.230833735058695;0;25.230833735058695;25.230833735058695
821;30.50;13.50;True;False;False;False;724;21.50;11.50;True;False;False;False;1;16.745552360818692;0;16.745552360818692;16.745552360818692
821;30.50;13.50;True;False;False;False;725;22.50;11.50;True;False;False;False;1;13.438401566834727;0;13.438401566834727;13.438401566834727
821;30.50;13.50;True;False;False;False;737;34.50;11.50;True;False;False;False;3;11.303238744816554;0.2220309971661914;10.788517721419339;11.71333333333132
821;30.50;13.50;True;False;False;False;740;37.50;11.50;True;False;False;False;4;13.24440501338313;0.556928723467315;12.704906208589819;14.336111111109858
821;30.50;13.50;True;False;False;False;742;39.50;11.50;True;False;False;False;2;15.38602152634894;1.7493896295683722;14.450770322241624;16.321272730456258
821;30.50;13.50;True;False;False;False;743;40.50;11.50;True;False;False;False;1;16.931850251308788;0;16.931850251308788;16.931850251308788
821;30.50;13.50;True;False;False;False;745;42.50;11.50;True;False;False;False;2;18.21679656440483;8.469373584458044;16.158961101538807;20.274632027270854
821;30.50;13.50;True;False;False;False;747;44.50;11.50;True;False;False;False;4;22.07678330811268;22.532245913195332;17.930161240559755;26.261041270684473
821;30.50;13.50;True;False;False;False;748;45.50;11.50;True;False;False;False;2;37.151339327876485;14.029889246988514;34.502765254248516;39.799913401504455
821;30.50;13.50;True;False;False;False;749;46.50;11.50;True;False;False;False;1;30.690743138373364;0;30.690743138373364;30.690743138373364
821;30.50;13.50;True;False;False;False;750;47.50;11.50;True;False;False;False;1;23.56814575050157;0;23.56814575050157;23.56814575050157
821;30.50;13.50;True;False;False;False;752;49.50;11.50;True;False;False;False;4;27.372693183118827;45.56092597700866;21.911663471928478;35.97614948599221
821;30.50;13.50;True;False;False;False;753;50.50;11.50;True;False;False;False;1;21.263513723228243;0;21.263513723228243;21.263513723228243
821;30.50;13.50;True;False;False;False;755;52.50;11.50;True;False;False;False;4;24.605014652810496;2.5717752637394073;23.03527737603872;26.71647588909036
821;30.50;13.50;True;False;False;False;803;12.50;13.50;True;False;False;False;2;15.443898071385775;0.3138479147409974;15.047761785026523;15.840034357745026
821;30.50;13.50;True;False;False;False;805;14.50;13.50;True;False;False;False;1;13.93508659849249;0;13.93508659849249;13.93508659849249
821;30.50;13.50;True;False;False;False;808;17.50;13.50;True;False;False;False;1;12.42490620857643;0;12.42490620857643;12.42490620857643
821;30.50;13.50;True;False;False;False;810;19.50;13.50;True;False;False;False;1;11.759147880922683;0;11.759147880922683;11.759147880922683
821;30.50;13.50;True;False;False;False;811;20.50;13.50;True;False;False;False;1;10.314816415359928;0;10.314816415359928;10.314816415359928
821;30.50;13.50;True;False;False;False;817;26.50;13.50;True;False;False;False;1;6.022278101479969;0;6.022278101479969;6.022278101479969
821;30.50;13.50;True;False;False;False;823;32.50;13.50;True;False;False;False;3;7.389474375519664;13.370727561817235;4.926756459890385;11.59101731969713
821;30.50;13.50;True;False;False;False;825;34.50;13.50;True;False;False;False;1;12.494073276975541;0;12.494073276975541;12.494073276975541
821;30.50;13.50;True;False;False;False;826;35.50;13.50;True;False;False;False;1;7.512590194950462;0;7.512590194950462;7.512590194950462
821;30.50;13.50;True;False;False;False;828;37.50;13.50;True;False;False;False;1;17.586111111111677;0;17.586111111111677;17.586111111111677
821;30.50;13.50;True;False;False;False;830;39.50;13.50;True;False;False;False;4;23.60265426000319;84.90548597432274;15.859076471715525;36.03167305613533
821;30.50;13.50;True;False;False;False;831;40.50;13.50;True;False;False;False;2;20.300324673482464;231.04744494204826;9.552128430808807;31.04852091615612
821;30.50;13.50;True;False;False;False;832;41.50;13.50;True;False;False;False;1;21.926246736751636;0;21.926246736751636;21.926246736751636
821;30.50;13.50;True;False;False;False;833;42.50;13.50;True;False;False;False;3;14.798099470734693;10.581223971885422;11.663059152015194;18.157229415144684
821;30.50;13.50;True;False;False;False;835;44.50;13.50;True;False;False;False;4;21.87232459355846;10.252825310157903;19.54259338969314;26.494916596260737
821;30.50;13.50;True;False;False;False;836;45.50;13.50;True;False;False;False;1;23.81227735077846;0;23.81227735077846;23.81227735077846
821;30.50;13.50;True;False;False;False;837;46.50;13.50;True;False;False;False;2;22.40833333333012;100.0326543209322;15.336111111109858;29.48055555555038
821;30.50;13.50;True;False;False;False;838;47.50;13.50;True;False;False;False;5;23.254976394810363;31.64810895874875;15.768694652113481;30.45638209769095
821;30.50;13.50;True;False;False;False;840;49.50;13.50;True;False;False;False;2;22.60323954191699;0.0012500000001455193;22.578239541915536;22.628239541918447
821;30.50;13.50;True;False;False;False;841;50.50;13.50;True;False;False;False;1;26.91472581868038;0;26.91472581868038;26.91472581868038
821;30.50;13.50;True;False;False;False;842;51.50;13.50;True;False;False;False;4;26.317814893148807;76.0283902358806;18.00287476392623;38.60559983798521
821;30.50;13.50;True;False;False;False;843;52.50;13.50;True;False;False;False;5;27.646943877337616;12.5854439046457;24.893336528068176;31.970546467804525
821;30.50;13.50;True;False;False;False;849;14.50;14.50;True;False;False;False;1;20.118881421549304;0;20.118881421549304;20.118881421549304
821;30.50;13.50;True;False;False;False;854;19.50;14.50;True;False;False;False;1;15.132496403541154;0;15.132496403541154;15.132496403541154
821;30.50;13.50;True;False;False;False;864;29.50;14.50;True;False;False;False;3;6.685247444978813;0.17918610675226113;6.213888888889414;7.032962165867502
821;30.50;13.50;True;False;False;False;865;30.50;14.50;True;False;False;False;1;3.5855555555576757;0;3.5855555555576757;3.5855555555576757
821;30.50;13.50;True;False;False;False;867;32.50;14.50;True;False;False;False;1;8.416475085654383;0;8.416475085654383;8.416475085654383
821;30.50;13.50;True;False;False;False;869;34.50;14.50;True;False;False;False;1;18.489347458295924;0;18.489347458295924;18.489347458295924
821;30.50;13.50;True;False;False;False;870;35.50;14.50;True;False;False;False;1;11.071750070419967;0;11.071750070419967;11.071750070419967
821;30.50;13.50;True;False;False;False;871;36.50;14.50;True;False;False;False;2;13.921024110889448;5.846272811157378;12.211305886859918;15.630742334918978
821;30.50;13.50;True;False;False;False;872;37.50;14.50;True;False;False;False;3;11.384076739532853;0.03280113062613223;11.181010930231423;11.528903274727782
821;30.50;13.50;True;False;False;False;874;39.50;14.50;True;False;False;False;1;13.035281374235637;0;13.035281374235637;13.035281374235637
821;30.50;13.50;True;False;False;False;875;40.50;14.50;True;False;False;False;3;19.393337063707804;3.2202648631990893;18.159372231810266;21.451937653248024
821;30.50;13.50;True;False;False;False;877;42.50;14.50;True;False;False;False;1;16.69722222222481;0;16.69722222222481;16.69722222222481
821;30.50;13.50;True;False;False;False;880;45.50;14.50;True;False;False;False;1;17.325743138380858;0;17.325743138380858;17.325743138380858
821;30.50;13.50;True;False;False;False;882;47.50;14.50;True;False;False;False;1;22.89583692979477;0;22.89583692979477;22.89583692979477
821;30.50;13.50;True;False;False;False;884;49.50;14.50;True;False;False;False;3;26.18660893433662;15.890032194764363;22.77129869393775;30.566673859587354
821;30.50;13.50;True;False;False;False;887;52.50;14.50;True;False;False;False;2;23.56744964955351;4.658888238001111;22.04119799304317;25.09370130606385
821;30.50;13.50;True;False;False;False;957;34.50;16.50;True;False;False;False;1;12.380869170665392;0;12.380869170665392;12.380869170665392
821;30.50;13.50;True;False;False;False;959;36.50;16.50;True;False;False;False;1;13.872962165873105;0;13.872962165873105;13.872962165873105
821;30.50;13.50;True;False;False;False;962;39.50;16.50;True;False;False;False;2;17.62633480025943;7.083836956970053;15.744336267187464;19.508333333331393
821;30.50;13.50;True;False;False;False;963;40.50;16.50;True;False;False;False;3;16.144381649016093;0.09971116253624707;15.783513723232318;16.370003194733727
821;30.50;13.50;True;False;False;False;965;42.50;16.50;True;False;False;False;3;17.741611331982465;0.4534267002153449;16.964264054541673;18.14528856716788
821;30.50;13.50;True;False;False;False;968;45.50;16.50;True;False;False;False;1;29.953145750507247;0;29.953145750507247;29.953145750507247
821;30.50;13.50;True;False;False;False;970;47.50;16.50;True;False;False;False;2;24.319253265158295;23.37646738402472;20.90044737830067;27.73805915201592
821;30.50;13.50;True;False;False;False;972;49.50;16.50;True;False;False;False;1;22.535090596677037;0;22.535090596677037;22.535090596677037
821;30.50;13.50;True;False;False;False;975;52.50;16.50;True;False;False;False;1;23.738517721421886;0;23.738517721421886;23.738517721421886
821;30.50;13.50;True;False;False;False;976;9.50;17.50;True;False;False;False;1;24.73444124971502;0;24.73444124971502;24.73444124971502
821;30.50;13.50;True;False;False;False;982;15.50;17.50;True;False;False;False;1;19.893888888873335;0;19.893888888873335;19.893888888873335
821;30.50;13.50;True;False;False;False;991;24.50;17.50;True;False;False;False;1;14.77480922243194;0;14.77480922243194;14.77480922243194
821;30.50;13.50;True;False;False;False;992;25.50;17.50;True;False;False;False;1;13.252558590558692;0;13.252558590558692;13.252558590558692
821;30.50;13.50;True;False;False;False;999;32.50;17.50;True;False;False;False;2;11.214814014539115;0.16541807801779712;10.927222222220735;11.502405806857496
821;30.50;13.50;True;False;False;False;1001;34.50;17.50;True;False;False;False;4;13.679143951374499;2.3212842013942327;12.525927526468877;15.920836929777579
821;30.50;13.50;True;False;False;False;1004;37.50;17.50;True;False;False;False;2;17.377775376942736;4.2901768898210815;15.9131633310717;18.842387422813772
821;30.50;13.50;True;False;False;False;1006;39.50;17.50;True;False;False;False;5;16.681721502932486;1.5032475185204777;15.546579264722823;18.77629869395787
821;30.50;13.50;True;False;False;False;1008;41.50;17.50;True;False;False;False;1;17.652597387874266;0;17.652597387874266;17.652597387874266
821;30.50;13.50;True;False;False;False;1009;42.50;17.50;True;False;False;False;4;18.92300865984862;1.6707901897988904;18.0555515573742;20.828427124746668
821;30.50;13.50;True;False;False;False;1011;44.50;17.50;True;False;False;False;2;19.775371970911692;0.6386457275836475;19.21028537242273;20.340458569400653
821;30.50;13.50;True;False;False;False;1012;45.50;17.50;True;False;False;False;6;23.45270241445049;21.478220747996282;20.4350937914096;32.138708498982396
821;30.50;13.50;True;False;False;False;1013;46.50;17.50;True;False;False;False;2;39.05434506701113;108.6745480605843;31.68296296931112;46.425727164711134
821;30.50;13.50;True;False;False;False;1016;49.50;17.50;True;False;False;False;1;30.214706593244046;0;30.214706593244046;30.214706593244046
821;30.50;13.50;True;False;False;False;1017;50.50;17.50;True;False;False;False;3;25.552128698623466;4.56610845302005;23.08471862575243;26.790743138379185
821;30.50;13.50;True;False;False;False;1018;51.50;17.50;True;False;False;False;4;32.70204003994763;48.933406300853314;23.93481563536443;38.36676765100401
821;30.50;13.50;True;False;False;False;1019;52.50;17.50;True;False;False;False;1;25.228243540123003;0;25.228243540123003;25.228243540123003
821;30.50;13.50;True;False;False;False;1079;24.50;19.50;True;False;False;False;1;17.077864376256912;0;17.077864376256912;17.077864376256912
821;30.50;13.50;True;False;False;False;1080;25.50;19.50;True;False;False;False;2;15.699551282063112;3.735613802597569;14.33287396049127;17.066228603634954
821;30.50;13.50;True;False;False;False;1090;35.50;19.50;True;False;False;False;1;15.830823347394471;0;15.830823347394471;15.830823347394471
821;30.50;13.50;True;False;False;False;1092;37.50;19.50;True;False;False;False;3;17.085432897973686;3.9130443919230125;15.687409805039351;19.348795097472248
821;30.50;13.50;True;False;False;False;1094;39.50;19.50;True;False;False;False;2;23.698107645087475;15.403870553948737;20.92287156918792;26.47334372098703
821;30.50;13.50;True;False;False;False;1095;40.50;19.50;True;False;False;False;1;18.217777777772426;0;18.217777777772426;18.217777777772426
821;30.50;13.50;True;False;False;False;1099;44.50;19.50;True;False;False;False;5;22.727963814224314;8.017311404245925;20.321298693934295;26.92379375506789
821;30.50;13.50;True;False;False;False;1101;46.50;19.50;True;False;False;False;1;22.391385292426094;0;22.391385292426094;22.391385292426094
821;30.50;13.50;True;False;False;False;1105;50.50;19.50;True;False;False;False;1;24.62436743017679;0;24.62436743017679;24.62436743017679
821;30.50;13.50;True;False;False;False;1107;52.50;19.50;True;False;False;False;1;30.085180389902234;0;30.085180389902234;30.085180389902234
821;30.50;13.50;True;False;False;False;1116;17.50;20.50;True;False;False;False;1;20.51194484617008;0;20.51194484617008;20.51194484617008
821;30.50;13.50;True;False;False;False;1118;19.50;20.50;True;False;False;False;1;18.703427124746668;0;18.703427124746668;18.703427124746668
821;30.50;13.50;True;False;False;False;1131;32.50;20.50;True;False;False;False;1;13.682989595134131;0;13.682989595134131;13.682989595134131
821;30.50;13.50;True;False;False;False;1136;37.50;20.50;True;False;False;False;1;17.564167068391725;0;17.564167068391725;17.564167068391725
821;30.50;13.50;True;False;False;False;1138;39.50;20.50;True;False;False;False;1;28.158427928195124;0;28.158427928195124;28.158427928195124
821;30.50;13.50;True;False;False;False;1144;45.50;20.50;True;False;False;False;1;32.64601731970106;0;32.64601731970106;32.64601731970106
821;30.50;13.50;True;False;False;False;1148;49.50;20.50;True;False;False;False;1;23.99889208361492;0;23.99889208361492;23.99889208361492
821;30.50;13.50;True;False;False;False;1149;50.50;20.50;True;False;False;False;1;25.273333333323535;0;25.273333333323535;25.273333333323535
821;30.50;13.50;True;False;False;False;1151;52.50;20.50;True;False;False;False;2;33.09416826403367;86.90742099815152;26.502225416960755;39.686111111106584
821;30.50;13.50;True;False;False;False;1216;29.50;22.50;True;False;False;False;1;18.303427124741575;0;18.303427124741575;18.303427124741575
821;30.50;13.50;True;False;False;False;1219;32.50;22.50;True;False;False;False;1;18.661291501010055;0;18.661291501010055;18.661291501010055
821;30.50;13.50;True;False;False;False;1224;37.50;22.50;True;False;False;False;2;18.63333133424203;0.17525487419170685;18.33731201545379;18.92935065303027
821;30.50;13.50;True;False;False;False;1234;47.50;22.50;True;False;False;False;3;25.10283790774262;0.3774149802516918;24.39379509747232;25.476298693931312
821;30.50;13.50;True;False;False;False;1239;52.50;22.50;True;False;False;False;1;27.939909403321508;0;27.939909403321508;27.939909403321508
821;30.50;13.50;True;False;False;False;1250;19.50;23.50;True;False;False;False;1;22.133063150191447;0;22.133063150191447;22.133063150191447
821;30.50;13.50;True;False;False;False;1255;24.50;23.50;True;False;False;False;2;17.68722581867769;0.020786642267741354;17.585278179500165;17.789173457855213
821;30.50;13.50;True;False;False;False;1256;25.50;23.50;True;False;False;False;1;18.069746593999298;0;18.069746593999298;18.069746593999298
821;30.50;13.50;True;False;False;False;1257;26.50;23.50;True;False;False;False;1;16.831298693934514;0;16.831298693934514;16.831298693934514
821;30.50;13.50;True;False;False;False;1258;27.50;23.50;True;False;False;False;2;15.878536067308687;0.1656499759308103;15.590742759593923;16.16632937502345
821;30.50;13.50;True;False;False;False;1260;29.50;23.50;True;False;False;False;1;13.244819610095874;0;13.244819610095874;13.244819610095874
821;30.50;13.50;True;False;False;False;1265;34.50;23.50;True;False;False;False;2;16.982913271064717;0.004365284361047779;16.936194514868475;17.02963202726096
821;30.50;13.50;True;False;False;False;1275;44.50;23.50;True;False;False;False;1;23.081650428624016;0;23.081650428624016;23.081650428624016
821;30.50;13.50;True;False;False;False;1276;45.50;23.50;True;False;False;False;2;25.301061020671114;1.3491830280327373;24.479725818688166;26.12239622265406
821;30.50;13.50;True;False;False;False;1277;46.50;23.50;True;False;False;False;2;24.19872025267523;0.33901227083267593;23.787009024486906;24.610431480863554
821;30.50;13.50;True;False;False;False;1278;47.50;23.50;True;False;False;False;2;25.56544562968793;0.0002839406136502795;25.553530500363195;25.577360759012663
821;30.50;13.50;True;False;False;False;1281;50.50;23.50;True;False;False;False;1;33.6517604580622;0;33.6517604580622;33.6517604580622
821;30.50;13.50;True;False;False;False;1282;51.50;23.50;True;False;False;False;1;29.191122302214353;0;29.191122302214353;29.191122302214353
821;30.50;13.50;True;False;False;False;1283;52.50;23.50;True;False;False;False;2;29.567873166564823;0.3770034653122535;29.13370530426255;30.002041028867097
821;30.50;13.50;True;False;False;False;1330;11.50;25.50;True;False;False;False;1;28.046572875253332;0;28.046572875253332;28.046572875253332
821;30.50;13.50;True;False;False;False;1346;27.50;25.50;True;False;False;False;1;16.50953104293876;0;16.50953104293876;16.50953104293876
821;30.50;13.50;True;False;False;False;1350;31.50;25.50;True;False;False;False;1;16.041826300319826;0;16.041826300319826;16.041826300319826
821;30.50;13.50;True;False;False;False;1353;34.50;25.50;True;False;False;False;1;18.60782766540342;0;18.60782766540342;18.60782766540342
821;30.50;13.50;True;False;False;False;1361;42.50;25.50;True;False;False;False;1;23.837597387853748;0;23.837597387853748;23.837597387853748
821;30.50;13.50;True;False;False;False;1365;46.50;25.50;True;False;False;False;1;26.597030641209585;0;26.597030641209585;26.597030641209585
821;30.50;13.50;True;False;False;False;1366;47.50;25.50;True;False;False;False;1;40.34704183232316;0;40.34704183232316;40.34704183232316
821;30.50;13.50;True;False;False;False;1369;50.50;25.50;True;False;False;False;1;29.910187582816434;0;29.910187582816434;29.910187582816434
821;30.50;13.50;True;False;False;False;1370;51.50;25.50;True;False;False;False;1;29.687481214201398;0;29.687481214201398;29.687481214201398
821;30.50;13.50;True;False;False;False;1382;19.50;26.50;True;False;False;False;1;23.080191580978862;0;23.080191580978862;23.080191580978862
821;30.50;13.50;True;False;False;False;1414;51.50;26.50;True;False;False;False;1;31.177777777773372;0;31.177777777773372;31.177777777773372
821;30.50;13.50;True;False;False;False;1415;52.50;26.50;True;False;False;False;1;31.284816415359273;0;31.284816415359273;31.284816415359273
822;31.50;13.50;True;False;False;False;44;61.50;15.50;False;False;True;False;1;119.46602531607209;0;119.46602531607209;119.46602531607209
822;31.50;13.50;True;False;False;False;279;16.50;1.50;True;False;False;False;1;25.36722461350655;0;25.36722461350655;25.36722461350655
822;31.50;13.50;True;False;False;False;292;29.50;1.50;True;False;False;False;1;15.930833735057604;0;15.930833735057604;15.930833735057604
822;31.50;13.50;True;False;False;False;299;36.50;1.50;True;False;False;False;1;19.179353847768652;0;19.179353847768652;19.179353847768652
822;31.50;13.50;True;False;False;False;305;42.50;1.50;True;False;False;False;1;23.062780972513792;0;23.062780972513792;23.062780972513792
822;31.50;13.50;True;False;False;False;308;45.50;1.50;True;False;False;False;1;24.75428400733881;0;24.75428400733881;24.75428400733881
822;31.50;13.50;True;False;False;False;309;46.50;1.50;True;False;False;False;1;26.377406610306934;0;26.377406610306934;26.377406610306934
822;31.50;13.50;True;False;False;False;313;50.50;1.50;True;False;False;False;1;27.32658967140742;0;27.32658967140742;27.32658967140742
822;31.50;13.50;True;False;False;False;314;51.50;1.50;True;False;False;False;3;28.687009235788384;0.3411091982659749;28.211666666666588;29.338982680314075
822;31.50;13.50;True;False;False;False;315;52.50;1.50;True;False;False;False;1;30.31463202726445;0;30.31463202726445;30.31463202726445
822;31.50;13.50;True;False;False;False;316;9.50;2.50;True;False;False;False;1;33.60092033352339;0;33.60092033352339;33.60092033352339
822;31.50;13.50;True;False;False;False;329;22.50;2.50;True;False;False;False;1;20.635184388090238;0;20.635184388090238;20.635184388090238
822;31.50;13.50;True;False;False;False;341;34.50;2.50;True;False;False;False;1;16.7061977095982;0;16.7061977095982;16.7061977095982
822;31.50;13.50;True;False;False;False;344;37.50;2.50;True;False;False;False;2;19.076632157707536;0.08455492321955238;18.871017319697785;19.282246995717287
822;31.50;13.50;True;False;False;False;356;49.50;2.50;True;False;False;False;1;26.777449247821096;0;26.777449247821096;26.777449247821096
822;31.50;13.50;True;False;False;False;424;29.50;4.50;True;False;False;False;1;15.973535014052686;0;15.973535014052686;15.973535014052686
822;31.50;13.50;True;False;False;False;429;34.50;4.50;True;False;False;False;1;16.22055555555653;0;16.22055555555653;16.22055555555653
822;31.50;13.50;True;False;False;False;431;36.50;4.50;True;False;False;False;1;20.675375165646983;0;20.675375165646983;20.675375165646983
822;31.50;13.50;True;False;False;False;437;42.50;4.50;True;False;False;False;1;21.130189974102905;0;21.130189974102905;21.130189974102905
822;31.50;13.50;True;False;False;False;440;45.50;4.50;True;False;False;False;1;24.285725557803744;0;24.285725557803744;24.285725557803744
822;31.50;13.50;True;False;False;False;447;52.50;4.50;True;False;False;False;2;27.267596986148874;0.06387316805349312;27.088888888887595;27.446305083410152
822;31.50;13.50;True;False;False;False;463;24.50;5.50;True;False;False;False;1;17.94777777776835;0;17.94777777776835;17.94777777776835
822;31.50;13.50;True;False;False;False;470;31.50;5.50;True;False;False;False;1;9.123802290396725;0;9.123802290396725;9.123802290396725
822;31.50;13.50;True;False;False;False;473;34.50;5.50;True;False;False;False;3;15.71679305461324;0.861366724647608;14.79388888889298;16.650000000002365
822;31.50;13.50;True;False;False;False;474;35.50;5.50;True;False;False;False;2;17.377551783060426;9.691030324738467;15.176298693938406;19.578804872182445
822;31.50;13.50;True;False;False;False;475;36.50;5.50;True;False;False;False;1;15.587965360603448;0;15.587965360603448;15.587965360603448
822;31.50;13.50;True;False;False;False;476;37.50;5.50;True;False;False;False;1;16.922222222223354;0;16.922222222223354;16.922222222223354
822;31.50;13.50;True;False;False;False;479;40.50;5.50;True;False;False;False;1;19.985923528278363;0;19.985923528278363;19.985923528278363
822;31.50;13.50;True;False;False;False;480;41.50;5.50;True;False;False;False;3;19.952834202787624;0.17135167101073362;19.52472901341389;20.35099581717259
822;31.50;13.50;True;False;False;False;481;42.50;5.50;True;False;False;False;1;20.309812417174726;0;20.309812417174726;20.309812417174726
822;31.50;13.50;True;False;False;False;483;44.50;5.50;True;False;False;False;1;31.20314974868961;0;31.20314974868961;31.20314974868961
822;31.50;13.50;True;False;False;False;484;45.50;5.50;True;False;False;False;2;22.178862537040914;0.20500642763176113;21.858701306071453;22.499023768010375
822;31.50;13.50;True;False;False;False;485;46.50;5.50;True;False;False;False;4;23.917639687571864;7.616665013826484;22.448326943853317;28.055739943643857
822;31.50;13.50;True;False;False;False;486;47.50;5.50;True;False;False;False;1;24.18157287525355;0;24.18157287525355;24.18157287525355
822;31.50;13.50;True;False;False;False;488;49.50;5.50;True;False;False;False;1;25.7271284308099;0;25.7271284308099;25.7271284308099
822;31.50;13.50;True;False;False;False;489;50.50;5.50;True;False;False;False;1;26.25343431766578;0;26.25343431766578;26.25343431766578
822;31.50;13.50;True;False;False;False;490;51.50;5.50;True;False;False;False;1;26.385555555556493;0;26.385555555556493;26.385555555556493
822;31.50;13.50;True;False;False;False;491;52.50;5.50;True;False;False;False;1;35.83029495662777;0;35.83029495662777;35.83029495662777
822;31.50;13.50;True;False;False;False;538;11.50;7.50;True;False;False;False;1;24.791456663653662;0;24.791456663653662;24.791456663653662
822;31.50;13.50;True;False;False;False;547;20.50;7.50;True;False;False;False;1;18.95918304206498;0;18.95918304206498;18.95918304206498
822;31.50;13.50;True;False;False;False;549;22.50;7.50;True;False;False;False;1;21.789809222434997;0;21.789809222434997;21.789809222434997
822;31.50;13.50;True;False;False;False;553;26.50;7.50;True;False;False;False;1;14.503333333334012;0;14.503333333334012;14.503333333334012
822;31.50;13.50;True;False;False;False;558;31.50;7.50;True;False;False;False;1;7.655461764141364;0;7.655461764141364;7.655461764141364
822;31.50;13.50;True;False;False;False;561;34.50;7.50;True;False;False;False;3;14.697746513965589;3.3632507000275393;13.308888888874208;16.77657287524744
822;31.50;13.50;True;False;False;False;562;35.50;7.50;True;False;False;False;4;14.473034905475288;0.08514452978253798;14.16870130605821;14.814535041119598
822;31.50;13.50;True;False;False;False;563;36.50;7.50;True;False;False;False;1;15.782225416955043;0;15.782225416955043;15.782225416955043
822;31.50;13.50;True;False;False;False;564;37.50;7.50;True;False;False;False;3;16.87259472241264;6.486415173208561;15.25732640127535;19.808513723235592
822;31.50;13.50;True;False;False;False;566;39.50;7.50;True;False;False;False;2;16.468342946049233;0.03336123116243041;16.339189488560805;16.59749640353766
822;31.50;13.50;True;False;False;False;567;40.50;7.50;True;False;False;False;2;19.102119881460112;5.566010607442225;17.43388569414674;20.770354068773486
822;31.50;13.50;True;False;False;False;568;41.50;7.50;True;False;False;False;1;23.434016196573793;0;23.434016196573793;23.434016196573793
822;31.50;13.50;True;False;False;False;569;42.50;7.50;True;False;False;False;1;19.817049289715214;0;19.817049289715214;19.817049289715214
822;31.50;13.50;True;False;False;False;571;44.50;7.50;True;False;False;False;2;22.288510528494953;1.0102820858820516;21.577777777778465;22.99924327921144
822;31.50;13.50;True;False;False;False;572;45.50;7.50;True;False;False;False;2;20.84587663257662;0.035827358276728935;20.712034639396734;20.979718625756504
822;31.50;13.50;True;False;False;False;573;46.50;7.50;True;False;False;False;2;21.587208238109497;1.0693691145884845;20.85598696018178;22.318429516037213
822;31.50;13.50;True;False;False;False;576;49.50;7.50;True;False;False;False;2;25.052316013633572;0.8729151192914306;24.391666666668243;25.7129653605989
822;31.50;13.50;True;False;False;False;577;50.50;7.50;True;False;False;False;3;25.227945020105835;0.9107716143116364;24.475132950803527;26.301292304466187
822;31.50;13.50;True;False;False;False;578;51.50;7.50;True;False;False;False;1;26.841279525524897;0;26.841279525524897;26.841279525524897
822;31.50;13.50;True;False;False;False;579;52.50;7.50;True;False;False;False;4;26.168264452401672;2.322637288446511;24.8253751656448;28.35795816767859
822;31.50;13.50;True;False;False;False;596;25.50;8.50;True;False;False;False;1;17.234726896527718;0;17.234726896527718;17.234726896527718
822;31.50;13.50;True;False;False;False;600;29.50;8.50;True;False;False;False;1;15.930170805691887;0;15.930170805691887;15.930170805691887
822;31.50;13.50;True;False;False;False;601;30.50;8.50;True;False;False;False;1;10.54943405677659;0;10.54943405677659;10.54943405677659
822;31.50;13.50;True;False;False;False;603;32.50;8.50;True;False;False;False;1;12.777854792075232;0;12.777854792075232;12.777854792075232
822;31.50;13.50;True;False;False;False;606;35.50;8.50;True;False;False;False;1;13.670828668957256;0;13.670828668957256;13.670828668957256
822;31.50;13.50;True;False;False;False;608;37.50;8.50;True;False;False;False;1;14.736409262481175;0;14.736409262481175;14.736409262481175
822;31.50;13.50;True;False;False;False;618;47.50;8.50;True;False;False;False;6;24.28907016889078;19.709094748179254;20.75368026625074;31.197590194951772
822;31.50;13.50;True;False;False;False;621;50.50;8.50;True;False;False;False;1;23.579819610095;0;23.579819610095;23.579819610095
822;31.50;13.50;True;False;False;False;623;52.50;8.50;True;False;False;False;1;29.748611512830394;0;29.748611512830394;29.748611512830394
822;31.50;13.50;True;False;False;False;678;19.50;10.50;True;False;False;False;1;16.31834052625345;0;16.31834052625345;16.31834052625345
822;31.50;13.50;True;False;False;False;680;21.50;10.50;True;False;False;False;1;15.313059955482458;0;15.313059955482458;15.313059955482458
822;31.50;13.50;True;False;False;False;685;26.50;10.50;True;False;False;False;1;21.758333333331393;0;21.758333333331393;21.758333333331393
822;31.50;13.50;True;False;False;False;688;29.50;10.50;True;False;False;False;1;11.124535041111812;0;11.124535041111812;11.124535041111812
822;31.50;13.50;True;False;False;False;690;31.50;10.50;True;False;False;False;1;6.9309554945721175;0;6.9309554945721175;6.9309554945721175
822;31.50;13.50;True;False;False;False;693;34.50;10.50;True;False;False;False;2;11.673319339717636;0.05728629674132735;11.504076471712324;11.842562207722949
822;31.50;13.50;True;False;False;False;696;37.50;10.50;True;False;False;False;3;14.057859262683754;0.3297985047520121;13.567984339544637;14.689856699595111
822;31.50;13.50;True;False;False;False;698;39.50;10.50;True;False;False;False;2;15.089765521470326;0.0006551370901410256;15.071666666670353;15.1078643762703
822;31.50;13.50;True;False;False;False;699;40.50;10.50;True;False;False;False;3;15.924353050671925;0.6779581879113294;15.326118304030388;16.86342712475016
822;31.50;13.50;True;False;False;False;701;42.50;10.50;True;False;False;False;3;16.322776183578146;0.07192627371804661;16.129625637786376;16.62898428718836
822;31.50;13.50;True;False;False;False;703;44.50;10.50;True;False;False;False;2;19.387732867213344;2.960816951722498;18.17101249019106;20.60445324423563
822;31.50;13.50;True;False;False;False;706;47.50;10.50;True;False;False;False;4;20.354148412645372;0.12899834656442336;19.86065254170171;20.719909403338534
822;31.50;13.50;True;False;False;False;708;49.50;10.50;True;False;False;False;1;22.262868374458776;0;22.262868374458776;22.262868374458776
822;31.50;13.50;True;False;False;False;710;51.50;10.50;True;False;False;False;1;21.934444444444125;0;21.934444444444125;21.934444444444125
822;31.50;13.50;True;False;False;False;711;52.50;10.50;True;False;False;False;2;23.353239541923358;0.011278155016088807;23.27814575051525;23.428333333331466
822;31.50;13.50;True;False;False;False;713;10.50;11.50;True;False;False;False;1;23.05398268029603;0;23.05398268029603;23.05398268029603
822;31.50;13.50;True;False;False;False;722;19.50;11.50;True;False;False;False;2;18.857038235861182;14.409501388940187;16.172871569189738;21.541204902532627
822;31.50;13.50;True;False;False;False;728;25.50;11.50;True;False;False;False;1;16.216861442426307;0;16.216861442426307;16.216861442426307
822;31.50;13.50;True;False;False;False;735;32.50;11.50;True;False;False;False;2;10.07695443037801;5.956932452842424;8.351131082980828;11.80277777777519
822;31.50;13.50;True;False;False;False;737;34.50;11.50;True;False;False;False;4;10.74277418132965;1.4389803985350185;9.539532649835564;12.403898473086883
822;31.50;13.50;True;False;False;False;738;35.50;11.50;True;False;False;False;1;11.12379509747916;0;11.12379509747916;11.12379509747916
822;31.50;13.50;True;False;False;False;740;37.50;11.50;True;False;False;False;3;12.734108633450282;0.021852271387200164;12.619232891549473;12.90088517244294
822;31.50;13.50;True;False;False;False;742;39.50;11.50;True;False;False;False;1;18.872753807732806;0;18.872753807732806;18.872753807732806
822;31.50;13.50;True;False;False;False;743;40.50;11.50;True;False;False;False;1;14.853516917974048;0;14.853516917974048;14.853516917974048
822;31.50;13.50;True;False;False;False;744;41.50;11.50;True;False;False;False;1;16.08890966420222;0;16.08890966420222;16.08890966420222
822;31.50;13.50;True;False;False;False;745;42.50;11.50;True;False;False;False;5;16.375653248777418;0.433167545423223;15.673027166519205;17.23222541695577
822;31.50;13.50;True;False;False;False;748;45.50;11.50;True;False;False;False;2;17.3141606789211;0.0059102454896198505;17.259799638231925;17.36852171961027
822;31.50;13.50;True;False;False;False;749;46.50;11.50;True;False;False;False;3;18.766620648364096;0.25730760625624166;18.26963922019104;19.283560056421265
822;31.50;13.50;True;False;False;False;750;47.50;11.50;True;False;False;False;4;20.675324874350054;9.896669393400492;18.676767651009868;25.36926405453778
822;31.50;13.50;True;False;False;False;752;49.50;11.50;True;False;False;False;3;21.091234833593262;0.9208479188595585;20.522871569184645;22.19917026312578
822;31.50;13.50;True;False;False;False;753;50.50;11.50;True;False;False;False;1;34.47546895705818;0;34.47546895705818;34.47546895705818
822;31.50;13.50;True;False;False;False;754;51.50;11.50;True;False;False;False;3;21.85069567755272;0.8532559786429089;21.006576069990842;22.837425778710895
822;31.50;13.50;True;False;False;False;755;52.50;11.50;True;False;False;False;2;22.622225015235017;0.12178735758677396;22.37545856939323;22.868991461076803
822;31.50;13.50;True;False;False;False;800;9.50;13.50;True;False;False;False;1;17.92444844263082;0;17.92444844263082;17.92444844263082
822;31.50;13.50;True;False;False;False;805;14.50;13.50;True;False;False;False;1;14.76077219349736;0;14.76077219349736;14.76077219349736
822;31.50;13.50;True;False;False;False;807;16.50;13.50;True;False;False;False;1;29.807972553535365;0;29.807972553535365;29.807972553535365
822;31.50;13.50;True;False;False;False;812;21.50;13.50;True;False;False;False;2;14.742248564481542;42.303493387019934;10.143145750506847;19.34135137845624
822;31.50;13.50;True;False;False;False;813;22.50;13.50;True;False;False;False;1;16.24222222221215;0;16.24222222221215;16.24222222221215
822;31.50;13.50;True;False;False;False;825;34.50;13.50;True;False;False;False;2;6.354769117928299;0.10988779373752916;6.12036797273322;6.589170263123378
822;31.50;13.50;True;False;False;False;827;36.50;13.50;True;False;False;False;1;7.695093791415275;0;7.695093791415275;7.695093791415275
822;31.50;13.50;True;False;False;False;828;37.50;13.50;True;False;False;False;3;8.219589158121229;0.47838698166417093;7.5695382358608185;8.946438374790432
822;31.50;13.50;True;False;False;False;830;39.50;13.50;True;False;False;False;5;9.51213349125519;0.14393336632764456;9.0101771951704;10.066948040897842
822;31.50;13.50;True;False;False;False;831;40.50;13.50;True;False;False;False;1;20.044444444443798;0;20.044444444443798;20.044444444443798
822;31.50;13.50;True;False;False;False;833;42.50;13.50;True;False;False;False;2;11.156948178113453;0.04130005186107008;11.013247009257611;11.300649346969294
822;31.50;13.50;True;False;False;False;835;44.50;13.50;True;False;False;False;1;17.667320011820266;0;17.667320011820266;17.667320011820266
822;31.50;13.50;True;False;False;False;836;45.50;13.50;True;False;False;False;1;24.35777858122492;0;24.35777858122492;24.35777858122492
822;31.50;13.50;True;False;False;False;837;46.50;13.50;True;False;False;False;4;16.596457294731522;17.501825830365487;13.909309848848352;22.834812417174817
822;31.50;13.50;True;False;False;False;838;47.50;13.50;True;False;False;False;4;18.351364642358135;21.316561262848232;14.308249929599697;23.239535041121144
822;31.50;13.50;True;False;False;False;840;49.50;13.50;True;False;False;False;2;17.219863311069275;2.104858840169984;16.19398348375762;18.24574313838093
822;31.50;13.50;True;False;False;False;841;50.50;13.50;True;False;False;False;3;21.203917225773694;57.43206572069606;16.731854249494972;29.953976290830724
822;31.50;13.50;True;False;False;False;842;51.50;13.50;True;False;False;False;2;18.16055835811335;0.35747735934477354;17.737783382893213;18.583333333333485
822;31.50;13.50;True;False;False;False;843;52.50;13.50;True;False;False;False;3;21.810435295615815;17.03238921874553;18.4143578459516;26.403708498975902
822;31.50;13.50;True;False;False;False;852;17.50;14.50;True;False;False;False;1;27.64175726333451;0;27.64175726333451;27.64175726333451
822;31.50;13.50;True;False;False;False;859;24.50;14.50;True;False;False;False;1;11.792673598698457;0;11.792673598698457;11.792673598698457
822;31.50;13.50;True;False;False;False;864;29.50;14.50;True;False;False;False;1;8.948245931405836;0;8.948245931405836;8.948245931405836
822;31.50;13.50;True;False;False;False;865;30.50;14.50;True;False;False;False;2;6.822048221863952;0.000619785958260861;6.804444444453111;6.839651999274793
822;31.50;13.50;True;False;False;False;866;31.50;14.50;True;False;False;False;1;20.760281374230544;0;20.760281374230544;20.760281374230544
822;31.50;13.50;True;False;False;False;871;36.50;14.50;True;False;False;False;1;10.349806008603991;0;10.349806008603991;10.349806008603991
822;31.50;13.50;True;False;False;False;872;37.50;14.50;True;False;False;False;3;14.902874322794863;41.3496904120748;10.840376233561983;22.31666666666206
822;31.50;13.50;True;False;False;False;874;39.50;14.50;True;False;False;False;3;18.039206851478713;24.56396905867999;13.969076471708831;23.55845029131524
822;31.50;13.50;True;False;False;False;876;41.50;14.50;True;False;False;False;1;26.725280570789437;0;26.725280570789437;26.725280570789437
822;31.50;13.50;True;False;False;False;877;42.50;14.50;True;False;False;False;2;17.35731561191642;7.0444566183421085;15.480555555550382;19.234075668282458
822;31.50;13.50;True;False;False;False;879;44.50;14.50;True;False;False;False;1;15.590826542134891;0;15.590826542134891;15.590826542134891
822;31.50;13.50;True;False;False;False;882;47.50;14.50;True;False;False;False;1;18.25109831312875;0;18.25109831312875;18.25109831312875
822;31.50;13.50;True;False;False;False;884;49.50;14.50;True;False;False;False;1;24.240281374236474;0;24.240281374236474;24.240281374236474
822;31.50;13.50;True;False;False;False;885;50.50;14.50;True;False;False;False;1;19.227777777772644;0;19.227777777772644;19.227777777772644
822;31.50;13.50;True;False;False;False;886;51.50;14.50;True;False;False;False;1;26.63989981911618;0;26.63989981911618;26.63989981911618
822;31.50;13.50;True;False;False;False;887;52.50;14.50;True;False;False;False;1;21.305555555560204;0;21.305555555560204;21.305555555560204
822;31.50;13.50;True;False;False;False;953;30.50;16.50;True;False;False;False;1;9.438976290831306;0;9.438976290831306;9.438976290831306
822;31.50;13.50;True;False;False;False;954;31.50;16.50;True;False;False;False;1;5.595646152236441;0;5.595646152236441;5.595646152236441
822;31.50;13.50;True;False;False;False;955;32.50;16.50;True;False;False;False;1;9.461630971034538;0;9.461630971034538;9.461630971034538
822;31.50;13.50;True;False;False;False;957;34.50;16.50;True;False;False;False;1;10.428982680299669;0;10.428982680299669;10.428982680299669
822;31.50;13.50;True;False;False;False;959;36.50;16.50;True;False;False;False;1;13.034269640553248;0;13.034269640553248;13.034269640553248
822;31.50;13.50;True;False;False;False;960;37.50;16.50;True;False;False;False;1;12.704879062865984;0;12.704879062865984;12.704879062865984
822;31.50;13.50;True;False;False;False;962;39.50;16.50;True;False;False;False;3;14.3958345321574;0.11575504115737759;14.014538235853252;14.668427124757727
822;31.50;13.50;True;False;False;False;963;40.50;16.50;True;False;False;False;1;15.035090596675218;0;15.035090596675218;15.035090596675218
822;31.50;13.50;True;False;False;False;965;42.50;16.50;True;False;False;False;1;23.086204902519967;0;23.086204902519967;23.086204902519967
822;31.50;13.50;True;False;False;False;967;44.50;16.50;True;False;False;False;1;18.11371569192852;0;18.11371569192852;18.11371569192852
822;31.50;13.50;True;False;False;False;969;46.50;16.50;True;False;False;False;1;19.19897548737572;0;19.19897548737572;19.19897548737572
822;31.50;13.50;True;False;False;False;970;47.50;16.50;True;False;False;False;2;21.460545167905366;1.3535942129511258;20.637868374458776;22.283221961351956
822;31.50;13.50;True;False;False;False;972;49.50;16.50;True;False;False;False;2;21.436429532508555;0.19283852209845062;21.125915022301342;21.746944042715768
822;31.50;13.50;True;False;False;False;974;51.50;16.50;True;False;False;False;1;22.268172130912717;0;22.268172130912717;22.268172130912717
822;31.50;13.50;True;False;False;False;987;20.50;17.50;True;False;False;False;1;17.627961362410133;0;17.627961362410133;17.627961362410133
822;31.50;13.50;True;False;False;False;991;24.50;17.50;True;False;False;False;1;15.952683986364718;0;15.952683986364718;15.952683986364718
822;31.50;13.50;True;False;False;False;999;32.50;17.50;True;False;False;False;3;10.282838704832102;0.12111370488321097;9.928596323534293;10.624270443993737
822;31.50;13.50;True;False;False;False;1001;34.50;17.50;True;False;False;False;1;12.360181996808024;0;12.360181996808024;12.360181996808024
822;31.50;13.50;True;False;False;False;1003;36.50;17.50;True;False;False;False;1;13.62843031948205;0;13.62843031948205;13.62843031948205
822;31.50;13.50;True;False;False;False;1004;37.50;17.50;True;False;False;False;2;14.63444244535458;0.007881596778822017;14.571666666670353;14.697218224038807
822;31.50;13.50;True;False;False;False;1006;39.50;17.50;True;False;False;False;2;17.54490820767569;3.836461074994507;16.15990620858065;18.929910206770728
822;31.50;13.50;True;False;False;False;1007;40.50;17.50;True;False;False;False;1;16.44296536060392;0;16.44296536060392;16.44296536060392
822;31.50;13.50;True;False;False;False;1008;41.50;17.50;True;False;False;False;1;17.199717283365317;0;17.199717283365317;17.199717283365317
822;31.50;13.50;True;False;False;False;1009;42.50;17.50;True;False;False;False;3;17.267499068996585;0.040902007331093206;17.066944846169463;17.471388487163495
822;31.50;13.50;True;False;False;False;1013;46.50;17.50;True;False;False;False;1;21.284718625742244;0;21.284718625742244;21.284718625742244
822;31.50;13.50;True;False;False;False;1014;47.50;17.50;True;False;False;False;1;23.06147988729208;0;23.06147988729208;23.06147988729208
822;31.50;13.50;True;False;False;False;1016;49.50;17.50;True;False;False;False;5;22.01626501486362;0.518368023883736;21.25463202726678;23.05955342514835
822;31.50;13.50;True;False;False;False;1017;50.50;17.50;True;False;False;False;3;26.770781163783187;43.080814430976965;22.96713562372861;34.34975329640383
822;31.50;13.50;True;False;False;False;1018;51.50;17.50;True;False;False;False;2;23.397176531695095;0.743415798544618;22.787498010446143;24.006855052944047
822;31.50;13.50;True;False;False;False;1019;52.50;17.50;True;False;False;False;1;23.94931868659114;0;23.94931868659114;23.94931868659114
822;31.50;13.50;True;False;False;False;1065;10.50;19.50;True;False;False;False;1;25.29539594097878;0;25.29539594097878;25.29539594097878
822;31.50;13.50;True;False;False;False;1066;11.50;19.50;True;False;False;False;1;25.032191059315664;0;25.032191059315664;25.032191059315664
822;31.50;13.50;True;False;False;False;1069;14.50;19.50;True;False;False;False;1;22.61684705656444;0;22.61684705656444;22.61684705656444
822;31.50;13.50;True;False;False;False;1074;19.50;19.50;True;False;False;False;1;21.566807093770876;0;21.566807093770876;21.566807093770876
822;31.50;13.50;True;False;False;False;1080;25.50;19.50;True;False;False;False;1;16.826482278571348;0;16.826482278571348;16.826482278571348
822;31.50;13.50;True;False;False;False;1081;26.50;19.50;True;False;False;False;2;14.587083534196609;0.02409781713943616;14.477316013637392;14.696851054755825
822;31.50;13.50;True;False;False;False;1092;37.50;19.50;True;False;False;False;1;16.859618444861553;0;16.859618444861553;16.859618444861553
822;31.50;13.50;True;False;False;False;1094;39.50;19.50;True;False;False;False;3;17.197410608499013;0.1586822174079768;16.7751939913951;17.566576069970324
822;31.50;13.50;True;False;False;False;1096;41.50;19.50;True;False;False;False;1;19.18796536058653;0;19.18796536058653;19.18796536058653
822;31.50;13.50;True;False;False;False;1097;42.50;19.50;True;False;False;False;3;21.337600409264724;3.96305039693608;19.056948040899442;22.726962691108838
822;31.50;13.50;True;False;False;False;1099;44.50;19.50;True;False;False;False;1;19.57260058261454;0;19.57260058261454;19.57260058261454
822;31.50;13.50;True;False;False;False;1100;45.50;19.50;True;False;False;False;3;21.29301484144465;0.04550149548452291;21.154027728173787;21.53861470757238
822;31.50;13.50;True;False;False;False;1101;46.50;19.50;True;False;False;False;2;24.552455103385455;11.272908358105846;22.178333333329647;26.926576873441263
822;31.50;13.50;True;False;False;False;1102;47.50;19.50;True;False;False;False;1;38.21917026311348;0;38.21917026311348;38.21917026311348
822;31.50;13.50;True;False;False;False;1104;49.50;19.50;True;False;False;False;1;23.85822515608379;0;23.85822515608379;23.85822515608379
822;31.50;13.50;True;False;False;False;1105;50.50;19.50;True;False;False;False;3;26.54824354010816;27.90889770585501;23.323705304248506;32.64500399819735
822;31.50;13.50;True;False;False;False;1106;51.50;19.50;True;False;False;False;1;25.081198513031268;0;25.081198513031268;25.081198513031268
822;31.50;13.50;True;False;False;False;1131;32.50;20.50;True;False;False;False;1;12.137214225855132;0;12.137214225855132;12.137214225855132
822;31.50;13.50;True;False;False;False;1136;37.50;20.50;True;False;False;False;2;17.905780842048443;11.387412332608154;15.51963202726256;20.291929656834327
822;31.50;13.50;True;False;False;False;1138;39.50;20.50;True;False;False;False;1;17.854642414939008;0;17.854642414939008;17.854642414939008
822;31.50;13.50;True;False;False;False;1139;40.50;20.50;True;False;False;False;1;18.88611111110731;0;18.88611111110731;18.88611111110731
822;31.50;13.50;True;False;False;False;1143;44.50;20.50;True;False;False;False;1;21.845558731227356;0;21.845558731227356;21.845558731227356
822;31.50;13.50;True;False;False;False;1148;49.50;20.50;True;False;False;False;2;24.327946976564817;0.026152878702821184;24.21359471663345;24.442299236496183
822;31.50;13.50;True;False;False;False;1214;27.50;22.50;True;False;False;False;1;16.612228611692444;0;16.612228611692444;16.612228611692444
822;31.50;13.50;True;False;False;False;1222;35.50;22.50;True;False;False;False;1;20.21232240309837;0;20.21232240309837;20.21232240309837
822;31.50;13.50;True;False;False;False;1227;40.50;22.50;True;False;False;False;2;19.162438841083713;0.00032839753732427944;19.14962483434647;19.175252847820957
822;31.50;13.50;True;False;False;False;1229;42.50;22.50;True;False;False;False;1;25.597777777773445;0;25.597777777773445;25.597777777773445
822;31.50;13.50;True;False;False;False;1233;46.50;22.50;True;False;False;False;1;23.6046232465269;0;23.6046232465269;23.6046232465269
822;31.50;13.50;True;False;False;False;1236;49.50;22.50;True;False;False;False;1;29.31468748180123;0;29.31468748180123;29.31468748180123
822;31.50;13.50;True;False;False;False;1239;52.50;22.50;True;False;False;False;2;29.091535171562327;0.9559053076130961;28.400193972293437;29.782876370831218
822;31.50;13.50;True;False;False;False;1250;19.50;23.50;True;False;False;False;1;22.925930721205077;0;22.925930721205077;22.925930721205077
822;31.50;13.50;True;False;False;False;1252;21.50;23.50;True;False;False;False;1;20.105100984334058;0;20.105100984334058;20.105100984334058
822;31.50;13.50;True;False;False;False;1256;25.50;23.50;True;False;False;False;1;18.109720213607943;0;18.109720213607943;18.109720213607943
822;31.50;13.50;True;False;False;False;1258;27.50;23.50;True;False;False;False;2;17.361017319698476;4.889781907471034;15.797402612126461;18.92463202727049
822;31.50;13.50;True;False;False;False;1263;32.50;23.50;True;False;False;False;2;16.532732881162474;10.416666691022124;14.250555555556275;18.814910206768673
822;31.50;13.50;True;False;False;False;1268;37.50;23.50;True;False;False;False;1;19.426773256119304;0;19.426773256119304;19.426773256119304
822;31.50;13.50;True;False;False;False;1275;44.50;23.50;True;False;False;False;2;22.67907287525304;0.17822518031883833;22.380555555555475;22.977590194950608
822;31.50;13.50;True;False;False;False;1278;47.50;23.50;True;False;False;False;1;25.171944846168117;0;25.171944846168117;25.171944846168117
822;31.50;13.50;True;False;False;False;1349;30.50;25.50;True;False;False;False;1;16.58407647171589;0;16.58407647171589;16.58407647171589
822;31.50;13.50;True;False;False;False;1364;45.50;25.50;True;False;False;False;1;24.98510098432962;0;24.98510098432962;24.98510098432962
822;31.50;13.50;True;False;False;False;1365;46.50;25.50;True;False;False;False;1;28.87685824766595;0;28.87685824766595;28.87685824766595
822;31.50;13.50;True;False;False;False;1368;49.50;25.50;True;False;False;False;1;26.807045027049753;0;26.807045027049753;26.807045027049753
822;31.50;13.50;True;False;False;False;1371;52.50;25.50;True;False;False;False;1;29.90823954192183;0;29.90823954192183;29.90823954192183
823;32.50;13.50;True;False;False;False;28;61.50;9.50;False;False;True;False;2;126.74094764961592;41.02645985856203;122.21179431490964;131.2701009843222
823;32.50;13.50;True;False;False;False;44;61.50;15.50;False;False;True;False;1;109.90537916381254;0;109.90537916381254;109.90537916381254
823;32.50;13.50;True;False;False;False;60;61.50;21.50;False;False;True;False;1;92.20304876431692;0;92.20304876431692;92.20304876431692
823;32.50;13.50;True;False;False;False;92;0.50;12.50;False;True;False;False;2;279.66957194135614;39.01833513103301;275.252653607776;284.0864902749363
823;32.50;13.50;True;False;False;False;124;0.50;24.50;False;True;False;False;2;614.5638362654372;270.449378721283;602.93522115612;626.1924513747545
823;32.50;13.50;True;False;False;False;314;51.50;1.50;True;False;False;False;1;28.866759654628595;0;28.866759654628595;28.866759654628595
823;32.50;13.50;True;False;False;False;356;49.50;2.50;True;False;False;False;1;26.10064934696311;0;26.10064934696311;26.10064934696311
823;32.50;13.50;True;False;False;False;447;52.50;4.50;True;False;False;False;1;26.519636025466752;0;26.519636025466752;26.519636025466752
823;32.50;13.50;True;False;False;False;471;32.50;5.50;True;False;False;False;1;9.215267791823862;0;9.215267791823862;9.215267791823862
823;32.50;13.50;True;False;False;False;473;34.50;5.50;True;False;False;False;2;14.083687714161897;7.901807809404391E-07;14.083059152000715;14.08431627632308
823;32.50;13.50;True;False;False;False;474;35.50;5.50;True;False;False;False;1;14.631760458079725;0;14.631760458079725;14.631760458079725
823;32.50;13.50;True;False;False;False;478;39.50;5.50;True;False;False;False;2;17.56374820176984;0.6396000887279132;16.998239541921066;18.129256861618614
823;32.50;13.50;True;False;False;False;484;45.50;5.50;True;False;False;False;1;21.65252037359096;0;21.65252037359096;21.65252037359096
823;32.50;13.50;True;False;False;False;562;35.50;7.50;True;False;False;False;1;14.576298693936678;0;14.576298693936678;14.576298693936678
823;32.50;13.50;True;False;False;False;563;36.50;7.50;True;False;False;False;1;13.755937914105743;0;13.755937914105743;13.755937914105743
823;32.50;13.50;True;False;False;False;564;37.50;7.50;True;False;False;False;1;15.585093791416512;0;15.585093791416512;15.585093791416512
823;32.50;13.50;True;False;False;False;572;45.50;7.50;True;False;False;False;2;22.07802037540614;4.211044091051413;20.62697866493545;23.52906208587683
823;32.50;13.50;True;False;False;False;573;46.50;7.50;True;False;False;False;2;27.65107635689651;23.46585908787695;24.225739943646204;31.076412770146817
823;32.50;13.50;True;False;False;False;574;47.50;7.50;True;False;False;False;1;20.747871569190465;0;20.747871569190465;20.747871569190465
823;32.50;13.50;True;False;False;False;576;49.50;7.50;True;False;False;False;1;23.28074713656588;0;23.28074713656588;23.28074713656588
823;32.50;13.50;True;False;False;False;577;50.50;7.50;True;False;False;False;1;31.179820413545713;0;31.179820413545713;31.179820413545713
823;32.50;13.50;True;False;False;False;578;51.50;7.50;True;False;False;False;3;24.692035001744443;0.5184087017828216;23.98195523382492;25.421572875253332
823;32.50;13.50;True;False;False;False;590;19.50;8.50;True;False;False;False;1;19.16259019495328;0;19.16259019495328;19.16259019495328
823;32.50;13.50;True;False;False;False;598;27.50;8.50;True;False;False;False;1;14.470649346969367;0;14.470649346969367;14.470649346969367
823;32.50;13.50;True;False;False;False;607;36.50;8.50;True;False;False;False;1;13.357855595512774;0;13.357855595512774;13.357855595512774
823;32.50;13.50;True;False;False;False;618;47.50;8.50;True;False;False;False;2;21.261781644654548;0.7487830985261948;20.6499062085868;21.873657080722296
823;32.50;13.50;True;False;False;False;620;49.50;8.50;True;False;False;False;1;21.75657287524882;0;21.75657287524882;21.75657287524882
823;32.50;13.50;True;False;False;False;623;52.50;8.50;True;False;False;False;1;25.623052762545285;0;25.623052762545285;25.623052762545285
823;32.50;13.50;True;False;False;False;676;17.50;10.50;True;False;False;False;1;19.717687984551276;0;19.717687984551276;19.717687984551276
823;32.50;13.50;True;False;False;False;699;40.50;10.50;True;False;False;False;1;13.817965360603921;0;13.817965360603921;13.817965360603921
823;32.50;13.50;True;False;False;False;705;46.50;10.50;True;False;False;False;1;22.40758700020524;0;22.40758700020524;22.40758700020524
823;32.50;13.50;True;False;False;False;708;49.50;10.50;True;False;False;False;1;21.136111111110495;0;21.136111111110495;21.136111111110495
823;32.50;13.50;True;False;False;False;711;52.50;10.50;True;False;False;False;1;23.72425029907936;0;23.72425029907936;23.72425029907936
823;32.50;13.50;True;False;False;False;737;34.50;11.50;True;False;False;False;1;10.325743138380858;0;10.325743138380858;10.325743138380858
823;32.50;13.50;True;False;False;False;747;44.50;11.50;True;False;False;False;2;16.615880229043114;0.5897168093552727;16.07287156918801;17.15888888889822
823;32.50;13.50;True;False;False;False;748;45.50;11.50;True;False;False;False;1;16.283895278360433;0;16.283895278360433;16.283895278360433
823;32.50;13.50;True;False;False;False;750;47.50;11.50;True;False;False;False;1;19.302208081648132;0;19.302208081648132;19.302208081648132
823;32.50;13.50;True;False;False;False;752;49.50;11.50;True;False;False;False;1;20.298298692206572;0;20.298298692206572;20.298298692206572
823;32.50;13.50;True;False;False;False;755;52.50;11.50;True;False;False;False;2;22.72016808331864;3.3352512222491435;21.42880229039838;24.0115338762389
823;32.50;13.50;True;False;False;False;813;22.50;13.50;True;False;False;False;1;9.94953823585638;0;9.94953823585638;9.94953823585638
823;32.50;13.50;True;False;False;False;820;29.50;13.50;True;False;False;False;1;12.158322945640975;0;12.158322945640975;12.158322945640975
823;32.50;13.50;True;False;False;False;828;37.50;13.50;True;False;False;False;1;7.91100773549033;0;7.91100773549033;7.91100773549033
823;32.50;13.50;True;False;False;False;830;39.50;13.50;True;False;False;False;1;8.331830279432324;0;8.331830279432324;8.331830279432324
823;32.50;13.50;True;False;False;False;837;46.50;13.50;True;False;False;False;1;13.357548625192067;0;13.357548625192067;13.357548625192067
823;32.50;13.50;True;False;False;False;838;47.50;13.50;True;False;False;False;1;19.647593389688154;0;19.647593389688154;19.647593389688154
823;32.50;13.50;True;False;False;False;840;49.50;13.50;True;False;False;False;1;15.419999999998254;0;15.419999999998254;15.419999999998254
823;32.50;13.50;True;False;False;False;841;50.50;13.50;True;False;False;False;1;15.725093791417748;0;15.725093791417748;15.725093791417748
823;32.50;13.50;True;False;False;False;843;52.50;13.50;True;False;False;False;1;17.824725818682055;0;17.824725818682055;17.824725818682055
823;32.50;13.50;True;False;False;False;864;29.50;14.50;True;False;False;False;1;15.986944846168626;0;15.986944846168626;15.986944846168626
823;32.50;13.50;True;False;False;False;866;31.50;14.50;True;False;False;False;1;6.518152139982703;0;6.518152139982703;6.518152139982703
823;32.50;13.50;True;False;False;False;877;42.50;14.50;True;False;False;False;1;15.058434317669253;0;15.058434317669253;15.058434317669253
823;32.50;13.50;True;False;False;False;887;52.50;14.50;True;False;False;False;1;25.44673007948313;0;25.44673007948313;25.44673007948313
823;32.50;13.50;True;False;False;False;960;37.50;16.50;True;False;False;False;1;13.671847056568367;0;13.671847056568367;13.671847056568367
823;32.50;13.50;True;False;False;False;967;44.50;16.50;True;False;False;False;1;17.740278179503548;0;17.740278179503548;17.740278179503548
823;32.50;13.50;True;False;False;False;970;47.50;16.50;True;False;False;False;1;25.2399141814858;0;25.2399141814858;25.2399141814858
823;32.50;13.50;True;False;False;False;1002;35.50;17.50;True;False;False;False;1;12.483055957280158;0;12.483055957280158;12.483055957280158
823;32.50;13.50;True;False;False;False;1006;39.50;17.50;True;False;False;False;1;15.278888888882648;0;15.278888888882648;15.278888888882648
823;32.50;13.50;True;False;False;False;1007;40.50;17.50;True;False;False;False;1;19.024444444450637;0;19.024444444450637;19.024444444450637
823;32.50;13.50;True;False;False;False;1008;41.50;17.50;True;False;False;False;1;15.757695177464484;0;15.757695177464484;15.757695177464484
823;32.50;13.50;True;False;False;False;1009;42.50;17.50;True;False;False;False;2;18.513283242892157;4.080558410627232;17.08489981911771;19.941666666666606
823;32.50;13.50;True;False;False;False;1012;45.50;17.50;True;False;False;False;1;19.562506791198757;0;19.562506791198757;19.562506791198757
823;32.50;13.50;True;False;False;False;1016;49.50;17.50;True;False;False;False;1;22.1990764717184;0;22.1990764717184;22.1990764717184
823;32.50;13.50;True;False;False;False;1019;52.50;17.50;True;False;False;False;2;23.49861311020095;0.013218435820050502;23.417316013635173;23.579910206766726
823;32.50;13.50;True;False;False;False;1091;36.50;19.50;True;False;False;False;1;22.523040767988732;0;22.523040767988732;22.523040767988732
823;32.50;13.50;True;False;False;False;1095;40.50;19.50;True;False;False;False;1;18.78268398635919;0;18.78268398635919;18.78268398635919
823;32.50;13.50;True;False;False;False;1096;41.50;19.50;True;False;False;False;1;34.78351772141832;0;34.78351772141832;34.78351772141832
823;32.50;13.50;True;False;False;False;1100;45.50;19.50;True;False;False;False;2;19.804166666665424;0.5778125000056707;19.266666666662786;20.34166666666806
823;32.50;13.50;True;False;False;False;1101;46.50;19.50;True;False;False;False;1;21.30898268029705;0;21.30898268029705;21.30898268029705
823;32.50;13.50;True;False;False;False;1105;50.50;19.50;True;False;False;False;1;24.198440707136342;0;24.198440707136342;24.198440707136342
823;32.50;13.50;True;False;False;False;1134;35.50;20.50;True;False;False;False;1;14.301382097686655;0;14.301382097686655;14.301382097686655
823;32.50;13.50;True;False;False;False;1143;44.50;20.50;True;False;False;False;1;20.37882975765524;0;20.37882975765524;20.37882975765524
823;32.50;13.50;True;False;False;False;1151;52.50;20.50;True;False;False;False;1;26.630646152233567;0;26.630646152233567;26.630646152233567
823;32.50;13.50;True;False;False;False;1224;37.50;22.50;True;False;False;False;3;17.612316013633745;0.23971878514527584;17.11111111111154;18.08944444444478
823;32.50;13.50;True;False;False;False;1228;41.50;22.50;True;False;False;False;1;21.580739943645995;0;21.580739943645995;21.580739943645995
823;32.50;13.50;True;False;False;False;1232;45.50;22.50;True;False;False;False;1;23.579079666445978;0;23.579079666445978;23.579079666445978
823;32.50;13.50;True;False;False;False;1370;51.50;25.50;True;False;False;False;1;28.15727178829593;0;28.15727178829593;28.15727178829593
825;34.50;13.50;True;False;False;False;28;61.50;9.50;False;False;True;False;3;124.89791466687832;1531.1612541090055;99.67985750305888;169.9753655814293
825;34.50;13.50;True;False;False;False;44;61.50;15.50;False;False;True;False;2;106.83760494439593;1751.2597753032787;77.24656089975906;136.4286489890328
825;34.50;13.50;True;False;False;False;60;61.50;21.50;False;False;True;False;2;89.35208273074204;91.64200819826948;82.58296136241552;96.12120409906856
825;34.50;13.50;True;False;False;False;76;0.50;6.50;False;True;False;False;2;591.3824710813815;650.6323087087186;573.3459482913768;609.4189938713862
825;34.50;13.50;True;False;False;False;92;0.50;12.50;False;True;False;False;2;278.90688997314464;2097.1644461469687;246.52507064387464;311.28870930241465
825;34.50;13.50;True;False;False;False;300;37.50;1.50;True;False;False;False;1;17.580924331734423;0;17.580924331734423;17.580924331734423
825;34.50;13.50;True;False;False;False;561;34.50;7.50;True;False;False;False;1;10.583333333333336;0;10.583333333333336;10.583333333333336
825;34.50;13.50;True;False;False;False;563;36.50;7.50;True;False;False;False;1;12.48252437179326;0;12.48252437179326;12.48252437179326
825;34.50;13.50;True;False;False;False;696;37.50;10.50;True;False;False;False;1;11.18102370916938;0;11.18102370916938;11.18102370916938
825;34.50;13.50;True;False;False;False;701;42.50;10.50;True;False;False;False;1;14.484017350939212;0;14.484017350939212;14.484017350939212
825;34.50;13.50;True;False;False;False;735;32.50;11.50;True;False;False;False;1;10.330555555556202;0;10.330555555556202;10.330555555556202
825;34.50;13.50;True;False;False;False;820;29.50;13.50;True;False;False;False;2;19.485838125432565;1.3083028875835456;18.6770418322958;20.29463441856933
825;34.50;13.50;True;False;False;False;822;31.50;13.50;True;False;False;False;1;5.605187582808867;0;5.605187582808867;5.605187582808867
825;34.50;13.50;True;False;False;False;823;32.50;13.50;True;False;False;False;1;6.2222222222189885;0;6.2222222222189885;6.2222222222189885
825;34.50;13.50;True;False;False;False;831;40.50;13.50;True;False;False;False;1;7.413235543733663;0;7.413235543733663;7.413235543733663
825;34.50;13.50;True;False;False;False;832;41.50;13.50;True;False;False;False;1;8.509639220191843;0;8.509639220191843;8.509639220191843
825;34.50;13.50;True;False;False;False;864;29.50;14.50;True;False;False;False;1;17.645840124530878;0;17.645840124530878;17.645840124530878
825;34.50;13.50;True;False;False;False;882;47.50;14.50;True;False;False;False;1;16.704437251517447;0;16.704437251517447;16.704437251517447
825;34.50;13.50;True;False;False;False;884;49.50;14.50;True;False;False;False;1;17.718903274732327;0;17.718903274732327;17.718903274732327
825;34.50;13.50;True;False;False;False;887;52.50;14.50;True;False;False;False;1;28.242770584856345;0;28.242770584856345;28.242770584856345
825;34.50;13.50;True;False;False;False;975;52.50;16.50;True;False;False;False;1;21.083617902306287;0;21.083617902306287;21.083617902306287
825;34.50;13.50;True;False;False;False;1245;14.50;23.50;True;False;False;False;1;26.72064934696391;0;26.72064934696391;26.72064934696391
826;35.50;13.50;True;False;False;False;12;61.50;3.50;False;False;True;False;2;86.43685265210843;18.41686399900932;83.402312818871;89.47139248534586
826;35.50;13.50;True;False;False;False;28;61.50;9.50;False;False;True;False;3;112.16357412102177;1958.896063118657;78.81768079161702;162.37656568233433
826;35.50;13.50;True;False;False;False;44;61.50;15.50;False;False;True;False;1;115.3192640545276;0;115.3192640545276;115.3192640545276
826;35.50;13.50;True;False;False;False;60;61.50;21.50;False;False;True;False;2;126.53024207316776;6.029767034578492;124.79390007998518;128.26658406635033
826;35.50;13.50;True;False;False;False;432;37.50;4.50;True;False;False;False;1;16.790743138379185;0;16.790743138379185;16.790743138379185
826;35.50;13.50;True;False;False;False;611;40.50;8.50;True;False;False;False;1;15.782777777778392;0;15.782777777778392;15.782777777778392
826;35.50;13.50;True;False;False;False;733;30.50;11.50;True;False;False;False;1;12.876953645980393;0;12.876953645980393;12.876953645980393
826;35.50;13.50;True;False;False;False;744;41.50;11.50;True;False;False;False;1;13.050486537686083;0;13.050486537686083;13.050486537686083
826;35.50;13.50;True;False;False;False;749;46.50;11.50;True;False;False;False;1;16.858343720992707;0;16.858343720992707;16.858343720992707
826;35.50;13.50;True;False;False;False;821;30.50;13.50;True;False;False;False;1;7.2113018886739155;0;7.2113018886739155;7.2113018886739155
826;35.50;13.50;True;False;False;False;960;37.50;16.50;True;False;False;False;1;9.812496403537807;0;9.812496403537807;9.812496403537807
826;35.50;13.50;True;False;False;False;1202;15.50;22.50;True;False;False;False;1;26.563282179446105;0;26.563282179446105;26.563282179446105
827;36.50;13.50;True;False;False;False;28;61.50;9.50;False;False;True;False;1;120.2441044399493;0;120.2441044399493;120.2441044399493
827;36.50;13.50;True;False;False;False;44;61.50;15.50;False;False;True;False;1;162.48250359646062;0;162.48250359646062;162.48250359646062
827;36.50;13.50;True;False;False;False;60;61.50;21.50;False;False;True;False;1;97.78500000000349;0;97.78500000000349;97.78500000000349
827;36.50;13.50;True;False;False;False;488;49.50;5.50;True;False;False;False;1;24.437312015452335;0;24.437312015452335;24.437312015452335
827;36.50;13.50;True;False;False;False;734;31.50;11.50;True;False;False;False;1;12.733427124738228;0;12.733427124738228;12.733427124738228
827;36.50;13.50;True;False;False;False;1251;20.50;23.50;True;False;False;False;1;24.507215029301733;0;24.507215029301733;24.507215029301733
828;37.50;13.50;True;False;False;False;12;61.50;3.50;False;False;True;False;1;103.59462883252854;0;103.59462883252854;103.59462883252854
828;37.50;13.50;True;False;False;False;28;61.50;9.50;False;False;True;False;5;106.54412689293558;655.4496382115601;69.29639248534977;138.6749544512386
828;37.50;13.50;True;False;False;False;44;61.50;15.50;False;False;True;False;2;95.53056115110758;140.90534785108864;87.1369520390781;103.92417026313706
828;37.50;13.50;True;False;False;False;60;61.50;21.50;False;False;True;False;2;101.65143578459333;72.29700584597286;95.63907327697734;107.66379829220932
828;37.50;13.50;True;False;False;False;76;0.50;6.50;False;True;False;False;1;598.8409435191516;0;598.8409435191516;598.8409435191516
828;37.50;13.50;True;False;False;False;92;0.50;12.50;False;True;False;False;1;275.72833413677836;0;275.72833413677836;275.72833413677836
828;37.50;13.50;True;False;False;False;124;0.50;24.50;False;True;False;False;1;633.1162600736061;0;633.1162600736061;633.1162600736061
828;37.50;13.50;True;False;False;False;734;31.50;11.50;True;False;False;False;1;12.579906208591638;0;12.579906208591638;12.579906208591638
828;37.50;13.50;True;False;False;False;812;21.50;13.50;True;False;False;False;1;25.138239541916846;0;25.138239541916846;25.138239541916846
828;37.50;13.50;True;False;False;False;822;31.50;13.50;True;False;False;False;1;7.0401875828229095;0;7.0401875828229095;7.0401875828229095
828;37.50;13.50;True;False;False;False;823;32.50;13.50;True;False;False;False;1;6.339079666450289;0;6.339079666450289;6.339079666450289
828;37.50;13.50;True;False;False;False;841;50.50;13.50;True;False;False;False;1;13.80944124971029;0;13.80944124971029;13.80944124971029
828;37.50;13.50;True;False;False;False;864;29.50;14.50;True;False;False;False;1;16.267965360597373;0;16.267965360597373;16.267965360597373
828;37.50;13.50;True;False;False;False;865;30.50;14.50;True;False;False;False;2;13.611169590114514;3.6859192440213286;12.253613100678194;14.968726079550834
828;37.50;13.50;True;False;False;False;866;31.50;14.50;True;False;False;False;1;11.79806281974561;0;11.79806281974561;11.79806281974561
828;37.50;13.50;True;False;False;False;884;49.50;14.50;True;False;False;False;1;14.98730084340832;0;14.98730084340832;14.98730084340832
828;37.50;13.50;True;False;False;False;960;37.50;16.50;True;False;False;False;1;6.034443640985046;0;6.034443640985046;6.034443640985046
828;37.50;13.50;True;False;False;False;1255;24.50;23.50;True;False;False;False;1;22.780739943635126;0;22.780739943635126;22.780739943635126
828;37.50;13.50;True;False;False;False;1273;42.50;23.50;True;False;False;False;1;17.987316013633972;0;17.987316013633972;17.987316013633972
830;39.50;13.50;True;False;False;False;12;61.50;3.50;False;False;True;False;2;97.11388448898924;318.73487627701553;84.48980281393233;109.73796616404616
830;39.50;13.50;True;False;False;False;28;61.50;9.50;False;False;True;False;4;119.42453844148508;542.7473957318145;96.73128991317935;151.97259499658685
830;39.50;13.50;True;False;False;False;44;61.50;15.50;False;False;True;False;4;107.94473759808432;211.18726549538854;92.45833652806823;123.27155929288165
830;39.50;13.50;True;False;False;False;60;61.50;21.50;False;False;True;False;3;107.10136921155784;544.713718520921;81.42518758282768;127.02917026310934
830;39.50;13.50;True;False;False;False;92;0.50;12.50;False;True;False;False;2;283.7069015469733;2.0357851002737375;282.6979949357665;284.71580815818015
830;39.50;13.50;True;False;False;False;124;0.50;24.50;False;True;False;False;1;605.6037975077779;0;605.6037975077779;605.6037975077779
830;39.50;13.50;True;False;False;False;358;51.50;2.50;True;False;False;False;1;25.672379445531988;0;25.672379445531988;25.672379445531988
830;39.50;13.50;True;False;False;False;427;32.50;4.50;True;False;False;False;1;18.254808418986613;0;18.254808418986613;18.254808418986613
830;39.50;13.50;True;False;False;False;577;50.50;7.50;True;False;False;False;1;18.739114846734083;0;18.739114846734083;18.739114846734083
830;39.50;13.50;True;False;False;False;748;45.50;11.50;True;False;False;False;1;13.239725818666557;0;13.239725818666557;13.239725818666557
830;39.50;13.50;True;False;False;False;754;51.50;11.50;True;False;False;False;1;16.22332294567059;0;16.22332294567059;16.22332294567059
830;39.50;13.50;True;False;False;False;821;30.50;13.50;True;False;False;False;1;17.285931524656917;0;17.285931524656917;17.285931524656917
830;39.50;13.50;True;False;False;False;836;45.50;13.50;True;False;False;False;2;7.380681715117589;0.27691095969166246;7.00858565245926;7.752777777775918
830;39.50;13.50;True;False;False;False;842;51.50;13.50;True;False;False;False;1;11.250836929810248;0;11.250836929810248;11.250836929810248
830;39.50;13.50;True;False;False;False;864;29.50;14.50;True;False;False;False;1;14.68287476392652;0;14.68287476392652;14.68287476392652
830;39.50;13.50;True;False;False;False;865;30.50;14.50;True;False;False;False;3;13.59546682723097;0.0021428560290676843;13.544632027269472;13.635192384455877
830;39.50;13.50;True;False;False;False;1092;37.50;19.50;True;False;False;False;1;12.857312818898208;0;12.857312818898208;12.857312818898208
830;39.50;13.50;True;False;False;False;1107;52.50;19.50;True;False;False;False;1;31.1850937914096;0;31.1850937914096;31.1850937914096
830;39.50;13.50;True;False;False;False;1373;10.50;26.50;True;False;False;False;1;36.504076471712324;0;36.504076471712324;36.504076471712324
831;40.50;13.50;True;False;False;False;12;61.50;3.50;False;False;True;False;1;83.13564295749165;0;83.13564295749165;83.13564295749165
831;40.50;13.50;True;False;False;False;28;61.50;9.50;False;False;True;False;2;109.75583373505742;813.6953133145245;89.58536877618099;129.92629869393386
831;40.50;13.50;True;False;False;False;44;61.50;15.50;False;False;True;False;2;113.1889558887184;236.5442035275097;102.31365811055366;124.06425366688313
831;40.50;13.50;True;False;False;False;60;61.50;21.50;False;False;True;False;1;106.24231281888933;0;106.24231281888933;106.24231281888933
831;40.50;13.50;True;False;False;False;733;30.50;11.50;True;False;False;False;1;16.50201625536829;0;16.50201625536829;16.50201625536829
831;40.50;13.50;True;False;False;False;734;31.50;11.50;True;False;False;False;1;33.26037197090409;0;33.26037197090409;33.26037197090409
831;40.50;13.50;True;False;False;False;821;30.50;13.50;True;False;False;False;2;27.90997757983314;240.58345532503404;16.942219027489045;38.87773613217723
831;40.50;13.50;True;False;False;False;823;32.50;13.50;True;False;False;False;1;18.231107916364635;0;18.231107916364635;18.231107916364635
831;40.50;13.50;True;False;False;False;1242;11.50;23.50;True;False;False;False;1;33.03888489070232;0;33.03888489070232;33.03888489070232
832;41.50;13.50;True;False;False;False;12;61.50;3.50;False;False;True;False;2;173.29768478979895;12673.261136674788;93.69472901341214;252.90064056618576
832;41.50;13.50;True;False;False;False;28;61.50;9.50;False;False;True;False;2;105.00151280842928;928.3400519223641;83.45690731282593;126.54611830403263
832;41.50;13.50;True;False;False;False;44;61.50;15.50;False;False;True;False;2;117.15745670074102;24.608307057035848;113.64972901340298;120.66518438807907
832;41.50;13.50;True;False;False;False;124;0.50;24.50;False;True;False;False;1;571.4966165618061;0;571.4966165618061;571.4966165618061
832;41.50;13.50;True;False;False;False;705;46.50;10.50;True;False;False;False;1;13.553333333329647;0;13.553333333329647;13.553333333329647
832;41.50;13.50;True;False;False;False;820;29.50;13.50;True;False;False;False;2;21.02041886661391;0.10592579119303634;20.79028217767336;21.250555555554456
832;41.50;13.50;True;False;False;False;822;31.50;13.50;True;False;False;False;1;10.324170263127598;0;10.324170263127598;10.324170263127598
832;41.50;13.50;True;False;False;False;993;26.50;17.50;True;False;False;False;1;28.728982680295303;0;28.728982680295303;28.728982680295303
832;41.50;13.50;True;False;False;False;997;30.50;17.50;True;False;False;False;1;18.919264857995586;0;18.919264857995586;18.919264857995586
832;41.50;13.50;True;False;False;False;1013;46.50;17.50;True;False;False;False;1;12.957777777777665;0;12.957777777777665;12.957777777777665
833;42.50;13.50;True;False;False;False;12;61.50;3.50;False;False;True;False;4;111.84802964079259;480.04195465206516;87.42107486307293;135.18491340150922
833;42.50;13.50;True;False;False;False;28;61.50;9.50;False;False;True;False;5;105.24983516593457;406.10334478117323;85.44787584177539;138.67547295525037
833;42.50;13.50;True;False;False;False;44;61.50;15.50;False;False;True;False;1;89.50796536057896;0;89.50796536057896;89.50796536057896
833;42.50;13.50;True;False;False;False;60;61.50;21.50;False;False;True;False;3;118.14312869920347;974.6385940719301;87.7986170988479;150.16906528055915
833;42.50;13.50;True;False;False;False;124;0.50;24.50;False;True;False;False;1;569.7387479417594;0;569.7387479417594;569.7387479417594
833;42.50;13.50;True;False;False;False;432;37.50;4.50;True;False;False;False;1;21.770732750708703;0;21.770732750708703;21.770732750708703
833;42.50;13.50;True;False;False;False;571;44.50;7.50;True;False;False;False;1;16.366662668486242;0;16.366662668486242;16.366662668486242
833;42.50;13.50;True;False;False;False;754;51.50;11.50;True;False;False;False;1;14.669527848197049;0;14.669527848197049;14.669527848197049
833;42.50;13.50;True;False;False;False;820;29.50;13.50;True;False;False;False;1;18.813798292208958;0;18.813798292208958;18.813798292208958
833;42.50;13.50;True;False;False;False;821;30.50;13.50;True;False;False;False;2;21.138012256310958;0.10262803882046537;20.911486276762844;21.364538235859072
833;42.50;13.50;True;False;False;False;822;31.50;13.50;True;False;False;False;2;13.088097247880341;9.972644585153281;10.855089793218212;15.32110470254247
833;42.50;13.50;True;False;False;False;823;32.50;13.50;True;False;False;False;1;13.219444444444662;0;13.219444444444662;13.219444444444662
833;42.50;13.50;True;False;False;False;835;44.50;13.50;True;False;False;False;1;5.625;0;5.625;5.625
833;42.50;13.50;True;False;False;False;856;21.50;14.50;True;False;False;False;1;21.93780683289424;0;21.93780683289424;21.93780683289424
833;42.50;13.50;True;False;False;False;887;52.50;14.50;True;False;False;False;1;13.991017319701314;0;13.991017319701314;13.991017319701314
833;42.50;13.50;True;False;False;False;1019;52.50;17.50;True;False;False;False;1;16.25139809043685;0;16.25139809043685;16.25139809043685
833;42.50;13.50;True;False;False;False;1099;44.50;19.50;True;False;False;False;1;12.832359171166445;0;12.832359171166445;12.832359171166445
835;44.50;13.50;True;False;False;False;12;61.50;3.50;False;False;True;False;1;103.50348246528665;0;103.50348246528665;103.50348246528665
835;44.50;13.50;True;False;False;False;28;61.50;9.50;False;False;True;False;6;88.12294520123783;1070.882667571506;39.748767129287444;141.51055236081675
835;44.50;13.50;True;False;False;False;44;61.50;15.50;False;False;True;False;5;108.23419770754427;437.3970917372103;81.5670322481019;137.9532184536847
835;44.50;13.50;True;False;False;False;60;61.50;21.50;False;False;True;False;2;130.79897587956418;414.0954524167019;116.4098228048224;145.18812895430597
835;44.50;13.50;True;False;False;False;76;0.50;6.50;False;True;False;False;1;533.7102430563027;0;533.7102430563027;533.7102430563027
835;44.50;13.50;True;False;False;False;108;0.50;18.50;False;True;False;False;2;528.9682526941501;1565.457242476224;500.99096509799256;556.9455402903077
835;44.50;13.50;True;False;False;False;427;32.50;4.50;True;False;False;False;1;21.372128430813973;0;21.372128430813973;21.372128430813973
835;44.50;13.50;True;False;False;False;573;46.50;7.50;True;False;False;False;1;13.188888888884321;0;13.188888888884321;13.188888888884321
835;44.50;13.50;True;False;False;False;610;39.50;8.50;True;False;False;False;1;14.917780972515175;0;14.917780972515175;14.917780972515175
835;44.50;13.50;True;False;False;False;623;52.50;8.50;True;False;False;False;1;15.886201707802684;0;15.886201707802684;15.886201707802684
835;44.50;13.50;True;False;False;False;734;31.50;11.50;True;False;False;False;1;16.969159875465266;0;16.969159875465266;16.969159875465266
835;44.50;13.50;True;False;False;False;750;47.50;11.50;True;False;False;False;1;10.532159612772375;0;10.532159612772375;10.532159612772375
835;44.50;13.50;True;False;False;False;753;50.50;11.50;True;False;False;False;1;11.944538235856271;0;11.944538235856271;11.944538235856271
835;44.50;13.50;True;False;False;False;820;29.50;13.50;True;False;False;False;1;23.282132428990735;0;23.282132428990735;23.282132428990735
835;44.50;13.50;True;False;False;False;822;31.50;13.50;True;False;False;False;4;17.71541666666792;33.841190564922734;12.624444444444634;23.117503596462484
835;44.50;13.50;True;False;False;False;823;32.50;13.50;True;False;False;False;2;11.758266314476145;0.0011563914705253486;11.734220613503567;11.782312015448724
835;44.50;13.50;True;False;False;False;840;49.50;13.50;True;False;False;False;1;8.720475346508465;0;8.720475346508465;8.720475346508465
835;44.50;13.50;True;False;False;False;865;30.50;14.50;True;False;False;False;1;19.30842792819658;0;19.30842792819658;19.30842792819658
835;44.50;13.50;True;False;False;False;1069;14.50;19.50;True;False;False;False;1;33.82203144466257;0;33.82203144466257;33.82203144466257
836;45.50;13.50;True;False;False;False;12;61.50;3.50;False;False;True;False;2;113.34895551774116;138.88774370838286;105.01565653989383;121.6822544955885
836;45.50;13.50;True;False;False;False;28;61.50;9.50;False;False;True;False;5;78.13797442038103;114.66795289204347;62.881569680514076;91.01565334514271
836;45.50;13.50;True;False;False;False;44;61.50;15.50;False;False;True;False;4;86.6273982169721;498.59063674469104;63.394264054521045;117.10633494197555
836;45.50;13.50;True;False;False;False;60;61.50;21.50;False;False;True;False;2;96.25024167144579;7.286615003820307;94.34149666440317;98.15898667848842
836;45.50;13.50;True;False;False;False;108;0.50;18.50;False;True;False;False;1;643.803697326879;0;643.803697326879;643.803697326879
836;45.50;13.50;True;False;False;False;356;49.50;2.50;True;False;False;False;1;18.097926470223683;0;18.097926470223683;18.097926470223683
836;45.50;13.50;True;False;False;False;576;49.50;7.50;True;False;False;False;1;14.462201446902327;0;14.462201446902327;14.462201446902327
836;45.50;13.50;True;False;False;False;607;36.50;8.50;True;False;False;False;1;17.592878762114196;0;17.592878762114196;17.592878762114196
836;45.50;13.50;True;False;False;False;733;30.50;11.50;True;False;False;False;1;19.11343112293298;0;19.11343112293298;19.11343112293298
836;45.50;13.50;True;False;False;False;734;31.50;11.50;True;False;False;False;1;18.956402088573668;0;18.956402088573668;18.956402088573668
836;45.50;13.50;True;False;False;False;820;29.50;13.50;True;False;False;False;2;18.17884558964488;22.33906605328;14.83676045807806;21.5209307212117
836;45.50;13.50;True;False;False;False;821;30.50;13.50;True;False;False;False;1;22.627679988185264;0;22.627679988185264;22.627679988185264
836;45.50;13.50;True;False;False;False;822;31.50;13.50;True;False;False;False;1;12.869421778801552;0;12.869421778801552;12.869421778801552
836;45.50;13.50;True;False;False;False;866;31.50;14.50;True;False;False;False;1;16.52805595727841;0;16.52805595727841;16.52805595727841
836;45.50;13.50;True;False;False;False;1067;12.50;19.50;True;False;False;False;1;32.724913401509184;0;32.724913401509184;32.724913401509184
836;45.50;13.50;True;False;False;False;1102;47.50;19.50;True;False;False;False;1;11.45323634718443;0;11.45323634718443;11.45323634718443
836;45.50;13.50;True;False;False;False;1222;35.50;22.50;True;False;False;False;1;19.212135623716676;0;19.212135623716676;19.212135623716676
836;45.50;13.50;True;False;False;False;1233;46.50;22.50;True;False;False;False;1;14.266262464978354;0;14.266262464978354;14.266262464978354
837;46.50;13.50;True;False;False;False;12;61.50;3.50;False;False;True;False;3;105.80532373797057;985.0309376069938;80.2937790868018;140.85238931317508
837;46.50;13.50;True;False;False;False;28;61.50;9.50;False;False;True;False;8;85.84350386969805;771.5802878546751;44.21476419369901;129.5372326098768
837;46.50;13.50;True;False;False;False;44;61.50;15.50;False;False;True;False;3;97.48679863433563;111.79574865840357;86.47685025131796;107.56140367645685
837;46.50;13.50;True;False;False;False;60;61.50;21.50;False;False;True;False;2;112.17684626265145;588.3987149748407;95.02460566594164;129.32908685936127
837;46.50;13.50;True;False;False;False;76;0.50;6.50;False;True;False;False;1;592.1359251351278;0;592.1359251351278;592.1359251351278
837;46.50;13.50;True;False;False;False;357;50.50;2.50;True;False;False;False;1;17.31713562372761;0;17.31713562372761;17.31713562372761
837;46.50;13.50;True;False;False;False;489;50.50;5.50;True;False;False;False;1;16.02768398635817;0;16.02768398635817;16.02768398635817
837;46.50;13.50;True;False;False;False;549;22.50;7.50;True;False;False;False;1;27.583982680302142;0;27.583982680302142;27.583982680302142
837;46.50;13.50;True;False;False;False;701;42.50;10.50;True;False;False;False;1;12.149813220617943;0;12.149813220617943;12.149813220617943
837;46.50;13.50;True;False;False;False;732;29.50;11.50;True;False;False;False;2;25.590332957803184;2.5267883817780254;24.466324865799834;26.714341049806535
837;46.50;13.50;True;False;False;False;734;31.50;11.50;True;False;False;False;1;18.622038637575315;0;18.622038637575315;18.622038637575315
837;46.50;13.50;True;False;False;False;821;30.50;13.50;True;False;False;False;2;27.3601370906606;0.4017597438895729;26.91194084798917;27.80833333333203
837;46.50;13.50;True;False;False;False;822;31.50;13.50;True;False;False;False;3;13.955303844573791;0.11560433667055675;13.62472581869224;14.304013039811252
837;46.50;13.50;True;False;False;False;841;50.50;13.50;True;False;False;False;2;5.925090988879219;0.05780081304516978;5.755089793228763;6.095092184529676
837;46.50;13.50;True;False;False;False;884;49.50;14.50;True;False;False;False;1;8.617038637588848;0;8.617038637588848;8.617038637588848
837;46.50;13.50;True;False;False;False;1004;37.50;17.50;True;False;False;False;1;19.823520916157577;0;19.823520916157577;19.823520916157577
837;46.50;13.50;True;False;False;False;1224;37.50;22.50;True;False;False;False;1;19.421392485346587;0;19.421392485346587;19.421392485346587
838;47.50;13.50;True;False;False;False;12;61.50;3.50;False;False;True;False;7;103.14714517624371;792.8009207785373;75.74656329104255;153.5174956191513
838;47.50;13.50;True;False;False;False;28;61.50;9.50;False;False;True;False;3;113.21901314701336;120.47832314615908;100.57631627451337;120.31494856270365
838;47.50;13.50;True;False;False;False;44;61.50;15.50;False;False;True;False;6;89.46911812318845;479.5400338602154;60.85465999551889;126.66092752645636
838;47.50;13.50;True;False;False;False;60;61.50;21.50;False;False;True;False;2;100.78769889662726;266.62608931058105;89.24157207178723;112.33382572146729
838;47.50;13.50;True;False;False;False;76;0.50;6.50;False;True;False;False;1;580.9745582267424;0;580.9745582267424;580.9745582267424
838;47.50;13.50;True;False;False;False;313;50.50;1.50;True;False;False;False;1;18.191031705515343;0;18.191031705515343;18.191031705515343
838;47.50;13.50;True;False;False;False;332;25.50;2.50;True;False;False;False;1;28.92241539105089;0;28.92241539105089;28.92241539105089
838;47.50;13.50;True;False;False;False;576;49.50;7.50;True;False;False;False;1;13.005555555553656;0;13.005555555553656;13.005555555553656
838;47.50;13.50;True;False;False;False;578;51.50;7.50;True;False;False;False;1;14.19129549920035;0;14.19129549920035;14.19129549920035
838;47.50;13.50;True;False;False;False;617;46.50;8.50;True;False;False;False;1;9.776940848005324;0;9.776940848005324;9.776940848005324
838;47.50;13.50;True;False;False;False;732;29.50;11.50;True;False;False;False;1;24.445197970483378;0;24.445197970483378;24.445197970483378
838;47.50;13.50;True;False;False;False;733;30.50;11.50;True;False;False;False;1;19.601948040897696;0;19.601948040897696;19.601948040897696
838;47.50;13.50;True;False;False;False;755;52.50;11.50;True;False;False;False;1;11.151396483543067;0;11.151396483543067;11.151396483543067
838;47.50;13.50;True;False;False;False;821;30.50;13.50;True;False;False;False;6;23.328408562746517;86.80278944677286;14.756760458078134;40.39777777777681
838;47.50;13.50;True;False;False;False;822;31.50;13.50;True;False;False;False;1;14.088064738054527;0;14.088064738054527;14.088064738054527
838;47.50;13.50;True;False;False;False;832;41.50;13.50;True;False;False;False;1;6.814353847767052;0;6.814353847767052;6.814353847767052
838;47.50;13.50;True;False;False;False;880;45.50;14.50;True;False;False;False;1;12.61511056856034;0;12.61511056856034;12.61511056856034
838;47.50;13.50;True;False;False;False;887;52.50;14.50;True;False;False;False;1;10.276291501013475;0;10.276291501013475;10.276291501013475
838;47.50;13.50;True;False;False;False;975;52.50;16.50;True;False;False;False;1;12.9733333333279;0;12.9733333333279;12.9733333333279
840;49.50;13.50;True;False;False;False;12;61.50;3.50;False;False;True;False;5;107.3814434764768;305.5125449235778;84.95863546382134;130.82072955597323
840;49.50;13.50;True;False;False;False;28;61.50;9.50;False;False;True;False;8;102.07524900022493;505.2592613487229;61.47157926471482;132.19241699794838
840;49.50;13.50;True;False;False;False;44;61.50;15.50;False;False;True;False;6;98.9010633671387;2140.3179888345107;37.49222222221215;178.8673783351005
840;49.50;13.50;True;False;False;False;108;0.50;18.50;False;True;False;False;2;590.1893858237117;0.5604530077238467;589.660021578733;590.7187500686905
840;49.50;13.50;True;False;False;False;424;29.50;4.50;True;False;False;False;1;33.11851772141745;0;33.11851772141745;33.11851772141745
840;49.50;13.50;True;False;False;False;447;52.50;4.50;True;False;False;False;1;15.31432471638982;0;15.31432471638982;15.31432471638982
840;49.50;13.50;True;False;False;False;475;36.50;5.50;True;False;False;False;1;35.25222541695803;0;35.25222541695803;35.25222541695803
840;49.50;13.50;True;False;False;False;611;40.50;8.50;True;False;False;False;1;16.940732750726966;0;16.940732750726966;16.940732750726966
840;49.50;13.50;True;False;False;False;709;50.50;10.50;True;False;False;False;1;8.73456540060215;0;8.73456540060215;8.73456540060215
840;49.50;13.50;True;False;False;False;733;30.50;11.50;True;False;False;False;1;20.539729013416945;0;20.539729013416945;20.539729013416945
840;49.50;13.50;True;False;False;False;820;29.50;13.50;True;False;False;False;1;26.271253145183437;0;26.271253145183437;26.271253145183437
840;49.50;13.50;True;False;False;False;821;30.50;13.50;True;False;False;False;3;21.149846258312664;9.9500055232905;17.79906981787326;24.06185424949581
840;49.50;13.50;True;False;False;False;822;31.50;13.50;True;False;False;False;1;47.756111111102655;0;47.756111111102655;47.756111111102655
840;49.50;13.50;True;False;False;False;823;32.50;13.50;True;False;False;False;1;16.430187582824146;0;16.430187582824146;16.430187582824146
840;49.50;13.50;True;False;False;False;841;50.50;13.50;True;False;False;False;1;2.8425035964683047;0;2.8425035964683047;2.8425035964683047
840;49.50;13.50;True;False;False;False;851;16.50;14.50;True;False;False;False;1;29.82907647171487;0;29.82907647171487;29.82907647171487
840;49.50;13.50;True;False;False;False;864;29.50;14.50;True;False;False;False;1;28.261111111101854;0;28.261111111101854;28.261111111101854
840;49.50;13.50;True;False;False;False;970;47.50;16.50;True;False;False;False;1;10.195743138381204;0;10.195743138381204;10.195743138381204
840;49.50;13.50;True;False;False;False;1151;52.50;20.50;True;False;False;False;1;12.867871569189447;0;12.867871569189447;12.867871569189447
840;49.50;13.50;True;False;False;False;1237;50.50;22.50;True;False;False;False;1;17.655646152214103;0;17.655646152214103;17.655646152214103
840;49.50;13.50;True;False;False;False;1239;52.50;22.50;True;False;False;False;1;15.019349310634425;0;15.019349310634425;15.019349310634425
840;49.50;13.50;True;False;False;False;1282;51.50;23.50;True;False;False;False;1;14.947954972936714;0;14.947954972936714;14.947954972936714
840;49.50;13.50;True;False;False;False;1369;50.50;25.50;True;False;False;False;1;19.46638529243137;0;19.46638529243137;19.46638529243137
841;50.50;13.50;True;False;False;False;12;61.50;3.50;False;False;True;False;4;85.51997266965611;111.62868861366734;71.23232001181714;96.53895276450748
841;50.50;13.50;True;False;False;False;28;61.50;9.50;False;False;True;False;10;92.65130251456704;427.99873407153956;59.156857444220805;127.59547295525499
841;50.50;13.50;True;False;False;False;44;61.50;15.50;False;False;True;False;3;101.34735740363931;316.36631841036365;80.809561421549;111.74083692979411
841;50.50;13.50;True;False;False;False;60;61.50;21.50;False;False;True;False;7;104.70688972662869;857.2246689517114;76.90481561189154;158.7243626475738
841;50.50;13.50;True;False;False;False;92;0.50;12.50;False;True;False;False;1;247.74386767213218;0;247.74386767213218;247.74386767213218
841;50.50;13.50;True;False;False;False;432;37.50;4.50;True;False;False;False;1;22.13730882071377;0;22.13730882071377;22.13730882071377
841;50.50;13.50;True;False;False;False;447;52.50;4.50;True;False;False;False;1;14.72694404271806;0;14.72694404271806;14.72694404271806
841;50.50;13.50;True;False;False;False;561;34.50;7.50;True;False;False;False;1;21.87369172185663;0;21.87369172185663;21.87369172185663
841;50.50;13.50;True;False;False;False;576;49.50;7.50;True;False;False;False;1;17.590860899854306;0;17.590860899854306;17.590860899854306
841;50.50;13.50;True;False;False;False;621;50.50;8.50;True;False;False;False;1;11.77833333333183;0;11.77833333333183;11.77833333333183
841;50.50;13.50;True;False;False;False;690;31.50;10.50;True;False;False;False;1;28.45139248534997;0;28.45139248534997;28.45139248534997
841;50.50;13.50;True;False;False;False;734;31.50;11.50;True;False;False;False;2;25.63543504309382;1.816784964391809;24.682338782375155;26.588531303812488
841;50.50;13.50;True;False;False;False;749;46.50;11.50;True;False;False;False;1;11.246298693917197;0;11.246298693917197;11.246298693917197
841;50.50;13.50;True;False;False;False;755;52.50;11.50;True;False;False;False;1;8.807590194952354;0;8.807590194952354;8.807590194952354
841;50.50;13.50;True;False;False;False;820;29.50;13.50;True;False;False;False;1;26.772870742301166;0;26.772870742301166;26.772870742301166
841;50.50;13.50;True;False;False;False;821;30.50;13.50;True;False;False;False;5;25.30879349819861;27.308112955157412;17.45240580686186;30.249806027702107
841;50.50;13.50;True;False;False;False;822;31.50;13.50;True;False;False;False;1;16.79166666666788;0;16.79166666666788;16.79166666666788
841;50.50;13.50;True;False;False;False;823;32.50;13.50;True;False;False;False;1;16.10666666666293;0;16.10666666666293;16.10666666666293
841;50.50;13.50;True;False;False;False;865;30.50;14.50;True;False;False;False;1;20.538059152013375;0;20.538059152013375;20.538059152013375
841;50.50;13.50;True;False;False;False;880;45.50;14.50;True;False;False;False;1;10.640519278029387;0;10.640519278029387;10.640519278029387
841;50.50;13.50;True;False;False;False;939;16.50;16.50;True;False;False;False;1;31.45938898989698;0;31.45938898989698;31.45938898989698
841;50.50;13.50;True;False;False;False;968;45.50;16.50;True;False;False;False;2;12.370236075903563;0.0021428304210154197;12.337503596460238;12.402968555346888
841;50.50;13.50;True;False;False;False;1018;51.50;17.50;True;False;False;False;1;9.380462567592986;0;9.380462567592986;9.380462567592986
841;50.50;13.50;True;False;False;False;1281;50.50;23.50;True;False;False;False;1;9.984072473529523;0;9.984072473529523;9.984072473529523
842;51.50;13.50;True;False;False;False;12;61.50;3.50;False;False;True;False;2;119.34528696979214;2314.1800646307925;85.32926085980398;153.3613130797803
842;51.50;13.50;True;False;False;False;28;61.50;9.50;False;False;True;False;11;91.36010982864785;1487.8404872324209;3.1134889307359117;138.330930721193
842;51.50;13.50;True;False;False;False;44;61.50;15.50;False;False;True;False;7;97.4723144176195;488.79696942300603;74.11249720698288;134.68601412493808
842;51.50;13.50;True;False;False;False;60;61.50;21.50;False;False;True;False;1;129.77010498251911;0;129.77010498251911;129.77010498251911
842;51.50;13.50;True;False;False;False;108;0.50;18.50;False;True;False;False;1;593.8737196900474;0;593.8737196900474;593.8737196900474
842;51.50;13.50;True;False;False;False;577;50.50;7.50;True;False;False;False;1;11.612045027060958;0;11.612045027060958;11.612045027060958
842;51.50;13.50;True;False;False;False;734;31.50;11.50;True;False;False;False;1;22.10295497294669;0;22.10295497294669;22.10295497294669
842;51.50;13.50;True;False;False;False;753;50.50;11.50;True;False;False;False;1;8.831866244039702;0;8.831866244039702;8.831866244039702
842;51.50;13.50;True;False;False;False;811;20.50;13.50;True;False;False;False;1;46.736389290603256;0;46.736389290603256;46.736389290603256
842;51.50;13.50;True;False;False;False;820;29.50;13.50;True;False;False;False;2;28.14243575517048;0.002518869780096623;28.106947237449276;28.177924272891687
842;51.50;13.50;True;False;False;False;821;30.50;13.50;True;False;False;False;3;21.024402257326074;20.85474953092742;18.18683186728049;26.29232959600631
842;51.50;13.50;True;False;False;False;822;31.50;13.50;True;False;False;False;5;24.802542390919733;49.89893912046944;16.926673859605216;33.095471348335195
842;51.50;13.50;True;False;False;False;823;32.50;13.50;True;False;False;False;1;17.023982680302197;0;17.023982680302197;17.023982680302197
842;51.50;13.50;True;False;False;False;866;31.50;14.50;True;False;False;False;1;20.575278179498127;0;20.575278179498127;20.575278179498127
842;51.50;13.50;True;False;False;False;880;45.50;14.50;True;False;False;False;1;10.463888888889414;0;10.463888888889414;10.463888888889414
842;51.50;13.50;True;False;False;False;1102;47.50;19.50;True;False;False;False;1;19.864815611909762;0;19.864815611909762;19.864815611909762
842;51.50;13.50;True;False;False;False;1151;52.50;20.50;True;False;False;False;1;11.74554836263269;0;11.74554836263269;11.74554836263269
842;51.50;13.50;True;False;False;False;1399;36.50;26.50;True;False;False;False;1;26.258055957281613;0;26.258055957281613;26.258055957281613
842;51.50;13.50;True;False;False;False;1404;41.50;26.50;True;False;False;False;1;22.904621639594552;0;22.904621639594552;22.904621639594552
843;52.50;13.50;True;False;False;False;12;61.50;3.50;False;False;True;False;2;82.8849112461794;78.11105785020783;76.6354689570544;89.1343535353044
843;52.50;13.50;True;False;False;False;28;61.50;9.50;False;False;True;False;5;85.65335239399874;83.01263125227713;75.35506014217754;94.7751835846102
843;52.50;13.50;True;False;False;False;44;61.50;15.50;False;False;True;False;9;96.0312696050201;649.5656113042422;46.945278179502566;128.77971623447684
843;52.50;13.50;True;False;False;False;60;61.50;21.50;False;False;True;False;4;108.43958593024627;1145.1639474482834;71.2568518581993;151.37204183231734
843;52.50;13.50;True;False;False;False;76;0.50;6.50;False;True;False;False;1;96.45405167920762;0;96.45405167920762;96.45405167920762
843;52.50;13.50;True;False;False;False;92;0.50;12.50;False;True;False;False;1;250.57388253755016;0;250.57388253755016;250.57388253755016
843;52.50;13.50;True;False;False;False;108;0.50;18.50;False;True;False;False;1;619.4882427556622;0;619.4882427556622;619.4882427556622
843;52.50;13.50;True;False;False;False;124;0.50;24.50;False;True;False;False;1;598.3199046676727;0;598.3199046676727;598.3199046676727
843;52.50;13.50;True;False;False;False;709;50.50;10.50;True;False;False;False;1;9.8723160136351;0;9.8723160136351;9.8723160136351
843;52.50;13.50;True;False;False;False;750;47.50;11.50;True;False;False;False;1;11.73843031947763;0;11.73843031947763;11.73843031947763
843;52.50;13.50;True;False;False;False;752;49.50;11.50;True;False;False;False;1;9.433597126993163;0;9.433597126993163;9.433597126993163
843;52.50;13.50;True;False;False;False;807;16.50;13.50;True;False;False;False;1;35.015177195156866;0;35.015177195156866;35.015177195156866
843;52.50;13.50;True;False;False;False;820;29.50;13.50;True;False;False;False;2;28.40754529833339;0.00870577632853406;28.341568877058307;28.47352171960847
843;52.50;13.50;True;False;False;False;821;30.50;13.50;True;False;False;False;5;30.235441959062882;25.077604333102673;24.53740580685917;37.894081202946836
843;52.50;13.50;True;False;False;False;822;31.50;13.50;True;False;False;False;3;23.399140754150874;39.58593995846448;17.13067251357188;29.71388888888896
843;52.50;13.50;True;False;False;False;823;32.50;13.50;True;False;False;False;1;16.352577225496134;0;16.352577225496134;16.352577225496134
843;52.50;13.50;True;False;False;False;825;34.50;13.50;True;False;False;False;1;15.597777777777708;0;15.597777777777708;15.597777777777708
843;52.50;13.50;True;False;False;False;864;29.50;14.50;True;False;False;False;2;28.87129549920064;6.810789491406567;27.02592433173777;30.716666666663514
843;52.50;13.50;True;False;False;False;887;52.50;14.50;True;False;False;False;1;3.243530003905107;0;3.243530003905107;3.243530003905107
843;52.50;13.50;True;False;False;False;975;52.50;16.50;True;False;False;False;1;5.588333333333139;0;5.588333333333139;5.588333333333139
843;52.50;13.50;True;False;False;False;989;22.50;17.50;True;False;False;False;1;30.86240980504681;0;30.86240980504681;30.86240980504681
843;52.50;13.50;True;False;False;False;1102;47.50;19.50;True;False;False;False;1;14.139264054534578;0;14.139264054534578;14.139264054534578
843;52.50;13.50;True;False;False;False;1143;44.50;20.50;True;False;False;False;1;17.447652823349927;0;17.447652823349927;17.447652823349927
843;52.50;13.50;True;False;False;False;1343;24.50;25.50;True;False;False;False;1;46.880923528286075;0;46.880923528286075;46.880923528286075
844;9.50;14.50;True;False;False;False;92;0.50;12.50;False;True;False;False;1;22.19546495887809;0;22.19546495887809;22.19546495887809
844;9.50;14.50;True;False;False;False;823;32.50;13.50;True;False;False;False;1;23.213427124746318;0;23.213427124746318;23.213427124746318
845;10.50;14.50;True;False;False;False;12;61.50;3.50;False;False;True;False;1;89.74389288707971;0;89.74389288707971;89.74389288707971
845;10.50;14.50;True;False;False;False;608;37.50;8.50;True;False;False;False;1;28.95841993182694;0;28.95841993182694;28.95841993182694
845;10.50;14.50;True;False;False;False;1280;49.50;23.50;True;False;False;False;1;39.310062647506584;0;39.310062647506584;39.310062647506584
846;11.50;14.50;True;False;False;False;44;61.50;15.50;False;False;True;False;1;102.05157367869288;0;102.05157367869288;102.05157367869288
846;11.50;14.50;True;False;False;False;605;34.50;8.50;True;False;False;False;1;26.31268318291268;0;26.31268318291268;26.31268318291268
846;11.50;14.50;True;False;False;False;841;50.50;13.50;True;False;False;False;1;33.425237775303685;0;33.425237775303685;33.425237775303685
847;12.50;14.50;True;False;False;False;12;61.50;3.50;False;False;True;False;1;78.86824354010969;0;78.86824354010969;78.86824354010969
847;12.50;14.50;True;False;False;False;60;61.50;21.50;False;False;True;False;1;123.0404689570496;0;123.0404689570496;123.0404689570496
847;12.50;14.50;True;False;False;False;447;52.50;4.50;True;False;False;False;1;41.41880229040544;0;41.41880229040544;41.41880229040544
847;12.50;14.50;True;False;False;False;754;51.50;11.50;True;False;False;False;1;35.71518838626707;0;35.71518838626707;35.71518838626707
849;14.50;14.50;True;False;False;False;44;61.50;15.50;False;False;True;False;1;113.76593711068199;0;113.76593711068199;113.76593711068199
849;14.50;14.50;True;False;False;False;60;61.50;21.50;False;False;True;False;1;112.75730215679141;0;112.75730215679141;112.75730215679141
849;14.50;14.50;True;False;False;False;864;29.50;14.50;True;False;False;False;1;13.012958167677425;0;13.012958167677425;13.012958167677425
849;14.50;14.50;True;False;False;False;877;42.50;14.50;True;False;False;False;1;21.711010930215707;0;21.711010930215707;21.711010930215707
851;16.50;14.50;True;False;False;False;60;61.50;21.50;False;False;True;False;1;148.42196803185652;0;148.42196803185652;148.42196803185652
851;16.50;14.50;True;False;False;False;92;0.50;12.50;False;True;False;False;1;275.22112551602754;0;275.22112551602754;275.22112551602754
851;16.50;14.50;True;False;False;False;617;46.50;8.50;True;False;False;False;1;31.278577231374584;0;31.278577231374584;31.278577231374584
852;17.50;14.50;True;False;False;False;44;61.50;15.50;False;False;True;False;1;118.24646230669532;0;118.24646230669532;118.24646230669532
852;17.50;14.50;True;False;False;False;60;61.50;21.50;False;False;True;False;1;82.91156968051837;0;82.91156968051837;82.91156968051837
852;17.50;14.50;True;False;False;False;92;0.50;12.50;False;True;False;False;1;304.5460317055522;0;304.5460317055522;304.5460317055522
852;17.50;14.50;True;False;False;False;882;47.50;14.50;True;False;False;False;1;25.262923790975037;0;25.262923790975037;25.262923790975037
852;17.50;14.50;True;False;False;False;1011;44.50;17.50;True;False;False;False;1;34.524350653027795;0;34.524350653027795;34.524350653027795
852;17.50;14.50;True;False;False;False;1202;15.50;22.50;True;False;False;False;1;13.850278179502311;0;13.850278179502311;13.850278179502311
854;19.50;14.50;True;False;False;False;28;61.50;9.50;False;False;True;False;1;89.88580924513371;0;89.88580924513371;89.88580924513371
854;19.50;14.50;True;False;False;False;44;61.50;15.50;False;False;True;False;1;93.56362109705333;0;93.56362109705333;93.56362109705333
854;19.50;14.50;True;False;False;False;92;0.50;12.50;False;True;False;False;1;269.13287237264285;0;269.13287237264285;269.13287237264285
854;19.50;14.50;True;False;False;False;488;49.50;5.50;True;False;False;False;1;35.98905569639828;0;35.98905569639828;35.98905569639828
854;19.50;14.50;True;False;False;False;1135;36.50;20.50;True;False;False;False;1;22.768336528069085;0;22.768336528069085;22.768336528069085
854;19.50;14.50;True;False;False;False;1265;34.50;23.50;True;False;False;False;1;23.341291501013984;0;23.341291501013984;23.341291501013984
856;21.50;14.50;True;False;False;False;28;61.50;9.50;False;False;True;False;1;100.04815294342643;0;100.04815294342643;100.04815294342643
857;22.50;14.50;True;False;False;False;28;61.50;9.50;False;False;True;False;1;63.55833733151667;0;63.55833733151667;63.55833733151667
859;24.50;14.50;True;False;False;False;60;61.50;21.50;False;False;True;False;1;123.88360351644224;0;123.88360351644224;123.88360351644224
860;25.50;14.50;True;False;False;False;993;26.50;17.50;True;False;False;False;1;9.462547557453945;0;9.462547557453945;9.462547557453945
861;26.50;14.50;True;False;False;False;822;31.50;13.50;True;False;False;False;1;10.542316013634263;0;10.542316013634263;10.542316013634263
861;26.50;14.50;True;False;False;False;844;9.50;14.50;True;False;False;False;1;15.857962165868098;0;15.857962165868098;15.857962165868098
861;26.50;14.50;True;False;False;False;1277;46.50;23.50;True;False;False;False;1;27.008239541920148;0;27.008239541920148;27.008239541920148
862;27.50;14.50;True;False;False;False;12;61.50;3.50;False;False;True;False;1;108.37111271801268;0;108.37111271801268;108.37111271801268
862;27.50;14.50;True;False;False;False;578;51.50;7.50;True;False;False;False;1;35.59037516565877;0;35.59037516565877;35.59037516565877
862;27.50;14.50;True;False;False;False;826;35.50;13.50;True;False;False;False;1;16.574919790971762;0;16.574919790971762;16.574919790971762
862;27.50;14.50;True;False;False;False;1258;27.50;23.50;True;False;False;False;1;9.63157048397261;0;9.63157048397261;9.63157048397261
864;29.50;14.50;True;False;False;False;12;61.50;3.50;False;False;True;False;1;96.86500719290416;0;96.86500719290416;96.86500719290416
864;29.50;14.50;True;False;False;False;28;61.50;9.50;False;False;True;False;3;97.20370903461178;111.1084760394426;87.51925766505883;108.43084092798017
864;29.50;14.50;True;False;False;False;92;0.50;12.50;False;True;False;False;1;273.3717756473561;0;273.3717756473561;273.3717756473561
864;29.50;14.50;True;False;False;False;300;37.50;1.50;True;False;False;False;1;22.931584066356663;0;22.931584066356663;22.931584066356663
864;29.50;14.50;True;False;False;False;343;36.50;2.50;True;False;False;False;1;20.77000319473518;0;20.77000319473518;20.77000319473518
864;29.50;14.50;True;False;False;False;344;37.50;2.50;True;False;False;False;1;21.170274984768184;0;21.170274984768184;21.170274984768184
864;29.50;14.50;True;False;False;False;430;35.50;4.50;True;False;False;False;1;18.02499999999418;0;18.02499999999418;18.02499999999418
864;29.50;14.50;True;False;False;False;437;42.50;4.50;True;False;False;False;1;23.064705772019806;0;23.064705772019806;23.064705772019806
864;29.50;14.50;True;False;False;False;447;52.50;4.50;True;False;False;False;2;36.61493993317163;57.604650775131944;31.248160136350634;41.98171972999262
864;29.50;14.50;True;False;False;False;449;10.50;5.50;True;False;False;False;1;26.93666666666104;0;26.93666666666104;26.93666666666104
864;29.50;14.50;True;False;False;False;455;16.50;5.50;True;False;False;False;1;23.208982680300323;0;23.208982680300323;23.208982680300323
864;29.50;14.50;True;False;False;False;474;35.50;5.50;True;False;False;False;1;17.940742334929382;0;17.940742334929382;17.940742334929382
864;29.50;14.50;True;False;False;False;480;41.50;5.50;True;False;False;False;3;25.300929388480352;6.813706366678663;22.412316013636882;27.490649346970713
864;29.50;14.50;True;False;False;False;481;42.50;5.50;True;False;False;False;1;27.36769117928452;0;27.36769117928452;27.36769117928452
864;29.50;14.50;True;False;False;False;486;47.50;5.50;True;False;False;False;1;29.873051959095392;0;29.873051959095392;29.873051959095392
864;29.50;14.50;True;False;False;False;543;16.50;7.50;True;False;False;False;1;20.50268398636399;0;20.50268398636399;20.50268398636399
864;29.50;14.50;True;False;False;False;547;20.50;7.50;True;False;False;False;1;17.963888888887595;0;17.963888888887595;17.963888888887595
864;29.50;14.50;True;False;False;False;559;32.50;7.50;True;False;False;False;1;14.846077886251805;0;14.846077886251805;14.846077886251805
864;29.50;14.50;True;False;False;False;564;37.50;7.50;True;False;False;False;1;17.274541430590034;0;17.274541430590034;17.274541430590034
864;29.50;14.50;True;False;False;False;568;41.50;7.50;True;False;False;False;1;19.847780972500914;0;19.847780972500914;19.847780972500914
864;29.50;14.50;True;False;False;False;574;47.50;7.50;True;False;False;False;1;23.631204902524587;0;23.631204902524587;23.631204902524587
864;29.50;14.50;True;False;False;False;608;37.50;8.50;True;False;False;False;1;17.422420192703612;0;17.422420192703612;17.422420192703612
864;29.50;14.50;True;False;False;False;689;30.50;10.50;True;False;False;False;1;11.817330399476305;0;11.817330399476305;11.817330399476305
864;29.50;14.50;True;False;False;False;701;42.50;10.50;True;False;False;False;1;29.684725015242293;0;29.684725015242293;29.684725015242293
864;29.50;14.50;True;False;False;False;710;51.50;10.50;True;False;False;False;1;24.84139248534484;0;24.84139248534484;24.84139248534484
864;29.50;14.50;True;False;False;False;724;21.50;11.50;True;False;False;False;1;18.487222222207492;0;18.487222222207492;18.487222222207492
864;29.50;14.50;True;False;False;False;730;27.50;11.50;True;False;False;False;1;16.921572875253332;0;16.921572875253332;16.921572875253332
864;29.50;14.50;True;False;False;False;734;31.50;11.50;True;False;False;False;1;14.39193204816911;0;14.39193204816911;14.39193204816911
864;29.50;14.50;True;False;False;False;735;32.50;11.50;True;False;False;False;1;22.35185424948577;0;22.35185424948577;22.35185424948577
864;29.50;14.50;True;False;False;False;742;39.50;11.50;True;False;False;False;1;19.77768079162888;0;19.77768079162888;19.77768079162888
864;29.50;14.50;True;False;False;False;755;52.50;11.50;True;False;False;False;1;25.028055957276592;0;25.028055957276592;25.028055957276592
864;29.50;14.50;True;False;False;False;811;20.50;13.50;True;False;False;False;1;15.934264054525556;0;15.934264054525556;15.934264054525556
864;29.50;14.50;True;False;False;False;821;30.50;13.50;True;False;False;False;1;6.752034639401245;0;6.752034639401245;6.752034639401245
864;29.50;14.50;True;False;False;False;833;42.50;13.50;True;False;False;False;1;20.143145750509575;0;20.143145750509575;20.143145750509575
864;29.50;14.50;True;False;False;False;835;44.50;13.50;True;False;False;False;1;19.774463631965773;0;19.774463631965773;19.774463631965773
864;29.50;14.50;True;False;False;False;836;45.50;13.50;True;False;False;False;2;31.419862909340736;17.98727482249237;28.42092352828513;34.41880229039634
864;29.50;14.50;True;False;False;False;838;47.50;13.50;True;False;False;False;1;19.846948040900315;0;19.846948040900315;19.846948040900315
864;29.50;14.50;True;False;False;False;840;49.50;13.50;True;False;False;False;1;25.645000000007713;0;25.645000000007713;25.645000000007713
864;29.50;14.50;True;False;False;False;841;50.50;13.50;True;False;False;False;2;23.232071960432222;9.948813802235216;21.00173411581818;25.462409805046264
864;29.50;14.50;True;False;False;False;867;32.50;14.50;True;False;False;False;1;5.668989069768941;0;5.668989069768941;5.668989069768941
864;29.50;14.50;True;False;False;False;874;39.50;14.50;True;False;False;False;2;30.61675126605587;63.375304585539226;24.987572614354576;36.24592991775717
864;29.50;14.50;True;False;False;False;875;40.50;14.50;True;False;False;False;1;11.30703463939426;0;11.30703463939426;11.30703463939426
864;29.50;14.50;True;False;False;False;953;30.50;16.50;True;False;False;False;1;8.856854249494063;0;8.856854249494063;8.856854249494063
864;29.50;14.50;True;False;False;False;965;42.50;16.50;True;False;False;False;1;17.23851372324316;0;17.23851372324316;17.23851372324316
864;29.50;14.50;True;False;False;False;972;49.50;16.50;True;False;False;False;1;35.2256565398784;0;35.2256565398784;35.2256565398784
864;29.50;14.50;True;False;False;False;975;52.50;16.50;True;False;False;False;1;24.66565254170564;0;24.66565254170564;24.66565254170564
864;29.50;14.50;True;False;False;False;986;19.50;17.50;True;False;False;False;1;15.609357845942213;0;15.609357845942213;15.609357845942213
864;29.50;14.50;True;False;False;False;988;21.50;17.50;True;False;False;False;1;14.592346373156033;0;14.592346373156033;14.592346373156033
864;29.50;14.50;True;False;False;False;989;22.50;17.50;True;False;False;False;1;13.258874579290932;0;13.258874579290932;13.258874579290932
864;29.50;14.50;True;False;False;False;1004;37.50;17.50;True;False;False;False;2;15.090624980414304;1.5021017433407913;14.223993067967967;15.957256892860642
864;29.50;14.50;True;False;False;False;1006;39.50;17.50;True;False;False;False;1;17.327683986368356;0;17.327683986368356;17.327683986368356
864;29.50;14.50;True;False;False;False;1007;40.50;17.50;True;False;False;False;1;27.14574713656293;0;27.14574713656293;27.14574713656293
864;29.50;14.50;True;False;False;False;1009;42.50;17.50;True;False;False;False;2;18.804029576004723;0.413964654215083;18.34907647170985;19.258982680299596
864;29.50;14.50;True;False;False;False;1011;44.50;17.50;True;False;False;False;1;19.239357845950508;0;19.239357845950508;19.239357845950508
864;29.50;14.50;True;False;False;False;1012;45.50;17.50;True;False;False;False;1;19.710656539895353;0;19.710656539895353;19.710656539895353
864;29.50;14.50;True;False;False;False;1013;46.50;17.50;True;False;False;False;1;21.031854249493335;0;21.031854249493335;21.031854249493335
864;29.50;14.50;True;False;False;False;1017;50.50;17.50;True;False;False;False;1;23.988537693265243;0;23.988537693265243;23.988537693265243
864;29.50;14.50;True;False;False;False;1018;51.50;17.50;True;False;False;False;2;27.923708498986343;14.143260129672738;25.264454832102274;30.582962165870413
864;29.50;14.50;True;False;False;False;1019;52.50;17.50;True;False;False;False;2;28.93574313837962;39.176065058273906;24.509906208584653;33.36158006817459
864;29.50;14.50;True;False;False;False;1077;22.50;19.50;True;False;False;False;1;16.199938439361176;0;16.199938439361176;16.199938439361176
864;29.50;14.50;True;False;False;False;1087;32.50;19.50;True;False;False;False;1;21.476840667120996;0;21.476840667120996;21.476840667120996
864;29.50;14.50;True;False;False;False;1099;44.50;19.50;True;False;False;False;2;21.015232479436236;0.00240497810037065;20.98055555555038;21.04990940332209
864;29.50;14.50;True;False;False;False;1105;50.50;19.50;True;False;False;False;1;25.516024512624426;0;25.516024512624426;25.516024512624426
864;29.50;14.50;True;False;False;False;1106;51.50;19.50;True;False;False;False;1;25.44286837445543;0;25.44286837445543;25.44286837445543
864;29.50;14.50;True;False;False;False;1107;52.50;19.50;True;False;False;False;1;27.555312055324066;0;27.555312055324066;27.555312055324066
864;29.50;14.50;True;False;False;False;1125;26.50;20.50;True;False;False;False;1;12.645649346965001;0;12.645649346965001;12.645649346965001
864;29.50;14.50;True;False;False;False;1221;34.50;22.50;True;False;False;False;1;16.186103941661713;0;16.186103941661713;16.186103941661713
864;29.50;14.50;True;False;False;False;1226;39.50;22.50;True;False;False;False;1;19.73037916382964;0;19.73037916382964;19.73037916382964
864;29.50;14.50;True;False;False;False;1231;44.50;22.50;True;False;False;False;1;23.497406610309554;0;23.497406610309554;23.497406610309554
864;29.50;14.50;True;False;False;False;1256;25.50;23.50;True;False;False;False;1;15.9726871810999;0;15.9726871810999;15.9726871810999
864;29.50;14.50;True;False;False;False;1257;26.50;23.50;True;False;False;False;1;14.777222222212004;0;14.777222222212004;14.777222222212004
864;29.50;14.50;True;False;False;False;1261;30.50;23.50;True;False;False;False;1;13.955591158135576;0;13.955591158135576;13.955591158135576
864;29.50;14.50;True;False;False;False;1275;44.50;23.50;True;False;False;False;1;24.228982680297122;0;24.228982680297122;24.228982680297122
864;29.50;14.50;True;False;False;False;1281;50.50;23.50;True;False;False;False;1;28.255555555553656;0;28.255555555553656;28.255555555553656
864;29.50;14.50;True;False;False;False;1283;52.50;23.50;True;False;False;False;1;29.177128430808807;0;29.177128430808807;29.177128430808807
864;29.50;14.50;True;False;False;False;1363;44.50;25.50;True;False;False;False;1;25.009090612289583;0;25.009090612289583;25.009090612289583
864;29.50;14.50;True;False;False;False;1373;10.50;26.50;True;False;False;False;1;27.586111111109858;0;27.586111111109858;27.586111111109858
865;30.50;14.50;True;False;False;False;12;61.50;3.50;False;False;True;False;1;104.67953504112302;0;104.67953504112302;104.67953504112302
865;30.50;14.50;True;False;False;False;28;61.50;9.50;False;False;True;False;3;120.85488241185142;1905.1974813484273;87.23446443539433;170.18351852478372
865;30.50;14.50;True;False;False;False;44;61.50;15.50;False;False;True;False;1;129.1962017077676;0;129.1962017077676;129.1962017077676
865;30.50;14.50;True;False;False;False;60;61.50;21.50;False;False;True;False;1;99.04279535835121;0;99.04279535835121;99.04279535835121
865;30.50;14.50;True;False;False;False;326;19.50;2.50;True;False;False;False;1;23.547687181099718;0;23.547687181099718;23.547687181099718
865;30.50;14.50;True;False;False;False;342;35.50;2.50;True;False;False;False;1;33.25157367870088;0;33.25157367870088;33.25157367870088
865;30.50;14.50;True;False;False;False;430;35.50;4.50;True;False;False;False;1;16.809358649402384;0;16.809358649402384;16.809358649402384
865;30.50;14.50;True;False;False;False;439;44.50;4.50;True;False;False;False;1;23.519458026839857;0;23.519458026839857;23.519458026839857
865;30.50;14.50;True;False;False;False;459;20.50;5.50;True;False;False;False;1;20.223249929576014;0;20.223249929576014;20.223249929576014
865;30.50;14.50;True;False;False;False;474;35.50;5.50;True;False;False;False;1;17.143216375334305;0;17.143216375334305;17.143216375334305
865;30.50;14.50;True;False;False;False;478;39.50;5.50;True;False;False;False;1;19.506944846195438;0;19.506944846195438;19.506944846195438
865;30.50;14.50;True;False;False;False;547;20.50;7.50;True;False;False;False;1;18.10944285660753;0;18.10944285660753;18.10944285660753
865;30.50;14.50;True;False;False;False;552;25.50;7.50;True;False;False;False;1;15.24481561191351;0;15.24481561191351;15.24481561191351
865;30.50;14.50;True;False;False;False;562;35.50;7.50;True;False;False;False;1;18.02898268030458;0;18.02898268030458;18.02898268030458
865;30.50;14.50;True;False;False;False;563;36.50;7.50;True;False;False;False;1;16.17777777777883;0;16.17777777777883;16.17777777777883
865;30.50;14.50;True;False;False;False;569;42.50;7.50;True;False;False;False;1;20.41194884435572;0;20.41194884435572;20.41194884435572
865;30.50;14.50;True;False;False;False;574;47.50;7.50;True;False;False;False;1;24.11388888889269;0;24.11388888889269;24.11388888889269
865;30.50;14.50;True;False;False;False;576;49.50;7.50;True;False;False;False;1;25.8300969861466;0;25.8300969861466;25.8300969861466
865;30.50;14.50;True;False;False;False;577;50.50;7.50;True;False;False;False;1;30.89239941737287;0;30.89239941737287;30.89239941737287
865;30.50;14.50;True;False;False;False;578;51.50;7.50;True;False;False;False;2;31.519624834349088;60.91833965097895;26.000642154045636;37.03860751465254
865;30.50;14.50;True;False;False;False;579;52.50;7.50;True;False;False;False;1;27.225649346969476;0;27.225649346969476;27.225649346969476
865;30.50;14.50;True;False;False;False;613;42.50;8.50;True;False;False;False;1;19.885270986585965;0;19.885270986585965;19.885270986585965
865;30.50;14.50;True;False;False;False;679;20.50;10.50;True;False;False;False;1;16.2064966644175;0;16.2064966644175;16.2064966644175
865;30.50;14.50;True;False;False;False;693;34.50;10.50;True;False;False;False;1;13.707222222215933;0;13.707222222215933;13.707222222215933
865;30.50;14.50;True;False;False;False;696;37.50;10.50;True;False;False;False;1;14.560472151792055;0;14.560472151792055;14.560472151792055
865;30.50;14.50;True;False;False;False;703;44.50;10.50;True;False;False;False;2;20.098890486253367;1.4890891765534946;19.236020514428674;20.96176045807806
865;30.50;14.50;True;False;False;False;723;20.50;11.50;True;False;False;False;1;15.795383965474684;0;15.795383965474684;15.795383965474684
865;30.50;14.50;True;False;False;False;724;21.50;11.50;True;False;False;False;1;15.746704200006207;0;15.746704200006207;15.746704200006207
865;30.50;14.50;True;False;False;False;729;26.50;11.50;True;False;False;False;1;11.565438039355286;0;11.565438039355286;11.565438039355286
865;30.50;14.50;True;False;False;False;735;32.50;11.50;True;False;False;False;1;19.410951251256847;0;19.410951251256847;19.410951251256847
865;30.50;14.50;True;False;False;False;742;39.50;11.50;True;False;False;False;1;15.374819610095983;0;15.374819610095983;15.374819610095983
865;30.50;14.50;True;False;False;False;745;42.50;11.50;True;False;False;False;1;21.19816252763485;0;21.19816252763485;21.19816252763485
865;30.50;14.50;True;False;False;False;747;44.50;11.50;True;False;False;False;1;20.03620090433833;0;20.03620090433833;20.03620090433833
865;30.50;14.50;True;False;False;False;748;45.50;11.50;True;False;False;False;3;19.54058788427513;0.5593519414646917;18.943704500808963;20.37953823585667
865;30.50;14.50;True;False;False;False;749;46.50;11.50;True;False;False;False;2;20.294145097440378;0.8763980065162686;19.63217908376737;20.956111111113387
865;30.50;14.50;True;False;False;False;752;49.50;11.50;True;False;False;False;1;25.781947237454915;0;25.781947237454915;25.781947237454915
865;30.50;14.50;True;False;False;False;753;50.50;11.50;True;False;False;False;1;23.158517721422868;0;23.158517721422868;23.158517721422868
865;30.50;14.50;True;False;False;False;755;52.50;11.50;True;False;False;False;1;34.12953504111647;0;34.12953504111647;34.12953504111647
865;30.50;14.50;True;False;False;False;802;11.50;13.50;True;False;False;False;1;23.17777777777519;0;23.17777777777519;23.17777777777519
865;30.50;14.50;True;False;False;False;812;21.50;13.50;True;False;False;False;1;15.900065823194382;0;15.900065823194382;15.900065823194382
865;30.50;14.50;True;False;False;False;822;31.50;13.50;True;False;False;False;1;7.315281374238111;0;7.315281374238111;7.315281374238111
865;30.50;14.50;True;False;False;False;835;44.50;13.50;True;False;False;False;1;16.16360432000147;0;16.16360432000147;16.16360432000147
865;30.50;14.50;True;False;False;False;836;45.50;13.50;True;False;False;False;1;20.39220223128359;0;20.39220223128359;20.39220223128359
865;30.50;14.50;True;False;False;False;838;47.50;13.50;True;False;False;False;1;33.377503596457245;0;33.377503596457245;33.377503596457245
865;30.50;14.50;True;False;False;False;842;51.50;13.50;True;False;False;False;1;25.211580068176772;0;25.211580068176772;25.211580068176772
865;30.50;14.50;True;False;False;False;843;52.50;13.50;True;False;False;False;1;21.94148708020748;0;21.94148708020748;21.94148708020748
865;30.50;14.50;True;False;False;False;847;12.50;14.50;True;False;False;False;1;15.778705304252071;0;15.778705304252071;15.778705304252071
865;30.50;14.50;True;False;False;False;864;29.50;14.50;True;False;False;False;1;4.247222222224082;0;4.247222222224082;4.247222222224082
865;30.50;14.50;True;False;False;False;875;40.50;14.50;True;False;False;False;1;10.283825476073616;0;10.283825476073616;10.283825476073616
865;30.50;14.50;True;False;False;False;877;42.50;14.50;True;False;False;False;1;13.073239541923613;0;13.073239541923613;13.073239541923613
865;30.50;14.50;True;False;False;False;881;46.50;14.50;True;False;False;False;1;15.917316013635173;0;15.917316013635173;15.917316013635173
865;30.50;14.50;True;False;False;False;884;49.50;14.50;True;False;False;False;1;16.422687181100628;0;16.422687181100628;16.422687181100628
865;30.50;14.50;True;False;False;False;887;52.50;14.50;True;False;False;False;1;19.592871569195268;0;19.592871569195268;19.592871569195268
865;30.50;14.50;True;False;False;False;945;22.50;16.50;True;False;False;False;1;13.05851372323832;0;13.05851372323832;13.05851372323832
865;30.50;14.50;True;False;False;False;950;27.50;16.50;True;False;False;False;1;9.421951235643064;0;9.421951235643064;9.421951235643064
865;30.50;14.50;True;False;False;False;969;46.50;16.50;True;False;False;False;1;20.27564934696693;0;20.27564934696693;20.27564934696693
865;30.50;14.50;True;False;False;False;973;50.50;16.50;True;False;False;False;1;28.840837733259832;0;28.840837733259832;28.840837733259832
865;30.50;14.50;True;False;False;False;986;19.50;17.50;True;False;False;False;1;17.672316013631644;0;17.672316013631644;17.672316013631644
865;30.50;14.50;True;False;False;False;991;24.50;17.50;True;False;False;False;1;12.831204902523496;0;12.831204902523496;12.831204902523496
865;30.50;14.50;True;False;False;False;1004;37.50;17.50;True;False;False;False;1;13.292871569190538;0;13.292871569190538;13.292871569190538
865;30.50;14.50;True;False;False;False;1007;40.50;17.50;True;False;False;False;1;15.93818464087235;0;15.93818464087235;15.93818464087235
865;30.50;14.50;True;False;False;False;1009;42.50;17.50;True;False;False;False;2;17.106065812773977;0.050106158619767846;16.947784167249665;17.26434745829829
865;30.50;14.50;True;False;False;False;1011;44.50;17.50;True;False;False;False;1;18.22888328377303;0;18.22888328377303;18.22888328377303
865;30.50;14.50;True;False;False;False;1012;45.50;17.50;True;False;False;False;1;19.25327898469277;0;19.25327898469277;19.25327898469277
865;30.50;14.50;True;False;False;False;1013;46.50;17.50;True;False;False;False;1;20.540927526464657;0;20.540927526464657;20.540927526464657
865;30.50;14.50;True;False;False;False;1014;47.50;17.50;True;False;False;False;1;20.955367169266538;0;20.955367169266538;20.955367169266538
865;30.50;14.50;True;False;False;False;1016;49.50;17.50;True;False;False;False;2;22.07135039129389;0.0066646007215809015;22.01362431087273;22.129076471715052
865;30.50;14.50;True;False;False;False;1017;50.50;17.50;True;False;False;False;1;38.20747004222903;0;38.20747004222903;38.20747004222903
865;30.50;14.50;True;False;False;False;1018;51.50;17.50;True;False;False;False;1;24.92240900159868;0;24.92240900159868;24.92240900159868
865;30.50;14.50;True;False;False;False;1092;37.50;19.50;True;False;False;False;1;14.757869962297264;0;14.757869962297264;14.757869962297264
865;30.50;14.50;True;False;False;False;1097;42.50;19.50;True;False;False;False;1;19.407868374455575;0;19.407868374455575;19.407868374455575
865;30.50;14.50;True;False;False;False;1102;47.50;19.50;True;False;False;False;1;22.90371569189665;0;22.90371569189665;22.90371569189665
865;30.50;14.50;True;False;False;False;1133;34.50;20.50;True;False;False;False;2;14.086910996675215;0.03723286034256352;13.95046895707128;14.22335303627915
865;30.50;14.50;True;False;False;False;1138;39.50;20.50;True;False;False;False;1;18.306006128594163;0;18.306006128594163;18.306006128594163
865;30.50;14.50;True;False;False;False;1145;46.50;20.50;True;False;False;False;1;22.56111111111295;0;22.56111111111295;22.56111111111295
865;30.50;14.50;True;False;False;False;1216;29.50;22.50;True;False;False;False;1;15.29809140186535;0;15.29809140186535;15.29809140186535
865;30.50;14.50;True;False;False;False;1231;44.50;22.50;True;False;False;False;1;22.51101012677009;0;22.51101012677009;22.51101012677009
865;30.50;14.50;True;False;False;False;1275;44.50;23.50;True;False;False;False;1;22.85027817950231;0;22.85027817950231;22.85027817950231
865;30.50;14.50;True;False;False;False;1369;50.50;25.50;True;False;False;False;1;28.47722222223092;0;28.47722222223092;28.47722222223092
865;30.50;14.50;True;False;False;False;1372;9.50;26.50;True;False;False;False;1;32.61666666665769;0;32.61666666665769;32.61666666665769
866;31.50;14.50;True;False;False;False;28;61.50;9.50;False;False;True;False;1;156.93324354008837;0;156.93324354008837;156.93324354008837
866;31.50;14.50;True;False;False;False;429;34.50;4.50;True;False;False;False;2;15.960138223237664;0.006019805416455847;15.905275643019195;16.015000803456132
866;31.50;14.50;True;False;False;False;478;39.50;5.50;True;False;False;False;1;18.76352411089283;0;18.76352411089283;18.76352411089283
866;31.50;14.50;True;False;False;False;489;50.50;5.50;True;False;False;False;1;30.684070082223116;0;30.684070082223116;30.684070082223116
866;31.50;14.50;True;False;False;False;552;25.50;7.50;True;False;False;False;1;16.461111111109858;0;16.461111111109858;16.461111111109858
866;31.50;14.50;True;False;False;False;559;32.50;7.50;True;False;False;False;1;15.555107373800638;0;15.555107373800638;15.555107373800638
866;31.50;14.50;True;False;False;False;576;49.50;7.50;True;False;False;False;1;25.3004585694016;0;25.3004585694016;25.3004585694016
866;31.50;14.50;True;False;False;False;577;50.50;7.50;True;False;False;False;1;37.957409805045245;0;37.957409805045245;37.957409805045245
866;31.50;14.50;True;False;False;False;602;31.50;8.50;True;False;False;False;1;16.56917026312658;0;16.56917026312658;16.56917026312658
866;31.50;14.50;True;False;False;False;696;37.50;10.50;True;False;False;False;1;19.094903013843577;0;19.094903013843577;19.094903013843577
866;31.50;14.50;True;False;False;False;703;44.50;10.50;True;False;False;False;1;19.36455531996944;0;19.36455531996944;19.36455531996944
866;31.50;14.50;True;False;False;False;735;32.50;11.50;True;False;False;False;1;9.095357585067177;0;9.095357585067177;9.095357585067177
866;31.50;14.50;True;False;False;False;752;49.50;11.50;True;False;False;False;1;28.133427124736045;0;28.133427124736045;28.133427124736045
866;31.50;14.50;True;False;False;False;828;37.50;13.50;True;False;False;False;1;10.999350653031797;0;10.999350653031797;10.999350653031797
866;31.50;14.50;True;False;False;False;838;47.50;13.50;True;False;False;False;1;18.00910155217207;0;18.00910155217207;18.00910155217207
866;31.50;14.50;True;False;False;False;842;51.50;13.50;True;False;False;False;1;27.33148627674018;0;27.33148627674018;27.33148627674018
866;31.50;14.50;True;False;False;False;876;41.50;14.50;True;False;False;False;1;10.695461764140418;0;10.695461764140418;10.695461764140418
866;31.50;14.50;True;False;False;False;882;47.50;14.50;True;False;False;False;1;14.38407647169879;0;14.38407647169879;14.38407647169879
866;31.50;14.50;True;False;False;False;887;52.50;14.50;True;False;False;False;1;18.203159332902942;0;18.203159332902942;18.203159332902942
866;31.50;14.50;True;False;False;False;955;32.50;16.50;True;False;False;False;1;8.864069278790339;0;8.864069278790339;8.864069278790339
866;31.50;14.50;True;False;False;False;957;34.50;16.50;True;False;False;False;1;9.599350653028523;0;9.599350653028523;9.599350653028523
866;31.50;14.50;True;False;False;False;975;52.50;16.50;True;False;False;False;1;23.044444444443798;0;23.044444444443798;23.044444444443798
866;31.50;14.50;True;False;False;False;993;26.50;17.50;True;False;False;False;1;11.90398268030367;0;11.90398268030367;11.90398268030367
866;31.50;14.50;True;False;False;False;1009;42.50;17.50;True;False;False;False;1;16.648145750512413;0;16.648145750512413;16.648145750512413
866;31.50;14.50;True;False;False;False;1013;46.50;17.50;True;False;False;False;2;19.112038235854016;0.03428382398922096;18.981111111106657;19.242965360601374
866;31.50;14.50;True;False;False;False;1014;47.50;17.50;True;False;False;False;1;19.59221902749232;0;19.59221902749232;19.59221902749232
866;31.50;14.50;True;False;False;False;1016;49.50;17.50;True;False;False;False;2;21.198574603066845;0.3555379158237004;20.77694804091516;21.620201165218532
866;31.50;14.50;True;False;False;False;1092;37.50;19.50;True;False;False;False;1;15.027597387872447;0;15.027597387872447;15.027597387872447
866;31.50;14.50;True;False;False;False;1095;40.50;19.50;True;False;False;False;1;16.485461764148567;0;16.485461764148567;16.485461764148567
866;31.50;14.50;True;False;False;False;1251;20.50;23.50;True;False;False;False;1;20.895461764146603;0;20.895461764146603;20.895461764146603
867;32.50;14.50;True;False;False;False;44;61.50;15.50;False;False;True;False;2;144.21157647170998;338.62064770008936;131.19964641310435;157.2235065303156
867;32.50;14.50;True;False;False;False;60;61.50;21.50;False;False;True;False;1;155.05208288205176;0;155.05208288205176;155.05208288205176
867;32.50;14.50;True;False;False;False;124;0.50;24.50;False;True;False;False;1;589.2771540077229;0;589.2771540077229;589.2771540077229
867;32.50;14.50;True;False;False;False;313;50.50;1.50;True;False;False;False;1;38.06685744422816;0;38.06685744422816;38.06685744422816
867;32.50;14.50;True;False;False;False;442;47.50;4.50;True;False;False;False;1;23.614885414198852;0;23.614885414198852;23.614885414198852
867;32.50;14.50;True;False;False;False;447;52.50;4.50;True;False;False;False;1;28.15722941514241;0;28.15722941514241;28.15722941514241
867;32.50;14.50;True;False;False;False;488;49.50;5.50;True;False;False;False;1;25.435220636128975;0;25.435220636128975;25.435220636128975
867;32.50;14.50;True;False;False;False;556;29.50;7.50;True;False;False;False;1;14.243048764372361;0;14.243048764372361;14.243048764372361
867;32.50;14.50;True;False;False;False;562;35.50;7.50;True;False;False;False;1;16.458634660370535;0;16.458634660370535;16.458634660370535
867;32.50;14.50;True;False;False;False;564;37.50;7.50;True;False;False;False;1;22.04209457407933;0;22.04209457407933;22.04209457407933
867;32.50;14.50;True;False;False;False;571;44.50;7.50;True;False;False;False;1;20.89445802683713;0;20.89445802683713;20.89445802683713
867;32.50;14.50;True;False;False;False;572;45.50;7.50;True;False;False;False;1;21.189991219245712;0;21.189991219245712;21.189991219245712
867;32.50;14.50;True;False;False;False;574;47.50;7.50;True;False;False;False;1;22.481196906148398;0;22.481196906148398;22.481196906148398
867;32.50;14.50;True;False;False;False;576;49.50;7.50;True;False;False;False;1;23.42837170829671;0;23.42837170829671;23.42837170829671
867;32.50;14.50;True;False;False;False;578;51.50;7.50;True;False;False;False;1;31.476760458062927;0;31.476760458062927;31.476760458062927
867;32.50;14.50;True;False;False;False;615;44.50;8.50;True;False;False;False;1;19.256760458079043;0;19.256760458079043;19.256760458079043
867;32.50;14.50;True;False;False;False;623;52.50;8.50;True;False;False;False;2;24.895834528973182;0.00158454638495959;24.8676871810967;24.923981876849666
867;32.50;14.50;True;False;False;False;698;39.50;10.50;True;False;False;False;1;14.972041832315881;0;14.972041832315881;14.972041832315881
867;32.50;14.50;True;False;False;False;710;51.50;10.50;True;False;False;False;1;22.90176045808039;0;22.90176045808039;22.90176045808039
867;32.50;14.50;True;False;False;False;711;52.50;10.50;True;False;False;False;1;23.841948040905663;0;23.841948040905663;23.841948040905663
867;32.50;14.50;True;False;False;False;723;20.50;11.50;True;False;False;False;1;22.06210814601127;0;22.06210814601127;22.06210814601127
867;32.50;14.50;True;False;False;False;730;27.50;11.50;True;False;False;False;1;12.756659473745685;0;12.756659473745685;12.756659473745685
867;32.50;14.50;True;False;False;False;732;29.50;11.50;True;False;False;False;1;10.7009307212071;0;10.7009307212071;10.7009307212071
867;32.50;14.50;True;False;False;False;734;31.50;11.50;True;False;False;False;1;11.389052237213036;0;11.389052237213036;11.389052237213036
867;32.50;14.50;True;False;False;False;747;44.50;11.50;True;False;False;False;1;29.644254470334545;0;29.644254470334545;29.644254470334545
867;32.50;14.50;True;False;False;False;753;50.50;11.50;True;False;False;False;1;22.8919480409063;0;22.8919480409063;22.8919480409063
867;32.50;14.50;True;False;False;False;821;30.50;13.50;True;False;False;False;1;7.436847056572333;0;7.436847056572333;7.436847056572333
867;32.50;14.50;True;False;False;False;822;31.50;13.50;True;False;False;False;2;6.834016520298974;0.0003135338196258491;6.821495860978757;6.84653717961919
867;32.50;14.50;True;False;False;False;831;40.50;13.50;True;False;False;False;1;12.9351009843449;0;12.9351009843449;12.9351009843449
867;32.50;14.50;True;False;False;False;833;42.50;13.50;True;False;False;False;3;13.962898834798807;0.4892104527395544;13.310739943646468;14.70156407540162
867;32.50;14.50;True;False;False;False;835;44.50;13.50;True;False;False;False;1;15.116486276761862;0;15.116486276761862;15.116486276761862
867;32.50;14.50;True;False;False;False;837;46.50;13.50;True;False;False;False;1;20.06814575050157;0;20.06814575050157;20.06814575050157
867;32.50;14.50;True;False;False;False;838;47.50;13.50;True;False;False;False;1;17.477326722831094;0;17.477326722831094;17.477326722831094
867;32.50;14.50;True;False;False;False;840;49.50;13.50;True;False;False;False;1;25.632592586236342;0;25.632592586236342;25.632592586236342
867;32.50;14.50;True;False;False;False;843;52.50;13.50;True;False;False;False;1;26.545649346968275;0;26.545649346968275;26.545649346968275
867;32.50;14.50;True;False;False;False;872;37.50;14.50;True;False;False;False;1;8.081951235640645;0;8.081951235640645;8.081951235640645
867;32.50;14.50;True;False;False;False;885;50.50;14.50;True;False;False;False;1;16.411760458079698;0;16.411760458079698;16.411760458079698
867;32.50;14.50;True;False;False;False;887;52.50;14.50;True;False;False;False;1;17.267222222221335;0;17.267222222221335;17.267222222221335
867;32.50;14.50;True;False;False;False;960;37.50;16.50;True;False;False;False;1;11.715923528286112;0;11.715923528286112;11.715923528286112
867;32.50;14.50;True;False;False;False;962;39.50;16.50;True;False;False;False;1;13.684079666449634;0;13.684079666449634;13.684079666449634
867;32.50;14.50;True;False;False;False;965;42.50;16.50;True;False;False;False;1;15.199170263127144;0;15.199170263127144;15.199170263127144
867;32.50;14.50;True;False;False;False;970;47.50;16.50;True;False;False;False;1;18.271572875252787;0;18.271572875252787;18.271572875252787
867;32.50;14.50;True;False;False;False;972;49.50;16.50;True;False;False;False;1;19.70380867986887;0;19.70380867986887;19.70380867986887
867;32.50;14.50;True;False;False;False;1009;42.50;17.50;True;False;False;False;1;16.555183584640872;0;16.555183584640872;16.555183584640872
867;32.50;14.50;True;False;False;False;1013;46.50;17.50;True;False;False;False;1;18.508888888888862;0;18.508888888888862;18.508888888888862
867;32.50;14.50;True;False;False;False;1089;34.50;19.50;True;False;False;False;1;11.83370130606329;0;11.83370130606329;11.83370130606329
867;32.50;14.50;True;False;False;False;1097;42.50;19.50;True;False;False;False;1;17.523513723237556;0;17.523513723237556;17.523513723237556
867;32.50;14.50;True;False;False;False;1100;45.50;19.50;True;False;False;False;1;19.639307154874132;0;19.639307154874132;19.639307154874132
867;32.50;14.50;True;False;False;False;1104;49.50;19.50;True;False;False;False;1;22.10278497069953;0;22.10278497069953;22.10278497069953
867;32.50;14.50;True;False;False;False;1136;37.50;20.50;True;False;False;False;1;15.24992378916545;0;15.24992378916545;15.24992378916545
867;32.50;14.50;True;False;False;False;1138;39.50;20.50;True;False;False;False;1;16.40750359645972;0;16.40750359645972;16.40750359645972
867;32.50;14.50;True;False;False;False;1206;19.50;22.50;True;False;False;False;1;23.881204099080605;0;23.881204099080605;23.881204099080605
867;32.50;14.50;True;False;False;False;1262;31.50;23.50;True;False;False;False;1;17.56934106882727;0;17.56934106882727;17.56934106882727
867;32.50;14.50;True;False;False;False;1272;41.50;23.50;True;False;False;False;1;19.303982680301942;0;19.303982680301942;19.303982680301942
867;32.50;14.50;True;False;False;False;1276;45.50;23.50;True;False;False;False;1;21.918494271400505;0;21.918494271400505;21.918494271400505
867;32.50;14.50;True;False;False;False;1280;49.50;23.50;True;False;False;False;1;25.52074313837511;0;25.52074313837511;25.52074313837511
867;32.50;14.50;True;False;False;False;1358;39.50;25.50;True;False;False;False;1;19.88518758282453;0;19.88518758282453;19.88518758282453
867;32.50;14.50;True;False;False;False;1369;50.50;25.50;True;False;False;False;1;27.10879509746337;0;27.10879509746337;27.10879509746337
867;32.50;14.50;True;False;False;False;1403;40.50;26.50;True;False;False;False;1;22.311493469684592;0;22.311493469684592;22.311493469684592
869;34.50;14.50;True;False;False;False;28;61.50;9.50;False;False;True;False;2;83.46338222812756;3.1740445102868504;82.20361151282123;84.72315294343389
869;34.50;14.50;True;False;False;False;44;61.50;15.50;False;False;True;False;1;103.54314575049102;0;103.54314575049102;103.54314575049102
869;34.50;14.50;True;False;False;False;60;61.50;21.50;False;False;True;False;3;138.07135909171848;2994.966474349341;76.59074313837846;181.46342073528285
869;34.50;14.50;True;False;False;False;92;0.50;12.50;False;True;False;False;2;264.2617219604417;19.538756492413267;261.13612149873734;267.3873224221461
869;34.50;14.50;True;False;False;False;732;29.50;11.50;True;False;False;False;1;16.19649985916476;0;16.19649985916476;16.19649985916476
869;34.50;14.50;True;False;False;False;821;30.50;13.50;True;False;False;False;1;22.42379270618403;0;22.42379270618403;22.42379270618403
869;34.50;14.50;True;False;False;False;864;29.50;14.50;True;False;False;False;1;7.977406610312755;0;7.977406610312755;7.977406610312755
869;34.50;14.50;True;False;False;False;870;35.50;14.50;True;False;False;False;1;4.491926707407401;0;4.491926707407401;4.491926707407401
869;34.50;14.50;True;False;False;False;960;37.50;16.50;True;False;False;False;1;10.510582984828943;0;10.510582984828943;10.510582984828943
869;34.50;14.50;True;False;False;False;1237;50.50;22.50;True;False;False;False;1;24.20730882071348;0;24.20730882071348;24.20730882071348
869;34.50;14.50;True;False;False;False;1361;42.50;25.50;True;False;False;False;1;23.631760458078134;0;23.631760458078134;23.631760458078134
869;34.50;14.50;True;False;False;False;1363;44.50;25.50;True;False;False;False;1;20.84251798233163;0;20.84251798233163;20.84251798233163
870;35.50;14.50;True;False;False;False;28;61.50;9.50;False;False;True;False;1;127.436014124964;0;127.436014124964;127.436014124964
870;35.50;14.50;True;False;False;False;44;61.50;15.50;False;False;True;False;1;86.00179273742015;0;86.00179273742015;86.00179273742015
870;35.50;14.50;True;False;False;False;60;61.50;21.50;False;False;True;False;2;150.24190753467087;9117.934911482409;82.7217812333879;217.76203383595384
870;35.50;14.50;True;False;False;False;92;0.50;12.50;False;True;False;False;1;249.41926085980094;0;249.41926085980094;249.41926085980094
870;35.50;14.50;True;False;False;False;820;29.50;13.50;True;False;False;False;2;16.387418193612348;64.98644275293123;10.687135623733411;22.087700763491284
870;35.50;14.50;True;False;False;False;821;30.50;13.50;True;False;False;False;1;16.28823954192103;0;16.28823954192103;16.28823954192103
870;35.50;14.50;True;False;False;False;1009;42.50;17.50;True;False;False;False;1;14.231760458080089;0;14.231760458080089;14.231760458080089
870;35.50;14.50;True;False;False;False;1101;46.50;19.50;True;False;False;False;1;18.713888888889414;0;18.713888888889414;18.713888888889414
871;36.50;14.50;True;False;False;False;44;61.50;15.50;False;False;True;False;3;98.17639381807749;518.7958837253057;72.73676445625824;116.67676445626785
871;36.50;14.50;True;False;False;False;60;61.50;21.50;False;False;True;False;1;143.33048334290288;0;143.33048334290288;143.33048334290288
871;36.50;14.50;True;False;False;False;734;31.50;11.50;True;False;False;False;1;13.060090596678492;0;13.060090596678492;13.060090596678492
871;36.50;14.50;True;False;False;False;821;30.50;13.50;True;False;False;False;1;11.289920594441355;0;11.289920594441355;11.289920594441355
871;36.50;14.50;True;False;False;False;865;30.50;14.50;True;False;False;False;1;8.469171066579293;0;8.469171066579293;8.469171066579293
871;36.50;14.50;True;False;False;False;866;31.50;14.50;True;False;False;False;1;7.724350653028523;0;7.724350653028523;7.724350653028523
872;37.50;14.50;True;False;False;False;12;61.50;3.50;False;False;True;False;2;124.97857540650966;0.059798547738001404;124.8056613415265;125.15148947149282
872;37.50;14.50;True;False;False;False;28;61.50;9.50;False;False;True;False;5;99.58280351920034;185.88542744441287;84.78758912702324;113.29083692978384
872;37.50;14.50;True;False;False;False;44;61.50;15.50;False;False;True;False;1;109.26834052625054;0;109.26834052625054;109.26834052625054
872;37.50;14.50;True;False;False;False;60;61.50;21.50;False;False;True;False;2;157.72968251941165;4251.658145134665;111.62296855531167;203.83639648351163
872;37.50;14.50;True;False;False;False;124;0.50;24.50;False;True;False;False;1;354.6609083390358;0;354.6609083390358;354.6609083390358
872;37.50;14.50;True;False;False;False;273;10.50;1.50;True;False;False;False;1;33.617401544190216;0;33.617401544190216;33.617401544190216
872;37.50;14.50;True;False;False;False;734;31.50;11.50;True;False;False;False;1;24.222121237879037;0;24.222121237879037;24.222121237879037
872;37.50;14.50;True;False;False;False;820;29.50;13.50;True;False;False;False;1;21.063705304233736;0;21.063705304233736;21.063705304233736
872;37.50;14.50;True;False;False;False;821;30.50;13.50;True;False;False;False;2;26.660088597585855;146.93092889277824;18.088888888887595;35.231288306284114
872;37.50;14.50;True;False;False;False;822;31.50;13.50;True;False;False;False;2;11.567081936818795;1.62851619033194;10.66471942919452;12.46944444444307
872;37.50;14.50;True;False;False;False;867;32.50;14.50;True;False;False;False;1;8.229906208587636;0;8.229906208587636;8.229906208587636
872;37.50;14.50;True;False;False;False;963;40.50;16.50;True;False;False;False;1;10.023743433655909;0;10.023743433655909;10.023743433655909
872;37.50;14.50;True;False;False;False;1011;44.50;17.50;True;False;False;False;1;14.587425797801188;0;14.587425797801188;14.587425797801188
872;37.50;14.50;True;False;False;False;1079;24.50;19.50;True;False;False;False;1;24.59499680526642;0;24.59499680526642;24.59499680526642
874;39.50;14.50;True;False;False;False;12;61.50;3.50;False;False;True;False;2;142.85754810514663;1800.6004605864612;112.85254468416315;172.86255152613012
874;39.50;14.50;True;False;False;False;28;61.50;9.50;False;False;True;False;1;88.0058337350456;0;88.0058337350456;88.0058337350456
874;39.50;14.50;True;False;False;False;44;61.50;15.50;False;False;True;False;3;100.2199727343753;774.961871749592;80.16064615222967;132.0023240099872
874;39.50;14.50;True;False;False;False;60;61.50;21.50;False;False;True;False;3;95.28414459168441;1254.2147456908158;71.4577071529311;135.9800039981783
874;39.50;14.50;True;False;False;False;76;0.50;6.50;False;True;False;False;2;588.6921621341926;3123.877114369743;549.1707937724459;628.2135304959393
874;39.50;14.50;True;False;False;False;92;0.50;12.50;False;True;False;False;3;259.1420254836218;162.86001365083786;250.4468646371315;273.7927921636074
874;39.50;14.50;True;False;False;False;275;12.50;1.50;True;False;False;False;1;34.54638848714967;0;34.54638848714967;34.54638848714967
874;39.50;14.50;True;False;False;False;711;52.50;10.50;True;False;False;False;1;18.766486276763317;0;18.766486276763317;18.766486276763317
874;39.50;14.50;True;False;False;False;727;24.50;11.50;True;False;False;False;1;18.76288195684174;0;18.76288195684174;18.76288195684174
874;39.50;14.50;True;False;False;False;733;30.50;11.50;True;False;False;False;1;19.803885694156634;0;19.803885694156634;19.803885694156634
874;39.50;14.50;True;False;False;False;734;31.50;11.50;True;False;False;False;1;14.578427124746668;0;14.578427124746668;14.578427124746668
874;39.50;14.50;True;False;False;False;820;29.50;13.50;True;False;False;False;1;25.031115109301027;0;25.031115109301027;25.031115109301027
874;39.50;14.50;True;False;False;False;821;30.50;13.50;True;False;False;False;2;13.306086356623382;1.776704311109595;12.363562003858533;14.248610709388231
874;39.50;14.50;True;False;False;False;823;32.50;13.50;True;False;False;False;1;11.681471157869964;0;11.681471157869964;11.681471157869964
874;39.50;14.50;True;False;False;False;1014;47.50;17.50;True;False;False;False;1;15.504076471715962;0;15.504076471715962;15.504076471715962
874;39.50;14.50;True;False;False;False;1076;21.50;19.50;True;False;False;False;1;22.60277777777992;0;22.60277777777992;22.60277777777992
874;39.50;14.50;True;False;False;False;1276;45.50;23.50;True;False;False;False;1;18.155879567289958;0;18.155879567289958;18.155879567289958
874;39.50;14.50;True;False;False;False;1280;49.50;23.50;True;False;False;False;1;20.85546176414482;0;20.85546176414482;20.85546176414482
874;39.50;14.50;True;False;False;False;1407;44.50;26.50;True;False;False;False;1;19.751298693932767;0;19.751298693932767;19.751298693932767
875;40.50;14.50;True;False;False;False;12;61.50;3.50;False;False;True;False;1;176.9723499488773;0;176.9723499488773;176.9723499488773
875;40.50;14.50;True;False;False;False;28;61.50;9.50;False;False;True;False;2;112.09497521695903;2273.297810931117;78.3807511347477;145.80919929917036
875;40.50;14.50;True;False;False;False;60;61.50;21.50;False;False;True;False;2;86.70420794782785;486.56253382126397;71.10673164841864;102.30168424723706
875;40.50;14.50;True;False;False;False;108;0.50;18.50;False;True;False;False;1;579.0564647359679;0;579.0564647359679;579.0564647359679
875;40.50;14.50;True;False;False;False;124;0.50;24.50;False;True;False;False;1;541.3451329507261;0;541.3451329507261;541.3451329507261
875;40.50;14.50;True;False;False;False;732;29.50;11.50;True;False;False;False;1;32.724443640971;0;32.724443640971;32.724443640971
875;40.50;14.50;True;False;False;False;820;29.50;13.50;True;False;False;False;1;14.124072473521665;0;14.124072473521665;14.124072473521665
875;40.50;14.50;True;False;False;False;821;30.50;13.50;True;False;False;False;1;18.4429253598355;0;18.4429253598355;18.4429253598355
875;40.50;14.50;True;False;False;False;864;29.50;14.50;True;False;False;False;1;11.768427124747177;0;11.768427124747177;11.768427124747177
875;40.50;14.50;True;False;False;False;865;30.50;14.50;True;False;False;False;1;9.887839338421145;0;9.887839338421145;9.887839338421145
875;40.50;14.50;True;False;False;False;975;52.50;16.50;True;False;False;False;1;17.603431122935945;0;17.603431122935945;17.603431122935945
875;40.50;14.50;True;False;False;False;1198;11.50;22.50;True;False;False;False;1;48.18563654893114;0;48.18563654893114;48.18563654893114
876;41.50;14.50;True;False;False;False;28;61.50;9.50;False;False;True;False;2;171.8800111911096;3486.7763437804497;130.12611111111437;213.6339112711048
876;41.50;14.50;True;False;False;False;124;0.50;24.50;False;True;False;False;1;583.890469665519;0;583.890469665519;583.890469665519
876;41.50;14.50;True;False;False;False;298;35.50;1.50;True;False;False;False;1;18.98009298796387;0;18.98009298796387;18.98009298796387
876;41.50;14.50;True;False;False;False;1146;47.50;20.50;True;False;False;False;1;16.85843112294242;0;16.85843112294242;16.85843112294242
876;41.50;14.50;True;False;False;False;1369;50.50;25.50;True;False;False;False;1;21.091666666665333;0;21.091666666665333;21.091666666665333
877;42.50;14.50;True;False;False;False;28;61.50;9.50;False;False;True;False;2;88.68796056849351;2.945694153543159;87.47435145647614;89.90156968051087
877;42.50;14.50;True;False;False;False;44;61.50;15.50;False;False;True;False;3;114.31349125289323;1867.35117064511;64.46046576232038;141.07250439990685
877;42.50;14.50;True;False;False;False;60;61.50;21.50;False;False;True;False;3;113.35050468516602;1263.8013101353026;83.66066912935639;152.74509778958054
877;42.50;14.50;True;False;False;False;76;0.50;6.50;False;True;False;False;3;587.1750974272654;284.19897811519246;568.8658696996354;602.0549285907582
877;42.50;14.50;True;False;False;False;92;0.50;12.50;False;True;False;False;1;263.7567748438887;0;263.7567748438887;263.7567748438887
877;42.50;14.50;True;False;False;False;124;0.50;24.50;False;True;False;False;1;597.36246531902;0;597.36246531902;597.36246531902
877;42.50;14.50;True;False;False;False;274;11.50;1.50;True;False;False;False;1;36.46962883252854;0;36.46962883252854;36.46962883252854
877;42.50;14.50;True;False;False;False;473;34.50;5.50;True;False;False;False;1;29.977962165859935;0;29.977962165859935;29.977962165859935
877;42.50;14.50;True;False;False;False;734;31.50;11.50;True;False;False;False;1;16.83759019495301;0;16.83759019495301;16.83759019495301
877;42.50;14.50;True;False;False;False;820;29.50;13.50;True;False;False;False;1;15.173870504891966;0;15.173870504891966;15.173870504891966
877;42.50;14.50;True;False;False;False;821;30.50;13.50;True;False;False;False;3;19.350866593047005;4.664227694788913;16.93907966644838;21.1060237091624
877;42.50;14.50;True;False;False;False;822;31.50;13.50;True;False;False;False;2;14.423279282822477;0.26518207441774716;14.059148760607059;14.787409805037896
877;42.50;14.50;True;False;False;False;842;51.50;13.50;True;False;False;False;1;13.341034361186757;0;13.341034361186757;13.341034361186757
877;42.50;14.50;True;False;False;False;1099;44.50;19.50;True;False;False;False;1;12.102413803235322;0;12.102413803235322;12.102413803235322
877;42.50;14.50;True;False;False;False;1113;14.50;20.50;True;False;False;False;1;30.236017319701205;0;30.236017319701205;30.236017319701205
877;42.50;14.50;True;False;False;False;1256;25.50;23.50;True;False;False;False;1;24.129357845949926;0;24.129357845949926;24.129357845949926
879;44.50;14.50;True;False;False;False;44;61.50;15.50;False;False;True;False;2;132.3429388384759;46.71596094487853;127.5099293751664;137.1759483017854
879;44.50;14.50;True;False;False;False;60;61.50;21.50;False;False;True;False;3;116.94067225209558;503.82330133802657;91.02370210950176;130.13642364833504
879;44.50;14.50;True;False;False;False;76;0.50;6.50;False;True;False;False;1;512.0349261995011;0;512.0349261995011;512.0349261995011
879;44.50;14.50;True;False;False;False;823;32.50;13.50;True;False;False;False;1;27.005194775744712;0;27.005194775744712;27.005194775744712
879;44.50;14.50;True;False;False;False;837;46.50;13.50;True;False;False;False;1;16.997316817084084;0;16.997316817084084;16.997316817084084
879;44.50;14.50;True;False;False;False;867;32.50;14.50;True;False;False;False;1;13.066666666669335;0;13.066666666669335;13.066666666669335
879;44.50;14.50;True;False;False;False;882;47.50;14.50;True;False;False;False;1;5.399999999994179;0;5.399999999994179;5.399999999994179
879;44.50;14.50;True;False;False;False;1107;52.50;19.50;True;False;False;False;1;16.343520916154375;0;16.343520916154375;16.343520916154375
879;44.50;14.50;True;False;False;False;1283;52.50;23.50;True;False;False;False;1;18.886204902522877;0;18.886204902522877;18.886204902522877
880;45.50;14.50;True;False;False;False;44;61.50;15.50;False;False;True;False;5;87.71058006817675;606.3690853830162;57.37186783189827;125.60981641536
880;45.50;14.50;True;False;False;False;60;61.50;21.50;False;False;True;False;1;101.18955661989094;0;101.18955661989094;101.18955661989094
880;45.50;14.50;True;False;False;False;76;0.50;6.50;False;True;False;False;1;556.5940058659089;0;556.5940058659089;556.5940058659089
880;45.50;14.50;True;False;False;False;621;50.50;8.50;True;False;False;False;1;14.793232348995843;0;14.793232348995843;14.793232348995843
880;45.50;14.50;True;False;False;False;732;29.50;11.50;True;False;False;False;1;20.247222222222263;0;20.247222222222263;20.247222222222263
880;45.50;14.50;True;False;False;False;733;30.50;11.50;True;False;False;False;1;19.18398268029705;0;19.18398268029705;19.18398268029705
880;45.50;14.50;True;False;False;False;821;30.50;13.50;True;False;False;False;1;23.545678118669457;0;23.545678118669457;23.545678118669457
880;45.50;14.50;True;False;False;False;822;31.50;13.50;True;False;False;False;1;15.61222461350826;0;15.61222461350826;15.61222461350826
880;45.50;14.50;True;False;False;False;958;35.50;16.50;True;False;False;False;1;16.052597387868445;0;16.052597387868445;16.052597387868445
880;45.50;14.50;True;False;False;False;1239;52.50;22.50;True;False;False;False;1;17.622509985932993;0;17.622509985932993;17.622509985932993
881;46.50;14.50;True;False;False;False;44;61.50;15.50;False;False;True;False;3;103.55392361524082;40.45703541979985;96.99380548512272;109.69417026312931
881;46.50;14.50;True;False;False;False;60;61.50;21.50;False;False;True;False;1;78.48842312658599;0;78.48842312658599;78.48842312658599
881;46.50;14.50;True;False;False;False;124;0.50;24.50;False;True;False;False;1;569.1592717864041;0;569.1592717864041;569.1592717864041
881;46.50;14.50;True;False;False;False;336;29.50;2.50;True;False;False;False;1;26.399733011614444;0;26.399733011614444;26.399733011614444
881;46.50;14.50;True;False;False;False;489;50.50;5.50;True;False;False;False;1;20.013135362848516;0;20.013135362848516;20.013135362848516
881;46.50;14.50;True;False;False;False;622;51.50;8.50;True;False;False;False;1;14.390450573067938;0;14.390450573067938;14.390450573067938
881;46.50;14.50;True;False;False;False;820;29.50;13.50;True;False;False;False;1;19.144903013828298;0;19.144903013828298;19.144903013828298
881;46.50;14.50;True;False;False;False;822;31.50;13.50;True;False;False;False;1;16.950360779803304;0;16.950360779803304;16.950360779803304
882;47.50;14.50;True;False;False;False;12;61.50;3.50;False;False;True;False;4;138.7477873715067;4743.9159435715455;86.54437781777597;239.22639967827178
882;47.50;14.50;True;False;False;False;28;61.50;9.50;False;False;True;False;9;101.51259688374091;508.20864033461214;64.20334878707945;138.3105907167228
882;47.50;14.50;True;False;False;False;44;61.50;15.50;False;False;True;False;3;139.86861178064524;2430.8826098454665;88.80674687566534;187.2031465539594
882;47.50;14.50;True;False;False;False;60;61.50;21.50;False;False;True;False;1;81.5585177214225;0;81.5585177214225;81.5585177214225
882;47.50;14.50;True;False;False;False;108;0.50;18.50;False;True;False;False;3;545.3962032956687;1231.3574977346266;512.5491196292464;582.3662611034415
882;47.50;14.50;True;False;False;False;124;0.50;24.50;False;True;False;False;1;577.4171588093413;0;577.4171588093413;577.4171588093413
882;47.50;14.50;True;False;False;False;484;45.50;5.50;True;False;False;False;1;13.85933785499492;0;13.85933785499492;13.85933785499492
882;47.50;14.50;True;False;False;False;703;44.50;10.50;True;False;False;False;1;11.50611111110993;0;11.50611111110993;11.50611111110993
882;47.50;14.50;True;False;False;False;713;10.50;11.50;True;False;False;False;1;34.826673859584844;0;34.826673859584844;34.826673859584844
882;47.50;14.50;True;False;False;False;725;22.50;11.50;True;False;False;False;1;26.121298693937206;0;26.121298693937206;26.121298693937206
882;47.50;14.50;True;False;False;False;732;29.50;11.50;True;False;False;False;1;32.371933655061866;0;32.371933655061866;32.371933655061866
882;47.50;14.50;True;False;False;False;733;30.50;11.50;True;False;False;False;1;23.973253927786573;0;23.973253927786573;23.973253927786573
882;47.50;14.50;True;False;False;False;821;30.50;13.50;True;False;False;False;4;25.03954790522812;186.2408069740528;17.88441810218137;45.50528137423498
882;47.50;14.50;True;False;False;False;822;31.50;13.50;True;False;False;False;2;18.000824944768283;1.427456541108838;17.1560005425672;18.845649346969367
882;47.50;14.50;True;False;False;False;823;32.50;13.50;True;False;False;False;1;17.10435065302954;0;17.10435065302954;17.10435065302954
882;47.50;14.50;True;False;False;False;836;45.50;13.50;True;False;False;False;1;8.492965360594098;0;8.492965360594098;8.492965360594098
882;47.50;14.50;True;False;False;False;841;50.50;13.50;True;False;False;False;2;10.302699969575372;5.839972288614971;8.593903274732043;12.0114966644187
882;47.50;14.50;True;False;False;False;865;30.50;14.50;True;False;False;False;1;14.431570483986434;0;14.431570483986434;14.431570483986434
882;47.50;14.50;True;False;False;False;866;31.50;14.50;True;False;False;False;1;15.319145489609582;0;15.319145489609582;15.319145489609582
882;47.50;14.50;True;False;False;False;867;32.50;14.50;True;False;False;False;2;13.040869841379617;2.5555574139397078E-05;13.037295238314982;13.044444444444252
882;47.50;14.50;True;False;False;False;1148;49.50;20.50;True;False;False;False;1;13.505495299328686;0;13.505495299328686;13.505495299328686
884;49.50;14.50;True;False;False;False;12;61.50;3.50;False;False;True;False;3;92.08740227329751;1074.7054045968348;64.05115539355756;128.13237410939837
884;49.50;14.50;True;False;False;False;28;61.50;9.50;False;False;True;False;1;81.70981241717982;0;81.70981241717982;81.70981241717982
884;49.50;14.50;True;False;False;False;44;61.50;15.50;False;False;True;False;6;99.65492695891734;560.7555631947602;68.25953903930895;132.0021679030715
884;49.50;14.50;True;False;False;False;76;0.50;6.50;False;True;False;False;1;399.66433946195684;0;399.66433946195684;399.66433946195684
884;49.50;14.50;True;False;False;False;92;0.50;12.50;False;True;False;False;3;248.71805294216998;307.85204165799297;228.4580088015573;258.84854757098583
884;49.50;14.50;True;False;False;False;459;20.50;5.50;True;False;False;False;1;44.89778497070074;0;44.89778497070074;44.89778497070074
884;49.50;14.50;True;False;False;False;484;45.50;5.50;True;False;False;False;1;15.826600059117482;0;15.826600059117482;15.826600059117482
884;49.50;14.50;True;False;False;False;733;30.50;11.50;True;False;False;False;1;34.67056274849165;0;34.67056274849165;34.67056274849165
884;49.50;14.50;True;False;False;False;734;31.50;11.50;True;False;False;False;1;20.41609353053218;0;20.41609353053218;20.41609353053218
884;49.50;14.50;True;False;False;False;820;29.50;13.50;True;False;False;False;1;27.63953823585325;0;27.63953823585325;27.63953823585325
884;49.50;14.50;True;False;False;False;822;31.50;13.50;True;False;False;False;3;24.33439801037366;87.07862941036274;18.756385292414052;35.10732320655825
884;49.50;14.50;True;False;False;False;845;10.50;14.50;True;False;False;False;1;34.776372768905276;0;34.776372768905276;34.776372768905276
884;49.50;14.50;True;False;False;False;1009;42.50;17.50;True;False;False;False;1;14.745187582825565;0;14.745187582825565;14.745187582825565
884;49.50;14.50;True;False;False;False;1234;47.50;22.50;True;False;False;False;1;13.041472675272416;0;13.041472675272416;13.041472675272416
884;49.50;14.50;True;False;False;False;1239;52.50;22.50;True;False;False;False;1;14.76406927879816;0;14.76406927879816;14.76406927879816
884;49.50;14.50;True;False;False;False;1369;50.50;25.50;True;False;False;False;1;14.665083403739118;0;14.665083403739118;14.665083403739118
884;49.50;14.50;True;False;False;False;1412;49.50;26.50;True;False;False;False;1;26.568269882372533;0;26.568269882372533;26.568269882372533
885;50.50;14.50;True;False;False;False;12;61.50;3.50;False;False;True;False;1;118.87750359646157;0;118.87750359646157;118.87750359646157
885;50.50;14.50;True;False;False;False;28;61.50;9.50;False;False;True;False;1;76.52676445626821;0;76.52676445626821;76.52676445626821
885;50.50;14.50;True;False;False;False;44;61.50;15.50;False;False;True;False;2;149.0178091015423;50.31284830927408;144.00219107834346;154.03342712474114
885;50.50;14.50;True;False;False;False;60;61.50;21.50;False;False;True;False;2;78.73063735245069;1656.4403032926066;49.95182306752395;107.50945163737742
885;50.50;14.50;True;False;False;False;92;0.50;12.50;False;True;False;False;1;260.0620442426625;0;260.0620442426625;260.0620442426625
885;50.50;14.50;True;False;False;False;426;31.50;4.50;True;False;False;False;1;29.291857444230118;0;29.291857444230118;29.291857444230118
885;50.50;14.50;True;False;False;False;579;52.50;7.50;True;False;False;False;1;12.358951536421955;0;12.358951536421955;12.358951536421955
885;50.50;14.50;True;False;False;False;821;30.50;13.50;True;False;False;False;1;21.19861390411461;0;21.19861390411461;21.19861390411461
885;50.50;14.50;True;False;False;False;822;31.50;13.50;True;False;False;False;1;19.80555555555111;0;19.80555555555111;19.80555555555111
885;50.50;14.50;True;False;False;False;838;47.50;13.50;True;False;False;False;1;9.115735945437336;0;9.115735945437336;9.115735945437336
885;50.50;14.50;True;False;False;False;867;32.50;14.50;True;False;False;False;1;15.665187582825865;0;15.665187582825865;15.665187582825865
885;50.50;14.50;True;False;False;False;940;17.50;16.50;True;False;False;False;1;30.19648227856851;0;30.19648227856851;30.19648227856851
886;51.50;14.50;True;False;False;False;28;61.50;9.50;False;False;True;False;1;135.27416706838994;0;135.27416706838994;135.27416706838994
886;51.50;14.50;True;False;False;False;44;61.50;15.50;False;False;True;False;2;93.93134439399819;645.6461219906437;75.9640668875054;111.89862190049098
886;51.50;14.50;True;False;False;False;681;22.50;10.50;True;False;False;False;1;28.645007192921184;0;28.645007192921184;28.645007192921184
886;51.50;14.50;True;False;False;False;821;30.50;13.50;True;False;False;False;1;46.177229415137845;0;46.177229415137845;46.177229415137845
886;51.50;14.50;True;False;False;False;827;36.50;13.50;True;False;False;False;1;16.631482278576385;0;16.631482278576385;16.631482278576385
886;51.50;14.50;True;False;False;False;865;30.50;14.50;True;False;False;False;1;17.13611111110913;0;17.13611111110913;17.13611111110913
887;52.50;14.50;True;False;False;False;28;61.50;9.50;False;False;True;False;9;99.239301154869;110.53622709905193;80.29077777951579;113.78897948556187
887;52.50;14.50;True;False;False;False;44;61.50;15.50;False;False;True;False;7;90.83430754947453;680.5044303384346;69.49408366463467;132.74676765099503
887;52.50;14.50;True;False;False;False;60;61.50;21.50;False;False;True;False;4;105.07781368322935;69.19804805188308;95.047872372641;112.44148627676623
887;52.50;14.50;True;False;False;False;76;0.50;6.50;False;True;False;False;1;536.4486283090082;0;536.4486283090082;536.4486283090082
887;52.50;14.50;True;False;False;False;108;0.50;18.50;False;True;False;False;2;537.9954220899494;1840.0067162235541;507.6638649569604;568.3269792229385
887;52.50;14.50;True;False;False;False;124;0.50;24.50;False;True;False;False;1;553.508593970244;0;553.508593970244;553.508593970244
887;52.50;14.50;True;False;False;False;733;30.50;11.50;True;False;False;False;1;23.74148627676243;0;23.74148627676243;23.74148627676243
887;52.50;14.50;True;False;False;False;734;31.50;11.50;True;False;False;False;1;24.276948040903335;0;24.276948040903335;24.276948040903335
887;52.50;14.50;True;False;False;False;821;30.50;13.50;True;False;False;False;3;21.44459863364121;0.26789166859136726;21.129264054539362;22.04194165143781
887;52.50;14.50;True;False;False;False;822;31.50;13.50;True;False;False;False;4;31.802506263087025;149.32508976337533;21.122172713225154;47.95616143804364
887;52.50;14.50;True;False;False;False;823;32.50;13.50;True;False;False;False;1;20.24304876435849;0;20.24304876435849;20.24304876435849
887;52.50;14.50;True;False;False;False;864;29.50;14.50;True;False;False;False;1;29.18625392949616;0;29.18625392949616;29.18625392949616
887;52.50;14.50;True;False;False;False;865;30.50;14.50;True;False;False;False;3;18.77186261163327;1.7325230030251566;17.653152943428722;20.222222222223536
887;52.50;14.50;True;False;False;False;866;31.50;14.50;True;False;False;False;1;18.24760777553456;0;18.24760777553456;18.24760777553456
887;52.50;14.50;True;False;False;False;867;32.50;14.50;True;False;False;False;2;19.125001597367373;1.1277890980588767;18.374072473528486;19.87593072120626
887;52.50;14.50;True;False;False;False;958;35.50;16.50;True;False;False;False;1;20.00194804090279;0;20.00194804090279;20.00194804090279
887;52.50;14.50;True;False;False;False;968;45.50;16.50;True;False;False;False;1;14.214999999996508;0;14.214999999996508;14.214999999996508
887;52.50;14.50;True;False;False;False;989;22.50;17.50;True;False;False;False;1;29.642691179287795;0;29.642691179287795;29.642691179287795
887;52.50;14.50;True;False;False;False;1014;47.50;17.50;True;False;False;False;1;12.384519256915155;0;12.384519256915155;12.384519256915155
887;52.50;14.50;True;False;False;False;1369;50.50;25.50;True;False;False;False;1;16.30215241984115;0;16.30215241984115;16.30215241984115
887;52.50;14.50;True;False;False;False;1414;51.50;26.50;True;False;False;False;1;16.59407966645813;0;16.59407966645813;16.59407966645813
887;52.50;14.50;True;False;False;False;1415;52.50;26.50;True;False;False;False;1;21.690578703079154;0;21.690578703079154;21.690578703079154
935;12.50;16.50;True;False;False;False;28;61.50;9.50;False;False;True;False;1;88.26574313836682;0;88.26574313836682;88.26574313836682
935;12.50;16.50;True;False;False;False;60;61.50;21.50;False;False;True;False;1;95.96522220502084;0;95.96522220502084;95.96522220502084
935;12.50;16.50;True;False;False;False;869;34.50;14.50;True;False;False;False;1;22.895652541687014;0;22.895652541687014;22.895652541687014
935;12.50;16.50;True;False;False;False;1018;51.50;17.50;True;False;False;False;1;33.092680791622115;0;33.092680791622115;33.092680791622115
937;14.50;16.50;True;False;False;False;60;61.50;21.50;False;False;True;False;1;83.27299761045742;0;83.27299761045742;83.27299761045742
937;14.50;16.50;True;False;False;False;559;32.50;7.50;True;False;False;False;1;24.793608318101178;0;24.793608318101178;24.793608318101178
937;14.50;16.50;True;False;False;False;693;34.50;10.50;True;False;False;False;1;25.127128430809307;0;25.127128430809307;25.127128430809307
939;16.50;16.50;True;False;False;False;44;61.50;15.50;False;False;True;False;2;87.69902478388121;1379.4921289715705;61.43600773545768;113.96204183230475
939;16.50;16.50;True;False;False;False;750;47.50;11.50;True;False;False;False;1;31.47640526428586;0;31.47640526428586;31.47640526428586
940;17.50;16.50;True;False;False;False;28;61.50;9.50;False;False;True;False;3;97.27947997424796;796.5086006042998;65.25805915201454;118.53233279075357
940;17.50;16.50;True;False;False;False;60;61.50;21.50;False;False;True;False;1;71.09296536059992;0;71.09296536059992;71.09296536059992
940;17.50;16.50;True;False;False;False;481;42.50;5.50;True;False;False;False;1;30.822061804192344;0;30.822061804192344;30.822061804192344
940;17.50;16.50;True;False;False;False;708;49.50;10.50;True;False;False;False;1;33.32425232448077;0;33.32425232448077;33.32425232448077
940;17.50;16.50;True;False;False;False;882;47.50;14.50;True;False;False;False;1;28.316759654630914;0;28.316759654630914;28.316759654630914
940;17.50;16.50;True;False;False;False;887;52.50;14.50;True;False;False;False;1;51.25638929060915;0;51.25638929060915;51.25638929060915
942;19.50;16.50;True;False;False;False;12;61.50;3.50;False;False;True;False;1;95.98157367869499;0;95.98157367869499;95.98157367869499
942;19.50;16.50;True;False;False;False;840;49.50;13.50;True;False;False;False;1;28.801013321528444;0;28.801013321528444;28.801013321528444
945;22.50;16.50;True;False;False;False;28;61.50;9.50;False;False;True;False;1;132.03809381223437;0;132.03809381223437;132.03809381223437
947;24.50;16.50;True;False;False;False;12;61.50;3.50;False;False;True;False;1;120.72908046988596;0;120.72908046988596;120.72908046988596
947;24.50;16.50;True;False;False;False;821;30.50;13.50;True;False;False;False;1;14.27653451932565;0;14.27653451932565;14.27653451932565
948;25.50;16.50;True;False;False;False;28;61.50;9.50;False;False;True;False;1;91.35722941514814;0;91.35722941514814;91.35722941514814
948;25.50;16.50;True;False;False;False;998;31.50;17.50;True;False;False;False;1;10.786895337179885;0;10.786895337179885;10.786895337179885
949;26.50;16.50;True;False;False;False;108;0.50;18.50;False;True;False;False;1;31.290187582825737;0;31.290187582825737;31.290187582825737
949;26.50;16.50;True;False;False;False;821;30.50;13.50;True;False;False;False;1;22.421114305849187;0;22.421114305849187;22.421114305849187
950;27.50;16.50;True;False;False;False;12;61.50;3.50;False;False;True;False;1;128.2392664458348;0;128.2392664458348;128.2392664458348
950;27.50;16.50;True;False;False;False;820;29.50;13.50;True;False;False;False;1;10.408708498984197;0;10.408708498984197;10.408708498984197
952;29.50;16.50;True;False;False;False;12;61.50;3.50;False;False;True;False;2;135.96055435992093;86.63132366578927;129.3790908575611;142.54201786228077
952;29.50;16.50;True;False;False;False;28;61.50;9.50;False;False;True;False;1;122.85268798454535;0;122.85268798454535;122.85268798454535
952;29.50;16.50;True;False;False;False;733;30.50;11.50;True;False;False;False;1;20.849545428780402;0;20.849545428780402;20.849545428780402
952;29.50;16.50;True;False;False;False;734;31.50;11.50;True;False;False;False;1;36.138419931798126;0;36.138419931798126;36.138419931798126
952;29.50;16.50;True;False;False;False;849;14.50;14.50;True;False;False;False;1;19.27963202726096;0;19.27963202726096;19.27963202726096
953;30.50;16.50;True;False;False;False;12;61.50;3.50;False;False;True;False;1;57.99083692979366;0;57.99083692979366;57.99083692979366
953;30.50;16.50;True;False;False;False;28;61.50;9.50;False;False;True;False;1;93.79084412270277;0;93.79084412270277;93.79084412270277
953;30.50;16.50;True;False;False;False;60;61.50;21.50;False;False;True;False;2;85.47681933880722;131.8641786404639;77.35696162329077;93.59667705432366
953;30.50;16.50;True;False;False;False;483;44.50;5.50;True;False;False;False;1;30.16213162555505;0;30.16213162555505;30.16213162555505
953;30.50;16.50;True;False;False;False;820;29.50;13.50;True;False;False;False;1;14.44768554633265;0;14.44768554633265;14.44768554633265
953;30.50;16.50;True;False;False;False;821;30.50;13.50;True;False;False;False;1;18.94897948556718;0;18.94897948556718;18.94897948556718
953;30.50;16.50;True;False;False;False;822;31.50;13.50;True;False;False;False;1;9.059535041122217;0;9.059535041122217;9.059535041122217
953;30.50;16.50;True;False;False;False;828;37.50;13.50;True;False;False;False;1;20.46769117927397;0;20.46769117927397;20.46769117927397
953;30.50;16.50;True;False;False;False;975;52.50;16.50;True;False;False;False;1;17.687054611264102;0;17.687054611264102;17.687054611264102
953;30.50;16.50;True;False;False;False;1004;37.50;17.50;True;False;False;False;1;11.218617902304686;0;11.218617902304686;11.218617902304686
953;30.50;16.50;True;False;False;False;1014;47.50;17.50;True;False;False;False;1;19.40277777778101;0;19.40277777778101;19.40277777778101
953;30.50;16.50;True;False;False;False;1100;45.50;19.50;True;False;False;False;1;26.82426485799442;0;26.82426485799442;26.82426485799442
953;30.50;16.50;True;False;False;False;1239;52.50;22.50;True;False;False;False;1;26.931200904346042;0;26.931200904346042;26.931200904346042
954;31.50;16.50;True;False;False;False;60;61.50;21.50;False;False;True;False;1;87.9166594737435;0;87.9166594737435;87.9166594737435
954;31.50;16.50;True;False;False;False;579;52.50;7.50;True;False;False;False;1;27.269318686598126;0;27.269318686598126;27.269318686598126
955;32.50;16.50;True;False;False;False;44;61.50;15.50;False;False;True;False;2;100.97384558963131;64.15191924395266;95.31028137422982;106.6374098050328
955;32.50;16.50;True;False;False;False;92;0.50;12.50;False;True;False;False;1;237.63444124971556;0;237.63444124971556;237.63444124971556
955;32.50;16.50;True;False;False;False;108;0.50;18.50;False;True;False;False;2;570.7297446991615;1241.8835592133937;545.8110412897404;595.6484481085827
955;32.50;16.50;True;False;False;False;822;31.50;13.50;True;False;False;False;1;10.133333333331393;0;10.133333333331393;10.133333333331393
955;32.50;16.50;True;False;False;False;835;44.50;13.50;True;False;False;False;1;17.755555555556384;0;17.755555555556384;17.755555555556384
955;32.50;16.50;True;False;False;False;840;49.50;13.50;True;False;False;False;1;21.056948040904444;0;21.056948040904444;21.056948040904444
955;32.50;16.50;True;False;False;False;959;36.50;16.50;True;False;False;False;1;6.713982680297704;0;6.713982680297704;6.713982680297704
955;32.50;16.50;True;False;False;False;969;46.50;16.50;True;False;False;False;1;12.844401777430903;0;12.844401777430903;12.844401777430903
955;32.50;16.50;True;False;False;False;1001;34.50;17.50;True;False;False;False;1;7.625;0;7.625;7.625
957;34.50;16.50;True;False;False;False;44;61.50;15.50;False;False;True;False;4;94.59602211656784;46.842589187055786;88.36981961009405;104.11481641536011
957;34.50;16.50;True;False;False;False;60;61.50;21.50;False;False;True;False;1;102.39392324662913;0;102.39392324662913;102.39392324662913
957;34.50;16.50;True;False;False;False;669;10.50;10.50;True;False;False;False;1;26.762312818897044;0;26.762312818897044;26.762312818897044
957;34.50;16.50;True;False;False;False;821;30.50;13.50;True;False;False;False;1;11.98547215180588;0;11.98547215180588;11.98547215180588
957;34.50;16.50;True;False;False;False;822;31.50;13.50;True;False;False;False;2;15.177177325610955;28.352490565705622;11.41204183231821;18.9423128189037
957;34.50;16.50;True;False;False;False;1099;44.50;19.50;True;False;False;False;1;15.432296826129459;0;15.432296826129459;15.432296826129459
958;35.50;16.50;True;False;False;False;44;61.50;15.50;False;False;True;False;2;56.59134039581295;945.645355535718;34.84685424948475;78.33582654214115
958;35.50;16.50;True;False;False;False;820;29.50;13.50;True;False;False;False;1;12.594426863881381;0;12.594426863881381;12.594426863881381
958;35.50;16.50;True;False;False;False;969;46.50;16.50;True;False;False;False;1;11.377590194941149;0;11.377590194941149;11.377590194941149
958;35.50;16.50;True;False;False;False;999;32.50;17.50;True;False;False;False;1;8.429159072019502;0;8.429159072019502;8.429159072019502
959;36.50;16.50;True;False;False;False;44;61.50;15.50;False;False;True;False;3;125.17054178534454;839.4740519949223;102.07723002807506;157.6814116024052
959;36.50;16.50;True;False;False;False;60;61.50;21.50;False;False;True;False;1;44.11112308660404;0;44.11112308660404;44.11112308660404
959;36.50;16.50;True;False;False;False;108;0.50;18.50;False;True;False;False;1;556.7746136813803;0;556.7746136813803;556.7746136813803
959;36.50;16.50;True;False;False;False;734;31.50;11.50;True;False;False;False;1;18.243976290830688;0;18.243976290830688;18.243976290830688
959;36.50;16.50;True;False;False;False;820;29.50;13.50;True;False;False;False;1;21.156017319688544;0;21.156017319688544;21.156017319688544
959;36.50;16.50;True;False;False;False;821;30.50;13.50;True;False;False;False;1;16.815641374067127;0;16.815641374067127;16.815641374067127
959;36.50;16.50;True;False;False;False;822;31.50;13.50;True;False;False;False;1;12.542871569190538;0;12.542871569190538;12.542871569190538
959;36.50;16.50;True;False;False;False;843;52.50;13.50;True;False;False;False;1;20.075000000000728;0;20.075000000000728;20.075000000000728
960;37.50;16.50;True;False;False;False;12;61.50;3.50;False;False;True;False;1;105.5791052243344;0;105.5791052243344;105.5791052243344
960;37.50;16.50;True;False;False;False;28;61.50;9.50;False;False;True;False;4;99.80869465435114;69.32520190351482;88.17268798453006;107.95998615311328
960;37.50;16.50;True;False;False;False;44;61.50;15.50;False;False;True;False;4;111.80144091119837;2042.649253225131;56.56519158100491;158.9945334532913
960;37.50;16.50;True;False;False;False;76;0.50;6.50;False;True;False;False;1;608.5864644144422;0;608.5864644144422;608.5864644144422
960;37.50;16.50;True;False;False;False;734;31.50;11.50;True;False;False;False;1;23.30064934697657;0;23.30064934697657;23.30064934697657
960;37.50;16.50;True;False;False;False;821;30.50;13.50;True;False;False;False;1;13.088888888887595;0;13.088888888887595;13.088888888887595
960;37.50;16.50;True;False;False;False;822;31.50;13.50;True;False;False;False;1;14.688333333337141;0;14.688333333337141;14.688333333337141
960;37.50;16.50;True;False;False;False;836;45.50;13.50;True;False;False;False;1;15.079069278768657;0;15.079069278768657;15.079069278768657
960;37.50;16.50;True;False;False;False;866;31.50;14.50;True;False;False;False;1;13.124076471694934;0;13.124076471694934;13.124076471694934
960;37.50;16.50;True;False;False;False;867;32.50;14.50;True;False;False;False;1;12.482683986363554;0;12.482683986363554;12.482683986363554
960;37.50;16.50;True;False;False;False;879;44.50;14.50;True;False;False;False;1;13.22870530424916;0;13.22870530424916;13.22870530424916
960;37.50;16.50;True;False;False;False;1014;47.50;17.50;True;False;False;False;1;14.18817289622848;0;14.18817289622848;14.18817289622848
960;37.50;16.50;True;False;False;False;1018;51.50;17.50;True;False;False;False;1;17.293058348561317;0;17.293058348561317;17.293058348561317
960;37.50;16.50;True;False;False;False;1136;37.50;20.50;True;False;False;False;1;6.066398090442817;0;6.066398090442817;6.066398090442817
962;39.50;16.50;True;False;False;False;12;61.50;3.50;False;False;True;False;3;93.7456196019607;209.3707976544025;80.98536477800735;109.46666347193195
962;39.50;16.50;True;False;False;False;28;61.50;9.50;False;False;True;False;5;92.49107496882024;817.2451935928234;48.651329856857046;120.91102531605429
962;39.50;16.50;True;False;False;False;44;61.50;15.50;False;False;True;False;1;153.97701784327182;0;153.97701784327182;153.97701784327182
962;39.50;16.50;True;False;False;False;60;61.50;21.50;False;False;True;False;2;119.57773807498961;851.6025792325458;98.942784970699;140.21269117928023
962;39.50;16.50;True;False;False;False;349;42.50;2.50;True;False;False;False;1;23.800878017489595;0;23.800878017489595;23.800878017489595
962;39.50;16.50;True;False;False;False;357;50.50;2.50;True;False;False;False;1;30.963055957272445;0;30.963055957272445;30.963055957272445
962;39.50;16.50;True;False;False;False;733;30.50;11.50;True;False;False;False;1;23.874342656688896;0;23.874342656688896;23.874342656688896
962;39.50;16.50;True;False;False;False;820;29.50;13.50;True;False;False;False;2;20.678980681206667;56.07202117542026;15.384076471713342;25.973884890699992
962;39.50;16.50;True;False;False;False;821;30.50;13.50;True;False;False;False;1;16.08676045807806;0;16.08676045807806;16.08676045807806
962;39.50;16.50;True;False;False;False;822;31.50;13.50;True;False;False;False;1;15.51564934696944;0;15.51564934696944;15.51564934696944
962;39.50;16.50;True;False;False;False;864;29.50;14.50;True;False;False;False;1;14.257648518247152;0;14.257648518247152;14.257648518247152
962;39.50;16.50;True;False;False;False;867;32.50;14.50;True;False;False;False;1;12.77953104293465;0;12.77953104293465;12.77953104293465
962;39.50;16.50;True;False;False;False;1009;42.50;17.50;True;False;False;False;1;9.028718886627757;0;9.028718886627757;9.028718886627757
962;39.50;16.50;True;False;False;False;1275;44.50;23.50;True;False;False;False;1;15.249444444445544;0;15.249444444445544;15.249444444445544
963;40.50;16.50;True;False;False;False;12;61.50;3.50;False;False;True;False;1;117.14992059442739;0;117.14992059442739;117.14992059442739
963;40.50;16.50;True;False;False;False;28;61.50;9.50;False;False;True;False;2;139.03107140831617;1160.5714213890335;114.94195123562167;163.12019158101066
963;40.50;16.50;True;False;False;False;44;61.50;15.50;False;False;True;False;2;100.8037621858748;8.525794792209163;98.73908366462638;102.86844070712323
963;40.50;16.50;True;False;False;False;124;0.50;24.50;False;True;False;False;1;583.5977303385662;0;583.5977303385662;583.5977303385662
963;40.50;16.50;True;False;False;False;678;19.50;10.50;True;False;False;False;1;25.775555555548635;0;25.775555555548635;25.775555555548635
963;40.50;16.50;True;False;False;False;820;29.50;13.50;True;False;False;False;1;16.516763652813097;0;16.516763652813097;16.516763652813097
963;40.50;16.50;True;False;False;False;821;30.50;13.50;True;False;False;False;2;16.26112496076712;0.07157037118403946;16.071955233823246;16.450294687710993
963;40.50;16.50;True;False;False;False;862;27.50;14.50;True;False;False;False;1;17.45333333333474;0;17.45333333333474;17.45333333333474
963;40.50;16.50;True;False;False;False;1216;29.50;22.50;True;False;False;False;1;18.35555555555038;0;18.35555555555038;18.35555555555038
964;41.50;16.50;True;False;False;False;108;0.50;18.50;False;True;False;False;1;531.9512456687655;0;531.9512456687655;531.9512456687655
964;41.50;16.50;True;False;False;False;882;47.50;14.50;True;False;False;False;1;12.448423126560101;0;12.448423126560101;12.448423126560101
965;42.50;16.50;True;False;False;False;28;61.50;9.50;False;False;True;False;1;69.78805915201156;0;69.78805915201156;69.78805915201156
965;42.50;16.50;True;False;False;False;44;61.50;15.50;False;False;True;False;7;94.35364988358931;215.72597818491045;72.74528217768602;109.75713242898564
965;42.50;16.50;True;False;False;False;60;61.50;21.50;False;False;True;False;4;113.20392400154788;1036.8115097023217;83.8989834837339;159.0186227039303
965;42.50;16.50;True;False;False;False;76;0.50;6.50;False;True;False;False;1;604.3901089806568;0;604.3901089806568;604.3901089806568
965;42.50;16.50;True;False;False;False;92;0.50;12.50;False;True;False;False;1;263.16963602543;0;263.16963602543;263.16963602543
965;42.50;16.50;True;False;False;False;124;0.50;24.50;False;True;False;False;1;607.8825100049362;0;607.8825100049362;607.8825100049362
965;42.50;16.50;True;False;False;False;331;24.50;2.50;True;False;False;False;1;28.565260598908935;0;28.565260598908935;28.565260598908935
965;42.50;16.50;True;False;False;False;566;39.50;7.50;True;False;False;False;1;14.931741461143247;0;14.931741461143247;14.931741461143247
965;42.50;16.50;True;False;False;False;734;31.50;11.50;True;False;False;False;1;22.527788165434686;0;22.527788165434686;22.527788165434686
965;42.50;16.50;True;False;False;False;821;30.50;13.50;True;False;False;False;2;18.159367420623994;2.8950386990509513;16.95623843771091;19.36249640353708
965;42.50;16.50;True;False;False;False;822;31.50;13.50;True;False;False;False;1;28.100720775232276;0;28.100720775232276;28.100720775232276
965;42.50;16.50;True;False;False;False;823;32.50;13.50;True;False;False;False;2;16.69152757691336;0.029090673092971003;16.570923528281128;16.81213162554559
965;42.50;16.50;True;False;False;False;864;29.50;14.50;True;False;False;False;1;16.78869811133518;0;16.78869811133518;16.78869811133518
965;42.50;16.50;True;False;False;False;880;45.50;14.50;True;False;False;False;1;10.358860901556;0;10.358860901556;10.358860901556
965;42.50;16.50;True;False;False;False;987;20.50;17.50;True;False;False;False;1;21.21879509747305;0;21.21879509747305;21.21879509747305
965;42.50;16.50;True;False;False;False;1099;44.50;19.50;True;False;False;False;1;10.20335984427038;0;10.20335984427038;10.20335984427038
965;42.50;16.50;True;False;False;False;1100;45.50;19.50;True;False;False;False;1;10.80277777777519;0;10.80277777777519;10.80277777777519
965;42.50;16.50;True;False;False;False;1106;51.50;19.50;True;False;False;False;1;14.804628832534945;0;14.804628832534945;14.804628832534945
965;42.50;16.50;True;False;False;False;1110;11.50;20.50;True;False;False;False;1;30.5350905966734;0;30.5350905966734;30.5350905966734
967;44.50;16.50;True;False;False;False;44;61.50;15.50;False;False;True;False;4;115.45695323473251;412.6103087673611;86.39666666666608;131.21029176189631
967;44.50;16.50;True;False;False;False;60;61.50;21.50;False;False;True;False;2;128.59119811131222;1933.084231663323;97.50193765321092;159.68045856941353
967;44.50;16.50;True;False;False;False;483;44.50;5.50;True;False;False;False;1;11.918708498989872;0;11.918708498989872;11.918708498989872
967;44.50;16.50;True;False;False;False;573;46.50;7.50;True;False;False;False;1;14.713888888889414;0;14.713888888889414;14.713888888889414
967;44.50;16.50;True;False;False;False;734;31.50;11.50;True;False;False;False;1;19.67166666666685;0;19.67166666666685;19.67166666666685
967;44.50;16.50;True;False;False;False;1006;39.50;17.50;True;False;False;False;1;10.176305886874616;0;10.176305886874616;10.176305886874616
967;44.50;16.50;True;False;False;False;1017;50.50;17.50;True;False;False;False;1;11.148239541911607;0;11.148239541911607;11.148239541911607
967;44.50;16.50;True;False;False;False;1102;47.50;19.50;True;False;False;False;1;11.137950974758951;0;11.137950974758951;11.137950974758951
968;45.50;16.50;True;False;False;False;12;61.50;3.50;False;False;True;False;1;104.15250759464107;0;104.15250759464107;104.15250759464107
968;45.50;16.50;True;False;False;False;28;61.50;9.50;False;False;True;False;1;75.26037197091682;0;75.26037197091682;75.26037197091682
968;45.50;16.50;True;False;False;False;44;61.50;15.50;False;False;True;False;4;112.5012521999534;282.4079539246779;96.74472262394943;133.29129869393728
968;45.50;16.50;True;False;False;False;60;61.50;21.50;False;False;True;False;1;163.53713562371922;0;163.53713562371922;163.53713562371922
968;45.50;16.50;True;False;False;False;92;0.50;12.50;False;True;False;False;1;258.59193283367495;0;258.59193283367495;258.59193283367495
968;45.50;16.50;True;False;False;False;733;30.50;11.50;True;False;False;False;1;21.36480922243959;0;21.36480922243959;21.36480922243959
968;45.50;16.50;True;False;False;False;820;29.50;13.50;True;False;False;False;1;27.440187582825274;0;27.440187582825274;27.440187582825274
968;45.50;16.50;True;False;False;False;821;30.50;13.50;True;False;False;False;2;27.29671356236031;105.93619436353872;20.01879509745777;34.57463202726285
968;45.50;16.50;True;False;False;False;822;31.50;13.50;True;False;False;False;1;19.296760458079916;0;19.296760458079916;19.296760458079916
968;45.50;16.50;True;False;False;False;991;24.50;17.50;True;False;False;False;1;20.46757580913072;0;20.46757580913072;20.46757580913072
968;45.50;16.50;True;False;False;False;1278;47.50;23.50;True;False;False;False;1;12.262319208348345;0;12.262319208348345;12.262319208348345
968;45.50;16.50;True;False;False;False;1370;51.50;25.50;True;False;False;False;1;17.46584890529266;0;17.46584890529266;17.46584890529266
969;46.50;16.50;True;False;False;False;44;61.50;15.50;False;False;True;False;4;112.7285191179351;143.52645688476514;99.89231601364008;128.62879190274634
969;46.50;16.50;True;False;False;False;92;0.50;12.50;False;True;False;False;2;261.8055671483776;2.861361658294926;260.60945643897503;263.0016778577801
969;46.50;16.50;True;False;False;False;108;0.50;18.50;False;True;False;False;1;562.2886365697682;0;562.2886365697682;562.2886365697682
969;46.50;16.50;True;False;False;False;734;31.50;11.50;True;False;False;False;1;20.667861181536864;0;20.667861181536864;20.667861181536864
969;46.50;16.50;True;False;False;False;821;30.50;13.50;True;False;False;False;2;23.054081263815533;13.698739168882486;20.43695123562793;25.671211292003136
969;46.50;16.50;True;False;False;False;822;31.50;13.50;True;False;False;False;1;19.105000000002292;0;19.105000000002292;19.105000000002292
969;46.50;16.50;True;False;False;False;840;49.50;13.50;True;False;False;False;1;11.857770584854734;0;11.857770584854734;11.857770584854734
969;46.50;16.50;True;False;False;False;1100;45.50;19.50;True;False;False;False;1;9.640187582823273;0;9.640187582823273;9.640187582823273
969;46.50;16.50;True;False;False;False;1104;49.50;19.50;True;False;False;False;1;10.928888888888878;0;10.928888888888878;10.928888888888878
970;47.50;16.50;True;False;False;False;12;61.50;3.50;False;False;True;False;1;80.70770156694198;0;80.70770156694198;80.70770156694198
970;47.50;16.50;True;False;False;False;28;61.50;9.50;False;False;True;False;4;107.18995204338131;748.9708864340708;76.3998323890446;142.9330010562262
970;47.50;16.50;True;False;False;False;44;61.50;15.50;False;False;True;False;5;109.99610275837622;846.768272003657;75.45558354289278;145.17445163735465
970;47.50;16.50;True;False;False;False;76;0.50;6.50;False;True;False;False;1;531.9133684945018;0;531.9133684945018;531.9133684945018
970;47.50;16.50;True;False;False;False;569;42.50;7.50;True;False;False;False;1;17.74842712474674;0;17.74842712474674;17.74842712474674
970;47.50;16.50;True;False;False;False;734;31.50;11.50;True;False;False;False;1;28.96991735276424;0;28.96991735276424;28.96991735276424
970;47.50;16.50;True;False;False;False;806;15.50;13.50;True;False;False;False;1;30.8327745830411;0;30.8327745830411;30.8327745830411
970;47.50;16.50;True;False;False;False;820;29.50;13.50;True;False;False;False;1;21.173059152009955;0;21.173059152009955;21.173059152009955
970;47.50;16.50;True;False;False;False;821;30.50;13.50;True;False;False;False;1;25.03380229039658;0;25.03380229039658;25.03380229039658
970;47.50;16.50;True;False;False;False;864;29.50;14.50;True;False;False;False;1;27.597777777775264;0;27.597777777775264;27.597777777775264
970;47.50;16.50;True;False;False;False;975;52.50;16.50;True;False;False;False;1;7.086204902523605;0;7.086204902523605;7.086204902523605
970;47.50;16.50;True;False;False;False;1014;47.50;17.50;True;False;False;False;1;3.4359307212066597;0;3.4359307212066597;3.4359307212066597
970;47.50;16.50;True;False;False;False;1234;47.50;22.50;True;False;False;False;1;8.170274181316017;0;8.170274181316017;8.170274181316017
970;47.50;16.50;True;False;False;False;1365;46.50;25.50;True;False;False;False;1;13.76388888888323;0;13.76388888888323;13.76388888888323
970;47.50;16.50;True;False;False;False;1410;47.50;26.50;True;False;False;False;1;10.58500319473751;0;10.58500319473751;10.58500319473751
972;49.50;16.50;True;False;False;False;12;61.50;3.50;False;False;True;False;1;104.17841059288276;0;104.17841059288276;104.17841059288276
972;49.50;16.50;True;False;False;False;28;61.50;9.50;False;False;True;False;5;76.0944201039465;1423.3701013417442;38.04129869393364;123.49168024904793
972;49.50;16.50;True;False;False;False;44;61.50;15.50;False;False;True;False;2;92.63839767225727;758.0659828379314;73.16962802908347;112.10716731543107
972;49.50;16.50;True;False;False;False;304;41.50;1.50;True;False;False;False;1;22.549421277843066;0;22.549421277843066;22.549421277843066
972;49.50;16.50;True;False;False;False;823;32.50;13.50;True;False;False;False;1;31.030184388089765;0;31.030184388089765;31.030184388089765
972;49.50;16.50;True;False;False;False;841;50.50;13.50;True;False;False;False;2;11.543151346063041;9.512085494310282;9.36231601363761;13.723986678488473
972;49.50;16.50;True;False;False;False;865;30.50;14.50;True;False;False;False;1;36.005549166083256;0;36.005549166083256;36.005549166083256
972;49.50;16.50;True;False;False;False;998;31.50;17.50;True;False;False;False;1;18.51388888888914;0;18.51388888888914;18.51388888888914
972;49.50;16.50;True;False;False;False;1017;50.50;17.50;True;False;False;False;1;6.538712497153028;0;6.538712497153028;6.538712497153028
972;49.50;16.50;True;False;False;False;1106;51.50;19.50;True;False;False;False;1;10.059451637365783;0;10.059451637365783;10.059451637365783
973;50.50;16.50;True;False;False;False;12;61.50;3.50;False;False;True;False;1;114.09778177596581;0;114.09778177596581;114.09778177596581
973;50.50;16.50;True;False;False;False;44;61.50;15.50;False;False;True;False;3;115.28172520244398;16.006414195677767;112.73619292703324;119.89314575050832
973;50.50;16.50;True;False;False;False;733;30.50;11.50;True;False;False;False;1;24.29398587503715;0;24.29398587503715;24.29398587503715
973;50.50;16.50;True;False;False;False;822;31.50;13.50;True;False;False;False;1;30.199815611908434;0;30.199815611908434;30.199815611908434
973;50.50;16.50;True;False;False;False;823;32.50;13.50;True;False;False;False;1;20.845367972729946;0;20.845367972729946;20.845367972729946
973;50.50;16.50;True;False;False;False;865;30.50;14.50;True;False;False;False;1;22.85907647170825;0;22.85907647170825;22.85907647170825
974;51.50;16.50;True;False;False;False;28;61.50;9.50;False;False;True;False;1;93.04094910524145;0;93.04094910524145;93.04094910524145
974;51.50;16.50;True;False;False;False;44;61.50;15.50;False;False;True;False;2;113.74302249998709;1858.7562454825213;83.2573189204195;144.2287260795547
974;51.50;16.50;True;False;False;False;822;31.50;13.50;True;False;False;False;2;23.222602449527585;0.17889952720982788;22.923520916154303;23.521683982900868
974;51.50;16.50;True;False;False;False;867;32.50;14.50;True;False;False;False;1;21.142389029736933;0;21.142389029736933;21.142389029736933
975;52.50;16.50;True;False;False;False;12;61.50;3.50;False;False;True;False;2;105.60465095477139;89.12667466487737;98.92907327696412;112.28022863257866
975;52.50;16.50;True;False;False;False;28;61.50;9.50;False;False;True;False;3;82.5691429974983;392.5187962801257;65.24518438808445;104.17056355191198
975;52.50;16.50;True;False;False;False;44;61.50;15.50;False;False;True;False;8;77.91781867858809;741.8413920738865;47.78203463939508;129.50909564010544
975;52.50;16.50;True;False;False;False;60;61.50;21.50;False;False;True;False;5;75.29903863757917;809.7655261810952;42.129076471712324;119.0417580667854
975;52.50;16.50;True;False;False;False;108;0.50;18.50;False;True;False;False;1;516.1919672283764;0;516.1919672283764;516.1919672283764
975;52.50;16.50;True;False;False;False;300;37.50;1.50;True;False;False;False;1;28.966298981858927;0;28.966298981858927;28.966298981858927
975;52.50;16.50;True;False;False;False;623;52.50;8.50;True;False;False;False;1;9.832965360608796;0;9.832965360608796;9.832965360608796
975;52.50;16.50;True;False;False;False;732;29.50;11.50;True;False;False;False;1;36.34970582777896;0;36.34970582777896;36.34970582777896
975;52.50;16.50;True;False;False;False;820;29.50;13.50;True;False;False;False;1;25.44722222222481;0;25.44722222222481;25.44722222222481
975;52.50;16.50;True;False;False;False;821;30.50;13.50;True;False;False;False;1;24.333888888890215;0;24.333888888890215;24.333888888890215
975;52.50;16.50;True;False;False;False;822;31.50;13.50;True;False;False;False;1;24.29413538555673;0;24.29413538555673;24.29413538555673
975;52.50;16.50;True;False;False;False;823;32.50;13.50;True;False;False;False;1;23.412316013633244;0;23.412316013633244;23.412316013633244
975;52.50;16.50;True;False;False;False;865;30.50;14.50;True;False;False;False;1;24.810836929796096;0;24.810836929796096;24.810836929796096
975;52.50;16.50;True;False;False;False;867;32.50;14.50;True;False;False;False;2;21.822726463095194;0.5198284648900162;21.312908620679877;22.33254430551051
975;52.50;16.50;True;False;False;False;874;39.50;14.50;True;False;False;False;1;17.50711645532465;0;17.50711645532465;17.50711645532465
975;52.50;16.50;True;False;False;False;998;31.50;17.50;True;False;False;False;1;20.458645889613308;0;20.458645889613308;20.458645889613308
975;52.50;16.50;True;False;False;False;1011;44.50;17.50;True;False;False;False;1;26.917761000642713;0;26.917761000642713;26.917761000642713
975;52.50;16.50;True;False;False;False;1014;47.50;17.50;True;False;False;False;1;10.428152943433815;0;10.428152943433815;10.428152943433815
975;52.50;16.50;True;False;False;False;1107;52.50;19.50;True;False;False;False;1;5.188139361036747;0;5.188139361036747;5.188139361036747
975;52.50;16.50;True;False;False;False;1151;52.50;20.50;True;False;False;False;1;6.072871569193012;0;6.072871569193012;6.072871569193012
975;52.50;16.50;True;False;False;False;1275;44.50;23.50;True;False;False;False;1;17.37796536060705;0;17.37796536060705;17.37796536060705
975;52.50;16.50;True;False;False;False;1384;21.50;26.50;True;False;False;False;1;34.1104617641322;0;34.1104617641322;34.1104617641322
975;52.50;16.50;True;False;False;False;1409;46.50;26.50;True;False;False;False;1;17.711101526880157;0;17.711101526880157;17.711101526880157
976;9.50;17.50;True;False;False;False;60;61.50;21.50;False;False;True;False;1;99.81796296931861;0;99.81796296931861;99.81796296931861
976;9.50;17.50;True;False;False;False;999;32.50;17.50;True;False;False;False;1;19.01712843080935;0;19.01712843080935;19.01712843080935
976;9.50;17.50;True;False;False;False;1099;44.50;19.50;True;False;False;False;1;32.153435121130315;0;32.153435121130315;32.153435121130315
977;10.50;17.50;True;False;False;False;28;61.50;9.50;False;False;True;False;1;75.39278497068881;0;75.39278497068881;75.39278497068881
977;10.50;17.50;True;False;False;False;1369;50.50;25.50;True;False;False;False;1;38.814365038884716;0;38.814365038884716;38.814365038884716
979;12.50;17.50;True;False;False;False;28;61.50;9.50;False;False;True;False;1;103.17833333332965;0;103.17833333332965;103.17833333332965
979;12.50;17.50;True;False;False;False;568;41.50;7.50;True;False;False;False;1;33.829906208578905;0;33.829906208578905;33.829906208578905
981;14.50;17.50;True;False;False;False;988;21.50;17.50;True;False;False;False;1;8.052222222222326;0;8.052222222222326;8.052222222222326
982;15.50;17.50;True;False;False;False;44;61.50;15.50;False;False;True;False;1;145.61805248810924;0;145.61805248810924;145.61805248810924
982;15.50;17.50;True;False;False;False;688;29.50;10.50;True;False;False;False;1;28.33203463938844;0;28.33203463938844;28.33203463938844
983;16.50;17.50;True;False;False;False;60;61.50;21.50;False;False;True;False;1;159.37519238443565;0;159.37519238443565;159.37519238443565
983;16.50;17.50;True;False;False;False;108;0.50;18.50;False;True;False;False;1;566.298360536264;0;566.298360536264;566.298360536264
983;16.50;17.50;True;False;False;False;964;41.50;16.50;True;False;False;False;1;23.32562057528321;0;23.32562057528321;23.32562057528321
983;16.50;17.50;True;False;False;False;1096;41.50;19.50;True;False;False;False;1;26.362868374453683;0;26.362868374453683;26.362868374453683
986;19.50;17.50;True;False;False;False;28;61.50;9.50;False;False;True;False;1;240.08175726334775;0;240.08175726334775;240.08175726334775
986;19.50;17.50;True;False;False;False;44;61.50;15.50;False;False;True;False;1;135.3285241108788;0;135.3285241108788;135.3285241108788
986;19.50;17.50;True;False;False;False;573;46.50;7.50;True;False;False;False;1;31.694174261303488;0;31.694174261303488;31.694174261303488
986;19.50;17.50;True;False;False;False;1278;47.50;23.50;True;False;False;False;1;29.83953823585398;0;29.83953823585398;29.83953823585398
987;20.50;17.50;True;False;False;False;28;61.50;9.50;False;False;True;False;1;55.658045569629394;0;55.658045569629394;55.658045569629394
987;20.50;17.50;True;False;False;False;44;61.50;15.50;False;False;True;False;3;84.48978408663486;28.99799950062731;78.66277458303011;89.28277538648763
987;20.50;17.50;True;False;False;False;577;50.50;7.50;True;False;False;False;1;33.319318379646575;0;33.319318379646575;33.319318379646575
987;20.50;17.50;True;False;False;False;613;42.50;8.50;True;False;False;False;1;27.789913401506055;0;27.789913401506055;27.789913401506055
987;20.50;17.50;True;False;False;False;1019;52.50;17.50;True;False;False;False;1;25.31303357505385;0;25.31303357505385;25.31303357505385
988;21.50;17.50;True;False;False;False;28;61.50;9.50;False;False;True;False;1;80.64778308938548;0;80.64778308938548;80.64778308938548
988;21.50;17.50;True;False;False;False;44;61.50;15.50;False;False;True;False;1;93.64610871981495;0;93.64610871981495;93.64610871981495
988;21.50;17.50;True;False;False;False;60;61.50;21.50;False;False;True;False;2;97.42389088798564;258.21273989948025;86.06139248535692;108.78638929061435
988;21.50;17.50;True;False;False;False;108;0.50;18.50;False;True;False;False;1;558.4980543694492;0;558.4980543694492;558.4980543694492
988;21.50;17.50;True;False;False;False;313;50.50;1.50;True;False;False;False;1;38.756284043728556;0;38.756284043728556;38.756284043728556
988;21.50;17.50;True;False;False;False;562;35.50;7.50;True;False;False;False;1;23.450920333536487;0;23.450920333536487;23.450920333536487
988;21.50;17.50;True;False;False;False;747;44.50;11.50;True;False;False;False;1;29.751757263345098;0;29.751757263345098;29.751757263345098
988;21.50;17.50;True;False;False;False;1001;34.50;17.50;True;False;False;False;1;13.007038637586447;0;13.007038637586447;13.007038637586447
988;21.50;17.50;True;False;False;False;1226;39.50;22.50;True;False;False;False;1;22.524891822744394;0;22.524891822744394;22.524891822744394
989;22.50;17.50;True;False;False;False;44;61.50;15.50;False;False;True;False;4;98.82050530655124;2822.873970543479;65.01018411360928;177.94209298613714
989;22.50;17.50;True;False;False;False;60;61.50;21.50;False;False;True;False;1;71.03836558318744;0;71.03836558318744;71.03836558318744
989;22.50;17.50;True;False;False;False;292;29.50;1.50;True;False;False;False;1;22.2817356845826;0;22.2817356845826;22.2817356845826
989;22.50;17.50;True;False;False;False;344;37.50;2.50;True;False;False;False;1;47.3926911792787;0;47.3926911792787;47.3926911792787
989;22.50;17.50;True;False;False;False;749;46.50;11.50;True;False;False;False;1;32.4153719709102;0;32.4153719709102;32.4153719709102
989;22.50;17.50;True;False;False;False;1278;47.50;23.50;True;False;False;False;1;28.87842712474685;0;28.87842712474685;28.87842712474685
991;24.50;17.50;True;False;False;False;12;61.50;3.50;False;False;True;False;1;132.65925686161063;0;132.65925686161063;132.65925686161063
991;24.50;17.50;True;False;False;False;28;61.50;9.50;False;False;True;False;1;102.1380791429574;0;102.1380791429574;102.1380791429574
991;24.50;17.50;True;False;False;False;44;61.50;15.50;False;False;True;False;1;175.76398348373914;0;175.76398348373914;175.76398348373914
991;24.50;17.50;True;False;False;False;60;61.50;21.50;False;False;True;False;5;124.77266848331465;4695.327386543311;61.270093791408726;233.52056994139866
991;24.50;17.50;True;False;False;False;336;29.50;2.50;True;False;False;False;1;21.276659473740438;0;21.276659473740438;21.276659473740438
991;24.50;17.50;True;False;False;False;563;36.50;7.50;True;False;False;False;1;21.810649346969512;0;21.810649346969512;21.810649346969512
991;24.50;17.50;True;False;False;False;574;47.50;7.50;True;False;False;False;1;43.3085177214125;0;43.3085177214125;43.3085177214125
991;24.50;17.50;True;False;False;False;703;44.50;10.50;True;False;False;False;1;25.554725818684346;0;25.554725818684346;25.554725818684346
991;24.50;17.50;True;False;False;False;836;45.50;13.50;True;False;False;False;1;26.53526779182903;0;26.53526779182903;26.53526779182903
991;24.50;17.50;True;False;False;False;875;40.50;14.50;True;False;False;False;1;20.430090596692025;0;20.430090596692025;20.430090596692025
991;24.50;17.50;True;False;False;False;1126;27.50;20.50;True;False;False;False;1;11.938988266338129;0;11.938988266338129;11.938988266338129
992;25.50;17.50;True;False;False;False;12;61.50;3.50;False;False;True;False;1;114.05630588686108;0;114.05630588686108;114.05630588686108
992;25.50;17.50;True;False;False;False;44;61.50;15.50;False;False;True;False;2;96.8568995478256;29.659921807200295;93.00593072120546;100.70786837444575
992;25.50;17.50;True;False;False;False;60;61.50;21.50;False;False;True;False;1;59.254819610090635;0;59.254819610090635;59.254819610090635
992;25.50;17.50;True;False;False;False;352;45.50;2.50;True;False;False;False;1;30.548979485560267;0;30.548979485560267;30.548979485560267
992;25.50;17.50;True;False;False;False;579;52.50;7.50;True;False;False;False;1;31.358334136781195;0;31.358334136781195;31.358334136781195
992;25.50;17.50;True;False;False;False;1006;39.50;17.50;True;False;False;False;1;12.964819610091581;0;12.964819610091581;12.964819610091581
992;25.50;17.50;True;False;False;False;1136;37.50;20.50;True;False;False;False;1;17.472316013630916;0;17.472316013630916;17.472316013630916
993;26.50;17.50;True;False;False;False;44;61.50;15.50;False;False;True;False;4;78.36437450260541;1205.2321980628499;36.29685105475073;108.72000080344878
993;26.50;17.50;True;False;False;False;60;61.50;21.50;False;False;True;False;1;134.0355665561383;0;134.0355665561383;134.0355665561383
993;26.50;17.50;True;False;False;False;491;52.50;5.50;True;False;False;False;1;32.18759419313392;0;32.18759419313392;32.18759419313392
993;26.50;17.50;True;False;False;False;617;46.50;8.50;True;False;False;False;1;26.600844122724084;0;26.600844122724084;26.600844122724084
993;26.50;17.50;True;False;False;False;695;36.50;10.50;True;False;False;False;1;18.982349086021713;0;18.982349086021713;18.982349086021713
993;26.50;17.50;True;False;False;False;1369;50.50;25.50;True;False;False;False;1;31.631284327149842;0;31.631284327149842;31.631284327149842
994;27.50;17.50;True;False;False;False;28;61.50;9.50;False;False;True;False;1;196.5057463331168;0;196.5057463331168;196.5057463331168
994;27.50;17.50;True;False;False;False;1004;37.50;17.50;True;False;False;False;1;12.77880229039755;0;12.77880229039755;12.77880229039755
996;29.50;17.50;True;False;False;False;60;61.50;21.50;False;False;True;False;1;87.66722622039379;0;87.66722622039379;87.66722622039379
997;30.50;17.50;True;False;False;False;12;61.50;3.50;False;False;True;False;1;109.0794516373669;0;109.0794516373669;109.0794516373669
997;30.50;17.50;True;False;False;False;695;36.50;10.50;True;False;False;False;1;15.89537197091704;0;15.89537197091704;15.89537197091704
997;30.50;17.50;True;False;False;False;1094;39.50;19.50;True;False;False;False;1;15.096447920841456;0;15.096447920841456;15.096447920841456
997;30.50;17.50;True;False;False;False;1101;46.50;19.50;True;False;False;False;1;18.91240980504881;0;18.91240980504881;18.91240980504881
997;30.50;17.50;True;False;False;False;1138;39.50;20.50;True;False;False;False;1;14.55777777777621;0;14.55777777777621;14.55777777777621
997;30.50;17.50;True;False;False;False;1144;45.50;20.50;True;False;False;False;1;19.764159072012262;0;19.764159072012262;19.764159072012262
997;30.50;17.50;True;False;False;False;1275;44.50;23.50;True;False;False;False;1;24.790742334917013;0;24.790742334917013;24.790742334917013
998;31.50;17.50;True;False;False;False;60;61.50;21.50;False;False;True;False;1;99.78563895931143;0;99.78563895931143;99.78563895931143
998;31.50;17.50;True;False;False;False;691;32.50;10.50;True;False;False;False;1;14.256204902521858;0;14.256204902521858;14.256204902521858
998;31.50;17.50;True;False;False;False;837;46.50;13.50;True;False;False;False;1;35.410353586878045;0;35.410353586878045;35.410353586878045
998;31.50;17.50;True;False;False;False;1018;51.50;17.50;True;False;False;False;1;17.483524110894678;0;17.483524110894678;17.483524110894678
998;31.50;17.50;True;False;False;False;1090;35.50;19.50;True;False;False;False;1;10.698739681026382;0;10.698739681026382;10.698739681026382
998;31.50;17.50;True;False;False;False;1136;37.50;20.50;True;False;False;False;1;12.899211350817495;0;12.899211350817495;12.899211350817495
999;32.50;17.50;True;False;False;False;44;61.50;15.50;False;False;True;False;3;122.4002908104873;830.3433910202332;99.90620251122891;154.8806904346784
999;32.50;17.50;True;False;False;False;60;61.50;21.50;False;False;True;False;4;122.91921369710462;1720.4396940754136;93.85750252853177;184.47212204132666
999;32.50;17.50;True;False;False;False;108;0.50;18.50;False;True;False;False;1;602.9024249943441;0;602.9024249943441;602.9024249943441
999;32.50;17.50;True;False;False;False;704;45.50;10.50;True;False;False;False;1;20.625;0;20.625;20.625
999;32.50;17.50;True;False;False;False;734;31.50;11.50;True;False;False;False;1;10.732777777782758;0;10.732777777782758;10.732777777782758
999;32.50;17.50;True;False;False;False;821;30.50;13.50;True;False;False;False;2;10.958982680296685;0.015932147262340934;10.869729816862673;11.048235543730698
999;32.50;17.50;True;False;False;False;822;31.50;13.50;True;False;False;False;1;9.641861442411027;0;9.641861442411027;9.641861442411027
999;32.50;17.50;True;False;False;False;825;34.50;13.50;True;False;False;False;1;11.415187582824728;0;11.415187582824728;11.415187582824728
999;32.50;17.50;True;False;False;False;843;52.50;13.50;True;False;False;False;1;23.46530092364992;0;23.46530092364992;23.46530092364992
999;32.50;17.50;True;False;False;False;877;42.50;14.50;True;False;False;False;1;25.69870130606796;0;25.69870130606796;25.69870130606796
999;32.50;17.50;True;False;False;False;1085;30.50;19.50;True;False;False;False;1;9.632142816652845;0;9.632142816652845;9.632142816652845
1001;34.50;17.50;True;False;False;False;44;61.50;15.50;False;False;True;False;8;95.92737240262359;767.0876928630898;49.61028456896747;134.2972155682728
1001;34.50;17.50;True;False;False;False;60;61.50;21.50;False;False;True;False;5;119.6554206823661;3082.6159866332678;81.74379429401961;215.75204104791192
1001;34.50;17.50;True;False;False;False;108;0.50;18.50;False;True;False;False;1;589.7471454724182;0;589.7471454724182;589.7471454724182
1001;34.50;17.50;True;False;False;False;732;29.50;11.50;True;False;False;False;1;18.77545004406784;0;18.77545004406784;18.77545004406784
1001;34.50;17.50;True;False;False;False;820;29.50;13.50;True;False;False;False;2;14.351013723224241;0.1286298946302236;14.097409805046482;14.604617641402001
1001;34.50;17.50;True;False;False;False;821;30.50;13.50;True;False;False;False;4;13.533729947745996;1.9044181511958107;12.631854249499156;15.58676045807806
1001;34.50;17.50;True;False;False;False;822;31.50;13.50;True;False;False;False;3;12.110677945305724;0.07659683501574202;11.825176391694185;12.377780972512483
1001;34.50;17.50;True;False;False;False;823;32.50;13.50;True;False;False;False;1;11.51687848405345;0;11.51687848405345;11.51687848405345
1001;34.50;17.50;True;False;False;False;1007;40.50;17.50;True;False;False;False;1;7.462131625532493;0;7.462131625532493;7.462131625532493
1001;34.50;17.50;True;False;False;False;1369;50.50;25.50;True;False;False;False;1;25.671294695748657;0;25.671294695748657;25.671294695748657
1002;35.50;17.50;True;False;False;False;60;61.50;21.50;False;False;True;False;1;93.59444524789114;0;93.59444524789114;93.59444524789114
1002;35.50;17.50;True;False;False;False;1412;49.50;26.50;True;False;False;False;1;25.39379509747232;0;25.39379509747232;25.39379509747232
1003;36.50;17.50;True;False;False;False;60;61.50;21.50;False;False;True;False;1;151.83833813496813;0;151.83833813496813;151.83833813496813
1004;37.50;17.50;True;False;False;False;12;61.50;3.50;False;False;True;False;2;100.96437961407264;5.989262641803821;99.23387930465287;102.69487992349241
1004;37.50;17.50;True;False;False;False;28;61.50;9.50;False;False;True;False;1;78.11000080344093;0;78.11000080344093;78.11000080344093
1004;37.50;17.50;True;False;False;False;44;61.50;15.50;False;False;True;False;6;92.6771908276968;71.38280000512864;78.27750359645142;103.73091953016046
1004;37.50;17.50;True;False;False;False;60;61.50;21.50;False;False;True;False;2;106.7044083381179;440.43192759314206;91.8647330115964;121.5440836646394
1004;37.50;17.50;True;False;False;False;108;0.50;18.50;False;True;False;False;1;530.2860072258891;0;530.2860072258891;530.2860072258891
1004;37.50;17.50;True;False;False;False;675;16.50;10.50;True;False;False;False;1;26.01083373506117;0;26.01083373506117;26.01083373506117
1004;37.50;17.50;True;False;False;False;733;30.50;11.50;True;False;False;False;2;29.055326672577394;213.99812726082283;18.71129150102024;39.399361844134546
1004;37.50;17.50;True;False;False;False;735;32.50;11.50;True;False;False;False;1;20.94777777776835;0;20.94777777776835;20.94777777776835
1004;37.50;17.50;True;False;False;False;803;12.50;13.50;True;False;False;False;1;26.187780972513792;0;26.187780972513792;26.187780972513792
1004;37.50;17.50;True;False;False;False;820;29.50;13.50;True;False;False;False;1;15.65767518654684;0;15.65767518654684;15.65767518654684
1004;37.50;17.50;True;False;False;False;823;32.50;13.50;True;False;False;False;1;17.68197199189217;0;17.68197199189217;17.68197199189217
1004;37.50;17.50;True;False;False;False;1008;41.50;17.50;True;False;False;False;1;6.926889410693548;0;6.926889410693548;6.926889410693548
1004;37.50;17.50;True;False;False;False;1019;52.50;17.50;True;False;False;False;1;14.754252863447618;0;14.754252863447618;14.754252863447618
1004;37.50;17.50;True;False;False;False;1138;39.50;20.50;True;False;False;False;1;10.257957364225149;0;10.257957364225149;10.257957364225149
1004;37.50;17.50;True;False;False;False;1219;32.50;22.50;True;False;False;False;1;26.21176045808079;0;26.21176045808079;26.21176045808079
1004;37.50;17.50;True;False;False;False;1238;51.50;22.50;True;False;False;False;1;19.807676793445353;0;19.807676793445353;19.807676793445353
1006;39.50;17.50;True;False;False;False;12;61.50;3.50;False;False;True;False;1;125.8504633710445;0;125.8504633710445;125.8504633710445
1006;39.50;17.50;True;False;False;False;28;61.50;9.50;False;False;True;False;1;117.48778097250943;0;117.48778097250943;117.48778097250943
1006;39.50;17.50;True;False;False;False;44;61.50;15.50;False;False;True;False;7;91.2158095637969;844.523697235391;31.454447639179833;126.89722782730314
1006;39.50;17.50;True;False;False;False;60;61.50;21.50;False;False;True;False;4;89.85859685526952;213.01451236247792;77.92583373505477;109.84732720475222
1006;39.50;17.50;True;False;False;False;92;0.50;12.50;False;True;False;False;1;281.8298172187842;0;281.8298172187842;281.8298172187842
1006;39.50;17.50;True;False;False;False;108;0.50;18.50;False;True;False;False;1;597.0939595708696;0;597.0939595708696;597.0939595708696
1006;39.50;17.50;True;False;False;False;124;0.50;24.50;False;True;False;False;1;587.3572925341186;0;587.3572925341186;587.3572925341186
1006;39.50;17.50;True;False;False;False;705;46.50;10.50;True;False;False;False;1;16.347958167683828;0;16.347958167683828;16.347958167683828
1006;39.50;17.50;True;False;False;False;732;29.50;11.50;True;False;False;False;1;27.05324273666156;0;27.05324273666156;27.05324273666156
1006;39.50;17.50;True;False;False;False;820;29.50;13.50;True;False;False;False;1;21.79971862577986;0;21.79971862577986;21.79971862577986
1006;39.50;17.50;True;False;False;False;821;30.50;13.50;True;False;False;False;2;18.962173729148844;5.063577771982559;17.371014124963494;20.553333333334194
1006;39.50;17.50;True;False;False;False;833;42.50;13.50;True;False;False;False;1;11.70203463938742;0;11.70203463938742;11.70203463938742
1006;39.50;17.50;True;False;False;False;864;29.50;14.50;True;False;False;False;1;27.29037197090838;0;27.29037197090838;27.29037197090838
1006;39.50;17.50;True;False;False;False;877;42.50;14.50;True;False;False;False;1;10.730555555550382;0;10.730555555550382;10.730555555550382
1006;39.50;17.50;True;False;False;False;962;39.50;16.50;True;False;False;False;1;3.292871569190538;0;3.292871569190538;3.292871569190538
1006;39.50;17.50;True;False;False;False;1007;40.50;17.50;True;False;False;False;1;3.3119480409050084;0;3.3119480409050084;3.3119480409050084
1006;39.50;17.50;True;False;False;False;1011;44.50;17.50;True;False;False;False;1;6.911576873444574;0;6.911576873444574;6.911576873444574
1006;39.50;17.50;True;False;False;False;1014;47.50;17.50;True;False;False;False;1;8.667869962306213;0;8.667869962306213;8.667869962306213
1006;39.50;17.50;True;False;False;False;1097;42.50;19.50;True;False;False;False;1;9.963888888887595;0;9.963888888887595;9.963888888887595
1006;39.50;17.50;True;False;False;False;1114;15.50;20.50;True;False;False;False;1;28.159798031327227;0;28.159798031327227;28.159798031327227
1006;39.50;17.50;True;False;False;False;1141;42.50;20.50;True;False;False;False;1;19.63787156919716;0;19.63787156919716;19.63787156919716
1006;39.50;17.50;True;False;False;False;1282;51.50;23.50;True;False;False;False;1;18.825183584634942;0;18.825183584634942;18.825183584634942
1007;40.50;17.50;True;False;False;False;44;61.50;15.50;False;False;True;False;4;96.82528783569433;928.7799053785368;66.72953823585158;137.4219117927787
1007;40.50;17.50;True;False;False;False;60;61.50;21.50;False;False;True;False;4;97.02023747716419;768.9312575343956;61.827875567375486;127.58361870574299
1007;40.50;17.50;True;False;False;False;297;34.50;1.50;True;False;False;False;1;21.538965099728557;0;21.538965099728557;21.538965099728557
1007;40.50;17.50;True;False;False;False;733;30.50;11.50;True;False;False;False;1;17.29787156918792;0;17.29787156918792;17.29787156918792
1007;40.50;17.50;True;False;False;False;734;31.50;11.50;True;False;False;False;1;26.82750759465125;0;26.82750759465125;26.82750759465125
1007;40.50;17.50;True;False;False;False;821;30.50;13.50;True;False;False;False;1;19.86805968097542;0;19.86805968097542;19.86805968097542
1007;40.50;17.50;True;False;False;False;822;31.50;13.50;True;False;False;False;1;18.21454223404362;0;18.21454223404362;18.21454223404362
1007;40.50;17.50;True;False;False;False;865;30.50;14.50;True;False;False;False;1;18.00499361053153;0;18.00499361053153;18.00499361053153
1007;40.50;17.50;True;False;False;False;993;26.50;17.50;True;False;False;False;1;13.695371167468693;0;13.695371167468693;13.695371167468693
1007;40.50;17.50;True;False;False;False;1237;50.50;22.50;True;False;False;False;1;16.766201707780056;0;16.766201707780056;16.766201707780056
1008;41.50;17.50;True;False;False;False;28;61.50;9.50;False;False;True;False;1;87.94027498476134;0;87.94027498476134;87.94027498476134
1008;41.50;17.50;True;False;False;False;44;61.50;15.50;False;False;True;False;2;99.57351599181493;92.54551124982949;92.77110791636733;106.37592406726253
1008;41.50;17.50;True;False;False;False;60;61.50;21.50;False;False;True;False;6;101.8993992391056;3828.3246073203663;41.99602051442707;219.34749055302746
1008;41.50;17.50;True;False;False;False;733;30.50;11.50;True;False;False;False;1;18.653474280461523;0;18.653474280461523;18.653474280461523
1008;41.50;17.50;True;False;False;False;822;31.50;13.50;True;False;False;False;2;16.765963098837346;0.15571129529732336;16.486936849805716;17.044989347868977
1008;41.50;17.50;True;False;False;False;983;16.50;17.50;True;False;False;False;1;20.82777777776937;0;20.82777777776937;20.82777777776937
1008;41.50;17.50;True;False;False;False;1001;34.50;17.50;True;False;False;False;1;8.458478562024538;0;8.458478562024538;8.458478562024538
1008;41.50;17.50;True;False;False;False;1016;49.50;17.50;True;False;False;False;1;8.760461489659065;0;8.760461489659065;8.760461489659065
1008;41.50;17.50;True;False;False;False;1100;45.50;19.50;True;False;False;False;1;11.798520916156122;0;11.798520916156122;11.798520916156122
1008;41.50;17.50;True;False;False;False;1221;34.50;22.50;True;False;False;False;1;15.625929917754547;0;15.625929917754547;15.625929917754547
1008;41.50;17.50;True;False;False;False;1368;49.50;25.50;True;False;False;False;1;18.39379509747232;0;18.39379509747232;18.39379509747232
1009;42.50;17.50;True;False;False;False;12;61.50;3.50;False;False;True;False;2;119.62753331329986;201.67522815807368;109.58573994363542;129.6693266829643
1009;42.50;17.50;True;False;False;False;44;61.50;15.50;False;False;True;False;12;108.37378179309525;834.9488845939807;77.56278177595959;179.1883415941702
1009;42.50;17.50;True;False;False;False;60;61.50;21.50;False;False;True;False;8;94.96676270060993;206.23668931420607;79.3635209161639;126.57370450079725
1009;42.50;17.50;True;False;False;False;436;41.50;4.50;True;False;False;False;1;15.717707076722945;0;15.717707076722945;15.717707076722945
1009;42.50;17.50;True;False;False;False;733;30.50;11.50;True;False;False;False;1;19.432867571004635;0;19.432867571004635;19.432867571004635
1009;42.50;17.50;True;False;False;False;734;31.50;11.50;True;False;False;False;1;32.64240980505565;0;32.64240980505565;32.64240980505565
1009;42.50;17.50;True;False;False;False;820;29.50;13.50;True;False;False;False;3;18.244143003491747;0.05153845120091615;18.036123123612924;18.48629869393517
1009;42.50;17.50;True;False;False;False;821;30.50;13.50;True;False;False;False;3;19.54808482344318;6.117044464765614;17.907031444661698;22.392778581224775
1009;42.50;17.50;True;False;False;False;822;31.50;13.50;True;False;False;False;6;18.13473816600367;6.618169259222903;16.58887850123847;23.33592433173544
1009;42.50;17.50;True;False;False;False;864;29.50;14.50;True;False;False;False;2;18.366156409450923;0.19990975047241927;18.05000000000109;18.682312818900755
1009;42.50;17.50;True;False;False;False;867;32.50;14.50;True;False;False;False;2;15.347179324701983;0.025414700700941945;15.234452440816767;15.4599062085872
1009;42.50;17.50;True;False;False;False;955;32.50;16.50;True;False;False;False;1;13.383427124744685;0;13.383427124744685;13.383427124744685
1009;42.50;17.50;True;False;False;False;992;25.50;17.50;True;False;False;False;1;15.959163070197974;0;15.959163070197974;15.959163070197974
1009;42.50;17.50;True;False;False;False;1281;50.50;23.50;True;False;False;False;1;18.306308278140932;0;18.306308278140932;18.306308278140932
1011;44.50;17.50;True;False;False;False;44;61.50;15.50;False;False;True;False;10;83.78020458875476;441.55105095395595;53.387046633954924;115.81888569414878
1011;44.50;17.50;True;False;False;False;60;61.50;21.50;False;False;True;False;10;98.67802123562275;637.1605607787853;60.36240980504954;141.31121928836
1011;44.50;17.50;True;False;False;False;76;0.50;6.50;False;True;False;False;1;578.1643067111654;0;578.1643067111654;578.1643067111654
1011;44.50;17.50;True;False;False;False;108;0.50;18.50;False;True;False;False;1;562.5341036554528;0;562.5341036554528;562.5341036554528
1011;44.50;17.50;True;False;False;False;414;19.50;4.50;True;False;False;False;1;45.42972981686398;0;45.42972981686398;45.42972981686398
1011;44.50;17.50;True;False;False;False;479;40.50;5.50;True;False;False;False;1;20.14148627676059;0;20.14148627676059;20.14148627676059
1011;44.50;17.50;True;False;False;False;691;32.50;10.50;True;False;False;False;1;20.506854249488242;0;20.506854249488242;20.506854249488242
1011;44.50;17.50;True;False;False;False;733;30.50;11.50;True;False;False;False;2;22.605537431494668;6.09253679607727;20.86018119334767;24.350893669641664
1011;44.50;17.50;True;False;False;False;820;29.50;13.50;True;False;False;False;2;22.1685045312297;5.111196744681737;20.569880631639535;23.767128430819866
1011;44.50;17.50;True;False;False;False;821;30.50;13.50;True;False;False;False;4;26.359279711645286;41.18039542380842;20.39870849898216;33.412965360603266
1011;44.50;17.50;True;False;False;False;823;32.50;13.50;True;False;False;False;1;18.212965360603448;0;18.212965360603448;18.212965360603448
1011;44.50;17.50;True;False;False;False;825;34.50;13.50;True;False;False;False;1;26.488892887075963;0;26.488892887075963;26.488892887075963
1011;44.50;17.50;True;False;False;False;854;19.50;14.50;True;False;False;False;1;26.18398268029705;0;26.18398268029705;26.18398268029705
1011;44.50;17.50;True;False;False;False;866;31.50;14.50;True;False;False;False;1;18.211291501018422;0;18.211291501018422;18.211291501018422
1011;44.50;17.50;True;False;False;False;942;19.50;16.50;True;False;False;False;1;24.726572875249985;0;24.726572875249985;24.726572875249985
1011;44.50;17.50;True;False;False;False;965;42.50;16.50;True;False;False;False;1;8.45584349233286;0;8.45584349233286;8.45584349233286
1011;44.50;17.50;True;False;False;False;1019;52.50;17.50;True;False;False;False;1;9.243340526249085;0;9.243340526249085;9.243340526249085
1011;44.50;17.50;True;False;False;False;1100;45.50;19.50;True;False;False;False;1;7.753952339846364;0;7.753952339846364;7.753952339846364
1011;44.50;17.50;True;False;False;False;1223;36.50;22.50;True;False;False;False;1;16.073061543294898;0;16.073061543294898;16.073061543294898
1011;44.50;17.50;True;False;False;False;1405;42.50;26.50;True;False;False;False;1;14.917122825695515;0;14.917122825695515;14.917122825695515
1011;44.50;17.50;True;False;False;False;1412;49.50;26.50;True;False;False;False;1;16.767316013643722;0;16.767316013643722;16.767316013643722
1012;45.50;17.50;True;False;False;False;12;61.50;3.50;False;False;True;False;2;171.98676045807386;4077.5141017438896;126.83416307019434;217.13935784595338
1012;45.50;17.50;True;False;False;False;28;61.50;9.50;False;False;True;False;3;93.0376564529203;3.539227935475035;91.50685424948097;95.13786517970584
1012;45.50;17.50;True;False;False;False;44;61.50;15.50;False;False;True;False;3;87.6084294209107;326.374052715812;70.88896509972892;106.77180389904242
1012;45.50;17.50;True;False;False;False;60;61.50;21.50;False;False;True;False;7;101.37252868049471;889.2059638879887;65.30880229039212;145.15842712475023
1012;45.50;17.50;True;False;False;False;92;0.50;12.50;False;True;False;False;1;248.03968714986877;0;248.03968714986877;248.03968714986877
1012;45.50;17.50;True;False;False;False;705;46.50;10.50;True;False;False;False;1;10.952412999783292;0;10.952412999783292;10.952412999783292
1012;45.50;17.50;True;False;False;False;732;29.50;11.50;True;False;False;False;2;27.13550206758464;5.9465584682248975;25.41118213378104;28.85982200138824
1012;45.50;17.50;True;False;False;False;821;30.50;13.50;True;False;False;False;4;26.26768938105488;43.95534027749735;20.1114870802121;34.748434317656574
1012;45.50;17.50;True;False;False;False;822;31.50;13.50;True;False;False;False;2;29.47380509295499;39.88237984459876;25.008249145225818;33.93936104068416
1012;45.50;17.50;True;False;False;False;846;11.50;14.50;True;False;False;False;1;31.738888888881775;0;31.738888888881775;31.738888888881775
1012;45.50;17.50;True;False;False;False;852;17.50;14.50;True;False;False;False;1;27.476413260668778;0;27.476413260668778;27.476413260668778
1012;45.50;17.50;True;False;False;False;865;30.50;14.50;True;False;False;False;1;19.351663471929896;0;19.351663471929896;19.351663471929896
1012;45.50;17.50;True;False;False;False;866;31.50;14.50;True;False;False;False;1;19.327052953032762;0;19.327052953032762;19.327052953032762
1012;45.50;17.50;True;False;False;False;993;26.50;17.50;True;False;False;False;1;17.13528137423964;0;17.13528137423964;17.13528137423964
1012;45.50;17.50;True;False;False;False;1011;44.50;17.50;True;False;False;False;1;3.7285241108929768;0;3.7285241108929768;3.7285241108929768
1012;45.50;17.50;True;False;False;False;1101;46.50;19.50;True;False;False;False;1;8.1521284308119;0;8.1521284308119;8.1521284308119
1013;46.50;17.50;True;False;False;False;12;61.50;3.50;False;False;True;False;1;177.4311119145459;0;177.4311119145459;177.4311119145459
1013;46.50;17.50;True;False;False;False;28;61.50;9.50;False;False;True;False;6;109.48610689012033;399.5155575924146;88.04314974868612;138.2236219004808
1013;46.50;17.50;True;False;False;False;44;61.50;15.50;False;False;True;False;8;97.48798315029126;270.67258483096305;84.57286837444553;129.51963468303074
1013;46.50;17.50;True;False;False;False;60;61.50;21.50;False;False;True;False;3;99.94663913323296;313.3961798921552;79.8674129997853;113.30509059667929
1013;46.50;17.50;True;False;False;False;92;0.50;12.50;False;True;False;False;1;219.33728724195953;0;219.33728724195953;219.33728724195953
1013;46.50;17.50;True;False;False;False;108;0.50;18.50;False;True;False;False;1;589.7486040069916;0;589.7486040069916;589.7486040069916
1013;46.50;17.50;True;False;False;False;124;0.50;24.50;False;True;False;False;1;573.9281290114995;0;573.9281290114995;573.9281290114995
1013;46.50;17.50;True;False;False;False;461;22.50;5.50;True;False;False;False;1;31.165032750795945;0;31.165032750795945;31.165032750795945
1013;46.50;17.50;True;False;False;False;473;34.50;5.50;True;False;False;False;1;23.42954542877669;0;23.42954542877669;23.42954542877669
1013;46.50;17.50;True;False;False;False;573;46.50;7.50;True;False;False;False;1;9.796857444231136;0;9.796857444231136;9.796857444231136
1013;46.50;17.50;True;False;False;False;579;52.50;7.50;True;False;False;False;1;18.23333333332812;0;18.23333333332812;18.23333333332812
1013;46.50;17.50;True;False;False;False;709;50.50;10.50;True;False;False;False;1;14.469444444445799;0;14.469444444445799;14.469444444445799
1013;46.50;17.50;True;False;False;False;811;20.50;13.50;True;False;False;False;1;46.46286837445041;0;46.46286837445041;46.46286837445041
1013;46.50;17.50;True;False;False;False;812;21.50;13.50;True;False;False;False;1;26.9467676509812;0;26.9467676509812;26.9467676509812
1013;46.50;17.50;True;False;False;False;820;29.50;13.50;True;False;False;False;1;26.834632027270345;0;26.834632027270345;26.834632027270345
1013;46.50;17.50;True;False;False;False;821;30.50;13.50;True;False;False;False;3;21.822498801177062;1.525846923204331;20.425274181316126;22.769444444442343
1013;46.50;17.50;True;False;False;False;822;31.50;13.50;True;False;False;False;1;20.307861181536282;0;20.307861181536282;20.307861181536282
1013;46.50;17.50;True;False;False;False;867;32.50;14.50;True;False;False;False;1;18.241576873440863;0;18.241576873440863;18.241576873440863
1013;46.50;17.50;True;False;False;False;882;47.50;14.50;True;False;False;False;1;8.801479887315509;0;8.801479887315509;8.801479887315509
1013;46.50;17.50;True;False;False;False;887;52.50;14.50;True;False;False;False;1;12.659632027269254;0;12.659632027269254;12.659632027269254
1013;46.50;17.50;True;False;False;False;935;12.50;16.50;True;False;False;False;1;29.907908658700762;0;29.907908658700762;29.907908658700762
1013;46.50;17.50;True;False;False;False;975;52.50;16.50;True;False;False;False;1;23.033979485566306;0;23.033979485566306;23.033979485566306
1013;46.50;17.50;True;False;False;False;992;25.50;17.50;True;False;False;False;1;18.618702109514288;0;18.618702109514288;18.618702109514288
1013;46.50;17.50;True;False;False;False;1006;39.50;17.50;True;False;False;False;1;8.523527305631433;0;8.523527305631433;8.523527305631433
1013;46.50;17.50;True;False;False;False;1239;52.50;22.50;True;False;False;False;1;14.016309081609506;0;14.016309081609506;14.016309081609506
1013;46.50;17.50;True;False;False;False;1281;50.50;23.50;True;False;False;False;1;15.175646152238187;0;15.175646152238187;15.175646152238187
1014;47.50;17.50;True;False;False;False;12;61.50;3.50;False;False;True;False;1;125.49158406635797;0;125.49158406635797;125.49158406635797
1014;47.50;17.50;True;False;False;False;28;61.50;9.50;False;False;True;False;5;97.18657363317634;286.1903561196163;78.32046895706662;120.13197182147815
1014;47.50;17.50;True;False;False;False;44;61.50;15.50;False;False;True;False;7;103.34602547823728;709.3072089184726;57.124014930150224;147.41879509747378
1014;47.50;17.50;True;False;False;False;60;61.50;21.50;False;False;True;False;3;83.88092619373583;25.389166350245798;79.73471942920787;89.48898268029734
1014;47.50;17.50;True;False;False;False;274;11.50;1.50;True;False;False;False;1;41.09990194592683;0;41.09990194592683;41.09990194592683
1014;47.50;17.50;True;False;False;False;735;32.50;11.50;True;False;False;False;1;29.40889288707467;0;29.40889288707467;29.40889288707467
1014;47.50;17.50;True;False;False;False;820;29.50;13.50;True;False;False;False;1;21.43037116745836;0;21.43037116745836;21.43037116745836
1014;47.50;17.50;True;False;False;False;821;30.50;13.50;True;False;False;False;1;47.282038637567894;0;47.282038637567894;47.282038637567894
1014;47.50;17.50;True;False;False;False;822;31.50;13.50;True;False;False;False;4;27.629219554883548;109.29513194259658;20.307871569189047;42.49288834631261
1014;47.50;17.50;True;False;False;False;823;32.50;13.50;True;False;False;False;2;19.854769117928527;0.005738250343956005;19.801204902523295;19.908333333333758
1014;47.50;17.50;True;False;False;False;843;52.50;13.50;True;False;False;False;1;13.03991074571968;0;13.03991074571968;13.03991074571968
1014;47.50;17.50;True;False;False;False;864;29.50;14.50;True;False;False;False;1;20.93908798442135;0;20.93908798442135;20.93908798442135
1014;47.50;17.50;True;False;False;False;957;34.50;16.50;True;False;False;False;1;15.102723429142316;0;15.102723429142316;15.102723429142316
1014;47.50;17.50;True;False;False;False;975;52.50;16.50;True;False;False;False;1;10.007938214883325;0;10.007938214883325;10.007938214883325
1014;47.50;17.50;True;False;False;False;1260;29.50;23.50;True;False;False;False;1;23.425281374235055;0;23.425281374235055;23.425281374235055
1014;47.50;17.50;True;False;False;False;1366;47.50;25.50;True;False;False;False;1;9.210648543506977;0;9.210648543506977;9.210648543506977
1016;49.50;17.50;True;False;False;False;12;61.50;3.50;False;False;True;False;1;103.5932395419295;0;103.5932395419295;103.5932395419295
1016;49.50;17.50;True;False;False;False;28;61.50;9.50;False;False;True;False;3;97.48302575839018;135.97776805223072;85.74546895706771;109.06582973687546
1016;49.50;17.50;True;False;False;False;44;61.50;15.50;False;False;True;False;7;99.80093080220793;1065.515721160016;69.18720144690906;163.49732720473548
1016;49.50;17.50;True;False;False;False;60;61.50;21.50;False;False;True;False;10;95.96459866767186;447.302156701033;66.17129869393648;134.3778787621127
1016;49.50;17.50;True;False;False;False;701;42.50;10.50;True;False;False;False;1;16.453427124746668;0;16.453427124746668;16.453427124746668
1016;49.50;17.50;True;False;False;False;733;30.50;11.50;True;False;False;False;2;36.14884239490675;328.8067600023339;23.32685424949159;48.97083054032191
1016;49.50;17.50;True;False;False;False;734;31.50;11.50;True;False;False;False;1;22.819076471703738;0;22.819076471703738;22.819076471703738
1016;49.50;17.50;True;False;False;False;754;51.50;11.50;True;False;False;False;1;18.862705565128635;0;18.862705565128635;18.862705565128635
1016;49.50;17.50;True;False;False;False;820;29.50;13.50;True;False;False;False;1;28.519264054542873;0;28.519264054542873;28.519264054542873
1016;49.50;17.50;True;False;False;False;821;30.50;13.50;True;False;False;False;1;22.507131625536204;0;22.507131625536204;22.507131625536204
1016;49.50;17.50;True;False;False;False;822;31.50;13.50;True;False;False;False;2;23.911341199267554;0.27813934492689774;23.538420735276304;24.284261663258803
1016;49.50;17.50;True;False;False;False;835;44.50;13.50;True;False;False;False;1;14.623914484914167;0;14.623914484914167;14.623914484914167
1016;49.50;17.50;True;False;False;False;864;29.50;14.50;True;False;False;False;2;24.637735664646243;14.071070147698723;21.98527735699099;27.290193972301495
1016;49.50;17.50;True;False;False;False;1017;50.50;17.50;True;False;False;False;1;3.1594236691299784;0;3.1594236691299784;3.1594236691299784
1016;49.50;17.50;True;False;False;False;1101;46.50;19.50;True;False;False;False;1;10.946660277192677;0;10.946660277192677;10.946660277192677
1016;49.50;17.50;True;False;False;False;1141;42.50;20.50;True;False;False;False;1;16.39269463838764;0;16.39269463838764;16.39269463838764
1016;49.50;17.50;True;False;False;False;1150;51.50;20.50;True;False;False;False;1;10.266857444228663;0;10.266857444228663;10.266857444228663
1016;49.50;17.50;True;False;False;False;1236;49.50;22.50;True;False;False;False;1;8.180555555556566;0;8.180555555556566;8.180555555556566
1016;49.50;17.50;True;False;False;False;1258;27.50;23.50;True;False;False;False;1;25.58463202726125;0;25.58463202726125;25.58463202726125
1016;49.50;17.50;True;False;False;False;1345;26.50;25.50;True;False;False;False;1;28.48981241717229;0;28.48981241717229;28.48981241717229
1016;49.50;17.50;True;False;False;False;1368;49.50;25.50;True;False;False;False;1;9.337871569186973;0;9.337871569186973;9.337871569186973
1016;49.50;17.50;True;False;False;False;1370;51.50;25.50;True;False;False;False;1;13.787430296761158;0;13.787430296761158;13.787430296761158
1017;50.50;17.50;True;False;False;False;12;61.50;3.50;False;False;True;False;2;130.8551494774124;7683.374006178128;68.87380548513465;192.83649346969014
1017;50.50;17.50;True;False;False;False;28;61.50;9.50;False;False;True;False;4;95.05502394006271;428.01991992863987;78.04395107590426;122.1819544303471
1017;50.50;17.50;True;False;False;False;44;61.50;15.50;False;False;True;False;7;105.32636202855208;555.7474575822978;74.89669972014235;131.4243722317933
1017;50.50;17.50;True;False;False;False;60;61.50;21.50;False;False;True;False;6;95.70586059894673;406.4897986391672;60.69111910749052;114.47259419312468
1017;50.50;17.50;True;False;False;False;76;0.50;6.50;False;True;False;False;1;563.6771284308052;0;563.6771284308052;563.6771284308052
1017;50.50;17.50;True;False;False;False;691;32.50;10.50;True;False;False;False;1;24.248440707146074;0;24.248440707146074;24.248440707146074
1017;50.50;17.50;True;False;False;False;734;31.50;11.50;True;False;False;False;1;23.226572875249985;0;23.226572875249985;23.226572875249985
1017;50.50;17.50;True;False;False;False;820;29.50;13.50;True;False;False;False;2;24.521913130149642;0.037593210996061555;24.384812417175453;24.65901384312383
1017;50.50;17.50;True;False;False;False;821;30.50;13.50;True;False;False;False;4;24.357881888166276;0.8536655835612027;23.451857444222696;25.42595761127177
1017;50.50;17.50;True;False;False;False;822;31.50;13.50;True;False;False;False;1;22.65731281889748;0;22.65731281889748;22.65731281889748
1017;50.50;17.50;True;False;False;False;840;49.50;13.50;True;False;False;False;1;19.86536877618346;0;19.86536877618346;19.86536877618346
1017;50.50;17.50;True;False;False;False;864;29.50;14.50;True;False;False;False;1;33.206198513056734;0;33.206198513056734;33.206198513056734
1017;50.50;17.50;True;False;False;False;887;52.50;14.50;True;False;False;False;1;9.530832931609439;0;9.530832931609439;9.530832931609439
1017;50.50;17.50;True;False;False;False;1016;49.50;17.50;True;False;False;False;1;3.4978715691904654;0;3.4978715691904654;3.4978715691904654
1017;50.50;17.50;True;False;False;False;1018;51.50;17.50;True;False;False;False;1;4.0919448461718275;0;4.0919448461718275;4.0919448461718275
1017;50.50;17.50;True;False;False;False;1065;10.50;19.50;True;False;False;False;1;36.619538235850996;0;36.619538235850996;36.619538235850996
1017;50.50;17.50;True;False;False;False;1105;50.50;19.50;True;False;False;False;1;4.796572875254242;0;4.796572875254242;4.796572875254242
1017;50.50;17.50;True;False;False;False;1140;41.50;20.50;True;False;False;False;1;15.935739943644876;0;15.935739943644876;15.935739943644876
1017;50.50;17.50;True;False;False;False;1239;52.50;22.50;True;False;False;False;1;12.05898268029705;0;12.05898268029705;12.05898268029705
1017;50.50;17.50;True;False;False;False;1413;50.50;26.50;True;False;False;False;1;10.638229154235887;0;10.638229154235887;10.638229154235887
1017;50.50;17.50;True;False;False;False;1414;51.50;26.50;True;False;False;False;1;13.871333855094576;0;13.871333855094576;13.871333855094576
1018;51.50;17.50;True;False;False;False;28;61.50;9.50;False;False;True;False;1;64.89888888888709;0;64.89888888888709;64.89888888888709
1018;51.50;17.50;True;False;False;False;44;61.50;15.50;False;False;True;False;8;88.1667772921;168.1755388990894;71.02181671614744;110.22990859986567
1018;51.50;17.50;True;False;False;False;60;61.50;21.50;False;False;True;False;10;85.41546256742758;593.3562911552676;42.83315294342901;118.39561018763288
1018;51.50;17.50;True;False;False;False;92;0.50;12.50;False;True;False;False;1;241.2542864367606;0;241.2542864367606;241.2542864367606
1018;51.50;17.50;True;False;False;False;108;0.50;18.50;False;True;False;False;2;573.437432187211;2.915173749000274;572.2301265612405;574.6447378131816
1018;51.50;17.50;True;False;False;False;733;30.50;11.50;True;False;False;False;1;29.685599837976042;0;29.685599837976042;29.685599837976042
1018;51.50;17.50;True;False;False;False;734;31.50;11.50;True;False;False;False;1;24.84305195909519;0;24.84305195909519;24.84305195909519
1018;51.50;17.50;True;False;False;False;820;29.50;13.50;True;False;False;False;1;25.324256861622416;0;25.324256861622416;25.324256861622416
1018;51.50;17.50;True;False;False;False;821;30.50;13.50;True;False;False;False;2;38.719951908646635;16.28571216117091;35.86638290114297;41.5735209161503
1018;51.50;17.50;True;False;False;False;822;31.50;13.50;True;False;False;False;1;25.872109262403683;0;25.872109262403683;25.872109262403683
1018;51.50;17.50;True;False;False;False;823;32.50;13.50;True;False;False;False;1;22.335930721211298;0;22.335930721211298;22.335930721211298
1018;51.50;17.50;True;False;False;False;841;50.50;13.50;True;False;False;False;2;9.355413672792565;0.10380998547341794;9.127587000217318;9.583240345367813
1018;51.50;17.50;True;False;False;False;842;51.50;13.50;True;False;False;False;1;5.501388487164149;0;5.501388487164149;5.501388487164149
1018;51.50;17.50;True;False;False;False;847;12.50;14.50;True;False;False;False;1;34.68823954191612;0;34.68823954191612;34.68823954191612
1018;51.50;17.50;True;False;False;False;864;29.50;14.50;True;False;False;False;2;24.083330126866713;0.1178018869381674;23.840634961135947;24.32602529259748
1018;51.50;17.50;True;False;False;False;975;52.50;16.50;True;False;False;False;1;6.94476255724021;0;6.94476255724021;6.94476255724021
1018;51.50;17.50;True;False;False;False;1105;50.50;19.50;True;False;False;False;1;8.500003974715582;0;8.500003974715582;8.500003974715582
1018;51.50;17.50;True;False;False;False;1107;52.50;19.50;True;False;False;False;2;8.928249929588674;1.517658003932767;8.057142013216435;9.799357845960913
1018;51.50;17.50;True;False;False;False;1134;35.50;20.50;True;False;False;False;1;20.473336528064465;0;20.473336528064465;20.473336528064465
1018;51.50;17.50;True;False;False;False;1238;51.50;22.50;True;False;False;False;1;7.77204822179192;0;7.77204822179192;7.77204822179192
1018;51.50;17.50;True;False;False;False;1281;50.50;23.50;True;False;False;False;1;10.969076471708831;0;10.969076471708831;10.969076471708831
1018;51.50;17.50;True;False;False;False;1335;16.50;25.50;True;False;False;False;1;36.1117396637801;0;36.1117396637801;36.1117396637801
1018;51.50;17.50;True;False;False;False;1371;52.50;25.50;True;False;False;False;1;15.065461764143265;0;15.065461764143265;15.065461764143265
1019;52.50;17.50;True;False;False;False;12;61.50;3.50;False;False;True;False;4;118.05783066599179;98.15106503255089;105.03028456897664;127.33481961007419
1019;52.50;17.50;True;False;False;False;28;61.50;9.50;False;False;True;False;1;74.09990301383368;0;74.09990301383368;74.09990301383368
1019;52.50;17.50;True;False;False;False;44;61.50;15.50;False;False;True;False;9;100.6168362749975;707.4152895818637;72.61714093534101;154.22824753827808
1019;52.50;17.50;True;False;False;False;60;61.50;21.50;False;False;True;False;9;82.90707726648891;303.264070207239;46.72352091616358;100.14065254168963
1019;52.50;17.50;True;False;False;False;108;0.50;18.50;False;True;False;False;1;556.747360513571;0;556.747360513571;556.747360513571
1019;52.50;17.50;True;False;False;False;734;31.50;11.50;True;False;False;False;1;35.46461844486839;0;35.46461844486839;35.46461844486839
1019;52.50;17.50;True;False;False;False;820;29.50;13.50;True;False;False;False;2;26.123853766982847;2.2445998449529276;25.064467188591152;27.183240345374543
1019;52.50;17.50;True;False;False;False;821;30.50;13.50;True;False;False;False;2;30.345113512787066;63.85499055707694;24.694671470031608;35.99555555554252
1019;52.50;17.50;True;False;False;False;822;31.50;13.50;True;False;False;False;4;27.248061413316464;21.160430012430545;23.432252042755863;32.95759019494653
1019;52.50;17.50;True;False;False;False;865;30.50;14.50;True;False;False;False;1;24.887597387863934;0;24.887597387863934;24.887597387863934
1019;52.50;17.50;True;False;False;False;867;32.50;14.50;True;False;False;False;2;22.413100853891592;0.47035514887959634;21.928149748686337;22.898051959096847
1019;52.50;17.50;True;False;False;False;1011;44.50;17.50;True;False;False;False;1;9.203874503036786;0;9.203874503036786;9.203874503036786
1019;52.50;17.50;True;False;False;False;1013;46.50;17.50;True;False;False;False;2;7.539862909339718;0.00036290464493692336;7.526392485349788;7.553333333329647
1019;52.50;17.50;True;False;False;False;1101;46.50;19.50;True;False;False;False;1;11.759718625744426;0;11.759718625744426;11.759718625744426
1019;52.50;17.50;True;False;False;False;1124;25.50;20.50;True;False;False;False;1;28.351948040901334;0;28.351948040901334;28.351948040901334
1019;52.50;17.50;True;False;False;False;1239;52.50;22.50;True;False;False;False;1;7.928607514649229;0;7.928607514649229;7.928607514649229
1019;52.50;17.50;True;False;False;False;1283;52.50;23.50;True;False;False;False;1;8.592763391916378;0;8.592763391916378;8.592763391916378
1019;52.50;17.50;True;False;False;False;1329;10.50;25.50;True;False;False;False;1;40.62267679344359;0;40.62267679344359;40.62267679344359
1019;52.50;17.50;True;False;False;False;1346;27.50;25.50;True;False;False;False;1;28.365465762322856;0;28.365465762322856;28.365465762322856
1019;52.50;17.50;True;False;False;False;1388;25.50;26.50;True;False;False;False;1;31.50500399818702;0;31.50500399818702;31.50500399818702
1019;52.50;17.50;True;False;False;False;1403;40.50;26.50;True;False;False;False;1;21.440281374229016;0;21.440281374229016;21.440281374229016
1065;10.50;19.50;True;False;False;False;44;61.50;15.50;False;False;True;False;1;182.6442680527107;0;182.6442680527107;182.6442680527107
1065;10.50;19.50;True;False;False;False;60;61.50;21.50;False;False;True;False;2;104.96513270026935;1524.0444828554075;77.36038235856722;132.56988304197148
1065;10.50;19.50;True;False;False;False;312;49.50;1.50;True;False;False;False;1;46.00415428944325;0;46.00415428944325;46.00415428944325
1065;10.50;19.50;True;False;False;False;843;52.50;13.50;True;False;False;False;1;40.42972581867798;0;40.42972581867798;40.42972581867798
1065;10.50;19.50;True;False;False;False;872;37.50;14.50;True;False;False;False;1;29.116021317877312;0;29.116021317877312;29.116021317877312
1066;11.50;19.50;True;False;False;False;28;61.50;9.50;False;False;True;False;1;65.6058305403094;0;65.6058305403094;65.6058305403094
1066;11.50;19.50;True;False;False;False;695;36.50;10.50;True;False;False;False;1;29.929367146571167;0;29.929367146571167;29.929367146571167
1066;11.50;19.50;True;False;False;False;969;46.50;16.50;True;False;False;False;1;36.85889927654637;0;36.85889927654637;36.85889927654637
1067;12.50;19.50;True;False;False;False;28;61.50;9.50;False;False;True;False;2;76.26379509745038;127.94390166348472;68.26554836258765;84.26204183231312
1067;12.50;19.50;True;False;False;False;44;61.50;15.50;False;False;True;False;1;86.32359871485824;0;86.32359871485824;86.32359871485824
1067;12.50;19.50;True;False;False;False;840;49.50;13.50;True;False;False;False;1;38.54065653988255;0;38.54065653988255;38.54065653988255
1067;12.50;19.50;True;False;False;False;843;52.50;13.50;True;False;False;False;1;38.705923528281346;0;38.705923528281346;38.705923528281346
1067;12.50;19.50;True;False;False;False;983;16.50;17.50;True;False;False;False;1;11.493333333333112;0;11.493333333333112;11.493333333333112
1067;12.50;19.50;True;False;False;False;1018;51.50;17.50;True;False;False;False;1;44.204350653031725;0;44.204350653031725;44.204350653031725
1069;14.50;19.50;True;False;False;False;12;61.50;3.50;False;False;True;False;1;71.22972182048761;0;71.22972182048761;71.22972182048761
1069;14.50;19.50;True;False;False;False;28;61.50;9.50;False;False;True;False;1;94.65259738786335;0;94.65259738786335;94.65259738786335
1069;14.50;19.50;True;False;False;False;884;49.50;14.50;True;False;False;False;1;43.21277351510798;0;43.21277351510798;43.21277351510798
1069;14.50;19.50;True;False;False;False;1365;46.50;25.50;True;False;False;False;1;32.51695203908821;0;32.51695203908821;32.51695203908821
1074;19.50;19.50;True;False;False;False;28;61.50;9.50;False;False;True;False;2;65.2294580627331;71.14591005112744;59.26515131126871;71.1937648141975
1074;19.50;19.50;True;False;False;False;44;61.50;15.50;False;False;True;False;1;57.28849982792144;0;57.28849982792144;57.28849982792144
1074;19.50;19.50;True;False;False;False;60;61.50;21.50;False;False;True;False;1;83.33824673484287;0;83.33824673484287;83.33824673484287
1074;19.50;19.50;True;False;False;False;489;50.50;5.50;True;False;False;False;1;36.400555555550454;0;36.400555555550454;36.400555555550454
1074;19.50;19.50;True;False;False;False;610;39.50;8.50;True;False;False;False;1;32.511046374813304;0;32.511046374813304;32.511046374813304
1074;19.50;19.50;True;False;False;False;1013;46.50;17.50;True;False;False;False;1;27.350278179499583;0;27.350278179499583;27.350278179499583
1074;19.50;19.50;True;False;False;False;1151;52.50;20.50;True;False;False;False;1;29.96176045807806;0;29.96176045807806;29.96176045807806
1075;20.50;19.50;True;False;False;False;28;61.50;9.50;False;False;True;False;1;76.40737355699093;0;76.40737355699093;76.40737355699093
1075;20.50;19.50;True;False;False;False;738;35.50;11.50;True;False;False;False;1;22.131818001449574;0;22.131818001449574;22.131818001449574
1076;21.50;19.50;True;False;False;False;44;61.50;15.50;False;False;True;False;2;101.36567211616148;1566.8313182342154;73.3761087198327;129.35523551249025
1076;21.50;19.50;True;False;False;False;292;29.50;1.50;True;False;False;False;1;24.60888888889076;0;24.60888888889076;24.60888888889076
1076;21.50;19.50;True;False;False;False;753;50.50;11.50;True;False;False;False;1;31.757034639394988;0;31.757034639394988;31.757034639394988
1077;22.50;19.50;True;False;False;False;44;61.50;15.50;False;False;True;False;1;118.3762741657074;0;118.3762741657074;118.3762741657074
1077;22.50;19.50;True;False;False;False;735;32.50;11.50;True;False;False;False;1;18.806847056573133;0;18.806847056573133;18.806847056573133
1077;22.50;19.50;True;False;False;False;955;32.50;16.50;True;False;False;False;1;15.590465762330496;0;15.590465762330496;15.590465762330496
1079;24.50;19.50;True;False;False;False;44;61.50;15.50;False;False;True;False;2;144.9057231569859;4932.962485438116;95.24204183230904;194.5694044816628
1079;24.50;19.50;True;False;False;False;835;44.50;13.50;True;False;False;False;1;24.074159875472105;0;24.074159875472105;24.074159875472105
1080;25.50;19.50;True;False;False;False;12;61.50;3.50;False;False;True;False;1;159.9305811325321;0;159.9305811325321;159.9305811325321
1080;25.50;19.50;True;False;False;False;44;61.50;15.50;False;False;True;False;3;103.72521591968992;69.11293784723547;98.11500319471452;113.27621530924444
1080;25.50;19.50;True;False;False;False;60;61.50;21.50;False;False;True;False;1;88.21435465120885;0;88.21435465120885;88.21435465120885
1080;25.50;19.50;True;False;False;False;562;35.50;7.50;True;False;False;False;1;21.506162264962768;0;21.506162264962768;21.506162264962768
1080;25.50;19.50;True;False;False;False;743;40.50;11.50;True;False;False;False;1;22.614913401506783;0;22.614913401506783;22.614913401506783
1080;25.50;19.50;True;False;False;False;955;32.50;16.50;True;False;False;False;1;14.955555555556202;0;14.955555555556202;14.955555555556202
1080;25.50;19.50;True;False;False;False;1415;52.50;26.50;True;False;False;False;1;29.589264054535306;0;29.589264054535306;29.589264054535306
1081;26.50;19.50;True;False;False;False;12;61.50;3.50;False;False;True;False;1;119.98047934470742;0;119.98047934470742;119.98047934470742
1081;26.50;19.50;True;False;False;False;44;61.50;15.50;False;False;True;False;1;78.12537516564953;0;78.12537516564953;78.12537516564953
1081;26.50;19.50;True;False;False;False;60;61.50;21.50;False;False;True;False;1;84.87529176189491;0;84.87529176189491;84.87529176189491
1081;26.50;19.50;True;False;False;False;605;34.50;8.50;True;False;False;False;1;19.794538235857544;0;19.794538235857544;19.794538235857544
1081;26.50;19.50;True;False;False;False;1141;42.50;20.50;True;False;False;False;1;17.14722222221826;0;17.14722222221826;17.14722222221826
1081;26.50;19.50;True;False;False;False;1239;52.50;22.50;True;False;False;False;1;26.131100723456257;0;26.131100723456257;26.131100723456257
1084;29.50;19.50;True;False;False;False;28;61.50;9.50;False;False;True;False;1;189.32808019169352;0;189.32808019169352;189.32808019169352
1084;29.50;19.50;True;False;False;False;1240;9.50;23.50;True;False;False;False;1;17.35459923840972;0;17.35459923840972;17.35459923840972
1085;30.50;19.50;True;False;False;False;44;61.50;15.50;False;False;True;False;1;133.10381667624165;0;133.10381667624165;133.10381667624165
1086;31.50;19.50;True;False;False;False;60;61.50;21.50;False;False;True;False;1;84.58926405454099;0;84.58926405454099;84.58926405454099
1087;32.50;19.50;True;False;False;False;60;61.50;21.50;False;False;True;False;1;83.68565015041167;0;83.68565015041167;83.68565015041167
1087;32.50;19.50;True;False;False;False;733;30.50;11.50;True;False;False;False;1;19.83305915200981;0;19.83305915200981;19.83305915200981
1087;32.50;19.50;True;False;False;False;820;29.50;13.50;True;False;False;False;1;13.083614707567904;0;13.083614707567904;13.083614707567904
1089;34.50;19.50;True;False;False;False;44;61.50;15.50;False;False;True;False;3;99.29161346179963;512.5206857436665;86.16002077531448;125.43269117928696
1089;34.50;19.50;True;False;False;False;820;29.50;13.50;True;False;False;False;1;15.301274723908136;0;15.301274723908136;15.301274723908136
1089;34.50;19.50;True;False;False;False;822;31.50;13.50;True;False;False;False;1;13.3815768734421;0;13.3815768734421;13.3815768734421
1089;34.50;19.50;True;False;False;False;1219;32.50;22.50;True;False;False;False;1;10.146298693936842;0;10.146298693936842;10.146298693936842
1090;35.50;19.50;True;False;False;False;28;61.50;9.50;False;False;True;False;1;150.70889608181074;0;150.70889608181074;150.70889608181074
1090;35.50;19.50;True;False;False;False;60;61.50;21.50;False;False;True;False;1;122.01602662949517;0;122.01602662949517;122.01602662949517
1090;35.50;19.50;True;False;False;False;820;29.50;13.50;True;False;False;False;1;20.056854778445995;0;20.056854778445995;20.056854778445995
1090;35.50;19.50;True;False;False;False;1011;44.50;17.50;True;False;False;False;1;14.580555555556202;0;14.580555555556202;14.580555555556202
1091;36.50;19.50;True;False;False;False;60;61.50;21.50;False;False;True;False;1;71.99638689932544;0;71.99638689932544;71.99638689932544
1092;37.50;19.50;True;False;False;False;28;61.50;9.50;False;False;True;False;1;90.08334132969503;0;90.08334132969503;90.08334132969503
1092;37.50;19.50;True;False;False;False;44;61.50;15.50;False;False;True;False;5;119.82646584571557;1018.5521723538984;75.43079792293065;163.16050038452522
1092;37.50;19.50;True;False;False;False;60;61.50;21.50;False;False;True;False;3;105.3821348266265;633.948426786776;80.74370210950474;131.0676951774567
1092;37.50;19.50;True;False;False;False;108;0.50;18.50;False;True;False;False;1;556.1638534632111;0;556.1638534632111;556.1638534632111
1092;37.50;19.50;True;False;False;False;124;0.50;24.50;False;True;False;False;1;554.1455771343335;0;554.1455771343335;554.1455771343335
1092;37.50;19.50;True;False;False;False;732;29.50;11.50;True;False;False;False;1;23.342316013633535;0;23.342316013633535;23.342316013633535
1092;37.50;19.50;True;False;False;False;820;29.50;13.50;True;False;False;False;3;20.944530954762133;16.796425220163236;17.099326418476267;25.25611350238796
1092;37.50;19.50;True;False;False;False;821;30.50;13.50;True;False;False;False;2;23.29717852124668;104.13515942212646;16.081391681887908;30.51296536060545
1092;37.50;19.50;True;False;False;False;967;44.50;16.50;True;False;False;False;1;13.072691179282629;0;13.072691179282629;13.072691179282629
1092;37.50;19.50;True;False;False;False;1014;47.50;17.50;True;False;False;False;1;14.809444444439578;0;14.809444444439578;14.809444444439578
1092;37.50;19.50;True;False;False;False;1144;45.50;20.50;True;False;False;False;1;12.419819610095146;0;12.419819610095146;12.419819610095146
1092;37.50;19.50;True;False;False;False;1273;42.50;23.50;True;False;False;False;1;14.147222222214623;0;14.147222222214623;14.147222222214623
1092;37.50;19.50;True;False;False;False;1341;22.50;25.50;True;False;False;False;1;20.782323206563888;0;20.782323206563888;20.782323206563888
1094;39.50;19.50;True;False;False;False;12;61.50;3.50;False;False;True;False;2;128.00368973229592;16.88868570928071;125.09777458304598;130.90960488154587
1094;39.50;19.50;True;False;False;False;28;61.50;9.50;False;False;True;False;2;154.42160459117622;377.409357076371;140.684622443041;168.15858673931143
1094;39.50;19.50;True;False;False;False;44;61.50;15.50;False;False;True;False;2;90.22769117927055;62.48998006116839;84.63796935876962;95.81741299977148
1094;39.50;19.50;True;False;False;False;60;61.50;21.50;False;False;True;False;2;115.27013868802169;367.69976140896364;101.71101332152102;128.82926405452235
1094;39.50;19.50;True;False;False;False;580;9.50;8.50;True;False;False;False;1;34.49573833674276;0;34.49573833674276;34.49573833674276
1094;39.50;19.50;True;False;False;False;743;40.50;11.50;True;False;False;False;1;12.200649346967111;0;12.200649346967111;12.200649346967111
1094;39.50;19.50;True;False;False;False;821;30.50;13.50;True;False;False;False;2;21.33675726333695;24.228578428360063;17.856198513052732;24.817316013621166
1094;39.50;19.50;True;False;False;False;1102;47.50;19.50;True;False;False;False;1;8.957683986365737;0;8.957683986365737;8.957683986365737
1094;39.50;19.50;True;False;False;False;1146;47.50;20.50;True;False;False;False;1;12.246854249500757;0;12.246854249500757;12.246854249500757
1094;39.50;19.50;True;False;False;False;1148;49.50;20.50;True;False;False;False;1;14.376666666667006;0;14.376666666667006;14.376666666667006
1094;39.50;19.50;True;False;False;False;1258;27.50;23.50;True;False;False;False;1;18.25999999999658;0;18.25999999999658;18.25999999999658
1095;40.50;19.50;True;False;False;False;44;61.50;15.50;False;False;True;False;1;86.79463522199148;0;86.79463522199148;86.79463522199148
1095;40.50;19.50;True;False;False;False;60;61.50;21.50;False;False;True;False;4;125.75116467282669;1287.044451843059;88.13250759464245;173.9827119546644
1095;40.50;19.50;True;False;False;False;108;0.50;18.50;False;True;False;False;1;345.3976983722081;0;345.3976983722081;345.3976983722081
1095;40.50;19.50;True;False;False;False;821;30.50;13.50;True;False;False;False;1;17.99699628350845;0;17.99699628350845;17.99699628350845
1095;40.50;19.50;True;False;False;False;822;31.50;13.50;True;False;False;False;1;17.897157986859384;0;17.897157986859384;17.897157986859384
1095;40.50;19.50;True;False;False;False;864;29.50;14.50;True;False;False;False;1;17.842771884756075;0;17.842771884756075;17.842771884756075
1095;40.50;19.50;True;False;False;False;1100;45.50;19.50;True;False;False;False;1;6.4130527625457034;0;6.4130527625457034;6.4130527625457034
1095;40.50;19.50;True;False;False;False;1276;45.50;23.50;True;False;False;False;1;13.984264054553933;0;13.984264054553933;13.984264054553933
1095;40.50;19.50;True;False;False;False;1371;52.50;25.50;True;False;False;False;1;19.695836929797224;0;19.695836929797224;19.695836929797224
1096;41.50;19.50;True;False;False;False;44;61.50;15.50;False;False;True;False;1;163.7842672492443;0;163.7842672492443;163.7842672492443
1096;41.50;19.50;True;False;False;False;60;61.50;21.50;False;False;True;False;3;80.19179172187836;2353.8940300237987;36.09657287525381;132.16602451260405
1096;41.50;19.50;True;False;False;False;108;0.50;18.50;False;True;False;False;1;610.2904175196527;0;610.2904175196527;610.2904175196527
1096;41.50;19.50;True;False;False;False;820;29.50;13.50;True;False;False;False;1;20.14453184638478;0;20.14453184638478;20.14453184638478
1096;41.50;19.50;True;False;False;False;822;31.50;13.50;True;False;False;False;1;18.134826803001488;0;18.134826803001488;18.134826803001488
1096;41.50;19.50;True;False;False;False;1234;47.50;22.50;True;False;False;False;1;12.565367972725653;0;12.565367972725653;12.565367972725653
1096;41.50;19.50;True;False;False;False;1273;42.50;23.50;True;False;False;False;1;10.80953823586242;0;10.80953823586242;10.80953823586242
1096;41.50;19.50;True;False;False;False;1335;16.50;25.50;True;False;False;False;1;47.08639781593229;0;47.08639781593229;47.08639781593229
1097;42.50;19.50;True;False;False;False;28;61.50;9.50;False;False;True;False;1;92.10824673483694;0;92.10824673483694;92.10824673483694
1097;42.50;19.50;True;False;False;False;44;61.50;15.50;False;False;True;False;6;97.42418976248939;60.451015980959525;87.021204902524;106.65533011778939
1097;42.50;19.50;True;False;False;False;60;61.50;21.50;False;False;True;False;4;119.21549600615663;632.7821819153505;97.79247136569211;154.4711119145486
1097;42.50;19.50;True;False;False;False;322;15.50;2.50;True;False;False;False;1;36.244379977155404;0;36.244379977155404;36.244379977155404
1097;42.50;19.50;True;False;False;False;571;44.50;7.50;True;False;False;False;1;17.19362029358672;0;17.19362029358672;17.19362029358672
1097;42.50;19.50;True;False;False;False;706;47.50;10.50;True;False;False;False;1;17.06898587503838;0;17.06898587503838;17.06898587503838
1097;42.50;19.50;True;False;False;False;711;52.50;10.50;True;False;False;False;1;20.745594714899653;0;20.745594714899653;20.745594714899653
1097;42.50;19.50;True;False;False;False;734;31.50;11.50;True;False;False;False;1;19.227312818900145;0;19.227312818900145;19.227312818900145
1097;42.50;19.50;True;False;False;False;821;30.50;13.50;True;False;False;False;1;19.599999999996726;0;19.599999999996726;19.599999999996726
1097;42.50;19.50;True;False;False;False;874;39.50;14.50;True;False;False;False;1;16.06046096069349;0;16.06046096069349;16.06046096069349
1097;42.50;19.50;True;False;False;False;967;44.50;16.50;True;False;False;False;1;10.74297255352576;0;10.74297255352576;10.74297255352576
1097;42.50;19.50;True;False;False;False;1139;40.50;20.50;True;False;False;False;1;8.430541973171785;0;8.430541973171785;8.430541973171785
1097;42.50;19.50;True;False;False;False;1278;47.50;23.50;True;False;False;False;1;13.999343460115597;0;13.999343460115597;13.999343460115597
1097;42.50;19.50;True;False;False;False;1400;37.50;26.50;True;False;False;False;1;16.041642941881037;0;16.041642941881037;16.041642941881037
1099;44.50;19.50;True;False;False;False;12;61.50;3.50;False;False;True;False;1;120.50176445627585;0;120.50176445627585;120.50176445627585
1099;44.50;19.50;True;False;False;False;28;61.50;9.50;False;False;True;False;3;120.30411794351785;1268.4342205217567;82.46361470757222;153.17092672301078
1099;44.50;19.50;True;False;False;False;44;61.50;15.50;False;False;True;False;6;87.08206252341174;56.54424268577992;78.96028856714838;100.10666983796
1099;44.50;19.50;True;False;False;False;60;61.50;21.50;False;False;True;False;5;98.16683687490422;595.7402063745537;70.2796320272646;134.69833252986245
1099;44.50;19.50;True;False;False;False;92;0.50;12.50;False;True;False;False;2;278.8637943270169;179.42533191428964;269.39211728664304;288.3354713673907
1099;44.50;19.50;True;False;False;False;124;0.50;24.50;False;True;False;False;1;561.3121846317372;0;561.3121846317372;561.3121846317372
1099;44.50;19.50;True;False;False;False;623;52.50;8.50;True;False;False;False;1;26.577777777778465;0;26.577777777778465;26.577777777778465
1099;44.50;19.50;True;False;False;False;700;41.50;10.50;True;False;False;False;1;15.537991211996996;0;15.537991211996996;15.537991211996996
1099;44.50;19.50;True;False;False;False;734;31.50;11.50;True;False;False;False;1;28.657934736569587;0;28.657934736569587;28.657934736569587
1099;44.50;19.50;True;False;False;False;816;25.50;13.50;True;False;False;False;1;24.057608508581325;0;24.057608508581325;24.057608508581325
1099;44.50;19.50;True;False;False;False;820;29.50;13.50;True;False;False;False;1;21.91452784820285;0;21.91452784820285;21.91452784820285
1099;44.50;19.50;True;False;False;False;821;30.50;13.50;True;False;False;False;4;25.163347713298208;66.48393533205126;21.067593389689137;37.39397948556871
1099;44.50;19.50;True;False;False;False;822;31.50;13.50;True;False;False;False;1;20.682498255886458;0;20.682498255886458;20.682498255886458
1099;44.50;19.50;True;False;False;False;823;32.50;13.50;True;False;False;False;2;20.259300256125243;0.7096825455159564;19.66361470756965;20.854985804680837
1099;44.50;19.50;True;False;False;False;865;30.50;14.50;True;False;False;False;1;20.176485473312823;0;20.176485473312823;20.176485473312823
1099;44.50;19.50;True;False;False;False;867;32.50;14.50;True;False;False;False;1;19.35601731969814;0;19.35601731969814;19.35601731969814
1099;44.50;19.50;True;False;False;False;882;47.50;14.50;True;False;False;False;1;16.39972182049678;0;16.39972182049678;16.39972182049678
1099;44.50;19.50;True;False;False;False;1138;39.50;20.50;True;False;False;False;1;10.453336528071304;0;10.453336528071304;10.453336528071304
1099;44.50;19.50;True;False;False;False;1146;47.50;20.50;True;False;False;False;1;8.81166666666104;0;8.81166666666104;8.81166666666104
1099;44.50;19.50;True;False;False;False;1240;9.50;23.50;True;False;False;False;1;34.89842712474092;0;34.89842712474092;34.89842712474092
1100;45.50;19.50;True;False;False;False;12;61.50;3.50;False;False;True;False;1;92.6125043998909;0;92.6125043998909;92.6125043998909
1100;45.50;19.50;True;False;False;False;44;61.50;15.50;False;False;True;False;9;102.60011738654873;1019.1587784427095;68.63271513026984;161.50991420495347
1100;45.50;19.50;True;False;False;False;60;61.50;21.50;False;False;True;False;5;113.36198715673144;1784.6248786620079;60.889465219726844;167.5719512356227
1100;45.50;19.50;True;False;False;False;732;29.50;11.50;True;False;False;False;1;23.482045830503694;0;23.482045830503694;23.482045830503694
1100;45.50;19.50;True;False;False;False;733;30.50;11.50;True;False;False;False;1;28.728875306493137;0;28.728875306493137;28.728875306493137
1100;45.50;19.50;True;False;False;False;822;31.50;13.50;True;False;False;False;5;21.07594068348135;0.047358729544034965;20.77677803865481;21.33398587502961
1100;45.50;19.50;True;False;False;False;823;32.50;13.50;True;False;False;False;1;20.172503596460047;0;20.172503596460047;20.172503596460047
1100;45.50;19.50;True;False;False;False;865;30.50;14.50;True;False;False;False;1;21.344910206766144;0;21.344910206766144;21.344910206766144
1100;45.50;19.50;True;False;False;False;953;30.50;16.50;True;False;False;False;1;19.181573678695713;0;19.181573678695713;19.181573678695713
1100;45.50;19.50;True;False;False;False;1009;42.50;17.50;True;False;False;False;1;10;0;10;10
1100;45.50;19.50;True;False;False;False;1097;42.50;19.50;True;False;False;False;1;6.16370769553032;0;6.16370769553032;6.16370769553032
1100;45.50;19.50;True;False;False;False;1118;19.50;20.50;True;False;False;False;1;23.814599238308347;0;23.814599238308347;23.814599238308347
1100;45.50;19.50;True;False;False;False;1146;47.50;20.50;True;False;False;False;1;7.322958167681918;0;7.322958167681918;7.322958167681918
1100;45.50;19.50;True;False;False;False;1368;49.50;25.50;True;False;False;False;1;14.15870130606254;0;14.15870130606254;14.15870130606254
1101;46.50;19.50;True;False;False;False;28;61.50;9.50;False;False;True;False;1;100.69907327697001;0;100.69907327697001;100.69907327697001
1101;46.50;19.50;True;False;False;False;44;61.50;15.50;False;False;True;False;5;82.36323666684193;1017.131789517922;40.40124006370752;127.16881348149764
1101;46.50;19.50;True;False;False;False;60;61.50;21.50;False;False;True;False;5;106.28096016073587;565.9796107429324;79.82176045806773;138.81148788366227
1101;46.50;19.50;True;False;False;False;820;29.50;13.50;True;False;False;False;1;23.091479083828744;0;23.091479083828744;23.091479083828744
1101;46.50;19.50;True;False;False;False;821;30.50;13.50;True;False;False;False;1;26.496666666665988;0;26.496666666665988;26.496666666665988
1101;46.50;19.50;True;False;False;False;822;31.50;13.50;True;False;False;False;3;22.05166320410323;0.06115948587334889;21.827777777780284;22.317118043116352
1101;46.50;19.50;True;False;False;False;864;29.50;14.50;True;False;False;False;1;22.218239541918592;0;22.218239541918592;22.218239541918592
1101;46.50;19.50;True;False;False;False;1019;52.50;17.50;True;False;False;False;1;13.238613904126396;0;13.238613904126396;13.238613904126396
1101;46.50;19.50;True;False;False;False;1130;31.50;20.50;True;False;False;False;1;16.868614707571396;0;16.868614707571396;16.868614707571396
1101;46.50;19.50;True;False;False;False;1149;50.50;20.50;True;False;False;False;1;9.278795097475268;0;9.278795097475268;9.278795097475268
1101;46.50;19.50;True;False;False;False;1227;40.50;22.50;True;False;False;False;1;12.785555555555675;0;12.785555555555675;12.785555555555675
1101;46.50;19.50;True;False;False;False;1273;42.50;23.50;True;False;False;False;1;12.425926723019984;0;12.425926723019984;12.425926723019984
1102;47.50;19.50;True;False;False;False;12;61.50;3.50;False;False;True;False;2;108.17613667851492;180.55221998892299;98.67476256765804;117.67751078937181
1102;47.50;19.50;True;False;False;False;28;61.50;9.50;False;False;True;False;1;76.36906927879681;0;76.36906927879681;76.36906927879681
1102;47.50;19.50;True;False;False;False;44;61.50;15.50;False;False;True;False;2;96.49468931063052;99.90604634415166;89.4269440427197;103.56243457854134
1102;47.50;19.50;True;False;False;False;60;61.50;21.50;False;False;True;False;2;143.9847126380091;5723.708033862313;90.48841354235992;197.4810117336583
1102;47.50;19.50;True;False;False;False;820;29.50;13.50;True;False;False;False;1;22.849913401508275;0;22.849913401508275;22.849913401508275
1102;47.50;19.50;True;False;False;False;821;30.50;13.50;True;False;False;False;1;27.227034639387057;0;27.227034639387057;27.227034639387057
1102;47.50;19.50;True;False;False;False;822;31.50;13.50;True;False;False;False;2;21.564025979544112;0.11346804684634619;21.325836929789148;21.802215029299077
1102;47.50;19.50;True;False;False;False;864;29.50;14.50;True;False;False;False;1;24.546568877060054;0;24.546568877060054;24.546568877060054
1102;47.50;19.50;True;False;False;False;1231;44.50;22.50;True;False;False;False;1;10.15750359645972;0;10.15750359645972;10.15750359645972
1102;47.50;19.50;True;False;False;False;1283;52.50;23.50;True;False;False;False;1;13.441333855036646;0;13.441333855036646;13.441333855036646
1104;49.50;19.50;True;False;False;False;12;61.50;3.50;False;False;True;False;1;97.93643640824484;0;97.93643640824484;97.93643640824484
1104;49.50;19.50;True;False;False;False;28;61.50;9.50;False;False;True;False;1;65.52564695568435;0;65.52564695568435;65.52564695568435
1104;49.50;19.50;True;False;False;False;44;61.50;15.50;False;False;True;False;7;104.11763141611071;732.51548865083;72.14704183231606;154.6351484234824
1104;49.50;19.50;True;False;False;False;60;61.50;21.50;False;False;True;False;1;61.25648627675946;0;61.25648627675946;61.25648627675946
1104;49.50;19.50;True;False;False;False;76;0.50;6.50;False;True;False;False;1;594.2035267666542;0;594.2035267666542;594.2035267666542
1104;49.50;19.50;True;False;False;False;108;0.50;18.50;False;True;False;False;1;553.9964910783347;0;553.9964910783347;553.9964910783347
1104;49.50;19.50;True;False;False;False;711;52.50;10.50;True;False;False;False;1;15.505180389898669;0;15.505180389898669;15.505180389898669
1104;49.50;19.50;True;False;False;False;732;29.50;11.50;True;False;False;False;1;26.307683986365078;0;26.307683986365078;26.307683986365078
1104;49.50;19.50;True;False;False;False;733;30.50;11.50;True;False;False;False;1;28.313704500800668;0;28.313704500800668;28.313704500800668
1104;49.50;19.50;True;False;False;False;735;32.50;11.50;True;False;False;False;1;23.65097307528731;0;23.65097307528731;23.65097307528731
1104;49.50;19.50;True;False;False;False;822;31.50;13.50;True;False;False;False;1;22.806285914977707;0;22.806285914977707;22.806285914977707
1104;49.50;19.50;True;False;False;False;865;30.50;14.50;True;False;False;False;1;23.606637894988125;0;23.606637894988125;23.606637894988125
1104;49.50;19.50;True;False;False;False;867;32.50;14.50;True;False;False;False;1;21.224353044317468;0;21.224353044317468;21.224353044317468
1104;49.50;19.50;True;False;False;False;1019;52.50;17.50;True;False;False;False;1;12.25855155919271;0;12.25855155919271;12.25855155919271
1104;49.50;19.50;True;False;False;False;1089;34.50;19.50;True;False;False;False;1;13.835378360388859;0;13.835378360388859;13.835378360388859
1104;49.50;19.50;True;False;False;False;1223;36.50;22.50;True;False;False;False;1;17.738426321296174;0;17.738426321296174;17.738426321296174
1104;49.50;19.50;True;False;False;False;1281;50.50;23.50;True;False;False;False;1;9.586023709174697;0;9.586023709174697;9.586023709174697
1104;49.50;19.50;True;False;False;False;1407;44.50;26.50;True;False;False;False;1;15.856854249494063;0;15.856854249494063;15.856854249494063
1105;50.50;19.50;True;False;False;False;12;61.50;3.50;False;False;True;False;1;109.53598294299445;0;109.53598294299445;109.53598294299445
1105;50.50;19.50;True;False;False;False;28;61.50;9.50;False;False;True;False;2;128.98717213177963;3776.8909457178206;85.5309243317347;172.44341993182456
1105;50.50;19.50;True;False;False;False;44;61.50;15.50;False;False;True;False;6;101.98179172187892;296.5097020210229;82.48629869393562;131.11175087387437
1105;50.50;19.50;True;False;False;False;60;61.50;21.50;False;False;True;False;6;85.84178903857605;395.3153206839114;72.76083692978864;125.84593152464004
1105;50.50;19.50;True;False;False;False;76;0.50;6.50;False;True;False;False;2;558.6598348088901;1.1235935972337132;557.91030375642;559.4093658613601
1105;50.50;19.50;True;False;False;False;303;40.50;1.50;True;False;False;False;1;26.234076471714616;0;26.234076471714616;26.234076471714616
1105;50.50;19.50;True;False;False;False;357;50.50;2.50;True;False;False;False;1;15.332215931013707;0;15.332215931013707;15.332215931013707
1105;50.50;19.50;True;False;False;False;691;32.50;10.50;True;False;False;False;1;41.288080730781644;0;41.288080730781644;41.288080730781644
1105;50.50;19.50;True;False;False;False;733;30.50;11.50;True;False;False;False;1;30.09481241715912;0;30.09481241715912;30.09481241715912
1105;50.50;19.50;True;False;False;False;734;31.50;11.50;True;False;False;False;2;34.73171076936421;168.6926663860329;25.547684789816003;43.91573674891242
1105;50.50;19.50;True;False;False;False;821;30.50;13.50;True;False;False;False;3;30.685090596676673;83.8501980742774;24.772034639396225;41.23286517971792
1105;50.50;19.50;True;False;False;False;837;46.50;13.50;True;False;False;False;1;16.3181537468663;0;16.3181537468663;16.3181537468663
1105;50.50;19.50;True;False;False;False;885;50.50;14.50;True;False;False;False;1;7.513114568537276;0;7.513114568537276;7.513114568537276
1105;50.50;19.50;True;False;False;False;962;39.50;16.50;True;False;False;False;1;17.075190777566604;0;17.075190777566604;17.075190777566604
1105;50.50;19.50;True;False;False;False;1228;41.50;22.50;True;False;False;False;1;15.466666666656238;0;15.466666666656238;15.466666666656238
1105;50.50;19.50;True;False;False;False;1283;52.50;23.50;True;False;False;False;1;11.230828933425528;0;11.230828933425528;11.230828933425528
1105;50.50;19.50;True;False;False;False;1333;14.50;25.50;True;False;False;False;1;34.83657606999168;0;34.83657606999168;34.83657606999168
1105;50.50;19.50;True;False;False;False;1343;24.50;25.50;True;False;False;False;1;27.595371970917768;0;27.595371970917768;27.595371970917768
1105;50.50;19.50;True;False;False;False;1368;49.50;25.50;True;False;False;False;1;19.96645593631183;0;19.96645593631183;19.96645593631183
1106;51.50;19.50;True;False;False;False;28;61.50;9.50;False;False;True;False;1;150.23953823585742;0;150.23953823585742;150.23953823585742
1106;51.50;19.50;True;False;False;False;44;61.50;15.50;False;False;True;False;4;85.98718298724793;961.2540446583077;46.87425366687967;122.23462163961813
1106;51.50;19.50;True;False;False;False;60;61.50;21.50;False;False;True;False;4;98.2720697229687;2539.918294927498;47.200981507579854;166.36082734557385
1106;51.50;19.50;True;False;False;False;820;29.50;13.50;True;False;False;False;1;26.521944042719042;0;26.521944042719042;26.521944042719042
1106;51.50;19.50;True;False;False;False;821;30.50;13.50;True;False;False;False;1;25.822041832318064;0;25.822041832318064;25.822041832318064
1106;51.50;19.50;True;False;False;False;822;31.50;13.50;True;False;False;False;1;34.1427633919393;0;34.1427633919393;34.1427633919393
1106;51.50;19.50;True;False;False;False;864;29.50;14.50;True;False;False;False;1;26.418788708003376;0;26.418788708003376;26.418788708003376
1106;51.50;19.50;True;False;False;False;865;30.50;14.50;True;False;False;False;1;36.57656329102247;0;36.57656329102247;36.57656329102247
1106;51.50;19.50;True;False;False;False;869;34.50;14.50;True;False;False;False;1;22.789819610083214;0;22.789819610083214;22.789819610083214
1106;51.50;19.50;True;False;False;False;1018;51.50;17.50;True;False;False;False;1;10.939531042936324;0;10.939531042936324;10.939531042936324
1106;51.50;19.50;True;False;False;False;1236;49.50;22.50;True;False;False;False;1;9.713888085438612;0;9.713888085438612;9.713888085438612
1106;51.50;19.50;True;False;False;False;1280;49.50;23.50;True;False;False;False;1;10.030468153613583;0;10.030468153613583;10.030468153613583
1107;52.50;19.50;True;False;False;False;28;61.50;9.50;False;False;True;False;1;101.76907647170265;0;101.76907647170265;101.76907647170265
1107;52.50;19.50;True;False;False;False;44;61.50;15.50;False;False;True;False;4;86.36023527721647;410.4257415208148;69.24713242899497;114.96501677713786
1107;52.50;19.50;True;False;False;False;60;61.50;21.50;False;False;True;False;4;85.91193105337584;167.05939266981574;76.02620490251502;103.643427124749
1107;52.50;19.50;True;False;False;False;76;0.50;6.50;False;True;False;False;1;611.0297314002764;0;611.0297314002764;611.0297314002764
1107;52.50;19.50;True;False;False;False;124;0.50;24.50;False;True;False;False;1;562.5024903079184;0;562.5024903079184;562.5024903079184
1107;52.50;19.50;True;False;False;False;309;46.50;1.50;True;False;False;False;1;22.871811631061064;0;22.871811631061064;22.871811631061064
1107;52.50;19.50;True;False;False;False;820;29.50;13.50;True;False;False;False;1;34.631760458076315;0;34.631760458076315;34.631760458076315
1107;52.50;19.50;True;False;False;False;821;30.50;13.50;True;False;False;False;1;25.731666666655656;0;25.731666666655656;25.731666666655656
1107;52.50;19.50;True;False;False;False;822;31.50;13.50;True;False;False;False;1;25.626200904340294;0;25.626200904340294;25.626200904340294
1107;52.50;19.50;True;False;False;False;842;51.50;13.50;True;False;False;False;1;11.068552613613065;0;11.068552613613065;11.068552613613065
1107;52.50;19.50;True;False;False;False;864;29.50;14.50;True;False;False;False;1;25.79629869393466;0;25.79629869393466;25.79629869393466
1107;52.50;19.50;True;False;False;False;865;30.50;14.50;True;False;False;False;1;25.146839863640707;0;25.146839863640707;25.146839863640707
1107;52.50;19.50;True;False;False;False;974;51.50;16.50;True;False;False;False;1;8.33370130606454;0;8.33370130606454;8.33370130606454
1107;52.50;19.50;True;False;False;False;1226;39.50;22.50;True;False;False;False;1;17.503616290976424;0;17.503616290976424;17.503616290976424
1107;52.50;19.50;True;False;False;False;1270;39.50;23.50;True;False;False;False;1;18.744437251522413;0;18.744437251522413;18.744437251522413
1107;52.50;19.50;True;False;False;False;1366;47.50;25.50;True;False;False;False;1;15.193795097471593;0;15.193795097471593;15.193795097471593
1109;10.50;20.50;True;False;False;False;60;61.50;21.50;False;False;True;False;1;78.36787983004615;0;78.36787983004615;78.36787983004615
1109;10.50;20.50;True;False;False;False;1104;49.50;19.50;True;False;False;False;1;33.00611111110629;0;33.00611111110629;33.00611111110629
1109;10.50;20.50;True;False;False;False;1135;36.50;20.50;True;False;False;False;1;21.711666666667043;0;21.711666666667043;21.711666666667043
1110;11.50;20.50;True;False;False;False;12;61.50;3.50;False;False;True;False;1;173.25148308201096;0;173.25148308201096;173.25148308201096
1110;11.50;20.50;True;False;False;False;60;61.50;21.50;False;False;True;False;1;106.56999361053386;0;106.56999361053386;106.56999361053386
1110;11.50;20.50;True;False;False;False;690;31.50;10.50;True;False;False;False;1;27.62074313838093;0;27.62074313838093;27.62074313838093
1110;11.50;20.50;True;False;False;False;1018;51.50;17.50;True;False;False;False;1;35.14629869391865;0;35.14629869391865;35.14629869391865
1111;12.50;20.50;True;False;False;False;12;61.50;3.50;False;False;True;False;2;87.8192007738844;130.57412183982626;79.73915987547844;95.89924167229037
1111;12.50;20.50;True;False;False;False;334;27.50;2.50;True;False;False;False;1;29.898520916152847;0;29.898520916152847;29.898520916152847
1111;12.50;20.50;True;False;False;False;830;39.50;13.50;True;False;False;False;1;30.170810549358066;0;30.170810549358066;30.170810549358066
1111;12.50;20.50;True;False;False;False;975;52.50;16.50;True;False;False;False;1;37.21018758282594;0;37.21018758282594;37.21018758282594
1113;14.50;20.50;True;False;False;False;28;61.50;9.50;False;False;True;False;2;131.00165854026454;7948.7091166191185;67.95917636903687;194.04414071149222
1113;14.50;20.50;True;False;False;False;473;34.50;5.50;True;False;False;False;1;30.868614707569577;0;30.868614707569577;30.868614707569577
1113;14.50;20.50;True;False;False;False;1282;51.50;23.50;True;False;False;False;1;34.07027817950075;0;34.07027817950075;34.07027817950075
1114;15.50;20.50;True;False;False;False;60;61.50;21.50;False;False;True;False;1;58.336926462136034;0;58.336926462136034;58.336926462136034
1115;16.50;20.50;True;False;False;False;1092;37.50;19.50;True;False;False;False;1;21.17926405454091;0;21.17926405454091;21.17926405454091
1116;17.50;20.50;True;False;False;False;12;61.50;3.50;False;False;True;False;2;84.61553022906628;165.13739458499705;75.52879829219819;93.70226216593437
1116;17.50;20.50;True;False;False;False;44;61.50;15.50;False;False;True;False;1;128.82658006817564;0;128.82658006817564;128.82658006817564
1116;17.50;20.50;True;False;False;False;572;45.50;7.50;True;False;False;False;1;38.68398268029705;0;38.68398268029705;38.68398268029705
1116;17.50;20.50;True;False;False;False;622;51.50;8.50;True;False;False;False;1;38.24304796091019;0;38.24304796091019;38.24304796091019
1116;17.50;20.50;True;False;False;False;833;42.50;13.50;True;False;False;False;1;29.25927844038324;0;29.25927844038324;29.25927844038324
1116;17.50;20.50;True;False;False;False;1360;41.50;25.50;True;False;False;False;1;27.227958167681663;0;27.227958167681663;27.227958167681663
1118;19.50;20.50;True;False;False;False;44;61.50;15.50;False;False;True;False;1;128.253354089582;0;128.253354089582;128.253354089582
1118;19.50;20.50;True;False;False;False;60;61.50;21.50;False;False;True;False;1;65.17564934696566;0;65.17564934696566;65.17564934696566
1118;19.50;20.50;True;False;False;False;753;50.50;11.50;True;False;False;False;1;33.584083664638456;0;33.584083664638456;33.584083664638456
1118;19.50;20.50;True;False;False;False;1239;52.50;22.50;True;False;False;False;1;31.403305346000707;0;31.403305346000707;31.403305346000707
1120;21.50;20.50;True;False;False;False;60;61.50;21.50;False;False;True;False;1;102.18964109154695;0;102.18964109154695;102.18964109154695
1124;25.50;20.50;True;False;False;False;44;61.50;15.50;False;False;True;False;1;63.307537150685675;0;63.307537150685675;63.307537150685675
1124;25.50;20.50;True;False;False;False;1204;17.50;22.50;True;False;False;False;1;14.103896356213227;0;14.103896356213227;14.103896356213227
1125;26.50;20.50;True;False;False;False;60;61.50;21.50;False;False;True;False;1;80.05130188866679;0;80.05130188866679;80.05130188866679
1125;26.50;20.50;True;False;False;False;733;30.50;11.50;True;False;False;False;1;15.564999999991414;0;15.564999999991414;15.564999999991414
1126;27.50;20.50;True;False;False;False;28;61.50;9.50;False;False;True;False;2;81.64328524198345;538.2933975805316;65.23759419313501;98.04897629083189
1126;27.50;20.50;True;False;False;False;44;61.50;15.50;False;False;True;False;1;75.39722941513173;0;75.39722941513173;75.39722941513173
1126;27.50;20.50;True;False;False;False;108;0.50;18.50;False;True;False;False;1;582.6441108294057;0;582.6441108294057;582.6441108294057
1126;27.50;20.50;True;False;False;False;821;30.50;13.50;True;False;False;False;1;14.118795097467228;0;14.118795097467228;14.118795097467228
1126;27.50;20.50;True;False;False;False;822;31.50;13.50;True;False;False;False;1;14.304906208584725;0;14.304906208584725;14.304906208584725
1126;27.50;20.50;True;False;False;False;1017;50.50;17.50;True;False;False;False;1;24.41156887705074;0;24.41156887705074;24.41156887705074
1126;27.50;20.50;True;False;False;False;1276;45.50;23.50;True;False;False;False;1;21.20990940331467;0;21.20990940331467;21.20990940331467
1128;29.50;20.50;True;False;False;False;28;61.50;9.50;False;False;True;False;1;97.77582734559155;0;97.77582734559155;97.77582734559155
1128;29.50;20.50;True;False;False;False;44;61.50;15.50;False;False;True;False;1;89.55018838626347;0;89.55018838626347;89.55018838626347
1128;29.50;20.50;True;False;False;False;76;0.50;6.50;False;True;False;False;1;600.8390860749405;0;600.8390860749405;600.8390860749405
1128;29.50;20.50;True;False;False;False;821;30.50;13.50;True;False;False;False;2;13.803095258336725;2.764031510961115;12.627503596457245;14.978686920216205
1128;29.50;20.50;True;False;False;False;822;31.50;13.50;True;False;False;False;1;13.392321618706774;0;13.392321618706774;13.392321618706774
1129;30.50;20.50;True;False;False;False;822;31.50;13.50;True;False;False;False;1;12.547401005228494;0;12.547401005228494;12.547401005228494
1130;31.50;20.50;True;False;False;False;44;61.50;15.50;False;False;True;False;1;73.8170378341315;0;73.8170378341315;73.8170378341315
1130;31.50;20.50;True;False;False;False;60;61.50;21.50;False;False;True;False;2;99.80575908346327;440.20501337071084;84.96990701203322;114.64161115489333
1130;31.50;20.50;True;False;False;False;76;0.50;6.50;False;True;False;False;1;549.0848499886943;0;549.0848499886943;549.0848499886943
1130;31.50;20.50;True;False;False;False;92;0.50;12.50;False;True;False;False;1;276.71865067219187;0;276.71865067219187;276.71865067219187
1130;31.50;20.50;True;False;False;False;317;10.50;2.50;True;False;False;False;1;33.465460960693235;0;33.465460960693235;33.465460960693235
1130;31.50;20.50;True;False;False;False;704;45.50;10.50;True;False;False;False;1;23.66639248534557;0;23.66639248534557;23.66639248534557
1130;31.50;20.50;True;False;False;False;822;31.50;13.50;True;False;False;False;1;13.040187582824728;0;13.040187582824728;13.040187582824728
1130;31.50;20.50;True;False;False;False;1140;41.50;20.50;True;False;False;False;1;10.828208378945419;0;10.828208378945419;10.828208378945419
1130;31.50;20.50;True;False;False;False;1392;29.50;26.50;True;False;False;False;1;12.097031444663116;0;12.097031444663116;12.097031444663116
1131;32.50;20.50;True;False;False;False;60;61.50;21.50;False;False;True;False;4;98.43171615928111;29.268782171804673;92.85463283070567;103.73537436220704
1131;32.50;20.50;True;False;False;False;92;0.50;12.50;False;True;False;False;2;304.63585197229713;630.6646719749114;286.87825258534576;322.3934513592485
1131;32.50;20.50;True;False;False;False;820;29.50;13.50;True;False;False;False;1;17.65260377733648;0;17.65260377733648;17.65260377733648
1131;32.50;20.50;True;False;False;False;822;31.50;13.50;True;False;False;False;1;14.340187582816725;0;14.340187582816725;14.340187582816725
1131;32.50;20.50;True;False;False;False;953;30.50;16.50;True;False;False;False;1;11.20425686161252;0;11.20425686161252;11.20425686161252
1131;32.50;20.50;True;False;False;False;1097;42.50;19.50;True;False;False;False;1;14.399405001668129;0;14.399405001668129;14.399405001668129
1131;32.50;20.50;True;False;False;False;1229;42.50;22.50;True;False;False;False;1;15.79546495887871;0;15.79546495887871;15.79546495887871
1131;32.50;20.50;True;False;False;False;1356;37.50;25.50;True;False;False;False;1;14.932780972510955;0;14.932780972510955;14.932780972510955
1133;34.50;20.50;True;False;False;False;28;61.50;9.50;False;False;True;False;2;91.44596972429326;377.3875908575913;77.70938370633394;105.18255574225259
1133;34.50;20.50;True;False;False;False;60;61.50;21.50;False;False;True;False;4;97.13963023379722;610.2364312744511;82.3768550529312;133.9867548720431
1133;34.50;20.50;True;False;False;False;734;31.50;11.50;True;False;False;False;1;14.90777777778203;0;14.90777777778203;14.90777777778203
1133;34.50;20.50;True;False;False;False;803;12.50;13.50;True;False;False;False;1;26.789538235858345;0;26.789538235858345;26.789538235858345
1133;34.50;20.50;True;False;False;False;821;30.50;13.50;True;False;False;False;1;17.174076471712397;0;17.174076471712397;17.174076471712397
1133;34.50;20.50;True;False;False;False;865;30.50;14.50;True;False;False;False;1;13.701730599515031;0;13.701730599515031;13.701730599515031
1133;34.50;20.50;True;False;False;False;1229;42.50;22.50;True;False;False;False;1;14.06645985841169;0;14.06645985841169;14.06645985841169
1133;34.50;20.50;True;False;False;False;1283;52.50;23.50;True;False;False;False;1;21.19620809725916;0;21.19620809725916;21.19620809725916
1134;35.50;20.50;True;False;False;False;60;61.50;21.50;False;False;True;False;4;106.12662599365899;824.5527554325826;88.86390088344615;148.71602531605458
1134;35.50;20.50;True;False;False;False;124;0.50;24.50;False;True;False;False;1;601.4705675500609;0;601.4705675500609;601.4705675500609
1134;35.50;20.50;True;False;False;False;719;16.50;11.50;True;False;False;False;1;25.90093555070598;0;25.90093555070598;25.90093555070598
1134;35.50;20.50;True;False;False;False;734;31.50;11.50;True;False;False;False;1;18.698056760727923;0;18.698056760727923;18.698056760727923
1134;35.50;20.50;True;False;False;False;820;29.50;13.50;True;False;False;False;1;18.167316013634263;0;18.167316013634263;18.167316013634263
1134;35.50;20.50;True;False;False;False;867;32.50;14.50;True;False;False;False;1;14.2098196100942;0;14.2098196100942;14.2098196100942
1134;35.50;20.50;True;False;False;False;1148;49.50;20.50;True;False;False;False;1;13.640090596677965;0;13.640090596677965;13.640090596677965
1135;36.50;20.50;True;False;False;False;108;0.50;18.50;False;True;False;False;2;541.0565577145694;425.80418915347946;526.4653927653017;555.6477226638372
1135;36.50;20.50;True;False;False;False;552;25.50;7.50;True;False;False;False;1;23.453427124745758;0;23.453427124745758;23.453427124745758
1135;36.50;20.50;True;False;False;False;822;31.50;13.50;True;False;False;False;1;15.461770042285934;0;15.461770042285934;15.461770042285934
1136;37.50;20.50;True;False;False;False;28;61.50;9.50;False;False;True;False;1;92.07334052625538;0;92.07334052625538;92.07334052625538
1136;37.50;20.50;True;False;False;False;44;61.50;15.50;False;False;True;False;4;102.1388064894386;580.4493305496983;84.79491340150526;137.7988118936555
1136;37.50;20.50;True;False;False;False;60;61.50;21.50;False;False;True;False;1;78.7585456896586;0;78.7585456896586;78.7585456896586
1136;37.50;20.50;True;False;False;False;92;0.50;12.50;False;True;False;False;1;252.85306714839135;0;252.85306714839135;252.85306714839135
1136;37.50;20.50;True;False;False;False;108;0.50;18.50;False;True;False;False;1;573.8685899341108;0;573.8685899341108;573.8685899341108
1136;37.50;20.50;True;False;False;False;732;29.50;11.50;True;False;False;False;1;22.570468957062985;0;22.570468957062985;22.570468957062985
1136;37.50;20.50;True;False;False;False;820;29.50;13.50;True;False;False;False;1;20.010364777997893;0;20.010364777997893;20.010364777997893
1136;37.50;20.50;True;False;False;False;821;30.50;13.50;True;False;False;False;1;15.96131227634396;0;15.96131227634396;15.96131227634396
1136;37.50;20.50;True;False;False;False;823;32.50;13.50;True;False;False;False;1;15.673427124746468;0;15.673427124746468;15.673427124746468
1136;37.50;20.50;True;False;False;False;864;29.50;14.50;True;False;False;False;1;16.403937112359927;0;16.403937112359927;16.403937112359927
1136;37.50;20.50;True;False;False;False;865;30.50;14.50;True;False;False;False;1;15.715367972731656;0;15.715367972731656;15.715367972731656
1136;37.50;20.50;True;False;False;False;1146;47.50;20.50;True;False;False;False;1;11.110291761891858;0;11.110291761891858;11.110291761891858
1136;37.50;20.50;True;False;False;False;1239;52.50;22.50;True;False;False;False;1;18.726125496978057;0;18.726125496978057;18.726125496978057
1138;39.50;20.50;True;False;False;False;12;61.50;3.50;False;False;True;False;1;117.08991018769666;0;117.08991018769666;117.08991018769666
1138;39.50;20.50;True;False;False;False;28;61.50;9.50;False;False;True;False;1;99.12267518656881;0;99.12267518656881;99.12267518656881
1138;39.50;20.50;True;False;False;False;44;61.50;15.50;False;False;True;False;3;107.91374136332782;192.83116883240567;94.82527817949085;122.47983479938284
1138;39.50;20.50;True;False;False;False;60;61.50;21.50;False;False;True;False;3;97.30930757435938;461.80474457231435;79.03567092573212;120.98436503887751
1138;39.50;20.50;True;False;False;False;713;10.50;11.50;True;False;False;False;1;32.6462954992021;0;32.6462954992021;32.6462954992021
1138;39.50;20.50;True;False;False;False;821;30.50;13.50;True;False;False;False;3;27.11321067575621;64.00868870118437;18.45509059667529;34.232683986363554
1138;39.50;20.50;True;False;False;False;822;31.50;13.50;True;False;False;False;1;19.32926405454782;0;19.32926405454782;19.32926405454782
1138;39.50;20.50;True;False;False;False;874;39.50;14.50;True;False;False;False;1;7.35465360604212;0;7.35465360604212;7.35465360604212
1138;39.50;20.50;True;False;False;False;988;21.50;17.50;True;False;False;False;1;20.901786838472617;0;20.901786838472617;20.901786838472617
1138;39.50;20.50;True;False;False;False;1151;52.50;20.50;True;False;False;False;1;12.29166666666788;0;12.29166666666788;12.29166666666788
1139;40.50;20.50;True;False;False;False;12;61.50;3.50;False;False;True;False;1;112.73750759464701;0;112.73750759464701;112.73750759464701
1139;40.50;20.50;True;False;False;False;28;61.50;9.50;False;False;True;False;1;75.85231601362284;0;75.85231601362284;75.85231601362284
1139;40.50;20.50;True;False;False;False;44;61.50;15.50;False;False;True;False;2;102.22103130380583;52.601537788897076;97.09260377731698;107.34945883029468
1139;40.50;20.50;True;False;False;False;60;61.50;21.50;False;False;True;False;1;120.64991020676098;0;120.64991020676098;120.64991020676098
1139;40.50;20.50;True;False;False;False;76;0.50;6.50;False;True;False;False;1;574.4975179822468;0;574.4975179822468;574.4975179822468
1139;40.50;20.50;True;False;False;False;820;29.50;13.50;True;False;False;False;1;37.35157687345418;0;37.35157687345418;37.35157687345418
1139;40.50;20.50;True;False;False;False;821;30.50;13.50;True;False;False;False;1;32.91093072118747;0;32.91093072118747;32.91093072118747
1139;40.50;20.50;True;False;False;False;865;30.50;14.50;True;False;False;False;1;17.51962883253418;0;17.51962883253418;17.51962883253418
1139;40.50;20.50;True;False;False;False;867;32.50;14.50;True;False;False;False;1;16.238708498984693;0;16.238708498984693;16.238708498984693
1139;40.50;20.50;True;False;False;False;953;30.50;16.50;True;False;False;False;1;16.58212258030835;0;16.58212258030835;16.58212258030835
1139;40.50;20.50;True;False;False;False;1227;40.50;22.50;True;False;False;False;1;4.838628289962799;0;4.838628289962799;4.838628289962799
1140;41.50;20.50;True;False;False;False;44;61.50;15.50;False;False;True;False;1;99.57889608179539;0;99.57889608179539;99.57889608179539
1140;41.50;20.50;True;False;False;False;60;61.50;21.50;False;False;True;False;2;96.76772227277706;12.668511590176884;94.25092752646015;99.28451701909398
1140;41.50;20.50;True;False;False;False;733;30.50;11.50;True;False;False;False;1;20.3115417122317;0;20.3115417122317;20.3115417122317
1140;41.50;20.50;True;False;False;False;820;29.50;13.50;True;False;False;False;1;27.860090596677765;0;27.860090596677765;27.860090596677765
1140;41.50;20.50;True;False;False;False;1343;24.50;25.50;True;False;False;False;1;21.523420735265972;0;21.523420735265972;21.523420735265972
1141;42.50;20.50;True;False;False;False;60;61.50;21.50;False;False;True;False;5;99.58499440635337;357.0759895791749;73.09342712474245;125.30537516565892
1141;42.50;20.50;True;False;False;False;76;0.50;6.50;False;True;False;False;1;599.3495428469687;0;599.3495428469687;599.3495428469687
1141;42.50;20.50;True;False;False;False;92;0.50;12.50;False;True;False;False;1;256.6373650596846;0;256.6373650596846;256.6373650596846
1141;42.50;20.50;True;False;False;False;108;0.50;18.50;False;True;False;False;1;613.266418865689;0;613.266418865689;613.266418865689
1141;42.50;20.50;True;False;False;False;488;49.50;5.50;True;False;False;False;1;22.05862190048174;0;22.05862190048174;22.05862190048174
1141;42.50;20.50;True;False;False;False;733;30.50;11.50;True;False;False;False;1;22.320923528285675;0;22.320923528285675;22.320923528285675
1141;42.50;20.50;True;False;False;False;820;29.50;13.50;True;False;False;False;1;20.401948040907882;0;20.401948040907882;20.401948040907882
1141;42.50;20.50;True;False;False;False;821;30.50;13.50;True;False;False;False;2;23.23361830403428;12.254071372375186;20.758333333331393;25.708903274737168
1141;42.50;20.50;True;False;False;False;865;30.50;14.50;True;False;False;False;1;19.254632027271327;0;19.254632027271327;19.254632027271327
1141;42.50;20.50;True;False;False;False;867;32.50;14.50;True;False;False;False;2;18.297593791411884;0.46436010365590347;17.815743138379275;18.779444444444493
1141;42.50;20.50;True;False;False;False;975;52.50;16.50;True;False;False;False;1;17.270743138381135;0;17.270743138381135;17.270743138381135
1143;44.50;20.50;True;False;False;False;44;61.50;15.50;False;False;True;False;1;166.737038637566;0;166.737038637566;166.737038637566
1143;44.50;20.50;True;False;False;False;60;61.50;21.50;False;False;True;False;4;96.41562462248925;97.08849547113654;85.1251764298595;105.73566692754798
1143;44.50;20.50;True;False;False;False;821;30.50;13.50;True;False;False;False;1;21.537409805045172;0;21.537409805045172;21.537409805045172
1143;44.50;20.50;True;False;False;False;823;32.50;13.50;True;False;False;False;1;31.99407327697827;0;31.99407327697827;31.99407327697827
1143;44.50;20.50;True;False;False;False;838;47.50;13.50;True;False;False;False;1;14.16406208583794;0;14.16406208583794;14.16406208583794
1143;44.50;20.50;True;False;False;False;1017;50.50;17.50;True;False;False;False;1;12.416541270855305;0;12.416541270855305;12.416541270855305
1143;44.50;20.50;True;False;False;False;1097;42.50;19.50;True;False;False;False;1;8.282871569190661;0;8.282871569190661;8.282871569190661
1144;45.50;20.50;True;False;False;False;12;61.50;3.50;False;False;True;False;1;162.41296536059235;0;162.41296536059235;162.41296536059235
1144;45.50;20.50;True;False;False;False;60;61.50;21.50;False;False;True;False;4;106.50270995914275;906.0785949696856;71.09185424949192;144.4107439418185
1144;45.50;20.50;True;False;False;False;821;30.50;13.50;True;False;False;False;1;21.515649346962164;0;21.515649346962164;21.515649346962164
1144;45.50;20.50;True;False;False;False;822;31.50;13.50;True;False;False;False;1;20.501948040895513;0;20.501948040895513;20.501948040895513
1144;45.50;20.50;True;False;False;False;1116;17.50;20.50;True;False;False;False;1;22.19805195909703;0;22.19805195909703;22.19805195909703
1144;45.50;20.50;True;False;False;False;1348;29.50;25.50;True;False;False;False;1;21.82735515389868;0;21.82735515389868;21.82735515389868
1144;45.50;20.50;True;False;False;False;1363;44.50;25.50;True;False;False;False;1;11.234447639177233;0;11.234447639177233;11.234447639177233
1145;46.50;20.50;True;False;False;False;44;61.50;15.50;False;False;True;False;1;146.30538235857603;0;146.30538235857603;146.30538235857603
1145;46.50;20.50;True;False;False;False;60;61.50;21.50;False;False;True;False;2;99.29052224223778;49.62380652377315;94.30936743015991;104.27167705431566
1145;46.50;20.50;True;False;False;False;76;0.50;6.50;False;True;False;False;1;581.1463106884676;0;581.1463106884676;581.1463106884676
1145;46.50;20.50;True;False;False;False;822;31.50;13.50;True;False;False;False;1;21.453139361017747;0;21.453139361017747;21.453139361017747
1145;46.50;20.50;True;False;False;False;865;30.50;14.50;True;False;False;False;1;22.746200904342913;0;22.746200904342913;22.746200904342913
1145;46.50;20.50;True;False;False;False;866;31.50;14.50;True;False;False;False;1;20.778520916159323;0;20.778520916159323;20.778520916159323
1145;46.50;20.50;True;False;False;False;881;46.50;14.50;True;False;False;False;1;7.329798031347309;0;7.329798031347309;7.329798031347309
1146;47.50;20.50;True;False;False;False;28;61.50;9.50;False;False;True;False;1;100.30782137670576;0;100.30782137670576;100.30782137670576
1146;47.50;20.50;True;False;False;False;44;61.50;15.50;False;False;True;False;5;97.19305888728714;193.55419497357084;84.34462483435345;119.64374765818502
1146;47.50;20.50;True;False;False;False;60;61.50;21.50;False;False;True;False;3;101.3295644238915;1299.2521145908763;76.13293574749332;142.61759019491365
1146;47.50;20.50;True;False;False;False;76;0.50;6.50;False;True;False;False;1;591.9913074937394;0;591.9913074937394;591.9913074937394
1146;47.50;20.50;True;False;False;False;124;0.50;24.50;False;True;False;False;3;552.1137609131105;890.36059832278;525.8065014660551;584.5367101267439
1146;47.50;20.50;True;False;False;False;708;49.50;10.50;True;False;False;False;1;14.604123627352237;0;14.604123627352237;14.604123627352237
1146;47.50;20.50;True;False;False;False;733;30.50;11.50;True;False;False;False;2;27.416341993184687;1.3819710623807326;26.58508659850122;28.247597387868154
1146;47.50;20.50;True;False;False;False;821;30.50;13.50;True;False;False;False;3;29.21843778022958;127.44964749489685;22.56559071675656;42.253330138584715
1146;47.50;20.50;True;False;False;False;865;30.50;14.50;True;False;False;False;1;22.2770418323189;0;22.2770418323189;22.2770418323189
1146;47.50;20.50;True;False;False;False;867;32.50;14.50;True;False;False;False;1;21.07555475210438;0;21.07555475210438;21.07555475210438
1146;47.50;20.50;True;False;False;False;1011;44.50;17.50;True;False;False;False;1;10.970474023063161;0;10.970474023063161;10.970474023063161
1146;47.50;20.50;True;False;False;False;1096;41.50;19.50;True;False;False;False;1;10.088888888887595;0;10.088888888887595;10.088888888887595
1146;47.50;20.50;True;False;False;False;1106;51.50;19.50;True;False;False;False;1;9.624734102984803;0;9.624734102984803;9.624734102984803
1146;47.50;20.50;True;False;False;False;1120;21.50;20.50;True;False;False;False;1;21.858009321593272;0;21.858009321593272;21.858009321593272
1146;47.50;20.50;True;False;False;False;1143;44.50;20.50;True;False;False;False;1;5.552777777775191;0;5.552777777775191;5.552777777775191
1148;49.50;20.50;True;False;False;False;28;61.50;9.50;False;False;True;False;2;100.43060245125412;156.39427253130708;91.5876879845382;109.27351691797003
1148;49.50;20.50;True;False;False;False;44;61.50;15.50;False;False;True;False;4;110.95369704568498;845.6007554086289;70.910730359421;132.81591874571404
1148;49.50;20.50;True;False;False;False;60;61.50;21.50;False;False;True;False;5;102.72978654933067;622.2350763458317;77.43641006591315;143.9344199162142
1148;49.50;20.50;True;False;False;False;489;50.50;5.50;True;False;False;False;1;18.205892441563265;0;18.205892441563265;18.205892441563265
1148;49.50;20.50;True;False;False;False;734;31.50;11.50;True;False;False;False;1;32.24898268029938;0;32.24898268029938;32.24898268029938
1148;49.50;20.50;True;False;False;False;820;29.50;13.50;True;False;False;False;2;34.964116576216156;223.41245040333348;24.394999999999072;45.53323315243324
1148;49.50;20.50;True;False;False;False;821;30.50;13.50;True;False;False;False;1;25.32722222222219;0;25.32722222222219;25.32722222222219
1148;49.50;20.50;True;False;False;False;864;29.50;14.50;True;False;False;False;1;24.896288306275892;0;24.896288306275892;24.896288306275892
1148;49.50;20.50;True;False;False;False;965;42.50;16.50;True;False;False;False;1;13.77268478982296;0;13.77268478982296;13.77268478982296
1148;49.50;20.50;True;False;False;False;1019;52.50;17.50;True;False;False;False;1;11.049163070203576;0;11.049163070203576;11.049163070203576
1148;49.50;20.50;True;False;False;False;1107;52.50;19.50;True;False;False;False;1;9.357532632498078;0;9.357532632498078;9.357532632498078
1148;49.50;20.50;True;False;False;False;1138;39.50;20.50;True;False;False;False;1;10.003333333330374;0;10.003333333330374;10.003333333330374
1148;49.50;20.50;True;False;False;False;1241;10.50;23.50;True;False;False;False;1;36.026808738811724;0;36.026808738811724;36.026808738811724
1149;50.50;20.50;True;False;False;False;12;61.50;3.50;False;False;True;False;2;143.22736850488218;1589.9418635270306;115.03213962190421;171.42259738786015
1149;50.50;20.50;True;False;False;False;44;61.50;15.50;False;False;True;False;2;110.54621209543348;293.075674299567;98.44093072118267;122.65149346968428
1149;50.50;20.50;True;False;False;False;60;61.50;21.50;False;False;True;False;1;98.57468665933936;0;98.57468665933936;98.57468665933936
1149;50.50;20.50;True;False;False;False;92;0.50;12.50;False;True;False;False;1;250.93704583048384;0;250.93704583048384;250.93704583048384
1149;50.50;20.50;True;False;False;False;108;0.50;18.50;False;True;False;False;1;636.8063202727021;0;636.8063202727021;636.8063202727021
1149;50.50;20.50;True;False;False;False;124;0.50;24.50;False;True;False;False;1;559.8614007651231;0;559.8614007651231;559.8614007651231
1149;50.50;20.50;True;False;False;False;711;52.50;10.50;True;False;False;False;1;15.714718625760725;0;15.714718625760725;15.714718625760725
1149;50.50;20.50;True;False;False;False;733;30.50;11.50;True;False;False;False;1;26.531617119664702;0;26.531617119664702;26.531617119664702
1149;50.50;20.50;True;False;False;False;750;47.50;11.50;True;False;False;False;1;15.579256861616159;0;15.579256861616159;15.579256861616159
1149;50.50;20.50;True;False;False;False;822;31.50;13.50;True;False;False;False;2;25.042263924093277;0.128397816926536;24.78888888889196;25.295638959294592
1149;50.50;20.50;True;False;False;False;861;26.50;14.50;True;False;False;False;1;26.730750331302858;0;26.730750331302858;26.730750331302858
1149;50.50;20.50;True;False;False;False;865;30.50;14.50;True;False;False;False;1;37.76453823585325;0;37.76453823585325;37.76453823585325
1149;50.50;20.50;True;False;False;False;879;44.50;14.50;True;False;False;False;1;15.133333333331393;0;15.133333333331393;15.133333333331393
1150;51.50;20.50;True;False;False;False;60;61.50;21.50;False;False;True;False;2;104.27292246307934;539.1136799217287;87.85473620634366;120.69110871981502
1150;51.50;20.50;True;False;False;False;822;31.50;13.50;True;False;False;False;1;25.028611512836505;0;25.028611512836505;25.028611512836505
1150;51.50;20.50;True;False;False;False;880;45.50;14.50;True;False;False;False;1;15.014262963140936;0;15.014262963140936;15.014262963140936
1151;52.50;20.50;True;False;False;False;12;61.50;3.50;False;False;True;False;1;43.80591314062622;0;43.80591314062622;43.80591314062622
1151;52.50;20.50;True;False;False;False;28;61.50;9.50;False;False;True;False;1;90.0698547712891;0;90.0698547712891;90.0698547712891
1151;52.50;20.50;True;False;False;False;44;61.50;15.50;False;False;True;False;2;115.06176126152377;336.91738971874275;102.08259738786182;128.04092513518572
1151;52.50;20.50;True;False;False;False;60;61.50;21.50;False;False;True;False;9;90.00930544452402;1177.0129193235675;58.934632027259795;157.86260458079505
1151;52.50;20.50;True;False;False;False;124;0.50;24.50;False;True;False;False;1;578.0342117565142;0;578.0342117565142;578.0342117565142
1151;52.50;20.50;True;False;False;False;694;35.50;10.50;True;False;False;False;1;25.192324010018638;0;25.192324010018638;25.192324010018638
1151;52.50;20.50;True;False;False;False;734;31.50;11.50;True;False;False;False;1;34.72138609587637;0;34.72138609587637;34.72138609587637
1151;52.50;20.50;True;False;False;False;821;30.50;13.50;True;False;False;False;2;26.24394138014395;0.31637716782364333;25.846212095439114;26.64167066484879
1151;52.50;20.50;True;False;False;False;823;32.50;13.50;True;False;False;False;2;29.505873437843547;41.09647272691856;24.97285718335479;34.038889692332305
1151;52.50;20.50;True;False;False;False;865;30.50;14.50;True;False;False;False;2;25.987132428994983;0.06694972027564834;25.804171066577055;26.17009379141291
1151;52.50;20.50;True;False;False;False;1019;52.50;17.50;True;False;False;False;1;5.929256861618342;0;5.929256861618342;5.929256861618342
1151;52.50;20.50;True;False;False;False;1106;51.50;19.50;True;False;False;False;1;6.58676045807897;0;6.58676045807897;6.58676045807897
1151;52.50;20.50;True;False;False;False;1198;11.50;22.50;True;False;False;False;1;35.922355173028336;0;35.922355173028336;35.922355173028336
1151;52.50;20.50;True;False;False;False;1371;52.50;25.50;True;False;False;False;1;9.96176045807806;0;9.96176045807806;9.96176045807806
1151;52.50;20.50;True;False;False;False;1377;14.50;26.50;True;False;False;False;1;36.77453823584801;0;36.77453823584801;36.77453823584801
1151;52.50;20.50;True;False;False;False;1415;52.50;26.50;True;False;False;False;1;8.906111111111386;0;8.906111111111386;8.906111111111386
1196;9.50;22.50;True;False;False;False;1330;11.50;25.50;True;False;False;False;1;9.872691179286903;0;9.872691179286903;9.872691179286903
1197;10.50;22.50;True;False;False;False;44;61.50;15.50;False;False;True;False;1;128.22534717840608;0;128.22534717840608;128.22534717840608
1197;10.50;22.50;True;False;False;False;490;51.50;5.50;True;False;False;False;1;45.90185905112412;0;45.90185905112412;45.90185905112412
1198;11.50;22.50;True;False;False;False;28;61.50;9.50;False;False;True;False;1;101.88342151963116;0;101.88342151963116;101.88342151963116
1198;11.50;22.50;True;False;False;False;44;61.50;15.50;False;False;True;False;1;95.78296935879553;0;95.78296935879553;95.78296935879553
1198;11.50;22.50;True;False;False;False;60;61.50;21.50;False;False;True;False;1;168.78478286103928;0;168.78478286103928;168.78478286103928
1198;11.50;22.50;True;False;False;False;124;0.50;24.50;False;True;False;False;1;585.0509323281121;0;585.0509323281121;585.0509323281121
1198;11.50;22.50;True;False;False;False;835;44.50;13.50;True;False;False;False;1;37.55166586321593;0;37.55166586321593;37.55166586321593
1198;11.50;22.50;True;False;False;False;882;47.50;14.50;True;False;False;False;1;37.39888169593905;0;37.39888169593905;37.39888169593905
1198;11.50;22.50;True;False;False;False;887;52.50;14.50;True;False;False;False;1;39.762110850229874;0;39.762110850229874;39.762110850229874
1202;15.50;22.50;True;False;False;False;28;61.50;9.50;False;False;True;False;1;164.1736077980895;0;164.1736077980895;164.1736077980895
1202;15.50;22.50;True;False;False;False;124;0.50;24.50;False;True;False;False;1;570.0352853914674;0;570.0352853914674;570.0352853914674
1202;15.50;22.50;True;False;False;False;613;42.50;8.50;True;False;False;False;1;37.19036797271838;0;37.19036797271838;37.19036797271838
1204;17.50;22.50;True;False;False;False;60;61.50;21.50;False;False;True;False;1;127.96760750114481;0;127.96760750114481;127.96760750114481
1204;17.50;22.50;True;False;False;False;1149;50.50;20.50;True;False;False;False;1;31.146382901144534;0;31.146382901144534;31.146382901144534
1206;19.50;22.50;True;False;False;False;28;61.50;9.50;False;False;True;False;1;86.04480922242874;0;86.04480922242874;86.04480922242874
1206;19.50;22.50;True;False;False;False;60;61.50;21.50;False;False;True;False;1;108.69907566827351;0;108.69907566827351;108.69907566827351
1206;19.50;22.50;True;False;False;False;338;31.50;2.50;True;False;False;False;1;45.507774583034916;0;45.507774583034916;45.507774583034916
1206;19.50;22.50;True;False;False;False;483;44.50;5.50;True;False;False;False;1;39.2075035964599;0;39.2075035964599;39.2075035964599
1206;19.50;22.50;True;False;False;False;754;51.50;11.50;True;False;False;False;1;35.8310245126213;0;35.8310245126213;35.8310245126213
1207;20.50;22.50;True;False;False;False;60;61.50;21.50;False;False;True;False;1;102.76710394088514;0;102.76710394088514;102.76710394088514
1211;24.50;22.50;True;False;False;False;44;61.50;15.50;False;False;True;False;1;156.653066344938;0;156.653066344938;156.653066344938
1214;27.50;22.50;True;False;False;False;12;61.50;3.50;False;False;True;False;1;157.155934719387;0;157.155934719387;157.155934719387
1214;27.50;22.50;True;False;False;False;44;61.50;15.50;False;False;True;False;1;145.16299174103096;0;145.16299174103096;145.16299174103096
1214;27.50;22.50;True;False;False;False;733;30.50;11.50;True;False;False;False;1;17.624444444445544;0;17.624444444445544;17.624444444445544
1214;27.50;22.50;True;False;False;False;1008;41.50;17.50;True;False;False;False;1;20.32084438720267;0;20.32084438720267;20.32084438720267
1216;29.50;22.50;True;False;False;False;28;61.50;9.50;False;False;True;False;1;91.54633094378914;0;91.54633094378914;91.54633094378914
1216;29.50;22.50;True;False;False;False;44;61.50;15.50;False;False;True;False;2;112.43636821729888;1412.3499667908243;85.86241511665139;139.01032131794636
1216;29.50;22.50;True;False;False;False;821;30.50;13.50;True;False;False;False;1;13.822471630057407;0;13.822471630057407;13.822471630057407
1216;29.50;22.50;True;False;False;False;866;31.50;14.50;True;False;False;False;1;14.516298693946737;0;14.516298693946737;14.516298693946737
1216;29.50;22.50;True;False;False;False;1219;32.50;22.50;True;False;False;False;1;6.595093791409454;0;6.595093791409454;6.595093791409454
1217;30.50;22.50;True;False;False;False;124;0.50;24.50;False;True;False;False;1;586.7152003808383;0;586.7152003808383;586.7152003808383
1217;30.50;22.50;True;False;False;False;287;24.50;1.50;True;False;False;False;1;28.979260056355997;0;28.979260056355997;28.979260056355997
1219;32.50;22.50;True;False;False;False;44;61.50;15.50;False;False;True;False;2;106.69787396999527;1073.6722409839977;83.52814974867579;129.86759819131476
1219;32.50;22.50;True;False;False;False;60;61.50;21.50;False;False;True;False;2;96.046116706661;925.8148026962242;74.53083373505888;117.56139967826311
1219;32.50;22.50;True;False;False;False;821;30.50;13.50;True;False;False;False;2;29.154632027269145;25.364360715560363;25.593427124742448;32.71583692979584
1219;32.50;22.50;True;False;False;False;1092;37.50;19.50;True;False;False;False;1;13.913888888890142;0;13.913888888890142;13.913888888890142
1219;32.50;22.50;True;False;False;False;1133;34.50;20.50;True;False;False;False;1;9.80648308203672;0;9.80648308203672;9.80648308203672
1221;34.50;22.50;True;False;False;False;60;61.50;21.50;False;False;True;False;3;95.3357460310793;121.56342236354337;82.6399102067735;102.50539194278463
1221;34.50;22.50;True;False;False;False;76;0.50;6.50;False;True;False;False;1;556.8436754456743;0;556.8436754456743;556.8436754456743
1221;34.50;22.50;True;False;False;False;450;11.50;5.50;True;False;False;False;1;33.146544729544985;0;33.146544729544985;33.146544729544985
1221;34.50;22.50;True;False;False;False;822;31.50;13.50;True;False;False;False;1;17.864535041109775;0;17.864535041109775;17.864535041109775
1221;34.50;22.50;True;False;False;False;1237;50.50;22.50;True;False;False;False;1;14.612235804623197;0;14.612235804623197;14.612235804623197
1221;34.50;22.50;True;False;False;False;1276;45.50;23.50;True;False;False;False;1;13.778520916162961;0;13.778520916162961;13.778520916162961
1222;35.50;22.50;True;False;False;False;12;61.50;3.50;False;False;True;False;2;170.94549986955735;180.32233589734443;161.4501763917251;180.4408233473896
1222;35.50;22.50;True;False;False;False;60;61.50;21.50;False;False;True;False;1;80.50103570371357;0;80.50103570371357;80.50103570371357
1222;35.50;22.50;True;False;False;False;820;29.50;13.50;True;False;False;False;1;17.119986417590553;0;17.119986417590553;17.119986417590553
1222;35.50;22.50;True;False;False;False;1105;50.50;19.50;True;False;False;False;1;19.5686210970307;0;19.5686210970307;19.5686210970307
1222;35.50;22.50;True;False;False;False;1283;52.50;23.50;True;False;False;False;1;18.49036477799382;0;18.49036477799382;18.49036477799382
1223;36.50;22.50;True;False;False;False;12;61.50;3.50;False;False;True;False;1;80.62443885842731;0;80.62443885842731;80.62443885842731
1223;36.50;22.50;True;False;False;False;44;61.50;15.50;False;False;True;False;2;113.39924914426865;55.09177881726229;108.15083134376619;118.64766694477112
1223;36.50;22.50;True;False;False;False;60;61.50;21.50;False;False;True;False;1;72.78712843080984;0;72.78712843080984;72.78712843080984
1223;36.50;22.50;True;False;False;False;440;45.50;4.50;True;False;False;False;1;26.50114307739932;0;26.50114307739932;26.50114307739932
1223;36.50;22.50;True;False;False;False;821;30.50;13.50;True;False;False;False;2;28.107318414426118;252.52384783391426;16.870685292491544;39.34395153636069
1223;36.50;22.50;True;False;False;False;1361;42.50;25.50;True;False;False;False;1;13.217262988470111;0;13.217262988470111;13.217262988470111
1224;37.50;22.50;True;False;False;False;28;61.50;9.50;False;False;True;False;1;46.7331273664895;0;46.7331273664895;46.7331273664895
1224;37.50;22.50;True;False;False;False;44;61.50;15.50;False;False;True;False;3;97.81339985912898;266.0933760768045;79.32092433173693;110.16038555331033
1224;37.50;22.50;True;False;False;False;60;61.50;21.50;False;False;True;False;2;103.16719069677129;443.9517110807809;88.26833652806454;118.06604486547803
1224;37.50;22.50;True;False;False;False;358;51.50;2.50;True;False;False;False;1;32.58037836039148;0;32.58037836039148;32.58037836039148
1224;37.50;22.50;True;False;False;False;547;20.50;7.50;True;False;False;False;1;28.18917106657682;0;28.18917106657682;28.18917106657682
1224;37.50;22.50;True;False;False;False;734;31.50;11.50;True;False;False;False;1;19.128610709381974;0;19.128610709381974;19.128610709381974
1224;37.50;22.50;True;False;False;False;821;30.50;13.50;True;False;False;False;1;39.5817612615283;0;39.5817612615283;39.5817612615283
1224;37.50;22.50;True;False;False;False;1237;50.50;22.50;True;False;False;False;1;12.874625637796271;0;12.874625637796271;12.874625637796271
1224;37.50;22.50;True;False;False;False;1266;35.50;23.50;True;False;False;False;1;7.961951235640527;0;7.961951235640527;7.961951235640527
1226;39.50;22.50;True;False;False;False;12;61.50;3.50;False;False;True;False;1;192.20435465121227;0;192.20435465121227;192.20435465121227
1226;39.50;22.50;True;False;False;False;28;61.50;9.50;False;False;True;False;2;157.5148649084258;11969.901145091122;80.15240261213148;234.87732720472013
1226;39.50;22.50;True;False;False;False;60;61.50;21.50;False;False;True;False;1;74.11622806912419;0;74.11622806912419;74.11622806912419
1226;39.50;22.50;True;False;False;False;108;0.50;18.50;False;True;False;False;1;640.1865928661318;0;640.1865928661318;640.1865928661318
1226;39.50;22.50;True;False;False;False;732;29.50;11.50;True;False;False;False;1;21.682545950540543;0;21.682545950540543;21.682545950540543
1226;39.50;22.50;True;False;False;False;733;30.50;11.50;True;False;False;False;1;29.885832931604455;0;29.885832931604455;29.885832931604455
1226;39.50;22.50;True;False;False;False;821;30.50;13.50;True;False;False;False;1;19.25988017664349;0;19.25988017664349;19.25988017664349
1226;39.50;22.50;True;False;False;False;864;29.50;14.50;True;False;False;False;2;19.62198934105254;1.1497170220038646;18.863795097469847;20.380183584635233
1226;39.50;22.50;True;False;False;False;1283;52.50;23.50;True;False;False;False;1;16.148975487378266;0;16.148975487378266;16.148975487378266
1227;40.50;22.50;True;False;False;False;12;61.50;3.50;False;False;True;False;1;107.28626646316752;0;107.28626646316752;107.28626646316752
1227;40.50;22.50;True;False;False;False;28;61.50;9.50;False;False;True;False;1;76.85549881568659;0;76.85549881568659;76.85549881568659
1227;40.50;22.50;True;False;False;False;44;61.50;15.50;False;False;True;False;2;102.04199053671482;1556.2992591720129;74.14665706342566;129.93732401000398
1227;40.50;22.50;True;False;False;False;60;61.50;21.50;False;False;True;False;1;83.69638929063876;0;83.69638929063876;83.69638929063876
1227;40.50;22.50;True;False;False;False;282;19.50;1.50;True;False;False;False;1;35.410923528277635;0;35.410923528277635;35.410923528277635
1227;40.50;22.50;True;False;False;False;733;30.50;11.50;True;False;False;False;1;21.39599013591942;0;21.39599013591942;21.39599013591942
1227;40.50;22.50;True;False;False;False;820;29.50;13.50;True;False;False;False;1;20.40379109928108;0;20.40379109928108;20.40379109928108
1227;40.50;22.50;True;False;False;False;823;32.50;13.50;True;False;False;False;1;22.183514526687304;0;22.183514526687304;22.183514526687304
1227;40.50;22.50;True;False;False;False;1097;42.50;19.50;True;False;False;False;1;10.457466564054812;0;10.457466564054812;10.457466564054812
1228;41.50;22.50;True;False;False;False;60;61.50;21.50;False;False;True;False;2;120.89407167009006;1893.8134368844549;90.12222222222249;151.66592111795762
1228;41.50;22.50;True;False;False;False;734;31.50;11.50;True;False;False;False;1;21.903654934724273;0;21.903654934724273;21.903654934724273
1228;41.50;22.50;True;False;False;False;822;31.50;13.50;True;False;False;False;1;19.752948564437247;0;19.752948564437247;19.752948564437247
1229;42.50;22.50;True;False;False;False;44;61.50;15.50;False;False;True;False;1;108.96241460667443;0;108.96241460667443;108.96241460667443
1229;42.50;22.50;True;False;False;False;60;61.50;21.50;False;False;True;False;5;103.78241236464382;497.959239915005;67.4626847898171;122.71168344379112
1229;42.50;22.50;True;False;False;False;92;0.50;12.50;False;True;False;False;1;242.67898667845657;0;242.67898667845657;242.67898667845657
1229;42.50;22.50;True;False;False;False;821;30.50;13.50;True;False;False;False;1;30.606299497385862;0;30.606299497385862;30.606299497385862
1229;42.50;22.50;True;False;False;False;822;31.50;13.50;True;False;False;False;1;20.163059152015194;0;20.163059152015194;20.163059152015194
1229;42.50;22.50;True;False;False;False;1130;31.50;20.50;True;False;False;False;1;15.9547298168618;0;15.9547298168618;15.9547298168618
1229;42.50;22.50;True;False;False;False;1234;47.50;22.50;True;False;False;False;1;7.236304279956357;0;7.236304279956357;7.236304279956357
1229;42.50;22.50;True;False;False;False;1280;49.50;23.50;True;False;False;False;1;12.800436990615708;0;12.800436990615708;12.800436990615708
1229;42.50;22.50;True;False;False;False;1365;46.50;25.50;True;False;False;False;1;11.872222222224082;0;11.872222222224082;11.872222222224082
1229;42.50;22.50;True;False;False;False;1412;49.50;26.50;True;False;False;False;1;14.980555555550382;0;14.980555555550382;14.980555555550382
1231;44.50;22.50;True;False;False;False;44;61.50;15.50;False;False;True;False;1;82.14926724928773;0;82.14926724928773;82.14926724928773
1231;44.50;22.50;True;False;False;False;60;61.50;21.50;False;False;True;False;2;76.94375579641928;1331.8495851552589;51.138237150640634;102.74927444219793
1231;44.50;22.50;True;False;False;False;734;31.50;11.50;True;False;False;False;1;35.34156968051684;0;35.34156968051684;35.34156968051684
1231;44.50;22.50;True;False;False;False;822;31.50;13.50;True;False;False;False;1;22.95611430584904;0;22.95611430584904;22.95611430584904
1231;44.50;22.50;True;False;False;False;1011;44.50;17.50;True;False;False;False;1;9.663802290400781;0;9.663802290400781;9.663802290400781
1232;45.50;22.50;True;False;False;False;60;61.50;21.50;False;False;True;False;2;66.36671756055148;397.4926178162032;52.268976290826686;80.46445883027627
1232;45.50;22.50;True;False;False;False;92;0.50;12.50;False;True;False;False;1;245.38954303748778;0;245.38954303748778;245.38954303748778
1232;45.50;22.50;True;False;False;False;124;0.50;24.50;False;True;False;False;1;546.4597553938092;0;546.4597553938092;546.4597553938092
1232;45.50;22.50;True;False;False;False;465;26.50;5.50;True;False;False;False;1;31.37223660806376;0;31.37223660806376;31.37223660806376
1232;45.50;22.50;True;False;False;False;822;31.50;13.50;True;False;False;False;2;24.916396081813218;3.918987632248266;23.516576873442318;26.316215290184118
1232;45.50;22.50;True;False;False;False;1258;27.50;23.50;True;False;False;False;1;18.69082654213571;0;18.69082654213571;18.69082654213571
1233;46.50;22.50;True;False;False;False;28;61.50;9.50;False;False;True;False;1;117.36793152293649;0;117.36793152293649;117.36793152293649
1233;46.50;22.50;True;False;False;False;44;61.50;15.50;False;False;True;False;1;260.4820828820302;0;260.4820828820302;260.4820828820302
1233;46.50;22.50;True;False;False;False;60;61.50;21.50;False;False;True;False;2;111.58208791284414;7.955268557696299;109.58768718108331;113.57648864460498
1233;46.50;22.50;True;False;False;False;124;0.50;24.50;False;True;False;False;1;609.6117972261509;0;609.6117972261509;609.6117972261509
1233;46.50;22.50;True;False;False;False;424;29.50;4.50;True;False;False;False;1;30.11138929061508;0;30.11138929061508;30.11138929061508
1233;46.50;22.50;True;False;False;False;439;44.50;4.50;True;False;False;False;1;23.454906208578905;0;23.454906208578905;23.454906208578905
1233;46.50;22.50;True;False;False;False;823;32.50;13.50;True;False;False;False;2;22.932687984548465;0.011194992013867387;22.857871569191047;23.007504399905883
1233;46.50;22.50;True;False;False;False;1371;52.50;25.50;True;False;False;False;1;14.506817197940109;0;14.506817197940109;14.506817197940109
1234;47.50;22.50;True;False;False;False;12;61.50;3.50;False;False;True;False;1;126.26852810906712;0;126.26852810906712;126.26852810906712
1234;47.50;22.50;True;False;False;False;28;61.50;9.50;False;False;True;False;2;72.78868238815994;1811.4324838604266;42.693562485919756;102.88380229040013
1234;47.50;22.50;True;False;False;False;44;61.50;15.50;False;False;True;False;1;73.01259738787257;0;73.01259738787257;73.01259738787257
1234;47.50;22.50;True;False;False;False;60;61.50;21.50;False;False;True;False;4;113.6269188014009;96.4128606226438;106.45463202726751;128.04750040173167
1234;47.50;22.50;True;False;False;False;92;0.50;12.50;False;True;False;False;1;245.51676445625526;0;245.51676445625526;245.51676445625526
1234;47.50;22.50;True;False;False;False;124;0.50;24.50;False;True;False;False;2;314.8775444949051;138212.84075347733;51.996544084569905;577.7585449052403
1234;47.50;22.50;True;False;False;False;488;49.50;5.50;True;False;False;False;1;24.632312818892387;0;24.632312818892387;24.632312818892387
1234;47.50;22.50;True;False;False;False;732;29.50;11.50;True;False;False;False;1;36.689625637799054;0;36.689625637799054;36.689625637799054
1234;47.50;22.50;True;False;False;False;821;30.50;13.50;True;False;False;False;2;20.092254722601865;188.17889411722166;10.392283224777202;29.792226220426528
1234;47.50;22.50;True;False;False;False;822;31.50;13.50;True;False;False;False;1;24.462871569186973;0;24.462871569186973;24.462871569186973
1234;47.50;22.50;True;False;False;False;823;32.50;13.50;True;False;False;False;2;24.548102451258274;4.340614338852347;23.074906208585162;26.021298693931385
1234;47.50;22.50;True;False;False;False;864;29.50;14.50;True;False;False;False;1;29.41102051443704;0;29.41102051443704;29.41102051443704
1234;47.50;22.50;True;False;False;False;968;45.50;16.50;True;False;False;False;1;12.213611512836906;0;12.213611512836906;12.213611512836906
1234;47.50;22.50;True;False;False;False;1106;51.50;19.50;True;False;False;False;1;12.64918065078382;0;12.64918065078382;12.64918065078382
1234;47.50;22.50;True;False;False;False;1408;45.50;26.50;True;False;False;False;1;10.710461764143474;0;10.710461764143474;10.710461764143474
1236;49.50;22.50;True;False;False;False;44;61.50;15.50;False;False;True;False;1;66.04663871744924;0;66.04663871744924;66.04663871744924
1236;49.50;22.50;True;False;False;False;60;61.50;21.50;False;False;True;False;2;96.74214321837894;13.83273343918539;94.112244604441;99.37204183231688
1236;49.50;22.50;True;False;False;False;821;30.50;13.50;True;False;False;False;1;26.117326401290484;0;26.117326401290484;26.117326401290484
1236;49.50;22.50;True;False;False;False;1100;45.50;19.50;True;False;False;False;1;11.363051155648463;0;11.363051155648463;11.363051155648463
1236;49.50;22.50;True;False;False;False;1226;39.50;22.50;True;False;False;False;1;10.308888888885122;0;10.308888888885122;10.308888888885122
1237;50.50;22.50;True;False;False;False;12;61.50;3.50;False;False;True;False;1;166.55334372099043;0;166.55334372099043;166.55334372099043
1237;50.50;22.50;True;False;False;False;44;61.50;15.50;False;False;True;False;1;171.81871969007807;0;171.81871969007807;171.81871969007807
1237;50.50;22.50;True;False;False;False;60;61.50;21.50;False;False;True;False;5;100.31479525433933;967.5809531384762;58.736114305851515;143.0931497486854
1237;50.50;22.50;True;False;False;False;76;0.50;6.50;False;True;False;False;1;551.3591870592827;0;551.3591870592827;551.3591870592827
1237;50.50;22.50;True;False;False;False;92;0.50;12.50;False;True;False;False;1;243.94899387140686;0;243.94899387140686;243.94899387140686
1237;50.50;22.50;True;False;False;False;690;31.50;10.50;True;False;False;False;1;29.4984303194816;0;29.4984303194816;29.4984303194816
1237;50.50;22.50;True;False;False;False;734;31.50;11.50;True;False;False;False;2;31.857360910254556;16.98517890721955;28.943156138175254;34.77156568233386
1237;50.50;22.50;True;False;False;False;820;29.50;13.50;True;False;False;False;1;41.47370130604395;0;41.47370130604395;41.47370130604395
1237;50.50;22.50;True;False;False;False;821;30.50;13.50;True;False;False;False;2;26.788029836892747;0.9257213780630215;26.10769117928794;27.468368494497554
1237;50.50;22.50;True;False;False;False;822;31.50;13.50;True;False;False;False;1;25.764079666447287;0;25.764079666447287;25.764079666447287
1237;50.50;22.50;True;False;False;False;953;30.50;16.50;True;False;False;False;1;24.425649346965656;0;24.425649346965656;24.425649346965656
1237;50.50;22.50;True;False;False;False;1223;36.50;22.50;True;False;False;False;1;12.780649346968858;0;12.780649346968858;12.780649346968858
1238;51.50;22.50;True;False;False;False;60;61.50;21.50;False;False;True;False;4;96.08516655481753;159.3880951113214;85.9025012051734;112.24196483711057
1238;51.50;22.50;True;False;False;False;822;31.50;13.50;True;False;False;False;1;38.547778581226794;0;38.547778581226794;38.547778581226794
1238;51.50;22.50;True;False;False;False;865;30.50;14.50;True;False;False;False;1;27.25296216586139;0;27.25296216586139;27.25296216586139
1238;51.50;22.50;True;False;False;False;1239;52.50;22.50;True;False;False;False;1;3.8881721688594553;0;3.8881721688594553;3.8881721688594553
1238;51.50;22.50;True;False;False;False;1361;42.50;25.50;True;False;False;False;1;15.192438841085277;0;15.192438841085277;15.192438841085277
1239;52.50;22.50;True;False;False;False;28;61.50;9.50;False;False;True;False;3;73.64117949891624;804.4415290903025;41.77585051220012;96.12305276254301
1239;52.50;22.50;True;False;False;False;44;61.50;15.50;False;False;True;False;2;81.31476752055096;97.4654221485024;74.33388569414456;88.29564934695736
1239;52.50;22.50;True;False;False;False;60;61.50;21.50;False;False;True;False;15;85.8162582170563;1042.776714255046;16.390093791407708;134.5901947757452
1239;52.50;22.50;True;False;False;False;108;0.50;18.50;False;True;False;False;1;573.7749293942124;0;573.7749293942124;573.7749293942124
1239;52.50;22.50;True;False;False;False;124;0.50;24.50;False;True;False;False;1;516.6928105476627;0;516.6928105476627;516.6928105476627
1239;52.50;22.50;True;False;False;False;564;37.50;7.50;True;False;False;False;1;35.53325392775514;0;35.53325392775514;35.53325392775514
1239;52.50;22.50;True;False;False;False;733;30.50;11.50;True;False;False;False;2;33.71019879290577;25.55476180396334;30.135652541703855;37.284745044107694
1239;52.50;22.50;True;False;False;False;734;31.50;11.50;True;False;False;False;1;28.579357845953325;0;28.579357845953325;28.579357845953325
1239;52.50;22.50;True;False;False;False;737;34.50;11.50;True;False;False;False;1;26.343421784160455;0;26.343421784160455;26.343421784160455
1239;52.50;22.50;True;False;False;False;743;40.50;11.50;True;False;False;False;1;22.38731601363179;0;22.38731601363179;22.38731601363179
1239;52.50;22.50;True;False;False;False;820;29.50;13.50;True;False;False;False;1;29.220927526472224;0;29.220927526472224;29.220927526472224
1239;52.50;22.50;True;False;False;False;821;30.50;13.50;True;False;False;False;1;30.51083692978864;0;30.51083692978864;30.51083692978864
1239;52.50;22.50;True;False;False;False;822;31.50;13.50;True;False;False;False;4;28.818770645323184;4.795783080981877;26.975452160913846;31.9962040990722
1239;52.50;22.50;True;False;False;False;864;29.50;14.50;True;False;False;False;1;30.559837114424226;0;30.559837114424226;30.559837114424226
1239;52.50;22.50;True;False;False;False;865;30.50;14.50;True;False;False;False;2;32.65916666666999;58.01440138895603;27.27333333333354;38.04500000000644
1239;52.50;22.50;True;False;False;False;867;32.50;14.50;True;False;False;False;1;25.58815294342935;0;25.58815294342935;25.58815294342935
1239;52.50;22.50;True;False;False;False;887;52.50;14.50;True;False;False;False;1;12.287128430808025;0;12.287128430808025;12.287128430808025
1239;52.50;22.50;True;False;False;False;1150;51.50;20.50;True;False;False;False;1;7.741920072650828;0;7.741920072650828;7.741920072650828
1239;52.50;22.50;True;False;False;False;1151;52.50;20.50;True;False;False;False;1;8.078885694154451;0;8.078885694154451;8.078885694154451
1239;52.50;22.50;True;False;False;False;1223;36.50;22.50;True;False;False;False;1;14.18217855482726;0;14.18217855482726;14.18217855482726
1239;52.50;22.50;True;False;False;False;1273;42.50;23.50;True;False;False;False;1;13.141557705026571;0;13.141557705026571;13.141557705026571
1239;52.50;22.50;True;False;False;False;1370;51.50;25.50;True;False;False;False;1;8.354747397457686;0;8.354747397457686;8.354747397457686
1239;52.50;22.50;True;False;False;False;1415;52.50;26.50;True;False;False;False;1;6.208055957275064;0;6.208055957275064;6.208055957275064
1240;9.50;23.50;True;False;False;False;28;61.50;9.50;False;False;True;False;1;81.66741299977548;0;81.66741299977548;81.66741299977548
1240;9.50;23.50;True;False;False;False;124;0.50;24.50;False;True;False;False;1;560.172373282277;0;560.172373282277;560.172373282277
1240;9.50;23.50;True;False;False;False;691;32.50;10.50;True;False;False;False;1;31.384922446629844;0;31.384922446629844;31.384922446629844
1240;9.50;23.50;True;False;False;False;867;32.50;14.50;True;False;False;False;1;50.78435384776276;0;50.78435384776276;50.78435384776276
1241;10.50;23.50;True;False;False;False;60;61.50;21.50;False;False;True;False;1;81.91345507391588;0;81.91345507391588;81.91345507391588
1241;10.50;23.50;True;False;False;False;701;42.50;10.50;True;False;False;False;1;37.34992264511311;0;37.34992264511311;37.34992264511311
1241;10.50;23.50;True;False;False;False;1398;35.50;26.50;True;False;False;False;1;26.391125496954203;0;26.391125496954203;26.391125496954203
1242;11.50;23.50;True;False;False;False;44;61.50;15.50;False;False;True;False;1;91.19639967825788;0;91.19639967825788;91.19639967825788
1242;11.50;23.50;True;False;False;False;60;61.50;21.50;False;False;True;False;1;176.74616704760047;0;176.74616704760047;176.74616704760047
1242;11.50;23.50;True;False;False;False;875;40.50;14.50;True;False;False;False;1;47.66376064479846;0;47.66376064479846;47.66376064479846
1242;11.50;23.50;True;False;False;False;1412;49.50;26.50;True;False;False;False;1;34.137962165870704;0;34.137962165870704;34.137962165870704
1245;14.50;23.50;True;False;False;False;28;61.50;9.50;False;False;True;False;2;95.28532420868123;315.73268116368286;82.72083692977321;107.84981148758925
1245;14.50;23.50;True;False;False;False;60;61.50;21.50;False;False;True;False;1;83.35954223403132;0;83.35954223403132;83.35954223403132
1245;14.50;23.50;True;False;False;False;574;47.50;7.50;True;False;False;False;1;38.918437512402306;0;38.918437512402306;38.918437512402306
1245;14.50;23.50;True;False;False;False;578;51.50;7.50;True;False;False;False;1;54.536389290609804;0;54.536389290609804;54.536389290609804
1245;14.50;23.50;True;False;False;False;823;32.50;13.50;True;False;False;False;1;34.661015731871885;0;34.661015731871885;34.661015731871885
1250;19.50;23.50;True;False;False;False;12;61.50;3.50;False;False;True;False;1;107.6430064102824;0;107.6430064102824;107.6430064102824
1250;19.50;23.50;True;False;False;False;28;61.50;9.50;False;False;True;False;1;58.202684789815976;0;58.202684789815976;58.202684789815976
1250;19.50;23.50;True;False;False;False;44;61.50;15.50;False;False;True;False;1;97.17852091613713;0;97.17852091613713;97.17852091613713
1250;19.50;23.50;True;False;False;False;60;61.50;21.50;False;False;True;False;1;77.33541516639525;0;77.33541516639525;77.33541516639525
1250;19.50;23.50;True;False;False;False;481;42.50;5.50;True;False;False;False;1;35.8157934888186;0;35.8157934888186;35.8157934888186
1250;19.50;23.50;True;False;False;False;608;37.50;8.50;True;False;False;False;1;29.488867310112255;0;29.488867310112255;29.488867310112255
1250;19.50;23.50;True;False;False;False;704;45.50;10.50;True;False;False;False;1;33.29981241715359;0;33.29981241715359;33.29981241715359
1250;19.50;23.50;True;False;False;False;1146;47.50;20.50;True;False;False;False;1;27.786486276760115;0;27.786486276760115;27.786486276760115
1251;20.50;23.50;True;False;False;False;28;61.50;9.50;False;False;True;False;1;99.17203222906755;0;99.17203222906755;99.17203222906755
1251;20.50;23.50;True;False;False;False;60;61.50;21.50;False;False;True;False;2;104.1899736291698;952.1255231643322;82.37111111110607;126.00883614723352
1251;20.50;23.50;True;False;False;False;124;0.50;24.50;False;True;False;False;1;46.8065760699892;0;46.8065760699892;46.8065760699892
1251;20.50;23.50;True;False;False;False;309;46.50;1.50;True;False;False;False;1;38.90148308202333;0;38.90148308202333;38.90148308202333
1251;20.50;23.50;True;False;False;False;742;39.50;11.50;True;False;False;False;1;27.90398268030276;0;27.90398268030276;27.90398268030276
1251;20.50;23.50;True;False;False;False;755;52.50;11.50;True;False;False;False;1;37.29759738786743;0;37.29759738786743;37.29759738786743
1251;20.50;23.50;True;False;False;False;843;52.50;13.50;True;False;False;False;1;34.98037438565734;0;34.98037438565734;34.98037438565734
1252;21.50;23.50;True;False;False;False;60;61.50;21.50;False;False;True;False;2;105.87801625449447;199.43159029426755;95.89223660806056;115.86379590092838
1252;21.50;23.50;True;False;False;False;830;39.50;13.50;True;False;False;False;1;26.7067532651472;0;26.7067532651472;26.7067532651472
1252;21.50;23.50;True;False;False;False;832;41.50;13.50;True;False;False;False;1;31.677128430808807;0;31.677128430808807;31.677128430808807
1253;22.50;23.50;True;False;False;False;124;0.50;24.50;False;True;False;False;1;678.9920151684858;0;678.9920151684858;678.9920151684858
1253;22.50;23.50;True;False;False;False;689;30.50;10.50;True;False;False;False;1;20.606180932476946;0;20.606180932476946;20.606180932476946
1255;24.50;23.50;True;False;False;False;44;61.50;15.50;False;False;True;False;4;104.25189681868187;1525.906690645237;49.408614707579545;141.50387956012128
1255;24.50;23.50;True;False;False;False;578;51.50;7.50;True;False;False;False;1;40.127128430809535;0;40.127128430809535;40.127128430809535
1255;24.50;23.50;True;False;False;False;738;35.50;11.50;True;False;False;False;1;22.170802572043613;0;22.170802572043613;22.170802572043613
1255;24.50;23.50;True;False;False;False;828;37.50;13.50;True;False;False;False;1;27.005461764143547;0;27.005461764143547;27.005461764143547
1256;25.50;23.50;True;False;False;False;12;61.50;3.50;False;False;True;False;1;59.25648627675764;0;59.25648627675764;59.25648627675764
1256;25.50;23.50;True;False;False;False;44;61.50;15.50;False;False;True;False;2;67.75106461711403;156.53519247559052;58.90416706838005;76.597962165848
1256;25.50;23.50;True;False;False;False;60;61.50;21.50;False;False;True;False;2;92.12491420494825;62.00245877352421;86.55703944102243;97.69278896887408
1256;25.50;23.50;True;False;False;False;488;49.50;5.50;True;False;False;False;1;35.24241699796039;0;35.24241699796039;35.24241699796039
1256;25.50;23.50;True;False;False;False;706;47.50;10.50;True;False;False;False;1;29.933240345368176;0;29.933240345368176;29.933240345368176
1256;25.50;23.50;True;False;False;False;753;50.50;11.50;True;False;False;False;1;31.20028456896216;0;31.20028456896216;31.20028456896216
1256;25.50;23.50;True;False;False;False;882;47.50;14.50;True;False;False;False;1;33.00951906746195;0;33.00951906746195;33.00951906746195
1257;26.50;23.50;True;False;False;False;44;61.50;15.50;False;False;True;False;1;86.24796935879044;0;86.24796935879044;86.24796935879044
1257;26.50;23.50;True;False;False;False;60;61.50;21.50;False;False;True;False;2;141.0752853724257;3253.765726611422;100.74064934697344;181.40992139787795
1257;26.50;23.50;True;False;False;False;488;49.50;5.50;True;False;False;False;1;34.2029589711201;0;34.2029589711201;34.2029589711201
1257;26.50;23.50;True;False;False;False;623;52.50;8.50;True;False;False;False;1;34.969814808478986;0;34.969814808478986;34.969814808478986
1257;26.50;23.50;True;False;False;False;1369;50.50;25.50;True;False;False;False;1;24.739214194605665;0;24.739214194605665;24.739214194605665
1258;27.50;23.50;True;False;False;False;28;61.50;9.50;False;False;True;False;1;99.56090795245836;0;99.56090795245836;99.56090795245836
1258;27.50;23.50;True;False;False;False;60;61.50;21.50;False;False;True;False;7;85.32765920071259;331.25578057419136;63.265830540303796;114.20250359645797
1258;27.50;23.50;True;False;False;False;344;37.50;2.50;True;False;False;False;1;27.793152943439054;0;27.793152943439054;27.793152943439054
1258;27.50;23.50;True;False;False;False;576;49.50;7.50;True;False;False;False;1;32.91305915201701;0;32.91305915201701;32.91305915201701
1258;27.50;23.50;True;False;False;False;688;29.50;10.50;True;False;False;False;1;17.796392485346587;0;17.796392485346587;17.796392485346587
1258;27.50;23.50;True;False;False;False;748;45.50;11.50;True;False;False;False;1;29.809087662821184;0;29.809087662821184;29.809087662821184
1258;27.50;23.50;True;False;False;False;1107;52.50;19.50;True;False;False;False;1;26.64398348375107;0;26.64398348375107;26.64398348375107
1258;27.50;23.50;True;False;False;False;1273;42.50;23.50;True;False;False;False;1;13.646493469679626;0;13.646493469679626;13.646493469679626
1258;27.50;23.50;True;False;False;False;1368;49.50;25.50;True;False;False;False;1;22.948520916159396;0;22.948520916159396;22.948520916159396
1260;29.50;23.50;True;False;False;False;60;61.50;21.50;False;False;True;False;3;105.72802303577919;791.3463048888286;73.4228715691861;124.81814816086262
1260;29.50;23.50;True;False;False;False;965;42.50;16.50;True;False;False;False;1;19.87842712474412;0;19.87842712474412;19.87842712474412
1260;29.50;23.50;True;False;False;False;1233;46.50;22.50;True;False;False;False;1;18.206204902523496;0;18.206204902523496;18.206204902523496
1260;29.50;23.50;True;False;False;False;1234;47.50;22.50;True;False;False;False;1;19.033051959077056;0;19.033051959077056;19.033051959077056
1261;30.50;23.50;True;False;False;False;60;61.50;21.50;False;False;True;False;2;95.70347442216644;272.20269421018054;84.0372262204055;107.36972262392737
1261;30.50;23.50;True;False;False;False;749;46.50;11.50;True;False;False;False;1;25.370461764136053;0;25.370461764136053;25.370461764136053
1262;31.50;23.50;True;False;False;False;60;61.50;21.50;False;False;True;False;1;157.94724380098523;0;157.94724380098523;157.94724380098523
1263;32.50;23.50;True;False;False;False;60;61.50;21.50;False;False;True;False;2;79.41611790230331;16.05973073742203;76.58241619451701;82.24981961008962
1263;32.50;23.50;True;False;False;False;820;29.50;13.50;True;False;False;False;1;30.170290977457626;0;30.170290977457626;30.170290977457626
1263;32.50;23.50;True;False;False;False;866;31.50;14.50;True;False;False;False;1;12.728510528491825;0;12.728510528491825;12.728510528491825
1265;34.50;23.50;True;False;False;False;60;61.50;21.50;False;False;True;False;2;90.18197160921864;603.7046683882447;72.80807353785531;107.55586968058196
1265;34.50;23.50;True;False;False;False;92;0.50;12.50;False;True;False;False;1;283.85769598091247;0;283.85769598091247;283.85769598091247
1265;34.50;23.50;True;False;False;False;108;0.50;18.50;False;True;False;False;1;574.812555915707;0;574.812555915707;574.812555915707
1265;34.50;23.50;True;False;False;False;820;29.50;13.50;True;False;False;False;1;35.878881695960445;0;35.878881695960445;35.878881695960445
1265;34.50;23.50;True;False;False;False;823;32.50;13.50;True;False;False;False;1;14.911204902522513;0;14.911204902522513;14.911204902522513
1265;34.50;23.50;True;False;False;False;879;44.50;14.50;True;False;False;False;1;22.887814526744478;0;22.887814526744478;22.887814526744478
1265;34.50;23.50;True;False;False;False;1245;14.50;23.50;True;False;False;False;1;18.534163070209615;0;18.534163070209615;18.534163070209615
1265;34.50;23.50;True;False;False;False;1340;21.50;25.50;True;False;False;False;1;16.874732208158093;0;16.874732208158093;16.874732208158093
1266;35.50;23.50;True;False;False;False;60;61.50;21.50;False;False;True;False;1;99.7418622458647;0;99.7418622458647;99.7418622458647
1266;35.50;23.50;True;False;False;False;1365;46.50;25.50;True;False;False;False;1;17.120552360818692;0;17.120552360818692;17.120552360818692
1268;37.50;23.50;True;False;False;False;12;61.50;3.50;False;False;True;False;1;133.92046895706426;0;133.92046895706426;133.92046895706426
1270;39.50;23.50;True;False;False;False;28;61.50;9.50;False;False;True;False;1;112.49602131788197;0;112.49602131788197;112.49602131788197
1272;41.50;23.50;True;False;False;False;60;61.50;21.50;False;False;True;False;1;94.93436503887506;0;94.93436503887506;94.93436503887506
1273;42.50;23.50;True;False;False;False;44;61.50;15.50;False;False;True;False;2;97.016385694154;1048.5572365623734;74.11925447032627;119.91351691798172
1273;42.50;23.50;True;False;False;False;60;61.50;21.50;False;False;True;False;4;81.21717299658098;126.90837644148989;69.2928715691778;92.40509244900022
1273;42.50;23.50;True;False;False;False;124;0.50;24.50;False;True;False;False;1;595.7759770734228;0;595.7759770734228;595.7759770734228
1273;42.50;23.50;True;False;False;False;820;29.50;13.50;True;False;False;False;2;27.390547415217043;5.075083316948268;25.79758110720104;28.983513723233045
1273;42.50;23.50;True;False;False;False;864;29.50;14.50;True;False;False;False;2;21.679747385692735;0.5295583863120009;21.16518038990307;22.1943143814824
1273;42.50;23.50;True;False;False;False;959;36.50;16.50;True;False;False;False;1;15.763348503560792;0;15.763348503560792;15.763348503560792
1273;42.50;23.50;True;False;False;False;1011;44.50;17.50;True;False;False;False;1;12.876383950027957;0;12.876383950027957;12.876383950027957
1273;42.50;23.50;True;False;False;False;1400;37.50;26.50;True;False;False;False;1;12.329531042942108;0;12.329531042942108;12.329531042942108
1275;44.50;23.50;True;False;False;False;44;61.50;15.50;False;False;True;False;1;84.77490940332245;0;84.77490940332245;84.77490940332245
1275;44.50;23.50;True;False;False;False;60;61.50;21.50;False;False;True;False;9;96.82952623932836;545.4187696296101;57.86491020676294;142.4626784003358
1275;44.50;23.50;True;False;False;False;92;0.50;12.50;False;True;False;False;1;254.1897565086474;0;254.1897565086474;254.1897565086474
1275;44.50;23.50;True;False;False;False;733;30.50;11.50;True;False;False;False;1;28.964557214796514;0;28.964557214796514;28.964557214796514
1275;44.50;23.50;True;False;False;False;820;29.50;13.50;True;False;False;False;1;25.354256058174997;0;25.354256058174997;25.354256058174997
1275;44.50;23.50;True;False;False;False;822;31.50;13.50;True;False;False;False;2;23.51810564600055;0.6562479725636623;22.945284568977513;24.090926723023586
1275;44.50;23.50;True;False;False;False;823;32.50;13.50;True;False;False;False;2;22.606753265161387;0.024161911661134718;22.496839863655623;22.71666666666715
1275;44.50;23.50;True;False;False;False;866;31.50;14.50;True;False;False;False;1;27.053819067519726;0;27.053819067519726;27.053819067519726
1275;44.50;23.50;True;False;False;False;937;14.50;16.50;True;False;False;False;1;32.97435065303307;0;32.97435065303307;32.97435065303307
1275;44.50;23.50;True;False;False;False;1105;50.50;19.50;True;False;False;False;1;13.47500000000582;0;13.47500000000582;13.47500000000582
1275;44.50;23.50;True;False;False;False;1346;27.50;25.50;True;False;False;False;1;19.490724830597173;0;19.490724830597173;19.490724830597173
1275;44.50;23.50;True;False;False;False;1371;52.50;25.50;True;False;False;False;1;12.877777777775918;0;12.877777777775918;12.877777777775918
1276;45.50;23.50;True;False;False;False;44;61.50;15.50;False;False;True;False;3;68.05570042200664;1434.2545826088094;38.52518438808693;110.75330616855445
1276;45.50;23.50;True;False;False;False;60;61.50;21.50;False;False;True;False;8;91.08783939366813;636.9964763233158;52.9428715691829;129.9488984730815
1276;45.50;23.50;True;False;False;False;124;0.50;24.50;False;True;False;False;1;608.8008816941692;0;608.8008816941692;608.8008816941692
1276;45.50;23.50;True;False;False;False;734;31.50;11.50;True;False;False;False;1;26.944346654846186;0;26.944346654846186;26.944346654846186
1276;45.50;23.50;True;False;False;False;735;32.50;11.50;True;False;False;False;1;36.47546895706546;0;36.47546895706546;36.47546895706546
1276;45.50;23.50;True;False;False;False;820;29.50;13.50;True;False;False;False;2;27.77486131196929;13.860589495625334;25.14231601362917;30.40740661030941
1276;45.50;23.50;True;False;False;False;821;30.50;13.50;True;False;False;False;2;23.767275909138334;0.003650149930133086;23.724555013021018;23.80999680525565
1276;45.50;23.50;True;False;False;False;869;34.50;14.50;True;False;False;False;1;21.195437794096506;0;21.195437794096506;21.195437794096506
1276;45.50;23.50;True;False;False;False;940;17.50;16.50;True;False;False;False;1;31.50805915201272;0;31.50805915201272;31.50805915201272
1276;45.50;23.50;True;False;False;False;1100;45.50;19.50;True;False;False;False;1;5.671107916383335;0;5.671107916383335;5.671107916383335
1276;45.50;23.50;True;False;False;False;1131;32.50;20.50;True;False;False;False;1;17.8601835846398;0;17.8601835846398;17.8601835846398
1276;45.50;23.50;True;False;False;False;1281;50.50;23.50;True;False;False;False;1;6.811940847979713;0;6.811940847979713;6.811940847979713
1276;45.50;23.50;True;False;False;False;1363;44.50;25.50;True;False;False;False;1;8.93527098658069;0;8.93527098658069;8.93527098658069
1276;45.50;23.50;True;False;False;False;1373;10.50;26.50;True;False;False;False;1;32.716580068172334;0;32.716580068172334;32.716580068172334
1277;46.50;23.50;True;False;False;False;28;61.50;9.50;False;False;True;False;1;78.20963202725943;0;78.20963202725943;78.20963202725943
1277;46.50;23.50;True;False;False;False;44;61.50;15.50;False;False;True;False;2;116.37861348342176;2498.1355321272417;81.03646066184592;151.7207663049976
1277;46.50;23.50;True;False;False;False;60;61.50;21.50;False;False;True;False;3;100.53552429174624;908.623960263869;70.41167066484559;130.6984127389028
1277;46.50;23.50;True;False;False;False;76;0.50;6.50;False;True;False;False;1;556.8226093823796;0;556.8226093823796;556.8226093823796
1277;46.50;23.50;True;False;False;False;473;34.50;5.50;True;False;False;False;1;29.675944303609867;0;29.675944303609867;29.675944303609867
1277;46.50;23.50;True;False;False;False;733;30.50;11.50;True;False;False;False;1;25.78554438350875;0;25.78554438350875;25.78554438350875
1277;46.50;23.50;True;False;False;False;750;47.50;11.50;True;False;False;False;1;18.257232609872517;0;18.257232609872517;18.257232609872517
1277;46.50;23.50;True;False;False;False;822;31.50;13.50;True;False;False;False;2;24.17698974278028;0.7739758470344608;23.554906208584725;24.799073276975832
1277;46.50;23.50;True;False;False;False;823;32.50;13.50;True;False;False;False;1;40.31694804090512;0;40.31694804090512;40.31694804090512
1277;46.50;23.50;True;False;False;False;1101;46.50;19.50;True;False;False;False;1;5.7005523608168005;0;5.7005523608168005;5.7005523608168005
1278;47.50;23.50;True;False;False;False;28;61.50;9.50;False;False;True;False;2;120.65069983914009;3957.1975387239436;76.16925686162449;165.1321428166557
1278;47.50;23.50;True;False;False;False;44;61.50;15.50;False;False;True;False;3;124.25336566840845;1138.9673164384749;101.84316732926982;163.06832855076755
1278;47.50;23.50;True;False;False;False;60;61.50;21.50;False;False;True;False;6;102.97733751357237;1563.9453995924716;57.85278308938723;164.45022624121793
1278;47.50;23.50;True;False;False;False;76;0.50;6.50;False;True;False;False;1;512.8295683397118;0;512.8295683397118;512.8295683397118
1278;47.50;23.50;True;False;False;False;108;0.50;18.50;False;True;False;False;2;579.7030461087179;2387.6926382412994;545.1509648527262;614.2551273647096
1278;47.50;23.50;True;False;False;False;732;29.50;11.50;True;False;False;False;1;32.24852091615685;0;32.24852091615685;32.24852091615685
1278;47.50;23.50;True;False;False;False;733;30.50;11.50;True;False;False;False;1;35.41425686159346;0;35.41425686159346;35.41425686159346
1278;47.50;23.50;True;False;False;False;821;30.50;13.50;True;False;False;False;5;28.31830067888304;34.404556634422896;25.181103918188;38.79452784820023
1278;47.50;23.50;True;False;False;False;865;30.50;14.50;True;False;False;False;2;24.63680175823447;0.0062222022559782954;24.581024512623117;24.69257900384582
1278;47.50;23.50;True;False;False;False;1232;45.50;22.50;True;False;False;False;1;7.485367972725726;0;7.485367972725726;7.485367972725726
1278;47.50;23.50;True;False;False;False;1277;46.50;23.50;True;False;False;False;1;2.817409805051284;0;2.817409805051284;2.817409805051284
1278;47.50;23.50;True;False;False;False;1361;42.50;25.50;True;False;False;False;2;12.265590064510889;0.037688473340576845;12.128315752746857;12.40286437627492
1278;47.50;23.50;True;False;False;False;1415;52.50;26.50;True;False;False;False;1;13.667871569190766;0;13.667871569190766;13.667871569190766
1280;49.50;23.50;True;False;False;False;44;61.50;15.50;False;False;True;False;3;85.0666241172894;121.09621414065651;74.05750759464172;96.06624645319243
1280;49.50;23.50;True;False;False;False;60;61.50;21.50;False;False;True;False;4;96.20137682824313;67.43856986311796;84.3603679727239;103.18603490027806
1280;49.50;23.50;True;False;False;False;92;0.50;12.50;False;True;False;False;1;230.59408046989756;0;230.59408046989756;230.59408046989756
1280;49.50;23.50;True;False;False;False;733;30.50;11.50;True;False;False;False;2;35.27337463348613;43.07216779933655;30.63267598999846;39.914073276973795
1280;49.50;23.50;True;False;False;False;820;29.50;13.50;True;False;False;False;3;28.804698808168876;2.2905532565974567;27.71176045807806;30.532128430804732
1280;49.50;23.50;True;False;False;False;821;30.50;13.50;True;False;False;False;1;26.554085016894533;0;26.554085016894533;26.554085016894533
1280;49.50;23.50;True;False;False;False;1151;52.50;20.50;True;False;False;False;1;10.695836929792222;0;10.695836929792222;10.695836929792222
1280;49.50;23.50;True;False;False;False;1371;52.50;25.50;True;False;False;False;1;10.628982680302215;0;10.628982680302215;10.628982680302215
1281;50.50;23.50;True;False;False;False;12;61.50;3.50;False;False;True;False;1;147.49334132968397;0;147.49334132968397;147.49334132968397
1281;50.50;23.50;True;False;False;False;28;61.50;9.50;False;False;True;False;1;40.315739943645895;0;40.315739943645895;40.315739943645895
1281;50.50;23.50;True;False;False;False;44;61.50;15.50;False;False;True;False;1;96.51630988504985;0;96.51630988504985;96.51630988504985
1281;50.50;23.50;True;False;False;False;60;61.50;21.50;False;False;True;False;6;69.60874521809191;509.76008077898985;32.132965360597154;92.14039993914776
1281;50.50;23.50;True;False;False;False;483;44.50;5.50;True;False;False;False;1;23.04962022323707;0;23.04962022323707;23.04962022323707
1281;50.50;23.50;True;False;False;False;620;49.50;8.50;True;False;False;False;1;17.574909403321726;0;17.574909403321726;17.574909403321726
1281;50.50;23.50;True;False;False;False;820;29.50;13.50;True;False;False;False;1;39.353152943422174;0;39.353152943422174;39.353152943422174
1281;50.50;23.50;True;False;False;False;821;30.50;13.50;True;False;False;False;1;27.28277777778203;0;27.28277777778203;27.28277777778203
1281;50.50;23.50;True;False;False;False;822;31.50;13.50;True;False;False;False;1;26.479276852518524;0;26.479276852518524;26.479276852518524
1281;50.50;23.50;True;False;False;False;823;32.50;13.50;True;False;False;False;1;25.609695440087307;0;25.609695440087307;25.609695440087307
1281;50.50;23.50;True;False;False;False;1144;45.50;20.50;True;False;False;False;1;13.953885694150813;0;13.953885694150813;13.953885694150813
1281;50.50;23.50;True;False;False;False;1237;50.50;22.50;True;False;False;False;1;3.211111111108039;0;3.211111111108039;3.211111111108039
1281;50.50;23.50;True;False;False;False;1251;20.50;23.50;True;False;False;False;1;23.78509698613925;0;23.78509698613925;23.78509698613925
1282;51.50;23.50;True;False;False;False;44;61.50;15.50;False;False;True;False;1;75.92389927654222;0;75.92389927654222;75.92389927654222
1282;51.50;23.50;True;False;False;False;60;61.50;21.50;False;False;True;False;3;107.922753177613;2010.9484394361825;65.72352411090105;155.01019638262915
1282;51.50;23.50;True;False;False;False;108;0.50;18.50;False;True;False;False;1;569.8536837064275;0;569.8536837064275;569.8536837064275
1282;51.50;23.50;True;False;False;False;820;29.50;13.50;True;False;False;False;1;28.61073994364415;0;28.61073994364415;28.61073994364415
1282;51.50;23.50;True;False;False;False;821;30.50;13.50;True;False;False;False;1;30.711283504653693;0;30.711283504653693;30.711283504653693
1282;51.50;23.50;True;False;False;False;988;21.50;17.50;True;False;False;False;1;31.624350653033616;0;31.624350653033616;31.624350653033616
1282;51.50;23.50;True;False;False;False;1018;51.50;17.50;True;False;False;False;1;7.90083692979897;0;7.90083692979897;7.90083692979897
1282;51.50;23.50;True;False;False;False;1280;49.50;23.50;True;False;False;False;1;4.666111111113423;0;4.666111111113423;4.666111111113423
1283;52.50;23.50;True;False;False;False;28;61.50;9.50;False;False;True;False;3;90.37484954116637;352.7176309169785;74.46565973462202;111.09231601362262
1283;52.50;23.50;True;False;False;False;44;61.50;15.50;False;False;True;False;1;64.66091022934052;0;64.66091022934052;64.66091022934052
1283;52.50;23.50;True;False;False;False;60;61.50;21.50;False;False;True;False;9;96.07499073502592;701.8297560220285;64.25111830402602;133.55083692977132
1283;52.50;23.50;True;False;False;False;108;0.50;18.50;False;True;False;False;1;552.2927103097136;0;552.2927103097136;552.2927103097136
1283;52.50;23.50;True;False;False;False;563;36.50;7.50;True;False;False;False;1;28.523896081809653;0;28.523896081809653;28.523896081809653
1283;52.50;23.50;True;False;False;False;577;50.50;7.50;True;False;False;False;1;18.512874763917353;0;18.512874763917353;18.512874763917353
1283;52.50;23.50;True;False;False;False;719;16.50;11.50;True;False;False;False;1;39.136486276769574;0;39.136486276769574;39.136486276769574
1283;52.50;23.50;True;False;False;False;734;31.50;11.50;True;False;False;False;1;31.92954542878215;0;31.92954542878215;31.92954542878215
1283;52.50;23.50;True;False;False;False;821;30.50;13.50;True;False;False;False;3;32.68632036717039;16.37679342950472;28.014155877262965;35.09277777777788
1283;52.50;23.50;True;False;False;False;822;31.50;13.50;True;False;False;False;4;27.693012457170255;0.1757198417143776;27.226851054747385;28.20806634493806
1283;52.50;23.50;True;False;False;False;867;32.50;14.50;True;False;False;False;1;26.67629789048624;0;26.67629789048624;26.67629789048624
1283;52.50;23.50;True;False;False;False;885;50.50;14.50;True;False;False;False;1;13.605829736872693;0;13.605829736872693;13.605829736872693
1283;52.50;23.50;True;False;False;False;994;27.50;17.50;True;False;False;False;1;27.432316013635074;0;27.432316013635074;27.432316013635074
1283;52.50;23.50;True;False;False;False;1238;51.50;22.50;True;False;False;False;1;6.939293071678549;0;6.939293071678549;6.939293071678549
1328;9.50;25.50;True;False;False;False;28;61.50;9.50;False;False;True;False;1;67.8283644961557;0;67.8283644961557;67.8283644961557
1328;9.50;25.50;True;False;False;False;959;36.50;16.50;True;False;False;False;1;31.221391681883688;0;31.221391681883688;31.221391681883688
1329;10.50;25.50;True;False;False;False;12;61.50;3.50;False;False;True;False;1;145.5457567207668;0;145.5457567207668;145.5457567207668
1329;10.50;25.50;True;False;False;False;28;61.50;9.50;False;False;True;False;1;63.38231147648912;0;63.38231147648912;63.38231147648912
1329;10.50;25.50;True;False;False;False;44;61.50;15.50;False;False;True;False;1;77.67463922019306;0;77.67463922019306;77.67463922019306
1329;10.50;25.50;True;False;False;False;60;61.50;21.50;False;False;True;False;1;70.74861551102344;0;70.74861551102344;70.74861551102344
1329;10.50;25.50;True;False;False;False;735;32.50;11.50;True;False;False;False;1;30.539538235858345;0;30.539538235858345;30.539538235858345
1329;10.50;25.50;True;False;False;False;1013;46.50;17.50;True;False;False;False;1;36.480844122696;0;36.480844122696;36.480844122696
1329;10.50;25.50;True;False;False;False;1146;47.50;20.50;True;False;False;False;1;34.53527418131125;0;34.53527418131125;34.53527418131125
1329;10.50;25.50;True;False;False;False;1394;31.50;26.50;True;False;False;False;1;21.450926723020984;0;21.450926723020984;21.450926723020984
1330;11.50;25.50;True;False;False;False;12;61.50;3.50;False;False;True;False;1;142.750559553735;0;142.750559553735;142.750559553735
1330;11.50;25.50;True;False;False;False;28;61.50;9.50;False;False;True;False;1;112.79084092798439;0;112.79084092798439;112.79084092798439
1330;11.50;25.50;True;False;False;False;44;61.50;15.50;False;False;True;False;1;78.66203863757801;0;78.66203863757801;78.66203863757801
1330;11.50;25.50;True;False;False;False;60;61.50;21.50;False;False;True;False;1;85.32457285806231;0;85.32457285806231;85.32457285806231
1330;11.50;25.50;True;False;False;False;124;0.50;24.50;False;True;False;False;1;616.4307063893924;0;616.4307063893924;616.4307063893924
1330;11.50;25.50;True;False;False;False;608;37.50;8.50;True;False;False;False;1;36.21392351109171;0;36.21392351109171;36.21392351109171
1330;11.50;25.50;True;False;False;False;617;46.50;8.50;True;False;False;False;1;41.3041590720095;0;41.3041590720095;41.3041590720095
1330;11.50;25.50;True;False;False;False;742;39.50;11.50;True;False;False;False;1;35.24250040172228;0;35.24250040172228;35.24250040172228
1330;11.50;25.50;True;False;False;False;1217;30.50;22.50;True;False;False;False;1;22.813239541920893;0;22.813239541920893;22.813239541920893
1330;11.50;25.50;True;False;False;False;1234;47.50;22.50;True;False;False;False;1;34.79454223403445;0;34.79454223403445;34.79454223403445
1333;14.50;25.50;True;False;False;False;60;61.50;21.50;False;False;True;False;1;51.36974100797579;0;51.36974100797579;51.36974100797579
1333;14.50;25.50;True;False;False;False;474;35.50;5.50;True;False;False;False;1;34.985869160567745;0;34.985869160567745;34.985869160567745
1335;16.50;25.50;True;False;False;False;60;61.50;21.50;False;False;True;False;2;113.76583413678327;8737.760069581112;47.66833013859468;179.86333813497185
1335;16.50;25.50;True;False;False;False;349;42.50;2.50;True;False;False;False;1;40.055930721209734;0;40.055930721209734;40.055930721209734
1335;16.50;25.50;True;False;False;False;684;25.50;10.50;True;False;False;False;1;28.110394353156153;0;28.110394353156153;28.110394353156153
1335;16.50;25.50;True;False;False;False;1232;45.50;22.50;True;False;False;False;1;29.27842712474603;0;29.27842712474603;29.27842712474603
1340;21.50;25.50;True;False;False;False;60;61.50;21.50;False;False;True;False;2;108.04978486018058;2272.783947491086;74.33937142834111;141.76019829202005
1340;21.50;25.50;True;False;False;False;699;40.50;10.50;True;False;False;False;1;29.16268718109677;0;29.16268718109677;29.16268718109677
1340;21.50;25.50;True;False;False;False;1146;47.50;20.50;True;False;False;False;1;27.92935384776456;0;27.92935384776456;27.92935384776456
1341;22.50;25.50;True;False;False;False;60;61.50;21.50;False;False;True;False;1;143.82677484392116;0;143.82677484392116;143.82677484392116
1341;22.50;25.50;True;False;False;False;701;42.50;10.50;True;False;False;False;1;35.88936423542691;0;35.88936423542691;35.88936423542691
1343;24.50;25.50;True;False;False;False;28;61.50;9.50;False;False;True;False;1;124.11725066344115;0;124.11725066344115;124.11725066344115
1343;24.50;25.50;True;False;False;False;60;61.50;21.50;False;False;True;False;2;87.32523088207108;247.24893392717033;76.20657687344283;98.44388489069934
1343;24.50;25.50;True;False;False;False;571;44.50;7.50;True;False;False;False;1;34.74862509522427;0;34.74862509522427;34.74862509522427
1343;24.50;25.50;True;False;False;False;709;50.50;10.50;True;False;False;False;1;34.701670664857375;0;34.701670664857375;34.701670664857375
1343;24.50;25.50;True;False;False;False;1134;35.50;20.50;True;False;False;False;1;18.545923528277854;0;18.545923528277854;18.545923528277854
1344;25.50;25.50;True;False;False;False;44;61.50;15.50;False;False;True;False;1;76.14890886074136;0;76.14890886074136;76.14890886074136
1344;25.50;25.50;True;False;False;False;60;61.50;21.50;False;False;True;False;1;134.3807391402006;0;134.3807391402006;134.3807391402006
1344;25.50;25.50;True;False;False;False;124;0.50;24.50;False;True;False;False;1;373.3810317055413;0;373.3810317055413;373.3810317055413
1344;25.50;25.50;True;False;False;False;876;41.50;14.50;True;False;False;False;1;26.19092352828011;0;26.19092352828011;26.19092352828011
1344;25.50;25.50;True;False;False;False;1006;39.50;17.50;True;False;False;False;1;23.690836929793477;0;23.690836929793477;23.690836929793477
1344;25.50;25.50;True;False;False;False;1378;15.50;26.50;True;False;False;False;1;13.700923528288513;0;13.700923528288513;13.700923528288513
1345;26.50;25.50;True;False;False;False;60;61.50;21.50;False;False;True;False;2;80.47981761099527;1992.383014166832;48.91731601363426;112.04231920835628
1345;26.50;25.50;True;False;False;False;823;32.50;13.50;True;False;False;False;1;22.611295499200423;0;22.611295499200423;22.611295499200423
1346;27.50;25.50;True;False;False;False;44;61.50;15.50;False;False;True;False;3;75.23833199426917;1190.5406146189193;46.71179081759328;113.5893162763241
1346;27.50;25.50;True;False;False;False;60;61.50;21.50;False;False;True;False;1;138.46629949737144;0;138.46629949737144;138.46629949737144
1346;27.50;25.50;True;False;False;False;424;29.50;4.50;True;False;False;False;1;22.8752781794974;0;22.8752781794974;22.8752781794974
1346;27.50;25.50;True;False;False;False;877;42.50;14.50;True;False;False;False;1;31.79852091615794;0;31.79852091615794;31.79852091615794
1346;27.50;25.50;True;False;False;False;1276;45.50;23.50;True;False;False;False;1;20.077777777776646;0;20.077777777776646;20.077777777776646
1348;29.50;25.50;True;False;False;False;44;61.50;15.50;False;False;True;False;1;146.54921020682377;0;146.54921020682377;146.54921020682377
1349;30.50;25.50;True;False;False;False;60;61.50;21.50;False;False;True;False;1;97.38231601362713;0;97.38231601362713;97.38231601362713
1350;31.50;25.50;True;False;False;False;60;61.50;21.50;False;False;True;False;1;137.57953944493374;0;137.57953944493374;137.57953944493374
1351;32.50;25.50;True;False;False;False;12;61.50;3.50;False;False;True;False;1;88.8083277473088;0;88.8083277473088;88.8083277473088
1351;32.50;25.50;True;False;False;False;60;61.50;21.50;False;False;True;False;1;112.7166778577739;0;112.7166778577739;112.7166778577739
1351;32.50;25.50;True;False;False;False;1095;40.50;19.50;True;False;False;False;1;16.58981241717629;0;16.58981241717629;16.58981241717629
1351;32.50;25.50;True;False;False;False;1252;21.50;23.50;True;False;False;False;1;15.426663471924257;0;15.426663471924257;15.426663471924257
1353;34.50;25.50;True;False;False;False;44;61.50;15.50;False;False;True;False;1;98.74601412496077;0;98.74601412496077;98.74601412496077
1353;34.50;25.50;True;False;False;False;822;31.50;13.50;True;False;False;False;1;18.753770323961362;0;18.753770323961362;18.753770323961362
1354;35.50;25.50;True;False;False;False;60;61.50;21.50;False;False;True;False;1;72.91256745304327;0;72.91256745304327;72.91256745304327
1354;35.50;25.50;True;False;False;False;1239;52.50;22.50;True;False;False;False;1;21.338982680299523;0;21.338982680299523;21.338982680299523
1356;37.50;25.50;True;False;False;False;60;61.50;21.50;False;False;True;False;1;67.97917026311916;0;67.97917026311916;67.97917026311916
1356;37.50;25.50;True;False;False;False;1221;34.50;22.50;True;False;False;False;1;10.779536118978285;0;10.779536118978285;10.779536118978285
1358;39.50;25.50;True;False;False;False;28;61.50;9.50;False;False;True;False;1;95.14462883253236;0;95.14462883253236;95.14462883253236
1358;39.50;25.50;True;False;False;False;1278;47.50;23.50;True;False;False;False;1;13.614439132823463;0;13.614439132823463;13.614439132823463
1359;40.50;25.50;True;False;False;False;44;61.50;15.50;False;False;True;False;1;73.77722622041074;0;73.77722622041074;73.77722622041074
1360;41.50;25.50;True;False;False;False;124;0.50;24.50;False;True;False;False;1;551.8581848907766;0;551.8581848907766;551.8581848907766
1361;42.50;25.50;True;False;False;False;44;61.50;15.50;False;False;True;False;3;105.99627667112448;2292.081369987343;52.791294695751276;145.59891341712864
1361;42.50;25.50;True;False;False;False;60;61.50;21.50;False;False;True;False;4;98.23849148530587;823.792647410733;77.23722941514825;140.6710492861239
1361;42.50;25.50;True;False;False;False;617;46.50;8.50;True;False;False;False;1;24.547767390120498;0;24.547767390120498;24.547767390120498
1361;42.50;25.50;True;False;False;False;755;52.50;11.50;True;False;False;False;1;23.53676045807879;0;23.53676045807879;23.53676045807879
1361;42.50;25.50;True;False;False;False;822;31.50;13.50;True;False;False;False;1;22.662438086196744;0;22.662438086196744;22.662438086196744
1361;42.50;25.50;True;False;False;False;823;32.50;13.50;True;False;False;False;1;21.91666666666788;0;21.91666666666788;21.91666666666788
1361;42.50;25.50;True;False;False;False;867;32.50;14.50;True;False;False;False;1;21.489733011604585;0;21.489733011604585;21.489733011604585
1361;42.50;25.50;True;False;False;False;877;42.50;14.50;True;False;False;False;1;10.815206561768719;0;10.815206561768719;10.815206561768719
1361;42.50;25.50;True;False;False;False;1363;44.50;25.50;True;False;False;False;1;5.6881425557724015;0;5.6881425557724015;5.6881425557724015
1363;44.50;25.50;True;False;False;False;28;61.50;9.50;False;False;True;False;2;66.70113668805789;793.1610049562302;46.78680761379292;86.61546576232286
1363;44.50;25.50;True;False;False;False;60;61.50;21.50;False;False;True;False;4;109.04260350562606;1112.9429121478545;85.59298053082239;157.9166527627167
1363;44.50;25.50;True;False;False;False;583;12.50;8.50;True;False;False;False;1;41.51697118842458;0;41.51697118842458;41.51697118842458
1363;44.50;25.50;True;False;False;False;822;31.50;13.50;True;False;False;False;1;25.122323206559486;0;25.122323206559486;25.122323206559486
1363;44.50;25.50;True;False;False;False;1099;44.50;19.50;True;False;False;False;1;7.742322403108119;0;7.742322403108119;7.742322403108119
1363;44.50;25.50;True;False;False;False;1255;24.50;23.50;True;False;False;False;1;22.02866560590701;0;22.02866560590701;22.02866560590701
1363;44.50;25.50;True;False;False;False;1282;51.50;23.50;True;False;False;False;1;12.489271247461602;0;12.489271247461602;12.489271247461602
1363;44.50;25.50;True;False;False;False;1344;25.50;25.50;True;False;False;False;1;17.88047295524666;0;17.88047295524666;17.88047295524666
1364;45.50;25.50;True;False;False;False;44;61.50;15.50;False;False;True;False;1;77.25251078937981;0;77.25251078937981;77.25251078937981
1364;45.50;25.50;True;False;False;False;821;30.50;13.50;True;False;False;False;1;25.490093791406252;0;25.490093791406252;25.490093791406252
1364;45.50;25.50;True;False;False;False;1410;47.50;26.50;True;False;False;False;1;8.1348998191163;0;8.1348998191163;8.1348998191163
1365;46.50;25.50;True;False;False;False;12;61.50;3.50;False;False;True;False;2;93.47280749463198;667.6818323969528;75.2014934696781;111.74412151958586
1365;46.50;25.50;True;False;False;False;60;61.50;21.50;False;False;True;False;4;92.39223528241848;183.40144132785372;75.44138929062319;107.00300880156647
1365;46.50;25.50;True;False;False;False;76;0.50;6.50;False;True;False;False;1;572.2722656441983;0;572.2722656441983;572.2722656441983
1365;46.50;25.50;True;False;False;False;124;0.50;24.50;False;True;False;False;1;544.2699669466783;0;544.2699669466783;544.2699669466783
1365;46.50;25.50;True;False;False;False;331;24.50;2.50;True;False;False;False;1;37.83851372322897;0;37.83851372322897;37.83851372322897
1365;46.50;25.50;True;False;False;False;346;39.50;2.50;True;False;False;False;1;27.877971750091092;0;27.877971750091092;27.877971750091092
1365;46.50;25.50;True;False;False;False;733;30.50;11.50;True;False;False;False;1;39.201093530537946;0;39.201093530537946;39.201093530537946
1365;46.50;25.50;True;False;False;False;821;30.50;13.50;True;False;False;False;1;36.067774583054415;0;36.067774583054415;36.067774583054415
1365;46.50;25.50;True;False;False;False;822;31.50;13.50;True;False;False;False;1;25.835364777994982;0;25.835364777994982;25.835364777994982
1365;46.50;25.50;True;False;False;False;867;32.50;14.50;True;False;False;False;1;24.53743084472808;0;24.53743084472808;24.53743084472808
1365;46.50;25.50;True;False;False;False;935;12.50;16.50;True;False;False;False;1;36.796479887289024;0;36.796479887289024;36.796479887289024
1365;46.50;25.50;True;False;False;False;1276;45.50;23.50;True;False;False;False;1;8.553868113569479;0;8.553868113569479;8.553868113569479
1366;47.50;25.50;True;False;False;False;60;61.50;21.50;False;False;True;False;3;84.827140151192;164.4795109916056;75.42730882068645;99.43724699573795
1366;47.50;25.50;True;False;False;False;446;51.50;4.50;True;False;False;False;1;24.240187582825456;0;24.240187582825456;24.240187582825456
1366;47.50;25.50;True;False;False;False;821;30.50;13.50;True;False;False;False;1;26.419999999998254;0;26.419999999998254;26.419999999998254
1366;47.50;25.50;True;False;False;False;1233;46.50;22.50;True;False;False;False;1;8.369996001816617;0;8.369996001816617;8.369996001816617
1368;49.50;25.50;True;False;False;False;28;61.50;9.50;False;False;True;False;2;119.2979637632252;790.8635603196448;99.41249720697306;139.18343031947734
1368;49.50;25.50;True;False;False;False;44;61.50;15.50;False;False;True;False;1;104.49811027641772;0;104.49811027641772;104.49811027641772
1368;49.50;25.50;True;False;False;False;60;61.50;21.50;False;False;True;False;4;106.7236493935834;4873.754874990858;51.29916172780213;208.56009059667304
1368;49.50;25.50;True;False;False;False;76;0.50;6.50;False;True;False;False;1;556.4907782995269;0;556.4907782995269;556.4907782995269
1368;49.50;25.50;True;False;False;False;124;0.50;24.50;False;True;False;False;1;616.495190872829;0;616.495190872829;616.495190872829
1368;49.50;25.50;True;False;False;False;817;26.50;13.50;True;False;False;False;1;50.165739140189544;0;50.165739140189544;50.165739140189544
1368;49.50;25.50;True;False;False;False;820;29.50;13.50;True;False;False;False;1;38.077229415130205;0;38.077229415130205;38.077229415130205
1368;49.50;25.50;True;False;False;False;821;30.50;13.50;True;False;False;False;1;28.678427124743394;0;28.678427124743394;28.678427124743394
1368;49.50;25.50;True;False;False;False;822;31.50;13.50;True;False;False;False;1;27.902971750073448;0;27.902971750073448;27.902971750073448
1368;49.50;25.50;True;False;False;False;864;29.50;14.50;True;False;False;False;1;29.185087401947385;0;29.185087401947385;29.185087401947385
1368;49.50;25.50;True;False;False;False;1141;42.50;20.50;True;False;False;False;1;14.955693278448962;0;14.955693278448962;14.955693278448962
1368;49.50;25.50;True;False;False;False;1239;52.50;22.50;True;False;False;False;1;10.677473313184237;0;10.677473313184237;10.677473313184237
1368;49.50;25.50;True;False;False;False;1345;26.50;25.50;True;False;False;False;1;19.291390878435777;0;19.291390878435777;19.291390878435777
1368;49.50;25.50;True;False;False;False;1415;52.50;26.50;True;False;False;False;1;9.0478715691861;0;9.0478715691861;9.0478715691861
1369;50.50;25.50;True;False;False;False;44;61.50;15.50;False;False;True;False;2;93.03964135649585;148.28688567590513;84.42898268029967;101.65030003269203
1369;50.50;25.50;True;False;False;False;60;61.50;21.50;False;False;True;False;8;79.77750365501856;534.7027633040896;58.51786730652748;129.36603643675699
1369;50.50;25.50;True;False;False;False;92;0.50;12.50;False;True;False;False;1;276.06186863529365;0;276.06186863529365;276.06186863529365
1369;50.50;25.50;True;False;False;False;108;0.50;18.50;False;True;False;False;1;587.7341328250241;0;587.7341328250241;587.7341328250241
1369;50.50;25.50;True;False;False;False;124;0.50;24.50;False;True;False;False;2;562.6949097998654;12.440182185528972;560.2008987548288;565.188920844902
1369;50.50;25.50;True;False;False;False;678;19.50;10.50;True;False;False;False;1;38.56248601588595;0;38.56248601588595;38.56248601588595
1369;50.50;25.50;True;False;False;False;734;31.50;11.50;True;False;False;False;1;29.432740726206248;0;29.432740726206248;29.432740726206248
1369;50.50;25.50;True;False;False;False;820;29.50;13.50;True;False;False;False;2;41.201995338326014;19.960115824695865;38.04287237263634;44.36111830401569
1369;50.50;25.50;True;False;False;False;821;30.50;13.50;True;False;False;False;3;34.007057021635774;75.72367736179889;28.977545166220807;44.055184388080306
1369;50.50;25.50;True;False;False;False;822;31.50;13.50;True;False;False;False;2;28.472875165648475;0.1660600923220641;28.18472581867536;28.76102451262159
1369;50.50;25.50;True;False;False;False;1109;10.50;20.50;True;False;False;False;1;38.288701306053554;0;38.288701306053554;38.288701306053554
1369;50.50;25.50;True;False;False;False;1145;46.50;20.50;True;False;False;False;1;13.559347458289267;0;13.559347458289267;13.559347458289267
1369;50.50;25.50;True;False;False;False;1250;19.50;23.50;True;False;False;False;1;35.33202824991895;0;35.33202824991895;35.33202824991895
1369;50.50;25.50;True;False;False;False;1351;32.50;25.50;True;False;False;False;1;16.460750331316376;0;16.460750331316376;16.460750331316376
1369;50.50;25.50;True;False;False;False;1374;11.50;26.50;True;False;False;False;1;32.27217239180027;0;32.27217239180027;32.27217239180027
1369;50.50;25.50;True;False;False;False;1412;49.50;26.50;True;False;False;False;1;7.099444444451365;0;7.099444444451365;7.099444444451365
1370;51.50;25.50;True;False;False;False;28;61.50;9.50;False;False;True;False;1;96.25528137423908;0;96.25528137423908;96.25528137423908
1370;51.50;25.50;True;False;False;False;44;61.50;15.50;False;False;True;False;2;112.15412097612898;0.6671512836372226;111.57656089975717;112.73168105250079
1370;51.50;25.50;True;False;False;False;60;61.50;21.50;False;False;True;False;3;123.42578879440164;27.33801752913282;117.38843431766145;126.472407413763
1370;51.50;25.50;True;False;False;False;124;0.50;24.50;False;True;False;False;1;562.2828574668238;0;562.2828574668238;562.2828574668238
1370;51.50;25.50;True;False;False;False;733;30.50;11.50;True;False;False;False;1;43.129629635979654;0;43.129629635979654;43.129629635979654
1370;51.50;25.50;True;False;False;False;734;31.50;11.50;True;False;False;False;1;58.70342712473757;0;58.70342712473757;58.70342712473757
1370;51.50;25.50;True;False;False;False;820;29.50;13.50;True;False;False;False;1;41.12032852995253;0;41.12032852995253;41.12032852995253
1370;51.50;25.50;True;False;False;False;821;30.50;13.50;True;False;False;False;1;29.829069004372286;0;29.829069004372286;29.829069004372286
1370;51.50;25.50;True;False;False;False;1139;40.50;20.50;True;False;False;False;1;18.219073276981362;0;18.219073276981362;18.219073276981362
1370;51.50;25.50;True;False;False;False;1233;46.50;22.50;True;False;False;False;1;12.338888888887595;0;12.338888888887595;12.338888888887595
1370;51.50;25.50;True;False;False;False;1390;27.50;26.50;True;False;False;False;1;23.457871569189592;0;23.457871569189592;23.457871569189592
1371;52.50;25.50;True;False;False;False;60;61.50;21.50;False;False;True;False;7;96.69732263811046;2601.1949129142386;30.133333333331393;155.6126205735327
1371;52.50;25.50;True;False;False;False;92;0.50;12.50;False;True;False;False;1;289.59787397951914;0;289.59787397951914;289.59787397951914
1371;52.50;25.50;True;False;False;False;283;20.50;1.50;True;False;False;False;1;43.910228632579674;0;43.910228632579674;43.910228632579674
1371;52.50;25.50;True;False;False;False;412;17.50;4.50;True;False;False;False;1;44.27567012226518;0;44.27567012226518;44.27567012226518
1371;52.50;25.50;True;False;False;False;734;31.50;11.50;True;False;False;False;1;30.132785774149625;0;30.132785774149625;30.132785774149625
1371;52.50;25.50;True;False;False;False;821;30.50;13.50;True;False;False;False;1;29.491951235640045;0;29.491951235640045;29.491951235640045
1371;52.50;25.50;True;False;False;False;822;31.50;13.50;True;False;False;False;2;29.396534368121138;0.0669116042152304;29.21362509523533;29.579443641006947
1371;52.50;25.50;True;False;False;False;865;30.50;14.50;True;False;False;False;1;29.626298693934586;0;29.626298693934586;29.626298693934586
1371;52.50;25.50;True;False;False;False;1104;49.50;19.50;True;False;False;False;1;17.182590194950535;0;17.182590194950535;17.182590194950535
1372;9.50;26.50;True;False;False;False;44;61.50;15.50;False;False;True;False;1;66.21167066484486;0;66.21167066484486;66.21167066484486
1372;9.50;26.50;True;False;False;False;476;37.50;5.50;True;False;False;False;1;40.14009379140771;0;40.14009379140771;40.14009379140771
1372;9.50;26.50;True;False;False;False;1198;11.50;22.50;True;False;False;False;1;10.637409805048264;0;10.637409805048264;10.637409805048264
1373;10.50;26.50;True;False;False;False;44;61.50;15.50;False;False;True;False;1;205.95669813217683;0;205.95669813217683;205.95669813217683
1373;10.50;26.50;True;False;False;False;60;61.50;21.50;False;False;True;False;2;132.67713962190828;2652.7944877218806;96.2574026121365;169.09687663168006
1373;10.50;26.50;True;False;False;False;696;37.50;10.50;True;False;False;False;1;36.22992698389862;0;36.22992698389862;36.22992698389862
1373;10.50;26.50;True;False;False;False;963;40.50;16.50;True;False;False;False;1;33.30897709428973;0;33.30897709428973;33.30897709428973
1373;10.50;26.50;True;False;False;False;1370;51.50;25.50;True;False;False;False;1;34.07203783413024;0;34.07203783413024;34.07203783413024
1374;11.50;26.50;True;False;False;False;60;61.50;21.50;False;False;True;False;1;98.26048734109281;0;98.26048734109281;98.26048734109281
1374;11.50;26.50;True;False;False;False;881;46.50;14.50;True;False;False;False;1;38.14017932198476;0;38.14017932198476;38.14017932198476
1377;14.50;26.50;True;False;False;False;44;61.50;15.50;False;False;True;False;1;142.56407220903566;0;142.56407220903566;142.56407220903566
1377;14.50;26.50;True;False;False;False;562;35.50;7.50;True;False;False;False;1;34.06147908382263;0;34.06147908382263;34.06147908382263
1377;14.50;26.50;True;False;False;False;1240;9.50;23.50;True;False;False;False;1;12.8900937914118;0;12.8900937914118;12.8900937914118
1378;15.50;26.50;True;False;False;False;124;0.50;24.50;False;True;False;False;1;546.5416898523499;0;546.5416898523499;546.5416898523499
1380;17.50;26.50;True;False;False;False;28;61.50;9.50;False;False;True;False;1;132.4600945948714;0;132.4600945948714;132.4600945948714
1382;19.50;26.50;True;False;False;False;60;61.50;21.50;False;False;True;False;1;115.24638529245567;0;115.24638529245567;115.24638529245567
1384;21.50;26.50;True;False;False;False;60;61.50;21.50;False;False;True;False;1;92.01805915200748;0;92.01805915200748;92.01805915200748
1385;22.50;26.50;True;False;False;False;60;61.50;21.50;False;False;True;False;1;57.11083054030678;0;57.11083054030678;57.11083054030678
1388;25.50;26.50;True;False;False;False;60;61.50;21.50;False;False;True;False;1;128.2283437209735;0;128.2283437209735;128.2283437209735
1389;26.50;26.50;True;False;False;False;28;61.50;9.50;False;False;True;False;1;91.70810072177301;0;91.70810072177301;91.70810072177301
1390;27.50;26.50;True;False;False;False;60;61.50;21.50;False;False;True;False;1;80.42073674891071;0;80.42073674891071;80.42073674891071
1392;29.50;26.50;True;False;False;False;60;61.50;21.50;False;False;True;False;1;132.71355316601148;0;132.71355316601148;132.71355316601148
1394;31.50;26.50;True;False;False;False;124;0.50;24.50;False;True;False;False;1;567.854175868212;0;567.854175868212;567.854175868212
1398;35.50;26.50;True;False;False;False;124;0.50;24.50;False;True;False;False;1;614.2061510739073;0;614.2061510739073;614.2061510739073
1398;35.50;26.50;True;False;False;False;1280;49.50;23.50;True;False;False;False;1;17.771086337572342;0;17.771086337572342;17.771086337572342
1399;36.50;26.50;True;False;False;False;28;61.50;9.50;False;False;True;False;1;151.80695523383747;0;151.80695523383747;151.80695523383747
1399;36.50;26.50;True;False;False;False;865;30.50;14.50;True;False;False;False;1;18.970551557355066;0;18.970551557355066;18.970551557355066
1400;37.50;26.50;True;False;False;False;44;61.50;15.50;False;False;True;False;1;72.34387235702616;0;72.34387235702616;72.34387235702616
1400;37.50;26.50;True;False;False;False;60;61.50;21.50;False;False;True;False;1;75.70463202724204;0;75.70463202724204;75.70463202724204
1400;37.50;26.50;True;False;False;False;76;0.50;6.50;False;True;False;False;1;571.5843585544098;0;571.5843585544098;571.5843585544098
1400;37.50;26.50;True;False;False;False;733;30.50;11.50;True;False;False;False;1;21.823614707573142;0;21.823614707573142;21.823614707573142
1400;37.50;26.50;True;False;False;False;831;40.50;13.50;True;False;False;False;1;17.761760458077333;0;17.761760458077333;17.761760458077333
1400;37.50;26.50;True;False;False;False;1242;11.50;23.50;True;False;False;False;1;26.421948040901043;0;26.421948040901043;26.421948040901043
1403;40.50;26.50;True;False;False;False;60;61.50;21.50;False;False;True;False;2;93.23111830403366;608.9793157743342;75.78148627676251;110.68075033130481
1403;40.50;26.50;True;False;False;False;1106;51.50;19.50;True;False;False;False;1;19.041572875254133;0;19.041572875254133;19.041572875254133
1403;40.50;26.50;True;False;False;False;1278;47.50;23.50;True;False;False;False;1;14.024170263126507;0;14.024170263126507;14.024170263126507
1404;41.50;26.50;True;False;False;False;60;61.50;21.50;False;False;True;False;1;139.019822804843;0;139.019822804843;139.019822804843
1404;41.50;26.50;True;False;False;False;755;52.50;11.50;True;False;False;False;1;25.515833735054912;0;25.515833735054912;25.515833735054912
1405;42.50;26.50;True;False;False;False;44;61.50;15.50;False;False;True;False;1;115.81898987323166;0;115.81898987323166;115.81898987323166
1405;42.50;26.50;True;False;False;False;1019;52.50;17.50;True;False;False;False;1;22.95064934697166;0;22.95064934697166;22.95064934697166
1407;44.50;26.50;True;False;False;False;28;61.50;9.50;False;False;True;False;1;99.53047532744858;0;99.53047532744858;99.53047532744858
1407;44.50;26.50;True;False;False;False;44;61.50;15.50;False;False;True;False;1;154.6743610406702;0;154.6743610406702;154.6743610406702
1407;44.50;26.50;True;False;False;False;1101;46.50;19.50;True;False;False;False;1;12.68398268029705;0;12.68398268029705;12.68398268029705
1407;44.50;26.50;True;False;False;False;1144;45.50;20.50;True;False;False;False;1;10.816486276764408;0;10.816486276764408;10.816486276764408
1408;45.50;26.50;True;False;False;False;60;61.50;21.50;False;False;True;False;2;122.58865681116822;1413.282992447464;96.00592752646662;149.17138609586982
1408;45.50;26.50;True;False;False;False;821;30.50;13.50;True;False;False;False;1;38.99342393000734;0;38.99342393000734;38.99342393000734
1408;45.50;26.50;True;False;False;False;822;31.50;13.50;True;False;False;False;1;25.103621900492726;0;25.103621900492726;25.103621900492726
1409;46.50;26.50;True;False;False;False;44;61.50;15.50;False;False;True;False;2;106.46431335107218;1342.0945651273266;80.55973301160975;132.3688936905346
1409;46.50;26.50;True;False;False;False;820;29.50;13.50;True;False;False;False;1;27.949350653034344;0;27.949350653034344;27.949350653034344
1409;46.50;26.50;True;False;False;False;864;29.50;14.50;True;False;False;False;1;25.946479083837403;0;25.946479083837403;25.946479083837403
1410;47.50;26.50;True;False;False;False;44;61.50;15.50;False;False;True;False;1;114.10491420494873;0;114.10491420494873;114.10491420494873
1410;47.50;26.50;True;False;False;False;60;61.50;21.50;False;False;True;False;2;102.04920156781361;297.2296122944421;89.85843431766807;114.23996881795915
1410;47.50;26.50;True;False;False;False;734;31.50;11.50;True;False;False;False;1;37.23005861118577;0;37.23005861118577;37.23005861118577
1410;47.50;26.50;True;False;False;False;822;31.50;13.50;True;False;False;False;1;26.54120170778515;0;26.54120170778515;26.54120170778515
1410;47.50;26.50;True;False;False;False;1276;45.50;23.50;True;False;False;False;1;9.53555555555613;0;9.53555555555613;9.53555555555613
1412;49.50;26.50;True;False;False;False;28;61.50;9.50;False;False;True;False;3;140.60919541162866;2905.0748488741547;109.1575646561364;202.84491340149907
1412;49.50;26.50;True;False;False;False;44;61.50;15.50;False;False;True;False;1;123.50712416815077;0;123.50712416815077;123.50712416815077
1412;49.50;26.50;True;False;False;False;60;61.50;21.50;False;False;True;False;6;111.42379838112447;940.8052520182351;76.64501277894306;164.69481961009478
1412;49.50;26.50;True;False;False;False;124;0.50;24.50;False;True;False;False;1;565.9807862958478;0;565.9807862958478;565.9807862958478
1412;49.50;26.50;True;False;False;False;447;52.50;4.50;True;False;False;False;1;29.591275565289834;0;29.591275565289834;29.591275565289834
1412;49.50;26.50;True;False;False;False;556;29.50;7.50;True;False;False;False;1;33.54212204135183;0;33.54212204135183;33.54212204135183
1412;49.50;26.50;True;False;False;False;821;30.50;13.50;True;False;False;False;3;33.229971133830986;32.952505824053034;28.413520916150446;39.58203463939935
1412;49.50;26.50;True;False;False;False;822;31.50;13.50;True;False;False;False;1;27.896940847985206;0;27.896940847985206;27.896940847985206
1412;49.50;26.50;True;False;False;False;864;29.50;14.50;True;False;False;False;2;28.467202777030252;0.30974300298721685;28.073665610432727;28.860739943627777
1412;49.50;26.50;True;False;False;False;865;30.50;14.50;True;False;False;False;1;27.82962163960474;0;27.82962163960474;27.82962163960474
1412;49.50;26.50;True;False;False;False;885;50.50;14.50;True;False;False;False;1;17.71879909567906;0;17.71879909567906;17.71879909567906
1412;49.50;26.50;True;False;False;False;1340;21.50;25.50;True;False;False;False;1;24.892241390635263;0;24.892241390635263;24.892241390635263
1413;50.50;26.50;True;False;False;False;60;61.50;21.50;False;False;True;False;1;74.6476109703035;0;74.6476109703035;74.6476109703035
1413;50.50;26.50;True;False;False;False;585;14.50;8.50;True;False;False;False;1;42.88362828998288;0;42.88362828998288;42.88362828998288
1414;51.50;26.50;True;False;False;False;28;61.50;9.50;False;False;True;False;1;92.64028856715959;0;92.64028856715959;92.64028856715959
1414;51.50;26.50;True;False;False;False;60;61.50;21.50;False;False;True;False;3;92.80124988169901;668.5227088421742;75.47843310974167;122.52121289889749
1414;51.50;26.50;True;False;False;False;76;0.50;6.50;False;True;False;False;1;561.3230636891531;0;561.3230636891531;561.3230636891531
1414;51.50;26.50;True;False;False;False;92;0.50;12.50;False;True;False;False;1;250.57668424721487;0;250.57668424721487;250.57668424721487
1414;51.50;26.50;True;False;False;False;820;29.50;13.50;True;False;False;False;1;31.186111111106584;0;31.186111111106584;31.186111111106584
1414;51.50;26.50;True;False;False;False;822;31.50;13.50;True;False;False;False;1;28.65898268030287;0;28.65898268030287;28.65898268030287
1414;51.50;26.50;True;False;False;False;1019;52.50;17.50;True;False;False;False;1;17.123634256984587;0;17.123634256984587;17.123634256984587
1414;51.50;26.50;True;False;False;False;1149;50.50;20.50;True;False;False;False;1;16.93195123564078;0;16.93195123564078;16.93195123564078
1414;51.50;26.50;True;False;False;False;1250;19.50;23.50;True;False;False;False;1;30.315937914125243;0;30.315937914125243;30.315937914125243
1414;51.50;26.50;True;False;False;False;1369;50.50;25.50;True;False;False;False;1;6.71416200227759;0;6.71416200227759;6.71416200227759
1415;52.50;26.50;True;False;False;False;28;61.50;9.50;False;False;True;False;2;121.4705692797088;413.70608158505854;107.08818280205742;135.85295575736018
1415;52.50;26.50;True;False;False;False;60;61.50;21.50;False;False;True;False;7;88.98195619254606;3381.797824490716;23.536017319698253;177.3113058868621
1415;52.50;26.50;True;False;False;False;76;0.50;6.50;False;True;False;False;1;570.1296504112652;0;570.1296504112652;570.1296504112652
1415;52.50;26.50;True;False;False;False;108;0.50;18.50;False;True;False;False;1;580.2721739986482;0;580.2721739986482;580.2721739986482
1415;52.50;26.50;True;False;False;False;478;39.50;5.50;True;False;False;False;1;29.533050616701075;0;29.533050616701075;29.533050616701075
1415;52.50;26.50;True;False;False;False;489;50.50;5.50;True;False;False;False;1;21.92682947598223;0;21.92682947598223;21.92682947598223
1415;52.50;26.50;True;False;False;False;733;30.50;11.50;True;False;False;False;1;44.338888888887595;0;44.338888888887595;44.338888888887595
1415;52.50;26.50;True;False;False;False;734;31.50;11.50;True;False;False;False;1;33.75842712474616;0;33.75842712474616;33.75842712474616
1415;52.50;26.50;True;False;False;False;753;50.50;11.50;True;False;False;False;1;18.949470304891292;0;18.949470304891292;18.949470304891292
1415;52.50;26.50;True;False;False;False;820;29.50;13.50;True;False;False;False;1;36.79860112515598;0;36.79860112515598;36.79860112515598
1415;52.50;26.50;True;False;False;False;821;30.50;13.50;True;False;False;False;2;32.41394876633194;12.594053877518876;29.904561004594143;34.92333652806974
1415;52.50;26.50;True;False;False;False;864;29.50;14.50;True;False;False;False;1;30.427583002032407;0;30.427583002032407;30.427583002032407
1415;52.50;26.50;True;False;False;False;1283;52.50;23.50;True;False;False;False;1;6.007312015448861;0;6.007312015448861;6.007312015448861
1415;52.50;26.50;True;False;False;False;1412;49.50;26.50;True;False;False;False;1;5.430555555558385;0;5.430555555558385;5.430555555558385
