#FromID;FromX;FromY;FromIsStorage;FromIsIStation;FromIsOStation;FromIsElevator;ToID;ToX;ToY;ToIsStorage;ToIsIStation;ToIsOStation;ToIsElevator;Count;TravelTimeAvg;TravelTimeVar;TravelTimeMin;TravelTimeMax
12;61.50;3.50;False;False;True;False;292;29.50;1.50;True;False;False;False;5;37.31234035978305;67.11303637907122;33.42222302567825;51.9651536971578
12;61.50;3.50;False;False;True;False;293;30.50;1.50;True;False;False;False;1;39.0031465539505;0;39.0031465539505;39.0031465539505
12;61.50;3.50;False;False;True;False;295;32.50;1.50;True;False;False;False;1;41.16731201544826;0;41.16731201544826;41.16731201544826
12;61.50;3.50;False;False;True;False;300;37.50;1.50;True;False;False;False;4;27.72935504816911;0.21840300177607513;27.041490274950775;28.04852091615612
12;61.50;3.50;False;False;True;False;302;39.50;1.50;True;False;False;False;2;30.40690114519748;19.17346131181065;27.31065653988844;33.50314575050652
12;61.50;3.50;False;False;True;False;303;40.50;1.50;True;False;False;False;6;33.08769051610109;0.2670712880577969;32.3699070120274;33.59992859081467
12;61.50;3.50;False;False;True;False;304;41.50;1.50;True;False;False;False;5;35.959984918522835;8.66529357356454;33.62398268029938;40.84481561191387
12;61.50;3.50;False;False;True;False;305;42.50;1.50;True;False;False;False;5;35.73796743813764;4.455560034451715;33.98676365282154;38.47842712474085
12;61.50;3.50;False;False;True;False;307;44.50;1.50;True;False;False;False;2;36.08005049216581;0.061604054551458745;35.904545428775236;36.255555555556384
12;61.50;3.50;False;False;True;False;308;45.50;1.50;True;False;False;False;6;37.31997918223927;5.1881753835261115;36.00612310566976;41.90999280707001
12;61.50;3.50;False;False;True;False;309;46.50;1.50;True;False;False;False;6;37.66114211027828;0.22521190123044163;37.01046337105072;38.111295499198604
12;61.50;3.50;False;False;True;False;310;47.50;1.50;True;False;False;False;8;21.305067554147683;2.8510262965576616;20.223799095662116;24.36805595728947
12;61.50;3.50;False;False;True;False;312;49.50;1.50;True;False;False;False;5;20.845895125290873;0.18399813306162857;20.38676365281549;21.38253078028356
12;61.50;3.50;False;False;True;False;313;50.50;1.50;True;False;False;False;3;25.95232773401661;0.08286131295886175;25.75370130606302;26.282448160938884
12;61.50;3.50;False;False;True;False;314;51.50;1.50;True;False;False;False;2;26.85083469491201;0.0024792349378366437;26.815626493184027;26.886042896639992
12;61.50;3.50;False;False;True;False;315;52.50;1.50;True;False;False;False;1;17.95888969232692;0;17.95888969232692;17.95888969232692
12;61.50;3.50;False;False;True;False;324;17.50;2.50;True;False;False;False;1;36.254543595408904;0;36.254543595408904;36.254543595408904
12;61.50;3.50;False;False;True;False;328;21.50;2.50;True;False;False;False;1;34.57332614040752;0;34.57332614040752;34.57332614040752
12;61.50;3.50;False;False;True;False;331;24.50;2.50;True;False;False;False;1;47.53297255352118;0;47.53297255352118;47.53297255352118
12;61.50;3.50;False;False;True;False;332;25.50;2.50;True;False;False;False;2;31.381861844141213;0.15867176961560817;31.10019557919668;31.663528109085746
12;61.50;3.50;False;False;True;False;333;26.50;2.50;True;False;False;False;2;41.674354249477574;246.329652457444;30.57638929058885;52.7723192083663
12;61.50;3.50;False;False;True;False;334;27.50;2.50;True;False;False;False;3;36.837775600994064;131.64152681348656;29.794444444443798;50.07721569187561
12;61.50;3.50;False;False;True;False;336;29.50;2.50;True;False;False;False;1;28.4638054851348;0;28.4638054851348;28.4638054851348
12;61.50;3.50;False;False;True;False;337;30.50;2.50;True;False;False;False;1;34.637239802756085;0;34.637239802756085;34.637239802756085
12;61.50;3.50;False;False;True;False;338;31.50;2.50;True;False;False;False;2;27.51032547693694;0.28772753003903095;27.131031705541318;27.889619248332565
12;61.50;3.50;False;False;True;False;339;32.50;2.50;True;False;False;False;2;26.530503867763514;0.15161659009460257;26.255170805732632;26.805836929794395
12;61.50;3.50;False;False;True;False;341;34.50;2.50;True;False;False;False;2;25.69865800681646;0.0366255345075216;25.563333333331684;25.833982680301233
12;61.50;3.50;False;False;True;False;342;35.50;2.50;True;False;False;False;3;24.510433433605915;0.03092520784025884;24.310556358985195;24.641389290611187
12;61.50;3.50;False;False;True;False;343;36.50;2.50;True;False;False;False;2;23.807426189986415;0.0018128606834945204;23.777319208375047;23.837533171597784
12;61.50;3.50;False;False;True;False;346;39.50;2.50;True;False;False;False;5;22.606667997464548;3.636470708710356;21.436411133956426;25.96822115787745
12;61.50;3.50;False;False;True;False;347;40.50;2.50;True;False;False;False;1;21.30314894524372;0;21.30314894524372;21.30314894524372
12;61.50;3.50;False;False;True;False;348;41.50;2.50;True;False;False;False;1;21.42574313838668;0;21.42574313838668;21.42574313838668
12;61.50;3.50;False;False;True;False;349;42.50;2.50;True;False;False;False;6;20.118413405342;0.15929119182678692;19.687975748262488;20.77889608181249
12;61.50;3.50;False;False;True;False;351;44.50;2.50;True;False;False;False;2;18.891060618937672;0.04877289268065719;18.734899015653355;19.04722222222199
12;61.50;3.50;False;False;True;False;352;45.50;2.50;True;False;False;False;7;18.0973201170235;0.14103421275750389;17.650276572602706;18.63424408265564
12;61.50;3.50;False;False;True;False;353;46.50;2.50;True;False;False;False;5;30.302685424945047;290.26266219781235;17.356024512620024;52.90870130605981
12;61.50;3.50;False;False;True;False;356;49.50;2.50;True;False;False;False;2;15.339399547831135;0.04245176342779678;15.193708498984961;15.48509059667731
12;61.50;3.50;False;False;True;False;357;50.50;2.50;True;False;False;False;2;14.584720624853151;0.24695054766520927;14.233330138595193;14.93611111111111
12;61.50;3.50;False;False;True;False;358;51.50;2.50;True;False;False;False;1;13.597412999784865;0;13.597412999784865;13.597412999784865
12;61.50;3.50;False;False;True;False;359;52.50;2.50;True;False;False;False;2;13.051339994089858;0.07371736075900961;12.859353847768034;13.243326140411682
12;61.50;3.50;False;False;True;False;417;22.50;4.50;True;False;False;False;1;33.026281738137186;0;33.026281738137186;33.026281738137186
12;61.50;3.50;False;False;True;False;419;24.50;4.50;True;False;False;False;2;33.70299890994647;4.293172817941587;32.237875567367155;35.16812225252579
12;61.50;3.50;False;False;True;False;420;25.50;4.50;True;False;False;False;1;31.0245414305914;0;31.0245414305914;31.0245414305914
12;61.50;3.50;False;False;True;False;421;26.50;4.50;True;False;False;False;1;31.297958971132175;0;31.297958971132175;31.297958971132175
12;61.50;3.50;False;False;True;False;422;27.50;4.50;True;False;False;False;3;34.36119877450013;45.09784416525075;30.272587803658098;42.11166666666031
12;61.50;3.50;False;False;True;False;424;29.50;4.50;True;False;False;False;9;30.743118572037524;12.629630157516972;28.416024512614968;39.12435465121234
12;61.50;3.50;False;False;True;False;426;31.50;4.50;True;False;False;False;3;27.273981615388646;0.12450404696515915;27.044444444443798;27.680278179503148
12;61.50;3.50;False;False;True;False;427;32.50;4.50;True;False;False;False;8;28.51710424927421;18.917505121547315;26.236944846164988;39.230930721210825
12;61.50;3.50;False;False;True;False;429;34.50;4.50;True;False;False;False;8;25.66519676767416;0.990231843936113;24.961955176688207;27.967128430813318
12;61.50;3.50;False;False;True;False;430;35.50;4.50;True;False;False;False;3;27.94365639398772;37.6042810135846;24.180555555556566;35.01977946871921
12;61.50;3.50;False;False;True;False;431;36.50;4.50;True;False;False;False;3;33.14142934150103;239.56027219630815;24.06973301160474;51.01288834622392
12;61.50;3.50;False;False;True;False;432;37.50;4.50;True;False;False;False;2;26.151668665758166;18.88740967689487;23.078607514650457;29.224729816865874
12;61.50;3.50;False;False;True;False;434;39.50;4.50;True;False;False;False;3;21.971483879119962;0.1349555341665651;21.747871569190465;22.39546576232533
12;61.50;3.50;False;False;True;False;435;40.50;4.50;True;False;False;False;3;21.796080115121487;1.5660144132281708;21.062132429004123;23.24101731969131
12;61.50;3.50;False;False;True;False;436;41.50;4.50;True;False;False;False;3;21.389600763461203;2.6806480577844782;20.36045776593528;23.277597387874266
12;61.50;3.50;False;False;True;False;437;42.50;4.50;True;False;False;False;6;20.149334523207017;0.2502830612680764;19.749814024086845;20.800371167457342
12;61.50;3.50;False;False;True;False;439;44.50;4.50;True;False;False;False;4;18.702917666209714;0.14183672833424096;18.387409805043717;19.202683986353804
12;61.50;3.50;False;False;True;False;440;45.50;4.50;True;False;False;False;2;22.75981761100263;38.43047619254296;18.376298693937088;27.143336528068176
12;61.50;3.50;False;False;True;False;441;46.50;4.50;True;False;False;False;3;19.797667820397084;4.40078353615552;18.115649346967984;22.148277642510948
12;61.50;3.50;False;False;True;False;442;47.50;4.50;True;False;False;False;2;16.414540234947708;5.520983991195105E-06;16.41287876210845;16.416201707786968
12;61.50;3.50;False;False;True;False;444;49.50;4.50;True;False;False;False;2;15.452732881159648;0.15591864279908627;15.173520916158964;15.731944846160332
12;61.50;3.50;False;False;True;False;445;50.50;4.50;True;False;False;False;2;14.743519318788742;0.13232161271141235;14.486301888672301;15.000736748905183
12;61.50;3.50;False;False;True;False;447;52.50;4.50;True;False;False;False;3;13.756872743955986;0.16238172904481496;13.296111914580251;14.04343431767029
12;61.50;3.50;False;False;True;False;463;24.50;5.50;True;False;False;False;1;38.10759099841016;0;38.10759099841016;38.10759099841016
12;61.50;3.50;False;False;True;False;471;32.50;5.50;True;False;False;False;11;31.807110671450207;12.824076637865158;30.17777777777519;42.54436503888064
12;61.50;3.50;False;False;True;False;473;34.50;5.50;True;False;False;False;5;33.07365334134511;19.439917800057327;30.90409324885877;40.95445163736076
12;61.50;3.50;False;False;True;False;474;35.50;5.50;True;False;False;False;11;40.391397234511054;28.865489350189254;35.95212282571629;48.95009778959138
12;61.50;3.50;False;False;True;False;475;36.50;5.50;True;False;False;False;9;41.48515702896748;35.0947585044488;36.816017319693856;51.03787237262986
12;61.50;3.50;False;False;True;False;478;39.50;5.50;True;False;False;False;3;47.50179944407622;12.952374417142979;45.189645609661966;51.64833333332717
12;61.50;3.50;False;False;True;False;481;42.50;5.50;True;False;False;False;12;25.56078044511837;8.048568439757027;23.533982680328336;31.718614707570396
12;61.50;3.50;False;False;True;False;483;44.50;5.50;True;False;False;False;14;24.11305761067287;0.17738146949339526;23.53139648353681;24.76120890070888
12;61.50;3.50;False;False;True;False;484;45.50;5.50;True;False;False;False;13;30.237081062138564;3.7148041726497074;29.204923789167424;35.625187582826015
12;61.50;3.50;False;False;True;False;485;46.50;5.50;True;False;False;False;18;33.02310982695818;28.447820891627398;29.845093791409454;49.4650008034514
12;61.50;3.50;False;False;True;False;488;49.50;5.50;True;False;False;False;2;33.673380229039594;2.3885315339501525;32.58055555555575;34.76620490252344
12;61.50;3.50;False;False;True;False;489;50.50;5.50;True;False;False;False;4;35.44849567007316;7.764352137902473;32.54953504111472;38.35555555555038
12;61.50;3.50;False;False;True;False;490;51.50;5.50;True;False;False;False;2;39.370366375369485;60.27627377940463;33.88054516792545;44.86018758281352
12;61.50;3.50;False;False;True;False;491;52.50;5.50;True;False;False;False;5;18.114386570323894;0.05669160791788289;17.81601012677646;18.343141752318843
12;61.50;3.50;False;False;True;False;551;24.50;7.50;True;False;False;False;1;38.6788692293012;0;38.6788692293012;38.6788692293012
12;61.50;3.50;False;False;True;False;559;32.50;7.50;True;False;False;False;13;33.1240680267777;6.495689329517492;31.77842712474012;41.35480922243005
12;61.50;3.50;False;False;True;False;561;34.50;7.50;True;False;False;False;9;35.65290390002217;10.330618288113445;32.03667466303796;41.636389290615625
12;61.50;3.50;False;False;True;False;562;35.50;7.50;True;False;False;False;4;39.634466294925005;22.05066115060619;35.906386095883136;46.16221583272272
12;61.50;3.50;False;False;True;False;563;36.50;7.50;True;False;False;False;9;37.26025822333719;0.1293403765100535;36.74333333334107;37.8113892906149
12;61.50;3.50;False;False;True;False;564;37.50;7.50;True;False;False;False;1;46.594069278786264;0;46.594069278786264;46.594069278786264
12;61.50;3.50;False;False;True;False;566;39.50;7.50;True;False;False;False;1;38.11009059667413;0;38.11009059667413;38.11009059667413
12;61.50;3.50;False;False;True;False;567;40.50;7.50;True;False;False;False;1;39.86907647171756;0;39.86907647171756;39.86907647171756
12;61.50;3.50;False;False;True;False;568;41.50;7.50;True;False;False;False;2;43.16858512296858;18.246697376989253;40.14809696896191;46.18907327697525
12;61.50;3.50;False;False;True;False;569;42.50;7.50;True;False;False;False;15;26.43964208031895;3.1394200217615387;25.272323206552755;31.581565682336986
12;61.50;3.50;False;False;True;False;571;44.50;7.50;True;False;False;False;12;25.678067987958087;0.1792891501264354;25.26370849898524;26.35843031948025
12;61.50;3.50;False;False;True;False;572;45.50;7.50;True;False;False;False;23;31.777439153710475;18.255169692865294;29.039357845953532;43.54149266623972
12;61.50;3.50;False;False;True;False;573;46.50;7.50;True;False;False;False;18;32.743502905049624;37.07026511316504;29.869444444443616;50.04537197090758
12;61.50;3.50;False;False;True;False;574;47.50;7.50;True;False;False;False;6;31.772060792865734;0.17093250636606067;31.328614707581437;32.545649346968275
12;61.50;3.50;False;False;True;False;576;49.50;7.50;True;False;False;False;7;33.564987172393586;9.490066167076135;31.5932427366497;39.95268398636654
12;61.50;3.50;False;False;True;False;577;50.50;7.50;True;False;False;False;3;33.24838511729589;0.19717576024045746;32.95176045808694;33.75889369053402
12;61.50;3.50;False;False;True;False;578;51.50;7.50;True;False;False;False;6;35.50955642907941;10.603163210715248;33.39667066484617;41.600927526465966
12;61.50;3.50;False;False;True;False;579;52.50;7.50;True;False;False;False;7;19.80010947214032;0.11023512718089114;19.339166264933738;20.230541973154686
12;61.50;3.50;False;False;True;False;603;32.50;8.50;True;False;False;False;4;40.44870013611853;72.44781075744274;32.73638609587397;49.79768957237502
12;61.50;3.50;False;False;True;False;605;34.50;8.50;True;False;False;False;4;33.12164033817726;0.28552288684164634;32.70880148694414;33.83889288707542
12;61.50;3.50;False;False;True;False;607;36.50;8.50;True;False;False;False;2;35.48884399227245;0.023454154886526416;35.38055236081709;35.59713562372781
12;61.50;3.50;False;False;True;False;608;37.50;8.50;True;False;False;False;2;34.341119901400816;0.0007780264244075365;34.32139648353768;34.36084331926395
12;61.50;3.50;False;False;True;False;610;39.50;8.50;True;False;False;False;3;33.0465524433057;0.00766085879965514;32.952312818895734;33.12529548578459
12;61.50;3.50;False;False;True;False;612;41.50;8.50;True;False;False;False;1;35.21083692979437;0;35.21083692979437;35.21083692979437
12;61.50;3.50;False;False;True;False;613;42.50;8.50;True;False;False;False;2;26.436485071593097;0.09000202307753034;26.224350653030797;26.648619490155397
12;61.50;3.50;False;False;True;False;615;44.50;8.50;True;False;False;False;4;26.523750004751037;0.2747846815452164;25.96629549919271;27.204999999999927
12;61.50;3.50;False;False;True;False;617;46.50;8.50;True;False;False;False;1;28.617137230605294;0;28.617137230605294;28.617137230605294
12;61.50;3.50;False;False;True;False;618;47.50;8.50;True;False;False;False;3;28.122109958657045;0.050771184224820715;27.973982680294284;28.38141645540236
12;61.50;3.50;False;False;True;False;620;49.50;8.50;True;False;False;False;5;26.47765994439892;0.047150089602564976;26.226028491764737;26.734683445647534
12;61.50;3.50;False;False;True;False;621;50.50;8.50;True;False;False;False;6;26.143125718689664;0.18872543572039316;25.59419771132889;26.602695961869358
12;61.50;3.50;False;False;True;False;622;51.50;8.50;True;False;False;False;1;25.47240661030446;0;25.47240661030446;25.47240661030446
12;61.50;3.50;False;False;True;False;623;52.50;8.50;True;False;False;False;8;19.709426293228493;0.1334756443646559;19.05574313838042;20.170840927991776
12;61.50;3.50;False;False;True;False;691;32.50;10.50;True;False;False;False;1;34.80342712473248;0;34.80342712473248;34.80342712473248
12;61.50;3.50;False;False;True;False;695;36.50;10.50;True;False;False;False;3;35.454013147008176;0.16392753945371344;34.99462963598853;35.75888888888585
12;61.50;3.50;False;False;True;False;696;37.50;10.50;True;False;False;False;1;34.26295816768106;0;34.26295816768106;34.26295816768106
12;61.50;3.50;False;False;True;False;698;39.50;10.50;True;False;False;False;2;40.392825075208066;88.41169461723483;33.744077275162;47.04157287525413
12;61.50;3.50;False;False;True;False;699;40.50;10.50;True;False;False;False;3;35.38040776217;20.00227193489607;32.41028137423791;40.52416387365156
12;61.50;3.50;False;False;True;False;700;41.50;10.50;True;False;False;False;2;33.48041087026013;3.0818817352875145;32.23906447716763;34.72175726335263
12;61.50;3.50;False;False;True;False;701;42.50;10.50;True;False;False;False;7;28.827936533455873;4.2685837479758195;27.40768398635737;32.21185744421746
12;61.50;3.50;False;False;True;False;703;44.50;10.50;True;False;False;False;1;27.5482531243033;0;27.5482531243033;27.5482531243033
12;61.50;3.50;False;False;True;False;704;45.50;10.50;True;False;False;False;2;33.014585131557396;33.4463446232472;28.92518758281949;37.1039826802953
12;61.50;3.50;False;False;True;False;706;47.50;10.50;True;False;False;False;5;27.790036913357472;0.060543284636217776;27.637409983704856;28.224999999998545
12;61.50;3.50;False;False;True;False;708;49.50;10.50;True;False;False;False;6;27.064082067270498;1.0369086189243144;26.00194804090097;28.88695203910902
12;61.50;3.50;False;False;True;False;709;50.50;10.50;True;False;False;False;3;25.773790655103312;0.020848510480942304;25.68398268029705;25.940347452695278
12;61.50;3.50;False;False;True;False;710;51.50;10.50;True;False;False;False;4;28.754254857758042;53.41968115182626;24.935738317672076;39.71536797273802
12;61.50;3.50;False;False;True;False;711;52.50;10.50;True;False;False;False;6;21.700747847056544;1.07176890852985;20.87985637809652;23.714620316593937
12;61.50;3.50;False;False;True;False;735;32.50;11.50;True;False;False;False;1;44.40907327698369;0;44.40907327698369;44.40907327698369
12;61.50;3.50;False;False;True;False;737;34.50;11.50;True;False;False;False;4;39.70009379140811;34.17119075780639;34.71545137646899;47.236124693512465
12;61.50;3.50;False;False;True;False;738;35.50;11.50;True;False;False;False;2;43.78629628359795;23.358628714285445;40.36879509747632;47.203797469719575
12;61.50;3.50;False;False;True;False;745;42.50;11.50;True;False;False;False;11;30.296487683373762;9.632045864745905;28.027226220401644;36.65842792817057
12;61.50;3.50;False;False;True;False;747;44.50;11.50;True;False;False;False;10;30.657605492936046;16.60016631659596;27.948242736658358;37.88120490252186
12;61.50;3.50;False;False;True;False;748;45.50;11.50;True;False;False;False;9;35.13882905610646;8.608145610714756;33.12401705696175;40.50157048395886
12;61.50;3.50;False;False;True;False;749;46.50;11.50;True;False;False;False;8;35.53647554999168;3.0741175712324074;34.03360431990404;38.51611111110651
12;61.50;3.50;False;False;True;False;752;49.50;11.50;True;False;False;False;2;38.67921002684761;10.404927119816495;36.39831906936888;40.960100984326345
12;61.50;3.50;False;False;True;False;754;51.50;11.50;True;False;False;False;1;38.61037916383066;0;38.61037916383066;38.61037916383066
12;61.50;3.50;False;False;True;False;755;52.50;11.50;True;False;False;False;6;23.147887334998664;6.1970071192728815;21.890840927980207;28.209167068389434
12;61.50;3.50;False;False;True;False;823;32.50;13.50;True;False;False;False;5;36.75382195606544;1.3756495838584435;36.03243352944992;38.83351372324614
12;61.50;3.50;False;False;True;False;825;34.50;13.50;True;False;False;False;5;36.4369503510974;0.033930378571170955;36.1991702631276;36.67472501523116
12;61.50;3.50;False;False;True;False;826;35.50;13.50;True;False;False;False;1;40.45222622041547;0;40.45222622041547;40.45222622041547
12;61.50;3.50;False;False;True;False;827;36.50;13.50;True;False;False;False;1;44.23944844262587;0;44.23944844262587;44.23944844262587
12;61.50;3.50;False;False;True;False;833;42.50;13.50;True;False;False;False;5;29.966714788265882;0.5940084657871769;29.411204902524332;31.295258992035087
12;61.50;3.50;False;False;True;False;835;44.50;13.50;True;False;False;False;11;30.43181483755606;4.77580555078194;29.222873176076973;35.612878762109176
12;61.50;3.50;False;False;True;False;836;45.50;13.50;True;False;False;False;8;35.73158146706024;21.15190743238178;33.349725818676234;46.91388888888105
12;61.50;3.50;False;False;True;False;837;46.50;13.50;True;False;False;False;7;36.604037532507;13.663672739463241;34.06805995545437;44.58491020677684
12;61.50;3.50;False;False;True;False;838;47.50;13.50;True;False;False;False;2;35.88449493661574;0.03896600988211379;35.74491340151508;36.0240764717164
12;61.50;3.50;False;False;True;False;842;51.50;13.50;True;False;False;False;1;37.74759738786997;0;37.74759738786997;37.74759738786997
12;61.50;3.50;False;False;True;False;843;52.50;13.50;True;False;False;False;6;23.66692352574292;0.2713713780029749;22.85435065301499;24.40222541695789
12;61.50;3.50;False;False;True;False;874;39.50;14.50;True;False;False;False;1;37.54333652806963;0;37.54333652806963;37.54333652806963
12;61.50;3.50;False;False;True;False;879;44.50;14.50;True;False;False;False;1;30.2383109511793;0;30.2383109511793;30.2383109511793
12;61.50;3.50;False;False;True;False;880;45.50;14.50;True;False;False;False;1;35.41490381729818;0;35.41490381729818;35.41490381729818
12;61.50;3.50;False;False;True;False;882;47.50;14.50;True;False;False;False;5;31.993443966184167;0.10011632636576845;31.638985875038088;32.282962165863864
12;61.50;3.50;False;False;True;False;884;49.50;14.50;True;False;False;False;4;30.649778803486242;0.2728098155999548;30.130468294479215;31.34083692979584
12;61.50;3.50;False;False;True;False;885;50.50;14.50;True;False;False;False;2;29.723836397637342;0.00011375453436930022;29.716294695761462;29.731378099513222
12;61.50;3.50;False;False;True;False;886;51.50;14.50;True;False;False;False;1;29.575184388097114;0;29.575184388097114;29.575184388097114
12;61.50;3.50;False;False;True;False;887;52.50;14.50;True;False;False;False;5;24.614261498749784;1.5053944801602759;23.38342792820913;26.2227777777789
12;61.50;3.50;False;False;True;False;957;34.50;16.50;True;False;False;False;1;38.36073994364415;0;38.36073994364415;38.36073994364415
12;61.50;3.50;False;False;True;False;959;36.50;16.50;True;False;False;False;1;39.252222222214186;0;39.252222222214186;39.252222222214186
12;61.50;3.50;False;False;True;False;960;37.50;16.50;True;False;False;False;1;38.35964241491274;0;38.35964241491274;38.35964241491274
12;61.50;3.50;False;False;True;False;963;40.50;16.50;True;False;False;False;1;36.39181000507233;0;36.39181000507233;36.39181000507233
12;61.50;3.50;False;False;True;False;968;45.50;16.50;True;False;False;False;2;33.00118890977137;0.006321578131691498;32.9449680144935;33.05740980504925
12;61.50;3.50;False;False;True;False;969;46.50;16.50;True;False;False;False;1;32.09028537242648;0;32.09028537242648;32.09028537242648
12;61.50;3.50;False;False;True;False;970;47.50;16.50;True;False;False;False;3;33.77101865243154;3.3798836502684795;31.65509379141804;34.977406610315484
12;61.50;3.50;False;False;True;False;972;49.50;16.50;True;False;False;False;3;30.867378809061847;0.10233419077188491;30.52268798455043;31.154725818676525
12;61.50;3.50;False;False;True;False;973;50.50;16.50;True;False;False;False;3;30.566051248960473;1.6136209174763554;29.67352091615612;32.02036558144755
12;61.50;3.50;False;False;True;False;975;52.50;16.50;True;False;False;False;6;27.195331343477392;2.6433576507393024;24.751073539628123;28.484256861618633
12;61.50;3.50;False;False;True;False;1009;42.50;17.50;True;False;False;False;2;32.185371569190465;0.1621334876506381;31.900649346971477;32.470093791409454
12;61.50;3.50;False;False;True;False;1012;45.50;17.50;True;False;False;False;1;38.47211357287597;0;38.47211357287597;38.47211357287597
12;61.50;3.50;False;False;True;False;1013;46.50;17.50;True;False;False;False;1;38.35852171960141;0;38.35852171960141;38.35852171960141
12;61.50;3.50;False;False;True;False;1019;52.50;17.50;True;False;False;False;3;29.43592991776192;8.519662880220375;26.130193168868573;31.6577809725095
12;61.50;3.50;False;False;True;False;1099;44.50;19.50;True;False;False;False;2;33.54926045807679;0.059831543710364726;33.37629869393459;33.72222222221899
12;61.50;3.50;False;False;True;False;1100;45.50;19.50;True;False;False;False;1;45.057226220407756;0;45.057226220407756;45.057226220407756
12;61.50;3.50;False;False;True;False;1101;46.50;19.50;True;False;False;False;1;44.46834052624945;0;44.46834052624945;44.46834052624945
12;61.50;3.50;False;False;True;False;1107;52.50;19.50;True;False;False;False;3;28.331052046053856;1.0657909486392785;27.61074313838344;29.513798292206047
12;61.50;3.50;False;False;True;False;1143;44.50;20.50;True;False;False;False;1;35.09981641536069;0;35.09981641536069;35.09981641536069
12;61.50;3.50;False;False;True;False;1146;47.50;20.50;True;False;False;False;1;35.97435224086075;0;35.97435224086075;35.97435224086075
12;61.50;3.50;False;False;True;False;1151;52.50;20.50;True;False;False;False;4;27.574808584171024;0.2722204005123815;27.21462575964324;28.32907647171487
12;61.50;3.50;False;False;True;False;1234;47.50;22.50;True;False;False;False;1;36.60635945092508;0;36.60635945092508;36.60635945092508
12;61.50;3.50;False;False;True;False;1236;49.50;22.50;True;False;False;False;1;34.219441249690135;0;34.219441249690135;34.219441249690135
12;61.50;3.50;False;False;True;False;1237;50.50;22.50;True;False;False;False;2;33.75365281300856;0.009527737727237707;33.68463202727253;33.822673598744586
12;61.50;3.50;False;False;True;False;1275;44.50;23.50;True;False;False;False;1;36.04296536060065;0;36.04296536060065;36.04296536060065
12;61.50;3.50;False;False;True;False;1283;52.50;23.50;True;False;False;False;1;33.72453903929272;0;33.72453903929272;33.72453903929272
12;61.50;3.50;False;False;True;False;1364;45.50;25.50;True;False;False;False;1;41.06009379140596;0;41.06009379140596;41.06009379140596
12;61.50;3.50;False;False;True;False;1371;52.50;25.50;True;False;False;False;1;35.830000000001746;0;35.830000000001746;35.830000000001746
12;61.50;3.50;False;False;True;False;1414;51.50;26.50;True;False;False;False;2;36.73814934696202;0.00816449937262272;36.674256861595495;36.80204183232854
12;61.50;3.50;False;False;True;False;1415;52.50;26.50;True;False;False;False;3;47.282309082153915;743.6095013306701;31.42407966645169;78.76979642437618
28;61.50;9.50;False;False;True;False;300;37.50;1.50;True;False;False;False;1;33.954915792775864;0;33.954915792775864;33.954915792775864
28;61.50;9.50;False;False;True;False;304;41.50;1.50;True;False;False;False;1;37.29917265439144;0;37.29917265439144;37.29917265439144
28;61.50;9.50;False;False;True;False;310;47.50;1.50;True;False;False;False;2;26.86277098658411;7.548039020071871;24.92008740194251;28.80545457122571
28;61.50;9.50;False;False;True;False;312;49.50;1.50;True;False;False;False;2;24.963831264736655;0.05583537863654011;24.796745390653086;25.130917138820223
28;61.50;9.50;False;False;True;False;313;50.50;1.50;True;False;False;False;2;30.068333333325427;0.057110292483601964;29.899350653024158;30.237316013626696
28;61.50;9.50;False;False;True;False;314;51.50;1.50;True;False;False;False;1;30.74694406175331;0;30.74694406175331;30.74694406175331
28;61.50;9.50;False;False;True;False;315;52.50;1.50;True;False;False;False;2;23.833402743427996;3.555425523052373;22.500093791411928;25.166711695444064
28;61.50;9.50;False;False;True;False;344;37.50;2.50;True;False;False;False;2;31.365644153140693;0.005206593772892657;31.314621639615325;31.41666666666606
28;61.50;9.50;False;False;True;False;351;44.50;2.50;True;False;False;False;2;32.771201306066814;15.841098709685559;29.956854249493517;35.58554836264011
28;61.50;9.50;False;False;True;False;352;45.50;2.50;True;False;False;False;3;29.525375165652804;0.28370906578973376;29.071486276767246;30.111760458079516
28;61.50;9.50;False;False;True;False;354;47.50;2.50;True;False;False;False;1;25.078246734839922;0;25.078246734839922;25.078246734839922
28;61.50;9.50;False;False;True;False;358;51.50;2.50;True;False;False;False;1;25.23842393000814;0;25.23842393000814;25.23842393000814
28;61.50;9.50;False;False;True;False;359;52.50;2.50;True;False;False;False;3;26.369537438759533;12.233198277845595;24.311111111106584;30.407962969313303
28;61.50;9.50;False;False;True;False;430;35.50;4.50;True;False;False;False;1;35.42277538647795;0;35.42277538647795;35.42277538647795
28;61.50;9.50;False;False;True;False;432;37.50;4.50;True;False;False;False;1;32.632132428996556;0;32.632132428996556;32.632132428996556
28;61.50;9.50;False;False;True;False;434;39.50;4.50;True;False;False;False;1;29.254215339857183;0;29.254215339857183;29.254215339857183
28;61.50;9.50;False;False;True;False;437;42.50;4.50;True;False;False;False;3;31.63466037049966;1.786682114434306;30.72722622040874;33.169628832536546
28;61.50;9.50;False;False;True;False;439;44.50;4.50;True;False;False;False;2;30.33569304793764;0.012228431140574935;30.25749959827408;30.413886497601197
28;61.50;9.50;False;False;True;False;442;47.50;4.50;True;False;False;False;2;23.614908207678923;2.848959558908955;22.421392485346587;24.80842393001126
28;61.50;9.50;False;False;True;False;444;49.50;4.50;True;False;False;False;1;22.55601332150809;0;22.55601332150809;22.55601332150809
28;61.50;9.50;False;False;True;False;445;50.50;4.50;True;False;False;False;1;26.23729843305273;0;26.23729843305273;26.23729843305273
28;61.50;9.50;False;False;True;False;447;52.50;4.50;True;False;False;False;2;24.574636819364514;0.10216332526531414;24.34862429176337;24.800649346965656
28;61.50;9.50;False;False;True;False;466;27.50;5.50;True;False;False;False;1;47.36963202725747;0;47.36963202725747;47.36963202725747
28;61.50;9.50;False;False;True;False;468;29.50;5.50;True;False;False;False;1;35.25379829220765;0;35.25379829220765;35.25379829220765
28;61.50;9.50;False;False;True;False;476;37.50;5.50;True;False;False;False;4;30.297973553068175;4.289027976286388;28.586760458079652;32.80999680525565
28;61.50;9.50;False;False;True;False;478;39.50;5.50;True;False;False;False;13;30.681693927458706;8.65660682662532;28.580277376051527;38.40791900834006
28;61.50;9.50;False;False;True;False;479;40.50;5.50;True;False;False;False;13;35.62275307697851;25.912682765943167;32.44435065303014;48.86288195684938
28;61.50;9.50;False;False;True;False;480;41.50;5.50;True;False;False;False;7;35.11176757125025;10.988044140363005;33.57750034440505;42.61100373730778
28;61.50;9.50;False;False;True;False;481;42.50;5.50;True;False;False;False;2;35.655600853904616;0.05447779193294758;35.490558750287164;35.82064295752207
28;61.50;9.50;False;False;True;False;483;44.50;5.50;True;False;False;False;2;35.98228870714138;1.6624884474125725;35.07056274847491;36.894014665807845
28;61.50;9.50;False;False;True;False;484;45.50;5.50;True;False;False;False;1;51.30575033130299;0;51.30575033130299;51.30575033130299
28;61.50;9.50;False;False;True;False;486;47.50;5.50;True;False;False;False;4;28.142796960482883;26.26553030088534;22.101854249494863;34.49588888716244
28;61.50;9.50;False;False;True;False;488;49.50;5.50;True;False;False;False;2;22.543383423773548;0.5107068632739574;22.038058348562572;23.048708498984524
28;61.50;9.50;False;False;True;False;489;50.50;5.50;True;False;False;False;5;26.15958129699219;0.23735762521134068;25.646499055728782;26.913243540100666
28;61.50;9.50;False;False;True;False;490;51.50;5.50;True;False;False;False;5;30.837626000592014;44.34863841839928;27.248479101006524;42.659636025458894
28;61.50;9.50;False;False;True;False;491;52.50;5.50;True;False;False;False;4;19.83308813160511;0.27325801867447175;19.475649346968567;20.608427124738228
28;61.50;9.50;False;False;True;False;554;27.50;7.50;True;False;False;False;4;42.7248559811037;41.743791095071884;34.20944763918669;49.92574313837031
28;61.50;9.50;False;False;True;False;556;29.50;7.50;True;False;False;False;7;36.984738761062026;28.961983791458255;33.444264054542145;45.756024512613294
28;61.50;9.50;False;False;True;False;564;37.50;7.50;True;False;False;False;5;28.65948387784956;7.4215648619562495;26.765363974542197;33.228156138162376
28;61.50;9.50;False;False;True;False;566;39.50;7.50;True;False;False;False;12;29.254744476016356;13.841240289620547;27.06536797273202;38.524910206782806
28;61.50;9.50;False;False;True;False;567;40.50;7.50;True;False;False;False;14;34.77312591497447;9.582992751550272;32.58953823585398;42.43370849898747
28;61.50;9.50;False;False;True;False;568;41.50;7.50;True;False;False;False;5;39.75798012450987;23.02967680031356;33.76232001181461;46.99045856939847
28;61.50;9.50;False;False;True;False;569;42.50;7.50;True;False;False;False;2;34.21550253986061;0.005464732997180584;34.16323049667699;34.26777458304423
28;61.50;9.50;False;False;True;False;573;46.50;7.50;True;False;False;False;1;36.880090596670925;0;36.880090596670925;36.880090596670925
28;61.50;9.50;False;False;True;False;574;47.50;7.50;True;False;False;False;8;22.05649340706384;13.665270872536752;20.33222622042922;31.168063953629826
28;61.50;9.50;False;False;True;False;576;49.50;7.50;True;False;False;False;9;21.908348342973866;10.285921899960972;20.19882919990414;30.109816415357272
28;61.50;9.50;False;False;True;False;577;50.50;7.50;True;False;False;False;11;29.246947315690726;31.64914354292386;25.81537197091643;44.80472581868435
28;61.50;9.50;False;False;True;False;578;51.50;7.50;True;False;False;False;11;27.516667610997377;1.6123171972480883;26.531666666658566;31.14277458304423
28;61.50;9.50;False;False;True;False;579;52.50;7.50;True;False;False;False;1;18.191125496960012;0;18.191125496960012;18.191125496960012
28;61.50;9.50;False;False;True;False;591;20.50;8.50;True;False;False;False;1;34.453316556195205;0;34.453316556195205;34.453316556195205
28;61.50;9.50;False;False;True;False;592;21.50;8.50;True;False;False;False;2;36.04575020851553;10.382466529225539;33.767322403073194;38.32417801395786
28;61.50;9.50;False;False;True;False;593;22.50;8.50;True;False;False;False;1;32.93573994363396;0;32.93573994363396;32.93573994363396
28;61.50;9.50;False;False;True;False;595;24.50;8.50;True;False;False;False;1;49.23471942919423;0;49.23471942919423;49.23471942919423
28;61.50;9.50;False;False;True;False;596;25.50;8.50;True;False;False;False;1;33.159170263126725;0;33.159170263126725;33.159170263126725
28;61.50;9.50;False;False;True;False;597;26.50;8.50;True;False;False;False;1;30.74730564501806;0;30.74730564501806;30.74730564501806
28;61.50;9.50;False;False;True;False;598;27.50;8.50;True;False;False;False;2;31.145416867527274;4.322615524099374;29.675278179494853;32.615555555559695
28;61.50;9.50;False;False;True;False;600;29.50;8.50;True;False;False;False;5;35.27433349401654;37.787831227211804;28.363975487374773;41.904350653025176
28;61.50;9.50;False;False;True;False;601;30.50;8.50;True;False;False;False;3;32.62433137741027;61.371479038410804;27.730497728720366;41.659819610082195
28;61.50;9.50;False;False;True;False;602;31.50;8.50;True;False;False;False;1;27.106941651429224;0;27.106941651429224;27.106941651429224
28;61.50;9.50;False;False;True;False;603;32.50;8.50;True;False;False;False;3;26.984261656904135;0.06465217380673434;26.693611512842836;27.165559553741787
28;61.50;9.50;False;False;True;False;605;34.50;8.50;True;False;False;False;2;26.01875179823321;0.047106342078730615;25.865281374244205;26.172222222222217
28;61.50;9.50;False;False;True;False;606;35.50;8.50;True;False;False;False;7;30.049428534155496;204.74121063192268;24.308146553948973;62.49260165057785
28;61.50;9.50;False;False;True;False;607;36.50;8.50;True;False;False;False;2;23.67709832176473;0.00618539909857583;23.62148627676288;23.732710366766582
28;61.50;9.50;False;False;True;False;608;37.50;8.50;True;False;False;False;6;24.38809656759478;7.86013725651886;22.988322804823838;30.065635764578474
28;61.50;9.50;False;False;True;False;610;39.50;8.50;True;False;False;False;7;22.991697786596667;5.063465535600268;21.57548414633493;28.021021317883424
28;61.50;9.50;False;False;True;False;611;40.50;8.50;True;False;False;False;4;39.004628631676155;390.00191148267726;21.079170263132255;62.15148627677627
28;61.50;9.50;False;False;True;False;612;41.50;8.50;True;False;False;False;1;20.791760458079807;0;20.791760458079807;20.791760458079807
28;61.50;9.50;False;False;True;False;613;42.50;8.50;True;False;False;False;1;19.641205705973334;0;19.641205705973334;19.641205705973334
28;61.50;9.50;False;False;True;False;615;44.50;8.50;True;False;False;False;5;20.53033474374406;14.401565868616464;18.323972151792987;27.264076471707085
28;61.50;9.50;False;False;True;False;616;45.50;8.50;True;False;False;False;2;17.81098614718394;0.10477072792075241;17.58210765548938;18.0398646388785
28;61.50;9.50;False;False;True;False;617;46.50;8.50;True;False;False;False;2;19.942871569188355;18.760066400654612;16.880187582824874;23.005555555551837
28;61.50;9.50;False;False;True;False;618;47.50;8.50;True;False;False;False;4;16.60314695091452;0.05127266215978395;16.326479083832965;16.846666666664532
28;61.50;9.50;False;False;True;False;620;49.50;8.50;True;False;False;False;4;15.457003530683089;0.15735633971401475;14.968900079996928;15.92759738787413
28;61.50;9.50;False;False;True;False;621;50.50;8.50;True;False;False;False;3;23.902551202603927;258.52057639773835;14.24321235809839;42.46333333333769
28;61.50;9.50;False;False;True;False;622;51.50;8.50;True;False;False;False;2;18.43356221630711;24.568055212020628;14.928704500791355;21.938419931822864
28;61.50;9.50;False;False;True;False;623;52.50;8.50;True;False;False;False;8;13.318330564510063;0.20265531430679812;12.865183584637634;14.182954972933658
28;61.50;9.50;False;False;True;False;679;20.50;10.50;True;False;False;False;1;47.830649346957216;0;47.830649346957216;47.830649346957216
28;61.50;9.50;False;False;True;False;681;22.50;10.50;True;False;False;False;1;52.847778581221064;0;52.847778581221064;52.847778581221064
28;61.50;9.50;False;False;True;False;683;24.50;10.50;True;False;False;False;2;37.94967532650662;51.517841082623164;32.874350653019064;43.02499999999418
28;61.50;9.50;False;False;True;False;684;25.50;10.50;True;False;False;False;2;36.77941712839038;64.51148525984317;31.100003194724195;42.45883106205656
28;61.50;9.50;False;False;True;False;685;26.50;10.50;True;False;False;False;1;30.543239541922958;0;30.543239541922958;30.543239541922958
28;61.50;9.50;False;False;True;False;686;27.50;10.50;True;False;False;False;1;30.358597126980385;0;30.358597126980385;30.358597126980385
28;61.50;9.50;False;False;True;False;688;29.50;10.50;True;False;False;False;2;28.260559152014366;0.06190070644267673;28.084632027268526;28.436486276760206
28;61.50;9.50;False;False;True;False;689;30.50;10.50;True;False;False;False;4;36.099712488932596;111.72327705528784;27.593614707567667;49.671237691383794
28;61.50;9.50;False;False;True;False;690;31.50;10.50;True;False;False;False;2;27.477732479437464;0.000353143747933568;27.46444444444478;27.491020514430147
28;61.50;9.50;False;False;True;False;691;32.50;10.50;True;False;False;False;13;29.52038128020859;29.296964958415252;26.32258700021339;44.36583691073247
28;61.50;9.50;False;False;True;False;693;34.50;10.50;True;False;False;False;5;25.095100184690047;0.015173333291896443;25.019942976645098;25.31102451262086
28;61.50;9.50;False;False;True;False;695;36.50;10.50;True;False;False;False;2;24.43736290934021;0.017857226727524014;24.34287156918799;24.531854249492426
28;61.50;9.50;False;False;True;False;696;37.50;10.50;True;False;False;False;6;24.482450980825053;5.750219238390468;23.065472151804897;29.27654894333955
28;61.50;9.50;False;False;True;False;698;39.50;10.50;True;False;False;False;3;21.703113421792068;0.014432681091422761;21.571572875254105;21.807034639397898
28;61.50;9.50;False;False;True;False;699;40.50;10.50;True;False;False;False;1;28.982878762111795;0;28.982878762111795;28.982878762111795
28;61.50;9.50;False;False;True;False;700;41.50;10.50;True;False;False;False;3;25.16595958737101;13.111058141388439;20.990093791415347;27.43463202727071
28;61.50;9.50;False;False;True;False;701;42.50;10.50;True;False;False;False;5;20.378970154611714;0.8997232822717195;19.645394353131223;22.000548362626432
28;61.50;9.50;False;False;True;False;703;44.50;10.50;True;False;False;False;6;19.07110844565288;1.141643665893492;18.24861470757969;21.028972273539694
28;61.50;9.50;False;False;True;False;704;45.50;10.50;True;False;False;False;2;17.731520785711837;0.003957323004617327;17.68703863758128;17.776002933842392
28;61.50;9.50;False;False;True;False;705;46.50;10.50;True;False;False;False;3;18.380495425584;3.8118345975198724;17.02574713656719;20.618423126550624
28;61.50;9.50;False;False;True;False;706;47.50;10.50;True;False;False;False;9;17.627368919185656;4.62672028698998;16.400642957500168;22.687420192709396
28;61.50;9.50;False;False;True;False;708;49.50;10.50;True;False;False;False;4;15.714681212949586;0.09708781260967597;15.413419931823228;16.10400383475644
28;61.50;9.50;False;False;True;False;709;50.50;10.50;True;False;False;False;3;14.700898124673481;0.4034787966150701;14.244260056354193;15.42629869393204
28;61.50;9.50;False;False;True;False;710;51.50;10.50;True;False;False;False;3;14.671669064306352;2.6303938503389537;13.721486276759606;16.54435065303187
28;61.50;9.50;False;False;True;False;711;52.50;10.50;True;False;False;False;7;13.44054546901886;0.17797457075955328;13.083059152013448;14.152684789807608
28;61.50;9.50;False;False;True;False;735;32.50;11.50;True;False;False;False;9;32.20131530200969;18.747333608886564;30.005555555556384;43.18056194503879
28;61.50;9.50;False;False;True;False;737;34.50;11.50;True;False;False;False;6;31.365048760885127;6.210537976070571;30.02435784594809;36.42139248534659
28;61.50;9.50;False;False;True;False;738;35.50;11.50;True;False;False;False;3;38.58584715056835;10.23553324681149;35.7411529645542;42.04935065302925
28;61.50;9.50;False;False;True;False;739;36.50;11.50;True;False;False;False;5;38.0129083256521;4.780343774415127;36.69868053074242;41.889450852951995
28;61.50;9.50;False;False;True;False;745;42.50;11.50;True;False;False;False;9;24.018656429458282;0.14366052044243705;23.5884199318225;24.627406610312846
28;61.50;9.50;False;False;True;False;747;44.50;11.50;True;False;False;False;7;26.21055909462445;13.982819488936824;23.747962165869467;34.371294695749384
28;61.50;9.50;False;False;True;False;748;45.50;11.50;True;False;False;False;8;33.08336740513597;28.45351598584111;29.07239781049975;42.81222302567403
28;61.50;9.50;False;False;True;False;749;46.50;11.50;True;False;False;False;3;33.412717209939196;10.221691792441984;30.071769238838897;36.44342712474668
28;61.50;9.50;False;False;True;False;750;47.50;11.50;True;False;False;False;8;32.51390168210844;3.8356976030781302;30.686854249499447;35.64657050299502
28;61.50;9.50;False;False;True;False;752;49.50;11.50;True;False;False;False;2;32.724966686688276;0.048486619314466635;32.569264054542145;32.88066931883441
28;61.50;9.50;False;False;True;False;753;50.50;11.50;True;False;False;False;4;34.50340547511178;3.0983419723511667;32.970277376032755;36.91546495887087
28;61.50;9.50;False;False;True;False;754;51.50;11.50;True;False;False;False;5;36.938019079662624;9.225475422773917;33.54573674891435;40.46453823585398
28;61.50;9.50;False;False;True;False;755;52.50;11.50;True;False;False;False;11;18.17597882976861;0.3281635827007602;16.990562748478624;18.879440446253284
28;61.50;9.50;False;False;True;False;823;32.50;13.50;True;False;False;False;10;33.38839503537829;3.0101795590810565;31.946275508287727;37.558333333330665
28;61.50;9.50;False;False;True;False;825;34.50;13.50;True;False;False;False;5;36.34951740004053;21.573122649644354;32.122871569190465;42.40758061073939
28;61.50;9.50;False;False;True;False;826;35.50;13.50;True;False;False;False;5;38.37976061875488;20.126815452641587;36.00306634489607;46.380281374233164
28;61.50;9.50;False;False;True;False;827;36.50;13.50;True;False;False;False;1;37.57712843081026;0;37.57712843081026;37.57712843081026
28;61.50;9.50;False;False;True;False;828;37.50;13.50;True;False;False;False;4;38.8191869197899;0.5961423331367626;38.255351195643016;39.92314575050841
28;61.50;9.50;False;False;True;False;830;39.50;13.50;True;False;False;False;3;39.732163157164905;5.135229948146726;38.32194404272013;42.346118304027186
28;61.50;9.50;False;False;True;False;833;42.50;13.50;True;False;False;False;14;27.233458908170135;4.874224716618663;25.31324512791616;32.529531042924646
28;61.50;9.50;False;False;True;False;835;44.50;13.50;True;False;False;False;10;26.41883786365031;1.5009822439372904;25.244999999996253;29.56092672302111
28;61.50;9.50;False;False;True;False;836;45.50;13.50;True;False;False;False;11;30.62264192025551;8.386025265559796;29.210559553737767;39.19657287525479
28;61.50;9.50;False;False;True;False;837;46.50;13.50;True;False;False;False;13;33.13228272833638;23.164388179362096;30.069999999992433;44.119260859803035
28;61.50;9.50;False;False;True;False;838;47.50;13.50;True;False;False;False;6;31.89874839089854;0.22216673411482998;31.294335795093502;32.4728787621093
28;61.50;9.50;False;False;True;False;840;49.50;13.50;True;False;False;False;6;32.16006545770173;0.20280975784796054;31.552597387866626;32.584264054539744
28;61.50;9.50;False;False;True;False;841;50.50;13.50;True;False;False;False;6;33.91444471225835;1.3537712092346834;32.93314894524519;36.1515696805036
28;61.50;9.50;False;False;True;False;842;51.50;13.50;True;False;False;False;2;45.85894482046024;214.61074139062728;35.50011425444973;56.21777538647075
28;61.50;9.50;False;False;True;False;843;52.50;13.50;True;False;False;False;10;19.403570876170942;0.27015484295950043;18.466850251303185;20.142316013632808
28;61.50;9.50;False;False;True;False;867;32.50;14.50;True;False;False;False;1;33.83880148692333;0;33.83880148692333;33.83880148692333
28;61.50;9.50;False;False;True;False;869;34.50;14.50;True;False;False;False;2;32.77051065893829;0.029627409271611727;32.64879909565934;32.89222222221724
28;61.50;9.50;False;False;True;False;871;36.50;14.50;True;False;False;False;1;35.05366104079803;0;35.05366104079803;35.05366104079803
28;61.50;9.50;False;False;True;False;872;37.50;14.50;True;False;False;False;1;34.39981241715941;0;34.39981241715941;34.39981241715941
28;61.50;9.50;False;False;True;False;875;40.50;14.50;True;False;False;False;2;34.31471423537664;5.925702627098575;32.593420735258405;36.03600773549488
28;61.50;9.50;False;False;True;False;877;42.50;14.50;True;False;False;False;7;26.401111111109945;0.3827122370210725;25.757777777776937;27.218419931827157
28;61.50;9.50;False;False;True;False;879;44.50;14.50;True;False;False;False;3;26.436943513435228;0.3034745132391016;26.01370450081049;27.059812417173816
28;61.50;9.50;False;False;True;False;880;45.50;14.50;True;False;False;False;2;30.666027149223282;4.092945026894677;29.235477425009776;32.09657687343679
28;61.50;9.50;False;False;True;False;881;46.50;14.50;True;False;False;False;1;31.583420735267282;0;31.583420735267282;31.583420735267282
28;61.50;9.50;False;False;True;False;882;47.50;14.50;True;False;False;False;1;27.798690918407374;0;27.798690918407374;27.798690918407374
28;61.50;9.50;False;False;True;False;884;49.50;14.50;True;False;False;False;5;29.4754593690408;47.19303775283497;26.258513723230863;41.76128591499514
28;61.50;9.50;False;False;True;False;886;51.50;14.50;True;False;False;False;1;25.036199297403073;0;25.036199297403073;25.036199297403073
28;61.50;9.50;False;False;True;False;887;52.50;14.50;True;False;False;False;9;20.65187438843582;2.7169436080953506;19.37620890071048;23.92148388548776
28;61.50;9.50;False;False;True;False;965;42.50;16.50;True;False;False;False;3;27.764415846096806;0.19090338452127845;27.483239541919374;28.26778257941396
28;61.50;9.50;False;False;True;False;968;45.50;16.50;True;False;False;False;3;32.44663673559747;1.666523494999917;30.9702813742515;33.36315294342785
28;61.50;9.50;False;False;True;False;969;46.50;16.50;True;False;False;False;2;28.57137211175177;0.3639117970821901;28.14480922243638;28.997935001067162
28;61.50;9.50;False;False;True;False;970;47.50;16.50;True;False;False;False;1;33.26074552964565;0;33.26074552964565;33.26074552964565
28;61.50;9.50;False;False;True;False;972;49.50;16.50;True;False;False;False;1;26.224890234992927;0;26.224890234992927;26.224890234992927
28;61.50;9.50;False;False;True;False;973;50.50;16.50;True;False;False;False;1;25.514812417176472;0;25.514812417176472;25.514812417176472
28;61.50;9.50;False;False;True;False;974;51.50;16.50;True;False;False;False;1;25.169444444443798;0;25.169444444443798;25.169444444443798
28;61.50;9.50;False;False;True;False;975;52.50;16.50;True;False;False;False;5;23.17848356408431;5.075137675724079;20.73815057117463;25.68796855531764
28;61.50;9.50;False;False;True;False;1009;42.50;17.50;True;False;False;False;3;28.12904387518165;0.006501576781554304;28.036017319698658;28.178892083624305
28;61.50;9.50;False;False;True;False;1011;44.50;17.50;True;False;False;False;4;30.21998993121838;4.719141682293202;28.334809222440526;33.02098423749703
28;61.50;9.50;False;False;True;False;1012;45.50;17.50;True;False;False;False;3;37.72824433720234;29.501084114976923;33.64408605593053;43.89231601362917
28;61.50;9.50;False;False;True;False;1013;46.50;17.50;True;False;False;False;3;39.85660573960255;97.54353533295115;34.10305595727914;51.260750331304735
28;61.50;9.50;False;False;True;False;1016;49.50;17.50;True;False;False;False;1;36.730638780649315;0;36.730638780649315;36.730638780649315
28;61.50;9.50;False;False;True;False;1017;50.50;17.50;True;False;False;False;1;37.764167068391544;0;37.764167068391544;37.764167068391544
28;61.50;9.50;False;False;True;False;1019;52.50;17.50;True;False;False;False;4;23.397106781184448;5.926774539884561;22.078239541922812;27.047222222219716
28;61.50;9.50;False;False;True;False;1097;42.50;19.50;True;False;False;False;2;33.68934186273873;36.386632417299005;29.423979485560267;37.95470423991719
28;61.50;9.50;False;False;True;False;1100;45.50;19.50;True;False;False;False;3;38.474593034914506;26.164680933130967;33.99081374414345;44.04611830403883
28;61.50;9.50;False;False;True;False;1101;46.50;19.50;True;False;False;False;3;47.7451886477326;102.19080117617298;36.220093791409454;55.110840124525566
28;61.50;9.50;False;False;True;False;1102;47.50;19.50;True;False;False;False;1;44.52296935879167;0;44.52296935879167;44.52296935879167
28;61.50;9.50;False;False;True;False;1104;49.50;19.50;True;False;False;False;3;37.05253060061174;5.812131208884049;35.52620490251866;39.8318478600122
28;61.50;9.50;False;False;True;False;1107;52.50;19.50;True;False;False;False;5;24.9003927480695;0.8041813496471227;24.06851772142545;26.3641694596663
28;61.50;9.50;False;False;True;False;1139;40.50;20.50;True;False;False;False;1;37.35436104069231;0;37.35436104069231;37.35436104069231
28;61.50;9.50;False;False;True;False;1140;41.50;20.50;True;False;False;False;2;36.363613110201186;0.639285501578459;35.79824354010634;36.92898268029603
28;61.50;9.50;False;False;True;False;1144;45.50;20.50;True;False;False;False;1;32.961218484926576;0;32.961218484926576;32.961218484926576
28;61.50;9.50;False;False;True;False;1145;46.50;20.50;True;False;False;False;1;34.230096986146236;0;34.230096986146236;34.230096986146236
28;61.50;9.50;False;False;True;False;1148;49.50;20.50;True;False;False;False;1;33.849535041113995;0;33.849535041113995;33.849535041113995
28;61.50;9.50;False;False;True;False;1151;52.50;20.50;True;False;False;False;3;25.02768531908987;7.01918644428515;23.272128430806333;28.075187582819126
28;61.50;9.50;False;False;True;False;1229;42.50;22.50;True;False;False;False;1;34.52136664385034;0;34.52136664385034;34.52136664385034
28;61.50;9.50;False;False;True;False;1234;47.50;22.50;True;False;False;False;2;32.04152757691236;0.3346012331655825;31.63250359646281;32.450551557361905
28;61.50;9.50;False;False;True;False;1237;50.50;22.50;True;False;False;False;1;29.92478203862447;0;29.92478203862447;29.92478203862447
28;61.50;9.50;False;False;True;False;1239;52.50;22.50;True;False;False;False;4;28.94343328765399;0.8085983133977362;28.25649586097461;30.197331081049924
28;61.50;9.50;False;False;True;False;1409;46.50;26.50;True;False;False;False;1;37.47294860250622;0;37.47294860250622;37.47294860250622
28;61.50;9.50;False;False;True;False;1412;49.50;26.50;True;False;False;False;2;36.53323634717799;7.923901505071082;34.54277138829639;38.52370130605959
28;61.50;9.50;False;False;True;False;1413;50.50;26.50;True;False;False;False;3;33.70120250488011;0.14314344820168912;33.38277138829653;34.119444444444525
28;61.50;9.50;False;False;True;False;1414;51.50;26.50;True;False;False;False;1;41.866684266238735;0;41.866684266238735;41.866684266238735
28;61.50;9.50;False;False;True;False;1415;52.50;26.50;True;False;False;False;1;28.544722623948473;0;28.544722623948473;28.544722623948473
44;61.50;15.50;False;False;True;False;315;52.50;1.50;True;False;False;False;1;26.581111111116115;0;26.581111111116115;26.581111111116115
44;61.50;15.50;False;False;True;False;351;44.50;2.50;True;False;False;False;1;33.697537973133876;0;33.697537973133876;33.697537973133876
44;61.50;15.50;False;False;True;False;353;46.50;2.50;True;False;False;False;1;32.78055955373566;0;32.78055955373566;32.78055955373566
44;61.50;15.50;False;False;True;False;357;50.50;2.50;True;False;False;False;1;29.813888888893416;0;29.813888888893416;29.813888888893416
44;61.50;15.50;False;False;True;False;358;51.50;2.50;True;False;False;False;2;29.442444077960317;0.8252462628430616;28.800086598497728;30.084801557422907
44;61.50;15.50;False;False;True;False;359;52.50;2.50;True;False;False;False;1;28.636951235637753;0;28.636951235637753;28.636951235637753
44;61.50;15.50;False;False;True;False;446;51.50;4.50;True;False;False;False;1;31.941857444229754;0;31.941857444229754;31.941857444229754
44;61.50;15.50;False;False;True;False;447;52.50;4.50;True;False;False;False;1;28.91250040172463;0;28.91250040172463;28.91250040172463
44;61.50;15.50;False;False;True;False;476;37.50;5.50;True;False;False;False;1;35.1440788629825;0;35.1440788629825;35.1440788629825
44;61.50;15.50;False;False;True;False;483;44.50;5.50;True;False;False;False;1;39.84509459486071;0;39.84509459486071;39.84509459486071
44;61.50;15.50;False;False;True;False;486;47.50;5.50;True;False;False;False;3;27.79434292448529;4.100477946998732;26.331762830322987;30.105545167898526
44;61.50;15.50;False;False;True;False;488;49.50;5.50;True;False;False;False;3;26.353552179961298;0.43911437420721533;25.844722623936832;27.102874763927502
44;61.50;15.50;False;False;True;False;489;50.50;5.50;True;False;False;False;3;32.88518731501123;6.714888809709088;30.04388888888934;35.11833652807036
44;61.50;15.50;False;False;True;False;490;51.50;5.50;True;False;False;False;3;37.152973082810604;86.90659589674087;31.574013039840793;47.91509379141735
44;61.50;15.50;False;False;True;False;491;52.50;5.50;True;False;False;False;1;27.07166666665944;0;27.07166666665944;27.07166666665944
44;61.50;15.50;False;False;True;False;564;37.50;7.50;True;False;False;False;1;36.28147908383107;0;36.28147908383107;36.28147908383107
44;61.50;15.50;False;False;True;False;574;47.50;7.50;True;False;False;False;2;27.679354249487915;18.98306805556796;24.598520916153575;30.760187582822255
44;61.50;15.50;False;False;True;False;576;49.50;7.50;True;False;False;False;2;25.16599601047983;0.6183561690885397;24.609958165954595;25.722033855005066
44;61.50;15.50;False;False;True;False;577;50.50;7.50;True;False;False;False;4;31.065274918636987;2.434103699772111;29.9828787621027;33.30916387365505
44;61.50;15.50;False;False;True;False;578;51.50;7.50;True;False;False;False;4;33.36814515268725;15.847980179134078;30.962587000198255;39.30185105475175
44;61.50;15.50;False;False;True;False;579;52.50;7.50;True;False;False;False;7;22.984654321494652;0.9025687245336835;22.181292304463568;24.961151517065446
44;61.50;15.50;False;False;True;False;611;40.50;8.50;True;False;False;False;2;32.51012734074902;0.011407146844827538;32.43460533453617;32.58564934696187
44;61.50;15.50;False;False;True;False;617;46.50;8.50;True;False;False;False;1;27.841670664867706;0;27.841670664867706;27.841670664867706
44;61.50;15.50;False;False;True;False;618;47.50;8.50;True;False;False;False;4;25.370754797300663;1.4179580173433122;23.86361151283677;26.4491702631276
44;61.50;15.50;False;False;True;False;623;52.50;8.50;True;False;False;False;4;24.736574075661792;0.1661405795463481;24.377961362410133;25.30342792821284
44;61.50;15.50;False;False;True;False;696;37.50;10.50;True;False;False;False;1;29.2863924853591;0;29.2863924853591;29.2863924853591
44;61.50;15.50;False;False;True;False;700;41.50;10.50;True;False;False;False;1;31.70778177597822;0;31.70778177597822;31.70778177597822
44;61.50;15.50;False;False;True;False;701;42.50;10.50;True;False;False;False;3;31.279167068375802;0.08517375558108654;30.955003194729215;31.52101173363735
44;61.50;15.50;False;False;True;False;703;44.50;10.50;True;False;False;False;1;30.245566746652912;0;30.245566746652912;30.245566746652912
44;61.50;15.50;False;False;True;False;705;46.50;10.50;True;False;False;False;3;28.04839958496268;0.06105879941556374;27.874819610093255;28.331305083407642
44;61.50;15.50;False;False;True;False;706;47.50;10.50;True;False;False;False;2;23.90784998093659;3.576463403494749;22.570602172283543;25.245097789589636
44;61.50;15.50;False;False;True;False;708;49.50;10.50;True;False;False;False;1;22.551400481692326;0;22.551400481692326;22.551400481692326
44;61.50;15.50;False;False;True;False;709;50.50;10.50;True;False;False;False;1;33.40666666665129;0;33.40666666665129;33.40666666665129
44;61.50;15.50;False;False;True;False;710;51.50;10.50;True;False;False;False;2;26.488007062474935;4.409621459572492;25.003146553946863;27.972867571003007
44;61.50;15.50;False;False;True;False;711;52.50;10.50;True;False;False;False;10;24.987510110617674;2.8074313978643346;24.014729013420038;29.611486276760843
44;61.50;15.50;False;False;True;False;740;37.50;11.50;True;False;False;False;13;30.752954756197003;6.84432847118274;28.363982680290064;36.59574313837584
44;61.50;15.50;False;False;True;False;742;39.50;11.50;True;False;False;False;8;29.46313992104138;0.4356186093218874;28.699264054539526;30.870291761861154
44;61.50;15.50;False;False;True;False;743;40.50;11.50;True;False;False;False;5;41.34411222830677;40.4470319996493;33.2106525416948;48.536298693925346
44;61.50;15.50;False;False;True;False;744;41.50;11.50;True;False;False;False;8;37.798848117999796;42.13308545859088;33.4592568616099;48.419816415353125
44;61.50;15.50;False;False;True;False;745;42.50;11.50;True;False;False;False;2;35.59813390257477;0.2150056367874914;35.270257678377675;35.92601012677187
44;61.50;15.50;False;False;True;False;747;44.50;11.50;True;False;False;False;1;35.34407647172338;0;35.34407647172338;35.34407647172338
44;61.50;15.50;False;False;True;False;749;46.50;11.50;True;False;False;False;1;37.693614707572124;0;37.693614707572124;37.693614707572124
44;61.50;15.50;False;False;True;False;750;47.50;11.50;True;False;False;False;13;23.0389217459635;2.8988263631531845;21.751479083832237;28.29444444444448
44;61.50;15.50;False;False;True;False;752;49.50;11.50;True;False;False;False;18;24.83007755407749;15.010932072773832;21.828614707572342;34.798062346755614
44;61.50;15.50;False;False;True;False;753;50.50;11.50;True;False;False;False;7;33.784813377365936;84.5176608319873;25.577015783796924;48.0235177214272
44;61.50;15.50;False;False;True;False;754;51.50;11.50;True;False;False;False;18;29.333916438137646;21.789990037264506;26.506407655509975;45.15694804090526
44;61.50;15.50;False;False;True;False;755;52.50;11.50;True;False;False;False;9;20.5195711002073;4.07817925523218;19.466390094064536;25.84334052624763
44;61.50;15.50;False;False;True;False;818;27.50;13.50;True;False;False;False;2;30.513316859103725;193.6264482883311;20.67394573366255;40.3526879845449
44;61.50;15.50;False;False;True;False;820;29.50;13.50;True;False;False;False;1;35.77240980503848;0;35.77240980503848;35.77240980503848
44;61.50;15.50;False;False;True;False;828;37.50;13.50;True;False;False;False;14;29.125857822546063;11.012805378132633;26.89406927879736;36.58064934696813
44;61.50;15.50;False;False;True;False;830;39.50;13.50;True;False;False;False;15;27.93022698855542;1.317745208329202;26.881760458076315;31.0208297368722
44;61.50;15.50;False;False;True;False;831;40.50;13.50;True;False;False;False;14;34.43288264821584;13.38691318285063;29.5400937914128;42.57013775233463
44;61.50;15.50;False;False;True;False;832;41.50;13.50;True;False;False;False;2;36.75047335693853;9.508732906900583;34.570022382151365;38.93092433172569
44;61.50;15.50;False;False;True;False;835;44.50;13.50;True;False;False;False;1;36.27841593362973;0;36.27841593362973;36.27841593362973
44;61.50;15.50;False;False;True;False;838;47.50;13.50;True;False;False;False;13;21.809205270143977;22.304502604605666;18.0493546512007;37.26944444444234
44;61.50;15.50;False;False;True;False;840;49.50;13.50;True;False;False;False;10;20.96517524616987;0.349375347203586;20.475923528281783;22.475356781626033
44;61.50;15.50;False;False;True;False;841;50.50;13.50;True;False;False;False;11;27.953159461833774;8.918517455835307;25.9272368725633;33.81028856715784
44;61.50;15.50;False;False;True;False;842;51.50;13.50;True;False;False;False;15;29.32854663672309;7.719863384300693;26.63509698614871;35.100555555527535
44;61.50;15.50;False;False;True;False;843;52.50;13.50;True;False;False;False;6;17.968982995417946;0.2548276099371972;17.622412999784046;18.890571028659906
44;61.50;15.50;False;False;True;False;860;25.50;14.50;True;False;False;False;1;38.62584331928156;0;38.62584331928156;38.62584331928156
44;61.50;15.50;False;False;True;False;861;26.50;14.50;True;False;False;False;1;45.29519397227523;0;45.29519397227523;45.29519397227523
44;61.50;15.50;False;False;True;False;862;27.50;14.50;True;False;False;False;6;30.752499725831207;4.444431187162552;29.5682395419135;35.02823554374663
44;61.50;15.50;False;False;True;False;864;29.50;14.50;True;False;False;False;4;28.704934592791687;0.2620896175890748;28.259166264942905;29.36426085981293
44;61.50;15.50;False;False;True;False;865;30.50;14.50;True;False;False;False;5;28.079865595543744;0.25370312753906143;27.4428715691829;28.719722623945927
44;61.50;15.50;False;False;True;False;866;31.50;14.50;True;False;False;False;2;35.16981800319263;118.46309092170294;27.473614688515227;42.866021317870036
44;61.50;15.50;False;False;True;False;867;32.50;14.50;True;False;False;False;6;28.575302381104088;1.3203865206836038;26.557965360596427;29.68786837445441
44;61.50;15.50;False;False;True;False;869;34.50;14.50;True;False;False;False;4;26.381227350828453;2.539360698702893;25.086394876634586;28.657132428994373
44;61.50;15.50;False;False;True;False;870;35.50;14.50;True;False;False;False;4;26.873775246084165;18.715720668129237;24.210743138381076;33.294444444448345
44;61.50;15.50;False;False;True;False;871;36.50;14.50;True;False;False;False;1;23.76729443485965;0;23.76729443485965;23.76729443485965
44;61.50;15.50;False;False;True;False;872;37.50;14.50;True;False;False;False;12;25.083529871123595;7.091902974127933;22.982128430810917;31.87833094205962
44;61.50;15.50;False;False;True;False;874;39.50;14.50;True;False;False;False;10;23.827019718605527;10.625160010366628;21.58102451261584;31.35777777778094
44;61.50;15.50;False;False;True;False;875;40.50;14.50;True;False;False;False;3;30.769209964328184;244.3593463465187;21.202374899188726;48.80842232307987
44;61.50;15.50;False;False;True;False;876;41.50;14.50;True;False;False;False;1;20.08545457121909;0;20.08545457121909;20.08545457121909
44;61.50;15.50;False;False;True;False;877;42.50;14.50;True;False;False;False;6;22.774981393888538;34.95704516624266;19.740274181312998;34.82575010479559
44;61.50;15.50;False;False;True;False;879;44.50;14.50;True;False;False;False;3;19.915928323567034;1.7300425988829975;18.4090804699008;20.833972292646195
44;61.50;15.50;False;False;True;False;880;45.50;14.50;True;False;False;False;3;27.81528004151672;246.81151345654243;17.784922985725643;45.92073994364364
44;61.50;15.50;False;False;True;False;881;46.50;14.50;True;False;False;False;5;18.36462259614209;1.4462323556022447;17.3132459313897;20.023233152467583
44;61.50;15.50;False;False;True;False;882;47.50;14.50;True;False;False;False;4;16.751990541466057;0.02803219153039792;16.549159875467012;16.955555555556202
44;61.50;15.50;False;False;True;False;884;49.50;14.50;True;False;False;False;5;15.816822273707658;0.6573865962348806;14.872535298555704;16.962320011821248
44;61.50;15.50;False;False;True;False;885;50.50;14.50;True;False;False;False;2;14.880323076114792;0.001517486921315394;14.852777777774463;14.90786837445512
44;61.50;15.50;False;False;True;False;886;51.50;14.50;True;False;False;False;2;15.258567811866342;0.6116451112599101;14.705555555555549;15.811580068177136
44;61.50;15.50;False;False;True;False;887;52.50;14.50;True;False;False;False;6;16.349600629554818;41.54724435808918;13.144906208584871;29.36203463939637
44;61.50;15.50;False;False;True;False;948;25.50;16.50;True;False;False;False;1;31.05669943655448;0;31.05669943655448;31.05669943655448
44;61.50;15.50;False;False;True;False;949;26.50;16.50;True;False;False;False;1;30.60611830403286;0;30.60611830403286;30.60611830403286
44;61.50;15.50;False;False;True;False;950;27.50;16.50;True;False;False;False;3;30.4115106154574;0.10290503371271137;30.20545856940589;30.781111111100472
44;61.50;15.50;False;False;True;False;952;29.50;16.50;True;False;False;False;4;34.247426657797405;43.8651714074321;28.594815611892045;41.830172393538305
44;61.50;15.50;False;False;True;False;953;30.50;16.50;True;False;False;False;4;28.288327402234245;0.19870249540201892;27.751111111108912;28.80898268029705
44;61.50;15.50;False;False;True;False;954;31.50;16.50;True;False;False;False;5;27.687428518018258;0.15882384533961313;27.187935520916653;28.127688787997613
44;61.50;15.50;False;False;True;False;955;32.50;16.50;True;False;False;False;7;27.542141485243587;1.8909557137400057;26.529076471706503;30.57444444444627
44;61.50;15.50;False;False;True;False;957;34.50;16.50;True;False;False;False;4;28.427454103841;27.61791983769255;25.016200904334255;36.24092433173519
44;61.50;15.50;False;False;True;False;958;35.50;16.50;True;False;False;False;4;24.759887758461133;0.2792123730188826;24.278524914330774;25.469361844134255
44;61.50;15.50;False;False;True;False;959;36.50;16.50;True;False;False;False;3;27.0220399639511;12.638248269881785;23.6386162954077;30.726854249474854
44;61.50;15.50;False;False;True;False;960;37.50;16.50;True;False;False;False;6;23.344644799790863;0.22359231279410663;22.937409805043444;24.130844122715644
44;61.50;15.50;False;False;True;False;962;39.50;16.50;True;False;False;False;7;24.947637242572778;26.221124481289056;21.6747258186806;35.09045537467182
44;61.50;15.50;False;False;True;False;963;40.50;16.50;True;False;False;False;3;26.53342818965545;55.14396349654224;21.377128430809535;35.044822804822616
44;61.50;15.50;False;False;True;False;964;41.50;16.50;True;False;False;False;3;21.05071786114877;0.28161730975630955;20.445743138374382;21.437594193138466
44;61.50;15.50;False;False;True;False;965;42.50;16.50;True;False;False;False;4;25.977525416471508;135.92756852934798;19.65048402447792;43.45750359646081
44;61.50;15.50;False;False;True;False;967;44.50;16.50;True;False;False;False;4;20.55097521610145;8.573772099395068;18.731839863657115;24.911584066357136
44;61.50;15.50;False;False;True;False;968;45.50;16.50;True;False;False;False;3;32.17501117514636;297.175728232343;18.211666666666133;51.44263010986106
44;61.50;15.50;False;False;True;False;969;46.50;16.50;True;False;False;False;6;22.49184624397473;119.08596873255188;17.084719429212782;44.57597979609636
44;61.50;15.50;False;False;True;False;970;47.50;16.50;True;False;False;False;6;18.51979411663448;12.66528617713484;16.271180129009736;25.467309624142217
44;61.50;15.50;False;False;True;False;972;49.50;16.50;True;False;False;False;4;15.053034704614674;0.012526471849005499;14.948520916161215;15.178520916153502
44;61.50;15.50;False;False;True;False;973;50.50;16.50;True;False;False;False;2;15.062265521469271;0.0987233944142279;14.840090596675509;15.284440446263034
44;61.50;15.50;False;False;True;False;974;51.50;16.50;True;False;False;False;2;14.715371569188392;1.7153502573911352;13.789264054536034;15.64147908384075
44;61.50;15.50;False;False;True;False;975;52.50;16.50;True;False;False;False;5;13.993268901419833;0.5929607465846616;12.961301888672097;15.098007998087269
44;61.50;15.50;False;False;True;False;999;32.50;17.50;True;False;False;False;8;31.170611178931722;1.9263828470476072;30.010555555551036;34.379076471712324
44;61.50;15.50;False;False;True;False;1001;34.50;17.50;True;False;False;False;8;30.877020584423917;0.43401325808172275;30.30417745604791;32.285059414727584
44;61.50;15.50;False;False;True;False;1002;35.50;17.50;True;False;False;False;2;37.381849055660496;4.12962785413225;35.944903013853036;38.818795097467955
44;61.50;15.50;False;False;True;False;1009;42.50;17.50;True;False;False;False;10;26.050410454262554;5.7841318969479865;23.527037834130624;30.520283906389523
44;61.50;15.50;False;False;True;False;1011;44.50;17.50;True;False;False;False;13;24.301578217168544;1.7785778208714464;23.672409805047664;28.61982041354395
44;61.50;15.50;False;False;True;False;1012;45.50;17.50;True;False;False;False;10;30.83873033594682;5.985300424119601;29.19015399057389;36.119717018877054
44;61.50;15.50;False;False;True;False;1013;46.50;17.50;True;False;False;False;11;32.994063877458096;52.007679562384475;29.819260056353414;54.60232320655905
44;61.50;15.50;False;False;True;False;1014;47.50;17.50;True;False;False;False;4;33.12340627380172;8.122460297807688;30.746392485350952;37.17397948556027
44;61.50;15.50;False;False;True;False;1016;49.50;17.50;True;False;False;False;2;32.2322258186814;5.007195509692089E-05;32.22722222222001;32.23722941514279
44;61.50;15.50;False;False;True;False;1017;50.50;17.50;True;False;False;False;3;35.33619481696405;13.088652996458853;33.00238742285546;39.50370849898172
44;61.50;15.50;False;False;True;False;1018;51.50;17.50;True;False;False;False;1;35.375649346966384;0;35.375649346966384;35.375649346966384
44;61.50;15.50;False;False;True;False;1019;52.50;17.50;True;False;False;False;6;19.346928012269927;9.739899601114901;17.07971543102667;25.580930721205732
44;61.50;15.50;False;False;True;False;1087;32.50;19.50;True;False;False;False;2;36.921526783001354;32.11940553758207;32.91407088570304;40.92898268029967
44;61.50;15.50;False;False;True;False;1089;34.50;19.50;True;False;False;False;5;36.60844700404996;32.984302331872016;32.289284026410314;44.22313936103819
44;61.50;15.50;False;False;True;False;1090;35.50;19.50;True;False;False;False;2;39.418723106424295;24.745868629461533;35.90120490252957;42.93624131031902
44;61.50;15.50;False;False;True;False;1091;36.50;19.50;True;False;False;False;1;37.10500399819284;0;37.10500399819284;37.10500399819284
44;61.50;15.50;False;False;True;False;1097;42.50;19.50;True;False;False;False;5;26.673532906907713;3.0759994042640746;25.583236347192724;29.76231601362997
44;61.50;15.50;False;False;True;False;1099;44.50;19.50;True;False;False;False;6;26.302666750745498;1.7698938224174843;24.989450833914816;28.471354913861433
44;61.50;15.50;False;False;True;False;1100;45.50;19.50;True;False;False;False;10;29.939846399557304;1.5112833091081885;29.17009379141291;32.994819610095874
44;61.50;15.50;False;False;True;False;1101;46.50;19.50;True;False;False;False;10;35.165429602091535;37.124232707475414;30.318340526257998;48.16880229040089
44;61.50;15.50;False;False;True;False;1102;47.50;19.50;True;False;False;False;5;34.227688141410184;11.811547211391682;31.67287556737392;39.01055635900411
44;61.50;15.50;False;False;True;False;1104;49.50;19.50;True;False;False;False;3;33.16550129213738;5.940490914790454;31.648799095659342;35.976948040897696
44;61.50;15.50;False;False;True;False;1105;50.50;19.50;True;False;False;False;3;36.23453956858187;26.08663834719236;32.84139248534484;42.108618705748086
44;61.50;15.50;False;False;True;False;1107;52.50;19.50;True;False;False;False;6;19.367100897372136;0.3790544187376749;18.53851772141934;19.91917745604951
44;61.50;15.50;False;False;True;False;1138;39.50;20.50;True;False;False;False;1;33.00194804090279;0;33.00194804090279;33.00194804090279
44;61.50;15.50;False;False;True;False;1144;45.50;20.50;True;False;False;False;1;29.020649346959544;0;29.020649346959544;29.020649346959544
44;61.50;15.50;False;False;True;False;1146;47.50;20.50;True;False;False;False;2;31.168616295413813;1.8439264869429794;30.20842712474405;32.12880546608358
44;61.50;15.50;False;False;True;False;1148;49.50;20.50;True;False;False;False;3;28.199012611377537;3.960796137727582;26.720093791409454;30.461756459897515
44;61.50;15.50;False;False;True;False;1149;50.50;20.50;True;False;False;False;2;26.118194645305266;0.14059704777643187;25.85305595727914;26.383333333331393
44;61.50;15.50;False;False;True;False;1150;51.50;20.50;True;False;False;False;3;25.075062527612392;0.14754878013805015;24.70036797272587;25.467962165883364
44;61.50;15.50;False;False;True;False;1151;52.50;20.50;True;False;False;False;6;19.97527431203965;0.19006350152535764;19.308419128372407;20.411023709169967
44;61.50;15.50;False;False;True;False;1229;42.50;22.50;True;False;False;False;3;34.219199920033134;20.215418980144115;30.19139248533611;39.07000237224929
44;61.50;15.50;False;False;True;False;1231;44.50;22.50;True;False;False;False;2;27.24458872802279;0.029630133508427043;27.122871569190465;27.366305886855116
44;61.50;15.50;False;False;True;False;1232;45.50;22.50;True;False;False;False;1;33.26491340150642;0;33.26491340150642;33.26491340150642
44;61.50;15.50;False;False;True;False;1233;46.50;22.50;True;False;False;False;4;30.499418997473185;11.263546808667021;28.190923528281928;35.48584970864613
44;61.50;15.50;False;False;True;False;1234;47.50;22.50;True;False;False;False;1;27.395003194733363;0;27.395003194733363;27.395003194733363
44;61.50;15.50;False;False;True;False;1236;49.50;22.50;True;False;False;False;2;26.753747006127014;0.02095681997731131;26.651382901145553;26.856111111108476
44;61.50;15.50;False;False;True;False;1237;50.50;22.50;True;False;False;False;1;26.015360779805178;0;26.015360779805178;26.015360779805178
44;61.50;15.50;False;False;True;False;1239;52.50;22.50;True;False;False;False;2;20.9847230256712;0.13452510570324905;20.72537277436686;21.24407327697554
44;61.50;15.50;False;False;True;False;1273;42.50;23.50;True;False;False;False;1;30.255833735051056;0;30.255833735051056;30.255833735051056
44;61.50;15.50;False;False;True;False;1276;45.50;23.50;True;False;False;False;1;33.49246522161047;0;33.49246522161047;33.49246522161047
44;61.50;15.50;False;False;True;False;1277;46.50;23.50;True;False;False;False;1;34.128339722799865;0;34.128339722799865;34.128339722799865
44;61.50;15.50;False;False;True;False;1278;47.50;23.50;True;False;False;False;1;47.19494217316969;0;47.19494217316969;47.19494217316969
44;61.50;15.50;False;False;True;False;1283;52.50;23.50;True;False;False;False;4;22.309190315380967;0.12672653041181492;21.84935065303162;22.629444444445653
44;61.50;15.50;False;False;True;False;1361;42.50;25.50;True;False;False;False;2;32.48420557553436;19.743100638703584;29.342303234698193;35.62610791637053
44;61.50;15.50;False;False;True;False;1365;46.50;25.50;True;False;False;False;2;37.64704502705354;10.316743418473362;35.37584012453226;39.91824992957481
44;61.50;15.50;False;False;True;False;1366;47.50;25.50;True;False;False;False;1;49.18509379140596;0;49.18509379140596;49.18509379140596
44;61.50;15.50;False;False;True;False;1371;52.50;25.50;True;False;False;False;6;23.502971655448714;0.5088942859845221;22.73490406271594;24.628708498981723
44;61.50;15.50;False;False;True;False;1405;42.50;26.50;True;False;False;False;1;31.302962165857025;0;31.302962165857025;31.302962165857025
44;61.50;15.50;False;False;True;False;1407;44.50;26.50;True;False;False;False;1;30.047777777774172;0;30.047777777774172;30.047777777774172
44;61.50;15.50;False;False;True;False;1412;49.50;26.50;True;False;False;False;2;30.710289011827626;0.4829689310151136;30.218878322579258;31.201699701075995
44;61.50;15.50;False;False;True;False;1413;50.50;26.50;True;False;False;False;2;29.663290837539535;0.0008034676893315278;29.643247538293508;29.68333413678556
44;61.50;15.50;False;False;True;False;1415;52.50;26.50;True;False;False;False;2;24.238518917059082;0.005339302043628229;24.186850251295255;24.29018758282291
60;61.50;21.50;False;False;True;False;447;52.50;4.50;True;False;False;False;1;32.28453486246144;0;32.28453486246144;32.28453486246144
60;61.50;21.50;False;False;True;False;486;47.50;5.50;True;False;False;False;1;33.101671468295535;0;33.101671468295535;33.101671468295535
60;61.50;21.50;False;False;True;False;491;52.50;5.50;True;False;False;False;4;32.668775246076166;19.121126147791472;27.802593389683352;38.32213242897524
60;61.50;21.50;False;False;True;False;574;47.50;7.50;True;False;False;False;2;30.61714894619945;7.002939203226599;28.745927526480955;32.488370365917945
60;61.50;21.50;False;False;True;False;579;52.50;7.50;True;False;False;False;2;27.516024512621016;3.329130876972667;26.225844122719536;28.806204902522495
60;61.50;21.50;False;False;True;False;621;50.50;8.50;True;False;False;False;1;30.269982419446023;0;30.269982419446023;30.269982419446023
60;61.50;21.50;False;False;True;False;623;52.50;8.50;True;False;False;False;2;36.80736650580093;34.56583284352188;32.65009379141702;40.964639220184836
60;61.50;21.50;False;False;True;False;706;47.50;10.50;True;False;False;False;3;27.02967048398932;0.4078764487209735;26.603892887069378;27.764010648534168
60;61.50;21.50;False;False;True;False;709;50.50;10.50;True;False;False;False;1;29.761740486199415;0;29.761740486199415;29.761740486199415
60;61.50;21.50;False;False;True;False;711;52.50;10.50;True;False;False;False;3;28.411109778380098;0.016287755976897605;28.3232427366529;28.557499598271534
60;61.50;21.50;False;False;True;False;750;47.50;11.50;True;False;False;False;3;28.14836416246423;11.609337450113523;25.979254470335945;32.07555155737282
60;61.50;21.50;False;False;True;False;752;49.50;11.50;True;False;False;False;3;27.117592860404937;0.5437768425196766;26.448694916585737;27.90834052624814
60;61.50;21.50;False;False;True;False;753;50.50;11.50;True;False;False;False;6;33.68671529682017;23.970248516708683;30.531669861400587;43.536953645967515
60;61.50;21.50;False;False;True;False;754;51.50;11.50;True;False;False;False;1;31.156483062919506;0;31.156483062919506;31.156483062919506
60;61.50;21.50;False;False;True;False;755;52.50;11.50;True;False;False;False;2;23.447591792314142;0.01563814778324253;23.35916626493872;23.536017319689563
60;61.50;21.50;False;False;True;False;828;37.50;13.50;True;False;False;False;1;36.74693427985403;0;36.74693427985403;36.74693427985403
60;61.50;21.50;False;False;True;False;838;47.50;13.50;True;False;False;False;2;25.235883825491328;1.0017660028708257;24.528152943421446;25.94361470756121
60;61.50;21.50;False;False;True;False;840;49.50;13.50;True;False;False;False;2;25.22191194412062;0.47446801451610404;24.73484520612874;25.7089786821125
60;61.50;21.50;False;False;True;False;841;50.50;13.50;True;False;False;False;8;33.257650027843255;13.20815100099957;30.026294695744582;40.63889288707287
60;61.50;21.50;False;False;True;False;842;51.50;13.50;True;False;False;False;4;31.039863708025734;0.1319266397080882;30.66296216586852;31.51177323702177
60;61.50;21.50;False;False;True;False;843;52.50;13.50;True;False;False;False;9;23.961785469850938;6.048475690037371;22.143312558022444;29.467496403529367
60;61.50;21.50;False;False;True;False;872;37.50;14.50;True;False;False;False;2;31.33515292718039;0.08342040687171307;31.130922166921664;31.539383687439113
60;61.50;21.50;False;False;True;False;874;39.50;14.50;True;False;False;False;1;30.758969097914814;0;30.758969097914814;30.758969097914814
60;61.50;21.50;False;False;True;False;875;40.50;14.50;True;False;False;False;1;32.619812417156936;0;32.619812417156936;32.619812417156936
60;61.50;21.50;False;False;True;False;877;42.50;14.50;True;False;False;False;1;31.2927849706939;0;31.2927849706939;31.2927849706939
60;61.50;21.50;False;False;True;False;879;44.50;14.50;True;False;False;False;2;29.692133624634607;0.00014196548437071327;29.68370849898656;29.700558750282653
60;61.50;21.50;False;False;True;False;880;45.50;14.50;True;False;False;False;1;28.752871569191484;0;28.752871569191484;28.752871569191484
60;61.50;21.50;False;False;True;False;882;47.50;14.50;True;False;False;False;2;25.281994133160424;2.402347878938005;24.186013321526843;26.377974944794005
60;61.50;21.50;False;False;True;False;884;49.50;14.50;True;False;False;False;6;25.196218404597403;3.0851622976689232;23.872774583038336;27.677402612120204
60;61.50;21.50;False;False;True;False;885;50.50;14.50;True;False;False;False;1;25.502592586236688;0;25.502592586236688;25.502592586236688
60;61.50;21.50;False;False;True;False;886;51.50;14.50;True;False;False;False;2;28.70198095249316;22.5262320833384;25.345924331744754;32.05803757324156
60;61.50;21.50;False;False;True;False;887;52.50;14.50;True;False;False;False;7;25.66297602102759;3.2511922067725854;23.96028137423673;28.581382901142206
60;61.50;21.50;False;False;True;False;962;39.50;16.50;True;False;False;False;3;29.966304642394487;0.19295089105569363;29.459909403305574;30.24447799869995
60;61.50;21.50;False;False;True;False;963;40.50;16.50;True;False;False;False;1;32.94296536060665;0;32.94296536060665;32.94296536060665
60;61.50;21.50;False;False;True;False;965;42.50;16.50;True;False;False;False;3;32.54704129669093;5.038573622029425;31.1059299177723;35.13333333333139
60;61.50;21.50;False;False;True;False;969;46.50;16.50;True;False;False;False;2;28.55264068712313;0.0017399025702674745;28.523145750521508;28.582135623724753
60;61.50;21.50;False;False;True;False;970;47.50;16.50;True;False;False;False;5;23.422093952105705;0.1669182159111291;22.72824673483774;23.747125236081047
60;61.50;21.50;False;False;True;False;972;49.50;16.50;True;False;False;False;1;23.299383158576347;0;23.299383158576347;23.299383158576347
60;61.50;21.50;False;False;True;False;973;50.50;16.50;True;False;False;False;2;25.682967359693066;0.03308245756160207;25.55435465121991;25.811580068166222
60;61.50;21.50;False;False;True;False;974;51.50;16.50;True;False;False;False;1;25.345273396902485;0;25.345273396902485;25.345273396902485
60;61.50;21.50;False;False;True;False;975;52.50;16.50;True;False;False;False;3;26.250615685512457;4.802755174467841;24.212312015446514;28.568514526668878
60;61.50;21.50;False;False;True;False;1004;37.50;17.50;True;False;False;False;11;30.19452227155125;7.549947743426168;28.462409805044445;35.97546895706546
60;61.50;21.50;False;False;True;False;1006;39.50;17.50;True;False;False;False;11;30.71456606920736;11.346966895195743;28.558142555775703;37.05018758282495
60;61.50;21.50;False;False;True;False;1007;40.50;17.50;True;False;False;False;16;33.79148684863702;4.956379992893684;32.538614707558736;40.95797335697125
60;61.50;21.50;False;False;True;False;1008;41.50;17.50;True;False;False;False;7;34.75713760456061;4.3558101606041095;33.52596057984556;39.409260859791175
60;61.50;21.50;False;False;True;False;1009;42.50;17.50;True;False;False;False;1;37.624628029068845;0;37.624628029068845;37.624628029068845
60;61.50;21.50;False;False;True;False;1014;47.50;17.50;True;False;False;False;14;22.96029713396467;1.0565431870282325;21.992500401720463;25.7951915810263
60;61.50;21.50;False;False;True;False;1016;49.50;17.50;True;False;False;False;16;22.67474674054401;0.6878680689391784;21.758333333331393;25.19962883253538
60;61.50;21.50;False;False;True;False;1017;50.50;17.50;True;False;False;False;11;27.995177649702676;26.90397082348649;25.52074313837511;42.65358167315571
60;61.50;21.50;False;False;True;False;1018;51.50;17.50;True;False;False;False;18;32.754344413657535;213.602649428292;26.522683986364427;74.71814974869267
60;61.50;21.50;False;False;True;False;1019;52.50;17.50;True;False;False;False;10;19.84796998914901;0.6680830323555773;19.337354369525883;22.14345062274151
60;61.50;21.50;False;False;True;False;1092;37.50;19.50;True;False;False;False;6;28.80827347116853;4.0073522234237196;26.854441249708543;31.51323954192594
60;61.50;21.50;False;False;True;False;1094;39.50;19.50;True;False;False;False;10;27.492765573466656;0.1604896977691169;26.91992378914074;28.047222222221535
60;61.50;21.50;False;False;True;False;1095;40.50;19.50;True;False;False;False;6;36.1533643324924;24.254569415773233;32.65694804090435;44.80036877616658
60;61.50;21.50;False;False;True;False;1096;41.50;19.50;True;False;False;False;3;36.78280904158358;16.331060821922193;34.32657687343453;41.44694804089522
60;61.50;21.50;False;False;True;False;1102;47.50;19.50;True;False;False;False;9;20.54815117999846;0.0931464425607817;20.256204902524587;21.121392485347315
60;61.50;21.50;False;False;True;False;1104;49.50;19.50;True;False;False;False;12;20.424349564496218;0.17066049835260044;20.0698196100966;21.38000399820521
60;61.50;21.50;False;False;True;False;1105;50.50;19.50;True;False;False;False;20;27.402522393469;3.555200155548149;25.659719429204415;31.29045457122629
60;61.50;21.50;False;False;True;False;1106;51.50;19.50;True;False;False;False;14;28.585630088021375;6.820792990203408;26.51435384776414;34.34027817949391
60;61.50;21.50;False;False;True;False;1107;52.50;19.50;True;False;False;False;3;18.25529220606859;0.2499615504546611;17.907138015011697;18.828183851095673
60;61.50;21.50;False;False;True;False;1124;25.50;20.50;True;False;False;False;1;32.01972981686049;0;32.01972981686049;32.01972981686049
60;61.50;21.50;False;False;True;False;1125;26.50;20.50;True;False;False;False;3;30.400362380354636;0.04830200449610079;30.265187582819635;30.65395471206648
60;61.50;21.50;False;False;True;False;1126;27.50;20.50;True;False;False;False;4;32.337872861937285;25.865870720261352;29.74178734866291;39.966280169097445
60;61.50;21.50;False;False;True;False;1128;29.50;20.50;True;False;False;False;2;31.52120130606818;16.950186088878176;28.6100000000024;34.432402612133956
60;61.50;21.50;False;False;True;False;1129;30.50;20.50;True;False;False;False;3;27.782161033710963;0.049730332277835465;27.59870212862006;28.030375165650184
60;61.50;21.50;False;False;True;False;1130;31.50;20.50;True;False;False;False;2;27.29768398635906;0.05347818004717818;27.13416307019361;27.461204902524514
60;61.50;21.50;False;False;True;False;1131;32.50;20.50;True;False;False;False;1;27.32723021860147;0;27.32723021860147;27.32723021860147
60;61.50;21.50;False;False;True;False;1133;34.50;20.50;True;False;False;False;5;25.44788645043359;0.07642967699370803;25.10498943366838;25.72823234900079
60;61.50;21.50;False;False;True;False;1134;35.50;20.50;True;False;False;False;3;24.61410533787178;0.15120871503032365;24.333888888886577;25.05805195908033
60;61.50;21.50;False;False;True;False;1135;36.50;20.50;True;False;False;False;4;24.49863276073404;1.888194935546025;23.56028137424073;26.481471890918783
60;61.50;21.50;False;False;True;False;1136;37.50;20.50;True;False;False;False;6;25.83223985321183;15.472475079815865;23.061760458076606;31.54379909565432
60;61.50;21.50;False;False;True;False;1138;39.50;20.50;True;False;False;False;8;22.170706268800473;0.14936010916488573;21.69111111111306;22.74870530424232
60;61.50;21.50;False;False;True;False;1139;40.50;20.50;True;False;False;False;4;22.37294471052843;5.611532208719158;21.08889608181039;25.92129869393648
60;61.50;21.50;False;False;True;False;1140;41.50;20.50;True;False;False;False;1;20.038641068904326;0;20.038641068904326;20.038641068904326
60;61.50;21.50;False;False;True;False;1141;42.50;20.50;True;False;False;False;4;19.908889687569967;0.08291823435399066;19.595743138375838;20.245371167465237
60;61.50;21.50;False;False;True;False;1143;44.50;20.50;True;False;False;False;4;18.30902290995664;0.04375435673443528;18.0741702631276;18.55311508813429
60;61.50;21.50;False;False;True;False;1145;46.50;20.50;True;False;False;False;5;22.982182463645948;140.02634005750204;17.079357845953382;44.139039684705494
60;61.50;21.50;False;False;True;False;1146;47.50;20.50;True;False;False;False;5;17.0735583835924;0.1695109503266174;16.421285111538964;17.4532632663213
60;61.50;21.50;False;False;True;False;1148;49.50;20.50;True;False;False;False;6;15.547969481538377;0.27100882133697346;14.878881695971359;16.189176652597325
60;61.50;21.50;False;False;True;False;1149;50.50;20.50;True;False;False;False;5;14.499387530648345;0.021528447026020286;14.30740980504197;14.686568877067657
60;61.50;21.50;False;False;True;False;1150;51.50;20.50;True;False;False;False;1;41.33324034536054;0;41.33324034536054;41.33324034536054
60;61.50;21.50;False;False;True;False;1151;52.50;20.50;True;False;False;False;8;13.30614717961339;0.16112194178332076;12.815367972725653;14.113978682118614
60;61.50;21.50;False;False;True;False;1212;25.50;22.50;True;False;False;False;2;34.44018070230413;22.3372292401579;31.098232973796257;37.78212843081201
60;61.50;21.50;False;False;True;False;1214;27.50;22.50;True;False;False;False;2;32.44814934696569;10.614976844372546;30.144350653028596;34.75194804090279
60;61.50;21.50;False;False;True;False;1216;29.50;22.50;True;False;False;False;1;30.798785513262374;0;30.798785513262374;30.798785513262374
60;61.50;21.50;False;False;True;False;1217;30.50;22.50;True;False;False;False;2;29.605072585775588;6.899480265908732;27.74772497884942;31.462420192701757
60;61.50;21.50;False;False;True;False;1218;31.50;22.50;True;False;False;False;2;29.055045298338882;3.522320504714435;27.72795816768121;30.382132428996556
60;61.50;21.50;False;False;True;False;1219;32.50;22.50;True;False;False;False;2;29.378410598059872;8.191359407177632;27.354632027269872;31.402189168849873
60;61.50;21.50;False;False;True;False;1221;34.50;22.50;True;False;False;False;2;28.059076202262986;17.66820667309146;25.08685424948999;31.031298155035984
60;61.50;21.50;False;False;True;False;1222;35.50;22.50;True;False;False;False;1;24.86555316426893;0;24.86555316426893;24.86555316426893
60;61.50;21.50;False;False;True;False;1224;37.50;22.50;True;False;False;False;3;25.304630694541476;12.056136801123746;23.198148945242338;29.312222222215496
60;61.50;21.50;False;False;True;False;1226;39.50;22.50;True;False;False;False;6;22.074356647132618;0.20454935363922355;21.45685424948897;22.782968555340176
60;61.50;21.50;False;False;True;False;1227;40.50;22.50;True;False;False;False;4;21.851088662803704;2.4186707993603282;20.767041832318682;24.120187582828294
60;61.50;21.50;False;False;True;False;1228;41.50;22.50;True;False;False;False;2;20.639219157924572;0.005330273979441435;20.5875941931331;20.690844122716044
60;61.50;21.50;False;False;True;False;1229;42.50;22.50;True;False;False;False;6;20.0335647478623;0.12142069462896089;19.60296536060332;20.377320011820757
60;61.50;21.50;False;False;True;False;1231;44.50;22.50;True;False;False;False;6;18.631975172606662;0.06075698600451428;18.325184388090406;18.919444444444707
60;61.50;21.50;False;False;True;False;1232;45.50;22.50;True;False;False;False;2;17.717267922286055;0.04975881667991586;17.55953584457211;17.875
60;61.50;21.50;False;False;True;False;1233;46.50;22.50;True;False;False;False;3;19.101422416426885;3.2118677813086594;17.03750679120276;20.26398268030016
60;61.50;21.50;False;False;True;False;1234;47.50;22.50;True;False;False;False;3;16.62858344376764;0.2560699550847312;16.3316738595895;17.212874763928994
60;61.50;21.50;False;False;True;False;1236;49.50;22.50;True;False;False;False;6;16.568966382034308;4.5786400545438095;15.082590194946533;20.865274181314817
60;61.50;21.50;False;False;True;False;1237;50.50;22.50;True;False;False;False;9;18.58348761391912;79.75827250915923;14.092506791196229;41.94972262394367
60;61.50;21.50;False;False;True;False;1238;51.50;22.50;True;False;False;False;3;13.988984006684632;0.4074829604015091;13.585011172068334;14.7249062085873
60;61.50;21.50;False;False;True;False;1239;52.50;22.50;True;False;False;False;6;13.19386899416131;0.06767189040975;13.04388888889207;13.720093791409454
60;61.50;21.50;False;False;True;False;1263;32.50;23.50;True;False;False;False;8;30.65453143991647;0.1943590463090849;30.22222222221899;31.673237150629575
60;61.50;21.50;False;False;True;False;1265;34.50;23.50;True;False;False;False;2;30.619163471931188;0.42628476339300936;30.157490014066752;31.080836929795623
60;61.50;21.50;False;False;True;False;1273;42.50;23.50;True;False;False;False;11;25.20523007785464;10.839038066657869;23.52658245943894;34.722770584854516
60;61.50;21.50;False;False;True;False;1275;44.50;23.50;True;False;False;False;12;24.138582512760756;0.12222533703333903;23.6553823585773;24.671392485346587
60;61.50;21.50;False;False;True;False;1276;45.50;23.50;True;False;False;False;12;30.954650193885023;3.443382937249399;28.884354651210742;34.43690702920139
60;61.50;21.50;False;False;True;False;1277;46.50;23.50;True;False;False;False;6;32.77943854333686;30.530204128851775;30.054722623957787;44.00925686162009
60;61.50;21.50;False;False;True;False;1278;47.50;23.50;True;False;False;False;16;32.592648215568154;22.122001493612874;30.71176045807624;49.152989349682684
60;61.50;21.50;False;False;True;False;1280;49.50;23.50;True;False;False;False;8;37.606143251210455;30.687422620764828;32.61417345787049;47.05954303749968
60;61.50;21.50;False;False;True;False;1281;50.50;23.50;True;False;False;False;14;36.61472653355435;34.41395928744565;32.739642593580356;53.739451637364255
60;61.50;21.50;False;False;True;False;1282;51.50;23.50;True;False;False;False;6;34.56064397514244;3.7308414073239677;33.366891820965975;38.38814655395254
60;61.50;21.50;False;False;True;False;1283;52.50;23.50;True;False;False;False;4;18.686976552630313;1.2641374297822972;17.809538235851505;20.334903013863368
60;61.50;21.50;False;False;True;False;1351;32.50;25.50;True;False;False;False;1;32.131298155041804;0;32.131298155041804;32.131298155041804
60;61.50;21.50;False;False;True;False;1353;34.50;25.50;True;False;False;False;1;39.46000319473751;0;39.46000319473751;39.46000319473751
60;61.50;21.50;False;False;True;False;1356;37.50;25.50;True;False;False;False;1;38.339076471722365;0;38.339076471722365;38.339076471722365
60;61.50;21.50;False;False;True;False;1358;39.50;25.50;True;False;False;False;1;22.343390178106347;0;22.343390178106347;22.343390178106347
60;61.50;21.50;False;False;True;False;1361;42.50;25.50;True;False;False;False;7;25.842741509484622;0.17886651725722888;25.239538235859072;26.435916335361526
60;61.50;21.50;False;False;True;False;1363;44.50;25.50;True;False;False;False;5;26.569644396084186;2.8532734652008904;25.189993610540114;29.49110952328556
60;61.50;21.50;False;False;True;False;1364;45.50;25.50;True;False;False;False;6;29.85597415435999;0.21669223563329587;29.239444444442597;30.290367972729882
60;61.50;21.50;False;False;True;False;1365;46.50;25.50;True;False;False;False;8;30.795628998192853;0.802893033003106;30.068605123367888;32.53596270671278
60;61.50;21.50;False;False;True;False;1366;47.50;25.50;True;False;False;False;7;32.214709634212355;0.41252719233705204;31.29777777777781;32.91537197090656
60;61.50;21.50;False;False;True;False;1368;49.50;25.50;True;False;False;False;5;31.924019718603496;0.08992440181528483;31.663059152016103;32.28222541695641
60;61.50;21.50;False;False;True;False;1369;50.50;25.50;True;False;False;False;7;35.235797307363164;15.107839784257338;32.832041832312825;43.059993610519996
60;61.50;21.50;False;False;True;False;1370;51.50;25.50;True;False;False;False;3;34.22011279922784;0.13475378659802723;33.90861231629242;34.624819610093255
60;61.50;21.50;False;False;True;False;1371;52.50;25.50;True;False;False;False;2;19.56125539468985;0.02207121180878724;19.456204902523496;19.666305886856208
60;61.50;21.50;False;False;True;False;1395;32.50;26.50;True;False;False;False;1;33.636292304465314;0;33.636292304465314;33.636292304465314
60;61.50;21.50;False;False;True;False;1397;34.50;26.50;True;False;False;False;1;46.01296536059817;0;46.01296536059817;46.01296536059817
60;61.50;21.50;False;False;True;False;1398;35.50;26.50;True;False;False;False;1;35.59722222221899;0;35.59722222221899;35.59722222221899
60;61.50;21.50;False;False;True;False;1399;36.50;26.50;True;False;False;False;1;35.317965360598464;0;35.317965360598464;35.317965360598464
60;61.50;21.50;False;False;True;False;1400;37.50;26.50;True;False;False;False;3;34.62975468484486;0.008480945776651615;34.53823954192194;34.72241299978123
60;61.50;21.50;False;False;True;False;1402;39.50;26.50;True;False;False;False;2;34.23902597954293;2.8465202455190837;33.046021317875784;35.432030641210076
60;61.50;21.50;False;False;True;False;1403;40.50;26.50;True;False;False;False;2;33.233284840259785;0.005445697255479139;33.181103918193;33.28546576232657
60;61.50;21.50;False;False;True;False;1404;41.50;26.50;True;False;False;False;2;31.92337863166904;0.27910343323849696;31.549812417164503;32.296944846173574
60;61.50;21.50;False;False;True;False;1405;42.50;26.50;True;False;False;False;1;25.769075668264577;0;25.769075668264577;25.769075668264577
60;61.50;21.50;False;False;True;False;1407;44.50;26.50;True;False;False;False;2;26.555747538267497;0.6648790025269185;25.979171869978018;27.132323206556975
60;61.50;21.50;False;False;True;False;1408;45.50;26.50;True;False;False;False;1;30.101854249493954;0;30.101854249493954;30.101854249493954
60;61.50;21.50;False;False;True;False;1409;46.50;26.50;True;False;False;False;2;28.243048362635818;0.03360333062485006;28.113427124744703;28.372669600526933
60;61.50;21.50;False;False;True;False;1410;47.50;26.50;True;False;False;False;9;28.105844257020358;1.5918304917356199;27.32991420496319;31.40055555555773
60;61.50;21.50;False;False;True;False;1412;49.50;26.50;True;False;False;False;4;28.859606580316267;6.05814578091724;26.74222302567432;31.757510789379012
60;61.50;21.50;False;False;True;False;1413;50.50;26.50;True;False;False;False;5;25.863831493024918;0.05045724845396528;25.610185975918284;26.185930721208933
60;61.50;21.50;False;False;True;False;1414;51.50;26.50;True;False;False;False;3;26.572562393701293;4.394866947558652;25.25805195909652;28.99019077756384
60;61.50;21.50;False;False;True;False;1415;52.50;26.50;True;False;False;False;6;19.497399280383505;0.013401483737121264;19.349973307267646;19.60629869393688
76;0.50;6.50;False;True;False;False;274;11.50;1.50;True;False;False;False;1;25.661204902524332;0;25.661204902524332;25.661204902524332
76;0.50;6.50;False;True;False;False;275;12.50;1.50;True;False;False;False;1;26.346284308090162;0;26.346284308090162;26.346284308090162
76;0.50;6.50;False;True;False;False;277;14.50;1.50;True;False;False;False;4;27.949376898660148;0.053890172746085326;27.6624138032239;28.230930721209916
76;0.50;6.50;False;True;False;False;278;15.50;1.50;True;False;False;False;2;29.18453463938704;0.30666426638495115;28.792958167682627;29.57611111109145
76;0.50;6.50;False;True;False;False;279;16.50;1.50;True;False;False;False;1;29.818423930009885;0;29.818423930009885;29.818423930009885
76;0.50;6.50;False;True;False;False;280;17.50;1.50;True;False;False;False;1;26.52834452445495;0;26.52834452445495;26.52834452445495
76;0.50;6.50;False;True;False;False;282;19.50;1.50;True;False;False;False;1;25.873802290387175;0;25.873802290387175;25.873802290387175
76;0.50;6.50;False;True;False;False;324;17.50;2.50;True;False;False;False;1;25.996959751582835;0;25.996959751582835;25.996959751582835
76;0.50;6.50;False;True;False;False;412;17.50;4.50;True;False;False;False;2;23.7865578078397;0.003123024643039875;23.74704183231688;23.826073783362517
76;0.50;6.50;False;True;False;False;414;19.50;4.50;True;False;False;False;3;23.87932205467784;0.03884321755134284;23.68861470756383;24.082222222221844
76;0.50;6.50;False;True;False;False;449;10.50;5.50;True;False;False;False;1;14.648885694153364;0;14.648885694153364;14.648885694153364
76;0.50;6.50;False;True;False;False;450;11.50;5.50;True;False;False;False;3;14.907506791196283;0.18605958964396896;14.467985332463286;15.330184388094494
76;0.50;6.50;False;True;False;False;451;12.50;5.50;True;False;False;False;2;15.657038235860455;0.10768348580313936;15.424999999999272;15.889076471721637
76;0.50;6.50;False;True;False;False;453;14.50;5.50;True;False;False;False;2;16.622551531661884;0.06344426903876883;16.444444444437977;16.80065861888579
76;0.50;6.50;False;True;False;False;454;15.50;5.50;True;False;False;False;6;17.480937830676037;0.14043917523832355;17.09858115357747;18.142594193137484
76;0.50;6.50;False;True;False;False;455;16.50;5.50;True;False;False;False;2;17.816584189100695;0.0022112388185277906;17.783333333333303;17.849835044868087
76;0.50;6.50;False;True;False;False;456;17.50;5.50;True;False;False;False;2;18.672779776864445;0.17024599678601815;18.381021317873092;18.964538235855798
76;0.50;6.50;False;True;False;False;458;19.50;5.50;True;False;False;False;2;21.340833333330693;1.6086821876815431;20.44398268030045;22.237683986360935
76;0.50;6.50;False;True;False;False;459;20.50;5.50;True;False;False;False;3;21.061824318415045;0.31845050482380355;20.455375165649457;21.571483082025225
76;0.50;6.50;False;True;False;False;460;21.50;5.50;True;False;False;False;5;27.01649095336652;146.31305541777147;21.04167276284352;48.642969045974496
76;0.50;6.50;False;True;False;False;461;22.50;5.50;True;False;False;False;2;22.54074113929164;0.10208468784572385;22.31481561190958;22.7666666666737
76;0.50;6.50;False;True;False;False;463;24.50;5.50;True;False;False;False;1;22.851020514433912;0;22.851020514433912;22.851020514433912
76;0.50;6.50;False;True;False;False;536;9.50;7.50;True;False;False;False;2;13.425333865502353;0.034993199651831244;13.293059152023488;13.557608578981217
76;0.50;6.50;False;True;False;False;537;10.50;7.50;True;False;False;False;1;13.76419983818596;0;13.76419983818596;13.76419983818596
76;0.50;6.50;False;True;False;False;538;11.50;7.50;True;False;False;False;4;14.572173393512742;0.18363465990938618;14.213325601321912;15.194538235849905
76;0.50;6.50;False;True;False;False;541;14.50;7.50;True;False;False;False;2;17.744233118106422;4.679932865578629;16.21453823585398;19.273928000358865
76;0.50;6.50;False;True;False;False;542;15.50;7.50;True;False;False;False;2;17.53245310429884;0.7355287216577978;16.92601731971081;18.138888888886868
76;0.50;6.50;False;True;False;False;544;17.50;7.50;True;False;False;False;3;18.55600906821337;0.021840874182585627;18.42824673484074;18.717861984965566
76;0.50;6.50;False;True;False;False;546;19.50;7.50;True;False;False;False;2;20.395411673685885;0.8126918960439405;19.757958971109474;21.032864376262296
76;0.50;6.50;False;True;False;False;547;20.50;7.50;True;False;False;False;1;20.970018384039577;0;20.970018384039577;20.970018384039577
76;0.50;6.50;False;True;False;False;548;21.50;7.50;True;False;False;False;3;21.534818812993155;0.2658272309224158;20.950083403757162;21.924091660981503
76;0.50;6.50;False;True;False;False;549;22.50;7.50;True;False;False;False;1;21.765284568971765;0;21.765284568971765;21.765284568971765
76;0.50;6.50;False;True;False;False;551;24.50;7.50;True;False;False;False;3;23.80422745981832;0.036915580958981425;23.64536797272376;24.0177777777717
76;0.50;6.50;False;True;False;False;552;25.50;7.50;True;False;False;False;4;23.878915134513136;0.04699948685929893;23.67769676527314;24.15963202727289
76;0.50;6.50;False;True;False;False;553;26.50;7.50;True;False;False;False;1;24.739816415345558;0;24.739816415345558;24.739816415345558
76;0.50;6.50;False;True;False;False;580;9.50;8.50;True;False;False;False;1;17.926014124963103;0;17.926014124963103;17.926014124963103
76;0.50;6.50;False;True;False;False;585;14.50;8.50;True;False;False;False;3;20.914629100357086;0.1369068787162326;20.626298693937088;21.33184386182802
76;0.50;6.50;False;True;False;False;668;9.50;10.50;True;False;False;False;1;19.523521719606833;0;19.523521719606833;19.523521719606833
76;0.50;6.50;False;True;False;False;669;10.50;10.50;True;False;False;False;1;26.504076471715052;0;26.504076471715052;26.504076471715052
76;0.50;6.50;False;True;False;False;713;10.50;11.50;True;False;False;False;1;25.27235383057996;0;25.27235383057996;25.27235383057996
76;0.50;6.50;False;True;False;False;800;9.50;13.50;True;False;False;False;1;24.77549455299959;0;24.77549455299959;24.77549455299959
76;0.50;6.50;False;True;False;False;803;12.50;13.50;True;False;False;False;3;24.338932944348624;0.45445310390818455;23.74805195909812;25.07323315244139
76;0.50;6.50;False;True;False;False;805;14.50;13.50;True;False;False;False;1;24.553334136777266;0;24.553334136777266;24.553334136777266
76;0.50;6.50;False;True;False;False;806;15.50;13.50;True;False;False;False;1;28.78851772141934;0;28.78851772141934;28.78851772141934
76;0.50;6.50;False;True;False;False;847;12.50;14.50;True;False;False;False;1;24.584880319282092;0;24.584880319282092;24.584880319282092
92;0.50;12.50;False;True;False;False;450;11.50;5.50;True;False;False;False;1;25.657312818884748;0;25.657312818884748;25.657312818884748
92;0.50;12.50;False;True;False;False;453;14.50;5.50;True;False;False;False;2;27.9774078059545;0.1862764810357497;27.672222222222445;28.282593389686554
92;0.50;12.50;False;True;False;False;541;14.50;7.50;True;False;False;False;1;28.419576052823686;0;28.419576052823686;28.419576052823686
92;0.50;12.50;False;True;False;False;588;17.50;8.50;True;False;False;False;1;25.53926005635003;0;25.53926005635003;25.53926005635003
92;0.50;12.50;False;True;False;False;590;19.50;8.50;True;False;False;False;1;26.239813220629003;0;26.239813220629003;26.239813220629003
92;0.50;12.50;False;True;False;False;668;9.50;10.50;True;False;False;False;2;17.970742736653733;0.014894790477908376;17.884444444440305;18.05704102886716
92;0.50;12.50;False;True;False;False;675;16.50;10.50;True;False;False;False;2;38.72592552737933;177.0579551556057;29.316941651433808;48.134909403324855
92;0.50;12.50;False;True;False;False;676;17.50;10.50;True;False;False;False;2;24.404126963882845;0.1644052091059941;24.117416997971304;24.690836929794386
92;0.50;12.50;False;True;False;False;719;16.50;11.50;True;False;False;False;2;17.838009472807244;0.0038600726365636594;17.794077294187446;17.88194165142704
92;0.50;12.50;False;True;False;False;723;20.50;11.50;True;False;False;False;5;20.610173618554473;0.15232778254488027;20.40334052626713;21.306576069990115
92;0.50;12.50;False;True;False;False;724;21.50;11.50;True;False;False;False;7;21.602896196842657;0.08344508369832715;21.058982680303416;21.878798292214924
92;0.50;12.50;False;True;False;False;725;22.50;11.50;True;False;False;False;4;21.708497468299356;0.015110590875690572;21.568711693718797;21.817777777767333
92;0.50;12.50;False;True;False;False;727;24.50;11.50;True;False;False;False;5;23.586166529557705;0.19829957853978808;23.022966164040554;24.14453823585427
92;0.50;12.50;False;True;False;False;728;25.50;11.50;True;False;False;False;4;24.000352049891262;0.18713655456809303;23.499818806645635;24.365274181334826
92;0.50;12.50;False;True;False;False;729;26.50;11.50;True;False;False;False;4;24.525764190177256;0.18645089287002764;24.225000000001273;25.1666738595859
92;0.50;12.50;False;True;False;False;730;27.50;11.50;True;False;False;False;2;25.156060618944593;0.029446208016529682;25.034721820498817;25.27739941739037
92;0.50;12.50;False;True;False;False;800;9.50;13.50;True;False;False;False;1;13.768891280173648;0;13.768891280173648;13.768891280173648
92;0.50;12.50;False;True;False;False;801;10.50;13.50;True;False;False;False;1;14.082309624165646;0;14.082309624165646;14.082309624165646
92;0.50;12.50;False;True;False;False;802;11.50;13.50;True;False;False;False;1;14.564350653031568;0;14.564350653031568;14.564350653031568
92;0.50;12.50;False;True;False;False;803;12.50;13.50;True;False;False;False;1;14.862129234260692;0;14.862129234260692;14.862129234260692
92;0.50;12.50;False;True;False;False;805;14.50;13.50;True;False;False;False;2;16.76670836853998;0.1942162551481224;16.455086598482012;17.07833013859795
92;0.50;12.50;False;True;False;False;806;15.50;13.50;True;False;False;False;3;17.31950936969285;0.10509265322756497;16.948145750498952;17.54592752647477
92;0.50;12.50;False;True;False;False;808;17.50;13.50;True;False;False;False;1;19.01991020677451;0;19.01991020677451;19.01991020677451
92;0.50;12.50;False;True;False;False;810;19.50;13.50;True;False;False;False;1;19.945743138390753;0;19.945743138390753;19.945743138390753
92;0.50;12.50;False;True;False;False;811;20.50;13.50;True;False;False;False;4;20.670117038403077;0.15203502200224378;20.26907566826776;21.06611510930088
92;0.50;12.50;False;True;False;False;812;21.50;13.50;True;False;False;False;4;21.198035106334828;0.007907922524121263;21.111111914538924;21.30370530424989
92;0.50;12.50;False;True;False;False;813;22.50;13.50;True;False;False;False;5;18.02117827665588;67.76093321515798;3.3032025952816184;22.102878762110777
92;0.50;12.50;False;True;False;False;815;24.50;13.50;True;False;False;False;3;24.65080566598772;4.732405337800463;23.115187582825456;27.140187582819635
92;0.50;12.50;False;True;False;False;816;25.50;13.50;True;False;False;False;2;24.07064934696791;0.39227045359393475;23.627777777777737;24.513520916158086
92;0.50;12.50;False;True;False;False;817;26.50;13.50;True;False;False;False;1;24.36824354010514;0;24.36824354010514;24.36824354010514
92;0.50;12.50;False;True;False;False;818;27.50;13.50;True;False;False;False;2;25.150238074993922;0.015427610002591689;25.062409805050265;25.23806634493758
92;0.50;12.50;False;True;False;False;844;9.50;14.50;True;False;False;False;1;17.883423126559705;0;17.883423126559705;17.883423126559705
92;0.50;12.50;False;True;False;False;845;10.50;14.50;True;False;False;False;1;26.825184388089838;0;26.825184388089838;26.825184388089838
92;0.50;12.50;False;True;False;False;846;11.50;14.50;True;False;False;False;2;34.19898108292364;125.33551944203425;26.282683986362827;42.11527817948445
92;0.50;12.50;False;True;False;False;847;12.50;14.50;True;False;False;False;1;20.29031575097906;0;20.29031575097906;20.29031575097906
92;0.50;12.50;False;True;False;False;849;14.50;14.50;True;False;False;False;2;20.556621789093697;0.04716686843126165;20.403052800636942;20.71019077755045
92;0.50;12.50;False;True;False;False;933;10.50;16.50;True;False;False;False;1;26.81101812315319;0;26.81101812315319;26.81101812315319
92;0.50;12.50;False;True;False;False;935;12.50;16.50;True;False;False;False;1;22.53268798454519;0;22.53268798454519;22.53268798454519
92;0.50;12.50;False;True;False;False;937;14.50;16.50;True;False;False;False;2;22.109255665974842;0.18436135350048785;21.805642957495365;22.41286837445432
92;0.50;12.50;False;True;False;False;981;14.50;17.50;True;False;False;False;1;22.62617773774764;0;22.62617773774764;22.62617773774764
92;0.50;12.50;False;True;False;False;1066;11.50;19.50;True;False;False;False;1;25.96491020677422;0;25.96491020677422;25.96491020677422
92;0.50;12.50;False;True;False;False;1111;12.50;20.50;True;False;False;False;1;24.992665602367197;0;24.992665602367197;24.992665602367197
108;0.50;18.50;False;True;False;False;536;9.50;7.50;True;False;False;False;1;23.457112438112745;0;23.457112438112745;23.457112438112745
108;0.50;18.50;False;True;False;False;712;9.50;11.50;True;False;False;False;1;21.108791099282826;0;21.108791099282826;21.108791099282826
108;0.50;18.50;False;True;False;False;714;11.50;11.50;True;False;False;False;2;43.52060604772669;605.574737296073;26.119819610095874;60.9213924853575
108;0.50;18.50;False;True;False;False;802;11.50;13.50;True;False;False;False;1;26.963240345367012;0;26.963240345367012;26.963240345367012
108;0.50;18.50;False;True;False;False;852;17.50;14.50;True;False;False;False;1;25.006479083837803;0;25.006479083837803;25.006479083837803
108;0.50;18.50;False;True;False;False;854;19.50;14.50;True;False;False;False;2;25.366877969046982;2.6505088672693383E-08;25.36676284935129;25.366993088742674
108;0.50;18.50;False;True;False;False;932;9.50;16.50;True;False;False;False;1;17.96176045807806;0;17.96176045807806;17.96176045807806
108;0.50;18.50;False;True;False;False;940;17.50;16.50;True;False;False;False;2;23.952433515138182;0.1182166530720618;23.7093114747222;24.195555555554165
108;0.50;18.50;False;True;False;False;976;9.50;17.50;True;False;False;False;2;13.512314416262399;0.6663746758152678;12.935090596667578;14.08953823585722
108;0.50;18.50;False;True;False;False;977;10.50;17.50;True;False;False;False;1;14.202225416959664;0;14.202225416959664;14.202225416959664
108;0.50;18.50;False;True;False;False;981;14.50;17.50;True;False;False;False;2;16.328822815236435;0.02841288787282221;16.209632027268526;16.448013603204345
108;0.50;18.50;False;True;False;False;982;15.50;17.50;True;False;False;False;3;17.64676631192818;0.30666276835668116;17.081308259108482;18.18805995547018
108;0.50;18.50;False;True;False;False;983;16.50;17.50;True;False;False;False;5;17.708783344730637;0.014463009261721393;17.594813220625383;17.898418324890372
108;0.50;18.50;False;True;False;False;984;17.50;17.50;True;False;False;False;5;18.51309267420529;0.08392846634341256;18.241298693927092;18.930274984762946
108;0.50;18.50;False;True;False;False;986;19.50;17.50;True;False;False;False;3;20.361824050595107;0.089361447711334;20.02110791636369;20.58009698614569
108;0.50;18.50;False;True;False;False;987;20.50;17.50;True;False;False;False;2;20.469353847769526;0.1858260941443775;20.164537432410725;20.774170263128326
108;0.50;18.50;False;True;False;False;988;21.50;17.50;True;False;False;False;7;21.587168285513147;0.16755529951898335;20.771385292435298;22.03898187683444
108;0.50;18.50;False;True;False;False;989;22.50;17.50;True;False;False;False;1;22.139073276994168;0;22.139073276994168;22.139073276994168
108;0.50;18.50;False;True;False;False;991;24.50;17.50;True;False;False;False;2;23.203776189056953;0.08943081157897392;22.99231601363499;23.415236364478915
108;0.50;18.50;False;True;False;False;992;25.50;17.50;True;False;False;False;1;23.402694374022758;0;23.402694374022758;23.402694374022758
108;0.50;18.50;False;True;False;False;993;26.50;17.50;True;False;False;False;1;25.118798292196516;0;25.118798292196516;25.118798292196516
108;0.50;18.50;False;True;False;False;1064;9.50;19.50;True;False;False;False;1;13.238241129754897;0;13.238241129754897;13.238241129754897
108;0.50;18.50;False;True;False;False;1066;11.50;19.50;True;False;False;False;3;14.873736300238383;0.036635862870827735;14.683705304249543;15.066486276762362
108;0.50;18.50;False;True;False;False;1067;12.50;19.50;True;False;False;False;3;15.440336797048607;0.0680042400212074;15.147680252540113;15.648051959095937
108;0.50;18.50;False;True;False;False;1069;14.50;19.50;True;False;False;False;1;16.38249240535606;0;16.38249240535606;16.38249240535606
108;0.50;18.50;False;True;False;False;1070;15.50;19.50;True;False;False;False;2;23.55513549328134;81.9590185447932;17.153611512821954;29.95665947374073
108;0.50;18.50;False;True;False;False;1071;16.50;19.50;True;False;False;False;1;17.37101412494667;0;17.37101412494667;17.37101412494667
108;0.50;18.50;False;True;False;False;1072;17.50;19.50;True;False;False;False;1;18.42352091615612;0;18.42352091615612;18.42352091615612
108;0.50;18.50;False;True;False;False;1075;20.50;19.50;True;False;False;False;1;20.419264054537052;0;20.419264054537052;20.419264054537052
108;0.50;18.50;False;True;False;False;1076;21.50;19.50;True;False;False;False;2;21.07944244535247;0.17723389187508762;20.781756459895405;21.377128430809535
108;0.50;18.50;False;True;False;False;1077;22.50;19.50;True;False;False;False;7;21.88328978701104;0.21258269400873683;21.45397948556274;22.67447642994921
108;0.50;18.50;False;True;False;False;1081;26.50;19.50;True;False;False;False;2;24.57539249591173;0.04596354242569296;24.423795097474795;24.726989894348662
108;0.50;18.50;False;True;False;False;1108;9.50;20.50;True;False;False;False;1;18.633982680299596;0;18.633982680299596;18.633982680299596
108;0.50;18.50;False;True;False;False;1109;10.50;20.50;True;False;False;False;3;27.20438564720128;0.22542261672864525;26.925468957067096;27.752594193127152
108;0.50;18.50;False;True;False;False;1111;12.50;20.50;True;False;False;False;2;20.45782667257663;0.07688392093616839;20.261760458077333;20.653892887075926
108;0.50;18.50;False;True;False;False;1113;14.50;20.50;True;False;False;False;5;20.43492608790384;0.07371079494185505;20.08695523382994;20.79777777777781
108;0.50;18.50;False;True;False;False;1196;9.50;22.50;True;False;False;False;2;19.649124964793828;9.779111349175609E-05;19.64213242900587;19.656117500581786
108;0.50;18.50;False;True;False;False;1197;10.50;22.50;True;False;False;False;1;26.892409001598935;0;26.892409001598935;26.892409001598935
108;0.50;18.50;False;True;False;False;1198;11.50;22.50;True;False;False;False;3;26.436110581825385;0.09615171564314068;26.079175064761785;26.639062889302295
108;0.50;18.50;False;True;False;False;1199;12.50;22.50;True;False;False;False;1;23.023285061866773;0;23.023285061866773;23.023285061866773
108;0.50;18.50;False;True;False;False;1241;10.50;23.50;True;False;False;False;1;25.007400220874842;0;25.007400220874842;25.007400220874842
108;0.50;18.50;False;True;False;False;1242;11.50;23.50;True;False;False;False;1;25.710735945463966;0;25.710735945463966;25.710735945463966
108;0.50;18.50;False;True;False;False;1329;10.50;25.50;True;False;False;False;1;25.084264054534287;0;25.084264054534287;25.084264054534287
124;0.50;24.50;False;True;False;False;801;10.50;13.50;True;False;False;False;1;29.456666666668752;0;29.456666666668752;29.456666666668752
124;0.50;24.50;False;True;False;False;932;9.50;16.50;True;False;False;False;1;22.22602451261264;0;22.22602451261264;22.22602451261264
124;0.50;24.50;False;True;False;False;940;17.50;16.50;True;False;False;False;1;28.77367438694273;0;28.77367438694273;28.77367438694273
124;0.50;24.50;False;True;False;False;986;19.50;17.50;True;False;False;False;2;27.41931095024711;0.00027882720692117317;27.40750359645972;27.4311183040345
124;0.50;24.50;False;True;False;False;1066;11.50;19.50;True;False;False;False;1;26.08611830404334;0;26.08611830404334;26.08611830404334
124;0.50;24.50;False;True;False;False;1069;14.50;19.50;True;False;False;False;1;28.97387832255845;0;28.97387832255845;28.97387832255845
124;0.50;24.50;False;True;False;False;1071;16.50;19.50;True;False;False;False;1;29.82769037583421;0;29.82769037583421;29.82769037583421
124;0.50;24.50;False;True;False;False;1074;19.50;19.50;True;False;False;False;1;26.698621881445433;0;26.698621881445433;26.698621881445433
124;0.50;24.50;False;True;False;False;1114;15.50;20.50;True;False;False;False;1;31.06834052625163;0;31.06834052625163;31.06834052625163
124;0.50;24.50;False;True;False;False;1115;16.50;20.50;True;False;False;False;2;29.64472422131621;0.3650403840484575;29.217500401727193;30.071948040905227
124;0.50;24.50;False;True;False;False;1116;17.50;20.50;True;False;False;False;3;25.693893684167204;0.21537237156958922;25.327784970697394;26.215836929788566
124;0.50;24.50;False;True;False;False;1118;19.50;20.50;True;False;False;False;4;25.875207826413998;0.23653183914012085;25.222777777773445;26.360745510628476
124;0.50;24.50;False;True;False;False;1196;9.50;22.50;True;False;False;False;3;18.416656540472673;0.20578928430801585;17.904774042213717;18.768886497611675
124;0.50;24.50;False;True;False;False;1202;15.50;22.50;True;False;False;False;1;30.70555635900837;0;30.70555635900837;30.70555635900837
124;0.50;24.50;False;True;False;False;1206;19.50;22.50;True;False;False;False;5;24.30449720317365;0.3409463398313148;23.442489210613985;24.909632027269254
124;0.50;24.50;False;True;False;False;1240;9.50;23.50;True;False;False;False;3;13.506049648409467;0.24162369351201796;13.090836929792658;14.048801486929733
124;0.50;24.50;False;True;False;False;1241;10.50;23.50;True;False;False;False;1;13.803892887074937;0;13.803892887074937;13.803892887074937
124;0.50;24.50;False;True;False;False;1242;11.50;23.50;True;False;False;False;1;14.35998961234327;0;14.35998961234327;14.35998961234327
124;0.50;24.50;False;True;False;False;1247;16.50;23.50;True;False;False;False;1;17.891118304036354;0;17.891118304036354;17.891118304036354
124;0.50;24.50;False;True;False;False;1248;17.50;23.50;True;False;False;False;1;18.341111111109058;0;18.341111111109058;18.341111111109058
124;0.50;24.50;False;True;False;False;1250;19.50;23.50;True;False;False;False;4;20.0234505725939;0.1348523757512845;19.71045776595929;20.553333333329647
124;0.50;24.50;False;True;False;False;1251;20.50;23.50;True;False;False;False;2;21.349911804140447;0.10958209359922645;21.115836929795478;21.583986678485417
124;0.50;24.50;False;True;False;False;1252;21.50;23.50;True;False;False;False;2;29.093380229037393;128.00750342294367;21.093145750506665;37.09361470756812
124;0.50;24.50;False;True;False;False;1253;22.50;23.50;True;False;False;False;4;22.13999940217957;0.16233751322475837;21.790830540321167;22.542219027491228
124;0.50;24.50;False;True;False;False;1255;24.50;23.50;True;False;False;False;1;23.06712085874824;0;23.06712085874824;23.06712085874824
124;0.50;24.50;False;True;False;False;1256;25.50;23.50;True;False;False;False;2;24.36129869393335;0.09485432098933042;24.143520916153648;24.57907647171305
124;0.50;24.50;False;True;False;False;1257;26.50;23.50;True;False;False;False;7;24.862806403605514;0.07529517271684845;24.42611830403257;25.27314974869296
124;0.50;24.50;False;True;False;False;1258;27.50;23.50;True;False;False;False;3;25.198981347573255;0.015651739038251036;25.095832931610857;25.338145750505646
124;0.50;24.50;False;True;False;False;1260;29.50;23.50;True;False;False;False;2;26.314352652124853;0.029515307020638808;26.192871569192903;26.435833735056804
124;0.50;24.50;False;True;False;False;1330;11.50;25.50;True;False;False;False;3;14.752655388010908;0.14313544018740523;14.328243540094263;15.054535041112103
124;0.50;24.50;False;True;False;False;1335;16.50;25.50;True;False;False;False;1;18.135558750291466;0;18.135558750291466;18.135558750291466
124;0.50;24.50;False;True;False;False;1336;17.50;25.50;True;False;False;False;2;19.24193418442883;1.2623279837762287;18.447475883516745;20.03639248534091
124;0.50;24.50;False;True;False;False;1338;19.50;25.50;True;False;False;False;1;19.809070082239487;0;19.809070082239487;19.809070082239487
124;0.50;24.50;False;True;False;False;1339;20.50;25.50;True;False;False;False;2;20.37393258985685;0.046032071297629915;20.22222222221899;20.52564295749471
124;0.50;24.50;False;True;False;False;1340;21.50;25.50;True;False;False;False;2;21.662548894801148;0.018349317329108602;21.566764456270903;21.758333333331393
124;0.50;24.50;False;True;False;False;1341;22.50;25.50;True;False;False;False;2;21.925833735052947;0.07823209876085281;21.728055957280958;22.123611512824937
124;0.50;24.50;False;True;False;False;1344;25.50;25.50;True;False;False;False;4;24.10492985730184;0.23420027902980017;23.669444444444707;24.704535041119016
124;0.50;24.50;False;True;False;False;1345;26.50;25.50;True;False;False;False;1;24.584725818680454;0;24.584725818680454;24.584725818680454
124;0.50;24.50;False;True;False;False;1346;27.50;25.50;True;False;False;False;1;25.237503596465103;0;25.237503596465103;25.237503596465103
124;0.50;24.50;False;True;False;False;1372;9.50;26.50;True;False;False;False;2;18.119722222219707;0.13956805555836496;17.85555555555038;18.383888888889032
124;0.50;24.50;False;True;False;False;1373;10.50;26.50;True;False;False;False;2;26.87143418722644;2.256607005284923E-06;26.870371970910128;26.872496403542755
124;0.50;24.50;False;True;False;False;1374;11.50;26.50;True;False;False;False;1;26.831370103147492;0;26.831370103147492;26.831370103147492
124;0.50;24.50;False;True;False;False;1375;12.50;26.50;True;False;False;False;1;21.052507281830913;0;21.052507281830913;21.052507281830913
124;0.50;24.50;False;True;False;False;1377;14.50;26.50;True;False;False;False;4;21.722567148831672;2.7708027608594206;20.58165947374073;24.195187582825383
274;11.50;1.50;True;False;False;False;44;61.50;15.50;False;False;True;False;1;88.84537516564887;0;88.84537516564887;88.84537516564887
274;11.50;1.50;True;False;False;False;969;46.50;16.50;True;False;False;False;1;40.304264054546366;0;40.304264054546366;40.304264054546366
275;12.50;1.50;True;False;False;False;752;49.50;11.50;True;False;False;False;1;38.35722941514359;0;38.35722941514359;38.35722941514359
277;14.50;1.50;True;False;False;False;28;61.50;9.50;False;False;True;False;2;190.6657443340173;1859.3597370059986;160.17509218449777;221.1563964835368
277;14.50;1.50;True;False;False;False;44;61.50;15.50;False;False;True;False;1;97.97888569414499;0;97.97888569414499;97.97888569414499
277;14.50;1.50;True;False;False;False;577;50.50;7.50;True;False;False;False;1;48.388239541920484;0;48.388239541920484;48.388239541920484
277;14.50;1.50;True;False;False;False;750;47.50;11.50;True;False;False;False;1;35.94509778960128;0;35.94509778960128;35.94509778960128
277;14.50;1.50;True;False;False;False;872;37.50;14.50;True;False;False;False;1;40.41926405454251;0;40.41926405454251;40.41926405454251
277;14.50;1.50;True;False;False;False;1273;42.50;23.50;True;False;False;False;1;39.96175645989206;0;39.96175645989206;39.96175645989206
278;15.50;1.50;True;False;False;False;12;61.50;3.50;False;False;True;False;1;151.69232320649826;0;151.69232320649826;151.69232320649826
278;15.50;1.50;True;False;False;False;76;0.50;6.50;False;True;False;False;1;561.382169235181;0;561.382169235181;561.382169235181
278;15.50;1.50;True;False;False;False;481;42.50;5.50;True;False;False;False;1;27.62878390636888;0;27.62878390636888;27.62878390636888
278;15.50;1.50;True;False;False;False;608;37.50;8.50;True;False;False;False;1;26.826390113084926;0;26.826390113084926;26.826390113084926
279;16.50;1.50;True;False;False;False;12;61.50;3.50;False;False;True;False;2;111.18361311019726;852.0881664407949;90.54277777776952;131.824448442625
279;16.50;1.50;True;False;False;False;831;40.50;13.50;True;False;False;False;1;39.88388888888585;0;39.88388888888585;39.88388888888585
280;17.50;1.50;True;False;False;False;12;61.50;3.50;False;False;True;False;1;162.5151025911964;0;162.5151025911964;162.5151025911964
280;17.50;1.50;True;False;False;False;1101;46.50;19.50;True;False;False;False;1;39.305740747095115;0;39.305740747095115;39.305740747095115
282;19.50;1.50;True;False;False;False;44;61.50;15.50;False;False;True;False;1;58.70417506476042;0;58.70417506476042;58.70417506476042
282;19.50;1.50;True;False;False;False;1371;52.50;25.50;True;False;False;False;1;45.18888888888432;0;45.18888888888432;45.18888888888432
283;20.50;1.50;True;False;False;False;44;61.50;15.50;False;False;True;False;1;107.30149027493462;0;107.30149027493462;107.30149027493462
284;21.50;1.50;True;False;False;False;60;61.50;21.50;False;False;True;False;1;105.21438342291731;0;105.21438342291731;105.21438342291731
287;24.50;1.50;True;False;False;False;60;61.50;21.50;False;False;True;False;1;63.203616295400934;0;63.203616295400934;63.203616295400934
289;26.50;1.50;True;False;False;False;44;61.50;15.50;False;False;True;False;1;77.42843112293303;0;77.42843112293303;77.42843112293303
292;29.50;1.50;True;False;False;False;12;61.50;3.50;False;False;True;False;2;115.93402957599301;259.5888161030361;104.54129469574946;127.32676445623656
292;29.50;1.50;True;False;False;False;28;61.50;9.50;False;False;True;False;1;88.90055555555227;0;88.90055555555227;88.90055555555227
292;29.50;1.50;True;False;False;False;60;61.50;21.50;False;False;True;False;1;89.39092752648503;0;89.39092752648503;89.39092752648503
292;29.50;1.50;True;False;False;False;124;0.50;24.50;False;True;False;False;1;564.855862506709;0;564.855862506709;564.855862506709
292;29.50;1.50;True;False;False;False;734;31.50;11.50;True;False;False;False;2;14.579473201676592;0.2722398503393251;14.210528862826322;14.948417540526862
292;29.50;1.50;True;False;False;False;822;31.50;13.50;True;False;False;False;3;27.015465226702872;103.2330231103767;20.648614707570232;38.73296536059752
293;30.50;1.50;True;False;False;False;12;61.50;3.50;False;False;True;False;1;90.11426805273004;0;90.11426805273004;90.11426805273004
293;30.50;1.50;True;False;False;False;733;30.50;11.50;True;False;False;False;1;10.088888888887595;0;10.088888888887595;10.088888888887595
295;32.50;1.50;True;False;False;False;12;61.50;3.50;False;False;True;False;1;97.0251883862743;0;97.0251883862743;97.0251883862743
295;32.50;1.50;True;False;False;False;820;29.50;13.50;True;False;False;False;1;17.996847056572733;0;17.996847056572733;17.996847056572733
297;34.50;1.50;True;False;False;False;28;61.50;9.50;False;False;True;False;1;70.54111510929852;0;70.54111510929852;70.54111510929852
298;35.50;1.50;True;False;False;False;44;61.50;15.50;False;False;True;False;1;104.73888569414976;0;104.73888569414976;104.73888569414976
299;36.50;1.50;True;False;False;False;12;61.50;3.50;False;False;True;False;1;76.51195523383285;0;76.51195523383285;76.51195523383285
300;37.50;1.50;True;False;False;False;12;61.50;3.50;False;False;True;False;2;85.45092592908622;0.5995238745818112;84.90342073523789;85.99843112293456
300;37.50;1.50;True;False;False;False;28;61.50;9.50;False;False;True;False;1;82.5640860558924;0;82.5640860558924;82.5640860558924
300;37.50;1.50;True;False;False;False;76;0.50;6.50;False;True;False;False;1;572.332519031017;0;572.332519031017;572.332519031017
300;37.50;1.50;True;False;False;False;439;44.50;4.50;True;False;False;False;1;14.336111111111109;0;14.336111111111109;14.336111111111109
300;37.50;1.50;True;False;False;False;484;45.50;5.50;True;False;False;False;1;15.820652541700838;0;15.820652541700838;15.820652541700838
300;37.50;1.50;True;False;False;False;573;46.50;7.50;True;False;False;False;1;17.514728209946043;0;17.514728209946043;17.514728209946043
300;37.50;1.50;True;False;False;False;821;30.50;13.50;True;False;False;False;1;19.360374362202492;0;19.360374362202492;19.360374362202492
300;37.50;1.50;True;False;False;False;866;31.50;14.50;True;False;False;False;1;20.42500000000109;0;20.42500000000109;20.42500000000109
302;39.50;1.50;True;False;False;False;12;61.50;3.50;False;False;True;False;1;102.29509459485598;0;102.29509459485598;102.29509459485598
302;39.50;1.50;True;False;False;False;28;61.50;9.50;False;False;True;False;1;63.76806634492641;0;63.76806634492641;63.76806634492641
302;39.50;1.50;True;False;False;False;354;47.50;2.50;True;False;False;False;1;12.439910206770946;0;12.439910206770946;12.439910206770946
302;39.50;1.50;True;False;False;False;866;31.50;14.50;True;False;False;False;1;21.810469760499473;0;21.810469760499473;21.810469760499473
303;40.50;1.50;True;False;False;False;12;61.50;3.50;False;False;True;False;3;128.19553399277234;9992.803806911626;41.941510578220914;237.75285798678306
303;40.50;1.50;True;False;False;False;60;61.50;21.50;False;False;True;False;2;66.79765227040264;1.664168451023234;65.88546576232898;67.7098387784763
303;40.50;1.50;True;False;False;False;108;0.50;18.50;False;True;False;False;1;541.9492528634355;0;541.9492528634355;541.9492528634355
303;40.50;1.50;True;False;False;False;312;49.50;1.50;True;False;False;False;1;9.769815611909735;0;9.769815611909735;9.769815611909735
303;40.50;1.50;True;False;False;False;821;30.50;13.50;True;False;False;False;1;27.651389290611405;0;27.651389290611405;27.651389290611405
303;40.50;1.50;True;False;False;False;864;29.50;14.50;True;False;False;False;1;22.820931524653133;0;22.820931524653133;22.820931524653133
303;40.50;1.50;True;False;False;False;865;30.50;14.50;True;False;False;False;1;22.670169198783697;0;22.670169198783697;22.670169198783697
303;40.50;1.50;True;False;False;False;866;31.50;14.50;True;False;False;False;1;22.20277377959337;0;22.20277377959337;22.20277377959337
303;40.50;1.50;True;False;False;False;932;9.50;16.50;True;False;False;False;1;41.28991579279682;0;41.28991579279682;41.28991579279682
304;41.50;1.50;True;False;False;False;12;61.50;3.50;False;False;True;False;3;131.56633448520338;1260.5296898642082;90.71139248535383;154.94083373506146
304;41.50;1.50;True;False;False;False;44;61.50;15.50;False;False;True;False;1;84.58295897112475;0;84.58295897112475;84.58295897112475
304;41.50;1.50;True;False;False;False;76;0.50;6.50;False;True;False;False;1;577.8776962452866;0;577.8776962452866;577.8776962452866
304;41.50;1.50;True;False;False;False;124;0.50;24.50;False;True;False;False;1;587.4479850868811;0;587.4479850868811;587.4479850868811
304;41.50;1.50;True;False;False;False;351;44.50;2.50;True;False;False;False;1;8.457038637585356;0;8.457038637585356;8.457038637585356
304;41.50;1.50;True;False;False;False;489;50.50;5.50;True;False;False;False;1;15.946941651435054;0;15.946941651435054;15.946941651435054
304;41.50;1.50;True;False;False;False;491;52.50;5.50;True;False;False;False;1;16.733591521897324;0;16.733591521897324;16.733591521897324
304;41.50;1.50;True;False;False;False;733;30.50;11.50;True;False;False;False;1;21.06944603226657;0;21.06944603226657;21.06944603226657
304;41.50;1.50;True;False;False;False;822;31.50;13.50;True;False;False;False;1;26.27594189320007;0;26.27594189320007;26.27594189320007
304;41.50;1.50;True;False;False;False;864;29.50;14.50;True;False;False;False;1;25.78481880664549;0;25.78481880664549;25.78481880664549
305;42.50;1.50;True;False;False;False;12;61.50;3.50;False;False;True;False;4;102.02837900956183;240.85904082886256;88.82619094099209;120.83982521512553
305;42.50;1.50;True;False;False;False;44;61.50;15.50;False;False;True;False;1;53.3925454305072;0;53.3925454305072;53.3925454305072
305;42.50;1.50;True;False;False;False;300;37.50;1.50;True;False;False;False;1;6.8576799881702755;0;6.8576799881702755;6.8576799881702755
305;42.50;1.50;True;False;False;False;349;42.50;2.50;True;False;False;False;1;3.1605555555561295;0;3.1605555555561295;3.1605555555561295
305;42.50;1.50;True;False;False;False;359;52.50;2.50;True;False;False;False;1;14.237409805047719;0;14.237409805047719;14.237409805047719
305;42.50;1.50;True;False;False;False;675;16.50;10.50;True;False;False;False;1;30.890093791409527;0;30.890093791409527;30.890093791409527
305;42.50;1.50;True;False;False;False;865;30.50;14.50;True;False;False;False;1;24.32722222222219;0;24.32722222222219;24.32722222222219
307;44.50;1.50;True;False;False;False;28;61.50;9.50;False;False;True;False;1;148.76843112294137;0;148.76843112294137;148.76843112294137
307;44.50;1.50;True;False;False;False;60;61.50;21.50;False;False;True;False;1;75.35000719290656;0;75.35000719290656;75.35000719290656
307;44.50;1.50;True;False;False;False;572;45.50;7.50;True;False;False;False;1;10.532034639398262;0;10.532034639398262;10.532034639398262
307;44.50;1.50;True;False;False;False;820;29.50;13.50;True;False;False;False;1;30.02463202727631;0;30.02463202727631;30.02463202727631
308;45.50;1.50;True;False;False;False;12;61.50;3.50;False;False;True;False;2;117.97556315020574;1638.9510212914354;89.34908046990222;146.60204583050927
308;45.50;1.50;True;False;False;False;28;61.50;9.50;False;False;True;False;1;91.95843431765388;0;91.95843431765388;91.95843431765388
308;45.50;1.50;True;False;False;False;44;61.50;15.50;False;False;True;False;2;151.9060951518295;162.097356600048;142.90339120801218;160.90879909564683
308;45.50;1.50;True;False;False;False;124;0.50;24.50;False;True;False;False;1;585.534317127589;0;585.534317127589;585.534317127589
308;45.50;1.50;True;False;False;False;279;16.50;1.50;True;False;False;False;1;23.162134820267966;0;23.162134820267966;23.162134820267966
308;45.50;1.50;True;False;False;False;305;42.50;1.50;True;False;False;False;2;6.031434187232662;7.307204595021985E-07;6.030829736879241;6.0320386375860835
308;45.50;1.50;True;False;False;False;733;30.50;11.50;True;False;False;False;1;24.332496403549158;0;24.332496403549158;24.332496403549158
308;45.50;1.50;True;False;False;False;821;30.50;13.50;True;False;False;False;1;29.94668185597402;0;29.94668185597402;29.94668185597402
308;45.50;1.50;True;False;False;False;864;29.50;14.50;True;False;False;False;1;29.546393288798754;0;29.546393288798754;29.546393288798754
309;46.50;1.50;True;False;False;False;28;61.50;9.50;False;False;True;False;1;121.02547134834458;0;121.02547134834458;121.02547134834458
309;46.50;1.50;True;False;False;False;44;61.50;15.50;False;False;True;False;2;136.26792046397168;5399.519416046206;84.30870849897838;188.22713242896498
309;46.50;1.50;True;False;False;False;60;61.50;21.50;False;False;True;False;2;80.23434079683102;23.472710056244242;76.8085043985011;83.66017719516094
309;46.50;1.50;True;False;False;False;76;0.50;6.50;False;True;False;False;1;539.4591276256178;0;539.4591276256178;539.4591276256178
309;46.50;1.50;True;False;False;False;541;14.50;7.50;True;False;False;False;1;32.59666666665362;0;32.59666666665362;32.59666666665362
309;46.50;1.50;True;False;False;False;821;30.50;13.50;True;False;False;False;1;33.84722222221899;0;33.84722222221899;33.84722222221899
309;46.50;1.50;True;False;False;False;822;31.50;13.50;True;False;False;False;1;24.449804420830333;0;24.449804420830333;24.449804420830333
309;46.50;1.50;True;False;False;False;865;30.50;14.50;True;False;False;False;1;30.190367972725653;0;30.190367972725653;30.190367972725653
309;46.50;1.50;True;False;False;False;866;31.50;14.50;True;False;False;False;2;26.36379309838412;0.03496268519603;26.231576069987568;26.496010126780675
310;47.50;1.50;True;False;False;False;12;61.50;3.50;False;False;True;False;4;86.8190905028128;354.2854778009795;64.22433988623379;109.42860431992267
310;47.50;1.50;True;False;False;False;28;61.50;9.50;False;False;True;False;3;107.23954489949695;990.6847282403351;86.09668105250967;143.4121332324412
310;47.50;1.50;True;False;False;False;76;0.50;6.50;False;True;False;False;1;597.5812121144518;0;597.5812121144518;597.5812121144518
310;47.50;1.50;True;False;False;False;92;0.50;12.50;False;True;False;False;1;272.88742099614683;0;272.88742099614683;272.88742099614683
310;47.50;1.50;True;False;False;False;426;31.50;4.50;True;False;False;False;1;19.43027498477386;0;19.43027498477386;19.43027498477386
310;47.50;1.50;True;False;False;False;705;46.50;10.50;True;False;False;False;1;12.74970104516251;0;12.74970104516251;12.74970104516251
310;47.50;1.50;True;False;False;False;710;51.50;10.50;True;False;False;False;1;16.37255747293966;0;16.37255747293966;16.37255747293966
310;47.50;1.50;True;False;False;False;818;27.50;13.50;True;False;False;False;1;27.909999999999968;0;27.909999999999968;27.909999999999968
310;47.50;1.50;True;False;False;False;820;29.50;13.50;True;False;False;False;2;26.766204902521054;0.02573142525771256;26.652777777771917;26.87963202727019
310;47.50;1.50;True;False;False;False;821;30.50;13.50;True;False;False;False;1;26.56037516564902;0;26.56037516564902;26.56037516564902
310;47.50;1.50;True;False;False;False;822;31.50;13.50;True;False;False;False;3;25.75833573097528;0.032936476591637336;25.574361040693475;25.937222222219134
312;49.50;1.50;True;False;False;False;12;61.50;3.50;False;False;True;False;5;76.62567597293187;940.127717953961;38.57411915713601;118.88054768105576
312;49.50;1.50;True;False;False;False;28;61.50;9.50;False;False;True;False;1;55.20407329600857;0;55.20407329600857;55.20407329600857
312;49.50;1.50;True;False;False;False;108;0.50;18.50;False;True;False;False;1;548.9936298967987;0;548.9936298967987;548.9936298967987
312;49.50;1.50;True;False;False;False;483;44.50;5.50;True;False;False;False;1;13.193982680306362;0;13.193982680306362;13.193982680306362
312;49.50;1.50;True;False;False;False;733;30.50;11.50;True;False;False;False;1;26.940183584629267;0;26.940183584629267;26.940183584629267
312;49.50;1.50;True;False;False;False;734;31.50;11.50;True;False;False;False;1;26.639073276968702;0;26.639073276968702;26.639073276968702
312;49.50;1.50;True;False;False;False;822;31.50;13.50;True;False;False;False;2;27.440004522626623;0.00509186644384615;27.38954728110548;27.490461764147767
312;49.50;1.50;True;False;False;False;823;32.50;13.50;True;False;False;False;1;30.487868374455047;0;30.487868374455047;30.487868374455047
312;49.50;1.50;True;False;False;False;1114;15.50;20.50;True;False;False;False;1;43.07655934998911;0;43.07655934998911;43.07655934998911
313;50.50;1.50;True;False;False;False;12;61.50;3.50;False;False;True;False;1;84.92814016448847;0;84.92814016448847;84.92814016448847
313;50.50;1.50;True;False;False;False;28;61.50;9.50;False;False;True;False;2;62.25731801272741;1535.5548730779149;34.54852091615612;89.9661151092987
313;50.50;1.50;True;False;False;False;44;61.50;15.50;False;False;True;False;1;150.54601492840084;0;150.54601492840084;150.54601492840084
313;50.50;1.50;True;False;False;False;108;0.50;18.50;False;True;False;False;1;515.553995979257;0;515.553995979257;515.553995979257
313;50.50;1.50;True;False;False;False;437;42.50;4.50;True;False;False;False;1;14.203427124746213;0;14.203427124746213;14.203427124746213
313;50.50;1.50;True;False;False;False;566;39.50;7.50;True;False;False;False;1;18.379906208585453;0;18.379906208585453;18.379906208585453
313;50.50;1.50;True;False;False;False;821;30.50;13.50;True;False;False;False;1;46.29148627676477;0;46.29148627676477;46.29148627676477
313;50.50;1.50;True;False;False;False;822;31.50;13.50;True;False;False;False;1;36.0402813742387;0;36.0402813742387;36.0402813742387
313;50.50;1.50;True;False;False;False;1101;46.50;19.50;True;False;False;False;1;21.792316013634263;0;21.792316013634263;21.792316013634263
314;51.50;1.50;True;False;False;False;12;61.50;3.50;False;False;True;False;3;85.1847803562717;378.09641538636413;73.70963602545999;107.6357367488963
314;51.50;1.50;True;False;False;False;312;49.50;1.50;True;False;False;False;1;5.351867774756101;0;5.351867774756101;5.351867774756101
314;51.50;1.50;True;False;False;False;733;30.50;11.50;True;False;False;False;1;27.782297629612003;0;27.782297629612003;27.782297629612003
314;51.50;1.50;True;False;False;False;821;30.50;13.50;True;False;False;False;1;29.86991340150962;0;29.86991340150962;29.86991340150962
315;52.50;1.50;True;False;False;False;12;61.50;3.50;False;False;True;False;1;191.3844452478661;0;191.3844452478661;191.3844452478661
315;52.50;1.50;True;False;False;False;28;61.50;9.50;False;False;True;False;2;77.70192406130218;1.6627017215249855;76.79013962364024;78.61370849896412
315;52.50;1.50;True;False;False;False;44;61.50;15.50;False;False;True;False;1;90.4277844317985;0;90.4277844317985;90.4277844317985
315;52.50;1.50;True;False;False;False;754;51.50;11.50;True;False;False;False;1;13.75676045808359;0;13.75676045808359;13.75676045808359
315;52.50;1.50;True;False;False;False;866;31.50;14.50;True;False;False;False;1;29.346201707779983;0;29.346201707779983;29.346201707779983
315;52.50;1.50;True;False;False;False;1011;44.50;17.50;True;False;False;False;1;24.1895382358598;0;24.1895382358598;24.1895382358598
315;52.50;1.50;True;False;False;False;1146;47.50;20.50;True;False;False;False;1;22.65240980505405;0;22.65240980505405;22.65240980505405
317;10.50;2.50;True;False;False;False;44;61.50;15.50;False;False;True;False;1;171.32796935878196;0;171.32796935878196;171.32796935878196
321;14.50;2.50;True;False;False;False;28;61.50;9.50;False;False;True;False;1;121.15713242898164;0;121.15713242898164;121.15713242898164
324;17.50;2.50;True;False;False;False;44;61.50;15.50;False;False;True;False;1;103.20342792819429;0;103.20342792819429;103.20342792819429
324;17.50;2.50;True;False;False;False;60;61.50;21.50;False;False;True;False;1;70.9638843711291;0;70.9638843711291;70.9638843711291
324;17.50;2.50;True;False;False;False;564;37.50;7.50;True;False;False;False;1;24.261115109295133;0;24.261115109295133;24.261115109295133
324;17.50;2.50;True;False;False;False;823;32.50;13.50;True;False;False;False;1;25.499721820491686;0;25.499721820491686;25.499721820491686
328;21.50;2.50;True;False;False;False;44;61.50;15.50;False;False;True;False;1;84.90176045807493;0;84.90176045807493;84.90176045807493
328;21.50;2.50;True;False;False;False;821;30.50;13.50;True;False;False;False;1;21.78714120974655;0;21.78714120974655;21.78714120974655
331;24.50;2.50;True;False;False;False;28;61.50;9.50;False;False;True;False;1;84.54640287299117;0;84.54640287299117;84.54640287299117
331;24.50;2.50;True;False;False;False;734;31.50;11.50;True;False;False;False;1;17.964079666446196;0;17.964079666446196;17.964079666446196
332;25.50;2.50;True;False;False;False;12;61.50;3.50;False;False;True;False;2;127.6490768734352;34.51425447485794;123.4949070120274;131.80324673484301
332;25.50;2.50;True;False;False;False;822;31.50;13.50;True;False;False;False;1;21.077583002033407;0;21.077583002033407;21.077583002033407
332;25.50;2.50;True;False;False;False;865;30.50;14.50;True;False;False;False;1;20.08259738788911;0;20.08259738788911;20.08259738788911
333;26.50;2.50;True;False;False;False;28;61.50;9.50;False;False;True;False;1;75.01314894523966;0;75.01314894523966;75.01314894523966
333;26.50;2.50;True;False;False;False;76;0.50;6.50;False;True;False;False;1;546.3866946920998;0;546.3866946920998;546.3866946920998
333;26.50;2.50;True;False;False;False;823;32.50;13.50;True;False;False;False;1;19.496201707785076;0;19.496201707785076;19.496201707785076
333;26.50;2.50;True;False;False;False;864;29.50;14.50;True;False;False;False;1;17.577781775964468;0;17.577781775964468;17.577781775964468
334;27.50;2.50;True;False;False;False;28;61.50;9.50;False;False;True;False;1;75.338610709372;0;75.338610709372;75.338610709372
334;27.50;2.50;True;False;False;False;44;61.50;15.50;False;False;True;False;1;126.1350008034351;0;126.1350008034351;126.1350008034351
334;27.50;2.50;True;False;False;False;76;0.50;6.50;False;True;False;False;1;620.5319049023965;0;620.5319049023965;620.5319049023965
334;27.50;2.50;True;False;False;False;421;26.50;4.50;True;False;False;False;1;8.84222222221797;0;8.84222222221797;8.84222222221797
334;27.50;2.50;True;False;False;False;822;31.50;13.50;True;False;False;False;1;24.618614707571396;0;24.618614707571396;24.618614707571396
334;27.50;2.50;True;False;False;False;953;30.50;16.50;True;False;False;False;1;19.521847056566912;0;19.521847056566912;19.521847056566912
336;29.50;2.50;True;False;False;False;60;61.50;21.50;False;False;True;False;1;176.0983561871235;0;176.0983561871235;176.0983561871235
336;29.50;2.50;True;False;False;False;865;30.50;14.50;True;False;False;False;1;15.99490221040287;0;15.99490221040287;15.99490221040287
337;30.50;2.50;True;False;False;False;28;61.50;9.50;False;False;True;False;1;74.60359793048337;0;74.60359793048337;74.60359793048337
337;30.50;2.50;True;False;False;False;953;30.50;16.50;True;False;False;False;1;25.25277777777592;0;25.25277777777592;25.25277777777592
338;31.50;2.50;True;False;False;False;28;61.50;9.50;False;False;True;False;1;68.18637809950269;0;68.18637809950269;68.18637809950269
338;31.50;2.50;True;False;False;False;108;0.50;18.50;False;True;False;False;1;514.1132523399228;0;514.1132523399228;514.1132523399228
338;31.50;2.50;True;False;False;False;572;45.50;7.50;True;False;False;False;1;20.503063150200887;0;20.503063150200887;20.503063150200887
338;31.50;2.50;True;False;False;False;822;31.50;13.50;True;False;False;False;1;11.49536077980656;0;11.49536077980656;11.49536077980656
339;32.50;2.50;True;False;False;False;12;61.50;3.50;False;False;True;False;1;88.81705141647763;0;88.81705141647763;88.81705141647763
339;32.50;2.50;True;False;False;False;483;44.50;5.50;True;False;False;False;1;18.505829736872442;0;18.505829736872442;18.505829736872442
339;32.50;2.50;True;False;False;False;612;41.50;8.50;True;False;False;False;1;18.655920333549147;0;18.655920333549147;18.655920333549147
341;34.50;2.50;True;False;False;False;12;61.50;3.50;False;False;True;False;1;147.83062218217947;0;147.83062218217947;147.83062218217947
341;34.50;2.50;True;False;False;False;60;61.50;21.50;False;False;True;False;1;59.173982680287736;0;59.173982680287736;59.173982680287736
341;34.50;2.50;True;False;False;False;295;32.50;1.50;True;False;False;False;1;7.769441249709416;0;7.769441249709416;7.769441249709416
341;34.50;2.50;True;False;False;False;447;52.50;4.50;True;False;False;False;1;21.126298693932767;0;21.126298693932767;21.126298693932767
342;35.50;2.50;True;False;False;False;12;61.50;3.50;False;False;True;False;1;123.54500160689713;0;123.54500160689713;123.54500160689713
342;35.50;2.50;True;False;False;False;28;61.50;9.50;False;False;True;False;1;131.48962644122003;0;131.48962644122003;131.48962644122003
342;35.50;2.50;True;False;False;False;60;61.50;21.50;False;False;True;False;1;60.24460213982093;0;60.24460213982093;60.24460213982093
342;35.50;2.50;True;False;False;False;427;32.50;4.50;True;False;False;False;1;11.230997819893673;0;11.230997819893673;11.230997819893673
342;35.50;2.50;True;False;False;False;450;11.50;5.50;True;False;False;False;1;25.099999999998545;0;25.099999999998545;25.099999999998545
342;35.50;2.50;True;False;False;False;811;20.50;13.50;True;False;False;False;1;25.517222222217242;0;25.517222222217242;25.517222222217242
343;36.50;2.50;True;False;False;False;12;61.50;3.50;False;False;True;False;1;96.2769488443464;0;96.2769488443464;96.2769488443464
343;36.50;2.50;True;False;False;False;475;36.50;5.50;True;False;False;False;1;6.960734338574184;0;6.960734338574184;6.960734338574184
343;36.50;2.50;True;False;False;False;861;26.50;14.50;True;False;False;False;1;22.92703863758254;0;22.92703863758254;22.92703863758254
344;37.50;2.50;True;False;False;False;12;61.50;3.50;False;False;True;False;1;208.47731362235209;0;208.47731362235209;208.47731362235209
344;37.50;2.50;True;False;False;False;44;61.50;15.50;False;False;True;False;1;54.86509379140625;0;54.86509379140625;54.86509379140625
344;37.50;2.50;True;False;False;False;608;37.50;8.50;True;False;False;False;1;8.042867571005445;0;8.042867571005445;8.042867571005445
344;37.50;2.50;True;False;False;False;820;29.50;13.50;True;False;False;False;1;19.140093791409527;0;19.140093791409527;19.140093791409527
346;39.50;2.50;True;False;False;False;12;61.50;3.50;False;False;True;False;2;120.22693685937293;504.35526497280574;104.34683508115995;136.1070386375859
346;39.50;2.50;True;False;False;False;44;61.50;15.50;False;False;True;False;2;108.78856982047;104.15676004015968;101.57203463936821;116.00510500157179
346;39.50;2.50;True;False;False;False;690;31.50;10.50;True;False;False;False;1;17.743074341310148;0;17.743074341310148;17.743074341310148
346;39.50;2.50;True;False;False;False;732;29.50;11.50;True;False;False;False;1;19.18129549920559;0;19.18129549920559;19.18129549920559
346;39.50;2.50;True;False;False;False;822;31.50;13.50;True;False;False;False;2;22.610371569189283;14.45229382319648;19.922222222222445;25.29852091615612
346;39.50;2.50;True;False;False;False;862;27.50;14.50;True;False;False;False;1;23.72372714758967;0;23.72372714758967;23.72372714758967
347;40.50;2.50;True;False;False;False;28;61.50;9.50;False;False;True;False;1;95.86223021859132;0;95.86223021859132;95.86223021859132
347;40.50;2.50;True;False;False;False;823;32.50;13.50;True;False;False;False;1;19.804346654846995;0;19.804346654846995;19.804346654846995
348;41.50;2.50;True;False;False;False;12;61.50;3.50;False;False;True;False;1;131.64028537240847;0;131.64028537240847;131.64028537240847
348;41.50;2.50;True;False;False;False;821;30.50;13.50;True;False;False;False;1;21.756207293803527;0;21.756207293803527;21.756207293803527
349;42.50;2.50;True;False;False;False;12;61.50;3.50;False;False;True;False;3;103.70237623822898;38.16534699688289;99.3958260225645;110.78064534878376
349;42.50;2.50;True;False;False;False;28;61.50;9.50;False;False;True;False;1;93.5363892906098;0;93.5363892906098;93.5363892906098
349;42.50;2.50;True;False;False;False;44;61.50;15.50;False;False;True;False;1;205.32278713550477;0;205.32278713550477;205.32278713550477
349;42.50;2.50;True;False;False;False;76;0.50;6.50;False;True;False;False;1;552.9372318254993;0;552.9372318254993;552.9372318254993
349;42.50;2.50;True;False;False;False;478;39.50;5.50;True;False;False;False;1;10.958798292213032;0;10.958798292213032;10.958798292213032
349;42.50;2.50;True;False;False;False;733;30.50;11.50;True;False;False;False;1;21.975172639064112;0;21.975172639064112;21.975172639064112
349;42.50;2.50;True;False;False;False;822;31.50;13.50;True;False;False;False;2;22.18373607502872;0.2752094436110945;21.812784970696157;22.55468717936128
349;42.50;2.50;True;False;False;False;865;30.50;14.50;True;False;False;False;1;33.35222222222001;0;33.35222222222001;33.35222222222001
349;42.50;2.50;True;False;False;False;866;31.50;14.50;True;False;False;False;1;22.901955233824083;0;22.901955233824083;22.901955233824083
351;44.50;2.50;True;False;False;False;12;61.50;3.50;False;False;True;False;2;151.93851572232438;4466.034367165169;104.68370450079283;199.19332694385594
351;44.50;2.50;True;False;False;False;28;61.50;9.50;False;False;True;False;1;128.41055955372576;0;128.41055955372576;128.41055955372576
351;44.50;2.50;True;False;False;False;92;0.50;12.50;False;True;False;False;2;240.41185688631094;440.081688178662;225.57808312204816;255.24563065057373
351;44.50;2.50;True;False;False;False;566;39.50;7.50;True;False;False;False;1;13.811757263349136;0;13.811757263349136;13.811757263349136
351;44.50;2.50;True;False;False;False;620;49.50;8.50;True;False;False;False;1;14.861386095864873;0;14.861386095864873;14.861386095864873
351;44.50;2.50;True;False;False;False;734;31.50;11.50;True;False;False;False;1;22.102316013628297;0;22.102316013628297;22.102316013628297
351;44.50;2.50;True;False;False;False;821;30.50;13.50;True;False;False;False;2;23.526068913442487;0.10584379244367317;23.29602131788488;23.756116509000094
352;45.50;2.50;True;False;False;False;12;61.50;3.50;False;False;True;False;3;144.8758491858125;2022.2684231059811;93.49807353784126;177.08482521518545
352;45.50;2.50;True;False;False;False;28;61.50;9.50;False;False;True;False;1;107.63231840490334;0;107.63231840490334;107.63231840490334
352;45.50;2.50;True;False;False;False;44;61.50;15.50;False;False;True;False;1;126.67667385957975;0;126.67667385957975;126.67667385957975
352;45.50;2.50;True;False;False;False;76;0.50;6.50;False;True;False;False;2;571.2884053897756;708.2113523048049;552.4707095650365;590.1061012145146
352;45.50;2.50;True;False;False;False;92;0.50;12.50;False;True;False;False;2;248.56182038758197;45.148752280151214;243.810570432036;253.31307034312795
352;45.50;2.50;True;False;False;False;108;0.50;18.50;False;True;False;False;1;572.7509634911003;0;572.7509634911003;572.7509634911003
352;45.50;2.50;True;False;False;False;312;49.50;1.50;True;False;False;False;1;9.375;0;9.375;9.375
352;45.50;2.50;True;False;False;False;606;35.50;8.50;True;False;False;False;1;18.29518758282211;0;18.29518758282211;18.29518758282211
352;45.50;2.50;True;False;False;False;732;29.50;11.50;True;False;False;False;1;23.95750359645899;0;23.95750359645899;23.95750359645899
352;45.50;2.50;True;False;False;False;813;22.50;13.50;True;False;False;False;1;29.794810025892275;0;29.794810025892275;29.794810025892275
352;45.50;2.50;True;False;False;False;821;30.50;13.50;True;False;False;False;3;24.172039434675753;0.07017201918898622;23.9733333333279;24.47278497069692
352;45.50;2.50;True;False;False;False;822;31.50;13.50;True;False;False;False;2;24.85477192047938;0.3530296908106683;24.434635222004545;25.274908618954214
352;45.50;2.50;True;False;False;False;865;30.50;14.50;True;False;False;False;1;27.981479083844533;0;27.981479083844533;27.981479083844533
353;46.50;2.50;True;False;False;False;12;61.50;3.50;False;False;True;False;1;70.87604017348622;0;70.87604017348622;70.87604017348622
353;46.50;2.50;True;False;False;False;44;61.50;15.50;False;False;True;False;1;71.04132159617802;0;71.04132159617802;71.04132159617802
353;46.50;2.50;True;False;False;False;60;61.50;21.50;False;False;True;False;3;80.07879749510539;165.47480565313478;66.04834372097685;91.31712523606438
353;46.50;2.50;True;False;False;False;108;0.50;18.50;False;True;False;False;1;145.87283542597652;0;145.87283542597652;145.87283542597652
353;46.50;2.50;True;False;False;False;292;29.50;1.50;True;False;False;False;1;18.44019158100491;0;18.44019158100491;18.44019158100491
353;46.50;2.50;True;False;False;False;314;51.50;1.50;True;False;False;False;1;9.675649346969294;0;9.675649346969294;9.675649346969294
353;46.50;2.50;True;False;False;False;733;30.50;11.50;True;False;False;False;1;23.90842712474614;0;23.90842712474614;23.90842712474614
353;46.50;2.50;True;False;False;False;734;31.50;11.50;True;False;False;False;1;24.17213482027728;0;24.17213482027728;24.17213482027728
353;46.50;2.50;True;False;False;False;821;30.50;13.50;True;False;False;False;1;25.116666666672245;0;25.116666666672245;25.116666666672245
353;46.50;2.50;True;False;False;False;866;31.50;14.50;True;False;False;False;1;31.845093791409454;0;31.845093791409454;31.845093791409454
354;47.50;2.50;True;False;False;False;12;61.50;3.50;False;False;True;False;1;99.79917106657194;0;99.79917106657194;99.79917106657194
354;47.50;2.50;True;False;False;False;866;31.50;14.50;True;False;False;False;1;31.754534237674306;0;31.754534237674306;31.754534237674306
356;49.50;2.50;True;False;False;False;12;61.50;3.50;False;False;True;False;2;95.38615881026703;413.83234876546163;81.00157767688916;109.77073994364491
356;49.50;2.50;True;False;False;False;823;32.50;13.50;True;False;False;False;1;26.52203544284771;0;26.52203544284771;26.52203544284771
356;49.50;2.50;True;False;False;False;865;30.50;14.50;True;False;False;False;1;28.339639220189383;0;28.339639220189383;28.339639220189383
357;50.50;2.50;True;False;False;False;12;61.50;3.50;False;False;True;False;1;144.68491659624488;0;144.68491659624488;144.68491659624488
357;50.50;2.50;True;False;False;False;28;61.50;9.50;False;False;True;False;1;59.432784970701505;0;59.432784970701505;59.432784970701505
357;50.50;2.50;True;False;False;False;733;30.50;11.50;True;False;False;False;1;27.110003194735476;0;27.110003194735476;27.110003194735476
357;50.50;2.50;True;False;False;False;820;29.50;13.50;True;False;False;False;1;28.041948040904572;0;28.041948040904572;28.041948040904572
357;50.50;2.50;True;False;False;False;1221;34.50;22.50;True;False;False;False;1;30.758520916162524;0;30.758520916162524;30.758520916162524
358;51.50;2.50;True;False;False;False;12;61.50;3.50;False;False;True;False;1;77.221847056564;0;77.221847056564;77.221847056564
358;51.50;2.50;True;False;False;False;44;61.50;15.50;False;False;True;False;1;123.16565653988073;0;123.16565653988073;123.16565653988073
358;51.50;2.50;True;False;False;False;60;61.50;21.50;False;False;True;False;2;106.78134758872466;1401.1405855372527;80.31305915201938;133.24963602542994
358;51.50;2.50;True;False;False;False;743;40.50;11.50;True;False;False;False;1;20.772500401722937;0;20.772500401722937;20.772500401722937
358;51.50;2.50;True;False;False;False;818;27.50;13.50;True;False;False;False;1;30.083889692337834;0;30.083889692337834;30.083889692337834
358;51.50;2.50;True;False;False;False;820;29.50;13.50;True;False;False;False;1;29.226111111107457;0;29.226111111107457;29.226111111107457
358;51.50;2.50;True;False;False;False;828;37.50;13.50;True;False;False;False;1;23.9001875828244;0;23.9001875828244;23.9001875828244
359;52.50;2.50;True;False;False;False;12;61.50;3.50;False;False;True;False;2;105.1066741193863;321.48521830217123;92.42824325625952;117.78510498251308
359;52.50;2.50;True;False;False;False;28;61.50;9.50;False;False;True;False;2;105.10042605954459;28.918622492809536;101.29788595503487;108.9029661640543
359;52.50;2.50;True;False;False;False;44;61.50;15.50;False;False;True;False;1;49.91610791637595;0;49.91610791637595;49.91610791637595
359;52.50;2.50;True;False;False;False;92;0.50;12.50;False;True;False;False;1;261.14648256243345;0;261.14648256243345;261.14648256243345
359;52.50;2.50;True;False;False;False;310;47.50;1.50;True;False;False;False;1;10.568528109079125;0;10.568528109079125;10.568528109079125
359;52.50;2.50;True;False;False;False;820;29.50;13.50;True;False;False;False;1;29.957128430807643;0;29.957128430807643;29.957128430807643
359;52.50;2.50;True;False;False;False;821;30.50;13.50;True;False;False;False;2;29.757271518745256;1.8751386901112819;28.788989873222818;30.725553164267694
359;52.50;2.50;True;False;False;False;822;31.50;13.50;True;False;False;False;2;32.09703823585414;37.59089328584426;27.761666666666315;36.43240980504197
407;12.50;4.50;True;False;False;False;12;61.50;3.50;False;False;True;False;1;178.86174560011568;0;178.86174560011568;178.86174560011568
409;14.50;4.50;True;False;False;False;28;61.50;9.50;False;False;True;False;1;108.1550008034526;0;108.1550008034526;108.1550008034526
411;16.50;4.50;True;False;False;False;44;61.50;15.50;False;False;True;False;1;115.67052785164924;0;115.67052785164924;115.67052785164924
412;17.50;4.50;True;False;False;False;60;61.50;21.50;False;False;True;False;1;91.29075272258706;0;91.29075272258706;91.29075272258706
412;17.50;4.50;True;False;False;False;445;50.50;4.50;True;False;False;False;1;27.406681052510976;0;27.406681052510976;27.406681052510976
412;17.50;4.50;True;False;False;False;735;32.50;11.50;True;False;False;False;1;22.723224474502786;0;22.723224474502786;22.723224474502786
414;19.50;4.50;True;False;False;False;12;61.50;3.50;False;False;True;False;1;104.03287795865253;0;104.03287795865253;104.03287795865253
414;19.50;4.50;True;False;False;False;44;61.50;15.50;False;False;True;False;1;128.04833733150008;0;128.04833733150008;128.04833733150008
414;19.50;4.50;True;False;False;False;564;37.50;7.50;True;False;False;False;1;20.492041832316318;0;20.492041832316318;20.492041832316318
414;19.50;4.50;True;False;False;False;752;49.50;11.50;True;False;False;False;1;31.446020514432803;0;31.446020514432803;31.446020514432803
414;19.50;4.50;True;False;False;False;1365;46.50;25.50;True;False;False;False;1;39.44407327697809;0;39.44407327697809;39.44407327697809
417;22.50;4.50;True;False;False;False;12;61.50;3.50;False;False;True;False;1;207.21866105978552;0;207.21866105978552;207.21866105978552
417;22.50;4.50;True;False;False;False;822;31.50;13.50;True;False;False;False;1;26.283802290396125;0;26.283802290396125;26.283802290396125
419;24.50;4.50;True;False;False;False;28;61.50;9.50;False;False;True;False;1;131.68917026310737;0;131.68917026310737;131.68917026310737
419;24.50;4.50;True;False;False;False;44;61.50;15.50;False;False;True;False;1;59.099167068383395;0;59.099167068383395;59.099167068383395
419;24.50;4.50;True;False;False;False;732;29.50;11.50;True;False;False;False;1;14.60653771408397;0;14.60653771408397;14.60653771408397
419;24.50;4.50;True;False;False;False;821;30.50;13.50;True;False;False;False;1;25.480270986594405;0;25.480270986594405;25.480270986594405
420;25.50;4.50;True;False;False;False;823;32.50;13.50;True;False;False;False;1;28.071666666665806;0;28.071666666665806;28.071666666665806
421;26.50;4.50;True;False;False;False;12;61.50;3.50;False;False;True;False;1;79.53954143058218;0;79.53954143058218;79.53954143058218
421;26.50;4.50;True;False;False;False;822;31.50;13.50;True;False;False;False;1;18.663059152015194;0;18.663059152015194;18.663059152015194
422;27.50;4.50;True;False;False;False;12;61.50;3.50;False;False;True;False;2;95.37949693569499;12.54037623326397;92.87546256759379;97.88353130379619
422;27.50;4.50;True;False;False;False;76;0.50;6.50;False;True;False;False;1;662.2357303211538;0;662.2357303211538;662.2357303211538
422;27.50;4.50;True;False;False;False;481;42.50;5.50;True;False;False;False;1;17.027034639388148;0;17.027034639388148;17.027034639388148
422;27.50;4.50;True;False;False;False;821;30.50;13.50;True;False;False;False;1;14.81879509747887;0;14.81879509747887;14.81879509747887
422;27.50;4.50;True;False;False;False;822;31.50;13.50;True;False;False;False;1;15.994640827128023;0;15.994640827128023;15.994640827128023
424;29.50;4.50;True;False;False;False;12;61.50;3.50;False;False;True;False;2;130.89110991545294;1731.007658087511;101.47166347192251;160.31055635898338
424;29.50;4.50;True;False;False;False;28;61.50;9.50;False;False;True;False;1;81.37305195908993;0;81.37305195908993;81.37305195908993
424;29.50;4.50;True;False;False;False;60;61.50;21.50;False;False;True;False;1;127.98140048171263;0;127.98140048171263;127.98140048171263
424;29.50;4.50;True;False;False;False;76;0.50;6.50;False;True;False;False;2;599.8063342567675;12.235750673120554;597.3329003408198;602.2797681727152
424;29.50;4.50;True;False;False;False;92;0.50;12.50;False;True;False;False;1;253.7580631501787;0;253.7580631501787;253.7580631501787
424;29.50;4.50;True;False;False;False;124;0.50;24.50;False;True;False;False;2;609.7658569206696;1187.4601370578084;585.399280047237;634.1324337941023
424;29.50;4.50;True;False;False;False;733;30.50;11.50;True;False;False;False;1;12.163888888890142;0;12.163888888890142;12.163888888890142
424;29.50;4.50;True;False;False;False;820;29.50;13.50;True;False;False;False;2;9.54170996591074;0.4641028422228397;9.059992807080562;10.02342712474092
424;29.50;4.50;True;False;False;False;821;30.50;13.50;True;False;False;False;4;15.162151079976411;6.420797716958512;12.917316013634263;18.199718625763126
424;29.50;4.50;True;False;False;False;862;27.50;14.50;True;False;False;False;1;16.945093791415275;0;16.945093791415275;16.945093791415275
424;29.50;4.50;True;False;False;False;864;29.50;14.50;True;False;False;False;1;23.148982680293557;0;23.148982680293557;23.148982680293557
426;31.50;4.50;True;False;False;False;28;61.50;9.50;False;False;True;False;2;81.08180775550795;53.830867709340055;75.89379909565878;86.26981641535713
426;31.50;4.50;True;False;False;False;92;0.50;12.50;False;True;False;False;1;262.9186250952098;0;262.9186250952098;262.9186250952098
426;31.50;4.50;True;False;False;False;473;34.50;5.50;True;False;False;False;1;8.764721820492923;0;8.764721820492923;8.764721820492923
426;31.50;4.50;True;False;False;False;821;30.50;13.50;True;False;False;False;1;13.891017319697312;0;13.891017319697312;13.891017319697312
426;31.50;4.50;True;False;False;False;822;31.50;13.50;True;False;False;False;1;9.228982680297122;0;9.228982680297122;9.228982680297122
427;32.50;4.50;True;False;False;False;12;61.50;3.50;False;False;True;False;7;132.22027973360724;1297.5963837754753;88.61435145649102;184.9889898732108
427;32.50;4.50;True;False;False;False;76;0.50;6.50;False;True;False;False;1;594.9245742004223;0;594.9245742004223;594.9245742004223
427;32.50;4.50;True;False;False;False;488;49.50;5.50;True;False;False;False;1;18.10214520793943;0;18.10214520793943;18.10214520793943
427;32.50;4.50;True;False;False;False;552;25.50;7.50;True;False;False;False;1;13.597777777775264;0;13.597777777775264;13.597777777775264
427;32.50;4.50;True;False;False;False;733;30.50;11.50;True;False;False;False;2;12.967503194742676;0.7358700320941287;12.360926723020384;13.574079666464968
427;32.50;4.50;True;False;False;False;821;30.50;13.50;True;False;False;False;2;15.476069409233332;0.01500416994255395;15.389454832104093;15.562683986362572
427;32.50;4.50;True;False;False;False;822;31.50;13.50;True;False;False;False;2;14.998357714643248;3.167400386186179;13.739906208587854;16.256809220698642
429;34.50;4.50;True;False;False;False;12;61.50;3.50;False;False;True;False;4;140.4460115233178;287.3123222743172;123.70149027493244;162.03482680301386
429;34.50;4.50;True;False;False;False;28;61.50;9.50;False;False;True;False;1;78.39389608180318;0;78.39389608180318;78.39389608180318
429;34.50;4.50;True;False;False;False;44;61.50;15.50;False;False;True;False;1;54.77562803253295;0;54.77562803253295;54.77562803253295
429;34.50;4.50;True;False;False;False;76;0.50;6.50;False;True;False;False;1;578.1911146371349;0;578.1911146371349;578.1911146371349
429;34.50;4.50;True;False;False;False;124;0.50;24.50;False;True;False;False;1;611.2731473573549;0;611.2731473573549;611.2731473573549
429;34.50;4.50;True;False;False;False;344;37.50;2.50;True;False;False;False;1;10.266666666668243;0;10.266666666668243;10.266666666668243
429;34.50;4.50;True;False;False;False;734;31.50;11.50;True;False;False;False;1;13.68684705656051;0;13.68684705656051;13.68684705656051
429;34.50;4.50;True;False;False;False;821;30.50;13.50;True;False;False;False;1;20.019444444438705;0;20.019444444438705;20.019444444438705
429;34.50;4.50;True;False;False;False;822;31.50;13.50;True;False;False;False;3;16.135973443881085;2.0259627846997947;15.107084205301362;17.76037436219849
429;34.50;4.50;True;False;False;False;864;29.50;14.50;True;False;False;False;1;17.037683986349293;0;17.037683986349293;17.037683986349293
429;34.50;4.50;True;False;False;False;866;31.50;14.50;True;False;False;False;1;15.437971750063298;0;15.437971750063298;15.437971750063298
430;35.50;4.50;True;False;False;False;12;61.50;3.50;False;False;True;False;2;129.297314817984;4521.21344610295;81.7514766925342;176.84315294343378
430;35.50;4.50;True;False;False;False;28;61.50;9.50;False;False;True;False;1;33.85616875932101;0;33.85616875932101;33.85616875932101
430;35.50;4.50;True;False;False;False;108;0.50;18.50;False;True;False;False;1;572.02529656349;0;572.02529656349;572.02529656349
430;35.50;4.50;True;False;False;False;479;40.50;5.50;True;False;False;False;1;9.948985875049402;0;9.948985875049402;9.948985875049402
430;35.50;4.50;True;False;False;False;821;30.50;13.50;True;False;False;False;1;22.53176445625104;0;22.53176445625104;22.53176445625104
430;35.50;4.50;True;False;False;False;865;30.50;14.50;True;False;False;False;1;20.802545430506143;0;20.802545430506143;20.802545430506143
431;36.50;4.50;True;False;False;False;12;61.50;3.50;False;False;True;False;1;86.28695523381975;0;86.28695523381975;86.28695523381975
431;36.50;4.50;True;False;False;False;28;61.50;9.50;False;False;True;False;1;83.59554597138049;0;83.59554597138049;83.59554597138049
431;36.50;4.50;True;False;False;False;473;34.50;5.50;True;False;False;False;1;8.07036877615974;0;8.07036877615974;8.07036877615974
431;36.50;4.50;True;False;False;False;822;31.50;13.50;True;False;False;False;2;17.934440847981705;3.4224717903995874;16.626298693932767;19.242583002030642
432;37.50;4.50;True;False;False;False;12;61.50;3.50;False;False;True;False;1;109.9809379141152;0;109.9809379141152;109.9809379141152
432;37.50;4.50;True;False;False;False;28;61.50;9.50;False;False;True;False;1;88.27976417457376;0;88.27976417457376;88.27976417457376
432;37.50;4.50;True;False;False;False;44;61.50;15.50;False;False;True;False;1;85.59583054031282;0;85.59583054031282;85.59583054031282
432;37.50;4.50;True;False;False;False;821;30.50;13.50;True;False;False;False;2;24.795734749815892;106.16942158115326;17.509809222432523;32.08166027719926
432;37.50;4.50;True;False;False;False;823;32.50;13.50;True;False;False;False;1;19.991763652814825;0;19.991763652814825;19.991763652814825
434;39.50;4.50;True;False;False;False;12;61.50;3.50;False;False;True;False;1;123.69842712474565;0;123.69842712474565;123.69842712474565
434;39.50;4.50;True;False;False;False;44;61.50;15.50;False;False;True;False;1;110.05222622039946;0;110.05222622039946;110.05222622039946
434;39.50;4.50;True;False;False;False;76;0.50;6.50;False;True;False;False;1;604.8191598944686;0;604.8191598944686;604.8191598944686
434;39.50;4.50;True;False;False;False;92;0.50;12.50;False;True;False;False;1;266.55704583046827;0;266.55704583046827;266.55704583046827
434;39.50;4.50;True;False;False;False;577;50.50;7.50;True;False;False;False;1;15.491666666668607;0;15.491666666668607;15.491666666668607
434;39.50;4.50;True;False;False;False;821;30.50;13.50;True;False;False;False;2;19.90393378549379;1.4800026019850527;19.043700502603315;20.764167068384268
434;39.50;4.50;True;False;False;False;970;47.50;16.50;True;False;False;False;1;20.422691179282992;0;20.422691179282992;20.422691179282992
435;40.50;4.50;True;False;False;False;12;61.50;3.50;False;False;True;False;1;112.17280468728131;0;112.17280468728131;112.17280468728131
435;40.50;4.50;True;False;False;False;28;61.50;9.50;False;False;True;False;1;73.09379509747669;0;73.09379509747669;73.09379509747669
435;40.50;4.50;True;False;False;False;44;61.50;15.50;False;False;True;False;1;97.83283542598656;0;97.83283542598656;97.83283542598656
435;40.50;4.50;True;False;False;False;753;50.50;11.50;True;False;False;False;1;18.000555555554456;0;18.000555555554456;18.000555555554456
435;40.50;4.50;True;False;False;False;821;30.50;13.50;True;False;False;False;1;22.81083692978791;0;22.81083692978791;22.81083692978791
435;40.50;4.50;True;False;False;False;822;31.50;13.50;True;False;False;False;1;19.94750040172221;0;19.94750040172221;19.94750040172221
436;41.50;4.50;True;False;False;False;12;61.50;3.50;False;False;True;False;1;96.42944844263184;0;96.42944844263184;96.42944844263184
436;41.50;4.50;True;False;False;False;60;61.50;21.50;False;False;True;False;2;145.13893609698061;3528.3515342755218;103.13684368317627;187.14102851078496
436;41.50;4.50;True;False;False;False;699;40.50;10.50;True;False;False;False;1;11.014812417182839;0;11.014812417182839;11.014812417182839
436;41.50;4.50;True;False;False;False;734;31.50;11.50;True;False;False;False;1;18.20787556738651;0;18.20787556738651;18.20787556738651
436;41.50;4.50;True;False;False;False;821;30.50;13.50;True;False;False;False;1;23.28556274847324;0;23.28556274847324;23.28556274847324
437;42.50;4.50;True;False;False;False;12;61.50;3.50;False;False;True;False;6;130.34632529000152;755.6237736460891;90.60908366462536;172.67197440221298
437;42.50;4.50;True;False;False;False;28;61.50;9.50;False;False;True;False;1;111.76639248535048;0;111.76639248535048;111.76639248535048
437;42.50;4.50;True;False;False;False;44;61.50;15.50;False;False;True;False;1;152.26332774731054;0;152.26332774731054;152.26332774731054
437;42.50;4.50;True;False;False;False;60;61.50;21.50;False;False;True;False;1;94.08073994363258;0;94.08073994363258;94.08073994363258
437;42.50;4.50;True;False;False;False;460;21.50;5.50;True;False;False;False;1;20.637500401727266;0;20.637500401727266;20.637500401727266
437;42.50;4.50;True;False;False;False;733;30.50;11.50;True;False;False;False;1;19.593517721424178;0;19.593517721424178;19.593517721424178
437;42.50;4.50;True;False;False;False;734;31.50;11.50;True;False;False;False;1;19.04231920836355;0;19.04231920836355;19.04231920836355
437;42.50;4.50;True;False;False;False;820;29.50;13.50;True;False;False;False;1;24.172871569189738;0;24.172871569189738;24.172871569189738
437;42.50;4.50;True;False;False;False;822;31.50;13.50;True;False;False;False;1;20.17777777777519;0;20.17777777777519;20.17777777777519
437;42.50;4.50;True;False;False;False;864;29.50;14.50;True;False;False;False;1;28.943605123355155;0;28.943605123355155;28.943605123355155
437;42.50;4.50;True;False;False;False;865;30.50;14.50;True;False;False;False;1;30.61232559783093;0;30.61232559783093;30.61232559783093
437;42.50;4.50;True;False;False;False;866;31.50;14.50;True;False;False;False;1;23.065182781181647;0;23.065182781181647;23.065182781181647
437;42.50;4.50;True;False;False;False;1277;46.50;23.50;True;False;False;False;1;22.240377537895256;0;22.240377537895256;22.240377537895256
439;44.50;4.50;True;False;False;False;12;61.50;3.50;False;False;True;False;4;119.64893205338723;972.0913670519052;86.86246602506071;148.75166293284224
439;44.50;4.50;True;False;False;False;28;61.50;9.50;False;False;True;False;2;87.50953903930485;4510.899140958648;40.01796536060556;135.00111271800415
439;44.50;4.50;True;False;False;False;309;46.50;1.50;True;False;False;False;1;10.826491862779221;0;10.826491862779221;10.826491862779221
439;44.50;4.50;True;False;False;False;567;40.50;7.50;True;False;False;False;1;11.369955235666566;0;11.369955235666566;11.369955235666566
439;44.50;4.50;True;False;False;False;577;50.50;7.50;True;False;False;False;1;12.28305515383363;0;12.28305515383363;12.28305515383363
439;44.50;4.50;True;False;False;False;821;30.50;13.50;True;False;False;False;1;22.613141752322008;0;22.613141752322008;22.613141752322008
439;44.50;4.50;True;False;False;False;822;31.50;13.50;True;False;False;False;2;39.62199174187879;118.90099488674278;31.911576873444574;47.332406610313
440;45.50;4.50;True;False;False;False;28;61.50;9.50;False;False;True;False;1;139.04109778818747;0;139.04109778818747;139.04109778818747
440;45.50;4.50;True;False;False;False;60;61.50;21.50;False;False;True;False;1;89.92397948556686;0;89.92397948556686;89.92397948556686
440;45.50;4.50;True;False;False;False;732;29.50;11.50;True;False;False;False;1;22.686475889106077;0;22.686475889106077;22.686475889106077
440;45.50;4.50;True;False;False;False;822;31.50;13.50;True;False;False;False;1;32.84148947149515;0;32.84148947149515;32.84148947149515
441;46.50;4.50;True;False;False;False;12;61.50;3.50;False;False;True;False;2;138.3994440427141;3001.6630859553316;99.65887689434021;177.14001119108798
441;46.50;4.50;True;False;False;False;44;61.50;15.50;False;False;True;False;1;108.370739943628;0;108.370739943628;108.370739943628
441;46.50;4.50;True;False;False;False;822;31.50;13.50;True;False;False;False;1;29.087981334236247;0;29.087981334236247;29.087981334236247
441;46.50;4.50;True;False;False;False;866;31.50;14.50;True;False;False;False;1;23.222680791634048;0;23.222680791634048;23.222680791634048
441;46.50;4.50;True;False;False;False;998;31.50;17.50;True;False;False;False;1;27.238517721420067;0;27.238517721420067;27.238517721420067
442;47.50;4.50;True;False;False;False;12;61.50;3.50;False;False;True;False;2;112.1570935296462;3287.726379164115;71.6125107893829;152.7016762699095
442;47.50;4.50;True;False;False;False;44;61.50;15.50;False;False;True;False;1;102.29449715730516;0;102.29449715730516;102.29449715730516
442;47.50;4.50;True;False;False;False;60;61.50;21.50;False;False;True;False;1;137.28884146881592;0;137.28884146881592;137.28884146881592
442;47.50;4.50;True;False;False;False;734;31.50;11.50;True;False;False;False;2;24.849634026362764;0.18991007116909833;24.541486276761134;25.157781775964395
442;47.50;4.50;True;False;False;False;821;30.50;13.50;True;False;False;False;1;35.93844231400726;0;35.93844231400726;35.93844231400726
442;47.50;4.50;True;False;False;False;822;31.50;13.50;True;False;False;False;1;23.340343180143464;0;23.340343180143464;23.340343180143464
444;49.50;4.50;True;False;False;False;12;61.50;3.50;False;False;True;False;1;94.49518438809173;0;94.49518438809173;94.49518438809173
444;49.50;4.50;True;False;False;False;28;61.50;9.50;False;False;True;False;1;49.155545167894616;0;49.155545167894616;49.155545167894616
444;49.50;4.50;True;False;False;False;708;49.50;10.50;True;False;False;False;1;7.532965360596791;0;7.532965360596791;7.532965360596791
444;49.50;4.50;True;False;False;False;733;30.50;11.50;True;False;False;False;1;31.610092987961934;0;31.610092987961934;31.610092987961934
444;49.50;4.50;True;False;False;False;865;30.50;14.50;True;False;False;False;1;27.141944846169736;0;27.141944846169736;27.141944846169736
445;50.50;4.50;True;False;False;False;12;61.50;3.50;False;False;True;False;1;97.03833494023274;0;97.03833494023274;97.03833494023274
445;50.50;4.50;True;False;False;False;44;61.50;15.50;False;False;True;False;1;172.79639967827148;0;172.79639967827148;172.79639967827148
445;50.50;4.50;True;False;False;False;76;0.50;6.50;False;True;False;False;1;522.2087037164001;0;522.2087037164001;522.2087037164001
445;50.50;4.50;True;False;False;False;734;31.50;11.50;True;False;False;False;1;23.964913401508895;0;23.964913401508895;23.964913401508895
445;50.50;4.50;True;False;False;False;822;31.50;13.50;True;False;False;False;1;26.27351133195407;0;26.27351133195407;26.27351133195407
445;50.50;4.50;True;False;False;False;838;47.50;13.50;True;False;False;False;1;15.266666666665515;0;15.266666666665515;15.266666666665515
446;51.50;4.50;True;False;False;False;60;61.50;21.50;False;False;True;False;1;96.60991020677739;0;96.60991020677739;96.60991020677739
446;51.50;4.50;True;False;False;False;866;31.50;14.50;True;False;False;False;1;34.00296855533816;0;34.00296855533816;34.00296855533816
447;52.50;4.50;True;False;False;False;12;61.50;3.50;False;False;True;False;4;77.52314541495207;279.9044482624815;63.107042635750986;96.38240004217369
447;52.50;4.50;True;False;False;False;28;61.50;9.50;False;False;True;False;2;134.8935273056311;330.88676427934644;122.0310476792265;147.7560069320357
447;52.50;4.50;True;False;False;False;108;0.50;18.50;False;True;False;False;1;605.9286186674781;0;605.9286186674781;605.9286186674781
447;52.50;4.50;True;False;False;False;310;47.50;1.50;True;False;False;False;1;12.342164347566722;0;12.342164347566722;12.342164347566722
447;52.50;4.50;True;False;False;False;315;52.50;1.50;True;False;False;False;1;7.9365760699784005;0;7.9365760699784005;7.9365760699784005
447;52.50;4.50;True;False;False;False;436;41.50;4.50;True;False;False;False;1;10.495558750295459;0;10.495558750295459;10.495558750295459
447;52.50;4.50;True;False;False;False;623;52.50;8.50;True;False;False;False;1;6.324350653034344;0;6.324350653034344;6.324350653034344
447;52.50;4.50;True;False;False;False;710;51.50;10.50;True;False;False;False;1;14.913301574138131;0;14.913301574138131;14.913301574138131
447;52.50;4.50;True;False;False;False;865;30.50;14.50;True;False;False;False;2;32.716574874345724;29.49698119277026;28.876198513051804;36.556951235639644
449;10.50;5.50;True;False;False;False;596;25.50;8.50;True;False;False;False;1;20.0123160136352;0;20.0123160136352;20.0123160136352
450;11.50;5.50;True;False;False;False;12;61.50;3.50;False;False;True;False;1;97.59037596908092;0;97.59037596908092;97.59037596908092
450;11.50;5.50;True;False;False;False;28;61.50;9.50;False;False;True;False;1;128.3872262203895;0;128.3872262203895;128.3872262203895
450;11.50;5.50;True;False;False;False;44;61.50;15.50;False;False;True;False;2;97.62014149056449;11.062908048364223;95.26823715063438;99.97204583049461
450;11.50;5.50;True;False;False;False;554;27.50;7.50;True;False;False;False;1;19.47870130606134;0;19.47870130606134;19.47870130606134
450;11.50;5.50;True;False;False;False;574;47.50;7.50;True;False;False;False;1;33.66323954192194;0;33.66323954192194;33.66323954192194
450;11.50;5.50;True;False;False;False;1011;44.50;17.50;True;False;False;False;1;38.17341193546599;0;38.17341193546599;38.17341193546599
450;11.50;5.50;True;False;False;False;1236;49.50;22.50;True;False;False;False;1;56.160562748464145;0;56.160562748464145;56.160562748464145
451;12.50;5.50;True;False;False;False;12;61.50;3.50;False;False;True;False;1;59.30481641534425;0;59.30481641534425;59.30481641534425
451;12.50;5.50;True;False;False;False;60;61.50;21.50;False;False;True;False;1;145.50185505292757;0;145.50185505292757;145.50185505292757
451;12.50;5.50;True;False;False;False;573;46.50;7.50;True;False;False;False;1;31.213896081801067;0;31.213896081801067;31.213896081801067
451;12.50;5.50;True;False;False;False;1410;47.50;26.50;True;False;False;False;1;48.4575941931289;0;48.4575941931289;48.4575941931289
453;14.50;5.50;True;False;False;False;44;61.50;15.50;False;False;True;False;1;62.919444444432884;0;62.919444444432884;62.919444444432884
453;14.50;5.50;True;False;False;False;60;61.50;21.50;False;False;True;False;2;86.40102118560617;370.46909556070295;72.79093126010048;100.01111111111186
453;14.50;5.50;True;False;False;False;76;0.50;6.50;False;True;False;False;1;555.0552131597906;0;555.0552131597906;555.0552131597906
453;14.50;5.50;True;False;False;False;429;34.50;4.50;True;False;False;False;1;20.139813220623182;0;20.139813220623182;20.139813220623182
453;14.50;5.50;True;False;False;False;476;37.50;5.50;True;False;False;False;1;18.32092752646895;0;18.32092752646895;18.32092752646895
453;14.50;5.50;True;False;False;False;1104;49.50;19.50;True;False;False;False;1;49.97472581868442;0;49.97472581868442;49.97472581868442
453;14.50;5.50;True;False;False;False;1278;47.50;23.50;True;False;False;False;1;40.95647988728706;0;40.95647988728706;40.95647988728706
454;15.50;5.50;True;False;False;False;12;61.50;3.50;False;False;True;False;3;85.22006359251706;729.5847934704993;61.036389290609804;114.36907566826267
454;15.50;5.50;True;False;False;False;28;61.50;9.50;False;False;True;False;2;68.87818983408579;4.401906490708982;67.39462883252418;70.3617508356474
454;15.50;5.50;True;False;False;False;44;61.50;15.50;False;False;True;False;1;80.19588276212926;0;80.19588276212926;80.19588276212926
454;15.50;5.50;True;False;False;False;310;47.50;1.50;True;False;False;False;1;31.051115109297825;0;31.051115109297825;31.051115109297825
454;15.50;5.50;True;False;False;False;471;32.50;5.50;True;False;False;False;1;14.3951734425209;0;14.3951734425209;14.3951734425209
454;15.50;5.50;True;False;False;False;607;36.50;8.50;True;False;False;False;1;23.942871569190174;0;23.942871569190174;23.942871569190174
454;15.50;5.50;True;False;False;False;823;32.50;13.50;True;False;False;False;1;23.49429523647268;0;23.49429523647268;23.49429523647268
454;15.50;5.50;True;False;False;False;1087;32.50;19.50;True;False;False;False;1;32.25981641535327;0;32.25981641535327;32.25981641535327
454;15.50;5.50;True;False;False;False;1138;39.50;20.50;True;False;False;False;1;34.91342073527812;0;34.91342073527812;34.91342073527812
455;16.50;5.50;True;False;False;False;60;61.50;21.50;False;False;True;False;1;81.33142391282672;0;81.33142391282672;81.33142391282672
455;16.50;5.50;True;False;False;False;752;49.50;11.50;True;False;False;False;1;33.53213162553948;0;33.53213162553948;33.53213162553948
455;16.50;5.50;True;False;False;False;1237;50.50;22.50;True;False;False;False;1;40.55380229039815;0;40.55380229039815;40.55380229039815
456;17.50;5.50;True;False;False;False;12;61.50;3.50;False;False;True;False;1;111.65722141876904;0;111.65722141876904;111.65722141876904
456;17.50;5.50;True;False;False;False;60;61.50;21.50;False;False;True;False;1;137.55942558829702;0;137.55942558829702;137.55942558829702
456;17.50;5.50;True;False;False;False;334;27.50;2.50;True;False;False;False;1;15.690655073864036;0;15.690655073864036;15.690655073864036
456;17.50;5.50;True;False;False;False;422;27.50;4.50;True;False;False;False;1;13.362235804610464;0;13.362235804610464;13.362235804610464
458;19.50;5.50;True;False;False;False;28;61.50;9.50;False;False;True;False;1;105.81487636890597;0;105.81487636890597;105.81487636890597
458;19.50;5.50;True;False;False;False;745;42.50;11.50;True;False;False;False;1;25.90830029891731;0;25.90830029891731;25.90830029891731
458;19.50;5.50;True;False;False;False;872;37.50;14.50;True;False;False;False;1;25.890461764144675;0;25.890461764144675;25.890461764144675
459;20.50;5.50;True;False;False;False;12;61.50;3.50;False;False;True;False;1;48.925181193355456;0;48.925181193355456;48.925181193355456
459;20.50;5.50;True;False;False;False;28;61.50;9.50;False;False;True;False;2;74.43866719882726;5.61341212671092;72.76334452442825;76.11398987322627
459;20.50;5.50;True;False;False;False;434;39.50;4.50;True;False;False;False;1;19.609717037943483;0;19.609717037943483;19.609717037943483
459;20.50;5.50;True;False;False;False;453;14.50;5.50;True;False;False;False;1;8.154999999998836;0;8.154999999998836;8.154999999998836
459;20.50;5.50;True;False;False;False;711;52.50;10.50;True;False;False;False;1;36.592688787986845;0;36.592688787986845;36.592688787986845
460;21.50;5.50;True;False;False;False;28;61.50;9.50;False;False;True;False;2;93.35190723138658;1299.7956397483954;67.85881365931891;118.84500080345424
460;21.50;5.50;True;False;False;False;44;61.50;15.50;False;False;True;False;1;106.43054436443799;0;106.43054436443799;106.43054436443799
460;21.50;5.50;True;False;False;False;60;61.50;21.50;False;False;True;False;2;112.35084700504922;63.02106345072658;106.73742276263147;117.96427124746697
460;21.50;5.50;True;False;False;False;300;37.50;1.50;True;False;False;False;1;20.36034318014208;0;20.36034318014208;20.36034318014208
460;21.50;5.50;True;False;False;False;556;29.50;7.50;True;False;False;False;1;12.963420773361577;0;12.963420773361577;12.963420773361577
460;21.50;5.50;True;False;False;False;1009;42.50;17.50;True;False;False;False;1;40.97064934696937;0;40.97064934696937;40.97064934696937
460;21.50;5.50;True;False;False;False;1124;25.50;20.50;True;False;False;False;1;25.7730591520085;0;25.7730591520085;25.7730591520085
460;21.50;5.50;True;False;False;False;1145;46.50;20.50;True;False;False;False;1;39.43443566368205;0;39.43443566368205;39.43443566368205
461;22.50;5.50;True;False;False;False;44;61.50;15.50;False;False;True;False;1;75.10268478980834;0;75.10268478980834;75.10268478980834
461;22.50;5.50;True;False;False;False;60;61.50;21.50;False;False;True;False;1;56.56981961009842;0;56.56981961009842;56.56981961009842
461;22.50;5.50;True;False;False;False;1107;52.50;19.50;True;False;False;False;1;37.2654585694072;0;37.2654585694072;37.2654585694072
461;22.50;5.50;True;False;False;False;1366;47.50;25.50;True;False;False;False;1;37.19009379140516;0;37.19009379140516;37.19009379140516
463;24.50;5.50;True;False;False;False;12;61.50;3.50;False;False;True;False;1;89.70240926614133;0;89.70240926614133;89.70240926614133
463;24.50;5.50;True;False;False;False;28;61.50;9.50;False;False;True;False;1;101.42536477798058;0;101.42536477798058;101.42536477798058
463;24.50;5.50;True;False;False;False;315;52.50;1.50;True;False;False;False;1;46.93869811133118;0;46.93869811133118;46.93869811133118
463;24.50;5.50;True;False;False;False;606;35.50;8.50;True;False;False;False;1;17.250273377863778;0;17.250273377863778;17.250273377863778
465;26.50;5.50;True;False;False;False;12;61.50;3.50;False;False;True;False;1;88.45805995545743;0;88.45805995545743;88.45805995545743
466;27.50;5.50;True;False;False;False;733;30.50;11.50;True;False;False;False;1;13.719669844234886;0;13.719669844234886;13.719669844234886
468;29.50;5.50;True;False;False;False;12;61.50;3.50;False;False;True;False;2;93.81989453598999;8319.024649120607;29.325613203764078;158.3141758682159
468;29.50;5.50;True;False;False;False;821;30.50;13.50;True;False;False;False;1;18.488979485544405;0;18.488979485544405;18.488979485544405
469;30.50;5.50;True;False;False;False;12;61.50;3.50;False;False;True;False;1;97.64037277436546;0;97.64037277436546;97.64037277436546
470;31.50;5.50;True;False;False;False;12;61.50;3.50;False;False;True;False;1;122.58573914019507;0;122.58573914019507;122.58573914019507
471;32.50;5.50;True;False;False;False;12;61.50;3.50;False;False;True;False;5;102.78027193547396;911.1281004875658;68.69842712474019;144.19511638082122
471;32.50;5.50;True;False;False;False;28;61.50;9.50;False;False;True;False;1;164.1202861758502;0;164.1202861758502;164.1202861758502
471;32.50;5.50;True;False;False;False;44;61.50;15.50;False;False;True;False;2;115.25172435175409;131.67189479499567;107.13778896887743;123.36565973463075
471;32.50;5.50;True;False;False;False;76;0.50;6.50;False;True;False;False;1;594.0171460304082;0;594.0171460304082;594.0171460304082
471;32.50;5.50;True;False;False;False;92;0.50;12.50;False;True;False;False;1;282.5541750647335;0;282.5541750647335;282.5541750647335
471;32.50;5.50;True;False;False;False;124;0.50;24.50;False;True;False;False;1;606.2739524426106;0;606.2739524426106;606.2739524426106
471;32.50;5.50;True;False;False;False;424;29.50;4.50;True;False;False;False;1;8.553795097472175;0;8.553795097472175;8.553795097472175
471;32.50;5.50;True;False;False;False;427;32.50;4.50;True;False;False;False;1;3.234993610532001;0;3.234993610532001;3.234993610532001
471;32.50;5.50;True;False;False;False;564;37.50;7.50;True;False;False;False;1;11.332312818896753;0;11.332312818896753;11.332312818896753
471;32.50;5.50;True;False;False;False;725;22.50;11.50;True;False;False;False;1;17.422316013631644;0;17.422316013631644;17.422316013631644
471;32.50;5.50;True;False;False;False;820;29.50;13.50;True;False;False;False;1;14.238613904126396;0;14.238613904126396;14.238613904126396
471;32.50;5.50;True;False;False;False;821;30.50;13.50;True;False;False;False;2;18.749081542775002;61.36045732796982;13.210107931718085;24.28805515383192
471;32.50;5.50;True;False;False;False;822;31.50;13.50;True;False;False;False;2;18.066991340152526;55.455038088767765;12.801298693939316;23.332683986365737
471;32.50;5.50;True;False;False;False;864;29.50;14.50;True;False;False;False;1;20.641669861390255;0;20.641669861390255;20.641669861390255
471;32.50;5.50;True;False;False;False;865;30.50;14.50;True;False;False;False;1;15.109072473526794;0;15.109072473526794;15.109072473526794
473;34.50;5.50;True;False;False;False;12;61.50;3.50;False;False;True;False;4;93.11575192866803;508.1960058893154;75.41337088578803;124.37139248534004
473;34.50;5.50;True;False;False;False;28;61.50;9.50;False;False;True;False;1;158.75713323244145;0;158.75713323244145;158.75713323244145
473;34.50;5.50;True;False;False;False;734;31.50;11.50;True;False;False;False;1;13.403811874612074;0;13.403811874612074;13.403811874612074
473;34.50;5.50;True;False;False;False;821;30.50;13.50;True;False;False;False;2;15.788051959092627;0.37684476658578675;15.353975487381831;16.222128430803423
473;34.50;5.50;True;False;False;False;822;31.50;13.50;True;False;False;False;1;14.042405806851093;0;14.042405806851093;14.042405806851093
473;34.50;5.50;True;False;False;False;865;30.50;14.50;True;False;False;False;1;15.6273128188991;0;15.6273128188991;15.6273128188991
474;35.50;5.50;True;False;False;False;12;61.50;3.50;False;False;True;False;5;108.38028729307466;763.0459901466764;87.77889608179976;151.76540795459368
474;35.50;5.50;True;False;False;False;28;61.50;9.50;False;False;True;False;2;103.43204183230591;37.45295124171176;99.10463202725441;107.75945163735742
474;35.50;5.50;True;False;False;False;92;0.50;12.50;False;True;False;False;2;275.2202953678561;0.04793352613200237;275.0654833429162;275.37510739279605
474;35.50;5.50;True;False;False;False;108;0.50;18.50;False;True;False;False;1;607.766411672831;0;607.766411672831;607.766411672831
474;35.50;5.50;True;False;False;False;124;0.50;24.50;False;True;False;False;1;594.2752901739987;0;594.2752901739987;594.2752901739987
474;35.50;5.50;True;False;False;False;312;49.50;1.50;True;False;False;False;1;19.09980922243267;0;19.09980922243267;19.09980922243267
474;35.50;5.50;True;False;False;False;424;29.50;4.50;True;False;False;False;1;10.87941884853717;0;10.87941884853717;10.87941884853717
474;35.50;5.50;True;False;False;False;456;17.50;5.50;True;False;False;False;1;16.096379706408698;0;16.096379706408698;16.096379706408698
474;35.50;5.50;True;False;False;False;478;39.50;5.50;True;False;False;False;1;6.78176045807777;0;6.78176045807777;6.78176045807777
474;35.50;5.50;True;False;False;False;479;40.50;5.50;True;False;False;False;1;6.096848663462879;0;6.096848663462879;6.096848663462879
474;35.50;5.50;True;False;False;False;485;46.50;5.50;True;False;False;False;1;11.345099377427687;0;11.345099377427687;11.345099377427687
474;35.50;5.50;True;False;False;False;733;30.50;11.50;True;False;False;False;1;15.409538235857326;0;15.409538235857326;15.409538235857326
474;35.50;5.50;True;False;False;False;734;31.50;11.50;True;False;False;False;1;14.210749489760929;0;14.210749489760929;14.210749489760929
474;35.50;5.50;True;False;False;False;822;31.50;13.50;True;False;False;False;1;15.486392485345277;0;15.486392485345277;15.486392485345277
474;35.50;5.50;True;False;False;False;864;29.50;14.50;True;False;False;False;1;17.437400220853306;0;17.437400220853306;17.437400220853306
474;35.50;5.50;True;False;False;False;866;31.50;14.50;True;False;False;False;1;16.329817218823337;0;16.329817218823337;16.329817218823337
475;36.50;5.50;True;False;False;False;12;61.50;3.50;False;False;True;False;4;110.83593452324476;1332.5052542095414;69.55564615221374;143.82602770735684
475;36.50;5.50;True;False;False;False;28;61.50;9.50;False;False;True;False;3;106.90520339587049;161.9374096663571;94.33413188814302;119.77963363417234
475;36.50;5.50;True;False;False;False;44;61.50;15.50;False;False;True;False;1;110.41444920797221;0;110.41444920797221;110.41444920797221
475;36.50;5.50;True;False;False;False;124;0.50;24.50;False;True;False;False;1;574.5682443435217;0;574.5682443435217;574.5682443435217
475;36.50;5.50;True;False;False;False;454;15.50;5.50;True;False;False;False;1;17.72500399818091;0;17.72500399818091;17.72500399818091
475;36.50;5.50;True;False;False;False;567;40.50;7.50;True;False;False;False;1;11.234177456017278;0;11.234177456017278;11.234177456017278
475;36.50;5.50;True;False;False;False;733;30.50;11.50;True;False;False;False;3;16.447936494444246;2.8334694162353204;15.292691179296526;18.379267249285476
475;36.50;5.50;True;False;False;False;821;30.50;13.50;True;False;False;False;2;17.166012537109964;0.024859087911564173;17.05452467249779;17.277500401722136
475;36.50;5.50;True;False;False;False;867;32.50;14.50;True;False;False;False;1;16.82286757100519;0;16.82286757100519;16.82286757100519
475;36.50;5.50;True;False;False;False;1410;47.50;26.50;True;False;False;False;1;29.54421261720563;0;29.54421261720563;29.54421261720563
476;37.50;5.50;True;False;False;False;12;61.50;3.50;False;False;True;False;1;95.14398987322602;0;95.14398987322602;95.14398987322602
476;37.50;5.50;True;False;False;False;28;61.50;9.50;False;False;True;False;1;88.79130188866839;0;88.79130188866839;88.79130188866839
476;37.50;5.50;True;False;False;False;76;0.50;6.50;False;True;False;False;2;480.4118606389528;23790.746117361035;371.3459491052361;589.4777721726696
476;37.50;5.50;True;False;False;False;92;0.50;12.50;False;True;False;False;1;292.22875165645746;0;292.22875165645746;292.22875165645746
476;37.50;5.50;True;False;False;False;484;45.50;5.50;True;False;False;False;1;10.04444444444448;0;10.04444444444448;10.04444444444448
476;37.50;5.50;True;False;False;False;489;50.50;5.50;True;False;False;False;1;12.310615773633799;0;12.310615773633799;12.310615773633799
476;37.50;5.50;True;False;False;False;724;21.50;11.50;True;False;False;False;1;21.829451637357124;0;21.829451637357124;21.829451637357124
476;37.50;5.50;True;False;False;False;822;31.50;13.50;True;False;False;False;1;23.877021841402893;0;23.877021841402893;23.877021841402893
476;37.50;5.50;True;False;False;False;1101;46.50;19.50;True;False;False;False;1;22.811774040448654;0;22.811774040448654;22.811774040448654
478;39.50;5.50;True;False;False;False;12;61.50;3.50;False;False;True;False;12;100.78802950919456;117.2527467475022;81.57916706839387;118.51111510927694
478;39.50;5.50;True;False;False;False;28;61.50;9.50;False;False;True;False;4;112.10617145923106;1025.2826672230224;83.5598614252267;152.00843512110077
478;39.50;5.50;True;False;False;False;569;42.50;7.50;True;False;False;False;1;9.848971802011874;0;9.848971802011874;9.848971802011874
478;39.50;5.50;True;False;False;False;572;45.50;7.50;True;False;False;False;1;12.444902210401779;0;12.444902210401779;12.444902210401779
478;39.50;5.50;True;False;False;False;610;39.50;8.50;True;False;False;False;1;6.252579003879873;0;6.252579003879873;6.252579003879873
478;39.50;5.50;True;False;False;False;733;30.50;11.50;True;False;False;False;1;18.19536397454317;0;18.19536397454317;18.19536397454317
478;39.50;5.50;True;False;False;False;734;31.50;11.50;True;False;False;False;2;17.07055915201454;0.0347691894077506;16.93870849898667;17.202409805042407
478;39.50;5.50;True;False;False;False;820;29.50;13.50;True;False;False;False;1;19.308881695978926;0;19.308881695978926;19.308881695978926
478;39.50;5.50;True;False;False;False;821;30.50;13.50;True;False;False;False;1;21.661302692114987;0;21.661302692114987;21.661302692114987
478;39.50;5.50;True;False;False;False;822;31.50;13.50;True;False;False;False;4;20.57872176003957;3.9286416342807353;18.901757263343825;23.092132428977493
478;39.50;5.50;True;False;False;False;843;52.50;13.50;True;False;False;False;1;25.45481561190809;0;25.45481561190809;25.45481561190809
478;39.50;5.50;True;False;False;False;1072;17.50;19.50;True;False;False;False;1;31.146017319693783;0;31.146017319693783;31.146017319693783
478;39.50;5.50;True;False;False;False;1109;10.50;20.50;True;False;False;False;1;49.89278497070336;0;49.89278497070336;49.89278497070336
478;39.50;5.50;True;False;False;False;1150;51.50;20.50;True;False;False;False;1;26.739256861626927;0;26.739256861626927;26.739256861626927
479;40.50;5.50;True;False;False;False;12;61.50;3.50;False;False;True;False;9;108.42849729163238;432.01116517044903;69.47056672761755;144.03900026086376
479;40.50;5.50;True;False;False;False;28;61.50;9.50;False;False;True;False;1;92.94814974868132;0;92.94814974868132;92.94814974868132
479;40.50;5.50;True;False;False;False;76;0.50;6.50;False;True;False;False;1;557.1983194385393;0;557.1983194385393;557.1983194385393
479;40.50;5.50;True;False;False;False;124;0.50;24.50;False;True;False;False;1;528.7205920108008;0;528.7205920108008;528.7205920108008
479;40.50;5.50;True;False;False;False;351;44.50;2.50;True;False;False;False;1;11.774112388477079;0;11.774112388477079;11.774112388477079
479;40.50;5.50;True;False;False;False;426;31.50;4.50;True;False;False;False;1;13.360086598486305;0;13.360086598486305;13.360086598486305
479;40.50;5.50;True;False;False;False;439;44.50;4.50;True;False;False;False;1;9.382038637584628;0;9.382038637584628;9.382038637584628
479;40.50;5.50;True;False;False;False;574;47.50;7.50;True;False;False;False;1;13.607792967050045;0;13.607792967050045;13.607792967050045
479;40.50;5.50;True;False;False;False;615;44.50;8.50;True;False;False;False;1;11.59888969234089;0;11.59888969234089;11.59888969234089
479;40.50;5.50;True;False;False;False;733;30.50;11.50;True;False;False;False;1;19.992316013625896;0;19.992316013625896;19.992316013625896
479;40.50;5.50;True;False;False;False;734;31.50;11.50;True;False;False;False;1;17.874907796420302;0;17.874907796420302;17.874907796420302
479;40.50;5.50;True;False;False;False;750;47.50;11.50;True;False;False;False;1;24.61537038305687;0;24.61537038305687;24.61537038305687
479;40.50;5.50;True;False;False;False;818;27.50;13.50;True;False;False;False;1;21.70185424949159;0;21.70185424949159;21.70185424949159
479;40.50;5.50;True;False;False;False;820;29.50;13.50;True;False;False;False;2;20.418140556676008;0.7575735798822526;19.802683986363263;21.033597126988752
479;40.50;5.50;True;False;False;False;822;31.50;13.50;True;False;False;False;1;18.942590194953482;0;18.942590194953482;18.942590194953482
479;40.50;5.50;True;False;False;False;823;32.50;13.50;True;False;False;False;1;18.607961362417882;0;18.607961362417882;18.607961362417882
480;41.50;5.50;True;False;False;False;12;61.50;3.50;False;False;True;False;6;106.99015784096295;556.1224768315433;78.20388042094146;130.83974339923225
480;41.50;5.50;True;False;False;False;28;61.50;9.50;False;False;True;False;1;51.42620170777991;0;51.42620170777991;51.42620170777991
480;41.50;5.50;True;False;False;False;684;25.50;10.50;True;False;False;False;1;22.029841188814316;0;22.029841188814316;22.029841188814316
480;41.50;5.50;True;False;False;False;711;52.50;10.50;True;False;False;False;1;17.549076471712397;0;17.549076471712397;17.549076471712397
480;41.50;5.50;True;False;False;False;821;30.50;13.50;True;False;False;False;1;20.973896081804924;0;20.973896081804924;20.973896081804924
480;41.50;5.50;True;False;False;False;822;31.50;13.50;True;False;False;False;1;19.754722623962152;0;19.754722623962152;19.754722623962152
480;41.50;5.50;True;False;False;False;823;32.50;13.50;True;False;False;False;1;19.196485473303255;0;19.196485473303255;19.196485473303255
480;41.50;5.50;True;False;False;False;865;30.50;14.50;True;False;False;False;1;20.41760377734181;0;20.41760377734181;20.41760377734181
480;41.50;5.50;True;False;False;False;1273;42.50;23.50;True;False;False;False;1;22.646932379520877;0;22.646932379520877;22.646932379520877
481;42.50;5.50;True;False;False;False;12;61.50;3.50;False;False;True;False;6;102.46481774808136;95.57528940153594;89.55528137421788;118.68704183230147
481;42.50;5.50;True;False;False;False;28;61.50;9.50;False;False;True;False;5;80.31227881844634;554.992574576268;43.69898268029965;101.28054197319216
481;42.50;5.50;True;False;False;False;44;61.50;15.50;False;False;True;False;1;92.88068829909116;0;92.88068829909116;92.88068829909116
481;42.50;5.50;True;False;False;False;60;61.50;21.50;False;False;True;False;1;106.44728804539045;0;106.44728804539045;106.44728804539045
481;42.50;5.50;True;False;False;False;76;0.50;6.50;False;True;False;False;1;587.6738214778907;0;587.6738214778907;587.6738214778907
481;42.50;5.50;True;False;False;False;300;37.50;1.50;True;False;False;False;1;13.59101731969713;0;13.59101731969713;13.59101731969713
481;42.50;5.50;True;False;False;False;331;24.50;2.50;True;False;False;False;1;21.226576069981093;0;21.226576069981093;21.226576069981093
481;42.50;5.50;True;False;False;False;349;42.50;2.50;True;False;False;False;1;6.276673859586481;0;6.276673859586481;6.276673859586481
481;42.50;5.50;True;False;False;False;734;31.50;11.50;True;False;False;False;3;18.496297361210093;0.147627601733958;18.10860431992478;18.87695443037228
481;42.50;5.50;True;False;False;False;821;30.50;13.50;True;False;False;False;1;19.961111111111677;0;19.961111111111677;19.961111111111677
481;42.50;5.50;True;False;False;False;822;31.50;13.50;True;False;False;False;3;19.48022076817506;0.01577585007569269;19.335655915092502;19.562583002036263
481;42.50;5.50;True;False;False;False;838;47.50;13.50;True;False;False;False;1;18.460781494282855;0;18.460781494282855;18.460781494282855
481;42.50;5.50;True;False;False;False;864;29.50;14.50;True;False;False;False;1;21.48074313838879;0;21.48074313838879;21.48074313838879
481;42.50;5.50;True;False;False;False;865;30.50;14.50;True;False;False;False;1;21.377129234259428;0;21.377129234259428;21.377129234259428
481;42.50;5.50;True;False;False;False;866;31.50;14.50;True;False;False;False;1;20.018042374891138;0;20.018042374891138;20.018042374891138
483;44.50;5.50;True;False;False;False;12;61.50;3.50;False;False;True;False;10;89.42103786246042;652.386205389748;31.25342712474619;119.53445163735523
483;44.50;5.50;True;False;False;False;28;61.50;9.50;False;False;True;False;3;79.21336939241792;220.85312359689584;70.23120809726151;96.36713962190333
483;44.50;5.50;True;False;False;False;44;61.50;15.50;False;False;True;False;1;89.36204183230802;0;89.36204183230802;89.36204183230802
483;44.50;5.50;True;False;False;False;76;0.50;6.50;False;True;False;False;1;578.9137016373716;0;578.9137016373716;578.9137016373716
483;44.50;5.50;True;False;False;False;92;0.50;12.50;False;True;False;False;2;281.37499813225986;1030.9916404504074;258.6704650997308;304.07953116478893
483;44.50;5.50;True;False;False;False;303;40.50;1.50;True;False;False;False;1;12.346294695755205;0;12.346294695755205;12.346294695755205
483;44.50;5.50;True;False;False;False;356;49.50;2.50;True;False;False;False;1;12.341017319698267;0;12.341017319698267;12.341017319698267
483;44.50;5.50;True;False;False;False;572;45.50;7.50;True;False;False;False;1;8.457683986365737;0;8.457683986365737;8.457683986365737
483;44.50;5.50;True;False;False;False;688;29.50;10.50;True;False;False;False;1;21.030649346972496;0;21.030649346972496;21.030649346972496
483;44.50;5.50;True;False;False;False;703;44.50;10.50;True;False;False;False;1;7.456557666835579;0;7.456557666835579;7.456557666835579
483;44.50;5.50;True;False;False;False;706;47.50;10.50;True;False;False;False;1;13.085923528276908;0;13.085923528276908;13.085923528276908
483;44.50;5.50;True;False;False;False;732;29.50;11.50;True;False;False;False;1;21.430278179512243;0;21.430278179512243;21.430278179512243
483;44.50;5.50;True;False;False;False;734;31.50;11.50;True;False;False;False;2;24.37065094433416;30.024068326026335;20.49611430584264;28.24518758282568
483;44.50;5.50;True;False;False;False;820;29.50;13.50;True;False;False;False;1;22.743139361029534;0;22.743139361029534;22.743139361029534
483;44.50;5.50;True;False;False;False;822;31.50;13.50;True;False;False;False;1;24.92397548738154;0;24.92397548738154;24.92397548738154
483;44.50;5.50;True;False;False;False;835;44.50;13.50;True;False;False;False;1;8.5496248343552;0;8.5496248343552;8.5496248343552
483;44.50;5.50;True;False;False;False;840;49.50;13.50;True;False;False;False;1;15.385461764140928;0;15.385461764140928;15.385461764140928
483;44.50;5.50;True;False;False;False;864;29.50;14.50;True;False;False;False;1;23.10064934696493;0;23.10064934696493;23.10064934696493
483;44.50;5.50;True;False;False;False;866;31.50;14.50;True;False;False;False;1;42.19474978874496;0;42.19474978874496;42.19474978874496
483;44.50;5.50;True;False;False;False;867;32.50;14.50;True;False;False;False;1;33.32222622040672;0;33.32222622040672;33.32222622040672
483;44.50;5.50;True;False;False;False;1330;11.50;25.50;True;False;False;False;1;44.58472262393843;0;44.58472262393843;44.58472262393843
484;45.50;5.50;True;False;False;False;12;61.50;3.50;False;False;True;False;9;114.00864677269915;1749.9114713196054;76.70297255352307;201.51390327470472
484;45.50;5.50;True;False;False;False;28;61.50;9.50;False;False;True;False;1;93.49019238446249;0;93.49019238446249;93.49019238446249
484;45.50;5.50;True;False;False;False;60;61.50;21.50;False;False;True;False;1;92.27101731969105;0;92.27101731969105;92.27101731969105
484;45.50;5.50;True;False;False;False;92;0.50;12.50;False;True;False;False;2;282.9467672587871;2.988526517521177;281.72436664574707;284.1691678718271
484;45.50;5.50;True;False;False;False;108;0.50;18.50;False;True;False;False;1;535.1286483190211;0;535.1286483190211;535.1286483190211
484;45.50;5.50;True;False;False;False;305;42.50;1.50;True;False;False;False;1;11.5801939723151;0;11.5801939723151;11.5801939723151
484;45.50;5.50;True;False;False;False;422;27.50;4.50;True;False;False;False;1;18.523143604626966;0;18.523143604626966;18.523143604626966
484;45.50;5.50;True;False;False;False;538;11.50;7.50;True;False;False;False;1;31.868614707571396;0;31.868614707571396;31.868614707571396
484;45.50;5.50;True;False;False;False;733;30.50;11.50;True;False;False;False;1;21.2921292342603;0;21.2921292342603;21.2921292342603
484;45.50;5.50;True;False;False;False;734;31.50;11.50;True;False;False;False;1;22.230281374238984;0;22.230281374238984;22.230281374238984
484;45.50;5.50;True;False;False;False;820;29.50;13.50;True;False;False;False;2;27.68402797864428;7.656081613604572;25.727490014074647;29.640565943213915
484;45.50;5.50;True;False;False;False;821;30.50;13.50;True;False;False;False;2;24.28910978502472;2.6218022799449012;23.14416387365054;25.4340556963989
484;45.50;5.50;True;False;False;False;822;31.50;13.50;True;False;False;False;3;27.726203837612047;79.33276070503439;22.271298693935023;38.00453504111647
484;45.50;5.50;True;False;False;False;864;29.50;14.50;True;False;False;False;1;24.093617902308324;0;24.093617902308324;24.093617902308324
484;45.50;5.50;True;False;False;False;1238;51.50;22.50;True;False;False;False;1;23.55916706838252;0;23.55916706838252;23.55916706838252
485;46.50;5.50;True;False;False;False;12;61.50;3.50;False;False;True;False;11;94.40163443485162;744.3101354511193;53.851204902519385;147.61074713655398
485;46.50;5.50;True;False;False;False;28;61.50;9.50;False;False;True;False;3;93.11668177408016;643.7961914275506;66.85472581867725;117.49614602660586
485;46.50;5.50;True;False;False;False;60;61.50;21.50;False;False;True;False;1;92.42097709241352;0;92.42097709241352;92.42097709241352
485;46.50;5.50;True;False;False;False;92;0.50;12.50;False;True;False;False;2;258.07678284026406;184.02480785152073;248.48447321610365;267.66909246442447
485;46.50;5.50;True;False;False;False;108;0.50;18.50;False;True;False;False;1;540.291124957932;0;540.291124957932;540.291124957932
485;46.50;5.50;True;False;False;False;310;47.50;1.50;True;False;False;False;1;9.610281374240003;0;9.610281374240003;9.610281374240003
485;46.50;5.50;True;False;False;False;441;46.50;4.50;True;False;False;False;1;2.8472198309646046;0;2.8472198309646046;2.8472198309646046
485;46.50;5.50;True;False;False;False;484;45.50;5.50;True;False;False;False;1;4.033423126562411;0;4.033423126562411;4.033423126562411
485;46.50;5.50;True;False;False;False;489;50.50;5.50;True;False;False;False;1;7.04917560373724;0;7.04917560373724;7.04917560373724
485;46.50;5.50;True;False;False;False;701;42.50;10.50;True;False;False;False;1;14.084128693448292;0;14.084128693448292;14.084128693448292
485;46.50;5.50;True;False;False;False;733;30.50;11.50;True;False;False;False;1;22.17286180633164;0;22.17286180633164;22.17286180633164
485;46.50;5.50;True;False;False;False;734;31.50;11.50;True;False;False;False;1;21.459802029523416;0;21.459802029523416;21.459802029523416
485;46.50;5.50;True;False;False;False;754;51.50;11.50;True;False;False;False;1;16.174906208583707;0;16.174906208583707;16.174906208583707
485;46.50;5.50;True;False;False;False;820;29.50;13.50;True;False;False;False;3;34.104321786868844;287.81891906597974;24.19296536060574;53.693614707572124
485;46.50;5.50;True;False;False;False;821;30.50;13.50;True;False;False;False;2;23.65569783049159;0.10936267036111365;23.42185742512811;23.88953823585507
485;46.50;5.50;True;False;False;False;822;31.50;13.50;True;False;False;False;2;26.740786839348402;22.88569321328068;23.358059152016722;30.123514526680083
485;46.50;5.50;True;False;False;False;837;46.50;13.50;True;False;False;False;1;10.227965360605594;0;10.227965360605594;10.227965360605594
485;46.50;5.50;True;False;False;False;864;29.50;14.50;True;False;False;False;1;25.049076471712397;0;25.049076471712397;25.049076471712397
485;46.50;5.50;True;False;False;False;865;30.50;14.50;True;False;False;False;1;25.457350929136737;0;25.457350929136737;25.457350929136737
486;47.50;5.50;True;False;False;False;12;61.50;3.50;False;False;True;False;6;108.42085362660623;566.3211350933751;71.53787876210845;133.54639648351986
486;47.50;5.50;True;False;False;False;28;61.50;9.50;False;False;True;False;1;33.001386095877024;0;33.001386095877024;33.001386095877024
486;47.50;5.50;True;False;False;False;124;0.50;24.50;False;True;False;False;1;569.8408237716394;0;569.8408237716394;569.8408237716394
486;47.50;5.50;True;False;False;False;603;32.50;8.50;True;False;False;False;1;19.55277777777519;0;19.55277777777519;19.55277777777519
486;47.50;5.50;True;False;False;False;705;46.50;10.50;True;False;False;False;1;10.003791902740886;0;10.003791902740886;10.003791902740886
486;47.50;5.50;True;False;False;False;734;31.50;11.50;True;False;False;False;3;21.73660307414866;0.07386352987611244;21.427222222220735;21.93685824768545
486;47.50;5.50;True;False;False;False;822;31.50;13.50;True;False;False;False;1;30.777503596463248;0;30.777503596463248;30.777503596463248
486;47.50;5.50;True;False;False;False;837;46.50;13.50;True;False;False;False;1;12.53064215402992;0;12.53064215402992;12.53064215402992
486;47.50;5.50;True;False;False;False;1282;51.50;23.50;True;False;False;False;1;22.455781494272742;0;22.455781494272742;22.455781494272742
488;49.50;5.50;True;False;False;False;12;61.50;3.50;False;False;True;False;5;103.19297322106686;1520.289145113244;41.2395020926524;135.74704667209335
488;49.50;5.50;True;False;False;False;28;61.50;9.50;False;False;True;False;1;82.53121529017426;0;82.53121529017426;82.53121529017426
488;49.50;5.50;True;False;False;False;44;61.50;15.50;False;False;True;False;1;139.9239866784851;0;139.9239866784851;139.9239866784851
488;49.50;5.50;True;False;False;False;351;44.50;2.50;True;False;False;False;1;12.867403415576973;0;12.867403415576973;12.867403415576973
488;49.50;5.50;True;False;False;False;578;51.50;7.50;True;False;False;False;1;9.010461764143656;0;9.010461764143656;9.010461764143656
488;49.50;5.50;True;False;False;False;733;30.50;11.50;True;False;False;False;1;12.005799983147881;0;12.005799983147881;12.005799983147881
488;49.50;5.50;True;False;False;False;753;50.50;11.50;True;False;False;False;1;10.887503596461556;0;10.887503596461556;10.887503596461556
488;49.50;5.50;True;False;False;False;823;32.50;13.50;True;False;False;False;1;24.278431122933398;0;24.278431122933398;24.278431122933398
488;49.50;5.50;True;False;False;False;975;52.50;16.50;True;False;False;False;1;16.16749401225934;0;16.16749401225934;16.16749401225934
488;49.50;5.50;True;False;False;False;1102;47.50;19.50;True;False;False;False;1;17.838423930009867;0;17.838423930009867;17.838423930009867
489;50.50;5.50;True;False;False;False;12;61.50;3.50;False;False;True;False;3;98.01089527955848;101.0714034784028;91.78582759100209;109.60917026312859
489;50.50;5.50;True;False;False;False;28;61.50;9.50;False;False;True;False;5;125.01795060430818;1581.5085719075569;87.49835011045798;188.91667625086484
489;50.50;5.50;True;False;False;False;44;61.50;15.50;False;False;True;False;1;88.91638929059991;0;88.91638929059991;88.91638929059991
489;50.50;5.50;True;False;False;False;60;61.50;21.50;False;False;True;False;2;89.24902957600352;361.9717375946006;75.79593072119314;102.7021284308139
489;50.50;5.50;True;False;False;False;108;0.50;18.50;False;True;False;False;1;558.4611593537038;0;558.4611593537038;558.4611593537038
489;50.50;5.50;True;False;False;False;621;50.50;8.50;True;False;False;False;1;6.95833333333303;0;6.95833333333303;6.95833333333303
489;50.50;5.50;True;False;False;False;733;30.50;11.50;True;False;False;False;1;25.571888852718985;0;25.571888852718985;25.571888852718985
489;50.50;5.50;True;False;False;False;734;31.50;11.50;True;False;False;False;2;24.43150079484238;0.18084464056080718;24.130797751491627;24.73220383819313
489;50.50;5.50;True;False;False;False;745;42.50;11.50;True;False;False;False;1;21.41231601362597;0;21.41231601362597;21.41231601362597
489;50.50;5.50;True;False;False;False;822;31.50;13.50;True;False;False;False;3;32.63493693041581;137.58354397551687;25.835352802504303;46.179076471716144
489;50.50;5.50;True;False;False;False;838;47.50;13.50;True;False;False;False;1;15.097222222218988;0;15.097222222218988;15.097222222218988
489;50.50;5.50;True;False;False;False;859;24.50;14.50;True;False;False;False;1;32.659083664635546;0;32.659083664635546;32.659083664635546
489;50.50;5.50;True;False;False;False;865;30.50;14.50;True;False;False;False;1;30.873885694149067;0;30.873885694149067;30.873885694149067
489;50.50;5.50;True;False;False;False;1148;49.50;20.50;True;False;False;False;1;22.224996805266528;0;22.224996805266528;22.224996805266528
490;51.50;5.50;True;False;False;False;12;61.50;3.50;False;False;True;False;7;87.36105485466051;260.3283005152185;70.83074633308934;111.09333652806936
490;51.50;5.50;True;False;False;False;28;61.50;9.50;False;False;True;False;2;71.6738543799529;5.204685668790264;70.06067651177;73.2870322481358
490;51.50;5.50;True;False;False;False;108;0.50;18.50;False;True;False;False;1;586.3654761499147;0;586.3654761499147;586.3654761499147
490;51.50;5.50;True;False;False;False;292;29.50;1.50;True;False;False;False;1;25.110276572593648;0;25.110276572593648;25.110276572593648
490;51.50;5.50;True;False;False;False;608;37.50;8.50;True;False;False;False;1;23.808892887071124;0;23.808892887071124;23.808892887071124
490;51.50;5.50;True;False;False;False;733;30.50;11.50;True;False;False;False;3;25.587342749980508;0.025471080044655134;25.40592672302091;25.706108719841723
490;51.50;5.50;True;False;False;False;822;31.50;13.50;True;False;False;False;2;28.390185838776233;7.273176820576618;26.483201724975515;30.29716995257695
490;51.50;5.50;True;False;False;False;865;30.50;14.50;True;False;False;False;1;46.051576873439444;0;46.051576873439444;46.051576873439444
490;51.50;5.50;True;False;False;False;877;42.50;14.50;True;False;False;False;1;19.412781775978146;0;19.412781775978146;19.412781775978146
490;51.50;5.50;True;False;False;False;1414;51.50;26.50;True;False;False;False;1;19.416843371204777;0;19.416843371204777;19.416843371204777
491;52.50;5.50;True;False;False;False;12;61.50;3.50;False;False;True;False;5;106.8420982129796;4676.145682837742;18.946851054756987;203.48768157600625
491;52.50;5.50;True;False;False;False;28;61.50;9.50;False;False;True;False;4;75.34080408907903;918.2850258290033;34.11536797272856;106.80121289889757
491;52.50;5.50;True;False;False;False;60;61.50;21.50;False;False;True;False;1;121.84056194501136;0;121.84056194501136;121.84056194501136
491;52.50;5.50;True;False;False;False;108;0.50;18.50;False;True;False;False;3;553.1281050694566;1732.4135814481047;506.9227095633323;587.6854809515662
491;52.50;5.50;True;False;False;False;124;0.50;24.50;False;True;False;False;1;560.8050039599093;0;560.8050039599093;560.8050039599093
491;52.50;5.50;True;False;False;False;310;47.50;1.50;True;False;False;False;1;13.0925019895476;0;13.0925019895476;13.0925019895476
491;52.50;5.50;True;False;False;False;485;46.50;5.50;True;False;False;False;1;7.3732371506321215;0;7.3732371506321215;7.3732371506321215
491;52.50;5.50;True;False;False;False;489;50.50;5.50;True;False;False;False;1;4.628704500802996;0;4.628704500802996;4.628704500802996
491;52.50;5.50;True;False;False;False;615;44.50;8.50;True;False;False;False;1;14.482056237129655;0;14.482056237129655;14.482056237129655
491;52.50;5.50;True;False;False;False;709;50.50;10.50;True;False;False;False;1;11.72389608181038;0;11.72389608181038;11.72389608181038
491;52.50;5.50;True;False;False;False;822;31.50;13.50;True;False;False;False;2;28.240602451252926;10.091294282097833;25.994350653023503;30.48685424948235
491;52.50;5.50;True;False;False;False;838;47.50;13.50;True;False;False;False;1;15.574999999998909;0;15.574999999998909;15.574999999998909
491;52.50;5.50;True;False;False;False;861;26.50;14.50;True;False;False;False;1;30.27426805272674;0;30.27426805272674;30.27426805272674
491;52.50;5.50;True;False;False;False;864;29.50;14.50;True;False;False;False;2;28.593764194488813;0.3094670822559547;28.200402349455544;28.98712603952208
491;52.50;5.50;True;False;False;False;886;51.50;14.50;True;False;False;False;1;13.446666666665806;0;13.446666666665806;13.446666666665806
491;52.50;5.50;True;False;False;False;1281;50.50;23.50;True;False;False;False;1;20.660090596675218;0;20.660090596675218;20.660090596675218
491;52.50;5.50;True;False;False;False;1377;14.50;26.50;True;False;False;False;1;52.17620490252921;0;52.17620490252921;52.17620490252921
536;9.50;7.50;True;False;False;False;12;61.50;3.50;False;False;True;False;1;111.28398587504853;0;111.28398587504853;111.28398587504853
536;9.50;7.50;True;False;False;False;44;61.50;15.50;False;False;True;False;1;125.67861311967863;0;125.67861311967863;125.67861311967863
536;9.50;7.50;True;False;False;False;304;41.50;1.50;True;False;False;False;1;33.31971062938902;0;33.31971062938902;33.31971062938902
536;9.50;7.50;True;False;False;False;709;50.50;10.50;True;False;False;False;1;39.21611269898676;0;39.21611269898676;39.21611269898676
536;9.50;7.50;True;False;False;False;830;39.50;13.50;True;False;False;False;1;32.12065653989703;0;32.12065653989703;32.12065653989703
537;10.50;7.50;True;False;False;False;28;61.50;9.50;False;False;True;False;1;64.42473220814645;0;64.42473220814645;64.42473220814645
537;10.50;7.50;True;False;False;False;1402;39.50;26.50;True;False;False;False;1;38.32407966645587;0;38.32407966645587;38.32407966645587
538;11.50;7.50;True;False;False;False;12;61.50;3.50;False;False;True;False;1;106.66555236080603;0;106.66555236080603;106.66555236080603
538;11.50;7.50;True;False;False;False;28;61.50;9.50;False;False;True;False;1;66.02527179003346;0;66.02527179003346;66.02527179003346
538;11.50;7.50;True;False;False;False;44;61.50;15.50;False;False;True;False;1;92.70722541694522;0;92.70722541694522;92.70722541694522
538;11.50;7.50;True;False;False;False;349;42.50;2.50;True;False;False;False;1;35.49240341557697;0;35.49240341557697;35.49240341557697
538;11.50;7.50;True;False;False;False;479;40.50;5.50;True;False;False;False;1;51.97324673483672;0;51.97324673483672;51.97324673483672
538;11.50;7.50;True;False;False;False;747;44.50;11.50;True;False;False;False;1;31.754076471712324;0;31.754076471712324;31.754076471712324
538;11.50;7.50;True;False;False;False;1105;50.50;19.50;True;False;False;False;1;40.94064615223306;0;40.94064615223306;40.94064615223306
541;14.50;7.50;True;False;False;False;12;61.50;3.50;False;False;True;False;1;60.939170263118285;0;60.939170263118285;60.939170263118285
541;14.50;7.50;True;False;False;False;28;61.50;9.50;False;False;True;False;2;154.35939331449663;349.94158216902247;141.13174079847886;167.5870458305144
541;14.50;7.50;True;False;False;False;485;46.50;5.50;True;False;False;False;1;30.00339250252364;0;30.00339250252364;30.00339250252364
541;14.50;7.50;True;False;False;False;841;50.50;13.50;True;False;False;False;1;35.820565943198744;0;35.820565943198744;35.820565943198744
541;14.50;7.50;True;False;False;False;1004;37.50;17.50;True;False;False;False;1;29.23116579103953;0;29.23116579103953;29.23116579103953
542;15.50;7.50;True;False;False;False;12;61.50;3.50;False;False;True;False;1;96.40472182050507;0;96.40472182050507;96.40472182050507
542;15.50;7.50;True;False;False;False;44;61.50;15.50;False;False;True;False;1;114.95814655395588;0;114.95814655395588;114.95814655395588
542;15.50;7.50;True;False;False;False;1126;27.50;20.50;True;False;False;False;1;24.128333333330374;0;24.128333333330374;24.128333333330374
542;15.50;7.50;True;False;False;False;1135;36.50;20.50;True;False;False;False;1;29.491111111103237;0;29.491111111103237;29.491111111103237
544;17.50;7.50;True;False;False;False;12;61.50;3.50;False;False;True;False;2;185.28139328878842;2212.940166299621;152.01774822169136;218.54503835588548
544;17.50;7.50;True;False;False;False;28;61.50;9.50;False;False;True;False;1;6.961355538704083;0;6.961355538704083;6.961355538704083
544;17.50;7.50;True;False;False;False;333;26.50;2.50;True;False;False;False;1;18.93491739969295;0;18.93491739969295;18.93491739969295
544;17.50;7.50;True;False;False;False;577;50.50;7.50;True;False;False;False;1;25.877030641207966;0;25.877030641207966;25.877030641207966
544;17.50;7.50;True;False;False;False;605;34.50;8.50;True;False;False;False;1;20.63953823585325;0;20.63953823585325;20.63953823585325
546;19.50;7.50;True;False;False;False;44;61.50;15.50;False;False;True;False;2;142.66642820898414;7.677698648086238;140.70713003768833;144.62572638027996
546;19.50;7.50;True;False;False;False;483;44.50;5.50;True;False;False;False;1;25.570274181311106;0;25.570274181311106;25.570274181311106
546;19.50;7.50;True;False;False;False;1229;42.50;22.50;True;False;False;False;1;32.689815611935046;0;32.689815611935046;32.689815611935046
547;20.50;7.50;True;False;False;False;28;61.50;9.50;False;False;True;False;1;60.34527817950584;0;60.34527817950584;60.34527817950584
547;20.50;7.50;True;False;False;False;691;32.50;10.50;True;False;False;False;1;17.53888249942065;0;17.53888249942065;17.53888249942065
548;21.50;7.50;True;False;False;False;44;61.50;15.50;False;False;True;False;2;105.86889088797534;13.675489869064982;103.25398268030676;108.48379909564392
548;21.50;7.50;True;False;False;False;60;61.50;21.50;False;False;True;False;1;73.40092672301034;0;73.40092672301034;73.40092672301034
548;21.50;7.50;True;False;False;False;569;42.50;7.50;True;False;False;False;1;17.558621900489925;0;17.558621900489925;17.558621900489925
548;21.50;7.50;True;False;False;False;578;51.50;7.50;True;False;False;False;1;31.74490940331816;0;31.74490940331816;31.74490940331816
548;21.50;7.50;True;False;False;False;830;39.50;13.50;True;False;False;False;1;42.694557423321385;0;42.694557423321385;42.694557423321385
549;22.50;7.50;True;False;False;False;12;61.50;3.50;False;False;True;False;1;97.55492716253866;0;97.55492716253866;97.55492716253866
549;22.50;7.50;True;False;False;False;44;61.50;15.50;False;False;True;False;1;87.53269837220432;0;87.53269837220432;87.53269837220432
549;22.50;7.50;True;False;False;False;874;39.50;14.50;True;False;False;False;1;22.824999999991633;0;22.824999999991633;22.824999999991633
551;24.50;7.50;True;False;False;False;12;61.50;3.50;False;False;True;False;3;122.0833002075163;623.705936851138;98.8901907775471;148.5212057059789
551;24.50;7.50;True;False;False;False;733;30.50;11.50;True;False;False;False;1;13.8109038687071;0;13.8109038687071;13.8109038687071
551;24.50;7.50;True;False;False;False;748;45.50;11.50;True;False;False;False;1;23.551479083840604;0;23.551479083840604;23.551479083840604
551;24.50;7.50;True;False;False;False;843;52.50;13.50;True;False;False;False;1;29.788246734847235;0;29.788246734847235;29.788246734847235
551;24.50;7.50;True;False;False;False;974;51.50;16.50;True;False;False;False;1;30.778181715089886;0;30.778181715089886;30.778181715089886
552;25.50;7.50;True;False;False;False;12;61.50;3.50;False;False;True;False;4;88.45696889184069;361.03013076889835;64.24092272480812;104.14269917565707
552;25.50;7.50;True;False;False;False;28;61.50;9.50;False;False;True;False;1;39.138203398710175;0;39.138203398710175;39.138203398710175
552;25.50;7.50;True;False;False;False;352;45.50;2.50;True;False;False;False;1;57.468243540105505;0;57.468243540105505;57.468243540105505
552;25.50;7.50;True;False;False;False;424;29.50;4.50;True;False;False;False;1;12.020837733252847;0;12.020837733252847;12.020837733252847
552;25.50;7.50;True;False;False;False;742;39.50;11.50;True;False;False;False;1;23.537147599188756;0;23.537147599188756;23.537147599188756
552;25.50;7.50;True;False;False;False;1412;49.50;26.50;True;False;False;False;1;35.23934408490459;0;35.23934408490459;35.23934408490459
553;26.50;7.50;True;False;False;False;12;61.50;3.50;False;False;True;False;2;102.96779455491014;11.649554056881751;100.5543370706273;105.38125203919299
553;26.50;7.50;True;False;False;False;427;32.50;4.50;True;False;False;False;1;14.051204902521931;0;14.051204902521931;14.051204902521931
554;27.50;7.50;True;False;False;False;60;61.50;21.50;False;False;True;False;1;50.92723980280425;0;50.92723980280425;50.92723980280425
554;27.50;7.50;True;False;False;False;92;0.50;12.50;False;True;False;False;1;251.7476847897924;0;251.7476847897924;251.7476847897924
554;27.50;7.50;True;False;False;False;108;0.50;18.50;False;True;False;False;1;600.6744916001226;0;600.6744916001226;600.6744916001226
554;27.50;7.50;True;False;False;False;124;0.50;24.50;False;True;False;False;1;600.8412915390436;0;600.8412915390436;600.8412915390436
554;27.50;7.50;True;False;False;False;579;52.50;7.50;True;False;False;False;1;19.584825196128804;0;19.584825196128804;19.584825196128804
554;27.50;7.50;True;False;False;False;755;52.50;11.50;True;False;False;False;1;27.13611111110913;0;27.13611111110913;27.13611111110913
554;27.50;7.50;True;False;False;False;813;22.50;13.50;True;False;False;False;1;14.730555555550382;0;14.730555555550382;14.730555555550382
554;27.50;7.50;True;False;False;False;866;31.50;14.50;True;False;False;False;1;15.7415760699987;0;15.7415760699987;15.7415760699987
556;29.50;7.50;True;False;False;False;12;61.50;3.50;False;False;True;False;4;119.88317239784737;525.7237304281336;94.13675087386946;140.72204583049825
556;29.50;7.50;True;False;False;False;76;0.50;6.50;False;True;False;False;1;590.920822658205;0;590.920822658205;590.920822658205
556;29.50;7.50;True;False;False;False;124;0.50;24.50;False;True;False;False;1;588.5294636318813;0;588.5294636318813;588.5294636318813
556;29.50;7.50;True;False;False;False;349;42.50;2.50;True;False;False;False;1;19.50231281890592;0;19.50231281890592;19.50231281890592
556;29.50;7.50;True;False;False;False;734;31.50;11.50;True;False;False;False;1;11.669444444443798;0;11.669444444443798;11.669444444443798
556;29.50;7.50;True;False;False;False;820;29.50;13.50;True;False;False;False;1;7.648520916161942;0;7.648520916161942;7.648520916161942
556;29.50;7.50;True;False;False;False;821;30.50;13.50;True;False;False;False;1;11.095836929802317;0;11.095836929802317;11.095836929802317
556;29.50;7.50;True;False;False;False;823;32.50;13.50;True;False;False;False;1;14.932138818470776;0;14.932138818470776;14.932138818470776
556;29.50;7.50;True;False;False;False;887;52.50;14.50;True;False;False;False;1;27.247777777780357;0;27.247777777780357;27.247777777780357
556;29.50;7.50;True;False;False;False;1014;47.50;17.50;True;False;False;False;1;25.231581343730795;0;25.231581343730795;25.231581343730795
557;30.50;7.50;True;False;False;False;12;61.50;3.50;False;False;True;False;1;91.005007192922;0;91.005007192922;91.005007192922
558;31.50;7.50;True;False;False;False;12;61.50;3.50;False;False;True;False;1;151.65937303524686;0;151.65937303524686;151.65937303524686
559;32.50;7.50;True;False;False;False;12;61.50;3.50;False;False;True;False;8;116.77507599624926;1795.124602853104;66.89990301385114;184.00982041352472
559;32.50;7.50;True;False;False;False;28;61.50;9.50;False;False;True;False;3;100.07451762750695;2561.8666496644983;68.336684247206;158.44518838625663
559;32.50;7.50;True;False;False;False;76;0.50;6.50;False;True;False;False;1;525.3676349593989;0;525.3676349593989;525.3676349593989
559;32.50;7.50;True;False;False;False;108;0.50;18.50;False;True;False;False;1;621.2393207655659;0;621.2393207655659;621.2393207655659
559;32.50;7.50;True;False;False;False;459;20.50;5.50;True;False;False;False;1;16.718051959085642;0;16.718051959085642;16.718051959085642
559;32.50;7.50;True;False;False;False;562;35.50;7.50;True;False;False;False;1;6.6553751656520035;0;6.6553751656520035;6.6553751656520035
559;32.50;7.50;True;False;False;False;572;45.50;7.50;True;False;False;False;1;12.941014124957292;0;12.941014124957292;12.941014124957292
559;32.50;7.50;True;False;False;False;573;46.50;7.50;True;False;False;False;1;12.811280309897484;0;12.811280309897484;12.811280309897484
559;32.50;7.50;True;False;False;False;588;17.50;8.50;True;False;False;False;1;17.24101812313893;0;17.24101812313893;17.24101812313893
559;32.50;7.50;True;False;False;False;620;49.50;8.50;True;False;False;False;1;19.18398268029705;0;19.18398268029705;19.18398268029705
559;32.50;7.50;True;False;False;False;691;32.50;10.50;True;False;False;False;1;6.341572875251586;0;6.341572875251586;6.341572875251586
559;32.50;7.50;True;False;False;False;733;30.50;11.50;True;False;False;False;1;10.558888888885122;0;10.558888888885122;10.558888888885122
559;32.50;7.50;True;False;False;False;821;30.50;13.50;True;False;False;False;2;12.207637090654316;0.020503853289943468;12.10638529242351;12.308888888885122
559;32.50;7.50;True;False;False;False;822;31.50;13.50;True;False;False;False;2;10.812778179499219;0.05025801644860972;10.654256861613248;10.97129949738519
559;32.50;7.50;True;False;False;False;865;30.50;14.50;True;False;False;False;1;13.136111111111859;0;13.136111111111859;13.136111111111859
561;34.50;7.50;True;False;False;False;12;61.50;3.50;False;False;True;False;4;101.05104236015882;226.56033077151153;87.16352328840367;122.15667066485639
561;34.50;7.50;True;False;False;False;28;61.50;9.50;False;False;True;False;3;112.38365325246438;254.8742881089278;94.72862455633913;125.80456061802215
561;34.50;7.50;True;False;False;False;44;61.50;15.50;False;False;True;False;1;96.5206911810119;0;96.5206911810119;96.5206911810119
561;34.50;7.50;True;False;False;False;76;0.50;6.50;False;True;False;False;1;685.3642632510896;0;685.3642632510896;685.3642632510896
561;34.50;7.50;True;False;False;False;572;45.50;7.50;True;False;False;False;1;11.088888888887595;0;11.088888888887595;11.088888888887595
561;34.50;7.50;True;False;False;False;578;51.50;7.50;True;False;False;False;1;14.848052762543375;0;14.848052762543375;14.848052762543375
561;34.50;7.50;True;False;False;False;690;31.50;10.50;True;False;False;False;1;12.295093791412;0;12.295093791412;12.295093791412
561;34.50;7.50;True;False;False;False;821;30.50;13.50;True;False;False;False;1;25.428885694154815;0;25.428885694154815;25.428885694154815
561;34.50;7.50;True;False;False;False;822;31.50;13.50;True;False;False;False;1;14.735000000007858;0;14.735000000007858;14.735000000007858
561;34.50;7.50;True;False;False;False;864;29.50;14.50;True;False;False;False;2;20.515275778684327;0.6363699488771046;19.951196906150926;21.079354651217727
561;34.50;7.50;True;False;False;False;865;30.50;14.50;True;False;False;False;1;18.656017319694;0;18.656017319694;18.656017319694
561;34.50;7.50;True;False;False;False;997;30.50;17.50;True;False;False;False;1;19.73638529242453;0;19.73638529242453;19.73638529242453
562;35.50;7.50;True;False;False;False;12;61.50;3.50;False;False;True;False;3;91.67864570356687;273.88367463735176;72.68018758283051;102.9604617641462
562;35.50;7.50;True;False;False;False;28;61.50;9.50;False;False;True;False;1;86.68658006817213;0;86.68658006817213;86.68658006817213
562;35.50;7.50;True;False;False;False;820;29.50;13.50;True;False;False;False;2;29.10383280113365;41.699795124524755;24.5376639954211;33.6700016068462
562;35.50;7.50;True;False;False;False;864;29.50;14.50;True;False;False;False;1;23.548250420211843;0;23.548250420211843;23.548250420211843
562;35.50;7.50;True;False;False;False;866;31.50;14.50;True;False;False;False;1;14.750461764146166;0;14.750461764146166;14.750461764146166
563;36.50;7.50;True;False;False;False;12;61.50;3.50;False;False;True;False;5;96.08387700595424;769.9230890460285;70.6767684544393;138.33307034312435
563;36.50;7.50;True;False;False;False;44;61.50;15.50;False;False;True;False;2;78.02361311020468;1882.842878188475;47.34102131788313;108.70620490252622
563;36.50;7.50;True;False;False;False;92;0.50;12.50;False;True;False;False;1;275.9495254569374;0;275.9495254569374;275.9495254569374
563;36.50;7.50;True;False;False;False;108;0.50;18.50;False;True;False;False;1;576.5511358845906;0;576.5511358845906;576.5511358845906
563;36.50;7.50;True;False;False;False;733;30.50;11.50;True;False;False;False;1;13.746302692125028;0;13.746302692125028;13.746302692125028
563;36.50;7.50;True;False;False;False;747;44.50;11.50;True;False;False;False;1;15.536111111110586;0;15.536111111110586;15.536111111110586
563;36.50;7.50;True;False;False;False;752;49.50;11.50;True;False;False;False;1;18.679535041123017;0;18.679535041123017;18.679535041123017
563;36.50;7.50;True;False;False;False;821;30.50;13.50;True;False;False;False;1;35.35295497295738;0;35.35295497295738;35.35295497295738
563;36.50;7.50;True;False;False;False;822;31.50;13.50;True;False;False;False;1;15.10759019494435;0;15.10759019494435;15.10759019494435
563;36.50;7.50;True;False;False;False;837;46.50;13.50;True;False;False;False;1;18.098107272755442;0;18.098107272755442;18.098107272755442
563;36.50;7.50;True;False;False;False;866;31.50;14.50;True;False;False;False;1;14.625925919590372;0;14.625925919590372;14.625925919590372
563;36.50;7.50;True;False;False;False;867;32.50;14.50;True;False;False;False;1;14.386955233825574;0;14.386955233825574;14.386955233825574
563;36.50;7.50;True;False;False;False;937;14.50;16.50;True;False;False;False;1;28.272503596437673;0;28.272503596437673;28.272503596437673
564;37.50;7.50;True;False;False;False;12;61.50;3.50;False;False;True;False;3;94.99822957942933;310.1910675904436;75.88527498476788;110.57237192121465
564;37.50;7.50;True;False;False;False;28;61.50;9.50;False;False;True;False;1;76.18380948331469;0;76.18380948331469;76.18380948331469
564;37.50;7.50;True;False;False;False;44;61.50;15.50;False;False;True;False;1;139.66575752421886;0;139.66575752421886;139.66575752421886
564;37.50;7.50;True;False;False;False;76;0.50;6.50;False;True;False;False;2;593.1703986636394;1531.659440040871;565.496770061296;620.8440272659827
564;37.50;7.50;True;False;False;False;481;42.50;5.50;True;False;False;False;1;12.45528456896136;0;12.45528456896136;12.45528456896136
564;37.50;7.50;True;False;False;False;623;52.50;8.50;True;False;False;False;1;17.33999999998923;0;17.33999999998923;17.33999999998923
564;37.50;7.50;True;False;False;False;701;42.50;10.50;True;False;False;False;1;13.263433514219287;0;13.263433514219287;13.263433514219287
564;37.50;7.50;True;False;False;False;823;32.50;13.50;True;False;False;False;1;14.512308820710587;0;14.512308820710587;14.512308820710587
564;37.50;7.50;True;False;False;False;970;47.50;16.50;True;False;False;False;1;19.97351052850172;0;19.97351052850172;19.97351052850172
564;37.50;7.50;True;False;False;False;1114;15.50;20.50;True;False;False;False;1;30.855653345148312;0;30.855653345148312;30.855653345148312
564;37.50;7.50;True;False;False;False;1129;30.50;20.50;True;False;False;False;1;21.09767679343713;0;21.09767679343713;21.09767679343713
566;39.50;7.50;True;False;False;False;12;61.50;3.50;False;False;True;False;8;117.33402481459498;677.2159235154251;78.46010098433362;147.99602797189982
566;39.50;7.50;True;False;False;False;28;61.50;9.50;False;False;True;False;4;109.00867746125459;403.236733185547;81.31991020677742;124.44064534878635
566;39.50;7.50;True;False;False;False;297;34.50;1.50;True;False;False;False;1;15.375;0;15.375;15.375
566;39.50;7.50;True;False;False;False;432;37.50;4.50;True;False;False;False;1;11.185563551929363;0;11.185563551929363;11.185563551929363
566;39.50;7.50;True;False;False;False;437;42.50;4.50;True;False;False;False;1;10.631204902524587;0;10.631204902524587;10.631204902524587
566;39.50;7.50;True;False;False;False;569;42.50;7.50;True;False;False;False;1;5.658704500794556;0;5.658704500794556;5.658704500794556
566;39.50;7.50;True;False;False;False;684;25.50;10.50;True;False;False;False;1;24.078261924149956;0;24.078261924149956;24.078261924149956
566;39.50;7.50;True;False;False;False;732;29.50;11.50;True;False;False;False;1;16.654725818691077;0;16.654725818691077;16.654725818691077
566;39.50;7.50;True;False;False;False;822;31.50;13.50;True;False;False;False;2;16.631760458076883;0.054941575839186164;16.466017319698267;16.7975035964555
566;39.50;7.50;True;False;False;False;866;31.50;14.50;True;False;False;False;1;44.836955233821755;0;44.836955233821755;44.836955233821755
566;39.50;7.50;True;False;False;False;867;32.50;14.50;True;False;False;False;1;17.44185210361684;0;17.44185210361684;17.44185210361684
566;39.50;7.50;True;False;False;False;982;15.50;17.50;True;False;False;False;1;30.32019397228214;0;30.32019397228214;30.32019397228214
566;39.50;7.50;True;False;False;False;997;30.50;17.50;True;False;False;False;1;20.06203463939528;0;20.06203463939528;20.06203463939528
566;39.50;7.50;True;False;False;False;1196;9.50;22.50;True;False;False;False;1;38.286114305836236;0;38.286114305836236;38.286114305836236
567;40.50;7.50;True;False;False;False;12;61.50;3.50;False;False;True;False;9;113.9476658670488;994.9137239972323;76.55676126153503;157.95141006592553
567;40.50;7.50;True;False;False;False;28;61.50;9.50;False;False;True;False;3;102.78441744663603;155.64039399969477;88.64889608180965;112.2564806907285
567;40.50;7.50;True;False;False;False;44;61.50;15.50;False;False;True;False;2;67.40372490295158;3.4569216902435826;66.0890154882436;68.71843431765956
567;40.50;7.50;True;False;False;False;108;0.50;18.50;False;True;False;False;1;555.7767099460398;0;555.7767099460398;555.7767099460398
567;40.50;7.50;True;False;False;False;447;52.50;4.50;True;False;False;False;1;16.692871569191993;0;16.692871569191993;16.692871569191993
567;40.50;7.50;True;False;False;False;483;44.50;5.50;True;False;False;False;1;11.50518038989685;0;11.50518038989685;11.50518038989685
567;40.50;7.50;True;False;False;False;578;51.50;7.50;True;False;False;False;1;10.645457765955143;0;10.645457765955143;10.645457765955143
567;40.50;7.50;True;False;False;False;606;35.50;8.50;True;False;False;False;1;9.774632027263578;0;9.774632027263578;9.774632027263578
567;40.50;7.50;True;False;False;False;618;47.50;8.50;True;False;False;False;1;11.663888888888323;0;11.663888888888323;11.663888888888323
567;40.50;7.50;True;False;False;False;732;29.50;11.50;True;False;False;False;1;24.8524724335075;0;24.8524724335075;24.8524724335075
567;40.50;7.50;True;False;False;False;733;30.50;11.50;True;False;False;False;1;23.848892083624378;0;23.848892083624378;23.848892083624378
567;40.50;7.50;True;False;False;False;752;49.50;11.50;True;False;False;False;1;29.364169459669938;0;29.364169459669938;29.364169459669938
567;40.50;7.50;True;False;False;False;754;51.50;11.50;True;False;False;False;1;17.515090596691152;0;17.515090596691152;17.515090596691152
567;40.50;7.50;True;False;False;False;812;21.50;13.50;True;False;False;False;1;24.278427124749214;0;24.278427124749214;24.278427124749214
567;40.50;7.50;True;False;False;False;821;30.50;13.50;True;False;False;False;1;28.45101731969953;0;28.45101731969953;28.45101731969953
567;40.50;7.50;True;False;False;False;822;31.50;13.50;True;False;False;False;1;22.19777777777199;0;22.19777777777199;22.19777777777199
567;40.50;7.50;True;False;False;False;823;32.50;13.50;True;False;False;False;1;17.499819629163994;0;17.499819629163994;17.499819629163994
567;40.50;7.50;True;False;False;False;998;31.50;17.50;True;False;False;False;1;19.508333333331393;0;19.508333333331393;19.508333333331393
567;40.50;7.50;True;False;False;False;1111;12.50;20.50;True;False;False;False;1;34.420667730977584;0;34.420667730977584;34.420667730977584
568;41.50;7.50;True;False;False;False;12;61.50;3.50;False;False;True;False;7;112.57866179567961;1153.2460329034252;82.8045414305816;168.75793417853492
568;41.50;7.50;True;False;False;False;432;37.50;4.50;True;False;False;False;1;14.143704500787862;0;14.143704500787862;14.143704500787862
568;41.50;7.50;True;False;False;False;579;52.50;7.50;True;False;False;False;1;10.330371970911074;0;10.330371970911074;10.330371970911074
568;41.50;7.50;True;False;False;False;621;50.50;8.50;True;False;False;False;1;12.896934458513442;0;12.896934458513442;12.896934458513442
568;41.50;7.50;True;False;False;False;748;45.50;11.50;True;False;False;False;1;23.234450833913797;0;23.234450833913797;23.234450833913797
568;41.50;7.50;True;False;False;False;753;50.50;11.50;True;False;False;False;1;16.14120490253117;0;16.14120490253117;16.14120490253117
568;41.50;7.50;True;False;False;False;822;31.50;13.50;True;False;False;False;1;17.255638978345814;0;17.255638978345814;17.255638978345814
568;41.50;7.50;True;False;False;False;823;32.50;13.50;True;False;False;False;1;17.891666666662786;0;17.891666666662786;17.891666666662786
569;42.50;7.50;True;False;False;False;12;61.50;3.50;False;False;True;False;12;108.2996712810876;718.8479028788726;64.67625444951773;162.65936184413886
569;42.50;7.50;True;False;False;False;28;61.50;9.50;False;False;True;False;3;106.54097013857184;484.4427836082623;87.11103090210236;130.44399387139856
569;42.50;7.50;True;False;False;False;76;0.50;6.50;False;True;False;False;2;323.8997406062508;145920.94147435576;53.78778097251325;594.0117002399884
569;42.50;7.50;True;False;False;False;303;40.50;1.50;True;False;False;False;1;11.907683986366465;0;11.907683986366465;11.907683986366465
569;42.50;7.50;True;False;False;False;454;15.50;5.50;True;False;False;False;1;27.952503596457973;0;27.952503596457973;27.952503596457973
569;42.50;7.50;True;False;False;False;480;41.50;5.50;True;False;False;False;1;7.5460016588303915;0;7.5460016588303915;7.5460016588303915
569;42.50;7.50;True;False;False;False;485;46.50;5.50;True;False;False;False;1;13.549076471710578;0;13.549076471710578;13.549076471710578
569;42.50;7.50;True;False;False;False;618;47.50;8.50;True;False;False;False;1;10.00962483434705;0;10.00962483434705;10.00962483434705
569;42.50;7.50;True;False;False;False;688;29.50;10.50;True;False;False;False;1;17.682136427181945;0;17.682136427181945;17.682136427181945
569;42.50;7.50;True;False;False;False;708;49.50;10.50;True;False;False;False;1;13.868333333333794;0;13.868333333333794;13.868333333333794
569;42.50;7.50;True;False;False;False;734;31.50;11.50;True;False;False;False;1;16.653081515165468;0;16.653081515165468;16.653081515165468
569;42.50;7.50;True;False;False;False;821;30.50;13.50;True;False;False;False;1;22.908913662398845;0;22.908913662398845;22.908913662398845
569;42.50;7.50;True;False;False;False;822;31.50;13.50;True;False;False;False;4;21.159563682803537;19.70890669487215;18.50750040173807;27.789632027269363
569;42.50;7.50;True;False;False;False;864;29.50;14.50;True;False;False;False;1;19.992878762109285;0;19.992878762109285;19.992878762109285
569;42.50;7.50;True;False;False;False;865;30.50;14.50;True;False;False;False;2;24.005786437628558;36.90905028488935;19.709913401510676;28.30165947374644
569;42.50;7.50;True;False;False;False;1008;41.50;17.50;True;False;False;False;1;19.812590194949735;0;19.812590194949735;19.812590194949735
571;44.50;7.50;True;False;False;False;12;61.50;3.50;False;False;True;False;7;132.31881789954824;2036.8705089312623;73.51685505293426;204.8509693605156
571;44.50;7.50;True;False;False;False;28;61.50;9.50;False;False;True;False;3;119.57849231780347;1039.885091756738;84.1200039981868;147.15186144240397
571;44.50;7.50;True;False;False;False;44;61.50;15.50;False;False;True;False;1;107.36019158099771;0;107.36019158099771;107.36019158099771
571;44.50;7.50;True;False;False;False;60;61.50;21.50;False;False;True;False;1;105.20637410132622;0;105.20637410132622;105.20637410132622
571;44.50;7.50;True;False;False;False;611;40.50;8.50;True;False;False;False;1;10.176854249493772;0;10.176854249493772;10.176854249493772
571;44.50;7.50;True;False;False;False;734;31.50;11.50;True;False;False;False;1;24.725567550087362;0;24.725567550087362;24.725567550087362
571;44.50;7.50;True;False;False;False;747;44.50;11.50;True;False;False;False;1;6.957590194942895;0;6.957590194942895;6.957590194942895
571;44.50;7.50;True;False;False;False;818;27.50;13.50;True;False;False;False;1;22.996111111111304;0;22.996111111111304;22.996111111111304
571;44.50;7.50;True;False;False;False;822;31.50;13.50;True;False;False;False;3;25.0520365204502;60.050869504458305;20.074719467302202;33.9804625675788
571;44.50;7.50;True;False;False;False;864;29.50;14.50;True;False;False;False;1;22.48287556737614;0;22.48287556737614;22.48287556737614
571;44.50;7.50;True;False;False;False;866;31.50;14.50;True;False;False;False;1;32.60277138830406;0;32.60277138830406;32.60277138830406
571;44.50;7.50;True;False;False;False;884;49.50;14.50;True;False;False;False;1;15.554722623948237;0;15.554722623948237;15.554722623948237
571;44.50;7.50;True;False;False;False;1256;25.50;23.50;True;False;False;False;1;31.876566485774674;0;31.876566485774674;31.876566485774674
571;44.50;7.50;True;False;False;False;1281;50.50;23.50;True;False;False;False;1;21.962768193574448;0;21.962768193574448;21.962768193574448
572;45.50;7.50;True;False;False;False;12;61.50;3.50;False;False;True;False;13;100.03265183228532;734.1179238598817;63.933356518959044;165.40350968681014
572;45.50;7.50;True;False;False;False;28;61.50;9.50;False;False;True;False;2;90.58454782959825;212.8214719025864;80.26898987322511;100.90010578597139
572;45.50;7.50;True;False;False;False;44;61.50;15.50;False;False;True;False;1;86.46249320880452;0;86.46249320880452;86.46249320880452
572;45.50;7.50;True;False;False;False;60;61.50;21.50;False;False;True;False;3;80.06378452387192;1261.9845696241528;58.72150785550548;121.07244071272362
572;45.50;7.50;True;False;False;False;92;0.50;12.50;False;True;False;False;1;272.3686710683796;0;272.3686710683796;272.3686710683796
572;45.50;7.50;True;False;False;False;108;0.50;18.50;False;True;False;False;2;588.452557504972;1109.7741210229337;564.8965166552989;612.0085983546451
572;45.50;7.50;True;False;False;False;346;39.50;2.50;True;False;False;False;1;14.68556994139908;0;14.68556994139908;14.68556994139908
572;45.50;7.50;True;False;False;False;352;45.50;2.50;True;False;False;False;1;8.334909403321035;0;8.334909403321035;8.334909403321035
572;45.50;7.50;True;False;False;False;447;52.50;4.50;True;False;False;False;1;14.011799569565483;0;14.011799569565483;14.011799569565483
572;45.50;7.50;True;False;False;False;571;44.50;7.50;True;False;False;False;1;3.4978715691906928;0;3.4978715691906928;3.4978715691906928
572;45.50;7.50;True;False;False;False;577;50.50;7.50;True;False;False;False;1;7.459632027270345;0;7.459632027270345;7.459632027270345
572;45.50;7.50;True;False;False;False;733;30.50;11.50;True;False;False;False;2;22.46559685570537;17.490815081527497;19.508333333331393;25.42286037807935
572;45.50;7.50;True;False;False;False;820;29.50;13.50;True;False;False;False;1;22.47879509747645;0;22.47879509747645;22.47879509747645
572;45.50;7.50;True;False;False;False;821;30.50;13.50;True;False;False;False;4;28.09002804384727;9.804049161147429;23.63546176413911;30.565836929796205
572;45.50;7.50;True;False;False;False;822;31.50;13.50;True;False;False;False;5;23.703332533696994;12.544130962197698;20.606472694373224;29.81971862575574
572;45.50;7.50;True;False;False;False;823;32.50;13.50;True;False;False;False;1;19.6748164153596;0;19.6748164153596;19.6748164153596
572;45.50;7.50;True;False;False;False;864;29.50;14.50;True;False;False;False;2;22.890911543255697;1.2636907829520723;22.096024512617987;23.685798573893408
572;45.50;7.50;True;False;False;False;867;32.50;14.50;True;False;False;False;1;24.663059152016103;0;24.663059152016103;24.663059152016103
572;45.50;7.50;True;False;False;False;969;46.50;16.50;True;False;False;False;1;13.672267298941733;0;13.672267298941733;13.672267298941733
572;45.50;7.50;True;False;False;False;975;52.50;16.50;True;False;False;False;1;18.055833735057604;0;18.055833735057604;18.055833735057604
573;46.50;7.50;True;False;False;False;12;61.50;3.50;False;False;True;False;10;97.29112307337991;324.91612814262146;73.54444124968722;122.78298213771996
573;46.50;7.50;True;False;False;False;28;61.50;9.50;False;False;True;False;2;88.28815255123936;1504.4849398801261;60.86111352147782;115.71519158100091
573;46.50;7.50;True;False;False;False;44;61.50;15.50;False;False;True;False;4;128.66718412156058;2583.161087422863;82.5112128988876;200.939648019983
573;46.50;7.50;True;False;False;False;76;0.50;6.50;False;True;False;False;1;577.5492752265236;0;577.5492752265236;577.5492752265236
573;46.50;7.50;True;False;False;False;92;0.50;12.50;False;True;False;False;2;251.55548894535605;11.918364336052642;249.11434532647036;253.99663256424174
573;46.50;7.50;True;False;False;False;414;19.50;4.50;True;False;False;False;1;27.306757263333566;0;27.306757263333566;27.306757263333566
573;46.50;7.50;True;False;False;False;429;34.50;4.50;True;False;False;False;1;18.0953583885057;0;18.0953583885057;18.0953583885057
573;46.50;7.50;True;False;False;False;485;46.50;5.50;True;False;False;False;1;4.860642154048946;0;4.860642154048946;4.860642154048946
573;46.50;7.50;True;False;False;False;620;49.50;8.50;True;False;False;False;1;21.7827809725095;0;21.7827809725095;21.7827809725095
573;46.50;7.50;True;False;False;False;734;31.50;11.50;True;False;False;False;3;27.364813749898985;127.61180399314124;20.580555555555748;40.40537197089725
573;46.50;7.50;True;False;False;False;821;30.50;13.50;True;False;False;False;3;22.786731324097673;1.906685995593071;21.742041832319046;24.352222222220007
573;46.50;7.50;True;False;False;False;822;31.50;13.50;True;False;False;False;1;29.19667066484908;0;29.19667066484908;29.19667066484908
573;46.50;7.50;True;False;False;False;823;32.50;13.50;True;False;False;False;1;20.831487883664522;0;20.831487883664522;20.831487883664522
573;46.50;7.50;True;False;False;False;835;44.50;13.50;True;False;False;False;1;15.80555555555111;0;15.80555555555111;15.80555555555111
573;46.50;7.50;True;False;False;False;865;30.50;14.50;True;False;False;False;1;25.988610709388013;0;25.988610709388013;25.988610709388013
573;46.50;7.50;True;False;False;False;866;31.50;14.50;True;False;False;False;1;33.962030641187084;0;33.962030641187084;33.962030641187084
573;46.50;7.50;True;False;False;False;867;32.50;14.50;True;False;False;False;1;21.075082600304086;0;21.075082600304086;21.075082600304086
573;46.50;7.50;True;False;False;False;884;49.50;14.50;True;False;False;False;1;13.72953504112229;0;13.72953504112229;13.72953504112229
573;46.50;7.50;True;False;False;False;983;16.50;17.50;True;False;False;False;1;40.74417026312949;0;40.74417026312949;40.74417026312949
573;46.50;7.50;True;False;False;False;1077;22.50;19.50;True;False;False;False;1;31.7703679727274;0;31.7703679727274;31.7703679727274
574;47.50;7.50;True;False;False;False;12;61.50;3.50;False;False;True;False;9;103.29786416834476;177.45882209486385;84.6480559572683;125.08334452442614
574;47.50;7.50;True;False;False;False;28;61.50;9.50;False;False;True;False;6;102.10266204846978;464.244059882903;77.78612149878245;138.7950111911059
574;47.50;7.50;True;False;False;False;44;61.50;15.50;False;False;True;False;1;84.90361151283469;0;84.90361151283469;84.90361151283469
574;47.50;7.50;True;False;False;False;60;61.50;21.50;False;False;True;False;1;56.07213242899297;0;56.07213242899297;56.07213242899297
574;47.50;7.50;True;False;False;False;76;0.50;6.50;False;True;False;False;1;595.2604199109774;0;595.2604199109774;595.2604199109774
574;47.50;7.50;True;False;False;False;483;44.50;5.50;True;False;False;False;1;10.009256861618269;0;10.009256861618269;10.009256861618269
574;47.50;7.50;True;False;False;False;573;46.50;7.50;True;False;False;False;1;3.7879541694874206;0;3.7879541694874206;3.7879541694874206
574;47.50;7.50;True;False;False;False;579;52.50;7.50;True;False;False;False;1;7.560093791409599;0;7.560093791409599;7.560093791409599
574;47.50;7.50;True;False;False;False;734;31.50;11.50;True;False;False;False;1;20.088888888887595;0;20.088888888887595;20.088888888887595
574;47.50;7.50;True;False;False;False;753;50.50;11.50;True;False;False;False;1;14.647320011816191;0;14.647320011816191;14.647320011816191
574;47.50;7.50;True;False;False;False;821;30.50;13.50;True;False;False;False;2;25.165823749119227;15.65084675788757;22.368427928191522;27.96321957004693
574;47.50;7.50;True;False;False;False;822;31.50;13.50;True;False;False;False;6;24.106263885719233;27.843589876223668;21.298071930947117;34.83740341556768
574;47.50;7.50;True;False;False;False;865;30.50;14.50;True;False;False;False;2;25.44258459939533;16.78033367504655;22.54600612859167;28.339163070198993
574;47.50;7.50;True;False;False;False;866;31.50;14.50;True;False;False;False;1;22.809538235853324;0;22.809538235853324;22.809538235853324
574;47.50;7.50;True;False;False;False;885;50.50;14.50;True;False;False;False;1;14.211673859579605;0;14.211673859579605;14.211673859579605
574;47.50;7.50;True;False;False;False;1102;47.50;19.50;True;False;False;False;1;11.723149748682772;0;11.723149748682772;11.723149748682772
576;49.50;7.50;True;False;False;False;12;61.50;3.50;False;False;True;False;12;99.3900056640869;502.4685774547448;68.29731601363346;133.5712994973901
576;49.50;7.50;True;False;False;False;28;61.50;9.50;False;False;True;False;3;102.79909477396136;840.473391624773;71.29940741204791;128.362228611693
576;49.50;7.50;True;False;False;False;44;61.50;15.50;False;False;True;False;2;82.91065773552327;1536.0476915500988;55.19741458761564;110.6239008834309
576;49.50;7.50;True;False;False;False;108;0.50;18.50;False;True;False;False;1;619.9560324707072;0;619.9560324707072;619.9560324707072
576;49.50;7.50;True;False;False;False;479;40.50;5.50;True;False;False;False;1;13.82944763917476;0;13.82944763917476;13.82944763917476
576;49.50;7.50;True;False;False;False;483;44.50;5.50;True;False;False;False;1;11.591757263338877;0;11.591757263338877;11.591757263338877
576;49.50;7.50;True;False;False;False;706;47.50;10.50;True;False;False;False;1;10.652683986359989;0;10.652683986359989;10.652683986359989
576;49.50;7.50;True;False;False;False;734;31.50;11.50;True;False;False;False;1;22.9667579259185;0;22.9667579259185;22.9667579259185
576;49.50;7.50;True;False;False;False;754;51.50;11.50;True;False;False;False;1;10.730326138683267;0;10.730326138683267;10.730326138683267
576;49.50;7.50;True;False;False;False;821;30.50;13.50;True;False;False;False;5;34.823851533006106;237.0884795963195;24.374170263125052;61.086111111106675
576;49.50;7.50;True;False;False;False;822;31.50;13.50;True;False;False;False;2;27.737916867525428;8.472300787126489;25.67972581867616;29.796107916374694
576;49.50;7.50;True;False;False;False;866;31.50;14.50;True;False;False;False;1;26.125646152224363;0;26.125646152224363;26.125646152224363
576;49.50;7.50;True;False;False;False;963;40.50;16.50;True;False;False;False;1;20.05082254395802;0;20.05082254395802;20.05082254395802
576;49.50;7.50;True;False;False;False;997;30.50;17.50;True;False;False;False;1;29.016479083840863;0;29.016479083840863;29.016479083840863
576;49.50;7.50;True;False;False;False;1074;19.50;19.50;True;False;False;False;1;35.865586463241925;0;35.865586463241925;35.865586463241925
576;49.50;7.50;True;False;False;False;1226;39.50;22.50;True;False;False;False;1;28.080375165647638;0;28.080375165647638;28.080375165647638
576;49.50;7.50;True;False;False;False;1283;52.50;23.50;True;False;False;False;1;19.924253647777732;0;19.924253647777732;19.924253647777732
577;50.50;7.50;True;False;False;False;12;61.50;3.50;False;False;True;False;10;99.98787860331613;498.9180599520374;69.63945883028464;136.36120570595085
577;50.50;7.50;True;False;False;False;28;61.50;9.50;False;False;True;False;2;115.67732401000694;46.284555868630626;110.86668185595772;120.48796616405616
577;50.50;7.50;True;False;False;False;44;61.50;15.50;False;False;True;False;3;103.10471196212136;204.74913296511687;87.71897948557216;116.01376072070343
577;50.50;7.50;True;False;False;False;76;0.50;6.50;False;True;False;False;2;579.2444627151981;3383.841395691936;538.1114990747556;620.3774263556406
577;50.50;7.50;True;False;False;False;124;0.50;24.50;False;True;False;False;1;588.3465605205274;0;588.3465605205274;588.3465605205274
577;50.50;7.50;True;False;False;False;277;14.50;1.50;True;False;False;False;1;36.0011127180187;0;36.0011127180187;36.0011127180187
577;50.50;7.50;True;False;False;False;491;52.50;5.50;True;False;False;False;1;9.072965360594026;0;9.072965360594026;9.072965360594026
577;50.50;7.50;True;False;False;False;578;51.50;7.50;True;False;False;False;1;3.2332403453656298;0;3.2332403453656298;3.2332403453656298
577;50.50;7.50;True;False;False;False;733;30.50;11.50;True;False;False;False;1;23.125458569404145;0;23.125458569404145;23.125458569404145
577;50.50;7.50;True;False;False;False;734;31.50;11.50;True;False;False;False;1;23.603059152010246;0;23.603059152010246;23.603059152010246
577;50.50;7.50;True;False;False;False;820;29.50;13.50;True;False;False;False;1;25.445371167465055;0;25.445371167465055;25.445371167465055
577;50.50;7.50;True;False;False;False;821;30.50;13.50;True;False;False;False;2;24.580229284704274;0.1354418867102616;24.319996805264964;24.840461764143583
577;50.50;7.50;True;False;False;False;822;31.50;13.50;True;False;False;False;2;27.748984679394198;30.467710277979172;23.845927526470405;31.65204183231799
577;50.50;7.50;True;False;False;False;823;32.50;13.50;True;False;False;False;2;23.356484679399728;0.031435058211276935;23.231115109305392;23.481854249494063
577;50.50;7.50;True;False;False;False;864;29.50;14.50;True;False;False;False;1;26.2495702022768;0;26.2495702022768;26.2495702022768
577;50.50;7.50;True;False;False;False;866;31.50;14.50;True;False;False;False;1;23.974350653028523;0;23.974350653028523;23.974350653028523
577;50.50;7.50;True;False;False;False;972;49.50;16.50;True;False;False;False;1;14.582242193999264;0;14.582242193999264;14.582242193999264
577;50.50;7.50;True;False;False;False;997;30.50;17.50;True;False;False;False;1;27.45472182047888;0;27.45472182047888;27.45472182047888
577;50.50;7.50;True;False;False;False;1012;45.50;17.50;True;False;False;False;1;20.219635222006218;0;20.219635222006218;20.219635222006218
577;50.50;7.50;True;False;False;False;1148;49.50;20.50;True;False;False;False;1;16.109999196552963;0;16.109999196552963;16.109999196552963
578;51.50;7.50;True;False;False;False;12;61.50;3.50;False;False;True;False;10;108.08268005066603;664.5764988075109;61.2841838455206;137.51276660574695
578;51.50;7.50;True;False;False;False;28;61.50;9.50;False;False;True;False;3;123.19725481875352;3609.9174322396407;86.51843512112191;192.53583692978464
578;51.50;7.50;True;False;False;False;44;61.50;15.50;False;False;True;False;3;140.25315560887793;23.09506436591007;135.68176525970375;145.2631593328988
578;51.50;7.50;True;False;False;False;60;61.50;21.50;False;False;True;False;2;96.23014029491969;4371.220046568719;49.47963202726169;142.9806485625777
578;51.50;7.50;True;False;False;False;76;0.50;6.50;False;True;False;False;1;592.1286361834755;0;592.1286361834755;592.1286361834755
578;51.50;7.50;True;False;False;False;92;0.50;12.50;False;True;False;False;2;275.5539866784784;481.40159508531684;260.0394516373417;291.0685217196151
578;51.50;7.50;True;False;False;False;314;51.50;1.50;True;False;False;False;1;7.856933655062676;0;7.856933655062676;7.856933655062676
578;51.50;7.50;True;False;False;False;358;51.50;2.50;True;False;False;False;1;7.257503596450988;0;7.257503596450988;7.257503596450988
578;51.50;7.50;True;False;False;False;359;52.50;2.50;True;False;False;False;1;14.804437251525997;0;14.804437251525997;14.804437251525997
578;51.50;7.50;True;False;False;False;668;9.50;10.50;True;False;False;False;1;40.107049025242304;0;40.107049025242304;40.107049025242304
578;51.50;7.50;True;False;False;False;733;30.50;11.50;True;False;False;False;3;29.02448109235047;84.08292581121478;23.438057723757083;39.60722622039975
578;51.50;7.50;True;False;False;False;734;31.50;11.50;True;False;False;False;1;23.631760458076315;0;23.631760458076315;23.631760458076315
578;51.50;7.50;True;False;False;False;820;29.50;13.50;True;False;False;False;1;26.257224613510516;0;26.257224613510516;26.257224613510516
578;51.50;7.50;True;False;False;False;821;30.50;13.50;True;False;False;False;1;25.259461221568927;0;25.259461221568927;25.259461221568927
578;51.50;7.50;True;False;False;False;822;31.50;13.50;True;False;False;False;2;40.10208553328448;420.18055841918414;25.60759419313763;54.59657687343133
578;51.50;7.50;True;False;False;False;823;32.50;13.50;True;False;False;False;1;27.510281374234182;0;27.510281374234182;27.510281374234182
578;51.50;7.50;True;False;False;False;864;29.50;14.50;True;False;False;False;1;26.449710157296067;0;26.449710157296067;26.449710157296067
578;51.50;7.50;True;False;False;False;865;30.50;14.50;True;False;False;False;1;26.466764456264173;0;26.466764456264173;26.466764456264173
578;51.50;7.50;True;False;False;False;866;31.50;14.50;True;False;False;False;1;24.939906208584944;0;24.939906208584944;24.939906208584944
578;51.50;7.50;True;False;False;False;954;31.50;16.50;True;False;False;False;1;27.208152943429013;0;27.208152943429013;27.208152943429013
578;51.50;7.50;True;False;False;False;972;49.50;16.50;True;False;False;False;1;13.64749560006021;0;13.64749560006021;13.64749560006021
578;51.50;7.50;True;False;False;False;1009;42.50;17.50;True;False;False;False;1;19.495649346969003;0;19.495649346969003;19.495649346969003
578;51.50;7.50;True;False;False;False;1018;51.50;17.50;True;False;False;False;1;10.415743138379185;0;10.415743138379185;10.415743138379185
578;51.50;7.50;True;False;False;False;1066;11.50;19.50;True;False;False;False;1;42.610933896836286;0;42.610933896836286;42.610933896836286
579;52.50;7.50;True;False;False;False;12;61.50;3.50;False;False;True;False;6;101.16743155697395;2395.9906505057616;66.74860990592424;195.1231601363479
579;52.50;7.50;True;False;False;False;28;61.50;9.50;False;False;True;False;4;84.66575019657353;864.9187523549269;44.2275973878759;110.2384369734973
579;52.50;7.50;True;False;False;False;44;61.50;15.50;False;False;True;False;2;109.26657100833512;4.108922515483992;107.83323180990999;110.69991020676025
579;52.50;7.50;True;False;False;False;60;61.50;21.50;False;False;True;False;4;79.6659557664239;461.09183164834104;58.036677054322354;108.66833333333332
579;52.50;7.50;True;False;False;False;108;0.50;18.50;False;True;False;False;1;558.5119132210275;0;558.5119132210275;558.5119132210275
579;52.50;7.50;True;False;False;False;315;52.50;1.50;True;False;False;False;1;8.139632027285188;0;8.139632027285188;8.139632027285188
579;52.50;7.50;True;False;False;False;578;51.50;7.50;True;False;False;False;1;2.9540692787959415;0;2.9540692787959415;2.9540692787959415
579;52.50;7.50;True;False;False;False;623;52.50;8.50;True;False;False;False;1;3.905555555549654;0;3.905555555549654;3.905555555549654
579;52.50;7.50;True;False;False;False;693;34.50;10.50;True;False;False;False;1;20.695739140195116;0;20.695739140195116;20.695739140195116
579;52.50;7.50;True;False;False;False;732;29.50;11.50;True;False;False;False;1;25.372871569190465;0;25.372871569190465;25.372871569190465
579;52.50;7.50;True;False;False;False;820;29.50;13.50;True;False;False;False;1;26.29102051443988;0;26.29102051443988;26.29102051443988
579;52.50;7.50;True;False;False;False;821;30.50;13.50;True;False;False;False;1;26.977597387874994;0;26.977597387874994;26.977597387874994
579;52.50;7.50;True;False;False;False;822;31.50;13.50;True;False;False;False;3;26.332284749826915;3.534295481155528;24.647503596452225;28.360183584638435
579;52.50;7.50;True;False;False;False;823;32.50;13.50;True;False;False;False;2;39.596984548954424;265.9866093867353;28.064712236293417;51.12925686161543
579;52.50;7.50;True;False;False;False;825;34.50;13.50;True;False;False;False;1;24.870743138381386;0;24.870743138381386;24.870743138381386
579;52.50;7.50;True;False;False;False;866;31.50;14.50;True;False;False;False;2;26.467077546446035;1.2247905758234878;25.68452065527981;27.249634437612258
579;52.50;7.50;True;False;False;False;867;32.50;14.50;True;False;False;False;1;25.196111111109985;0;25.196111111109985;25.196111111109985
579;52.50;7.50;True;False;False;False;1116;17.50;20.50;True;False;False;False;1;39.156486276762735;0;39.156486276762735;39.156486276762735
580;9.50;8.50;True;False;False;False;309;46.50;1.50;True;False;False;False;1;36.23083373505938;0;36.23083373505938;36.23083373505938
585;14.50;8.50;True;False;False;False;28;61.50;9.50;False;False;True;False;1;128.25999233496623;0;128.25999233496623;128.25999233496623
585;14.50;8.50;True;False;False;False;60;61.50;21.50;False;False;True;False;1;104.19834372098012;0;104.19834372098012;104.19834372098012
585;14.50;8.50;True;False;False;False;278;15.50;1.50;True;False;False;False;1;12.065836929794159;0;12.065836929794159;12.065836929794159
585;14.50;8.50;True;False;False;False;882;47.50;14.50;True;False;False;False;1;32.664538235856526;0;32.664538235856526;32.664538235856526
585;14.50;8.50;True;False;False;False;1019;52.50;17.50;True;False;False;False;1;37.86981480842951;0;37.86981480842951;37.86981480842951
587;16.50;8.50;True;False;False;False;60;61.50;21.50;False;False;True;False;1;88.10066053805713;0;88.10066053805713;88.10066053805713
588;17.50;8.50;True;False;False;False;12;61.50;3.50;False;False;True;False;1;103.1416642753793;0;103.1416642753793;103.1416642753793
588;17.50;8.50;True;False;False;False;578;51.50;7.50;True;False;False;False;1;30.63120490252186;0;30.63120490252186;30.63120490252186
590;19.50;8.50;True;False;False;False;28;61.50;9.50;False;False;True;False;1;93.3346288325265;0;93.3346288325265;93.3346288325265
590;19.50;8.50;True;False;False;False;1145;46.50;20.50;True;False;False;False;1;35.53703863757619;0;35.53703863757619;35.53703863757619
591;20.50;8.50;True;False;False;False;822;31.50;13.50;True;False;False;False;1;18.295458569391485;0;18.295458569391485;18.295458569391485
592;21.50;8.50;True;False;False;False;60;61.50;21.50;False;False;True;False;1;122.12353530199653;0;122.12353530199653;122.12353530199653
592;21.50;8.50;True;False;False;False;108;0.50;18.50;False;True;False;False;1;615.7691638736287;0;615.7691638736287;615.7691638736287
592;21.50;8.50;True;False;False;False;733;30.50;11.50;True;False;False;False;1;15.991848663485143;0;15.991848663485143;15.991848663485143
592;21.50;8.50;True;False;False;False;821;30.50;13.50;True;False;False;False;1;16.94267862680499;0;16.94267862680499;16.94267862680499
593;22.50;8.50;True;False;False;False;28;61.50;9.50;False;False;True;False;1;168.34064056616262;0;168.34064056616262;168.34064056616262
593;22.50;8.50;True;False;False;False;821;30.50;13.50;True;False;False;False;1;16.864625637790596;0;16.864625637790596;16.864625637790596
595;24.50;8.50;True;False;False;False;28;61.50;9.50;False;False;True;False;1;138.22806634493816;0;138.22806634493816;138.22806634493816
595;24.50;8.50;True;False;False;False;820;29.50;13.50;True;False;False;False;1;14.323892083621104;0;14.323892083621104;14.323892083621104
596;25.50;8.50;True;False;False;False;76;0.50;6.50;False;True;False;False;1;578.9284313872967;0;578.9284313872967;578.9284313872967
596;25.50;8.50;True;False;False;False;866;31.50;14.50;True;False;False;False;1;16.32777777776937;0;16.32777777776937;16.32777777776937
597;26.50;8.50;True;False;False;False;28;61.50;9.50;False;False;True;False;1;103.39074474527297;0;103.39074474527297;103.39074474527297
597;26.50;8.50;True;False;False;False;820;29.50;13.50;True;False;False;False;1;13.036479083846643;0;13.036479083846643;13.036479083846643
598;27.50;8.50;True;False;False;False;12;61.50;3.50;False;False;True;False;2;98.30065494252312;33.938125925818035;94.18130269211906;102.42000719292719
598;27.50;8.50;True;False;False;False;822;31.50;13.50;True;False;False;False;1;13.493242736654793;0;13.493242736654793;13.493242736654793
598;27.50;8.50;True;False;False;False;866;31.50;14.50;True;False;False;False;1;17.69425686161776;0;17.69425686161776;17.69425686161776
600;29.50;8.50;True;False;False;False;12;61.50;3.50;False;False;True;False;4;100.4013840521061;425.1535312223971;81.39980683113026;118.8846320272587
600;29.50;8.50;True;False;False;False;544;17.50;7.50;True;False;False;False;1;14.8277745830419;0;14.8277745830419;14.8277745830419
600;29.50;8.50;True;False;False;False;820;29.50;13.50;True;False;False;False;1;8.758888888888578;0;8.758888888888578;8.758888888888578
600;29.50;8.50;True;False;False;False;821;30.50;13.50;True;False;False;False;2;10.73481241717218;0.723554176595903;10.133333333331393;11.336291501012965
600;29.50;8.50;True;False;False;False;857;22.50;14.50;True;False;False;False;1;15.465371970907654;0;15.465371970907654;15.465371970907654
601;30.50;8.50;True;False;False;False;12;61.50;3.50;False;False;True;False;3;98.62900191467695;180.9723243174561;88.19905648072563;113.81315228083986
601;30.50;8.50;True;False;False;False;691;32.50;10.50;True;False;False;False;1;9.911111111112405;0;9.911111111112405;9.911111111112405
601;30.50;8.50;True;False;False;False;822;31.50;13.50;True;False;False;False;1;10.797765783185241;0;10.797765783185241;10.797765783185241
601;30.50;8.50;True;False;False;False;864;29.50;14.50;True;False;False;False;1;10.671103918190056;0;10.671103918190056;10.671103918190056
602;31.50;8.50;True;False;False;False;28;61.50;9.50;False;False;True;False;1;109.8150039981756;0;109.8150039981756;109.8150039981756
602;31.50;8.50;True;False;False;False;463;24.50;5.50;True;False;False;False;1;13.72417345786198;0;13.72417345786198;13.72417345786198
603;32.50;8.50;True;False;False;False;12;61.50;3.50;False;False;True;False;2;122.95509459485311;1442.879322042823;96.0954657623206;149.81472342738562
603;32.50;8.50;True;False;False;False;28;61.50;9.50;False;False;True;False;4;82.95388929061073;948.235569172047;43.922222222219716;119.11166108064026
603;32.50;8.50;True;False;False;False;60;61.50;21.50;False;False;True;False;1;125.68433558560355;0;125.68433558560355;125.68433558560355
603;32.50;8.50;True;False;False;False;481;42.50;5.50;True;False;False;False;1;15.834632027268526;0;15.834632027268526;15.834632027268526
603;32.50;8.50;True;False;False;False;820;29.50;13.50;True;False;False;False;1;11.834632027268526;0;11.834632027268526;11.834632027268526
603;32.50;8.50;True;False;False;False;822;31.50;13.50;True;False;False;False;2;10.641491811376909;0.046113635974985835;10.489647094684187;10.79333652806963
603;32.50;8.50;True;False;False;False;865;30.50;14.50;True;False;False;False;1;13.75537116746682;0;13.75537116746682;13.75537116746682
603;32.50;8.50;True;False;False;False;866;31.50;14.50;True;False;False;False;1;20.683704500808744;0;20.683704500808744;20.683704500808744
603;32.50;8.50;True;False;False;False;953;30.50;16.50;True;False;False;False;1;20.41093072120566;0;20.41093072120566;20.41093072120566
605;34.50;8.50;True;False;False;False;12;61.50;3.50;False;False;True;False;2;103.43611031719979;151.4961890510568;94.7327721917718;112.13944844262778
605;34.50;8.50;True;False;False;False;28;61.50;9.50;False;False;True;False;1;103.30398268028875;0;103.30398268028875;103.30398268028875
605;34.50;8.50;True;False;False;False;44;61.50;15.50;False;False;True;False;1;100.03084092797508;0;100.03084092797508;100.03084092797508
605;34.50;8.50;True;False;False;False;76;0.50;6.50;False;True;False;False;1;614.6503727743275;0;614.6503727743275;614.6503727743275
605;34.50;8.50;True;False;False;False;734;31.50;11.50;True;False;False;False;1;11.564616053598002;0;11.564616053598002;11.564616053598002
605;34.50;8.50;True;False;False;False;803;12.50;13.50;True;False;False;False;1;25.302499598274608;0;25.302499598274608;25.302499598274608
605;34.50;8.50;True;False;False;False;821;30.50;13.50;True;False;False;False;3;15.972930634247254;2.0462474049369455;14.36120490252415;17.09184705657026
605;34.50;8.50;True;False;False;False;822;31.50;13.50;True;False;False;False;1;11.77111510929899;0;11.77111510929899;11.77111510929899
606;35.50;8.50;True;False;False;False;12;61.50;3.50;False;False;True;False;1;178.8920498286925;0;178.8920498286925;178.8920498286925
606;35.50;8.50;True;False;False;False;28;61.50;9.50;False;False;True;False;2;70.37261844206114;127.63014893469926;62.38418464892311;78.36105223519917
606;35.50;8.50;True;False;False;False;44;61.50;15.50;False;False;True;False;2;114.26134439400079;66.22824011020302;108.50685744422833;120.01583134377324
606;35.50;8.50;True;False;False;False;60;61.50;21.50;False;False;True;False;1;111.98693926013402;0;111.98693926013402;111.98693926013402
606;35.50;8.50;True;False;False;False;76;0.50;6.50;False;True;False;False;1;613.501298155019;0;613.501298155019;613.501298155019
606;35.50;8.50;True;False;False;False;541;14.50;7.50;True;False;False;False;1;20.444909403329802;0;20.444909403329802;20.444909403329802
606;35.50;8.50;True;False;False;False;611;40.50;8.50;True;False;False;False;1;7.090093791412073;0;7.090093791412073;7.090093791412073
606;35.50;8.50;True;False;False;False;732;29.50;11.50;True;False;False;False;1;12.80611111111125;0;12.80611111111125;12.80611111111125
606;35.50;8.50;True;False;False;False;822;31.50;13.50;True;False;False;False;3;13.859934539116088;0.031066568379090824;13.72204102887008;14.058517721423414
606;35.50;8.50;True;False;False;False;823;32.50;13.50;True;False;False;False;1;12.162930445108941;0;12.162930445108941;12.162930445108941
607;36.50;8.50;True;False;False;False;44;61.50;15.50;False;False;True;False;2;129.21227990729858;2621.945736823311;93.00492059442331;165.41963922017385
607;36.50;8.50;True;False;False;False;76;0.50;6.50;False;True;False;False;1;614.1499427310737;0;614.1499427310737;614.1499427310737
607;36.50;8.50;True;False;False;False;475;36.50;5.50;True;False;False;False;1;5.1085273056414735;0;5.1085273056414735;5.1085273056414735
607;36.50;8.50;True;False;False;False;691;32.50;10.50;True;False;False;False;1;10.969999999999914;0;10.969999999999914;10.969999999999914
607;36.50;8.50;True;False;False;False;821;30.50;13.50;True;False;False;False;1;14.836232067304081;0;14.836232067304081;14.836232067304081
607;36.50;8.50;True;False;False;False;822;31.50;13.50;True;False;False;False;1;14.586197709602857;0;14.586197709602857;14.586197709602857
608;37.50;8.50;True;False;False;False;12;61.50;3.50;False;False;True;False;5;106.71311122267726;1198.2485595486264;81.10250198952417;163.2946293904315
608;37.50;8.50;True;False;False;False;28;61.50;9.50;False;False;True;False;1;164.3685025321247;0;164.3685025321247;164.3685025321247
608;37.50;8.50;True;False;False;False;44;61.50;15.50;False;False;True;False;1;166.85101731968825;0;166.85101731968825;166.85101731968825
608;37.50;8.50;True;False;False;False;76;0.50;6.50;False;True;False;False;1;588.5983517172936;0;588.5983517172936;588.5983517172936
608;37.50;8.50;True;False;False;False;569;42.50;7.50;True;False;False;False;2;10.385139500993319;0.3544341930409949;9.964167890881072;10.806111111105565
608;37.50;8.50;True;False;False;False;613;42.50;8.50;True;False;False;False;1;7.708614707571542;0;7.708614707571542;7.708614707571542
608;37.50;8.50;True;False;False;False;676;17.50;10.50;True;False;False;False;1;21.389809222429903;0;21.389809222429903;21.389809222429903
608;37.50;8.50;True;False;False;False;752;49.50;11.50;True;False;False;False;1;17.31464002366556;0;17.31464002366556;17.31464002366556
608;37.50;8.50;True;False;False;False;818;27.50;13.50;True;False;False;False;1;21.341666666663514;0;21.341666666663514;21.341666666663514
608;37.50;8.50;True;False;False;False;831;40.50;13.50;True;False;False;False;1;23.84564934696391;0;23.84564934696391;23.84564934696391
608;37.50;8.50;True;False;False;False;864;29.50;14.50;True;False;False;False;1;16.27481241717669;0;16.27481241717669;16.27481241717669
610;39.50;8.50;True;False;False;False;12;61.50;3.50;False;False;True;False;4;113.64597365395389;297.1595962869045;97.78850265400615;134.83982280483633
610;39.50;8.50;True;False;False;False;28;61.50;9.50;False;False;True;False;3;104.24105177821791;716.6394424966525;84.23899067666207;134.65231521017267
610;39.50;8.50;True;False;False;False;60;61.50;21.50;False;False;True;False;1;59.723073537858;0;59.723073537858;59.723073537858
610;39.50;8.50;True;False;False;False;108;0.50;18.50;False;True;False;False;1;585.8138159108057;0;585.8138159108057;585.8138159108057
610;39.50;8.50;True;False;False;False;569;42.50;7.50;True;False;False;False;1;8.935555555552128;0;8.935555555552128;8.935555555552128
610;39.50;8.50;True;False;False;False;688;29.50;10.50;True;False;False;False;1;36.601298693936656;0;36.601298693936656;36.601298693936656
610;39.50;8.50;True;False;False;False;734;31.50;11.50;True;False;False;False;1;16.192409805047646;0;16.192409805047646;16.192409805047646
610;39.50;8.50;True;False;False;False;822;31.50;13.50;True;False;False;False;4;17.232820590734036;8.478839766006233;15.649718625758396;21.59812142314331
610;39.50;8.50;True;False;False;False;864;29.50;14.50;True;False;False;False;2;21.915554350370712;27.540627402139904;18.20471701884162;25.626391681899804
610;39.50;8.50;True;False;False;False;866;31.50;14.50;True;False;False;False;1;16.90824673484167;0;16.90824673484167;16.90824673484167
611;40.50;8.50;True;False;False;False;12;61.50;3.50;False;False;True;False;2;97.29132904852486;117.16862370550187;89.63729012435215;104.94536797269757
611;40.50;8.50;True;False;False;False;28;61.50;9.50;False;False;True;False;3;77.73234674816422;731.1243298343255;51.96240741376778;105.8835209161698
611;40.50;8.50;True;False;False;False;44;61.50;15.50;False;False;True;False;1;99.723802290393;0;99.723802290393;99.723802290393
611;40.50;8.50;True;False;False;False;711;52.50;10.50;True;False;False;False;1;16.737316013633972;0;16.737316013633972;16.737316013633972
611;40.50;8.50;True;False;False;False;822;31.50;13.50;True;False;False;False;1;15.964578641811386;0;15.964578641811386;15.964578641811386
611;40.50;8.50;True;False;False;False;831;40.50;13.50;True;False;False;False;1;8.458606711188622;0;8.458606711188622;8.458606711188622
611;40.50;8.50;True;False;False;False;884;49.50;14.50;True;False;False;False;1;18.256576069990842;0;18.256576069990842;18.256576069990842
611;40.50;8.50;True;False;False;False;960;37.50;16.50;True;False;False;False;1;14.250649346965474;0;14.250649346965474;14.250649346965474
611;40.50;8.50;True;False;False;False;1081;26.50;19.50;True;False;False;False;1;24.800649346965656;0;24.800649346965656;24.800649346965656
612;41.50;8.50;True;False;False;False;12;61.50;3.50;False;False;True;False;2;145.10975459040742;2926.431616564261;106.8577506130714;183.36175856774344
612;41.50;8.50;True;False;False;False;559;32.50;7.50;True;False;False;False;1;13.118021599657368;0;13.118021599657368;13.118021599657368
612;41.50;8.50;True;False;False;False;823;32.50;13.50;True;False;False;False;1;17.284444444444944;0;17.284444444444944;17.284444444444944
613;42.50;8.50;True;False;False;False;28;61.50;9.50;False;False;True;False;3;111.56208249428603;20.05328734386459;107.66576253305493;116.45427124745947
613;42.50;8.50;True;False;False;False;353;46.50;2.50;True;False;False;False;1;13.888043491147982;0;13.888043491147982;13.888043491147982
613;42.50;8.50;True;False;False;False;821;30.50;13.50;True;False;False;False;1;19.0515768734399;0;19.0515768734399;19.0515768734399
613;42.50;8.50;True;False;False;False;836;45.50;13.50;True;False;False;False;1;18.99814575050823;0;18.99814575050823;18.99814575050823
615;44.50;8.50;True;False;False;False;12;61.50;3.50;False;False;True;False;1;143.79818492881714;0;143.79818492881714;143.79818492881714
615;44.50;8.50;True;False;False;False;28;61.50;9.50;False;False;True;False;4;102.53367646891775;1328.9506385110383;49.517892344505526;132.80713242898128
615;44.50;8.50;True;False;False;False;44;61.50;15.50;False;False;True;False;4;87.0145394010533;73.88086301186246;76.63445163735742;95.52953170553519
615;44.50;8.50;True;False;False;False;437;42.50;4.50;True;False;False;False;1;11.340093791412073;0;11.340093791412073;11.340093791412073
615;44.50;8.50;True;False;False;False;559;32.50;7.50;True;False;False;False;1;15.143059152014757;0;15.143059152014757;15.143059152014757
615;44.50;8.50;True;False;False;False;737;34.50;11.50;True;False;False;False;1;16.092496403536643;0;16.092496403536643;16.092496403536643
615;44.50;8.50;True;False;False;False;755;52.50;11.50;True;False;False;False;1;15.02166666667108;0;15.02166666667108;15.02166666667108
615;44.50;8.50;True;False;False;False;820;29.50;13.50;True;False;False;False;1;21.31666588223561;0;21.31666588223561;21.31666588223561
615;44.50;8.50;True;False;False;False;821;30.50;13.50;True;False;False;False;1;26.67712843080517;0;26.67712843080517;26.67712843080517
615;44.50;8.50;True;False;False;False;840;49.50;13.50;True;False;False;False;1;14.198791099293885;0;14.198791099293885;14.198791099293885
615;44.50;8.50;True;False;False;False;842;51.50;13.50;True;False;False;False;1;15.709906208588109;0;15.709906208588109;15.709906208588109
615;44.50;8.50;True;False;False;False;865;30.50;14.50;True;False;False;False;1;27.171576873442064;0;27.171576873442064;27.171576873442064
616;45.50;8.50;True;False;False;False;44;61.50;15.50;False;False;True;False;1;82.28315294342883;0;82.28315294342883;82.28315294342883
616;45.50;8.50;True;False;False;False;60;61.50;21.50;False;False;True;False;1;90.77910363650335;0;90.77910363650335;90.77910363650335
616;45.50;8.50;True;False;False;False;590;19.50;8.50;True;False;False;False;1;20.787389029730548;0;20.787389029730548;20.787389029730548
616;45.50;8.50;True;False;False;False;822;31.50;13.50;True;False;False;False;1;19.157409805046882;0;19.157409805046882;19.157409805046882
617;46.50;8.50;True;False;False;False;44;61.50;15.50;False;False;True;False;2;117.46306555098363;1678.349203375785;88.49455503200988;146.43157606995737
617;46.50;8.50;True;False;False;False;60;61.50;21.50;False;False;True;False;2;87.0393109502429;155.534135471802;78.22074713656548;95.85787476392034
617;46.50;8.50;True;False;False;False;573;46.50;7.50;True;False;False;False;1;3.542316013634263;0;3.542316013634263;3.542316013634263
617;46.50;8.50;True;False;False;False;732;29.50;11.50;True;False;False;False;1;19.97101971099255;0;19.97101971099255;19.97101971099255
617;46.50;8.50;True;False;False;False;820;29.50;13.50;True;False;False;False;1;22.685463351983344;0;22.685463351983344;22.685463351983344
617;46.50;8.50;True;False;False;False;866;31.50;14.50;True;False;False;False;1;39.78334052624632;0;39.78334052624632;39.78334052624632
618;47.50;8.50;True;False;False;False;12;61.50;3.50;False;False;True;False;9;114.08310590442186;1563.4612758966587;79.28249320880059;202.31380229039848
618;47.50;8.50;True;False;False;False;44;61.50;15.50;False;False;True;False;1;156.29160005905396;0;156.29160005905396;156.29160005905396
618;47.50;8.50;True;False;False;False;124;0.50;24.50;False;True;False;False;1;609.9449517573557;0;609.9449517573557;609.9449517573557
618;47.50;8.50;True;False;False;False;308;45.50;1.50;True;False;False;False;1;12.431798274918037;0;12.431798274918037;12.431798274918037
618;47.50;8.50;True;False;False;False;577;50.50;7.50;True;False;False;False;1;8.989729013416763;0;8.989729013416763;8.989729013416763
618;47.50;8.50;True;False;False;False;579;52.50;7.50;True;False;False;False;1;9.498847300133548;0;9.498847300133548;9.498847300133548
618;47.50;8.50;True;False;False;False;711;52.50;10.50;True;False;False;False;1;12.810090596677924;0;12.810090596677924;12.810090596677924
618;47.50;8.50;True;False;False;False;820;29.50;13.50;True;False;False;False;1;23.19834052625083;0;23.19834052625083;23.19834052625083
618;47.50;8.50;True;False;False;False;821;30.50;13.50;True;False;False;False;1;26.410221940554038;0;26.410221940554038;26.410221940554038
618;47.50;8.50;True;False;False;False;822;31.50;13.50;True;False;False;False;1;20.862868374455275;0;20.862868374455275;20.862868374455275
618;47.50;8.50;True;False;False;False;843;52.50;13.50;True;False;False;False;1;14.146846253121112;0;14.146846253121112;14.146846253121112
618;47.50;8.50;True;False;False;False;864;29.50;14.50;True;False;False;False;1;24.261395017503673;0;24.261395017503673;24.261395017503673
618;47.50;8.50;True;False;False;False;1253;22.50;23.50;True;False;False;False;1;34.822774583037244;0;34.822774583037244;34.822774583037244
618;47.50;8.50;True;False;False;False;1405;42.50;26.50;True;False;False;False;1;21.992597387863498;0;21.992597387863498;21.992597387863498
620;49.50;8.50;True;False;False;False;12;61.50;3.50;False;False;True;False;4;79.03737856170369;84.89925353906773;71.61778416723973;92.05157687342944
620;49.50;8.50;True;False;False;False;28;61.50;9.50;False;False;True;False;3;96.52705993253805;217.66349870131546;79.59569569923246;106.62374713829104
620;49.50;8.50;True;False;False;False;60;61.50;21.50;False;False;True;False;1;106.81555236082067;0;106.81555236082067;106.81555236082067
620;49.50;8.50;True;False;False;False;621;50.50;8.50;True;False;False;False;1;4.241303476517714;0;4.241303476517714;4.241303476517714
620;49.50;8.50;True;False;False;False;820;29.50;13.50;True;False;False;False;1;24.099444444444543;0;24.099444444444543;24.099444444444543
620;49.50;8.50;True;False;False;False;822;31.50;13.50;True;False;False;False;2;25.84986091024848;24.261419812238607;22.366944042719297;29.332777777777665
620;49.50;8.50;True;False;False;False;864;29.50;14.50;True;False;False;False;1;24.223427928194724;0;24.223427928194724;24.223427928194724
620;49.50;8.50;True;False;False;False;988;21.50;17.50;True;False;False;False;1;31.624392487072328;0;31.624392487072328;31.624392487072328
620;49.50;8.50;True;False;False;False;994;27.50;17.50;True;False;False;False;1;27.851204902523932;0;27.851204902523932;27.851204902523932
620;49.50;8.50;True;False;False;False;1100;45.50;19.50;True;False;False;False;1;17.193064738050452;0;17.193064738050452;17.193064738050452
620;49.50;8.50;True;False;False;False;1105;50.50;19.50;True;False;False;False;1;15.026921348176984;0;15.026921348176984;15.026921348176984
621;50.50;8.50;True;False;False;False;12;61.50;3.50;False;False;True;False;3;113.84480566541212;1361.2712410716717;80.17349746614764;153.28474020447175
621;50.50;8.50;True;False;False;False;28;61.50;9.50;False;False;True;False;3;113.37288345311754;1761.9435910098655;70.79509379141018;154.7190079444308
621;50.50;8.50;True;False;False;False;44;61.50;15.50;False;False;True;False;1;107.94462162053696;0;107.94462162053696;107.94462162053696
621;50.50;8.50;True;False;False;False;60;61.50;21.50;False;False;True;False;1;87.81000080344347;0;87.81000080344347;87.81000080344347
621;50.50;8.50;True;False;False;False;92;0.50;12.50;False;True;False;False;1;259.42408446802074;0;259.42408446802074;259.42408446802074
621;50.50;8.50;True;False;False;False;479;40.50;5.50;True;False;False;False;1;15.351576069987914;0;15.351576069987914;15.351576069987914
621;50.50;8.50;True;False;False;False;576;49.50;7.50;True;False;False;False;1;6.350465762325257;0;6.350465762325257;6.350465762325257
621;50.50;8.50;True;False;False;False;734;31.50;11.50;True;False;False;False;2;22.529857715506296;0.022380694871950137;22.424073276972194;22.635642154040397
621;50.50;8.50;True;False;False;False;821;30.50;13.50;True;False;False;False;1;23.50231201544375;0;23.50231201544375;23.50231201544375
621;50.50;8.50;True;False;False;False;822;31.50;13.50;True;False;False;False;1;23.08843031948345;0;23.08843031948345;23.08843031948345
621;50.50;8.50;True;False;False;False;823;32.50;13.50;True;False;False;False;1;28.48435065303238;0;28.48435065303238;28.48435065303238
621;50.50;8.50;True;False;False;False;825;34.50;13.50;True;False;False;False;1;21.251298693936832;0;21.251298693936832;21.251298693936832
621;50.50;8.50;True;False;False;False;963;40.50;16.50;True;False;False;False;1;29.5073112310547;0;29.5073112310547;29.5073112310547
621;50.50;8.50;True;False;False;False;972;49.50;16.50;True;False;False;False;1;13.45314894524472;0;13.45314894524472;13.45314894524472
622;51.50;8.50;True;False;False;False;12;61.50;3.50;False;False;True;False;2;98.55611351192147;4.4302817318681855;97.06777858122405;100.04444844261889
622;51.50;8.50;True;False;False;False;60;61.50;21.50;False;False;True;False;1;88.01379509747494;0;88.01379509747494;88.01379509747494
622;51.50;8.50;True;False;False;False;820;29.50;13.50;True;False;False;False;1;32.88388888888767;0;32.88388888888767;32.88388888888767
622;51.50;8.50;True;False;False;False;822;31.50;13.50;True;False;False;False;1;23.65343751240289;0;23.65343751240289;23.65343751240289
622;51.50;8.50;True;False;False;False;965;42.50;16.50;True;False;False;False;1;21.822496403539844;0;21.822496403539844;21.822496403539844
623;52.50;8.50;True;False;False;False;12;61.50;3.50;False;False;True;False;9;96.91359422211877;864.6368781347907;69.36342792819414;149.1130527625246
623;52.50;8.50;True;False;False;False;28;61.50;9.50;False;False;True;False;3;94.86336913095359;727.796469085507;71.17194165142791;124.2257511347525
623;52.50;8.50;True;False;False;False;44;61.50;15.50;False;False;True;False;6;87.64831409218216;1831.6089128315389;45.67834318209498;144.02571325091412
623;52.50;8.50;True;False;False;False;60;61.50;21.50;False;False;True;False;2;131.69865920243865;5865.4182106401;77.5441662649173;185.85315213996
623;52.50;8.50;True;False;False;False;108;0.50;18.50;False;True;False;False;1;549.2140002799551;0;549.2140002799551;549.2140002799551
623;52.50;8.50;True;False;False;False;124;0.50;24.50;False;True;False;False;1;551.7872288761173;0;551.7872288761173;551.7872288761173
623;52.50;8.50;True;False;False;False;313;50.50;1.50;True;False;False;False;1;13.652405806862589;0;13.652405806862589;13.652405806862589
623;52.50;8.50;True;False;False;False;356;49.50;2.50;True;False;False;False;1;12.981851054756135;0;12.981851054756135;12.981851054756135
623;52.50;8.50;True;False;False;False;419;24.50;4.50;True;False;False;False;1;27.773980289035535;0;27.773980289035535;27.773980289035535
623;52.50;8.50;True;False;False;False;440;45.50;4.50;True;False;False;False;1;14.538610709383647;0;14.538610709383647;14.538610709383647
623;52.50;8.50;True;False;False;False;489;50.50;5.50;True;False;False;False;1;10.112874763934087;0;10.112874763934087;10.112874763934087
623;52.50;8.50;True;False;False;False;490;51.50;5.50;True;False;False;False;1;13.06364215577014;0;13.06364215577014;13.06364215577014
623;52.50;8.50;True;False;False;False;491;52.50;5.50;True;False;False;False;1;4.873148945249341;0;4.873148945249341;4.873148945249341
623;52.50;8.50;True;False;False;False;617;46.50;8.50;True;False;False;False;1;7.088888888887595;0;7.088888888887595;7.088888888887595
623;52.50;8.50;True;False;False;False;734;31.50;11.50;True;False;False;False;2;23.369215963184615;0.010312017922162228;23.297410608502105;23.441021317867126
623;52.50;8.50;True;False;False;False;745;42.50;11.50;True;False;False;False;1;16.1854617641402;0;16.1854617641402;16.1854617641402
623;52.50;8.50;True;False;False;False;821;30.50;13.50;True;False;False;False;2;33.5545381035854;151.8217011016326;24.841854788393903;42.2672214187769
623;52.50;8.50;True;False;False;False;822;31.50;13.50;True;False;False;False;1;24.551395680087808;0;24.551395680087808;24.551395680087808
623;52.50;8.50;True;False;False;False;864;29.50;14.50;True;False;False;False;3;30.606738784837187;4.238509118855726;29.11305915201592;32.95520277212154
623;52.50;8.50;True;False;False;False;866;31.50;14.50;True;False;False;False;2;30.811058619846335;23.270641816023705;27.400000000002365;34.222117239690306
623;52.50;8.50;True;False;False;False;1076;21.50;19.50;True;False;False;False;1;35.01065653989281;0;35.01065653989281;35.01065653989281
623;52.50;8.50;True;False;False;False;1369;50.50;25.50;True;False;False;False;1;18.963785532305337;0;18.963785532305337;18.963785532305337
623;52.50;8.50;True;False;False;False;1372;9.50;26.50;True;False;False;False;1;47.85222622040601;0;47.85222622040601;47.85222622040601
668;9.50;10.50;True;False;False;False;28;61.50;9.50;False;False;True;False;2;173.2455403757831;11593.271770634381;97.10989901566063;249.38118173590556
668;9.50;10.50;True;False;False;False;60;61.50;21.50;False;False;True;False;1;160.452228611693;0;160.452228611693;160.452228611693
668;9.50;10.50;True;False;False;False;483;44.50;5.50;True;False;False;False;1;33.617406610308535;0;33.617406610308535;33.617406610308535
668;9.50;10.50;True;False;False;False;851;16.50;14.50;True;False;False;False;1;14.30277777777792;0;14.30277777777792;14.30277777777792
668;9.50;10.50;True;False;False;False;1231;44.50;22.50;True;False;False;False;1;42.161023709173605;0;42.161023709173605;42.161023709173605
669;10.50;10.50;True;False;False;False;1227;40.50;22.50;True;False;False;False;1;35.34204183231668;0;35.34204183231668;35.34204183231668
674;15.50;10.50;True;False;False;False;28;61.50;9.50;False;False;True;False;1;112.40545615905285;0;112.40545615905285;112.40545615905285
675;16.50;10.50;True;False;False;False;12;61.50;3.50;False;False;True;False;1;166.93250040171552;0;166.93250040171552;166.93250040171552
675;16.50;10.50;True;False;False;False;28;61.50;9.50;False;False;True;False;1;116.20250359646889;0;116.20250359646889;116.20250359646889
675;16.50;10.50;True;False;False;False;424;29.50;4.50;True;False;False;False;1;25.866944042727482;0;25.866944042727482;25.866944042727482
675;16.50;10.50;True;False;False;False;748;45.50;11.50;True;False;False;False;1;26.17990620858518;0;26.17990620858518;26.17990620858518
676;17.50;10.50;True;False;False;False;28;61.50;9.50;False;False;True;False;2;97.82711644577557;281.5880274558241;85.96145111559235;109.69278177595879
676;17.50;10.50;True;False;False;False;969;46.50;16.50;True;False;False;False;1;31.430735945452398;0;31.430735945452398;31.430735945452398
676;17.50;10.50;True;False;False;False;1104;49.50;19.50;True;False;False;False;1;47.55722302566937;0;47.55722302566937;47.55722302566937
679;20.50;10.50;True;False;False;False;60;61.50;21.50;False;False;True;False;1;81.07018438807972;0;81.07018438807972;81.07018438807972
679;20.50;10.50;True;False;False;False;821;30.50;13.50;True;False;False;False;1;15.820743138381658;0;15.820743138381658;15.820743138381658
681;22.50;10.50;True;False;False;False;44;61.50;15.50;False;False;True;False;1;121.27639648353761;0;121.27639648353761;121.27639648353761
681;22.50;10.50;True;False;False;False;60;61.50;21.50;False;False;True;False;1;160.59759738785579;0;160.59759738785579;160.59759738785579
681;22.50;10.50;True;False;False;False;733;30.50;11.50;True;False;False;False;1;11.737012815141497;0;11.737012815141497;11.737012815141497
683;24.50;10.50;True;False;False;False;28;61.50;9.50;False;False;True;False;1;122.11915587727344;0;122.11915587727344;122.11915587727344
683;24.50;10.50;True;False;False;False;821;30.50;13.50;True;False;False;False;1;13.822132428978875;0;13.822132428978875;13.822132428978875
683;24.50;10.50;True;False;False;False;842;51.50;13.50;True;False;False;False;1;27.79704183231115;0;27.79704183231115;27.79704183231115
684;25.50;10.50;True;False;False;False;28;61.50;9.50;False;False;True;False;2;102.67014428357197;38.49619751150347;98.28287876211652;107.05740980502742
684;25.50;10.50;True;False;False;False;739;36.50;11.50;True;False;False;False;1;14.89722222221826;0;14.89722222221826;14.89722222221826
684;25.50;10.50;True;False;False;False;811;20.50;13.50;True;False;False;False;1;11.914538235856526;0;11.914538235856526;11.914538235856526
685;26.50;10.50;True;False;False;False;44;61.50;15.50;False;False;True;False;1;65.32278018810757;0;65.32278018810757;65.32278018810757
685;26.50;10.50;True;False;False;False;872;37.50;14.50;True;False;False;False;1;17.2179629883467;0;17.2179629883467;17.2179629883467
686;27.50;10.50;True;False;False;False;12;61.50;3.50;False;False;True;False;1;159.27074952783005;0;159.27074952783005;159.27074952783005
686;27.50;10.50;True;False;False;False;92;0.50;12.50;False;True;False;False;1;291.85276258851445;0;291.85276258851445;291.85276258851445
686;27.50;10.50;True;False;False;False;603;32.50;8.50;True;False;False;False;1;11.890836929796933;0;11.890836929796933;11.890836929796933
688;29.50;10.50;True;False;False;False;12;61.50;3.50;False;False;True;False;2;111.6559215901257;2287.884737675163;77.83370450079843;145.47813867945297
688;29.50;10.50;True;False;False;False;481;42.50;5.50;True;False;False;False;1;19.279068475342115;0;19.279068475342115;19.279068475342115
688;29.50;10.50;True;False;False;False;489;50.50;5.50;True;False;False;False;1;25.634256861618724;0;25.634256861618724;25.634256861618724
688;29.50;10.50;True;False;False;False;623;52.50;8.50;True;False;False;False;1;24.853427124747668;0;24.853427124747668;24.853427124747668
688;29.50;10.50;True;False;False;False;744;41.50;11.50;True;False;False;False;1;19.01685105474826;0;19.01685105474826;19.01685105474826
689;30.50;10.50;True;False;False;False;12;61.50;3.50;False;False;True;False;3;123.27926165689921;400.2950232397224;106.03130188866726;145.21398667849007
689;30.50;10.50;True;False;False;False;44;61.50;15.50;False;False;True;False;1;45.52833652807294;0;45.52833652807294;45.52833652807294
689;30.50;10.50;True;False;False;False;444;49.50;4.50;True;False;False;False;1;28.801580068171006;0;28.801580068171006;28.801580068171006
689;30.50;10.50;True;False;False;False;613;42.50;8.50;True;False;False;False;1;16.520678277418483;0;16.520678277418483;16.520678277418483
689;30.50;10.50;True;False;False;False;748;45.50;11.50;True;False;False;False;1;19.71200265398511;0;19.71200265398511;19.71200265398511
689;30.50;10.50;True;False;False;False;821;30.50;13.50;True;False;False;False;1;25.65620490252104;0;25.65620490252104;25.65620490252104
690;31.50;10.50;True;False;False;False;12;61.50;3.50;False;False;True;False;1;97.35222541696203;0;97.35222541696203;97.35222541696203
690;31.50;10.50;True;False;False;False;92;0.50;12.50;False;True;False;False;1;342.0579003408767;0;342.0579003408767;342.0579003408767
690;31.50;10.50;True;False;False;False;559;32.50;7.50;True;False;False;False;1;9.505281374237256;0;9.505281374237256;9.505281374237256
690;31.50;10.50;True;False;False;False;568;41.50;7.50;True;False;False;False;1;15.942874763925943;0;15.942874763925943;15.942874763925943
690;31.50;10.50;True;False;False;False;691;32.50;10.50;True;False;False;False;1;4.078427124745758;0;4.078427124745758;4.078427124745758
690;31.50;10.50;True;False;False;False;739;36.50;11.50;True;False;False;False;1;10.807345588771852;0;10.807345588771852;10.807345588771852
690;31.50;10.50;True;False;False;False;742;39.50;11.50;True;False;False;False;1;13.510461764142633;0;13.510461764142633;13.510461764142633
690;31.50;10.50;True;False;False;False;750;47.50;11.50;True;False;False;False;1;18.382027446474922;0;18.382027446474922;18.382027446474922
691;32.50;10.50;True;False;False;False;12;61.50;3.50;False;False;True;False;4;103.57918608588284;56.70451838949716;98.97481961009998;114.78165308427924
691;32.50;10.50;True;False;False;False;28;61.50;9.50;False;False;True;False;5;110.45446432375611;133.96592344000547;90.27639887482837;119.34436104067572
691;32.50;10.50;True;False;False;False;60;61.50;21.50;False;False;True;False;2;108.71606981094465;565.167859037857;91.9058369297818;125.52630269210749
691;32.50;10.50;True;False;False;False;76;0.50;6.50;False;True;False;False;1;586.2035377123229;0;586.2035377123229;586.2035377123229
691;32.50;10.50;True;False;False;False;124;0.50;24.50;False;True;False;False;1;580.4022454078149;0;580.4022454078149;580.4022454078149
691;32.50;10.50;True;False;False;False;277;14.50;1.50;True;False;False;False;1;25.02537197091442;0;25.02537197091442;25.02537197091442
691;32.50;10.50;True;False;False;False;430;35.50;4.50;True;False;False;False;1;13.941482278580224;0;13.941482278580224;13.941482278580224
691;32.50;10.50;True;False;False;False;475;36.50;5.50;True;False;False;False;1;14.274155877284329;0;14.274155877284329;14.274155877284329
691;32.50;10.50;True;False;False;False;476;37.50;5.50;True;False;False;False;1;14.780555555555559;0;14.780555555555559;14.780555555555559
691;32.50;10.50;True;False;False;False;711;52.50;10.50;True;False;False;False;1;17.125649346968203;0;17.125649346968203;17.125649346968203
691;32.50;10.50;True;False;False;False;820;29.50;13.50;True;False;False;False;1;10.555089793225761;0;10.555089793225761;10.555089793225761
691;32.50;10.50;True;False;False;False;821;30.50;13.50;True;False;False;False;2;16.595256870210505;98.88290932300595;9.563795097470575;23.626718642950436
691;32.50;10.50;True;False;False;False;822;31.50;13.50;True;False;False;False;2;9.09689754874671;0.8367102009934907;8.450093791416293;9.743701306077128
691;32.50;10.50;True;False;False;False;823;32.50;13.50;True;False;False;False;1;4.857295219306252;0;4.857295219306252;4.857295219306252
691;32.50;10.50;True;False;False;False;833;42.50;13.50;True;False;False;False;1;15.862037834131911;0;15.862037834131911;15.862037834131911
691;32.50;10.50;True;False;False;False;843;52.50;13.50;True;False;False;False;1;22.870093791412785;0;22.870093791412785;22.870093791412785
691;32.50;10.50;True;False;False;False;864;29.50;14.50;True;False;False;False;1;11.600468957065459;0;11.600468957065459;11.600468957065459
691;32.50;10.50;True;False;False;False;866;31.50;14.50;True;False;False;False;3;11.514414245551658;3.28830002532617;10.172128430808698;13.577319208369772
691;32.50;10.50;True;False;False;False;1133;34.50;20.50;True;False;False;False;1;15.435187582828803;0;15.435187582828803;15.435187582828803
693;34.50;10.50;True;False;False;False;28;61.50;9.50;False;False;True;False;2;116.56463002817372;1286.4096880259679;91.20314655395669;141.92611350239076
693;34.50;10.50;True;False;False;False;44;61.50;15.50;False;False;True;False;1;55.21269198273876;0;55.21269198273876;55.21269198273876
693;34.50;10.50;True;False;False;False;60;61.50;21.50;False;False;True;False;1;91.65537596909417;0;91.65537596909417;91.65537596909417
693;34.50;10.50;True;False;False;False;690;31.50;10.50;True;False;False;False;1;6.297222222222224;0;6.297222222222224;6.297222222222224
693;34.50;10.50;True;False;False;False;752;49.50;11.50;True;False;False;False;1;16.969721820496716;0;16.969721820496716;16.969721820496716
693;34.50;10.50;True;False;False;False;821;30.50;13.50;True;False;False;False;2;13.080183986366137;3.35646100103968;11.784718625764071;14.375649346968203
693;34.50;10.50;True;False;False;False;823;32.50;13.50;True;False;False;False;1;11.17731601363539;0;11.17731601363539;11.17731601363539
693;34.50;10.50;True;False;False;False;866;31.50;14.50;True;False;False;False;1;11.533802290397034;0;11.533802290397034;11.533802290397034
693;34.50;10.50;True;False;False;False;886;51.50;14.50;True;False;False;False;1;21.404803617320795;0;21.404803617320795;21.404803617320795
695;36.50;10.50;True;False;False;False;28;61.50;9.50;False;False;True;False;2;113.32491938924886;792.1089875244483;93.42380148692428;133.22603729157345
695;36.50;10.50;True;False;False;False;92;0.50;12.50;False;True;False;False;1;266.6616810524829;0;266.6616810524829;266.6616810524829
695;36.50;10.50;True;False;False;False;108;0.50;18.50;False;True;False;False;1;570.4709136316742;0;570.4709136316742;570.4709136316742
695;36.50;10.50;True;False;False;False;279;16.50;1.50;True;False;False;False;1;27.342316013633535;0;27.342316013633535;27.342316013633535
695;36.50;10.50;True;False;False;False;441;46.50;4.50;True;False;False;False;1;18.667587000229105;0;18.667587000229105;18.667587000229105
695;36.50;10.50;True;False;False;False;473;34.50;5.50;True;False;False;False;1;12.221942454892996;0;12.221942454892996;12.221942454892996
695;36.50;10.50;True;False;False;False;823;32.50;13.50;True;False;False;False;2;11.472866375362344;0.06811019663132103;11.288326140411641;11.657406610313046
696;37.50;10.50;True;False;False;False;12;61.50;3.50;False;False;True;False;3;90.80028456896495;396.1808640839283;70.12843431766305;109.83602690388761
696;37.50;10.50;True;False;False;False;28;61.50;9.50;False;False;True;False;3;91.19592966265186;70.36863550266735;84.62121530925106;100.64352091615945
696;37.50;10.50;True;False;False;False;108;0.50;18.50;False;True;False;False;1;589.6488955428886;0;589.6488955428886;589.6488955428886
696;37.50;10.50;True;False;False;False;124;0.50;24.50;False;True;False;False;1;527.3427391193709;0;527.3427391193709;527.3427391193709
696;37.50;10.50;True;False;False;False;277;14.50;1.50;True;False;False;False;1;40.13203463937862;0;40.13203463937862;40.13203463937862
696;37.50;10.50;True;False;False;False;576;49.50;7.50;True;False;False;False;1;18.908333333333758;0;18.908333333333758;18.908333333333758
696;37.50;10.50;True;False;False;False;699;40.50;10.50;True;False;False;False;1;5.427777777775191;0;5.427777777775191;5.427777777775191
696;37.50;10.50;True;False;False;False;750;47.50;11.50;True;False;False;False;1;36.63888888888641;0;36.63888888888641;36.63888888888641
696;37.50;10.50;True;False;False;False;821;30.50;13.50;True;False;False;False;1;14.866760458080535;0;14.866760458080535;14.866760458080535
696;37.50;10.50;True;False;False;False;822;31.50;13.50;True;False;False;False;1;15.39564934696682;0;15.39564934696682;15.39564934696682
696;37.50;10.50;True;False;False;False;823;32.50;13.50;True;False;False;False;1;11.995646152228801;0;11.995646152228801;11.995646152228801
696;37.50;10.50;True;False;False;False;866;31.50;14.50;True;False;False;False;1;21.97113747241565;0;21.97113747241565;21.97113747241565
698;39.50;10.50;True;False;False;False;12;61.50;3.50;False;False;True;False;3;112.13564828205449;340.1926782831212;91.10046176413925;125.53999999999496
698;39.50;10.50;True;False;False;False;60;61.50;21.50;False;False;True;False;1;97.00341273890808;0;97.00341273890808;97.00341273890808
698;39.50;10.50;True;False;False;False;124;0.50;24.50;False;True;False;False;1;526.1237593400883;0;526.1237593400883;526.1237593400883
698;39.50;10.50;True;False;False;False;566;39.50;7.50;True;False;False;False;1;6.050649346969294;0;6.050649346969294;6.050649346969294
698;39.50;10.50;True;False;False;False;823;32.50;13.50;True;False;False;False;1;13.957900624304784;0;13.957900624304784;13.957900624304784
698;39.50;10.50;True;False;False;False;866;31.50;14.50;True;False;False;False;1;15.067965360603921;0;15.067965360603921;15.067965360603921
698;39.50;10.50;True;False;False;False;884;49.50;14.50;True;False;False;False;1;17.501010930220218;0;17.501010930220218;17.501010930220218
698;39.50;10.50;True;False;False;False;962;39.50;16.50;True;False;False;False;1;10.723701306064868;0;10.723701306064868;10.723701306064868
699;40.50;10.50;True;False;False;False;12;61.50;3.50;False;False;True;False;3;94.31778603559542;266.6536874342547;80.60890646942426;112.38398987320943
699;40.50;10.50;True;False;False;False;28;61.50;9.50;False;False;True;False;1;113.56648866804335;0;113.56648866804335;113.56648866804335
699;40.50;10.50;True;False;False;False;485;46.50;5.50;True;False;False;False;1;15.488513723239521;0;15.488513723239521;15.488513723239521
699;40.50;10.50;True;False;False;False;719;16.50;11.50;True;False;False;False;1;22.686111111102946;0;22.686111111102946;22.686111111102946
699;40.50;10.50;True;False;False;False;822;31.50;13.50;True;False;False;False;2;19.172404209490196;9.727345151386599;16.967030641204474;21.37777777777592
700;41.50;10.50;True;False;False;False;12;61.50;3.50;False;False;True;False;4;145.95283526199023;3021.2556657470986;72.41751078938341;195.35250359643578
700;41.50;10.50;True;False;False;False;44;61.50;15.50;False;False;True;False;1;178.99524380283765;0;178.99524380283765;178.99524380283765
700;41.50;10.50;True;False;False;False;124;0.50;24.50;False;True;False;False;1;582.3309192655179;0;582.3309192655179;582.3309192655179
700;41.50;10.50;True;False;False;False;615;44.50;8.50;True;False;False;False;1;11.992138818455714;0;11.992138818455714;11.992138818455714
700;41.50;10.50;True;False;False;False;620;49.50;8.50;True;False;False;False;1;14.253982680305853;0;14.253982680305853;14.253982680305853
700;41.50;10.50;True;False;False;False;820;29.50;13.50;True;False;False;False;1;19.917781775962794;0;19.917781775962794;19.917781775962794
700;41.50;10.50;True;False;False;False;821;30.50;13.50;True;False;False;False;1;15.980736748904746;0;15.980736748904746;15.980736748904746
700;41.50;10.50;True;False;False;False;822;31.50;13.50;True;False;False;False;1;16.688429516030737;0;16.688429516030737;16.688429516030737
700;41.50;10.50;True;False;False;False;864;29.50;14.50;True;False;False;False;1;26.26583054031289;0;26.26583054031289;26.26583054031289
701;42.50;10.50;True;False;False;False;12;61.50;3.50;False;False;True;False;3;100.28364970173637;883.5984229340515;67.96222941511951;126.4489970661516
701;42.50;10.50;True;False;False;False;28;61.50;9.50;False;False;True;False;6;85.4496651562522;911.1117955067482;37.49694484616339;128.33213562372293
701;42.50;10.50;True;False;False;False;44;61.50;15.50;False;False;True;False;4;100.1150504921712;422.69282520733185;69.46147908384592;113.37454462534151
701;42.50;10.50;True;False;False;False;92;0.50;12.50;False;True;False;False;1;308.84001038765564;0;308.84001038765564;308.84001038765564
701;42.50;10.50;True;False;False;False;124;0.50;24.50;False;True;False;False;1;570.4122365889525;0;570.4122365889525;570.4122365889525
701;42.50;10.50;True;False;False;False;349;42.50;2.50;True;False;False;False;1;9.229538235858854;0;9.229538235858854;9.229538235858854
701;42.50;10.50;True;False;False;False;579;52.50;7.50;True;False;False;False;1;15.970743138382204;0;15.970743138382204;15.970743138382204
701;42.50;10.50;True;False;False;False;696;37.50;10.50;True;False;False;False;1;7.11304876435679;0;7.11304876435679;7.11304876435679
701;42.50;10.50;True;False;False;False;737;34.50;11.50;True;False;False;False;1;12.098611512836328;0;12.098611512836328;12.098611512836328
701;42.50;10.50;True;False;False;False;750;47.50;11.50;True;False;False;False;1;10.608330138602469;0;10.608330138602469;10.608330138602469
701;42.50;10.50;True;False;False;False;818;27.50;13.50;True;False;False;False;1;18.81566310802009;0;18.81566310802009;18.81566310802009
701;42.50;10.50;True;False;False;False;821;30.50;13.50;True;False;False;False;1;16.611663471932843;0;16.611663471932843;16.611663471932843
701;42.50;10.50;True;False;False;False;822;31.50;13.50;True;False;False;False;6;18.53344289055288;5.976615304503802;16.412591801854433;22.059535041124036
701;42.50;10.50;True;False;False;False;865;30.50;14.50;True;False;False;False;1;17.48416706838907;0;17.48416706838907;17.48416706838907
701;42.50;10.50;True;False;False;False;866;31.50;14.50;True;False;False;False;1;17.287683986363845;0;17.287683986363845;17.287683986363845
703;44.50;10.50;True;False;False;False;12;61.50;3.50;False;False;True;False;3;160.0356811336657;430.9103890139951;140.5160213178906;181.84323072294137
703;44.50;10.50;True;False;False;False;28;61.50;9.50;False;False;True;False;4;107.3293297407381;466.2198445930254;82.82537916382717;134.40944898163434
703;44.50;10.50;True;False;False;False;44;61.50;15.50;False;False;True;False;1;116.67990620858473;0;116.67990620858473;116.67990620858473
703;44.50;10.50;True;False;False;False;304;41.50;1.50;True;False;False;False;1;17.68360831809332;0;17.68360831809332;17.68360831809332
703;44.50;10.50;True;False;False;False;454;15.50;5.50;True;False;False;False;1;29.56240339647411;0;29.56240339647411;29.56240339647411
703;44.50;10.50;True;False;False;False;481;42.50;5.50;True;False;False;False;1;11.788423930007411;0;11.788423930007411;11.788423930007411
703;44.50;10.50;True;False;False;False;490;51.50;5.50;True;False;False;False;1;15.72212843080706;0;15.72212843080706;15.72212843080706
703;44.50;10.50;True;False;False;False;699;40.50;10.50;True;False;False;False;1;7.92685344604115;0;7.92685344604115;7.92685344604115
703;44.50;10.50;True;False;False;False;733;30.50;11.50;True;False;False;False;1;20.982691179277026;0;20.982691179277026;20.982691179277026
703;44.50;10.50;True;False;False;False;874;39.50;14.50;True;False;False;False;1;13.403888888888105;0;13.403888888888105;13.403888888888105
703;44.50;10.50;True;False;False;False;973;50.50;16.50;True;False;False;False;1;14.982770584859281;0;14.982770584859281;14.982770584859281
704;45.50;10.50;True;False;False;False;28;61.50;9.50;False;False;True;False;2;64.70287316654685;906.8196008393725;43.40945163735887;85.99629469573483
704;45.50;10.50;True;False;False;False;44;61.50;15.50;False;False;True;False;2;60.48795657030587;674.6748399180519;42.12120890069855;78.85470423991319
704;45.50;10.50;True;False;False;False;734;31.50;11.50;True;False;False;False;1;15.955183584639599;0;15.955183584639599;15.955183584639599
704;45.50;10.50;True;False;False;False;864;29.50;14.50;True;False;False;False;1;20.6591958590343;0;20.6591958590343;20.6591958590343
704;45.50;10.50;True;False;False;False;872;37.50;14.50;True;False;False;False;1;15.339256861621834;0;15.339256861621834;15.339256861621834
704;45.50;10.50;True;False;False;False;884;49.50;14.50;True;False;False;False;1;12.94331494929429;0;12.94331494929429;12.94331494929429
705;46.50;10.50;True;False;False;False;12;61.50;3.50;False;False;True;False;2;96.26116240672673;279.6588617255795;84.43621289889415;108.0861119145593
705;46.50;10.50;True;False;False;False;28;61.50;9.50;False;False;True;False;3;121.13176498553639;179.52593978612532;106.36685744422357;132.5172262203987
705;46.50;10.50;True;False;False;False;733;30.50;11.50;True;False;False;False;1;19.545743138380203;0;19.545743138380203;19.545743138380203
705;46.50;10.50;True;False;False;False;821;30.50;13.50;True;False;False;False;1;20.222125236075954;0;20.222125236075954;20.222125236075954
705;46.50;10.50;True;False;False;False;825;34.50;13.50;True;False;False;False;1;19.365739140195103;0;19.365739140195103;19.365739140195103
705;46.50;10.50;True;False;False;False;970;47.50;16.50;True;False;False;False;1;10.544089250677644;0;10.544089250677644;10.544089250677644
705;46.50;10.50;True;False;False;False;1071;16.50;19.50;True;False;False;False;1;33.074628832531744;0;33.074628832531744;33.074628832531744
705;46.50;10.50;True;False;False;False;1116;17.50;20.50;True;False;False;False;1;33.33161205367833;0;33.33161205367833;33.33161205367833
706;47.50;10.50;True;False;False;False;12;61.50;3.50;False;False;True;False;12;104.37820496759002;699.5278447797533;78.25889288707185;165.66158406635805
706;47.50;10.50;True;False;False;False;28;61.50;9.50;False;False;True;False;3;113.44725668711544;987.316162150006;92.27112630040574;149.5499213978801
706;47.50;10.50;True;False;False;False;44;61.50;15.50;False;False;True;False;2;86.34870610769394;0.3091234018157262;85.9555627484624;86.74184946692549
706;47.50;10.50;True;False;False;False;92;0.50;12.50;False;True;False;False;1;261.1774727009324;0;261.1774727009324;261.1774727009324
706;47.50;10.50;True;False;False;False;124;0.50;24.50;False;True;False;False;1;534.0492832801438;0;534.0492832801438;534.0492832801438
706;47.50;10.50;True;False;False;False;488;49.50;5.50;True;False;False;False;1;11.73759019495401;0;11.73759019495401;11.73759019495401
706;47.50;10.50;True;False;False;False;578;51.50;7.50;True;False;False;False;1;11.80100532511642;0;11.80100532511642;11.80100532511642
706;47.50;10.50;True;False;False;False;733;30.50;11.50;True;False;False;False;1;27.179073276979466;0;27.179073276979466;27.179073276979466
706;47.50;10.50;True;False;False;False;821;30.50;13.50;True;False;False;False;4;22.350312929239863;17.30266437111354;20.096392485353135;28.586111111109858
706;47.50;10.50;True;False;False;False;822;31.50;13.50;True;False;False;False;5;23.791107095754704;31.766298922936535;19.322138193663704;31.790281374236656
706;47.50;10.50;True;False;False;False;842;51.50;13.50;True;False;False;False;1;11.763888888889596;0;11.763888888889596;11.763888888889596
706;47.50;10.50;True;False;False;False;865;30.50;14.50;True;False;False;False;1;21.55748840716251;0;21.55748840716251;21.55748840716251
706;47.50;10.50;True;False;False;False;948;25.50;16.50;True;False;False;False;1;25.224999999998545;0;25.224999999998545;25.224999999998545
706;47.50;10.50;True;False;False;False;1207;20.50;22.50;True;False;False;False;1;32.899076471720036;0;32.899076471720036;32.899076471720036
706;47.50;10.50;True;False;False;False;1277;46.50;23.50;True;False;False;False;1;15.64999999999418;0;15.64999999999418;15.64999999999418
706;47.50;10.50;True;False;False;False;1368;49.50;25.50;True;False;False;False;1;20.929919791004068;0;20.929919791004068;20.929919791004068
706;47.50;10.50;True;False;False;False;1397;34.50;26.50;True;False;False;False;1;27.042663192030886;0;27.042663192030886;27.042663192030886
708;49.50;10.50;True;False;False;False;12;61.50;3.50;False;False;True;False;10;91.67750359645234;380.38090019914137;53.762778581224666;118.78713562370831
708;49.50;10.50;True;False;False;False;92;0.50;12.50;False;True;False;False;1;259.56926885618395;0;259.56926885618395;259.56926885618395
708;49.50;10.50;True;False;False;False;471;32.50;5.50;True;False;False;False;1;34.388434317666;0;34.388434317666;34.388434317666
708;49.50;10.50;True;False;False;False;821;30.50;13.50;True;False;False;False;2;33.01421356237097;44.79413640353897;28.281659473745094;37.746767650996844
708;49.50;10.50;True;False;False;False;822;31.50;13.50;True;False;False;False;4;21.33337683343757;1.000898183313625;20.55666347193437;22.70230882070973
708;49.50;10.50;True;False;False;False;865;30.50;14.50;True;False;False;False;1;22.6112120954449;0;22.6112120954449;22.6112120954449
708;49.50;10.50;True;False;False;False;866;31.50;14.50;True;False;False;False;1;25.71240980503717;0;25.71240980503717;25.71240980503717
708;49.50;10.50;True;False;False;False;887;52.50;14.50;True;False;False;False;1;11.20397070481522;0;11.20397070481522;11.20397070481522
708;49.50;10.50;True;False;False;False;1151;52.50;20.50;True;False;False;False;1;16.222304019094736;0;16.222304019094736;16.222304019094736
709;50.50;10.50;True;False;False;False;12;61.50;3.50;False;False;True;False;3;139.67555556190018;3989.4012185003094;86.52240261212319;209.50092354734443
709;50.50;10.50;True;False;False;False;28;61.50;9.50;False;False;True;False;1;143.38760138604266;0;143.38760138604266;143.38760138604266
709;50.50;10.50;True;False;False;False;44;61.50;15.50;False;False;True;False;2;99.15032307610636;795.1742698824104;79.21073594544578;119.08991020676694
709;50.50;10.50;True;False;False;False;108;0.50;18.50;False;True;False;False;1;552.0750969860801;0;552.0750969860801;552.0750969860801
709;50.50;10.50;True;False;False;False;332;25.50;2.50;True;False;False;False;1;30.182034639383346;0;30.182034639383346;30.182034639383346
709;50.50;10.50;True;False;False;False;691;32.50;10.50;True;False;False;False;1;15.422777777777782;0;15.422777777777782;15.422777777777782
709;50.50;10.50;True;False;False;False;704;45.50;10.50;True;False;False;False;1;7.088888888887595;0;7.088888888887595;7.088888888887595
709;50.50;10.50;True;False;False;False;734;31.50;11.50;True;False;False;False;1;19.14907008224327;0;19.14907008224327;19.14907008224327
709;50.50;10.50;True;False;False;False;836;45.50;13.50;True;False;False;False;1;11.850000000009459;0;11.850000000009459;11.850000000009459
709;50.50;10.50;True;False;False;False;841;50.50;13.50;True;False;False;False;1;5.133333333331393;0;5.133333333331393;5.133333333331393
709;50.50;10.50;True;False;False;False;864;29.50;14.50;True;False;False;False;1;23.822879565564563;0;23.822879565564563;23.822879565564563
709;50.50;10.50;True;False;False;False;882;47.50;14.50;True;False;False;False;1;11.757773779605486;0;11.757773779605486;11.757773779605486
710;51.50;10.50;True;False;False;False;12;61.50;3.50;False;False;True;False;1;90.3489802889926;0;90.3489802889926;90.3489802889926
710;51.50;10.50;True;False;False;False;28;61.50;9.50;False;False;True;False;2;61.58569983913735;3416.361653003377;20.255555555555556;102.91584412271914
710;51.50;10.50;True;False;False;False;44;61.50;15.50;False;False;True;False;3;115.7704360927158;25.34746564748185;110.91584092798257;120.96759738786568
710;51.50;10.50;True;False;False;False;60;61.50;21.50;False;False;True;False;1;132.30093066402696;0;132.30093066402696;132.30093066402696
710;51.50;10.50;True;False;False;False;92;0.50;12.50;False;True;False;False;1;239.5203603076843;0;239.5203603076843;239.5203603076843
710;51.50;10.50;True;False;False;False;124;0.50;24.50;False;True;False;False;1;583.2716669979673;0;583.2716669979673;583.2716669979673
710;51.50;10.50;True;False;False;False;313;50.50;1.50;True;False;False;False;1;13.397245880005357;0;13.397245880005357;13.397245880005357
710;51.50;10.50;True;False;False;False;734;31.50;11.50;True;False;False;False;1;20.160742334934184;0;20.160742334934184;20.160742334934184
710;51.50;10.50;True;False;False;False;820;29.50;13.50;True;False;False;False;1;24.193439591377683;0;24.193439591377683;24.193439591377683
710;51.50;10.50;True;False;False;False;821;30.50;13.50;True;False;False;False;1;23.15464002364024;0;23.15464002364024;23.15464002364024
710;51.50;10.50;True;False;False;False;822;31.50;13.50;True;False;False;False;3;25.341979036892553;16.794550490494924;22.73833652807025;30.065836929796205
710;51.50;10.50;True;False;False;False;960;37.50;16.50;True;False;False;False;1;20.58768798455276;0;20.58768798455276;20.58768798455276
710;51.50;10.50;True;False;False;False;1106;51.50;19.50;True;False;False;False;1;9.444624834348616;0;9.444624834348616;9.444624834348616
711;52.50;10.50;True;False;False;False;12;61.50;3.50;False;False;True;False;5;88.35719109893489;155.09232898474787;71.38019477574653;101.00527418131605
711;52.50;10.50;True;False;False;False;28;61.50;9.50;False;False;True;False;14;86.50885734522436;489.98206239527036;52.43933148461383;137.9850079963544
711;52.50;10.50;True;False;False;False;44;61.50;15.50;False;False;True;False;2;105.71783027855417;66.19227027150117;99.96490622762576;111.47075432948259
711;52.50;10.50;True;False;False;False;60;61.50;21.50;False;False;True;False;1;113.89062937509152;0;113.89062937509152;113.89062937509152
711;52.50;10.50;True;False;False;False;76;0.50;6.50;False;True;False;False;1;547.4151860139791;0;547.4151860139791;547.4151860139791
711;52.50;10.50;True;False;False;False;92;0.50;12.50;False;True;False;False;3;266.4943168715229;421.3326265030386;245.99175806676794;287.0444524407867
711;52.50;10.50;True;False;False;False;427;32.50;4.50;True;False;False;False;1;38.186858247674536;0;38.186858247674536;38.186858247674536
711;52.50;10.50;True;False;False;False;681;22.50;10.50;True;False;False;False;1;24.411224874394065;0;24.411224874394065;24.411224874394065
711;52.50;10.50;True;False;False;False;732;29.50;11.50;True;False;False;False;1;27.10139248534972;0;27.10139248534972;27.10139248534972
711;52.50;10.50;True;False;False;False;733;30.50;11.50;True;False;False;False;5;28.888013466954;93.08487405340831;21.390269663559593;39.63101973002995
711;52.50;10.50;True;False;False;False;734;31.50;11.50;True;False;False;False;2;21.066159604189124;0.0025481006921460473;21.03046576233828;21.101853446039968
711;52.50;10.50;True;False;False;False;820;29.50;13.50;True;False;False;False;2;27.06570183821441;21.028339963866767;23.823145750506228;30.30825792592259
711;52.50;10.50;True;False;False;False;821;30.50;13.50;True;False;False;False;3;26.325774402182713;7.695561097608086;23.85990940332249;29.32935465121045
711;52.50;10.50;True;False;False;False;822;31.50;13.50;True;False;False;False;3;24.38643877472896;5.54471491368003;22.75888569415656;27.086486276759388
711;52.50;10.50;True;False;False;False;842;51.50;13.50;True;False;False;False;1;8.40516680751034;0;8.40516680751034;8.40516680751034
711;52.50;10.50;True;False;False;False;865;30.50;14.50;True;False;False;False;1;31.630559553743296;0;31.630559553743296;31.630559553743296
711;52.50;10.50;True;False;False;False;866;31.50;14.50;True;False;False;False;1;30.184357845955674;0;30.184357845955674;30.184357845955674
711;52.50;10.50;True;False;False;False;967;44.50;16.50;True;False;False;False;1;16.199350653035253;0;16.199350653035253;16.199350653035253
711;52.50;10.50;True;False;False;False;1104;49.50;19.50;True;False;False;False;1;14.640093791407708;0;14.640093791407708;14.640093791407708
711;52.50;10.50;True;False;False;False;1107;52.50;19.50;True;False;False;False;1;19.088239541919393;0;19.088239541919393;19.088239541919393
711;52.50;10.50;True;False;False;False;1134;35.50;20.50;True;False;False;False;1;24.585551557363942;0;24.585551557363942;24.585551557363942
711;52.50;10.50;True;False;False;False;1150;51.50;20.50;True;False;False;False;1;17.34778257942162;0;17.34778257942162;17.34778257942162
712;9.50;11.50;True;False;False;False;60;61.50;21.50;False;False;True;False;1;84.87018997409541;0;84.87018997409541;84.87018997409541
712;9.50;11.50;True;False;False;False;745;42.50;11.50;True;False;False;False;1;25.759538235852233;0;25.759538235852233;25.759538235852233
713;10.50;11.50;True;False;False;False;28;61.50;9.50;False;False;True;False;1;97.5886565227047;0;97.5886565227047;97.5886565227047
713;10.50;11.50;True;False;False;False;1283;52.50;23.50;True;False;False;False;1;44.22185424948475;0;44.22185424948475;44.22185424948475
714;11.50;11.50;True;False;False;False;44;61.50;15.50;False;False;True;False;1;62.456111914551;0;62.456111914551;62.456111914551
714;11.50;11.50;True;False;False;False;60;61.50;21.50;False;False;True;False;1;154.9312651397522;0;154.9312651397522;154.9312651397522
714;11.50;11.50;True;False;False;False;874;39.50;14.50;True;False;False;False;1;28.232312818898208;0;28.232312818898208;28.232312818898208
714;11.50;11.50;True;False;False;False;1105;50.50;19.50;True;False;False;False;1;44.60639009406077;0;44.60639009406077;44.60639009406077
719;16.50;11.50;True;False;False;False;12;61.50;3.50;False;False;True;False;1;78.78936184413033;0;78.78936184413033;78.78936184413033
719;16.50;11.50;True;False;False;False;60;61.50;21.50;False;False;True;False;1;152.40916706837743;0;152.40916706837743;152.40916706837743
719;16.50;11.50;True;False;False;False;745;42.50;11.50;True;False;False;False;1;27.996572875246784;0;27.996572875246784;27.996572875246784
719;16.50;11.50;True;False;False;False;752;49.50;11.50;True;False;False;False;1;39.95500399818229;0;39.95500399818229;39.95500399818229
723;20.50;11.50;True;False;False;False;12;61.50;3.50;False;False;True;False;1;83.843608318095;0;83.843608318095;83.843608318095
723;20.50;11.50;True;False;False;False;28;61.50;9.50;False;False;True;False;3;102.19413926712939;1272.38622132633;63.29907647171058;133.3790804698874
723;20.50;11.50;True;False;False;False;44;61.50;15.50;False;False;True;False;1;55.831384488958065;0;55.831384488958065;55.831384488958065
723;20.50;11.50;True;False;False;False;359;52.50;2.50;True;False;False;False;1;34.42056594321002;0;34.42056594321002;34.42056594321002
723;20.50;11.50;True;False;False;False;823;32.50;13.50;True;False;False;False;1;25.515772978029418;0;25.515772978029418;25.515772978029418
723;20.50;11.50;True;False;False;False;962;39.50;16.50;True;False;False;False;1;27.053059152012793;0;27.053059152012793;27.053059152012793
723;20.50;11.50;True;False;False;False;1016;49.50;17.50;True;False;False;False;1;46.21519397229713;0;46.21519397229713;46.21519397229713
723;20.50;11.50;True;False;False;False;1095;40.50;19.50;True;False;False;False;1;28.476285915021435;0;28.476285915021435;28.476285915021435
724;21.50;11.50;True;False;False;False;28;61.50;9.50;False;False;True;False;4;104.64891113631211;877.6927085180262;67.7663026921;138.5527553955817
724;21.50;11.50;True;False;False;False;44;61.50;15.50;False;False;True;False;2;135.3047170379341;3647.499090284536;92.59933628629733;178.01009778957086
724;21.50;11.50;True;False;False;False;60;61.50;21.50;False;False;True;False;1;108.97558191686312;0;108.97558191686312;108.97558191686312
724;21.50;11.50;True;False;False;False;474;35.50;5.50;True;False;False;False;1;20.051858247676137;0;20.051858247676137;20.051858247676137
724;21.50;11.50;True;False;False;False;476;37.50;5.50;True;False;False;False;1;23.204638416736998;0;23.204638416736998;23.204638416736998
724;21.50;11.50;True;False;False;False;578;51.50;7.50;True;False;False;False;1;34.77888888888447;0;34.77888888888447;34.77888888888447
724;21.50;11.50;True;False;False;False;706;47.50;10.50;True;False;False;False;1;24.37074313838093;0;24.37074313838093;24.37074313838093
724;21.50;11.50;True;False;False;False;975;52.50;16.50;True;False;False;False;1;48.07083373504429;0;48.07083373504429;48.07083373504429
724;21.50;11.50;True;False;False;False;1102;47.50;19.50;True;False;False;False;1;38.36223580452497;0;38.36223580452497;38.36223580452497
724;21.50;11.50;True;False;False;False;1400;37.50;26.50;True;False;False;False;1;28.217590194959485;0;28.217590194959485;28.217590194959485
725;22.50;11.50;True;False;False;False;12;61.50;3.50;False;False;True;False;1;117.09564934696391;0;117.09564934696391;117.09564934696391
725;22.50;11.50;True;False;False;False;28;61.50;9.50;False;False;True;False;2;107.88254889479867;1383.0538516580386;81.58564934696187;134.17944844263548
725;22.50;11.50;True;False;False;False;60;61.50;21.50;False;False;True;False;1;127.52463043940588;0;127.52463043940588;127.52463043940588
725;22.50;11.50;True;False;False;False;754;51.50;11.50;True;False;False;False;1;37.44046176413394;0;37.44046176413394;37.44046176413394
725;22.50;11.50;True;False;False;False;1016;49.50;17.50;True;False;False;False;1;30.307683986360644;0;30.307683986360644;30.307683986360644
725;22.50;11.50;True;False;False;False;1143;44.50;20.50;True;False;False;False;1;35.38647588909407;0;35.38647588909407;35.38647588909407
725;22.50;11.50;True;False;False;False;1278;47.50;23.50;True;False;False;False;1;32.48184064802081;0;32.48184064802081;32.48184064802081
727;24.50;11.50;True;False;False;False;12;61.50;3.50;False;False;True;False;2;161.51988169507422;872.2145353747406;140.63670023995655;182.40306315019188
727;24.50;11.50;True;False;False;False;28;61.50;9.50;False;False;True;False;1;110.25740980504634;0;110.25740980504634;110.25740980504634
727;24.50;11.50;True;False;False;False;44;61.50;15.50;False;False;True;False;2;98.5118866367161;20.00702254642549;95.349053844232;101.6747194292002
727;24.50;11.50;True;False;False;False;60;61.50;21.50;False;False;True;False;1;136.22972981686826;0;136.22972981686826;136.22972981686826
727;24.50;11.50;True;False;False;False;483;44.50;5.50;True;False;False;False;1;23.942968555336847;0;23.942968555336847;23.942968555336847
727;24.50;11.50;True;False;False;False;825;34.50;13.50;True;False;False;False;1;14.475836929799698;0;14.475836929799698;14.475836929799698
727;24.50;11.50;True;False;False;False;852;17.50;14.50;True;False;False;False;1;14.298073537858727;0;14.298073537858727;14.298073537858727
727;24.50;11.50;True;False;False;False;887;52.50;14.50;True;False;False;False;1;43.903607514646865;0;43.903607514646865;43.903607514646865
727;24.50;11.50;True;False;False;False;1018;51.50;17.50;True;False;False;False;1;28.978427124740847;0;28.978427124740847;28.978427124740847
728;25.50;11.50;True;False;False;False;44;61.50;15.50;False;False;True;False;2;76.71070503296778;175.26940305530272;67.34936423542968;86.07204583050589
728;25.50;11.50;True;False;False;False;60;61.50;21.50;False;False;True;False;2;101.13185665030869;396.60238602066886;87.04991101022279;115.2138022903946
728;25.50;11.50;True;False;False;False;485;46.50;5.50;True;False;False;False;1;25.010739943647422;0;25.010739943647422;25.010739943647422
728;25.50;11.50;True;False;False;False;573;46.50;7.50;True;False;False;False;1;23.642222222217242;0;23.642222222217242;23.642222222217242
728;25.50;11.50;True;False;False;False;753;50.50;11.50;True;False;False;False;1;20.200743138369944;0;20.200743138369944;20.200743138369944
728;25.50;11.50;True;False;False;False;828;37.50;13.50;True;False;False;False;1;16.832424190874008;0;16.832424190874008;16.832424190874008
729;26.50;11.50;True;False;False;False;12;61.50;3.50;False;False;True;False;1;139.80435384775046;0;139.80435384775046;139.80435384775046
729;26.50;11.50;True;False;False;False;28;61.50;9.50;False;False;True;False;3;97.13145981458213;1611.584986313763;69.82112549694648;143.22417028216478
729;26.50;11.50;True;False;False;False;474;35.50;5.50;True;False;False;False;1;17.62009379141091;0;17.62009379141091;17.62009379141091
729;26.50;11.50;True;False;False;False;835;44.50;13.50;True;False;False;False;1;40.72287156919174;0;40.72287156919174;40.72287156919174
729;26.50;11.50;True;False;False;False;1095;40.50;19.50;True;False;False;False;1;24.261482278576338;0;24.261482278576338;24.261482278576338
729;26.50;11.50;True;False;False;False;1275;44.50;23.50;True;False;False;False;1;33.858524110895814;0;33.858524110895814;33.858524110895814
729;26.50;11.50;True;False;False;False;1371;52.50;25.50;True;False;False;False;1;34.261386095869966;0;34.261386095869966;34.261386095869966
730;27.50;11.50;True;False;False;False;28;61.50;9.50;False;False;True;False;1;102.57028137423549;0;102.57028137423549;102.57028137423549
730;27.50;11.50;True;False;False;False;44;61.50;15.50;False;False;True;False;1;111.73388569415783;0;111.73388569415783;111.73388569415783
730;27.50;11.50;True;False;False;False;92;0.50;12.50;False;True;False;False;1;262.87446682665654;0;262.87446682665654;262.87446682665654
730;27.50;11.50;True;False;False;False;708;49.50;10.50;True;False;False;False;1;21.212484408978526;0;21.212484408978526;21.212484408978526
730;27.50;11.50;True;False;False;False;962;39.50;16.50;True;False;False;False;1;18.65397580019726;0;18.65397580019726;18.65397580019726
732;29.50;11.50;True;False;False;False;44;61.50;15.50;False;False;True;False;1;102.44750279300956;0;102.44750279300956;102.44750279300956
732;29.50;11.50;True;False;False;False;292;29.50;1.50;True;False;False;False;1;10.501204902524478;0;10.501204902524478;10.501204902524478
732;29.50;11.50;True;False;False;False;333;26.50;2.50;True;False;False;False;1;14.56166666666104;0;14.56166666666104;14.56166666666104
732;29.50;11.50;True;False;False;False;339;32.50;2.50;True;False;False;False;1;15.735739943644148;0;15.735739943644148;15.735739943644148
732;29.50;11.50;True;False;False;False;460;21.50;5.50;True;False;False;False;1;16.37694804091734;0;16.37694804091734;16.37694804091734
732;29.50;11.50;True;False;False;False;542;15.50;7.50;True;False;False;False;1;18.526020514433185;0;18.526020514433185;18.526020514433185
732;29.50;11.50;True;False;False;False;551;24.50;7.50;True;False;False;False;1;13.311111914565117;0;13.311111914565117;13.311111914565117
732;29.50;11.50;True;False;False;False;564;37.50;7.50;True;False;False;False;1;15.116111111112332;0;15.116111111112332;15.116111111112332
732;29.50;11.50;True;False;False;False;569;42.50;7.50;True;False;False;False;1;36.193045569634705;0;36.193045569634705;36.193045569634705
732;29.50;11.50;True;False;False;False;572;45.50;7.50;True;False;False;False;1;46.89813936101564;0;46.89813936101564;46.89813936101564
732;29.50;11.50;True;False;False;False;573;46.50;7.50;True;False;False;False;1;25.502053807827906;0;25.502053807827906;25.502053807827906
732;29.50;11.50;True;False;False;False;576;49.50;7.50;True;False;False;False;1;24.99231601363499;0;24.99231601363499;24.99231601363499
732;29.50;11.50;True;False;False;False;602;31.50;8.50;True;False;False;False;1;16.1648124171752;0;16.1648124171752;16.1648124171752
732;29.50;11.50;True;False;False;False;691;32.50;10.50;True;False;False;False;1;8.752405806859315;0;8.752405806859315;8.752405806859315
732;29.50;11.50;True;False;False;False;711;52.50;10.50;True;False;False;False;1;25.967316013631716;0;25.967316013631716;25.967316013631716
732;29.50;11.50;True;False;False;False;742;39.50;11.50;True;False;False;False;1;16.855355193783907;0;16.855355193783907;16.855355193783907
732;29.50;11.50;True;False;False;False;744;41.50;11.50;True;False;False;False;1;17.93675726334186;0;17.93675726334186;17.93675726334186
732;29.50;11.50;True;False;False;False;749;46.50;11.50;True;False;False;False;1;34.18805278159198;0;34.18805278159198;34.18805278159198
732;29.50;11.50;True;False;False;False;750;47.50;11.50;True;False;False;False;1;48.68573994364624;0;48.68573994364624;48.68573994364624
732;29.50;11.50;True;False;False;False;820;29.50;13.50;True;False;False;False;1;4.66944444444448;0;4.66944444444448;4.66944444444448
732;29.50;11.50;True;False;False;False;823;32.50;13.50;True;False;False;False;1;10.472777777773445;0;10.472777777773445;10.472777777773445
732;29.50;11.50;True;False;False;False;843;52.50;13.50;True;False;False;False;1;49.00036423890515;0;49.00036423890515;49.00036423890515
732;29.50;11.50;True;False;False;False;862;27.50;14.50;True;False;False;False;1;10.549618444882071;0;10.549618444882071;10.549618444882071
732;29.50;11.50;True;False;False;False;865;30.50;14.50;True;False;False;False;1;19.24278416724701;0;19.24278416724701;19.24278416724701
732;29.50;11.50;True;False;False;False;869;34.50;14.50;True;False;False;False;1;12.11611111111415;0;12.11611111111415;12.11611111111415
732;29.50;11.50;True;False;False;False;872;37.50;14.50;True;False;False;False;1;15.581948040904535;0;15.581948040904535;15.581948040904535
732;29.50;11.50;True;False;False;False;959;36.50;16.50;True;False;False;False;1;17.077034639398335;0;17.077034639398335;17.077034639398335
732;29.50;11.50;True;False;False;False;960;37.50;16.50;True;False;False;False;1;15.779076471715598;0;15.779076471715598;15.779076471715598
732;29.50;11.50;True;False;False;False;975;52.50;16.50;True;False;False;False;2;26.65104160570445;2.415999283182843;25.55195123562953;27.750131975779368
732;29.50;11.50;True;False;False;False;986;19.50;17.50;True;False;False;False;1;17.598624291777014;0;17.598624291777014;17.598624291777014
732;29.50;11.50;True;False;False;False;1007;40.50;17.50;True;False;False;False;2;20.21606781185983;0.49508515368509864;19.71853130380987;20.71360431990979
732;29.50;11.50;True;False;False;False;1014;47.50;17.50;True;False;False;False;1;24.078427124746668;0;24.078427124746668;24.078427124746668
732;29.50;11.50;True;False;False;False;1016;49.50;17.50;True;False;False;False;1;37.72541458947671;0;37.72541458947671;37.72541458947671
732;29.50;11.50;True;False;False;False;1099;44.50;19.50;True;False;False;False;1;22.391204902527534;0;22.391204902527534;22.391204902527534
732;29.50;11.50;True;False;False;False;1236;49.50;22.50;True;False;False;False;1;30.556854249492744;0;30.556854249492744;30.556854249492744
732;29.50;11.50;True;False;False;False;1257;26.50;23.50;True;False;False;False;1;17.16704822169777;0;17.16704822169777;17.16704822169777
732;29.50;11.50;True;False;False;False;1263;32.50;23.50;True;False;False;False;1;17.343795097483962;0;17.343795097483962;17.343795097483962
732;29.50;11.50;True;False;False;False;1273;42.50;23.50;True;False;False;False;1;27.19155768598648;0;27.19155768598648;27.19155768598648
733;30.50;11.50;True;False;False;False;312;49.50;1.50;True;False;False;False;1;27.18207301432267;0;27.18207301432267;27.18207301432267
733;30.50;11.50;True;False;False;False;314;51.50;1.50;True;False;False;False;1;29.207959009221668;0;29.207959009221668;29.207959009221668
733;30.50;11.50;True;False;False;False;324;17.50;2.50;True;False;False;False;1;21.796281916793305;0;21.796281916793305;21.796281916793305
733;30.50;11.50;True;False;False;False;332;25.50;2.50;True;False;False;False;1;16.698052762545785;0;16.698052762545785;16.698052762545785
733;30.50;11.50;True;False;False;False;352;45.50;2.50;True;False;False;False;1;31.167878762131295;0;31.167878762131295;31.167878762131295
733;30.50;11.50;True;False;False;False;429;34.50;4.50;True;False;False;False;1;14.472222222218988;0;14.472222222218988;14.472222222218988
733;30.50;11.50;True;False;False;False;431;36.50;4.50;True;False;False;False;1;17.12954143054958;0;17.12954143054958;17.12954143054958
733;30.50;11.50;True;False;False;False;439;44.50;4.50;True;False;False;False;1;21.316071196200937;0;21.316071196200937;21.316071196200937
733;30.50;11.50;True;False;False;False;451;12.50;5.50;True;False;False;False;1;23.07574313835721;0;23.07574313835721;23.07574313835721
733;30.50;11.50;True;False;False;False;454;15.50;5.50;True;False;False;False;1;21.18666666666104;0;21.18666666666104;21.18666666666104
733;30.50;11.50;True;False;False;False;455;16.50;5.50;True;False;False;False;1;20.091204902520985;0;20.091204902520985;20.091204902520985
733;30.50;11.50;True;False;False;False;470;31.50;5.50;True;False;False;False;1;11.26898667848775;0;11.26898667848775;11.26898667848775
733;30.50;11.50;True;False;False;False;471;32.50;5.50;True;False;False;False;2;13.234260458077188;0.752807003139022;12.620743138379112;13.847777777775264
733;30.50;11.50;True;False;False;False;478;39.50;5.50;True;False;False;False;1;20.061253684074472;0;20.061253684074472;20.061253684074472
733;30.50;11.50;True;False;False;False;480;41.50;5.50;True;False;False;False;1;18.65731281889748;0;18.65731281889748;18.65731281889748
733;30.50;11.50;True;False;False;False;484;45.50;5.50;True;False;False;False;1;21.85352491433696;0;21.85352491433696;21.85352491433696
733;30.50;11.50;True;False;False;False;485;46.50;5.50;True;False;False;False;2;26.647960166774283;0.0001889810952380299;26.638239541916846;26.65768079163172
733;30.50;11.50;True;False;False;False;486;47.50;5.50;True;False;False;False;1;23.179620836168397;0;23.179620836168397;23.179620836168397
733;30.50;11.50;True;False;False;False;489;50.50;5.50;True;False;False;False;1;48.072222222213895;0;48.072222222213895;48.072222222213895
733;30.50;11.50;True;False;False;False;556;29.50;7.50;True;False;False;False;1;10.519915792767279;0;10.519915792767279;10.519915792767279
733;30.50;11.50;True;False;False;False;561;34.50;7.50;True;False;False;False;1;12.701854249484313;0;12.701854249484313;12.701854249484313
733;30.50;11.50;True;False;False;False;563;36.50;7.50;True;False;False;False;2;13.968658006814621;0.2751042885872715;13.597777777773445;14.339538235855798
733;30.50;11.50;True;False;False;False;564;37.50;7.50;True;False;False;False;1;15.109535041123308;0;15.109535041123308;15.109535041123308
733;30.50;11.50;True;False;False;False;567;40.50;7.50;True;False;False;False;1;16.595555555551982;0;16.595555555551982;16.595555555551982
733;30.50;11.50;True;False;False;False;568;41.50;7.50;True;False;False;False;2;17.24746653055081;0.15559937651698483;16.96854057575547;17.52639248534615
733;30.50;11.50;True;False;False;False;571;44.50;7.50;True;False;False;False;1;19.27221502930297;0;19.27221502930297;19.27221502930297
733;30.50;11.50;True;False;False;False;573;46.50;7.50;True;False;False;False;2;20.94569464529377;0.005838735392913707;20.891663471917127;20.999725818670413
733;30.50;11.50;True;False;False;False;574;47.50;7.50;True;False;False;False;1;21.664347458294287;0;21.664347458294287;21.664347458294287
733;30.50;11.50;True;False;False;False;576;49.50;7.50;True;False;False;False;1;23.748514526676445;0;23.748514526676445;23.748514526676445
733;30.50;11.50;True;False;False;False;600;29.50;8.50;True;False;False;False;1;8.243711068917037;0;8.243711068917037;8.243711068917037
733;30.50;11.50;True;False;False;False;603;32.50;8.50;True;False;False;False;2;12.710459765052974;7.216451555545097;10.810926723020657;14.609992807085291
733;30.50;11.50;True;False;False;False;610;39.50;8.50;True;False;False;False;2;15.94166666665842;0.11202222222653864;15.704999999987194;16.178333333329647
733;30.50;11.50;True;False;False;False;611;40.50;8.50;True;False;False;False;1;17.14345062274151;0;17.14345062274151;17.14345062274151
733;30.50;11.50;True;False;False;False;615;44.50;8.50;True;False;False;False;1;20.68907647172091;0;20.68907647172091;20.68907647172091
733;30.50;11.50;True;False;False;False;620;49.50;8.50;True;False;False;False;1;22.22462110052379;0;22.22462110052379;22.22462110052379
733;30.50;11.50;True;False;False;False;623;52.50;8.50;True;False;False;False;1;24.993051959088916;0;24.993051959088916;24.993051959088916
733;30.50;11.50;True;False;False;False;688;29.50;10.50;True;False;False;False;1;6.769906208587145;0;6.769906208587145;6.769906208587145
733;30.50;11.50;True;False;False;False;696;37.50;10.50;True;False;False;False;1;15.979820413546804;0;15.979820413546804;15.979820413546804
733;30.50;11.50;True;False;False;False;698;39.50;10.50;True;False;False;False;1;13.733798292201755;0;13.733798292201755;13.733798292201755
733;30.50;11.50;True;False;False;False;703;44.50;10.50;True;False;False;False;1;16.85379829220983;0;16.85379829220983;16.85379829220983
733;30.50;11.50;True;False;False;False;708;49.50;10.50;True;False;False;False;1;19.963710105866994;0;19.963710105866994;19.963710105866994
733;30.50;11.50;True;False;False;False;732;29.50;11.50;True;False;False;False;1;3.480924331736901;0;3.480924331736901;3.480924331736901
733;30.50;11.50;True;False;False;False;735;32.50;11.50;True;False;False;False;1;14.788297056369629;0;14.788297056369629;14.788297056369629
733;30.50;11.50;True;False;False;False;737;34.50;11.50;True;False;False;False;1;7.820187582818107;0;7.820187582818107;7.820187582818107
733;30.50;11.50;True;False;False;False;738;35.50;11.50;True;False;False;False;1;7.177777777775191;0;7.177777777775191;7.177777777775191
733;30.50;11.50;True;False;False;False;740;37.50;11.50;True;False;False;False;1;16.371107112916434;0;16.371107112916434;16.371107112916434
733;30.50;11.50;True;False;False;False;744;41.50;11.50;True;False;False;False;2;14.945923528281128;19.045936832242592;11.85999280706892;18.031854249493335
733;30.50;11.50;True;False;False;False;745;42.50;11.50;True;False;False;False;3;16.50274384851525;54.90361314837414;12.18647189092735;25.058610709386016
733;30.50;11.50;True;False;False;False;747;44.50;11.50;True;False;False;False;2;13.53207793864567;7.120606149845E-05;13.526111111117643;13.538044766173698
733;30.50;11.50;True;False;False;False;748;45.50;11.50;True;False;False;False;1;17.708148945243238;0;17.708148945243238;17.708148945243238
733;30.50;11.50;True;False;False;False;749;46.50;11.50;True;False;False;False;1;15.798149748698052;0;15.798149748698052;15.798149748698052
733;30.50;11.50;True;False;False;False;750;47.50;11.50;True;False;False;False;2;31.15398108293448;40.55173350823157;26.651107916375622;35.656854249493335
733;30.50;11.50;True;False;False;False;753;50.50;11.50;True;False;False;False;1;17.547316013631644;0;17.547316013631644;17.547316013631644
733;30.50;11.50;True;False;False;False;754;51.50;11.50;True;False;False;False;1;24.800371970919514;0;24.800371970919514;24.800371970919514
733;30.50;11.50;True;False;False;False;755;52.50;11.50;True;False;False;False;2;25.146828776324583;0.19142717492481695;24.83745265012476;25.456204902524405
733;30.50;11.50;True;False;False;False;818;27.50;13.50;True;False;False;False;1;10.149076471716398;0;10.149076471716398;10.149076471716398
733;30.50;11.50;True;False;False;False;822;31.50;13.50;True;False;False;False;1;8.703979485566606;0;8.703979485566606;8.703979485566606
733;30.50;11.50;True;False;False;False;823;32.50;13.50;True;False;False;False;1;9.248394402759004;0;9.248394402759004;9.248394402759004
733;30.50;11.50;True;False;False;False;825;34.50;13.50;True;False;False;False;1;18.502128430809535;0;18.502128430809535;18.502128430809535
733;30.50;11.50;True;False;False;False;826;35.50;13.50;True;False;False;False;2;12.079395951365768;0.7735002021829928;11.457503596458992;12.701288306272545
733;30.50;11.50;True;False;False;False;828;37.50;13.50;True;False;False;False;1;12.368047782241774;0;12.368047782241774;12.368047782241774
733;30.50;11.50;True;False;False;False;833;42.50;13.50;True;False;False;False;1;16.57281613366831;0;16.57281613366831;16.57281613366831
733;30.50;11.50;True;False;False;False;835;44.50;13.50;True;False;False;False;1;17.958245931389683;0;17.958245931389683;17.958245931389683
733;30.50;11.50;True;False;False;False;841;50.50;13.50;True;False;False;False;1;26.236023709152505;0;26.236023709152505;26.236023709152505
733;30.50;11.50;True;False;False;False;843;52.50;13.50;True;False;False;False;1;39.16508979322134;0;39.16508979322134;39.16508979322134
733;30.50;11.50;True;False;False;False;884;49.50;14.50;True;False;False;False;1;22.43925047214543;0;22.43925047214543;22.43925047214543
733;30.50;11.50;True;False;False;False;887;52.50;14.50;True;False;False;False;3;25.752511050848018;4.613219080113975;23.817225416958536;28.063366887592565
733;30.50;11.50;True;False;False;False;983;16.50;17.50;True;False;False;False;1;20.473337331528455;0;20.473337331528455;20.473337331528455
733;30.50;11.50;True;False;False;False;986;19.50;17.50;True;False;False;False;1;18.61223136027911;0;18.61223136027911;18.61223136027911
733;30.50;11.50;True;False;False;False;997;30.50;17.50;True;False;False;False;1;7.959354651217836;0;7.959354651217836;7.959354651217836
733;30.50;11.50;True;False;False;False;1001;34.50;17.50;True;False;False;False;1;15.733333333328119;0;15.733333333328119;15.733333333328119
733;30.50;11.50;True;False;False;False;1004;37.50;17.50;True;False;False;False;1;21.117409805050556;0;21.117409805050556;21.117409805050556
733;30.50;11.50;True;False;False;False;1006;39.50;17.50;True;False;False;False;1;16.868614707571396;0;16.868614707571396;16.868614707571396
733;30.50;11.50;True;False;False;False;1008;41.50;17.50;True;False;False;False;1;19.33592590053013;0;19.33592590053013;19.33592590053013
733;30.50;11.50;True;False;False;False;1012;45.50;17.50;True;False;False;False;1;24.922448964403884;0;24.922448964403884;24.922448964403884
733;30.50;11.50;True;False;False;False;1014;47.50;17.50;True;False;False;False;1;29.913134559392347;0;29.913134559392347;29.913134559392347
733;30.50;11.50;True;False;False;False;1018;51.50;17.50;True;False;False;False;1;34.716854249476455;0;34.716854249476455;34.716854249476455
733;30.50;11.50;True;False;False;False;1092;37.50;19.50;True;False;False;False;2;19.91617478396256;13.460033125967529;17.32194723746943;22.51040233045569
733;30.50;11.50;True;False;False;False;1105;50.50;19.50;True;False;False;False;1;28.491940847980004;0;28.491940847980004;28.491940847980004
733;30.50;11.50;True;False;False;False;1106;51.50;19.50;True;False;False;False;1;26.211107916376932;0;26.211107916376932;26.211107916376932
733;30.50;11.50;True;False;False;False;1199;12.50;22.50;True;False;False;False;1;26.39574313837511;0;26.39574313837511;26.39574313837511
733;30.50;11.50;True;False;False;False;1224;37.50;22.50;True;False;False;False;1;21.972777777773445;0;21.972777777773445;21.972777777773445
733;30.50;11.50;True;False;False;False;1242;11.50;23.50;True;False;False;False;1;27.516483082027435;0;27.516483082027435;27.516483082027435
733;30.50;11.50;True;False;False;False;1253;22.50;23.50;True;False;False;False;1;24.578798292211424;0;24.578798292211424;24.578798292211424
733;30.50;11.50;True;False;False;False;1255;24.50;23.50;True;False;False;False;1;18.576409262459492;0;18.576409262459492;18.576409262459492
733;30.50;11.50;True;False;False;False;1262;31.50;23.50;True;False;False;False;1;18.917971750074457;0;18.917971750074457;18.917971750074457
733;30.50;11.50;True;False;False;False;1273;42.50;23.50;True;False;False;False;1;26.03825631895961;0;26.03825631895961;26.03825631895961
733;30.50;11.50;True;False;False;False;1275;44.50;23.50;True;False;False;False;1;24.56092352828523;0;24.56092352828523;24.56092352828523
733;30.50;11.50;True;False;False;False;1277;46.50;23.50;True;False;False;False;1;26.54268079162648;0;26.54268079162648;26.54268079162648
733;30.50;11.50;True;False;False;False;1281;50.50;23.50;True;False;False;False;1;29.113702912964072;0;29.113702912964072;29.113702912964072
733;30.50;11.50;True;False;False;False;1282;51.50;23.50;True;False;False;False;1;29.00388569415736;0;29.00388569415736;29.00388569415736
733;30.50;11.50;True;False;False;False;1339;20.50;25.50;True;False;False;False;1;22.630118059892993;0;22.630118059892993;22.630118059892993
734;31.50;11.50;True;False;False;False;308;45.50;1.50;True;False;False;False;1;23.364538235859072;0;23.364538235859072;23.364538235859072
734;31.50;11.50;True;False;False;False;309;46.50;1.50;True;False;False;False;1;24.065090596675873;0;24.065090596675873;24.065090596675873
734;31.50;11.50;True;False;False;False;310;47.50;1.50;True;False;False;False;1;24.82694484617059;0;24.82694484617059;24.82694484617059
734;31.50;11.50;True;False;False;False;346;39.50;2.50;True;False;False;False;1;18.05048069213808;0;18.05048069213808;18.05048069213808
734;31.50;11.50;True;False;False;False;352;45.50;2.50;True;False;False;False;1;22.865836929795478;0;22.865836929795478;22.865836929795478
734;31.50;11.50;True;False;False;False;358;51.50;2.50;True;False;False;False;1;27.133333333331393;0;27.133333333331393;27.133333333331393
734;31.50;11.50;True;False;False;False;429;34.50;4.50;True;False;False;False;1;14.11083692979446;0;14.11083692979446;14.11083692979446
734;31.50;11.50;True;False;False;False;442;47.50;4.50;True;False;False;False;1;22.185743138372345;0;22.185743138372345;22.185743138372345
734;31.50;11.50;True;False;False;False;465;26.50;5.50;True;False;False;False;1;14.914346654839392;0;14.914346654839392;14.914346654839392
734;31.50;11.50;True;False;False;False;471;32.50;5.50;True;False;False;False;1;10.75379509747654;0;10.75379509747654;10.75379509747654
734;31.50;11.50;True;False;False;False;474;35.50;5.50;True;False;False;False;1;14.655170002261002;0;14.655170002261002;14.655170002261002
734;31.50;11.50;True;False;False;False;475;36.50;5.50;True;False;False;False;1;14.826753265173465;0;14.826753265173465;14.826753265173465
734;31.50;11.50;True;False;False;False;476;37.50;5.50;True;False;False;False;1;16.368614707571396;0;16.368614707571396;16.368614707571396
734;31.50;11.50;True;False;False;False;478;39.50;5.50;True;False;False;False;2;16.409210367644846;0.011682659253848846;16.33278177596003;16.485638959329663
734;31.50;11.50;True;False;False;False;484;45.50;5.50;True;False;False;False;1;20.878885694153325;0;20.878885694153325;20.878885694153325
734;31.50;11.50;True;False;False;False;489;50.50;5.50;True;False;False;False;1;24.76352091615263;0;24.76352091615263;24.76352091615263
734;31.50;11.50;True;False;False;False;490;51.50;5.50;True;False;False;False;2;25.001657082496706;0.007671754311527159;24.93972262394766;25.063591541045753
734;31.50;11.50;True;False;False;False;544;17.50;7.50;True;False;False;False;1;19.84753395599182;0;19.84753395599182;19.84753395599182
734;31.50;11.50;True;False;False;False;559;32.50;7.50;True;False;False;False;1;10.557316013633681;0;10.557316013633681;10.557316013633681
734;31.50;11.50;True;False;False;False;563;36.50;7.50;True;False;False;False;1;13.726854249485768;0;13.726854249485768;13.726854249485768
734;31.50;11.50;True;False;False;False;567;40.50;7.50;True;False;False;False;2;15.965968826621975;0.03538154361243314;15.832962165863137;16.098975487380812
734;31.50;11.50;True;False;False;False;568;41.50;7.50;True;False;False;False;1;17.799625637795543;0;17.799625637795543;17.799625637795543
734;31.50;11.50;True;False;False;False;574;47.50;7.50;True;False;False;False;1;20.72445163737939;0;20.72445163737939;20.72445163737939
734;31.50;11.50;True;False;False;False;578;51.50;7.50;True;False;False;False;1;23.376582459441124;0;23.376582459441124;23.376582459441124
734;31.50;11.50;True;False;False;False;579;52.50;7.50;True;False;False;False;2;25.051760458078434;4.077098765439399;23.623982680299378;26.47953823585749
734;31.50;11.50;True;False;False;False;587;16.50;8.50;True;False;False;False;1;18.77351691797594;0;18.77351691797594;18.77351691797594
734;31.50;11.50;True;False;False;False;593;22.50;8.50;True;False;False;False;1;16.217309624145855;0;16.217309624145855;16.217309624145855
734;31.50;11.50;True;False;False;False;618;47.50;8.50;True;False;False;False;1;20.97139728698687;0;20.97139728698687;20.97139728698687
734;31.50;11.50;True;False;False;False;621;50.50;8.50;True;False;False;False;1;21.19370849898769;0;21.19370849898769;21.19370849898769
734;31.50;11.50;True;False;False;False;691;32.50;10.50;True;False;False;False;1;19.51843431765883;0;19.51843431765883;19.51843431765883
734;31.50;11.50;True;False;False;False;700;41.50;10.50;True;False;False;False;2;18.476753666891454;34.489575254039615;14.324069278809475;22.629438054973434
734;31.50;11.50;True;False;False;False;701;42.50;10.50;True;False;False;False;1;13.478704500808817;0;13.478704500808817;13.478704500808817
734;31.50;11.50;True;False;False;False;703;44.50;10.50;True;False;False;False;1;17.21796536059992;0;17.21796536059992;17.21796536059992
734;31.50;11.50;True;False;False;False;704;45.50;10.50;True;False;False;False;1;21.48240980504852;0;21.48240980504852;21.48240980504852
734;31.50;11.50;True;False;False;False;708;49.50;10.50;True;False;False;False;1;19.48971862575854;0;19.48971862575854;19.48971862575854
734;31.50;11.50;True;False;False;False;711;52.50;10.50;True;False;False;False;1;21.39768398635897;0;21.39768398635897;21.39768398635897
734;31.50;11.50;True;False;False;False;724;21.50;11.50;True;False;False;False;1;18.02537755692174;0;18.02537755692174;18.02537755692174
734;31.50;11.50;True;False;False;False;725;22.50;11.50;True;False;False;False;1;9.433334136774647;0;9.433334136774647;9.433334136774647
734;31.50;11.50;True;False;False;False;735;32.50;11.50;True;False;False;False;1;5.192068193662635;0;5.192068193662635;5.192068193662635
734;31.50;11.50;True;False;False;False;738;35.50;11.50;True;False;False;False;2;7.632314416267036;0.007422963330251205;7.571392485362594;7.693236347171478
734;31.50;11.50;True;False;False;False;740;37.50;11.50;True;False;False;False;1;7.321392485349747;0;7.321392485349747;7.321392485349747
734;31.50;11.50;True;False;False;False;745;42.50;11.50;True;False;False;False;3;11.699417708104951;0.06302015066584675;11.439909403321508;11.941027707358444
734;31.50;11.50;True;False;False;False;747;44.50;11.50;True;False;False;False;2;16.879355846860562;35.73097414122442;12.652597387874266;21.10611430584686
734;31.50;11.50;True;False;False;False;749;46.50;11.50;True;False;False;False;3;17.450773337266583;20.169990444903018;14.528240345363884;22.622038637575315
734;31.50;11.50;True;False;False;False;750;47.50;11.50;True;False;False;False;2;18.726825737787976;17.84509253733067;15.739762586686993;21.71388888888896
734;31.50;11.50;True;False;False;False;752;49.50;11.50;True;False;False;False;1;25.64462883253509;0;25.64462883253509;25.64462883253509
734;31.50;11.50;True;False;False;False;754;51.50;11.50;True;False;False;False;2;22.839760337192274;61.64700873185889;17.287868374452955;28.391652299931593
734;31.50;11.50;True;False;False;False;755;52.50;11.50;True;False;False;False;2;24.564547971511274;13.893397599401727;21.92888888890957;27.20020705411298
734;31.50;11.50;True;False;False;False;815;24.50;13.50;True;False;False;False;1;13.301204902520112;0;13.301204902520112;13.301204902520112
734;31.50;11.50;True;False;False;False;827;36.50;13.50;True;False;False;False;1;12.526392485353426;0;12.526392485353426;12.526392485353426
734;31.50;11.50;True;False;False;False;828;37.50;13.50;True;False;False;False;1;12.49657287525406;0;12.49657287525406;12.49657287525406
734;31.50;11.50;True;False;False;False;831;40.50;13.50;True;False;False;False;2;14.727832669846975;0.0458090409914291;14.576490274941534;14.879175064752417
734;31.50;11.50;True;False;False;False;833;42.50;13.50;True;False;False;False;2;17.084075408473836;6.761676302373616;15.245369844446031;18.92278097250164
734;31.50;11.50;True;False;False;False;835;44.50;13.50;True;False;False;False;1;20.855735945457127;0;20.855735945457127;20.855735945457127
734;31.50;11.50;True;False;False;False;836;45.50;13.50;True;False;False;False;1;26.86298533246918;0;26.86298533246918;26.86298533246918
734;31.50;11.50;True;False;False;False;837;46.50;13.50;True;False;False;False;1;17.792316013634263;0;17.792316013634263;17.792316013634263
734;31.50;11.50;True;False;False;False;841;50.50;13.50;True;False;False;False;1;20.294444444444423;0;20.294444444444423;20.294444444444423
734;31.50;11.50;True;False;False;False;842;51.50;13.50;True;False;False;False;1;25.21233839582419;0;25.21233839582419;25.21233839582419
734;31.50;11.50;True;False;False;False;843;52.50;13.50;True;False;False;False;1;31.81183747236355;0;31.81183747236355;31.81183747236355
734;31.50;11.50;True;False;False;False;847;12.50;14.50;True;False;False;False;1;24.618152943410678;0;24.618152943410678;24.618152943410678
734;31.50;11.50;True;False;False;False;864;29.50;14.50;True;False;False;False;1;14.576572875253532;0;14.576572875253532;14.576572875253532
734;31.50;11.50;True;False;False;False;872;37.50;14.50;True;False;False;False;1;14.005003194730307;0;14.005003194730307;14.005003194730307
734;31.50;11.50;True;False;False;False;947;24.50;16.50;True;False;False;False;1;15.155000000002474;0;15.155000000002474;15.155000000002474
734;31.50;11.50;True;False;False;False;949;26.50;16.50;True;False;False;False;1;14.654541430592694;0;14.654541430592694;14.654541430592694
734;31.50;11.50;True;False;False;False;957;34.50;16.50;True;False;False;False;1;12.766572875250858;0;12.766572875250858;12.766572875250858
734;31.50;11.50;True;False;False;False;964;41.50;16.50;True;False;False;False;1;17.897402612125006;0;17.897402612125006;17.897402612125006
734;31.50;11.50;True;False;False;False;967;44.50;16.50;True;False;False;False;1;19.65990142598821;0;19.65990142598821;19.65990142598821
734;31.50;11.50;True;False;False;False;975;52.50;16.50;True;False;False;False;1;30.36508983130625;0;30.36508983130625;30.36508983130625
734;31.50;11.50;True;False;False;False;988;21.50;17.50;True;False;False;False;1;18.91666666666606;0;18.91666666666606;18.91666666666606
734;31.50;11.50;True;False;False;False;999;32.50;17.50;True;False;False;False;1;17.580070133670233;0;17.580070133670233;17.580070133670233
734;31.50;11.50;True;False;False;False;1001;34.50;17.50;True;False;False;False;2;15.82670928522748;9.473511603126395E-06;15.824532876304147;15.828885694150813
734;31.50;11.50;True;False;False;False;1009;42.50;17.50;True;False;False;False;1;19.06546576232722;0;19.06546576232722;19.06546576232722
734;31.50;11.50;True;False;False;False;1014;47.50;17.50;True;False;False;False;2;26.37388090204695;37.779132959321544;22.027668012684444;30.720093791409454
734;31.50;11.50;True;False;False;False;1016;49.50;17.50;True;False;False;False;1;30.43656741106315;0;30.43656741106315;30.43656741106315
734;31.50;11.50;True;False;False;False;1019;52.50;17.50;True;False;False;False;1;25.682687984564836;0;25.682687984564836;25.682687984564836
734;31.50;11.50;True;False;False;False;1105;50.50;19.50;True;False;False;False;1;29.625736748901545;0;29.625736748901545;29.625736748901545
734;31.50;11.50;True;False;False;False;1118;19.50;20.50;True;False;False;False;1;21.06555555554951;0;21.06555555554951;21.06555555554951
734;31.50;11.50;True;False;False;False;1151;52.50;20.50;True;False;False;False;1;36.35781238100026;0;36.35781238100026;36.35781238100026
734;31.50;11.50;True;False;False;False;1253;22.50;23.50;True;False;False;False;1;29.34944444444045;0;29.34944444444045;29.34944444444045
734;31.50;11.50;True;False;False;False;1263;32.50;23.50;True;False;False;False;1;15.329906208589819;0;15.329906208589819;15.329906208589819
734;31.50;11.50;True;False;False;False;1277;46.50;23.50;True;False;False;False;1;26.651463894562767;0;26.651463894562767;26.651463894562767
734;31.50;11.50;True;False;False;False;1280;49.50;23.50;True;False;False;False;1;33.75092033353576;0;33.75092033353576;33.75092033353576
734;31.50;11.50;True;False;False;False;1281;50.50;23.50;True;False;False;False;1;28.58527080791464;0;28.58527080791464;28.58527080791464
734;31.50;11.50;True;False;False;False;1345;26.50;25.50;True;False;False;False;1;20.562128430814482;0;20.562128430814482;20.562128430814482
734;31.50;11.50;True;False;False;False;1366;47.50;25.50;True;False;False;False;2;29.25874979913715;4.457601546710321;27.765832931607292;30.751666666667006
734;31.50;11.50;True;False;False;False;1402;39.50;26.50;True;False;False;False;1;22.89554036629852;0;22.89554036629852;22.89554036629852
735;32.50;11.50;True;False;False;False;12;61.50;3.50;False;False;True;False;3;107.99964668092541;520.3423766869614;85.74806875526701;131.33169782964615
735;32.50;11.50;True;False;False;False;28;61.50;9.50;False;False;True;False;4;115.05851938975252;2134.171325060586;70.27879509748072;179.24230910457663
735;32.50;11.50;True;False;False;False;76;0.50;6.50;False;True;False;False;1;617.3363958019254;0;617.3363958019254;617.3363958019254
735;32.50;11.50;True;False;False;False;108;0.50;18.50;False;True;False;False;1;564.765019990903;0;564.765019990903;564.765019990903
735;32.50;11.50;True;False;False;False;124;0.50;24.50;False;True;False;False;1;569.9686925062379;0;569.9686925062379;569.9686925062379
735;32.50;11.50;True;False;False;False;723;20.50;11.50;True;False;False;False;1;21.916111111109785;0;21.916111111109785;21.916111111109785
735;32.50;11.50;True;False;False;False;732;29.50;11.50;True;False;False;False;1;5.828427124746668;0;5.828427124746668;5.828427124746668
735;32.50;11.50;True;False;False;False;742;39.50;11.50;True;False;False;False;1;9.281760458077315;0;9.281760458077315;9.281760458077315
735;32.50;11.50;True;False;False;False;815;24.50;13.50;True;False;False;False;1;18.902222222226555;0;18.902222222226555;18.902222222226555
735;32.50;11.50;True;False;False;False;820;29.50;13.50;True;False;False;False;1;9.527868374459104;0;9.527868374459104;9.527868374459104
735;32.50;11.50;True;False;False;False;822;31.50;13.50;True;False;False;False;3;10.439636995739116;19.476257348380123;7.500202488241484;15.514357845946506
735;32.50;11.50;True;False;False;False;843;52.50;13.50;True;False;False;False;1;22.27499999999418;0;22.27499999999418;22.27499999999418
735;32.50;11.50;True;False;False;False;984;17.50;17.50;True;False;False;False;1;21.286111111114224;0;21.286111111114224;21.286111111114224
735;32.50;11.50;True;False;False;False;1009;42.50;17.50;True;False;False;False;1;18.10453823584976;0;18.10453823584976;18.10453823584976
735;32.50;11.50;True;False;False;False;1104;49.50;19.50;True;False;False;False;1;31.103982680295303;0;31.103982680295303;31.103982680295303
737;34.50;11.50;True;False;False;False;28;61.50;9.50;False;False;True;False;5;96.51911478791499;1273.016791452009;33.95425366689233;121.31103170554434
737;34.50;11.50;True;False;False;False;44;61.50;15.50;False;False;True;False;3;97.68628155450006;57.00990515657331;92.4726005825978;106.34482041355204
737;34.50;11.50;True;False;False;False;60;61.50;21.50;False;False;True;False;1;65.86898987322093;0;65.86898987322093;65.86898987322093
737;34.50;11.50;True;False;False;False;338;31.50;2.50;True;False;False;False;1;15.201757263343552;0;15.201757263343552;15.201757263343552
737;34.50;11.50;True;False;False;False;342;35.50;2.50;True;False;False;False;1;13.202871569192212;0;13.202871569192212;13.202871569192212
737;34.50;11.50;True;False;False;False;485;46.50;5.50;True;False;False;False;1;18.93999120018998;0;18.93999120018998;18.93999120018998
737;34.50;11.50;True;False;False;False;733;30.50;11.50;True;False;False;False;1;6.1167189077368675;0;6.1167189077368675;6.1167189077368675
737;34.50;11.50;True;False;False;False;743;40.50;11.50;True;False;False;False;1;9.2334271247463;0;9.2334271247463;9.2334271247463
737;34.50;11.50;True;False;False;False;821;30.50;13.50;True;False;False;False;3;13.279918284953359;10.33527090102334;10.803230761142913;16.913003177560313
737;34.50;11.50;True;False;False;False;823;32.50;13.50;True;False;False;False;1;9.385017340166087;0;9.385017340166087;9.385017340166087
737;34.50;11.50;True;False;False;False;866;31.50;14.50;True;False;False;False;1;12.690836929793477;0;12.690836929793477;12.690836929793477
737;34.50;11.50;True;False;False;False;1105;50.50;19.50;True;False;False;False;1;23.323326140411552;0;23.323326140411552;23.323326140411552
737;34.50;11.50;True;False;False;False;1149;50.50;20.50;True;False;False;False;1;26.454812417174367;0;26.454812417174367;26.454812417174367
737;34.50;11.50;True;False;False;False;1196;9.50;22.50;True;False;False;False;1;31.752683986361262;0;31.752683986361262;31.752683986361262
738;35.50;11.50;True;False;False;False;12;61.50;3.50;False;False;True;False;2;94.1790307716401;199.9871093009186;84.17935304431012;104.17870849897008
738;35.50;11.50;True;False;False;False;28;61.50;9.50;False;False;True;False;1;74.76509379141135;0;74.76509379141135;74.76509379141135
738;35.50;11.50;True;False;False;False;44;61.50;15.50;False;False;True;False;2;103.29644217406894;631.806576394033;85.52277377958671;121.07011056855117
738;35.50;11.50;True;False;False;False;304;41.50;1.50;True;False;False;False;1;17.822597387861606;0;17.822597387861606;17.822597387861606
738;35.50;11.50;True;False;False;False;734;31.50;11.50;True;False;False;False;1;7.9615429976201995;0;7.9615429976201995;7.9615429976201995
738;35.50;11.50;True;False;False;False;822;31.50;13.50;True;False;False;False;1;11.019722623937923;0;11.019722623937923;11.019722623937923
738;35.50;11.50;True;False;False;False;869;34.50;14.50;True;False;False;False;1;11.352237723898725;0;11.352237723898725;11.352237723898725
738;35.50;11.50;True;False;False;False;1250;19.50;23.50;True;False;False;False;1;27.564246295289195;0;27.564246295289195;27.564246295289195
739;36.50;11.50;True;False;False;False;12;61.50;3.50;False;False;True;False;1;111.95685424948533;0;111.95685424948533;111.95685424948533
739;36.50;11.50;True;False;False;False;28;61.50;9.50;False;False;True;False;2;89.48611830402115;12.464887460185269;86.98963202725281;91.98260458078948
739;36.50;11.50;True;False;False;False;44;61.50;15.50;False;False;True;False;1;91.90176684754988;0;91.90176684754988;91.90176684754988
739;36.50;11.50;True;False;False;False;60;61.50;21.50;False;False;True;False;1;195.7260285108066;0;195.7260285108066;195.7260285108066
739;36.50;11.50;True;False;False;False;450;11.50;5.50;True;False;False;False;1;28.295274181320565;0;28.295274181320565;28.295274181320565
739;36.50;11.50;True;False;False;False;821;30.50;13.50;True;False;False;False;1;12.07703463938742;0;12.07703463938742;12.07703463938742
739;36.50;11.50;True;False;False;False;822;31.50;13.50;True;False;False;False;2;17.227593791407344;53.07168236244126;12.076298693937133;22.378888888877555
739;36.50;11.50;True;False;False;False;972;49.50;16.50;True;False;False;False;1;20.22852411090571;0;20.22852411090571;20.22852411090571
740;37.50;11.50;True;False;False;False;12;61.50;3.50;False;False;True;False;5;94.66433365477715;227.3674477202577;85.27926085980289;121.43111111111102
740;37.50;11.50;True;False;False;False;28;61.50;9.50;False;False;True;False;2;100.8454191790081;1018.7466839704331;78.27611830403157;123.41472005398464
740;37.50;11.50;True;False;False;False;44;61.50;15.50;False;False;True;False;4;105.30891261324109;273.4502485333889;87.03296536059133;127.19999307144008
740;37.50;11.50;True;False;False;False;60;61.50;21.50;False;False;True;False;1;121.40084171237686;0;121.40084171237686;121.40084171237686
740;37.50;11.50;True;False;False;False;108;0.50;18.50;False;True;False;False;1;603.4801729323772;0;603.4801729323772;603.4801729323772
740;37.50;11.50;True;False;False;False;283;20.50;1.50;True;False;False;False;1;24.929809222434415;0;24.929809222434415;24.929809222434415
740;37.50;11.50;True;False;False;False;732;29.50;11.50;True;False;False;False;2;17.205261794557373;3.8932060525871246;15.810054632056563;18.600468957058183
740;37.50;11.50;True;False;False;False;820;29.50;13.50;True;False;False;False;1;20.917874763918007;0;20.917874763918007;20.917874763918007
740;37.50;11.50;True;False;False;False;821;30.50;13.50;True;False;False;False;1;12.25342712474594;0;12.25342712474594;12.25342712474594
740;37.50;11.50;True;False;False;False;822;31.50;13.50;True;False;False;False;3;15.582962962966121;12.247629126290377;11.653701306066068;18.365093791417166
740;37.50;11.50;True;False;False;False;843;52.50;13.50;True;False;False;False;1;27.253423126559937;0;27.253423126559937;27.253423126559937
740;37.50;11.50;True;False;False;False;864;29.50;14.50;True;False;False;False;1;20.539252863429738;0;20.539252863429738;20.539252863429738
740;37.50;11.50;True;False;False;False;872;37.50;14.50;True;False;False;False;1;5.872871569191375;0;5.872871569191375;5.872871569191375
740;37.50;11.50;True;False;False;False;1017;50.50;17.50;True;False;False;False;1;20.73434267576158;0;20.73434267576158;20.73434267576158
740;37.50;11.50;True;False;False;False;1252;21.50;23.50;True;False;False;False;1;34.558520916165435;0;34.558520916165435;34.558520916165435
742;39.50;11.50;True;False;False;False;12;61.50;3.50;False;False;True;False;1;133.01259977913833;0;133.01259977913833;133.01259977913833
742;39.50;11.50;True;False;False;False;28;61.50;9.50;False;False;True;False;2;97.45713522200731;83.41062282011428;90.99917026313233;103.91510018088229
742;39.50;11.50;True;False;False;False;44;61.50;15.50;False;False;True;False;4;133.026053355158;740.6670571166181;100.84880548513229;158.99816413452209
742;39.50;11.50;True;False;False;False;76;0.50;6.50;False;True;False;False;1;609.2487013251266;0;609.2487013251266;609.2487013251266
742;39.50;11.50;True;False;False;False;481;42.50;5.50;True;False;False;False;1;13.179584380900451;0;13.179584380900451;13.179584380900451
742;39.50;11.50;True;False;False;False;611;40.50;8.50;True;False;False;False;1;8.648427124744103;0;8.648427124744103;8.648427124744103
742;39.50;11.50;True;False;False;False;733;30.50;11.50;True;False;False;False;1;9.951940847975493;0;9.951940847975493;9.951940847975493
742;39.50;11.50;True;False;False;False;753;50.50;11.50;True;False;False;False;1;10.833241933193676;0;10.833241933193676;10.833241933193676
742;39.50;11.50;True;False;False;False;822;31.50;13.50;True;False;False;False;1;22.915743138375547;0;22.915743138375547;22.915743138375547
742;39.50;11.50;True;False;False;False;838;47.50;13.50;True;False;False;False;1;18.01917026312003;0;18.01917026312003;18.01917026312003
742;39.50;11.50;True;False;False;False;865;30.50;14.50;True;False;False;False;1;15.851024512620143;0;15.851024512620143;15.851024512620143
742;39.50;11.50;True;False;False;False;887;52.50;14.50;True;False;False;False;1;17.743052762536536;0;17.743052762536536;17.743052762536536
743;40.50;11.50;True;False;False;False;12;61.50;3.50;False;False;True;False;1;122.68194325826153;0;122.68194325826153;122.68194325826153
743;40.50;11.50;True;False;False;False;28;61.50;9.50;False;False;True;False;2;130.16851972050785;368.07867647769;116.60240980502931;143.73462963598638
743;40.50;11.50;True;False;False;False;44;61.50;15.50;False;False;True;False;1;78.46103170553033;0;78.46103170553033;78.46103170553033
743;40.50;11.50;True;False;False;False;60;61.50;21.50;False;False;True;False;1;91.97630269210822;0;91.97630269210822;91.97630269210822
743;40.50;11.50;True;False;False;False;574;47.50;7.50;True;False;False;False;1;14.17999680525827;0;14.17999680525827;14.17999680525827
743;40.50;11.50;True;False;False;False;821;30.50;13.50;True;False;False;False;1;30.17805276256513;0;30.17805276256513;30.17805276256513
743;40.50;11.50;True;False;False;False;864;29.50;14.50;True;False;False;False;1;17.03288356378289;0;17.03288356378289;17.03288356378289
743;40.50;11.50;True;False;False;False;1106;51.50;19.50;True;False;False;False;1;19.64314974869285;0;19.64314974869285;19.64314974869285
743;40.50;11.50;True;False;False;False;1148;49.50;20.50;True;False;False;False;1;22.924999999973807;0;22.924999999973807;22.924999999973807
744;41.50;11.50;True;False;False;False;12;61.50;3.50;False;False;True;False;2;120.98792365871759;139.10031581681957;112.64824992958347;129.3275973878517
744;41.50;11.50;True;False;False;False;28;61.50;9.50;False;False;True;False;3;96.50524852257149;378.47047386895076;77.66065016943321;116.51675487204193
744;41.50;11.50;True;False;False;False;44;61.50;15.50;False;False;True;False;1;90.82788693713883;0;90.82788693713883;90.82788693713883
744;41.50;11.50;True;False;False;False;60;61.50;21.50;False;False;True;False;1;111.46259419313174;0;111.46259419313174;111.46259419313174
744;41.50;11.50;True;False;False;False;334;27.50;2.50;True;False;False;False;1;36.54509379141018;0;36.54509379141018;36.54509379141018
744;41.50;11.50;True;False;False;False;548;21.50;7.50;True;False;False;False;1;22.98981241716683;0;22.98981241716683;22.98981241716683
744;41.50;11.50;True;False;False;False;617;46.50;8.50;True;False;False;False;1;11.967595780981355;0;11.967595780981355;11.967595780981355
744;41.50;11.50;True;False;False;False;732;29.50;11.50;True;False;False;False;1;20.52176045808301;0;20.52176045808301;20.52176045808301
744;41.50;11.50;True;False;False;False;820;29.50;13.50;True;False;False;False;1;17.134444444443943;0;17.134444444443943;17.134444444443943
744;41.50;11.50;True;False;False;False;822;31.50;13.50;True;False;False;False;1;16.05473540288949;0;16.05473540288949;16.05473540288949
744;41.50;11.50;True;False;False;False;823;32.50;13.50;True;False;False;False;1;15.133333333331393;0;15.133333333331393;15.133333333331393
744;41.50;11.50;True;False;False;False;855;20.50;14.50;True;False;False;False;1;23.56898268029181;0;23.56898268029181;23.56898268029181
745;42.50;11.50;True;False;False;False;12;61.50;3.50;False;False;True;False;1;170.87435545467088;0;170.87435545467088;170.87435545467088
745;42.50;11.50;True;False;False;False;28;61.50;9.50;False;False;True;False;9;95.93035070926157;346.85292849494766;75.92436104069202;129.96343431766218
745;42.50;11.50;True;False;False;False;44;61.50;15.50;False;False;True;False;6;95.05167733163982;255.0071273695759;70.36593391593487;114.4045430374922
745;42.50;11.50;True;False;False;False;76;0.50;6.50;False;True;False;False;2;594.5350591501465;43.360845551513215;589.8788350602044;599.1912832400885
745;42.50;11.50;True;False;False;False;92;0.50;12.50;False;True;False;False;1;281.4625243717128;0;281.4625243717128;281.4625243717128
745;42.50;11.50;True;False;False;False;108;0.50;18.50;False;True;False;False;2;573.128588842008;2497.7571159006216;537.7891129269592;608.4680647570567
745;42.50;11.50;True;False;False;False;124;0.50;24.50;False;True;False;False;1;528.0009531033538;0;528.0009531033538;528.0009531033538
745;42.50;11.50;True;False;False;False;292;29.50;1.50;True;False;False;False;1;22.208233955876494;0;22.208233955876494;22.208233955876494
745;42.50;11.50;True;False;False;False;348;41.50;2.50;True;False;False;False;1;12.845371167475605;0;12.845371167475605;12.845371167475605
745;42.50;11.50;True;False;False;False;445;50.50;4.50;True;False;False;False;1;17.790277376065205;0;17.790277376065205;17.790277376065205
745;42.50;11.50;True;False;False;False;544;17.50;7.50;True;False;False;False;1;38.45940662747671;0;38.45940662747671;38.45940662747671
745;42.50;11.50;True;False;False;False;576;49.50;7.50;True;False;False;False;1;19.43953504111869;0;19.43953504111869;19.43953504111869
745;42.50;11.50;True;False;False;False;733;30.50;11.50;True;False;False;False;1;19.52398587505013;0;19.52398587505013;19.52398587505013
745;42.50;11.50;True;False;False;False;734;31.50;11.50;True;False;False;False;1;10.784256861614267;0;10.784256861614267;10.784256861614267
745;42.50;11.50;True;False;False;False;753;50.50;11.50;True;False;False;False;1;10.023600321728736;0;10.023600321728736;10.023600321728736
745;42.50;11.50;True;False;False;False;812;21.50;13.50;True;False;False;False;1;22.043423930004792;0;22.043423930004792;22.043423930004792
745;42.50;11.50;True;False;False;False;820;29.50;13.50;True;False;False;False;1;17.02721902749545;0;17.02721902749545;17.02721902749545
745;42.50;11.50;True;False;False;False;821;30.50;13.50;True;False;False;False;1;15.61437144735828;0;15.61437144735828;15.61437144735828
745;42.50;11.50;True;False;False;False;822;31.50;13.50;True;False;False;False;1;15.541285915009212;0;15.541285915009212;15.541285915009212
745;42.50;11.50;True;False;False;False;823;32.50;13.50;True;False;False;False;2;21.0261095137339;2.5954396129673065;19.88693445849276;22.16528456897504
745;42.50;11.50;True;False;False;False;833;42.50;13.50;True;False;False;False;1;4.516760458077442;0;4.516760458077442;4.516760458077442
745;42.50;11.50;True;False;False;False;835;44.50;13.50;True;False;False;False;1;9.61398268030166;0;9.61398268030166;9.61398268030166
745;42.50;11.50;True;False;False;False;836;45.50;13.50;True;False;False;False;1;10.96813482376092;0;10.96813482376092;10.96813482376092
745;42.50;11.50;True;False;False;False;864;29.50;14.50;True;False;False;False;1;17.40472581868289;0;17.40472581868289;17.40472581868289
745;42.50;11.50;True;False;False;False;866;31.50;14.50;True;False;False;False;2;16.369536236764816;0.419296409062837;15.911662668482677;16.827409805046955
745;42.50;11.50;True;False;False;False;875;40.50;14.50;True;False;False;False;1;10.351673859579023;0;10.351673859579023;10.351673859579023
745;42.50;11.50;True;False;False;False;1257;26.50;23.50;True;False;False;False;1;28.294999999998254;0;28.294999999998254;28.294999999998254
747;44.50;11.50;True;False;False;False;12;61.50;3.50;False;False;True;False;7;104.91340032719447;1134.5594234568007;81.4076045807924;171.0286123162814
747;44.50;11.50;True;False;False;False;28;61.50;9.50;False;False;True;False;5;80.86338961961943;913.9272099753321;34.061389290610805;117.84045217992389
747;44.50;11.50;True;False;False;False;44;61.50;15.50;False;False;True;False;3;109.9237074340678;848.7249826294872;82.88361151283243;140.77436104068875
747;44.50;11.50;True;False;False;False;60;61.50;21.50;False;False;True;False;2;89.65819983913707;2317.6519614645413;55.61666666666861;123.69973301160553
747;44.50;11.50;True;False;False;False;76;0.50;6.50;False;True;False;False;1;567.9947593919551;0;567.9947593919551;567.9947593919551
747;44.50;11.50;True;False;False;False;278;15.50;1.50;True;False;False;False;1;33.462312015428324;0;33.462312015428324;33.462312015428324
747;44.50;11.50;True;False;False;False;478;39.50;5.50;True;False;False;False;1;14.514347458298289;0;14.514347458298289;14.514347458298289
747;44.50;11.50;True;False;False;False;733;30.50;11.50;True;False;False;False;2;16.588102852986594;28.552362594091928;12.809719429213146;20.366486276760043
747;44.50;11.50;True;False;False;False;820;29.50;13.50;True;False;False;False;1;38.08759419314447;0;38.08759419314447;38.08759419314447
747;44.50;11.50;True;False;False;False;821;30.50;13.50;True;False;False;False;2;20.4625921940451;8.203487213860752;18.43731601363652;22.487868374453683
747;44.50;11.50;True;False;False;False;822;31.50;13.50;True;False;False;False;3;18.72801751326718;2.6760724031098833;17.74722222222408;20.61648627676186
747;44.50;11.50;True;False;False;False;830;39.50;13.50;True;False;False;False;1;11.92842712474635;0;11.92842712474635;11.92842712474635
747;44.50;11.50;True;False;False;False;833;42.50;13.50;True;False;False;False;1;9.679267249273835;0;9.679267249273835;9.679267249273835
747;44.50;11.50;True;False;False;False;841;50.50;13.50;True;False;False;False;1;11.96796536059992;0;11.96796536059992;11.96796536059992
747;44.50;11.50;True;False;False;False;865;30.50;14.50;True;False;False;False;1;26.673317359664452;0;26.673317359664452;26.673317359664452
747;44.50;11.50;True;False;False;False;973;50.50;16.50;True;False;False;False;1;17.437409805053903;0;17.437409805053903;17.437409805053903
747;44.50;11.50;True;False;False;False;1017;50.50;17.50;True;False;False;False;1;15.211961887825964;0;15.211961887825964;15.211961887825964
747;44.50;11.50;True;False;False;False;1097;42.50;19.50;True;False;False;False;1;14.45482694385646;0;14.45482694385646;14.45482694385646
747;44.50;11.50;True;False;False;False;1346;27.50;25.50;True;False;False;False;1;28.626024512617732;0;28.626024512617732;28.626024512617732
748;45.50;11.50;True;False;False;False;28;61.50;9.50;False;False;True;False;4;136.42970057734692;1600.0775523936147;99.82324673482253;193.06157128740233
748;45.50;11.50;True;False;False;False;44;61.50;15.50;False;False;True;False;6;94.87817985780725;1046.7833961914212;70.75435864939027;158.46306634493885
748;45.50;11.50;True;False;False;False;60;61.50;21.50;False;False;True;False;3;97.26358291448962;99.24031950959943;87.51555955374192;107.42648388547423
748;45.50;11.50;True;False;False;False;76;0.50;6.50;False;True;False;False;1;607.3965859376385;0;607.3965859376385;607.3965859376385
748;45.50;11.50;True;False;False;False;92;0.50;12.50;False;True;False;False;2;245.99973074304626;430.0327134266956;231.33629469574316;260.66316679034935
748;45.50;11.50;True;False;False;False;108;0.50;18.50;False;True;False;False;1;562.2827897723237;0;562.2827897723237;562.2827897723237
748;45.50;11.50;True;False;False;False;439;44.50;4.50;True;False;False;False;1;12.75;0;12.75;12.75
748;45.50;11.50;True;False;False;False;490;51.50;5.50;True;False;False;False;1;15.472964557138766;0;15.472964557138766;15.472964557138766
748;45.50;11.50;True;False;False;False;538;11.50;7.50;True;False;False;False;1;34.30731201544768;0;34.30731201544768;34.30731201544768
748;45.50;11.50;True;False;False;False;734;31.50;11.50;True;False;False;False;1;13.206017319696912;0;13.206017319696912;13.206017319696912
748;45.50;11.50;True;False;False;False;755;52.50;11.50;True;False;False;False;1;8.776208097265226;0;8.776208097265226;8.776208097265226
748;45.50;11.50;True;False;False;False;820;29.50;13.50;True;False;False;False;1;22.633152943428286;0;22.633152943428286;22.633152943428286
748;45.50;11.50;True;False;False;False;821;30.50;13.50;True;False;False;False;2;31.84671715882996;51.16325361644164;26.788888888888323;36.9045454287716
748;45.50;11.50;True;False;False;False;822;31.50;13.50;True;False;False;False;3;18.400724398376042;0.20336723134895984;17.937222222219134;18.838002931999654
748;45.50;11.50;True;False;False;False;823;32.50;13.50;True;False;False;False;2;17.297774975245375;0.07129774577413532;17.108965884131976;17.486584066358773
748;45.50;11.50;True;False;False;False;850;15.50;14.50;True;False;False;False;1;31.47138609587637;0;31.47138609587637;31.47138609587637
748;45.50;11.50;True;False;False;False;865;30.50;14.50;True;False;False;False;1;24.259356239056615;0;24.259356239056615;24.259356239056615
748;45.50;11.50;True;False;False;False;866;31.50;14.50;True;False;False;False;1;18.62639328879777;0;18.62639328879777;18.62639328879777
748;45.50;11.50;True;False;False;False;950;27.50;16.50;True;False;False;False;1;23.702861181533535;0;23.702861181533535;23.702861181533535
749;46.50;11.50;True;False;False;False;12;61.50;3.50;False;False;True;False;4;108.79706348670771;382.06451315058456;86.23462883253546;133.64112310567089
749;46.50;11.50;True;False;False;False;28;61.50;9.50;False;False;True;False;4;114.67734345490794;508.767475622557;88.60721663621098;143.57880948330057
749;46.50;11.50;True;False;False;False;44;61.50;15.50;False;False;True;False;3;109.35725587732789;172.5691824308559;94.40915346698603;119.06398667847861
749;46.50;11.50;True;False;False;False;60;61.50;21.50;False;False;True;False;1;153.78611510928022;0;153.78611510928022;153.78611510928022
749;46.50;11.50;True;False;False;False;478;39.50;5.50;True;False;False;False;1;15.591951235640408;0;15.591951235640408;15.591951235640408
749;46.50;11.50;True;False;False;False;732;29.50;11.50;True;False;False;False;1;22.324253666884033;0;22.324253666884033;22.324253666884033
749;46.50;11.50;True;False;False;False;733;30.50;11.50;True;False;False;False;1;23.5612049025367;0;23.5612049025367;23.5612049025367
749;46.50;11.50;True;False;False;False;821;30.50;13.50;True;False;False;False;1;41.46648947149879;0;41.46648947149879;41.46648947149879
749;46.50;11.50;True;False;False;False;822;31.50;13.50;True;False;False;False;4;19.617231222873897;3.9627171453054566;18.399610448517706;22.593153746893222
749;46.50;11.50;True;False;False;False;841;50.50;13.50;True;False;False;False;1;10.53647747694049;0;10.53647747694049;10.53647747694049
749;46.50;11.50;True;False;False;False;866;31.50;14.50;True;False;False;False;2;19.404959493760543;0.022849902168388385;19.298071930947117;19.51184705657397
749;46.50;11.50;True;False;False;False;1231;44.50;22.50;True;False;False;False;1;15.294444444443798;0;15.294444444443798;15.294444444443798
750;47.50;11.50;True;False;False;False;12;61.50;3.50;False;False;True;False;8;102.95440691332716;125.91228455560703;88.50370530424993;118.04599893569139
750;47.50;11.50;True;False;False;False;28;61.50;9.50;False;False;True;False;7;84.4629652931596;217.29112463605816;60.72870530423825;106.50148708021368
750;47.50;11.50;True;False;False;False;44;61.50;15.50;False;False;True;False;5;99.17773013443065;349.27050061548874;79.01713162554006;125.04055875028462
750;47.50;11.50;True;False;False;False;76;0.50;6.50;False;True;False;False;1;579.9274990783033;0;579.9274990783033;579.9274990783033
750;47.50;11.50;True;False;False;False;108;0.50;18.50;False;True;False;False;2;580.2602175596494;168.39869021834824;571.0841974469222;589.4362376723766
750;47.50;11.50;True;False;False;False;124;0.50;24.50;False;True;False;False;1;565.989651460115;0;565.989651460115;565.989651460115
750;47.50;11.50;True;False;False;False;442;47.50;4.50;True;False;False;False;1;8.67657287525526;0;8.67657287525526;8.67657287525526
750;47.50;11.50;True;False;False;False;552;25.50;7.50;True;False;False;False;1;24.627597387865535;0;24.627597387865535;24.627597387865535
750;47.50;11.50;True;False;False;False;563;36.50;7.50;True;False;False;False;1;23.050649346965656;0;23.050649346965656;23.050649346965656
750;47.50;11.50;True;False;False;False;585;14.50;8.50;True;False;False;False;1;31.479816415359892;0;31.479816415359892;31.479816415359892
750;47.50;11.50;True;False;False;False;621;50.50;8.50;True;False;False;False;1;12.00611111111175;0;12.00611111111175;12.00611111111175
750;47.50;11.50;True;False;False;False;701;42.50;10.50;True;False;False;False;1;9.999444444444407;0;9.999444444444407;9.999444444444407
750;47.50;11.50;True;False;False;False;705;46.50;10.50;True;False;False;False;1;13.911841470548097;0;13.911841470548097;13.911841470548097
750;47.50;11.50;True;False;False;False;733;30.50;11.50;True;False;False;False;4;21.007207630772342;21.842073791616997;14.670664800742088;25.940846513978613
750;47.50;11.50;True;False;False;False;734;31.50;11.50;True;False;False;False;1;14.400555555548635;0;14.400555555548635;14.400555555548635
750;47.50;11.50;True;False;False;False;744;41.50;11.50;True;False;False;False;1;8.537774583048304;0;8.537774583048304;8.537774583048304
750;47.50;11.50;True;False;False;False;747;44.50;11.50;True;False;False;False;1;6.089444444444325;0;6.089444444444325;6.089444444444325
750;47.50;11.50;True;False;False;False;749;46.50;11.50;True;False;False;False;1;3.2960173196970572;0;3.2960173196970572;3.2960173196970572
750;47.50;11.50;True;False;False;False;820;29.50;13.50;True;False;False;False;1;19.82695443037619;0;19.82695443037619;19.82695443037619
750;47.50;11.50;True;False;False;False;821;30.50;13.50;True;False;False;False;2;19.748564617127613;0.0004810370604717317;19.733055957281067;19.76407327697416
750;47.50;11.50;True;False;False;False;822;31.50;13.50;True;False;False;False;2;20.147826672579868;4.608140794289378;18.62991020678055;21.665743138379185
750;47.50;11.50;True;False;False;False;836;45.50;13.50;True;False;False;False;1;9.212774583036662;0;9.212774583036662;9.212774583036662
750;47.50;11.50;True;False;False;False;880;45.50;14.50;True;False;False;False;1;10.288520916166817;0;10.288520916166817;10.288520916166817
750;47.50;11.50;True;False;False;False;1067;12.50;19.50;True;False;False;False;1;36.04629869393739;0;36.04629869393739;36.04629869393739
750;47.50;11.50;True;False;False;False;1410;47.50;26.50;True;False;False;False;1;17.021201707791988;0;17.021201707791988;17.021201707791988
752;49.50;11.50;True;False;False;False;12;61.50;3.50;False;False;True;False;2;120.38653676892136;271.8920186132281;108.72694804089952;132.0461254969432
752;49.50;11.50;True;False;False;False;28;61.50;9.50;False;False;True;False;9;112.21564934697521;990.9775375463228;75.28018438808658;158.33445244081793
752;49.50;11.50;True;False;False;False;44;61.50;15.50;False;False;True;False;6;97.89189967855589;325.8128333148314;83.71777777777856;126.94916706836375
752;49.50;11.50;True;False;False;False;60;61.50;21.50;False;False;True;False;2;115.8160993861029;553.168693984812;99.18527418130907;132.44692459089674
752;49.50;11.50;True;False;False;False;76;0.50;6.50;False;True;False;False;3;532.8371810118998;1156.9540997244308;508.8853783794407;571.7702235474098
752;49.50;11.50;True;False;False;False;92;0.50;12.50;False;True;False;False;1;259.13869891476133;0;259.13869891476133;259.13869891476133
752;49.50;11.50;True;False;False;False;108;0.50;18.50;False;True;False;False;2;588.1221124572503;1314.9638494359401;562.4807021076231;613.7635228068775
752;49.50;11.50;True;False;False;False;298;35.50;1.50;True;False;False;False;1;34.2643546512154;0;34.2643546512154;34.2643546512154
752;49.50;11.50;True;False;False;False;352;45.50;2.50;True;False;False;False;1;17.033128973424027;0;17.033128973424027;17.033128973424027
752;49.50;11.50;True;False;False;False;437;42.50;4.50;True;False;False;False;1;24.713888888887595;0;24.713888888887595;24.713888888887595
752;49.50;11.50;True;False;False;False;573;46.50;7.50;True;False;False;False;1;12.664350653032443;0;12.664350653032443;12.664350653032443
752;49.50;11.50;True;False;False;False;623;52.50;8.50;True;False;False;False;1;10.78665947375157;0;10.78665947375157;10.78665947375157
752;49.50;11.50;True;False;False;False;711;52.50;10.50;True;False;False;False;1;9.202777758717275;0;9.202777758717275;9.202777758717275
752;49.50;11.50;True;False;False;False;714;11.50;11.50;True;False;False;False;1;29.558333333330665;0;29.558333333330665;29.558333333330665
752;49.50;11.50;True;False;False;False;732;29.50;11.50;True;False;False;False;1;27.811760458079902;0;27.811760458079902;27.811760458079902
752;49.50;11.50;True;False;False;False;733;30.50;11.50;True;False;False;False;2;19.401529977731116;21.00899449677539;16.160465762324748;22.642594193137484
752;49.50;11.50;True;False;False;False;820;29.50;13.50;True;False;False;False;1;27.488427124746522;0;27.488427124746522;27.488427124746522
752;49.50;11.50;True;False;False;False;821;30.50;13.50;True;False;False;False;1;25.50620490252186;0;25.50620490252186;25.50620490252186
752;49.50;11.50;True;False;False;False;822;31.50;13.50;True;False;False;False;2;25.05262496393061;25.343745392895645;21.49286757101072;28.612382356850503
752;49.50;11.50;True;False;False;False;823;32.50;13.50;True;False;False;False;1;20.955284568974093;0;20.955284568974093;20.955284568974093
752;49.50;11.50;True;False;False;False;865;30.50;14.50;True;False;False;False;3;26.452225952591107;44.201811931298515;22.3916706648547;34.12481961009462
752;49.50;11.50;True;False;False;False;866;31.50;14.50;True;False;False;False;1;33.356951235640736;0;33.356951235640736;33.356951235640736
752;49.50;11.50;True;False;False;False;982;15.50;17.50;True;False;False;False;1;35.29352091615874;0;35.29352091615874;35.29352091615874
752;49.50;11.50;True;False;False;False;1016;49.50;17.50;True;False;False;False;1;7.73625712435387;0;7.73625712435387;7.73625712435387
752;49.50;11.50;True;False;False;False;1089;34.50;19.50;True;False;False;False;1;22.98638929061235;0;22.98638929061235;22.98638929061235
752;49.50;11.50;True;False;False;False;1097;42.50;19.50;True;False;False;False;1;18.011116716184915;0;18.011116716184915;18.011116716184915
752;49.50;11.50;True;False;False;False;1236;49.50;22.50;True;False;False;False;1;12.01251478756842;0;12.01251478756842;12.01251478756842
752;49.50;11.50;True;False;False;False;1415;52.50;26.50;True;False;False;False;1;24.935367972724634;0;24.935367972724634;24.935367972724634
753;50.50;11.50;True;False;False;False;12;61.50;3.50;False;False;True;False;2;110.30364872549399;9917.920850889945;39.88376214900927;180.7235353019787
753;50.50;11.50;True;False;False;False;28;61.50;9.50;False;False;True;False;7;82.50748700294169;255.4072565599787;67.68084012451436;115.8382427366414
753;50.50;11.50;True;False;False;False;44;61.50;15.50;False;False;True;False;2;110.1076402949293;140.21144683187953;101.73472423086059;118.480556358998
753;50.50;11.50;True;False;False;False;60;61.50;21.50;False;False;True;False;5;87.83919548048183;754.1860095513828;42.753148141793645;115.11132985690892
753;50.50;11.50;True;False;False;False;92;0.50;12.50;False;True;False;False;1;332.36287397951673;0;332.36287397951673;332.36287397951673
753;50.50;11.50;True;False;False;False;305;42.50;1.50;True;False;False;False;1;18.86333174550782;0;18.86333174550782;18.86333174550782
753;50.50;11.50;True;False;False;False;432;37.50;4.50;True;False;False;False;1;20.59286676755619;0;20.59286676755619;20.59286676755619
753;50.50;11.50;True;False;False;False;733;30.50;11.50;True;False;False;False;1;17.37250040172694;0;17.37250040172694;17.37250040172694
753;50.50;11.50;True;False;False;False;734;31.50;11.50;True;False;False;False;1;6.961355538704083;0;6.961355538704083;6.961355538704083
753;50.50;11.50;True;False;False;False;754;51.50;11.50;True;False;False;False;1;3.4534271247466677;0;3.4534271247466677;3.4534271247466677
753;50.50;11.50;True;False;False;False;820;29.50;13.50;True;False;False;False;1;22.14435065303178;0;22.14435065303178;22.14435065303178
753;50.50;11.50;True;False;False;False;821;30.50;13.50;True;False;False;False;1;22.18860431990106;0;22.18860431990106;22.18860431990106
753;50.50;11.50;True;False;False;False;823;32.50;13.50;True;False;False;False;1;35.50008101245294;0;35.50008101245294;35.50008101245294
753;50.50;11.50;True;False;False;False;840;49.50;13.50;True;False;False;False;1;9.025859783581836;0;9.025859783581836;9.025859783581836
753;50.50;11.50;True;False;False;False;866;31.50;14.50;True;False;False;False;1;22.27880548512985;0;22.27880548512985;22.27880548512985
753;50.50;11.50;True;False;False;False;1011;44.50;17.50;True;False;False;False;1;16.79185424950265;0;16.79185424950265;16.79185424950265
753;50.50;11.50;True;False;False;False;1018;51.50;17.50;True;False;False;False;1;15.807503596464812;0;15.807503596464812;15.807503596464812
753;50.50;11.50;True;False;False;False;1019;52.50;17.50;True;False;False;False;1;17.403975487382922;0;17.403975487382922;17.403975487382922
753;50.50;11.50;True;False;False;False;1107;52.50;19.50;True;False;False;False;1;13.212316013632517;0;13.212316013632517;13.212316013632517
753;50.50;11.50;True;False;False;False;1124;25.50;20.50;True;False;False;False;1;30.17777777777519;0;30.17777777777519;30.17777777777519
753;50.50;11.50;True;False;False;False;1239;52.50;22.50;True;False;False;False;1;24.705093791411855;0;24.705093791411855;24.705093791411855
753;50.50;11.50;True;False;False;False;1277;46.50;23.50;True;False;False;False;1;18.46240261213825;0;18.46240261213825;18.46240261213825
754;51.50;11.50;True;False;False;False;12;61.50;3.50;False;False;True;False;7;91.4705889870763;1394.5167082867151;58.70740661030868;165.54568481060778
754;51.50;11.50;True;False;False;False;28;61.50;9.50;False;False;True;False;9;95.4469327644656;995.9993512249916;63.72314494704733;172.24462883250817
754;51.50;11.50;True;False;False;False;44;61.50;15.50;False;False;True;False;7;79.77669803083037;143.35737839885644;57.47213242899488;91.98213242899874
754;51.50;11.50;True;False;False;False;92;0.50;12.50;False;True;False;False;1;267.3002821776754;0;267.3002821776754;267.3002821776754
754;51.50;11.50;True;False;False;False;344;37.50;2.50;True;False;False;False;1;22.485830540310417;0;22.485830540310417;22.485830540310417
754;51.50;11.50;True;False;False;False;453;14.50;5.50;True;False;False;False;1;55.48528137422909;0;55.48528137422909;55.48528137422909
754;51.50;11.50;True;False;False;False;577;50.50;7.50;True;False;False;False;1;9.955555555556202;0;9.955555555556202;9.955555555556202
754;51.50;11.50;True;False;False;False;710;51.50;10.50;True;False;False;False;1;3.12592752647015;0;3.12592752647015;3.12592752647015
754;51.50;11.50;True;False;False;False;733;30.50;11.50;True;False;False;False;1;18.21037836038886;0;18.21037836038886;18.21037836038886
754;51.50;11.50;True;False;False;False;755;52.50;11.50;True;False;False;False;1;3.5347322081688617;0;3.5347322081688617;3.5347322081688617
754;51.50;11.50;True;False;False;False;820;29.50;13.50;True;False;False;False;1;52.13962163960605;0;52.13962163960605;52.13962163960605
754;51.50;11.50;True;False;False;False;821;30.50;13.50;True;False;False;False;6;24.36912575869337;3.673709689752538;22.79334372098674;27.143423930010613
754;51.50;11.50;True;False;False;False;822;31.50;13.50;True;False;False;False;1;40.873613904117974;0;40.873613904117974;40.873613904117974
754;51.50;11.50;True;False;False;False;823;32.50;13.50;True;False;False;False;2;21.92852619930818;0.1140411508517701;21.689736384982098;22.167316013634263
754;51.50;11.50;True;False;False;False;837;46.50;13.50;True;False;False;False;3;11.926759393163783;0.0013318679828397309;11.88684786001977;11.958427124746436
754;51.50;11.50;True;False;False;False;840;49.50;13.50;True;False;False;False;1;9.93453823586242;0;9.93453823586242;9.93453823586242
754;51.50;11.50;True;False;False;False;884;49.50;14.50;True;False;False;False;1;10.403896081810672;0;10.403896081810672;10.403896081810672
754;51.50;11.50;True;False;False;False;887;52.50;14.50;True;False;False;False;1;8.848697307872499;0;8.848697307872499;8.848697307872499
754;51.50;11.50;True;False;False;False;943;20.50;16.50;True;False;False;False;1;32.12528856716381;0;32.12528856716381;32.12528856716381
754;51.50;11.50;True;False;False;False;1017;50.50;17.50;True;False;False;False;1;11.096379706408698;0;11.096379706408698;11.096379706408698
754;51.50;11.50;True;False;False;False;1415;52.50;26.50;True;False;False;False;1;20.816386095879352;0;20.816386095879352;20.816386095879352
755;52.50;11.50;True;False;False;False;12;61.50;3.50;False;False;True;False;4;124.21942259395585;2343.9910834839216;63.888059152016396;177.77398507158978
755;52.50;11.50;True;False;False;False;28;61.50;9.50;False;False;True;False;11;101.65175037713206;873.4399687685402;68.65250359646052;160.6739712053586
755;52.50;11.50;True;False;False;False;44;61.50;15.50;False;False;True;False;6;84.44989337604572;940.0217405473738;51.01731601363099;125.66398987320645
755;52.50;11.50;True;False;False;False;60;61.50;21.50;False;False;True;False;3;117.90902273757062;1036.9345441265082;99.1108441227043;155.091306690314
755;52.50;11.50;True;False;False;False;108;0.50;18.50;False;True;False;False;3;580.8451419331553;2775.7166039034087;541.3533375959323;640.6661566598905
755;52.50;11.50;True;False;False;False;124;0.50;24.50;False;True;False;False;1;567.842626178599;0;567.842626178599;567.842626178599
755;52.50;11.50;True;False;False;False;357;50.50;2.50;True;False;False;False;1;14.19907327697365;0;14.19907327697365;14.19907327697365
755;52.50;11.50;True;False;False;False;536;9.50;7.50;True;False;False;False;1;38.84953823585056;0;38.84953823585056;38.84953823585056
755;52.50;11.50;True;False;False;False;566;39.50;7.50;True;False;False;False;1;18.378885694150085;0;18.378885694150085;18.378885694150085
755;52.50;11.50;True;False;False;False;690;31.50;10.50;True;False;False;False;1;22.01157287525379;0;22.01157287525379;22.01157287525379
755;52.50;11.50;True;False;False;False;706;47.50;10.50;True;False;False;False;1;10.24852091615685;0;10.24852091615685;10.24852091615685
755;52.50;11.50;True;False;False;False;728;25.50;11.50;True;False;False;False;1;21.907778581223283;0;21.907778581223283;21.907778581223283
755;52.50;11.50;True;False;False;False;750;47.50;11.50;True;False;False;False;1;25.38120809726297;0;25.38120809726297;25.38120809726297
755;52.50;11.50;True;False;False;False;752;49.50;11.50;True;False;False;False;1;5.638614707564557;0;5.638614707564557;5.638614707564557
755;52.50;11.50;True;False;False;False;754;51.50;11.50;True;False;False;False;1;2.828427124745758;0;2.828427124745758;2.828427124745758
755;52.50;11.50;True;False;False;False;818;27.50;13.50;True;False;False;False;2;35.45320223995324;67.61255378955333;29.638885694152123;41.26751878575436
755;52.50;11.50;True;False;False;False;821;30.50;13.50;True;False;False;False;3;32.131113508746544;136.96799664569636;23.875;45.524451637353195
755;52.50;11.50;True;False;False;False;822;31.50;13.50;True;False;False;False;1;21.69139728698792;0;21.69139728698792;21.69139728698792
755;52.50;11.50;True;False;False;False;823;32.50;13.50;True;False;False;False;3;28.223735770947314;122.18087140555457;21.21769278616739;40.96620490251553
755;52.50;11.50;True;False;False;False;838;47.50;13.50;True;False;False;False;2;11.072319610086197;0.000433487653783492;11.057597387873102;11.087041832299292
755;52.50;11.50;True;False;False;False;864;29.50;14.50;True;False;False;False;1;24.508881695972377;0;24.508881695972377;24.508881695972377
755;52.50;11.50;True;False;False;False;865;30.50;14.50;True;False;False;False;1;27.79852091615976;0;27.79852091615976;27.79852091615976
755;52.50;11.50;True;False;False;False;866;31.50;14.50;True;False;False;False;1;31.620549950492205;0;31.620549950492205;31.620549950492205
755;52.50;11.50;True;False;False;False;1019;52.50;17.50;True;False;False;False;1;7.2173160136335355;0;7.2173160136335355;7.2173160136335355
755;52.50;11.50;True;False;False;False;1102;47.50;19.50;True;False;False;False;1;16.046379706389416;0;16.046379706389416;16.046379706389416
755;52.50;11.50;True;False;False;False;1148;49.50;20.50;True;False;False;False;2;17.644444444442343;15.318072687208725;14.87694804090279;20.411940847981896
755;52.50;11.50;True;False;False;False;1413;50.50;26.50;True;False;False;False;1;18.243614707572306;0;18.243614707572306;18.243614707572306
800;9.50;13.50;True;False;False;False;28;61.50;9.50;False;False;True;False;1;92.07111510928553;0;92.07111510928553;92.07111510928553
800;9.50;13.50;True;False;False;False;92;0.50;12.50;False;True;False;False;1;287.19705782506315;0;287.19705782506315;287.19705782506315
800;9.50;13.50;True;False;False;False;424;29.50;4.50;True;False;False;False;1;26.428943501967296;0;26.428943501967296;26.428943501967296
800;9.50;13.50;True;False;False;False;823;32.50;13.50;True;False;False;False;1;26.304448442630928;0;26.304448442630928;26.304448442630928
801;10.50;13.50;True;False;False;False;28;61.50;9.50;False;False;True;False;1;117.28917106657173;0;117.28917106657173;117.28917106657173
801;10.50;13.50;True;False;False;False;44;61.50;15.50;False;False;True;False;1;123.42786517971035;0;123.42786517971035;123.42786517971035
801;10.50;13.50;True;False;False;False;304;41.50;1.50;True;False;False;False;1;37.60833013860247;0;37.60833013860247;37.60833013860247
801;10.50;13.50;True;False;False;False;1107;52.50;19.50;True;False;False;False;1;39.30313616631611;0;39.30313616631611;39.30313616631611
802;11.50;13.50;True;False;False;False;44;61.50;15.50;False;False;True;False;1;90.21129630263204;0;90.21129630263204;90.21129630263204
802;11.50;13.50;True;False;False;False;800;9.50;13.50;True;False;False;False;1;4.879899015665558;0;4.879899015665558;4.879899015665558
802;11.50;13.50;True;False;False;False;1275;44.50;23.50;True;False;False;False;1;36.259812417172725;0;36.259812417172725;36.259812417172725
803;12.50;13.50;True;False;False;False;28;61.50;9.50;False;False;True;False;2;87.54926792995377;594.8193567380351;70.30369811133028;104.79483774857727
803;12.50;13.50;True;False;False;False;44;61.50;15.50;False;False;True;False;1;68.90574952783572;0;68.90574952783572;68.90574952783572
803;12.50;13.50;True;False;False;False;60;61.50;21.50;False;False;True;False;1;134.51755555382715;0;134.51755555382715;134.51755555382715
803;12.50;13.50;True;False;False;False;559;32.50;7.50;True;False;False;False;1;24.75463202726951;0;24.75463202726951;24.75463202726951
803;12.50;13.50;True;False;False;False;854;19.50;14.50;True;False;False;False;1;11.452409805048546;0;11.452409805048546;11.452409805048546
803;12.50;13.50;True;False;False;False;969;46.50;16.50;True;False;False;False;1;31.433982680303416;0;31.433982680303416;31.433982680303416
803;12.50;13.50;True;False;False;False;1134;35.50;20.50;True;False;False;False;1;28.071851054755825;0;28.071851054755825;28.071851054755825
805;14.50;13.50;True;False;False;False;44;61.50;15.50;False;False;True;False;1;111.48110871981771;0;111.48110871981771;111.48110871981771
805;14.50;13.50;True;False;False;False;60;61.50;21.50;False;False;True;False;1;84.23463202727271;0;84.23463202727271;84.23463202727271
805;14.50;13.50;True;False;False;False;730;27.50;11.50;True;False;False;False;1;17.31721902748677;0;17.31721902748677;17.31721902748677
805;14.50;13.50;True;False;False;False;1007;40.50;17.50;True;False;False;False;1;26.796104721641314;0;26.796104721641314;26.796104721641314
805;14.50;13.50;True;False;False;False;1105;50.50;19.50;True;False;False;False;1;38.003510528502375;0;38.003510528502375;38.003510528502375
806;15.50;13.50;True;False;False;False;28;61.50;9.50;False;False;True;False;1;122.23221583270424;0;122.23221583270424;122.23221583270424
806;15.50;13.50;True;False;False;False;44;61.50;15.50;False;False;True;False;1;121.01556355190769;0;121.01556355190769;121.01556355190769
806;15.50;13.50;True;False;False;False;60;61.50;21.50;False;False;True;False;2;68.10662536651398;315.6349080231327;55.54408366463031;80.66916706839766
806;15.50;13.50;True;False;False;False;351;44.50;2.50;True;False;False;False;1;34.80999680525565;0;34.80999680525565;34.80999680525565
806;15.50;13.50;True;False;False;False;352;45.50;2.50;True;False;False;False;1;36.08509059667267;0;36.08509059667267;36.08509059667267
806;15.50;13.50;True;False;False;False;426;31.50;4.50;True;False;False;False;1;36.117777777768424;0;36.117777777768424;36.117777777768424
806;15.50;13.50;True;False;False;False;484;45.50;5.50;True;False;False;False;1;35.21063895930638;0;35.21063895930638;35.21063895930638
808;17.50;13.50;True;False;False;False;28;61.50;9.50;False;False;True;False;1;73.95871406596416;0;73.95871406596416;73.95871406596416
808;17.50;13.50;True;False;False;False;563;36.50;7.50;True;False;False;False;1;32.85731601362568;0;32.85731601362568;32.85731601362568
810;19.50;13.50;True;False;False;False;28;61.50;9.50;False;False;True;False;1;115.70685105474695;0;115.70685105474695;115.70685105474695
810;19.50;13.50;True;False;False;False;1094;39.50;19.50;True;False;False;False;1;24.485281374240003;0;24.485281374240003;24.485281374240003
811;20.50;13.50;True;False;False;False;12;61.50;3.50;False;False;True;False;1;139.4102773760642;0;139.4102773760642;139.4102773760642
811;20.50;13.50;True;False;False;False;28;61.50;9.50;False;False;True;False;2;106.63909860836429;317.07612915657575;94.04790864957613;119.23028856715246
811;20.50;13.50;True;False;False;False;60;61.50;21.50;False;False;True;False;1;134.2339363471201;0;134.2339363471201;134.2339363471201
811;20.50;13.50;True;False;False;False;484;45.50;5.50;True;False;False;False;1;34.582965360590606;0;34.582965360590606;34.582965360590606
811;20.50;13.50;True;False;False;False;815;24.50;13.50;True;False;False;False;1;6.70064934696893;0;6.70064934696893;6.70064934696893
811;20.50;13.50;True;False;False;False;1012;45.50;17.50;True;False;False;False;1;43.79046576232031;0;43.79046576232031;43.79046576232031
811;20.50;13.50;True;False;False;False;1229;42.50;22.50;True;False;False;False;1;28.42175406860042;0;28.42175406860042;28.42175406860042
812;21.50;13.50;True;False;False;False;28;61.50;9.50;False;False;True;False;2;81.71426405453076;1190.0511192102306;57.32111830403119;106.10740980503033
812;21.50;13.50;True;False;False;False;44;61.50;15.50;False;False;True;False;1;71.39880948332575;0;71.39880948332575;71.39880948332575
812;21.50;13.50;True;False;False;False;60;61.50;21.50;False;False;True;False;1;92.51853849669351;0;92.51853849669351;92.51853849669351
812;21.50;13.50;True;False;False;False;434;39.50;4.50;True;False;False;False;1;28.3529685553367;0;28.3529685553367;28.3529685553367
812;21.50;13.50;True;False;False;False;471;32.50;5.50;True;False;False;False;1;22.472871569183553;0;22.472871569183553;22.472871569183553
812;21.50;13.50;True;False;False;False;573;46.50;7.50;True;False;False;False;1;30.415789509544993;0;30.415789509544993;30.415789509544993
812;21.50;13.50;True;False;False;False;701;42.50;10.50;True;False;False;False;1;26.98824034534846;0;26.98824034534846;26.98824034534846
813;22.50;13.50;True;False;False;False;12;61.50;3.50;False;False;True;False;1;125.82617186809512;0;125.82617186809512;125.82617186809512
813;22.50;13.50;True;False;False;False;28;61.50;9.50;False;False;True;False;3;122.55503952163114;1658.3388599969896;94.65315294342963;169.28482360826274
813;22.50;13.50;True;False;False;False;60;61.50;21.50;False;False;True;False;1;85.14426724924124;0;85.14426724924124;85.14426724924124
813;22.50;13.50;True;False;False;False;351;44.50;2.50;True;False;False;False;1;29.244076471718472;0;29.244076471718472;29.244076471718472
813;22.50;13.50;True;False;False;False;748;45.50;11.50;True;False;False;False;1;24.06666666666024;0;24.06666666666024;24.06666666666024
813;22.50;13.50;True;False;False;False;1018;51.50;17.50;True;False;False;False;1;28.879076471715052;0;28.879076471715052;28.879076471715052
813;22.50;13.50;True;False;False;False;1102;47.50;19.50;True;False;False;False;1;27.803611512834323;0;27.803611512834323;27.803611512834323
815;24.50;13.50;True;False;False;False;28;61.50;9.50;False;False;True;False;2;91.87550546510465;48.45001725841463;86.95361470755961;96.7973962226497
815;24.50;13.50;True;False;False;False;60;61.50;21.50;False;False;True;False;1;121.81333733151769;0;121.81333733151769;121.81333733151769
815;24.50;13.50;True;False;False;False;92;0.50;12.50;False;True;False;False;1;279.55343112290393;0;279.55343112290393;279.55343112290393
815;24.50;13.50;True;False;False;False;572;45.50;7.50;True;False;False;False;1;30.42330616855179;0;30.42330616855179;30.42330616855179
815;24.50;13.50;True;False;False;False;831;40.50;13.50;True;False;False;False;1;25.15565334515486;0;25.15565334515486;25.15565334515486
815;24.50;13.50;True;False;False;False;1014;47.50;17.50;True;False;False;False;1;30.77222222221826;0;30.77222222221826;30.77222222221826
816;25.50;13.50;True;False;False;False;28;61.50;9.50;False;False;True;False;1;97.64111510929706;0;97.64111510929706;97.64111510929706
816;25.50;13.50;True;False;False;False;44;61.50;15.50;False;False;True;False;1;144.5008545103774;0;144.5008545103774;144.5008545103774
816;25.50;13.50;True;False;False;False;92;0.50;12.50;False;True;False;False;1;278.2095374514797;0;278.2095374514797;278.2095374514797
816;25.50;13.50;True;False;False;False;352;45.50;2.50;True;False;False;False;1;28.57213162554308;0;28.57213162554308;28.57213162554308
816;25.50;13.50;True;False;False;False;695;36.50;10.50;True;False;False;False;1;16.37074313837911;0;16.37074313837911;16.37074313837911
817;26.50;13.50;True;False;False;False;28;61.50;9.50;False;False;True;False;1;87.53777777777304;0;87.53777777777304;87.53777777777304
817;26.50;13.50;True;False;False;False;44;61.50;15.50;False;False;True;False;1;108.5265704839494;0;108.5265704839494;108.5265704839494
817;26.50;13.50;True;False;False;False;816;25.50;13.50;True;False;False;False;1;3.5471284308096074;0;3.5471284308096074;3.5471284308096074
818;27.50;13.50;True;False;False;False;28;61.50;9.50;False;False;True;False;2;104.99671556146595;219.0151339991069;94.53212923425963;115.46130188867227
818;27.50;13.50;True;False;False;False;44;61.50;15.50;False;False;True;False;2;101.86024007408696;186.82297684750156;92.19527817950348;111.52520196867044
818;27.50;13.50;True;False;False;False;310;47.50;1.50;True;False;False;False;1;29.779447639180944;0;29.779447639180944;29.779447639180944
818;27.50;13.50;True;False;False;False;352;45.50;2.50;True;False;False;False;1;27.94573594546182;0;27.94573594546182;27.94573594546182
818;27.50;13.50;True;False;False;False;473;34.50;5.50;True;False;False;False;1;18.12130508341761;0;18.12130508341761;18.12130508341761
818;27.50;13.50;True;False;False;False;557;30.50;7.50;True;False;False;False;1;14.701757263344234;0;14.701757263344234;14.701757263344234
818;27.50;13.50;True;False;False;False;558;31.50;7.50;True;False;False;False;1;26.035191581011816;0;26.035191581011816;26.035191581011816
818;27.50;13.50;True;False;False;False;559;32.50;7.50;True;False;False;False;1;15.959632027268526;0;15.959632027268526;15.959632027268526
818;27.50;13.50;True;False;False;False;563;36.50;7.50;True;False;False;False;1;16.76416626494131;0;16.76416626494131;16.76416626494131
818;27.50;13.50;True;False;False;False;605;34.50;8.50;True;False;False;False;1;14.844252079030412;0;14.844252079030412;14.844252079030412
818;27.50;13.50;True;False;False;False;815;24.50;13.50;True;False;False;False;1;5.446479083835584;0;5.446479083835584;5.446479083835584
818;27.50;13.50;True;False;False;False;952;29.50;16.50;True;False;False;False;1;9.673701306062867;0;9.673701306062867;9.673701306062867
818;27.50;13.50;True;False;False;False;970;47.50;16.50;True;False;False;False;1;23.18241380323161;0;23.18241380323161;23.18241380323161
818;27.50;13.50;True;False;False;False;988;21.50;17.50;True;False;False;False;1;13.299143570395245;0;13.299143570395245;13.299143570395245
818;27.50;13.50;True;False;False;False;1085;30.50;19.50;True;False;False;False;1;14.040926723020846;0;14.040926723020846;14.040926723020846
818;27.50;13.50;True;False;False;False;1107;52.50;19.50;True;False;False;False;1;28.168708498982596;0;28.168708498982596;28.168708498982596
818;27.50;13.50;True;False;False;False;1239;52.50;22.50;True;False;False;False;1;32.591111111111445;0;32.591111111111445;32.591111111111445
820;29.50;13.50;True;False;False;False;28;61.50;9.50;False;False;True;False;1;98.58926405454065;0;98.58926405454065;98.58926405454065
820;29.50;13.50;True;False;False;False;304;41.50;1.50;True;False;False;False;1;22.95602451261584;0;22.95602451261584;22.95602451261584
820;29.50;13.50;True;False;False;False;342;35.50;2.50;True;False;False;False;1;18.453427124746668;0;18.453427124746668;18.453427124746668
820;29.50;13.50;True;False;False;False;407;12.50;4.50;True;False;False;False;1;25.55036877618113;0;25.55036877618113;25.55036877618113
820;29.50;13.50;True;False;False;False;437;42.50;4.50;True;False;False;False;1;29.529076471715598;0;29.529076471715598;29.529076471715598
820;29.50;13.50;True;False;False;False;440;45.50;4.50;True;False;False;False;1;23.829076471714643;0;23.829076471714643;23.829076471714643
820;29.50;13.50;True;False;False;False;473;34.50;5.50;True;False;False;False;1;18.39685105475428;0;18.39685105475428;18.39685105475428
820;29.50;13.50;True;False;False;False;479;40.50;5.50;True;False;False;False;1;20.247871569190465;0;20.247871569190465;20.247871569190465
820;29.50;13.50;True;False;False;False;483;44.50;5.50;True;False;False;False;1;23.868977094282855;0;23.868977094282855;23.868977094282855
820;29.50;13.50;True;False;False;False;485;46.50;5.50;True;False;False;False;1;23.56426085979365;0;23.56426085979365;23.56426085979365
820;29.50;13.50;True;False;False;False;486;47.50;5.50;True;False;False;False;3;27.019540460153014;3.073711961060177;25.04018758282473;28.377094054018926
820;29.50;13.50;True;False;False;False;488;49.50;5.50;True;False;False;False;1;26.590294975710094;0;26.590294975710094;26.590294975710094
820;29.50;13.50;True;False;False;False;491;52.50;5.50;True;False;False;False;1;31.705555555556202;0;31.705555555556202;31.705555555556202
820;29.50;13.50;True;False;False;False;551;24.50;7.50;True;False;False;False;1;14.563711693719597;0;14.563711693719597;14.563711693719597
820;29.50;13.50;True;False;False;False;552;25.50;7.50;True;False;False;False;1;13.66519316884478;0;13.66519316884478;13.66519316884478
820;29.50;13.50;True;False;False;False;556;29.50;7.50;True;False;False;False;1;8.146851054754734;0;8.146851054754734;8.146851054754734
820;29.50;13.50;True;False;False;False;562;35.50;7.50;True;False;False;False;1;15.96176045807897;0;15.96176045807897;15.96176045807897
820;29.50;13.50;True;False;False;False;567;40.50;7.50;True;False;False;False;1;22.73166666666293;0;22.73166666666293;22.73166666666293
820;29.50;13.50;True;False;False;False;568;41.50;7.50;True;False;False;False;1;23.116392485349934;0;23.116392485349934;23.116392485349934
820;29.50;13.50;True;False;False;False;569;42.50;7.50;True;False;False;False;2;21.910322674391864;4.564415927835646;20.39962483434647;23.42102051443726
820;29.50;13.50;True;False;False;False;571;44.50;7.50;True;False;False;False;1;21.961111111111677;0;21.961111111111677;21.961111111111677
820;29.50;13.50;True;False;False;False;573;46.50;7.50;True;False;False;False;1;26.604590457689483;0;26.604590457689483;26.604590457689483
820;29.50;13.50;True;False;False;False;574;47.50;7.50;True;False;False;False;1;24.587038637582737;0;24.587038637582737;24.587038637582737
820;29.50;13.50;True;False;False;False;576;49.50;7.50;True;False;False;False;2;28.03498120478082;0.5014641424569537;27.534249668697385;28.535712740864255
820;29.50;13.50;True;False;False;False;578;51.50;7.50;True;False;False;False;1;29.45167625087197;0;29.45167625087197;29.45167625087197
820;29.50;13.50;True;False;False;False;579;52.50;7.50;True;False;False;False;1;25.822223025676067;0;25.822223025676067;25.822223025676067
820;29.50;13.50;True;False;False;False;597;26.50;8.50;True;False;False;False;1;12.084912598053052;0;12.084912598053052;12.084912598053052
820;29.50;13.50;True;False;False;False;603;32.50;8.50;True;False;False;False;1;13.606111111104838;0;13.606111111104838;13.606111111104838
820;29.50;13.50;True;False;False;False;605;34.50;8.50;True;False;False;False;1;14.096392485353135;0;14.096392485353135;14.096392485353135
820;29.50;13.50;True;False;False;False;606;35.50;8.50;True;False;False;False;1;14.538091137519586;0;14.538091137519586;14.538091137519586
820;29.50;13.50;True;False;False;False;620;49.50;8.50;True;False;False;False;1;23.67129869393716;0;23.67129869393716;23.67129869393716
820;29.50;13.50;True;False;False;False;623;52.50;8.50;True;False;False;False;1;36.874163873648286;0;36.874163873648286;36.874163873648286
820;29.50;13.50;True;False;False;False;691;32.50;10.50;True;False;False;False;1;11.27834611227081;0;11.27834611227081;11.27834611227081
820;29.50;13.50;True;False;False;False;703;44.50;10.50;True;False;False;False;1;19.758982680297777;0;19.758982680297777;19.758982680297777
820;29.50;13.50;True;False;False;False;708;49.50;10.50;True;False;False;False;1;23.217774583040864;0;23.217774583040864;23.217774583040864
820;29.50;13.50;True;False;False;False;709;50.50;10.50;True;False;False;False;1;25.892124432618857;0;25.892124432618857;25.892124432618857
820;29.50;13.50;True;False;False;False;711;52.50;10.50;True;False;False;False;1;24.58713562372577;0;24.58713562372577;24.58713562372577
820;29.50;13.50;True;False;False;False;723;20.50;11.50;True;False;False;False;2;15.317170534411161;0.24262358244258464;14.968872111759993;15.66546895706233
820;29.50;13.50;True;False;False;False;740;37.50;11.50;True;False;False;False;1;16.26388489070814;0;16.26388489070814;16.26388489070814
820;29.50;13.50;True;False;False;False;747;44.50;11.50;True;False;False;False;2;19.91430375732739;1.04201171195074;19.192496403544283;20.636111111110495
820;29.50;13.50;True;False;False;False;748;45.50;11.50;True;False;False;False;3;19.570403228370804;0.26583497194172717;19.241666666668607;20.164636809859076
820;29.50;13.50;True;False;False;False;749;46.50;11.50;True;False;False;False;1;20.236389290614397;0;20.236389290614397;20.236389290614397
820;29.50;13.50;True;False;False;False;753;50.50;11.50;True;False;False;False;2;25.06959887474204;16.04680409759432;22.237037834129296;27.902159915354787
820;29.50;13.50;True;False;False;False;800;9.50;13.50;True;False;False;False;1;16.558520916161797;0;16.558520916161797;16.558520916161797
820;29.50;13.50;True;False;False;False;813;22.50;13.50;True;False;False;False;2;8.700236075895646;0.32467756057069125;8.297323206548754;9.103148945242538
820;29.50;13.50;True;False;False;False;818;27.50;13.50;True;False;False;False;1;4.088888888889414;0;4.088888888889414;4.088888888889414
820;29.50;13.50;True;False;False;False;823;32.50;13.50;True;False;False;False;2;23.734351054761646;110.06332696845075;16.31601812315057;31.152683986372722
820;29.50;13.50;True;False;False;False;828;37.50;13.50;True;False;False;False;2;19.48000823240909;1.7965342222469274;18.53223868704299;20.42777777777519
820;29.50;13.50;True;False;False;False;831;40.50;13.50;True;False;False;False;3;20.335584421720494;7.607375783193381;17.18066292936419;22.290177195171054
820;29.50;13.50;True;False;False;False;835;44.50;13.50;True;False;False;False;2;20.911486820388745;0.004618240467911175;20.86343351421783;20.95954012655966
820;29.50;13.50;True;False;False;False;836;45.50;13.50;True;False;False;False;2;18.855957503247737;38.62934962097466;14.461111111109858;23.250803895385616
820;29.50;13.50;True;False;False;False;837;46.50;13.50;True;False;False;False;1;39.416285111537945;0;39.416285111537945;39.416285111537945
820;29.50;13.50;True;False;False;False;838;47.50;13.50;True;False;False;False;1;24.044545428772835;0;24.044545428772835;24.044545428772835
820;29.50;13.50;True;False;False;False;840;49.50;13.50;True;False;False;False;1;26.85778177595239;0;26.85778177595239;26.85778177595239
820;29.50;13.50;True;False;False;False;841;50.50;13.50;True;False;False;False;1;30.63092672301991;0;30.63092672301991;30.63092672301991
820;29.50;13.50;True;False;False;False;842;51.50;13.50;True;False;False;False;2;26.389116576223387;32.00674690967152;22.388694916593522;30.38953823585325
820;29.50;13.50;True;False;False;False;843;52.50;13.50;True;False;False;False;4;27.540763391492703;2.9933947255451945;25.8017612615306;29.610548362623376
820;29.50;13.50;True;False;False;False;864;29.50;14.50;True;False;False;False;1;3.345552360824513;0;3.345552360824513;3.345552360824513
820;29.50;13.50;True;False;False;False;867;32.50;14.50;True;False;False;False;2;11.129953104296874;12.071804747186636;8.673145750515687;13.58676045807806
820;29.50;13.50;True;False;False;False;871;36.50;14.50;True;False;False;False;1;11.837693570560077;0;11.837693570560077;11.837693570560077
820;29.50;13.50;True;False;False;False;872;37.50;14.50;True;False;False;False;1;16.54768079162841;0;16.54768079162841;16.54768079162841
820;29.50;13.50;True;False;False;False;877;42.50;14.50;True;False;False;False;1;15.31528137423993;0;15.31528137423993;15.31528137423993
820;29.50;13.50;True;False;False;False;882;47.50;14.50;True;False;False;False;1;29.172767390107765;0;29.172767390107765;29.172767390107765
820;29.50;13.50;True;False;False;False;884;49.50;14.50;True;False;False;False;1;25.45405889115682;0;25.45405889115682;25.45405889115682
820;29.50;13.50;True;False;False;False;887;52.50;14.50;True;False;False;False;1;24.10555555555038;0;24.10555555555038;24.10555555555038
820;29.50;13.50;True;False;False;False;954;31.50;16.50;True;False;False;False;2;10.502319208368135;0.17712365116849033;10.204725818683073;10.799912598053197
820;29.50;13.50;True;False;False;False;955;32.50;16.50;True;False;False;False;1;12.626972814330657;0;12.626972814330657;12.626972814330657
820;29.50;13.50;True;False;False;False;984;17.50;17.50;True;False;False;False;1;17.93730562597193;0;17.93730562597193;17.93730562597193
820;29.50;13.50;True;False;False;False;1011;44.50;17.50;True;False;False;False;1;21.52768398635817;0;21.52768398635817;21.52768398635817
820;29.50;13.50;True;False;False;False;1013;46.50;17.50;True;False;False;False;1;20.58844577324453;0;20.58844577324453;20.58844577324453
820;29.50;13.50;True;False;False;False;1014;47.50;17.50;True;False;False;False;1;21.441021317872583;0;21.441021317872583;21.441021317872583
820;29.50;13.50;True;False;False;False;1018;51.50;17.50;True;False;False;False;2;34.34965480149913;105.63397196895312;27.082125236063803;41.61718436693445
820;29.50;13.50;True;False;False;False;1019;52.50;17.50;True;False;False;False;1;41.106854249492244;0;41.106854249492244;41.106854249492244
820;29.50;13.50;True;False;False;False;1091;36.50;19.50;True;False;False;False;1;19.04352091615874;0;19.04352091615874;19.04352091615874
820;29.50;13.50;True;False;False;False;1097;42.50;19.50;True;False;False;False;1;19.83425686161354;0;19.83425686161354;19.83425686161354
820;29.50;13.50;True;False;False;False;1101;46.50;19.50;True;False;False;False;1;33.13453823585405;0;33.13453823585405;33.13453823585405
820;29.50;13.50;True;False;False;False;1102;47.50;19.50;True;False;False;False;1;23.91582812998604;0;23.91582812998604;23.91582812998604
820;29.50;13.50;True;False;False;False;1105;50.50;19.50;True;False;False;False;1;25.430096986148556;0;25.430096986148556;25.430096986148556
820;29.50;13.50;True;False;False;False;1139;40.50;20.50;True;False;False;False;1;20.624353847767225;0;20.624353847767225;20.624353847767225
820;29.50;13.50;True;False;False;False;1151;52.50;20.50;True;False;False;False;3;28.959476593502433;3.943186836939518;27.599632830711926;31.238243540105486
820;29.50;13.50;True;False;False;False;1256;25.50;23.50;True;False;False;False;1;16.18906610310296;0;16.18906610310296;16.18906610310296
820;29.50;13.50;True;False;False;False;1257;26.50;23.50;True;False;False;False;2;16.382741269728285;0.49546570147446234;15.885013582395914;16.880468957060657
820;29.50;13.50;True;False;False;False;1263;32.50;23.50;True;False;False;False;1;17.46120809726017;0;17.46120809726017;17.46120809726017
820;29.50;13.50;True;False;False;False;1278;47.50;23.50;True;False;False;False;1;37.125095398292615;0;37.125095398292615;37.125095398292615
820;29.50;13.50;True;False;False;False;1280;49.50;23.50;True;False;False;False;1;27.99407327697554;0;27.99407327697554;27.99407327697554
820;29.50;13.50;True;False;False;False;1281;50.50;23.50;True;False;False;False;1;31.76907647171629;0;31.76907647171629;31.76907647171629
820;29.50;13.50;True;False;False;False;1341;22.50;25.50;True;False;False;False;1;19.368145750500844;0;19.368145750500844;19.368145750500844
820;29.50;13.50;True;False;False;False;1365;46.50;25.50;True;False;False;False;1;26.81897548737743;0;26.81897548737743;26.81897548737743
820;29.50;13.50;True;False;False;False;1368;49.50;25.50;True;False;False;False;1;29.47999226798879;0;29.47999226798879;29.47999226798879
820;29.50;13.50;True;False;False;False;1369;50.50;25.50;True;False;False;False;1;30.72111434406179;0;30.72111434406179;30.72111434406179
821;30.50;13.50;True;False;False;False;12;61.50;3.50;False;False;True;False;1;89.70593232810506;0;89.70593232810506;89.70593232810506
821;30.50;13.50;True;False;False;False;299;36.50;1.50;True;False;False;False;1;19.34000319473489;0;19.34000319473489;19.34000319473489
821;30.50;13.50;True;False;False;False;304;41.50;1.50;True;False;False;False;1;23.79102611954113;0;23.79102611954113;23.79102611954113
821;30.50;13.50;True;False;False;False;321;14.50;2.50;True;False;False;False;1;24.696295499208645;0;24.696295499208645;24.696295499208645
821;30.50;13.50;True;False;False;False;328;21.50;2.50;True;False;False;False;1;20.438054350372113;0;20.438054350372113;20.438054350372113
821;30.50;13.50;True;False;False;False;334;27.50;2.50;True;False;False;False;1;18.06758300202273;0;18.06758300202273;18.06758300202273
821;30.50;13.50;True;False;False;False;342;35.50;2.50;True;False;False;False;1;21.477493208818487;0;21.477493208818487;21.477493208818487
821;30.50;13.50;True;False;False;False;346;39.50;2.50;True;False;False;False;2;21.80721743012873;1.6150225269536598;20.90860112520386;22.705833735053602
821;30.50;13.50;True;False;False;False;357;50.50;2.50;True;False;False;False;1;32.88786837444786;0;32.88786837444786;32.88786837444786
821;30.50;13.50;True;False;False;False;359;52.50;2.50;True;False;False;False;2;34.053197840045414;0.10380343062382338;33.82537836038682;34.281017319704006
821;30.50;13.50;True;False;False;False;427;32.50;4.50;True;False;False;False;1;14.872597387871792;0;14.872597387871792;14.872597387871792
821;30.50;13.50;True;False;False;False;430;35.50;4.50;True;False;False;False;1;16.15629869393706;0;16.15629869393706;16.15629869393706
821;30.50;13.50;True;False;False;False;436;41.50;4.50;True;False;False;False;1;32.96870130606294;0;32.96870130606294;32.96870130606294
821;30.50;13.50;True;False;False;False;437;42.50;4.50;True;False;False;False;2;23.74323964551195;9.519324128215043;21.56157467029061;25.924904620733287
821;30.50;13.50;True;False;False;False;444;49.50;4.50;True;False;False;False;1;25.30426005634945;0;25.30426005634945;25.30426005634945
821;30.50;13.50;True;False;False;False;453;14.50;5.50;True;False;False;False;1;28.759473216142396;0;28.759473216142396;28.759473216142396
821;30.50;13.50;True;False;False;False;468;29.50;5.50;True;False;False;False;1;11.926887197951146;0;11.926887197951146;11.926887197951146
821;30.50;13.50;True;False;False;False;471;32.50;5.50;True;False;False;False;2;14.137593791412655;0.013037747257038346;14.056854249498429;14.218333333326882
821;30.50;13.50;True;False;False;False;475;36.50;5.50;True;False;False;False;1;17.71472581866692;0;17.71472581866692;17.71472581866692
821;30.50;13.50;True;False;False;False;478;39.50;5.50;True;False;False;False;3;20.417781240331653;14.537153609273004;18.023062346761435;24.814538235852524
821;30.50;13.50;True;False;False;False;479;40.50;5.50;True;False;False;False;1;25.024144421691744;0;25.024144421691744;25.024144421691744
821;30.50;13.50;True;False;False;False;483;44.50;5.50;True;False;False;False;3;21.904876545327472;0.08634426056278853;21.589538235857617;22.17101492840993
821;30.50;13.50;True;False;False;False;485;46.50;5.50;True;False;False;False;1;26.86963202727202;0;26.86963202727202;26.86963202727202
821;30.50;13.50;True;False;False;False;488;49.50;5.50;True;False;False;False;1;25.439920594429168;0;25.439920594429168;25.439920594429168
821;30.50;13.50;True;False;False;False;538;11.50;7.50;True;False;False;False;1;23.388057564174233;0;23.388057564174233;23.388057564174233
821;30.50;13.50;True;False;False;False;548;21.50;7.50;True;False;False;False;1;17.68204183231137;0;17.68204183231137;17.68204183231137
821;30.50;13.50;True;False;False;False;552;25.50;7.50;True;False;False;False;1;14.115010387638904;0;14.115010387638904;14.115010387638904
821;30.50;13.50;True;False;False;False;556;29.50;7.50;True;False;False;False;1;11.268236347177663;0;11.268236347177663;11.268236347177663
821;30.50;13.50;True;False;False;False;559;32.50;7.50;True;False;False;False;1;12.570446574844937;0;12.570446574844937;12.570446574844937
821;30.50;13.50;True;False;False;False;561;34.50;7.50;True;False;False;False;2;16.169355846859162;6.2180639962652435;14.406111111114114;17.93260058260421
821;30.50;13.50;True;False;False;False;563;36.50;7.50;True;False;False;False;1;18.04018758282473;0;18.04018758282473;18.04018758282473
821;30.50;13.50;True;False;False;False;564;37.50;7.50;True;False;False;False;1;16.27657687343526;0;16.27657687343526;16.27657687343526
821;30.50;13.50;True;False;False;False;566;39.50;7.50;True;False;False;False;2;17.234260458078097;1.2127626504232676;16.455555555556202;18.012965360599992
821;30.50;13.50;True;False;False;False;568;41.50;7.50;True;False;False;False;1;18.89694404272086;0;18.89694404272086;18.89694404272086
821;30.50;13.50;True;False;False;False;569;42.50;7.50;True;False;False;False;2;20.872781374237093;5.063246246354599;19.28167385958659;22.463888888887595
821;30.50;13.50;True;False;False;False;571;44.50;7.50;True;False;False;False;1;20.354447639178034;0;20.354447639178034;20.354447639178034
821;30.50;13.50;True;False;False;False;572;45.50;7.50;True;False;False;False;2;25.09170443130006;35.909053918945894;20.854426182297175;29.328982680302943
821;30.50;13.50;True;False;False;False;573;46.50;7.50;True;False;False;False;1;22.554511543123226;0;22.554511543123226;22.554511543123226
821;30.50;13.50;True;False;False;False;574;47.50;7.50;True;False;False;False;3;29.869040144808725;120.61102662872369;23.407579003849605;42.549541430582394
821;30.50;13.50;True;False;False;False;576;49.50;7.50;True;False;False;False;1;24.29064934695998;0;24.29064934695998;24.29064934695998
821;30.50;13.50;True;False;False;False;577;50.50;7.50;True;False;False;False;4;28.233172593961626;14.521396410859;25.184256861624817;33.106843861831294
821;30.50;13.50;True;False;False;False;578;51.50;7.50;True;False;False;False;2;25.17304996000621;1.1832396367811049;24.40388169597645;25.94221822403597
821;30.50;13.50;True;False;False;False;579;52.50;7.50;True;False;False;False;3;26.493153211244135;3.112820441936698;25.223611512832576;28.507785774148942
821;30.50;13.50;True;False;False;False;601;30.50;8.50;True;False;False;False;1;13.414311474709393;0;13.414311474709393;13.414311474709393
821;30.50;13.50;True;False;False;False;606;35.50;8.50;True;False;False;False;1;14.929615231063508;0;14.929615231063508;14.929615231063508
821;30.50;13.50;True;False;False;False;608;37.50;8.50;True;False;False;False;2;23.200699437416915;110.60123743712671;15.76426085980711;30.63713801502672
821;30.50;13.50;True;False;False;False;615;44.50;8.50;True;False;False;False;1;20.61537516565295;0;20.61537516565295;20.61537516565295
821;30.50;13.50;True;False;False;False;618;47.50;8.50;True;False;False;False;2;24.196111111105893;11.469530692171364;21.801374101310103;26.590848120901683
821;30.50;13.50;True;False;False;False;621;50.50;8.50;True;False;False;False;1;27.22686463714126;0;27.22686463714126;27.22686463714126
821;30.50;13.50;True;False;False;False;622;51.50;8.50;True;False;False;False;1;24.757034639384074;0;24.757034639384074;24.757034639384074
821;30.50;13.50;True;False;False;False;623;52.50;8.50;True;False;False;False;2;24.79916706837139;0.07512113214620185;24.605361583224294;24.992972553518484
821;30.50;13.50;True;False;False;False;676;17.50;10.50;True;False;False;False;1;18.068333333329065;0;18.068333333329065;18.068333333329065
821;30.50;13.50;True;False;False;False;681;22.50;10.50;True;False;False;False;1;14.336392485343822;0;14.336392485343822;14.336392485343822
821;30.50;13.50;True;False;False;False;683;24.50;10.50;True;False;False;False;1;12.654256861622343;0;12.654256861622343;12.654256861622343
821;30.50;13.50;True;False;False;False;689;30.50;10.50;True;False;False;False;1;6.691020514430875;0;6.691020514430875;6.691020514430875
821;30.50;13.50;True;False;False;False;691;32.50;10.50;True;False;False;False;1;15.917316013634263;0;15.917316013634263;15.917316013634263
821;30.50;13.50;True;False;False;False;696;37.50;10.50;True;False;False;False;2;17.250001597377377;1.2098815127699785;16.472222222242635;18.02778097251212
821;30.50;13.50;True;False;False;False;698;39.50;10.50;True;False;False;False;1;51.71657287524795;0;51.71657287524795;51.71657287524795
821;30.50;13.50;True;False;False;False;701;42.50;10.50;True;False;False;False;4;19.409948709150967;4.58680470446463;17.449062889321795;21.885461764140928
821;30.50;13.50;True;False;False;False;703;44.50;10.50;True;False;False;False;1;32.795645348778635;0;32.795645348778635;32.795645348778635
821;30.50;13.50;True;False;False;False;706;47.50;10.50;True;False;False;False;5;20.57162032217684;0.09538099173255785;20.187861002887075;20.977781775960466
821;30.50;13.50;True;False;False;False;708;49.50;10.50;True;False;False;False;2;22.53232281437522;0.008986749731086652;22.465290174075562;22.59935545467488
821;30.50;13.50;True;False;False;False;709;50.50;10.50;True;False;False;False;1;41.71916706838965;0;41.71916706838965;41.71916706838965
821;30.50;13.50;True;False;False;False;711;52.50;10.50;True;False;False;False;5;24.569131946927154;3.5080796678104487;23.22861390412254;27.852323206570873
821;30.50;13.50;True;False;False;False;713;10.50;11.50;True;False;False;False;1;21.777180407083506;0;21.777180407083506;21.777180407083506
821;30.50;13.50;True;False;False;False;728;25.50;11.50;True;False;False;False;1;11.147777777781812;0;11.147777777781812;11.147777777781812
821;30.50;13.50;True;False;False;False;729;26.50;11.50;True;False;False;False;2;11.436984548956843;0.4485268931876889;10.963419931830686;11.910549166083001
821;30.50;13.50;True;False;False;False;730;27.50;11.50;True;False;False;False;1;9.689150291244005;0;9.689150291244005;9.689150291244005
821;30.50;13.50;True;False;False;False;735;32.50;11.50;True;False;False;False;2;9.644577135189593;1.9046516608298738;8.668705304253308;10.620448966125878
821;30.50;13.50;True;False;False;False;737;34.50;11.50;True;False;False;False;2;14.892891675943247;40.613333558067524;10.38659976584313;19.399183586043364
821;30.50;13.50;True;False;False;False;740;37.50;11.50;True;False;False;False;2;13.240043299246281;0.2048554267824675;12.920000000001892;13.56008659849067
821;30.50;13.50;True;False;False;False;743;40.50;11.50;True;False;False;False;1;18.749632027263942;0;18.749632027263942;18.749632027263942
821;30.50;13.50;True;False;False;False;744;41.50;11.50;True;False;False;False;1;14.645666302752943;0;14.645666302752943;14.645666302752943
821;30.50;13.50;True;False;False;False;745;42.50;11.50;True;False;False;False;2;16.625742334928873;0.6565767675002924;16.05277777777883;17.198706892078917
821;30.50;13.50;True;False;False;False;747;44.50;11.50;True;False;False;False;2;18.826431942811723;4.855390440824877;17.268325649771214;20.384538235852233
821;30.50;13.50;True;False;False;False;748;45.50;11.50;True;False;False;False;1;23.785007192918783;0;23.785007192918783;23.785007192918783
821;30.50;13.50;True;False;False;False;749;46.50;11.50;True;False;False;False;1;18.845923528277126;0;18.845923528277126;18.845923528277126
821;30.50;13.50;True;False;False;False;750;47.50;11.50;True;False;False;False;3;20.266482546391064;0.2548847858439531;19.698982680294648;20.665743138381913
821;30.50;13.50;True;False;False;False;752;49.50;11.50;True;False;False;False;1;24.844166264920204;0;24.844166264920204;24.844166264920204
821;30.50;13.50;True;False;False;False;753;50.50;11.50;True;False;False;False;1;21.2935169179691;0;21.2935169179691;21.2935169179691
821;30.50;13.50;True;False;False;False;754;51.50;11.50;True;False;False;False;3;33.40793995700157;63.46570478665914;24.269913401512895;38.89240819816405
821;30.50;13.50;True;False;False;False;755;52.50;11.50;True;False;False;False;3;24.290830278844776;3.1671405969132493;23.114729013419037;26.33824034535428
821;30.50;13.50;True;False;False;False;801;10.50;13.50;True;False;False;False;1;17.023340526262473;0;17.023340526262473;17.023340526262473
821;30.50;13.50;True;False;False;False;803;12.50;13.50;True;False;False;False;1;15.472933899200143;0;15.472933899200143;15.472933899200143
821;30.50;13.50;True;False;False;False;805;14.50;13.50;True;False;False;False;1;14.13611430585297;0;14.13611430585297;14.13611430585297
821;30.50;13.50;True;False;False;False;810;19.50;13.50;True;False;False;False;1;11.577229415141119;0;11.577229415141119;11.577229415141119
821;30.50;13.50;True;False;False;False;811;20.50;13.50;True;False;False;False;1;9.8429653605981;0;9.8429653605981;9.8429653605981
821;30.50;13.50;True;False;False;False;817;26.50;13.50;True;False;False;False;1;7.095649346965729;0;7.095649346965729;7.095649346965729
821;30.50;13.50;True;False;False;False;823;32.50;13.50;True;False;False;False;4;14.083245132706907;12.673902605778597;10.913059152015194;17.74315133652999
821;30.50;13.50;True;False;False;False;825;34.50;13.50;True;False;False;False;1;13.474819610099075;0;13.474819610099075;13.474819610099075
821;30.50;13.50;True;False;False;False;828;37.50;13.50;True;False;False;False;4;12.959355645985852;75.1415136907472;8.559089250615216;25.96176045807806
821;30.50;13.50;True;False;False;False;830;39.50;13.50;True;False;False;False;1;26.03052093333099;0;26.03052093333099;26.03052093333099
821;30.50;13.50;True;False;False;False;831;40.50;13.50;True;False;False;False;2;16.354211563279478;63.732982560712685;10.709170263133274;21.99925286342568
821;30.50;13.50;True;False;False;False;832;41.50;13.50;True;False;False;False;1;11.384552621666444;0;11.384552621666444;11.384552621666444
821;30.50;13.50;True;False;False;False;833;42.50;13.50;True;False;False;False;1;18.00758380547086;0;18.00758380547086;18.00758380547086
821;30.50;13.50;True;False;False;False;835;44.50;13.50;True;False;False;False;5;20.656222917890773;7.994119091525786;17.061884089165687;24.250836929795696
821;30.50;13.50;True;False;False;False;836;45.50;13.50;True;False;False;False;2;21.866760056349904;7.132310976391457;19.978333333335286;23.75518677936452
821;30.50;13.50;True;False;False;False;837;46.50;13.50;True;False;False;False;1;21.309910206772656;0;21.309910206772656;21.309910206772656
821;30.50;13.50;True;False;False;False;838;47.50;13.50;True;False;False;False;2;19.1158235035291;11.434696277017473;16.724725818676234;21.506921188381966
821;30.50;13.50;True;False;False;False;840;49.50;13.50;True;False;False;False;5;23.918051295785336;0.24355022661696232;23.470637371478006;24.582777777777665
821;30.50;13.50;True;False;False;False;841;50.50;13.50;True;False;False;False;4;29.18625120040133;147.9810267019884;16.940552360812944;46.02204583049752
821;30.50;13.50;True;False;False;False;842;51.50;13.50;True;False;False;False;3;25.89910667060273;79.5030254598508;17.44861151283476;35.21796536059992
821;30.50;13.50;True;False;False;False;843;52.50;13.50;True;False;False;False;5;23.636066666302032;23.09844256096232;18.585656539893535;29.81011297889836
821;30.50;13.50;True;False;False;False;862;27.50;14.50;True;False;False;False;2;13.034542234048786;33.08311931895401;8.967410608507635;17.101673859589937
821;30.50;13.50;True;False;False;False;864;29.50;14.50;True;False;False;False;2;6.699306952063125;0.1401056316238909;6.434632027274347;6.9639818768519035
821;30.50;13.50;True;False;False;False;867;32.50;14.50;True;False;False;False;1;9.449725818682055;0;9.449725818682055;9.449725818682055
821;30.50;13.50;True;False;False;False;871;36.50;14.50;True;False;False;False;1;12.177223025668354;0;12.177223025668354;12.177223025668354
821;30.50;13.50;True;False;False;False;872;37.50;14.50;True;False;False;False;1;16.998795097475977;0;16.998795097475977;16.998795097475977
821;30.50;13.50;True;False;False;False;874;39.50;14.50;True;False;False;False;2;15.396991340147906;7.773143298463618;13.425552360815345;17.368430319480467
821;30.50;13.50;True;False;False;False;875;40.50;14.50;True;False;False;False;1;17.35333333334347;0;17.35333333334347;17.35333333334347
821;30.50;13.50;True;False;False;False;877;42.50;14.50;True;False;False;False;4;18.707889019776076;11.72276486818799;14.895625357898098;23.023714888463473
821;30.50;13.50;True;False;False;False;882;47.50;14.50;True;False;False;False;2;21.457546895711857;9.993352791754416;19.222222222229902;23.692871569193812
821;30.50;13.50;True;False;False;False;884;49.50;14.50;True;False;False;False;1;19.723621900491707;0;19.723621900491707;19.723621900491707
821;30.50;13.50;True;False;False;False;886;51.50;14.50;True;False;False;False;1;21.800746333105053;0;21.800746333105053;21.800746333105053
821;30.50;13.50;True;False;False;False;887;52.50;14.50;True;False;False;False;2;24.01412177004795;8.930387041851867;21.90102131788626;26.12722222220964
821;30.50;13.50;True;False;False;False;950;27.50;16.50;True;False;False;False;1;10.297680791623861;0;10.297680791623861;10.297680791623861
821;30.50;13.50;True;False;False;False;952;29.50;16.50;True;False;False;False;1;9.088888888887595;0;9.088888888887595;9.088888888887595
821;30.50;13.50;True;False;False;False;953;30.50;16.50;True;False;False;False;1;5.719809222435288;0;5.719809222435288;5.719809222435288
821;30.50;13.50;True;False;False;False;957;34.50;16.50;True;False;False;False;1;11.583156138158301;0;11.583156138158301;11.583156138158301
821;30.50;13.50;True;False;False;False;958;35.50;16.50;True;False;False;False;1;12.58149266622786;0;12.58149266622786;12.58149266622786
821;30.50;13.50;True;False;False;False;959;36.50;16.50;True;False;False;False;1;12.328524110889703;0;12.328524110889703;12.328524110889703
821;30.50;13.50;True;False;False;False;963;40.50;16.50;True;False;False;False;1;16.70407647171305;0;16.70407647171305;16.70407647171305
821;30.50;13.50;True;False;False;False;965;42.50;16.50;True;False;False;False;2;25.24491459714818;123.34375879923026;17.391770042282587;33.098059152013775
821;30.50;13.50;True;False;False;False;969;46.50;16.50;True;False;False;False;1;25.619534237681364;0;25.619534237681364;25.619534237681364
821;30.50;13.50;True;False;False;False;970;47.50;16.50;True;False;False;False;4;23.706803164257508;12.691902577761208;20.63268880704345;27.988051959076984
821;30.50;13.50;True;False;False;False;975;52.50;16.50;True;False;False;False;1;24.404793229748975;0;24.404793229748975;24.404793229748975
821;30.50;13.50;True;False;False;False;981;14.50;17.50;True;False;False;False;1;21.288728470844944;0;21.288728470844944;21.288728470844944
821;30.50;13.50;True;False;False;False;983;16.50;17.50;True;False;False;False;1;19.238795097478942;0;19.238795097478942;19.238795097478942
821;30.50;13.50;True;False;False;False;987;20.50;17.50;True;False;False;False;1;16.690836929793477;0;16.690836929793477;16.690836929793477
821;30.50;13.50;True;False;False;False;999;32.50;17.50;True;False;False;False;1;11.023605907759702;0;11.023605907759702;11.023605907759702
821;30.50;13.50;True;False;False;False;1006;39.50;17.50;True;False;False;False;2;20.369264054540963;22.213565105939054;17.03658006817659;23.701948040905336
821;30.50;13.50;True;False;False;False;1007;40.50;17.50;True;False;False;False;2;27.21530510824732;225.90594649699375;16.58737147802094;37.8432387384737
821;30.50;13.50;True;False;False;False;1008;41.50;17.50;True;False;False;False;3;18.23191437945934;3.526298708719659;16.936111111106584;20.385461764140928
821;30.50;13.50;True;False;False;False;1009;42.50;17.50;True;False;False;False;2;19.736665069298397;5.940391096835673;18.013239541920484;21.46009059667631
821;30.50;13.50;True;False;False;False;1011;44.50;17.50;True;False;False;False;2;20.218449639125538;0.23643428153149815;19.874622443043336;20.56227683520774
821;30.50;13.50;True;False;False;False;1012;45.50;17.50;True;False;False;False;2;20.618600889140453;1.0019288425244273;19.91081248766568;21.326389290615225
821;30.50;13.50;True;False;False;False;1013;46.50;17.50;True;False;False;False;5;22.30567146067606;7.8105036303629305;19.845558750288546;27.09954782006571
821;30.50;13.50;True;False;False;False;1014;47.50;17.50;True;False;False;False;1;27.0949094033258;0;27.0949094033258;27.0949094033258
821;30.50;13.50;True;False;False;False;1016;49.50;17.50;True;False;False;False;3;31.95941451336921;69.50228614466903;24.243614707572306;40.802503596461065
821;30.50;13.50;True;False;False;False;1017;50.50;17.50;True;False;False;False;2;31.211760056354024;9.805891636218517;28.99750040172694;33.42601971098111
821;30.50;13.50;True;False;False;False;1018;51.50;17.50;True;False;False;False;1;25.040743138379185;0;25.040743138379185;25.040743138379185
821;30.50;13.50;True;False;False;False;1019;52.50;17.50;True;False;False;False;1;24.386115109276943;0;24.386115109276943;24.386115109276943
821;30.50;13.50;True;False;False;False;1077;22.50;19.50;True;False;False;False;1;17.025106570370554;0;17.025106570370554;17.025106570370554
821;30.50;13.50;True;False;False;False;1084;29.50;19.50;True;False;False;False;1;11.97388730106104;0;11.97388730106104;11.97388730106104
821;30.50;13.50;True;False;False;False;1089;34.50;19.50;True;False;False;False;1;14.340468957045232;0;14.340468957045232;14.340468957045232
821;30.50;13.50;True;False;False;False;1092;37.50;19.50;True;False;False;False;1;16.56341998896096;0;16.56341998896096;16.56341998896096
821;30.50;13.50;True;False;False;False;1099;44.50;19.50;True;False;False;False;1;23.840743138378457;0;23.840743138378457;23.840743138378457
821;30.50;13.50;True;False;False;False;1100;45.50;19.50;True;False;False;False;1;21.15935784594967;0;21.15935784594967;21.15935784594967
821;30.50;13.50;True;False;False;False;1101;46.50;19.50;True;False;False;False;1;21.28602453172425;0;21.28602453172425;21.28602453172425
821;30.50;13.50;True;False;False;False;1106;51.50;19.50;True;False;False;False;2;26.181487760870368;0.13299702324642643;25.923614707560773;26.439360814179963
821;30.50;13.50;True;False;False;False;1133;34.50;20.50;True;False;False;False;1;14.646608791983454;0;14.646608791983454;14.646608791983454
821;30.50;13.50;True;False;False;False;1136;37.50;20.50;True;False;False;False;2;16.669449638273363;0.058878067580431334;16.497871569190465;16.84102770735626
821;30.50;13.50;True;False;False;False;1138;39.50;20.50;True;False;False;False;2;17.94051545104594;0.5575727950472268;17.41251318066861;18.468517721423268
821;30.50;13.50;True;False;False;False;1141;42.50;20.50;True;False;False;False;1;20.286386899309946;0;20.286386899309946;20.286386899309946
821;30.50;13.50;True;False;False;False;1151;52.50;20.50;True;False;False;False;2;27.656510275228356;0.4449459150698063;27.18483988445223;28.128180666004482
821;30.50;13.50;True;False;False;False;1206;19.50;22.50;True;False;False;False;1;20.659795621006197;0;20.659795621006197;20.659795621006197
821;30.50;13.50;True;False;False;False;1214;27.50;22.50;True;False;False;False;1;14.915460960692144;0;14.915460960692144;14.915460960692144
821;30.50;13.50;True;False;False;False;1221;34.50;22.50;True;False;False;False;1;17.0583341367892;0;17.0583341367892;17.0583341367892
821;30.50;13.50;True;False;False;False;1226;39.50;22.50;True;False;False;False;1;19.87924327926885;0;19.87924327926885;19.87924327926885
821;30.50;13.50;True;False;False;False;1227;40.50;22.50;True;False;False;False;1;19.68240980504379;0;19.68240980504379;19.68240980504379
821;30.50;13.50;True;False;False;False;1239;52.50;22.50;True;False;False;False;3;31.978516120870456;19.175477947267176;27.473051959093937;36.21897868209999
821;30.50;13.50;True;False;False;False;1242;11.50;23.50;True;False;False;False;1;26.28194484616961;0;26.28194484616961;26.28194484616961
821;30.50;13.50;True;False;False;False;1250;19.50;23.50;True;False;False;False;1;23.074628832531744;0;23.074628832531744;23.074628832531744
821;30.50;13.50;True;False;False;False;1263;32.50;23.50;True;False;False;False;2;16.797832669830314;6.376025238730787;15.012332006328506;18.58333333333212
821;30.50;13.50;True;False;False;False;1276;45.50;23.50;True;False;False;False;1;26.368058348565683;0;26.368058348565683;26.368058348565683
821;30.50;13.50;True;False;False;False;1278;47.50;23.50;True;False;False;False;3;27.25919593455698;7.408845018962842;25.475000000001273;30.392126039523646
821;30.50;13.50;True;False;False;False;1281;50.50;23.50;True;False;False;False;2;29.14638510286386;7.915837143424477;27.15693327592453;31.13583692980319
821;30.50;13.50;True;False;False;False;1345;26.50;25.50;True;False;False;False;1;17.77263120664429;0;17.77263120664429;17.77263120664429
821;30.50;13.50;True;False;False;False;1349;30.50;25.50;True;False;False;False;1;11.608075144738905;0;11.608075144738905;11.608075144738905
821;30.50;13.50;True;False;False;False;1364;45.50;25.50;True;False;False;False;1;27.677874763903674;0;27.677874763903674;27.677874763903674
821;30.50;13.50;True;False;False;False;1365;46.50;25.50;True;False;False;False;2;26.524031173366893;0.37243209928561166;26.092503596446477;26.95555875028731
821;30.50;13.50;True;False;False;False;1366;47.50;25.50;True;False;False;False;1;28.01566029253445;0;28.01566029253445;28.01566029253445
821;30.50;13.50;True;False;False;False;1371;52.50;25.50;True;False;False;False;1;30.64120170777096;0;30.64120170777096;30.64120170777096
821;30.50;13.50;True;False;False;False;1373;10.50;26.50;True;False;False;False;1;33.76189903296472;0;33.76189903296472;33.76189903296472
821;30.50;13.50;True;False;False;False;1395;32.50;26.50;True;False;False;False;1;17.334632027268526;0;17.334632027268526;17.334632027268526
821;30.50;13.50;True;False;False;False;1410;47.50;26.50;True;False;False;False;1;27.819257665072655;0;27.819257665072655;27.819257665072655
821;30.50;13.50;True;False;False;False;1415;52.50;26.50;True;False;False;False;1;37.344521458730014;0;37.344521458730014;37.344521458730014
822;31.50;13.50;True;False;False;False;44;61.50;15.50;False;False;True;False;1;95.05841354235406;0;95.05841354235406;95.05841354235406
822;31.50;13.50;True;False;False;False;280;17.50;1.50;True;False;False;False;1;23.89639248535059;0;23.89639248535059;23.89639248535059
822;31.50;13.50;True;False;False;False;303;40.50;1.50;True;False;False;False;1;22.021122302190633;0;22.021122302190633;22.021122302190633
822;31.50;13.50;True;False;False;False;305;42.50;1.50;True;False;False;False;1;25.175461764134525;0;25.175461764134525;25.175461764134525
822;31.50;13.50;True;False;False;False;308;45.50;1.50;True;False;False;False;1;24.875739943645385;0;24.875739943645385;24.875739943645385
822;31.50;13.50;True;False;False;False;310;47.50;1.50;True;False;False;False;1;27.91027098657287;0;27.91027098657287;27.91027098657287
822;31.50;13.50;True;False;False;False;312;49.50;1.50;True;False;False;False;1;30.748420735269974;0;30.748420735269974;30.748420735269974
822;31.50;13.50;True;False;False;False;313;50.50;1.50;True;False;False;False;1;28.422868374455447;0;28.422868374455447;28.422868374455447
822;31.50;13.50;True;False;False;False;343;36.50;2.50;True;False;False;False;1;18.29823954191852;0;18.29823954191852;18.29823954191852
822;31.50;13.50;True;False;False;False;409;14.50;4.50;True;False;False;False;1;25.351198513051486;0;25.351198513051486;25.351198513051486
822;31.50;13.50;True;False;False;False;417;22.50;4.50;True;False;False;False;1;23.384815611902013;0;23.384815611902013;23.384815611902013
822;31.50;13.50;True;False;False;False;427;32.50;4.50;True;False;False;False;1;14.28666666666868;0;14.28666666666868;14.28666666666868
822;31.50;13.50;True;False;False;False;429;34.50;4.50;True;False;False;False;2;17.648008659846255;9.824407429514158;15.431659473739273;19.864357845953236
822;31.50;13.50;True;False;False;False;430;35.50;4.50;True;False;False;False;1;18.316666666668425;0;18.316666666668425;18.316666666668425
822;31.50;13.50;True;False;False;False;436;41.50;4.50;True;False;False;False;1;20.28740980504881;0;20.28740980504881;20.28740980504881
822;31.50;13.50;True;False;False;False;437;42.50;4.50;True;False;False;False;1;19.77146309111231;0;19.77146309111231;19.77146309111231
822;31.50;13.50;True;False;False;False;442;47.50;4.50;True;False;False;False;1;23.927594193139385;0;23.927594193139385;23.927594193139385
822;31.50;13.50;True;False;False;False;447;52.50;4.50;True;False;False;False;1;31.53231172188316;0;31.53231172188316;31.53231172188316
822;31.50;13.50;True;False;False;False;460;21.50;5.50;True;False;False;False;1;19.59556194502875;0;19.59556194502875;19.59556194502875
822;31.50;13.50;True;False;False;False;463;24.50;5.50;True;False;False;False;1;16.768518260323617;0;16.768518260323617;16.768518260323617
822;31.50;13.50;True;False;False;False;474;35.50;5.50;True;False;False;False;3;16.767717647807633;2.7774729470529853;15.419999999998254;18.63120490252186
822;31.50;13.50;True;False;False;False;478;39.50;5.50;True;False;False;False;4;19.73602351307258;1.1573403900878017;18.932972553518994;21.306951235640895
822;31.50;13.50;True;False;False;False;479;40.50;5.50;True;False;False;False;1;18.570003194727178;0;18.570003194727178;18.570003194727178
822;31.50;13.50;True;False;False;False;480;41.50;5.50;True;False;False;False;3;19.337037037035618;0.008968069795457608;19.22833333332892;19.401669861400933
822;31.50;13.50;True;False;False;False;481;42.50;5.50;True;False;False;False;2;20.517602581696337;0.10191812392049063;20.291861442423397;20.74334372096928
822;31.50;13.50;True;False;False;False;483;44.50;5.50;True;False;False;False;2;23.752600847184567;8.738581370756966;21.662316013632335;25.8428856807368
822;31.50;13.50;True;False;False;False;484;45.50;5.50;True;False;False;False;1;34.01712523607239;0;34.01712523607239;34.01712523607239
822;31.50;13.50;True;False;False;False;485;46.50;5.50;True;False;False;False;3;27.191547203820544;16.075757383488238;22.707128430809462;30.43037516565346
822;31.50;13.50;True;False;False;False;486;47.50;5.50;True;False;False;False;1;23.459632027268526;0;23.459632027268526;23.459632027268526
822;31.50;13.50;True;False;False;False;488;49.50;5.50;True;False;False;False;1;24.955555555556202;0;24.955555555556202;24.955555555556202
822;31.50;13.50;True;False;False;False;489;50.50;5.50;True;False;False;False;1;25.764167068406095;0;25.764167068406095;25.764167068406095
822;31.50;13.50;True;False;False;False;490;51.50;5.50;True;False;False;False;2;26.27078484025833;0.16229193411864143;25.98592352828473;26.55564615223193
822;31.50;13.50;True;False;False;False;491;52.50;5.50;True;False;False;False;3;26.787802469387316;0.029242857805239747;26.618309618581407;26.96028137423491
822;31.50;13.50;True;False;False;False;536;9.50;7.50;True;False;False;False;1;25.95027817949449;0;25.95027817949449;25.95027817949449
822;31.50;13.50;True;False;False;False;542;15.50;7.50;True;False;False;False;1;22.633137282035023;0;22.633137282035023;22.633137282035023
822;31.50;13.50;True;False;False;False;549;22.50;7.50;True;False;False;False;1;18.91740980504619;0;18.91740980504619;18.91740980504619
822;31.50;13.50;True;False;False;False;553;26.50;7.50;True;False;False;False;1;19.460461764143474;0;19.460461764143474;19.460461764143474
822;31.50;13.50;True;False;False;False;556;29.50;7.50;True;False;False;False;1;12.04721983095078;0;12.04721983095078;12.04721983095078
822;31.50;13.50;True;False;False;False;559;32.50;7.50;True;False;False;False;2;12.094722222220298;0.5768201335426846;11.557683986364282;12.631760458076315
822;31.50;13.50;True;False;False;False;561;34.50;7.50;True;False;False;False;1;26.160558750285418;0;26.160558750285418;26.160558750285418
822;31.50;13.50;True;False;False;False;562;35.50;7.50;True;False;False;False;2;14.354727416057813;0.20777316585429237;14.032412999800727;14.677041832314899
822;31.50;13.50;True;False;False;False;566;39.50;7.50;True;False;False;False;2;18.853059544220287;12.69708715285236;16.333427909154125;21.37269117928645
822;31.50;13.50;True;False;False;False;567;40.50;7.50;True;False;False;False;6;19.435105029757096;7.432493122288719;16.6928715691829;22.93194165143359
822;31.50;13.50;True;False;False;False;568;41.50;7.50;True;False;False;False;1;17.446201707785804;0;17.446201707785804;17.446201707785804
822;31.50;13.50;True;False;False;False;569;42.50;7.50;True;False;False;False;2;19.552918464895583;0.1772873562815379;19.255187582821236;19.85064934696993
822;31.50;13.50;True;False;False;False;571;44.50;7.50;True;False;False;False;4;20.373535183967704;0.19070010446125912;19.797965360601665;20.851020514433685
822;31.50;13.50;True;False;False;False;572;45.50;7.50;True;False;False;False;5;22.991667626993603;15.215438321099098;20.34407647171497;29.56203863758128
822;31.50;13.50;True;False;False;False;573;46.50;7.50;True;False;False;False;2;22.215690764764304;0.30152916919786193;21.827406610311755;22.603974919216853
822;31.50;13.50;True;False;False;False;574;47.50;7.50;True;False;False;False;3;23.262684871579875;3.0777906253245013;22.16342632130909;25.285919794460597
822;31.50;13.50;True;False;False;False;576;49.50;7.50;True;False;False;False;2;26.589916596248486;25.96132104738859;22.987048221787063;30.19278497070991
822;31.50;13.50;True;False;False;False;577;50.50;7.50;True;False;False;False;2;23.736621770059173;0.117841605083334;23.4938856941626;23.979357845955747
822;31.50;13.50;True;False;False;False;578;51.50;7.50;True;False;False;False;2;34.903522915250505;119.82955853991793;27.163059152015194;42.64398667848582
822;31.50;13.50;True;False;False;False;579;52.50;7.50;True;False;False;False;2;25.496803355601514;0.26829129720584916;25.130544364445086;25.863062346757943
822;31.50;13.50;True;False;False;False;598;27.50;8.50;True;False;False;False;1;12.965191581010004;0;12.965191581010004;12.965191581010004
822;31.50;13.50;True;False;False;False;600;29.50;8.50;True;False;False;False;1;14.992028249920622;0;14.992028249920622;14.992028249920622
822;31.50;13.50;True;False;False;False;601;30.50;8.50;True;False;False;False;2;11.866944444440378;4.082395396993708;10.438239541916118;13.295649346964638
822;31.50;13.50;True;False;False;False;605;34.50;8.50;True;False;False;False;2;12.766390486255432;0.11502190849972256;12.526576069987641;13.006204902523223
822;31.50;13.50;True;False;False;False;607;36.50;8.50;True;False;False;False;2;14.179403938202086;0.6465223548229063;13.610843319260312;14.74796455714386
822;31.50;13.50;True;False;False;False;608;37.50;8.50;True;False;False;False;1;16.844718625761743;0;16.844718625761743;16.844718625761743
822;31.50;13.50;True;False;False;False;610;39.50;8.50;True;False;False;False;1;16.480765520573186;0;16.480765520573186;16.480765520573186
822;31.50;13.50;True;False;False;False;611;40.50;8.50;True;False;False;False;1;16.921020514426345;0;16.921020514426345;16.921020514426345
822;31.50;13.50;True;False;False;False;615;44.50;8.50;True;False;False;False;1;19.282396081805928;0;19.282396081805928;19.282396081805928
822;31.50;13.50;True;False;False;False;616;45.50;8.50;True;False;False;False;1;23.320093791415275;0;23.320093791415275;23.320093791415275
822;31.50;13.50;True;False;False;False;618;47.50;8.50;True;False;False;False;1;22.007354369525274;0;22.007354369525274;22.007354369525274
822;31.50;13.50;True;False;False;False;622;51.50;8.50;True;False;False;False;1;28.195367972733948;0;28.195367972733948;28.195367972733948
822;31.50;13.50;True;False;False;False;623;52.50;8.50;True;False;False;False;5;25.78080016375916;2.8639822308879777;24.758520916164343;28.772417555883294
822;31.50;13.50;True;False;False;False;668;9.50;10.50;True;False;False;False;1;24.167774583042956;0;24.167774583042956;24.167774583042956
822;31.50;13.50;True;False;False;False;675;16.50;10.50;True;False;False;False;1;28.050181193357275;0;28.050181193357275;28.050181193357275
822;31.50;13.50;True;False;False;False;686;27.50;10.50;True;False;False;False;1;11.523513723241194;0;11.523513723241194;11.523513723241194
822;31.50;13.50;True;False;False;False;689;30.50;10.50;True;False;False;False;2;8.65713042990501;0.05524893413706918;8.490924331736096;8.823336528073924
822;31.50;13.50;True;False;False;False;691;32.50;10.50;True;False;False;False;1;24.50620490252186;0;24.50620490252186;24.50620490252186
822;31.50;13.50;True;False;False;False;693;34.50;10.50;True;False;False;False;1;11.290443380113174;0;11.290443380113174;11.290443380113174
822;31.50;13.50;True;False;False;False;695;36.50;10.50;True;False;False;False;1;13.338888888887595;0;13.338888888887595;13.338888888887595
822;31.50;13.50;True;False;False;False;696;37.50;10.50;True;False;False;False;1;13.504076471713688;0;13.504076471713688;13.504076471713688
822;31.50;13.50;True;False;False;False;699;40.50;10.50;True;False;False;False;1;15.781204902523314;0;15.781204902523314;15.781204902523314
822;31.50;13.50;True;False;False;False;701;42.50;10.50;True;False;False;False;3;17.054353050672336;0.08544297574055082;16.83823954192121;17.38694084798408
822;31.50;13.50;True;False;False;False;706;47.50;10.50;True;False;False;False;4;20.106112507611215;0.14465462514144506;19.602045027048007;20.523787904545316
822;31.50;13.50;True;False;False;False;708;49.50;10.50;True;False;False;False;1;21.102125236073334;0;21.102125236073334;21.102125236073334
822;31.50;13.50;True;False;False;False;711;52.50;10.50;True;False;False;False;4;26.779585729381097;12.970976670464378;23.164070082246326;31.75520036173839
822;31.50;13.50;True;False;False;False;724;21.50;11.50;True;False;False;False;1;14.781569680544635;0;14.781569680544635;14.781569680544635
822;31.50;13.50;True;False;False;False;727;24.50;11.50;True;False;False;False;3;13.237438141938279;0.14452270659680072;12.802686396720674;13.50740580686761
822;31.50;13.50;True;False;False;False;728;25.50;11.50;True;False;False;False;1;29.876851054741564;0;29.876851054741564;29.876851054741564
822;31.50;13.50;True;False;False;False;729;26.50;11.50;True;False;False;False;2;17.791370103121153;77.8411854761903;11.552733013331817;24.03000719291049
822;31.50;13.50;True;False;False;False;730;27.50;11.50;True;False;False;False;1;11.635187582824074;0;11.635187582824074;11.635187582824074
822;31.50;13.50;True;False;False;False;737;34.50;11.50;True;False;False;False;4;11.062272719125758;1.3256333798389592;10.181076734366798;12.754812417175344
822;31.50;13.50;True;False;False;False;738;35.50;11.50;True;False;False;False;1;11.911486276761934;0;11.911486276761934;11.911486276761934
822;31.50;13.50;True;False;False;False;740;37.50;11.50;True;False;False;False;2;12.648293772357647;0.11213791611152468;12.411504925374174;12.88508261934112
822;31.50;13.50;True;False;False;False;745;42.50;11.50;True;False;False;False;1;19.67108130972838;0;19.67108130972838;19.67108130972838
822;31.50;13.50;True;False;False;False;747;44.50;11.50;True;False;False;False;2;17.948954570335445;0.6416718198734851;17.38253078028356;18.51537836038733
822;31.50;13.50;True;False;False;False;748;45.50;11.50;True;False;False;False;2;17.89481641535167;0.8399509648295229;17.24676126151462;18.54287156918872
822;31.50;13.50;True;False;False;False;749;46.50;11.50;True;False;False;False;3;18.901606804516025;0.6208405540811278;18.156847860025664;19.726580068181647
822;31.50;13.50;True;False;False;False;750;47.50;11.50;True;False;False;False;2;18.98110751464992;0.0033194205523983055;18.940367972725653;19.021847056574188
822;31.50;13.50;True;False;False;False;752;49.50;11.50;True;False;False;False;2;35.83583252988865;474.94749146248523;20.425649346965656;51.24601571281164
822;31.50;13.50;True;False;False;False;753;50.50;11.50;True;False;False;False;1;21.043148160848432;0;21.043148160848432;21.043148160848432
822;31.50;13.50;True;False;False;False;754;51.50;11.50;True;False;False;False;1;21.92185424948184;0;21.92185424948184;21.92185424948184
822;31.50;13.50;True;False;False;False;755;52.50;11.50;True;False;False;False;1;22.24176045807326;0;22.24176045807326;22.24176045807326
822;31.50;13.50;True;False;False;False;806;15.50;13.50;True;False;False;False;1;20.891666666662786;0;20.891666666662786;20.891666666662786
822;31.50;13.50;True;False;False;False;811;20.50;13.50;True;False;False;False;1;28.13098743225055;0;28.13098743225055;28.13098743225055
822;31.50;13.50;True;False;False;False;816;25.50;13.50;True;False;False;False;1;7.185281374237093;0;7.185281374237093;7.185281374237093
822;31.50;13.50;True;False;False;False;821;30.50;13.50;True;False;False;False;1;4.4779621658685755;0;4.4779621658685755;4.4779621658685755
822;31.50;13.50;True;False;False;False;823;32.50;13.50;True;False;False;False;3;3.8209895184445486;0.04969196212449005;3.5713018886708596;4
822;31.50;13.50;True;False;False;False;826;35.50;13.50;True;False;False;False;2;6.66398394638054;0.0029390830244876804;6.625649346966384;6.7023185457946965
822;31.50;13.50;True;False;False;False;828;37.50;13.50;True;False;False;False;2;11.2747206248564;18.275480875643552;8.251851054758845;14.297590194953955
822;31.50;13.50;True;False;False;False;830;39.50;13.50;True;False;False;False;4;11.34419191274992;11.782756029925185;9.456204902522586;16.48898268030098
822;31.50;13.50;True;False;False;False;831;40.50;13.50;True;False;False;False;1;10.116485473288776;0;10.116485473288776;10.116485473288776
822;31.50;13.50;True;False;False;False;833;42.50;13.50;True;False;False;False;6;11.384233858802265;0.1104208034880156;10.954444444450928;11.909800422608896
822;31.50;13.50;True;False;False;False;835;44.50;13.50;True;False;False;False;1;12.651111111112186;0;12.651111111112186;12.651111111112186
822;31.50;13.50;True;False;False;False;836;45.50;13.50;True;False;False;False;2;13.179977396221602;0.3164902871321239;12.782177014665649;13.577777777777555
822;31.50;13.50;True;False;False;False;837;46.50;13.50;True;False;False;False;5;17.600563391215655;54.800390456517704;13.924535041114723;30.8347226239448
822;31.50;13.50;True;False;False;False;838;47.50;13.50;True;False;False;False;2;23.178930713538648;115.63655027016625;15.575097789605934;30.782763637471362
822;31.50;13.50;True;False;False;False;840;49.50;13.50;True;False;False;False;2;26.704022383080883;17.45368973984063;23.749899015663686;29.65814575049808
822;31.50;13.50;True;False;False;False;841;50.50;13.50;True;False;False;False;3;18.968981347568842;11.243180064549666;16.948426321288935;22.83953823585398
822;31.50;13.50;True;False;False;False;842;51.50;13.50;True;False;False;False;6;21.058784438846185;19.0704572613272;17.34370130606112;26.965555555565516
822;31.50;13.50;True;False;False;False;843;52.50;13.50;True;False;False;False;7;25.22433679786809;40.48871672721775;18.024982419454318;36.9936147075623
822;31.50;13.50;True;False;False;False;849;14.50;14.50;True;False;False;False;1;23.87777858120171;0;23.87777858120171;23.87777858120171
822;31.50;13.50;True;False;False;False;865;30.50;14.50;True;False;False;False;1;6.4914862767618615;0;6.4914862767618615;6.4914862767618615
822;31.50;13.50;True;False;False;False;866;31.50;14.50;True;False;False;False;2;4.056574874345188;1.573002495069958;3.1697258186795807;4.943423930010795
822;31.50;13.50;True;False;False;False;867;32.50;14.50;True;False;False;False;2;7.1728001695323655;0.005555251073585054;7.120096986167482;7.225503352897249
822;31.50;13.50;True;False;False;False;869;34.50;14.50;True;False;False;False;2;9.469675326514334;0.04825150838685732;9.314350653028669;9.625
822;31.50;13.50;True;False;False;False;872;37.50;14.50;True;False;False;False;2;14.676853044304153;12.832765124089514;12.143795097465045;17.20991099114326
822;31.50;13.50;True;False;False;False;874;39.50;14.50;True;False;False;False;3;12.343763833669678;0.23366730699207594;11.853607514649411;12.820093791411637
822;31.50;13.50;True;False;False;False;875;40.50;14.50;True;False;False;False;2;18.603798693935005;2.3737801456846226;17.51435384776687;19.69324354010314
822;31.50;13.50;True;False;False;False;877;42.50;14.50;True;False;False;False;1;15.461666666666133;0;15.461666666666133;15.461666666666133
822;31.50;13.50;True;False;False;False;879;44.50;14.50;True;False;False;False;2;15.602501999089782;0.26282003110246976;15.239996805263218;15.965007192916346
822;31.50;13.50;True;False;False;False;880;45.50;14.50;True;False;False;False;1;16.97184337120234;0;16.97184337120234;16.97184337120234
822;31.50;13.50;True;False;False;False;884;49.50;14.50;True;False;False;False;2;19.511944444444453;0.11255217809908723;19.274718625762034;19.74917026312687
822;31.50;13.50;True;False;False;False;887;52.50;14.50;True;False;False;False;3;21.75246860227806;0.3879307981984092;21.06323954191612;22.274996805241244
822;31.50;13.50;True;False;False;False;952;29.50;16.50;True;False;False;False;2;9.649211563279323;0.2777203812168171;9.276572071802093;10.021851054756553
822;31.50;13.50;True;False;False;False;953;30.50;16.50;True;False;False;False;1;9.131014124955982;0;9.131014124955982;9.131014124955982
822;31.50;13.50;True;False;False;False;954;31.50;16.50;True;False;False;False;1;5.860177195164397;0;5.860177195164397;5.860177195164397
822;31.50;13.50;True;False;False;False;955;32.50;16.50;True;False;False;False;2;10.700976161482231;5.887346937899361;8.98526247063819;12.416689852326272
822;31.50;13.50;True;False;False;False;958;35.50;16.50;True;False;False;False;1;12.571021317889972;0;12.571021317889972;12.571021317889972
822;31.50;13.50;True;False;False;False;960;37.50;16.50;True;False;False;False;2;13.095600853885117;0.0790004255277145;12.896854249476746;13.294347458293487
822;31.50;13.50;True;False;False;False;962;39.50;16.50;True;False;False;False;2;16.523984277667523;4.129068108657993;15.08713562372759;17.960832931607456
822;31.50;13.50;True;False;False;False;963;40.50;16.50;True;False;False;False;1;16.40796696749021;0;16.40796696749021;16.40796696749021
822;31.50;13.50;True;False;False;False;965;42.50;16.50;True;False;False;False;1;16.938888888882502;0;16.938888888882502;16.938888888882502
822;31.50;13.50;True;False;False;False;968;45.50;16.50;True;False;False;False;1;19.5328683744483;0;19.5328683744483;19.5328683744483
822;31.50;13.50;True;False;False;False;970;47.50;16.50;True;False;False;False;1;19.877777777777965;0;19.877777777777965;19.877777777777965
822;31.50;13.50;True;False;False;False;972;49.50;16.50;True;False;False;False;2;21.469765923190607;0.8654676591524374;20.811940847979713;22.1275909984015
822;31.50;13.50;True;False;False;False;973;50.50;16.50;True;False;False;False;1;22.132034639394988;0;22.132034639394988;22.132034639394988
822;31.50;13.50;True;False;False;False;975;52.50;16.50;True;False;False;False;3;23.625680878585626;0.1783685867969179;23.168617902307233;24.00148308202006
822;31.50;13.50;True;False;False;False;989;22.50;17.50;True;False;False;False;1;16.41388888889196;0;16.41388888889196;16.41388888889196
822;31.50;13.50;True;False;False;False;991;24.50;17.50;True;False;False;False;1;15.196201707785804;0;15.196201707785804;15.196201707785804
822;31.50;13.50;True;False;False;False;992;25.50;17.50;True;False;False;False;1;15.619347458294214;0;15.619347458294214;15.619347458294214
822;31.50;13.50;True;False;False;False;993;26.50;17.50;True;False;False;False;1;14.203885694150813;0;14.203885694150813;14.203885694150813
822;31.50;13.50;True;False;False;False;999;32.50;17.50;True;False;False;False;2;11.40994910612244;2.6836709844769486;10.251572875255079;12.568325336989801
822;31.50;13.50;True;False;False;False;1002;35.50;17.50;True;False;False;False;1;12.578642675809533;0;12.578642675809533;12.578642675809533
822;31.50;13.50;True;False;False;False;1004;37.50;17.50;True;False;False;False;3;14.061805673034845;0.16834174008901345;13.753152943428177;14.527406610312028
822;31.50;13.50;True;False;False;False;1006;39.50;17.50;True;False;False;False;1;15.661760458080607;0;15.661760458080607;15.661760458080607
822;31.50;13.50;True;False;False;False;1007;40.50;17.50;True;False;False;False;2;19.583800291300577;24.886535038860785;16.05629869393306;23.111301888668095
822;31.50;13.50;True;False;False;False;1009;42.50;17.50;True;False;False;False;2;19.260604852069605;3.9937057759023404;17.847504399889658;20.67370530424955
822;31.50;13.50;True;False;False;False;1011;44.50;17.50;True;False;False;False;4;18.93876814322755;0.26213888152374587;18.425657343340845;19.48931743999856
822;31.50;13.50;True;False;False;False;1012;45.50;17.50;True;False;False;False;1;19.786208900710335;0;19.786208900710335;19.786208900710335
822;31.50;13.50;True;False;False;False;1014;47.50;17.50;True;False;False;False;2;22.444200986052806;7.955862386508104;20.44972581868319;24.43867615342242
822;31.50;13.50;True;False;False;False;1016;49.50;17.50;True;False;False;False;3;22.07138418066461;0.18092534635059793;21.735086419830623;22.549538235867658
822;31.50;13.50;True;False;False;False;1017;50.50;17.50;True;False;False;False;2;25.410977616908895;10.638459957686349;23.10463202727078;27.717323206547007
822;31.50;13.50;True;False;False;False;1018;51.50;17.50;True;False;False;False;3;29.92203334729129;63.973927078129854;23.40972581868482;38.84972262393785
822;31.50;13.50;True;False;False;False;1019;52.50;17.50;True;False;False;False;2;24.212036638487007;0.2494311789804439;23.858885694144192;24.56518758282982
822;31.50;13.50;True;False;False;False;1077;22.50;19.50;True;False;False;False;1;18.109260075456405;0;18.109260075456405;18.109260075456405
822;31.50;13.50;True;False;False;False;1081;26.50;19.50;True;False;False;False;1;16.905659734620713;0;16.905659734620713;16.905659734620713
822;31.50;13.50;True;False;False;False;1094;39.50;19.50;True;False;False;False;1;17.31500719291944;0;17.31500719291944;17.31500719291944
822;31.50;13.50;True;False;False;False;1101;46.50;19.50;True;False;False;False;2;21.91466572330137;0.10052265006431364;21.690475346540552;22.138856100062185
822;31.50;13.50;True;False;False;False;1102;47.50;19.50;True;False;False;False;2;21.748361051117172;0.5900817745207113;21.20518438808722;22.291537714147125
822;31.50;13.50;True;False;False;False;1104;49.50;19.50;True;False;False;False;2;23.878833996830508;0.11120744890846068;23.643029576909612;24.114638416751404
822;31.50;13.50;True;False;False;False;1105;50.50;19.50;True;False;False;False;3;24.249782753915497;0.42228203441468926;23.644073276978816;24.93619851305266
822;31.50;13.50;True;False;False;False;1106;51.50;19.50;True;False;False;False;1;28.232683986359916;0;28.232683986359916;28.232683986359916
822;31.50;13.50;True;False;False;False;1107;52.50;19.50;True;False;False;False;2;25.464630831636896;0.4711680190760295;24.979260859823626;25.950000803450166
822;31.50;13.50;True;False;False;False;1125;26.50;20.50;True;False;False;False;1;18.499447639182108;0;18.499447639182108;18.499447639182108
822;31.50;13.50;True;False;False;False;1126;27.50;20.50;True;False;False;False;1;14.977978139545257;0;14.977978139545257;14.977978139545257
822;31.50;13.50;True;False;False;False;1128;29.50;20.50;True;False;False;False;1;25.856595257466324;0;25.856595257466324;25.856595257466324
822;31.50;13.50;True;False;False;False;1136;37.50;20.50;True;False;False;False;2;18.614353446041605;12.505592145477543;16.113794294024046;21.114912598059163
822;31.50;13.50;True;False;False;False;1138;39.50;20.50;True;False;False;False;1;17.802225416960937;0;17.802225416960937;17.802225416960937
822;31.50;13.50;True;False;False;False;1151;52.50;20.50;True;False;False;False;3;28.085122657574175;11.169625101097916;25.89222222221906;31.93166666666366
822;31.50;13.50;True;False;False;False;1214;27.50;22.50;True;False;False;False;1;15.741475889106368;0;15.741475889106368;15.741475889106368
822;31.50;13.50;True;False;False;False;1216;29.50;22.50;True;False;False;False;1;14.631204902524587;0;14.631204902524587;14.631204902524587
822;31.50;13.50;True;False;False;False;1217;30.50;22.50;True;False;False;False;1;17.39065015041706;0;17.39065015041706;17.39065015041706
822;31.50;13.50;True;False;False;False;1219;32.50;22.50;True;False;False;False;1;14.31638929060955;0;14.31638929060955;14.31638929060955
822;31.50;13.50;True;False;False;False;1229;42.50;22.50;True;False;False;False;1;21.18620090433251;0;21.18620090433251;21.18620090433251
822;31.50;13.50;True;False;False;False;1234;47.50;22.50;True;False;False;False;1;32.7777777777701;0;32.7777777777701;32.7777777777701
822;31.50;13.50;True;False;False;False;1236;49.50;22.50;True;False;False;False;2;25.442592194040117;0.03078894951102046;25.318517721421813;25.56666666665842
822;31.50;13.50;True;False;False;False;1239;52.50;22.50;True;False;False;False;1;27.44711336338878;0;27.44711336338878;27.44711336338878
822;31.50;13.50;True;False;False;False;1240;9.50;23.50;True;False;False;False;1;28.268888888887886;0;28.268888888887886;28.268888888887886
822;31.50;13.50;True;False;False;False;1255;24.50;23.50;True;False;False;False;1;28.744832933007274;0;28.744832933007274;28.744832933007274
822;31.50;13.50;True;False;False;False;1263;32.50;23.50;True;False;False;False;1;24.64209939457578;0;24.64209939457578;24.64209939457578
822;31.50;13.50;True;False;False;False;1266;35.50;23.50;True;False;False;False;1;16.744913401515078;0;16.744913401515078;16.744913401515078
822;31.50;13.50;True;False;False;False;1273;42.50;23.50;True;False;False;False;2;21.5061123067444;0.002210531753871243;21.472866767540836;21.53935784594796
822;31.50;13.50;True;False;False;False;1276;45.50;23.50;True;False;False;False;3;25.29466089342107;7.95477800521356;23.116295499197804;28.480464958865923
822;31.50;13.50;True;False;False;False;1278;47.50;23.50;True;False;False;False;1;25.302038637571968;0;25.302038637571968;25.302038637571968
822;31.50;13.50;True;False;False;False;1280;49.50;23.50;True;False;False;False;1;26.389260056354033;0;26.389260056354033;26.389260056354033
822;31.50;13.50;True;False;False;False;1281;50.50;23.50;True;False;False;False;1;29.3812089007115;0;29.3812089007115;29.3812089007115
822;31.50;13.50;True;False;False;False;1282;51.50;23.50;True;False;False;False;2;27.463981867327675;0.16498955043864313;27.176762830320513;27.751200904334837
822;31.50;13.50;True;False;False;False;1351;32.50;25.50;True;False;False;False;1;15.256427665594856;0;15.256427665594856;15.256427665594856
822;31.50;13.50;True;False;False;False;1353;34.50;25.50;True;False;False;False;1;17.274357845950817;0;17.274357845950817;17.274357845950817
822;31.50;13.50;True;False;False;False;1361;42.50;25.50;True;False;False;False;1;22.838888888885776;0;22.838888888885776;22.838888888885776
822;31.50;13.50;True;False;False;False;1364;45.50;25.50;True;False;False;False;1;24.602781775965013;0;24.602781775965013;24.602781775965013
822;31.50;13.50;True;False;False;False;1365;46.50;25.50;True;False;False;False;2;25.543245931385627;0.1402580007014846;25.278427124744667;25.808064738026587
822;31.50;13.50;True;False;False;False;1366;47.50;25.50;True;False;False;False;1;32.186111111106584;0;32.186111111106584;32.186111111106584
822;31.50;13.50;True;False;False;False;1369;50.50;25.50;True;False;False;False;2;31.162778179504585;28.361480248593264;27.397045830505704;34.928510528503466
822;31.50;13.50;True;False;False;False;1373;10.50;26.50;True;False;False;False;1;29.306479083836166;0;29.306479083836166;29.306479083836166
822;31.50;13.50;True;False;False;False;1392;29.50;26.50;True;False;False;False;1;22.6050937913933;0;22.6050937913933;22.6050937913933
822;31.50;13.50;True;False;False;False;1404;41.50;26.50;True;False;False;False;1;22.460613430219382;0;22.460613430219382;22.460613430219382
823;32.50;13.50;True;False;False;False;12;61.50;3.50;False;False;True;False;4;113.96025273732221;251.77869973496232;103.3656429574894;136.9863877027965
823;32.50;13.50;True;False;False;False;28;61.50;9.50;False;False;True;False;6;109.7766189770297;829.0197674067548;68.24287156918217;156.42981322062042
823;32.50;13.50;True;False;False;False;60;61.50;21.50;False;False;True;False;3;115.64256554086994;2849.939681923967;69.4006493469642;174.06513226917014
823;32.50;13.50;True;False;False;False;76;0.50;6.50;False;True;False;False;1;633.7594628284205;0;633.7594628284205;633.7594628284205
823;32.50;13.50;True;False;False;False;92;0.50;12.50;False;True;False;False;2;268.0885131892242;4.183997640764998;266.6421388184673;269.53488755998114
823;32.50;13.50;True;False;False;False;302;39.50;1.50;True;False;False;False;1;19.91537197090838;0;19.91537197090838;19.91537197090838
823;32.50;13.50;True;False;False;False;353;46.50;2.50;True;False;False;False;1;23.678614707572706;0;23.678614707572706;23.678614707572706
823;32.50;13.50;True;False;False;False;414;19.50;4.50;True;False;False;False;1;27.171948844345025;0;27.171948844345025;27.171948844345025
823;32.50;13.50;True;False;False;False;429;34.50;4.50;True;False;False;False;1;14.670649346975551;0;14.670649346975551;14.670649346975551
823;32.50;13.50;True;False;False;False;439;44.50;4.50;True;False;False;False;1;21.493144947053224;0;21.493144947053224;21.493144947053224
823;32.50;13.50;True;False;False;False;442;47.50;4.50;True;False;False;False;1;23.59509220356631;0;23.59509220356631;23.59509220356631
823;32.50;13.50;True;False;False;False;447;52.50;4.50;True;False;False;False;1;26.434539039305946;0;26.434539039305946;26.434539039305946
823;32.50;13.50;True;False;False;False;454;15.50;5.50;True;False;False;False;1;24.192691179287067;0;24.192691179287067;24.192691179287067
823;32.50;13.50;True;False;False;False;474;35.50;5.50;True;False;False;False;2;15.141065812768261;0.059795511143047105;14.968156138164659;15.313975487371863
823;32.50;13.50;True;False;False;False;479;40.50;5.50;True;False;False;False;1;21.445093791418913;0;21.445093791418913;21.445093791418913
823;32.50;13.50;True;False;False;False;481;42.50;5.50;True;False;False;False;1;18.350371167465028;0;18.350371167465028;18.350371167465028
823;32.50;13.50;True;False;False;False;488;49.50;5.50;True;False;False;False;1;23.81842393000943;0;23.81842393000943;23.81842393000943
823;32.50;13.50;True;False;False;False;537;10.50;7.50;True;False;False;False;1;26.066954430374608;0;26.066954430374608;26.066954430374608
823;32.50;13.50;True;False;False;False;559;32.50;7.50;True;False;False;False;1;10.13388888888585;0;10.13388888888585;10.13388888888585
823;32.50;13.50;True;False;False;False;561;34.50;7.50;True;False;False;False;1;12.701298693935314;0;12.701298693935314;12.701298693935314
823;32.50;13.50;True;False;False;False;566;39.50;7.50;True;False;False;False;2;16.209305756420463;0.033583576440696004;16.079722623951966;16.33888888888896
823;32.50;13.50;True;False;False;False;571;44.50;7.50;True;False;False;False;1;19.174545428777492;0;19.174545428777492;19.174545428777492
823;32.50;13.50;True;False;False;False;573;46.50;7.50;True;False;False;False;1;20.87777462113445;0;20.87777462113445;20.87777462113445
823;32.50;13.50;True;False;False;False;576;49.50;7.50;True;False;False;False;1;26.989538235855434;0;26.989538235855434;26.989538235855434
823;32.50;13.50;True;False;False;False;603;32.50;8.50;True;False;False;False;1;6.706651599241013;0;6.706651599241013;6.706651599241013
823;32.50;13.50;True;False;False;False;606;35.50;8.50;True;False;False;False;1;11.957034639396852;0;11.957034639396852;11.957034639396852
823;32.50;13.50;True;False;False;False;615;44.50;8.50;True;False;False;False;1;6.961355538704083;0;6.961355538704083;6.961355538704083
823;32.50;13.50;True;False;False;False;691;32.50;10.50;True;False;False;False;1;4.659542234046967;0;4.659542234046967;4.659542234046967
823;32.50;13.50;True;False;False;False;696;37.50;10.50;True;False;False;False;1;12.62688539339888;0;12.62688539339888;12.62688539339888
823;32.50;13.50;True;False;False;False;698;39.50;10.50;True;False;False;False;1;14.422865179717974;0;14.422865179717974;14.422865179717974
823;32.50;13.50;True;False;False;False;703;44.50;10.50;True;False;False;False;1;18.11036877618244;0;18.11036877618244;18.11036877618244
823;32.50;13.50;True;False;False;False;705;46.50;10.50;True;False;False;False;1;18.562677596892172;0;18.562677596892172;18.562677596892172
823;32.50;13.50;True;False;False;False;711;52.50;10.50;True;False;False;False;1;23.026118304031115;0;23.026118304031115;23.026118304031115
823;32.50;13.50;True;False;False;False;724;21.50;11.50;True;False;False;False;1;21.33456061803372;0;21.33456061803372;21.33456061803372
823;32.50;13.50;True;False;False;False;725;22.50;11.50;True;False;False;False;1;15.239538235859072;0;15.239538235859072;15.239538235859072
823;32.50;13.50;True;False;False;False;727;24.50;11.50;True;False;False;False;1;20.339778040379315;0;20.339778040379315;20.339778040379315
823;32.50;13.50;True;False;False;False;733;30.50;11.50;True;False;False;False;2;9.520786839351786;0.10832435290607684;9.288059152015194;9.753514526688377
823;32.50;13.50;True;False;False;False;738;35.50;11.50;True;False;False;False;1;9.535555555555675;0;9.535555555555675;9.535555555555675
823;32.50;13.50;True;False;False;False;739;36.50;11.50;True;False;False;False;1;21.428049567792186;0;21.428049567792186;21.428049567792186
823;32.50;13.50;True;False;False;False;740;37.50;11.50;True;False;False;False;2;12.21375570709074;0.976732099038525;11.514923789159639;12.912587625021843
823;32.50;13.50;True;False;False;False;747;44.50;11.50;True;False;False;False;2;16.546764848464136;0.11787783525283399;16.303991461070837;16.789538235857435
823;32.50;13.50;True;False;False;False;748;45.50;11.50;True;False;False;False;1;17.589079666452562;0;17.589079666452562;17.589079666452562
823;32.50;13.50;True;False;False;False;753;50.50;11.50;True;False;False;False;1;20.336474282225026;0;20.336474282225026;20.336474282225026
823;32.50;13.50;True;False;False;False;754;51.50;11.50;True;False;False;False;1;29.65084492617825;0;29.65084492617825;29.65084492617825
823;32.50;13.50;True;False;False;False;818;27.50;13.50;True;False;False;False;1;14.234893429635122;0;14.234893429635122;14.234893429635122
823;32.50;13.50;True;False;False;False;820;29.50;13.50;True;False;False;False;1;5.516070883772045;0;5.516070883772045;5.516070883772045
823;32.50;13.50;True;False;False;False;821;30.50;13.50;True;False;False;False;1;13.087586196768825;0;13.087586196768825;13.087586196768825
823;32.50;13.50;True;False;False;False;822;31.50;13.50;True;False;False;False;2;4.933243138380931;5.101062253580561;3.3362049025236047;6.530281374238257
823;32.50;13.50;True;False;False;False;825;34.50;13.50;True;False;False;False;1;5.819177928122372;0;5.819177928122372;5.819177928122372
823;32.50;13.50;True;False;False;False;826;35.50;13.50;True;False;False;False;1;5.89750279300938;0;5.89750279300938;5.89750279300938
823;32.50;13.50;True;False;False;False;828;37.50;13.50;True;False;False;False;1;8.558892887074762;0;8.558892887074762;8.558892887074762
823;32.50;13.50;True;False;False;False;830;39.50;13.50;True;False;False;False;2;8.683932207180078;0.16103377044938624;8.400177233259456;8.9676871811007
823;32.50;13.50;True;False;False;False;832;41.50;13.50;True;False;False;False;1;10.166475889105527;0;10.166475889105527;10.166475889105527
823;32.50;13.50;True;False;False;False;833;42.50;13.50;True;False;False;False;2;10.920046895704218;2.332597414956194;9.840093791408435;12
823;32.50;13.50;True;False;False;False;835;44.50;13.50;True;False;False;False;1;12.582387544705853;0;12.582387544705853;12.582387544705853
823;32.50;13.50;True;False;False;False;836;45.50;13.50;True;False;False;False;1;12.463888888887595;0;12.463888888887595;12.463888888887595
823;32.50;13.50;True;False;False;False;837;46.50;13.50;True;False;False;False;1;13.600811352909659;0;13.600811352909659;13.600811352909659
823;32.50;13.50;True;False;False;False;838;47.50;13.50;True;False;False;False;2;13.832400613033542;0.11689508194967632;13.590641350594979;14.074159875472105
823;32.50;13.50;True;False;False;False;841;50.50;13.50;True;False;False;False;3;17.73280904158067;4.941081291586608;16.22833013860145;20.286017319689563
823;32.50;13.50;True;False;False;False;842;51.50;13.50;True;False;False;False;1;16.809544625327817;0;16.809544625327817;16.809544625327817
823;32.50;13.50;True;False;False;False;843;52.50;13.50;True;False;False;False;1;17.360652541703985;0;17.360652541703985;17.360652541703985
823;32.50;13.50;True;False;False;False;846;11.50;14.50;True;False;False;False;1;29.31285650177233;0;29.31285650177233;29.31285650177233
823;32.50;13.50;True;False;False;False;847;12.50;14.50;True;False;False;False;1;20.617396222667594;0;20.617396222667594;20.617396222667594
823;32.50;13.50;True;False;False;False;864;29.50;14.50;True;False;False;False;1;14.559177456039833;0;14.559177456039833;14.559177456039833
823;32.50;13.50;True;False;False;False;870;35.50;14.50;True;False;False;False;1;8.91055555555522;0;8.91055555555522;8.91055555555522
823;32.50;13.50;True;False;False;False;875;40.50;14.50;True;False;False;False;1;17.151017319702078;0;17.151017319702078;17.151017319702078
823;32.50;13.50;True;False;False;False;882;47.50;14.50;True;False;False;False;1;17.1568478600218;0;17.1568478600218;17.1568478600218
823;32.50;13.50;True;False;False;False;884;49.50;14.50;True;False;False;False;1;20.173979485560267;0;20.173979485560267;20.173979485560267
823;32.50;13.50;True;False;False;False;887;52.50;14.50;True;False;False;False;2;20.094862105881475;0.20038092771278265;19.778333333324554;20.411390878438397
823;32.50;13.50;True;False;False;False;945;22.50;16.50;True;False;False;False;1;16.25824593139623;0;16.25824593139623;16.25824593139623
823;32.50;13.50;True;False;False;False;957;34.50;16.50;True;False;False;False;1;10.88119851304873;0;10.88119851304873;10.88119851304873
823;32.50;13.50;True;False;False;False;962;39.50;16.50;True;False;False;False;2;13.913940978421124;1.0186109414977556;13.200284568971256;14.627597387870992
823;32.50;13.50;True;False;False;False;967;44.50;16.50;True;False;False;False;1;18.830367972730073;0;18.830367972730073;18.830367972730073
823;32.50;13.50;True;False;False;False;975;52.50;16.50;True;False;False;False;1;23.087586196765642;0;23.087586196765642;23.087586196765642
823;32.50;13.50;True;False;False;False;988;21.50;17.50;True;False;False;False;1;17.209163070197974;0;17.209163070197974;17.209163070197974
823;32.50;13.50;True;False;False;False;998;31.50;17.50;True;False;False;False;1;14.669365842321895;0;14.669365842321895;14.669365842321895
823;32.50;13.50;True;False;False;False;1004;37.50;17.50;True;False;False;False;1;15.756204902521858;0;15.756204902521858;15.756204902521858
823;32.50;13.50;True;False;False;False;1006;39.50;17.50;True;False;False;False;3;14.709280396861383;0.16040818662414008;14.254910206773275;15.011091120168203
823;32.50;13.50;True;False;False;False;1008;41.50;17.50;True;False;False;False;2;16.13657127788872;0.22433503659172313;15.801657082465681;16.47148547331176
823;32.50;13.50;True;False;False;False;1014;47.50;17.50;True;False;False;False;2;26.727272714386345;74.66084954184328;20.61740980504692;32.83713562372577
823;32.50;13.50;True;False;False;False;1017;50.50;17.50;True;False;False;False;1;22.472219027480605;0;22.472219027480605;22.472219027480605
823;32.50;13.50;True;False;False;False;1019;52.50;17.50;True;False;False;False;2;26.944492937518817;26.88007708716277;23.27842712474603;30.610558750291602
823;32.50;13.50;True;False;False;False;1089;34.50;19.50;True;False;False;False;1;12.504719429212741;0;12.504719429212741;12.504719429212741
823;32.50;13.50;True;False;False;False;1105;50.50;19.50;True;False;False;False;1;23.178429477935424;0;23.178429477935424;23.178429477935424
823;32.50;13.50;True;False;False;False;1278;47.50;23.50;True;False;False;False;1;23.956016516247928;0;23.956016516247928;23.956016516247928
823;32.50;13.50;True;False;False;False;1363;44.50;25.50;True;False;False;False;1;23.62648627676299;0;23.62648627676299;23.62648627676299
823;32.50;13.50;True;False;False;False;1403;40.50;26.50;True;False;False;False;1;21.33943325335349;0;21.33943325335349;21.33943325335349
825;34.50;13.50;True;False;False;False;12;61.50;3.50;False;False;True;False;2;90.07487129790297;19.634777550658573;86.94160004004334;93.2081425557626
825;34.50;13.50;True;False;False;False;28;61.50;9.50;False;False;True;False;3;99.40528606542587;744.6173349034588;74.87168712969651;128.7950008034495
825;34.50;13.50;True;False;False;False;92;0.50;12.50;False;True;False;False;1;268.5048414872763;0;268.5048414872763;268.5048414872763
825;34.50;13.50;True;False;False;False;124;0.50;24.50;False;True;False;False;3;578.160878675751;600.3167342548555;560.6998356027943;606.1696448252151
825;34.50;13.50;True;False;False;False;484;45.50;5.50;True;False;False;False;1;19.498807092002608;0;19.498807092002608;19.498807092002608
825;34.50;13.50;True;False;False;False;559;32.50;7.50;True;False;False;False;1;12.610087401935743;0;12.610087401935743;12.610087401935743
825;34.50;13.50;True;False;False;False;561;34.50;7.50;True;False;False;False;1;10.583333333333336;0;10.583333333333336;10.583333333333336
825;34.50;13.50;True;False;False;False;706;47.50;10.50;True;False;False;False;1;18.557312818900755;0;18.557312818900755;18.557312818900755
825;34.50;13.50;True;False;False;False;750;47.50;11.50;True;False;False;False;1;17.402773779596828;0;17.402773779596828;17.402773779596828
825;34.50;13.50;True;False;False;False;752;49.50;11.50;True;False;False;False;1;19.82587876385287;0;19.82587876385287;19.82587876385287
825;34.50;13.50;True;False;False;False;755;52.50;11.50;True;False;False;False;1;21.611291501015103;0;21.611291501015103;21.611291501015103
825;34.50;13.50;True;False;False;False;821;30.50;13.50;True;False;False;False;1;6.427409805048228;0;6.427409805048228;6.427409805048228
825;34.50;13.50;True;False;False;False;822;31.50;13.50;True;False;False;False;2;6.336298292200809;0.9859787674536729;5.6341662649247155;7.038430319476902
825;34.50;13.50;True;False;False;False;823;32.50;13.50;True;False;False;False;1;5.821281916800217;0;5.821281916800217;5.821281916800217
825;34.50;13.50;True;False;False;False;874;39.50;14.50;True;False;False;False;1;12.56916626494126;0;12.56916626494126;12.56916626494126
825;34.50;13.50;True;False;False;False;973;50.50;16.50;True;False;False;False;1;20.31370849898485;0;20.31370849898485;20.31370849898485
825;34.50;13.50;True;False;False;False;1017;50.50;17.50;True;False;False;False;1;20.61594990868673;0;20.61594990868673;20.61594990868673
825;34.50;13.50;True;False;False;False;1099;44.50;19.50;True;False;False;False;1;18.423983483752863;0;18.423983483752863;18.423983483752863
825;34.50;13.50;True;False;False;False;1118;19.50;20.50;True;False;False;False;1;21.754903817298327;0;21.754903817298327;21.754903817298327
825;34.50;13.50;True;False;False;False;1231;44.50;22.50;True;False;False;False;1;20.48296935879;0;20.48296935879;20.48296935879
825;34.50;13.50;True;False;False;False;1237;50.50;22.50;True;False;False;False;1;24.88536716927922;0;24.88536716927922;24.88536716927922
825;34.50;13.50;True;False;False;False;1366;47.50;25.50;True;False;False;False;1;24.177236608065243;0;24.177236608065243;24.177236608065243
826;35.50;13.50;True;False;False;False;28;61.50;9.50;False;False;True;False;3;106.60321276496688;593.2748428565636;81.62204183230642;130.28444910519465
826;35.50;13.50;True;False;False;False;44;61.50;15.50;False;False;True;False;2;103.02190433993104;81.8004268074679;96.6265768734338;109.41723180642828
826;35.50;13.50;True;False;False;False;60;61.50;21.50;False;False;True;False;1;114.17491739968682;0;114.17491739968682;114.17491739968682
826;35.50;13.50;True;False;False;False;313;50.50;1.50;True;False;False;False;1;28.261760458077333;0;28.261760458077333;28.261760458077333
826;35.50;13.50;True;False;False;False;578;51.50;7.50;True;False;False;False;1;21.906580068174662;0;21.906580068174662;21.906580068174662
826;35.50;13.50;True;False;False;False;739;36.50;11.50;True;False;False;False;1;9.308832130056544;0;9.308832130056544;9.308832130056544
826;35.50;13.50;True;False;False;False;753;50.50;11.50;True;False;False;False;1;19.86629469575928;0;19.86629469575928;19.86629469575928
826;35.50;13.50;True;False;False;False;831;40.50;13.50;True;False;False;False;1;7.674705043449649;0;7.674705043449649;7.674705043449649
826;35.50;13.50;True;False;False;False;884;49.50;14.50;True;False;False;False;1;16.389621639609686;0;16.389621639609686;16.389621639609686
827;36.50;13.50;True;False;False;False;28;61.50;9.50;False;False;True;False;1;116.94316093978705;0;116.94316093978705;116.94316093978705
827;36.50;13.50;True;False;False;False;44;61.50;15.50;False;False;True;False;1;200.0367644562656;0;200.0367644562656;200.0367644562656
827;36.50;13.50;True;False;False;False;484;45.50;5.50;True;False;False;False;1;19.064260056351486;0;19.064260056351486;19.064260056351486
827;36.50;13.50;True;False;False;False;1077;22.50;19.50;True;False;False;False;1;20.27906608405101;0;20.27906608405101;20.27906608405101
828;37.50;13.50;True;False;False;False;12;61.50;3.50;False;False;True;False;2;151.3182443435362;311.88950681580275;138.83046017628294;163.80602851078947
828;37.50;13.50;True;False;False;False;28;61.50;9.50;False;False;True;False;8;96.22513166530527;433.8482226847734;79.66333733151961;137.45694484617343
828;37.50;13.50;True;False;False;False;44;61.50;15.50;False;False;True;False;6;93.02469056305958;423.092607916495;69.82971942920267;129.882893951426
828;37.50;13.50;True;False;False;False;60;61.50;21.50;False;False;True;False;2;133.53352691344662;3553.1363966078707;91.384171066602;175.68288276029125
828;37.50;13.50;True;False;False;False;92;0.50;12.50;False;True;False;False;1;296.20056994136576;0;296.20056994136576;296.20056994136576
828;37.50;13.50;True;False;False;False;317;10.50;2.50;True;False;False;False;1;31.976482278578715;0;31.976482278578715;31.976482278578715
828;37.50;13.50;True;False;False;False;479;40.50;5.50;True;False;False;False;1;15.06852091615292;0;15.06852091615292;15.06852091615292
828;37.50;13.50;True;False;False;False;723;20.50;11.50;True;False;False;False;1;19.019815611911326;0;19.019815611911326;19.019815611911326
828;37.50;13.50;True;False;False;False;734;31.50;11.50;True;False;False;False;2;12.093751396492735;0.24532390433877324;11.743520112668193;12.443982680317276
828;37.50;13.50;True;False;False;False;745;42.50;11.50;True;False;False;False;1;11.531385292422783;0;11.531385292422783;11.531385292422783
828;37.50;13.50;True;False;False;False;820;29.50;13.50;True;False;False;False;2;17.23470182962842;1.2260970715965083;16.451727669264073;18.017675989992767
828;37.50;13.50;True;False;False;False;821;30.50;13.50;True;False;False;False;1;8.388892083614337;0;8.388892083614337;8.388892083614337
828;37.50;13.50;True;False;False;False;822;31.50;13.50;True;False;False;False;2;9.772503194728415;7.799771339357305;7.797690375831735;11.747316013625095
828;37.50;13.50;True;False;False;False;823;32.50;13.50;True;False;False;False;1;7.071252341673244;0;7.071252341673244;7.071252341673244
828;37.50;13.50;True;False;False;False;830;39.50;13.50;True;False;False;False;1;4.929527848238649;0;4.929527848238649;4.929527848238649
828;37.50;13.50;True;False;False;False;870;35.50;14.50;True;False;False;False;1;8.23398268029996;0;8.23398268029996;8.23398268029996
828;37.50;13.50;True;False;False;False;997;30.50;17.50;True;False;False;False;1;14.979458205496485;0;14.979458205496485;14.979458205496485
828;37.50;13.50;True;False;False;False;1007;40.50;17.50;True;False;False;False;1;12.495829736866654;0;12.495829736866654;12.495829736866654
828;37.50;13.50;True;False;False;False;1094;39.50;19.50;True;False;False;False;1;13.267971750057768;0;13.267971750057768;13.267971750057768
828;37.50;13.50;True;False;False;False;1250;19.50;23.50;True;False;False;False;1;26.25546176413991;0;26.25546176413991;26.25546176413991
828;37.50;13.50;True;False;False;False;1354;35.50;25.50;True;False;False;False;1;16.085743138381076;0;16.085743138381076;16.085743138381076
830;39.50;13.50;True;False;False;False;12;61.50;3.50;False;False;True;False;1;132.90333813495454;0;132.90333813495454;132.90333813495454
830;39.50;13.50;True;False;False;False;28;61.50;9.50;False;False;True;False;6;93.82266060567142;617.36991989007;57.44359712702135;130.2546256377791
830;39.50;13.50;True;False;False;False;44;61.50;15.50;False;False;True;False;6;88.0663332895546;51.44854162144823;76.6387053042381;96.96769997908086
830;39.50;13.50;True;False;False;False;60;61.50;21.50;False;False;True;False;1;97.357683986349;0;97.357683986349;97.357683986349
830;39.50;13.50;True;False;False;False;76;0.50;6.50;False;True;False;False;2;571.1716954477688;0.012759444882769266;571.0918222830551;571.2515686124825
830;39.50;13.50;True;False;False;False;108;0.50;18.50;False;True;False;False;2;550.0650883330713;41.65091325264109;545.5015966187893;554.6285800473534
830;39.50;13.50;True;False;False;False;359;52.50;2.50;True;False;False;False;1;31.081194514868457;0;31.081194514868457;31.081194514868457
830;39.50;13.50;True;False;False;False;419;24.50;4.50;True;False;False;False;1;23.236023709170695;0;23.236023709170695;23.236023709170695
830;39.50;13.50;True;False;False;False;611;40.50;8.50;True;False;False;False;1;10.458982680300323;0;10.458982680300323;10.458982680300323
830;39.50;13.50;True;False;False;False;723;20.50;11.50;True;False;False;False;1;20.944722623957205;0;20.944722623957205;20.944722623957205
830;39.50;13.50;True;False;False;False;734;31.50;11.50;True;False;False;False;2;13.269765521466297;0.0008262173644314949;13.249440446258177;13.290090596674418
830;39.50;13.50;True;False;False;False;821;30.50;13.50;True;False;False;False;1;9.77591872665289;0;9.77591872665289;9.77591872665289
830;39.50;13.50;True;False;False;False;822;31.50;13.50;True;False;False;False;2;9.48149875281456;0.11975828592166804;9.236796601289825;9.726200904339294
830;39.50;13.50;True;False;False;False;865;30.50;14.50;True;False;False;False;1;20.726104721643424;0;20.726104721643424;20.726104721643424
830;39.50;13.50;True;False;False;False;866;31.50;14.50;True;False;False;False;1;12.895093791410545;0;12.895093791410545;12.895093791410545
830;39.50;13.50;True;False;False;False;874;39.50;14.50;True;False;False;False;1;4.218894493951666;0;4.218894493951666;4.218894493951666
830;39.50;13.50;True;False;False;False;884;49.50;14.50;True;False;False;False;1;16.14778497070438;0;16.14778497070438;16.14778497070438
830;39.50;13.50;True;False;False;False;933;10.50;16.50;True;False;False;False;1;29.080060757005413;0;29.080060757005413;29.080060757005413
830;39.50;13.50;True;False;False;False;1012;45.50;17.50;True;False;False;False;1;14.01999999999316;0;14.01999999999316;14.01999999999316
830;39.50;13.50;True;False;False;False;1071;16.50;19.50;True;False;False;False;1;33.181128691649064;0;33.181128691649064;33.181128691649064
830;39.50;13.50;True;False;False;False;1113;14.50;20.50;True;False;False;False;1;28.543920070893364;0;28.543920070893364;28.543920070893364
830;39.50;13.50;True;False;False;False;1361;42.50;25.50;True;False;False;False;1;17.17766726636546;0;17.17766726636546;17.17766726636546
831;40.50;13.50;True;False;False;False;28;61.50;9.50;False;False;True;False;7;96.99718688268338;1201.241254141557;36.041486276761134;150.82889873763997
831;40.50;13.50;True;False;False;False;44;61.50;15.50;False;False;True;False;2;99.84982720473477;1166.329265316117;75.70102531606835;123.99862909340118
831;40.50;13.50;True;False;False;False;60;61.50;21.50;False;False;True;False;3;136.2265178083738;867.2769930498664;103.12888330287751;159.53454623220568
831;40.50;13.50;True;False;False;False;76;0.50;6.50;False;True;False;False;1;567.9474872435494;0;567.9474872435494;567.9474872435494
831;40.50;13.50;True;False;False;False;92;0.50;12.50;False;True;False;False;1;269.0430663449006;0;269.0430663449006;269.0430663449006
831;40.50;13.50;True;False;False;False;461;22.50;5.50;True;False;False;False;1;24.75490701203489;0;24.75490701203489;24.75490701203489
831;40.50;13.50;True;False;False;False;734;31.50;11.50;True;False;False;False;3;14.938634616607791;0.07164976866110827;14.692653362326382;15.22370450080416
831;40.50;13.50;True;False;False;False;820;29.50;13.50;True;False;False;False;1;17.926298693942954;0;17.926298693942954;17.926298693942954
831;40.50;13.50;True;False;False;False;821;30.50;13.50;True;False;False;False;1;21.09259019495221;0;21.09259019495221;21.09259019495221
831;40.50;13.50;True;False;False;False;822;31.50;13.50;True;False;False;False;1;10.053705304258983;0;10.053705304258983;10.053705304258983
831;40.50;13.50;True;False;False;False;881;46.50;14.50;True;False;False;False;1;10.587316013634336;0;10.587316013634336;10.587316013634336
831;40.50;13.50;True;False;False;False;938;15.50;16.50;True;False;False;False;1;25.52702344829595;0;25.52702344829595;25.52702344829595
831;40.50;13.50;True;False;False;False;953;30.50;16.50;True;False;False;False;1;15.647777777772717;0;15.647777777772717;15.647777777772717
831;40.50;13.50;True;False;False;False;1100;45.50;19.50;True;False;False;False;1;16.525927526467058;0;16.525927526467058;16.525927526467058
831;40.50;13.50;True;False;False;False;1104;49.50;19.50;True;False;False;False;1;17.049732208153728;0;17.049732208153728;17.049732208153728
831;40.50;13.50;True;False;False;False;1151;52.50;20.50;True;False;False;False;1;19.80898268029705;0;19.80898268029705;19.80898268029705
831;40.50;13.50;True;False;False;False;1278;47.50;23.50;True;False;False;False;1;18.869628832532726;0;18.869628832532726;18.869628832532726
832;41.50;13.50;True;False;False;False;28;61.50;9.50;False;False;True;False;1;108.25471169720174;0;108.25471169720174;108.25471169720174
832;41.50;13.50;True;False;False;False;44;61.50;15.50;False;False;True;False;1;85.27548014812783;0;85.27548014812783;85.27548014812783
832;41.50;13.50;True;False;False;False;821;30.50;13.50;True;False;False;False;1;17.920093791412;0;17.920093791412;17.920093791412
832;41.50;13.50;True;False;False;False;1135;36.50;20.50;True;False;False;False;1;14.947128430803787;0;14.947128430803787;14.947128430803787
833;42.50;13.50;True;False;False;False;12;61.50;3.50;False;False;True;False;6;123.41188982657786;1667.1414283109923;82.97815294342035;193.16279033023966
833;42.50;13.50;True;False;False;False;28;61.50;9.50;False;False;True;False;5;93.74055507730154;121.68549197852711;85.05731281890007;110.32556355193447
833;42.50;13.50;True;False;False;False;44;61.50;15.50;False;False;True;False;5;105.12583709047075;435.5287170981835;80.24056274847908;137.6632427366203
833;42.50;13.50;True;False;False;False;60;61.50;21.50;False;False;True;False;3;107.50472368885539;649.5652895191165;83.62342712473765;134.33926485798747
833;42.50;13.50;True;False;False;False;307;44.50;1.50;True;False;False;False;1;16.573246734841632;0;16.573246734841632;16.573246734841632
833;42.50;13.50;True;False;False;False;352;45.50;2.50;True;False;False;False;1;16.977336807962274;0;16.977336807962274;16.977336807962274
833;42.50;13.50;True;False;False;False;459;20.50;5.50;True;False;False;False;1;27.526399678270536;0;27.526399678270536;27.526399678270536
833;42.50;13.50;True;False;False;False;481;42.50;5.50;True;False;False;False;1;8.671017319698876;0;8.671017319698876;8.671017319698876
833;42.50;13.50;True;False;False;False;610;39.50;8.50;True;False;False;False;1;12.6700921844822;0;12.6700921844822;12.6700921844822
833;42.50;13.50;True;False;False;False;733;30.50;11.50;True;False;False;False;1;27.354545428778806;0;27.354545428778806;27.354545428778806
833;42.50;13.50;True;False;False;False;820;29.50;13.50;True;False;False;False;3;21.349167865486;2.313676128419904;19.645923528281855;22.57213242899661
833;42.50;13.50;True;False;False;False;821;30.50;13.50;True;False;False;False;1;18.538059152015194;0;18.538059152015194;18.538059152015194
833;42.50;13.50;True;False;False;False;822;31.50;13.50;True;False;False;False;3;10.760714540027644;0.0019368911852418549;10.719721820498307;10.807222222219934
833;42.50;13.50;True;False;False;False;830;39.50;13.50;True;False;False;False;1;5.663888888891961;0;5.663888888891961;5.663888888891961
833;42.50;13.50;True;False;False;False;862;27.50;14.50;True;False;False;False;1;16.42222541695446;0;16.42222541695446;16.42222541695446
833;42.50;13.50;True;False;False;False;867;32.50;14.50;True;False;False;False;1;14.490652541695454;0;14.490652541695454;14.490652541695454
833;42.50;13.50;True;False;False;False;874;39.50;14.50;True;False;False;False;1;8.49083692979184;0;8.49083692979184;8.49083692979184
833;42.50;13.50;True;False;False;False;1069;14.50;19.50;True;False;False;False;1;29.480826542145223;0;29.480826542145223;29.480826542145223
833;42.50;13.50;True;False;False;False;1400;37.50;26.50;True;False;False;False;1;21.39027498476571;0;21.39027498476571;21.39027498476571
835;44.50;13.50;True;False;False;False;12;61.50;3.50;False;False;True;False;7;103.98005337097473;332.7180902695947;88.74528537241167;142.51315055214627
835;44.50;13.50;True;False;False;False;28;61.50;9.50;False;False;True;False;9;88.02771504644033;107.7604462300436;77.23872503045641;106.451394092197
835;44.50;13.50;True;False;False;False;44;61.50;15.50;False;False;True;False;2;94.92926445625653;259.92030967861456;83.52925766506087;106.3292712474522
835;44.50;13.50;True;False;False;False;60;61.50;21.50;False;False;True;False;2;118.16098880797881;1760.3070256064643;88.49360751465883;147.8283701012988
835;44.50;13.50;True;False;False;False;92;0.50;12.50;False;True;False;False;1;261.2607857758776;0;261.2607857758776;261.2607857758776
835;44.50;13.50;True;False;False;False;124;0.50;24.50;False;True;False;False;1;549.8151105685438;0;549.8151105685438;549.8151105685438
835;44.50;13.50;True;False;False;False;481;42.50;5.50;True;False;False;False;1;14.338972292647668;0;14.338972292647668;14.338972292647668
835;44.50;13.50;True;False;False;False;485;46.50;5.50;True;False;False;False;1;14.239815611916129;0;14.239815611916129;14.239815611916129
835;44.50;13.50;True;False;False;False;571;44.50;7.50;True;False;False;False;1;8.388378362108597;0;8.388378362108597;8.388378362108597
835;44.50;13.50;True;False;False;False;576;49.50;7.50;True;False;False;False;1;13.98239622265828;0;13.98239622265828;13.98239622265828
835;44.50;13.50;True;False;False;False;732;29.50;11.50;True;False;False;False;2;27.77396509024129;26.394392694027193;24.141170525857888;31.406759654624693
835;44.50;13.50;True;False;False;False;733;30.50;11.50;True;False;False;False;2;19.161899146104588;1.8291861263659568;18.205555555556202;20.118242736652974
835;44.50;13.50;True;False;False;False;734;31.50;11.50;True;False;False;False;1;17.620187582824656;0;17.620187582824656;17.620187582824656
835;44.50;13.50;True;False;False;False;754;51.50;11.50;True;False;False;False;1;13.216666666665333;0;13.216666666665333;13.216666666665333
835;44.50;13.50;True;False;False;False;755;52.50;11.50;True;False;False;False;1;14.25;0;14.25;14.25
835;44.50;13.50;True;False;False;False;822;31.50;13.50;True;False;False;False;3;13.699628564715871;3.8431666285630097;12.496201707785076;15.96176045807988
835;44.50;13.50;True;False;False;False;823;32.50;13.50;True;False;False;False;1;13.003326140416902;0;13.003326140416902;13.003326140416902
835;44.50;13.50;True;False;False;False;836;45.50;13.50;True;False;False;False;2;3.034673729149972;0.05903415980369796;2.862868374455047;3.206479083844897
835;44.50;13.50;True;False;False;False;843;52.50;13.50;True;False;False;False;1;8.523462285902497;0;8.523462285902497;8.523462285902497
835;44.50;13.50;True;False;False;False;867;32.50;14.50;True;False;False;False;1;14.58536797272609;0;14.58536797272609;14.58536797272609
835;44.50;13.50;True;False;False;False;1067;12.50;19.50;True;False;False;False;1;39.261936849798076;0;39.261936849798076;39.261936849798076
835;44.50;13.50;True;False;False;False;1276;45.50;23.50;True;False;False;False;1;14.0450857950309;0;14.0450857950309;14.0450857950309
835;44.50;13.50;True;False;False;False;1346;27.50;25.50;True;False;False;False;1;31.47417026313269;0;31.47417026313269;31.47417026313269
836;45.50;13.50;True;False;False;False;12;61.50;3.50;False;False;True;False;4;100.9749118041293;814.2446720108348;64.73101412492906;132.25009379141193
836;45.50;13.50;True;False;False;False;28;61.50;9.50;False;False;True;False;8;100.20307800862497;490.2503538477886;67.95398268030112;126.2075004017247
836;45.50;13.50;True;False;False;False;44;61.50;15.50;False;False;True;False;1;55.90545457121516;0;55.90545457121516;55.90545457121516
836;45.50;13.50;True;False;False;False;60;61.50;21.50;False;False;True;False;3;111.47874038020927;1134.5221897075123;82.61064215405531;148.4848268030055
836;45.50;13.50;True;False;False;False;124;0.50;24.50;False;True;False;False;3;578.2616003673432;539.7323125830885;551.4425325467455;592.2054689187862
836;45.50;13.50;True;False;False;False;458;19.50;5.50;True;False;False;False;1;33.737658144866145;0;33.737658144866145;33.737658144866145
836;45.50;13.50;True;False;False;False;490;51.50;5.50;True;False;False;False;1;20.37863467943862;0;20.37863467943862;20.37863467943862
836;45.50;13.50;True;False;False;False;547;20.50;7.50;True;False;False;False;1;32.632409805049974;0;32.632409805049974;32.632409805049974
836;45.50;13.50;True;False;False;False;612;41.50;8.50;True;False;False;False;1;13.253617902307496;0;13.253617902307496;13.253617902307496
836;45.50;13.50;True;False;False;False;705;46.50;10.50;True;False;False;False;1;9.403336528081127;0;9.403336528081127;9.403336528081127
836;45.50;13.50;True;False;False;False;821;30.50;13.50;True;False;False;False;3;22.94321233585045;9.442860765095503;20.326570483965043;26.327045205704053
836;45.50;13.50;True;False;False;False;822;31.50;13.50;True;False;False;False;2;13.196015722332959;0.04776512010110798;13.041475889116555;13.350555555549363
836;45.50;13.50;True;False;False;False;838;47.50;13.50;True;False;False;False;1;4.878062346754177;0;4.878062346754177;4.878062346754177
836;45.50;13.50;True;False;False;False;841;50.50;13.50;True;False;False;False;2;7.152061955420777;0.10757148157709837;6.920144425275794;7.38397948556576
836;45.50;13.50;True;False;False;False;842;51.50;13.50;True;False;False;False;1;8.656854249493335;0;8.656854249493335;8.656854249493335
836;45.50;13.50;True;False;False;False;865;30.50;14.50;True;False;False;False;1;34.69064615223215;0;34.69064615223215;34.69064615223215
836;45.50;13.50;True;False;False;False;955;32.50;16.50;True;False;False;False;1;17.775555555550454;0;17.775555555550454;17.775555555550454
836;45.50;13.50;True;False;False;False;1105;50.50;19.50;True;False;False;False;1;16.74231601363681;0;16.74231601363681;16.74231601363681
836;45.50;13.50;True;False;False;False;1409;46.50;26.50;True;False;False;False;1;15.419902210397595;0;15.419902210397595;15.419902210397595
836;45.50;13.50;True;False;False;False;1410;47.50;26.50;True;False;False;False;1;16.38926325108696;0;16.38926325108696;16.38926325108696
837;46.50;13.50;True;False;False;False;12;61.50;3.50;False;False;True;False;4;108.39298141470044;2878.4668753123065;47.06365706165525;174.20470584678878
837;46.50;13.50;True;False;False;False;28;61.50;9.50;False;False;True;False;7;87.55164343097509;196.69312750597655;60.5476847898135;103.29861551101703
837;46.50;13.50;True;False;False;False;44;61.50;15.50;False;False;True;False;5;85.30781103909207;628.0815558349055;43.062583805478425;101.77704424267722
837;46.50;13.50;True;False;False;False;60;61.50;21.50;False;False;True;False;3;105.6904392937904;938.0690482277948;75.95518838627322;137.13908366461328
837;46.50;13.50;True;False;False;False;92;0.50;12.50;False;True;False;False;1;239.87667705431159;0;239.87667705431159;239.87667705431159
837;46.50;13.50;True;False;False;False;574;47.50;7.50;True;False;False;False;1;11.631118304035226;0;11.631118304035226;11.631118304035226
837;46.50;13.50;True;False;False;False;615;44.50;8.50;True;False;False;False;1;20.585558750297423;0;20.585558750297423;20.585558750297423
837;46.50;13.50;True;False;False;False;700;41.50;10.50;True;False;False;False;1;12.633426321284787;0;12.633426321284787;12.633426321284787
837;46.50;13.50;True;False;False;False;750;47.50;11.50;True;False;False;False;1;8.536111111112405;0;8.536111111112405;8.536111111112405
837;46.50;13.50;True;False;False;False;820;29.50;13.50;True;False;False;False;1;23.79835624466432;0;23.79835624466432;23.79835624466432
837;46.50;13.50;True;False;False;False;821;30.50;13.50;True;False;False;False;4;18.041661271981866;17.313174011081305;14.404797227907693;22.59296536059992
837;46.50;13.50;True;False;False;False;822;31.50;13.50;True;False;False;False;4;14.195053424686648;0.061377364791926514;13.978289088885504;14.486972814420369
837;46.50;13.50;True;False;False;False;865;30.50;14.50;True;False;False;False;3;21.060039348292396;34.00420587613383;17.57555236081953;27.792069280518263
837;46.50;13.50;True;False;False;False;998;31.50;17.50;True;False;False;False;1;19.534347458280536;0;19.534347458280536;19.534347458280536
837;46.50;13.50;True;False;False;False;1139;40.50;20.50;True;False;False;False;1;16.293614707577945;0;16.293614707577945;16.293614707577945
837;46.50;13.50;True;False;False;False;1146;47.50;20.50;True;False;False;False;1;11.758333333331393;0;11.758333333331393;11.758333333331393
837;46.50;13.50;True;False;False;False;1252;21.50;23.50;True;False;False;False;1;30.466434839428985;0;30.466434839428985;30.466434839428985
838;47.50;13.50;True;False;False;False;12;61.50;3.50;False;False;True;False;9;98.87838783942708;537.0580060852199;59.65148308204516;141.62125394854957
838;47.50;13.50;True;False;False;False;28;61.50;9.50;False;False;True;False;5;83.5706034597783;147.32197624393376;67.3054617641435;100.28087128751213
838;47.50;13.50;True;False;False;False;44;61.50;15.50;False;False;True;False;8;97.48951678708966;827.7365321552509;52.68268398636246;134.85537516564364
838;47.50;13.50;True;False;False;False;60;61.50;21.50;False;False;True;False;1;100.39999999999418;0;100.39999999999418;100.39999999999418
838;47.50;13.50;True;False;False;False;620;49.50;8.50;True;False;False;False;1;13.400729415145179;0;13.400729415145179;13.400729415145179
838;47.50;13.50;True;False;False;False;693;34.50;10.50;True;False;False;False;1;17.248614707572415;0;17.248614707572415;17.248614707572415
838;47.50;13.50;True;False;False;False;709;50.50;10.50;True;False;False;False;1;10.679257665065961;0;10.679257665065961;10.679257665065961
838;47.50;13.50;True;False;False;False;733;30.50;11.50;True;False;False;False;1;18.83102690391388;0;18.83102690391388;18.83102690391388
838;47.50;13.50;True;False;False;False;734;31.50;11.50;True;False;False;False;1;27.001857444232883;0;27.001857444232883;27.001857444232883
838;47.50;13.50;True;False;False;False;820;29.50;13.50;True;False;False;False;1;27.326298693936906;0;27.326298693936906;27.326298693936906
838;47.50;13.50;True;False;False;False;822;31.50;13.50;True;False;False;False;4;14.979884759827655;4.219411236446177;13.632409805049974;18.016389290613006
838;47.50;13.50;True;False;False;False;841;50.50;13.50;True;False;False;False;1;5.717132429002959;0;5.717132429002959;5.717132429002959
838;47.50;13.50;True;False;False;False;854;19.50;14.50;True;False;False;False;1;25.92870530424625;0;25.92870530424625;25.92870530424625
838;47.50;13.50;True;False;False;False;864;29.50;14.50;True;False;False;False;1;19.501666666670644;0;19.501666666670644;19.501666666670644
838;47.50;13.50;True;False;False;False;866;31.50;14.50;True;False;False;False;2;17.89259778960013;0.036449783067864415;17.757598191326906;18.027597387873357
838;47.50;13.50;True;False;False;False;867;32.50;14.50;True;False;False;False;1;17.345649346967548;0;17.345649346967548;17.345649346967548
838;47.50;13.50;True;False;False;False;975;52.50;16.50;True;False;False;False;1;13.181111111105565;0;13.181111111105565;13.181111111105565
838;47.50;13.50;True;False;False;False;977;10.50;17.50;True;False;False;False;1;34.95685424949352;0;34.95685424949352;34.95685424949352
838;47.50;13.50;True;False;False;False;1066;11.50;19.50;True;False;False;False;1;35.16254836089297;0;35.16254836089297;35.16254836089297
838;47.50;13.50;True;False;False;False;1076;21.50;19.50;True;False;False;False;1;28.452406610318576;0;28.452406610318576;28.452406610318576
838;47.50;13.50;True;False;False;False;1145;46.50;20.50;True;False;False;False;1;11.530281374238257;0;11.530281374238257;11.530281374238257
838;47.50;13.50;True;False;False;False;1236;49.50;22.50;True;False;False;False;1;14.738481756805413;0;14.738481756805413;14.738481756805413
838;47.50;13.50;True;False;False;False;1257;26.50;23.50;True;False;False;False;1;28.459909403321035;0;28.459909403321035;28.459909403321035
840;49.50;13.50;True;False;False;False;12;61.50;3.50;False;False;True;False;2;89.42505448081101;513.5275106154803;73.40120490251866;105.44890405910337
840;49.50;13.50;True;False;False;False;28;61.50;9.50;False;False;True;False;7;74.28259624825844;384.1883956355328;34.3679653605941;98.62972581867871
840;49.50;13.50;True;False;False;False;44;61.50;15.50;False;False;True;False;4;94.31509279186139;1093.2832198668216;65.50120490252448;140.70880148692777
840;49.50;13.50;True;False;False;False;60;61.50;21.50;False;False;True;False;3;98.92982094281854;532.3185951869184;80.59000719292271;124.83463202727023
840;49.50;13.50;True;False;False;False;92;0.50;12.50;False;True;False;False;1;254.6837871011121;0;254.6837871011121;254.6837871011121
840;49.50;13.50;True;False;False;False;108;0.50;18.50;False;True;False;False;1;581.7547309041529;0;581.7547309041529;581.7547309041529
840;49.50;13.50;True;False;False;False;459;20.50;5.50;True;False;False;False;1;32.34064215404578;0;32.34064215404578;32.34064215404578
840;49.50;13.50;True;False;False;False;576;49.50;7.50;True;False;False;False;1;10.378145750502881;0;10.378145750502881;10.378145750502881
840;49.50;13.50;True;False;False;False;732;29.50;11.50;True;False;False;False;1;26.8630551538281;0;26.8630551538281;26.8630551538281
840;49.50;13.50;True;False;False;False;752;49.50;11.50;True;False;False;False;1;4.149897408762172;0;4.149897408762172;4.149897408762172
840;49.50;13.50;True;False;False;False;754;51.50;11.50;True;False;False;False;1;9.046483082020131;0;9.046483082020131;9.046483082020131
840;49.50;13.50;True;False;False;False;820;29.50;13.50;True;False;False;False;1;38.24249320879608;0;38.24249320879608;38.24249320879608
840;49.50;13.50;True;False;False;False;821;30.50;13.50;True;False;False;False;3;21.5111413099991;15.220795070861596;17.02823234900825;24.137875567361334
840;49.50;13.50;True;False;False;False;822;31.50;13.50;True;False;False;False;1;15.63685424948926;0;15.63685424948926;15.63685424948926
840;49.50;13.50;True;False;False;False;825;34.50;13.50;True;False;False;False;1;13.883682118583351;0;13.883682118583351;13.883682118583351
840;49.50;13.50;True;False;False;False;866;31.50;14.50;True;False;False;False;1;19.38175246174069;0;19.38175246174069;19.38175246174069
840;49.50;13.50;True;False;False;False;1007;40.50;17.50;True;False;False;False;1;16.847777777777992;0;16.847777777777992;16.847777777777992
840;49.50;13.50;True;False;False;False;1077;22.50;19.50;True;False;False;False;1;30.09444444444125;0;30.09444444444125;30.09444444444125
840;49.50;13.50;True;False;False;False;1233;46.50;22.50;True;False;False;False;1;17.418702109513106;0;17.418702109513106;17.418702109513106
840;49.50;13.50;True;False;False;False;1260;29.50;23.50;True;False;False;False;1;28.337322403103826;0;28.337322403103826;28.337322403103826
840;49.50;13.50;True;False;False;False;1278;47.50;23.50;True;False;False;False;1;15.40730962417365;0;15.40730962417365;15.40730962417365
840;49.50;13.50;True;False;False;False;1283;52.50;23.50;True;False;False;False;1;15.455363974545435;0;15.455363974545435;15.455363974545435
841;50.50;13.50;True;False;False;False;12;61.50;3.50;False;False;True;False;5;100.53958150674714;93.99413631572594;90.09740661030446;114.69972581868387
841;50.50;13.50;True;False;False;False;28;61.50;9.50;False;False;True;False;13;93.24151718511798;321.7206584460704;61.53065893115854;126.12213642716233
841;50.50;13.50;True;False;False;False;44;61.50;15.50;False;False;True;False;2;84.82713522199629;184.44095476003582;75.2239858750363;94.43028456895627
841;50.50;13.50;True;False;False;False;60;61.50;21.50;False;False;True;False;2;88.83851492840722;1208.0066878080306;64.26203544284999;113.41499441396445
841;50.50;13.50;True;False;False;False;76;0.50;6.50;False;True;False;False;1;562.0106477590707;0;562.0106477590707;562.0106477590707
841;50.50;13.50;True;False;False;False;108;0.50;18.50;False;True;False;False;1;531.9220692907556;0;531.9220692907556;531.9220692907556
841;50.50;13.50;True;False;False;False;124;0.50;24.50;False;True;False;False;1;576.79085372593;0;576.79085372593;576.79085372593
841;50.50;13.50;True;False;False;False;435;40.50;4.50;True;False;False;False;1;20.380087401943456;0;20.380087401943456;20.380087401943456
841;50.50;13.50;True;False;False;False;460;21.50;5.50;True;False;False;False;1;35.6922222222247;0;35.6922222222247;35.6922222222247
841;50.50;13.50;True;False;False;False;571;44.50;7.50;True;False;False;False;1;15.54964801999813;0;15.54964801999813;15.54964801999813
841;50.50;13.50;True;False;False;False;577;50.50;7.50;True;False;False;False;1;19.543145750507392;0;19.543145750507392;19.543145750507392
841;50.50;13.50;True;False;False;False;732;29.50;11.50;True;False;False;False;1;34.61343351420874;0;34.61343351420874;34.61343351420874
841;50.50;13.50;True;False;False;False;733;30.50;11.50;True;False;False;False;1;25.766125496954373;0;25.766125496954373;25.766125496954373
841;50.50;13.50;True;False;False;False;735;32.50;11.50;True;False;False;False;1;20.199353847761813;0;20.199353847761813;20.199353847761813
841;50.50;13.50;True;False;False;False;750;47.50;11.50;True;False;False;False;1;11.905479344716696;0;11.905479344716696;11.905479344716696
841;50.50;13.50;True;False;False;False;821;30.50;13.50;True;False;False;False;6;24.500944755733748;28.085101138462317;17.86379590092838;30.0275035964587
841;50.50;13.50;True;False;False;False;822;31.50;13.50;True;False;False;False;2;16.628428722112858;0.011642493890089494;16.552131625542643;16.704725818683073
841;50.50;13.50;True;False;False;False;864;29.50;14.50;True;False;False;False;1;37.426854249490134;0;37.426854249490134;37.426854249490134
841;50.50;13.50;True;False;False;False;960;37.50;16.50;True;False;False;False;1;18.519936568100093;0;18.519936568100093;18.519936568100093
841;50.50;13.50;True;False;False;False;997;30.50;17.50;True;False;False;False;1;23.10712204133597;0;23.10712204133597;23.10712204133597
841;50.50;13.50;True;False;False;False;1115;16.50;20.50;True;False;False;False;1;38.66303689167398;0;38.66303689167398;38.66303689167398
841;50.50;13.50;True;False;False;False;1130;31.50;20.50;True;False;False;False;1;24.060926723020657;0;24.060926723020657;24.060926723020657
841;50.50;13.50;True;False;False;False;1143;44.50;20.50;True;False;False;False;1;15.328388013258518;0;15.328388013258518;15.328388013258518
841;50.50;13.50;True;False;False;False;1145;46.50;20.50;True;False;False;False;1;14.821572875254788;0;14.821572875254788;14.821572875254788
841;50.50;13.50;True;False;False;False;1239;52.50;22.50;True;False;False;False;1;14.031854249492426;0;14.031854249492426;14.031854249492426
841;50.50;13.50;True;False;False;False;1283;52.50;23.50;True;False;False;False;1;14.596673859590737;0;14.596673859590737;14.596673859590737
842;51.50;13.50;True;False;False;False;12;61.50;3.50;False;False;True;False;4;118.64488455896424;141.58346253198087;107.41593391593915;133.62823234900497
842;51.50;13.50;True;False;False;False;28;61.50;9.50;False;False;True;False;10;97.5081948560893;492.354686816342;66.36111111111677;136.82074713657312
842;51.50;13.50;True;False;False;False;44;61.50;15.50;False;False;True;False;3;93.9739740664733;423.605364182494;72.47460218760898;113.49509778959964
842;51.50;13.50;True;False;False;False;60;61.50;21.50;False;False;True;False;5;93.89165015041108;122.19168955657656;82.43814974868292;108.01305676072661
842;51.50;13.50;True;False;False;False;441;46.50;4.50;True;False;False;False;1;18.286486276760115;0;18.286486276760115;18.286486276760115
842;51.50;13.50;True;False;False;False;541;14.50;7.50;True;False;False;False;1;45.78554069760503;0;45.78554069760503;45.78554069760503
842;51.50;13.50;True;False;False;False;615;44.50;8.50;True;False;False;False;1;15.83074233492971;0;15.83074233492971;15.83074233492971
842;51.50;13.50;True;False;False;False;623;52.50;8.50;True;False;False;False;1;11.084444444437395;0;11.084444444437395;11.084444444437395
842;51.50;13.50;True;False;False;False;734;31.50;11.50;True;False;False;False;1;22.079819610095;0;22.079819610095;22.079819610095
842;51.50;13.50;True;False;False;False;821;30.50;13.50;True;False;False;False;1;27.377128430809535;0;27.377128430809535;27.377128430809535
842;51.50;13.50;True;False;False;False;822;31.50;13.50;True;False;False;False;4;24.210349321749618;85.34425624427213;17.215274984766438;36.70157767688579
842;51.50;13.50;True;False;False;False;849;14.50;14.50;True;False;False;False;1;48.523979485551536;0;48.523979485551536;48.523979485551536
842;51.50;13.50;True;False;False;False;864;29.50;14.50;True;False;False;False;3;43.81006572234022;551.4541735510661;30.08556194501216;70.9252845689748
842;51.50;13.50;True;False;False;False;865;30.50;14.50;True;False;False;False;2;20.79866519974007;0.05902372840623613;20.626875024808214;20.97045537467193
842;51.50;13.50;True;False;False;False;866;31.50;14.50;True;False;False;False;1;20.713888888887595;0;20.713888888887595;20.713888888887595
842;51.50;13.50;True;False;False;False;880;45.50;14.50;True;False;False;False;1;10.505690094167221;0;10.505690094167221;10.505690094167221
842;51.50;13.50;True;False;False;False;972;49.50;16.50;True;False;False;False;1;9.99731521018657;0;9.99731521018657;9.99731521018657
842;51.50;13.50;True;False;False;False;1017;50.50;17.50;True;False;False;False;1;9.557185189623851;0;9.557185189623851;9.557185189623851
842;51.50;13.50;True;False;False;False;1400;37.50;26.50;True;False;False;False;1;24.634073276978143;0;24.634073276978143;24.634073276978143
842;51.50;13.50;True;False;False;False;1413;50.50;26.50;True;False;False;False;1;16.148607514651303;0;16.148607514651303;16.148607514651303
843;52.50;13.50;True;False;False;False;12;61.50;3.50;False;False;True;False;5;106.59098025664707;859.6035258822508;75.06083692979473;153.8855699413907
843;52.50;13.50;True;False;False;False;28;61.50;9.50;False;False;True;False;9;99.27297920462797;472.2739178542777;74.30510498252261;142.8335249143238
843;52.50;13.50;True;False;False;False;44;61.50;15.50;False;False;True;False;10;97.92496699011876;572.3401370379324;70.55796136239951;152.08045217991457
843;52.50;13.50;True;False;False;False;60;61.50;21.50;False;False;True;False;5;94.53159339349656;66.84566053104516;86.33535678161479;104.98898987322355
843;52.50;13.50;True;False;False;False;76;0.50;6.50;False;True;False;False;1;520.7943879117256;0;520.7943879117256;520.7943879117256
843;52.50;13.50;True;False;False;False;124;0.50;24.50;False;True;False;False;1;574.6540988539473;0;574.6540988539473;574.6540988539473
843;52.50;13.50;True;False;False;False;308;45.50;1.50;True;False;False;False;1;21.539538235857435;0;21.539538235857435;21.539538235857435
843;52.50;13.50;True;False;False;False;422;27.50;4.50;True;False;False;False;1;29.546486276740325;0;29.546486276740325;29.546486276740325
843;52.50;13.50;True;False;False;False;621;50.50;8.50;True;False;False;False;1;11.961669861389964;0;11.961669861389964;11.961669861389964
843;52.50;13.50;True;False;False;False;690;31.50;10.50;True;False;False;False;1;22.387034639396404;0;22.387034639396404;22.387034639396404
843;52.50;13.50;True;False;False;False;732;29.50;11.50;True;False;False;False;1;36.07768398636654;0;36.07768398636654;36.07768398636654
843;52.50;13.50;True;False;False;False;733;30.50;11.50;True;False;False;False;2;36.78643938105415;21.96429842009273;33.47250679120771;40.100371970900596
843;52.50;13.50;True;False;False;False;754;51.50;11.50;True;False;False;False;1;7.639816415359746;0;7.639816415359746;7.639816415359746
843;52.50;13.50;True;False;False;False;820;29.50;13.50;True;False;False;False;4;29.6362092976633;12.238325330806346;26.566948040890566;34.64759738787325
843;52.50;13.50;True;False;False;False;821;30.50;13.50;True;False;False;False;4;32.02505229039912;236.74191510003817;17.721389290614752;53.28666666666686
843;52.50;13.50;True;False;False;False;822;31.50;13.50;True;False;False;False;3;20.826730527004656;35.75571301944787;17.34416706839056;27.731298693939607
843;52.50;13.50;True;False;False;False;823;32.50;13.50;True;False;False;False;1;17.083520093663537;0;17.083520093663537;17.083520093663537
843;52.50;13.50;True;False;False;False;864;29.50;14.50;True;False;False;False;1;26.51889288707207;0;26.51889288707207;26.51889288707207
843;52.50;13.50;True;False;False;False;865;30.50;14.50;True;False;False;False;2;23.786249799137636;3.753040028084888;22.416388487163886;25.156111111111386
843;52.50;13.50;True;False;False;False;875;40.50;14.50;True;False;False;False;1;17.95861151282952;0;17.95861151282952;17.95861151282952
843;52.50;13.50;True;False;False;False;1017;50.50;17.50;True;False;False;False;1;10.787131625540496;0;10.787131625540496;10.787131625540496
843;52.50;13.50;True;False;False;False;1019;52.50;17.50;True;False;False;False;1;5.50463202726678;0;5.50463202726678;5.50463202726678
843;52.50;13.50;True;False;False;False;1106;51.50;19.50;True;False;False;False;1;11.11123206729826;0;11.11123206729826;11.11123206729826
843;52.50;13.50;True;False;False;False;1144;45.50;20.50;True;False;False;False;1;16.405836929803627;0;16.405836929803627;16.405836929803627
843;52.50;13.50;True;False;False;False;1149;50.50;20.50;True;False;False;False;1;12.702300540526267;0;12.702300540526267;12.702300540526267
843;52.50;13.50;True;False;False;False;1238;51.50;22.50;True;False;False;False;1;12.903808679868916;0;12.903808679868916;12.903808679868916
843;52.50;13.50;True;False;False;False;1270;39.50;23.50;True;False;False;False;1;22.586111111113496;0;22.586111111113496;22.586111111113496
844;9.50;14.50;True;False;False;False;92;0.50;12.50;False;True;False;False;1;22.19546495887809;0;22.19546495887809;22.19546495887809
844;9.50;14.50;True;False;False;False;1226;39.50;22.50;True;False;False;False;1;32.05313482376141;0;32.05313482376141;32.05313482376141
845;10.50;14.50;True;False;False;False;1229;42.50;22.50;True;False;False;False;1;34.12334691572323;0;34.12334691572323;34.12334691572323
846;11.50;14.50;True;False;False;False;60;61.50;21.50;False;False;True;False;1;86.66028137423928;0;86.66028137423928;86.66028137423928
846;11.50;14.50;True;False;False;False;837;46.50;13.50;True;False;False;False;1;34.67129869393466;0;34.67129869393466;34.67129869393466
846;11.50;14.50;True;False;False;False;1415;52.50;26.50;True;False;False;False;1;42.95000399818446;0;42.95000399818446;42.95000399818446
847;12.50;14.50;True;False;False;False;44;61.50;15.50;False;False;True;False;1;106.60602770735932;0;106.60602770735932;106.60602770735932
847;12.50;14.50;True;False;False;False;60;61.50;21.50;False;False;True;False;1;132.04954542876294;0;132.04954542876294;132.04954542876294
847;12.50;14.50;True;False;False;False;621;50.50;8.50;True;False;False;False;1;36.836580068171315;0;36.836580068171315;36.836580068171315
847;12.50;14.50;True;False;False;False;745;42.50;11.50;True;False;False;False;1;30.048610709367495;0;30.048610709367495;30.048610709367495
849;14.50;14.50;True;False;False;False;28;61.50;9.50;False;False;True;False;1;162.73889768867593;0;162.73889768867593;162.73889768867593
849;14.50;14.50;True;False;False;False;44;61.50;15.50;False;False;True;False;1;74.23239941738575;0;74.23239941738575;74.23239941738575
849;14.50;14.50;True;False;False;False;711;52.50;10.50;True;False;False;False;1;39.939167068376264;0;39.939167068376264;39.939167068376264
849;14.50;14.50;True;False;False;False;1017;50.50;17.50;True;False;False;False;1;32.95453188447573;0;32.95453188447573;32.95453188447573
850;15.50;14.50;True;False;False;False;12;61.50;3.50;False;False;True;False;1;69.56101812313318;0;69.56101812313318;69.56101812313318
851;16.50;14.50;True;False;False;False;92;0.50;12.50;False;True;False;False;1;273.9374074137654;0;273.9374074137654;273.9374074137654
852;17.50;14.50;True;False;False;False;44;61.50;15.50;False;False;True;False;1;48.052597387868445;0;48.052597387868445;48.052597387868445
852;17.50;14.50;True;False;False;False;92;0.50;12.50;False;True;False;False;1;278.3463011042836;0;278.3463011042836;278.3463011042836
852;17.50;14.50;True;False;False;False;884;49.50;14.50;True;False;False;False;1;25.895927526475134;0;25.895927526475134;25.895927526475134
854;19.50;14.50;True;False;False;False;44;61.50;15.50;False;False;True;False;2;96.49963962190577;2541.937540433929;60.84899067666265;132.1502885671489
854;19.50;14.50;True;False;False;False;92;0.50;12.50;False;True;False;False;1;270.56570289215506;0;270.56570289215506;270.56570289215506
854;19.50;14.50;True;False;False;False;572;45.50;7.50;True;False;False;False;1;34.43824354010212;0;34.43824354010212;34.43824354010212
854;19.50;14.50;True;False;False;False;840;49.50;13.50;True;False;False;False;1;27.012131625548136;0;27.012131625548136;27.012131625548136
855;20.50;14.50;True;False;False;False;44;61.50;15.50;False;False;True;False;1;86.81638929061228;0;86.81638929061228;86.81638929061228
856;21.50;14.50;True;False;False;False;44;61.50;15.50;False;False;True;False;1;62.93544898521941;0;62.93544898521941;62.93544898521941
857;22.50;14.50;True;False;False;False;28;61.50;9.50;False;False;True;False;1;76.10601812314417;0;76.10601812314417;76.10601812314417
859;24.50;14.50;True;False;False;False;44;61.50;15.50;False;False;True;False;1;54.984268052721745;0;54.984268052721745;54.984268052721745
860;25.50;14.50;True;False;False;False;822;31.50;13.50;True;False;False;False;1;11.161854249494354;0;11.161854249494354;11.161854249494354
861;26.50;14.50;True;False;False;False;427;32.50;4.50;True;False;False;False;1;30.686201707788655;0;30.686201707788655;30.686201707788655
861;26.50;14.50;True;False;False;False;706;47.50;10.50;True;False;False;False;1;35.600202772119474;0;35.600202772119474;35.600202772119474
861;26.50;14.50;True;False;False;False;734;31.50;11.50;True;False;False;False;1;12.804147077480593;0;12.804147077480593;12.804147077480593
861;26.50;14.50;True;False;False;False;844;9.50;14.50;True;False;False;False;1;15.857962165868098;0;15.857962165868098;15.857962165868098
862;27.50;14.50;True;False;False;False;12;61.50;3.50;False;False;True;False;1;107.92379509746752;0;107.92379509746752;107.92379509746752
862;27.50;14.50;True;False;False;False;28;61.50;9.50;False;False;True;False;2;104.83948934104956;478.3584851070924;89.3740684753393;120.30491020675981
862;27.50;14.50;True;False;False;False;44;61.50;15.50;False;False;True;False;1;120.18500719291114;0;120.18500719291114;120.18500719291114
862;27.50;14.50;True;False;False;False;108;0.50;18.50;False;True;False;False;2;609.1082262708806;800.1357526917382;589.1065294342152;629.1099231075459
862;27.50;14.50;True;False;False;False;478;39.50;5.50;True;False;False;False;1;22.773979485566088;0;22.773979485566088;22.773979485566088
862;27.50;14.50;True;False;False;False;724;21.50;11.50;True;False;False;False;1;13.825216354485747;0;13.825216354485747;13.825216354485747
862;27.50;14.50;True;False;False;False;733;30.50;11.50;True;False;False;False;1;12.934444444443216;0;12.934444444443216;12.934444444443216
862;27.50;14.50;True;False;False;False;734;31.50;11.50;True;False;False;False;1;21.116118304023985;0;21.116118304023985;21.116118304023985
862;27.50;14.50;True;False;False;False;739;36.50;11.50;True;False;False;False;1;18.942129234277672;0;18.942129234277672;18.942129234277672
862;27.50;14.50;True;False;False;False;821;30.50;13.50;True;False;False;False;1;8.487959009224141;0;8.487959009224141;8.487959009224141
862;27.50;14.50;True;False;False;False;840;49.50;13.50;True;False;False;False;1;23.185729555985745;0;23.185729555985745;23.185729555985745
862;27.50;14.50;True;False;False;False;877;42.50;14.50;True;False;False;False;1;13.846666666664532;0;13.846666666664532;13.846666666664532
862;27.50;14.50;True;False;False;False;999;32.50;17.50;True;False;False;False;1;13.174822804816358;0;13.174822804816358;13.174822804816358
862;27.50;14.50;True;False;False;False;1089;34.50;19.50;True;False;False;False;1;20.18240980504561;0;20.18240980504561;20.18240980504561
864;29.50;14.50;True;False;False;False;12;61.50;3.50;False;False;True;False;1;110.29963522198523;0;110.29963522198523;110.29963522198523
864;29.50;14.50;True;False;False;False;28;61.50;9.50;False;False;True;False;1;155.90213562371355;0;155.90213562371355;155.90213562371355
864;29.50;14.50;True;False;False;False;44;61.50;15.50;False;False;True;False;2;104.67418784370113;48.64308205085147;99.74250040171682;109.60587528568544
864;29.50;14.50;True;False;False;False;427;32.50;4.50;True;False;False;False;1;19.38953823585598;0;19.38953823585598;19.38953823585598
864;29.50;14.50;True;False;False;False;434;39.50;4.50;True;False;False;False;1;20.6824066103145;0;20.6824066103145;20.6824066103145
864;29.50;14.50;True;False;False;False;483;44.50;5.50;True;False;False;False;2;24.42620490252102;0.499999999998181;23.92620490252193;24.926204902520112
864;29.50;14.50;True;False;False;False;491;52.50;5.50;True;False;False;False;1;29.105560357196737;0;29.105560357196737;29.105560357196737
864;29.50;14.50;True;False;False;False;563;36.50;7.50;True;False;False;False;1;20.44231601363572;0;20.44231601363572;20.44231601363572
864;29.50;14.50;True;False;False;False;564;37.50;7.50;True;False;False;False;1;21.05092352828524;0;21.05092352828524;21.05092352828524
864;29.50;14.50;True;False;False;False;566;39.50;7.50;True;False;False;False;1;25.941763652816007;0;25.941763652816007;25.941763652816007
864;29.50;14.50;True;False;False;False;569;42.50;7.50;True;False;False;False;1;21.971098313097173;0;21.971098313097173;21.971098313097173
864;29.50;14.50;True;False;False;False;572;45.50;7.50;True;False;False;False;1;22.404161463287892;0;22.404161463287892;22.404161463287892
864;29.50;14.50;True;False;False;False;577;50.50;7.50;True;False;False;False;1;34.93879509747785;0;34.93879509747785;34.93879509747785
864;29.50;14.50;True;False;False;False;578;51.50;7.50;True;False;False;False;2;30.13677245261806;0.5547302873441093;29.610117780492146;30.663427124743976
864;29.50;14.50;True;False;False;False;600;29.50;8.50;True;False;False;False;1;8.161111111114224;0;8.161111111114224;8.161111111114224
864;29.50;14.50;True;False;False;False;603;32.50;8.50;True;False;False;False;1;17.676479083840604;0;17.676479083840604;17.676479083840604
864;29.50;14.50;True;False;False;False;608;37.50;8.50;True;False;False;False;2;18.910975216091856;11.040174078927086;16.561488668042784;21.260461764140928
864;29.50;14.50;True;False;False;False;618;47.50;8.50;True;False;False;False;2;30.16315054260167;112.50827351292106;22.662874763907894;37.66342632129545
864;29.50;14.50;True;False;False;False;701;42.50;10.50;True;False;False;False;1;18.64009778959735;0;18.64009778959735;18.64009778959735
864;29.50;14.50;True;False;False;False;706;47.50;10.50;True;False;False;False;1;22.45620170777329;0;22.45620170777329;22.45620170777329
864;29.50;14.50;True;False;False;False;725;22.50;11.50;True;False;False;False;1;13.306376492602794;0;13.306376492602794;13.306376492602794
864;29.50;14.50;True;False;False;False;727;24.50;11.50;True;False;False;False;1;12.166382097690075;0;12.166382097690075;12.166382097690075
864;29.50;14.50;True;False;False;False;740;37.50;11.50;True;False;False;False;1;15.335986156718718;0;15.335986156718718;15.335986156718718
864;29.50;14.50;True;False;False;False;742;39.50;11.50;True;False;False;False;1;16.42333652806883;0;16.42333652806883;16.42333652806883
864;29.50;14.50;True;False;False;False;750;47.50;11.50;True;False;False;False;1;22.269082861181232;0;22.269082861181232;22.269082861181232
864;29.50;14.50;True;False;False;False;754;51.50;11.50;True;False;False;False;2;31.88662136833068;33.38437309413379;27.801014124961966;35.97222861169939
864;29.50;14.50;True;False;False;False;755;52.50;11.50;True;False;False;False;2;24.852292294058316;0.7589041025503928;24.236295499200423;25.468289088916208
864;29.50;14.50;True;False;False;False;820;29.50;13.50;True;False;False;False;1;2.5015800681721885;0;2.5015800681721885;2.5015800681721885
864;29.50;14.50;True;False;False;False;822;31.50;13.50;True;False;False;False;1;10.710099150965107;0;10.710099150965107;10.710099150965107
864;29.50;14.50;True;False;False;False;823;32.50;13.50;True;False;False;False;1;11.913059152015194;0;11.913059152015194;11.913059152015194
864;29.50;14.50;True;False;False;False;825;34.50;13.50;True;False;False;False;1;16.536663471928478;0;16.536663471928478;16.536663471928478
864;29.50;14.50;True;False;False;False;830;39.50;13.50;True;False;False;False;1;22.213896885259146;0;22.213896885259146;22.213896885259146
864;29.50;14.50;True;False;False;False;833;42.50;13.50;True;False;False;False;1;15.500187582809303;0;15.500187582809303;15.500187582809303
864;29.50;14.50;True;False;False;False;835;44.50;13.50;True;False;False;False;2;29.138976683015244;246.74114368205073;18.031746072236274;40.246207293794214
864;29.50;14.50;True;False;False;False;838;47.50;13.50;True;False;False;False;2;24.497033835929756;40.21884445185467;20.012680791629236;28.981386880230275
864;29.50;14.50;True;False;False;False;843;52.50;13.50;True;False;False;False;1;22.62333013859461;0;22.62333013859461;22.62333013859461
864;29.50;14.50;True;False;False;False;862;27.50;14.50;True;False;False;False;1;5.263340526252705;0;5.263340526252705;5.263340526252705
864;29.50;14.50;True;False;False;False;872;37.50;14.50;True;False;False;False;1;9.642689345913823;0;9.642689345913823;9.642689345913823
864;29.50;14.50;True;False;False;False;882;47.50;14.50;True;False;False;False;1;15.819260056352505;0;15.819260056352505;15.819260056352505
864;29.50;14.50;True;False;False;False;885;50.50;14.50;True;False;False;False;1;24.38962563779569;0;24.38962563779569;24.38962563779569
864;29.50;14.50;True;False;False;False;886;51.50;14.50;True;False;False;False;1;18.576483082022605;0;18.576483082022605;18.576483082022605
864;29.50;14.50;True;False;False;False;887;52.50;14.50;True;False;False;False;2;26.165000401724114;114.84563794751043;18.58721583275178;33.74278497069645
864;29.50;14.50;True;False;False;False;955;32.50;16.50;True;False;False;False;1;10.584538235856598;0;10.584538235856598;10.584538235856598
864;29.50;14.50;True;False;False;False;962;39.50;16.50;True;False;False;False;1;15.31342712474725;0;15.31342712474725;15.31342712474725
864;29.50;14.50;True;False;False;False;965;42.50;16.50;True;False;False;False;1;16.294444444444252;0;16.294444444444252;16.294444444444252
864;29.50;14.50;True;False;False;False;968;45.50;16.50;True;False;False;False;1;20.384070082243852;0;20.384070082243852;20.384070082243852
864;29.50;14.50;True;False;False;False;969;46.50;16.50;True;False;False;False;1;20.077871569190393;0;20.077871569190393;20.077871569190393
864;29.50;14.50;True;False;False;False;993;26.50;17.50;True;False;False;False;1;10.714980567163366;0;10.714980567163366;10.714980567163366
864;29.50;14.50;True;False;False;False;996;29.50;17.50;True;False;False;False;1;5.642222222223609;0;5.642222222223609;5.642222222223609
864;29.50;14.50;True;False;False;False;1004;37.50;17.50;True;False;False;False;1;15.105555555550382;0;15.105555555550382;15.105555555550382
864;29.50;14.50;True;False;False;False;1007;40.50;17.50;True;False;False;False;1;16.970093791409454;0;16.970093791409454;16.970093791409454
864;29.50;14.50;True;False;False;False;1009;42.50;17.50;True;False;False;False;1;19.098340526254105;0;19.098340526254105;19.098340526254105
864;29.50;14.50;True;False;False;False;1011;44.50;17.50;True;False;False;False;1;18.583322945677992;0;18.583322945677992;18.583322945677992
864;29.50;14.50;True;False;False;False;1013;46.50;17.50;True;False;False;False;1;21.027968555335974;0;21.027968555335974;21.027968555335974
864;29.50;14.50;True;False;False;False;1014;47.50;17.50;True;False;False;False;1;21.040187582826547;0;21.040187582826547;21.040187582826547
864;29.50;14.50;True;False;False;False;1016;49.50;17.50;True;False;False;False;1;26.577038637587975;0;26.577038637587975;26.577038637587975
864;29.50;14.50;True;False;False;False;1069;14.50;19.50;True;False;False;False;1;21.227871569192757;0;21.227871569192757;21.227871569192757
864;29.50;14.50;True;False;False;False;1075;20.50;19.50;True;False;False;False;1;16.682405806866882;0;16.682405806866882;16.682405806866882
864;29.50;14.50;True;False;False;False;1092;37.50;19.50;True;False;False;False;1;20.90422168137411;0;20.90422168137411;20.90422168137411
864;29.50;14.50;True;False;False;False;1099;44.50;19.50;True;False;False;False;1;21.744629635993988;0;21.744629635993988;21.744629635993988
864;29.50;14.50;True;False;False;False;1100;45.50;19.50;True;False;False;False;1;22.76796536060465;0;22.76796536060465;22.76796536060465
864;29.50;14.50;True;False;False;False;1105;50.50;19.50;True;False;False;False;1;25.52156887707315;0;25.52156887707315;25.52156887707315
864;29.50;14.50;True;False;False;False;1125;26.50;20.50;True;False;False;False;1;13.026956981484545;0;13.026956981484545;13.026956981484545
864;29.50;14.50;True;False;False;False;1128;29.50;20.50;True;False;False;False;1;9.060367972726453;0;9.060367972726453;9.060367972726453
864;29.50;14.50;True;False;False;False;1143;44.50;20.50;True;False;False;False;1;21.393888888893343;0;21.393888888893343;21.393888888893343
864;29.50;14.50;True;False;False;False;1258;27.50;23.50;True;False;False;False;2;14.234354249490707;0.6933678039621125;13.645555555554438;14.823152943426976
864;29.50;14.50;True;False;False;False;1260;29.50;23.50;True;False;False;False;1;12.826479083843878;0;12.826479083843878;12.826479083843878
864;29.50;14.50;True;False;False;False;1275;44.50;23.50;True;False;False;False;4;23.985442912295753;0.26350402402078826;23.488614707572196;24.661115109295224
864;29.50;14.50;True;False;False;False;1280;49.50;23.50;True;False;False;False;1;26.59180122433372;0;26.59180122433372;26.59180122433372
864;29.50;14.50;True;False;False;False;1339;20.50;25.50;True;False;False;False;1;20.515663873600715;0;20.515663873600715;20.515663873600715
865;30.50;14.50;True;False;False;False;12;61.50;3.50;False;False;True;False;1;88.02593711067675;0;88.02593711067675;88.02593711067675
865;30.50;14.50;True;False;False;False;28;61.50;9.50;False;False;True;False;2;96.65638209768747;1133.8235715883666;72.84647269437005;120.46629150100489
865;30.50;14.50;True;False;False;False;60;61.50;21.50;False;False;True;False;1;92.98204902522957;0;92.98204902522957;92.98204902522957
865;30.50;14.50;True;False;False;False;124;0.50;24.50;False;True;False;False;1;573.013715710913;0;573.013715710913;573.013715710913
865;30.50;14.50;True;False;False;False;289;26.50;1.50;True;False;False;False;1;18.57517719516909;0;18.57517719516909;18.57517719516909
865;30.50;14.50;True;False;False;False;293;30.50;1.50;True;False;False;False;1;12.375498532215715;0;12.375498532215715;12.375498532215715
865;30.50;14.50;True;False;False;False;300;37.50;1.50;True;False;False;False;1;28.687409805045718;0;28.687409805045718;28.687409805045718
865;30.50;14.50;True;False;False;False;315;52.50;1.50;True;False;False;False;1;31.079049023518564;0;31.079049023518564;31.079049023518564
865;30.50;14.50;True;False;False;False;341;34.50;2.50;True;False;False;False;1;18.069379424720864;0;18.069379424720864;18.069379424720864
865;30.50;14.50;True;False;False;False;469;30.50;5.50;True;False;False;False;1;9.7294476391844;0;9.7294476391844;9.7294476391844
865;30.50;14.50;True;False;False;False;471;32.50;5.50;True;False;False;False;1;15.05222222222119;0;15.05222222222119;15.05222222222119
865;30.50;14.50;True;False;False;False;478;39.50;5.50;True;False;False;False;1;19.24786837445754;0;19.24786837445754;19.24786837445754
865;30.50;14.50;True;False;False;False;479;40.50;5.50;True;False;False;False;1;20.55342712474703;0;20.55342712474703;20.55342712474703
865;30.50;14.50;True;False;False;False;484;45.50;5.50;True;False;False;False;2;25.65338382550408;13.664410935205114;23.03953504112451;28.26723260988365
865;30.50;14.50;True;False;False;False;551;24.50;7.50;True;False;False;False;1;15.18611111111295;0;15.18611111111295;15.18611111111295
865;30.50;14.50;True;False;False;False;552;25.50;7.50;True;False;False;False;1;19.57018358463756;0;19.57018358463756;19.57018358463756
865;30.50;14.50;True;False;False;False;559;32.50;7.50;True;False;False;False;1;13.698510528505722;0;13.698510528505722;13.698510528505722
865;30.50;14.50;True;False;False;False;561;34.50;7.50;True;False;False;False;1;20.197716756249065;0;20.197716756249065;20.197716756249065
865;30.50;14.50;True;False;False;False;569;42.50;7.50;True;False;False;False;1;20.89156968052248;0;20.89156968052248;20.89156968052248
865;30.50;14.50;True;False;False;False;573;46.50;7.50;True;False;False;False;1;34.06316252762099;0;34.06316252762099;34.06316252762099
865;30.50;14.50;True;False;False;False;574;47.50;7.50;True;False;False;False;1;23.891317881423674;0;23.891317881423674;23.891317881423674
865;30.50;14.50;True;False;False;False;598;27.50;8.50;True;False;False;False;1;14.064260056350577;0;14.064260056350577;14.064260056350577
865;30.50;14.50;True;False;False;False;610;39.50;8.50;True;False;False;False;1;17.44880548513447;0;17.44880548513447;17.44880548513447
865;30.50;14.50;True;False;False;False;613;42.50;8.50;True;False;False;False;1;19.25194723745426;0;19.25194723745426;19.25194723745426
865;30.50;14.50;True;False;False;False;615;44.50;8.50;True;False;False;False;1;23.240743138379912;0;23.240743138379912;23.240743138379912
865;30.50;14.50;True;False;False;False;618;47.50;8.50;True;False;False;False;1;23.23990940332078;0;23.23990940332078;23.23990940332078
865;30.50;14.50;True;False;False;False;623;52.50;8.50;True;False;False;False;2;27.542455505112116;5.189859931954141;25.931576873440235;29.153334136783997
865;30.50;14.50;True;False;False;False;691;32.50;10.50;True;False;False;False;1;16.215270986582254;0;16.215270986582254;16.215270986582254
865;30.50;14.50;True;False;False;False;700;41.50;10.50;True;False;False;False;1;22.11805915201512;0;22.11805915201512;22.11805915201512
865;30.50;14.50;True;False;False;False;703;44.50;10.50;True;False;False;False;1;26.296204902520913;0;26.296204902520913;26.296204902520913
865;30.50;14.50;True;False;False;False;734;31.50;11.50;True;False;False;False;1;9.538517721419339;0;9.538517721419339;9.538517721419339
865;30.50;14.50;True;False;False;False;735;32.50;11.50;True;False;False;False;1;9.994815611909871;0;9.994815611909871;9.994815611909871
865;30.50;14.50;True;False;False;False;740;37.50;11.50;True;False;False;False;1;24.07907566826725;0;24.07907566826725;24.07907566826725
865;30.50;14.50;True;False;False;False;745;42.50;11.50;True;False;False;False;1;18.169444444443798;0;18.169444444443798;18.169444444443798
865;30.50;14.50;True;False;False;False;752;49.50;11.50;True;False;False;False;1;22.041580087246075;0;22.041580087246075;22.041580087246075
865;30.50;14.50;True;False;False;False;755;52.50;11.50;True;False;False;False;2;33.24759738787361;154.41417817099912;24.460840927979007;42.034353847768216
865;30.50;14.50;True;False;False;False;805;14.50;13.50;True;False;False;False;1;17.139909403322235;0;17.139909403322235;17.139909403322235
865;30.50;14.50;True;False;False;False;812;21.50;13.50;True;False;False;False;1;13.451486276771902;0;13.451486276771902;13.451486276771902
865;30.50;14.50;True;False;False;False;816;25.50;13.50;True;False;False;False;1;10.15120170778755;0;10.15120170778755;10.15120170778755
865;30.50;14.50;True;False;False;False;817;26.50;13.50;True;False;False;False;1;9.40898268030196;0;9.40898268030196;9.40898268030196
865;30.50;14.50;True;False;False;False;821;30.50;13.50;True;False;False;False;1;3.74848788172676;0;3.74848788172676;3.74848788172676
865;30.50;14.50;True;False;False;False;823;32.50;13.50;True;False;False;False;1;21.456249128030322;0;21.456249128030322;21.456249128030322
865;30.50;14.50;True;False;False;False;828;37.50;13.50;True;False;False;False;1;12.450836948862616;0;12.450836948862616;12.450836948862616
865;30.50;14.50;True;False;False;False;830;39.50;13.50;True;False;False;False;1;31.753441510585617;0;31.753441510585617;31.753441510585617
865;30.50;14.50;True;False;False;False;833;42.50;13.50;True;False;False;False;2;21.939221260621707;25.200499152619923;18.38953823585598;25.488904285387434
865;30.50;14.50;True;False;False;False;835;44.50;13.50;True;False;False;False;2;20.949315340619933;17.266088188598268;18.01111111111186;23.887519570128006
865;30.50;14.50;True;False;False;False;840;49.50;13.50;True;False;False;False;1;20.17777777777701;0;20.17777777777701;20.17777777777701
865;30.50;14.50;True;False;False;False;842;51.50;13.50;True;False;False;False;2;28.9623629093428;86.15345772469716;22.399076471715034;35.52564934697057
865;30.50;14.50;True;False;False;False;843;52.50;13.50;True;False;False;False;1;21.33843112292743;0;21.33843112292743;21.33843112292743
865;30.50;14.50;True;False;False;False;866;31.50;14.50;True;False;False;False;1;3.5264790838382396;0;3.5264790838382396;3.5264790838382396
865;30.50;14.50;True;False;False;False;869;34.50;14.50;True;False;False;False;1;15.691572875255588;0;15.691572875255588;15.691572875255588
865;30.50;14.50;True;False;False;False;870;35.50;14.50;True;False;False;False;1;7.585500120033203;0;7.585500120033203;7.585500120033203
865;30.50;14.50;True;False;False;False;872;37.50;14.50;True;False;False;False;1;18.60472581868453;0;18.60472581868453;18.60472581868453
865;30.50;14.50;True;False;False;False;876;41.50;14.50;True;False;False;False;1;26.80638129424142;0;26.80638129424142;26.80638129424142
865;30.50;14.50;True;False;False;False;877;42.50;14.50;True;False;False;False;1;14.126572875254169;0;14.126572875254169;14.126572875254169
865;30.50;14.50;True;False;False;False;879;44.50;14.50;True;False;False;False;1;18.760926723021385;0;18.760926723021385;18.760926723021385
865;30.50;14.50;True;False;False;False;882;47.50;14.50;True;False;False;False;2;23.092568370866957;102.94148377688617;15.918257122500108;30.266879619233805
865;30.50;14.50;True;False;False;False;885;50.50;14.50;True;False;False;False;1;18.589170263123833;0;18.589170263123833;18.589170263123833
865;30.50;14.50;True;False;False;False;887;52.50;14.50;True;False;False;False;2;28.73898308202979;34.668257536367484;24.575555555557912;32.90241060850167
865;30.50;14.50;True;False;False;False;940;17.50;16.50;True;False;False;False;1;16.531768454452504;0;16.531768454452504;16.531768454452504
865;30.50;14.50;True;False;False;False;957;34.50;16.50;True;False;False;False;1;12.694819610095692;0;12.694819610095692;12.694819610095692
865;30.50;14.50;True;False;False;False;965;42.50;16.50;True;False;False;False;1;16.75425686161907;0;16.75425686161907;16.75425686161907
865;30.50;14.50;True;False;False;False;970;47.50;16.50;True;False;False;False;1;19.89694084797884;0;19.89694084797884;19.89694084797884
865;30.50;14.50;True;False;False;False;973;50.50;16.50;True;False;False;False;1;21.31499680526258;0;21.31499680526258;21.31499680526258
865;30.50;14.50;True;False;False;False;975;52.50;16.50;True;False;False;False;2;23.15244527385812;0.01906434940942868;23.05481241717189;23.250078130544352
865;30.50;14.50;True;False;False;False;1001;34.50;17.50;True;False;False;False;1;12.132226220411212;0;12.132226220411212;12.132226220411212
865;30.50;14.50;True;False;False;False;1002;35.50;17.50;True;False;False;False;1;12.920191581011295;0;12.920191581011295;12.920191581011295
865;30.50;14.50;True;False;False;False;1009;42.50;17.50;True;False;False;False;1;16.31388888888705;0;16.31388888888705;16.31388888888705
865;30.50;14.50;True;False;False;False;1011;44.50;17.50;True;False;False;False;1;18.780465762325093;0;18.780465762325093;18.780465762325093
865;30.50;14.50;True;False;False;False;1013;46.50;17.50;True;False;False;False;1;25.77832055437466;0;25.77832055437466;25.77832055437466
865;30.50;14.50;True;False;False;False;1016;49.50;17.50;True;False;False;False;1;21.926289109729623;0;21.926289109729623;21.926289109729623
865;30.50;14.50;True;False;False;False;1019;52.50;17.50;True;False;False;False;1;24.321017319697603;0;24.321017319697603;24.321017319697603
865;30.50;14.50;True;False;False;False;1086;31.50;19.50;True;False;False;False;1;10.146197709602347;0;10.146197709602347;10.146197709602347
865;30.50;14.50;True;False;False;False;1090;35.50;19.50;True;False;False;False;1;14.256297890483893;0;14.256297890483893;14.256297890483893
865;30.50;14.50;True;False;False;False;1094;39.50;19.50;True;False;False;False;1;17.30888888888785;0;17.30888888888785;17.30888888888785
865;30.50;14.50;True;False;False;False;1096;41.50;19.50;True;False;False;False;1;18.084347458290722;0;18.084347458290722;18.084347458290722
865;30.50;14.50;True;False;False;False;1097;42.50;19.50;True;False;False;False;1;19.455375165651276;0;19.455375165651276;19.455375165651276
865;30.50;14.50;True;False;False;False;1101;46.50;19.50;True;False;False;False;2;21.65810964418256;0.9176117888286272;20.980757524222554;22.335461764142565
865;30.50;14.50;True;False;False;False;1102;47.50;19.50;True;False;False;False;1;35.15740980505143;0;35.15740980505143;35.15740980505143
865;30.50;14.50;True;False;False;False;1106;51.50;19.50;True;False;False;False;1;24.71694404272057;0;24.71694404272057;24.71694404272057
865;30.50;14.50;True;False;False;False;1107;52.50;19.50;True;False;False;False;2;25.600418464897757;0.06134600104840504;25.425281374239603;25.77555555555591
865;30.50;14.50;True;False;False;False;1126;27.50;20.50;True;False;False;False;1;13.986760458083154;0;13.986760458083154;13.986760458083154
865;30.50;14.50;True;False;False;False;1133;34.50;20.50;True;False;False;False;1;24.239722623948182;0;24.239722623948182;24.239722623948182
865;30.50;14.50;True;False;False;False;1149;50.50;20.50;True;False;False;False;1;28.14176445627527;0;28.14176445627527;28.14176445627527
865;30.50;14.50;True;False;False;False;1229;42.50;22.50;True;False;False;False;1;20.557590194952127;0;20.557590194952127;20.557590194952127
865;30.50;14.50;True;False;False;False;1261;30.50;23.50;True;False;False;False;1;10.16398268030207;0;10.16398268030207;10.16398268030207
865;30.50;14.50;True;False;False;False;1272;41.50;23.50;True;False;False;False;1;21.370000000000573;0;21.370000000000573;21.370000000000573
865;30.50;14.50;True;False;False;False;1273;42.50;23.50;True;False;False;False;1;21.10055555555664;0;21.10055555555664;21.10055555555664
865;30.50;14.50;True;False;False;False;1280;49.50;23.50;True;False;False;False;1;26.030651738253255;0;26.030651738253255;26.030651738253255
865;30.50;14.50;True;False;False;False;1364;45.50;25.50;True;False;False;False;1;24.939167068391725;0;24.939167068391725;24.939167068391725
865;30.50;14.50;True;False;False;False;1370;51.50;25.50;True;False;False;False;1;28.76879909565878;0;28.76879909565878;28.76879909565878
866;31.50;14.50;True;False;False;False;12;61.50;3.50;False;False;True;False;1;101.42500000001019;0;101.42500000001019;101.42500000001019
866;31.50;14.50;True;False;False;False;44;61.50;15.50;False;False;True;False;1;94.95787476392661;0;94.95787476392661;94.95787476392661
866;31.50;14.50;True;False;False;False;302;39.50;1.50;True;False;False;False;1;21.16064215404913;0;21.16064215404913;21.16064215404913
866;31.50;14.50;True;False;False;False;424;29.50;4.50;True;False;False;False;1;19.577777777778465;0;19.577777777778465;19.577777777778465
866;31.50;14.50;True;False;False;False;431;36.50;4.50;True;False;False;False;1;17.86130588686501;0;17.86130588686501;17.86130588686501
866;31.50;14.50;True;False;False;False;435;40.50;4.50;True;False;False;False;1;23.9147258186822;0;23.9147258186822;23.9147258186822
866;31.50;14.50;True;False;False;False;437;42.50;4.50;True;False;False;False;1;21.38536797273082;0;21.38536797273082;21.38536797273082
866;31.50;14.50;True;False;False;False;447;52.50;4.50;True;False;False;False;1;29.369066084053884;0;29.369066084053884;29.369066084053884
866;31.50;14.50;True;False;False;False;468;29.50;5.50;True;False;False;False;1;14.195464958877437;0;14.195464958877437;14.195464958877437
866;31.50;14.50;True;False;False;False;471;32.50;5.50;True;False;False;False;1;14.28740980504881;0;14.28740980504881;14.28740980504881
866;31.50;14.50;True;False;False;False;474;35.50;5.50;True;False;False;False;1;15.807034639396079;0;15.807034639396079;15.807034639396079
866;31.50;14.50;True;False;False;False;475;36.50;5.50;True;False;False;False;3;17.57409139313404;0.2634310204115192;17.056297087048733;18.082683986364827
866;31.50;14.50;True;False;False;False;476;37.50;5.50;True;False;False;False;1;17.244373035256103;0;17.244373035256103;17.244373035256103
866;31.50;14.50;True;False;False;False;484;45.50;5.50;True;False;False;False;1;23.78815294342712;0;23.78815294342712;23.78815294342712
866;31.50;14.50;True;False;False;False;486;47.50;5.50;True;False;False;False;1;24.506343458381707;0;24.506343458381707;24.506343458381707
866;31.50;14.50;True;False;False;False;490;51.50;5.50;True;False;False;False;1;26.912409805037896;0;26.912409805037896;26.912409805037896
866;31.50;14.50;True;False;False;False;546;19.50;7.50;True;False;False;False;1;19.428621097056748;0;19.428621097056748;19.428621097056748
866;31.50;14.50;True;False;False;False;553;26.50;7.50;True;False;False;False;1;14.974351456478871;0;14.974351456478871;14.974351456478871
866;31.50;14.50;True;False;False;False;561;34.50;7.50;True;False;False;False;2;13.862222222219316;0.12601938957480305;13.611204902523241;14.11323954191539
866;31.50;14.50;True;False;False;False;566;39.50;7.50;True;False;False;False;1;17.167868374456702;0;17.167868374456702;17.167868374456702
866;31.50;14.50;True;False;False;False;567;40.50;7.50;True;False;False;False;1;17.797687984550976;0;17.797687984550976;17.797687984550976
866;31.50;14.50;True;False;False;False;573;46.50;7.50;True;False;False;False;1;23.577402612129845;0;23.577402612129845;23.577402612129845
866;31.50;14.50;True;False;False;False;574;47.50;7.50;True;False;False;False;1;23.037868374451136;0;23.037868374451136;23.037868374451136
866;31.50;14.50;True;False;False;False;576;49.50;7.50;True;False;False;False;2;28.040558750310083;9.94911108952853;25.810187582821527;30.27092991779864
866;31.50;14.50;True;False;False;False;577;50.50;7.50;True;False;False;False;1;25.259351456479635;0;25.259351456479635;25.259351456479635
866;31.50;14.50;True;False;False;False;600;29.50;8.50;True;False;False;False;1;22.563336528070067;0;22.563336528070067;22.563336528070067
866;31.50;14.50;True;False;False;False;606;35.50;8.50;True;False;False;False;1;13.628520916161051;0;13.628520916161051;13.628520916161051
866;31.50;14.50;True;False;False;False;610;39.50;8.50;True;False;False;False;1;21.443607514647738;0;21.443607514647738;21.443607514647738
866;31.50;14.50;True;False;False;False;693;34.50;10.50;True;False;False;False;2;12.473789100182785;0.880763653719119;11.810176391700224;13.137401808665345
866;31.50;14.50;True;False;False;False;700;41.50;10.50;True;False;False;False;1;18.084523046578397;0;18.084523046578397;18.084523046578397
866;31.50;14.50;True;False;False;False;701;42.50;10.50;True;False;False;False;1;18.276204902516838;0;18.276204902516838;18.276204902516838
866;31.50;14.50;True;False;False;False;709;50.50;10.50;True;False;False;False;2;32.10370330515889;166.5177463024292;22.979073276976123;41.22833333334165
866;31.50;14.50;True;False;False;False;711;52.50;10.50;True;False;False;False;1;28.20953104293585;0;28.20953104293585;28.20953104293585
866;31.50;14.50;True;False;False;False;724;21.50;11.50;True;False;False;False;1;15.714919790969361;0;15.714919790969361;15.714919790969361
866;31.50;14.50;True;False;False;False;735;32.50;11.50;True;False;False;False;1;9.49611111111517;0;9.49611111111517;9.49611111111517
866;31.50;14.50;True;False;False;False;737;34.50;11.50;True;False;False;False;1;11.025757524236724;0;11.025757524236724;11.025757524236724
866;31.50;14.50;True;False;False;False;742;39.50;11.50;True;False;False;False;1;15.100926723020166;0;15.100926723020166;15.100926723020166
866;31.50;14.50;True;False;False;False;743;40.50;11.50;True;False;False;False;1;16.98508340375338;0;16.98508340375338;16.98508340375338
866;31.50;14.50;True;False;False;False;744;41.50;11.50;True;False;False;False;1;16.17212843080779;0;16.17212843080779;16.17212843080779
866;31.50;14.50;True;False;False;False;748;45.50;11.50;True;False;False;False;1;20.050552360818983;0;20.050552360818983;20.050552360818983
866;31.50;14.50;True;False;False;False;752;49.50;11.50;True;False;False;False;1;25.077743136655045;0;25.077743136655045;25.077743136655045
866;31.50;14.50;True;False;False;False;754;51.50;11.50;True;False;False;False;2;27.33837663257509;46.95979593943923;22.492770584853133;32.18398268029705
866;31.50;14.50;True;False;False;False;818;27.50;13.50;True;False;False;False;1;14.776111111113096;0;14.776111111113096;14.776111111113096
866;31.50;14.50;True;False;False;False;823;32.50;13.50;True;False;False;False;1;6.934622423999826;0;6.934622423999826;6.934622423999826
866;31.50;14.50;True;False;False;False;825;34.50;13.50;True;False;False;False;1;9.516482278576404;0;9.516482278576404;9.516482278576404
866;31.50;14.50;True;False;False;False;828;37.50;13.50;True;False;False;False;1;25.713888888887595;0;25.713888888887595;25.713888888887595
866;31.50;14.50;True;False;False;False;872;37.50;14.50;True;False;False;False;1;7.738615511016178;0;7.738615511016178;7.738615511016178
866;31.50;14.50;True;False;False;False;877;42.50;14.50;True;False;False;False;1;11.253607514654504;0;11.253607514654504;11.253607514654504
866;31.50;14.50;True;False;False;False;879;44.50;14.50;True;False;False;False;1;22.539816415353926;0;22.539816415353926;22.539816415353926
866;31.50;14.50;True;False;False;False;884;49.50;14.50;True;False;False;False;2;16.768474422180134;0.01906615983963469;16.67083692979213;16.866111914568137
866;31.50;14.50;True;False;False;False;887;52.50;14.50;True;False;False;False;4;18.433104847314326;0.7957705919840894;17.642965360606468;19.71046895706513
866;31.50;14.50;True;False;False;False;957;34.50;16.50;True;False;False;False;1;9.844999999997526;0;9.844999999997526;9.844999999997526
866;31.50;14.50;True;False;False;False;963;40.50;16.50;True;False;False;False;1;17.071766847549043;0;17.071766847549043;17.071766847549043
866;31.50;14.50;True;False;False;False;965;42.50;16.50;True;False;False;False;1;16.140023989079054;0;16.140023989079054;16.140023989079054
866;31.50;14.50;True;False;False;False;967;44.50;16.50;True;False;False;False;1;18.681017319699095;0;18.681017319699095;18.681017319699095
866;31.50;14.50;True;False;False;False;969;46.50;16.50;True;False;False;False;1;18.65083293160842;0;18.65083293160842;18.65083293160842
866;31.50;14.50;True;False;False;False;970;47.50;16.50;True;False;False;False;1;18.603333333335286;0;18.603333333335286;18.603333333335286
866;31.50;14.50;True;False;False;False;1001;34.50;17.50;True;False;False;False;2;11.870602451259401;0.0005464272052144772;11.854073276972485;11.887131625546317
866;31.50;14.50;True;False;False;False;1004;37.50;17.50;True;False;False;False;1;12.734170263131091;0;12.734170263131091;12.734170263131091
866;31.50;14.50;True;False;False;False;1007;40.50;17.50;True;False;False;False;1;15.817777777778247;0;15.817777777778247;15.817777777778247
866;31.50;14.50;True;False;False;False;1012;45.50;17.50;True;False;False;False;1;19.47064934696391;0;19.47064934696391;19.47064934696391
866;31.50;14.50;True;False;False;False;1016;49.50;17.50;True;False;False;False;1;21.38609833215014;0;21.38609833215014;21.38609833215014
866;31.50;14.50;True;False;False;False;1017;50.50;17.50;True;False;False;False;1;25.599451637372113;0;25.599451637372113;25.599451637372113
866;31.50;14.50;True;False;False;False;1018;51.50;17.50;True;False;False;False;1;22.78249640354079;0;22.78249640354079;22.78249640354079
866;31.50;14.50;True;False;False;False;1070;15.50;19.50;True;False;False;False;1;22.032965360591334;0;22.032965360591334;22.032965360591334
866;31.50;14.50;True;False;False;False;1092;37.50;19.50;True;False;False;False;1;15.439443640992977;0;15.439443640992977;15.439443640992977
866;31.50;14.50;True;False;False;False;1094;39.50;19.50;True;False;False;False;2;16.43417026312636;0.13462283950754036;16.1747258186806;16.693614707572124
866;31.50;14.50;True;False;False;False;1095;40.50;19.50;True;False;False;False;1;17.576298693937133;0;17.576298693937133;17.576298693937133
866;31.50;14.50;True;False;False;False;1097;42.50;19.50;True;False;False;False;1;17.980555555557657;0;17.980555555557657;17.980555555557657
866;31.50;14.50;True;False;False;False;1100;45.50;19.50;True;False;False;False;1;19.14195043219479;0;19.14195043219479;19.14195043219479
866;31.50;14.50;True;False;False;False;1102;47.50;19.50;True;False;False;False;1;21.03398268030105;0;21.03398268030105;21.03398268030105
866;31.50;14.50;True;False;False;False;1104;49.50;19.50;True;False;False;False;1;22.66296216586943;0;22.66296216586943;22.66296216586943
866;31.50;14.50;True;False;False;False;1106;51.50;19.50;True;False;False;False;2;24.194580888063683;0.20988256291806553;23.870634470489676;24.51852730563769
866;31.50;14.50;True;False;False;False;1107;52.50;19.50;True;False;False;False;1;25.35555555555402;0;25.35555555555402;25.35555555555402
866;31.50;14.50;True;False;False;False;1115;16.50;20.50;True;False;False;False;1;21.679809222435324;0;21.679809222435324;21.679809222435324
866;31.50;14.50;True;False;False;False;1129;30.50;20.50;True;False;False;False;1;10.412416194534671;0;10.412416194534671;10.412416194534671
866;31.50;14.50;True;False;False;False;1135;36.50;20.50;True;False;False;False;1;14.60907566826154;0;14.60907566826154;14.60907566826154
866;31.50;14.50;True;False;False;False;1146;47.50;20.50;True;False;False;False;1;22.635100984336532;0;22.635100984336532;22.635100984336532
866;31.50;14.50;True;False;False;False;1206;19.50;22.50;True;False;False;False;1;22.893058348567138;0;22.893058348567138;22.893058348567138
866;31.50;14.50;True;False;False;False;1222;35.50;22.50;True;False;False;False;1;15.946757263343898;0;15.946757263343898;15.946757263343898
866;31.50;14.50;True;False;False;False;1258;27.50;23.50;True;False;False;False;1;16.801761261542197;0;16.801761261542197;16.801761261542197
866;31.50;14.50;True;False;False;False;1265;34.50;23.50;True;False;False;False;1;15.980277376040249;0;15.980277376040249;15.980277376040249
866;31.50;14.50;True;False;False;False;1275;44.50;23.50;True;False;False;False;1;22.927494012248644;0;22.927494012248644;22.927494012248644
866;31.50;14.50;True;False;False;False;1281;50.50;23.50;True;False;False;False;1;25.85898268029996;0;25.85898268029996;25.85898268029996
866;31.50;14.50;True;False;False;False;1369;50.50;25.50;True;False;False;False;1;27.407592586223473;0;27.407592586223473;27.407592586223473
866;31.50;14.50;True;False;False;False;1412;49.50;26.50;True;False;False;False;1;27.731945649632507;0;27.731945649632507;27.731945649632507
867;32.50;14.50;True;False;False;False;44;61.50;15.50;False;False;True;False;2;105.22249342092982;145.6771696629628;96.68794101137246;113.75704583048719
867;32.50;14.50;True;False;False;False;60;61.50;21.50;False;False;True;False;4;127.64836024290037;751.3587052030177;107.49009778959453;166.99213028310623
867;32.50;14.50;True;False;False;False;108;0.50;18.50;False;True;False;False;1;606.4772113624167;0;606.4772113624167;606.4772113624167
867;32.50;14.50;True;False;False;False;481;42.50;5.50;True;False;False;False;1;20.529200121764006;0;20.529200121764006;20.529200121764006
867;32.50;14.50;True;False;False;False;572;45.50;7.50;True;False;False;False;1;21.56926405453987;0;21.56926405453987;21.56926405453987
867;32.50;14.50;True;False;False;False;749;46.50;11.50;True;False;False;False;1;18.501022905722493;0;18.501022905722493;18.501022905722493
867;32.50;14.50;True;False;False;False;755;52.50;11.50;True;False;False;False;1;22.359256861614995;0;22.359256861614995;22.359256861614995
867;32.50;14.50;True;False;False;False;822;31.50;13.50;True;False;False;False;3;7.4176297761475025;0.3013511586857559;6.81796536060574;7.895375165654514
867;32.50;14.50;True;False;False;False;823;32.50;13.50;True;False;False;False;1;9.00612149877088;0;9.00612149877088;9.00612149877088
867;32.50;14.50;True;False;False;False;828;37.50;13.50;True;False;False;False;1;13.355555555550382;0;13.355555555550382;13.355555555550382
867;32.50;14.50;True;False;False;False;836;45.50;13.50;True;False;False;False;1;15.686666666665587;0;15.686666666665587;15.686666666665587
867;32.50;14.50;True;False;False;False;837;46.50;13.50;True;False;False;False;1;16.801010930248594;0;16.801010930248594;16.801010930248594
867;32.50;14.50;True;False;False;False;841;50.50;13.50;True;False;False;False;1;19.2025973878699;0;19.2025973878699;19.2025973878699
867;32.50;14.50;True;False;False;False;865;30.50;14.50;True;False;False;False;1;11.501757263347827;0;11.501757263347827;11.501757263347827
867;32.50;14.50;True;False;False;False;885;50.50;14.50;True;False;False;False;1;16.157770584854006;0;16.157770584854006;16.157770584854006
867;32.50;14.50;True;False;False;False;955;32.50;16.50;True;False;False;False;1;5.2285084495233605;0;5.2285084495233605;5.2285084495233605
867;32.50;14.50;True;False;False;False;965;42.50;16.50;True;False;False;False;1;15.31240980504299;0;15.31240980504299;15.31240980504299
867;32.50;14.50;True;False;False;False;968;45.50;16.50;True;False;False;False;1;17.809163070203795;0;17.809163070203795;17.809163070203795
867;32.50;14.50;True;False;False;False;1007;40.50;17.50;True;False;False;False;1;15.009910206783388;0;15.009910206783388;15.009910206783388
867;32.50;14.50;True;False;False;False;1018;51.50;17.50;True;False;False;False;1;22.81490486615803;0;22.81490486615803;22.81490486615803
867;32.50;14.50;True;False;False;False;1019;52.50;17.50;True;False;False;False;1;21.82536477798567;0;21.82536477798567;21.82536477798567
867;32.50;14.50;True;False;False;False;1099;44.50;19.50;True;False;False;False;1;18.4424098050481;0;18.4424098050481;18.4424098050481
867;32.50;14.50;True;False;False;False;1359;40.50;25.50;True;False;False;False;1;19.75463202726951;0;19.75463202726951;19.75463202726951
869;34.50;14.50;True;False;False;False;28;61.50;9.50;False;False;True;False;2;74.55972901341602;537.2582604983703;58.16981961009151;90.94963841674053
869;34.50;14.50;True;False;False;False;44;61.50;15.50;False;False;True;False;3;98.35417213148018;14.83100599217114;95.24972581867951;102.66371569189141
869;34.50;14.50;True;False;False;False;60;61.50;21.50;False;False;True;False;1;167.54231762051677;0;167.54231762051677;167.54231762051677
869;34.50;14.50;True;False;False;False;822;31.50;13.50;True;False;False;False;2;10.980786158673254;0.4864935055009743;10.487585638853488;11.47398667849302
869;34.50;14.50;True;False;False;False;838;47.50;13.50;True;False;False;False;1;16.683427124738955;0;16.683427124738955;16.683427124738955
869;34.50;14.50;True;False;False;False;864;29.50;14.50;True;False;False;False;1;17.961482278577932;0;17.961482278577932;17.961482278577932
869;34.50;14.50;True;False;False;False;865;30.50;14.50;True;False;False;False;1;12.487135623729955;0;12.487135623729955;12.487135623729955
869;34.50;14.50;True;False;False;False;986;19.50;17.50;True;False;False;False;1;19.226937898769393;0;19.226937898769393;19.226937898769393
870;35.50;14.50;True;False;False;False;44;61.50;15.50;False;False;True;False;4;102.34528403727018;190.88460102133166;88.51667066485334;120.89464002364548
870;35.50;14.50;True;False;False;False;704;45.50;10.50;True;False;False;False;1;20.45564934696813;0;20.45564934696813;20.45564934696813
870;35.50;14.50;True;False;False;False;822;31.50;13.50;True;False;False;False;1;13.140840927981117;0;13.140840927981117;13.140840927981117
870;35.50;14.50;True;False;False;False;866;31.50;14.50;True;False;False;False;1;6.249444444443725;0;6.249444444443725;6.249444444443725
870;35.50;14.50;True;False;False;False;877;42.50;14.50;True;False;False;False;1;8.947691179286721;0;8.947691179286721;8.947691179286721
871;36.50;14.50;True;False;False;False;44;61.50;15.50;False;False;True;False;2;120.55520196866928;866.9069437218959;99.73565653989135;141.3747473974472
871;36.50;14.50;True;False;False;False;820;29.50;13.50;True;False;False;False;1;11.176301888672242;0;11.176301888672242;11.176301888672242
871;36.50;14.50;True;False;False;False;970;47.50;16.50;True;False;False;False;1;16.900948301794415;0;16.900948301794415;16.900948301794415
872;37.50;14.50;True;False;False;False;12;61.50;3.50;False;False;True;False;5;110.76001028366355;223.9291216363276;86.8206059248987;125.73703088673938
872;37.50;14.50;True;False;False;False;28;61.50;9.50;False;False;True;False;3;90.63151541073573;73.95464709792758;82.757223025661;99.80805915200835
872;37.50;14.50;True;False;False;False;44;61.50;15.50;False;False;True;False;4;88.19903377505102;384.30003467842783;62.66705141651164;109.55084412270662
872;37.50;14.50;True;False;False;False;60;61.50;21.50;False;False;True;False;1;75.73102131788596;0;75.73102131788596;75.73102131788596
872;37.50;14.50;True;False;False;False;76;0.50;6.50;False;True;False;False;2;516.2331348193927;222.9579765730915;505.6747737587666;526.7914958800188
872;37.50;14.50;True;False;False;False;434;39.50;4.50;True;False;False;False;1;15.476200904340658;0;15.476200904340658;15.476200904340658
872;37.50;14.50;True;False;False;False;435;40.50;4.50;True;False;False;False;1;15.353148945239809;0;15.353148945239809;15.353148945239809
872;37.50;14.50;True;False;False;False;740;37.50;11.50;True;False;False;False;1;5.018145750505937;0;5.018145750505937;5.018145750505937
872;37.50;14.50;True;False;False;False;820;29.50;13.50;True;False;False;False;1;15.448975487384814;0;15.448975487384814;15.448975487384814
872;37.50;14.50;True;False;False;False;821;30.50;13.50;True;False;False;False;2;13.530650533090693;6.752158300934013;11.69323954192214;15.368061524259247
872;37.50;14.50;True;False;False;False;822;31.50;13.50;True;False;False;False;2;16.254364646669273;46.3865084300428;11.438427124750888;21.07030216858766
872;37.50;14.50;True;False;False;False;823;32.50;13.50;True;False;False;False;1;10.464444444444553;0;10.464444444444553;10.464444444444553
872;37.50;14.50;True;False;False;False;865;30.50;14.50;True;False;False;False;1;16.155581916860683;0;16.155581916860683;16.155581916860683
872;37.50;14.50;True;False;False;False;1013;46.50;17.50;True;False;False;False;1;15.756859647382953;0;15.756859647382953;15.756859647382953
872;37.50;14.50;True;False;False;False;1101;46.50;19.50;True;False;False;False;1;17.429906208588363;0;17.429906208588363;17.429906208588363
872;37.50;14.50;True;False;False;False;1228;41.50;22.50;True;False;False;False;1;15.713978682119887;0;15.713978682119887;15.713978682119887
872;37.50;14.50;True;False;False;False;1239;52.50;22.50;True;False;False;False;1;22.62342712474492;0;22.62342712474492;22.62342712474492
872;37.50;14.50;True;False;False;False;1277;46.50;23.50;True;False;False;False;1;19.808640549064876;0;19.808640549064876;19.808640549064876
874;39.50;14.50;True;False;False;False;12;61.50;3.50;False;False;True;False;2;87.13485812677209;41.98601261767295;82.55304556962437;91.7166706839198
874;39.50;14.50;True;False;False;False;28;61.50;9.50;False;False;True;False;5;87.22949848106217;503.5697288724157;49.009256861609174;105.73805915200865
874;39.50;14.50;True;False;False;False;44;61.50;15.50;False;False;True;False;2;120.73023647761147;161.55819638662626;111.7425171788509;129.71795577637204
874;39.50;14.50;True;False;False;False;60;61.50;21.50;False;False;True;False;1;149.69995074671442;0;149.69995074671442;149.69995074671442
874;39.50;14.50;True;False;False;False;76;0.50;6.50;False;True;False;False;1;620.0235441017576;0;620.0235441017576;620.0235441017576
874;39.50;14.50;True;False;False;False;108;0.50;18.50;False;True;False;False;1;590.4493622683513;0;590.4493622683513;590.4493622683513
874;39.50;14.50;True;False;False;False;579;52.50;7.50;True;False;False;False;1;20.517496403537734;0;20.517496403537734;20.517496403537734
874;39.50;14.50;True;False;False;False;685;26.50;10.50;True;False;False;False;1;23.109163070203067;0;23.109163070203067;23.109163070203067
874;39.50;14.50;True;False;False;False;732;29.50;11.50;True;False;False;False;1;26.253530500354827;0;26.253530500354827;26.253530500354827
874;39.50;14.50;True;False;False;False;733;30.50;11.50;True;False;False;False;1;14.967141209741385;0;14.967141209741385;14.967141209741385
874;39.50;14.50;True;False;False;False;821;30.50;13.50;True;False;False;False;1;12.418708498989872;0;12.418708498989872;12.418708498989872
874;39.50;14.50;True;False;False;False;822;31.50;13.50;True;False;False;False;1;12.54213242899641;0;12.54213242899641;12.54213242899641
874;39.50;14.50;True;False;False;False;865;30.50;14.50;True;False;False;False;1;16.598881695972523;0;16.598881695972523;16.598881695972523
874;39.50;14.50;True;False;False;False;870;35.50;14.50;True;False;False;False;1;6.772131625551992;0;6.772131625551992;6.772131625551992
874;39.50;14.50;True;False;False;False;959;36.50;16.50;True;False;False;False;1;9.466103918181034;0;9.466103918181034;9.466103918181034
874;39.50;14.50;True;False;False;False;999;32.50;17.50;True;False;False;False;1;14.187033835945954;0;14.187033835945954;14.187033835945954
874;39.50;14.50;True;False;False;False;1226;39.50;22.50;True;False;False;False;1;10.233524110892631;0;10.233524110892631;10.233524110892631
874;39.50;14.50;True;False;False;False;1234;47.50;22.50;True;False;False;False;1;18.12842712474412;0;18.12842712474412;18.12842712474412
875;40.50;14.50;True;False;False;False;28;61.50;9.50;False;False;True;False;3;83.07810471656497;574.5559251675024;56.312996268265124;102.56620170778842
875;40.50;14.50;True;False;False;False;44;61.50;15.50;False;False;True;False;1;124.9593522599207;0;124.9593522599207;124.9593522599207
875;40.50;14.50;True;False;False;False;60;61.50;21.50;False;False;True;False;2;114.87727271438439;1076.7167359670498;91.67472182049505;138.07982360827373
875;40.50;14.50;True;False;False;False;324;17.50;2.50;True;False;False;False;1;30.679875300902495;0;30.679875300902495;30.679875300902495
875;40.50;14.50;True;False;False;False;706;47.50;10.50;True;False;False;False;1;14.449079666450416;0;14.449079666450416;14.449079666450416
875;40.50;14.50;True;False;False;False;734;31.50;11.50;True;False;False;False;1;15.098152943450259;0;15.098152943450259;15.098152943450259
875;40.50;14.50;True;False;False;False;864;29.50;14.50;True;False;False;False;1;12.755833735052875;0;12.755833735052875;12.755833735052875
875;40.50;14.50;True;False;False;False;880;45.50;14.50;True;False;False;False;1;7.309076471716253;0;7.309076471716253;7.309076471716253
875;40.50;14.50;True;False;False;False;1226;39.50;22.50;True;False;False;False;1;13.065649346969622;0;13.065649346969622;13.065649346969622
876;41.50;14.50;True;False;False;False;12;61.50;3.50;False;False;True;False;1;170.4446296359788;0;170.4446296359788;170.4446296359788
876;41.50;14.50;True;False;False;False;823;32.50;13.50;True;False;False;False;1;12.182236608065068;0;12.182236608065068;12.182236608065068
877;42.50;14.50;True;False;False;False;12;61.50;3.50;False;False;True;False;1;122.72332855076456;0;122.72332855076456;122.72332855076456
877;42.50;14.50;True;False;False;False;28;61.50;9.50;False;False;True;False;1;63.124444444443725;0;63.124444444443725;63.124444444443725
877;42.50;14.50;True;False;False;False;44;61.50;15.50;False;False;True;False;7;109.15763244639139;725.2782065747402;86.34389288707462;160.76163948279918
877;42.50;14.50;True;False;False;False;60;61.50;21.50;False;False;True;False;3;120.05935438338322;1792.8673293656466;77.66768398634304;162.35203863756033
877;42.50;14.50;True;False;False;False;108;0.50;18.50;False;True;False;False;2;553.2726398038485;10226.213468155565;481.7666489074363;624.7786307002607
877;42.50;14.50;True;False;False;False;734;31.50;11.50;True;False;False;False;1;22.51129549920188;0;22.51129549920188;22.51129549920188
877;42.50;14.50;True;False;False;False;745;42.50;11.50;True;False;False;False;1;7.42620490252466;0;7.42620490252466;7.42620490252466
877;42.50;14.50;True;False;False;False;821;30.50;13.50;True;False;False;False;1;16.34009059667369;0;16.34009059667369;16.34009059667369
877;42.50;14.50;True;False;False;False;822;31.50;13.50;True;False;False;False;3;15.963144685591638;7.017012997678843;14.248236347184502;19.01407327699053
877;42.50;14.50;True;False;False;False;823;32.50;13.50;True;False;False;False;1;13.741486276761862;0;13.741486276761862;13.741486276761862
877;42.50;14.50;True;False;False;False;838;47.50;13.50;True;False;False;False;1;9.86416626493883;0;9.86416626493883;9.86416626493883
877;42.50;14.50;True;False;False;False;865;30.50;14.50;True;False;False;False;1;11.13333333333344;0;11.13333333333344;11.13333333333344
877;42.50;14.50;True;False;False;False;866;31.50;14.50;True;False;False;False;1;11.15138529242904;0;11.15138529242904;11.15138529242904
877;42.50;14.50;True;False;False;False;886;51.50;14.50;True;False;False;False;1;11.020926723019329;0;11.020926723019329;11.020926723019329
877;42.50;14.50;True;False;False;False;1066;11.50;19.50;True;False;False;False;1;31.284062710667058;0;31.284062710667058;31.284062710667058
877;42.50;14.50;True;False;False;False;1105;50.50;19.50;True;False;False;False;1;16.478885694155906;0;16.478885694155906;16.478885694155906
877;42.50;14.50;True;False;False;False;1278;47.50;23.50;True;False;False;False;1;16.530562748470402;0;16.530562748470402;16.530562748470402
879;44.50;14.50;True;False;False;False;44;61.50;15.50;False;False;True;False;3;97.40144275695518;285.62718011826826;84.70176045807239;116.58349853399886
879;44.50;14.50;True;False;False;False;60;61.50;21.50;False;False;True;False;5;114.66092960399946;1022.0795439997107;76.54020516340734;159.93018838626813
879;44.50;14.50;True;False;False;False;124;0.50;24.50;False;True;False;False;1;521.8861263003887;0;521.8861263003887;521.8861263003887
879;44.50;14.50;True;False;False;False;358;51.50;2.50;True;False;False;False;1;20.54102051443533;0;20.54102051443533;20.54102051443533
879;44.50;14.50;True;False;False;False;439;44.50;4.50;True;False;False;False;1;10.59296536059992;0;10.59296536059992;10.59296536059992
879;44.50;14.50;True;False;False;False;734;31.50;11.50;True;False;False;False;1;17.69268798455596;0;17.69268798455596;17.69268798455596
879;44.50;14.50;True;False;False;False;821;30.50;13.50;True;False;False;False;1;28.642121237888205;0;28.642121237888205;28.642121237888205
879;44.50;14.50;True;False;False;False;864;29.50;14.50;True;False;False;False;2;16.931060618947186;21.608529568336298;13.644076471713106;20.218044766181265
879;44.50;14.50;True;False;False;False;865;30.50;14.50;True;False;False;False;1;23.547871569189738;0;23.547871569189738;23.547871569189738
879;44.50;14.50;True;False;False;False;1011;44.50;17.50;True;False;False;False;1;5.529188647098636;0;5.529188647098636;5.529188647098636
879;44.50;14.50;True;False;False;False;1101;46.50;19.50;True;False;False;False;1;11.086833455172382;0;11.086833455172382;11.086833455172382
880;45.50;14.50;True;False;False;False;28;61.50;9.50;False;False;True;False;2;122.39977221858862;696.5254735033872;103.73797335696509;141.06157108021216
880;45.50;14.50;True;False;False;False;44;61.50;15.50;False;False;True;False;2;114.81825297743535;1008.0556648476578;92.36768878800285;137.26881716686785
880;45.50;14.50;True;False;False;False;60;61.50;21.50;False;False;True;False;2;95.67786837444328;33.61083711960718;91.57842712473575;99.7773096241508
880;45.50;14.50;True;False;False;False;124;0.50;24.50;False;True;False;False;1;566.6219056868194;0;566.6219056868194;566.6219056868194
880;45.50;14.50;True;False;False;False;486;47.50;5.50;True;False;False;False;1;14.416940847979276;0;14.416940847979276;14.416940847979276
880;45.50;14.50;True;False;False;False;706;47.50;10.50;True;False;False;False;1;10.339163070206268;0;10.339163070206268;10.339163070206268
880;45.50;14.50;True;False;False;False;732;29.50;11.50;True;False;False;False;1;30.133333333331393;0;30.133333333331393;30.133333333331393
880;45.50;14.50;True;False;False;False;748;45.50;11.50;True;False;False;False;1;5.052128430810626;0;5.052128430810626;5.052128430810626
880;45.50;14.50;True;False;False;False;820;29.50;13.50;True;False;False;False;1;23.6654617641434;0;23.6654617641434;23.6654617641434
880;45.50;14.50;True;False;False;False;881;46.50;14.50;True;False;False;False;1;3.4261286916698737;0;3.4261286916698737;3.4261286916698737
880;45.50;14.50;True;False;False;False;973;50.50;16.50;True;False;False;False;1;11.731301292434182;0;11.731301292434182;11.731301292434182
881;46.50;14.50;True;False;False;False;44;61.50;15.50;False;False;True;False;5;120.47613754054255;1093.7795702982305;87.27574472618653;165.06490701203984
881;46.50;14.50;True;False;False;False;124;0.50;24.50;False;True;False;False;1;593.5498156309623;0;593.5498156309623;593.5498156309623
881;46.50;14.50;True;False;False;False;691;32.50;10.50;True;False;False;False;1;18.917061000644026;0;18.917061000644026;18.917061000644026
881;46.50;14.50;True;False;False;False;820;29.50;13.50;True;False;False;False;1;23.48061657717153;0;23.48061657717153;23.48061657717153
881;46.50;14.50;True;False;False;False;822;31.50;13.50;True;False;False;False;1;21.70175726334128;0;21.70175726334128;21.70175726334128
881;46.50;14.50;True;False;False;False;865;30.50;14.50;True;False;False;False;1;22.21805595727983;0;22.21805595727983;22.21805595727983
881;46.50;14.50;True;False;False;False;1007;40.50;17.50;True;False;False;False;1;14.127128430809535;0;14.127128430809535;14.127128430809535
881;46.50;14.50;True;False;False;False;1275;44.50;23.50;True;False;False;False;1;15.297885955013044;0;15.297885955013044;15.297885955013044
882;47.50;14.50;True;False;False;False;12;61.50;3.50;False;False;True;False;3;113.31661480722914;328.387325968899;94.33713482026087;130.43667789591063
882;47.50;14.50;True;False;False;False;28;61.50;9.50;False;False;True;False;7;99.32613136118582;628.598811449723;66.56158006816986;145.09900345560163
882;47.50;14.50;True;False;False;False;60;61.50;21.50;False;False;True;False;1;90.99658645761883;0;90.99658645761883;90.99658645761883
882;47.50;14.50;True;False;False;False;76;0.50;6.50;False;True;False;False;1;611.2872273076791;0;611.2872273076791;611.2872273076791
882;47.50;14.50;True;False;False;False;618;47.50;8.50;True;False;False;False;1;7.405836929790894;0;7.405836929790894;7.405836929790894
882;47.50;14.50;True;False;False;False;734;31.50;11.50;True;False;False;False;1;19.79564534877136;0;19.79564534877136;19.79564534877136
882;47.50;14.50;True;False;False;False;820;29.50;13.50;True;False;False;False;1;19.669444444443798;0;19.669444444443798;19.669444444443798
882;47.50;14.50;True;False;False;False;821;30.50;13.50;True;False;False;False;2;27.982361311969726;176.98995535449345;18.5751843880862;37.38953823585325
882;47.50;14.50;True;False;False;False;822;31.50;13.50;True;False;False;False;2;28.55962683344103;245.68060856236423;17.47629230446546;39.6429613624166
882;47.50;14.50;True;False;False;False;865;30.50;14.50;True;False;False;False;1;14.932323244696818;0;14.932323244696818;14.932323244696818
882;47.50;14.50;True;False;False;False;866;31.50;14.50;True;False;False;False;1;20.064716234464868;0;20.064716234464868;20.064716234464868
882;47.50;14.50;True;False;False;False;874;39.50;14.50;True;False;False;False;1;8.881777235191294;0;8.881777235191294;8.881777235191294
882;47.50;14.50;True;False;False;False;1014;47.50;17.50;True;False;False;False;1;6.100003194726014;0;6.100003194726014;6.100003194726014
882;47.50;14.50;True;False;False;False;1278;47.50;23.50;True;False;False;False;1;10.351020514433912;0;10.351020514433912;10.351020514433912
884;49.50;14.50;True;False;False;False;12;61.50;3.50;False;False;True;False;7;108.34575119673741;360.2806594462765;79.59722622039953;129.88640447990542
884;49.50;14.50;True;False;False;False;28;61.50;9.50;False;False;True;False;6;85.70552104978242;646.1085494890334;40.19602131789361;114.56231281889995
884;49.50;14.50;True;False;False;False;44;61.50;15.50;False;False;True;False;4;115.16583792933545;533.7516198428813;93.69296536059665;142.5545358445729
884;49.50;14.50;True;False;False;False;60;61.50;21.50;False;False;True;False;2;65.80990940331685;1405.4806359941006;39.30065973462479;92.31915907200892
884;49.50;14.50;True;False;False;False;108;0.50;18.50;False;True;False;False;1;602.0452509956358;0;602.0452509956358;602.0452509956358
884;49.50;14.50;True;False;False;False;411;16.50;4.50;True;False;False;False;1;41.481024512619115;0;41.481024512619115;41.481024512619115
884;49.50;14.50;True;False;False;False;569;42.50;7.50;True;False;False;False;1;16.89953023947237;0;16.89953023947237;16.89953023947237
884;49.50;14.50;True;False;False;False;576;49.50;7.50;True;False;False;False;1;8.39999999999418;0;8.39999999999418;8.39999999999418
884;49.50;14.50;True;False;False;False;724;21.50;11.50;True;False;False;False;1;27.59861470757278;0;27.59861470757278;27.59861470757278
884;49.50;14.50;True;False;False;False;821;30.50;13.50;True;False;False;False;4;27.529464496697756;148.34798356951237;19.321940847969927;45.49250679119905
884;49.50;14.50;True;False;False;False;822;31.50;13.50;True;False;False;False;1;18.787219027482934;0;18.787219027482934;18.787219027482934
884;49.50;14.50;True;False;False;False;823;32.50;13.50;True;False;False;False;1;18.244238477585895;0;18.244238477585895;18.244238477585895
884;49.50;14.50;True;False;False;False;864;29.50;14.50;True;False;False;False;1;17.499527848194703;0;17.499527848194703;17.499527848194703
884;49.50;14.50;True;False;False;False;865;30.50;14.50;True;False;False;False;1;16.872122041338343;0;16.872122041338343;16.872122041338343
884;49.50;14.50;True;False;False;False;952;29.50;16.50;True;False;False;False;1;22.544444444443798;0;22.544444444443798;22.544444444443798
884;49.50;14.50;True;False;False;False;1013;46.50;17.50;True;False;False;False;1;11.867664798903206;0;11.867664798903206;11.867664798903206
884;49.50;14.50;True;False;False;False;1016;49.50;17.50;True;False;False;False;1;8.695093791415275;0;8.695093791415275;8.695093791415275
884;49.50;14.50;True;False;False;False;1102;47.50;19.50;True;False;False;False;1;11.617611773701356;0;11.617611773701356;11.617611773701356
884;49.50;14.50;True;False;False;False;1105;50.50;19.50;True;False;False;False;1;12.892121237886386;0;12.892121237886386;12.892121237886386
884;49.50;14.50;True;False;False;False;1118;19.50;20.50;True;False;False;False;1;31.720375165650694;0;31.720375165650694;31.720375165650694
884;49.50;14.50;True;False;False;False;1236;49.50;22.50;True;False;False;False;1;9.492135623731883;0;9.492135623731883;9.492135623731883
884;49.50;14.50;True;False;False;False;1412;49.50;26.50;True;False;False;False;1;12.269444444438705;0;12.269444444438705;12.269444444438705
885;50.50;14.50;True;False;False;False;12;61.50;3.50;False;False;True;False;2;93.32643618631846;28.0452883254009;89.581754068608;97.07111830402891
885;50.50;14.50;True;False;False;False;28;61.50;9.50;False;False;True;False;2;104.31741100068939;2.7330167277468993;103.1484335142195;105.48638848715927
885;50.50;14.50;True;False;False;False;60;61.50;21.50;False;False;True;False;1;114.754819610097;0;114.754819610097;114.754819610097
885;50.50;14.50;True;False;False;False;753;50.50;11.50;True;False;False;False;1;5.304118305774182;0;5.304118305774182;5.304118305774182
885;50.50;14.50;True;False;False;False;755;52.50;11.50;True;False;False;False;1;9.800743138377584;0;9.800743138377584;9.800743138377584
885;50.50;14.50;True;False;False;False;822;31.50;13.50;True;False;False;False;1;19.791298693934095;0;19.791298693934095;19.791298693934095
885;50.50;14.50;True;False;False;False;879;44.50;14.50;True;False;False;False;1;7.488239541921757;0;7.488239541921757;7.488239541921757
885;50.50;14.50;True;False;False;False;1080;25.50;19.50;True;False;False;False;1;26.71917026312076;0;26.71917026312076;26.71917026312076
886;51.50;14.50;True;False;False;False;12;61.50;3.50;False;False;True;False;1;88.09324354009732;0;88.09324354009732;88.09324354009732
886;51.50;14.50;True;False;False;False;28;61.50;9.50;False;False;True;False;3;92.90194723743237;216.58527456013206;76.78665865115545;105.6295358445741
886;51.50;14.50;True;False;False;False;60;61.50;21.50;False;False;True;False;1;97.86416706837917;0;97.86416706837917;97.86416706837917
886;51.50;14.50;True;False;False;False;446;51.50;4.50;True;False;False;False;1;10.325739943645203;0;10.325739943645203;10.325739943645203
886;51.50;14.50;True;False;False;False;752;49.50;11.50;True;False;False;False;1;10.435773800747484;0;10.435773800747484;10.435773800747484
886;51.50;14.50;True;False;False;False;827;36.50;13.50;True;False;False;False;1;17.18611111111116;0;17.18611111111116;17.18611111111116
886;51.50;14.50;True;False;False;False;935;12.50;16.50;True;False;False;False;1;42.9876839863573;0;42.9876839863573;42.9876839863573
886;51.50;14.50;True;False;False;False;968;45.50;16.50;True;False;False;False;1;12.819906992943288;0;12.819906992943288;12.819906992943288
886;51.50;14.50;True;False;False;False;1145;46.50;20.50;True;False;False;False;1;15.955375165652185;0;15.955375165652185;15.955375165652185
887;52.50;14.50;True;False;False;False;12;61.50;3.50;False;False;True;False;6;89.77714690620512;204.52466491551;64.4442491491136;105.47880148695185
887;52.50;14.50;True;False;False;False;28;61.50;9.50;False;False;True;False;5;91.74454159127909;36.11820985094567;86.19296935878447;100.00565334514977
887;52.50;14.50;True;False;False;False;44;61.50;15.50;False;False;True;False;8;101.07075566336891;795.7677904972927;58.68981641535356;137.81788117244287
887;52.50;14.50;True;False;False;False;60;61.50;21.50;False;False;True;False;7;95.67136378524488;756.4058802051231;71.14296536059919;143.13824354011285
887;52.50;14.50;True;False;False;False;92;0.50;12.50;False;True;False;False;1;208.94371969006534;0;208.94371969006534;208.94371969006534
887;52.50;14.50;True;False;False;False;451;12.50;5.50;True;False;False;False;1;39.25446735577134;0;39.25446735577134;39.25446735577134
887;52.50;14.50;True;False;False;False;574;47.50;7.50;True;False;False;False;1;17.847222222221262;0;17.847222222221262;17.847222222221262
887;52.50;14.50;True;False;False;False;576;49.50;7.50;True;False;False;False;1;13.470830540323732;0;13.470830540323732;13.470830540323732
887;52.50;14.50;True;False;False;False;578;51.50;7.50;True;False;False;False;1;11.551854249490134;0;11.551854249490134;11.551854249490134
887;52.50;14.50;True;False;False;False;711;52.50;10.50;True;False;False;False;1;6.361017319690291;0;6.361017319690291;6.361017319690291
887;52.50;14.50;True;False;False;False;732;29.50;11.50;True;False;False;False;1;24.63315213997339;0;24.63315213997339;24.63315213997339
887;52.50;14.50;True;False;False;False;734;31.50;11.50;True;False;False;False;1;23.27582893343788;0;23.27582893343788;23.27582893343788
887;52.50;14.50;True;False;False;False;754;51.50;11.50;True;False;False;False;1;8.626666666656092;0;8.626666666656092;8.626666666656092
887;52.50;14.50;True;False;False;False;820;29.50;13.50;True;False;False;False;2;25.150223537898796;14.302398873192349;22.476050873952772;27.82439620184482
887;52.50;14.50;True;False;False;False;821;30.50;13.50;True;False;False;False;4;35.676366440579386;171.55001227341216;24.34824273664708;51.73870210950918
887;52.50;14.50;True;False;False;False;822;31.50;13.50;True;False;False;False;3;23.485586819348708;4.186953081565216;21.182219027479732;25.09314974869085
887;52.50;14.50;True;False;False;False;823;32.50;13.50;True;False;False;False;2;28.120746333117154;112.09754683296293;20.634173457863653;35.607319208370654
887;52.50;14.50;True;False;False;False;838;47.50;13.50;True;False;False;False;1;10.007405806856696;0;10.007405806856696;10.007405806856696
887;52.50;14.50;True;False;False;False;840;49.50;13.50;True;False;False;False;1;25.699264054539526;0;25.699264054539526;25.699264054539526
887;52.50;14.50;True;False;False;False;864;29.50;14.50;True;False;False;False;1;25.39834771916867;0;25.39834771916867;25.39834771916867
887;52.50;14.50;True;False;False;False;866;31.50;14.50;True;False;False;False;1;22.877222222222372;0;22.877222222222372;22.877222222222372
887;52.50;14.50;True;False;False;False;884;49.50;14.50;True;False;False;False;1;6.3113050834108435;0;6.3113050834108435;6.3113050834108435
887;52.50;14.50;True;False;False;False;1276;45.50;23.50;True;False;False;False;1;17.61027098658451;0;17.61027098658451;17.61027098658451
887;52.50;14.50;True;False;False;False;1368;49.50;25.50;True;False;False;False;1;17.147691179287904;0;17.147691179287904;17.147691179287904
887;52.50;14.50;True;False;False;False;1413;50.50;26.50;True;False;False;False;1;16.627222222222372;0;16.627222222222372;16.627222222222372
932;9.50;16.50;True;False;False;False;12;61.50;3.50;False;False;True;False;1;102.195093791408;0;102.195093791408;102.195093791408
932;9.50;16.50;True;False;False;False;60;61.50;21.50;False;False;True;False;1;73.41982041354277;0;73.41982041354277;73.41982041354277
932;9.50;16.50;True;False;False;False;592;21.50;8.50;True;False;False;False;1;20.719999999997526;0;20.719999999997526;20.719999999997526
932;9.50;16.50;True;False;False;False;1089;34.50;19.50;True;False;False;False;1;25.599350653028523;0;25.599350653028523;25.599350653028523
933;10.50;16.50;True;False;False;False;44;61.50;15.50;False;False;True;False;1;105.59092141118163;0;105.59092141118163;105.59092141118163
933;10.50;16.50;True;False;False;False;710;51.50;10.50;True;False;False;False;1;39.84026571283903;0;39.84026571283903;39.84026571283903
935;12.50;16.50;True;False;False;False;60;61.50;21.50;False;False;True;False;1;58.00232320656505;0;58.00232320656505;58.00232320656505
935;12.50;16.50;True;False;False;False;711;52.50;10.50;True;False;False;False;1;38.37240261211991;0;38.37240261211991;38.37240261211991
937;14.50;16.50;True;False;False;False;12;61.50;3.50;False;False;True;False;1;117.8190764717092;0;117.8190764717092;117.8190764717092
937;14.50;16.50;True;False;False;False;711;52.50;10.50;True;False;False;False;1;37.2738864976036;0;37.2738864976036;37.2738864976036
937;14.50;16.50;True;False;False;False;1141;42.50;20.50;True;False;False;False;1;28.127871569189665;0;28.127871569189665;28.127871569189665
938;15.50;16.50;True;False;False;False;44;61.50;15.50;False;False;True;False;1;132.72566053805713;0;132.72566053805713;132.72566053805713
940;17.50;16.50;True;False;False;False;28;61.50;9.50;False;False;True;False;1;95.01296935878054;0;95.01296935878054;95.01296935878054
940;17.50;16.50;True;False;False;False;44;61.50;15.50;False;False;True;False;1;98.99553956282216;0;98.99553956282216;98.99553956282216
940;17.50;16.50;True;False;False;False;60;61.50;21.50;False;False;True;False;1;143.10639728698834;0;143.10639728698834;143.10639728698834
940;17.50;16.50;True;False;False;False;338;31.50;2.50;True;False;False;False;1;25.757871569190684;0;25.757871569190684;25.757871569190684
940;17.50;16.50;True;False;False;False;959;36.50;16.50;True;False;False;False;1;17.33648308203192;0;17.33648308203192;17.33648308203192
940;17.50;16.50;True;False;False;False;1001;34.50;17.50;True;False;False;False;1;21.95833333333212;0;21.95833333333212;21.95833333333212
943;20.50;16.50;True;False;False;False;28;61.50;9.50;False;False;True;False;1;71.73832055437197;0;71.73832055437197;71.73832055437197
945;22.50;16.50;True;False;False;False;12;61.50;3.50;False;False;True;False;1;74.78730435042598;0;74.78730435042598;74.78730435042598
947;24.50;16.50;True;False;False;False;44;61.50;15.50;False;False;True;False;1;125.89157687344414;0;125.89157687344414;125.89157687344414
948;25.50;16.50;True;False;False;False;44;61.50;15.50;False;False;True;False;1;106.68714281663415;0;106.68714281663415;106.68714281663415
948;25.50;16.50;True;False;False;False;997;30.50;17.50;True;False;False;False;1;10.415879283882532;0;10.415879283882532;10.415879283882532
949;26.50;16.50;True;False;False;False;108;0.50;18.50;False;True;False;False;1;31.281847860021514;0;31.281847860021514;31.281847860021514
949;26.50;16.50;True;False;False;False;866;31.50;14.50;True;False;False;False;1;11.625;0;11.625;11.625
950;27.50;16.50;True;False;False;False;28;61.50;9.50;False;False;True;False;2;147.1709981322607;1653.2077956036776;118.42027817950407;175.92171808501735
950;27.50;16.50;True;False;False;False;108;0.50;18.50;False;True;False;False;1;616.4450215786928;0;616.4450215786928;616.4450215786928
950;27.50;16.50;True;False;False;False;734;31.50;11.50;True;False;False;False;1;14.650555555548635;0;14.650555555548635;14.650555555548635
950;27.50;16.50;True;False;False;False;1009;42.50;17.50;True;False;False;False;1;16.992590194953664;0;16.992590194953664;16.992590194953664
950;27.50;16.50;True;False;False;False;1018;51.50;17.50;True;False;False;False;1;39.123246734838176;0;39.123246734838176;39.123246734838176
952;29.50;16.50;True;False;False;False;12;61.50;3.50;False;False;True;False;2;119.553219839554;27.21752430034012;115.86421426214292;123.24222541696508
952;29.50;16.50;True;False;False;False;28;61.50;9.50;False;False;True;False;2;117.53495912063931;1928.6242995852776;86.48158330105025;148.58833494022838
952;29.50;16.50;True;False;False;False;821;30.50;13.50;True;False;False;False;1;9.52519397231299;0;9.52519397231299;9.52519397231299
952;29.50;16.50;True;False;False;False;991;24.50;17.50;True;False;False;False;1;10.084632027268526;0;10.084632027268526;10.084632027268526
952;29.50;16.50;True;False;False;False;997;30.50;17.50;True;False;False;False;1;6.681385292435152;0;6.681385292435152;6.681385292435152
952;29.50;16.50;True;False;False;False;999;32.50;17.50;True;False;False;False;1;8.496666666665988;0;8.496666666665988;8.496666666665988
952;29.50;16.50;True;False;False;False;1104;49.50;19.50;True;False;False;False;1;24.82466320927051;0;24.82466320927051;24.82466320927051
953;30.50;16.50;True;False;False;False;12;61.50;3.50;False;False;True;False;2;143.49184453301314;287.58314656057615;131.500532124428;155.48315694159828
953;30.50;16.50;True;False;False;False;44;61.50;15.50;False;False;True;False;1;92.30290648468144;0;92.30290648468144;92.30290648468144
953;30.50;16.50;True;False;False;False;124;0.50;24.50;False;True;False;False;1;631.165105785909;0;631.165105785909;631.165105785909
953;30.50;16.50;True;False;False;False;480;41.50;5.50;True;False;False;False;1;22.48685744422255;0;22.48685744422255;22.48685744422255
953;30.50;16.50;True;False;False;False;695;36.50;10.50;True;False;False;False;1;23.428236347175698;0;23.428236347175698;23.428236347175698
953;30.50;16.50;True;False;False;False;747;44.50;11.50;True;False;False;False;1;19.689812417160283;0;19.689812417160283;19.689812417160283
953;30.50;16.50;True;False;False;False;812;21.50;13.50;True;False;False;False;1;16.09464241488604;0;16.09464241488604;16.09464241488604
953;30.50;16.50;True;False;False;False;821;30.50;13.50;True;False;False;False;2;6.566324682067716;0.3304082380175404;6.159871586361987;6.9727777777734445
953;30.50;16.50;True;False;False;False;830;39.50;13.50;True;False;False;False;1;15.642135623733338;0;15.642135623733338;15.642135623733338
953;30.50;16.50;True;False;False;False;835;44.50;13.50;True;False;False;False;1;18.13167385959605;0;18.13167385959605;18.13167385959605
953;30.50;16.50;True;False;False;False;879;44.50;14.50;True;False;False;False;1;18.93574952784911;0;18.93574952784911;18.93574952784911
953;30.50;16.50;True;False;False;False;887;52.50;14.50;True;False;False;False;1;23.01203783411256;0;23.01203783411256;23.01203783411256
953;30.50;16.50;True;False;False;False;1004;37.50;17.50;True;False;False;False;1;11.792820463208045;0;11.792820463208045;11.792820463208045
953;30.50;16.50;True;False;False;False;1009;42.50;17.50;True;False;False;False;1;15.327503596457973;0;15.327503596457973;15.327503596457973
953;30.50;16.50;True;False;False;False;1140;41.50;20.50;True;False;False;False;1;17.20510657032719;0;17.20510657032719;17.20510657032719
954;31.50;16.50;True;False;False;False;28;61.50;9.50;False;False;True;False;3;99.35294883863632;87.09677752831129;88.99782200328627;107.11417026312483
954;31.50;16.50;True;False;False;False;44;61.50;15.50;False;False;True;False;2;119.23051025721179;1359.700421197659;93.156572875243;145.30444763918058
954;31.50;16.50;True;False;False;False;309;46.50;1.50;True;False;False;False;1;28.21796536059992;0;28.21796536059992;28.21796536059992
954;31.50;16.50;True;False;False;False;822;31.50;13.50;True;False;False;False;1;6.669544625303388;0;6.669544625303388;6.669544625303388
954;31.50;16.50;True;False;False;False;823;32.50;13.50;True;False;False;False;1;15.81369250623311;0;15.81369250623311;15.81369250623311
954;31.50;16.50;True;False;False;False;953;30.50;16.50;True;False;False;False;1;2.6539826802945754;0;2.6539826802945754;2.6539826802945754
954;31.50;16.50;True;False;False;False;1148;49.50;20.50;True;False;False;False;1;21.573336528066648;0;21.573336528066648;21.573336528066648
955;32.50;16.50;True;False;False;False;44;61.50;15.50;False;False;True;False;4;104.66779342772838;2530.8200254182743;40.99861870575478;163.92409373948158
955;32.50;16.50;True;False;False;False;60;61.50;21.50;False;False;True;False;1;100.66448040897376;0;100.66448040897376;100.66448040897376
955;32.50;16.50;True;False;False;False;108;0.50;18.50;False;True;False;False;2;583.4659455087351;3834.724146093521;539.6782523399147;627.2536386775555
955;32.50;16.50;True;False;False;False;308;45.50;1.50;True;False;False;False;1;36.29545856940604;0;36.29545856940604;36.29545856940604
955;32.50;16.50;True;False;False;False;454;15.50;5.50;True;False;False;False;1;25.643799095658323;0;25.643799095658323;25.643799095658323
955;32.50;16.50;True;False;False;False;708;49.50;10.50;True;False;False;False;1;23.305187582822327;0;23.305187582822327;23.305187582822327
955;32.50;16.50;True;False;False;False;821;30.50;13.50;True;False;False;False;1;9.414538235856526;0;9.414538235856526;9.414538235856526
955;32.50;16.50;True;False;False;False;822;31.50;13.50;True;False;False;False;2;8.98986331106289;0.6718285803202649;8.410282177691442;9.569444444434339
955;32.50;16.50;True;False;False;False;1011;44.50;17.50;True;False;False;False;1;14.404444444446199;0;14.404444444446199;14.404444444446199
955;32.50;16.50;True;False;False;False;1231;44.50;22.50;True;False;False;False;1;19.593189975831592;0;19.593189975831592;19.593189975831592
957;34.50;16.50;True;False;False;False;12;61.50;3.50;False;False;True;False;1;82.04111510929943;0;82.04111510929943;82.04111510929943
957;34.50;16.50;True;False;False;False;28;61.50;9.50;False;False;True;False;1;118.66703863757539;0;118.66703863757539;118.66703863757539
957;34.50;16.50;True;False;False;False;44;61.50;15.50;False;False;True;False;2;78.16448734196342;205.05928686022153;68.03879509747412;88.29017958645272
957;34.50;16.50;True;False;False;False;60;61.50;21.50;False;False;True;False;1;120.06408125429152;0;120.06408125429152;120.06408125429152
957;34.50;16.50;True;False;False;False;820;29.50;13.50;True;False;False;False;1;14.98250359645317;0;14.98250359645317;14.98250359645317
957;34.50;16.50;True;False;False;False;822;31.50;13.50;True;False;False;False;1;11.533550038271642;0;11.533550038271642;11.533550038271642
957;34.50;16.50;True;False;False;False;1019;52.50;17.50;True;False;False;False;1;21.07055236081942;0;21.07055236081942;21.07055236081942
957;34.50;16.50;True;False;False;False;1097;42.50;19.50;True;False;False;False;1;14.586472694374606;0;14.586472694374606;14.586472694374606
957;34.50;16.50;True;False;False;False;1106;51.50;19.50;True;False;False;False;1;20.089535041122872;0;20.089535041122872;20.089535041122872
958;35.50;16.50;True;False;False;False;44;61.50;15.50;False;False;True;False;1;111.17055236080705;0;111.17055236080705;111.17055236080705
958;35.50;16.50;True;False;False;False;60;61.50;21.50;False;False;True;False;2;105.59448015856469;252.71082912913096;94.353687723662;116.83527259346738
958;35.50;16.50;True;False;False;False;734;31.50;11.50;True;False;False;False;2;17.977215832751654;7.769768174152718;16.006204902524132;19.948226762979175
958;35.50;16.50;True;False;False;False;802;11.50;13.50;True;False;False;False;1;25.065187582820727;0;25.065187582820727;25.065187582820727
958;35.50;16.50;True;False;False;False;1101;46.50;19.50;True;False;False;False;1;16.537614968434355;0;16.537614968434355;16.537614968434355
959;36.50;16.50;True;False;False;False;28;61.50;9.50;False;False;True;False;1;86.48637809950014;0;86.48637809950014;86.48637809950014
959;36.50;16.50;True;False;False;False;44;61.50;15.50;False;False;True;False;2;128.80244950782435;1650.9265441539537;100.0715728752366;157.5333261404121
959;36.50;16.50;True;False;False;False;108;0.50;18.50;False;True;False;False;1;582.4001121944493;0;582.4001121944493;582.4001121944493
959;36.50;16.50;True;False;False;False;820;29.50;13.50;True;False;False;False;1;15.834812417175272;0;15.834812417175272;15.834812417175272
959;36.50;16.50;True;False;False;False;821;30.50;13.50;True;False;False;False;1;21.670557946843473;0;21.670557946843473;21.670557946843473
959;36.50;16.50;True;False;False;False;869;34.50;14.50;True;False;False;False;1;10.55564534878431;0;10.55564534878431;10.55564534878431
959;36.50;16.50;True;False;False;False;1092;37.50;19.50;True;False;False;False;1;9.108333333337214;0;9.108333333337214;9.108333333337214
960;37.50;16.50;True;False;False;False;12;61.50;3.50;False;False;True;False;1;91.47610871981306;0;91.47610871981306;91.47610871981306
960;37.50;16.50;True;False;False;False;28;61.50;9.50;False;False;True;False;2;70.74491073120203;445.5771876640308;55.81880628858153;85.67101517382252
960;37.50;16.50;True;False;False;False;44;61.50;15.50;False;False;True;False;4;119.25794471051529;916.2561844911298;83.84851772142383;156.83648627674847
960;37.50;16.50;True;False;False;False;310;47.50;1.50;True;False;False;False;1;24.309102029594214;0;24.309102029594214;24.309102029594214
960;37.50;16.50;True;False;False;False;820;29.50;13.50;True;False;False;False;1;13.92083054032264;0;13.92083054032264;13.92083054032264
960;37.50;16.50;True;False;False;False;823;32.50;13.50;True;False;False;False;2;12.199862909340709;0.0009755060722914582;12.17777777777792;12.221948040903499
960;37.50;16.50;True;False;False;False;867;32.50;14.50;True;False;False;False;1;11.160088744380118;0;11.160088744380118;11.160088744380118
960;37.50;16.50;True;False;False;False;953;30.50;16.50;True;False;False;False;1;9.327128430802986;0;9.327128430802986;9.327128430802986
960;37.50;16.50;True;False;False;False;1011;44.50;17.50;True;False;False;False;1;11.320565943231486;0;11.320565943231486;11.320565943231486
962;39.50;16.50;True;False;False;False;12;61.50;3.50;False;False;True;False;1;79.13555955374227;0;79.13555955374227;79.13555955374227
962;39.50;16.50;True;False;False;False;28;61.50;9.50;False;False;True;False;4;113.9366683397518;970.250139282082;78.74499680526515;150.16730910458682
962;39.50;16.50;True;False;False;False;44;61.50;15.50;False;False;True;False;1;142.58732640127164;0;142.58732640127164;142.58732640127164
962;39.50;16.50;True;False;False;False;60;61.50;21.50;False;False;True;False;2;114.86307473349007;1624.1494992893415;86.36614946698683;143.3599999999933
962;39.50;16.50;True;False;False;False;92;0.50;12.50;False;True;False;False;2;265.87228374907636;17.59276015570851;262.90641455475;268.83815294340275
962;39.50;16.50;True;False;False;False;573;46.50;7.50;True;False;False;False;1;28.66565973462275;0;28.66565973462275;28.66565973462275
962;39.50;16.50;True;False;False;False;821;30.50;13.50;True;False;False;False;2;15.787039833224298;2.3875154049730765;14.694447639179998;16.8796320272686
962;39.50;16.50;True;False;False;False;842;51.50;13.50;True;False;False;False;1;17.07888569415354;0;17.07888569415354;17.07888569415354
962;39.50;16.50;True;False;False;False;865;30.50;14.50;True;False;False;False;1;15.723705304248142;0;15.723705304248142;15.723705304248142
962;39.50;16.50;True;False;False;False;866;31.50;14.50;True;False;False;False;1;20.591666666666242;0;20.591666666666242;20.591666666666242
962;39.50;16.50;True;False;False;False;1077;22.50;19.50;True;False;False;False;1;20.657868374453756;0;20.657868374453756;20.657868374453756
962;39.50;16.50;True;False;False;False;1233;46.50;22.50;True;False;False;False;1;15.366851054755898;0;15.366851054755898;15.366851054755898
962;39.50;16.50;True;False;False;False;1412;49.50;26.50;True;False;False;False;1;20.42235760228141;0;20.42235760228141;20.42235760228141
962;39.50;16.50;True;False;False;False;1413;50.50;26.50;True;False;False;False;1;21.08453903930058;0;21.08453903930058;21.08453903930058
963;40.50;16.50;True;False;False;False;12;61.50;3.50;False;False;True;False;1;96.00798821439093;0;96.00798821439093;96.00798821439093
963;40.50;16.50;True;False;False;False;28;61.50;9.50;False;False;True;False;4;110.95510617816512;2471.5971747070894;62.500830540326206;180.51935304431936
963;40.50;16.50;True;False;False;False;821;30.50;13.50;True;False;False;False;1;25.32555555555882;0;25.32555555555882;25.32555555555882
963;40.50;16.50;True;False;False;False;965;42.50;16.50;True;False;False;False;1;4.976362438641445;0;4.976362438641445;4.976362438641445
963;40.50;16.50;True;False;False;False;1139;40.50;20.50;True;False;False;False;1;6.554350653026631;0;6.554350653026631;6.554350653026631
963;40.50;16.50;True;False;False;False;1206;19.50;22.50;True;False;False;False;1;24.923795097474795;0;24.923795097474795;24.923795097474795
963;40.50;16.50;True;False;False;False;1366;47.50;25.50;True;False;False;False;1;17.393795097477778;0;17.393795097477778;17.393795097477778
964;41.50;16.50;True;False;False;False;60;61.50;21.50;False;False;True;False;2;142.13074313836114;65.64064705164687;136.4018406670475;147.85964560967477
964;41.50;16.50;True;False;False;False;108;0.50;18.50;False;True;False;False;1;552.1342984694436;0;552.1342984694436;552.1342984694436
964;41.50;16.50;True;False;False;False;745;42.50;11.50;True;False;False;False;1;11.73037516565455;0;11.73037516565455;11.73037516565455
964;41.50;16.50;True;False;False;False;822;31.50;13.50;True;False;False;False;1;15.785555555555447;0;15.785555555555447;15.785555555555447
964;41.50;16.50;True;False;False;False;1100;45.50;19.50;True;False;False;False;1;11.551572875250713;0;11.551572875250713;11.551572875250713
965;42.50;16.50;True;False;False;False;28;61.50;9.50;False;False;True;False;3;106.34046922487202;397.02728302748085;94.55065015040964;129.34611830401263
965;42.50;16.50;True;False;False;False;44;61.50;15.50;False;False;True;False;3;107.12803231140288;1168.059415452029;85.92408893784705;146.5545422340365
965;42.50;16.50;True;False;False;False;60;61.50;21.50;False;False;True;False;4;101.71783246422603;704.550814929026;68.89666666664561;132.3324138032317
965;42.50;16.50;True;False;False;False;548;21.50;7.50;True;False;False;False;1;27.045743138382022;0;27.045743138382022;27.045743138382022
965;42.50;16.50;True;False;False;False;623;52.50;8.50;True;False;False;False;1;20.112590194956283;0;20.112590194956283;20.112590194956283
965;42.50;16.50;True;False;False;False;820;29.50;13.50;True;False;False;False;1;17.80230243123151;0;17.80230243123151;17.80230243123151
965;42.50;16.50;True;False;False;False;821;30.50;13.50;True;False;False;False;1;20.665375165649493;0;20.665375165649493;20.665375165649493
965;42.50;16.50;True;False;False;False;822;31.50;13.50;True;False;False;False;1;16.949167068392853;0;16.949167068392853;16.949167068392853
965;42.50;16.50;True;False;False;False;835;44.50;13.50;True;False;False;False;1;10.17777777777701;0;10.17777777777701;10.17777777777701
965;42.50;16.50;True;False;False;False;866;31.50;14.50;True;False;False;False;1;16.17777777777519;0;16.17777777777519;16.17777777777519
965;42.50;16.50;True;False;False;False;1102;47.50;19.50;True;False;False;False;1;13.15694084797724;0;13.15694084797724;13.15694084797724
965;42.50;16.50;True;False;False;False;1238;51.50;22.50;True;False;False;False;1;16.360881694238742;0;16.360881694238742;16.360881694238742
965;42.50;16.50;True;False;False;False;1377;14.50;26.50;True;False;False;False;1;33.33620490252724;0;33.33620490252724;33.33620490252724
967;44.50;16.50;True;False;False;False;44;61.50;15.50;False;False;True;False;2;109.4676967653204;2369.600174322507;75.0467716301464;143.8886219004944
967;44.50;16.50;True;False;False;False;60;61.50;21.50;False;False;True;False;2;87.36467186224024;7.286640404684515;85.45592352829408;89.27342019618641
967;44.50;16.50;True;False;False;False;748;45.50;11.50;True;False;False;False;1;19.022680791627863;0;19.022680791627863;19.022680791627863
967;44.50;16.50;True;False;False;False;865;30.50;14.50;True;False;False;False;1;18.20362190049218;0;18.20362190049218;18.20362190049218
967;44.50;16.50;True;False;False;False;1012;45.50;17.50;True;False;False;False;1;6.7645382358532515;0;6.7645382358532515;6.7645382358532515
967;44.50;16.50;True;False;False;False;1151;52.50;20.50;True;False;False;False;1;15.08101412496194;0;15.08101412496194;15.08101412496194
968;45.50;16.50;True;False;False;False;28;61.50;9.50;False;False;True;False;2;120.30551225630188;6410.549124501132;63.690367972722015;176.92065653988175
968;45.50;16.50;True;False;False;False;44;61.50;15.50;False;False;True;False;1;112.18405851197531;0;112.18405851197531;112.18405851197531
968;45.50;16.50;True;False;False;False;60;61.50;21.50;False;False;True;False;4;138.55574793524636;859.0458033303479;113.90232320655332;180.80584173143143
968;45.50;16.50;True;False;False;False;108;0.50;18.50;False;True;False;False;1;556.9756661431184;0;556.9756661431184;556.9756661431184
968;45.50;16.50;True;False;False;False;732;29.50;11.50;True;False;False;False;1;27.188443901872233;0;27.188443901872233;27.188443901872233
968;45.50;16.50;True;False;False;False;742;39.50;11.50;True;False;False;False;1;14.458142536668674;0;14.458142536668674;14.458142536668674
968;45.50;16.50;True;False;False;False;821;30.50;13.50;True;False;False;False;1;18.622875567376468;0;18.622875567376468;18.622875567376468
968;45.50;16.50;True;False;False;False;864;29.50;14.50;True;False;False;False;1;35.412962165863064;0;35.412962165863064;35.412962165863064
968;45.50;16.50;True;False;False;False;865;30.50;14.50;True;False;False;False;1;19.25630108522455;0;19.25630108522455;19.25630108522455
968;45.50;16.50;True;False;False;False;866;31.50;14.50;True;False;False;False;1;18.207777777777665;0;18.207777777777665;18.207777777777665
968;45.50;16.50;True;False;False;False;867;32.50;14.50;True;False;False;False;1;17.66518758282473;0;17.66518758282473;17.66518758282473
968;45.50;16.50;True;False;False;False;1016;49.50;17.50;True;False;False;False;1;10.135519638803089;0;10.135519638803089;10.135519638803089
969;46.50;16.50;True;False;False;False;12;61.50;3.50;False;False;True;False;1;184.35703463938262;0;184.35703463938262;184.35703463938262
969;46.50;16.50;True;False;False;False;28;61.50;9.50;False;False;True;False;1;97.4822398028009;0;97.4822398028009;97.4822398028009
969;46.50;16.50;True;False;False;False;44;61.50;15.50;False;False;True;False;3;88.15997514475566;668.6771378409001;66.11473301160004;116.62342796640769
969;46.50;16.50;True;False;False;False;60;61.50;21.50;False;False;True;False;1;86.60732401001133;0;86.60732401001133;86.60732401001133
969;46.50;16.50;True;False;False;False;76;0.50;6.50;False;True;False;False;2;573.7386291029261;483.89240931908745;558.1840090606511;589.2932491452011
969;46.50;16.50;True;False;False;False;92;0.50;12.50;False;True;False;False;1;261.87277858121524;0;261.87277858121524;261.87277858121524
969;46.50;16.50;True;False;False;False;108;0.50;18.50;False;True;False;False;1;567.5873202761848;0;567.5873202761848;567.5873202761848
969;46.50;16.50;True;False;False;False;124;0.50;24.50;False;True;False;False;1;562.2502126208328;0;562.2502126208328;562.2502126208328
969;46.50;16.50;True;False;False;False;480;41.50;5.50;True;False;False;False;1;19.89305521114511;0;19.89305521114511;19.89305521114511
969;46.50;16.50;True;False;False;False;572;45.50;7.50;True;False;False;False;1;18.331103114740472;0;18.331103114740472;18.331103114740472
969;46.50;16.50;True;False;False;False;623;52.50;8.50;True;False;False;False;1;21.722222222223536;0;21.722222222223536;21.722222222223536
969;46.50;16.50;True;False;False;False;710;51.50;10.50;True;False;False;False;1;15.215743138378457;0;15.215743138378457;15.215743138378457
969;46.50;16.50;True;False;False;False;734;31.50;11.50;True;False;False;False;1;25.354999999994106;0;25.354999999994106;25.354999999994106
969;46.50;16.50;True;False;False;False;822;31.50;13.50;True;False;False;False;1;18.78157606998502;0;18.78157606998502;18.78157606998502
969;46.50;16.50;True;False;False;False;823;32.50;13.50;True;False;False;False;1;18.49777138830757;0;18.49777138830757;18.49777138830757
969;46.50;16.50;True;False;False;False;862;27.50;14.50;True;False;False;False;1;21.912829243978194;0;21.912829243978194;21.912829243978194
969;46.50;16.50;True;False;False;False;865;30.50;14.50;True;False;False;False;1;20.53815294342712;0;20.53815294342712;20.53815294342712
969;46.50;16.50;True;False;False;False;1018;51.50;17.50;True;False;False;False;1;10.470197186110454;0;10.470197186110454;10.470197186110454
969;46.50;16.50;True;False;False;False;1140;41.50;20.50;True;False;False;False;1;14.092593389681497;0;14.092593389681497;14.092593389681497
970;47.50;16.50;True;False;False;False;12;61.50;3.50;False;False;True;False;2;81.25032107701736;319.6541390851472;68.60804796089724;93.89259419313748
970;47.50;16.50;True;False;False;False;28;61.50;9.50;False;False;True;False;6;97.98114410618204;315.1285122051127;70.65668024896877;119.7135891306607
970;47.50;16.50;True;False;False;False;44;61.50;15.50;False;False;True;False;4;113.08532547692357;80.69656507159789;101.08186144240244;122.68518358463189
970;47.50;16.50;True;False;False;False;60;61.50;21.50;False;False;True;False;1;157.963614707558;0;157.963614707558;157.963614707558
970;47.50;16.50;True;False;False;False;124;0.50;24.50;False;True;False;False;2;539.4873824985561;49.482059579035706;534.5133469347993;544.461418062313
970;47.50;16.50;True;False;False;False;733;30.50;11.50;True;False;False;False;2;26.52704143052381;37.35377817802349;22.2053647779951;30.848718083052518
970;47.50;16.50;True;False;False;False;820;29.50;13.50;True;False;False;False;1;20.67647908384606;0;20.67647908384606;20.67647908384606
970;47.50;16.50;True;False;False;False;821;30.50;13.50;True;False;False;False;1;24.71582973688055;0;24.71582973688055;24.71582973688055
970;47.50;16.50;True;False;False;False;822;31.50;13.50;True;False;False;False;2;23.295921529191673;14.917913963522551;20.564812417171197;26.02703064121215
970;47.50;16.50;True;False;False;False;837;46.50;13.50;True;False;False;False;1;8.616572875245765;0;8.616572875245765;8.616572875245765
970;47.50;16.50;True;False;False;False;866;31.50;14.50;True;False;False;False;1;18.355007192919402;0;18.355007192919402;18.355007192919402
970;47.50;16.50;True;False;False;False;881;46.50;14.50;True;False;False;False;1;8.05649186276787;0;8.05649186276787;8.05649186276787
970;47.50;16.50;True;False;False;False;953;30.50;16.50;True;False;False;False;1;14.768801486938173;0;14.768801486938173;14.768801486938173
970;47.50;16.50;True;False;False;False;972;49.50;16.50;True;False;False;False;1;5.081220563388342;0;5.081220563388342;5.081220563388342
970;47.50;16.50;True;False;False;False;988;21.50;17.50;True;False;False;False;1;24.290367972731474;0;24.290367972731474;24.290367972731474
970;47.50;16.50;True;False;False;False;1012;45.50;17.50;True;False;False;False;1;7.948059152013229;0;7.948059152013229;7.948059152013229
970;47.50;16.50;True;False;False;False;1014;47.50;17.50;True;False;False;False;1;3.2222222222189885;0;3.2222222222189885;3.2222222222189885
970;47.50;16.50;True;False;False;False;1017;50.50;17.50;True;False;False;False;1;8.511111111107311;0;8.511111111107311;8.511111111107311
972;49.50;16.50;True;False;False;False;12;61.50;3.50;False;False;True;False;3;119.75036459827516;2177.5579559419994;72.33951692142455;165.63047215178085
972;49.50;16.50;True;False;False;False;28;61.50;9.50;False;False;True;False;3;102.27139879203726;18.375180484969654;98.60957632426289;106.98648627675357
972;49.50;16.50;True;False;False;False;44;61.50;15.50;False;False;True;False;3;104.05543689616236;81.36902963704287;93.63953823585325;109.2920386375772
972;49.50;16.50;True;False;False;False;733;30.50;11.50;True;False;False;False;1;32.02127233268402;0;32.02127233268402;32.02127233268402
972;49.50;16.50;True;False;False;False;820;29.50;13.50;True;False;False;False;1;28.486853446045643;0;28.486853446045643;28.486853446045643
972;49.50;16.50;True;False;False;False;821;30.50;13.50;True;False;False;False;4;29.348334132014315;17.964088835661435;23.019264054539235;31.902780972515757
972;49.50;16.50;True;False;False;False;865;30.50;14.50;True;False;False;False;1;21.449489473222457;0;21.449489473222457;21.449489473222457
972;49.50;16.50;True;False;False;False;1105;50.50;19.50;True;False;False;False;1;9.622954794293037;0;9.622954794293037;9.622954794293037
972;49.50;16.50;True;False;False;False;1236;49.50;22.50;True;False;False;False;1;7.38637362974805;0;7.38637362974805;7.38637362974805
973;50.50;16.50;True;False;False;False;12;61.50;3.50;False;False;True;False;1;115.97437062490644;0;115.97437062490644;115.97437062490644
973;50.50;16.50;True;False;False;False;28;61.50;9.50;False;False;True;False;4;86.81576119155307;1043.7950484660817;44.299598453992076;122.49778497068837
973;50.50;16.50;True;False;False;False;44;61.50;15.50;False;False;True;False;2;99.32167266394663;153.13466646705535;90.57139648353223;108.07194884436103
973;50.50;16.50;True;False;False;False;60;61.50;21.50;False;False;True;False;1;143.0285227684435;0;143.0285227684435;143.0285227684435
973;50.50;16.50;True;False;False;False;450;11.50;5.50;True;False;False;False;1;40.22231281889799;0;40.22231281889799;40.22231281889799
973;50.50;16.50;True;False;False;False;733;30.50;11.50;True;False;False;False;1;40.217683986367774;0;40.217683986367774;40.217683986367774
973;50.50;16.50;True;False;False;False;821;30.50;13.50;True;False;False;False;2;35.8030915391264;11.152861003012438;33.44164484239445;38.164538235858345
973;50.50;16.50;True;False;False;False;822;31.50;13.50;True;False;False;False;1;22.26460884162225;0;22.26460884162225;22.26460884162225
973;50.50;16.50;True;False;False;False;837;46.50;13.50;True;False;False;False;1;11.766663471931679;0;11.766663471931679;11.766663471931679
973;50.50;16.50;True;False;False;False;986;19.50;17.50;True;False;False;False;1;27.64425766506838;0;27.64425766506838;27.64425766506838
973;50.50;16.50;True;False;False;False;1019;52.50;17.50;True;False;False;False;1;8.420183584641563;0;8.420183584641563;8.420183584641563
974;51.50;16.50;True;False;False;False;12;61.50;3.50;False;False;True;False;1;123.3097242308213;0;123.3097242308213;123.3097242308213
974;51.50;16.50;True;False;False;False;60;61.50;21.50;False;False;True;False;2;119.7721861158916;400.4739942314624;105.62167385959037;133.92269837219283
974;51.50;16.50;True;False;False;False;76;0.50;6.50;False;True;False;False;1;589.9649317854673;0;589.9649317854673;589.9649317854673
974;51.50;16.50;True;False;False;False;733;30.50;11.50;True;False;False;False;1;35.37776721143746;0;35.37776721143746;35.37776721143746
974;51.50;16.50;True;False;False;False;755;52.50;11.50;True;False;False;False;1;11.059910206772656;0;11.059910206772656;11.059910206772656
974;51.50;16.50;True;False;False;False;822;31.50;13.50;True;False;False;False;1;30.618337331521616;0;30.618337331521616;30.618337331521616
974;51.50;16.50;True;False;False;False;1107;52.50;19.50;True;False;False;False;1;8.589903032898292;0;8.589903032898292;8.589903032898292
975;52.50;16.50;True;False;False;False;12;61.50;3.50;False;False;True;False;1;74.43963202727173;0;74.43963202727173;74.43963202727173
975;52.50;16.50;True;False;False;False;28;61.50;9.50;False;False;True;False;1;45.04981961009253;0;45.04981961009253;45.04981961009253
975;52.50;16.50;True;False;False;False;44;61.50;15.50;False;False;True;False;8;86.27016659234681;1285.021965831786;29.33268637763831;153.91204822179407
975;52.50;16.50;True;False;False;False;60;61.50;21.50;False;False;True;False;5;91.14131217995028;338.23163063158694;76.32378071163112;121.52074313837329
975;52.50;16.50;True;False;False;False;92;0.50;12.50;False;True;False;False;1;248.23929677652632;0;248.23929677652632;248.23929677652632
975;52.50;16.50;True;False;False;False;108;0.50;18.50;False;True;False;False;2;586.5000656909415;11.511068077537491;584.1009962799471;588.8991351019358
975;52.50;16.50;True;False;False;False;124;0.50;24.50;False;True;False;False;1;610.2451529417003;0;610.2451529417003;610.2451529417003
975;52.50;16.50;True;False;False;False;347;40.50;2.50;True;False;False;False;1;24.288221961341605;0;24.288221961341605;24.288221961341605
975;52.50;16.50;True;False;False;False;620;49.50;8.50;True;False;False;False;1;14.273702109514488;0;14.273702109514488;14.273702109514488
975;52.50;16.50;True;False;False;False;703;44.50;10.50;True;False;False;False;1;18.93564934696633;0;18.93564934696633;18.93564934696633
975;52.50;16.50;True;False;False;False;710;51.50;10.50;True;False;False;False;1;11.702412999786247;0;11.702412999786247;11.702412999786247
975;52.50;16.50;True;False;False;False;733;30.50;11.50;True;False;False;False;2;42.42320263214697;63.78142205534587;36.776016516241725;48.07038874805221
975;52.50;16.50;True;False;False;False;734;31.50;11.50;True;False;False;False;1;33.6741670683914;0;33.6741670683914;33.6741670683914
975;52.50;16.50;True;False;False;False;808;17.50;13.50;True;False;False;False;1;31.816207274769113;0;31.816207274769113;31.816207274769113
975;52.50;16.50;True;False;False;False;821;30.50;13.50;True;False;False;False;2;27.015788436719504;24.79834963973506;23.494542234042456;30.537034639396552
975;52.50;16.50;True;False;False;False;822;31.50;13.50;True;False;False;False;1;23.13510098433835;0;23.13510098433835;23.13510098433835
975;52.50;16.50;True;False;False;False;823;32.50;13.50;True;False;False;False;1;21.968145750506665;0;21.968145750506665;21.968145750506665
975;52.50;16.50;True;False;False;False;866;31.50;14.50;True;False;False;False;1;22.47725499210901;0;22.47725499210901;22.47725499210901
975;52.50;16.50;True;False;False;False;1100;45.50;19.50;True;False;False;False;1;13.70500000001266;0;13.70500000001266;13.70500000001266
975;52.50;16.50;True;False;False;False;1113;14.50;20.50;True;False;False;False;1;40.58272475256672;0;40.58272475256672;40.58272475256672
975;52.50;16.50;True;False;False;False;1136;37.50;20.50;True;False;False;False;1;20.17463202726958;0;20.17463202726958;20.17463202726958
975;52.50;16.50;True;False;False;False;1212;25.50;22.50;True;False;False;False;1;28.943540103647138;0;28.943540103647138;28.943540103647138
975;52.50;16.50;True;False;False;False;1371;52.50;25.50;True;False;False;False;1;9.216204902520985;0;9.216204902520985;9.216204902520985
975;52.50;16.50;True;False;False;False;1415;52.50;26.50;True;False;False;False;1;14.6529581676823;0;14.6529581676823;14.6529581676823
976;9.50;17.50;True;False;False;False;60;61.50;21.50;False;False;True;False;1;106.08584412270648;0;106.08584412270648;106.08584412270648
976;9.50;17.50;True;False;False;False;999;32.50;17.50;True;False;False;False;1;18.83889608181039;0;18.83889608181039;18.83889608181039
976;9.50;17.50;True;False;False;False;1148;49.50;20.50;True;False;False;False;1;36.48870849898594;0;36.48870849898594;36.48870849898594
977;10.50;17.50;True;False;False;False;44;61.50;15.50;False;False;True;False;1;62.02649907477917;0;62.02649907477917;62.02649907477917
977;10.50;17.50;True;False;False;False;1094;39.50;19.50;True;False;False;False;1;28.17500000000564;0;28.17500000000564;28.17500000000564
981;14.50;17.50;True;False;False;False;28;61.50;9.50;False;False;True;False;1;159.13025820762778;0;159.13025820762778;159.13025820762778
981;14.50;17.50;True;False;False;False;60;61.50;21.50;False;False;True;False;1;73.4696352219944;0;73.4696352219944;73.4696352219944
981;14.50;17.50;True;False;False;False;313;50.50;1.50;True;False;False;False;1;41.412731425513584;0;41.412731425513584;41.412731425513584
981;14.50;17.50;True;False;False;False;1107;52.50;19.50;True;False;False;False;1;33.20102451261846;0;33.20102451261846;33.20102451261846
981;14.50;17.50;True;False;False;False;1361;42.50;25.50;True;False;False;False;1;31.48642284485686;0;31.48642284485686;31.48642284485686
982;15.50;17.50;True;False;False;False;28;61.50;9.50;False;False;True;False;2;63.098660005901365;19.132190450516948;60.005749527847;66.19157048395573
982;15.50;17.50;True;False;False;False;44;61.50;15.50;False;False;True;False;1;45.89704183231834;0;45.89704183231834;45.89704183231834
982;15.50;17.50;True;False;False;False;752;49.50;11.50;True;False;False;False;1;33.50573994363731;0;33.50573994363731;33.50573994363731
982;15.50;17.50;True;False;False;False;867;32.50;14.50;True;False;False;False;1;20.5694316845329;0;20.5694316845329;20.5694316845329
982;15.50;17.50;True;False;False;False;1135;36.50;20.50;True;False;False;False;1;24.091666666666242;0;24.091666666666242;24.091666666666242
983;16.50;17.50;True;False;False;False;12;61.50;3.50;False;False;True;False;1;144.7383413296884;0;144.7383413296884;144.7383413296884
983;16.50;17.50;True;False;False;False;28;61.50;9.50;False;False;True;False;2;77.08777977685713;16.031455940648176;74.25657367868553;79.91898587502874
983;16.50;17.50;True;False;False;False;44;61.50;15.50;False;False;True;False;1;151.2348878054072;0;151.2348878054072;151.2348878054072
983;16.50;17.50;True;False;False;False;60;61.50;21.50;False;False;True;False;1;83.49815294342261;0;83.49815294342261;83.49815294342261
983;16.50;17.50;True;False;False;False;108;0.50;18.50;False;True;False;False;1;567.4454987965646;0;567.4454987965646;567.4454987965646
983;16.50;17.50;True;False;False;False;567;40.50;7.50;True;False;False;False;1;30.145927526467858;0;30.145927526467858;30.145927526467858
983;16.50;17.50;True;False;False;False;576;49.50;7.50;True;False;False;False;1;36.28285636076362;0;36.28285636076362;36.28285636076362
983;16.50;17.50;True;False;False;False;748;45.50;11.50;True;False;False;False;1;42.9888102867244;0;42.9888102867244;42.9888102867244
983;16.50;17.50;True;False;False;False;755;52.50;11.50;True;False;False;False;1;55.363888888881775;0;55.363888888881775;55.363888888881775
983;16.50;17.50;True;False;False;False;964;41.50;16.50;True;False;False;False;1;24.135555555555584;0;24.135555555555584;24.135555555555584
984;17.50;17.50;True;False;False;False;28;61.50;9.50;False;False;True;False;3;103.3799737992834;1737.0581713318863;70.83046895705138;150.3541638736533
984;17.50;17.50;True;False;False;False;44;61.50;15.50;False;False;True;False;1;173.58148627676837;0;173.58148627676837;173.58148627676837
984;17.50;17.50;True;False;False;False;60;61.50;21.50;False;False;True;False;1;136.22902264309232;0;136.22902264309232;136.22902264309232
984;17.50;17.50;True;False;False;False;474;35.50;5.50;True;False;False;False;1;27.339639220190293;0;27.339639220190293;27.339639220190293
984;17.50;17.50;True;False;False;False;489;50.50;5.50;True;False;False;False;1;36.65694804090435;0;36.65694804090435;36.65694804090435
984;17.50;17.50;True;False;False;False;862;27.50;14.50;True;False;False;False;1;15.755364777982322;0;15.755364777982322;15.755364777982322
984;17.50;17.50;True;False;False;False;1278;47.50;23.50;True;False;False;False;1;42.51954382186159;0;42.51954382186159;42.51954382186159
984;17.50;17.50;True;False;False;False;1282;51.50;23.50;True;False;False;False;1;34.356656279014715;0;34.356656279014715;34.356656279014715
986;19.50;17.50;True;False;False;False;12;61.50;3.50;False;False;True;False;1;125.2582371506328;0;125.2582371506328;125.2582371506328
986;19.50;17.50;True;False;False;False;44;61.50;15.50;False;False;True;False;2;93.39866935411283;2702.4110566879986;56.63992171026621;130.15741699795944
986;19.50;17.50;True;False;False;False;60;61.50;21.50;False;False;True;False;3;75.8490122903592;768.419161765912;49.170920333548565;104.50565334514249
986;19.50;17.50;True;False;False;False;755;52.50;11.50;True;False;False;False;1;33.301107916362525;0;33.301107916362525;33.301107916362525
986;19.50;17.50;True;False;False;False;843;52.50;13.50;True;False;False;False;1;32.06111830403097;0;32.06111830403097;32.06111830403097
986;19.50;17.50;True;False;False;False;1014;47.50;17.50;True;False;False;False;1;26.42112069532959;0;26.42112069532959;26.42112069532959
986;19.50;17.50;True;False;False;False;1407;44.50;26.50;True;False;False;False;1;30.39231601363099;0;30.39231601363099;30.39231601363099
986;19.50;17.50;True;False;False;False;1415;52.50;26.50;True;False;False;False;1;35.66001838402826;0;35.66001838402826;35.66001838402826
987;20.50;17.50;True;False;False;False;60;61.50;21.50;False;False;True;False;2;110.55093272029399;320.35419571037636;97.8948236082806;123.20704183230737
987;20.50;17.50;True;False;False;False;623;52.50;8.50;True;False;False;False;1;34.90324593139485;0;34.90324593139485;34.90324593139485
987;20.50;17.50;True;False;False;False;740;37.50;11.50;True;False;False;False;1;22.627128430809535;0;22.627128430809535;22.627128430809535
988;21.50;17.50;True;False;False;False;12;61.50;3.50;False;False;True;False;1;94.25324673484647;0;94.25324673484647;94.25324673484647
988;21.50;17.50;True;False;False;False;28;61.50;9.50;False;False;True;False;1;101.78682836018561;0;101.78682836018561;101.78682836018561
988;21.50;17.50;True;False;False;False;44;61.50;15.50;False;False;True;False;1;131.43318997601455;0;131.43318997601455;131.43318997601455
988;21.50;17.50;True;False;False;False;60;61.50;21.50;False;False;True;False;4;96.11329303271032;619.1538902677621;75.19314974868757;131.32222622038353
988;21.50;17.50;True;False;False;False;108;0.50;18.50;False;True;False;False;1;553.5040370289403;0;553.5040370289403;553.5040370289403
988;21.50;17.50;True;False;False;False;485;46.50;5.50;True;False;False;False;1;32.17287156918974;0;32.17287156918974;32.17287156918974
988;21.50;17.50;True;False;False;False;579;52.50;7.50;True;False;False;False;1;34.408517721411044;0;34.408517721411044;34.408517721411044
988;21.50;17.50;True;False;False;False;735;32.50;11.50;True;False;False;False;1;18.447331202938585;0;18.447331202938585;18.447331202938585
988;21.50;17.50;True;False;False;False;955;32.50;16.50;True;False;False;False;1;14.483239541919374;0;14.483239541919374;14.483239541919374
988;21.50;17.50;True;False;False;False;975;52.50;16.50;True;False;False;False;1;27.95777138829726;0;27.95777138829726;27.95777138829726
988;21.50;17.50;True;False;False;False;1231;44.50;22.50;True;False;False;False;1;29.075642957490345;0;29.075642957490345;29.075642957490345
988;21.50;17.50;True;False;False;False;1237;50.50;22.50;True;False;False;False;1;29.8044484426282;0;29.8044484426282;29.8044484426282
989;22.50;17.50;True;False;False;False;28;61.50;9.50;False;False;True;False;2;102.40570343559102;1136.0425245801737;78.57250679120261;126.23890007997943
989;22.50;17.50;True;False;False;False;1076;21.50;19.50;True;False;False;False;1;8.379156680744927;0;8.379156680744927;8.379156680744927
991;24.50;17.50;True;False;False;False;28;61.50;9.50;False;False;True;False;1;58.6843634319448;0;58.6843634319448;58.6843634319448
991;24.50;17.50;True;False;False;False;44;61.50;15.50;False;False;True;False;1;126.03796296929977;0;126.03796296929977;126.03796296929977
991;24.50;17.50;True;False;False;False;60;61.50;21.50;False;False;True;False;1;223.01491739969504;0;223.01491739969504;223.01491739969504
991;24.50;17.50;True;False;False;False;491;52.50;5.50;True;False;False;False;1;46.7496552128905;0;46.7496552128905;46.7496552128905
991;24.50;17.50;True;False;False;False;696;37.50;10.50;True;False;False;False;1;21.064538235850705;0;21.064538235850705;21.064538235850705
992;25.50;17.50;True;False;False;False;60;61.50;21.50;False;False;True;False;2;100.64417026311854;0.6479004743142647;100.07500399816854;101.21333652806854
992;25.50;17.50;True;False;False;False;755;52.50;11.50;True;False;False;False;1;29.6654617641434;0;29.6654617641434;29.6654617641434
993;26.50;17.50;True;False;False;False;12;61.50;3.50;False;False;True;False;1;123.19296536059483;0;123.19296536059483;123.19296536059483
993;26.50;17.50;True;False;False;False;44;61.50;15.50;False;False;True;False;1;91.54982360826762;0;91.54982360826762;91.54982360826762
993;26.50;17.50;True;False;False;False;447;52.50;4.50;True;False;False;False;1;33.67407327698129;0;33.67407327698129;33.67407327698129
994;27.50;17.50;True;False;False;False;28;61.50;9.50;False;False;True;False;1;205.54538235857328;0;205.54538235857328;205.54538235857328
994;27.50;17.50;True;False;False;False;992;25.50;17.50;True;False;False;False;1;4.115555555555574;0;4.115555555555574;4.115555555555574
994;27.50;17.50;True;False;False;False;1004;37.50;17.50;True;False;False;False;1;10.948520916159111;0;10.948520916159111;10.948520916159111
996;29.50;17.50;True;False;False;False;60;61.50;21.50;False;False;True;False;1;111.92250679119752;0;111.92250679119752;111.92250679119752
997;30.50;17.50;True;False;False;False;44;61.50;15.50;False;False;True;False;1;135.01666666666688;0;135.01666666666688;135.01666666666688
997;30.50;17.50;True;False;False;False;750;47.50;11.50;True;False;False;False;1;29.58203463938844;0;29.58203463938844;29.58203463938844
997;30.50;17.50;True;False;False;False;752;49.50;11.50;True;False;False;False;1;27.504076471714825;0;27.504076471714825;27.504076471714825
997;30.50;17.50;True;False;False;False;843;52.50;13.50;True;False;False;False;1;23.77064534879537;0;23.77064534879537;23.77064534879537
997;30.50;17.50;True;False;False;False;884;49.50;14.50;True;False;False;False;1;24.49898587501957;0;24.49898587501957;24.49898587501957
997;30.50;17.50;True;False;False;False;1090;35.50;19.50;True;False;False;False;1;11.345743138379476;0;11.345743138379476;11.345743138379476
997;30.50;17.50;True;False;False;False;1102;47.50;19.50;True;False;False;False;1;20.195000000006985;0;20.195000000006985;20.195000000006985
997;30.50;17.50;True;False;False;False;1133;34.50;20.50;True;False;False;False;1;12.622500401725802;0;12.622500401725802;12.622500401725802
997;30.50;17.50;True;False;False;False;1218;31.50;22.50;True;False;False;False;1;10.291624312583735;0;10.291624312583735;10.291624312583735
997;30.50;17.50;True;False;False;False;1232;45.50;22.50;True;False;False;False;1;20.086847860011403;0;20.086847860011403;20.086847860011403
997;30.50;17.50;True;False;False;False;1344;25.50;25.50;True;False;False;False;1;16.159346654858382;0;16.159346654858382;16.159346654858382
998;31.50;17.50;True;False;False;False;44;61.50;15.50;False;False;True;False;1;80.56897309609485;0;80.56897309609485;80.56897309609485
998;31.50;17.50;True;False;False;False;753;50.50;11.50;True;False;False;False;1;24.52907647171378;0;24.52907647171378;24.52907647171378
998;31.50;17.50;True;False;False;False;882;47.50;14.50;True;False;False;False;1;19.807038637572987;0;19.807038637572987;19.807038637572987
998;31.50;17.50;True;False;False;False;958;35.50;16.50;True;False;False;False;1;9.279625637798745;0;9.279625637798745;9.279625637798745
998;31.50;17.50;True;False;False;False;962;39.50;16.50;True;False;False;False;1;12.436816678095056;0;12.436816678095056;12.436816678095056
998;31.50;17.50;True;False;False;False;1009;42.50;17.50;True;False;False;False;1;11.571395680084606;0;11.571395680084606;11.571395680084606
998;31.50;17.50;True;False;False;False;1019;52.50;17.50;True;False;False;False;1;17.79018758282473;0;17.79018758282473;17.79018758282473
998;31.50;17.50;True;False;False;False;1247;16.50;23.50;True;False;False;False;1;21.2644582054927;0;21.2644582054927;21.2644582054927
999;32.50;17.50;True;False;False;False;12;61.50;3.50;False;False;True;False;1;115.87480602768665;0;115.87480602768665;115.87480602768665
999;32.50;17.50;True;False;False;False;28;61.50;9.50;False;False;True;False;1;145.62149666440746;0;145.62149666440746;145.62149666440746
999;32.50;17.50;True;False;False;False;44;61.50;15.50;False;False;True;False;4;112.48257593910103;891.5862625944868;81.00362270390724;151.81675726335015
999;32.50;17.50;True;False;False;False;108;0.50;18.50;False;True;False;False;2;597.3227486043374;50.623249085511894;592.2916826593555;602.3538145493193
999;32.50;17.50;True;False;False;False;274;11.50;1.50;True;False;False;False;1;31.178257925908838;0;31.178257925908838;31.178257925908838
999;32.50;17.50;True;False;False;False;820;29.50;13.50;True;False;False;False;1;11.748898160811223;0;11.748898160811223;11.748898160811223
999;32.50;17.50;True;False;False;False;822;31.50;13.50;True;False;False;False;2;10.599261653720532;4.845828286280418;9.042690375834354;12.15583293160671
999;32.50;17.50;True;False;False;False;866;31.50;14.50;True;False;False;False;1;8.641666666662786;0;8.641666666662786;8.641666666662786
999;32.50;17.50;True;False;False;False;960;37.50;16.50;True;False;False;False;1;11.237409805047946;0;11.237409805047946;11.237409805047946
999;32.50;17.50;True;False;False;False;1091;36.50;19.50;True;False;False;False;1;11.010555555552855;0;11.010555555552855;11.010555555552855
999;32.50;17.50;True;False;False;False;1141;42.50;20.50;True;False;False;False;1;15.222222222218988;0;15.222222222218988;15.222222222218988
999;32.50;17.50;True;False;False;False;1237;50.50;22.50;True;False;False;False;1;22.598145750507683;0;22.598145750507683;22.598145750507683
1001;34.50;17.50;True;False;False;False;44;61.50;15.50;False;False;True;False;1;194.53834052624552;0;194.53834052624552;194.53834052624552
1001;34.50;17.50;True;False;False;False;60;61.50;21.50;False;False;True;False;5;94.9973697741605;823.3213025325206;56.23166986140495;131.67822859634907
1001;34.50;17.50;True;False;False;False;124;0.50;24.50;False;True;False;False;2;582.2276791990625;4.256181853966581;580.7688814313842;583.6864769667409
1001;34.50;17.50;True;False;False;False;282;19.50;1.50;True;False;False;False;1;28.730663732821085;0;28.730663732821085;28.730663732821085
1001;34.50;17.50;True;False;False;False;732;29.50;11.50;True;False;False;False;2;18.554871297910722;11.271949382017548;16.18085051219532;20.928892083626124
1001;34.50;17.50;True;False;False;False;820;29.50;13.50;True;False;False;False;1;13.4165928471175;0;13.4165928471175;13.4165928471175
1001;34.50;17.50;True;False;False;False;830;39.50;13.50;True;False;False;False;1;12.897316013637464;0;12.897316013637464;12.897316013637464
1001;34.50;17.50;True;False;False;False;864;29.50;14.50;True;False;False;False;1;13.426014124957874;0;13.426014124957874;13.426014124957874
1001;34.50;17.50;True;False;False;False;866;31.50;14.50;True;False;False;False;1;11.805093791397667;0;11.805093791397667;11.805093791397667
1001;34.50;17.50;True;False;False;False;1140;41.50;20.50;True;False;False;False;1;13.716663471928769;0;13.716663471928769;13.716663471928769
1002;35.50;17.50;True;False;False;False;60;61.50;21.50;False;False;True;False;2;89.28113203766338;179.8433849310552;79.79842712474283;98.76383695058394
1002;35.50;17.50;True;False;False;False;828;37.50;13.50;True;False;False;False;1;13.185277376040176;0;13.185277376040176;13.185277376040176
1002;35.50;17.50;True;False;False;False;867;32.50;14.50;True;False;False;False;1;10.936111111106584;0;10.936111111106584;10.936111111106584
1003;36.50;17.50;True;False;False;False;44;61.50;15.50;False;False;True;False;1;160.04898109246324;0;160.04898109246324;160.04898109246324
1004;37.50;17.50;True;False;False;False;12;61.50;3.50;False;False;True;False;1;120.64629947831781;0;120.64629947831781;120.64629947831781
1004;37.50;17.50;True;False;False;False;28;61.50;9.50;False;False;True;False;1;126.158441510589;0;126.158441510589;126.158441510589
1004;37.50;17.50;True;False;False;False;44;61.50;15.50;False;False;True;False;5;86.11979909565544;24.053894447682048;80.58741299977919;91.57212923425323
1004;37.50;17.50;True;False;False;False;60;61.50;21.50;False;False;True;False;2;94.52912975685831;0.9996927154256147;93.82213162552216;95.23612788819446
1004;37.50;17.50;True;False;False;False;76;0.50;6.50;False;True;False;False;1;608.8895362687908;0;608.8895362687908;608.8895362687908
1004;37.50;17.50;True;False;False;False;124;0.50;24.50;False;True;False;False;1;601.884159894491;0;601.884159894491;601.884159894491
1004;37.50;17.50;True;False;False;False;734;31.50;11.50;True;False;False;False;2;17.279773919563013;1.8182300117646448;16.326298693937133;18.233249145188893
1004;37.50;17.50;True;False;False;False;821;30.50;13.50;True;False;False;False;3;14.622441645070163;0.024346715691534095;14.479632027261687;14.788982017711533
1004;37.50;17.50;True;False;False;False;865;30.50;14.50;True;False;False;False;1;14.359733815056188;0;14.359733815056188;14.359733815056188
1004;37.50;17.50;True;False;False;False;879;44.50;14.50;True;False;False;False;1;13.114624834355709;0;13.114624834355709;13.114624834355709
1004;37.50;17.50;True;False;False;False;998;31.50;17.50;True;False;False;False;1;7.572868374456448;0;7.572868374456448;7.572868374456448
1004;37.50;17.50;True;False;False;False;1014;47.50;17.50;True;False;False;False;1;10.281854249493335;0;10.281854249493335;10.281854249493335
1004;37.50;17.50;True;False;False;False;1105;50.50;19.50;True;False;False;False;1;16.942501989561606;0;16.942501989561606;16.942501989561606
1004;37.50;17.50;True;False;False;False;1131;32.50;20.50;True;False;False;False;1;12.194638416756789;0;12.194638416756789;12.194638416756789
1006;39.50;17.50;True;False;False;False;28;61.50;9.50;False;False;True;False;1;173.29936104069384;0;173.29936104069384;173.29936104069384
1006;39.50;17.50;True;False;False;False;44;61.50;15.50;False;False;True;False;5;79.88783789011497;899.7687273845348;31.454447639179833;103.26259819131519
1006;39.50;17.50;True;False;False;False;60;61.50;21.50;False;False;True;False;4;88.33956068415227;319.4791178761745;70.73713562371995;112.37361070936458
1006;39.50;17.50;True;False;False;False;124;0.50;24.50;False;True;False;False;1;611.001613641436;0;611.001613641436;611.001613641436
1006;39.50;17.50;True;False;False;False;820;29.50;13.50;True;False;False;False;1;21.083429516042088;0;21.083429516042088;21.083429516042088
1006;39.50;17.50;True;False;False;False;821;30.50;13.50;True;False;False;False;1;20.538517721424796;0;20.538517721424796;20.538517721424796
1006;39.50;17.50;True;False;False;False;822;31.50;13.50;True;False;False;False;1;16.776107916366527;0;16.776107916366527;16.776107916366527
1006;39.50;17.50;True;False;False;False;866;31.50;14.50;True;False;False;False;1;14.610934719412398;0;14.610934719412398;14.610934719412398
1006;39.50;17.50;True;False;False;False;1100;45.50;19.50;True;False;False;False;1;11.53536797272318;0;11.53536797272318;11.53536797272318
1006;39.50;17.50;True;False;False;False;1229;42.50;22.50;True;False;False;False;1;12.799999999999272;0;12.799999999999272;12.799999999999272
1006;39.50;17.50;True;False;False;False;1240;9.50;23.50;True;False;False;False;1;31.598243540101976;0;31.598243540101976;31.598243540101976
1006;39.50;17.50;True;False;False;False;1283;52.50;23.50;True;False;False;False;1;19.667965360600647;0;19.667965360600647;19.667965360600647
1006;39.50;17.50;True;False;False;False;1329;10.50;25.50;True;False;False;False;1;32.28621607454261;0;32.28621607454261;32.28621607454261
1006;39.50;17.50;True;False;False;False;1350;31.50;25.50;True;False;False;False;1;18.078055153830064;0;18.078055153830064;18.078055153830064
1006;39.50;17.50;True;False;False;False;1404;41.50;26.50;True;False;False;False;1;13.781662668474382;0;13.781662668474382;13.781662668474382
1007;40.50;17.50;True;False;False;False;28;61.50;9.50;False;False;True;False;1;98.43204583050465;0;98.43204583050465;98.43204583050465
1007;40.50;17.50;True;False;False;False;44;61.50;15.50;False;False;True;False;7;95.23448216304638;963.3818752205805;55.65353982021361;139.9102845689663
1007;40.50;17.50;True;False;False;False;60;61.50;21.50;False;False;True;False;6;109.05409539765424;1395.6380300473502;58.21795497293351;154.26927124746362
1007;40.50;17.50;True;False;False;False;92;0.50;12.50;False;True;False;False;1;263.567153204287;0;263.567153204287;263.567153204287
1007;40.50;17.50;True;False;False;False;124;0.50;24.50;False;True;False;False;1;574.2047537869003;0;574.2047537869003;574.2047537869003
1007;40.50;17.50;True;False;False;False;733;30.50;11.50;True;False;False;False;1;17.266843861838424;0;17.266843861838424;17.266843861838424
1007;40.50;17.50;True;False;False;False;755;52.50;11.50;True;False;False;False;1;19.64315294343396;0;19.64315294343396;19.64315294343396
1007;40.50;17.50;True;False;False;False;820;29.50;13.50;True;False;False;False;1;33.204816415327514;0;33.204816415327514;33.204816415327514
1007;40.50;17.50;True;False;False;False;821;30.50;13.50;True;False;False;False;2;23.40078803498909;11.173743243854846;21.037131625540496;25.764444444437686
1007;40.50;17.50;True;False;False;False;822;31.50;13.50;True;False;False;False;2;18.929998000912747;18.63443564409922;15.877586196773336;21.982409805052157
1007;40.50;17.50;True;False;False;False;864;29.50;14.50;True;False;False;False;1;18.989542234041437;0;18.989542234041437;18.989542234041437
1007;40.50;17.50;True;False;False;False;865;30.50;14.50;True;False;False;False;1;16.20036376733151;0;16.20036376733151;16.20036376733151
1007;40.50;17.50;True;False;False;False;1233;46.50;22.50;True;False;False;False;1;14.58676045807806;0;14.58676045807806;14.58676045807806
1007;40.50;17.50;True;False;False;False;1237;50.50;22.50;True;False;False;False;1;17.265815351028778;0;17.265815351028778;17.265815351028778
1007;40.50;17.50;True;False;False;False;1239;52.50;22.50;True;False;False;False;1;18.10367546456837;0;18.10367546456837;18.10367546456837
1007;40.50;17.50;True;False;False;False;1250;19.50;23.50;True;False;False;False;1;25.455274984757125;0;25.455274984757125;25.455274984757125
1007;40.50;17.50;True;False;False;False;1276;45.50;23.50;True;False;False;False;1;15.409635221996723;0;15.409635221996723;15.409635221996723
1007;40.50;17.50;True;False;False;False;1361;42.50;25.50;True;False;False;False;1;13.94417026312658;0;13.94417026312658;13.94417026312658
1007;40.50;17.50;True;False;False;False;1365;46.50;25.50;True;False;False;False;1;24.777034639391786;0;24.777034639391786;24.777034639391786
1008;41.50;17.50;True;False;False;False;12;61.50;3.50;False;False;True;False;1;103.54481241714893;0;103.54481241714893;103.54481241714893
1008;41.50;17.50;True;False;False;False;28;61.50;9.50;False;False;True;False;1;158.30120890068065;0;158.30120890068065;158.30120890068065
1008;41.50;17.50;True;False;False;False;44;61.50;15.50;False;False;True;False;4;78.9145574941864;94.60089349680976;67.97425527376981;91.63610552509135
1008;41.50;17.50;True;False;False;False;60;61.50;21.50;False;False;True;False;1;70.09139248534484;0;70.09139248534484;70.09139248534484
1008;41.50;17.50;True;False;False;False;734;31.50;11.50;True;False;False;False;1;18.889444444441324;0;18.889444444441324;18.889444444441324
1008;41.50;17.50;True;False;False;False;820;29.50;13.50;True;False;False;False;1;22.349082861190254;0;22.349082861190254;22.349082861190254
1008;41.50;17.50;True;False;False;False;821;30.50;13.50;True;False;False;False;1;22.83777377957813;0;22.83777377957813;22.83777377957813
1008;41.50;17.50;True;False;False;False;1095;40.50;19.50;True;False;False;False;1;8.12610472164306;0;8.12610472164306;8.12610472164306
1008;41.50;17.50;True;False;False;False;1107;52.50;19.50;True;False;False;False;1;24.99287156918217;0;24.99287156918217;24.99287156918217
1008;41.50;17.50;True;False;False;False;1276;45.50;23.50;True;False;False;False;1;15.207503596451716;0;15.207503596451716;15.207503596451716
1008;41.50;17.50;True;False;False;False;1361;42.50;25.50;True;False;False;False;1;12.186851054771978;0;12.186851054771978;12.186851054771978
1009;42.50;17.50;True;False;False;False;28;61.50;9.50;False;False;True;False;2;92.0612063530989;1108.9169832236635;68.5142640545364;115.6081486516614
1009;42.50;17.50;True;False;False;False;44;61.50;15.50;False;False;True;False;5;94.46774346738266;867.5262918273941;56.465004801622854;128.3797186257616
1009;42.50;17.50;True;False;False;False;60;61.50;21.50;False;False;True;False;7;99.67627191650367;307.45097310998403;78.38018692024343;125.1424146066438
1009;42.50;17.50;True;False;False;False;76;0.50;6.50;False;True;False;False;1;552.0122022312808;0;552.0122022312808;552.0122022312808
1009;42.50;17.50;True;False;False;False;108;0.50;18.50;False;True;False;False;1;528.8692592719308;0;528.8692592719308;528.8692592719308
1009;42.50;17.50;True;False;False;False;481;42.50;5.50;True;False;False;False;1;11.707687181096844;0;11.707687181096844;11.707687181096844
1009;42.50;17.50;True;False;False;False;734;31.50;11.50;True;False;False;False;1;20.617045291593968;0;20.617045291593968;20.617045291593968
1009;42.50;17.50;True;False;False;False;822;31.50;13.50;True;False;False;False;1;16.56740261212326;0;16.56740261212326;16.56740261212326
1009;42.50;17.50;True;False;False;False;865;30.50;14.50;True;False;False;False;3;19.204951590420023;7.448153305400554;17.615558750290802;22.35624006368562
1009;42.50;17.50;True;False;False;False;866;31.50;14.50;True;False;False;False;1;17.540956562705105;0;17.540956562705105;17.540956562705105
1009;42.50;17.50;True;False;False;False;877;42.50;14.50;True;False;False;False;1;5.914351456482109;0;5.914351456482109;5.914351456482109
1009;42.50;17.50;True;False;False;False;969;46.50;16.50;True;False;False;False;1;10.247030641210586;0;10.247030641210586;10.247030641210586
1009;42.50;17.50;True;False;False;False;1012;45.50;17.50;True;False;False;False;1;6.2809339159503;0;6.2809339159503;6.2809339159503
1009;42.50;17.50;True;False;False;False;1019;52.50;17.50;True;False;False;False;1;11.196114305843366;0;11.196114305843366;11.196114305843366
1009;42.50;17.50;True;False;False;False;1077;22.50;19.50;True;False;False;False;1;22.38463202726598;0;22.38463202726598;22.38463202726598
1009;42.50;17.50;True;False;False;False;1104;49.50;19.50;True;False;False;False;1;13.511319488210574;0;13.511319488210574;13.511319488210574
1009;42.50;17.50;True;False;False;False;1139;40.50;20.50;True;False;False;False;1;10.961201707789769;0;10.961201707789769;10.961201707789769
1009;42.50;17.50;True;False;False;False;1150;51.50;20.50;True;False;False;False;1;14.693701306063303;0;14.693701306063303;14.693701306063303
1009;42.50;17.50;True;False;False;False;1407;44.50;26.50;True;False;False;False;1;14.261760458075514;0;14.261760458075514;14.261760458075514
1011;44.50;17.50;True;False;False;False;12;61.50;3.50;False;False;True;False;3;141.50133475301467;3399.0728370458805;85.19324673484334;201.61038235855267
1011;44.50;17.50;True;False;False;False;28;61.50;9.50;False;False;True;False;2;100.73523328287774;7143.898075141796;40.96944844262907;160.5010181231264
1011;44.50;17.50;True;False;False;False;44;61.50;15.50;False;False;True;False;4;107.57937682532372;661.6317147583599;76.32619132008404;138.04440021909568
1011;44.50;17.50;True;False;False;False;60;61.50;21.50;False;False;True;False;6;98.72903474641127;638.5463408235723;70.6586115128448;133.3720810107352
1011;44.50;17.50;True;False;False;False;76;0.50;6.50;False;True;False;False;1;572.213181715053;0;572.213181715053;572.213181715053
1011;44.50;17.50;True;False;False;False;124;0.50;24.50;False;True;False;False;1;604.9540694006173;0;604.9540694006173;604.9540694006173
1011;44.50;17.50;True;False;False;False;733;30.50;11.50;True;False;False;False;1;21.079725818683073;0;21.079725818683073;21.079725818683073
1011;44.50;17.50;True;False;False;False;821;30.50;13.50;True;False;False;False;2;23.30918242680673;34.79653874710029;19.1380591520101;27.480305701603356
1011;44.50;17.50;True;False;False;False;833;42.50;13.50;True;False;False;False;1;12.223698111309204;0;12.223698111309204;12.223698111309204
1011;44.50;17.50;True;False;False;False;852;17.50;14.50;True;False;False;False;1;29.36750359645339;0;29.36750359645339;29.36750359645339
1011;44.50;17.50;True;False;False;False;864;29.50;14.50;True;False;False;False;1;19.765187582821454;0;19.765187582821454;19.765187582821454
1011;44.50;17.50;True;False;False;False;865;30.50;14.50;True;False;False;False;1;19.2180543503805;0;19.2180543503805;19.2180543503805
1011;44.50;17.50;True;False;False;False;1003;36.50;17.50;True;False;False;False;1;9.777503596461429;0;9.777503596461429;9.777503596461429
1011;44.50;17.50;True;False;False;False;1012;45.50;17.50;True;False;False;False;1;3.104066887521185;0;3.104066887521185;3.104066887521185
1011;44.50;17.50;True;False;False;False;1013;46.50;17.50;True;False;False;False;1;4.032629373379677;0;4.032629373379677;4.032629373379677
1011;44.50;17.50;True;False;False;False;1018;51.50;17.50;True;False;False;False;1;8.627687984554541;0;8.627687984554541;8.627687984554541
1011;44.50;17.50;True;False;False;False;1094;39.50;19.50;True;False;False;False;1;11.16341752146218;0;11.16341752146218;11.16341752146218
1011;44.50;17.50;True;False;False;False;1149;50.50;20.50;True;False;False;False;1;13.262958167690158;0;13.262958167690158;13.262958167690158
1011;44.50;17.50;True;False;False;False;1237;50.50;22.50;True;False;False;False;1;16.753978682112574;0;16.753978682112574;16.753978682112574
1011;44.50;17.50;True;False;False;False;1338;19.50;25.50;True;False;False;False;1;28.681201707782748;0;28.681201707782748;28.681201707782748
1011;44.50;17.50;True;False;False;False;1340;21.50;25.50;True;False;False;False;1;28.97644205126562;0;28.97644205126562;28.97644205126562
1011;44.50;17.50;True;False;False;False;1363;44.50;25.50;True;False;False;False;1;9.014351456473378;0;9.014351456473378;9.014351456473378
1012;45.50;17.50;True;False;False;False;12;61.50;3.50;False;False;True;False;1;277.58695923201316;0;277.58695923201316;277.58695923201316
1012;45.50;17.50;True;False;False;False;28;61.50;9.50;False;False;True;False;2;111.63319664439769;2467.329582826886;76.50963202727144;146.75676126152393
1012;45.50;17.50;True;False;False;False;44;61.50;15.50;False;False;True;False;6;76.74718600893418;621.1606107564337;39.79852091615612;114.91796536059337
1012;45.50;17.50;True;False;False;False;60;61.50;21.50;False;False;True;False;3;108.37046016994434;1190.0293369930703;76.36917426130458;144.91295338509008
1012;45.50;17.50;True;False;False;False;92;0.50;12.50;False;True;False;False;1;241.7114902749272;0;241.7114902749272;241.7114902749272
1012;45.50;17.50;True;False;False;False;108;0.50;18.50;False;True;False;False;1;564.1005920108046;0;564.1005920108046;564.1005920108046
1012;45.50;17.50;True;False;False;False;450;11.50;5.50;True;False;False;False;1;37.72893043951626;0;37.72893043951626;37.72893043951626
1012;45.50;17.50;True;False;False;False;571;44.50;7.50;True;False;False;False;1;14.18361151283716;0;14.18361151283716;14.18361151283716
1012;45.50;17.50;True;False;False;False;733;30.50;11.50;True;False;False;False;1;32.85509379140785;0;32.85509379140785;32.85509379140785
1012;45.50;17.50;True;False;False;False;820;29.50;13.50;True;False;False;False;1;23.19055555554951;0;23.19055555554951;23.19055555554951
1012;45.50;17.50;True;False;False;False;822;31.50;13.50;True;False;False;False;1;19.048037101158116;0;19.048037101158116;19.048037101158116
1012;45.50;17.50;True;False;False;False;823;32.50;13.50;True;False;False;False;1;19.67954542878124;0;19.67954542878124;19.67954542878124
1012;45.50;17.50;True;False;False;False;866;31.50;14.50;True;False;False;False;2;18.66480922243909;0.12269471420355854;18.417125236073844;18.912493208804335
1012;45.50;17.50;True;False;False;False;884;49.50;14.50;True;False;False;False;1;11.584541430592253;0;11.584541430592253;11.584541430592253
1012;45.50;17.50;True;False;False;False;1018;51.50;17.50;True;False;False;False;1;8.523979485566088;0;8.523979485566088;8.523979485566088
1012;45.50;17.50;True;False;False;False;1100;45.50;19.50;True;False;False;False;1;5.3605706229718635;0;5.3605706229718635;5.3605706229718635
1012;45.50;17.50;True;False;False;False;1151;52.50;20.50;True;False;False;False;1;14.981111111104838;0;14.981111111104838;14.981111111104838
1012;45.50;17.50;True;False;False;False;1234;47.50;22.50;True;False;False;False;1;11.047222222222445;0;11.047222222222445;11.047222222222445
1012;45.50;17.50;True;False;False;False;1258;27.50;23.50;True;False;False;False;1;23.27647908383733;0;23.27647908383733;23.27647908383733
1013;46.50;17.50;True;False;False;False;28;61.50;9.50;False;False;True;False;1;121.2991566807068;0;121.2991566807068;121.2991566807068
1013;46.50;17.50;True;False;False;False;44;61.50;15.50;False;False;True;False;6;97.45232725515173;1099.1467244216612;53.14527418131911;144.22676126152146
1013;46.50;17.50;True;False;False;False;60;61.50;21.50;False;False;True;False;7;83.28277629109873;661.5750409403838;53.00296935879305;108.71546176412812
1013;46.50;17.50;True;False;False;False;124;0.50;24.50;False;True;False;False;1;594.4307559363297;0;594.4307559363297;594.4307559363297
1013;46.50;17.50;True;False;False;False;742;39.50;11.50;True;False;False;False;1;15.917600582612067;0;15.917600582612067;15.917600582612067
1013;46.50;17.50;True;False;False;False;821;30.50;13.50;True;False;False;False;4;24.466849055660987;11.642003876487106;21.479441249708543;29.13574313837853
1013;46.50;17.50;True;False;False;False;822;31.50;13.50;True;False;False;False;3;24.545523267455792;19.63826547069821;19.428510650355747;27.124076471711305
1013;46.50;17.50;True;False;False;False;823;32.50;13.50;True;False;False;False;1;18.711763652812806;0;18.711763652812806;18.711763652812806
1013;46.50;17.50;True;False;False;False;836;45.50;13.50;True;False;False;False;1;9.878886752885592;0;9.878886752885592;9.878886752885592
1013;46.50;17.50;True;False;False;False;856;21.50;14.50;True;False;False;False;1;25.20686463712991;0;25.20686463712991;25.20686463712991
1013;46.50;17.50;True;False;False;False;865;30.50;14.50;True;False;False;False;1;21.127593389687718;0;21.127593389687718;21.127593389687718
1013;46.50;17.50;True;False;False;False;1105;50.50;19.50;True;False;False;False;1;10.222222222218988;0;10.222222222218988;10.222222222218988
1013;46.50;17.50;True;False;False;False;1113;14.50;20.50;True;False;False;False;1;30.837997119795546;0;30.837997119795546;30.837997119795546
1013;46.50;17.50;True;False;False;False;1412;49.50;26.50;True;False;False;False;1;18.811753265143125;0;18.811753265143125;18.811753265143125
1014;47.50;17.50;True;False;False;False;28;61.50;9.50;False;False;True;False;2;111.11540984027488;522.9288709481324;94.945547890522;127.28527179002776
1014;47.50;17.50;True;False;False;False;44;61.50;15.50;False;False;True;False;6;95.58804286644599;289.0146257048891;82.6430559572691;127.42917345786373
1014;47.50;17.50;True;False;False;False;60;61.50;21.50;False;False;True;False;8;107.73517002583263;1529.9679589875516;71.06648627676259;169.80147988727913
1014;47.50;17.50;True;False;False;False;92;0.50;12.50;False;True;False;False;1;248.56444924607058;0;248.56444924607058;248.56444924607058
1014;47.50;17.50;True;False;False;False;108;0.50;18.50;False;True;False;False;1;577.6502003807836;0;577.6502003807836;577.6502003807836
1014;47.50;17.50;True;False;False;False;578;51.50;7.50;True;False;False;False;1;16.081014124963986;0;16.081014124963986;16.081014124963986
1014;47.50;17.50;True;False;False;False;732;29.50;11.50;True;False;False;False;2;25.73142163477496;19.24031057668265;22.629784117536474;28.833059152013448
1014;47.50;17.50;True;False;False;False;734;31.50;11.50;True;False;False;False;1;29.923431122919283;0;29.923431122919283;29.923431122919283
1014;47.50;17.50;True;False;False;False;820;29.50;13.50;True;False;False;False;1;23.235375146599836;0;23.235375146599836;23.235375146599836
1014;47.50;17.50;True;False;False;False;821;30.50;13.50;True;False;False;False;6;23.870957058994158;34.0923491790216;20.602028249921204;35.212125236059364
1014;47.50;17.50;True;False;False;False;822;31.50;13.50;True;False;False;False;2;21.659034769832033;4.112911442203639;20.224999999994907;23.09306953966916
1014;47.50;17.50;True;False;False;False;962;39.50;16.50;True;False;False;False;1;12.107971750076103;0;12.107971750076103;12.107971750076103
1014;47.50;17.50;True;False;False;False;1006;39.50;17.50;True;False;False;False;1;9.044648492097622;0;9.044648492097622;9.044648492097622
1014;47.50;17.50;True;False;False;False;1013;46.50;17.50;True;False;False;False;1;3.381297890485939;0;3.381297890485939;3.381297890485939
1014;47.50;17.50;True;False;False;False;1363;44.50;25.50;True;False;False;False;1;13.644167068392562;0;13.644167068392562;13.644167068392562
1014;47.50;17.50;True;False;False;False;1415;52.50;26.50;True;False;False;False;1;17.981024512619115;0;17.981024512619115;17.981024512619115
1016;49.50;17.50;True;False;False;False;28;61.50;9.50;False;False;True;False;3;80.60475122228854;192.56469247079022;69.41685424949173;96.13287876210416
1016;49.50;17.50;True;False;False;False;44;61.50;15.50;False;False;True;False;4;104.55017806001297;1481.487936668897;67.88822997675015;156.6990659053663
1016;49.50;17.50;True;False;False;False;60;61.50;21.50;False;False;True;False;10;92.03570746212323;1330.1957176697967;32.451479083832965;143.45694484616251
1016;49.50;17.50;True;False;False;False;92;0.50;12.50;False;True;False;False;2;251.89067051440543;289.82130119248666;239.85278653937712;263.92855448943374
1016;49.50;17.50;True;False;False;False;732;29.50;11.50;True;False;False;False;1;38.151586457643134;0;38.151586457643134;38.151586457643134
1016;49.50;17.50;True;False;False;False;733;30.50;11.50;True;False;False;False;1;23.926818265928887;0;23.926818265928887;23.926818265928887
1016;49.50;17.50;True;False;False;False;734;31.50;11.50;True;False;False;False;1;23.349253666874574;0;23.349253666874574;23.349253666874574
1016;49.50;17.50;True;False;False;False;820;29.50;13.50;True;False;False;False;1;24.94129549920035;0;24.94129549920035;24.94129549920035
1016;49.50;17.50;True;False;False;False;822;31.50;13.50;True;False;False;False;2;22.108685337225324;1.2376261202132055;21.32203861848393;22.89533205596672
1016;49.50;17.50;True;False;False;False;823;32.50;13.50;True;False;False;False;2;21.071711964999395;0.0037482611438024995;21.028420735265172;21.115003194733617
1016;49.50;17.50;True;False;False;False;837;46.50;13.50;True;False;False;False;1;11.642129234263848;0;11.642129234263848;11.642129234263848
1016;49.50;17.50;True;False;False;False;866;31.50;14.50;True;False;False;False;2;21.522314014554468;0.8149358359872865;20.883981876875623;22.160646152233312
1016;49.50;17.50;True;False;False;False;1009;42.50;17.50;True;False;False;False;1;9.080937110669765;0;9.080937110669765;9.080937110669765
1016;49.50;17.50;True;False;False;False;1138;39.50;20.50;True;False;False;False;1;16.12250040172239;0;16.12250040172239;16.12250040172239
1016;49.50;17.50;True;False;False;False;1198;11.50;22.50;True;False;False;False;1;36.49638929059438;0;36.49638929059438;36.49638929059438
1016;49.50;17.50;True;False;False;False;1218;31.50;22.50;True;False;False;False;1;23.226298693913122;0;23.226298693913122;23.226298693913122
1016;49.50;17.50;True;False;False;False;1234;47.50;22.50;True;False;False;False;1;14.62694804090279;0;14.62694804090279;14.62694804090279
1016;49.50;17.50;True;False;False;False;1236;49.50;22.50;True;False;False;False;1;7.148882499417596;0;7.148882499417596;7.148882499417596
1016;49.50;17.50;True;False;False;False;1283;52.50;23.50;True;False;False;False;1;13.517590194947843;0;13.517590194947843;13.517590194947843
1016;49.50;17.50;True;False;False;False;1409;46.50;26.50;True;False;False;False;1;15.678055957283505;0;15.678055957283505;15.678055957283505
1017;50.50;17.50;True;False;False;False;12;61.50;3.50;False;False;True;False;1;82.68981961009922;0;82.68981961009922;82.68981961009922
1017;50.50;17.50;True;False;False;False;44;61.50;15.50;False;False;True;False;9;99.94250028092637;545.1598464205395;74.15537596910247;153.61379909565676
1017;50.50;17.50;True;False;False;False;60;61.50;21.50;False;False;True;False;4;77.23229319405982;17.617484659997526;73.84748852904158;83.3338968852513
1017;50.50;17.50;True;False;False;False;92;0.50;12.50;False;True;False;False;1;272.7909203525778;0;272.7909203525778;272.7909203525778
1017;50.50;17.50;True;False;False;False;353;46.50;2.50;True;False;False;False;1;32.87417026312505;0;32.87417026312505;32.87417026312505
1017;50.50;17.50;True;False;False;False;579;52.50;7.50;True;False;False;False;1;14.512131625537222;0;14.512131625537222;14.512131625537222
1017;50.50;17.50;True;False;False;False;621;50.50;8.50;True;False;False;False;1;9.195187582827202;0;9.195187582827202;9.195187582827202
1017;50.50;17.50;True;False;False;False;714;11.50;11.50;True;False;False;False;1;41.635649346961145;0;41.635649346961145;41.635649346961145
1017;50.50;17.50;True;False;False;False;820;29.50;13.50;True;False;False;False;1;24.111854249487806;0;24.111854249487806;24.111854249487806
1017;50.50;17.50;True;False;False;False;821;30.50;13.50;True;False;False;False;2;24.217133624621056;0.00124996078013124;24.19213401682282;24.24213323241929
1017;50.50;17.50;True;False;False;False;822;31.50;13.50;True;False;False;False;2;26.99090701107525;52.25026392021257;21.87963202726678;32.10218199488372
1017;50.50;17.50;True;False;False;False;864;29.50;14.50;True;False;False;False;1;22.890557162478217;0;22.890557162478217;22.890557162478217
1017;50.50;17.50;True;False;False;False;940;17.50;16.50;True;False;False;False;1;29.406134296754317;0;29.406134296754317;29.406134296754317
1017;50.50;17.50;True;False;False;False;1109;10.50;20.50;True;False;False;False;1;36.74667385957946;0;36.74667385957946;36.74667385957946
1017;50.50;17.50;True;False;False;False;1148;49.50;20.50;True;False;False;False;1;9.281854249492426;0;9.281854249492426;9.281854249492426
1017;50.50;17.50;True;False;False;False;1268;37.50;23.50;True;False;False;False;1;20.497222222222263;0;20.497222222222263;20.497222222222263
1017;50.50;17.50;True;False;False;False;1374;11.50;26.50;True;False;False;False;1;38.92324354010634;0;38.92324354010634;38.92324354010634
1018;51.50;17.50;True;False;False;False;28;61.50;9.50;False;False;True;False;4;108.46140513907744;3722.2891486801886;40.871489471497625;179.58444444443376
1018;51.50;17.50;True;False;False;False;44;61.50;15.50;False;False;True;False;7;89.4078990526741;853.6494157340637;41.80296935878505;134.17703863758652
1018;51.50;17.50;True;False;False;False;60;61.50;21.50;False;False;True;False;6;82.70904898236009;1187.39598226214;32.468423930004064;140.49472581867303
1018;51.50;17.50;True;False;False;False;92;0.50;12.50;False;True;False;False;2;270.2408886271278;40.370932654001166;265.7480647571101;274.73371249714546
1018;51.50;17.50;True;False;False;False;284;21.50;1.50;True;False;False;False;1;38.22887050484951;0;38.22887050484951;38.22887050484951
1018;51.50;17.50;True;False;False;False;353;46.50;2.50;True;False;False;False;1;20.42093391594244;0;20.42093391594244;20.42093391594244
1018;51.50;17.50;True;False;False;False;461;22.50;5.50;True;False;False;False;1;39.02647908383551;0;39.02647908383551;39.02647908383551
1018;51.50;17.50;True;False;False;False;733;30.50;11.50;True;False;False;False;2;27.458381896842184;7.143838938458071;25.568429656908847;29.34833413677552
1018;51.50;17.50;True;False;False;False;734;31.50;11.50;True;False;False;False;2;25.51268798455385;2.317628192164154;24.436205705980683;26.589170263127016
1018;51.50;17.50;True;False;False;False;806;15.50;13.50;True;False;False;False;1;34.34287156917708;0;34.34287156917708;34.34287156917708
1018;51.50;17.50;True;False;False;False;820;29.50;13.50;True;False;False;False;2;37.616711171089264;33.128880513437174;33.546767650999755;41.686654691178774
1018;51.50;17.50;True;False;False;False;822;31.50;13.50;True;False;False;False;2;23.686899547834855;0.5562199067240549;23.15953823586551;24.2142608598042
1018;51.50;17.50;True;False;False;False;974;51.50;16.50;True;False;False;False;1;2.917316013634263;0;2.917316013634263;2.917316013634263
1018;51.50;17.50;True;False;False;False;997;30.50;17.50;True;False;False;False;1;38.09009459485969;0;38.09009459485969;38.09009459485969
1018;51.50;17.50;True;False;False;False;1013;46.50;17.50;True;False;False;False;1;6.956392485360993;0;6.956392485360993;6.956392485360993
1018;51.50;17.50;True;False;False;False;1016;49.50;17.50;True;False;False;False;1;5.588239541921212;0;5.588239541921212;5.588239541921212
1018;51.50;17.50;True;False;False;False;1144;45.50;20.50;True;False;False;False;1;14.682409805051066;0;14.682409805051066;14.682409805051066
1018;51.50;17.50;True;False;False;False;1280;49.50;23.50;True;False;False;False;1;12.767167089517898;0;12.767167089517898;12.767167089517898
1018;51.50;17.50;True;False;False;False;1370;51.50;25.50;True;False;False;False;1;10.17777777777519;0;10.17777777777519;10.17777777777519
1019;52.50;17.50;True;False;False;False;28;61.50;9.50;False;False;True;False;3;141.43472449230254;2401.834450009611;108.22759819131898;197.72203144466494
1019;52.50;17.50;True;False;False;False;44;61.50;15.50;False;False;True;False;6;67.57789546210024;1142.116704018032;19.17443086205094;98.29574713657348
1019;52.50;17.50;True;False;False;False;60;61.50;21.50;False;False;True;False;11;110.09643031790934;1172.0532958133192;66.3097290134142;182.8437116937257
1019;52.50;17.50;True;False;False;False;76;0.50;6.50;False;True;False;False;1;584.7441862558189;0;584.7441862558189;584.7441862558189
1019;52.50;17.50;True;False;False;False;124;0.50;24.50;False;True;False;False;2;574.8304290836286;336.69188319100124;561.8556095628992;587.805248604358
1019;52.50;17.50;True;False;False;False;690;31.50;10.50;True;False;False;False;1;42.328351717362295;0;42.328351717362295;42.328351717362295
1019;52.50;17.50;True;False;False;False;734;31.50;11.50;True;False;False;False;1;32.12269117928372;0;32.12269117928372;32.12269117928372
1019;52.50;17.50;True;False;False;False;821;30.50;13.50;True;False;False;False;1;24.5030575451201;0;24.5030575451201;24.5030575451201
1019;52.50;17.50;True;False;False;False;822;31.50;13.50;True;False;False;False;5;32.951611991091156;176.09279389946192;23.2573224031039;54.78926405453058
1019;52.50;17.50;True;False;False;False;823;32.50;13.50;True;False;False;False;1;22.962316013632517;0;22.962316013632517;22.962316013632517
1019;52.50;17.50;True;False;False;False;838;47.50;13.50;True;False;False;False;1;15.509812417175453;0;15.509812417175453;15.509812417175453
1019;52.50;17.50;True;False;False;False;864;29.50;14.50;True;False;False;False;3;24.057378541237995;0.2322011558511503;23.65342712474012;24.590743138382095
1019;52.50;17.50;True;False;False;False;865;30.50;14.50;True;False;False;False;2;25.54633839672215;8.117080760388182;23.53175645989404;27.560920333550257
1019;52.50;17.50;True;False;False;False;866;31.50;14.50;True;False;False;False;1;22.724906208588436;0;22.724906208588436;22.724906208588436
1019;52.50;17.50;True;False;False;False;940;17.50;16.50;True;False;False;False;1;30.597777777773445;0;30.597777777773445;30.597777777773445
1019;52.50;17.50;True;False;False;False;964;41.50;16.50;True;False;False;False;1;14.156663471931097;0;14.156663471931097;14.156663471931097
1019;52.50;17.50;True;False;False;False;989;22.50;17.50;True;False;False;False;1;22.940191042105653;0;22.940191042105653;22.940191042105653
1019;52.50;17.50;True;False;False;False;1113;14.50;20.50;True;False;False;False;1;35.06481241716028;0;35.06481241716028;35.06481241716028
1019;52.50;17.50;True;False;False;False;1136;37.50;20.50;True;False;False;False;1;18.618825788395043;0;18.618825788395043;18.618825788395043
1019;52.50;17.50;True;False;False;False;1143;44.50;20.50;True;False;False;False;1;20.62528856716108;0;20.62528856716108;20.62528856716108
1019;52.50;17.50;True;False;False;False;1196;9.50;22.50;True;False;False;False;1;39.17111111109625;0;39.17111111109625;39.17111111109625
1064;9.50;19.50;True;False;False;False;60;61.50;21.50;False;False;True;False;1;102.47073674888816;0;102.47073674888816;102.47073674888816
1064;9.50;19.50;True;False;False;False;1281;50.50;23.50;True;False;False;False;1;37.24898428719462;0;37.24898428719462;37.24898428719462
1066;11.50;19.50;True;False;False;False;28;61.50;9.50;False;False;True;False;2;86.99712874320176;35.8485700184269;82.76342055661007;91.23083692979344
1066;11.50;19.50;True;False;False;False;44;61.50;15.50;False;False;True;False;1;148.54745644074546;0;148.54745644074546;148.54745644074546
1066;11.50;19.50;True;False;False;False;60;61.50;21.50;False;False;True;False;1;78.61722941512926;0;78.61722941512926;78.61722941512926
1066;11.50;19.50;True;False;False;False;572;45.50;7.50;True;False;False;False;1;37.42305915200632;0;37.42305915200632;37.42305915200632
1066;11.50;19.50;True;False;False;False;686;27.50;10.50;True;False;False;False;1;26.664167068385723;0;26.664167068385723;26.664167068385723
1066;11.50;19.50;True;False;False;False;969;46.50;16.50;True;False;False;False;1;32.61009459486422;0;32.61009459486422;32.61009459486422
1066;11.50;19.50;True;False;False;False;988;21.50;17.50;True;False;False;False;1;15.176948040905472;0;15.176948040905472;15.176948040905472
1066;11.50;19.50;True;False;False;False;1378;15.50;26.50;True;False;False;False;1;14.279156680737287;0;14.279156680737287;14.279156680737287
1067;12.50;19.50;True;False;False;False;28;61.50;9.50;False;False;True;False;1;116.549074080418;0;116.549074080418;116.549074080418
1067;12.50;19.50;True;False;False;False;44;61.50;15.50;False;False;True;False;1;75.79351772142763;0;75.79351772142763;75.79351772142763
1067;12.50;19.50;True;False;False;False;491;52.50;5.50;True;False;False;False;1;81.1022294151444;0;81.1022294151444;81.1022294151444
1067;12.50;19.50;True;False;False;False;752;49.50;11.50;True;False;False;False;1;36.90370450078626;0;36.90370450078626;36.90370450078626
1067;12.50;19.50;True;False;False;False;983;16.50;17.50;True;False;False;False;1;11.546114305846459;0;11.546114305846459;11.546114305846459
1069;14.50;19.50;True;False;False;False;12;61.50;3.50;False;False;True;False;1;82.04083692979475;0;82.04083692979475;82.04083692979475
1069;14.50;19.50;True;False;False;False;28;61.50;9.50;False;False;True;False;1;64.58601812314737;0;64.58601812314737;64.58601812314737
1069;14.50;19.50;True;False;False;False;836;45.50;13.50;True;False;False;False;1;32.85879509746883;0;32.85879509746883;32.85879509746883
1069;14.50;19.50;True;False;False;False;1234;47.50;22.50;True;False;False;False;1;31.097871569192648;0;31.097871569192648;31.097871569192648
1070;15.50;19.50;True;False;False;False;44;61.50;15.50;False;False;True;False;1;66.07694484615422;0;66.07694484615422;66.07694484615422
1070;15.50;19.50;True;False;False;False;60;61.50;21.50;False;False;True;False;1;94.88981322060863;0;94.88981322060863;94.88981322060863
1070;15.50;19.50;True;False;False;False;563;36.50;7.50;True;False;False;False;1;30.066047159380105;0;30.066047159380105;30.066047159380105
1070;15.50;19.50;True;False;False;False;610;39.50;8.50;True;False;False;False;1;31.193885694163328;0;31.193885694163328;31.193885694163328
1071;16.50;19.50;True;False;False;False;44;61.50;15.50;False;False;True;False;2;83.24954342966339;523.8489987142303;67.06546176411575;99.43362509521103
1071;16.50;19.50;True;False;False;False;559;32.50;7.50;True;False;False;False;1;25.553805485153134;0;25.553805485153134;25.553805485153134
1071;16.50;19.50;True;False;False;False;1229;42.50;22.50;True;False;False;False;1;26.63520755467107;0;26.63520755467107;26.63520755467107
1072;17.50;19.50;True;False;False;False;12;61.50;3.50;False;False;True;False;1;206.08630269209607;0;206.08630269209607;206.08630269209607
1072;17.50;19.50;True;False;False;False;1370;51.50;25.50;True;False;False;False;1;33.836847056563784;0;33.836847056563784;33.836847056563784
1074;19.50;19.50;True;False;False;False;28;61.50;9.50;False;False;True;False;1;209.77479270057665;0;209.77479270057665;209.77479270057665
1074;19.50;19.50;True;False;False;False;429;34.50;4.50;True;False;False;False;1;27.105744707172562;0;27.105744707172562;27.105744707172562
1075;20.50;19.50;True;False;False;False;60;61.50;21.50;False;False;True;False;1;117.17344151057841;0;117.17344151057841;117.17344151057841
1075;20.50;19.50;True;False;False;False;1125;26.50;20.50;True;False;False;False;1;10.873783906368772;0;10.873783906368772;10.873783906368772
1076;21.50;19.50;True;False;False;False;12;61.50;3.50;False;False;True;False;1;100.95834132970049;0;100.95834132970049;100.95834132970049
1076;21.50;19.50;True;False;False;False;44;61.50;15.50;False;False;True;False;1;128.03222622041721;0;128.03222622041721;128.03222622041721
1076;21.50;19.50;True;False;False;False;108;0.50;18.50;False;True;False;False;1;593.1913589310425;0;593.1913589310425;593.1913589310425
1076;21.50;19.50;True;False;False;False;1009;42.50;17.50;True;False;False;False;1;23.421948040901043;0;23.421948040901043;23.421948040901043
1076;21.50;19.50;True;False;False;False;1104;49.50;19.50;True;False;False;False;1;22.793089170303574;0;22.793089170303574;22.793089170303574
1077;22.50;19.50;True;False;False;False;12;61.50;3.50;False;False;True;False;1;79.65362509523493;0;79.65362509523493;79.65362509523493
1077;22.50;19.50;True;False;False;False;28;61.50;9.50;False;False;True;False;1;73.6687990956525;0;73.6687990956525;73.6687990956525
1077;22.50;19.50;True;False;False;False;44;61.50;15.50;False;False;True;False;3;70.94693035949906;924.2176456977229;47.172131625538896;105.20142284488611
1077;22.50;19.50;True;False;False;False;60;61.50;21.50;False;False;True;False;2;122.79633639772965;6932.372085960626;63.92201225740246;181.67066053805684
1077;22.50;19.50;True;False;False;False;490;51.50;5.50;True;False;False;False;1;36.06833733152234;0;36.06833733152234;36.06833733152234
1077;22.50;19.50;True;False;False;False;491;52.50;5.50;True;False;False;False;1;36.41212843081121;0;36.41212843081121;36.41212843081121
1077;22.50;19.50;True;False;False;False;750;47.50;11.50;True;False;False;False;1;30.84907247352203;0;30.84907247352203;30.84907247352203
1077;22.50;19.50;True;False;False;False;841;50.50;13.50;True;False;False;False;1;29.47825312430814;0;29.47825312430814;29.47825312430814
1077;22.50;19.50;True;False;False;False;968;45.50;16.50;True;False;False;False;1;25.510061805904115;0;25.510061805904115;25.510061805904115
1077;22.50;19.50;True;False;False;False;1134;35.50;20.50;True;False;False;False;1;16.03851772141934;0;16.03851772141934;16.03851772141934
1077;22.50;19.50;True;False;False;False;1227;40.50;22.50;True;False;False;False;1;20.9458110883661;0;20.9458110883661;20.9458110883661
1080;25.50;19.50;True;False;False;False;12;61.50;3.50;False;False;True;False;1;83.19878790454823;0;83.19878790454823;83.19878790454823
1081;26.50;19.50;True;False;False;False;28;61.50;9.50;False;False;True;False;1;127.81713562373261;0;127.81713562373261;127.81713562373261
1081;26.50;19.50;True;False;False;False;44;61.50;15.50;False;False;True;False;1;59.02685025130813;0;59.02685025130813;59.02685025130813
1081;26.50;19.50;True;False;False;False;60;61.50;21.50;False;False;True;False;1;111.96953264983586;0;111.96953264983586;111.96953264983586
1081;26.50;19.50;True;False;False;False;955;32.50;16.50;True;False;False;False;1;12.941392485339748;0;12.941392485339748;12.941392485339748
1081;26.50;19.50;True;False;False;False;1413;50.50;26.50;True;False;False;False;1;27.57397948556354;0;27.57397948556354;27.57397948556354
1084;29.50;19.50;True;False;False;False;60;61.50;21.50;False;False;True;False;1;76.12856433803245;0;76.12856433803245;76.12856433803245
1085;30.50;19.50;True;False;False;False;60;61.50;21.50;False;False;True;False;1;97.00278177596368;0;97.00278177596368;97.00278177596368
1086;31.50;19.50;True;False;False;False;44;61.50;15.50;False;False;True;False;1;94.08351772142214;0;94.08351772142214;94.08351772142214
1087;32.50;19.50;True;False;False;False;76;0.50;6.50;False;True;False;False;1;574.4564889325738;0;574.4564889325738;574.4564889325738
1087;32.50;19.50;True;False;False;False;872;37.50;14.50;True;False;False;False;1;14.235095379237464;0;14.235095379237464;14.235095379237464
1087;32.50;19.50;True;False;False;False;1281;50.50;23.50;True;False;False;False;1;22.184632027263433;0;22.184632027263433;22.184632027263433
1089;34.50;19.50;True;False;False;False;44;61.50;15.50;False;False;True;False;2;153.166946443529;3825.6301762855946;109.43120490251022;196.9026879845478
1089;34.50;19.50;True;False;False;False;60;61.50;21.50;False;False;True;False;2;144.71798454807345;985.8460131548034;122.51611510927614;166.91985398687075
1089;34.50;19.50;True;False;False;False;124;0.50;24.50;False;True;False;False;1;586.4078121545026;0;586.4078121545026;586.4078121545026
1089;34.50;19.50;True;False;False;False;733;30.50;11.50;True;False;False;False;1;19.705035964620038;0;19.705035964620038;19.705035964620038
1089;34.50;19.50;True;False;False;False;822;31.50;13.50;True;False;False;False;2;13.804612296356936;0.0010526369128984765;13.781670664844569;13.827553927869303
1089;34.50;19.50;True;False;False;False;988;21.50;17.50;True;False;False;False;1;17.05929897004171;0;17.05929897004171;17.05929897004171
1089;34.50;19.50;True;False;False;False;1202;15.50;22.50;True;False;False;False;1;22.10472581868453;0;22.10472581868453;22.10472581868453
1090;35.50;19.50;True;False;False;False;44;61.50;15.50;False;False;True;False;1;145.49897709428842;0;145.49897709428842;145.49897709428842
1090;35.50;19.50;True;False;False;False;60;61.50;21.50;False;False;True;False;1;118.68881028676742;0;118.68881028676742;118.68881028676742
1090;35.50;19.50;True;False;False;False;822;31.50;13.50;True;False;False;False;1;15.685739943644876;0;15.685739943644876;15.685739943644876
1090;35.50;19.50;True;False;False;False;1099;44.50;19.50;True;False;False;False;1;9.346580068166077;0;9.346580068166077;9.346580068166077
1091;36.50;19.50;True;False;False;False;44;61.50;15.50;False;False;True;False;2;163.970419268338;53.40880582373125;158.80278896888103;169.13804956779495
1091;36.50;19.50;True;False;False;False;864;29.50;14.50;True;False;False;False;1;16.563337331524963;0;16.563337331524963;16.563337331524963
1092;37.50;19.50;True;False;False;False;28;61.50;9.50;False;False;True;False;1;128.0252845689738;0;128.0252845689738;128.0252845689738
1092;37.50;19.50;True;False;False;False;44;61.50;15.50;False;False;True;False;4;109.46852691819777;2015.7506751325225;74.42287556736119;175.28355450854906
1092;37.50;19.50;True;False;False;False;60;61.50;21.50;False;False;True;False;1;132.9595430374684;0;132.9595430374684;132.9595430374684
1092;37.50;19.50;True;False;False;False;733;30.50;11.50;True;False;False;False;1;17.37777777777592;0;17.37777777777592;17.37777777777592
1092;37.50;19.50;True;False;False;False;822;31.50;13.50;True;False;False;False;1;15.266293892298563;0;15.266293892298563;15.266293892298563
1092;37.50;19.50;True;False;False;False;866;31.50;14.50;True;False;False;False;2;14.341427797759934;0.11365749987300643;14.103039983607232;14.579815611912636
1092;37.50;19.50;True;False;False;False;1263;32.50;23.50;True;False;False;False;1;13.287037834128569;0;13.287037834128569;13.287037834128569
1092;37.50;19.50;True;False;False;False;1282;51.50;23.50;True;False;False;False;1;19.993505726844887;0;19.993505726844887;19.993505726844887
1094;39.50;19.50;True;False;False;False;44;61.50;15.50;False;False;True;False;7;108.10469981912969;1212.6798533209226;77.05963602545125;179.18497520739766
1094;39.50;19.50;True;False;False;False;60;61.50;21.50;False;False;True;False;1;137.4225004017062;0;137.4225004017062;137.4225004017062
1094;39.50;19.50;True;False;False;False;92;0.50;12.50;False;True;False;False;1;282.2888936904965;0;282.2888936904965;282.2888936904965
1094;39.50;19.50;True;False;False;False;108;0.50;18.50;False;True;False;False;1;551.3257415314665;0;551.3257415314665;551.3257415314665
1094;39.50;19.50;True;False;False;False;820;29.50;13.50;True;False;False;False;2;19.862362507617036;6.606976662549301;18.04481241717258;21.67991259806149
1094;39.50;19.50;True;False;False;False;821;30.50;13.50;True;False;False;False;1;18.291857444222842;0;18.291857444222842;18.291857444222842
1094;39.50;19.50;True;False;False;False;822;31.50;13.50;True;False;False;False;2;16.909818012723008;0.5450436649866977;16.38778177596032;17.431854249485696
1094;39.50;19.50;True;False;False;False;864;29.50;14.50;True;False;False;False;1;18.761857444227644;0;18.761857444227644;18.761857444227644
1094;39.50;19.50;True;False;False;False;866;31.50;14.50;True;False;False;False;1;17.04851479102308;0;17.04851479102308;17.04851479102308
1094;39.50;19.50;True;False;False;False;1151;52.50;20.50;True;False;False;False;1;15.659642414906557;0;15.659642414906557;15.659642414906557
1094;39.50;19.50;True;False;False;False;1281;50.50;23.50;True;False;False;False;1;17.307984548040622;0;17.307984548040622;17.307984548040622
1094;39.50;19.50;True;False;False;False;1371;52.50;25.50;True;False;False;False;1;19.75990620858647;0;19.75990620858647;19.75990620858647
1095;40.50;19.50;True;False;False;False;44;61.50;15.50;False;False;True;False;1;188.30242099614043;0;188.30242099614043;188.30242099614043
1095;40.50;19.50;True;False;False;False;60;61.50;21.50;False;False;True;False;3;87.12592086917842;901.4983531110634;53.84396909790303;112.177135623715
1095;40.50;19.50;True;False;False;False;92;0.50;12.50;False;True;False;False;1;257.27111510926807;0;257.27111510926807;257.27111510926807
1095;40.50;19.50;True;False;False;False;108;0.50;18.50;False;True;False;False;1;345.54205302342575;0;345.54205302342575;345.54205302342575
1095;40.50;19.50;True;False;False;False;821;30.50;13.50;True;False;False;False;2;18.12527394526751;0.008399372993376453;18.06046895705913;18.19007893347589
1095;40.50;19.50;True;False;False;False;822;31.50;13.50;True;False;False;False;1;17.313244343562474;0;17.313244343562474;17.313244343562474
1095;40.50;19.50;True;False;False;False;1107;52.50;19.50;True;False;False;False;1;11.608142555775885;0;11.608142555775885;11.608142555775885
1095;40.50;19.50;True;False;False;False;1399;36.50;26.50;True;False;False;False;1;14.21796536059992;0;14.21796536059992;14.21796536059992
1096;41.50;19.50;True;False;False;False;60;61.50;21.50;False;False;True;False;2;91.55792046398042;6151.922152715102;36.09657287525381;147.01926805270705
1096;41.50;19.50;True;False;False;False;124;0.50;24.50;False;True;False;False;1;585.8593514564618;0;585.8593514564618;585.8593514564618
1096;41.50;19.50;True;False;False;False;820;29.50;13.50;True;False;False;False;2;23.745321478751066;35.94021869372248;19.50620490252186;27.984438054980274
1096;41.50;19.50;True;False;False;False;822;31.50;13.50;True;False;False;False;1;20.982135623744398;0;20.982135623744398;20.982135623744398
1097;42.50;19.50;True;False;False;False;28;61.50;9.50;False;False;True;False;1;153.98713962190595;0;153.98713962190595;153.98713962190595
1097;42.50;19.50;True;False;False;False;44;61.50;15.50;False;False;True;False;3;89.06488480315359;343.879911034065;68.73084092796489;105.04352491432837
1097;42.50;19.50;True;False;False;False;60;61.50;21.50;False;False;True;False;3;107.73049542558451;3280.618100975462;64.40037516565462;172.66787476391255
1097;42.50;19.50;True;False;False;False;745;42.50;11.50;True;False;False;False;1;23.718059152014575;0;23.718059152014575;23.718059152014575
1097;42.50;19.50;True;False;False;False;801;10.50;13.50;True;False;False;False;1;32.24212523607275;0;32.24212523607275;32.24212523607275
1097;42.50;19.50;True;False;False;False;821;30.50;13.50;True;False;False;False;3;20.80200950360116;2.8281484672607764;19.794819610096056;22.743423930009158
1097;42.50;19.50;True;False;False;False;1101;46.50;19.50;True;False;False;False;1;7.182503596462993;0;7.182503596462993;7.182503596462993
1097;42.50;19.50;True;False;False;False;1403;40.50;26.50;True;False;False;False;1;12.57128591500441;0;12.57128591500441;12.57128591500441
1099;44.50;19.50;True;False;False;False;44;61.50;15.50;False;False;True;False;4;108.2234673615286;831.3791117615278;81.9641183057638;143.98629549919133
1099;44.50;19.50;True;False;False;False;60;61.50;21.50;False;False;True;False;4;79.67822403141002;13.499534239604193;75.38813618533459;84.23453213022367
1099;44.50;19.50;True;False;False;False;616;45.50;8.50;True;False;False;False;1;14.085374362201037;0;14.085374362201037;14.085374362201037
1099;44.50;19.50;True;False;False;False;733;30.50;11.50;True;False;False;False;2;25.524749406019055;1.0432780188481514;24.802503596461065;26.246995215577044
1099;44.50;19.50;True;False;False;False;820;29.50;13.50;True;False;False;False;1;21.537037834130388;0;21.537037834130388;21.537037834130388
1099;44.50;19.50;True;False;False;False;821;30.50;13.50;True;False;False;False;1;21.402503596453244;0;21.402503596453244;21.402503596453244
1099;44.50;19.50;True;False;False;False;823;32.50;13.50;True;False;False;False;1;19.797681595081485;0;19.797681595081485;19.797681595081485
1099;44.50;19.50;True;False;False;False;865;30.50;14.50;True;False;False;False;1;20.084527848186553;0;20.084527848186553;20.084527848186553
1099;44.50;19.50;True;False;False;False;1237;50.50;22.50;True;False;False;False;1;12.772500401726575;0;12.772500401726575;12.772500401726575
1100;45.50;19.50;True;False;False;False;12;61.50;3.50;False;False;True;False;1;112.17222861167829;0;112.17222861167829;112.17222861167829
1100;45.50;19.50;True;False;False;False;28;61.50;9.50;False;False;True;False;1;85.20101412496342;0;85.20101412496342;85.20101412496342
1100;45.50;19.50;True;False;False;False;44;61.50;15.50;False;False;True;False;6;82.91007005272076;758.8198793379713;58.974907012019685;131.8964415123828
1100;45.50;19.50;True;False;False;False;60;61.50;21.50;False;False;True;False;6;98.99918736167645;536.0275848637326;72.47546895706137;137.33138609587695
1100;45.50;19.50;True;False;False;False;574;47.50;7.50;True;False;False;False;1;17.065750331290474;0;17.065750331290474;17.065750331290474
1100;45.50;19.50;True;False;False;False;734;31.50;11.50;True;False;False;False;2;22.181341600999644;0.0467112469676219;22.0285161336069;22.33416706839239
1100;45.50;19.50;True;False;False;False;752;49.50;11.50;True;False;False;False;1;21.591405264295645;0;21.591405264295645;21.591405264295645
1100;45.50;19.50;True;False;False;False;806;15.50;13.50;True;False;False;False;1;31.627219027484898;0;31.627219027484898;31.627219027484898
1100;45.50;19.50;True;False;False;False;821;30.50;13.50;True;False;False;False;3;25.194466647006266;11.551990905403162;21.473543298337972;28.135686379559047
1100;45.50;19.50;True;False;False;False;822;31.50;13.50;True;False;False;False;1;20.5878779586601;0;20.5878779586601;20.5878779586601
1100;45.50;19.50;True;False;False;False;823;32.50;13.50;True;False;False;False;1;19.963888888887595;0;19.963888888887595;19.963888888887595
1100;45.50;19.50;True;False;False;False;864;29.50;14.50;True;False;False;False;1;22.107683986367192;0;22.107683986367192;22.107683986367192
1100;45.50;19.50;True;False;False;False;866;31.50;14.50;True;False;False;False;1;24.055274984766584;0;24.055274984766584;24.055274984766584
1100;45.50;19.50;True;False;False;False;881;46.50;14.50;True;False;False;False;1;10.799073276979925;0;10.799073276979925;10.799073276979925
1100;45.50;19.50;True;False;False;False;1206;19.50;22.50;True;False;False;False;1;26.562666963734955;0;26.562666963734955;26.562666963734955
1101;46.50;19.50;True;False;False;False;12;61.50;3.50;False;False;True;False;1;90.85185185820046;0;90.85185185820046;90.85185185820046
1101;46.50;19.50;True;False;False;False;28;61.50;9.50;False;False;True;False;3;96.49665218634073;593.0447252732637;79.53427205091793;124.40084331926664
1101;46.50;19.50;True;False;False;False;44;61.50;15.50;False;False;True;False;6;85.52530704566168;132.07809620265456;74.36083692979628;104.19991020675843
1101;46.50;19.50;True;False;False;False;60;61.50;21.50;False;False;True;False;2;115.1160229152465;454.5674705484423;100.0400905966726;130.1919552338204
1101;46.50;19.50;True;False;False;False;76;0.50;6.50;False;True;False;False;1;588.0159394827588;0;588.0159394827588;588.0159394827588
1101;46.50;19.50;True;False;False;False;124;0.50;24.50;False;True;False;False;1;274.9713669084267;0;274.9713669084267;274.9713669084267
1101;46.50;19.50;True;False;False;False;732;29.50;11.50;True;False;False;False;1;24.417316013634263;0;24.417316013634263;24.417316013634263
1101;46.50;19.50;True;False;False;False;733;30.50;11.50;True;False;False;False;1;24.012183062866825;0;24.012183062866825;24.012183062866825
1101;46.50;19.50;True;False;False;False;803;12.50;13.50;True;False;False;False;1;34.61611111111324;0;34.61611111111324;34.61611111111324
1101;46.50;19.50;True;False;False;False;820;29.50;13.50;True;False;False;False;1;22.681929656864668;0;22.681929656864668;22.681929656864668
1101;46.50;19.50;True;False;False;False;821;30.50;13.50;True;False;False;False;2;26.282194906170844;30.96506758411777;22.347409805042844;30.216980007298844
1101;46.50;19.50;True;False;False;False;822;31.50;13.50;True;False;False;False;2;21.84824633311473;0.43643063127494625;21.38111111110993;22.31538155511953
1101;46.50;19.50;True;False;False;False;854;19.50;14.50;True;False;False;False;1;33.05277777777519;0;33.05277777777519;33.05277777777519
1101;46.50;19.50;True;False;False;False;866;31.50;14.50;True;False;False;False;2;21.201759654632497;0.09835185500750615;20.980003194740675;21.42351611452432
1101;46.50;19.50;True;False;False;False;982;15.50;17.50;True;False;False;False;1;29.070937110675004;0;29.070937110675004;29.070937110675004
1101;46.50;19.50;True;False;False;False;983;16.50;17.50;True;False;False;False;1;29.065547559161132;0;29.065547559161132;29.065547559161132
1101;46.50;19.50;True;False;False;False;1149;50.50;20.50;True;False;False;False;1;9.116673859585717;0;9.116673859585717;9.116673859585717
1102;47.50;19.50;True;False;False;False;12;61.50;3.50;False;False;True;False;3;194.69806761809514;1089.3207602769323;173.75240261213457;232.74407727515927
1102;47.50;19.50;True;False;False;False;28;61.50;9.50;False;False;True;False;1;89.99657287524678;0;89.99657287524678;89.99657287524678
1102;47.50;19.50;True;False;False;False;44;61.50;15.50;False;False;True;False;4;82.64983629244762;577.1000161476334;52.094089250640536;108.46257912571673
1102;47.50;19.50;True;False;False;False;60;61.50;21.50;False;False;True;False;4;94.26523811965262;35.213581821376614;87.0376879845553;101.5074098050427
1102;47.50;19.50;True;False;False;False;92;0.50;12.50;False;True;False;False;2;262.1945935105814;56.80294891812045;256.865290135931;267.5238968852318
1102;47.50;19.50;True;False;False;False;124;0.50;24.50;False;True;False;False;1;605.2239408271362;0;605.2239408271362;605.2239408271362
1102;47.50;19.50;True;False;False;False;491;52.50;5.50;True;False;False;False;1;19.451686638521096;0;19.451686638521096;19.451686638521096
1102;47.50;19.50;True;False;False;False;549;22.50;7.50;True;False;False;False;1;31.997597387868154;0;31.997597387868154;31.997597387868154
1102;47.50;19.50;True;False;False;False;674;15.50;10.50;True;False;False;False;1;35.21694484616728;0;35.21694484616728;35.21694484616728
1102;47.50;19.50;True;False;False;False;689;30.50;10.50;True;False;False;False;1;33.19787156919119;0;33.19787156919119;33.19787156919119
1102;47.50;19.50;True;False;False;False;733;30.50;11.50;True;False;False;False;1;23.514595240236304;0;23.514595240236304;23.514595240236304
1102;47.50;19.50;True;False;False;False;752;49.50;11.50;True;False;False;False;1;13.8146192292661;0;13.8146192292661;13.8146192292661
1102;47.50;19.50;True;False;False;False;821;30.50;13.50;True;False;False;False;1;24.261396483529097;0;24.261396483529097;24.261396483529097
1102;47.50;19.50;True;False;False;False;822;31.50;13.50;True;False;False;False;1;22.670007192911726;0;22.670007192911726;22.670007192911726
1102;47.50;19.50;True;False;False;False;823;32.50;13.50;True;False;False;False;2;21.222496805268747;0.05173677751849251;21.0616602772061;21.383333333331393
1102;47.50;19.50;True;False;False;False;831;40.50;13.50;True;False;False;False;1;16.465836929790385;0;16.465836929790385;16.465836929790385
1102;47.50;19.50;True;False;False;False;866;31.50;14.50;True;False;False;False;1;20.491392485348115;0;20.491392485348115;20.491392485348115
1102;47.50;19.50;True;False;False;False;954;31.50;16.50;True;False;False;False;1;21.494651195596816;0;21.494651195596816;21.494651195596816
1102;47.50;19.50;True;False;False;False;1100;45.50;19.50;True;False;False;False;1;4.400266988403018;0;4.400266988403018;4.400266988403018
1102;47.50;19.50;True;False;False;False;1151;52.50;20.50;True;False;False;False;1;10.921675466472152;0;10.921675466472152;10.921675466472152
1104;49.50;19.50;True;False;False;False;12;61.50;3.50;False;False;True;False;1;75.03787156918406;0;75.03787156918406;75.03787156918406
1104;49.50;19.50;True;False;False;False;28;61.50;9.50;False;False;True;False;1;80.12751078937617;0;80.12751078937617;80.12751078937617
1104;49.50;19.50;True;False;False;False;44;61.50;15.50;False;False;True;False;8;76.98235058520882;547.1382133703867;32.16787156918872;112.31546576231631
1104;49.50;19.50;True;False;False;False;60;61.50;21.50;False;False;True;False;4;88.24903696978754;498.9389603899351;68.3440892506469;109.10826192414879
1104;49.50;19.50;True;False;False;False;92;0.50;12.50;False;True;False;False;2;232.02483199684457;1052.1394671670132;209.0886219005033;254.96104209318582
1104;49.50;19.50;True;False;False;False;108;0.50;18.50;False;True;False;False;1;570.115841419014;0;570.115841419014;570.115841419014
1104;49.50;19.50;True;False;False;False;124;0.50;24.50;False;True;False;False;1;594.8179885462268;0;594.8179885462268;594.8179885462268
1104;49.50;19.50;True;False;False;False;303;40.50;1.50;True;False;False;False;1;25.4588761099576;0;25.4588761099576;25.4588761099576
1104;49.50;19.50;True;False;False;False;485;46.50;5.50;True;False;False;False;1;19.323158793944458;0;19.323158793944458;19.323158793944458
1104;49.50;19.50;True;False;False;False;733;30.50;11.50;True;False;False;False;1;46.811557807835925;0;46.811557807835925;46.811557807835925
1104;49.50;19.50;True;False;False;False;734;31.50;11.50;True;False;False;False;1;25.45992139785085;0;25.45992139785085;25.45992139785085
1104;49.50;19.50;True;False;False;False;753;50.50;11.50;True;False;False;False;1;16.999617660503645;0;16.999617660503645;16.999617660503645
1104;49.50;19.50;True;False;False;False;820;29.50;13.50;True;False;False;False;1;25.015468153609618;0;25.015468153609618;25.015468153609618
1104;49.50;19.50;True;False;False;False;821;30.50;13.50;True;False;False;False;1;35.70843112293005;0;35.70843112293005;35.70843112293005
1104;49.50;19.50;True;False;False;False;822;31.50;13.50;True;False;False;False;4;27.261319946592266;10.692950554844895;24.180927526482265;31.441755675463355
1104;49.50;19.50;True;False;False;False;841;50.50;13.50;True;False;False;False;1;15.338888888889414;0;15.338888888889414;15.338888888889414
1104;49.50;19.50;True;False;False;False;882;47.50;14.50;True;False;False;False;1;11.905193972292182;0;11.905193972292182;11.905193972292182
1104;49.50;19.50;True;False;False;False;975;52.50;16.50;True;False;False;False;1;10.161111111110586;0;10.161111111110586;10.161111111110586
1104;49.50;19.50;True;False;False;False;1099;44.50;19.50;True;False;False;False;1;7.108614707565721;0;7.108614707565721;7.108614707565721
1104;49.50;19.50;True;False;False;False;1106;51.50;19.50;True;False;False;False;1;4.911111111112405;0;4.911111111112405;4.911111111112405
1104;49.50;19.50;True;False;False;False;1237;50.50;22.50;True;False;False;False;1;8.712492405358716;0;8.712492405358716;8.712492405358716
1104;49.50;19.50;True;False;False;False;1365;46.50;25.50;True;False;False;False;1;13.57800693029958;0;13.57800693029958;13.57800693029958
1105;50.50;19.50;True;False;False;False;28;61.50;9.50;False;False;True;False;2;88.25606661621987;117.4604942480781;80.59250040171901;95.91963283072073
1105;50.50;19.50;True;False;False;False;44;61.50;15.50;False;False;True;False;11;111.01843025162967;1114.0266924479834;80.33851772142384;184.19231362232858
1105;50.50;19.50;True;False;False;False;60;61.50;21.50;False;False;True;False;4;109.98485484203889;1435.0707074890202;87.19802133505073;166.47695523382845
1105;50.50;19.50;True;False;False;False;76;0.50;6.50;False;True;False;False;2;540.5002103572265;971.6763293947046;518.4584734769951;562.5419472374579
1105;50.50;19.50;True;False;False;False;108;0.50;18.50;False;True;False;False;1;520.4513125218218;0;520.4513125218218;520.4513125218218
1105;50.50;19.50;True;False;False;False;124;0.50;24.50;False;True;False;False;3;588.2682563603054;320.9008392440213;568.0541020485998;602.17557210616
1105;50.50;19.50;True;False;False;False;349;42.50;2.50;True;False;False;False;1;24.237500401719444;0;24.237500401719444;24.237500401719444
1105;50.50;19.50;True;False;False;False;358;51.50;2.50;True;False;False;False;1;23.55092752647397;0;23.55092752647397;23.55092752647397
1105;50.50;19.50;True;False;False;False;733;30.50;11.50;True;False;False;False;1;32.36416945966266;0;32.36416945966266;32.36416945966266
1105;50.50;19.50;True;False;False;False;734;31.50;11.50;True;False;False;False;1;29.513045569630776;0;29.513045569630776;29.513045569630776
1105;50.50;19.50;True;False;False;False;820;29.50;13.50;True;False;False;False;1;29.91981961009151;0;29.91981961009151;29.91981961009151
1105;50.50;19.50;True;False;False;False;821;30.50;13.50;True;False;False;False;5;28.623764068603485;51.62983145458258;24.92676045806911;41.455930721193
1105;50.50;19.50;True;False;False;False;822;31.50;13.50;True;False;False;False;1;24.182125236082356;0;24.182125236082356;24.182125236082356
1105;50.50;19.50;True;False;False;False;823;32.50;13.50;True;False;False;False;1;23.779535041122017;0;23.779535041122017;23.779535041122017
1105;50.50;19.50;True;False;False;False;840;49.50;13.50;True;False;False;False;1;11.319260056354267;0;11.319260056354267;11.319260056354267
1105;50.50;19.50;True;False;False;False;864;29.50;14.50;True;False;False;False;1;24.80221902748235;0;24.80221902748235;24.80221902748235
1105;50.50;19.50;True;False;False;False;879;44.50;14.50;True;False;False;False;1;15.138517721414246;0;15.138517721414246;15.138517721414246
1105;50.50;19.50;True;False;False;False;1095;40.50;19.50;True;False;False;False;1;11.416750089458219;0;11.416750089458219;11.416750089458219
1105;50.50;19.50;True;False;False;False;1104;49.50;19.50;True;False;False;False;1;4.549831604657811;0;4.549831604657811;4.549831604657811
1105;50.50;19.50;True;False;False;False;1107;52.50;19.50;True;False;False;False;1;4.4644444444438705;0;4.4644444444438705;4.4644444444438705
1105;50.50;19.50;True;False;False;False;1146;47.50;20.50;True;False;False;False;1;8.880752722591751;0;8.880752722591751;8.880752722591751
1105;50.50;19.50;True;False;False;False;1149;50.50;20.50;True;False;False;False;1;3.3114830820268253;0;3.3114830820268253;3.3114830820268253
1105;50.50;19.50;True;False;False;False;1336;17.50;25.50;True;False;False;False;1;32.62471942920456;0;32.62471942920456;32.62471942920456
1105;50.50;19.50;True;False;False;False;1340;21.50;25.50;True;False;False;False;1;30.512965360598173;0;30.512965360598173;30.512965360598173
1105;50.50;19.50;True;False;False;False;1375;12.50;26.50;True;False;False;False;1;36.59380548513309;0;36.59380548513309;36.59380548513309
1106;51.50;19.50;True;False;False;False;28;61.50;9.50;False;False;True;False;4;99.78373294638308;1166.5370962229422;70.51593072120704;147.48232320655674
1106;51.50;19.50;True;False;False;False;44;61.50;15.50;False;False;True;False;5;95.32235583097554;643.7934914186887;57.157323206551155;124.08982041354648
1106;51.50;19.50;True;False;False;False;60;61.50;21.50;False;False;True;False;4;128.08121729876643;3594.1525492654955;69.48555875029069;196.71917026310985
1106;51.50;19.50;True;False;False;False;124;0.50;24.50;False;True;False;False;1;614.5212139861687;0;614.5212139861687;614.5212139861687
1106;51.50;19.50;True;False;False;False;489;50.50;5.50;True;False;False;False;1;16.69555236081942;0;16.69555236081942;16.69555236081942
1106;51.50;19.50;True;False;False;False;617;46.50;8.50;True;False;False;False;1;18.206007735494495;0;18.206007735494495;18.206007735494495
1106;51.50;19.50;True;False;False;False;711;52.50;10.50;True;False;False;False;1;13.395092987966564;0;13.395092987966564;13.395092987966564
1106;51.50;19.50;True;False;False;False;734;31.50;11.50;True;False;False;False;1;26.54296536060974;0;26.54296536060974;26.54296536060974
1106;51.50;19.50;True;False;False;False;806;15.50;13.50;True;False;False;False;1;35.91320808051387;0;35.91320808051387;35.91320808051387
1106;51.50;19.50;True;False;False;False;818;27.50;13.50;True;False;False;False;1;35.553285061869246;0;35.553285061869246;35.553285061869246
1106;51.50;19.50;True;False;False;False;821;30.50;13.50;True;False;False;False;2;30.69003889935084;37.405709471902924;26.365359172948956;35.01471862575272
1106;51.50;19.50;True;False;False;False;822;31.50;13.50;True;False;False;False;1;35.060559553737676;0;35.060559553737676;35.060559553737676
1106;51.50;19.50;True;False;False;False;823;32.50;13.50;True;False;False;False;2;25.918795097471218;8.629704321026587;23.84157287524431;27.996017319698126
1106;51.50;19.50;True;False;False;False;1281;50.50;23.50;True;False;False;False;1;15.07888888888192;0;15.07888888888192;15.07888888888192
1106;51.50;19.50;True;False;False;False;1348;29.50;25.50;True;False;False;False;1;26.09387769778914;0;26.09387769778914;26.09387769778914
1106;51.50;19.50;True;False;False;False;1414;51.50;26.50;True;False;False;False;1;7.872388226265684;0;7.872388226265684;7.872388226265684
1107;52.50;19.50;True;False;False;False;28;61.50;9.50;False;False;True;False;2;65.40610431991627;719.5810759444153;46.43795897114251;84.37424966869003
1107;52.50;19.50;True;False;False;False;44;61.50;15.50;False;False;True;False;3;64.32594057960007;224.97693482426794;48.558827867367654;78.41639248535193
1107;52.50;19.50;True;False;False;False;60;61.50;21.50;False;False;True;False;8;71.21347281645498;511.5343953348903;38.04725525663525;109.46833013859941
1107;52.50;19.50;True;False;False;False;76;0.50;6.50;False;True;False;False;1;604.5605755464403;0;604.5605755464403;604.5605755464403
1107;52.50;19.50;True;False;False;False;92;0.50;12.50;False;True;False;False;1;284.8262899131587;0;284.8262899131587;284.8262899131587
1107;52.50;19.50;True;False;False;False;108;0.50;18.50;False;True;False;False;1;574.0576029928925;0;574.0576029928925;574.0576029928925
1107;52.50;19.50;True;False;False;False;124;0.50;24.50;False;True;False;False;1;601.6724162135397;0;601.6724162135397;601.6724162135397
1107;52.50;19.50;True;False;False;False;585;14.50;8.50;True;False;False;False;1;59.60268398635162;0;59.60268398635162;59.60268398635162
1107;52.50;19.50;True;False;False;False;623;52.50;8.50;True;False;False;False;1;11.430735945450579;0;11.430735945450579;11.430735945450579
1107;52.50;19.50;True;False;False;False;711;52.50;10.50;True;False;False;False;1;10.133333333331393;0;10.133333333331393;10.133333333331393
1107;52.50;19.50;True;False;False;False;733;30.50;11.50;True;False;False;False;2;28.6587049025311;1.342659198229518;27.839357845958148;29.47805195910405
1107;52.50;19.50;True;False;False;False;734;31.50;11.50;True;False;False;False;2;28.060368374445716;2.919249689157104;26.852219027477986;29.268517721413446
1107;52.50;19.50;True;False;False;False;821;30.50;13.50;True;False;False;False;3;37.352807715201074;80.01032755654585;27.27490620858225;44.350649346970386
1107;52.50;19.50;True;False;False;False;822;31.50;13.50;True;False;False;False;2;27.297868776181076;9.942457386670629;25.068243540107687;29.527494012254465
1107;52.50;19.50;True;False;False;False;864;29.50;14.50;True;False;False;False;1;25.890658931151847;0;25.890658931151847;25.890658931151847
1107;52.50;19.50;True;False;False;False;866;31.50;14.50;True;False;False;False;1;24.35984600943084;0;24.35984600943084;24.35984600943084
1107;52.50;19.50;True;False;False;False;1013;46.50;17.50;True;False;False;False;1;11.778611512834686;0;11.778611512834686;11.778611512834686
1107;52.50;19.50;True;False;False;False;1081;26.50;19.50;True;False;False;False;1;32.313802290403146;0;32.313802290403146;32.313802290403146
1107;52.50;19.50;True;False;False;False;1257;26.50;23.50;True;False;False;False;1;26.910840927979734;0;26.910840927979734;26.910840927979734
1108;9.50;20.50;True;False;False;False;44;61.50;15.50;False;False;True;False;1;103.21602636501484;0;103.21602636501484;103.21602636501484
1108;9.50;20.50;True;False;False;False;1237;50.50;22.50;True;False;False;False;1;55.8635891306476;0;55.8635891306476;55.8635891306476
1109;10.50;20.50;True;False;False;False;28;61.50;9.50;False;False;True;False;1;69.8450977895991;0;69.8450977895991;69.8450977895991
1109;10.50;20.50;True;False;False;False;44;61.50;15.50;False;False;True;False;1;72.03767440216325;0;72.03767440216325;72.03767440216325
1109;10.50;20.50;True;False;False;False;430;35.50;4.50;True;False;False;False;1;34.93350972504595;0;34.93350972504595;34.93350972504595
1109;10.50;20.50;True;False;False;False;830;39.50;13.50;True;False;False;False;2;41.975281374232054;201.57348495799567;31.936021317883387;52.01454143058072
1111;12.50;20.50;True;False;False;False;28;61.50;9.50;False;False;True;False;1;67.59055875028207;0;67.59055875028207;67.59055875028207
1111;12.50;20.50;True;False;False;False;60;61.50;21.50;False;False;True;False;1;143.14695523381306;0;143.14695523381306;143.14695523381306
1111;12.50;20.50;True;False;False;False;353;46.50;2.50;True;False;False;False;1;42.51176045807733;0;42.51176045807733;42.51176045807733
1111;12.50;20.50;True;False;False;False;484;45.50;5.50;True;False;False;False;1;39.28638448897618;0;39.28638448897618;39.28638448897618
1111;12.50;20.50;True;False;False;False;840;49.50;13.50;True;False;False;False;1;37.54064695569468;0;37.54064695569468;37.54064695569468
1113;14.50;20.50;True;False;False;False;12;61.50;3.50;False;False;True;False;1;188.10826751006243;0;188.10826751006243;188.10826751006243
1113;14.50;20.50;True;False;False;False;44;61.50;15.50;False;False;True;False;2;95.05232149604444;1393.5139094062486;68.65616733103161;121.44847566105727
1113;14.50;20.50;True;False;False;False;60;61.50;21.50;False;False;True;False;2;88.91129989910587;2393.1153930398486;54.32000480164061;123.50259499657113
1113;14.50;20.50;True;False;False;False;352;45.50;2.50;True;False;False;False;1;39.87437142833096;0;39.87437142833096;39.87437142833096
1113;14.50;20.50;True;False;False;False;862;27.50;14.50;True;False;False;False;1;23.828997066131706;0;23.828997066131706;23.828997066131706
1113;14.50;20.50;True;False;False;False;877;42.50;14.50;True;False;False;False;1;30.005112959737744;0;30.005112959737744;30.005112959737744
1113;14.50;20.50;True;False;False;False;975;52.50;16.50;True;False;False;False;1;35.22348334467097;0;35.22348334467097;35.22348334467097
1113;14.50;20.50;True;False;False;False;999;32.50;17.50;True;False;False;False;1;21.239538235859072;0;21.239538235859072;21.239538235859072
1114;15.50;20.50;True;False;False;False;12;61.50;3.50;False;False;True;False;1;140.18528856715238;0;140.18528856715238;140.18528856715238
1114;15.50;20.50;True;False;False;False;28;61.50;9.50;False;False;True;False;1;97.84211886562116;0;97.84211886562116;97.84211886562116
1114;15.50;20.50;True;False;False;False;825;34.50;13.50;True;False;False;False;1;33.76481241717556;0;33.76481241717556;33.76481241717556
1115;16.50;20.50;True;False;False;False;44;61.50;15.50;False;False;True;False;1;125.71406367369764;0;125.71406367369764;125.71406367369764
1115;16.50;20.50;True;False;False;False;60;61.50;21.50;False;False;True;False;1;109.56194484615844;0;109.56194484615844;109.56194484615844
1115;16.50;20.50;True;False;False;False;698;39.50;10.50;True;False;False;False;1;29.22352091616085;0;29.22352091616085;29.22352091616085
1115;16.50;20.50;True;False;False;False;755;52.50;11.50;True;False;False;False;1;36.913799095666946;0;36.913799095666946;36.913799095666946
1116;17.50;20.50;True;False;False;False;28;61.50;9.50;False;False;True;False;2;110.79848402544212;991.2604731355392;88.5357295559752;133.06123849490905
1116;17.50;20.50;True;False;False;False;841;50.50;13.50;True;False;False;False;1;42.855749527851;0;42.855749527851;42.855749527851
1116;17.50;20.50;True;False;False;False;1202;15.50;22.50;True;False;False;False;1;13.997777777775354;0;13.997777777775354;13.997777777775354
1116;17.50;20.50;True;False;False;False;1275;44.50;23.50;True;False;False;False;1;27.374538235850196;0;27.374538235850196;27.374538235850196
1118;19.50;20.50;True;False;False;False;28;61.50;9.50;False;False;True;False;2;107.77473289834961;2335.7352069635276;73.6006549520207;141.94881084467852
1118;19.50;20.50;True;False;False;False;44;61.50;15.50;False;False;True;False;2;106.39570862940627;516.7661486180235;90.32141006589154;122.470007192921
1118;19.50;20.50;True;False;False;False;577;50.50;7.50;True;False;False;False;1;39.65648627675182;0;39.65648627675182;39.65648627675182
1118;19.50;20.50;True;False;False;False;953;30.50;16.50;True;False;False;False;1;17.120464136387454;0;17.120464136387454;17.120464136387454
1118;19.50;20.50;True;False;False;False;1019;52.50;17.50;True;False;False;False;1;30.908426321287152;0;30.908426321287152;30.908426321287152
1118;19.50;20.50;True;False;False;False;1104;49.50;19.50;True;False;False;False;1;44.28926005635003;0;44.28926005635003;44.28926005635003
1120;21.50;20.50;True;False;False;False;44;61.50;15.50;False;False;True;False;1;60.122507594631315;0;60.122507594631315;60.122507594631315
1123;24.50;20.50;True;False;False;False;60;61.50;21.50;False;False;True;False;1;203.27964058154248;0;203.27964058154248;203.27964058154248
1124;25.50;20.50;True;False;False;False;44;61.50;15.50;False;False;True;False;1;100.9657439418188;0;100.9657439418188;100.9657439418188
1124;25.50;20.50;True;False;False;False;76;0.50;6.50;False;True;False;False;1;18.37654312152881;0;18.37654312152881;18.37654312152881
1124;25.50;20.50;True;False;False;False;823;32.50;13.50;True;False;False;False;1;25.236204902528698;0;25.236204902528698;25.236204902528698
1125;26.50;20.50;True;False;False;False;28;61.50;9.50;False;False;True;False;1;101.95685025128114;0;101.95685025128114;101.95685025128114
1125;26.50;20.50;True;False;False;False;60;61.50;21.50;False;False;True;False;1;148.46862190048523;0;148.46862190048523;148.46862190048523
1125;26.50;20.50;True;False;False;False;108;0.50;18.50;False;True;False;False;1;611.4616890488178;0;611.4616890488178;611.4616890488178
1125;26.50;20.50;True;False;False;False;412;17.50;4.50;True;False;False;False;1;23.32564934697075;0;23.32564934697075;23.32564934697075
1125;26.50;20.50;True;False;False;False;984;17.50;17.50;True;False;False;False;1;15.415888367122534;0;15.415888367122534;15.415888367122534
1125;26.50;20.50;True;False;False;False;1212;25.50;22.50;True;False;False;False;1;8.965847496128845;0;8.965847496128845;8.965847496128845
1126;27.50;20.50;True;False;False;False;44;61.50;15.50;False;False;True;False;1;98.9775941931257;0;98.9775941931257;98.9775941931257
1126;27.50;20.50;True;False;False;False;60;61.50;21.50;False;False;True;False;1;119.52120570597526;0;119.52120570597526;119.52120570597526
1126;27.50;20.50;True;False;False;False;76;0.50;6.50;False;True;False;False;1;591.9251925252829;0;591.9251925252829;591.9251925252829
1126;27.50;20.50;True;False;False;False;124;0.50;24.50;False;True;False;False;1;606.7486394810221;0;606.7486394810221;606.7486394810221
1126;27.50;20.50;True;False;False;False;821;30.50;13.50;True;False;False;False;1;13.227962165881763;0;13.227962165881763;13.227962165881763
1126;27.50;20.50;True;False;False;False;864;29.50;14.50;True;False;False;False;1;12.599350653028523;0;12.599350653028523;12.599350653028523
1126;27.50;20.50;True;False;False;False;976;9.50;17.50;True;False;False;False;1;20.43398268029705;0;20.43398268029705;20.43398268029705
1126;27.50;20.50;True;False;False;False;1007;40.50;17.50;True;False;False;False;1;17.823510528494808;0;17.823510528494808;17.823510528494808
1128;29.50;20.50;True;False;False;False;44;61.50;15.50;False;False;True;False;2;99.77213962190831;189.30240243285272;90.04325473121162;109.501024512605
1128;29.50;20.50;True;False;False;False;822;31.50;13.50;True;False;False;False;1;13.323701306057046;0;13.323701306057046;13.323701306057046
1128;29.50;20.50;True;False;False;False;1277;46.50;23.50;True;False;False;False;1;29.504167068369497;0;29.504167068369497;29.504167068369497
1129;30.50;20.50;True;False;False;False;28;61.50;9.50;False;False;True;False;1;143.71907727516373;0;143.71907727516373;143.71907727516373
1129;30.50;20.50;True;False;False;False;44;61.50;15.50;False;False;True;False;1;156.53693606538582;0;156.53693606538582;156.53693606538582
1129;30.50;20.50;True;False;False;False;864;29.50;14.50;True;False;False;False;1;12.03306240407619;0;12.03306240407619;12.03306240407619
1129;30.50;20.50;True;False;False;False;1151;52.50;20.50;True;False;False;False;1;18.905184388091584;0;18.905184388091584;18.905184388091584
1129;30.50;20.50;True;False;False;False;1361;42.50;25.50;True;False;False;False;1;19.707222222221844;0;19.707222222221844;19.707222222221844
1130;31.50;20.50;True;False;False;False;44;61.50;15.50;False;False;True;False;1;99.76258780367061;0;99.76258780367061;99.76258780367061
1130;31.50;20.50;True;False;False;False;60;61.50;21.50;False;False;True;False;1;87.00898348375631;0;87.00898348375631;87.00898348375631
1130;31.50;20.50;True;False;False;False;821;30.50;13.50;True;False;False;False;1;11.38298318667512;0;11.38298318667512;11.38298318667512
1130;31.50;20.50;True;False;False;False;822;31.50;13.50;True;False;False;False;1;23.82304827372809;0;23.82304827372809;23.82304827372809
1131;32.50;20.50;True;False;False;False;60;61.50;21.50;False;False;True;False;1;80.4999030138315;0;80.4999030138315;80.4999030138315
1131;32.50;20.50;True;False;False;False;988;21.50;17.50;True;False;False;False;1;15.955555555556202;0;15.955555555556202;15.955555555556202
1133;34.50;20.50;True;False;False;False;28;61.50;9.50;False;False;True;False;1;100.03120251122527;0;100.03120251122527;100.03120251122527
1133;34.50;20.50;True;False;False;False;44;61.50;15.50;False;False;True;False;1;94.41723660806838;0;94.41723660806838;94.41723660806838
1133;34.50;20.50;True;False;False;False;60;61.50;21.50;False;False;True;False;3;103.80029154402503;50.88978715209085;95.77445101255216;109.41920059384938
1133;34.50;20.50;True;False;False;False;813;22.50;13.50;True;False;False;False;1;19.75352011268842;0;19.75352011268842;19.75352011268842
1133;34.50;20.50;True;False;False;False;822;31.50;13.50;True;False;False;False;1;13.880464958878974;0;13.880464958878974;13.880464958878974
1133;34.50;20.50;True;False;False;False;1011;44.50;17.50;True;False;False;False;1;14.855555555564933;0;14.855555555564933;14.855555555564933
1133;34.50;20.50;True;False;False;False;1151;52.50;20.50;True;False;False;False;1;16.497972553520412;0;16.497972553520412;16.497972553520412
1133;34.50;20.50;True;False;False;False;1241;10.50;23.50;True;False;False;False;1;26.79231601364154;0;26.79231601364154;26.79231601364154
1134;35.50;20.50;True;False;False;False;60;61.50;21.50;False;False;True;False;1;60.21112469353102;0;60.21112469353102;60.21112469353102
1134;35.50;20.50;True;False;False;False;76;0.50;6.50;False;True;False;False;1;572.2280751446924;0;572.2280751446924;572.2280751446924
1134;35.50;20.50;True;False;False;False;108;0.50;18.50;False;True;False;False;1;587.0903917162505;0;587.0903917162505;587.0903917162505
1134;35.50;20.50;True;False;False;False;1229;42.50;22.50;True;False;False;False;1;13.244259233866615;0;13.244259233866615;13.244259233866615
1134;35.50;20.50;True;False;False;False;1273;42.50;23.50;True;False;False;False;1;14.405568334543204;0;14.405568334543204;14.405568334543204
1134;35.50;20.50;True;False;False;False;1330;11.50;25.50;True;False;False;False;1;26.600927526455052;0;26.600927526455052;26.600927526455052
1135;36.50;20.50;True;False;False;False;44;61.50;15.50;False;False;True;False;1;148.75958219674794;0;148.75958219674794;148.75958219674794
1135;36.50;20.50;True;False;False;False;60;61.50;21.50;False;False;True;False;1;82.50631068849543;0;82.50631068849543;82.50631068849543
1135;36.50;20.50;True;False;False;False;76;0.50;6.50;False;True;False;False;1;609.9849595080777;0;609.9849595080777;609.9849595080777
1135;36.50;20.50;True;False;False;False;108;0.50;18.50;False;True;False;False;1;523.222806775706;0;523.222806775706;523.222806775706
1135;36.50;20.50;True;False;False;False;734;31.50;11.50;True;False;False;False;1;16.84194804091203;0;16.84194804091203;16.84194804091203
1135;36.50;20.50;True;False;False;False;822;31.50;13.50;True;False;False;False;1;14.888055153835012;0;14.888055153835012;14.888055153835012
1135;36.50;20.50;True;False;False;False;975;52.50;16.50;True;False;False;False;1;20.493816676240385;0;20.493816676240385;20.493816676240385
1135;36.50;20.50;True;False;False;False;1276;45.50;23.50;True;False;False;False;1;16.31629549920126;0;16.31629549920126;16.31629549920126
1136;37.50;20.50;True;False;False;False;44;61.50;15.50;False;False;True;False;2;86.68134639308687;275.7139875790704;74.94009459485278;98.42259819132096
1136;37.50;20.50;True;False;False;False;60;61.50;21.50;False;False;True;False;4;83.10981154039894;27.7812764059577;76.53334452443823;88.02491020676825
1136;37.50;20.50;True;False;False;False;592;21.50;8.50;True;False;False;False;1;25.40554755918356;0;25.40554755918356;25.40554755918356
1136;37.50;20.50;True;False;False;False;734;31.50;11.50;True;False;False;False;1;19.90027179004028;0;19.90027179004028;19.90027179004028
1136;37.50;20.50;True;False;False;False;822;31.50;13.50;True;False;False;False;1;15.68907168912483;0;15.68907168912483;15.68907168912483
1136;37.50;20.50;True;False;False;False;823;32.50;13.50;True;False;False;False;1;14.80620490252295;0;14.80620490252295;14.80620490252295
1136;37.50;20.50;True;False;False;False;1138;39.50;20.50;True;False;False;False;1;4.64166747012132;0;4.64166747012132;4.64166747012132
1136;37.50;20.50;True;False;False;False;1278;47.50;23.50;True;False;False;False;1;16.021392485352408;0;16.021392485352408;16.021392485352408
1138;39.50;20.50;True;False;False;False;44;61.50;15.50;False;False;True;False;3;96.09268505762839;490.8536308625736;78.65074074709446;121.02129630265017
1138;39.50;20.50;True;False;False;False;60;61.50;21.50;False;False;True;False;5;135.13897005441973;45.9519959080494;128.9824972069764;143.70140048171925
1138;39.50;20.50;True;False;False;False;76;0.50;6.50;False;True;False;False;1;571.6100223821577;0;571.6100223821577;571.6100223821577
1138;39.50;20.50;True;False;False;False;733;30.50;11.50;True;False;False;False;1;19.60704183231792;0;19.60704183231792;19.60704183231792
1138;39.50;20.50;True;False;False;False;820;29.50;13.50;True;False;False;False;1;21.006111111111522;0;21.006111111111522;21.006111111111522
1138;39.50;20.50;True;False;False;False;821;30.50;13.50;True;False;False;False;2;17.855140687122912;0.1065280796698765;17.624350653033616;18.085930721212208
1138;39.50;20.50;True;False;False;False;822;31.50;13.50;True;False;False;False;1;16.97805595727914;0;16.97805595727914;16.97805595727914
1138;39.50;20.50;True;False;False;False;865;30.50;14.50;True;False;False;False;2;20.05958872802421;20.278432021610115;16.87537516565044;23.24380229039798
1138;39.50;20.50;True;False;False;False;1018;51.50;17.50;True;False;False;False;1;18.22990620858036;0;18.22990620858036;18.22990620858036
1138;39.50;20.50;True;False;False;False;1104;49.50;19.50;True;False;False;False;1;13.914170263125925;0;13.914170263125925;13.914170263125925
1139;40.50;20.50;True;False;False;False;12;61.50;3.50;False;False;True;False;2;98.58204742787672;4124.523833655937;53.16991340151799;143.99418145423545
1139;40.50;20.50;True;False;False;False;28;61.50;9.50;False;False;True;False;1;111.08888730104809;0;111.08888730104809;111.08888730104809
1139;40.50;20.50;True;False;False;False;44;61.50;15.50;False;False;True;False;2;106.4931970365858;2593.1014130800277;70.48554914700526;142.50084492616634
1139;40.50;20.50;True;False;False;False;734;31.50;11.50;True;False;False;False;1;20.100549166076235;0;20.100549166076235;20.100549166076235
1139;40.50;20.50;True;False;False;False;755;52.50;11.50;True;False;False;False;1;21.53397309609477;0;21.53397309609477;21.53397309609477
1139;40.50;20.50;True;False;False;False;820;29.50;13.50;True;False;False;False;1;21.750468153615657;0;21.750468153615657;21.750468153615657
1139;40.50;20.50;True;False;False;False;823;32.50;13.50;True;False;False;False;1;17.546197709594708;0;17.546197709594708;17.546197709594708
1139;40.50;20.50;True;False;False;False;825;34.50;13.50;True;False;False;False;1;16.12871569190628;0;16.12871569190628;16.12871569190628
1140;41.50;20.50;True;False;False;False;28;61.50;9.50;False;False;True;False;1;180.076580068162;0;180.076580068162;180.076580068162
1140;41.50;20.50;True;False;False;False;44;61.50;15.50;False;False;True;False;2;98.57819624265903;665.7768998804978;80.33296536058333;116.82342712473474
1140;41.50;20.50;True;False;False;False;337;30.50;2.50;True;False;False;False;1;30.033427124748414;0;30.033427124748414;30.033427124748414
1140;41.50;20.50;True;False;False;False;821;30.50;13.50;True;False;False;False;1;21.71485236088847;0;21.71485236088847;21.71485236088847
1140;41.50;20.50;True;False;False;False;865;30.50;14.50;True;False;False;False;1;17.910277376053273;0;17.910277376053273;17.910277376053273
1141;42.50;20.50;True;False;False;False;44;61.50;15.50;False;False;True;False;1;132.04194804089457;0;132.04194804089457;132.04194804089457
1141;42.50;20.50;True;False;False;False;60;61.50;21.50;False;False;True;False;1;73.28398428717992;0;73.28398428717992;73.28398428717992
1141;42.50;20.50;True;False;False;False;92;0.50;12.50;False;True;False;False;1;245.63769200180013;0;245.63769200180013;245.63769200180013
1141;42.50;20.50;True;False;False;False;287;24.50;1.50;True;False;False;False;1;31.752321599651623;0;31.752321599651623;31.752321599651623
1141;42.50;20.50;True;False;False;False;821;30.50;13.50;True;False;False;False;1;19.759722623941343;0;19.759722623941343;19.759722623941343
1141;42.50;20.50;True;False;False;False;864;29.50;14.50;True;False;False;False;1;20.503251536476455;0;20.503251536476455;20.503251536476455
1141;42.50;20.50;True;False;False;False;1229;42.50;22.50;True;False;False;False;1;5.326854249492442;0;5.326854249492442;5.326854249492442
1143;44.50;20.50;True;False;False;False;28;61.50;9.50;False;False;True;False;1;113.93211047107252;0;113.93211047107252;113.93211047107252
1143;44.50;20.50;True;False;False;False;44;61.50;15.50;False;False;True;False;1;93.95000399818673;0;93.95000399818673;93.95000399818673
1143;44.50;20.50;True;False;False;False;60;61.50;21.50;False;False;True;False;2;46.790193178373556;126.93550465300538;38.82352810906741;54.7568582476797
1143;44.50;20.50;True;False;False;False;92;0.50;12.50;False;True;False;False;1;279.4786235073716;0;279.4786235073716;279.4786235073716
1143;44.50;20.50;True;False;False;False;708;49.50;10.50;True;False;False;False;1;23.590725178666617;0;23.590725178666617;23.590725178666617
1143;44.50;20.50;True;False;False;False;822;31.50;13.50;True;False;False;False;1;26.22139248534404;0;26.22139248534404;26.22139248534404
1143;44.50;20.50;True;False;False;False;866;31.50;14.50;True;False;False;False;1;22.46176045807988;0;22.46176045807988;22.46176045807988
1143;44.50;20.50;True;False;False;False;1111;12.50;20.50;True;False;False;False;1;24.861111111113132;0;24.861111111113132;24.861111111113132
1143;44.50;20.50;True;False;False;False;1275;44.50;23.50;True;False;False;False;1;6.1265728752532596;0;6.1265728752532596;6.1265728752532596
1144;45.50;20.50;True;False;False;False;44;61.50;15.50;False;False;True;False;1;97.8453751656416;0;97.8453751656416;97.8453751656416
1144;45.50;20.50;True;False;False;False;60;61.50;21.50;False;False;True;False;1;71.97186783189136;0;71.97186783189136;71.97186783189136
1144;45.50;20.50;True;False;False;False;733;30.50;11.50;True;False;False;False;1;32.734177456059115;0;32.734177456059115;32.734177456059115
1144;45.50;20.50;True;False;False;False;864;29.50;14.50;True;False;False;False;1;21.259344263540697;0;21.259344263540697;21.259344263540697
1145;46.50;20.50;True;False;False;False;28;61.50;9.50;False;False;True;False;1;50.249819610091436;0;50.249819610091436;50.249819610091436
1145;46.50;20.50;True;False;False;False;44;61.50;15.50;False;False;True;False;2;111.35061204499107;1.9673731787030688;110.35880229037502;112.34242179960711
1145;46.50;20.50;True;False;False;False;60;61.50;21.50;False;False;True;False;1;146.29232001182027;0;146.29232001182027;146.29232001182027
1145;46.50;20.50;True;False;False;False;76;0.50;6.50;False;True;False;False;1;505.7719748928939;0;505.7719748928939;505.7719748928939
1145;46.50;20.50;True;False;False;False;92;0.50;12.50;False;True;False;False;1;265.09936423540785;0;265.09936423540785;265.09936423540785
1145;46.50;20.50;True;False;False;False;733;30.50;11.50;True;False;False;False;1;27.32346869434332;0;27.32346869434332;27.32346869434332
1145;46.50;20.50;True;False;False;False;932;9.50;16.50;True;False;False;False;1;34.362489210609056;0;34.362489210609056;34.362489210609056
1145;46.50;20.50;True;False;False;False;984;17.50;17.50;True;False;False;False;1;28.589999999998327;0;28.589999999998327;28.589999999998327
1145;46.50;20.50;True;False;False;False;986;19.50;17.50;True;False;False;False;1;26.965011191104168;0;26.965011191104168;26.965011191104168
1145;46.50;20.50;True;False;False;False;1016;49.50;17.50;True;False;False;False;1;10.911482278574113;0;10.911482278574113;10.911482278574113
1145;46.50;20.50;True;False;False;False;1102;47.50;19.50;True;False;False;False;1;6.550092987957214;0;6.550092987957214;6.550092987957214
1146;47.50;20.50;True;False;False;False;28;61.50;9.50;False;False;True;False;1;115.7975035964555;0;115.7975035964555;115.7975035964555
1146;47.50;20.50;True;False;False;False;44;61.50;15.50;False;False;True;False;3;90.54573009162293;522.3457660288964;72.62907329600785;116.28472662213608
1146;47.50;20.50;True;False;False;False;60;61.50;21.50;False;False;True;False;4;90.68931514452424;990.43378978287;65.80546254852743;135.49129949736744
1146;47.50;20.50;True;False;False;False;546;19.50;7.50;True;False;False;False;1;34.571747679136024;0;34.571747679136024;34.571747679136024
1146;47.50;20.50;True;False;False;False;822;31.50;13.50;True;False;False;False;2;35.292500401726556;325.95181208803336;22.526298693935132;48.05870210951798
1146;47.50;20.50;True;False;False;False;865;30.50;14.50;True;False;False;False;1;51.55758700021693;0;51.55758700021693;51.55758700021693
1146;47.50;20.50;True;False;False;False;973;50.50;16.50;True;False;False;False;1;11.445644299961714;0;11.445644299961714;11.445644299961714
1146;47.50;20.50;True;False;False;False;974;51.50;16.50;True;False;False;False;1;13.470555536503525;0;13.470555536503525;13.470555536503525
1146;47.50;20.50;True;False;False;False;1120;21.50;20.50;True;False;False;False;1;20.83230482253566;0;20.83230482253566;20.83230482253566
1146;47.50;20.50;True;False;False;False;1412;49.50;26.50;True;False;False;False;1;12.366181178116676;0;12.366181178116676;12.366181178116676
1148;49.50;20.50;True;False;False;False;12;61.50;3.50;False;False;True;False;1;91.54916626493286;0;91.54916626493286;91.54916626493286
1148;49.50;20.50;True;False;False;False;28;61.50;9.50;False;False;True;False;1;119.61730962413276;0;119.61730962413276;119.61730962413276
1148;49.50;20.50;True;False;False;False;44;61.50;15.50;False;False;True;False;4;112.26070630427239;329.96069939365896;93.83545776595565;136.99112310568398
1148;49.50;20.50;True;False;False;False;60;61.50;21.50;False;False;True;False;3;103.463398794204;1052.8304281552298;66.90240661031066;128.83620170778477
1148;49.50;20.50;True;False;False;False;108;0.50;18.50;False;True;False;False;1;574.2278899531811;0;574.2278899531811;574.2278899531811
1148;49.50;20.50;True;False;False;False;309;46.50;1.50;True;False;False;False;1;22.00666027717307;0;22.00666027717307;22.00666027717307
1148;49.50;20.50;True;False;False;False;821;30.50;13.50;True;False;False;False;2;37.796850653029196;28.069453914791964;34.05055555555009;41.5431457505083
1148;49.50;20.50;True;False;False;False;822;31.50;13.50;True;False;False;False;3;29.631551469816866;83.49618460782003;23.209628029084342;40.09271036673272
1148;49.50;20.50;True;False;False;False;838;47.50;13.50;True;False;False;False;1;12.5374098050479;0;12.5374098050479;12.5374098050479
1148;49.50;20.50;True;False;False;False;1070;15.50;19.50;True;False;False;False;1;29.623896081815474;0;29.623896081815474;29.623896081815474
1148;49.50;20.50;True;False;False;False;1123;24.50;20.50;True;False;False;False;1;34.60111830403548;0;34.60111830403548;34.60111830403548
1148;49.50;20.50;True;False;False;False;1380;17.50;26.50;True;False;False;False;1;32.446111111109985;0;32.446111111109985;32.446111111109985
1149;50.50;20.50;True;False;False;False;12;61.50;3.50;False;False;True;False;1;82.85102212132733;0;82.85102212132733;82.85102212132733
1149;50.50;20.50;True;False;False;False;44;61.50;15.50;False;False;True;False;3;137.57854792029744;2567.770902137944;84.70351452667273;185.71730962414222
1149;50.50;20.50;True;False;False;False;60;61.50;21.50;False;False;True;False;2;146.15858060031132;1260.4446418136533;121.05435145646334;171.2628097441593
1149;50.50;20.50;True;False;False;False;108;0.50;18.50;False;True;False;False;1;636.1665206535367;0;636.1665206535367;636.1665206535367
1149;50.50;20.50;True;False;False;False;728;25.50;11.50;True;False;False;False;1;29.492774583040955;0;29.492774583040955;29.492774583040955
1149;50.50;20.50;True;False;False;False;733;30.50;11.50;True;False;False;False;1;30.277031444664317;0;30.277031444664317;30.277031444664317
1149;50.50;20.50;True;False;False;False;865;30.50;14.50;True;False;False;False;1;37.57881267804987;0;37.57881267804987;37.57881267804987
1149;50.50;20.50;True;False;False;False;866;31.50;14.50;True;False;False;False;1;23.606402069563046;0;23.606402069563046;23.606402069563046
1149;50.50;20.50;True;False;False;False;973;50.50;16.50;True;False;False;False;1;6.0145382358532515;0;6.0145382358532515;6.0145382358532515
1149;50.50;20.50;True;False;False;False;994;27.50;17.50;True;False;False;False;1;23.99286837445527;0;23.99286837445527;23.99286837445527
1149;50.50;20.50;True;False;False;False;1104;49.50;19.50;True;False;False;False;1;6.579999999999927;0;6.579999999999927;6.579999999999927
1150;51.50;20.50;True;False;False;False;28;61.50;9.50;False;False;True;False;2;142.8632419427314;1804.2577348588595;112.8277817759647;172.89870210949812
1150;51.50;20.50;True;False;False;False;44;61.50;15.50;False;False;True;False;1;80.43314575050317;0;80.43314575050317;80.43314575050317
1150;51.50;20.50;True;False;False;False;60;61.50;21.50;False;False;True;False;1;112.1909198139765;0;112.1909198139765;112.1909198139765
1150;51.50;20.50;True;False;False;False;710;51.50;10.50;True;False;False;False;1;9.817406610309263;0;9.817406610309263;9.817406610309263
1150;51.50;20.50;True;False;False;False;733;30.50;11.50;True;False;False;False;1;26.420555555556348;0;26.420555555556348;26.420555555556348
1150;51.50;20.50;True;False;False;False;734;31.50;11.50;True;False;False;False;1;26.60407647169268;0;26.60407647169268;26.60407647169268
1150;51.50;20.50;True;False;False;False;820;29.50;13.50;True;False;False;False;1;39.49417345786287;0;39.49417345786287;39.49417345786287
1151;52.50;20.50;True;False;False;False;12;61.50;3.50;False;False;True;False;2;145.1714562999805;1314.1290948155843;119.53818597784266;170.80472662211832
1151;52.50;20.50;True;False;False;False;28;61.50;9.50;False;False;True;False;2;82.80745310428938;36.83445220338723;78.51592352828811;87.09898268029065
1151;52.50;20.50;True;False;False;False;44;61.50;15.50;False;False;True;False;5;88.60878177595414;1891.9703311778085;22.989996805263218;137.51518758281964
1151;52.50;20.50;True;False;False;False;60;61.50;21.50;False;False;True;False;11;86.16277847894563;590.4926836329646;37.63815213997441;138.2470458304906
1151;52.50;20.50;True;False;False;False;124;0.50;24.50;False;True;False;False;1;652.743170523936;0;652.743170523936;652.743170523936
1151;52.50;20.50;True;False;False;False;353;46.50;2.50;True;False;False;False;1;23.08120490252395;0;23.08120490252395;23.08120490252395
1151;52.50;20.50;True;False;False;False;424;29.50;4.50;True;False;False;False;1;32.78333333332557;0;32.78333333332557;32.78333333332557
1151;52.50;20.50;True;False;False;False;456;17.50;5.50;True;False;False;False;1;40.61676445626654;0;40.61676445626654;40.61676445626654
1151;52.50;20.50;True;False;False;False;572;45.50;7.50;True;False;False;False;1;20.944462024999666;0;20.944462024999666;20.944462024999666
1151;52.50;20.50;True;False;False;False;732;29.50;11.50;True;False;False;False;1;27.94713162554399;0;27.94713162554399;27.94713162554399
1151;52.50;20.50;True;False;False;False;733;30.50;11.50;True;False;False;False;1;35.616393288792096;0;35.616393288792096;35.616393288792096
1151;52.50;20.50;True;False;False;False;752;49.50;11.50;True;False;False;False;1;15.101205705963366;0;15.101205705963366;15.101205705963366
1151;52.50;20.50;True;False;False;False;754;51.50;11.50;True;False;False;False;1;13.266666666662786;0;13.266666666662786;13.266666666662786
1151;52.50;20.50;True;False;False;False;821;30.50;13.50;True;False;False;False;1;31.249440446255903;0;31.249440446255903;31.249440446255903
1151;52.50;20.50;True;False;False;False;822;31.50;13.50;True;False;False;False;5;27.468295816764567;3.476626634113664;25.785646152231493;29.89435784594025
1151;52.50;20.50;True;False;False;False;887;52.50;14.50;True;False;False;False;1;8.05017587214752;0;8.05017587214752;8.05017587214752
1151;52.50;20.50;True;False;False;False;974;51.50;16.50;True;False;False;False;1;10.300649346969294;0;10.300649346969294;10.300649346969294
1151;52.50;20.50;True;False;False;False;998;31.50;17.50;True;False;False;False;1;22.682683986353368;0;22.682683986353368;22.682683986353368
1151;52.50;20.50;True;False;False;False;1106;51.50;19.50;True;False;False;False;1;6.885461764140928;0;6.885461764140928;6.885461764140928
1151;52.50;20.50;True;False;False;False;1118;19.50;20.50;True;False;False;False;1;25.40925686162518;0;25.40925686162518;25.40925686162518
1151;52.50;20.50;True;False;False;False;1231;44.50;22.50;True;False;False;False;1;13.73620490252506;0;13.73620490252506;13.73620490252506
1151;52.50;20.50;True;False;False;False;1414;51.50;26.50;True;False;False;False;1;10.759724230829306;0;10.759724230829306;10.759724230829306
1196;9.50;22.50;True;False;False;False;28;61.50;9.50;False;False;True;False;2;97.86431095024227;12.259930199555521;95.38843431765781;100.34018758282673
1196;9.50;22.50;True;False;False;False;60;61.50;21.50;False;False;True;False;2;80.0280955707276;139.350915008298;71.6809129619578;88.3752781794974
1196;9.50;22.50;True;False;False;False;303;40.50;1.50;True;False;False;False;1;42.399257665068035;0;42.399257665068035;42.399257665068035
1196;9.50;22.50;True;False;False;False;701;42.50;10.50;True;False;False;False;1;36.70397948556274;0;36.70397948556274;36.70397948556274
1196;9.50;22.50;True;False;False;False;877;42.50;14.50;True;False;False;False;1;34.299898837012734;0;34.299898837012734;34.299898837012734
1196;9.50;22.50;True;False;False;False;1096;41.50;19.50;True;False;False;False;1;30.570923528282947;0;30.570923528282947;30.570923528282947
1196;9.50;22.50;True;False;False;False;1330;11.50;25.50;True;False;False;False;1;10.520089793226475;0;10.520089793226475;10.520089793226475
1197;10.50;22.50;True;False;False;False;745;42.50;11.50;True;False;False;False;1;38.68462883253687;0;38.68462883253687;38.68462883253687
1198;11.50;22.50;True;False;False;False;60;61.50;21.50;False;False;True;False;2;107.79299934511346;2543.158150838379;72.13379190272644;143.45220678750047
1198;11.50;22.50;True;False;False;False;124;0.50;24.50;False;True;False;False;1;595.9127415297385;0;595.9127415297385;595.9127415297385
1198;11.50;22.50;True;False;False;False;554;27.50;7.50;True;False;False;False;1;28.345465762326057;0;28.345465762326057;28.345465762326057
1198;11.50;22.50;True;False;False;False;750;47.50;11.50;True;False;False;False;1;39.3583333333263;0;39.3583333333263;39.3583333333263
1198;11.50;22.50;True;False;False;False;1233;46.50;22.50;True;False;False;False;1;27.592222222222063;0;27.592222222222063;27.592222222222063
1199;12.50;22.50;True;False;False;False;44;61.50;15.50;False;False;True;False;1;92.4148060276857;0;92.4148060276857;92.4148060276857
1199;12.50;22.50;True;False;False;False;695;36.50;10.50;True;False;False;False;1;31.662316013636882;0;31.662316013636882;31.662316013636882
1202;15.50;22.50;True;False;False;False;44;61.50;15.50;False;False;True;False;1;76.66509459486042;0;76.66509459486042;76.66509459486042
1202;15.50;22.50;True;False;False;False;124;0.50;24.50;False;True;False;False;1;544.9771484217354;0;544.9771484217354;544.9771484217354
1202;15.50;22.50;True;False;False;False;479;40.50;5.50;True;False;False;False;1;35.18509379141415;0;35.18509379141415;35.18509379141415
1206;19.50;22.50;True;False;False;False;44;61.50;15.50;False;False;True;False;3;109.78741673015247;1370.8538459741399;72.72677643177667;146.77676045806584
1206;19.50;22.50;True;False;False;False;60;61.50;21.50;False;False;True;False;1;66.87611510928764;0;66.87611510928764;66.87611510928764
1206;19.50;22.50;True;False;False;False;424;29.50;4.50;True;False;False;False;1;26.22222222221899;0;26.22222222221899;26.22222222221899
1206;19.50;22.50;True;False;False;False;623;52.50;8.50;True;False;False;False;1;38.18324354011202;0;38.18324354011202;38.18324354011202
1206;19.50;22.50;True;False;False;False;750;47.50;11.50;True;False;False;False;1;35.352397810502225;0;35.352397810502225;35.352397810502225
1206;19.50;22.50;True;False;False;False;825;34.50;13.50;True;False;False;False;1;24.512885709493275;0;24.512885709493275;24.512885709493275
1206;19.50;22.50;True;False;False;False;1360;41.50;25.50;True;False;False;False;1;24.43999680526531;0;24.43999680526531;24.43999680526531
1207;20.50;22.50;True;False;False;False;28;61.50;9.50;False;False;True;False;1;93.58888888886577;0;93.58888888886577;93.58888888886577
1211;24.50;22.50;True;False;False;False;44;61.50;15.50;False;False;True;False;1;126.10343831585419;0;126.10343831585419;126.10343831585419
1212;25.50;22.50;True;False;False;False;44;61.50;15.50;False;False;True;False;1;84.63434826174762;0;84.63434826174762;84.63434826174762
1212;25.50;22.50;True;False;False;False;60;61.50;21.50;False;False;True;False;1;101.97213162552362;0;101.97213162552362;101.97213162552362
1212;25.50;22.50;True;False;False;False;733;30.50;11.50;True;False;False;False;1;27.878611512827774;0;27.878611512827774;27.878611512827774
1212;25.50;22.50;True;False;False;False;866;31.50;14.50;True;False;False;False;1;31.925638959306525;0;31.925638959306525;31.925638959306525
1214;27.50;22.50;True;False;False;False;44;61.50;15.50;False;False;True;False;1;110.75944285659534;0;110.75944285659534;110.75944285659534
1214;27.50;22.50;True;False;False;False;60;61.50;21.50;False;False;True;False;1;113.09454862348139;0;113.09454862348139;113.09454862348139
1214;27.50;22.50;True;False;False;False;719;16.50;11.50;True;False;False;False;1;22.12815294342363;0;22.12815294342363;22.12815294342363
1214;27.50;22.50;True;False;False;False;821;30.50;13.50;True;False;False;False;1;20.69958860531733;0;20.69958860531733;20.69958860531733
1216;29.50;22.50;True;False;False;False;44;61.50;15.50;False;False;True;False;1;103.99464290555716;0;103.99464290555716;103.99464290555716
1216;29.50;22.50;True;False;False;False;1257;26.50;23.50;True;False;False;False;1;9.142302431235294;0;9.142302431235294;9.142302431235294
1217;30.50;22.50;True;False;False;False;44;61.50;15.50;False;False;True;False;1;190.7703583885086;0;190.7703583885086;190.7703583885086
1217;30.50;22.50;True;False;False;False;124;0.50;24.50;False;True;False;False;1;586.9015792837956;0;586.9015792837956;586.9015792837956
1217;30.50;22.50;True;False;False;False;1273;42.50;23.50;True;False;False;False;1;14.758333333332757;0;14.758333333332757;14.758333333332757
1217;30.50;22.50;True;False;False;False;1364;45.50;25.50;True;False;False;False;1;19.41258300203117;0;19.41258300203117;19.41258300203117
1218;31.50;22.50;True;False;False;False;44;61.50;15.50;False;False;True;False;1;84.10528137423171;0;84.10528137423171;84.10528137423171
1218;31.50;22.50;True;False;False;False;60;61.50;21.50;False;False;True;False;1;112.78852411083426;0;112.78852411083426;112.78852411083426
1218;31.50;22.50;True;False;False;False;821;30.50;13.50;True;False;False;False;1;13.681181736003055;0;13.681181736003055;13.681181736003055
1218;31.50;22.50;True;False;False;False;822;31.50;13.50;True;False;False;False;1;16.25342712474594;0;16.25342712474594;16.25342712474594
1219;32.50;22.50;True;False;False;False;60;61.50;21.50;False;False;True;False;2;83.32358219768912;161.2752298277214;74.3437372706394;92.30342712473885
1219;32.50;22.50;True;False;False;False;822;31.50;13.50;True;False;False;False;1;13.067776974334265;0;13.067776974334265;13.067776974334265
1219;32.50;22.50;True;False;False;False;1196;9.50;22.50;True;False;False;False;1;18.58490940331467;0;18.58490940331467;18.58490940331467
1221;34.50;22.50;True;False;False;False;44;61.50;15.50;False;False;True;False;2;155.0685646600714;4534.544134277146;107.45268425092036;202.68444506922242
1221;34.50;22.50;True;False;False;False;821;30.50;13.50;True;False;False;False;1;16.545093791412;0;16.545093791412;16.545093791412
1221;34.50;22.50;True;False;False;False;1133;34.50;20.50;True;False;False;False;1;4.862122041347902;0;4.862122041347902;4.862122041347902
1222;35.50;22.50;True;False;False;False;12;61.50;3.50;False;False;True;False;1;139.25287076571294;0;139.25287076571294;139.25287076571294
1222;35.50;22.50;True;False;False;False;679;20.50;10.50;True;False;False;False;1;25.286760458069693;0;25.286760458069693;25.286760458069693
1224;37.50;22.50;True;False;False;False;44;61.50;15.50;False;False;True;False;2;167.0172559467701;17.007866563696574;164.10110552509286;169.93340636844732
1224;37.50;22.50;True;False;False;False;60;61.50;21.50;False;False;True;False;1;77.8024161945159;0;77.8024161945159;77.8024161945159
1224;37.50;22.50;True;False;False;False;732;29.50;11.50;True;False;False;False;1;19.81555955373915;0;19.81555955373915;19.81555955373915
1224;37.50;22.50;True;False;False;False;864;29.50;14.50;True;False;False;False;1;17.81731601363299;0;17.81731601363299;17.81731601363299
1224;37.50;22.50;True;False;False;False;1415;52.50;26.50;True;False;False;False;1;19.557594193145633;0;19.557594193145633;19.557594193145633
1226;39.50;22.50;True;False;False;False;28;61.50;9.50;False;False;True;False;1;178.6123272047189;0;178.6123272047189;178.6123272047189
1226;39.50;22.50;True;False;False;False;44;61.50;15.50;False;False;True;False;3;81.24475310338721;1227.4651738467714;41.904445247897456;109.08315697975877
1226;39.50;22.50;True;False;False;False;92;0.50;12.50;False;True;False;False;1;256.1250804733827;0;256.1250804733827;256.1250804733827
1226;39.50;22.50;True;False;False;False;820;29.50;13.50;True;False;False;False;1;19.545187582825065;0;19.545187582825065;19.545187582825065
1226;39.50;22.50;True;False;False;False;825;34.50;13.50;True;False;False;False;1;16.566760458079443;0;16.566760458079443;16.566760458079443
1226;39.50;22.50;True;False;False;False;865;30.50;14.50;True;False;False;False;1;18.98756626303839;0;18.98756626303839;18.98756626303839
1226;39.50;22.50;True;False;False;False;953;30.50;16.50;True;False;False;False;1;16.482503596460447;0;16.482503596460447;16.482503596460447
1226;39.50;22.50;True;False;False;False;1237;50.50;22.50;True;False;False;False;1;11.387037834127113;0;11.387037834127113;11.387037834127113
1226;39.50;22.50;True;False;False;False;1344;25.50;25.50;True;False;False;False;1;18.76768798455032;0;18.76768798455032;18.76768798455032
1227;40.50;22.50;True;False;False;False;44;61.50;15.50;False;False;True;False;1;135.1731489452486;0;135.1731489452486;135.1731489452486
1227;40.50;22.50;True;False;False;False;60;61.50;21.50;False;False;True;False;1;195.7055499695307;0;195.7055499695307;195.7055499695307
1227;40.50;22.50;True;False;False;False;76;0.50;6.50;False;True;False;False;1;511.39297176914215;0;511.39297176914215;511.39297176914215
1227;40.50;22.50;True;False;False;False;108;0.50;18.50;False;True;False;False;1;620.6398276064083;0;620.6398276064083;620.6398276064083
1227;40.50;22.50;True;False;False;False;865;30.50;14.50;True;False;False;False;2;23.321713562371087;19.831593151024254;20.172777777774627;26.470649346967548
1227;40.50;22.50;True;False;False;False;1248;17.50;23.50;True;False;False;False;1;22.362409805036805;0;22.362409805036805;22.362409805036805
1227;40.50;22.50;True;False;False;False;1412;49.50;26.50;True;False;False;False;1;15.61750679119541;0;15.61750679119541;15.61750679119541
1228;41.50;22.50;True;False;False;False;44;61.50;15.50;False;False;True;False;1;86.96500719292226;0;86.96500719292226;86.96500719292226
1228;41.50;22.50;True;False;False;False;60;61.50;21.50;False;False;True;False;1;98.76037197091773;0;98.76037197091773;98.76037197091773
1228;41.50;22.50;True;False;False;False;821;30.50;13.50;True;False;False;False;1;20.972965360600938;0;20.972965360600938;20.972965360600938
1228;41.50;22.50;True;False;False;False;865;30.50;14.50;True;False;False;False;1;19.574535041118907;0;19.574535041118907;19.574535041118907
1229;42.50;22.50;True;False;False;False;44;61.50;15.50;False;False;True;False;1;157.3895123943512;0;157.3895123943512;157.3895123943512
1229;42.50;22.50;True;False;False;False;60;61.50;21.50;False;False;True;False;5;92.97349219178591;356.38678095259627;72.49972581867769;114.28594191231446
1229;42.50;22.50;True;False;False;False;76;0.50;6.50;False;True;False;False;1;602.7193698404553;0;602.7193698404553;602.7193698404553
1229;42.50;22.50;True;False;False;False;92;0.50;12.50;False;True;False;False;2;245.91531749008072;233.93073815581266;235.10026459710298;256.73037038305847
1229;42.50;22.50;True;False;False;False;124;0.50;24.50;False;True;False;False;1;577.933487862756;0;577.933487862756;577.933487862756
1229;42.50;22.50;True;False;False;False;821;30.50;13.50;True;False;False;False;1;26.618427124736627;0;26.618427124736627;26.618427124736627
1229;42.50;22.50;True;False;False;False;822;31.50;13.50;True;False;False;False;3;20.618257664431287;0.17052909142499167;20.15665308427515;20.952597387880814
1229;42.50;22.50;True;False;False;False;865;30.50;14.50;True;False;False;False;1;27.790367169277488;0;27.790367169277488;27.790367169277488
1229;42.50;22.50;True;False;False;False;981;14.50;17.50;True;False;False;False;1;28.768151336545998;0;28.768151336545998;28.768151336545998
1229;42.50;22.50;True;False;False;False;1019;52.50;17.50;True;False;False;False;1;17.730371970915826;0;17.730371970915826;17.730371970915826
1229;42.50;22.50;True;False;False;False;1094;39.50;19.50;True;False;False;False;1;11.43471862575825;0;11.43471862575825;11.43471862575825
1229;42.50;22.50;True;False;False;False;1410;47.50;26.50;True;False;False;False;1;12.668884890702657;0;12.668884890702657;12.668884890702657
1229;42.50;22.50;True;False;False;False;1412;49.50;26.50;True;False;False;False;1;15.607965360588423;0;15.607965360588423;15.607965360588423
1231;44.50;22.50;True;False;False;False;28;61.50;9.50;False;False;True;False;1;67.05989268332632;0;67.05989268332632;67.05989268332632
1231;44.50;22.50;True;False;False;False;44;61.50;15.50;False;False;True;False;1;86.46820490079699;0;86.46820490079699;86.46820490079699
1231;44.50;22.50;True;False;False;False;60;61.50;21.50;False;False;True;False;4;86.19083792455902;1033.353977188065;59.02065493297414;128.68944924606876
1231;44.50;22.50;True;False;False;False;76;0.50;6.50;False;True;False;False;1;562.6826831829112;0;562.6826831829112;562.6826831829112
1231;44.50;22.50;True;False;False;False;108;0.50;18.50;False;True;False;False;1;603.7035329106766;0;603.7035329106766;603.7035329106766
1231;44.50;22.50;True;False;False;False;734;31.50;11.50;True;False;False;False;1;24.815367972725653;0;24.815367972725653;24.815367972725653
1231;44.50;22.50;True;False;False;False;821;30.50;13.50;True;False;False;False;2;25.806766053639876;16.778114030715127;22.91037916384812;28.703152943431633
1231;44.50;22.50;True;False;False;False;822;31.50;13.50;True;False;False;False;3;22.91505800014238;1.122774336775678;22.203791902742523;24.13286837445048
1231;44.50;22.50;True;False;False;False;823;32.50;13.50;True;False;False;False;1;21.298520916159305;0;21.298520916159305;21.298520916159305
1231;44.50;22.50;True;False;False;False;1146;47.50;20.50;True;False;False;False;1;10.780739943642402;0;10.780739943642402;10.780739943642402
1232;45.50;22.50;True;False;False;False;60;61.50;21.50;False;False;True;False;2;116.01593072119704;3817.762630288158;72.32518438808802;159.70667705430606
1232;45.50;22.50;True;False;False;False;124;0.50;24.50;False;True;False;False;1;549.1099438182218;0;549.1099438182218;549.1099438182218
1232;45.50;22.50;True;False;False;False;820;29.50;13.50;True;False;False;False;2;30.941533172466052;82.34842588313401;24.524819610091072;37.35824673484103
1232;45.50;22.50;True;False;False;False;822;31.50;13.50;True;False;False;False;1;23.19220544509153;0;23.19220544509153;23.19220544509153
1233;46.50;22.50;True;False;False;False;44;61.50;15.50;False;False;True;False;1;72.0109243317329;0;72.0109243317329;72.0109243317329
1233;46.50;22.50;True;False;False;False;60;61.50;21.50;False;False;True;False;5;126.93546816122952;858.384221291002;100.35380229038492;166.47880389729517
1233;46.50;22.50;True;False;False;False;108;0.50;18.50;False;True;False;False;1;500.37186224584684;0;500.37186224584684;500.37186224584684
1233;46.50;22.50;True;False;False;False;567;40.50;7.50;True;False;False;False;1;20.998872915286483;0;20.998872915286483;20.998872915286483
1233;46.50;22.50;True;False;False;False;734;31.50;11.50;True;False;False;False;1;28.24323954191277;0;28.24323954191277;28.24323954191277
1233;46.50;22.50;True;False;False;False;822;31.50;13.50;True;False;False;False;1;23.065646152233057;0;23.065646152233057;23.065646152233057
1233;46.50;22.50;True;False;False;False;823;32.50;13.50;True;False;False;False;1;23.564167068388997;0;23.564167068388997;23.564167068388997
1233;46.50;22.50;True;False;False;False;1019;52.50;17.50;True;False;False;False;1;14.981576069988478;0;14.981576069988478;14.981576069988478
1233;46.50;22.50;True;False;False;False;1113;14.50;20.50;True;False;False;False;1;30.206843861833477;0;30.206843861833477;30.206843861833477
1233;46.50;22.50;True;False;False;False;1146;47.50;20.50;True;False;False;False;1;8.711849447852728;0;8.711849447852728;8.711849447852728
1234;47.50;22.50;True;False;False;False;44;61.50;15.50;False;False;True;False;3;70.87239487075537;17.58098051762624;66.73232689192173;75.11633280598107
1234;47.50;22.50;True;False;False;False;60;61.50;21.50;False;False;True;False;3;125.92265938618827;1425.1900197038976;100.94677245261664;169.351576069972
1234;47.50;22.50;True;False;False;False;108;0.50;18.50;False;True;False;False;1;565.974182257698;0;565.974182257698;565.974182257698
1234;47.50;22.50;True;False;False;False;732;29.50;11.50;True;False;False;False;1;32.8881161944355;0;32.8881161944355;32.8881161944355
1234;47.50;22.50;True;False;False;False;866;31.50;14.50;True;False;False;False;1;29.154289896032424;0;29.154289896032424;29.154289896032424
1234;47.50;22.50;True;False;False;False;1014;47.50;17.50;True;False;False;False;1;7.004065280596478;0;7.004065280596478;7.004065280596478
1234;47.50;22.50;True;False;False;False;1148;49.50;20.50;True;False;False;False;1;9.713888888887595;0;9.713888888887595;9.713888888887595
1234;47.50;22.50;True;False;False;False;1233;46.50;22.50;True;False;False;False;1;3.0444444444437977;0;3.0444444444437977;3.0444444444437977
1234;47.50;22.50;True;False;False;False;1408;45.50;26.50;True;False;False;False;1;10.989083664629106;0;10.989083664629106;10.989083664629106
1234;47.50;22.50;True;False;False;False;1409;46.50;26.50;True;False;False;False;1;9.684535041121308;0;9.684535041121308;9.684535041121308
1236;49.50;22.50;True;False;False;False;28;61.50;9.50;False;False;True;False;1;113.01386813259523;0;113.01386813259523;113.01386813259523
1236;49.50;22.50;True;False;False;False;44;61.50;15.50;False;False;True;False;5;86.8714646316143;502.36414041397865;47.218023990841175;100.3364193373236
1236;49.50;22.50;True;False;False;False;60;61.50;21.50;False;False;True;False;2;116.98712497628412;2469.0419391979976;81.85137438519814;152.1228755673701
1236;49.50;22.50;True;False;False;False;76;0.50;6.50;False;True;False;False;1;573.0696313456465;0;573.0696313456465;573.0696313456465
1236;49.50;22.50;True;False;False;False;698;39.50;10.50;True;False;False;False;1;21.481137963081892;0;21.481137963081892;21.481137963081892
1236;49.50;22.50;True;False;False;False;735;32.50;11.50;True;False;False;False;1;30.648708498985798;0;30.648708498985798;30.648708498985798
1236;49.50;22.50;True;False;False;False;818;27.50;13.50;True;False;False;False;1;27.560931524657747;0;27.560931524657747;27.560931524657747
1236;49.50;22.50;True;False;False;False;823;32.50;13.50;True;False;False;False;1;36.67555635901044;0;36.67555635901044;36.67555635901044
1236;49.50;22.50;True;False;False;False;864;29.50;14.50;True;False;False;False;1;36.9479645571505;0;36.9479645571505;36.9479645571505
1236;49.50;22.50;True;False;False;False;998;31.50;17.50;True;False;False;False;1;23.281208900712954;0;23.281208900712954;23.281208900712954
1236;49.50;22.50;True;False;False;False;1138;39.50;20.50;True;False;False;False;1;16.26119851305316;0;16.26119851305316;16.26119851305316
1236;49.50;22.50;True;False;False;False;1151;52.50;20.50;True;False;False;False;1;10.973892083624378;0;10.973892083624378;10.973892083624378
1236;49.50;22.50;True;False;False;False;1413;50.50;26.50;True;False;False;False;1;10.649076471716398;0;10.649076471716398;10.649076471716398
1237;50.50;22.50;True;False;False;False;12;61.50;3.50;False;False;True;False;1;227.2987156919066;0;227.2987156919066;227.2987156919066
1237;50.50;22.50;True;False;False;False;28;61.50;9.50;False;False;True;False;1;127.53454542877262;0;127.53454542877262;127.53454542877262
1237;50.50;22.50;True;False;False;False;44;61.50;15.50;False;False;True;False;2;94.56194444443099;294.84050773573983;82.42027018311637;106.70361870574561
1237;50.50;22.50;True;False;False;False;60;61.50;21.50;False;False;True;False;6;137.99857918730987;1007.3806039844837;101.31342792819532;188.07444285661768
1237;50.50;22.50;True;False;False;False;76;0.50;6.50;False;True;False;False;1;534.7895131789205;0;534.7895131789205;534.7895131789205
1237;50.50;22.50;True;False;False;False;108;0.50;18.50;False;True;False;False;2;576.144376631667;1428.3047467855645;549.4207471365407;602.8680061267933
1237;50.50;22.50;True;False;False;False;574;47.50;7.50;True;False;False;False;1;24.830750331286254;0;24.830750331286254;24.830750331286254
1237;50.50;22.50;True;False;False;False;734;31.50;11.50;True;False;False;False;1;29.96453823585398;0;29.96453823585398;29.96453823585398
1237;50.50;22.50;True;False;False;False;818;27.50;13.50;True;False;False;False;1;28.12852411089456;0;28.12852411089456;28.12852411089456
1237;50.50;22.50;True;False;False;False;821;30.50;13.50;True;False;False;False;1;27.15361470757489;0;27.15361470757489;27.15361470757489
1237;50.50;22.50;True;False;False;False;822;31.50;13.50;True;False;False;False;2;28.158611111111554;3.4428886647057624;26.84657287525374;29.470649346969367
1237;50.50;22.50;True;False;False;False;825;34.50;13.50;True;False;False;False;1;23.163242736656002;0;23.163242736656002;23.163242736656002
1237;50.50;22.50;True;False;False;False;866;31.50;14.50;True;False;False;False;1;26.042962165880454;0;26.042962165880454;26.042962165880454
1237;50.50;22.50;True;False;False;False;1138;39.50;20.50;True;False;False;False;2;16.236938848896216;0.336801783469261;15.826572071811825;16.647305625980607
1237;50.50;22.50;True;False;False;False;1278;47.50;23.50;True;False;False;False;1;9.39074313837591;0;9.39074313837591;9.39074313837591
1237;50.50;22.50;True;False;False;False;1341;22.50;25.50;True;False;False;False;1;27.156111111115024;0;27.156111111115024;27.156111111115024
1237;50.50;22.50;True;False;False;False;1363;44.50;25.50;True;False;False;False;1;13.30296855533743;0;13.30296855533743;13.30296855533743
1238;51.50;22.50;True;False;False;False;12;61.50;3.50;False;False;True;False;1;113.73547854127537;0;113.73547854127537;113.73547854127537
1238;51.50;22.50;True;False;False;False;44;61.50;15.50;False;False;True;False;2;97.9441233674238;381.5778867963402;84.13148627676765;111.75676045807995
1238;51.50;22.50;True;False;False;False;734;31.50;11.50;True;False;False;False;1;28.076298693937133;0;28.076298693937133;28.076298693937133
1238;51.50;22.50;True;False;False;False;865;30.50;14.50;True;False;False;False;1;27.145093791410545;0;27.145093791410545;27.145093791410545
1238;51.50;22.50;True;False;False;False;885;50.50;14.50;True;False;False;False;1;12.024447639180835;0;12.024447639180835;12.024447639180835
1239;52.50;22.50;True;False;False;False;60;61.50;21.50;False;False;True;False;11;72.96965902271772;784.2501729180029;35.26722222221906;140.4370410288684
1239;52.50;22.50;True;False;False;False;336;29.50;2.50;True;False;False;False;1;35.93821349339942;0;35.93821349339942;35.93821349339942
1239;52.50;22.50;True;False;False;False;579;52.50;7.50;True;False;False;False;1;17.095464958878132;0;17.095464958878132;17.095464958878132
1239;52.50;22.50;True;False;False;False;752;49.50;11.50;True;False;False;False;1;20.919999999998254;0;20.919999999998254;20.919999999998254
1239;52.50;22.50;True;False;False;False;820;29.50;13.50;True;False;False;False;1;28.10575193817931;0;28.10575193817931;28.10575193817931
1239;52.50;22.50;True;False;False;False;823;32.50;13.50;True;False;False;False;1;26.46944444444307;0;26.46944444444307;26.46944444444307
1239;52.50;22.50;True;False;False;False;841;50.50;13.50;True;False;False;False;1;13.675649346965656;0;13.675649346965656;13.675649346965656
1239;52.50;22.50;True;False;False;False;864;29.50;14.50;True;False;False;False;1;27.914909403316415;0;27.914909403316415;27.914909403316415
1239;52.50;22.50;True;False;False;False;969;46.50;16.50;True;False;False;False;1;15.346398874835359;0;15.346398874835359;15.346398874835359
1239;52.50;22.50;True;False;False;False;1143;44.50;20.50;True;False;False;False;1;13.139538235853252;0;13.139538235853252;13.139538235853252
1239;52.50;22.50;True;False;False;False;1251;20.50;23.50;True;False;False;False;1;28.380220617229497;0;28.380220617229497;28.380220617229497
1239;52.50;22.50;True;False;False;False;1263;32.50;23.50;True;False;False;False;1;20.29879829221136;0;20.29879829221136;20.29879829221136
1239;52.50;22.50;True;False;False;False;1371;52.50;25.50;True;False;False;False;1;5.427593389687445;0;5.427593389687445;5.427593389687445
1240;9.50;23.50;True;False;False;False;12;61.50;3.50;False;False;True;False;1;85.83593072120493;0;85.83593072120493;85.83593072120493
1240;9.50;23.50;True;False;False;False;60;61.50;21.50;False;False;True;False;1;50.07111430585337;0;50.07111430585337;50.07111430585337
1240;9.50;23.50;True;False;False;False;124;0.50;24.50;False;True;False;False;1;560.4261311020273;0;560.4261311020273;560.4261311020273
1240;9.50;23.50;True;False;False;False;975;52.50;16.50;True;False;False;False;1;40.54201945010027;0;40.54201945010027;40.54201945010027
1240;9.50;23.50;True;False;False;False;1105;50.50;19.50;True;False;False;False;1;37.04157287524504;0;37.04157287524504;37.04157287524504
1240;9.50;23.50;True;False;False;False;1358;39.50;25.50;True;False;False;False;1;28.04407647171456;0;28.04407647171456;28.04407647171456
1241;10.50;23.50;True;False;False;False;60;61.50;21.50;False;False;True;False;1;180.40185185817245;0;180.40185185817245;180.40185185817245
1241;10.50;23.50;True;False;False;False;950;27.50;16.50;True;False;False;False;1;22.807503596439346;0;22.807503596439346;22.807503596439346
1241;10.50;23.50;True;False;False;False;1398;35.50;26.50;True;False;False;False;1;26.457510789382297;0;26.457510789382297;26.457510789382297
1242;11.50;23.50;True;False;False;False;28;61.50;9.50;False;False;True;False;1;84.78787237264214;0;84.78787237264214;84.78787237264214
1242;11.50;23.50;True;False;False;False;60;61.50;21.50;False;False;True;False;1;86.92362190049334;0;86.92362190049334;86.92362190049334
1242;11.50;23.50;True;False;False;False;1012;45.50;17.50;True;False;False;False;1;34.24720656135287;0;34.24720656135287;34.24720656135287
1242;11.50;23.50;True;False;False;False;1198;11.50;22.50;True;False;False;False;1;3.3076839863647365;0;3.3076839863647365;3.3076839863647365
1247;16.50;23.50;True;False;False;False;28;61.50;9.50;False;False;True;False;1;137.93888969233376;0;137.93888969233376;137.93888969233376
1247;16.50;23.50;True;False;False;False;1101;46.50;19.50;True;False;False;False;1;30.572691179288086;0;30.572691179288086;30.572691179288086
1248;17.50;23.50;True;False;False;False;60;61.50;21.50;False;False;True;False;1;209.54778177596563;0;209.54778177596563;209.54778177596563
1248;17.50;23.50;True;False;False;False;475;36.50;5.50;True;False;False;False;1;31.954629635989477;0;31.954629635989477;31.954629635989477
1250;19.50;23.50;True;False;False;False;28;61.50;9.50;False;False;True;False;2;121.68022737496722;386.3309729803489;107.78182867259238;135.57862607734205
1250;19.50;23.50;True;False;False;False;60;61.50;21.50;False;False;True;False;2;79.48528537241327;1198.9220218119635;55.00139248533378;103.96917825949276
1250;19.50;23.50;True;False;False;False;424;29.50;4.50;True;False;False;False;1;28.450929917758913;0;28.450929917758913;28.450929917758913
1250;19.50;23.50;True;False;False;False;691;32.50;10.50;True;False;False;False;1;24.448635482891405;0;24.448635482891405;24.448635482891405
1250;19.50;23.50;True;False;False;False;1276;45.50;23.50;True;False;False;False;1;21.149810025886836;0;21.149810025886836;21.149810025886836
1251;20.50;23.50;True;False;False;False;60;61.50;21.50;False;False;True;False;1;42.45632453543658;0;42.45632453543658;42.45632453543658
1251;20.50;23.50;True;False;False;False;124;0.50;24.50;False;True;False;False;1;46.8065760699892;0;46.8065760699892;46.8065760699892
1251;20.50;23.50;True;False;False;False;554;27.50;7.50;True;False;False;False;1;22.834632027268526;0;22.834632027268526;22.834632027268526
1251;20.50;23.50;True;False;False;False;1240;9.50;23.50;True;False;False;False;1;12.188794294028867;0;12.188794294028867;12.188794294028867
1252;21.50;23.50;True;False;False;False;12;61.50;3.50;False;False;True;False;1;121.40972981685991;0;121.40972981685991;121.40972981685991
1252;21.50;23.50;True;False;False;False;44;61.50;15.50;False;False;True;False;1;120.24083373504254;0;120.24083373504254;120.24083373504254
1252;21.50;23.50;True;False;False;False;60;61.50;21.50;False;False;True;False;1;181.3628715691666;0;181.3628715691666;181.3628715691666
1252;21.50;23.50;True;False;False;False;745;42.50;11.50;True;False;False;False;1;29.668701306063667;0;29.668701306063667;29.668701306063667
1252;21.50;23.50;True;False;False;False;1126;27.50;20.50;True;False;False;False;1;15.107961362409696;0;15.107961362409696;15.107961362409696
1253;22.50;23.50;True;False;False;False;12;61.50;3.50;False;False;True;False;1;101.4186115128141;0;101.4186115128141;101.4186115128141
1253;22.50;23.50;True;False;False;False;44;61.50;15.50;False;False;True;False;1;107.1833093632813;0;107.1833093632813;107.1833093632813
1253;22.50;23.50;True;False;False;False;60;61.50;21.50;False;False;True;False;1;124.21065334515697;0;124.21065334515697;124.21065334515697
1253;22.50;23.50;True;False;False;False;124;0.50;24.50;False;True;False;False;1;678.2207783186064;0;678.2207783186064;678.2207783186064
1253;22.50;23.50;True;False;False;False;292;29.50;1.50;True;False;False;False;1;26.671322663969477;0;26.671322663969477;26.671322663969477
1253;22.50;23.50;True;False;False;False;735;32.50;11.50;True;False;False;False;1;21.723513723236465;0;21.723513723236465;21.723513723236465
1253;22.50;23.50;True;False;False;False;879;44.50;14.50;True;False;False;False;1;30.69241219632886;0;30.69241219632886;30.69241219632886
1253;22.50;23.50;True;False;False;False;1011;44.50;17.50;True;False;False;False;1;26.22222222221899;0;26.22222222221899;26.22222222221899
1255;24.50;23.50;True;False;False;False;60;61.50;21.50;False;False;True;False;2;107.19357008991938;292.6657611221556;95.09675726334899;119.29038291648976
1255;24.50;23.50;True;False;False;False;308;45.50;1.50;True;False;False;False;1;35.29683986362943;0;35.29683986362943;35.29683986362943
1256;25.50;23.50;True;False;False;False;12;61.50;3.50;False;False;True;False;1;115.83352091614142;0;115.83352091614142;115.83352091614142
1256;25.50;23.50;True;False;False;False;60;61.50;21.50;False;False;True;False;1;101.12120490251255;0;101.12120490251255;101.12120490251255
1256;25.50;23.50;True;False;False;False;474;35.50;5.50;True;False;False;False;1;25.742774583039136;0;25.742774583039136;25.742774583039136
1256;25.50;23.50;True;False;False;False;1019;52.50;17.50;True;False;False;False;1;28.71769117927397;0;28.71769117927397;28.71769117927397
1257;26.50;23.50;True;False;False;False;28;61.50;9.50;False;False;True;False;2;100.36911418495333;187.56050196505376;90.68509379141187;110.05313457849479
1257;26.50;23.50;True;False;False;False;44;61.50;15.50;False;False;True;False;1;84.56563576455665;0;84.56563576455665;84.56563576455665
1257;26.50;23.50;True;False;False;False;60;61.50;21.50;False;False;True;False;5;124.99977346203596;2203.783475240226;73.32135091565215;196.03610952334566
1257;26.50;23.50;True;False;False;False;618;47.50;8.50;True;False;False;False;1;30.545161221483795;0;30.545161221483795;30.545161221483795
1257;26.50;23.50;True;False;False;False;696;37.50;10.50;True;False;False;False;1;22.34807193094821;0;22.34807193094821;22.34807193094821
1257;26.50;23.50;True;False;False;False;881;46.50;14.50;True;False;False;False;1;26.1199134015078;0;26.1199134015078;26.1199134015078
1257;26.50;23.50;True;False;False;False;1004;37.50;17.50;True;False;False;False;1;18.36472262393545;0;18.36472262393545;18.36472262393545
1257;26.50;23.50;True;False;False;False;1006;39.50;17.50;True;False;False;False;1;19.739632027271;0;19.739632027271;19.739632027271
1257;26.50;23.50;True;False;False;False;1106;51.50;19.50;True;False;False;False;1;26.227416194507896;0;26.227416194507896;26.227416194507896
1257;26.50;23.50;True;False;False;False;1276;45.50;23.50;True;False;False;False;1;15.613795097469847;0;15.613795097469847;15.613795097469847
1258;27.50;23.50;True;False;False;False;44;61.50;15.50;False;False;True;False;1;66.21435784594723;0;66.21435784594723;66.21435784594723
1258;27.50;23.50;True;False;False;False;60;61.50;21.50;False;False;True;False;3;102.14651301309216;513.4610211418958;77.73963202726918;122.51629549919744
1258;27.50;23.50;True;False;False;False;471;32.50;5.50;True;False;False;False;1;22.201410065921664;0;22.201410065921664;22.201410065921664
1258;27.50;23.50;True;False;False;False;970;47.50;16.50;True;False;False;False;1;25.481388487163713;0;25.481388487163713;25.481388487163713
1258;27.50;23.50;True;False;False;False;1366;47.50;25.50;True;False;False;False;1;22.05740980504379;0;22.05740980504379;22.05740980504379
1260;29.50;23.50;True;False;False;False;60;61.50;21.50;False;False;True;False;2;105.72601612404924;112.32511593930157;98.23184786001548;113.220184388083
1260;29.50;23.50;True;False;False;False;836;45.50;13.50;True;False;False;False;1;25.633785513253315;0;25.633785513253315;25.633785513253315
1260;29.50;23.50;True;False;False;False;880;45.50;14.50;True;False;False;False;1;30.483899276548073;0;30.483899276548073;30.483899276548073
1261;30.50;23.50;True;False;False;False;60;61.50;21.50;False;False;True;False;1;95.38519158101462;0;95.38519158101462;95.38519158101462
1262;31.50;23.50;True;False;False;False;60;61.50;21.50;False;False;True;False;1;121.39888649760474;0;121.39888649760474;121.39888649760474
1263;32.50;23.50;True;False;False;False;60;61.50;21.50;False;False;True;False;8;107.66251196266879;598.5292364976233;87.90407962835889;159.60602931425296
1263;32.50;23.50;True;False;False;False;712;9.50;11.50;True;False;False;False;1;30.681660277205083;0;30.681660277205083;30.681660277205083
1263;32.50;23.50;True;False;False;False;732;29.50;11.50;True;False;False;False;1;16.970367972728127;0;16.970367972728127;16.970367972728127
1263;32.50;23.50;True;False;False;False;821;30.50;13.50;True;False;False;False;1;14.802319208371046;0;14.802319208371046;14.802319208371046
1263;32.50;23.50;True;False;False;False;866;31.50;14.50;True;False;False;False;1;13.151760458073113;0;13.151760458073113;13.151760458073113
1263;32.50;23.50;True;False;False;False;1150;51.50;20.50;True;False;False;False;1;22.305637636291067;0;22.305637636291067;22.305637636291067
1263;32.50;23.50;True;False;False;False;1276;45.50;23.50;True;False;False;False;1;13.436944846169354;0;13.436944846169354;13.436944846169354
1263;32.50;23.50;True;False;False;False;1336;17.50;25.50;True;False;False;False;1;18.09943405679587;0;18.09943405679587;18.09943405679587
1263;32.50;23.50;True;False;False;False;1410;47.50;26.50;True;False;False;False;1;19.08667305613926;0;19.08667305613926;19.08667305613926
1265;34.50;23.50;True;False;False;False;60;61.50;21.50;False;False;True;False;1;139.74908046988276;0;139.74908046988276;139.74908046988276
1265;34.50;23.50;True;False;False;False;1151;52.50;20.50;True;False;False;False;1;20.91102051443704;0;20.91102051443704;20.91102051443704
1265;34.50;23.50;True;False;False;False;1365;46.50;25.50;True;False;False;False;1;15.945278179503475;0;15.945278179503475;15.945278179503475
1266;35.50;23.50;True;False;False;False;44;61.50;15.50;False;False;True;False;1;78.90055875028156;0;78.90055875028156;78.90055875028156
1268;37.50;23.50;True;False;False;False;60;61.50;21.50;False;False;True;False;1;115.54018519154147;0;115.54018519154147;115.54018519154147
1270;39.50;23.50;True;False;False;False;28;61.50;9.50;False;False;True;False;1;88.14796935879258;0;88.14796935879258;88.14796935879258
1272;41.50;23.50;True;False;False;False;60;61.50;21.50;False;False;True;False;1;82.52731281890033;0;82.52731281890033;82.52731281890033
1273;42.50;23.50;True;False;False;False;28;61.50;9.50;False;False;True;False;1;45.59833813497971;0;45.59833813497971;45.59833813497971
1273;42.50;23.50;True;False;False;False;44;61.50;15.50;False;False;True;False;1;87.70905730337472;0;87.70905730337472;87.70905730337472
1273;42.50;23.50;True;False;False;False;60;61.50;21.50;False;False;True;False;7;91.84113067523639;900.193158289059;63.553702109493315;149.73759419313456
1273;42.50;23.50;True;False;False;False;76;0.50;6.50;False;True;False;False;1;556.0438110901632;0;556.0438110901632;556.0438110901632
1273;42.50;23.50;True;False;False;False;124;0.50;24.50;False;True;False;False;2;573.8845142562986;61.27917556202992;568.349210490378;579.4198180222193
1273;42.50;23.50;True;False;False;False;732;29.50;11.50;True;False;False;False;1;23.44555555554689;0;23.44555555554689;23.44555555554689
1273;42.50;23.50;True;False;False;False;743;40.50;11.50;True;False;False;False;1;15.749816415365785;0;15.749816415365785;15.749816415365785
1273;42.50;23.50;True;False;False;False;747;44.50;11.50;True;False;False;False;1;21.029071670066514;0;21.029071670066514;21.029071670066514
1273;42.50;23.50;True;False;False;False;828;37.50;13.50;True;False;False;False;1;17.33333333333212;0;17.33333333333212;17.33333333333212
1273;42.50;23.50;True;False;False;False;865;30.50;14.50;True;False;False;False;1;21.29564934696782;0;21.29564934696782;21.29564934696782
1273;42.50;23.50;True;False;False;False;1007;40.50;17.50;True;False;False;False;1;12.245539894160174;0;12.245539894160174;12.245539894160174
1273;42.50;23.50;True;False;False;False;1016;49.50;17.50;True;False;False;False;1;16.434496940521058;0;16.434496940521058;16.434496940521058
1273;42.50;23.50;True;False;False;False;1108;9.50;20.50;True;False;False;False;1;31.13232001180404;0;31.13232001180404;31.13232001180404
1273;42.50;23.50;True;False;False;False;1257;26.50;23.50;True;False;False;False;1;14.231111111104838;0;14.231111111104838;14.231111111104838
1273;42.50;23.50;True;False;False;False;1278;47.50;23.50;True;False;False;False;1;8.345093791409454;0;8.345093791409454;8.345093791409454
1273;42.50;23.50;True;False;False;False;1340;21.50;25.50;True;False;False;False;1;37.94000638946636;0;37.94000638946636;37.94000638946636
1273;42.50;23.50;True;False;False;False;1407;44.50;26.50;True;False;False;False;1;9.701753265155276;0;9.701753265155276;9.701753265155276
1275;44.50;23.50;True;False;False;False;44;61.50;15.50;False;False;True;False;3;120.66374508107099;1067.5683903704387;85.23019971818576;149.60176045807566
1275;44.50;23.50;True;False;False;False;60;61.50;21.50;False;False;True;False;6;97.9236738166805;1136.821625111948;54.56221902747711;139.11971808667272
1275;44.50;23.50;True;False;False;False;92;0.50;12.50;False;True;False;False;1;217.77982041353926;0;217.77982041353926;217.77982041353926
1275;44.50;23.50;True;False;False;False;108;0.50;18.50;False;True;False;False;1;562.9525299768247;0;562.9525299768247;562.9525299768247
1275;44.50;23.50;True;False;False;False;124;0.50;24.50;False;True;False;False;2;560.6303030949066;2011.2099072289936;528.9190282291038;592.3415779607094
1275;44.50;23.50;True;False;False;False;341;34.50;2.50;True;False;False;False;1;28.044596062678465;0;28.044596062678465;28.044596062678465
1275;44.50;23.50;True;False;False;False;572;45.50;7.50;True;False;False;False;1;18.028614707560337;0;18.028614707560337;18.028614707560337
1275;44.50;23.50;True;False;False;False;622;51.50;8.50;True;False;False;False;1;23.759725818677907;0;23.759725818677907;23.759725818677907
1275;44.50;23.50;True;False;False;False;733;30.50;11.50;True;False;False;False;1;34.70407647171476;0;34.70407647171476;34.70407647171476
1275;44.50;23.50;True;False;False;False;821;30.50;13.50;True;False;False;False;1;24.08620090434124;0;24.08620090434124;24.08620090434124
1275;44.50;23.50;True;False;False;False;866;31.50;14.50;True;False;False;False;2;22.49828403679203;0.18950024661173026;22.190468957067424;22.806099116516634
1275;44.50;23.50;True;False;False;False;882;47.50;14.50;True;False;False;False;1;15.523520916161942;0;15.523520916161942;15.523520916161942
1275;44.50;23.50;True;False;False;False;972;49.50;16.50;True;False;False;False;1;14.91314655395945;0;14.91314655395945;14.91314655395945
1275;44.50;23.50;True;False;False;False;1228;41.50;22.50;True;False;False;False;1;8.986305886859554;0;8.986305886859554;8.986305886859554
1275;44.50;23.50;True;False;False;False;1361;42.50;25.50;True;False;False;False;1;9.200006389469763;0;9.200006389469763;9.200006389469763
1275;44.50;23.50;True;False;False;False;1368;49.50;25.50;True;False;False;False;1;11.474819610096347;0;11.474819610096347;11.474819610096347
1275;44.50;23.50;True;False;False;False;1414;51.50;26.50;True;False;False;False;1;13.823979485574455;0;13.823979485574455;13.823979485574455
1276;45.50;23.50;True;False;False;False;28;61.50;9.50;False;False;True;False;1;82.97315854850604;0;82.97315854850604;82.97315854850604
1276;45.50;23.50;True;False;False;False;44;61.50;15.50;False;False;True;False;2;71.0308766325652;194.7150520686983;61.16388489068413;80.89786837444626
1276;45.50;23.50;True;False;False;False;60;61.50;21.50;False;False;True;False;7;97.97000296789194;620.2469806297622;78.21259419313719;147.8498291942451
1276;45.50;23.50;True;False;False;False;124;0.50;24.50;False;True;False;False;2;588.0241004512573;58.734847307501724;582.6049285907466;593.4432723117679
1276;45.50;23.50;True;False;False;False;489;50.50;5.50;True;False;False;False;1;24.454346654838446;0;24.454346654838446;24.454346654838446
1276;45.50;23.50;True;False;False;False;734;31.50;11.50;True;False;False;False;1;25.50768398636501;0;25.50768398636501;25.50768398636501
1276;45.50;23.50;True;False;False;False;735;32.50;11.50;True;False;False;False;1;24.08833333333314;0;24.08833333333314;24.08833333333314
1276;45.50;23.50;True;False;False;False;820;29.50;13.50;True;False;False;False;1;25.045743138381454;0;25.045743138381454;25.045743138381454
1276;45.50;23.50;True;False;False;False;821;30.50;13.50;True;False;False;False;2;28.08807993679511;24.22882332189619;24.60750359645317;31.568656277137052
1276;45.50;23.50;True;False;False;False;822;31.50;13.50;True;False;False;False;2;23.592134026359417;0.002882009521860756;23.55417345785827;23.630094594860566
1276;45.50;23.50;True;False;False;False;865;30.50;14.50;True;False;False;False;1;23.437871569191884;0;23.437871569191884;23.437871569191884
1276;45.50;23.50;True;False;False;False;953;30.50;16.50;True;False;False;False;1;22.319628029061278;0;22.319628029061278;22.319628029061278
1276;45.50;23.50;True;False;False;False;1105;50.50;19.50;True;False;False;False;1;12.610942489223817;0;12.610942489223817;12.610942489223817
1276;45.50;23.50;True;False;False;False;1237;50.50;22.50;True;False;False;False;1;10.105367972722888;0;10.105367972722888;10.105367972722888
1276;45.50;23.50;True;False;False;False;1377;14.50;26.50;True;False;False;False;1;30.096392485353135;0;30.096392485353135;30.096392485353135
1277;46.50;23.50;True;False;False;False;28;61.50;9.50;False;False;True;False;1;39.43379509746228;0;39.43379509746228;39.43379509746228
1277;46.50;23.50;True;False;False;False;44;61.50;15.50;False;False;True;False;1;106.53203624629714;0;106.53203624629714;106.53203624629714
1277;46.50;23.50;True;False;False;False;60;61.50;21.50;False;False;True;False;5;83.11685922517282;683.2124536599629;44.52355075584637;118.27908046988523
1277;46.50;23.50;True;False;False;False;821;30.50;13.50;True;False;False;False;1;24.208794294030668;0;24.208794294030668;24.208794294030668
1277;46.50;23.50;True;False;False;False;822;31.50;13.50;True;False;False;False;3;24.404851938816137;1.2728099876293835;23.271392485352408;25.527695177472197
1277;46.50;23.50;True;False;False;False;1198;11.50;22.50;True;False;False;False;1;29.957683986365737;0;29.957683986365737;29.957683986365737
1277;46.50;23.50;True;False;False;False;1283;52.50;23.50;True;False;False;False;1;8.57123608452821;0;8.57123608452821;8.57123608452821
1277;46.50;23.50;True;False;False;False;1364;45.50;25.50;True;False;False;False;1;9.143791902755765;0;9.143791902755765;9.143791902755765
1278;47.50;23.50;True;False;False;False;28;61.50;9.50;False;False;True;False;1;101.60659125925486;0;101.60659125925486;101.60659125925486
1278;47.50;23.50;True;False;False;False;44;61.50;15.50;False;False;True;False;3;95.90235580308445;537.610965303992;73.59223660805947;119.87556274847157
1278;47.50;23.50;True;False;False;False;60;61.50;21.50;False;False;True;False;10;87.3557909178788;305.84642128859866;59.17918065077902;112.1631497486851
1278;47.50;23.50;True;False;False;False;92;0.50;12.50;False;True;False;False;2;240.43223900888688;3.5694089544664998;239.09631068849194;241.76816732928182
1278;47.50;23.50;True;False;False;False;108;0.50;18.50;False;True;False;False;1;582.9449907470771;0;582.9449907470771;582.9449907470771
1278;47.50;23.50;True;False;False;False;578;51.50;7.50;True;False;False;False;1;19.963623979478143;0;19.963623979478143;19.963623979478143
1278;47.50;23.50;True;False;False;False;733;30.50;11.50;True;False;False;False;1;40.66426325109023;0;40.66426325109023;40.66426325109023
1278;47.50;23.50;True;False;False;False;820;29.50;13.50;True;False;False;False;1;35.38434426355161;0;35.38434426355161;35.38434426355161
1278;47.50;23.50;True;False;False;False;821;30.50;13.50;True;False;False;False;1;25.74101731969131;0;25.74101731969131;25.74101731969131
1278;47.50;23.50;True;False;False;False;822;31.50;13.50;True;False;False;False;1;24.911111111112405;0;24.911111111112405;24.911111111112405
1278;47.50;23.50;True;False;False;False;823;32.50;13.50;True;False;False;False;1;23.299444444444816;0;23.299444444444816;23.299444444444816
1278;47.50;23.50;True;False;False;False;865;30.50;14.50;True;False;False;False;1;26.349354651214526;0;26.349354651214526;26.349354651214526
1278;47.50;23.50;True;False;False;False;866;31.50;14.50;True;False;False;False;1;24.336353306987803;0;24.336353306987803;24.336353306987803
1278;47.50;23.50;True;False;False;False;968;45.50;16.50;True;False;False;False;1;12.994913401513259;0;12.994913401513259;12.994913401513259
1278;47.50;23.50;True;False;False;False;983;16.50;17.50;True;False;False;False;1;36.71907647170883;0;36.71907647170883;36.71907647170883
1278;47.50;23.50;True;False;False;False;1099;44.50;19.50;True;False;False;False;1;11.977277638699888;0;11.977277638699888;11.977277638699888
1278;47.50;23.50;True;False;False;False;1100;45.50;19.50;True;False;False;False;1;10.34426405452541;0;10.34426405452541;10.34426405452541
1278;47.50;23.50;True;False;False;False;1233;46.50;22.50;True;False;False;False;1;7.1667524617150775;0;7.1667524617150775;7.1667524617150775
1278;47.50;23.50;True;False;False;False;1237;50.50;22.50;True;False;False;False;1;8.80277777777519;0;8.80277777777519;8.80277777777519
1278;47.50;23.50;True;False;False;False;1253;22.50;23.50;True;False;False;False;1;21.0022078363736;0;21.0022078363736;21.0022078363736
1278;47.50;23.50;True;False;False;False;1371;52.50;25.50;True;False;False;False;1;13.239076471709268;0;13.239076471709268;13.239076471709268
1278;47.50;23.50;True;False;False;False;1405;42.50;26.50;True;False;False;False;1;13.437420996156561;0;13.437420996156561;13.437420996156561
1280;49.50;23.50;True;False;False;False;28;61.50;9.50;False;False;True;False;1;157.8489866784912;0;157.8489866784912;157.8489866784912
1280;49.50;23.50;True;False;False;False;44;61.50;15.50;False;False;True;False;1;89.89722302567338;0;89.89722302567338;89.89722302567338
1280;49.50;23.50;True;False;False;False;60;61.50;21.50;False;False;True;False;4;83.16214221881273;649.836528794144;55.52805595727841;117.19299573914031
1280;49.50;23.50;True;False;False;False;124;0.50;24.50;False;True;False;False;2;575.1539913383203;207.69716369087098;564.9633789011095;585.3446037755311
1280;49.50;23.50;True;False;False;False;727;24.50;11.50;True;False;False;False;1;32.27639248534979;0;32.27639248534979;32.27639248534979
1280;49.50;23.50;True;False;False;False;734;31.50;11.50;True;False;False;False;1;27.199725818682055;0;27.199725818682055;27.199725818682055
1280;49.50;23.50;True;False;False;False;821;30.50;13.50;True;False;False;False;2;26.382552089534784;0.26977086331834216;26.015284568973584;26.749819610095983
1280;49.50;23.50;True;False;False;False;822;31.50;13.50;True;False;False;False;1;32.871123105644074;0;32.871123105644074;32.871123105644074
1280;49.50;23.50;True;False;False;False;968;45.50;16.50;True;False;False;False;1;14.180561945027875;0;14.180561945027875;14.180561945027875
1280;49.50;23.50;True;False;False;False;1066;11.50;19.50;True;False;False;False;1;34.79712843080415;0;34.79712843080415;34.79712843080415
1280;49.50;23.50;True;False;False;False;1149;50.50;20.50;True;False;False;False;1;8.68602770735015;0;8.68602770735015;8.68602770735015
1281;50.50;23.50;True;False;False;False;12;61.50;3.50;False;False;True;False;1;84.22435704247255;0;84.22435704247255;84.22435704247255
1281;50.50;23.50;True;False;False;False;44;61.50;15.50;False;False;True;False;2;94.86105790580041;1120.1293305236322;71.19537250981375;118.52674330178706
1281;50.50;23.50;True;False;False;False;60;61.50;21.50;False;False;True;False;9;95.16323242662757;1141.3357078357888;54.625262990226474;145.66667705431973
1281;50.50;23.50;True;False;False;False;108;0.50;18.50;False;True;False;False;1;573.8304466319751;0;573.8304466319751;573.8304466319751
1281;50.50;23.50;True;False;False;False;124;0.50;24.50;False;True;False;False;1;560.481321095107;0;560.481321095107;560.481321095107
1281;50.50;23.50;True;False;False;False;617;46.50;8.50;True;False;False;False;1;20.006315490078123;0;20.006315490078123;20.006315490078123
1281;50.50;23.50;True;False;False;False;732;29.50;11.50;True;False;False;False;1;30.081941651435045;0;30.081941651435045;30.081941651435045
1281;50.50;23.50;True;False;False;False;820;29.50;13.50;True;False;False;False;1;28.33815613816114;0;28.33815613816114;28.33815613816114
1281;50.50;23.50;True;False;False;False;821;30.50;13.50;True;False;False;False;1;28.178609102455084;0;28.178609102455084;28.178609102455084
1281;50.50;23.50;True;False;False;False;822;31.50;13.50;True;False;False;False;2;26.716433785507434;0.08754230231255856;26.50721822404921;26.925649346965656
1281;50.50;23.50;True;False;False;False;823;32.50;13.50;True;False;False;False;1;29.10490620858036;0;29.10490620858036;29.10490620858036
1281;50.50;23.50;True;False;False;False;865;30.50;14.50;True;False;False;False;2;27.88782627085402;1.1734262750087288;27.1218542494953;28.65379829221274
1281;50.50;23.50;True;False;False;False;1006;39.50;17.50;True;False;False;False;1;18.48648308202246;0;18.48648308202246;18.48648308202246
1281;50.50;23.50;True;False;False;False;1019;52.50;17.50;True;False;False;False;1;11.42574313838304;0;11.42574313838304;11.42574313838304
1281;50.50;23.50;True;False;False;False;1145;46.50;20.50;True;False;False;False;1;11.60762081898065;0;11.60762081898065;11.60762081898065
1281;50.50;23.50;True;False;False;False;1413;50.50;26.50;True;False;False;False;1;16.985558750286145;0;16.985558750286145;16.985558750286145
1281;50.50;23.50;True;False;False;False;1414;51.50;26.50;True;False;False;False;1;9.714718625764363;0;9.714718625764363;9.714718625764363
1282;51.50;23.50;True;False;False;False;44;61.50;15.50;False;False;True;False;1;143.70009459486346;0;143.70009459486346;143.70009459486346
1282;51.50;23.50;True;False;False;False;60;61.50;21.50;False;False;True;False;4;66.8477368698168;134.96065996600578;49.78843831584163;74.66259019494464
1282;51.50;23.50;True;False;False;False;108;0.50;18.50;False;True;False;False;1;593.912983744598;0;593.912983744598;593.912983744598
1282;51.50;23.50;True;False;False;False;732;29.50;11.50;True;False;False;False;1;30.338476151755458;0;30.338476151755458;30.338476151755458
1282;51.50;23.50;True;False;False;False;734;31.50;11.50;True;False;False;False;1;39.06656968050811;0;39.06656968050811;39.06656968050811
1282;51.50;23.50;True;False;False;False;821;30.50;13.50;True;False;False;False;1;39.310284568979114;0;39.310284568979114;39.310284568979114
1282;51.50;23.50;True;False;False;False;880;45.50;14.50;True;False;False;False;1;16.99722622040099;0;16.99722622040099;16.99722622040099
1282;51.50;23.50;True;False;False;False;968;45.50;16.50;True;False;False;False;1;15.548334136779886;0;15.548334136779886;15.548334136779886
1282;51.50;23.50;True;False;False;False;1234;47.50;22.50;True;False;False;False;1;9.811594718490596;0;9.811594718490596;9.811594718490596
1283;52.50;23.50;True;False;False;False;28;61.50;9.50;False;False;True;False;2;71.24254688615838;830.133925240676;50.869354632111936;91.61573914020482
1283;52.50;23.50;True;False;False;False;44;61.50;15.50;False;False;True;False;2;52.885049296521174;923.4927707517783;31.396764456267192;74.37333413677516
1283;52.50;23.50;True;False;False;False;60;61.50;21.50;False;False;True;False;3;92.83677111989284;538.9474247903019;76.59324114881383;119.42629789048078
1283;52.50;23.50;True;False;False;False;76;0.50;6.50;False;True;False;False;1;544.1980751447263;0;544.1980751447263;544.1980751447263
1283;52.50;23.50;True;False;False;False;577;50.50;7.50;True;False;False;False;1;18.304017057052988;0;18.304017057052988;18.304017057052988
1283;52.50;23.50;True;False;False;False;737;34.50;11.50;True;False;False;False;1;32.151013321512096;0;32.151013321512096;32.151013321512096
1283;52.50;23.50;True;False;False;False;820;29.50;13.50;True;False;False;False;2;29.514300160866696;0.18430634500840068;29.210732750718307;29.817867571015086
1283;52.50;23.50;True;False;False;False;822;31.50;13.50;True;False;False;False;1;27.198802290396998;0;27.198802290396998;27.198802290396998
1283;52.50;23.50;True;False;False;False;984;17.50;17.50;True;False;False;False;1;34.28665947374793;0;34.28665947374793;34.28665947374793
1283;52.50;23.50;True;False;False;False;1018;51.50;17.50;True;False;False;False;1;12.168985875039652;0;12.168985875039652;12.168985875039652
1283;52.50;23.50;True;False;False;False;1100;45.50;19.50;True;False;False;False;1;14.12889288707811;0;14.12889288707811;14.12889288707811
1283;52.50;23.50;True;False;False;False;1382;19.50;26.50;True;False;False;False;1;31.392871569187264;0;31.392871569187264;31.392871569187264
1329;10.50;25.50;True;False;False;False;60;61.50;21.50;False;False;True;False;1;139.51850047220796;0;139.51850047220796;139.51850047220796
1329;10.50;25.50;True;False;False;False;312;49.50;1.50;True;False;False;False;1;50.278239541912626;0;50.278239541912626;50.278239541912626
1330;11.50;25.50;True;False;False;False;12;61.50;3.50;False;False;True;False;1;148.65341113205795;0;148.65341113205795;148.65341113205795
1330;11.50;25.50;True;False;False;False;60;61.50;21.50;False;False;True;False;1;111.1100897932156;0;111.1100897932156;111.1100897932156
1330;11.50;25.50;True;False;False;False;124;0.50;24.50;False;True;False;False;1;616.0925046642756;0;616.0925046642756;616.0925046642756
1330;11.50;25.50;True;False;False;False;556;29.50;7.50;True;False;False;False;1;31.293048764347986;0;31.293048764347986;31.293048764347986
1330;11.50;25.50;True;False;False;False;1105;50.50;19.50;True;False;False;False;1;37.76203863756746;0;37.76203863756746;37.76203863756746
1330;11.50;25.50;True;False;False;False;1217;30.50;22.50;True;False;False;False;1;22.611159873730003;0;22.611159873730003;22.611159873730003
1335;16.50;25.50;True;False;False;False;1232;45.50;22.50;True;False;False;False;1;27.844815611909553;0;27.844815611909553;27.844815611909553
1336;17.50;25.50;True;False;False;False;60;61.50;21.50;False;False;True;False;2;113.02184213217424;2324.018131021404;78.93358806261676;147.11009620173172
1336;17.50;25.50;True;False;False;False;865;30.50;14.50;True;False;False;False;1;23.367683986354677;0;23.367683986354677;23.367683986354677
1336;17.50;25.50;True;False;False;False;969;46.50;16.50;True;False;False;False;1;33.50564934696558;0;33.50564934696558;33.50564934696558
1338;19.50;25.50;True;False;False;False;44;61.50;15.50;False;False;True;False;1;98.73250040170751;0;98.73250040170751;98.73250040170751
1338;19.50;25.50;True;False;False;False;1280;49.50;23.50;True;False;False;False;1;29.473516917965753;0;29.473516917965753;29.473516917965753
1339;20.50;25.50;True;False;False;False;12;61.50;3.50;False;False;True;False;1;166.04666427536358;0;166.04666427536358;166.04666427536358
1339;20.50;25.50;True;False;False;False;60;61.50;21.50;False;False;True;False;1;111.35231281888991;0;111.35231281888991;111.35231281888991
1339;20.50;25.50;True;False;False;False;1151;52.50;20.50;True;False;False;False;1;31.427764998828934;0;31.427764998828934;31.427764998828934
1339;20.50;25.50;True;False;False;False;1273;42.50;23.50;True;False;False;False;1;23.665658931167854;0;23.665658931167854;23.665658931167854
1340;21.50;25.50;True;False;False;False;44;61.50;15.50;False;False;True;False;2;65.00537197090853;404.73304351588;50.77981322061896;79.23093072119809
1340;21.50;25.50;True;False;False;False;60;61.50;21.50;False;False;True;False;1;80.870653345155;0;80.870653345155;80.870653345155
1340;21.50;25.50;True;False;False;False;700;41.50;10.50;True;False;False;False;1;31.38759738787121;0;31.38759738787121;31.38759738787121
1340;21.50;25.50;True;False;False;False;1105;50.50;19.50;True;False;False;False;1;34.257312818894206;0;34.257312818894206;34.257312818894206
1341;22.50;25.50;True;False;False;False;28;61.50;9.50;False;False;True;False;1;103.9333309420308;0;103.9333309420308;103.9333309420308
1341;22.50;25.50;True;False;False;False;60;61.50;21.50;False;False;True;False;1;139.26991659624946;0;139.26991659624946;139.26991659624946
1341;22.50;25.50;True;False;False;False;825;34.50;13.50;True;False;False;False;1;24.644538235859727;0;24.644538235859727;24.644538235859727
1341;22.50;25.50;True;False;False;False;1102;47.50;19.50;True;False;False;False;1;27.94008740193931;0;27.94008740193931;27.94008740193931
1344;25.50;25.50;True;False;False;False;60;61.50;21.50;False;False;True;False;3;97.01827426827883;298.82454661034944;77.20176045808239;109.00111111111619
1344;25.50;25.50;True;False;False;False;124;0.50;24.50;False;True;False;False;1;373.1132579259497;0;373.1132579259497;373.1132579259497
1344;25.50;25.50;True;False;False;False;836;45.50;13.50;True;False;False;False;1;28.658058348569284;0;28.658058348569284;28.658058348569284
1344;25.50;25.50;True;False;False;False;1001;34.50;17.50;True;False;False;False;1;19.46176045807806;0;19.46176045807806;19.46176045807806
1344;25.50;25.50;True;False;False;False;1013;46.50;17.50;True;False;False;False;1;26.337316013634336;0;26.337316013634336;26.337316013634336
1344;25.50;25.50;True;False;False;False;1275;44.50;23.50;True;False;False;False;1;21.51889288707116;0;21.51889288707116;21.51889288707116
1345;26.50;25.50;True;False;False;False;44;61.50;15.50;False;False;True;False;1;141.69144606850386;0;141.69144606850386;141.69144606850386
1345;26.50;25.50;True;False;False;False;60;61.50;21.50;False;False;True;False;1;118.76172431487066;0;118.76172431487066;118.76172431487066
1345;26.50;25.50;True;False;False;False;1280;49.50;23.50;True;False;False;False;1;24.01861790232215;0;24.01861790232215;24.01861790232215
1346;27.50;25.50;True;False;False;False;12;61.50;3.50;False;False;True;False;1;78.79860831809128;0;78.79860831809128;78.79860831809128
1346;27.50;25.50;True;False;False;False;28;61.50;9.50;False;False;True;False;1;176.42564615221636;0;176.42564615221636;176.42564615221636
1346;27.50;25.50;True;False;False;False;1107;52.50;19.50;True;False;False;False;1;27.574350653019792;0;27.574350653019792;27.574350653019792
1348;29.50;25.50;True;False;False;False;60;61.50;21.50;False;False;True;False;1;108.07584970873359;0;108.07584970873359;108.07584970873359
1349;30.50;25.50;True;False;False;False;60;61.50;21.50;False;False;True;False;1;134.93686063893801;0;134.93686063893801;134.93686063893801
1350;31.50;25.50;True;False;False;False;60;61.50;21.50;False;False;True;False;1;116.96093072120857;0;116.96093072120857;116.96093072120857
1351;32.50;25.50;True;False;False;False;60;61.50;21.50;False;False;True;False;1;100.71735519205686;0;100.71735519205686;100.71735519205686
1351;32.50;25.50;True;False;False;False;987;20.50;17.50;True;False;False;False;1;20.17352091615612;0;20.17352091615612;20.17352091615612
1353;34.50;25.50;True;False;False;False;60;61.50;21.50;False;False;True;False;1;111.47665947374253;0;111.47665947374253;111.47665947374253
1353;34.50;25.50;True;False;False;False;453;14.50;5.50;True;False;False;False;1;35.282874225029445;0;35.282874225029445;35.282874225029445
1354;35.50;25.50;True;False;False;False;44;61.50;15.50;False;False;True;False;1;76.87260218950814;0;76.87260218950814;76.87260218950814
1356;37.50;25.50;True;False;False;False;60;61.50;21.50;False;False;True;False;1;150.7183668875623;0;150.7183668875623;150.7183668875623
1356;37.50;25.50;True;False;False;False;1371;52.50;25.50;True;False;False;False;1;14.16620170778333;0;14.16620170778333;14.16620170778333
1358;39.50;25.50;True;False;False;False;124;0.50;24.50;False;True;False;False;1;542.1704657813807;0;542.1704657813807;542.1704657813807
1359;40.50;25.50;True;False;False;False;60;61.50;21.50;False;False;True;False;1;107.18982360828295;0;107.18982360828295;107.18982360828295
1360;41.50;25.50;True;False;False;False;124;0.50;24.50;False;True;False;False;1;525.7787172987919;0;525.7787172987919;525.7787172987919
1361;42.50;25.50;True;False;False;False;44;61.50;15.50;False;False;True;False;2;72.14833678315232;108.46190570846939;64.78416996984379;79.51250359646085
1361;42.50;25.50;True;False;False;False;60;61.50;21.50;False;False;True;False;6;106.67119074678945;2210.562167942378;51.890278179518646;169.83886972047503
1361;42.50;25.50;True;False;False;False;92;0.50;12.50;False;True;False;False;1;252.35770556512216;0;252.35770556512216;252.35770556512216
1361;42.50;25.50;True;False;False;False;733;30.50;11.50;True;False;False;False;1;24.073426321294846;0;24.073426321294846;24.073426321294846
1361;42.50;25.50;True;False;False;False;821;30.50;13.50;True;False;False;False;1;22.83951154312672;0;22.83951154312672;22.83951154312672
1361;42.50;25.50;True;False;False;False;822;31.50;13.50;True;False;False;False;2;24.427963782305824;1.4099585816902525;23.58833333333132;25.267594231280327
1361;42.50;25.50;True;False;False;False;865;30.50;14.50;True;False;False;False;1;22.171121498767207;0;22.171121498767207;22.171121498767207
1361;42.50;25.50;True;False;False;False;1019;52.50;17.50;True;False;False;False;1;19.769829997752822;0;19.769829997752822;19.769829997752822
1361;42.50;25.50;True;False;False;False;1130;31.50;20.50;True;False;False;False;1;18.206204902522586;0;18.206204902522586;18.206204902522586
1361;42.50;25.50;True;False;False;False;1224;37.50;22.50;True;False;False;False;1;12.293718064156565;0;12.293718064156565;12.293718064156565
1361;42.50;25.50;True;False;False;False;1234;47.50;22.50;True;False;False;False;1;13.491666666668607;0;13.491666666668607;13.491666666668607
1363;44.50;25.50;True;False;False;False;44;61.50;15.50;False;False;True;False;2;132.01125339559985;1161.7133967643308;107.91028456897038;156.11222222222932
1363;44.50;25.50;True;False;False;False;60;61.50;21.50;False;False;True;False;3;64.10541362237548;217.1217545856868;47.09444285661448;72.91406528059815
1363;44.50;25.50;True;False;False;False;460;21.50;5.50;True;False;False;False;1;37.12611111113438;0;37.12611111113438;37.12611111113438
1363;44.50;25.50;True;False;False;False;823;32.50;13.50;True;False;False;False;1;23.73018038990267;0;23.73018038990267;23.73018038990267
1363;44.50;25.50;True;False;False;False;865;30.50;14.50;True;False;False;False;1;24.431576069989205;0;24.431576069989205;24.431576069989205
1363;44.50;25.50;True;False;False;False;1365;46.50;25.50;True;False;False;False;1;4.89120490251662;0;4.89120490251662;4.89120490251662
1363;44.50;25.50;True;False;False;False;1413;50.50;26.50;True;False;False;False;1;10.773979485566088;0;10.773979485566088;10.773979485566088
1364;45.50;25.50;True;False;False;False;60;61.50;21.50;False;False;True;False;6;118.47644138013834;3307.0893030939114;68.28259738786528;230.24425766506465
1364;45.50;25.50;True;False;False;False;733;30.50;11.50;True;False;False;False;1;40.84148627676291;0;40.84148627676291;40.84148627676291
1364;45.50;25.50;True;False;False;False;821;30.50;13.50;True;False;False;False;2;25.397085131560743;0.006266181931051446;25.341111111109058;25.45305915201243
1364;45.50;25.50;True;False;False;False;842;51.50;13.50;True;False;False;False;1;18.96732001180135;0;18.96732001180135;18.96732001180135
1364;45.50;25.50;True;False;False;False;865;30.50;14.50;True;False;False;False;1;24.927411411970752;0;24.927411411970752;24.927411411970752
1364;45.50;25.50;True;False;False;False;1017;50.50;17.50;True;False;False;False;1;16.990953887812793;0;16.990953887812793;16.990953887812793
1364;45.50;25.50;True;False;False;False;1224;37.50;22.50;True;False;False;False;1;15.153795097476632;0;15.153795097476632;15.153795097476632
1365;46.50;25.50;True;False;False;False;60;61.50;21.50;False;False;True;False;9;87.46635899817679;362.95774217122533;62.55138529240867;118.81025019223671
1365;46.50;25.50;True;False;False;False;76;0.50;6.50;False;True;False;False;1;581.9593738386593;0;581.9593738386593;581.9593738386593
1365;46.50;25.50;True;False;False;False;733;30.50;11.50;True;False;False;False;1;38.09166666666533;0;38.09166666666533;38.09166666666533
1365;46.50;25.50;True;False;False;False;820;29.50;13.50;True;False;False;False;1;27.347683986366974;0;27.347683986366974;27.347683986366974
1365;46.50;25.50;True;False;False;False;821;30.50;13.50;True;False;False;False;2;26.33060724335428;0.03329478972823609;26.201582459440033;26.459632027268526
1365;46.50;25.50;True;False;False;False;822;31.50;13.50;True;False;False;False;2;28.264304159050994;9.332356896628715;26.104170263128253;30.424438054973734
1365;46.50;25.50;True;False;False;False;864;29.50;14.50;True;False;False;False;1;26.641118304029987;0;26.641118304029987;26.641118304029987
1365;46.50;25.50;True;False;False;False;1231;44.50;22.50;True;False;False;False;1;10.98222222221375;0;10.98222222221375;10.98222222221375
1365;46.50;25.50;True;False;False;False;1371;52.50;25.50;True;False;False;False;1;7.781017319699458;0;7.781017319699458;7.781017319699458
1365;46.50;25.50;True;False;False;False;1415;52.50;26.50;True;False;False;False;1;10.462871569186973;0;10.462871569186973;10.462871569186973
1366;47.50;25.50;True;False;False;False;44;61.50;15.50;False;False;True;False;2;79.14394417314816;152.65689661652172;70.40732879256393;87.88055955373238
1366;47.50;25.50;True;False;False;False;60;61.50;21.50;False;False;True;False;4;107.41349646399334;1543.6564187097465;74.15351691797696;164.36676445625926
1366;47.50;25.50;True;False;False;False;76;0.50;6.50;False;True;False;False;1;554.7688142848983;0;554.7688142848983;554.7688142848983
1366;47.50;25.50;True;False;False;False;124;0.50;24.50;False;True;False;False;1;587.7020650179238;0;587.7020650179238;587.7020650179238
1366;47.50;25.50;True;False;False;False;307;44.50;1.50;True;False;False;False;1;25.104809222440963;0;25.104809222440963;25.104809222440963
1366;47.50;25.50;True;False;False;False;309;46.50;1.50;True;False;False;False;1;22.61302769060785;0;22.61302769060785;22.61302769060785
1366;47.50;25.50;True;False;False;False;733;30.50;11.50;True;False;False;False;1;36.80092752646124;0;36.80092752646124;36.80092752646124
1366;47.50;25.50;True;False;False;False;825;34.50;13.50;True;False;False;False;1;24.005649346968653;0;24.005649346968653;24.005649346968653
1366;47.50;25.50;True;False;False;False;867;32.50;14.50;True;False;False;False;1;29.306204902517493;0;29.306204902517493;29.306204902517493
1366;47.50;25.50;True;False;False;False;1009;42.50;17.50;True;False;False;False;1;22.154441249709635;0;22.154441249709635;22.154441249709635
1366;47.50;25.50;True;False;False;False;1232;45.50;22.50;True;False;False;False;1;9.677587000211133;0;9.677587000211133;9.677587000211133
1366;47.50;25.50;True;False;False;False;1356;37.50;25.50;True;False;False;False;1;10.019159875465448;0;10.019159875465448;10.019159875465448
1368;49.50;25.50;True;False;False;False;28;61.50;9.50;False;False;True;False;2;73.8163475887236;0.02118096761575662;73.71343751240511;73.9192576650421
1368;49.50;25.50;True;False;False;False;60;61.50;21.50;False;False;True;False;3;100.3532735593022;61.82260319031994;94.11712469698455;109.18584173143063
1368;49.50;25.50;True;False;False;False;865;30.50;14.50;True;False;False;False;1;28.54259419313985;0;28.54259419313985;28.54259419313985
1368;49.50;25.50;True;False;False;False;1413;50.50;26.50;True;False;False;False;1;6.2904609606948725;0;6.2904609606948725;6.2904609606948725
1368;49.50;25.50;True;False;False;False;1414;51.50;26.50;True;False;False;False;1;8.345093791411728;0;8.345093791411728;8.345093791411728
1368;49.50;25.50;True;False;False;False;1415;52.50;26.50;True;False;False;False;2;8.631250994796233;0.15232287648524337;8.3552773760523;8.907224613540166
1369;50.50;25.50;True;False;False;False;12;61.50;3.50;False;False;True;False;2;100.73407887253643;319.7169186906008;88.09056435538969;113.37759338968317
1369;50.50;25.50;True;False;False;False;60;61.50;21.50;False;False;True;False;4;81.54148467938853;760.4906856340856;45.712222222209675;112.37593072121035
1369;50.50;25.50;True;False;False;False;821;30.50;13.50;True;False;False;False;1;29.081204902511672;0;29.081204902511672;29.081204902511672
1369;50.50;25.50;True;False;False;False;822;31.50;13.50;True;False;False;False;1;28.904818806633557;0;28.904818806633557;28.904818806633557
1369;50.50;25.50;True;False;False;False;1231;44.50;22.50;True;False;False;False;1;14.894722623947018;0;14.894722623947018;14.894722623947018
1369;50.50;25.50;True;False;False;False;1252;21.50;23.50;True;False;False;False;1;27.979354651215544;0;27.979354651215544;27.979354651215544
1369;50.50;25.50;True;False;False;False;1390;27.50;26.50;True;False;False;False;1;22.47620490252484;0;22.47620490252484;22.47620490252484
1369;50.50;25.50;True;False;False;False;1410;47.50;26.50;True;False;False;False;1;8.748150552146399;0;8.748150552146399;8.748150552146399
1369;50.50;25.50;True;False;False;False;1413;50.50;26.50;True;False;False;False;1;2.8478899532365176;0;2.8478899532365176;2.8478899532365176
1370;51.50;25.50;True;False;False;False;60;61.50;21.50;False;False;True;False;2;90.05628298019928;1222.0636136293963;65.33722541696079;114.77534054343778
1370;51.50;25.50;True;False;False;False;108;0.50;18.50;False;True;False;False;1;582.1134319263401;0;582.1134319263401;582.1134319263401
1370;51.50;25.50;True;False;False;False;822;31.50;13.50;True;False;False;False;2;29.054950311280663;0.03969447786655976;28.914070082244507;29.19583054031682
1370;51.50;25.50;True;False;False;False;1364;45.50;25.50;True;False;False;False;1;7.4975379731477005;0;7.4975379731477005;7.4975379731477005
1371;52.50;25.50;True;False;False;False;44;61.50;15.50;False;False;True;False;2;92.14253649851548;115.68553399500257;84.53709325058435;99.74797974644662
1371;52.50;25.50;True;False;False;False;60;61.50;21.50;False;False;True;False;5;94.43497163651209;1440.4544720056133;41.95305915201516;144.623806288575
1371;52.50;25.50;True;False;False;False;76;0.50;6.50;False;True;False;False;1;603.45261978905;0;603.45261978905;603.45261978905
1371;52.50;25.50;True;False;False;False;92;0.50;12.50;False;True;False;False;1;257.00603250899985;0;257.00603250899985;257.00603250899985
1371;52.50;25.50;True;False;False;False;488;49.50;5.50;True;False;False;False;1;22.163203398704354;0;22.163203398704354;22.163203398704354
1371;52.50;25.50;True;False;False;False;822;31.50;13.50;True;False;False;False;1;32.21796536059992;0;32.21796536059992;32.21796536059992
1371;52.50;25.50;True;False;False;False;865;30.50;14.50;True;False;False;False;1;29.17582973687604;0;29.17582973687604;29.17582973687604
1371;52.50;25.50;True;False;False;False;866;31.50;14.50;True;False;False;False;1;28.09648947149799;0;28.09648947149799;28.09648947149799
1371;52.50;25.50;True;False;False;False;970;47.50;16.50;True;False;False;False;1;16.31166666666286;0;16.31166666666286;16.31166666666286
1371;52.50;25.50;True;False;False;False;1104;49.50;19.50;True;False;False;False;1;13.150468957064504;0;13.150468957064504;13.150468957064504
1371;52.50;25.50;True;False;False;False;1148;49.50;20.50;True;False;False;False;1;15.493892083621176;0;15.493892083621176;15.493892083621176
1371;52.50;25.50;True;False;False;False;1239;52.50;22.50;True;False;False;False;1;5.872871569190465;0;5.872871569190465;5.872871569190465
1371;52.50;25.50;True;False;False;False;1410;47.50;26.50;True;False;False;False;1;10.65024226276364;0;10.65024226276364;10.65024226276364
1372;9.50;26.50;True;False;False;False;44;61.50;15.50;False;False;True;False;1;128.5615600771871;0;128.5615600771871;128.5615600771871
1372;9.50;26.50;True;False;False;False;491;52.50;5.50;True;False;False;False;1;56.31083293160009;0;56.31083293160009;56.31083293160009
1372;9.50;26.50;True;False;False;False;1394;31.50;26.50;True;False;False;False;1;18.698841449739803;0;18.698841449739803;18.698841449739803
1373;10.50;26.50;True;False;False;False;60;61.50;21.50;False;False;True;False;2;127.98888969231484;405.03795948887387;113.75797335694006;142.21980602768963
1373;10.50;26.50;True;False;False;False;710;51.50;10.50;True;False;False;False;1;45.46213562372577;0;45.46213562372577;45.46213562372577
1373;10.50;26.50;True;False;False;False;1281;50.50;23.50;True;False;False;False;1;35.724443641001926;0;35.724443641001926;35.724443641001926
1374;11.50;26.50;True;False;False;False;44;61.50;15.50;False;False;True;False;1;149.74768398635206;0;149.74768398635206;149.74768398635206
1374;11.50;26.50;True;False;False;False;1273;42.50;23.50;True;False;False;False;1;29.780892346276232;0;29.780892346276232;29.780892346276232
1375;12.50;26.50;True;False;False;False;60;61.50;21.50;False;False;True;False;1;164.5294436600543;0;164.5294436600543;164.5294436600543
1375;12.50;26.50;True;False;False;False;970;47.50;16.50;True;False;False;False;1;38.23222910232562;0;38.23222910232562;38.23222910232562
1377;14.50;26.50;True;False;False;False;60;61.50;21.50;False;False;True;False;3;91.69743254318352;1602.9423537106836;61.52675726333473;137.1182299386337
1377;14.50;26.50;True;False;False;False;486;47.50;5.50;True;False;False;False;1;42.93998322291736;0;42.93998322291736;42.93998322291736
1377;14.50;26.50;True;False;False;False;706;47.50;10.50;True;False;False;False;1;39.57408446808631;0;39.57408446808631;39.57408446808631
1377;14.50;26.50;True;False;False;False;835;44.50;13.50;True;False;False;False;1;38.658708498987835;0;38.658708498987835;38.658708498987835
1377;14.50;26.50;True;False;False;False;1007;40.50;17.50;True;False;False;False;1;29.95563976273843;0;29.95563976273843;29.95563976273843
1378;15.50;26.50;True;False;False;False;124;0.50;24.50;False;True;False;False;1;594.8766882453729;0;594.8766882453729;594.8766882453729
1380;17.50;26.50;True;False;False;False;60;61.50;21.50;False;False;True;False;1;54.80842792819567;0;54.80842792819567;54.80842792819567
1382;19.50;26.50;True;False;False;False;44;61.50;15.50;False;False;True;False;1;128.219806027686;0;128.219806027686;128.219806027686
1390;27.50;26.50;True;False;False;False;60;61.50;21.50;False;False;True;False;1;43.31814974869394;0;43.31814974869394;43.31814974869394
1392;29.50;26.50;True;False;False;False;60;61.50;21.50;False;False;True;False;1;80.77627071606912;0;80.77627071606912;80.77627071606912
1393;30.50;26.50;True;False;False;False;60;61.50;21.50;False;False;True;False;1;76.14965041131836;0;76.14965041131836;76.14965041131836
1394;31.50;26.50;True;False;False;False;124;0.50;24.50;False;True;False;False;1;567.6641523991109;0;567.6641523991109;567.6641523991109
1395;32.50;26.50;True;False;False;False;44;61.50;15.50;False;False;True;False;1;96.39679883300414;0;96.39679883300414;96.39679883300414
1395;32.50;26.50;True;False;False;False;998;31.50;17.50;True;False;False;False;1;15.154361040695221;0;15.154361040695221;15.154361040695221
1397;34.50;26.50;True;False;False;False;28;61.50;9.50;False;False;True;False;1;110.27462724470388;0;110.27462724470388;110.27462724470388
1397;34.50;26.50;True;False;False;False;821;30.50;13.50;True;False;False;False;1;23.54047134836219;0;23.54047134836219;23.54047134836219
1398;35.50;26.50;True;False;False;False;124;0.50;24.50;False;True;False;False;1;613.1767727170013;0;613.1767727170013;613.1767727170013
1398;35.50;26.50;True;False;False;False;822;31.50;13.50;True;False;False;False;1;42.65194804089697;0;42.65194804089697;42.65194804089697
1399;36.50;26.50;True;False;False;False;60;61.50;21.50;False;False;True;False;1;41.67499999999927;0;41.67499999999927;41.67499999999927
1399;36.50;26.50;True;False;False;False;822;31.50;13.50;True;False;False;False;1;19.100561945029767;0;19.100561945029767;19.100561945029767
1400;37.50;26.50;True;False;False;False;28;61.50;9.50;False;False;True;False;1;103.09203224810699;0;103.09203224810699;103.09203224810699
1400;37.50;26.50;True;False;False;False;44;61.50;15.50;False;False;True;False;1;111.47296855533523;0;111.47296855533523;111.47296855533523
1400;37.50;26.50;True;False;False;False;92;0.50;12.50;False;True;False;False;1;257.3626959808935;0;257.3626959808935;257.3626959808935
1400;37.50;26.50;True;False;False;False;1107;52.50;19.50;True;False;False;False;1;30.721906981580105;0;30.721906981580105;30.721906981580105
1400;37.50;26.50;True;False;False;False;1239;52.50;22.50;True;False;False;False;1;21.890093791409527;0;21.890093791409527;21.890093791409527
1400;37.50;26.50;True;False;False;False;1278;47.50;23.50;True;False;False;False;1;14.982590194947988;0;14.982590194947988;14.982590194947988
1402;39.50;26.50;True;False;False;False;44;61.50;15.50;False;False;True;False;1;68.02509379140429;0;68.02509379140429;68.02509379140429
1402;39.50;26.50;True;False;False;False;76;0.50;6.50;False;True;False;False;1;581.5549600372706;0;581.5549600372706;581.5549600372706
1402;39.50;26.50;True;False;False;False;826;35.50;13.50;True;False;False;False;1;21.728236347189522;0;21.728236347189522;21.728236347189522
1402;39.50;26.50;True;False;False;False;1097;42.50;19.50;True;False;False;False;1;17.294444444443798;0;17.294444444443798;17.294444444443798
1403;40.50;26.50;True;False;False;False;44;61.50;15.50;False;False;True;False;1;71.952490817529;0;71.952490817529;71.952490817529
1403;40.50;26.50;True;False;False;False;60;61.50;21.50;False;False;True;False;1;94.04900106430614;0;94.04900106430614;94.04900106430614
1403;40.50;26.50;True;False;False;False;821;30.50;13.50;True;False;False;False;1;22.416020514430784;0;22.416020514430784;22.416020514430784
1403;40.50;26.50;True;False;False;False;1393;30.50;26.50;True;False;False;False;1;11.046767651000664;0;11.046767651000664;11.046767651000664
1404;41.50;26.50;True;False;False;False;60;61.50;21.50;False;False;True;False;2;64.62122738348353;616.4350746336485;47.065102033144285;82.17735273382277
1404;41.50;26.50;True;False;False;False;1146;47.50;20.50;True;False;False;False;1;15.56796536060574;0;15.56796536060574;15.56796536060574
1404;41.50;26.50;True;False;False;False;1369;50.50;25.50;True;False;False;False;1;12.662965360603266;0;12.662965360603266;12.662965360603266
1405;42.50;26.50;True;False;False;False;44;61.50;15.50;False;False;True;False;1;105.31814655393464;0;105.31814655393464;105.31814655393464
1405;42.50;26.50;True;False;False;False;60;61.50;21.50;False;False;True;False;1;137.73981721880773;0;137.73981721880773;137.73981721880773
1405;42.50;26.50;True;False;False;False;822;31.50;13.50;True;False;False;False;1;23.02546096069318;0;23.02546096069318;23.02546096069318
1405;42.50;26.50;True;False;False;False;887;52.50;14.50;True;False;False;False;1;23.37944444443201;0;23.37944444443201;23.37944444443201
1407;44.50;26.50;True;False;False;False;44;61.50;15.50;False;False;True;False;1;182.65648493430854;0;182.65648493430854;182.65648493430854
1407;44.50;26.50;True;False;False;False;60;61.50;21.50;False;False;True;False;1;130.4790756682305;0;130.4790756682305;130.4790756682305
1407;44.50;26.50;True;False;False;False;124;0.50;24.50;False;True;False;False;1;585.4989176795643;0;585.4989176795643;585.4989176795643
1407;44.50;26.50;True;False;False;False;820;29.50;13.50;True;False;False;False;1;26.957775631901313;0;26.957775631901313;26.957775631901313
1407;44.50;26.50;True;False;False;False;822;31.50;13.50;True;False;False;False;1;26.03435065303711;0;26.03435065303711;26.03435065303711
1407;44.50;26.50;True;False;False;False;864;29.50;14.50;True;False;False;False;1;37.873872896188914;0;37.873872896188914;37.873872896188914
1408;45.50;26.50;True;False;False;False;60;61.50;21.50;False;False;True;False;1;164.4744516373712;0;164.4744516373712;164.4744516373712
1408;45.50;26.50;True;False;False;False;822;31.50;13.50;True;False;False;False;1;28.417965360604285;0;28.417965360604285;28.417965360604285
1409;46.50;26.50;True;False;False;False;28;61.50;9.50;False;False;True;False;2;85.57337663257772;442.52375900833607;70.69850253213008;100.44825073302536
1409;46.50;26.50;True;False;False;False;60;61.50;21.50;False;False;True;False;1;75.65666986140059;0;75.65666986140059;75.65666986140059
1409;46.50;26.50;True;False;False;False;610;39.50;8.50;True;False;False;False;1;23.80480202951412;0;23.80480202951412;23.80480202951412
1409;46.50;26.50;True;False;False;False;821;30.50;13.50;True;False;False;False;1;26.360266988404874;0;26.360266988404874;26.360266988404874
1409;46.50;26.50;True;False;False;False;867;32.50;14.50;True;False;False;False;1;27.705465762323;0;27.705465762323;27.705465762323
1410;47.50;26.50;True;False;False;False;12;61.50;3.50;False;False;True;False;1;46.51231601362815;0;46.51231601362815;46.51231601362815
1410;47.50;26.50;True;False;False;False;28;61.50;9.50;False;False;True;False;1;55.90991020677757;0;55.90991020677757;55.90991020677757
1410;47.50;26.50;True;False;False;False;44;61.50;15.50;False;False;True;False;1;54.72175726334535;0;54.72175726334535;54.72175726334535
1410;47.50;26.50;True;False;False;False;60;61.50;21.50;False;False;True;False;5;87.07434356411181;364.6067165593936;62.798149748692595;104.97148627675597
1410;47.50;26.50;True;False;False;False;76;0.50;6.50;False;True;False;False;1;580.6863266811888;0;580.6863266811888;580.6863266811888
1410;47.50;26.50;True;False;False;False;821;30.50;13.50;True;False;False;False;1;26.644642414936243;0;26.644642414936243;26.644642414936243
1410;47.50;26.50;True;False;False;False;822;31.50;13.50;True;False;False;False;2;26.29798131988082;0.5752668145110402;25.761666666663587;26.83429597309805
1410;47.50;26.50;True;False;False;False;823;32.50;13.50;True;False;False;False;1;25.702316013623204;0;25.702316013623204;25.702316013623204
1410;47.50;26.50;True;False;False;False;1104;49.50;19.50;True;False;False;False;1;12.324818806645453;0;12.324818806645453;12.324818806645453
1410;47.50;26.50;True;False;False;False;1146;47.50;20.50;True;False;False;False;1;7.5428715691907655;0;7.5428715691907655;7.5428715691907655
1410;47.50;26.50;True;False;False;False;1233;46.50;22.50;True;False;False;False;1;8.9699999999998;0;8.9699999999998;8.9699999999998
1410;47.50;26.50;True;False;False;False;1273;42.50;23.50;True;False;False;False;1;13.360371970924461;0;13.360371970924461;13.360371970924461
1410;47.50;26.50;True;False;False;False;1275;44.50;23.50;True;False;False;False;1;10.985100180885638;0;10.985100180885638;10.985100180885638
1412;49.50;26.50;True;False;False;False;44;61.50;15.50;False;False;True;False;3;129.14675751842;1640.9846847161482;89.89195123562604;170.80322833167702
1412;49.50;26.50;True;False;False;False;60;61.50;21.50;False;False;True;False;4;96.32381127677445;210.5651640186019;80.59799491667218;114.78509778958505
1412;49.50;26.50;True;False;False;False;76;0.50;6.50;False;True;False;False;1;323.19804076800574;0;323.19804076800574;323.19804076800574
1412;49.50;26.50;True;False;False;False;704;45.50;10.50;True;False;False;False;1;20.634252863434085;0;20.634252863434085;20.634252863434085
1412;49.50;26.50;True;False;False;False;803;12.50;13.50;True;False;False;False;1;40.32018278118176;0;40.32018278118176;40.32018278118176
1412;49.50;26.50;True;False;False;False;821;30.50;13.50;True;False;False;False;2;40.884446443536035;31.83579231319195;36.89472262394702;44.87417026312505
1412;49.50;26.50;True;False;False;False;838;47.50;13.50;True;False;False;False;1;17.591095137428056;0;17.591095137428056;17.591095137428056
1412;49.50;26.50;True;False;False;False;1151;52.50;20.50;True;False;False;False;1;12.592974160459562;0;12.592974160459562;12.592974160459562
1412;49.50;26.50;True;False;False;False;1219;32.50;22.50;True;False;False;False;1;20.472698372199375;0;20.472698372199375;20.472698372199375
1412;49.50;26.50;True;False;False;False;1229;42.50;22.50;True;False;False;False;1;14.26957526845581;0;14.26957526845581;14.26957526845581
1413;50.50;26.50;True;False;False;False;28;61.50;9.50;False;False;True;False;1;95.10519957738052;0;95.10519957738052;95.10519957738052
1413;50.50;26.50;True;False;False;False;44;61.50;15.50;False;False;True;False;2;95.05825604959682;12.415060719299955;92.56676445626363;97.54974764293001
1413;50.50;26.50;True;False;False;False;60;61.50;21.50;False;False;True;False;6;110.91224220996492;420.8772737750002;78.42843112293667;133.35250040171377
1413;50.50;26.50;True;False;False;False;108;0.50;18.50;False;True;False;False;1;571.9966818749381;0;571.9966818749381;571.9966818749381
1413;50.50;26.50;True;False;False;False;554;27.50;7.50;True;False;False;False;1;35.370093791416366;0;35.370093791416366;35.370093791416366
1413;50.50;26.50;True;False;False;False;821;30.50;13.50;True;False;False;False;2;38.972043429681435;206.470193934664;28.811576069991133;49.132510789371736
1413;50.50;26.50;True;False;False;False;881;46.50;14.50;True;False;False;False;1;17.417199662178064;0;17.417199662178064;17.417199662178064
1413;50.50;26.50;True;False;False;False;953;30.50;16.50;True;False;False;False;1;26.61305915201956;0;26.61305915201956;26.61305915201956
1413;50.50;26.50;True;False;False;False;965;42.50;16.50;True;False;False;False;1;18.82424579237704;0;18.82424579237704;18.82424579237704
1413;50.50;26.50;True;False;False;False;986;19.50;17.50;True;False;False;False;1;34.03268798454701;0;34.03268798454701;34.03268798454701
1413;50.50;26.50;True;False;False;False;1094;39.50;19.50;True;False;False;False;1;18.849628832537746;0;18.849628832537746;18.849628832537746
1413;50.50;26.50;True;False;False;False;1100;45.50;19.50;True;False;False;False;1;15.201298693936224;0;15.201298693936224;15.201298693936224
1413;50.50;26.50;True;False;False;False;1368;49.50;25.50;True;False;False;False;1;6.277135623729919;0;6.277135623729919;6.277135623729919
1414;51.50;26.50;True;False;False;False;28;61.50;9.50;False;False;True;False;1;137.84418913778154;0;137.84418913778154;137.84418913778154
1414;51.50;26.50;True;False;False;False;44;61.50;15.50;False;False;True;False;1;120.72703544283286;0;120.72703544283286;120.72703544283286
1414;51.50;26.50;True;False;False;False;60;61.50;21.50;False;False;True;False;4;96.82039878808371;718.8192328585724;69.99917026311232;122.27445984093856
1414;51.50;26.50;True;False;False;False;733;30.50;11.50;True;False;False;False;1;35.050646936626435;0;35.050646936626435;35.050646936626435
1414;51.50;26.50;True;False;False;False;821;30.50;13.50;True;False;False;False;1;43.60591233718151;0;43.60591233718151;43.60591233718151
1414;51.50;26.50;True;False;False;False;823;32.50;13.50;True;False;False;False;2;28.454163070200593;0.0022969135800321202;28.42027418131329;28.488051959087898
1414;51.50;26.50;True;False;False;False;1283;52.50;23.50;True;False;False;False;1;8.754535041116469;0;8.754535041116469;8.754535041116469
1414;51.50;26.50;True;False;False;False;1344;25.50;25.50;True;False;False;False;1;24.392122041328548;0;24.392122041328548;24.392122041328548
1415;52.50;26.50;True;False;False;False;44;61.50;15.50;False;False;True;False;3;89.20311092003583;2351.553959507079;33.48518038990642;121.8774809019269
1415;52.50;26.50;True;False;False;False;60;61.50;21.50;False;False;True;False;7;69.8923019316327;794.2401232325037;23.536017319698253;99.2975171788421
1415;52.50;26.50;True;False;False;False;92;0.50;12.50;False;True;False;False;1;227.1071364271752;0;227.1071364271752;227.1071364271752
1415;52.50;26.50;True;False;False;False;108;0.50;18.50;False;True;False;False;1;498.4533349402209;0;498.4533349402209;498.4533349402209
1415;52.50;26.50;True;False;False;False;691;32.50;10.50;True;False;False;False;1;30.642222222222244;0;30.642222222222244;30.642222222222244
1415;52.50;26.50;True;False;False;False;820;29.50;13.50;True;False;False;False;1;37.00630269211615;0;37.00630269211615;37.00630269211615
1415;52.50;26.50;True;False;False;False;821;30.50;13.50;True;False;False;False;1;30.930003194735036;0;30.930003194735036;30.930003194735036
1415;52.50;26.50;True;False;False;False;822;31.50;13.50;True;False;False;False;1;30.384353847759485;0;30.384353847759485;30.384353847759485
1415;52.50;26.50;True;False;False;False;867;32.50;14.50;True;False;False;False;1;27.699166264943415;0;27.699166264943415;27.699166264943415
1415;52.50;26.50;True;False;False;False;880;45.50;14.50;True;False;False;False;1;19.201024512611184;0;19.201024512611184;19.201024512611184
1415;52.50;26.50;True;False;False;False;997;30.50;17.50;True;False;False;False;1;28.03481241717418;0;28.03481241717418;28.03481241717418
1415;52.50;26.50;True;False;False;False;1064;9.50;19.50;True;False;False;False;1;40.20453984275082;0;40.20453984275082;40.20453984275082
1415;52.50;26.50;True;False;False;False;1104;49.50;19.50;True;False;False;False;1;14.294819610093327;0;14.294819610093327;14.294819610093327
1415;52.50;26.50;True;False;False;False;1227;40.50;22.50;True;False;False;False;1;17.357416997967448;0;17.357416997967448;17.357416997967448
1415;52.50;26.50;True;False;False;False;1361;42.50;25.50;True;False;False;False;1;13.810713250917615;0;13.810713250917615;13.810713250917615
1415;52.50;26.50;True;False;False;False;1363;44.50;25.50;True;False;False;False;1;11.780187582815415;0;11.780187582815415;11.780187582815415
