<<< Welcome to the RAWSimO CLI >>>
The time is: 04/20/2026 02:58:25
Starting RAWSimO wrapper with the following arguments:
Instance: C:\Users\Aesop\Desktop\rawsim-o-rmfs-world-models\Material\Instances\CoreBenchmark\aesop.xlayo
Setting: C:\Users\Aesop\Desktop\rawsim-o-rmfs-world-models\Material\Instances\CoreBenchmark\aesop.xsett
ControlConfig: C:\Users\Aesop\Desktop\rawsim-o-rmfs-world-models\Material\Instances\CoreBenchmark\aesop-cbs.xconf
StatisticsDir: C:\Users\Aesop\Desktop\rawsim-o-rmfs-world-models\results\tiny-1bot-28800s-cbs-vs-ecbs-v2\sim_out/
Seed: 45
Additionally the following tag was passed: CBS-time-seed45
Adding handler for unhandled exceptions ...
Initializing ... 
LayoutConfiguration recognized!
Parsing setting config ...
Parsing control config ...
Parsing layout config ...
Generating instance...
Info about all directions within the generated instance:
# # # # # e p e p p p p p p p p p p p p p p p p p e p p p p p p p p p p p p p p p p p e p p p p p p p p p e s # # # # # 
# # # # # n q ^ + + + + + + + + v + + + + + + + + ^ + + + + + + + + v + + + + + + + + ^ + + + + + + + + q d q # # # # # 
# # # # # b p b + + + + + + + + v + + + + + + + + ^ + + + + + + + + v + + + + + + + + ^ + + + + + + + + v b s # # # # # 
s w w w w d q d < < < < < < < < q < < < < < < < < d < < < < < < < < q < < < < < < < < d < < < < < < < < q d q w w w w w 
p e e e s b p b + + + + + + + + v + + + + + + + + ^ + + + + + + + + v + + + + + + + + ^ + + + + + + + + v b p e e e e n 
s w w w w d q ^ + + + + + + + + v + + + + + + + + ^ + + + + + + + + v + + + + + + + + ^ + + + + + + + + q d q n w w w d 
e e e e e b p b > > > > > > > > p > > > > > > > > b > > > > > > > > p > > > > > > > > b > > > > > > > > p b p e e e e n 
# # # # # n q ^ + + + + + + + + v + + + + + + + + ^ + + + + + + + + v + + + + + + + + ^ + + + + + + + + q d q # # # # # 
# # # # # b p b + + + + + + + + v + + + + + + + + ^ + + + + + + + + v + + + + + + + + ^ + + + + + + + + v b s # # # # # 
s w w w w d q d < < < < < < < < q < < < < < < < < d < < < < < < < < q < < < < < < < < d < < < < < < < < q d q w w w w w 
p e e e s b p b + + + + + + + + v + + + + + + + + ^ + + + + + + + + v + + + + + + + + ^ + + + + + + + + v b p e e e e n 
s w w w w d q ^ + + + + + + + + v + + + + + + + + ^ + + + + + + + + v + + + + + + + + ^ + + + + + + + + q d q n w w w d 
e e e e e b p b > > > > > > > > p > > > > > > > > b > > > > > > > > p > > > > > > > > b > > > > > > > > p b p e e e e n 
# # # # # n q ^ + + + + + + + + v + + + + + + + + ^ + + + + + + + + v + + + + + + + + ^ + + + + + + + + q d q # # # # # 
# # # # # b p b + + + + + + + + v + + + + + + + + ^ + + + + + + + + v + + + + + + + + ^ + + + + + + + + v b s # # # # # 
s w w w w d q d < < < < < < < < q < < < < < < < < d < < < < < < < < q < < < < < < < < d < < < < < < < < q d q w w w w w 
p e e e s b p b + + + + + + + + v + + + + + + + + ^ + + + + + + + + v + + + + + + + + ^ + + + + + + + + v b p e e e e n 
s w w w w d q ^ + + + + + + + + v + + + + + + + + ^ + + + + + + + + v + + + + + + + + ^ + + + + + + + + q d q n w w w d 
e e e e e b p b > > > > > > > > p > > > > > > > > b > > > > > > > > p > > > > > > > > b > > > > > > > > p b p e e e e n 
# # # # # n q ^ + + + + + + + + v + + + + + + + + ^ + + + + + + + + v + + + + + + + + ^ + + + + + + + + q d q # # # # # 
# # # # # b p b + + + + + + + + v + + + + + + + + ^ + + + + + + + + v + + + + + + + + ^ + + + + + + + + v b s # # # # # 
s w w w w d q d < < < < < < < < q < < < < < < < < d < < < < < < < < q < < < < < < < < d < < < < < < < < q d q w w w w w 
p e e e s b p b + + + + + + + + v + + + + + + + + ^ + + + + + + + + v + + + + + + + + ^ + + + + + + + + v b p e e e e n 
s w w w w d q ^ + + + + + + + + v + + + + + + + + ^ + + + + + + + + v + + + + + + + + ^ + + + + + + + + q d q n w w w d 
e e e e e b p b > > > > > > > > p > > > > > > > > b > > > > > > > > p > > > > > > > > b > > > > > > > > p b p e e e e n 
# # # # # n q ^ + + + + + + + + v + + + + + + + + ^ + + + + + + + + v + + + + + + + + ^ + + + + + + + + q d q # # # # # 
# # # # # b p b + + + + + + + + v + + + + + + + + ^ + + + + + + + + v + + + + + + + + ^ + + + + + + + + v b s # # # # # 
# # # # # n q d < < < < < < < < q < < < < < < < < d < < < < < < < < q < < < < < < < < d < < < < < < < < q d q # # # # # 
# # # # # b p b + + + + + + + + v + + + + + + + + ^ + + + + + + + + v + + + + + + + + ^ + + + + + + + + v b s # # # # # 
# # # # # n q ^ + + + + + + + + v + + + + + + + + ^ + + + + + + + + v + + + + + + + + ^ + + + + + + + + q d q # # # # # 
# # # # # b p b > > > > > > > > p > > > > > > > > b > > > > > > > > p > > > > > > > > b > > > > > > > > p b s # # # # # 
# # # # # n q ^ + + + + + + + + v + + + + + + + + ^ + + + + + + + + v + + + + + + + + ^ + + + + + + + + q d q # # # # # 
# # # # # b p b + + + + + + + + v + + + + + + + + ^ + + + + + + + + v + + + + + + + + ^ + + + + + + + + v b s # # # # # 
# # # # # n w d d d d d d d d d w d d d d d d d d d d d d d d d d d w d d d d d d d d d d d d d d d d d w d w # # # # # 


Info about all types within the generated instance:
# # # # # r r r r r r r r r r r r r r r r r r r r r r r r r r r r r r r r r r r r r r r r r r r r r r r r r r # # # # # 
# # # # # r r r s s s s s s s s r s s s s s s s s r s s s s s s s s r s s s s s s s s r s s s s s s s s r r r # # # # # 
# # # # # r r r s s s s s s s s r s s s s s s s s r s s s s s s s s r s s s s s s s s r s s s s s s s s r r r # # # # # 
b b b b b r r r r r r r r r r r r r r r r r r r r r r r r r r r r r r r r r r r r r r r r r r r r r r r r r r b b b b o 
b b b b b r r r s s s s s s s s r s s s s s s s s r s s s s s s s s r s s s s s s s s r s s s s s s s s r r r b b b b b 
b b b b b r r r s s s s s s s s r s s s s s s s s r s s s s s s s s r s s s s s s s s r s s s s s s s s r r r b b b b b 
i b b b b r r r r r r r r r r r r r r r r r r r r r r r r r r r r r r r r r r r r r r r r r r r r r r r r r r b b b b b 
# # # # # r r r s s s s s s s s r s s s s s s s s r s s s s s s s s r s s s s s s s s r s s s s s s s s r r r # # # # # 
# # # # # r r r s s s s s s s s r s s s s s s s s r s s s s s s s s r s s s s s s s s r s s s s s s s s r r r # # # # # 
b b b b b r r r r r r r r r r r r r r r r r r r r r r r r r r r r r r r r r r r r r r r r r r r r r r r r r r b b b b o 
b b b b b r r r s s s s s s s s r s s s s s s s s r s s s s s s s s r s s s s s s s s r s s s s s s s s r r r b b b b b 
b b b b b r r r s s s s s s s s r s s s s s s s s r s s s s s s s s r s s s s s s s s r s s s s s s s s r r r b b b b b 
i b b b b r r r r r r r r r r r r r r r r r r r r r r r r r r r r r r r r r r r r r r r r r r r r r r r r r r b b b b b 
# # # # # r r r s s s s s s s s r s s s s s s s s r s s s s s s s s r s s s s s s s s r s s s s s s s s r r r # # # # # 
# # # # # r r r s s s s s s s s r s s s s s s s s r s s s s s s s s r s s s s s s s s r s s s s s s s s r r r # # # # # 
b b b b b r r r r r r r r r r r r r r r r r r r r r r r r r r r r r r r r r r r r r r r r r r r r r r r r r r b b b b o 
b b b b b r r r s s s s s s s s r s s s s s s s s r s s s s s s s s r s s s s s s s s r s s s s s s s s r r r b b b b b 
b b b b b r r r s s s s s s s s r s s s s s s s s r s s s s s s s s r s s s s s s s s r s s s s s s s s r r r b b b b b 
i b b b b r r r r r r r r r r r r r r r r r r r r r r r r r r r r r r r r r r r r r r r r r r r r r r r r r r b b b b b 
# # # # # r r r s s s s s s s s r s s s s s s s s r s s s s s s s s r s s s s s s s s r s s s s s s s s r r r # # # # # 
# # # # # r r r s s s s s s s s r s s s s s s s s r s s s s s s s s r s s s s s s s s r s s s s s s s s r r r # # # # # 
b b b b b r r r r r r r r r r r r r r r r r r r r r r r r r r r r r r r r r r r r r r r r r r r r r r r r r r b b b b o 
b b b b b r r r s s s s s s s s r s s s s s s s s r s s s s s s s s r s s s s s s s s r s s s s s s s s r r r b b b b b 
b b b b b r r r s s s s s s s s r s s s s s s s s r s s s s s s s s r s s s s s s s s r s s s s s s s s r r r b b b b b 
i b b b b r r r r r r r r r r r r r r r r r r r r r r r r r r r r r r r r r r r r r r r r r r r r r r r r r r b b b b b 
# # # # # r r r s s s s s s s s r s s s s s s s s r s s s s s s s s r s s s s s s s s r s s s s s s s s r r r # # # # # 
# # # # # r r r s s s s s s s s r s s s s s s s s r s s s s s s s s r s s s s s s s s r s s s s s s s s r r r # # # # # 
# # # # # r r r r r r r r r r r r r r r r r r r r r r r r r r r r r r r r r r r r r r r r r r r r r r r r r r # # # # # 
# # # # # r r r s s s s s s s s r s s s s s s s s r s s s s s s s s r s s s s s s s s r s s s s s s s s r r r # # # # # 
# # # # # r r r s s s s s s s s r s s s s s s s s r s s s s s s s s r s s s s s s s s r s s s s s s s s r r r # # # # # 
# # # # # r r r r r r r r r r r r r r r r r r r r r r r r r r r r r r r r r r r r r r r r r r r r r r r r r r # # # # # 
# # # # # r r r s s s s s s s s r s s s s s s s s r s s s s s s s s r s s s s s s s s r s s s s s s s s r r r # # # # # 
# # # # # r r r s s s s s s s s r s s s s s s s s r s s s s s s s s r s s s s s s s s r s s s s s s s s r r r # # # # # 
# # # # # r r r r r r r r r r r r r r r r r r r r r r r r r r r r r r r r r r r r r r r r r r r r r r r r r r # # # # # 


[EnergyConsumption] Configured from LayoutConfiguration: RobotMass=100 kg, PodFrameMass=50 kg
StatisticsFolder: aesop-aesop-aesop-cbs-45
Done!
Executing ... 
 02:58:27 | >>> Warming up ...
 Realtime |   ETA    |  Sim.Time  | Progress | #Orders | #Bundles | Inv. | Distance | #Coll. |   Memory    
 00:00:00 | >>> Warmup finished - starting simulation ...
 00:00:00 |   n/a    | 0.00:00:00 |  0.00%   |    0    |    0     | 70%  |    0     |   0    | 218.30MB  
 00:00:05 | 00:54:03 | 0.00:00:44 |  0.15%   |    0    |    0     | 70%  |   595    |   0    | 172.43MB  
 00:00:10 | 01:22:28 | 0.00:00:58 |  0.20%   |    0    |    0     | 70%  |   785    |   0    | 176.54MB  
 00:00:12 | WARNING! Aborting CBS - could not obtain an initial solution for the following agents: Agent6(74->73)
 00:00:12 | WARNING! Aborting CBS - could not obtain an initial solution for the following agents: Agent6(74->73)
 00:00:12 | WARNING! Aborting CBS - could not obtain an initial solution for the following agents: Agent6(74->73)
 00:00:12 | WARNING! Aborting CBS - could not obtain an initial solution for the following agents: Agent6(74->73)
 00:00:12 | WARNING! Aborting CBS - could not obtain an initial solution for the following agents: Agent6(74->73)
 00:00:12 | WARNING! Aborting CBS - could not obtain an initial solution for the following agents: Agent6(74->73)
 00:00:12 | WARNING! Aborting CBS - could not obtain an initial solution for the following agents: Agent3(34->33)
 00:00:12 | WARNING! Aborting CBS - could not obtain an initial solution for the following agents: Agent3(34->33)
 00:00:12 | WARNING! Aborting CBS - could not obtain an initial solution for the following agents: Agent3(34->33)
 00:00:12 | WARNING! Aborting CBS - could not obtain an initial solution for the following agents: Agent3(34->33)
 00:00:14 | WARNING! Aborting CBS - could not obtain an initial solution for the following agents: Agent3(24->23)
 00:00:14 | WARNING! Aborting CBS - could not obtain an initial solution for the following agents: Agent3(24->23)
 00:00:14 | WARNING! Aborting CBS - could not obtain an initial solution for the following agents: Agent3(24->23)
 00:00:15 | 00:20:04 | 0.00:05:54 |  1.23%   |   68    |    93    | 71%  |   3208   |   0    | 181.97MB  
 00:00:15 | WARNING! Aborting CBS - could not obtain an initial solution for the following agents: Agent18(32->31)
 00:00:17 | WARNING! Aborting CBS - could not obtain an initial solution for the following agents: Agent4(73->63)
 00:00:18 | WARNING! Aborting CBS - could not obtain an initial solution for the following agents: Agent3(32->31)
 00:00:18 | WARNING! Aborting CBS - could not obtain an initial solution for the following agents: Agent3(32->31)
 00:00:18 | WARNING! Aborting CBS - could not obtain an initial solution for the following agents: Agent3(32->31)
 00:00:19 | WARNING! Aborting CBS - could not obtain an initial solution for the following agents: Agent23(13->12)
 00:00:19 | WARNING! Aborting CBS - could not obtain an initial solution for the following agents: Agent23(13->12)
 00:00:19 | WARNING! Aborting CBS - could not obtain an initial solution for the following agents: Agent23(13->12)
 00:00:20 | 00:09:54 | 0.00:15:37 |  3.25%   |   199   |   282    | 72%  |   8651   |   0    | 184.86MB  
 00:00:24 | WARNING! Aborting CBS - could not obtain an initial solution for the following agents: Agent25(72->71)
 00:00:24 | WARNING! Aborting CBS - could not obtain an initial solution for the following agents: Agent25(72->71)
 00:00:25 | 00:07:24 | 0.00:25:33 |  5.33%   |   323   |   462    | 74%  |  14424   |   0    | 185.01MB  
 00:00:26 | WARNING! Aborting CBS - could not obtain an initial solution for the following agents: Agent16(12->11)
 00:00:26 | WARNING! Aborting CBS - could not obtain an initial solution for the following agents: Agent16(12->11)
 00:00:26 | WARNING! Aborting CBS - could not obtain an initial solution for the following agents: Agent16(12->11)
 00:00:26 | WARNING! Aborting CBS - could not obtain an initial solution for the following agents: Agent17(74->73)
 00:00:26 | WARNING! Aborting CBS - could not obtain an initial solution for the following agents: Agent17(74->73)
 00:00:26 | WARNING! Aborting CBS - could not obtain an initial solution for the following agents: Agent17(74->73)
 00:00:26 | WARNING! Aborting CBS - could not obtain an initial solution for the following agents: Agent17(74->73)
 00:00:30 | 00:06:49 | 0.00:32:46 |  6.83%   |   394   |   581    | 75%  |  19064   |   0    | 189.34MB  
 00:00:34 | WARNING! Aborting CBS - could not obtain an initial solution for the following agents: Agent2(94->93)
 00:00:34 | WARNING! Aborting CBS - could not obtain an initial solution for the following agents: Agent2(94->93)
 00:00:34 | WARNING! Aborting CBS - could not obtain an initial solution for the following agents: Agent2(94->93)
 00:00:34 | WARNING! Aborting CBS - could not obtain an initial solution for the following agents: Agent2(94->93)
 00:00:35 | 00:06:53 | 0.00:37:29 |  7.81%   |   448   |   669    | 76%  |  22029   |   0    | 228.30MB  
 00:00:35 | WARNING! Aborting CBS - could not obtain an initial solution for the following agents: Agent10(12->11)
 00:00:35 | WARNING! Aborting CBS - could not obtain an initial solution for the following agents: Agent10(12->11)
 00:00:35 | WARNING! Aborting CBS - could not obtain an initial solution for the following agents: Agent10(12->11)
 00:00:35 | WARNING! Aborting CBS - could not obtain an initial solution for the following agents: Agent10(12->11)
 00:00:35 | WARNING! Aborting CBS - could not obtain an initial solution for the following agents: Agent18(24->23)
 00:00:35 | WARNING! Aborting CBS - could not obtain an initial solution for the following agents: Agent18(24->23)
 00:00:37 | WARNING! Aborting CBS - could not obtain an initial solution for the following agents: Agent8(12->11)
 00:00:37 | WARNING! Aborting CBS - could not obtain an initial solution for the following agents: Agent8(12->11)
 00:00:37 | WARNING! Aborting CBS - could not obtain an initial solution for the following agents: Agent8(12->11)
 00:00:40 | 00:06:26 | 0.00:45:00 |  9.38%   |   535   |   794    | 77%  |  26788   |   0    | 222.31MB  
 00:00:42 | WARNING! Aborting CBS - could not obtain an initial solution for the following agents: Agent23(12->11)
 00:00:42 | WARNING! Aborting CBS - could not obtain an initial solution for the following agents: Agent23(12->11)
 00:00:43 | WARNING! Aborting CBS - could not obtain an initial solution for the following agents: Agent25(73->71)
 00:00:43 | WARNING! Aborting CBS - could not obtain an initial solution for the following agents: Agent25(73->71)
 00:00:43 | WARNING! Aborting CBS - could not obtain an initial solution for the following agents: Agent25(73->71)
 00:00:45 | 00:06:12 | 0.00:51:43 |  10.78%  |   623   |   895    | 78%  |  31247   |   0    | 230.05MB  
 00:00:45 | WARNING! Aborting CBS - could not obtain an initial solution for the following agents: Agent8(14->13)
 00:00:45 | WARNING! Aborting CBS - could not obtain an initial solution for the following agents: Agent8(14->13)
 00:00:45 | WARNING! Aborting CBS - could not obtain an initial solution for the following agents: Agent8(14->13)
 00:00:45 | WARNING! Aborting CBS - could not obtain an initial solution for the following agents: Agent8(14->13)
 00:00:45 | WARNING! Aborting CBS - could not obtain an initial solution for the following agents: Agent8(14->13)
 00:00:45 | WARNING! Aborting CBS - could not obtain an initial solution for the following agents: Agent8(14->13)
 00:00:45 | WARNING! Aborting CBS - could not obtain an initial solution for the following agents: Agent8(14->13)
 00:00:45 | WARNING! Aborting CBS - could not obtain an initial solution for the following agents: Agent14(54->53)
 00:00:45 | WARNING! Aborting CBS - could not obtain an initial solution for the following agents: Agent14(54->53)
 00:00:45 | WARNING! Aborting CBS - could not obtain an initial solution for the following agents: Agent14(54->53)
 00:00:45 | WARNING! Aborting CBS - could not obtain an initial solution for the following agents: Agent14(54->53)
 00:00:45 | WARNING! Aborting CBS - could not obtain an initial solution for the following agents: Agent14(54->53)
 00:00:45 | WARNING! Aborting CBS - could not obtain an initial solution for the following agents: Agent14(54->53)
 00:00:45 | WARNING! Aborting CBS - could not obtain an initial solution for the following agents: Agent14(54->53)
 00:00:45 | WARNING! Aborting CBS - could not obtain an initial solution for the following agents: Agent14(54->53)
 00:00:47 | WARNING! Aborting CBS - could not obtain an initial solution for the following agents: Agent6(63->62)
 00:00:48 | WARNING! Aborting CBS - could not obtain an initial solution for the following agents: Agent0(32->31)
 00:00:48 | WARNING! Aborting CBS - could not obtain an initial solution for the following agents: Agent0(32->31)
 00:00:48 | WARNING! Aborting CBS - could not obtain an initial solution for the following agents: Agent0(32->31)
 00:00:49 | WARNING! Aborting CBS - could not obtain an initial solution for the following agents: Agent3(34->33)
 00:00:49 | WARNING! Aborting CBS - could not obtain an initial solution for the following agents: Agent3(34->33)
 00:00:49 | WARNING! Aborting CBS - could not obtain an initial solution for the following agents: Agent3(34->33)
 00:00:49 | WARNING! Aborting CBS - could not obtain an initial solution for the following agents: Agent3(34->33)
 00:00:49 | WARNING! Aborting CBS - could not obtain an initial solution for the following agents: Agent3(34->33)
 00:00:50 | 00:05:52 | 0.00:59:40 |  12.43%  |   708   |   1024   | 79%  |  36551   |   0    | 230.22MB  
 00:00:55 | 00:05:44 | 0.01:06:07 |  13.78%  |   777   |   1126   | 80%  |  41057   |   0    | 239.45MB  
 00:00:57 | WARNING! Aborting CBS - could not obtain an initial solution for the following agents: Agent3(33->23)
 00:00:57 | WARNING! Aborting CBS - could not obtain an initial solution for the following agents: Agent3(33->23)
 00:00:57 | WARNING! Aborting CBS - could not obtain an initial solution for the following agents: Agent3(33->23)
 00:01:00 | 00:05:44 | 0.01:11:09 |  14.82%  |   833   |   1197   | 80%  |  44641   |   0    | 179.90MB  
 00:01:01 | WARNING! Aborting CBS - could not obtain an initial solution for the following agents: Agent0(24->23)
 00:01:01 | WARNING! Aborting CBS - could not obtain an initial solution for the following agents: Agent4(72->71)
 00:01:01 | WARNING! Aborting CBS - could not obtain an initial solution for the following agents: Agent4(72->71)
 00:01:04 | WARNING! Aborting CBS - could not obtain an initial solution for the following agents: Agent22(124->123)
 00:01:04 | WARNING! Aborting CBS - could not obtain an initial solution for the following agents: Agent22(124->123)
 00:01:04 | WARNING! Aborting CBS - could not obtain an initial solution for the following agents: Agent22(124->123)
 00:01:04 | WARNING! Aborting CBS - could not obtain an initial solution for the following agents: Agent11(52->42)
 00:01:04 | WARNING! Aborting CBS - could not obtain an initial solution for the following agents: Agent11(52->42)
 00:01:04 | WARNING! Aborting CBS - could not obtain an initial solution for the following agents: Agent11(52->42)
 00:01:04 | WARNING! Aborting CBS - could not obtain an initial solution for the following agents: Agent11(52->42)
 00:01:04 | WARNING! Aborting CBS - could not obtain an initial solution for the following agents: Agent11(52->43)
 00:01:04 | WARNING! Aborting CBS - could not obtain an initial solution for the following agents: Agent11(52->43)
 00:01:04 | WARNING! Aborting CBS - could not obtain an initial solution for the following agents: Agent11(52->43)
 00:01:04 | WARNING! Aborting CBS - could not obtain an initial solution for the following agents: Agent11(52->43)
 00:01:04 | WARNING! Aborting CBS - could not obtain an initial solution for the following agents: Agent11(52->48)
 00:01:05 | 00:05:44 | 0.01:16:09 |  15.87%  |   889   |   1268   | 81%  |  48064   |   0    | 214.28MB  
 00:01:05 | WARNING! Aborting CBS - could not obtain an initial solution for the following agents: Agent15(144->143)
 00:01:05 | WARNING! Aborting CBS - could not obtain an initial solution for the following agents: Agent15(144->143)
 00:01:05 | WARNING! Aborting CBS - could not obtain an initial solution for the following agents: Agent15(144->143)
 00:01:05 | WARNING! Aborting CBS - could not obtain an initial solution for the following agents: Agent15(144->143)
 00:01:06 | WARNING! Aborting CBS - could not obtain an initial solution for the following agents: Agent13(52->51)
 00:01:07 | WARNING! Aborting CBS - could not obtain an initial solution for the following agents: Agent17(74->73)
 00:01:07 | WARNING! Aborting CBS - could not obtain an initial solution for the following agents: Agent17(74->73)
 00:01:07 | WARNING! Aborting CBS - could not obtain an initial solution for the following agents: Agent17(74->73)
 00:01:08 | WARNING! Aborting CBS - could not obtain an initial solution for the following agents: Agent11(54->53)
 00:01:08 | WARNING! Aborting CBS - could not obtain an initial solution for the following agents: Agent11(54->53)
 00:01:08 | WARNING! Aborting CBS - could not obtain an initial solution for the following agents: Agent11(54->53)
 00:01:08 | WARNING! Aborting CBS - could not obtain an initial solution for the following agents: Agent11(54->53)
 00:01:08 | WARNING! Aborting CBS - could not obtain an initial solution for the following agents: Agent11(54->53)
 00:01:08 | WARNING! Aborting CBS - could not obtain an initial solution for the following agents: Agent11(54->53)
 00:01:08 | WARNING! Aborting CBS - could not obtain an initial solution for the following agents: Agent11(54->53)
 00:01:08 | WARNING! Aborting CBS - could not obtain an initial solution for the following agents: Agent11(54->53)
 00:01:08 | WARNING! Aborting CBS - could not obtain an initial solution for the following agents: Agent20(154->153)
 00:01:08 | WARNING! Aborting CBS - could not obtain an initial solution for the following agents: Agent20(154->153)
 00:01:08 | WARNING! Aborting CBS - could not obtain an initial solution for the following agents: Agent20(154->153)
 00:01:08 | WARNING! Aborting CBS - could not obtain an initial solution for the following agents: Agent20(154->153)
 00:01:08 | WARNING! Aborting CBS - could not obtain an initial solution for the following agents: Agent20(154->153)
 00:01:08 | WARNING! Aborting CBS - could not obtain an initial solution for the following agents: Agent0(32->31),Agent20(154->153)
 00:01:08 | WARNING! Aborting CBS - could not obtain an initial solution for the following agents: Agent0(32->31)
 00:01:08 | WARNING! Aborting CBS - could not obtain an initial solution for the following agents: Agent0(32->31)
 00:01:09 | WARNING! Aborting CBS - could not obtain an initial solution for the following agents: Agent8(12->11)
 00:01:09 | WARNING! Aborting CBS - could not obtain an initial solution for the following agents: Agent8(12->11)
 00:01:09 | WARNING! Aborting CBS - could not obtain an initial solution for the following agents: Agent8(12->11)
 00:01:10 | 00:05:27 | 0.01:24:33 |  17.62%  |   981   |   1390   | 82%  |  53869   |   0    | 210.13MB  
 00:01:10 | WARNING! Aborting CBS - could not obtain an initial solution for the following agents: Agent4(72->71)
 00:01:10 | WARNING! Aborting CBS - could not obtain an initial solution for the following agents: Agent4(72->71)
 00:01:10 | WARNING! Aborting CBS - could not obtain an initial solution for the following agents: Agent4(72->71)
 00:01:11 | WARNING! Aborting CBS - could not obtain an initial solution for the following agents: Agent11(54->53)
 00:01:11 | WARNING! Aborting CBS - could not obtain an initial solution for the following agents: Agent11(54->53)
 00:01:11 | WARNING! Aborting CBS - could not obtain an initial solution for the following agents: Agent11(54->53)
 00:01:11 | WARNING! Aborting CBS - could not obtain an initial solution for the following agents: Agent11(54->53)
 00:01:11 | WARNING! Aborting CBS - could not obtain an initial solution for the following agents: Agent11(54->53)
 00:01:11 | WARNING! Aborting CBS - could not obtain an initial solution for the following agents: Agent0(32->31)
 00:01:12 | WARNING! Aborting CBS - could not obtain an initial solution for the following agents: Agent5(12->11)
 00:01:12 | WARNING! Aborting CBS - could not obtain an initial solution for the following agents: Agent5(12->11)
 00:01:12 | WARNING! Aborting CBS - could not obtain an initial solution for the following agents: Agent5(12->11)
 00:01:13 | Pausing bundle generation due to inventory+reserved+backlog level (currently at: 0.8501324080790225)
 00:01:14 | WARNING! Aborting CBS - could not obtain an initial solution for the following agents: Agent11(53->52)
 00:01:14 | WARNING! Aborting CBS - could not obtain an initial solution for the following agents: Agent11(53->43)
 00:01:14 | WARNING! Aborting CBS - could not obtain an initial solution for the following agents: Agent11(53->43)
 00:01:14 | WARNING! Aborting CBS - could not obtain an initial solution for the following agents: Agent11(53->43)
 00:01:14 | WARNING! Aborting CBS - could not obtain an initial solution for the following agents: Agent11(53->43)
 00:01:14 | WARNING! Aborting CBS - could not obtain an initial solution for the following agents: Agent11(53->43)
 00:01:14 | WARNING! Aborting CBS - could not obtain an initial solution for the following agents: Agent11(53->44)
 00:01:15 | 00:05:21 | 0.01:30:45 |  18.91%  |  1046   |   1470   | 82%  |  58024   |   0    | 213.59MB  
 00:01:15 | WARNING! Aborting CBS - could not obtain an initial solution for the following agents: Agent15(154->153)
 00:01:15 | WARNING! Aborting CBS - could not obtain an initial solution for the following agents: Agent15(154->153)
 00:01:15 | WARNING! Aborting CBS - could not obtain an initial solution for the following agents: Agent15(154->153)
 00:01:15 | WARNING! Aborting CBS - could not obtain an initial solution for the following agents: Agent15(154->153)
 00:01:15 | WARNING! Aborting CBS - could not obtain an initial solution for the following agents: Agent15(154->153)
 00:01:16 | WARNING! Aborting CBS - could not obtain an initial solution for the following agents: Agent11(52->51)
 00:01:16 | WARNING! Aborting CBS - could not obtain an initial solution for the following agents: Agent11(52->51)
 00:01:16 | WARNING! Aborting CBS - could not obtain an initial solution for the following agents: Agent11(52->51)
 00:01:16 | WARNING! Aborting CBS - could not obtain an initial solution for the following agents: Agent4(73->72)
 00:01:16 | WARNING! Aborting CBS - could not obtain an initial solution for the following agents: Agent4(73->72)
 00:01:16 | WARNING! Aborting CBS - could not obtain an initial solution for the following agents: Agent4(73->72)
 00:01:20 | 00:05:12 | 0.01:37:53 |  20.39%  |  1128   |   1564   | 83%  |  62785   |   0    | 258.05MB  
 00:01:20 | WARNING! Aborting CBS - could not obtain an initial solution for the following agents: Agent11(52->51)
 00:01:22 | WARNING! Aborting CBS - could not obtain an initial solution for the following agents: Agent19(22->21)
 00:01:25 | 00:05:03 | 0.01:44:53 |  21.85%  |  1207   |   1651   | 84%  |  67695   |   0    | 241.09MB  
 00:01:28 | WARNING! Aborting CBS - could not obtain an initial solution for the following agents: Agent9(154->153)
 00:01:28 | WARNING! Aborting CBS - could not obtain an initial solution for the following agents: Agent9(154->153)
 00:01:29 | WARNING! Aborting CBS - could not obtain an initial solution for the following agents: Agent8(12->11)
 00:01:29 | WARNING! Aborting CBS - could not obtain an initial solution for the following agents: Agent5(12->11)
 00:01:29 | WARNING! Aborting CBS - could not obtain an initial solution for the following agents: Agent5(12->11)
 00:01:29 | WARNING! Aborting CBS - could not obtain an initial solution for the following agents: Agent5(12->11)
 00:01:29 | WARNING! Aborting CBS - could not obtain an initial solution for the following agents: Agent5(12->11)
 00:01:30 | 00:04:53 | 0.01:52:41 |  23.48%  |  1294   |   1726   | 84%  |  73241   |   0    | 197.05MB  
 00:01:30 | WARNING! Aborting CBS - could not obtain an initial solution for the following agents: Agent22(52->51)
 00:01:30 | WARNING! Aborting CBS - could not obtain an initial solution for the following agents: Agent22(52->51)
 00:01:30 | WARNING! Aborting CBS - could not obtain an initial solution for the following agents: Agent10(12->11)
 00:01:30 | WARNING! Aborting CBS - could not obtain an initial solution for the following agents: Agent10(12->11)
 00:01:30 | WARNING! Aborting CBS - could not obtain an initial solution for the following agents: Agent10(12->11)
 00:01:30 | WARNING! Aborting CBS - could not obtain an initial solution for the following agents: Agent10(12->11)
 00:01:31 | WARNING! Aborting CBS - could not obtain an initial solution for the following agents: Agent3(31->30)
 00:01:32 | WARNING! Aborting CBS - could not obtain an initial solution for the following agents: Agent23(13->12)
 00:01:32 | WARNING! Aborting CBS - could not obtain an initial solution for the following agents: Agent23(13->12)
 00:01:32 | WARNING! Aborting CBS - could not obtain an initial solution for the following agents: Agent23(13->12)
 00:01:32 | WARNING! Aborting CBS - could not obtain an initial solution for the following agents: Agent23(13->12)
 00:01:35 | 00:04:52 | 0.01:57:35 |  24.50%  |  1353   |   1726   | 84%  |  75955   |   0    | 189.46MB  
 00:01:39 | WARNING! Aborting CBS - could not obtain an initial solution for the following agents: Agent7(53->52)
 00:01:39 | WARNING! Aborting CBS - could not obtain an initial solution for the following agents: Agent7(53->52)
 00:01:39 | WARNING! Aborting CBS - could not obtain an initial solution for the following agents: Agent7(53->52)
 00:01:40 | 00:04:58 | 0.02:00:36 |  25.13%  |  1393   |   1726   | 84%  |  77595   |   0    | 193.52MB  
 00:01:41 | WARNING! Aborting CBS - could not obtain an initial solution for the following agents: Agent15(32->31)
 00:01:41 | WARNING! Aborting CBS - could not obtain an initial solution for the following agents: Agent15(32->31)
 00:01:41 | WARNING! Aborting CBS - could not obtain an initial solution for the following agents: Agent15(32->31)
 00:01:42 | WARNING! Aborting CBS - could not obtain an initial solution for the following agents: Agent16(12->11)
 00:01:42 | WARNING! Aborting CBS - could not obtain an initial solution for the following agents: Agent16(12->11)
 00:01:44 | WARNING! Aborting CBS - could not obtain an initial solution for the following agents: Agent21(72->71)
 00:01:44 | WARNING! Aborting CBS - could not obtain an initial solution for the following agents: Agent21(72->71)
 00:01:44 | WARNING! Aborting CBS - could not obtain an initial solution for the following agents: Agent21(72->71)
 00:01:45 | 00:04:42 | 0.02:10:00 |  27.08%  |  1517   |   1726   | 84%  |  82662   |   0    | 212.07MB  
 00:01:45 | WARNING! Aborting CBS - could not obtain an initial solution for the following agents: Agent5(13->11)
 00:01:45 | WARNING! Aborting CBS - could not obtain an initial solution for the following agents: Agent8(12->11)
 00:01:45 | WARNING! Aborting CBS - could not obtain an initial solution for the following agents: Agent14(54->43),Agent20(53->42)
 00:01:45 | WARNING! Aborting CBS - could not obtain an initial solution for the following agents: Agent14(54->43),Agent20(53->42)
 00:01:45 | WARNING! Aborting CBS - could not obtain an initial solution for the following agents: Agent14(54->43),Agent20(53->42)
 00:01:45 | WARNING! Aborting CBS - could not obtain an initial solution for the following agents: Agent14(54->43),Agent20(53->42)
 00:01:45 | WARNING! Aborting CBS - could not obtain an initial solution for the following agents: Agent14(54->43),Agent20(53->42)
 00:01:45 | WARNING! Aborting CBS - could not obtain an initial solution for the following agents: Agent20(53->43)
 00:01:45 | WARNING! Aborting CBS - could not obtain an initial solution for the following agents: Agent20(53->43)
 00:01:45 | WARNING! Aborting CBS - could not obtain an initial solution for the following agents: Agent20(53->43)
 00:01:45 | WARNING! Aborting CBS - could not obtain an initial solution for the following agents: Agent20(53->43)
 00:01:46 | WARNING! Aborting CBS - could not obtain an initial solution for the following agents: Agent9(12->11)
 00:01:46 | WARNING! Aborting CBS - could not obtain an initial solution for the following agents: Agent9(12->11)
 00:01:46 | WARNING! Aborting CBS - could not obtain an initial solution for the following agents: Agent0(32->31)
 00:01:48 | WARNING! Aborting CBS - could not obtain an initial solution for the following agents: Agent5(12->11)
 00:01:48 | WARNING! Aborting CBS - could not obtain an initial solution for the following agents: Agent5(12->11)
 00:01:49 | WARNING! Aborting CBS - could not obtain an initial solution for the following agents: Agent21(71->70)
 00:01:50 | 00:04:31 | 0.02:18:21 |  28.83%  |  1622   |   1726   | 84%  |  87296   |   0    | 216.24MB  
 00:01:50 | WARNING! Aborting CBS - could not obtain an initial solution for the following agents: Agent0(32->31)
 00:01:50 | WARNING! Aborting CBS - could not obtain an initial solution for the following agents: Agent0(32->31)
 00:01:50 | WARNING! Aborting CBS - could not obtain an initial solution for the following agents: Agent15(31->30)
 00:01:50 | WARNING! Aborting CBS - could not obtain an initial solution for the following agents: Agent5(11->3)
 00:01:50 | WARNING! Aborting CBS - could not obtain an initial solution for the following agents: Agent5(11->3)
 00:01:50 | WARNING! Aborting CBS - could not obtain an initial solution for the following agents: Agent5(11->8)
 00:01:50 | WARNING! Aborting CBS - could not obtain an initial solution for the following agents: Agent5(11->8)
 00:01:55 | 00:04:29 | 0.02:23:28 |  29.89%  |  1684   |   1726   | 84%  |  90194   |   0    | 218.64MB  
 00:01:56 | WARNING! Aborting CBS - could not obtain an initial solution for the following agents: Agent1(32->31)
 00:01:57 | WARNING! Aborting CBS - could not obtain an initial solution for the following agents: Agent9(12->2)
 00:01:57 | WARNING! Aborting CBS - could not obtain an initial solution for the following agents: Agent9(12->3)
 00:01:57 | WARNING! Aborting CBS - could not obtain an initial solution for the following agents: Agent9(12->3)
 00:01:57 | WARNING! Aborting CBS - could not obtain an initial solution for the following agents: Agent14(52->51)
 00:01:57 | WARNING! Aborting CBS - could not obtain an initial solution for the following agents: Agent14(52->51)
 00:01:57 | WARNING! Aborting CBS - could not obtain an initial solution for the following agents: Agent14(52->51)
 00:01:57 | WARNING! Aborting CBS - could not obtain an initial solution for the following agents: Agent17(73->72)
 00:01:57 | WARNING! Aborting CBS - could not obtain an initial solution for the following agents: Agent17(73->72)
 00:01:57 | WARNING! Aborting CBS - could not obtain an initial solution for the following agents: Agent17(73->72)
 00:01:57 | WARNING! Aborting CBS - could not obtain an initial solution for the following agents: Agent17(73->72)
 00:02:00 | 00:04:25 | 0.02:29:37 |  31.17%  |  1759   |   1726   | 84%  |  93585   |   0    | 225.89MB  
 00:02:02 | WARNING! Aborting CBS - could not obtain an initial solution for the following agents: Agent23(12->11)
 00:02:02 | WARNING! Aborting CBS - could not obtain an initial solution for the following agents: Agent23(12->11)
 00:02:02 | WARNING! Aborting CBS - could not obtain an initial solution for the following agents: Agent23(12->11)
 00:02:02 | WARNING! Aborting CBS - could not obtain an initial solution for the following agents: Agent23(12->11)
 00:02:05 | 00:04:24 | 0.02:33:59 |  32.08%  |  1813   |   1726   | 83%  |  96199   |   0    | 234.20MB  
 00:02:05 | WARNING! Aborting CBS - could not obtain an initial solution for the following agents: Agent16(12->11)
 00:02:05 | WARNING! Aborting CBS - could not obtain an initial solution for the following agents: Agent16(12->11)
 00:02:05 | WARNING! Aborting CBS - could not obtain an initial solution for the following agents: Agent16(12->11)
 00:02:06 | WARNING! Aborting CBS - could not obtain an initial solution for the following agents: Agent25(72->71)
 00:02:06 | WARNING! Aborting CBS - could not obtain an initial solution for the following agents: Agent25(72->71)
 00:02:06 | WARNING! Aborting CBS - could not obtain an initial solution for the following agents: Agent25(72->71)
 00:02:06 | WARNING! Aborting CBS - could not obtain an initial solution for the following agents: Agent23(2->1)
 00:02:09 | WARNING! Aborting CBS - could not obtain an initial solution for the following agents: Agent19(24->23)
 00:02:09 | WARNING! Aborting CBS - could not obtain an initial solution for the following agents: Agent19(24->23)
 00:02:09 | WARNING! Aborting CBS - could not obtain an initial solution for the following agents: Agent19(24->22)
 00:02:09 | WARNING! Aborting CBS - could not obtain an initial solution for the following agents: Agent19(24->22)
 00:02:09 | WARNING! Aborting CBS - could not obtain an initial solution for the following agents: Agent19(24->23)
 00:02:10 | 00:04:16 | 0.02:41:35 |  33.66%  |  1908   |   1726   | 83%  |  100491  |   0    | 236.28MB  
 00:02:13 | WARNING! Aborting CBS - could not obtain an initial solution for the following agents: Agent11(52->51)
 00:02:13 | WARNING! Aborting CBS - could not obtain an initial solution for the following agents: Agent11(52->51)
 00:02:13 | WARNING! Aborting CBS - could not obtain an initial solution for the following agents: Agent11(52->51)
 00:02:13 | WARNING! Aborting CBS - could not obtain an initial solution for the following agents: Agent21(72->71),Agent24(12->11)
 00:02:13 | WARNING! Aborting CBS - could not obtain an initial solution for the following agents: Agent24(12->11)
 00:02:15 | 00:04:17 | 0.02:45:11 |  34.42%  |  1949   |   1726   | 83%  |  102630  |   0    | 249.70MB  
 00:02:15 | WARNING! Aborting CBS - could not obtain an initial solution for the following agents: Agent14(50->49)
 00:02:16 | WARNING! Aborting CBS - could not obtain an initial solution for the following agents: Agent2(23->22)
 00:02:20 | 00:04:16 | 0.02:49:27 |  35.30%  |  2001   |   1726   | 83%  |  104926  |   0    | 220.89MB  
 00:02:21 | WARNING! Aborting CBS - could not obtain an initial solution for the following agents: Agent15(34->33)
 00:02:21 | WARNING! Aborting CBS - could not obtain an initial solution for the following agents: Agent15(34->33)
 00:02:21 | WARNING! Aborting CBS - could not obtain an initial solution for the following agents: Agent15(34->33)
 00:02:21 | WARNING! Aborting CBS - could not obtain an initial solution for the following agents: Agent15(34->33)
 00:02:21 | WARNING! Aborting CBS - could not obtain an initial solution for the following agents: Agent15(34->33)
 00:02:21 | WARNING! Aborting CBS - could not obtain an initial solution for the following agents: Agent15(34->33)
 00:02:25 | 00:04:18 | 0.02:52:40 |  35.97%  |  2039   |   1726   | 83%  |  106937  |   0    | 200.17MB  
 00:02:28 | WARNING! Aborting CBS - could not obtain an initial solution for the following agents: Agent9(14->13)
 00:02:28 | WARNING! Aborting CBS - could not obtain an initial solution for the following agents: Agent9(14->13)
 00:02:28 | WARNING! Aborting CBS - could not obtain an initial solution for the following agents: Agent9(14->13)
 00:02:29 | WARNING! Aborting CBS - could not obtain an initial solution for the following agents: Agent9(14->13)
 00:02:29 | WARNING! Aborting CBS - could not obtain an initial solution for the following agents: Agent9(14->13)
 00:02:30 | 00:04:21 | 0.02:54:58 |  36.45%  |  2064   |   1726   | 83%  |  108445  |   0    | 233.02MB  
 00:02:34 | WARNING! Aborting CBS - could not obtain an initial solution for the following agents: Agent20(52->51)
 00:02:34 | WARNING! Aborting CBS - could not obtain an initial solution for the following agents: Agent20(52->51)
 00:02:34 | WARNING! Aborting CBS - could not obtain an initial solution for the following agents: Agent20(52->51)
 00:02:34 | WARNING! Aborting CBS - could not obtain an initial solution for the following agents: Agent20(52->51)
 00:02:35 | 00:04:20 | 0.02:59:00 |  37.29%  |  2120   |   1726   | 83%  |  110678  |   0    | 236.34MB  
 00:02:35 | WARNING! Aborting CBS - could not obtain an initial solution for the following agents: Agent16(14->3)
 00:02:35 | WARNING! Aborting CBS - could not obtain an initial solution for the following agents: Agent16(14->3)
 00:02:36 | WARNING! Aborting CBS - could not obtain an initial solution for the following agents: Agent7(43->42)
 00:02:36 | WARNING! Aborting CBS - could not obtain an initial solution for the following agents: Agent7(43->42)
 00:02:36 | WARNING! Aborting CBS - could not obtain an initial solution for the following agents: Agent7(43->42)
 00:02:36 | WARNING! Aborting CBS - could not obtain an initial solution for the following agents: Agent23(12->3)
 00:02:36 | WARNING! Aborting CBS - could not obtain an initial solution for the following agents: Agent23(12->2)
 00:02:36 | WARNING! Aborting CBS - could not obtain an initial solution for the following agents: Agent23(12->2)
 00:02:36 | WARNING! Aborting CBS - could not obtain an initial solution for the following agents: Agent23(12->3)
 00:02:36 | WARNING! Aborting CBS - could not obtain an initial solution for the following agents: Agent23(12->3)
 00:02:36 | WARNING! Aborting CBS - could not obtain an initial solution for the following agents: Agent23(12->3)
 00:02:36 | WARNING! Aborting CBS - could not obtain an initial solution for the following agents: Agent23(12->4)
 00:02:36 | WARNING! Aborting CBS - could not obtain an initial solution for the following agents: Agent23(12->8)
 00:02:38 | WARNING! Aborting CBS - could not obtain an initial solution for the following agents: Agent25(73->72)
 00:02:38 | WARNING! Aborting CBS - could not obtain an initial solution for the following agents: Agent25(73->72)
 00:02:38 | WARNING! Aborting CBS - could not obtain an initial solution for the following agents: Agent25(73->72)
 00:02:38 | WARNING! Aborting CBS - could not obtain an initial solution for the following agents: Agent25(73->72)
 00:02:39 | WARNING! Aborting CBS - could not obtain an initial solution for the following agents: Agent7(52->51)
 00:02:39 | WARNING! Aborting CBS - could not obtain an initial solution for the following agents: Agent7(52->51)
 00:02:39 | WARNING! Aborting CBS - could not obtain an initial solution for the following agents: Agent7(52->51)
 00:02:39 | WARNING! Aborting CBS - could not obtain an initial solution for the following agents: Agent11(51->50)
 00:02:39 | WARNING! Aborting CBS - could not obtain an initial solution for the following agents: Agent20(51->50)
 00:02:40 | 00:04:10 | 0.03:07:05 |  38.98%  |  2214   |   1726   | 83%  |  115250  |   0    | 239.73MB  
 00:02:45 | 00:04:16 | 0.03:07:58 |  39.16%  |  2228   |   1726   | 83%  |  115852  |   0    | 191.52MB  
 00:02:49 | WARNING! Aborting CBS - could not obtain an initial solution for the following agents: Agent3(32->31)
 00:02:50 | 00:04:19 | 0.03:09:53 |  39.56%  |  2243   |   1726   | 83%  |  117095  |   0    | 248.21MB  
 00:02:50 | WARNING! Aborting CBS - could not obtain an initial solution for the following agents: Agent24(12->2)
 00:02:50 | WARNING! Aborting CBS - could not obtain an initial solution for the following agents: Agent24(12->2)
 00:02:50 | WARNING! Aborting CBS - could not obtain an initial solution for the following agents: Agent24(12->2)
 00:02:50 | WARNING! Aborting CBS - could not obtain an initial solution for the following agents: Agent24(12->3)
 00:02:50 | WARNING! Aborting CBS - could not obtain an initial solution for the following agents: Agent24(12->3)
 00:02:50 | WARNING! Aborting CBS - could not obtain an initial solution for the following agents: Agent24(12->3)
 00:02:50 | WARNING! Aborting CBS - could not obtain an initial solution for the following agents: Agent24(12->4)
 00:02:50 | WARNING! Aborting CBS - could not obtain an initial solution for the following agents: Agent24(12->8)
 00:02:51 | WARNING! Aborting CBS - could not obtain an initial solution for the following agents: Agent17(61->60)
 00:02:51 | WARNING! Aborting CBS - could not obtain an initial solution for the following agents: Agent25(63->60)
 00:02:51 | WARNING! Aborting CBS - could not obtain an initial solution for the following agents: Agent25(63->60)
 00:02:51 | WARNING! Aborting CBS - could not obtain an initial solution for the following agents: Agent25(63->60)
 00:02:51 | WARNING! Aborting CBS - could not obtain an initial solution for the following agents: Agent25(63->62)
 00:02:51 | WARNING! Aborting CBS - could not obtain an initial solution for the following agents: Agent25(63->62)
 00:02:51 | WARNING! Aborting CBS - could not obtain an initial solution for the following agents: Agent25(63->62)
 00:02:52 | WARNING! Aborting CBS - could not obtain an initial solution for the following agents: Agent0(22->21)
 00:02:52 | WARNING! Aborting CBS - could not obtain an initial solution for the following agents: Agent0(22->21)
 00:02:55 | 00:04:10 | 0.03:17:14 |  41.09%  |  2334   |   1726   | 82%  |  121467  |   0    | 224.00MB  
 00:02:58 | WARNING! Aborting CBS - could not obtain an initial solution for the following agents: Agent3(32->21)
 00:02:58 | WARNING! Aborting CBS - could not obtain an initial solution for the following agents: Agent3(32->22)
 00:02:58 | WARNING! Aborting CBS - could not obtain an initial solution for the following agents: Agent3(32->23)
 00:02:58 | WARNING! Aborting CBS - could not obtain an initial solution for the following agents: Agent3(32->23)
 00:02:58 | WARNING! Aborting CBS - could not obtain an initial solution for the following agents: Agent3(32->23)
 00:02:58 | WARNING! Aborting CBS - could not obtain an initial solution for the following agents: Agent3(32->28)
 00:02:58 | WARNING! Aborting CBS - could not obtain an initial solution for the following agents: Agent3(32->27)
 00:02:58 | WARNING! Aborting CBS - could not obtain an initial solution for the following agents: Agent3(32->27)
 00:03:00 | 00:04:14 | 0.03:19:04 |  41.47%  |  2353   |   1726   | 82%  |  122649  |   0    | 233.12MB  
 00:03:05 | 00:04:20 | 0.03:19:19 |  41.53%  |  2357   |   1726   | 82%  |  122803  |   0    | 263.20MB  
 00:03:10 | 00:04:27 | 0.03:19:27 |  41.55%  |  2358   |   1726   | 82%  |  122870  |   0    | 236.07MB  
 00:03:15 | 00:04:32 | 0.03:20:01 |  41.67%  |  2362   |   1726   | 82%  |  123239  |   0    | 229.17MB  
 00:03:17 | WARNING! Aborting CBS - could not obtain an initial solution for the following agents: Agent12(73->63),Agent18(32->22)
 00:03:17 | WARNING! Aborting CBS - could not obtain an initial solution for the following agents: Agent12(73->63),Agent18(32->23)
 00:03:18 | WARNING! Aborting CBS - could not obtain an initial solution for the following agents: Agent14(52->51)
 00:03:18 | WARNING! Aborting CBS - could not obtain an initial solution for the following agents: Agent14(52->51)
 00:03:19 | WARNING! Aborting CBS - could not obtain an initial solution for the following agents: Agent0(32->31)
 00:03:19 | WARNING! Aborting CBS - could not obtain an initial solution for the following agents: Agent0(32->31)
 00:03:19 | WARNING! Aborting CBS - could not obtain an initial solution for the following agents: Agent0(32->31)
 00:03:20 | 00:04:32 | 0.03:23:18 |  42.36%  |  2400   |   1726   | 82%  |  125171  |   0    | 237.06MB  
 00:03:25 | 00:04:37 | 0.03:24:03 |  42.51%  |  2407   |   1726   | 82%  |  125663  |   0    | 247.17MB  
 00:03:30 | 00:04:43 | 0.03:24:25 |  42.59%  |  2409   |   1726   | 82%  |  125882  |   0    | 212.74MB  
 00:03:30 | WARNING! Aborting CBS - could not obtain an initial solution for the following agents: Agent22(52->51)
 00:03:30 | WARNING! Aborting CBS - could not obtain an initial solution for the following agents: Agent22(52->51)
 00:03:30 | WARNING! Aborting CBS - could not obtain an initial solution for the following agents: Agent22(52->51)
 00:03:30 | WARNING! Aborting CBS - could not obtain an initial solution for the following agents: Agent22(52->51)
 00:03:31 | WARNING! Aborting CBS - could not obtain an initial solution for the following agents: Agent9(13->12)
 00:03:31 | WARNING! Aborting CBS - could not obtain an initial solution for the following agents: Agent9(13->12)
 00:03:31 | WARNING! Aborting CBS - could not obtain an initial solution for the following agents: Agent8(12->11)
 00:03:31 | WARNING! Aborting CBS - could not obtain an initial solution for the following agents: Agent8(12->11)
 00:03:31 | WARNING! Aborting CBS - could not obtain an initial solution for the following agents: Agent8(12->11)
 00:03:31 | WARNING! Aborting CBS - could not obtain an initial solution for the following agents: Agent8(12->11)
 00:03:32 | WARNING! Aborting CBS - could not obtain an initial solution for the following agents: Agent18(32->31)
 00:03:33 | WARNING! Aborting CBS - could not obtain an initial solution for the following agents: Agent23(12->11)
 00:03:33 | WARNING! Aborting CBS - could not obtain an initial solution for the following agents: Agent23(12->11)
 00:03:33 | WARNING! Aborting CBS - could not obtain an initial solution for the following agents: Agent23(12->11)
 00:03:33 | WARNING! Aborting CBS - could not obtain an initial solution for the following agents: Agent23(12->11)
 00:03:34 | WARNING! Aborting CBS - could not obtain an initial solution for the following agents: Agent9(12->11)
 00:03:34 | WARNING! Aborting CBS - could not obtain an initial solution for the following agents: Agent9(12->11)
 00:03:34 | WARNING! Aborting CBS - could not obtain an initial solution for the following agents: Agent9(12->11)
 00:03:34 | WARNING! Aborting CBS - could not obtain an initial solution for the following agents: Agent9(12->11)
 00:03:35 | 00:04:26 | 0.03:34:07 |  44.61%  |  2536   |   1726   | 82%  |  131518  |   0    | 204.53MB  
 00:03:36 | WARNING! Aborting CBS - could not obtain an initial solution for the following agents: Agent15(23->22)
 00:03:36 | WARNING! Aborting CBS - could not obtain an initial solution for the following agents: Agent15(23->21)
 00:03:38 | WARNING! Aborting CBS - could not obtain an initial solution for the following agents: Agent7(52->51)
 00:03:38 | WARNING! Aborting CBS - could not obtain an initial solution for the following agents: Agent7(52->51)
 00:03:38 | WARNING! Aborting CBS - could not obtain an initial solution for the following agents: Agent16(12->11)
 00:03:38 | WARNING! Aborting CBS - could not obtain an initial solution for the following agents: Agent16(12->11)
 00:03:39 | WARNING! Aborting CBS - could not obtain an initial solution for the following agents: Agent19(32->31)
 00:03:39 | WARNING! Aborting CBS - could not obtain an initial solution for the following agents: Agent19(32->31)
 00:03:39 | WARNING! Aborting CBS - could not obtain an initial solution for the following agents: Agent19(32->31)
 00:03:39 | WARNING! Aborting CBS - could not obtain an initial solution for the following agents: Agent19(32->31)
 00:03:40 | 00:04:16 | 0.03:41:40 |  46.18%  |  2629   |   1726   | 82%  |  135735  |   0    | 203.06MB  
 00:03:40 | WARNING! Aborting CBS - could not obtain an initial solution for the following agents: Agent21(73->72)
 00:03:40 | WARNING! Aborting CBS - could not obtain an initial solution for the following agents: Agent21(73->72)
 00:03:40 | WARNING! Aborting CBS - could not obtain an initial solution for the following agents: Agent21(73->72)
 00:03:40 | WARNING! Aborting CBS - could not obtain an initial solution for the following agents: Agent21(73->72)
 00:03:40 | WARNING! Aborting CBS - could not obtain an initial solution for the following agents: Agent21(73->61)
 00:03:40 | WARNING! Aborting CBS - could not obtain an initial solution for the following agents: Agent21(73->62)
 00:03:40 | WARNING! Aborting CBS - could not obtain an initial solution for the following agents: Agent21(73->62)
 00:03:40 | WARNING! Aborting CBS - could not obtain an initial solution for the following agents: Agent21(73->62)
 00:03:45 | 00:04:15 | 0.03:44:33 |  46.78%  |  2667   |   1726   | 82%  |  137338  |   0    | 215.93MB  
 00:03:50 | 00:04:21 | 0.03:44:39 |  46.81%  |  2668   |   1726   | 82%  |  137410  |   0    | 243.16MB  
 00:03:55 | 00:04:26 | 0.03:44:48 |  46.83%  |  2670   |   1726   | 82%  |  137537  |   0    | 195.05MB  
 00:04:00 | 00:04:32 | 0.03:44:54 |  46.86%  |  2670   |   1726   | 82%  |  137628  |   0    | 205.09MB  
 00:04:05 | 00:04:37 | 0.03:45:01 |  46.88%  |  2671   |   1726   | 82%  |  137718  |   0    | 221.87MB  
 00:04:10 | 00:04:43 | 0.03:45:06 |  46.90%  |  2671   |   1726   | 82%  |  137783  |   0    | 233.48MB  
 00:04:14 | 00:04:48 | 0.03:45:12 |  46.92%  |  2672   |   1726   | 82%  |  137868  |   0    | 246.11MB  
 00:04:20 | 00:04:53 | 0.03:45:18 |  46.94%  |  2672   |   1726   | 82%  |  137932  |   0    | 259.25MB  
 00:04:22 | WARNING! Aborting CBS - could not obtain an initial solution for the following agents: Agent19(32->31),Agent23(12->11)
 00:04:22 | WARNING! Aborting CBS - could not obtain an initial solution for the following agents: Agent6(72->71)
 00:04:22 | WARNING! Aborting CBS - could not obtain an initial solution for the following agents: Agent6(72->71)
 00:04:22 | WARNING! Aborting CBS - could not obtain an initial solution for the following agents: Agent6(72->71)
 00:04:25 | 00:04:50 | 0.03:49:11 |  47.75%  |  2722   |   1726   | 82%  |  140473  |   0    | 270.99MB  
 00:04:30 | 00:04:55 | 0.03:49:22 |  47.79%  |  2724   |   1726   | 82%  |  140633  |   0    | 237.25MB  
 00:04:30 | WARNING! Aborting CBS - could not obtain an initial solution for the following agents: Agent21(72->63)
 00:04:30 | WARNING! Aborting CBS - could not obtain an initial solution for the following agents: Agent21(72->63)
 00:04:30 | WARNING! Aborting CBS - could not obtain an initial solution for the following agents: Agent21(72->68)
 00:04:30 | WARNING! Aborting CBS - could not obtain an initial solution for the following agents: Agent21(72->68)
 00:04:30 | WARNING! Aborting CBS - could not obtain an initial solution for the following agents: Agent21(72->68)
 00:04:30 | WARNING! Aborting CBS - could not obtain an initial solution for the following agents: Agent21(72->68)
 00:04:30 | WARNING! Aborting CBS - could not obtain an initial solution for the following agents: Agent21(72->68)
 00:04:30 | WARNING! Aborting CBS - could not obtain an initial solution for the following agents: Agent11(44->43)
 00:04:30 | WARNING! Aborting CBS - could not obtain an initial solution for the following agents: Agent11(44->43)
 00:04:34 | WARNING! Aborting CBS - could not obtain an initial solution for the following agents: Agent7(52->51)
 00:04:35 | 00:04:53 | 0.03:52:02 |  48.34%  |  2754   |   1726   | 82%  |  142198  |   0    | 233.25MB  
 00:04:40 | 00:04:58 | 0.03:52:21 |  48.41%  |  2757   |   1726   | 82%  |  142366  |   0    | 182.25MB  
 00:04:41 | WARNING! Aborting CBS - could not obtain an initial solution for the following agents: Agent10(2->1)
 00:04:41 | WARNING! Aborting CBS - could not obtain an initial solution for the following agents: Agent9(14->13)
 00:04:41 | WARNING! Aborting CBS - could not obtain an initial solution for the following agents: Agent9(14->3)
 00:04:41 | WARNING! Aborting CBS - could not obtain an initial solution for the following agents: Agent14(52->51)
 00:04:41 | WARNING! Aborting CBS - could not obtain an initial solution for the following agents: Agent14(52->51)
 00:04:41 | WARNING! Aborting CBS - could not obtain an initial solution for the following agents: Agent14(52->51)
 00:04:45 | 00:04:58 | 0.03:54:26 |  48.84%  |  2787   |   1726   | 81%  |  143623  |   0    | 194.45MB  
 00:04:47 | WARNING! Aborting CBS - could not obtain an initial solution for the following agents: Agent6(74->63)
 00:04:47 | WARNING! Aborting CBS - could not obtain an initial solution for the following agents: Agent6(74->63)
 00:04:47 | WARNING! Aborting CBS - could not obtain an initial solution for the following agents: Agent6(74->63)
 00:04:47 | WARNING! Aborting CBS - could not obtain an initial solution for the following agents: Agent6(74->63)
 00:04:47 | WARNING! Aborting CBS - could not obtain an initial solution for the following agents: Agent8(12->11)
 00:04:47 | WARNING! Aborting CBS - could not obtain an initial solution for the following agents: Agent8(12->11)
 00:04:47 | WARNING! Aborting CBS - could not obtain an initial solution for the following agents: Agent8(12->11)
 00:04:47 | WARNING! Aborting CBS - could not obtain an initial solution for the following agents: Agent8(12->11)
 00:04:47 | WARNING! Aborting CBS - could not obtain an initial solution for the following agents: Agent8(12->11)
 00:04:50 | 00:04:56 | 0.03:57:09 |  49.41%  |  2817   |   1726   | 81%  |  145218  |   0    | 248.54MB  
 00:04:52 | WARNING! Aborting CBS - could not obtain an initial solution for the following agents: Agent17(73->72)
 00:04:52 | WARNING! Aborting CBS - could not obtain an initial solution for the following agents: Agent17(73->72)
 00:04:52 | WARNING! Aborting CBS - could not obtain an initial solution for the following agents: Agent17(73->72)
 00:04:55 | 00:04:50 | 0.04:01:41 |  50.35%  |  2874   |   1726   | 81%  |  147940  |   0    | 218.54MB  
 00:05:00 | 00:04:54 | 0.04:02:03 |  50.43%  |  2877   |   1726   | 81%  |  148114  |   0    | 227.13MB  
 00:05:02 | WARNING! Aborting CBS - could not obtain an initial solution for the following agents: Agent0(1042->799),Agent2(33->32)
 00:05:02 | WARNING! Aborting CBS - could not obtain an initial solution for the following agents: Agent2(33->32)
 00:05:02 | WARNING! Aborting CBS - could not obtain an initial solution for the following agents: Agent2(33->32)
 00:05:02 | WARNING! Aborting CBS - could not obtain an initial solution for the following agents: Agent2(33->32)
 00:05:02 | WARNING! Aborting CBS - could not obtain an initial solution for the following agents: Agent18(32->31)
 00:05:02 | WARNING! Aborting CBS - could not obtain an initial solution for the following agents: Agent18(32->31)
 00:05:02 | WARNING! Aborting CBS - could not obtain an initial solution for the following agents: Agent18(32->31)
 00:05:05 | 00:04:53 | 0.04:04:46 |  50.99%  |  2906   |   1726   | 81%  |  149677  |   0    | 228.78MB  
 00:05:07 | WARNING! Aborting CBS - could not obtain an initial solution for the following agents: Agent24(12->11)
 00:05:07 | WARNING! Aborting CBS - could not obtain an initial solution for the following agents: Agent24(12->11)
 00:05:07 | WARNING! Aborting CBS - could not obtain an initial solution for the following agents: Agent24(12->11)
 00:05:08 | WARNING! Aborting CBS - could not obtain an initial solution for the following agents: Agent7(51->50)
 00:05:10 | 00:04:53 | 0.04:06:31 |  51.36%  |  2931   |   1726   | 81%  |  150854  |   0    | 236.58MB  
 00:05:11 | WARNING! Aborting CBS - could not obtain an initial solution for the following agents: Agent18(32->31)
 00:05:14 | 00:04:51 | 0.04:09:27 |  51.97%  |  2974   |   1726   | 81%  |  152442  |   0    | 245.21MB  
 00:05:16 | WARNING! Aborting CBS - could not obtain an initial solution for the following agents: Agent25(72->71)
 00:05:16 | WARNING! Aborting CBS - could not obtain an initial solution for the following agents: Agent25(72->71)
 00:05:16 | WARNING! Aborting CBS - could not obtain an initial solution for the following agents: Agent25(72->71)
 00:05:17 | WARNING! Aborting CBS - could not obtain an initial solution for the following agents: Agent5(14->13)
 00:05:17 | WARNING! Aborting CBS - could not obtain an initial solution for the following agents: Agent5(14->13)
 00:05:17 | WARNING! Aborting CBS - could not obtain an initial solution for the following agents: Agent5(14->13)
 00:05:17 | WARNING! Aborting CBS - could not obtain an initial solution for the following agents: Agent5(14->13)
 00:05:17 | WARNING! Aborting CBS - could not obtain an initial solution for the following agents: Agent5(14->13)
 00:05:17 | WARNING! Aborting CBS - could not obtain an initial solution for the following agents: Agent5(14->13)
 00:05:18 | WARNING! Aborting CBS - could not obtain an initial solution for the following agents: Agent16(12->11)
 00:05:18 | WARNING! Aborting CBS - could not obtain an initial solution for the following agents: Agent16(12->11)
 00:05:18 | WARNING! Aborting CBS - could not obtain an initial solution for the following agents: Agent4(72->71)
 00:05:18 | WARNING! Aborting CBS - could not obtain an initial solution for the following agents: Agent4(72->71)
 00:05:18 | WARNING! Aborting CBS - could not obtain an initial solution for the following agents: Agent4(72->71)
 00:05:18 | WARNING! Aborting CBS - could not obtain an initial solution for the following agents: Agent1(33->32)
 00:05:20 | 00:04:42 | 0.04:14:55 |  53.11%  |  3038   |   1726   | 81%  |  155834  |   0    | 311.01MB  
 00:05:21 | WARNING! Aborting CBS - could not obtain an initial solution for the following agents: Agent15(32->30)
 00:05:21 | WARNING! Aborting CBS - could not obtain an initial solution for the following agents: Agent15(32->30)
 00:05:21 | WARNING! Aborting CBS - could not obtain an initial solution for the following agents: Agent5(1->0)
 00:05:22 | WARNING! Aborting CBS - could not obtain an initial solution for the following agents: Agent16(12->11)
 00:05:22 | WARNING! Aborting CBS - could not obtain an initial solution for the following agents: Agent16(12->11)
 00:05:25 | 00:04:28 | 0.04:22:58 |  54.79%  |  3123   |   1726   | 81%  |  160629  |   0    | 212.50MB  
 00:05:29 | WARNING! Aborting CBS - could not obtain an initial solution for the following agents: Agent4(73->72)
 00:05:29 | WARNING! Aborting CBS - could not obtain an initial solution for the following agents: Agent4(73->72)
 00:05:29 | WARNING! Aborting CBS - could not obtain an initial solution for the following agents: Agent4(73->72)
 00:05:30 | 00:04:22 | 0.04:27:30 |  55.73%  |  3176   |   1726   | 81%  |  163390  |   0    | 201.92MB  
 00:05:33 | WARNING! Aborting CBS - could not obtain an initial solution for the following agents: Agent22(51->42)
 00:05:33 | WARNING! Aborting CBS - could not obtain an initial solution for the following agents: Agent22(51->42)
 00:05:33 | WARNING! Aborting CBS - could not obtain an initial solution for the following agents: Agent22(51->42)
 00:05:33 | WARNING! Aborting CBS - could not obtain an initial solution for the following agents: Agent22(51->42)
 00:05:33 | WARNING! Aborting CBS - could not obtain an initial solution for the following agents: Agent22(51->43)
 00:05:33 | WARNING! Aborting CBS - could not obtain an initial solution for the following agents: Agent22(51->43)
 00:05:33 | WARNING! Aborting CBS - could not obtain an initial solution for the following agents: Agent10(11->10),Agent22(51->43)
 00:05:33 | WARNING! Aborting CBS - could not obtain an initial solution for the following agents: Agent10(11->10),Agent22(51->43)
 00:05:33 | WARNING! Aborting CBS - could not obtain an initial solution for the following agents: Agent10(11->10),Agent22(51->48)
 00:05:34 | WARNING! Aborting CBS - could not obtain an initial solution for the following agents: Agent10(11->10)
 00:05:35 | 00:04:18 | 0.04:31:09 |  56.49%  |  3216   |   1726   | 81%  |  165689  |   0    | 207.00MB  
 00:05:40 | 00:04:21 | 0.04:31:20 |  56.53%  |  3218   |   1726   | 81%  |  165819  |   0    | 219.97MB  
 00:05:45 | 00:04:25 | 0.04:31:27 |  56.55%  |  3219   |   1726   | 81%  |  165885  |   0    | 243.95MB  
 00:05:50 | 00:04:28 | 0.04:31:33 |  56.58%  |  3221   |   1726   | 81%  |  165955  |   0    | 197.11MB  
 00:05:55 | 00:04:32 | 0.04:31:39 |  56.60%  |  3222   |   1726   | 81%  |  166010  |   0    | 219.18MB  
 00:05:59 | WARNING! Aborting CBS - could not obtain an initial solution for the following agents: Agent23(12->11)
 00:05:59 | WARNING! Aborting CBS - could not obtain an initial solution for the following agents: Agent23(12->10)
 00:05:59 | WARNING! Aborting CBS - could not obtain an initial solution for the following agents: Agent23(12->11)
 00:06:00 | 00:04:35 | 0.04:31:58 |  56.66%  |  3223   |   1726   | 81%  |  166218  |   0    | 227.14MB  
 00:06:00 | WARNING! Aborting CBS - could not obtain an initial solution for the following agents: Agent15(33->32)
 00:06:00 | WARNING! Aborting CBS - could not obtain an initial solution for the following agents: Agent15(33->32)
 00:06:00 | WARNING! Aborting CBS - could not obtain an initial solution for the following agents: Agent15(33->32)
 00:06:01 | WARNING! Aborting CBS - could not obtain an initial solution for the following agents: Agent20(52->51)
 00:06:01 | WARNING! Aborting CBS - could not obtain an initial solution for the following agents: Agent20(52->51)
 00:06:01 | WARNING! Aborting CBS - could not obtain an initial solution for the following agents: Agent20(52->51)
 00:06:03 | WARNING! Aborting CBS - could not obtain an initial solution for the following agents: Agent25(72->71)
 00:06:03 | WARNING! Aborting CBS - could not obtain an initial solution for the following agents: Agent25(72->71)
 00:06:03 | WARNING! Aborting CBS - could not obtain an initial solution for the following agents: Agent25(72->71)
 00:06:05 | 00:04:26 | 0.04:37:13 |  57.75%  |  3286   |   1726   | 80%  |  169324  |   0    | 229.47MB  
 00:06:07 | WARNING! Aborting CBS - could not obtain an initial solution for the following agents: Agent19(32->31)
 00:06:07 | WARNING! Aborting CBS - could not obtain an initial solution for the following agents: Agent19(32->31)
 00:06:07 | WARNING! Aborting CBS - could not obtain an initial solution for the following agents: Agent19(32->31)
 00:06:08 | WARNING! Aborting CBS - could not obtain an initial solution for the following agents: Agent21(74->73)
 00:06:08 | WARNING! Aborting CBS - could not obtain an initial solution for the following agents: Agent21(74->73)
 00:06:08 | WARNING! Aborting CBS - could not obtain an initial solution for the following agents: Agent21(74->73)
 00:06:09 | WARNING! Aborting CBS - could not obtain an initial solution for the following agents: Agent25(72->71)
 00:06:10 | 00:04:22 | 0.04:40:55 |  58.53%  |  3332   |   1726   | 80%  |  171419  |   0    | 238.41MB  
 00:06:15 | 00:04:25 | 0.04:41:14 |  58.59%  |  3336   |   1726   | 80%  |  171653  |   0    | 246.58MB  
 00:06:20 | 00:04:28 | 0.04:41:19 |  58.61%  |  3339   |   1726   | 80%  |  171717  |   0    | 260.13MB  
 00:06:25 | 00:04:31 | 0.04:41:27 |  58.64%  |  3341   |   1726   | 80%  |  171813  |   0    | 182.47MB  
 00:06:30 | 00:04:29 | 0.04:43:46 |  59.12%  |  3365   |   1726   | 80%  |  173032  |   0    | 200.50MB  
 00:06:35 | 00:04:30 | 0.04:45:02 |  59.38%  |  3374   |   1726   | 80%  |  173837  |   0    | 203.64MB  
 00:06:35 | WARNING! Aborting CBS - could not obtain an initial solution for the following agents: Agent21(72->71)
 00:06:35 | WARNING! Aborting CBS - could not obtain an initial solution for the following agents: Agent12(72->71)
 00:06:35 | WARNING! Aborting CBS - could not obtain an initial solution for the following agents: Agent12(72->71)
 00:06:36 | WARNING! Aborting CBS - could not obtain an initial solution for the following agents: Agent18(34->33)
 00:06:36 | WARNING! Aborting CBS - could not obtain an initial solution for the following agents: Agent18(34->33)
 00:06:36 | WARNING! Aborting CBS - could not obtain an initial solution for the following agents: Agent18(34->33)
 00:06:36 | WARNING! Aborting CBS - could not obtain an initial solution for the following agents: Agent18(34->33)
 00:06:36 | WARNING! Aborting CBS - could not obtain an initial solution for the following agents: Agent3(32->31)
 00:06:37 | WARNING! Aborting CBS - could not obtain an initial solution for the following agents: Agent0(33->23)
 00:06:37 | WARNING! Aborting CBS - could not obtain an initial solution for the following agents: Agent0(33->23)
 00:06:37 | WARNING! Aborting CBS - could not obtain an initial solution for the following agents: Agent18(31->30)
 00:06:40 | 00:04:13 | 0.04:53:44 |  61.20%  |  3477   |   1726   | 80%  |  178752  |   0    | 206.25MB  
 00:06:41 | WARNING! Aborting CBS - could not obtain an initial solution for the following agents: Agent23(12->11)
 00:06:41 | WARNING! Aborting CBS - could not obtain an initial solution for the following agents: Agent23(12->11)
 00:06:41 | WARNING! Aborting CBS - could not obtain an initial solution for the following agents: Agent23(12->11)
 00:06:41 | WARNING! Aborting CBS - could not obtain an initial solution for the following agents: Agent23(12->11)
 00:06:44 | WARNING! Aborting CBS - could not obtain an initial solution for the following agents: Agent6(64->63)
 00:06:44 | WARNING! Aborting CBS - could not obtain an initial solution for the following agents: Agent6(64->63)
 00:06:44 | WARNING! Aborting CBS - could not obtain an initial solution for the following agents: Agent6(64->63)
 00:06:45 | 00:04:08 | 0.04:57:32 |  61.99%  |  3517   |   1726   | 80%  |  181076  |   0    | 216.02MB  
 00:06:47 | WARNING! Aborting CBS - could not obtain an initial solution for the following agents: Agent20(53->52)
 00:06:47 | WARNING! Aborting CBS - could not obtain an initial solution for the following agents: Agent20(53->52)
 00:06:47 | WARNING! Aborting CBS - could not obtain an initial solution for the following agents: Agent20(53->52)
 00:06:50 | 00:04:04 | 0.05:00:47 |  62.66%  |  3558   |   1726   | 80%  |  182813  |   0    | 237.87MB  
 00:06:54 | WARNING! Aborting CBS - could not obtain an initial solution for the following agents: Agent13(52->51)
 00:06:54 | WARNING! Aborting CBS - could not obtain an initial solution for the following agents: Agent13(52->51)
 00:06:55 | 00:03:49 | 0.05:09:04 |  64.39%  |  3667   |   1726   | 80%  |  187042  |   0    | 351.61MB  
 00:06:59 | 00:03:47 | 0.05:11:17 |  64.85%  |  3696   |   1726   | 80%  |  188262  |   0    | 220.69MB  
 00:07:00 | WARNING! Aborting CBS - could not obtain an initial solution for the following agents: Agent5(4->2),Agent24(3->1)
 00:07:00 | WARNING! Aborting CBS - could not obtain an initial solution for the following agents: Agent5(4->2),Agent24(3->1)
 00:07:00 | WARNING! Aborting CBS - could not obtain an initial solution for the following agents: Agent5(4->3),Agent24(3->2)
 00:07:00 | WARNING! Aborting CBS - could not obtain an initial solution for the following agents: Agent5(4->3),Agent24(3->2)
 00:07:00 | WARNING! Aborting CBS - could not obtain an initial solution for the following agents: Agent5(4->3),Agent24(3->2)
 00:07:00 | WARNING! Aborting CBS - could not obtain an initial solution for the following agents: Agent17(72->71)
 00:07:00 | WARNING! Aborting CBS - could not obtain an initial solution for the following agents: Agent13(52->51)
 00:07:00 | WARNING! Aborting CBS - could not obtain an initial solution for the following agents: Agent13(52->51)
 00:07:00 | WARNING! Aborting CBS - could not obtain an initial solution for the following agents: Agent11(52->51)
 00:07:00 | WARNING! Aborting CBS - could not obtain an initial solution for the following agents: Agent11(52->51)
 00:07:04 | WARNING! Aborting CBS - could not obtain an initial solution for the following agents: Agent14(44->43)
 00:07:04 | WARNING! Aborting CBS - could not obtain an initial solution for the following agents: Agent14(44->43)
 00:07:04 | WARNING! Aborting CBS - could not obtain an initial solution for the following agents: Agent14(44->43)
 00:07:04 | WARNING! Aborting CBS - could not obtain an initial solution for the following agents: Agent14(44->43)
 00:07:04 | 00:03:38 | 0.05:17:14 |  66.09%  |  3776   |   1726   | 79%  |  191448  |   0    | 192.80MB  
 00:07:05 | WARNING! Aborting CBS - could not obtain an initial solution for the following agents: Agent22(42->41)
 00:07:08 | WARNING! Aborting CBS - could not obtain an initial solution for the following agents: Agent19(33->32)
 00:07:08 | WARNING! Aborting CBS - could not obtain an initial solution for the following agents: Agent19(33->22)
 00:07:08 | WARNING! Aborting CBS - could not obtain an initial solution for the following agents: Agent19(33->23)
 00:07:08 | WARNING! Aborting CBS - could not obtain an initial solution for the following agents: Agent19(33->23)
 00:07:08 | WARNING! Aborting CBS - could not obtain an initial solution for the following agents: Agent19(33->23)
 00:07:08 | WARNING! Aborting CBS - could not obtain an initial solution for the following agents: Agent19(33->24)
 00:07:09 | WARNING! Aborting CBS - could not obtain an initial solution for the following agents: Agent5(12->11)
 00:07:09 | WARNING! Aborting CBS - could not obtain an initial solution for the following agents: Agent5(12->11)
 00:07:09 | WARNING! Aborting CBS - could not obtain an initial solution for the following agents: Agent5(12->11)
 00:07:09 | WARNING! Aborting CBS - could not obtain an initial solution for the following agents: Agent5(12->11)
 00:07:09 | WARNING! Aborting CBS - could not obtain an initial solution for the following agents: Agent14(52->51)
 00:07:10 | 00:03:29 | 0.05:22:37 |  67.21%  |  3842   |   1726   | 79%  |  194421  |   0    | 201.96MB  
 00:07:11 | WARNING! Aborting CBS - could not obtain an initial solution for the following agents: Agent0(32->31)
 00:07:11 | WARNING! Aborting CBS - could not obtain an initial solution for the following agents: Agent0(32->31)
 00:07:11 | WARNING! Aborting CBS - could not obtain an initial solution for the following agents: Agent0(32->31)
 00:07:13 | WARNING! Aborting CBS - could not obtain an initial solution for the following agents: Agent12(74->73)
 00:07:13 | WARNING! Aborting CBS - could not obtain an initial solution for the following agents: Agent12(74->73)
 00:07:13 | WARNING! Aborting CBS - could not obtain an initial solution for the following agents: Agent12(74->73)
 00:07:13 | WARNING! Aborting CBS - could not obtain an initial solution for the following agents: Agent12(74->73)
 00:07:13 | WARNING! Aborting CBS - could not obtain an initial solution for the following agents: Agent12(74->73)
 00:07:13 | WARNING! Aborting CBS - could not obtain an initial solution for the following agents: Agent7(52->51)
 00:07:14 | WARNING! Aborting CBS - could not obtain an initial solution for the following agents: Agent10(14->13)
 00:07:14 | WARNING! Aborting CBS - could not obtain an initial solution for the following agents: Agent10(14->13)
 00:07:15 | WARNING! Aborting CBS - could not obtain an initial solution for the following agents: Agent10(14->13)
 00:07:15 | WARNING! Aborting CBS - could not obtain an initial solution for the following agents: Agent10(14->13)
 00:07:15 | 00:03:20 | 0.05:28:19 |  68.40%  |  3906   |   1726   | 79%  |  197798  |   0    | 208.45MB  
 00:07:15 | WARNING! Aborting CBS - could not obtain an initial solution for the following agents: Agent10(14->13)
 00:07:15 | WARNING! Aborting CBS - could not obtain an initial solution for the following agents: Agent23(12->11)
 00:07:15 | WARNING! Aborting CBS - could not obtain an initial solution for the following agents: Agent23(12->11)
 00:07:15 | WARNING! Aborting CBS - could not obtain an initial solution for the following agents: Agent23(12->11)
 00:07:15 | WARNING! Aborting CBS - could not obtain an initial solution for the following agents: Agent23(12->11)
 00:07:15 | WARNING! Aborting CBS - could not obtain an initial solution for the following agents: Agent20(54->53)
 00:07:15 | WARNING! Aborting CBS - could not obtain an initial solution for the following agents: Agent20(54->53)
 00:07:15 | WARNING! Aborting CBS - could not obtain an initial solution for the following agents: Agent20(54->53)
 00:07:15 | WARNING! Aborting CBS - could not obtain an initial solution for the following agents: Agent20(54->53)
 00:07:15 | WARNING! Aborting CBS - could not obtain an initial solution for the following agents: Agent20(54->53)
 00:07:16 | WARNING! Aborting CBS - could not obtain an initial solution for the following agents: Agent20(54->53)
 00:07:16 | WARNING! Aborting CBS - could not obtain an initial solution for the following agents: Agent20(54->53)
 00:07:16 | WARNING! Aborting CBS - could not obtain an initial solution for the following agents: Agent20(54->53)
 00:07:17 | WARNING! Aborting CBS - could not obtain an initial solution for the following agents: Agent13(52->51)
 00:07:19 | 00:03:14 | 0.05:33:03 |  69.39%  |  3959   |   1726   | 79%  |  200728  |   0    | 218.09MB  
 00:07:25 | 00:03:15 | 0.05:33:19 |  69.44%  |  3962   |   1726   | 79%  |  200862  |   0    | 228.01MB  
 00:07:26 | WARNING! Aborting CBS - could not obtain an initial solution for the following agents: Agent19(34->33)
 00:07:30 | 00:03:11 | 0.05:36:41 |  70.15%  |  3997   |   1726   | 79%  |  203074  |   0    | 241.46MB  
 00:07:33 | WARNING! Aborting CBS - could not obtain an initial solution for the following agents: Agent8(13->12)
 00:07:33 | WARNING! Aborting CBS - could not obtain an initial solution for the following agents: Agent8(13->12)
 00:07:33 | WARNING! Aborting CBS - could not obtain an initial solution for the following agents: Agent8(13->12)
 00:07:33 | WARNING! Aborting CBS - could not obtain an initial solution for the following agents: Agent8(13->1)
 00:07:33 | WARNING! Aborting CBS - could not obtain an initial solution for the following agents: Agent8(13->1)
 00:07:34 | WARNING! Aborting CBS - could not obtain an initial solution for the following agents: Agent8(13->1)
 00:07:34 | WARNING! Aborting CBS - could not obtain an initial solution for the following agents: Agent8(13->3),Agent22(52->51)
 00:07:34 | WARNING! Aborting CBS - could not obtain an initial solution for the following agents: Agent22(52->51)
 00:07:34 | WARNING! Aborting CBS - could not obtain an initial solution for the following agents: Agent22(52->51)
 00:07:34 | WARNING! Aborting CBS - could not obtain an initial solution for the following agents: Agent22(52->51)
 00:07:34 | WARNING! Aborting CBS - could not obtain an initial solution for the following agents: Agent6(72->71)
 00:07:34 | WARNING! Aborting CBS - could not obtain an initial solution for the following agents: Agent6(72->71)
 00:07:34 | WARNING! Aborting CBS - could not obtain an initial solution for the following agents: Agent6(72->71)
 00:07:34 | WARNING! Aborting CBS - could not obtain an initial solution for the following agents: Agent18(31->30)
 00:07:35 | 00:03:07 | 0.05:40:01 |  70.84%  |  4032   |   1726   | 79%  |  205064  |   0    | 247.71MB  
 00:07:36 | WARNING! Aborting CBS - could not obtain an initial solution for the following agents: Agent14(52->51)
 00:07:36 | WARNING! Aborting CBS - could not obtain an initial solution for the following agents: Agent14(52->51)
 00:07:36 | WARNING! Aborting CBS - could not obtain an initial solution for the following agents: Agent14(52->51)
 00:07:36 | WARNING! Aborting CBS - could not obtain an initial solution for the following agents: Agent25(64->63)
 00:07:36 | WARNING! Aborting CBS - could not obtain an initial solution for the following agents: Agent25(64->63)
 00:07:36 | WARNING! Aborting CBS - could not obtain an initial solution for the following agents: Agent25(64->63)
 00:07:36 | WARNING! Aborting CBS - could not obtain an initial solution for the following agents: Agent18(24->23)
 00:07:36 | WARNING! Aborting CBS - could not obtain an initial solution for the following agents: Agent18(24->23)
 00:07:37 | WARNING! Aborting CBS - could not obtain an initial solution for the following agents: Agent4(73->72)
 00:07:37 | WARNING! Aborting CBS - could not obtain an initial solution for the following agents: Agent4(73->72)
 00:07:37 | WARNING! Aborting CBS - could not obtain an initial solution for the following agents: Agent4(73->72)
 00:07:37 | WARNING! Aborting CBS - could not obtain an initial solution for the following agents: Agent4(73->72)
 00:07:38 | WARNING! Aborting CBS - could not obtain an initial solution for the following agents: Agent22(52->51)
 00:07:38 | WARNING! Aborting CBS - could not obtain an initial solution for the following agents: Agent22(52->51)
 00:07:38 | WARNING! Aborting CBS - could not obtain an initial solution for the following agents: Agent22(52->51)
 00:07:38 | WARNING! Aborting CBS - could not obtain an initial solution for the following agents: Agent22(52->51)
 00:07:39 | 00:02:57 | 0.05:46:34 |  72.20%  |  4111   |   1726   | 79%  |  209014  |   0    | 264.29MB  
 00:07:42 | WARNING! Aborting CBS - could not obtain an initial solution for the following agents: Agent8(12->11)
 00:07:42 | WARNING! Aborting CBS - could not obtain an initial solution for the following agents: Agent8(12->11)
 00:07:42 | WARNING! Aborting CBS - could not obtain an initial solution for the following agents: Agent8(12->11)
 00:07:42 | WARNING! Aborting CBS - could not obtain an initial solution for the following agents: Agent8(12->11)
 00:07:44 | WARNING! Aborting CBS - could not obtain an initial solution for the following agents: Agent12(73->63)
 00:07:44 | WARNING! Aborting CBS - could not obtain an initial solution for the following agents: Agent12(73->63)
 00:07:44 | WARNING! Aborting CBS - could not obtain an initial solution for the following agents: Agent12(73->63)
 00:07:44 | WARNING! Aborting CBS - could not obtain an initial solution for the following agents: Agent12(73->63)
 00:07:44 | WARNING! Aborting CBS - could not obtain an initial solution for the following agents: Agent25(72->71)
 00:07:44 | 00:02:54 | 0.05:49:06 |  72.73%  |  4139   |   1726   | 79%  |  210690  |   0    | 196.39MB  
 00:07:49 | 00:02:54 | 0.05:50:17 |  72.98%  |  4152   |   1726   | 79%  |  211405  |   0    | 219.88MB  
 00:07:51 | WARNING! Aborting CBS - could not obtain an initial solution for the following agents: Agent6(72->71)
 00:07:51 | WARNING! Aborting CBS - could not obtain an initial solution for the following agents: Agent6(72->71)
 00:07:51 | WARNING! Aborting CBS - could not obtain an initial solution for the following agents: Agent6(72->71)
 00:07:51 | WARNING! Aborting CBS - could not obtain an initial solution for the following agents: Agent6(72->71)
 00:07:52 | WARNING! Aborting CBS - could not obtain an initial solution for the following agents: Agent3(34->33)
 00:07:52 | WARNING! Aborting CBS - could not obtain an initial solution for the following agents: Agent3(34->33)
 00:07:52 | WARNING! Aborting CBS - could not obtain an initial solution for the following agents: Agent3(34->33)
 00:07:52 | WARNING! Aborting CBS - could not obtain an initial solution for the following agents: Agent3(34->33)
 00:07:52 | WARNING! Aborting CBS - could not obtain an initial solution for the following agents: Agent8(12->11)
 00:07:52 | WARNING! Aborting CBS - could not obtain an initial solution for the following agents: Agent8(12->11)
 00:07:52 | WARNING! Aborting CBS - could not obtain an initial solution for the following agents: Agent8(12->11)
 00:07:55 | 00:02:50 | 0.05:53:21 |  73.62%  |  4192   |   1726   | 79%  |  213093  |   0    | 208.82MB  
 00:08:00 | 00:02:51 | 0.05:53:28 |  73.64%  |  4192   |   1726   | 79%  |  213161  |   0    | 220.94MB  
 00:08:04 | 00:02:53 | 0.05:53:34 |  73.66%  |  4195   |   1726   | 79%  |  213208  |   0    | 231.96MB  
 00:08:09 | 00:02:54 | 0.05:53:42 |  73.69%  |  4196   |   1726   | 79%  |  213282  |   0    | 255.51MB  
 00:08:12 | WARNING! Aborting CBS - could not obtain an initial solution for the following agents: Agent20(53->52)
 00:08:12 | WARNING! Aborting CBS - could not obtain an initial solution for the following agents: Agent20(53->52)
 00:08:12 | WARNING! Aborting CBS - could not obtain an initial solution for the following agents: Agent20(53->52)
 00:08:13 | WARNING! Aborting CBS - could not obtain an initial solution for the following agents: Agent2(32->31)
 00:08:13 | WARNING! Aborting CBS - could not obtain an initial solution for the following agents: Agent16(12->10)
 00:08:13 | WARNING! Aborting CBS - could not obtain an initial solution for the following agents: Agent16(12->10)
 00:08:13 | WARNING! Aborting CBS - could not obtain an initial solution for the following agents: Agent16(12->10)
 00:08:13 | WARNING! Aborting CBS - could not obtain an initial solution for the following agents: Agent16(12->11)
 00:08:15 | 00:02:46 | 0.05:59:03 |  74.80%  |  4258   |   1726   | 79%  |  216326  |   0    | 252.53MB  
 00:08:17 | WARNING! Aborting CBS - could not obtain an initial solution for the following agents: Agent19(32->31)
 00:08:18 | WARNING! Aborting CBS - could not obtain an initial solution for the following agents: Agent19(32->31)
 00:08:18 | WARNING! Aborting CBS - could not obtain an initial solution for the following agents: Agent19(32->31)
 00:08:18 | WARNING! Aborting CBS - could not obtain an initial solution for the following agents: Agent18(31->30)
 00:08:18 | WARNING! Aborting CBS - could not obtain an initial solution for the following agents: Agent18(31->23)
 00:08:19 | WARNING! Aborting CBS - could not obtain an initial solution for the following agents: Agent17(73->72)
 00:08:19 | WARNING! Aborting CBS - could not obtain an initial solution for the following agents: Agent17(73->72)
 00:08:19 | WARNING! Aborting CBS - could not obtain an initial solution for the following agents: Agent17(73->72)
 00:08:19 | WARNING! Aborting CBS - could not obtain an initial solution for the following agents: Agent17(73->72)
 00:08:19 | WARNING! Aborting CBS - could not obtain an initial solution for the following agents: Agent21(72->71)
 00:08:19 | WARNING! Aborting CBS - could not obtain an initial solution for the following agents: Agent21(72->71)
 00:08:19 | WARNING! Aborting CBS - could not obtain an initial solution for the following agents: Agent21(72->71)
 00:08:20 | 00:02:42 | 0.06:02:24 |  75.50%  |  4296   |   1726   | 78%  |  218221  |   0    | 191.15MB  
 00:08:20 | WARNING! Aborting CBS - could not obtain an initial solution for the following agents: Agent8(13->12)
 00:08:20 | WARNING! Aborting CBS - could not obtain an initial solution for the following agents: Agent8(13->12)
 00:08:20 | WARNING! Aborting CBS - could not obtain an initial solution for the following agents: Agent8(13->12)
 00:08:20 | WARNING! Aborting CBS - could not obtain an initial solution for the following agents: Agent8(13->12)
 00:08:20 | WARNING! Aborting CBS - could not obtain an initial solution for the following agents: Agent19(33->32)
 00:08:20 | WARNING! Aborting CBS - could not obtain an initial solution for the following agents: Agent19(33->22)
 00:08:20 | WARNING! Aborting CBS - could not obtain an initial solution for the following agents: Agent19(33->23)
 00:08:20 | WARNING! Aborting CBS - could not obtain an initial solution for the following agents: Agent19(33->23)
 00:08:20 | WARNING! Aborting CBS - could not obtain an initial solution for the following agents: Agent19(33->23)
 00:08:20 | WARNING! Aborting CBS - could not obtain an initial solution for the following agents: Agent19(33->23)
 00:08:20 | WARNING! Aborting CBS - could not obtain an initial solution for the following agents: Agent19(33->24)
 00:08:22 | WARNING! Aborting CBS - could not obtain an initial solution for the following agents: Agent8(4->0)
 00:08:22 | WARNING! Aborting CBS - could not obtain an initial solution for the following agents: Agent8(4->0)
 00:08:22 | WARNING! Aborting CBS - could not obtain an initial solution for the following agents: Agent8(4->0)
 00:08:22 | WARNING! Aborting CBS - could not obtain an initial solution for the following agents: Agent8(4->0)
 00:08:22 | WARNING! Aborting CBS - could not obtain an initial solution for the following agents: Agent8(4->1)
 00:08:22 | WARNING! Aborting CBS - could not obtain an initial solution for the following agents: Agent8(4->1)
 00:08:22 | WARNING! Aborting CBS - could not obtain an initial solution for the following agents: Agent8(4->1)
 00:08:22 | WARNING! Aborting CBS - could not obtain an initial solution for the following agents: Agent8(4->1)
 00:08:22 | WARNING! Aborting CBS - could not obtain an initial solution for the following agents: Agent16(3->2)
 00:08:22 | WARNING! Aborting CBS - could not obtain an initial solution for the following agents: Agent16(3->2)
 00:08:22 | WARNING! Aborting CBS - could not obtain an initial solution for the following agents: Agent16(3->2)
 00:08:22 | WARNING! Aborting CBS - could not obtain an initial solution for the following agents: Agent1(33->32),Agent24(2->1)
 00:08:22 | WARNING! Aborting CBS - could not obtain an initial solution for the following agents: Agent1(33->32)
 00:08:22 | WARNING! Aborting CBS - could not obtain an initial solution for the following agents: Agent1(33->32)
 00:08:24 | WARNING! Aborting CBS - could not obtain an initial solution for the following agents: Agent14(52->51)
 00:08:24 | WARNING! Aborting CBS - could not obtain an initial solution for the following agents: Agent14(52->51)
 00:08:25 | 00:02:30 | 0.06:09:39 |  77.01%  |  4381   |   1726   | 78%  |  222783  |   0    | 198.12MB  
 00:08:30 | 00:02:31 | 0.06:10:06 |  77.10%  |  4388   |   1726   | 78%  |  223023  |   0    | 215.12MB  
 00:08:31 | WARNING! Aborting CBS - could not obtain an initial solution for the following agents: Agent23(12->11)
 00:08:31 | WARNING! Aborting CBS - could not obtain an initial solution for the following agents: Agent23(12->11)
 00:08:31 | WARNING! Aborting CBS - could not obtain an initial solution for the following agents: Agent23(12->11)
 00:08:32 | WARNING! Aborting CBS - could not obtain an initial solution for the following agents: Agent11(52->51)
 00:08:32 | WARNING! Aborting CBS - could not obtain an initial solution for the following agents: Agent11(52->51)
 00:08:32 | WARNING! Aborting CBS - could not obtain an initial solution for the following agents: Agent11(52->51)
 00:08:35 | 00:02:27 | 0.06:13:01 |  77.71%  |  4421   |   1726   | 78%  |  224689  |   0    | 263.64MB  
 00:08:36 | WARNING! Aborting CBS - could not obtain an initial solution for the following agents: Agent15(34->32)
 00:08:36 | WARNING! Aborting CBS - could not obtain an initial solution for the following agents: Agent15(34->32)
 00:08:36 | WARNING! Aborting CBS - could not obtain an initial solution for the following agents: Agent15(34->32)
 00:08:36 | WARNING! Aborting CBS - could not obtain an initial solution for the following agents: Agent15(34->22)
 00:08:36 | WARNING! Aborting CBS - could not obtain an initial solution for the following agents: Agent15(34->22)
 00:08:36 | WARNING! Aborting CBS - could not obtain an initial solution for the following agents: Agent15(34->22)
 00:08:36 | WARNING! Aborting CBS - could not obtain an initial solution for the following agents: Agent15(34->22)
 00:08:38 | WARNING! Aborting CBS - could not obtain an initial solution for the following agents: Agent3(24->23)
 00:08:38 | WARNING! Aborting CBS - could not obtain an initial solution for the following agents: Agent3(24->23)
 00:08:38 | WARNING! Aborting CBS - could not obtain an initial solution for the following agents: Agent3(24->23)
 00:08:40 | 00:02:21 | 0.06:17:17 |  78.60%  |  4465   |   1726   | 78%  |  227392  |   0    | 250.93MB  
 00:08:45 | 00:02:20 | 0.06:18:54 |  78.94%  |  4484   |   1726   | 78%  |  228168  |   0    | 251.65MB  
 00:08:45 | WARNING! Aborting CBS - could not obtain an initial solution for the following agents: Agent10(13->12)
 00:08:45 | WARNING! Aborting CBS - could not obtain an initial solution for the following agents: Agent10(13->12)
 00:08:45 | WARNING! Aborting CBS - could not obtain an initial solution for the following agents: Agent10(13->12)
 00:08:45 | WARNING! Aborting CBS - could not obtain an initial solution for the following agents: Agent21(72->71)
 00:08:48 | WARNING! Aborting CBS - could not obtain an initial solution for the following agents: Agent5(12->11)
 00:08:48 | WARNING! Aborting CBS - could not obtain an initial solution for the following agents: Agent5(12->11)
 00:08:48 | WARNING! Aborting CBS - could not obtain an initial solution for the following agents: Agent22(51->50)
 00:08:48 | WARNING! Aborting CBS - could not obtain an initial solution for the following agents: Agent22(51->50)
 00:08:48 | WARNING! Aborting CBS - could not obtain an initial solution for the following agents: Agent22(51->50)
 00:08:48 | WARNING! Aborting CBS - could not obtain an initial solution for the following agents: Agent25(74->73)
 00:08:48 | WARNING! Aborting CBS - could not obtain an initial solution for the following agents: Agent25(74->73)
 00:08:48 | WARNING! Aborting CBS - could not obtain an initial solution for the following agents: Agent25(74->73)
 00:08:48 | WARNING! Aborting CBS - could not obtain an initial solution for the following agents: Agent25(74->73)
 00:08:48 | WARNING! Aborting CBS - could not obtain an initial solution for the following agents: Agent25(74->73)
 00:08:49 | 00:02:12 | 0.06:23:46 |  79.95%  |  4535   |   1726   | 78%  |  231252  |   0    | 253.32MB  
 00:08:51 | WARNING! Aborting CBS - could not obtain an initial solution for the following agents: Agent13(52->51)
 00:08:51 | WARNING! Aborting CBS - could not obtain an initial solution for the following agents: Agent25(72->63)
 00:08:51 | WARNING! Aborting CBS - could not obtain an initial solution for the following agents: Agent25(72->63)
 00:08:51 | WARNING! Aborting CBS - could not obtain an initial solution for the following agents: Agent25(72->63)
 00:08:55 | 00:02:07 | 0.06:27:43 |  80.78%  |  4578   |   1726   | 78%  |  233713  |   0    | 199.29MB  
 00:08:58 | WARNING! Aborting CBS - could not obtain an initial solution for the following agents: Agent12(73->63)
 00:08:58 | WARNING! Aborting CBS - could not obtain an initial solution for the following agents: Agent12(73->63)
 00:08:58 | WARNING! Aborting CBS - could not obtain an initial solution for the following agents: Agent12(73->63)
 00:08:58 | WARNING! Aborting CBS - could not obtain an initial solution for the following agents: Agent12(73->63)
 00:08:58 | WARNING! Aborting CBS - could not obtain an initial solution for the following agents: Agent12(73->64)
 00:08:58 | WARNING! Aborting CBS - could not obtain an initial solution for the following agents: Agent12(73->63)
 00:08:58 | WARNING! Aborting CBS - could not obtain an initial solution for the following agents: Agent12(73->64)
 00:08:58 | WARNING! Aborting CBS - could not obtain an initial solution for the following agents: Agent12(73->64)
 00:08:58 | WARNING! Aborting CBS - could not obtain an initial solution for the following agents: Agent12(73->64)
 00:08:59 | 00:02:06 | 0.06:29:06 |  81.06%  |  4592   |   1726   | 78%  |  234546  |   0    | 233.62MB  
 00:09:02 | WARNING! Aborting CBS - could not obtain an initial solution for the following agents: Agent3(34->33)
 00:09:02 | WARNING! Aborting CBS - could not obtain an initial solution for the following agents: Agent3(34->33)
 00:09:03 | WARNING! Aborting CBS - could not obtain an initial solution for the following agents: Agent3(34->33)
 00:09:03 | WARNING! Aborting CBS - could not obtain an initial solution for the following agents: Agent3(34->33)
 00:09:03 | WARNING! Aborting CBS - could not obtain an initial solution for the following agents: Agent12(73->72)
 00:09:03 | WARNING! Aborting CBS - could not obtain an initial solution for the following agents: Agent21(72->71)
 00:09:03 | WARNING! Aborting CBS - could not obtain an initial solution for the following agents: Agent21(72->71)
 00:09:03 | WARNING! Aborting CBS - could not obtain an initial solution for the following agents: Agent21(72->71)
 00:09:04 | WARNING! Aborting CBS - could not obtain an initial solution for the following agents: Agent5(12->11)
 00:09:04 | WARNING! Aborting CBS - could not obtain an initial solution for the following agents: Agent5(12->11)
 00:09:04 | WARNING! Aborting CBS - could not obtain an initial solution for the following agents: Agent5(12->11)
 00:09:04 | WARNING! Aborting CBS - could not obtain an initial solution for the following agents: Agent5(12->11)
 00:09:04 | WARNING! Aborting CBS - could not obtain an initial solution for the following agents: Agent17(72->71)
 00:09:04 | WARNING! Aborting CBS - could not obtain an initial solution for the following agents: Agent17(72->71)
 00:09:05 | 00:01:58 | 0.06:34:24 |  82.17%  |  4653   |   1726   | 78%  |  237597  |   0    | 237.32MB  
 00:09:07 | WARNING! Aborting CBS - could not obtain an initial solution for the following agents: Agent11(52->51)
 00:09:07 | WARNING! Aborting CBS - could not obtain an initial solution for the following agents: Agent11(52->51)
 00:09:07 | WARNING! Aborting CBS - could not obtain an initial solution for the following agents: Agent11(52->51)
 00:09:07 | WARNING! Aborting CBS - could not obtain an initial solution for the following agents: Agent11(52->51)
 00:09:07 | WARNING! Aborting CBS - could not obtain an initial solution for the following agents: Agent9(12->11)
 00:09:07 | WARNING! Aborting CBS - could not obtain an initial solution for the following agents: Agent9(12->11)
 00:09:08 | WARNING! Aborting CBS - could not obtain an initial solution for the following agents: Agent6(72->71)
 00:09:10 | 00:01:43 | 0.06:43:53 |  84.14%  |  4770   |   1726   | 77%  |  242607  |   0    | 238.76MB  
 00:09:10 | WARNING! Aborting CBS - could not obtain an initial solution for the following agents: Agent21(74->73)
 00:09:10 | WARNING! Aborting CBS - could not obtain an initial solution for the following agents: Agent21(74->73)
 00:09:10 | WARNING! Aborting CBS - could not obtain an initial solution for the following agents: Agent21(74->73)
 00:09:10 | WARNING! Aborting CBS - could not obtain an initial solution for the following agents: Agent21(74->73)
 00:09:12 | WARNING! Aborting CBS - could not obtain an initial solution for the following agents: Agent23(12->11)
 00:09:12 | WARNING! Aborting CBS - could not obtain an initial solution for the following agents: Agent23(12->11)
 00:09:12 | WARNING! Aborting CBS - could not obtain an initial solution for the following agents: Agent18(32->30)
 00:09:12 | WARNING! Aborting CBS - could not obtain an initial solution for the following agents: Agent18(32->30)
 00:09:12 | WARNING! Aborting CBS - could not obtain an initial solution for the following agents: Agent18(32->31)
 00:09:12 | WARNING! Aborting CBS - could not obtain an initial solution for the following agents: Agent1(32->31)
 00:09:12 | WARNING! Aborting CBS - could not obtain an initial solution for the following agents: Agent1(32->31)
 00:09:12 | WARNING! Aborting CBS - could not obtain an initial solution for the following agents: Agent1(32->31)
 00:09:12 | WARNING! Aborting CBS - could not obtain an initial solution for the following agents: Agent1(32->31)
 00:09:12 | WARNING! Aborting CBS - could not obtain an initial solution for the following agents: Agent1(32->31)
 00:09:15 | 00:01:39 | 0.06:47:15 |  84.85%  |  4806   |   1726   | 77%  |  244744  |   0    | 250.93MB  
 00:09:17 | WARNING! Aborting CBS - could not obtain an initial solution for the following agents: Agent21(62->61)
 00:09:20 | 00:01:30 | 0.06:53:28 |  86.14%  |  4879   |   1726   | 77%  |  248480  |   0    | 252.09MB  
 00:09:20 | WARNING! Aborting CBS - could not obtain an initial solution for the following agents: Agent19(32->31)
 00:09:20 | WARNING! Aborting CBS - could not obtain an initial solution for the following agents: Agent19(32->31)
 00:09:20 | WARNING! Aborting CBS - could not obtain an initial solution for the following agents: Agent19(32->31)
 00:09:20 | WARNING! Aborting CBS - could not obtain an initial solution for the following agents: Agent19(32->30)
 00:09:20 | WARNING! Aborting CBS - could not obtain an initial solution for the following agents: Agent19(32->31)
 00:09:20 | WARNING! Aborting CBS - could not obtain an initial solution for the following agents: Agent14(52->51)
 00:09:20 | WARNING! Aborting CBS - could not obtain an initial solution for the following agents: Agent17(72->70)
 00:09:20 | WARNING! Aborting CBS - could not obtain an initial solution for the following agents: Agent17(72->70)
 00:09:20 | WARNING! Aborting CBS - could not obtain an initial solution for the following agents: Agent17(72->71)
 00:09:20 | WARNING! Aborting CBS - could not obtain an initial solution for the following agents: Agent17(72->71)
 00:09:23 | WARNING! Aborting CBS - could not obtain an initial solution for the following agents: Agent24(12->11)
 00:09:23 | WARNING! Aborting CBS - could not obtain an initial solution for the following agents: Agent16(12->11)
 00:09:23 | WARNING! Aborting CBS - could not obtain an initial solution for the following agents: Agent16(12->11)
 00:09:23 | WARNING! Aborting CBS - could not obtain an initial solution for the following agents: Agent14(52->51)
 00:09:23 | WARNING! Aborting CBS - could not obtain an initial solution for the following agents: Agent14(52->51)
 00:09:25 | 00:01:21 | 0.06:59:21 |  87.36%  |  4955   |   1726   | 77%  |  251811  |   0    | 186.89MB  
 00:09:27 | WARNING! Aborting CBS - could not obtain an initial solution for the following agents: Agent21(63->62)
 00:09:27 | WARNING! Aborting CBS - could not obtain an initial solution for the following agents: Agent21(63->62)
 00:09:27 | WARNING! Aborting CBS - could not obtain an initial solution for the following agents: Agent21(63->62)
 00:09:27 | WARNING! Aborting CBS - could not obtain an initial solution for the following agents: Agent21(63->62)
 00:09:27 | WARNING! Aborting CBS - could not obtain an initial solution for the following agents: Agent21(63->62)
 00:09:27 | WARNING! Aborting CBS - could not obtain an initial solution for the following agents: Agent21(63->62)
 00:09:30 | 00:01:21 | 0.07:00:03 |  87.51%  |  4959   |   1726   | 77%  |  252341  |   0    | 205.32MB  
 00:09:31 | WARNING! Aborting CBS - could not obtain an initial solution for the following agents: Agent11(52->51)
 00:09:31 | WARNING! Aborting CBS - could not obtain an initial solution for the following agents: Agent11(52->51)
 00:09:33 | WARNING! Aborting CBS - could not obtain an initial solution for the following agents: Agent0(32->31)
 00:09:33 | WARNING! Aborting CBS - could not obtain an initial solution for the following agents: Agent0(32->31)
 00:09:33 | WARNING! Aborting CBS - could not obtain an initial solution for the following agents: Agent15(32->31)
 00:09:33 | WARNING! Aborting CBS - could not obtain an initial solution for the following agents: Agent15(32->31)
 00:09:33 | WARNING! Aborting CBS - could not obtain an initial solution for the following agents: Agent15(32->31)
 00:09:33 | WARNING! Aborting CBS - could not obtain an initial solution for the following agents: Agent15(32->31)
 00:09:34 | WARNING! Aborting CBS - could not obtain an initial solution for the following agents: Agent12(72->71)
 00:09:34 | WARNING! Aborting CBS - could not obtain an initial solution for the following agents: Agent12(72->71)
 00:09:34 | 00:01:10 | 0.07:07:49 |  89.13%  |  5052   |   1726   | 77%  |  256673  |   0    | 202.38MB  
 00:09:35 | WARNING! Aborting CBS - could not obtain an initial solution for the following agents: Agent6(72->71)
 00:09:35 | WARNING! Aborting CBS - could not obtain an initial solution for the following agents: Agent6(72->71)
 00:09:35 | WARNING! Aborting CBS - could not obtain an initial solution for the following agents: Agent6(72->71)
 00:09:35 | WARNING! Aborting CBS - could not obtain an initial solution for the following agents: Agent6(72->71)
 00:09:40 | 00:01:06 | 0.07:10:57 |  89.78%  |  5094   |   1726   | 77%  |  258425  |   0    | 210.74MB  
 00:09:40 | WARNING! Aborting CBS - could not obtain an initial solution for the following agents: Agent12(72->71)
 00:09:40 | WARNING! Aborting CBS - could not obtain an initial solution for the following agents: Agent12(72->71),Agent19(32->31)
 00:09:40 | WARNING! Aborting CBS - could not obtain an initial solution for the following agents: Agent12(72->71),Agent19(32->31)
 00:09:40 | WARNING! Aborting CBS - could not obtain an initial solution for the following agents: Agent19(32->31)
 00:09:40 | WARNING! Aborting CBS - could not obtain an initial solution for the following agents: Agent19(32->31)
 00:09:42 | WARNING! Aborting CBS - could not obtain an initial solution for the following agents: Agent13(43->42)
 00:09:42 | WARNING! Aborting CBS - could not obtain an initial solution for the following agents: Agent13(43->42)
 00:09:42 | WARNING! Aborting CBS - could not obtain an initial solution for the following agents: Agent13(43->42)
 00:09:42 | WARNING! Aborting CBS - could not obtain an initial solution for the following agents: Agent11(43->42)
 00:09:42 | WARNING! Aborting CBS - could not obtain an initial solution for the following agents: Agent11(43->42)
 00:09:42 | WARNING! Aborting CBS - could not obtain an initial solution for the following agents: Agent11(43->42)
 00:09:42 | WARNING! Aborting CBS - could not obtain an initial solution for the following agents: Agent11(43->42)
 00:09:42 | WARNING! Aborting CBS - could not obtain an initial solution for the following agents: Agent2(34->33)
 00:09:42 | WARNING! Aborting CBS - could not obtain an initial solution for the following agents: Agent2(34->33)
 00:09:42 | WARNING! Aborting CBS - could not obtain an initial solution for the following agents: Agent2(34->33)
 00:09:42 | WARNING! Aborting CBS - could not obtain an initial solution for the following agents: Agent2(34->33)
 00:09:42 | WARNING! Aborting CBS - could not obtain an initial solution for the following agents: Agent2(34->33)
 00:09:42 | WARNING! Aborting CBS - could not obtain an initial solution for the following agents: Agent2(34->33)
 00:09:42 | WARNING! Aborting CBS - could not obtain an initial solution for the following agents: Agent2(34->33)
 00:09:45 | 00:00:55 | 0.07:18:18 |  91.31%  |  5188   |   1726   | 77%  |  262466  |   0    | 238.10MB  
 00:09:45 | WARNING! Aborting CBS - could not obtain an initial solution for the following agents: Agent18(32->31)
 00:09:45 | WARNING! Aborting CBS - could not obtain an initial solution for the following agents: Agent18(32->31)
 00:09:45 | WARNING! Aborting CBS - could not obtain an initial solution for the following agents: Agent18(32->31)
 00:09:45 | WARNING! Aborting CBS - could not obtain an initial solution for the following agents: Agent18(32->31)
 00:09:45 | WARNING! Aborting CBS - could not obtain an initial solution for the following agents: Agent18(32->31)
 00:09:50 | 00:00:54 | 0.07:19:09 |  91.49%  |  5196   |   1726   | 77%  |  262991  |   0    | 259.62MB  
 00:09:55 | 00:00:55 | 0.07:19:14 |  91.51%  |  5196   |   1726   | 77%  |  263038  |   0    | 266.59MB  
 00:10:00 | 00:00:55 | 0.07:19:27 |  91.55%  |  5199   |   1726   | 77%  |  263159  |   0    | 263.82MB  
 00:10:02 | WARNING! Aborting CBS - could not obtain an initial solution for the following agents: Agent17(64->63)
 00:10:02 | WARNING! Aborting CBS - could not obtain an initial solution for the following agents: Agent17(64->63)
 00:10:02 | WARNING! Aborting CBS - could not obtain an initial solution for the following agents: Agent17(64->63)
 00:10:02 | WARNING! Aborting CBS - could not obtain an initial solution for the following agents: Agent14(52->42)
 00:10:02 | WARNING! Aborting CBS - could not obtain an initial solution for the following agents: Agent14(52->42)
 00:10:02 | WARNING! Aborting CBS - could not obtain an initial solution for the following agents: Agent14(52->42)
 00:10:02 | WARNING! Aborting CBS - could not obtain an initial solution for the following agents: Agent14(52->42)
 00:10:02 | WARNING! Aborting CBS - could not obtain an initial solution for the following agents: Agent14(52->43)
 00:10:02 | WARNING! Aborting CBS - could not obtain an initial solution for the following agents: Agent14(52->43)
 00:10:02 | WARNING! Aborting CBS - could not obtain an initial solution for the following agents: Agent14(52->44)
 00:10:05 | 00:00:48 | 0.07:24:31 |  92.61%  |  5257   |   1726   | 76%  |  266378  |   0    | 270.45MB  
 00:10:09 | WARNING! Aborting CBS - could not obtain an initial solution for the following agents: Agent10(12->11)
 00:10:09 | WARNING! Aborting CBS - could not obtain an initial solution for the following agents: Agent10(12->11)
 00:10:09 | WARNING! Aborting CBS - could not obtain an initial solution for the following agents: Agent10(12->11)
 00:10:09 | WARNING! Aborting CBS - could not obtain an initial solution for the following agents: Agent10(12->11)
 00:10:10 | 00:00:44 | 0.07:27:06 |  93.15%  |  5283   |   1726   | 76%  |  267886  |   0    | 191.32MB  
 00:10:15 | 00:00:44 | 0.07:27:20 |  93.20%  |  5285   |   1726   | 76%  |  268043  |   0    | 202.19MB  
 00:10:20 | 00:00:45 | 0.07:27:25 |  93.21%  |  5285   |   1726   | 76%  |  268098  |   0    | 218.31MB  
 00:10:21 | WARNING! Aborting CBS - could not obtain an initial solution for the following agents: Agent6(72->71)
 00:10:21 | WARNING! Aborting CBS - could not obtain an initial solution for the following agents: Agent6(72->71)
 00:10:21 | WARNING! Aborting CBS - could not obtain an initial solution for the following agents: Agent6(72->71)
 00:10:23 | WARNING! Aborting CBS - could not obtain an initial solution for the following agents: Agent7(52->51)
 00:10:23 | WARNING! Aborting CBS - could not obtain an initial solution for the following agents: Agent7(52->51)
 00:10:23 | WARNING! Aborting CBS - could not obtain an initial solution for the following agents: Agent7(52->51)
 00:10:24 | 00:00:37 | 0.07:33:01 |  94.38%  |  5359   |   1726   | 76%  |  271264  |   0    | 221.05MB  
 00:10:25 | WARNING! Aborting CBS - could not obtain an initial solution for the following agents: Agent7(54->53)
 00:10:25 | WARNING! Aborting CBS - could not obtain an initial solution for the following agents: Agent7(54->53)
 00:10:25 | WARNING! Aborting CBS - could not obtain an initial solution for the following agents: Agent7(54->53)
 00:10:25 | WARNING! Aborting CBS - could not obtain an initial solution for the following agents: Agent7(54->53)
 00:10:25 | WARNING! Aborting CBS - could not obtain an initial solution for the following agents: Agent7(54->53)
 00:10:25 | WARNING! Aborting CBS - could not obtain an initial solution for the following agents: Agent7(54->53)
 00:10:25 | WARNING! Aborting CBS - could not obtain an initial solution for the following agents: Agent7(54->53)
 00:10:28 | WARNING! Aborting CBS - could not obtain an initial solution for the following agents: Agent4(72->70)
 00:10:28 | WARNING! Aborting CBS - could not obtain an initial solution for the following agents: Agent4(72->70)
 00:10:28 | WARNING! Aborting CBS - could not obtain an initial solution for the following agents: Agent4(72->71)
 00:10:28 | WARNING! Aborting CBS - could not obtain an initial solution for the following agents: Agent4(72->71)
 00:10:30 | 00:00:28 | 0.07:38:57 |  95.62%  |  5431   |   1726   | 76%  |  274678  |   0    | 258.65MB  
 00:10:31 | WARNING! Aborting CBS - could not obtain an initial solution for the following agents: Agent18(32->31)
 00:10:32 | WARNING! Aborting CBS - could not obtain an initial solution for the following agents: Agent23(12->11)
 00:10:32 | WARNING! Aborting CBS - could not obtain an initial solution for the following agents: Agent23(12->11)
 00:10:32 | WARNING! Aborting CBS - could not obtain an initial solution for the following agents: Agent1(32->31)
 00:10:33 | WARNING! Aborting CBS - could not obtain an initial solution for the following agents: Agent7(52->51)
 00:10:33 | WARNING! Aborting CBS - could not obtain an initial solution for the following agents: Agent7(52->51)
 00:10:35 | 00:00:21 | 0.07:44:00 |  96.67%  |  5495   |   1726   | 76%  |  277701  |   0    | 261.08MB  
 00:10:39 | WARNING! Aborting CBS - could not obtain an initial solution for the following agents: Agent13(43->42)
 00:10:39 | 00:00:16 | 0.07:47:51 |  97.47%  |  5534   |   1726   | 76%  |  280218  |   0    | 193.81MB  
 00:10:40 | WARNING! Aborting CBS - could not obtain an initial solution for the following agents: Agent2(34->33)
 00:10:40 | WARNING! Aborting CBS - could not obtain an initial solution for the following agents: Agent2(34->33)
 00:10:40 | WARNING! Aborting CBS - could not obtain an initial solution for the following agents: Agent2(34->33)
 00:10:40 | WARNING! Aborting CBS - could not obtain an initial solution for the following agents: Agent2(34->33)
 00:10:42 | WARNING! Aborting CBS - could not obtain an initial solution for the following agents: Agent0(33->32)
 00:10:42 | WARNING! Aborting CBS - could not obtain an initial solution for the following agents: Agent0(33->32)
 00:10:42 | WARNING! Aborting CBS - could not obtain an initial solution for the following agents: Agent0(33->32)
 00:10:43 | WARNING! Aborting CBS - could not obtain an initial solution for the following agents: Agent2(32->31)
 00:10:43 | WARNING! Aborting CBS - could not obtain an initial solution for the following agents: Agent2(32->31)
 00:10:43 | WARNING! Aborting CBS - could not obtain an initial solution for the following agents: Agent2(32->31)
 00:10:44 | 00:00:07 | 0.07:54:12 |  98.79%  |  5612   |   1726   | 76%  |  283855  |   0    | 198.39MB  
 00:10:48 | 00:00:00 | 0.08:00:00 | 100.00%  |  5683   |   1726   | 76%  |  287288  |   0    | 209.56MB  
 00:10:48 | >>> Simulation finished - writing results ...
 00:10:49 | >>> Results written
Simulation finished.
>>> Timings
StatTimingPathPlanningAverage: 0.032675455345038934
StatTimingPathPlanningOverall: 612.2400067999945
StatTimingPathPlanningCount: 18737
StatTimingTaskAllocationAverage: 0.0007943667356976347
StatTimingTaskAllocationOverall: 18.411832199999775
StatTimingTaskAllocationCount: 23178
StatTimingItemStorageAverage: 2.0148160103291697E-06
StatTimingItemStorageOverall: 0.018725699999999304
StatTimingItemStorageCount: 9294
StatTimingPodStorageAverage: 0.001571102605656183
StatTimingPodStorageOverall: 4.944259900000008
StatTimingPodStorageCount: 3147
StatTimingReplenishmentBatchingAverage: 1.3599099526066326E-05
StatTimingReplenishmentBatchingOverall: 0.028694099999999948
StatTimingReplenishmentBatchingCount: 2110
StatTimingOrderBatchingAverage: 0.0001130127743012099
StatTimingOrderBatchingOverall: 1.3544581000000007
StatTimingOrderBatchingCount: 11985
>>> Overall
StatOverallBundlesPlaced: 1526
StatOverallItemsOrdered: 9313
StatOverallOrdersPlaced: 5701
StatOverallBundlesRejected: 0
StatOverallOrdersRejected: 0
StatOverallBundlesHandled: 1726
StatOverallItemsHandled: 9274
StatOverallLinesHandled: 8849
StatOverallOrdersHandled: 5683
StatOverallCollisions: 0
StatOverallDistanceTraveled: 287288.06156649103
StatOverallDistanceEstimated: 250976
StatOverallAssignedTasks: 23178
StatMaxMemoryUsed: 343.13671875
StatRealTimeUsed: 648.7285715
StatAverageTurnoverTime: 1019.2456184845835
StatMedianTurnoverTime: 563.4077311423571
StatLowerQuartileTurnoverTime: 225.16925127556897
StatUpperQuartileTurnoverTime: 1523.9241339514774
StatAverageThroughputTime: 86.31200878897722
StatMedianThroughputTime: 77.09419714053365
StatLowerQuartileThroughputTime: 31.043148298245796
StatUpperQuartileThroughputTime: 127.66266272309076
>>> Energy (Rizqi model)
StatEnergyTotalKJ: 24052.69442113025
StatEnergyE1AccelKJ: 8850.755301294554
StatEnergyE2DecelKJ: 0
StatEnergyE3CruiseKJ: 7087.469144232163
StatEnergyE4RotationKJ: 2831.8545836052926
StatEnergyE5LiftLowerKJ: 5282.615391998248
StatEnergyPerOrderKJ: 4.232393880191844
StatEnergyPerMeterJoule: 83.70783988755608
StatEnergyIdleKJ: 66914.23560321408
StatEnergyTotalWithIdleKJ: 90966.93002434433
StatEnergyPerOrderWithIdleKJ: 16.00685025943064
StatDistanceTraveledRizqiM: 287341
>>> Motion Behavior
StatTurningCount: 37121
StatStopAndGoCount: 47227
StatLoadedDistanceM: 195481
StatLoadedTurningCount: 26447
StatLoadedStopAndGoCount: 35266
StatEmptyTurningCount: 10674
StatEmptyStopAndGoCount: 11961
StatWaitTimeSec: 284212.42846317065
StatPathPlanningTimeouts: 173
StatMoveEnergyEmptyKJ: 1277.4297750000026
StatMoveTimeEmptySec: 123163.75251847714
StatTurnEnergyEmptyKJ: 205.30336062900795
StatTurnTimeEmptySec: 11267.559947259584
StatMoveEnergyLoadedKJ: 14660.794670526711
StatMoveTimeLoadedSec: 290974.56073186145
StatTurnEnergyLoadedKJ: 2626.5512229763026
StatTurnTimeLoadedSec: 26852.91519965957
StatStopAndGoEnergyEmptyKJ: 1482.7331356290065
StatStopAndGoEnergyLoadedKJ: 17287.345893503003
StatPrefEmptyW: 11.02967090354729
StatPrefLoadedW: 54.39223227266776
>>> Support & Utilization
StatESupportKJ: 25579.11856170123
StatESupportLoadedKJ: 16228.139934367207
StatESupportEmptyKJ: 9350.978627322113
StatESupportPerOrderKJ: 4.5009886612178835
StatTimeIdleSec: 10.92
StatRobotUtilization: 0.9999854166666666
StatESupportToMechRatio: 1.0634616693600039

Marked tag finished after 1 tries!
.Fin. - SUCCESS
