#TimeStamp;Bot;Pod;InputStation;TurnoverTime;ThroughputTime
63.78;3;353;3;63.78;63.73
65.76;22;378;1;65.71;64.87
73.82;3;353;3;73.82;73.78
75.77;22;378;1;75.73;74.89
83.87;3;353;3;83.87;83.82
85.77;22;378;1;85.73;84.89
93.88;3;353;3;93.88;93.83
95.8;22;378;1;95.75;94.91
96.23;12;321;0;96.23;96.19
103.92;3;353;3;103.92;103.88
105.84;22;378;1;105.8;104.96
106.27;12;321;0;106.27;106.23
108.23;20;439;2;105.63;105.26
113.97;3;353;3;113.97;113.92
115.86;22;378;1;115.82;114.98
116.32;12;321;0;116.32;116.27
118.37;20;439;2;115.78;115.4
124.01;3;353;3;124.01;123.97
125.91;22;378;1;125.86;125.02
126.36;12;321;0;126.36;126.32
128.37;20;439;2;125.78;125.4
134.06;3;353;3;134.06;134.01
135.95;22;378;1;135.91;135.07
136.36;12;321;0;136.36;136.32
138.39;20;439;2;135.8;135.42
144.1;3;353;3;144.1;144.06
146;22;378;1;145.95;145.11
146.41;12;321;0;146.41;146.36
148.44;20;439;2;145.84;145.47
154.14;3;353;3;154.14;154.1
156.04;22;378;1;156;155.16
156.43;12;321;0;156.43;156.38
158.48;20;439;2;155.88;155.51
164.19;3;353;3;164.19;164.14
166.06;22;378;1;166.01;165.17
166.47;12;321;0;166.47;166.43
168.53;20;439;2;165.93;165.55
174.23;3;353;3;174.23;174.19
176.07;22;378;1;176.03;175.19
176.52;12;321;0;176.52;176.47
178.55;20;439;2;175.95;175.58
184.28;3;353;3;184.28;184.23
186.12;22;378;1;186.07;185.23
186.56;12;321;0;186.56;186.52
188.59;20;439;2;186;185.62
194.32;3;353;3;194.32;194.28
196.16;22;378;1;196.12;195.28
196.61;12;321;0;196.61;196.56
198.64;20;439;2;196.04;195.67
204.37;3;353;3;204.37;204.32
206.21;22;378;1;206.16;205.32
206.65;12;321;0;206.65;206.61
208.68;20;439;2;206.08;205.71
214.41;3;353;3;214.41;214.37
216.25;22;378;1;216.21;215.37
216.7;12;321;0;216.7;216.65
218.73;20;439;2;216.13;215.75
224.46;3;353;3;224.46;224.41
226.3;22;378;1;226.25;225.41
226.74;12;321;0;226.74;226.7
228.77;20;439;2;226.17;225.8
234.5;3;353;3;234.5;234.46
236.34;22;378;1;236.3;235.46
236.78;12;321;0;236.78;236.74
238.82;20;439;2;236.22;235.84
244.5;3;353;3;244.5;244.46
246.39;22;378;1;246.34;245.5
246.81;12;321;0;246.81;246.77
248.83;20;439;2;246.23;245.86
254.55;3;353;3;254.55;254.5
256.43;22;378;1;256.39;255.55
256.86;12;321;0;256.86;256.81
258.88;20;439;2;256.28;255.9
264.59;3;353;3;264.59;264.55
266.47;22;378;1;266.43;265.59
266.88;12;321;0;266.88;266.83
268.89;20;439;2;266.29;265.91
274.64;3;353;3;274.64;274.59
276.52;22;378;1;276.47;275.63
276.92;12;321;0;276.92;276.88
278.93;20;439;2;276.33;275.96
284.68;3;353;3;284.68;284.64
286.56;22;378;1;286.52;285.68
286.97;12;321;0;286.97;286.92
288.98;20;439;2;286.38;286
294.72;3;353;3;294.72;294.68
296.61;22;378;1;296.56;295.72
297.01;12;321;0;297.01;296.97
299.02;20;439;2;296.42;296.05
304.74;3;353;3;304.74;304.7
306.63;22;378;1;306.59;305.75
307.06;12;321;0;307.06;307.01
309.03;20;439;2;306.43;306.05
314.79;3;353;3;314.79;314.74
316.68;22;378;1;316.63;315.79
317.1;12;321;0;317.1;317.06
319.07;20;439;2;316.47;316.1
324.82;3;353;3;324.82;324.78
326.69;22;378;1;326.65;325.81
327.15;12;321;0;327.15;327.1
329.12;20;439;2;326.52;326.14
334.87;3;353;3;334.87;334.82
336.74;22;378;1;336.69;335.85
337.19;12;321;0;337.19;337.14
339.16;20;439;2;336.56;336.19
344.91;3;353;3;344.91;344.87
346.75;22;378;1;346.71;345.87
347.23;12;321;0;347.23;347.19
349.16;20;439;2;346.57;346.19
354.95;3;353;3;354.95;354.91
356.77;22;378;1;356.72;355.88
357.28;12;321;0;357.28;357.23
359.21;20;439;2;356.61;356.24
365;3;353;3;365;364.95
366.81;22;378;1;366.77;365.93
367.32;12;321;0;367.32;367.28
369.25;20;439;2;366.65;366.28
375.04;3;353;3;375.04;375
376.86;22;378;1;376.81;375.97
377.36;12;321;0;377.36;377.32
379.3;20;439;2;376.7;376.32
385.09;3;353;3;385.09;385.04
387.41;12;321;0;387.41;387.36
389.34;20;439;2;386.74;386.37
393.28;23;239;1;391.73;391.35
397.45;12;321;0;397.45;397.41
401.52;6;184;3;401.52;401.47
403.35;23;239;1;401.79;401.42
406.2;31;228;2;405.32;404.85
407.5;12;321;0;407.5;407.45
411.65;6;184;3;411.65;411.61
413.39;23;239;1;411.84;411.46
416.24;31;228;2;415.35;414.89
417.54;12;321;0;417.54;417.5
421.69;6;184;3;421.69;421.65
423.42;23;239;1;421.86;421.49
426.28;31;228;2;425.4;424.93
431.73;6;184;3;431.73;431.68
433.46;23;239;1;431.91;431.53
433.7;17;320;0;432.14;431.77
436.33;31;228;2;435.44;434.98
441.77;6;184;3;441.77;441.73
443.5;23;239;1;441.95;441.58
443.74;17;320;0;442.19;441.81
446.37;31;228;2;445.49;445.02
451.82;6;184;3;451.82;451.77
453.55;23;239;1;451.99;451.62
453.79;17;320;0;452.23;451.86
456.41;31;228;2;455.53;455.07
461.86;6;184;3;461.86;461.82
463.59;23;239;1;462.04;461.66
463.8;17;320;0;462.24;461.87
466.46;31;228;2;465.57;465.11
471.91;6;184;3;471.91;471.86
473.63;23;239;1;472.08;471.7
473.84;17;320;0;472.29;471.91
476.5;31;228;2;475.62;475.15
481.95;6;184;3;481.95;481.91
483.64;23;239;1;482.29;481.71
483.89;17;320;0;482.33;481.96
486.55;31;228;2;485.66;485.2
492;6;184;3;492;491.95
493.68;23;239;1;492.34;491.76
493.93;17;320;0;492.38;492
496.56;31;228;2;495.67;495.21
502.04;6;184;3;502.04;502
503.7;23;239;1;502.35;501.77
503.98;17;320;0;502.42;502.05
506.6;31;228;2;505.72;505.25
512.08;6;184;3;512.08;512.04
513.7;23;239;1;512.35;511.77
514.02;17;320;0;512.47;512.09
516.65;31;228;2;515.76;515.3
522.13;6;184;3;522.13;522.08
523.74;23;239;1;522.39;521.81
524.07;17;320;0;522.51;522.14
526.69;31;228;2;525.81;525.34
532.17;6;184;3;532.17;532.13
533.74;23;239;1;532.39;531.81
534.11;17;320;0;532.56;532.18
536.74;31;228;2;535.85;535.39
542.22;6;184;3;542.22;542.17
543.79;23;239;1;542.44;541.86
544.15;17;320;0;542.6;542.23
546.78;31;228;2;545.9;545.43
552.26;6;184;3;552.26;552.22
553.83;23;239;1;552.48;551.9
554.2;17;320;0;552.64;552.27
556.82;31;228;2;556.78;555.48
562.31;6;184;3;562.31;562.26
563.84;23;239;1;562.49;561.91
564.24;17;320;0;562.69;562.31
566.87;31;228;2;566.82;565.52
572.33;6;184;3;572.33;572.29
573.88;23;239;1;572.53;571.95
574.29;17;320;0;572.73;572.36
576.91;31;228;2;576.87;575.56
582.36;6;184;3;582.36;582.31
583.92;23;239;1;582.37;582
584.33;17;320;0;582.78;582.4
586.95;31;228;2;586.91;585.6
592.4;6;184;3;592.4;592.36
593.97;23;239;1;592.42;592.04
594.38;17;320;0;592.82;592.45
596.99;31;228;2;596.95;595.65
602.42;6;184;3;602.42;602.38
604.01;23;239;1;602.46;602.08
604.39;17;320;0;602.83;602.46
607.04;31;228;2;606.15;605.69
612.47;6;184;3;612.47;612.42
614.06;23;239;1;612.5;612.13
614.43;17;320;0;612.88;612.5
617.07;31;228;2;616.19;615.72
622.51;6;184;3;622.51;622.47
624.07;23;239;1;622.52;622.14
624.48;17;320;0;622.92;622.55
627.12;31;228;2;626.23;625.77
632.55;6;184;3;632.55;632.51
634.12;23;239;1;632.56;632.19
634.49;17;320;0;632.94;632.56
637.13;31;228;2;636.24;635.78
642.6;6;184;3;642.6;642.55
644.16;23;239;1;642.61;642.23
644.54;17;320;0;642.98;642.61
647.17;31;228;2;646.29;645.82
652.64;6;184;3;652.64;652.6
654.21;23;239;1;652.65;652.28
654.58;17;320;0;653.03;652.65
657.21;31;228;2;656.33;655.87
662.69;6;184;3;662.69;662.64
664.22;23;239;1;662.67;662.29
664.63;17;320;0;663.07;662.7
667.26;31;228;2;666.37;665.91
672.73;6;184;3;672.73;672.69
674.27;23;239;1;672.71;672.34
674.67;17;320;0;673.12;672.74
677.3;31;228;2;676.42;675.95
682.76;6;184;3;682.76;682.72
684.31;23;239;1;682.76;682.38
684.72;17;320;0;683.16;682.79
687.35;31;228;2;686.46;686
692.8;6;184;3;692.8;692.76
694.74;17;320;0;693.18;692.81
697.38;31;228;2;696.49;696.03
701.35;22;31;1;700;699.8
702.81;6;184;3;702.81;702.76
704.78;17;320;0;703.23;702.85
707.42;31;228;2;706.54;706.07
711.42;22;31;1;710.07;709.87
712.85;6;184;3;712.85;712.81
714.79;17;320;0;713.23;712.86
721.44;22;31;1;720.09;719.88
722.92;15;527;2;722.03;721.57
724.83;17;320;0;723.28;722.9
729.02;13;280;3;728.98;728.14
731.48;22;31;1;730.13;729.93
733.28;15;527;2;732.39;731.93
739.11;13;280;3;739.07;738.23
741.37;18;350;0;740.49;740.02
741.5;22;31;1;740.15;739.94
743.32;15;527;2;742.44;741.97
749.16;13;280;3;749.11;748.27
751.48;18;350;0;750.6;750.13
751.53;22;31;1;750.18;749.97
753.35;15;527;2;752.46;752
759.17;13;280;3;759.13;758.29
761.53;18;350;0;760.64;760.18
761.57;22;31;1;760.22;760.02
763.39;15;527;2;762.51;762.04
769.21;13;280;3;769.16;768.32
771.57;18;350;0;770.69;770.22
771.62;22;31;1;770.27;770.06
773.39;15;527;2;772.51;772.04
779.22;13;280;3;779.17;778.33
781.62;18;350;0;780.73;780.27
781.66;22;31;1;780.31;780.11
783.43;15;527;2;782.55;782.09
789.26;13;280;3;789.22;788.38
791.66;18;350;0;790.78;790.31
791.71;22;31;1;790.36;790.15
793.48;15;527;2;792.59;792.13
799.3;13;280;3;799.26;798.42
801.71;18;350;0;800.82;800.36
801.75;22;31;1;800.4;800.2
803.52;15;527;2;802.64;802.17
809.34;13;280;3;809.3;808.46
811.75;18;350;0;810.87;810.4
811.79;22;31;1;810.45;810.24
813.57;15;527;2;812.68;812.22
819.39;13;280;3;819.34;818.5
821.79;18;350;0;820.91;820.45
821.84;22;31;1;820.95;820.28
823.61;15;527;2;822.73;822.26
829.43;13;280;3;829.39;828.55
831.84;18;350;0;830.95;830.49
831.88;22;31;1;831;830.33
833.65;15;527;2;832.76;832.3
839.44;13;280;3;839.44;838.55
841.88;18;350;0;841;840.53
841.93;22;31;1;841.04;840.37
843.69;15;527;2;842.81;842.34
849.48;13;280;3;849.48;848.6
851.9;18;350;0;851.02;850.55
851.95;22;31;1;851.06;850.39
853.73;15;527;2;852.85;852.39
859.52;13;280;3;859.48;858.64
861.95;18;350;0;861.06;860.6
861.99;22;31;1;861.11;860.44
863.78;15;527;2;862.89;862.43
869.57;13;280;3;869.52;868.68
871.99;18;350;0;871.11;870.64
872.04;22;31;1;871.15;870.48
873.82;15;527;2;872.94;872.47
879.61;13;280;3;879.57;878.73
882.04;18;350;0;881.15;880.69
882.08;22;31;1;881.2;880.53
883.87;15;527;2;882.98;882.52
889.66;13;280;3;889.61;888.77
892.08;18;350;0;891.2;890.73
892.12;22;31;1;890.78;890.57
893.88;15;527;2;893;892.54
899.7;13;280;3;899.65;898.81
902.12;18;350;0;901.24;900.78
902.17;22;31;1;900.82;900.61
903.9;15;527;2;903.01;902.55
909.74;13;280;3;909.7;908.86
912.17;18;350;0;911.28;910.82
912.21;22;31;1;910.86;910.66
913.94;15;527;2;913.06;912.59
919.77;13;280;3;919.73;918.89
922.21;18;350;0;921.33;920.86
922.26;22;31;1;920.91;920.7
923.97;15;527;2;923.09;922.62
929.82;13;280;3;929.77;928.93
932.22;18;350;0;931.34;930.87
932.27;22;31;1;930.92;930.71
934.02;15;527;2;933.13;932.67
939.86;13;280;3;939.82;938.98
942.27;18;350;0;941.38;940.92
942.31;22;31;1;940.96;940.76
944.03;15;527;2;943.15;942.68
949.91;13;280;3;949.86;949.02
952.31;18;350;0;951.43;950.96
952.36;22;31;1;951.01;950.8
954.05;15;527;2;953.17;952.7
959.95;13;280;3;959.91;959.07
962.34;18;350;0;961.46;961
962.39;22;31;1;961.04;960.83
964.1;15;527;2;963.21;962.75
970;13;280;3;969.95;969.11
972.37;18;350;0;971.48;971.02
972.41;22;31;1;971.06;970.86
974.13;15;527;2;973.25;972.78
980.04;13;280;3;980;979.16
982.41;18;350;0;981.53;981.06
982.45;22;31;1;981.11;980.9
984.18;15;527;2;983.29;982.83
990.09;13;280;3;990.04;989.2
992.45;18;350;0;991.57;991.11
992.5;22;31;1;991.15;990.94
994.22;15;527;2;993.34;992.87
1000.13;13;280;3;1000.09;999.25
1002.47;18;350;0;1001.58;1001.12
1004.26;15;527;2;1003.38;1002.92
1008.65;23;347;1;641.79;324.3
1010.17;13;280;3;1010.13;1009.29
1012.51;18;350;0;1011.63;1011.16
1014.31;15;527;2;1013.42;1012.96
1018.79;23;347;1;651.93;334.43
1020.22;13;280;3;1020.17;1019.33
1022.53;18;350;0;1021.64;1021.18
1024.35;15;527;2;1023.47;1023
1028.8;23;347;1;661.94;344.44
1030.22;13;280;3;1030.18;1029.34
1032.57;18;350;0;1031.69;1031.22
1038.84;23;347;1;671.99;354.49
1040.27;13;280;3;1040.22;1039.38
1041;20;72;2;1039.08;1038.87
1042.6;18;350;0;1041.72;1041.25
1048.89;23;347;1;789.97;364.53
1051.05;20;72;2;1049.12;1048.91
1056.02;3;8;3;1055.98;1055.14
1058.83;12;458;0;1056.9;1056.69
1058.89;23;347;1;692.04;374.54
1061.08;20;72;2;1059.15;1058.94
1066.07;3;8;3;1066.02;1065.18
1068.89;12;458;0;1066.97;1066.76
1068.94;23;347;1;702.08;384.58
1071.12;20;72;2;1069.19;1068.99
1076.1;3;8;3;1076.05;1075.21
1078.94;12;458;0;1077.01;1076.8
1078.98;23;347;1;712.13;394.63
1081.17;20;72;2;1079.24;1079.03
1086.12;3;8;3;1086.07;1085.23
1088.95;12;458;0;1087.02;1086.81
1088.99;23;347;1;722.13;404.64
1091.21;20;72;2;1089.28;1089.08
1096.16;3;8;3;1096.12;1095.28
1098.99;12;458;0;1097.06;1096.86
1099.03;23;347;1;732.18;414.68
1101.21;20;72;2;1099.29;1099.08
1106.21;3;8;3;1106.16;1105.32
1109.03;12;458;0;1107.11;1106.9
1109.08;23;347;1;742.22;424.72
1111.25;20;72;2;1109.32;1109.12
1116.21;3;8;3;1116.17;1115.33
1119.08;12;458;0;1117.15;1116.94
1119.12;23;347;1;752.27;434.77
1121.3;20;72;2;1119.37;1119.16
1126.26;3;8;3;1126.21;1125.37
1129.09;12;458;0;1127.16;1126.95
1129.13;23;347;1;762.27;444.78
1131.34;20;72;2;1129.41;1129.21
1136.3;3;8;3;1136.26;1135.42
1139.1;12;458;0;1137.17;1136.96
1139.14;23;347;1;772.29;454.79
1141.35;20;72;2;1139.43;1139.22
1146.35;3;8;3;1146.3;1145.46
1149.11;12;458;0;1147.56;1146.98
1149.16;23;347;1;782.3;464.8
1151.4;20;72;2;1149.47;1149.26
1156.36;3;8;3;1156.32;1155.48
1159.14;12;458;0;1157.59;1157.01
1159.19;23;347;1;792.33;474.83
1161.44;20;72;2;1159.51;1159.31
1166.41;3;8;3;1166.36;1165.52
1169.19;12;458;0;1167.64;1167.05
1169.23;23;347;1;802.38;484.88
1171.49;20;72;2;1169.56;1169.35
1176.45;3;8;3;1176.41;1175.57
1179.23;12;458;0;1177.68;1177.1
1179.28;23;347;1;812.42;494.92
1181.53;20;72;2;1179.6;1179.4
1186.49;3;8;3;1186.45;1185.61
1189.28;12;458;0;1187.72;1187.14
1189.32;23;347;1;822.47;504.97
1191.58;20;72;2;1189.65;1189.44
1196.54;3;8;3;1196.49;1195.65
1199.28;12;458;0;1197.73;1197.15
1199.33;23;347;1;832.47;514.97
1201.62;20;72;2;1199.69;1199.49
1206.58;3;8;3;1206.54;1205.7
1209.33;12;458;0;1207.77;1207.19
1209.37;23;347;1;842.52;525.02
1211.67;20;72;2;1209.74;1209.53
1216.63;3;8;3;1216.58;1215.74
1219.37;12;458;0;1217.82;1217.24
1219.42;23;347;1;852.56;535.06
1221.71;20;72;2;1219.78;1219.58
1226.67;3;8;3;1226.63;1225.79
1229.42;12;458;0;1227.86;1227.28
1229.46;23;347;1;862.6;545.11
1231.75;20;72;2;1229.82;1229.62
1236.72;3;8;3;1236.67;1235.83
1239.46;12;458;0;1237.91;1237.33
1239.5;23;347;1;872.65;555.15
1241.79;20;72;2;1239.86;1239.66
1246.75;3;8;3;1246.7;1245.86
1249.5;12;458;0;1247.57;1247.37
1249.55;23;347;1;795.72;565.19
1251.84;20;72;2;1249.91;1249.7
1256.79;3;8;3;1256.75;1255.91
1259.55;12;458;0;1257.62;1257.41
1259.59;23;347;1;805.76;575.24
1261.88;20;72;2;1259.95;1259.75
1266.83;3;8;3;1266.79;1265.95
1269.59;12;458;0;1267.66;1267.46
1269.64;23;347;1;815.8;585.28
1271.92;20;72;2;1269.99;1269.79
1276.88;3;8;3;1276.83;1275.99
1279.62;12;458;0;1277.69;1277.48
1279.66;23;347;1;825.83;595.31
1281.96;20;72;2;1280.04;1279.83
1286.92;3;8;3;1286.88;1286.04
1289.66;12;458;0;1287.73;1287.53
1289.7;23;347;1;835.87;605.35
1292.01;20;72;2;1290.08;1289.87
1296.96;3;8;3;1296.92;1296.08
1299.68;12;458;0;1297.75;1297.54
1299.72;23;347;1;845.89;615.37
1302.05;20;72;2;1300.12;1299.92
1306.99;3;8;3;1306.94;1306.1
1309.7;12;458;0;1307.77;1307.57
1309.74;23;347;1;855.91;625.39
1312.1;20;72;2;1310.17;1309.96
1317.03;3;8;3;1316.99;1316.15
1319.74;12;458;0;1317.82;1317.61
1322.14;20;72;2;1320.21;1320.01
1326.11;22;114;1;1324.76;1324.55
1327.06;3;8;3;1327.01;1326.17
1329.77;12;458;0;1327.85;1327.64
1336.16;22;114;1;1334.81;1334.61
1337.1;3;8;3;1337.06;1336.22
1338.04;31;522;2;1334.61;1334.4
1339.82;12;458;0;1337.89;1337.68
1346.2;22;114;1;1344.85;1344.65
1347.15;3;8;3;1347.1;1346.26
1348.13;31;522;2;1344.69;1344.48
1349.86;12;458;0;1347.93;1347.73
1356.21;22;114;1;1354.86;1354.66
1357.19;3;8;3;1357.15;1356.31
1358.17;31;522;2;1354.73;1354.53
1365.62;17;450;0;1362.65;1362.18
1366.25;22;114;1;1364.9;1364.7
1368.2;31;522;2;1364.76;1364.56
1373.71;6;63;3;1372.36;1372.16
1375.67;17;450;0;1372.69;1372.23
1376.29;22;114;1;1374.94;1374.73
1378.24;31;522;2;1374.81;1374.6
1383.84;6;63;3;1382.49;1382.28
1385.71;17;450;0;1382.74;1382.27
1386.33;22;114;1;1384.98;1384.78
1388.24;31;522;2;1384.81;1384.6
1393.88;6;63;3;1392.53;1392.33
1395.76;17;450;0;1392.78;1392.32
1396.37;22;114;1;1395.03;1394.82
1398.29;31;522;2;1394.85;1394.65
1403.93;6;63;3;1402.58;1402.37
1405.8;17;450;0;1402.83;1402.36
1406.42;22;114;1;1405.07;1404.86
1408.31;31;522;2;1404.87;1404.67
1413.97;6;63;3;1412.62;1412.42
1415.84;17;450;0;1412.87;1412.41
1416.46;22;114;1;1415.11;1414.91
1418.35;31;522;2;1414.92;1414.71
1424.01;6;63;3;1422.67;1422.46
1425.86;17;450;0;1422.88;1422.42
1426.51;22;114;1;1425.16;1424.95
1428.4;31;522;2;1424.96;1424.76
1434.06;6;63;3;1432.71;1432.51
1435.9;17;450;0;1432.93;1432.46
1436.55;22;114;1;1435.2;1435
1438.42;31;522;2;1434.98;1434.78
1444.07;6;63;3;1442.73;1442.52
1445.95;17;450;0;1442.97;1442.51
1446.6;22;114;1;1445.25;1445.04
1448.44;31;522;2;1445;1444.8
1454.11;6;63;3;1452.76;1452.56
1455.99;17;450;0;1453.02;1452.55
1456.62;22;114;1;1455.27;1455.06
1458.48;31;522;2;1455.05;1454.84
1464.15;6;63;3;1462.81;1462.6
1466.03;17;450;0;1463.06;1462.6
1466.64;22;114;1;1465.29;1465.09
1468.52;31;522;2;1465.08;1464.88
1474.2;6;63;3;1472.85;1472.65
1476.08;17;450;0;1473.11;1472.64
1476.66;22;114;1;1475.32;1475.11
1478.54;31;522;2;1475.1;1474.9
1484.24;6;63;3;1482.89;1482.69
1486.12;17;450;0;1483.15;1482.69
1486.7;22;114;1;1485.36;1485.15
1488.59;31;522;2;1485.15;1484.94
1494.29;6;63;3;1492.94;1492.73
1496.13;17;450;0;1493.16;1492.7
1496.75;22;114;1;1495.4;1495.2
1498.63;31;522;2;1495.19;1494.99
1504.29;6;63;3;1502.95;1502.74
1506.16;17;450;0;1503.18;1502.72
1506.79;22;114;1;1505.44;1505.24
1508.65;31;522;2;1505.22;1505.01
1514.34;6;63;3;1512.99;1512.79
1516.17;17;450;0;1513.2;1512.73
1516.84;22;114;1;1515.49;1515.28
1518.7;31;522;2;1515.26;1515.06
1524.34;6;63;3;1522.99;1522.79
1526.21;17;450;0;1523.24;1522.78
1526.88;22;114;1;1525.53;1525.33
1528.74;31;522;2;1525.3;1525.1
1534.38;6;63;3;1533.04;1532.83
1536.26;17;450;0;1533.29;1532.82
1536.93;22;114;1;1535.58;1535.37
1538.75;31;522;2;1535.31;1535.1
1544.42;6;63;3;1543.07;1542.86
1546.3;17;450;0;1543.33;1542.87
1546.97;22;114;1;1545.62;1545.42
1548.79;31;522;2;1545.35;1545.15
1554.46;6;63;3;1553.11;1552.9
1556.31;17;450;0;1553.34;1552.87
1557.02;22;114;1;1555.67;1555.46
1558.83;31;522;2;1555.4;1555.19
1564.5;6;63;3;1563.15;1562.95
1566.35;17;450;0;1563.38;1562.92
1567.06;22;114;1;1565.71;1565.51
1568.88;31;522;2;1565.44;1565.24
1574.54;6;63;3;1573.19;1572.98
1576.4;17;450;0;1573.43;1572.96
1577.1;22;114;1;1575.76;1575.55
1578.92;31;522;2;1575.49;1575.28
1584.58;6;63;3;1583.23;1583.03
1586.44;17;450;0;1583.47;1583.01
1587.15;22;114;1;1585.8;1585.6
1588.95;31;522;2;1585.51;1585.31
1594.63;6;63;3;1593.28;1593.07
1596.45;17;450;0;1593.48;1593.02
1597.19;22;114;1;1595.84;1595.64
1599;31;522;2;1595.56;1595.35
1604.67;6;63;3;1603.32;1603.12
1606.47;17;450;0;1603.49;1603.03
1607.24;22;114;1;1605.89;1605.68
1609.04;31;522;2;1605.6;1605.4
1614.72;6;63;3;1613.37;1613.16
1616.47;17;450;0;1613.5;1613.04
1617.26;22;114;1;1615.91;1615.71
1619.08;31;522;2;1615.65;1615.44
1624.76;6;63;3;1623.41;1623.21
1626.5;17;450;0;1623.53;1623.07
1633.77;23;327;1;1631.63;1631.17
1634.8;6;63;3;1633.46;1633.25
1635.79;15;369;2;1631.77;1631.45
1636.55;17;450;0;1633.57;1633.11
1643.81;23;327;1;1641.68;1641.21
1644.85;6;63;3;1643.5;1643.3
1645.96;15;369;2;1642.21;1641.63
1646.59;17;450;0;1643.62;1643.15
1653.85;23;327;1;1651.72;1651.26
1654.88;6;63;3;1653.53;1653.32
1656.01;15;369;2;1652.25;1651.67
1662.38;18;448;0;1659.41;1658.94
1663.9;23;327;1;1661.76;1661.3
1664.92;6;63;3;1663.57;1663.37
1666.05;15;369;2;1662.3;1661.72
1672.58;18;448;0;1669.61;1669.14
1673.94;23;327;1;1671.81;1671.34
1676.1;15;369;2;1672.34;1671.76
1680.75;13;284;3;1679.19;1678.82
1682.59;18;448;0;1679.62;1679.15
1683.99;23;327;1;1681.85;1681.39
1686.13;15;369;2;1682.38;1681.79
1690.89;13;284;3;1689.34;1688.96
1692.63;18;448;0;1689.66;1689.2
1694.02;23;327;1;1691.89;1691.43
1696.18;15;369;2;1692.42;1691.84
1700.91;13;284;3;1699.35;1698.98
1702.68;18;448;0;1699.71;1699.24
1704.07;23;327;1;1701.93;1701.47
1706.22;15;369;2;1702.46;1701.88
1710.95;13;284;3;1709.4;1709.02
1712.72;18;448;0;1709.75;1709.29
1714.11;23;327;1;1711.98;1711.51
1716.22;15;369;2;1712.47;1711.89
1721;13;284;3;1719.44;1719.07
1722.77;18;448;0;1719.79;1719.33
1724.13;23;327;1;1721.99;1721.53
1726.27;15;369;2;1722.51;1721.93
1731.04;13;284;3;1729.49;1729.11
1732.81;18;448;0;1729.84;1729.37
1734.17;23;327;1;1732.04;1731.57
1736.31;15;369;2;1732.56;1731.97
1741.08;13;284;3;1739.53;1739.16
1742.85;18;448;0;1739.88;1739.42
1744.22;23;327;1;1742.08;1741.62
1746.36;15;369;2;1742.6;1742.02
1751.13;13;284;3;1749.57;1749.2
1752.9;18;448;0;1749.92;1749.46
1754.26;23;327;1;1752.13;1751.66
1756.4;15;369;2;1752.64;1752.06
1761.17;13;284;3;1759.62;1759.24
1762.94;18;448;0;1759.97;1759.5
1764.31;23;327;1;1762.17;1761.71
1766.45;15;369;2;1762.69;1762.11
1771.22;13;284;3;1769.66;1769.29
1772.99;18;448;0;1770.01;1769.55
1774.35;23;327;1;1772.22;1771.75
1776.49;15;369;2;1772.73;1772.15
1781.26;13;284;3;1779.71;1779.33
1783.03;18;448;0;1780.06;1779.59
1784.4;23;327;1;1782.26;1781.8
1786.52;15;369;2;1782.76;1782.18
1791.31;13;284;3;1789.75;1789.38
1793.08;18;448;0;1790.1;1789.64
1794.44;23;327;1;1792.31;1791.84
1796.56;15;369;2;1792.81;1792.23
1801.35;13;284;3;1799.8;1799.42
1803.12;18;448;0;1800.15;1799.68
1804.48;23;327;1;1802.35;1801.89
1806.61;15;369;2;1802.59;1802.27
1811.4;13;284;3;1809.84;1809.47
1813.12;18;448;0;1810.15;1809.69
1814.53;23;327;1;1812.39;1811.93
1816.65;15;369;2;1812.64;1812.32
1821.44;13;284;3;1819.89;1819.51
1823.12;18;448;0;1820.15;1819.69
1824.57;23;327;1;1822.44;1821.97
1826.66;15;369;2;1822.64;1822.32
1831.48;13;284;3;1829.93;1829.56
1833.17;18;448;0;1830.2;1829.73
1834.62;23;327;1;1832.48;1832.02
1836.7;15;369;2;1832.68;1832.36
1841.53;13;284;3;1839.97;1839.6
1843.21;18;448;0;1840.24;1839.78
1844.66;23;327;1;1842.53;1842.06
1846.72;15;369;2;1842.7;1842.38
1851.57;13;284;3;1850.02;1849.64
1853.26;18;448;0;1850.28;1849.82
1854.68;23;327;1;1852.54;1852.08
1856.76;15;369;2;1852.74;1852.42
1861.62;13;284;3;1860.06;1859.69
1863.29;18;448;0;1860.32;1859.86
1864.72;23;327;1;1862.59;1862.12
1866.81;15;369;2;1862.79;1862.47
1871.66;13;284;3;1870.11;1869.73
1873.34;18;448;0;1870.37;1869.9
1874.77;23;327;1;1872.63;1872.17
1876.85;15;369;2;1872.83;1872.51
1881.71;13;284;3;1880.15;1879.78
1883.38;18;448;0;1880.41;1879.95
1884.81;23;327;1;1882.68;1882.21
1886.9;15;369;2;1882.88;1882.56
1891.75;13;284;3;1890.2;1889.82
1893.39;18;448;0;1890.42;1889.96
1894.86;23;327;1;1892.72;1892.26
1896.94;15;369;2;1892.92;1892.6
1901.8;13;284;3;1900.24;1899.87
1903.44;18;448;0;1900.46;1900
1904.88;23;327;1;1902.75;1902.29
1906.98;15;369;2;1902.97;1902.65
1911.84;13;284;3;1910.28;1909.91
1913.48;18;448;0;1910.51;1910.04
1914.92;23;327;1;1912.79;1912.33
1921.88;13;284;3;1920.33;1919.95
1922.87;20;158;2;1919.11;1918.85
1923.53;18;448;0;1920.55;1920.09
1931.11;22;274;1;1928.98;1928.51
1931.92;13;284;3;1930.37;1930
1932.91;20;158;2;1929.26;1928.89
1933.57;18;448;0;1930.6;1930.13
1941.16;22;274;1;1939.02;1938.56
1941.97;13;284;3;1940.42;1940.04
1942.95;20;158;2;1939.31;1938.93
1943.58;18;448;0;1940.6;1940.14
1951.2;22;274;1;1949.07;1948.6
1952.01;13;284;3;1950.46;1950.08
1953;20;158;2;1949.35;1948.98
1959.04;12;366;0;1956.44;1956.07
1961.25;22;274;1;1959.11;1958.65
1962.06;13;284;3;1960.5;1960.13
1963.01;20;158;2;1959.37;1958.99
1969.37;12;366;0;1966.77;1966.39
1971.29;22;274;1;1969.16;1968.69
1972.09;13;284;3;1970.53;1970.16
1973.05;20;158;2;1969.41;1969.04
1979.37;12;366;0;1976.77;1976.4
1981.3;22;274;1;1979.17;1978.7
1983.1;20;158;2;1979.46;1979.08
1988.33;3;543;3;1516.38;1209.07
1989.38;12;366;0;1986.79;1986.41
1991.33;22;274;1;1989.2;1988.73
1993.14;20;158;2;1989.5;1989.13
1998.37;3;543;3;1526.42;1219.11
1999.41;12;366;0;1996.81;1996.44
2001.38;22;274;1;1999.24;1998.78
2003.16;20;158;2;1999.51;1999.14
2008.4;3;543;3;1536.45;1229.14
2009.45;12;366;0;2007.32;2006.48
2011.38;22;274;1;2009.25;2008.79
2013.2;20;158;2;2009.56;2009.18
2018.45;3;543;3;1546.49;1239.19
2019.5;12;366;0;2017.36;2016.52
2021.4;22;274;1;2019.27;2018.8
2023.25;20;158;2;2019.6;2019.23
2028.49;3;543;3;1556.54;1249.23
2029.54;12;366;0;2027.4;2026.56
2031.45;22;274;1;2029.31;2028.85
2033.25;20;158;2;2029.61;2029.23
2038.53;3;543;3;1566.58;1259.27
2039.58;12;366;0;2037.45;2036.61
2041.46;22;274;1;2039.33;2038.86
2043.26;20;158;2;2039.62;2039.25
2048.56;3;543;3;1576.6;1269.3
2049.62;12;366;0;2047.49;2046.65
2051.5;22;274;1;2049.37;2048.91
2053.29;20;158;2;2049.65;2049.28
2058.6;3;543;3;1586.65;1279.34
2059.67;12;366;0;2057.53;2056.7
2061.55;22;274;1;2059.41;2058.95
2063.34;20;158;2;2059.7;2059.32
2068.64;3;543;3;1596.69;1289.38
2069.71;12;366;0;2067.58;2066.74
2071.59;22;274;1;2069.46;2068.99
2073.38;20;158;2;2069.74;2069.37
2078.65;3;543;3;1606.7;1299.39
2079.75;12;366;0;2077.62;2076.78
2081.64;22;274;1;2079.5;2079.04
2083.43;20;158;2;2079.79;2079.41
2088.69;3;543;3;1616.74;1309.43
2089.8;12;366;0;2087.66;2086.82
2091.66;22;274;1;2089.53;2089.07
2093.47;20;158;2;2089.72;2089.45
2098.7;3;543;3;1626.75;1319.44
2099.84;12;366;0;2097.71;2096.87
2101.71;22;274;1;2099.57;2099.11
2103.52;20;158;2;2099.76;2099.5
2108.74;3;543;3;1636.79;1329.48
2109.85;12;366;0;2107.72;2106.88
2111.75;22;274;1;2109.62;2109.15
2113.55;20;158;2;2109.79;2109.53
2118.79;3;543;3;1646.84;1339.53
2119.9;12;366;0;2117.76;2116.92
2121.8;22;274;1;2119.66;2119.2
2123.59;20;158;2;2119.84;2119.57
2128.83;3;543;3;1656.88;1349.57
2129.94;12;366;0;2127.81;2126.97
2131.84;22;274;1;2129.71;2129.24
2133.64;20;158;2;2129.88;2129.62
2138.88;3;543;3;1666.93;1359.62
2139.98;12;366;0;2137.39;2137.01
2141.88;22;274;1;2139.74;2139.28
2143.67;20;158;2;2139.91;2139.65
2148.89;3;543;3;1676.94;1369.63
2150.01;12;366;0;2147.41;2147.03
2151.91;22;274;1;2149.78;2149.31
2153.72;20;158;2;2149.96;2149.7
2158.9;3;543;3;1632.17;1379.64
2160.05;12;366;0;2157.45;2157.08
2161.96;22;274;1;2159.82;2159.36
2163.76;20;158;2;2160;2159.74
2168.95;3;543;3;1642.21;1389.69
2170.09;12;366;0;2167.49;2167.12
2172;22;274;1;2169.87;2169.4
2173.8;20;158;2;2170.05;2169.79
2178.96;3;543;3;1652.22;1399.7
2180.13;12;366;0;2177.53;2177.16
2182.02;22;274;1;2179.89;2179.42
2183.85;20;158;2;2180.09;2179.83
2189;3;543;3;1662.26;1409.74
2190.18;12;366;0;2187.58;2187.2
2192.07;22;274;1;2189.93;2189.47
2193.89;20;158;2;2190.14;2189.88
2199.04;3;543;3;1672.31;1419.78
2200.22;12;366;0;2197.62;2197.25
2202.09;22;274;1;2199.96;2199.49
2209.09;3;543;3;1682.35;1429.83
2210.22;31;119;2;2206.58;2206.46
2210.26;12;366;0;2207.67;2207.29
2212.14;22;274;1;2210;2209.54
2219.13;3;543;3;1692.4;1439.87
2220.26;31;119;2;2216.62;2216.51
2220.31;12;366;0;2217.71;2217.34
2228.66;23;523;1;652.22;394
2229.18;3;543;3;1702.44;1449.92
2230.28;31;119;2;2226.64;2226.53
2230.33;12;366;0;2227.73;2227.35
2238.82;23;523;1;662.37;404.15
2239.2;3;543;3;1712.46;1459.94
2240.33;31;119;2;2236.69;2236.57
2240.37;12;366;0;2237.77;2237.4
2248.86;23;523;1;672.42;414.2
2249.25;3;543;3;1722.51;1469.99
2250.37;31;119;2;2246.73;2246.61
2256.57;17;404;0;1477.31;1244.01
2258.9;23;523;1;682.46;424.24
2259.25;3;543;3;1732.52;1479.99
2260.39;31;119;2;2256.74;2256.63
2266.86;17;404;0;1487.6;1254.31
2268.95;23;523;1;692.51;434.29
2269.3;3;543;3;1742.56;1490.04
2270.43;31;119;2;2266.79;2266.67
2276.91;17;404;0;1497.65;1264.35
2278.99;23;523;1;702.55;444.33
2279.34;3;543;3;1752.6;1500.08
2280.48;31;119;2;2276.83;2276.72
2286.95;17;404;0;1507.69;1274.39
2289.04;23;523;1;712.59;454.38
2290.52;31;119;2;2286.88;2286.76
2295.82;6;88;3;2293.89;2293.68
2296.99;17;404;0;1517.73;1284.43
2299.07;23;523;1;722.63;464.41
2300.57;31;119;2;2296.92;2296.81
2305.86;6;88;3;2303.93;2303.73
2307.03;17;404;0;1527.78;1294.48
2309.11;23;523;1;732.67;474.45
2310.61;31;119;2;2306.96;2306.85
2315.91;6;88;3;2313.98;2313.77
2317.08;17;404;0;1537.82;1304.52
2319.16;23;523;1;802.27;484.49
2320.65;31;119;2;2317.01;2316.89
2325.91;6;88;3;2323.98;2323.78
2327.12;17;404;0;1547.86;1314.57
2329.2;23;523;1;812.32;494.54
2330.7;31;119;2;2327.05;2326.94
2335.96;6;88;3;2334.03;2333.82
2337.17;17;404;0;1557.91;1324.61
2339.24;23;523;1;822.36;504.58
2340.73;31;119;2;2337.09;2336.97
2345.97;6;88;3;2344.05;2343.84
2347.21;17;404;0;1567.95;1334.66
2349.29;23;523;1;832.4;514.63
2350.77;31;119;2;2347.13;2347.02
2356.02;6;88;3;2354.09;2353.88
2357.26;17;404;0;1578;1344.7
2359.31;23;523;1;842.43;524.65
2360.8;31;119;2;2357.16;2357.04
2366.06;6;88;3;2364.13;2363.93
2367.3;17;404;0;1588.04;1354.75
2369.35;23;523;1;852.47;534.69
2370.84;31;119;2;2367.2;2367.09
2376.11;6;88;3;2374.18;2373.97
2377.35;17;404;0;1598.09;1364.79
2379.4;23;523;1;862.51;544.74
2380.89;31;119;2;2377.25;2377.13
2386.15;6;88;3;2384.22;2384.02
2387.39;17;404;0;1608.13;1374.83
2389.44;23;523;1;872.56;554.78
2390.93;31;119;2;2387.29;2387.18
2396.17;6;88;3;2394.24;2394.03
2397.43;17;404;0;1618.18;1384.88
2399.49;23;523;1;882.6;564.82
2400.98;31;119;2;2397.33;2397.22
2406.21;6;88;3;2404.28;2404.08
2407.48;17;404;0;1628.22;1394.92
2409.53;23;523;1;892.65;574.87
2411.02;31;119;2;2407.38;2407.26
2416.23;6;88;3;2414.3;2414.1
2417.52;17;404;0;1638.26;1404.96
2419.56;23;523;1;902.67;584.89
2421.07;31;119;2;2417.42;2417.31
2426.27;6;88;3;2424.35;2424.14
2427.56;17;404;0;1648.3;1415.01
2429.6;23;523;1;912.72;594.94
2431.08;31;119;2;2427.44;2427.33
2436.32;6;88;3;2434.39;2434.18
2437.61;17;404;0;1658.35;1425.05
2439.65;23;523;1;922.76;604.98
2441.12;31;119;2;2437.47;2437.36
2446.36;6;88;3;2444.43;2444.22
2447.65;17;404;0;1664.17;1435.1
2449.68;23;523;1;932.8;615.02
2451.16;31;119;2;2447.52;2447.4
2456.37;6;88;3;2454.44;2454.23
2457.7;17;404;0;1674.22;1445.14
2459.72;23;523;1;942.84;625.06
2461.16;31;119;2;2457.52;2457.41
2466.41;6;88;3;2464.48;2464.28
2467.74;17;404;0;1684.26;1455.18
2469.77;23;523;1;952.89;635.11
2471.21;31;119;2;2467.57;2467.45
2476.41;6;88;3;2474.48;2474.28
2477.79;17;404;0;1694.31;1465.23
2479.8;23;523;1;903.36;645.14
2481.25;31;119;2;2477.61;2477.5
2486.45;6;88;3;2484.53;2484.32
2487.83;17;404;0;1704.35;1475.27
2489.8;23;523;1;913.36;655.14
2496.5;6;88;3;2494.57;2494.36
2497.55;15;70;2;862.7;574.64
2497.87;17;404;0;1714.39;1485.32
2499.84;23;523;1;923.39;665.17
2506.54;6;88;3;2504.61;2504.41
2507.6;15;70;2;872.75;584.69
2507.92;17;404;0;1724.44;1495.36
2509.88;23;523;1;933.44;675.22
2516.55;6;88;3;2514.62;2514.42
2517.63;15;70;2;882.78;594.72
2517.96;17;404;0;1734.48;1505.41
2519.93;23;523;1;943.48;685.26
2526.59;6;88;3;2524.67;2524.46
2527.64;15;70;2;892.79;604.73
2527.97;17;404;0;1744.49;1515.41
2529.97;23;523;1;953.53;695.31
2536.64;6;88;3;2534.71;2534.5
2537.65;15;70;2;902.8;614.74
2537.98;17;404;0;1754.5;1525.42
2546.64;22;453;1;2543.2;2543
2546.68;6;88;3;2544.75;2544.55
2547.7;15;70;2;912.85;624.79
2553.71;18;505;0;2549.69;2549.37
2556.68;22;453;1;2553.25;2553.04
2556.73;6;88;3;2554.8;2554.59
2557.74;15;70;2;922.89;634.83
2563.83;18;505;0;2559.82;2559.5
2566.73;22;453;1;2563.29;2563.08
2566.77;6;88;3;2564.84;2564.64
2567.74;15;70;2;932.89;644.83
2573.88;18;505;0;2569.86;2569.54
2576.77;22;453;1;2573.33;2573.13
2576.81;6;88;3;2574.89;2574.68
2577.79;15;70;2;942.94;654.88
2583.92;18;505;0;2579.91;2579.59
2586.81;22;453;1;2583.38;2583.17
2587.83;15;70;2;952.98;664.92
2593.2;13;440;3;2590.22;2589.76
2593.97;18;505;0;2589.95;2589.63
2596.86;22;453;1;2593.89;2593.22
2597.88;15;70;2;1021.43;674.97
2603.34;13;440;3;2600.37;2599.9
2603.98;18;505;0;2599.96;2599.64
2606.9;22;453;1;2603.93;2603.26
2607.92;15;70;2;1031.48;685.01
2613.37;13;440;3;2610.4;2609.94
2614.03;18;505;0;2610.01;2609.69
2616.91;22;453;1;2613.94;2613.27
2617.96;15;70;2;1041.51;695.05
2623.41;13;440;3;2620.43;2619.97
2624.07;18;505;0;2620.05;2619.73
2626.96;22;453;1;2623.98;2623.31
2627.97;15;70;2;1051.52;705.06
2633.45;13;440;3;2630.48;2630.01
2634.11;18;505;0;2630.1;2629.78
2636.99;22;453;1;2634.02;2633.35
2638.01;15;70;2;1061.57;715.1
2643.46;13;440;3;2640.86;2640.02
2644.16;18;505;0;2640.14;2639.82
2647.02;22;453;1;2644.04;2643.37
2648.04;15;70;2;1071.6;725.13
2653.5;13;440;3;2650.91;2650.07
2654.2;18;505;0;2650.19;2649.87
2657.06;22;453;1;2654.09;2653.42
2658.08;15;70;2;1081.64;735.17
2663.55;13;440;3;2660.95;2660.11
2664.24;18;505;0;2660.23;2659.91
2667.1;22;453;1;2664.13;2663.46
2668.13;15;70;2;1091.69;745.22
2673.57;13;440;3;2670.97;2670.13
2674.29;18;505;0;2670.27;2669.95
2677.15;22;453;1;2674.18;2673.51
2678.17;15;70;2;1101.73;755.26
2683.61;13;440;3;2681.01;2680.17
2684.33;18;505;0;2680.31;2679.99
2687.17;22;453;1;2684.2;2683.53
2688.22;15;70;2;1111.78;765.31
2693.66;13;440;3;2691.06;2690.22
2694.38;18;505;0;2690.36;2690.04
2697.22;22;453;1;2694.24;2693.58
2698.26;15;70;2;1121.82;775.35
2703.7;13;440;3;2701.1;2700.26
2704.42;18;505;0;2700.4;2700.08
2707.26;22;453;1;2704.29;2703.62
2708.31;15;70;2;1131.86;785.4
2713.74;13;440;3;2711.15;2710.31
2714.46;18;505;0;2710.45;2710.13
2717.31;22;453;1;2714.33;2713.66
2718.35;15;70;2;1141.91;795.44
2723.75;13;440;3;2721.15;2720.31
2724.51;18;505;0;2720.49;2720.17
2727.35;22;453;1;2723.91;2723.71
2728.4;15;70;2;1093.55;805.49
2733.79;13;440;3;2731.19;2730.36
2734.55;18;505;0;2730.54;2730.22
2737.38;22;453;1;2733.95;2733.74
2738.42;15;70;2;1103.57;815.51
2743.84;13;440;3;2741.24;2740.4
2744.59;18;505;0;2740.58;2740.26
2747.43;22;453;1;2743.99;2743.79
2748.47;15;70;2;1113.62;825.56
2753.88;13;440;3;2751.28;2750.44
2754.64;18;505;0;2750.62;2750.3
2757.47;22;453;1;2754.04;2753.83
2758.51;15;70;2;1123.66;835.6
2763.93;13;440;3;2761.33;2760.49
2764.68;18;505;0;2760.66;2760.34
2767.48;22;453;1;2764.04;2763.84
2768.52;15;70;2;1133.68;845.61
2773.97;13;440;3;2771;2770.53
2774.72;18;505;0;2770.7;2770.38
2777.5;22;453;1;2774.06;2773.86
2778.55;15;70;2;1143.7;855.64
2784.01;13;440;3;2781.04;2780.58
2784.77;18;505;0;2780.75;2780.43
2787.55;22;453;1;2784.11;2783.9
2794.06;13;440;3;2791.09;2790.62
2794.81;18;505;0;2790.79;2790.47
2795.14;20;7;2;1822.69;1723.98
2797.59;22;453;1;2794.15;2793.95
2804.08;13;440;3;2801.1;2800.64
2804.84;18;505;0;2800.82;2800.5
2805.24;20;7;2;1832.79;1734.08
2807.64;22;453;1;2804.2;2803.99
2814.12;13;440;3;2811.15;2810.68
2814.84;18;505;0;2810.82;2810.5
2815.25;20;7;2;1842.79;1744.08
2817.68;22;453;1;2814.24;2814.04
2824.17;13;440;3;2821.19;2820.73
2824.88;18;505;0;2820.86;2820.54
2825.29;20;7;2;1852.84;1754.12
2827.69;22;453;1;2824.25;2824.05
2834.21;13;440;3;2831.24;2830.77
2835.33;20;7;2;1862.88;1764.17
2840.52;12;367;0;2836.76;2836.5
2843.59;23;374;1;703.56;413.95
2844.22;13;440;3;2841.24;2840.78
2845.36;20;7;2;1872.9;1774.19
2850.84;12;367;0;2847.09;2846.83
2853.84;23;374;1;713.81;424.19
2854.22;13;440;3;2851.25;2850.78
2855.4;20;7;2;1882.95;1784.24
2860.89;12;367;0;2857.13;2856.87
2863.85;23;374;1;723.82;434.21
2864.23;13;440;3;2861.25;2860.79
2865.45;20;7;2;1892.99;1794.28
2870.92;12;367;0;2867.16;2866.9
2873.85;23;374;1;733.83;444.21
2874.27;13;440;3;2871.3;2870.83
2875.49;20;7;2;1903.04;1804.33
2880.96;12;367;0;2877.2;2876.94
2883.9;23;374;1;743.87;454.25
2885.52;20;7;2;1913.07;1814.36
2890.02;3;549;3;1552.87;1255.17
2891.01;12;367;0;2887.25;2886.99
2893.94;23;374;1;753.91;464.29
2895.57;20;7;2;1923.11;1824.4
2900.1;3;549;3;1562.95;1265.25
2901.01;12;367;0;2897.25;2896.99
2903.98;23;374;1;763.95;474.34
2905.61;20;7;2;2122.13;1834.45
2910.14;3;549;3;1573;1275.29
2911.06;12;367;0;2907.3;2907.04
2914.03;23;374;1;774;484.38
2915.62;20;7;2;2132.14;1844.45
2920.19;3;549;3;1583.04;1285.34
2921.1;12;367;0;2917.34;2917.08
2924.07;23;374;1;784.04;494.43
2925.66;20;7;2;2142.19;1854.5
2930.23;3;549;3;1593.09;1295.38
2931.14;12;367;0;2927.38;2927.12
2934.08;23;374;1;794.05;504.43
2935.68;20;7;2;2152.2;1864.51
2940.28;3;549;3;1603.13;1305.43
2941.18;12;367;0;2937.43;2937.17
2944.12;23;374;1;804.09;514.48
2945.72;20;7;2;2162.24;1874.56
2950.31;3;549;3;1613.16;1315.46
2951.23;12;367;0;2947.47;2947.21
2954.17;23;374;1;852.41;524.52
2955.77;20;7;2;2172.29;1884.6
2960.32;3;549;3;1623.17;1325.47
2961.27;12;367;0;2957.52;2957.26
2964.21;23;374;1;862.46;534.57
2965.8;20;7;2;2182.32;1894.64
2970.33;3;549;3;1633.18;1335.48
2971.32;12;367;0;2967.56;2967.3
2974.26;23;374;1;872.5;544.61
2975.85;20;7;2;2192.37;1904.68
2980.35;3;549;3;1643.2;1345.5
2981.36;12;367;0;2977.61;2977.34
2984.28;23;374;1;882.52;554.63
2985.89;20;7;2;2202.41;1914.73
2990.39;3;549;3;1653.25;1355.54
2991.41;12;367;0;2987.65;2987.39
2994.32;23;374;1;892.57;564.68
2995.94;20;7;2;2212.46;1924.77
3000.44;3;549;3;1663.29;1365.59
3001.45;12;367;0;2997.69;2997.43
3004.37;23;374;1;902.61;574.72
3005.98;20;7;2;2222.5;1934.82
3010.44;3;549;3;1673.29;1375.59
3011.5;12;367;0;3007.74;3007.48
3014.41;23;374;1;912.66;584.77
3015.98;20;7;2;2232.5;1944.82
3020.48;3;549;3;1683.34;1385.64
3021.54;12;367;0;3017.78;3017.52
3024.46;23;374;1;922.7;594.81
3026.03;20;7;2;2242.55;1954.86
3030.53;3;549;3;1693.38;1395.68
3031.58;12;367;0;3027.83;3027.57
3034.48;23;374;1;932.72;604.83
3036.05;20;7;2;2252.57;1964.88
3040.57;3;549;3;1703.43;1405.72
3041.62;12;367;0;3037.86;3037.6
3044.52;23;374;1;942.77;614.87
3046.06;20;7;2;2262.59;1974.9
3050.59;3;549;3;1713.45;1415.74
3051.66;12;367;0;3047.9;3047.64
3054.56;23;374;1;952.81;624.92
3056.08;20;7;2;2083.63;1984.91
3060.61;3;549;3;1723.47;1425.76
3061.71;12;367;0;3057.95;3057.69
3064.57;23;374;1;962.82;634.93
3066.12;20;7;2;2093.67;1994.96
3070.66;3;549;3;1733.51;1435.81
3071.74;12;367;0;3067.98;3067.72
3074.62;23;374;1;972.86;644.97
3080.67;3;549;3;1732.5;1445.82
3081.75;12;367;0;3077.99;3077.73
3081.9;31;24;2;902.9;620.69
3084.66;23;374;1;982.91;655.02
3090.71;3;549;3;1742.54;1455.86
3091.8;12;367;0;3088.04;3087.78
3091.94;31;24;2;912.94;630.73
3094.68;23;374;1;992.92;665.03
3100.76;3;549;3;1752.59;1465.91
3101.84;12;367;0;3098.08;3097.82
3101.97;31;24;2;922.97;640.77
3104.72;23;374;1;1002.97;675.08
3110.8;3;549;3;1762.63;1475.95
3111.89;12;367;0;3108.13;3107.87
3111.98;31;24;2;932.98;650.77
3114.77;23;374;1;1013.01;685.12
3120.85;3;549;3;1772.68;1486
3122.03;31;24;2;943.03;660.82
3124.81;23;374;1;1023.06;695.17
3127.66;17;271;0;1274.35;987.63
3130.86;3;549;3;1782.69;1496.01
3132.07;31;24;2;953.07;670.86
3134.86;23;374;1;1033.1;705.21
3137.94;17;271;0;1284.64;997.91
3140.9;3;549;3;1792.73;1506.06
3142.08;31;24;2;963.08;680.87
3144.86;23;374;1;1043.11;715.22
3147.99;17;271;0;1294.68;1007.96
3150.95;3;549;3;1802.78;1516.1
3152.13;31;24;2;973.13;690.92
3154.89;23;374;1;1053.13;725.24
3158.02;17;271;0;1304.71;1017.99
3160.99;3;549;3;1812.82;1526.14
3162.17;31;24;2;983.17;700.96
3168.06;17;271;0;1314.76;1028.03
3170.88;22;428;1;3168.28;3167.91
3171.04;3;549;3;1822.87;1536.19
3172.22;31;24;2;993.22;711.01
3178.1;17;271;0;1324.8;1038.07
3180.93;22;428;1;3178.33;3177.96
3182.26;31;24;2;1003.26;721.05
3187.4;6;145;3;3185.26;3184.8
3188.15;17;271;0;1334.85;1048.12
3190.98;22;428;1;3188.38;3188
3192.3;31;24;2;1052.27;731.1
3197.44;6;145;3;3195.31;3194.84
3198.19;17;271;0;1344.89;1058.16
3201.02;22;428;1;3198.42;3198.05
3202.35;31;24;2;1062.32;741.14
3207.49;6;145;3;3205.35;3204.89
3208.24;17;271;0;1354.93;1068.21
3211.07;22;428;1;3208.47;3208.09
3212.39;31;24;2;1072.36;751.18
3217.52;6;145;3;3215.38;3214.92
3218.28;17;271;0;1364.97;1078.25
3221.11;22;428;1;3218.51;3218.14
3222.44;31;24;2;1082.41;761.23
3227.56;6;145;3;3225.43;3224.96
3228.32;17;271;0;1375.02;1088.29
3231.15;22;428;1;3228.55;3228.18
3232.48;31;24;2;1092.45;771.27
3237.61;6;145;3;3235.47;3235.01
3238.35;17;271;0;1403.69;1098.33
3241.15;22;428;1;3238.55;3238.18
3242.52;31;24;2;1102.49;781.31
3247.65;6;145;3;3245.72;3245.05
3248.39;17;271;0;1413.73;1108.36
3251.19;22;428;1;3248.59;3248.22
3252.57;31;24;2;1112.54;791.36
3257.69;6;145;3;3255.77;3255.1
3258.44;17;271;0;1423.78;1118.41
3261.24;22;428;1;3258.64;3258.26
3262.61;31;24;2;1122.58;801.4
3267.74;6;145;3;3265.81;3265.14
3268.48;17;271;0;1433.82;1128.45
3271.28;22;428;1;3268.68;3268.31
3272.64;31;24;2;1132.61;811.43
3277.78;6;145;3;3275.85;3275.18
3278.5;17;271;0;1443.84;1138.47
3281.33;22;428;1;3278.73;3278.35
3282.69;31;24;2;1142.66;821.48
3287.83;6;145;3;3285.9;3285.23
3288.54;17;271;0;1453.88;1148.51
3291.36;22;428;1;3288.77;3288.39
3292.73;31;24;2;1152.7;831.52
3297.84;6;145;3;3295.91;3295.24
3298.59;17;271;0;1463.92;1158.56
3301.41;22;428;1;3298.81;3298.44
3302.77;31;24;2;1162.74;841.56
3307.88;6;145;3;3305.96;3305.29
3308.63;17;271;0;1473.97;1168.6
3311.45;22;428;1;3308.85;3308.48
3312.82;31;24;2;1172.79;851.61
3317.91;6;145;3;3315.98;3315.31
3318.68;17;271;0;1484.01;1178.65
3321.5;22;428;1;3318.9;3318.52
3322.85;31;24;2;1182.82;861.65
3327.93;6;145;3;3326;3325.33
3328.72;17;271;0;1494.06;1188.69
3331.51;22;428;1;3328.91;3328.54
3332.9;31;24;2;1192.87;871.69
3337.97;6;145;3;3336.04;3335.37
3338.76;17;271;0;1504.1;1198.73
3341.52;22;428;1;3338.92;3338.55
3342.94;31;24;2;1202.91;881.73
3347.98;6;145;3;3346.05;3345.38
3348.81;17;271;0;1514.15;1208.78
3351.56;22;428;1;3348.96;3348.59
3352.99;31;24;2;1212.96;891.78
3357.99;6;145;3;3356.06;3355.39
3358.85;17;271;0;1524.19;1218.82
3361.61;22;428;1;3359.01;3358.63
3368.04;6;145;3;3365.9;3365.44
3368.9;17;271;0;1534.24;1228.87
3368.99;15;508;2;3364.97;3364.65
3371.65;22;428;1;3369.05;3368.67
3378.08;6;145;3;3375.95;3375.48
3378.91;17;271;0;1544.25;1238.88
3379.13;15;508;2;3375.11;3374.79
3381.69;22;428;1;3379.09;3378.72
3388.13;6;145;3;3385.99;3385.53
3388.92;17;271;0;1554.26;1248.89
3389.18;15;508;2;3385.16;3384.84
3391.74;22;428;1;3389.14;3388.76
3398.17;6;145;3;3396.04;3395.57
3398.97;17;271;0;1564.3;1258.94
3399.22;15;508;2;3395.2;3394.88
3401.78;22;428;1;3399.18;3398.81
3408.21;6;145;3;3406.08;3405.62
3409.27;15;508;2;3405.25;3404.93
3411.83;22;428;1;3409.23;3408.85
3415.13;18;484;0;985.49;710.67
3418.23;6;145;3;3416.09;3415.63
3419.31;15;508;2;3415.29;3414.97
3421.87;22;428;1;3419.27;3418.9
3425.15;18;484;0;995.51;720.69
3428.24;6;145;3;3426.11;3425.64
3429.32;15;508;2;3425.3;3424.98
3431.91;22;428;1;3429.32;3428.94
3435.18;18;484;0;1005.54;730.72
3438.28;6;145;3;3436.15;3435.69
3439.36;15;508;2;3435.34;3435.02
3441.96;22;428;1;3439.36;3438.99
3445.18;18;484;0;1015.54;740.72
3448.32;6;145;3;3446.18;3445.72
3449.36;15;508;2;3445.34;3445.02
3452;22;428;1;3449.4;3449.03
3455.23;18;484;0;1025.58;750.76
3458.36;6;145;3;3456.23;3455.76
3459.37;15;508;2;3455.35;3455.03
3465.27;18;484;0;1035.63;760.81
3468.29;23;278;1;2783.93;2495.83
3468.37;6;145;3;3466.24;3465.78
3469.38;15;508;2;3465.36;3465.04
3475.32;18;484;0;1045.67;770.85
3478.32;23;278;1;2793.96;2505.86
3479.43;15;508;2;3475.41;3475.09
3483.94;13;325;3;3480.18;3479.92
3485.34;18;484;0;1055.7;780.88
3488.36;23;278;1;2804.01;2515.91
3489.47;15;508;2;3485.45;3485.13
3494.1;13;325;3;3490.34;3490.08
3495.39;18;484;0;1065.74;790.92
3498.41;23;278;1;2814.05;2525.95
3499.52;15;508;2;3495.5;3495.18
3504.14;13;325;3;3500.39;3500.13
3505.4;18;484;0;1075.75;800.93
3508.45;23;278;1;2824.1;2536
3509.56;15;508;2;3505.54;3505.22
3514.19;13;325;3;3510.43;3510.17
3515.44;18;484;0;1085.8;810.98
3518.5;23;278;1;2834.14;2546.04
3519.58;15;508;2;3515.56;3515.24
3524.23;13;325;3;3520.48;3520.21
3525.47;18;484;0;1095.83;821.01
3528.54;23;278;1;2844.19;2556.09
3529.62;15;508;2;3525.6;3525.28
3534.27;13;325;3;3530.52;3530.26
3535.52;18;484;0;1105.87;831.05
3538.58;23;278;1;2854.22;2566.12
3539.62;15;508;2;3535.6;3535.28
3544.32;13;325;3;3540.56;3540.3
3545.55;18;484;0;1115.9;841.08
3548.62;23;278;1;2864.26;2576.16
3549.63;15;508;2;3545.61;3545.29
3554.36;13;325;3;3550.61;3550.35
3555.56;18;484;0;1125.92;851.1
3558.66;23;278;1;2874.31;2586.21
3559.67;15;508;2;3555.65;3555.33
3564.41;13;325;3;3560.65;3560.39
3565.61;18;484;0;1135.96;861.14
3568.7;23;278;1;2884.35;2596.25
3569.7;15;508;2;3565.68;3565.36
3574.43;13;325;3;3570.68;3570.42
3575.65;18;484;0;1146.01;871.19
3578.75;23;278;1;2894.39;2606.29
3579.71;15;508;2;3575.7;3575.38
3584.47;13;325;3;3580.71;3580.45
3585.7;18;484;0;1156.05;881.23
3588.79;23;278;1;2904.43;2616.33
3589.76;15;508;2;3585.74;3585.42
3594.51;13;325;3;3590.75;3590.49
3595.72;18;484;0;1166.07;891.26
3598.81;23;278;1;2914.45;2626.35
3599.76;15;508;2;3595.74;3595.42
3604.56;13;325;3;3600.8;3600.54
3605.76;18;484;0;1176.12;901.3
3608.85;23;278;1;2924.5;2636.4
3609.81;15;508;2;3605.79;3605.47
3614.6;13;325;3;3610.84;3610.58
3615.81;18;484;0;1186.16;911.34
3618.89;23;278;1;2934.53;2646.43
3619.81;15;508;2;3615.8;3615.48
3624.63;13;325;3;3620.87;3620.61
3625.83;18;484;0;1196.19;921.37
3628.93;23;278;1;2944.58;2656.48
3629.86;15;508;2;3625.84;3625.52
3634.68;13;325;3;3630.92;3630.66
3635.87;18;484;0;1206.22;931.4
3638.95;23;278;1;2954.59;2666.49
3639.9;15;508;2;3635.88;3635.56
3644.72;13;325;3;3640.96;3640.7
3645.91;18;484;0;1216.27;941.45
3648.99;23;278;1;2964.64;2676.54
3654.76;13;325;3;3651;3650.74
3655.96;18;484;0;1226.31;951.49
3656.05;20;35;2;3651.71;3651.24
3659.04;23;278;1;2944.21;2686.58
3664.76;13;325;3;3661;3660.74
3666;18;484;0;1236.36;961.54
3666.28;20;35;2;3661.94;3661.48
3669.07;23;278;1;2954.24;2696.61
3674.77;13;325;3;3671.01;3670.75
3676.05;18;484;0;1246.4;971.58
3676.29;20;35;2;3671.95;3671.49
3679.11;23;278;1;2964.28;2706.66
3684.81;13;325;3;3681.06;3680.8
3686.08;18;484;0;1256.44;981.62
3686.29;20;35;2;3681.96;3681.49
3689.16;23;278;1;2974.32;2716.7
3694.82;13;325;3;3691.06;3690.8
3696.12;18;484;0;1266.47;991.65
3696.34;20;35;2;3692;3691.54
3699.2;23;278;1;2984.37;2726.75
3704.84;13;325;3;3701.08;3700.82
3706.35;20;35;2;3702.01;3701.55
3709.24;23;278;1;2994.41;2736.79
3711.79;12;442;0;1007.33;700.25
3714.89;13;325;3;3711.13;3710.87
3716.39;20;35;2;3712.05;3711.59
3719.28;23;278;1;3004.45;2746.83
3721.9;12;442;0;1017.44;710.36
3724.93;13;325;3;3721.17;3720.91
3726.41;20;35;2;3722.07;3721.61
3729.31;23;278;1;3014.47;2756.85
3731.91;12;442;0;1027.44;720.36
3734.97;13;325;3;3731.22;3730.96
3736.45;20;35;2;3732.11;3731.65
3739.35;23;278;1;3024.52;2766.9
3741.91;12;442;0;1037.44;730.37
3745.02;13;325;3;3741.26;3741
3746.5;20;35;2;3742.16;3741.69
3751.93;12;442;0;1047.47;740.39
3755.06;13;325;3;3751.31;3751.05
3755.48;22;300;1;3750.38;3749.93
3756.54;20;35;2;3752.2;3751.74
3761.95;12;442;0;1057.49;750.41
3765.53;22;300;1;3760.42;3759.97
3766.59;20;35;2;3762.25;3761.78
3771.63;3;105;3;3767.99;3767.87
3772;12;442;0;1067.53;760.46
3775.57;22;300;1;3770.46;3770.02
3776.63;20;35;2;3772.29;3771.83
3781.94;3;105;3;3778.3;3778.18
3782.04;12;442;0;1077.58;770.5
3785.61;22;300;1;3780.51;3780.06
3786.67;20;35;2;3782.34;3781.87
3791.99;3;105;3;3788.34;3788.23
3792.09;12;442;0;1087.62;780.55
3795.66;22;300;1;3790.55;3790.1
3796.72;20;35;2;3792.38;3791.92
3802.03;3;105;3;3798.59;3798.27
3802.13;12;442;0;1097.67;790.59
3805.7;22;300;1;3800.68;3800.15
3806.72;20;35;2;3802.38;3801.92
3812.04;3;105;3;3808.6;3808.28
3812.17;12;442;0;1107.71;800.63
3815.75;22;300;1;3810.73;3810.19
3816.77;20;35;2;3812.43;3811.96
3822.08;3;105;3;3818.65;3818.33
3822.22;12;442;0;1117.75;810.68
3825.79;22;300;1;3820.77;3820.24
3826.81;20;35;2;3822.47;3822.01
3832.13;3;105;3;3828.69;3828.37
3832.26;12;442;0;1127.8;820.72
3835.83;22;300;1;3830.82;3830.28
3836.85;20;35;2;3832.52;3832.05
3842.15;3;105;3;3838.71;3838.39
3842.31;12;442;0;1137.84;830.77
3845.88;22;300;1;3840.86;3840.32
3846.87;20;35;2;3842.54;3842.07
3852.19;3;105;3;3848.76;3848.44
3852.33;12;442;0;1147.86;840.79
3855.92;22;300;1;3850.91;3850.37
3856.9;20;35;2;3852.56;3852.1
3862.24;3;105;3;3858.8;3858.48
3862.36;12;442;0;1157.89;850.82
3865.97;22;300;1;3860.95;3860.41
3866.93;20;35;2;3862.59;3862.13
3872.28;3;105;3;3868.85;3868.53
3872.37;12;442;0;1167.91;860.83
3875.98;22;300;1;3870.97;3870.43
3876.95;20;35;2;3872.61;3872.14
3882.33;3;105;3;3878.89;3878.57
3882.42;12;442;0;1177.95;870.88
3886.03;22;300;1;3881.01;3880.47
3886.99;20;35;2;3882.65;3882.19
3892.37;3;105;3;3888.93;3888.61
3892.46;12;442;0;1188;880.92
3896.07;22;300;1;3891.05;3890.52
3897.04;20;35;2;3892.7;3892.23
3902.42;3;105;3;3898.98;3898.66
3902.51;12;442;0;1198.04;890.96
3906.12;22;300;1;3901.1;3900.56
3907.08;20;35;2;3902.74;3902.28
3912.42;3;105;3;3908.98;3908.66
3912.51;12;442;0;1184.07;900.97
3916.16;22;300;1;3911.05;3910.61
3917.12;20;35;2;3912.79;3912.32
3922.47;3;105;3;3919.03;3918.71
3922.56;12;442;0;1194.11;911.01
3926.19;22;300;1;3921.08;3920.63
3932.51;3;105;3;3929.07;3928.75
3932.6;12;442;0;1204.16;921.06
3933.15;31;267;2;1135.51;917.12
3936.19;22;300;1;3931.08;3930.64
3942.56;3;105;3;3938.91;3938.8
3942.64;12;442;0;1214.2;931.1
3943.16;31;267;2;1145.53;927.14
3946.24;22;300;1;3941.13;3940.68
3952.6;3;105;3;3948.96;3948.84
3952.69;12;442;0;1224.25;941.15
3953.19;31;267;2;1155.55;937.16
3956.28;22;300;1;3951.17;3950.73
3962.64;3;105;3;3959;3958.89
3962.73;12;442;0;1234.29;951.19
3963.2;31;267;2;1165.56;947.17
3966.3;22;300;1;3961.19;3960.75
3972.65;3;105;3;3969.01;3968.89
3972.78;12;442;0;1244.34;961.24
3973.24;31;267;2;1175.61;957.21
3976.34;22;300;1;3971.24;3970.79
3982.7;3;105;3;3979.05;3978.94
3982.82;12;442;0;1254.38;971.28
3983.29;31;267;2;1185.65;967.26
3986.36;22;300;1;3981.25;3980.8
3992.74;3;105;3;3989.1;3988.98
3992.87;12;442;0;1264.43;981.33
3993.33;31;267;2;1195.7;977.3
3996.36;22;300;1;3991.25;3990.81
4002.78;3;105;3;3999.14;3999.03
4002.89;12;442;0;1274.45;991.35
4003.34;31;267;2;1205.71;987.32
4006.37;22;300;1;4001.26;4000.82
4012.83;3;105;3;4009.19;4009.07
4013.39;31;267;2;1215.75;997.36
4016.41;22;300;1;4011.31;4010.86
4018.75;17;84;0;1002.73;720.12
4022.87;3;105;3;4019.23;4019.12
4023.43;31;267;2;1225.79;1007.4
4028.78;17;84;0;1012.75;730.15
4032.37;23;134;1;528.18;383.34
4032.92;3;105;3;4029.28;4029.16
4033.45;31;267;2;1235.81;1017.42
4038.82;17;84;0;1022.79;740.19
4042.42;23;134;1;538.23;393.38
4042.96;3;105;3;4039.32;4039.2
4043.48;31;267;2;1315.04;1027.45
4048.87;17;84;0;1032.84;750.24
4052.46;23;134;1;548.27;403.42
4053.52;31;267;2;1325.08;1037.49
4058.87;17;84;0;1042.85;760.24
4059.15;6;17;3;1354.68;1148.96
4062.51;23;134;1;558.32;413.47
4063.56;31;267;2;1335.12;1047.53
4068.92;17;84;0;1052.89;770.29
4069.35;6;17;3;1364.89;1159.16
4072.55;23;134;1;568.36;423.51
4073.58;31;267;2;1345.13;1057.55
4078.96;17;84;0;1062.93;780.33
4079.39;6;17;3;1374.93;1169.21
4082.57;23;134;1;578.39;433.54
4083.62;31;267;2;1355.18;1067.59
4088.98;17;84;0;1072.95;790.34
4089.44;6;17;3;1384.97;1179.25
4092.62;23;134;1;588.43;443.58
4093.66;31;267;2;1365.22;1077.64
4099.02;17;84;0;1082.99;800.39
4099.48;6;17;3;1395.02;1189.29
4102.66;23;134;1;598.47;453.63
4103.71;31;267;2;1375.27;1087.68
4109.06;17;84;0;1093.04;810.43
4109.53;6;17;3;1405.06;1199.34
4112.71;23;134;1;608.52;463.67
4113.74;31;267;2;1385.3;1097.72
4119.11;17;84;0;1103.08;820.48
4119.56;6;17;3;1415.09;1209.37
4122.75;23;134;1;618.56;473.71
4123.79;31;267;2;1395.35;1107.76
4129.15;17;84;0;1117.61;830.52
4129.56;6;17;3;1425.1;1219.37
4132.8;23;134;1;628.61;483.76
4133.83;31;267;2;1405.39;1117.81
4139.2;17;84;0;1127.66;840.57
4139.6;6;17;3;1435.13;1229.41
4142.84;23;134;1;791.23;493.8
4143.85;31;267;2;1415.41;1127.83
4149.24;17;84;0;1137.7;850.61
4149.63;6;17;3;1445.17;1239.45
4152.88;23;134;1;801.28;503.85
4153.9;31;267;2;1425.46;1137.87
4159.29;17;84;0;1147.75;860.66
4159.68;6;17;3;1455.21;1249.49
4162.92;23;134;1;811.31;513.88
4163.93;31;267;2;1435.49;1147.9
4169.33;17;84;0;1157.79;870.7
4169.72;6;17;3;1546.27;1259.54
4172.93;23;134;1;821.33;523.9
4173.97;31;267;2;1445.53;1157.95
4179.38;17;84;0;1167.84;880.74
4179.77;6;17;3;1556.32;1269.58
4182.98;23;134;1;831.37;533.94
4184.02;31;267;2;1455.58;1167.99
4189.42;17;84;0;1177.88;890.79
4189.8;6;17;3;1566.35;1279.61
4193.02;23;134;1;841.41;543.99
4194.06;31;267;2;1465.62;1178.03
4199.43;17;84;0;1187.89;900.8
4199.84;6;17;3;1576.39;1289.65
4203.07;23;134;1;851.46;554.03
4204.11;31;267;2;1406.47;1188.08
4209.48;17;84;0;1197.94;910.85
4209.89;6;17;3;1586.43;1299.7
4213.11;23;134;1;861.5;564.07
4219.49;17;84;0;1207.95;920.86
4219.93;6;17;3;1596.48;1309.74
4220.38;15;429;2;921.75;620.58
4223.15;23;134;1;871.55;574.12
4229.51;17;84;0;1217.97;930.88
4229.97;6;17;3;1606.52;1319.79
4230.4;15;429;2;931.76;630.59
4233.2;23;134;1;729.01;584.16
4239.55;17;84;0;1228.01;940.92
4240;6;17;3;1616.55;1329.81
4240.43;15;429;2;941.8;640.63
4243.24;23;134;1;739.06;594.21
4249.6;17;84;0;1238.05;950.96
4250.04;6;17;3;1626.59;1339.86
4250.48;15;429;2;951.85;650.67
4253.29;23;134;1;749.1;604.25
4259.63;17;84;0;1248.08;960.99
4260.09;6;17;3;1555.62;1349.9
4260.52;15;429;2;961.89;660.72
4263.33;23;134;1;759.14;614.3
4269.67;17;84;0;1258.13;971.04
4270.13;6;17;3;1565.67;1359.95
4270.57;15;429;2;971.94;670.76
4273.38;23;134;1;769.19;624.34
4279.68;17;84;0;1268.14;981.05
4280.18;6;17;3;1575.71;1369.99
4280.61;15;429;2;981.98;680.8
4283.42;23;134;1;779.23;634.39
4289.72;17;84;0;1278.18;991.09
4290.22;6;17;3;1585.76;1380.04
4290.63;15;429;2;992;690.83
4293.47;23;134;1;789.28;644.43
4300.27;6;17;3;1595.8;1390.08
4300.68;15;429;2;1002.05;700.87
4303.48;23;134;1;799.3;654.45
4305.58;18;61;0;953.98;689.73
4310.27;6;17;3;1605.81;1400.09
4310.72;15;429;2;1012.09;710.92
4313.53;23;134;1;809.34;664.49
4315.64;18;61;0;964.04;699.79
4320.32;6;17;3;1615.85;1410.13
4320.77;15;429;2;1022.14;720.96
4325.69;18;61;0;974.08;709.84
4330.32;6;17;3;1625.86;1420.14
4330.41;22;419;1;528.34;394.18
4330.81;15;429;2;1133.32;731.01
4335.72;18;61;0;984.11;719.86
4340.46;22;419;1;538.38;404.22
4340.86;15;429;2;1143.37;741.05
4345.76;18;61;0;994.15;729.9
4346.76;13;479;3;1048.13;842.57
4350.5;22;419;1;548.42;414.26
4350.9;15;429;2;1153.41;751.09
4355.8;18;61;0;1004.19;739.95
4356.95;13;479;3;1058.32;852.76
4360.54;22;419;1;558.47;424.31
4360.94;15;429;2;1163.46;761.14
4365.85;18;61;0;1014.24;749.99
4367;13;479;3;1068.37;862.81
4370.56;22;419;1;568.49;434.33
4370.99;15;429;2;1173.5;771.18
4375.89;18;61;0;1024.28;760.04
4377.03;13;479;3;1078.4;872.85
4380.6;22;419;1;578.53;444.37
4381.03;15;429;2;1183.54;781.22
4385.93;18;61;0;1034.33;770.08
4387.08;13;479;3;1088.45;882.89
4390.65;22;419;1;588.57;454.41
4391.07;15;429;2;1193.59;791.27
4395.98;18;61;0;1044.37;780.12
4397.12;13;479;3;1098.49;892.93
4400.69;22;419;1;598.62;464.46
4401.12;15;429;2;1203.63;801.31
4406.02;18;61;0;1054.42;790.17
4407.13;13;479;3;1108.5;902.95
4410.73;22;419;1;608.65;474.49
4411.16;15;429;2;1213.68;811.36
4416.05;18;61;0;1117.42;800.2
4417.17;13;479;3;1118.54;912.98
4420.75;22;419;1;618.68;484.52
4421.21;15;429;2;1223.72;821.4
4426.1;18;61;0;1127.46;810.24
4427.22;13;479;3;1128.59;923.03
4430.8;22;419;1;628.72;494.56
4431.24;15;429;2;1233.76;831.44
4436.14;18;61;0;1137.51;820.29
4437.26;13;479;3;1138.63;933.07
4440.84;22;419;1;791.81;504.61
4441.29;15;429;2;1243.8;841.48
4446.18;18;61;0;1147.55;830.33
4447.31;13;479;3;1148.67;943.12
4450.89;22;419;1;801.85;514.65
4451.33;15;429;2;1253.84;851.53
4456.19;18;61;0;1157.56;840.33
4457.35;13;479;3;1158.72;953.16
4460.93;22;419;1;811.9;524.7
4461.38;15;429;2;1263.89;861.57
4466.23;18;61;0;1167.6;850.38
4467.39;13;479;3;1168.76;963.21
4470.98;22;419;1;821.94;534.74
4471.42;15;429;2;1273.93;871.62
4476.27;18;61;0;1177.64;860.42
4477.44;13;479;3;1178.81;973.25
4480.98;22;419;1;831.95;544.75
4481.47;15;429;2;1283.98;881.66
4486.32;18;61;0;1187.69;870.47
4487.48;13;479;3;1188.85;983.3
4491.03;22;419;1;841.99;554.79
4491.51;15;429;2;1294.02;891.7
4496.34;18;61;0;1197.71;880.48
4497.49;13;479;3;1198.86;993.3
4501.07;22;419;1;852.03;564.84
4501.55;15;429;2;1304.07;901.75
4506.37;18;61;0;1207.74;890.51
4507.53;13;479;3;1208.9;1003.34
4511.12;22;419;1;862.08;574.88
4511.6;15;429;2;1212.97;911.79
4516.41;18;61;0;1217.78;900.56
4517.56;13;479;3;1218.93;1013.37
4521.13;22;419;1;872.1;584.9
4526.45;18;61;0;1227.82;910.6
4527.61;13;479;3;1228.97;1023.42
4527.69;20;221;2;911.84;630.61
4531.18;22;419;1;882.14;594.94
4536.5;18;61;0;1237.87;920.65
4537.65;13;479;3;1239.02;1033.46
4537.86;20;221;2;922.01;640.78
4541.22;22;419;1;892.19;604.99
4546.54;18;61;0;1194.94;930.69
4547.69;13;479;3;1249.06;1043.51
4547.9;20;221;2;932.05;650.82
4551.27;22;419;1;902.23;615.03
4556.59;18;61;0;1204.98;940.73
4557.74;13;479;3;1259.11;1053.55
4557.95;20;221;2;942.09;660.87
4561.31;22;419;1;912.27;625.08
4566.63;18;61;0;1215.02;950.78
4567.78;13;479;3;1269.15;1063.6
4567.98;20;221;2;952.13;670.9
4571.36;22;419;1;922.32;635.12
4576.68;18;61;0;1225.07;960.82
4577.8;13;479;3;1279.17;1073.61
4577.98;20;221;2;962.13;680.9
4581.36;22;419;1;779.28;645.12
4586.69;18;61;0;1235.09;970.84
4587.84;13;479;3;1289.21;1083.65
4588.03;20;221;2;972.18;690.95
4591.4;22;419;1;789.33;655.17
4596.74;18;61;0;1245.13;980.88
4597.89;13;479;3;1299.26;1093.7
4598.03;20;221;2;982.18;700.95
4601.45;22;419;1;799.37;665.21
4606.76;18;61;0;1255.16;990.91
4607.93;13;479;3;1309.3;1103.74
4608.06;20;221;2;992.21;710.98
4617.97;13;479;3;1319.34;1113.79
4618.06;23;155;1;518.54;394.86
4618.11;20;221;2;1002.25;721.03
4623.08;12;111;0;4619.44;4619.33
4627.99;13;479;3;1329.36;1123.8
4628.08;23;155;1;528.55;404.88
4628.12;20;221;2;1012.27;731.04
4633.13;12;111;0;4629.48;4629.37
4638;13;479;3;1339.37;1133.82
4638.12;23;155;1;538.6;414.92
4638.17;20;221;2;1038.36;741.09
4643.17;12;111;0;4639.53;4639.41
4648.17;23;155;1;548.64;424.97
4648.21;20;221;2;1048.41;751.13
4653.21;12;111;0;4649.57;4649.45
4654.86;3;41;3;1055.05;852.78
4658.21;23;155;1;558.69;435.01
4658.26;20;221;2;1058.45;761.18
4663.25;12;111;0;4659.61;4659.5
4664.9;3;41;3;1065.1;862.83
4668.25;23;155;1;568.73;445.05
4668.3;20;221;2;1068.49;771.22
4673.3;12;111;0;4669.65;4669.54
4674.95;3;41;3;1075.14;872.87
4678.3;23;155;1;578.77;455.1
4678.34;20;221;2;1078.54;781.26
4683.34;12;111;0;4679.7;4679.58
4684.99;3;41;3;1085.19;882.92
4688.34;23;155;1;588.82;465.14
4688.39;20;221;2;1088.58;791.31
4693.39;12;111;0;4689.74;4689.63
4695.03;3;41;3;1095.22;892.95
4698.39;23;155;1;598.86;475.19
4698.43;20;221;2;1098.63;801.35
4703.39;12;111;0;4699.75;4699.63
4705.07;3;41;3;1105.27;903
4708.43;23;155;1;608.91;485.23
4708.48;20;221;2;1108.67;811.4
4713.43;12;111;0;4709.79;4709.68
4715.12;3;41;3;1115.31;913.04
4718.48;23;155;1;618.95;495.28
4718.52;20;221;2;1118.71;821.44
4723.47;12;111;0;4719.83;4719.71
4725.16;3;41;3;1125.36;923.09
4728.48;23;155;1;792.24;505.28
4728.52;20;221;2;1128.72;831.44
4733.51;12;111;0;4729.87;4729.76
4735.21;3;41;3;1135.4;933.13
4738.52;23;155;1;802.29;515.32
4738.57;20;221;2;1138.76;841.49
4743.56;12;111;0;4739.91;4739.8
4745.25;3;41;3;1145.44;943.17
4748.57;23;155;1;812.33;525.37
4748.61;20;221;2;1132.76;851.53
4753.6;12;111;0;4749.96;4749.84
4755.29;3;41;3;1155.49;953.22
4758.61;23;155;1;822.37;535.41
4758.65;20;221;2;1142.8;861.57
4763.61;12;111;0;4759.97;4759.85
4765.31;3;41;3;1261.12;963.23
4768.65;23;155;1;832.42;545.46
4768.7;20;221;2;1152.85;871.62
4773.65;12;111;0;4770.01;4769.9
4775.35;3;41;3;1271.16;973.28
4778.7;23;155;1;842.46;555.5
4778.74;20;221;2;1162.89;881.66
4783.66;12;111;0;4780.02;4779.91
4785.4;3;41;3;1281.21;983.32
4788.71;23;155;1;852.47;565.51
4788.75;20;221;2;1172.9;891.67
4793.71;12;111;0;4790.06;4789.95
4795.44;3;41;3;1291.25;993.37
4798.75;23;155;1;862.52;575.55
4798.8;20;221;2;1182.94;901.72
4803.75;12;111;0;4800.11;4799.99
4805.47;3;41;3;1301.28;1003.4
4808.76;23;155;1;872.53;585.56
4808.81;20;221;2;1192.95;911.73
4813.8;12;111;0;4810.15;4810.04
4815.52;3;41;3;1311.33;1013.44
4818.81;23;155;1;882.57;595.61
4823.81;12;111;0;4820.16;4820.05
4824.74;31;333;2;922.19;630.63
4825.56;3;41;3;1321.37;1023.49
4828.85;23;155;1;892.62;605.65
4833.85;12;111;0;4830.21;4830.09
4834.78;31;333;2;932.23;640.67
4835.61;3;41;3;1331.42;1033.53
4838.9;23;155;1;902.66;615.7
4843.9;12;111;0;4840.25;4840.14
4844.82;31;333;2;942.28;650.72
4845.65;3;41;3;1341.46;1043.57
4848.94;23;155;1;912.7;625.74
4853.94;12;111;0;4850.3;4850.18
4854.87;31;333;2;952.32;660.76
4855.69;3;41;3;1351.51;1053.62
4858.98;23;155;1;922.75;635.79
4863.98;12;111;0;4860.34;4860.23
4864.91;31;333;2;962.36;670.8
4865.74;3;41;3;1265.93;1063.66
4869.03;23;155;1;769.5;645.83
4874.03;12;111;0;4870.39;4870.27
4874.95;31;333;2;972.4;680.85
4875.78;3;41;3;1275.98;1073.71
4879.05;23;155;1;779.52;655.85
4884.07;12;111;0;4880.42;4880.31
4885;31;333;2;982.45;690.89
4885.83;3;41;3;1286.02;1083.75
4889.09;23;155;1;789.57;665.9
4894.09;12;111;0;4890.45;4890.33
4895.03;31;333;2;992.48;700.93
4895.87;3;41;3;1296.07;1093.8
4905.08;31;333;2;1002.53;710.97
4905.9;3;41;3;1306.09;1103.82
4906.49;22;533;1;509.32;395.33
4910.91;17;372;0;974.67;716.8
4915.12;31;333;2;1012.57;721.02
4915.93;3;41;3;1316.12;1113.85
4916.6;22;533;1;519.43;405.44
4920.92;17;372;0;984.68;726.81
4925.17;31;333;2;1022.62;731.06
4925.97;3;41;3;1326.17;1123.9
4926.62;22;533;1;529.46;415.46
4930.96;17;372;0;994.73;736.85
4935.21;31;333;2;1038.13;741.1
4935.98;3;41;3;1336.18;1133.91
4936.66;22;533;1;539.49;425.5
4941.01;17;372;0;1004.77;746.9
4945.26;31;333;2;1048.17;751.15
4946.7;22;533;1;549.54;435.54
4951.05;17;372;0;1014.81;756.94
4952.78;6;392;3;1055.7;853.26
4955.28;31;333;2;1058.2;761.17
4956.71;22;533;1;559.54;445.55
4961.08;17;372;0;1024.84;766.97
4962.87;6;392;3;1065.79;863.35
4965.32;31;333;2;1068.24;771.22
4966.71;22;533;1;569.55;455.55
4971.12;17;372;0;1034.88;777.01
4972.91;6;392;3;1075.83;873.39
4975.33;31;333;2;1078.25;781.23
4976.76;22;533;1;579.59;465.6
4981.13;17;372;0;1044.89;787.02
4982.96;6;392;3;1085.88;883.43
4985.38;31;333;2;1088.3;791.27
4986.78;22;533;1;589.62;475.62
4991.17;17;372;0;1054.94;797.06
4993;6;392;3;1095.92;893.48
4995.42;31;333;2;1098.34;801.31
4996.83;22;533;1;599.66;485.67
5001.22;17;372;0;1064.98;807.11
5003.03;6;392;3;1105.95;903.5
5005.47;31;333;2;1108.39;811.36
5006.87;22;533;1;609.71;495.71
5011.26;17;372;0;1075.02;817.15
5013.07;6;392;3;1115.99;913.55
5015.51;31;333;2;1118.43;821.4
5016.92;22;533;1;793.72;505.76
5021.3;17;372;0;1118.75;827.2
5023.12;6;392;3;1126.04;923.59
5025.55;31;333;2;1128.47;831.45
5026.96;22;533;1;803.76;515.8
5031.35;17;372;0;1128.8;837.24
5033.15;6;392;3;1136.07;933.63
5035.6;31;333;2;1138.52;841.49
5037.01;22;533;1;813.81;525.85
5041.39;17;372;0;1138.84;847.29
5043.2;6;392;3;1146.12;943.67
5045.64;31;333;2;1148.56;851.53
5047.05;22;533;1;823.85;535.89
5051.42;17;372;0;1148.87;857.31
5053.22;6;392;3;1156.14;953.69
5055.64;31;333;2;1158.56;861.54
5057.09;22;533;1;833.9;545.93
5061.46;17;372;0;1158.91;867.36
5063.23;6;392;3;1261.15;963.7
5065.69;31;333;2;1168.61;871.58
5067.14;22;533;1;843.94;555.98
5071.51;17;372;0;1168.96;877.4
5073.27;6;392;3;1271.2;973.75
5075.7;31;333;2;1178.62;881.6
5077.18;22;533;1;853.98;566.02
5081.55;17;372;0;1179;887.45
5083.32;6;392;3;1281.24;983.79
5085.75;31;333;2;1183.2;891.64
5087.23;22;533;1;864.03;576.07
5091.57;17;372;0;1189.02;897.46
5093.36;6;392;3;1291.29;993.84
5095.79;31;333;2;1193.24;901.69
5097.27;22;533;1;874.07;586.11
5101.61;17;372;0;1199.06;907.5
5103.41;6;392;3;1301.33;1003.88
5105.84;31;333;2;1203.29;911.73
5107.32;22;533;1;884.12;596.16
5111.62;17;372;0;1209.07;917.51
5113.45;6;392;3;1311.37;1013.92
5117.36;22;533;1;894.16;606.2
5121.65;17;372;0;1219.1;927.54
5122.58;15;496;2;899.38;626.2
5123.49;6;392;3;1321.42;1023.97
5127.41;22;533;1;904.21;616.25
5131.7;17;372;0;1229.15;937.59
5132.63;15;496;2;909.43;636.25
5133.53;6;392;3;1331.46;1034.01
5137.45;22;533;1;914.25;626.29
5141.74;17;372;0;1239.19;947.63
5142.66;15;496;2;919.46;646.28
5143.58;6;392;3;1341.5;1044.05
5147.49;22;533;1;750.33;636.33
5151.78;17;372;0;1249.23;957.67
5152.71;15;496;2;929.51;656.33
5153.62;6;392;3;1351.55;1054.1
5157.54;22;533;1;760.37;646.38
5161.82;17;372;0;1225.59;967.72
5162.75;15;496;2;939.55;666.37
5163.67;6;392;3;1361.59;1064.14
5167.58;22;533;1;770.42;656.42
5171.86;17;372;0;1235.62;977.75
5172.79;15;496;2;949.59;676.41
5173.68;6;392;3;1371.6;1074.15
5177.63;22;533;1;780.46;666.47
5181.88;17;372;0;1245.65;987.78
5182.8;15;496;2;959.6;686.42
5183.72;6;392;3;1381.65;1084.2
5192.85;15;496;2;969.65;696.47
5193.75;6;392;3;1391.67;1094.22
5194.55;23;104;1;479.39;390.75
5197.49;18;457;0;1003.39;701.11
5202.89;15;496;2;979.69;706.51
5203.78;6;392;3;1401.7;1104.25
5204.59;23;104;1;489.43;400.8
5207.67;18;457;0;1013.56;711.29
5212.94;15;496;2;989.74;716.55
5213.82;6;392;3;1316.74;1114.3
5214.64;23;104;1;499.48;410.84
5217.67;18;457;0;1023.56;721.29
5222.96;15;496;2;999.76;726.57
5223.87;6;392;3;1326.79;1124.34
5224.68;23;104;1;509.52;420.89
5227.71;18;457;0;1033.61;731.33
5233;15;496;2;1038.89;736.62
5233.91;6;392;3;1336.83;1134.39
5234.69;23;104;1;519.53;430.89
5237.73;18;457;0;1043.63;741.35
5243.05;15;496;2;1048.94;746.66
5244.72;23;104;1;529.55;440.92
5247.78;18;457;0;1053.67;751.4
5249.86;13;260;3;4535.03;4183.75
5253.09;15;496;2;1058.98;756.71
5254.73;23;104;1;539.57;450.94
5257.8;18;457;0;1063.69;761.41
5259.87;13;260;3;4545.03;4193.76
5263.13;15;496;2;1069.03;766.75
5264.78;23;104;1;549.62;460.98
5267.84;18;457;0;1073.73;771.46
5269.91;13;260;3;4555.08;4203.8
5273.18;15;496;2;1079.07;776.8
5274.82;23;104;1;559.66;471.02
5277.88;18;457;0;1083.78;781.5
5279.91;13;260;3;4565.08;4213.8
5283.22;15;496;2;1089.12;786.84
5284.86;23;104;1;569.7;481.07
5287.93;18;457;0;1188.4;791.55
5289.96;13;260;3;4575.12;4223.85
5293.24;15;496;2;1099.14;796.86
5294.91;23;104;1;579.74;491.11
5297.97;18;457;0;1198.45;801.59
5300;13;260;3;4585.17;4233.89
5303.27;15;496;2;1109.16;806.89
5304.95;23;104;1;793.79;501.15
5308.02;18;457;0;1208.49;811.64
5310.04;13;260;3;4595.21;4243.93
5313.32;15;496;2;1119.21;816.93
5314.99;23;104;1;803.83;511.2
5318.06;18;457;0;1218.53;821.68
5320.04;13;260;3;4605.21;4253.93
5323.36;15;496;2;1129.25;826.98
5325.04;23;104;1;813.88;521.24
5328.1;18;457;0;1228.58;831.72
5330.08;13;260;3;4615.25;4263.97
5333.4;15;496;2;1139.3;837.02
5335.08;23;104;1;823.92;531.29
5338.11;18;457;0;1238.58;841.73
5340.12;13;260;3;4625.29;4274.01
5343.45;15;496;2;1149.34;847.06
5345.13;23;104;1;833.97;541.33
5348.13;18;457;0;1248.61;851.75
5350.13;13;260;3;4635.3;4284.02
5353.49;15;496;2;1159.38;857.11
5355.17;23;104;1;844.01;551.38
5358.18;18;457;0;1258.65;861.79
5360.17;13;260;3;4645.34;4294.06
5363.54;15;496;2;1140.34;867.15
5365.22;23;104;1;854.06;561.42
5368.19;18;457;0;1268.66;871.81
5370.22;13;260;3;4655.39;4304.11
5373.57;15;496;2;1150.37;877.19
5375.26;23;104;1;864.1;571.47
5378.23;18;457;0;1278.71;881.85
5380.26;13;260;3;4665.43;4314.15
5383.57;15;496;2;1160.37;887.19
5385.31;23;104;1;874.15;581.51
5388.27;18;457;0;1288.75;891.89
5390.31;13;260;3;4675.48;4324.2
5393.61;15;496;2;1170.41;897.23
5395.35;23;104;1;680.19;591.55
5398.32;18;457;0;1298.79;901.94
5400.35;13;260;3;4685.52;4334.24
5405.35;23;104;1;690.19;601.56
5408.36;18;457;0;1308.84;911.98
5409.48;20;447;2;913.1;620.68
5410.39;13;260;3;4695.56;4344.28
5415.4;23;104;1;700.23;611.6
5418.38;18;457;0;1318.86;922
5419.68;20;447;2;923.3;630.89
5420.44;13;260;3;4641.18;4354.33
5425.44;23;104;1;710.28;621.64
5428.43;18;457;0;1328.9;932.05
5429.73;20;447;2;933.34;640.93
5430.44;13;260;3;4651.18;4364.33
5435.48;23;104;1;720.32;631.69
5438.47;18;457;0;1244.37;942.09
5439.76;20;447;2;943.37;650.96
5440.48;13;260;3;4661.22;4374.37
5445.53;23;104;1;730.37;641.73
5448.52;18;457;0;1254.41;952.14
5449.78;20;447;2;953.4;660.98
5450.52;13;260;3;4671.27;4384.41
5455.57;23;104;1;740.41;651.78
5458.56;18;457;0;1264.46;962.18
5459.82;20;447;2;963.44;671.03
5460.57;13;260;3;4681.31;4394.46
5465.62;23;104;1;750.46;661.82
5468.61;18;457;0;1274.5;972.23
5469.87;20;447;2;973.49;681.07
5470.61;13;260;3;4691.35;4404.5
5478.65;18;457;0;1284.55;982.27
5479.87;20;447;2;983.49;691.07
5480.63;13;260;3;4701.37;4414.52
5481.33;22;441;1;677.54;373.97
5488.7;18;457;0;1294.59;992.31
5489.91;20;447;2;993.53;701.12
5490.65;13;260;3;4711.39;4424.54
5491.48;22;441;1;687.68;384.12
5499.92;20;447;2;1003.54;711.12
5500.69;13;260;3;4721.43;4434.58
5501.48;22;441;1;697.68;394.12
5504.89;12;323;0;993.73;701.09
5509.96;20;447;2;1013.58;721.17
5510.69;13;260;3;4731.43;4444.58
5511.52;22;441;1;707.73;404.16
5514.93;12;323;0;1003.77;711.14
5519.97;20;447;2;1023.58;731.17
5520.74;13;260;3;4741.48;4454.63
5521.57;22;441;1;717.77;414.21
5524.98;12;323;0;1013.82;721.18
5530;20;447;2;1033.62;741.2
5531.57;22;441;1;727.78;424.21
5534.99;12;323;0;1023.83;731.19
5537.44;3;247;3;1041.06;822.28
5540;20;447;2;1043.62;751.2
5541.62;22;441;1;737.82;434.26
5545.03;12;323;0;1033.87;741.23
5547.64;3;247;3;1051.26;832.48
5550.01;20;447;2;1053.63;761.22
5551.66;22;441;1;747.86;444.3
5555.08;12;323;0;1043.91;751.28
5557.69;3;247;3;1061.31;842.53
5560.04;20;447;2;1063.66;771.25
5561.7;22;441;1;757.91;454.34
5565.09;12;323;0;1053.93;761.3
5567.73;3;247;3;1071.35;852.57
5570.09;20;447;2;1073.71;781.29
5571.75;22;441;1;767.95;464.38
5575.14;12;323;0;1063.98;771.34
5577.78;3;247;3;1081.4;862.62
5580.13;20;447;2;1083.75;791.34
5581.79;22;441;1;777.99;474.43
5585.18;12;323;0;1074.02;781.38
5587.82;3;247;3;1091.44;872.66
5590.18;20;447;2;1093.8;801.38
5591.83;22;441;1;788.04;484.47
5595.22;12;323;0;1084.06;791.42
5597.87;3;247;3;1101.48;882.71
5600.22;20;447;2;1103.84;811.43
5601.88;22;441;1;798.08;494.52
5605.26;12;323;0;1094.1;801.47
5607.9;3;247;3;1111.52;892.74
5610.22;20;447;2;1113.84;821.43
5611.9;22;441;1;808.1;504.54
5615.31;12;323;0;1118.93;811.51
5617.94;3;247;3;1220.77;902.78
5620.25;20;447;2;1123.87;831.46
5621.94;22;441;1;818.15;514.58
5625.34;12;323;0;1128.96;821.55
5627.99;3;247;3;1230.82;912.83
5630.3;20;447;2;1133.92;841.5
5631.99;22;441;1;828.19;524.63
5635.39;12;323;0;1139;831.59
5638.02;3;247;3;1240.85;922.86
5640.34;20;447;2;1143.96;851.55
5642.02;22;441;1;838.22;534.66
5645.39;12;323;0;1149.01;841.59
5648.06;3;247;3;1250.9;932.9
5650.36;20;447;2;1153.98;861.56
5652.06;22;441;1;848.27;544.7
5655.43;12;323;0;1159.05;851.64
5658.11;3;247;3;1260.94;942.95
5660.4;20;447;2;1164.02;871.61
5662.07;22;441;1;858.27;554.71
5665.48;12;323;0;1169.09;861.68
5668.15;3;247;3;1270.99;952.99
5670.44;20;447;2;1174.05;881.64
5672.11;22;441;1;868.32;564.75
5675.52;12;323;0;1179.14;871.72
5678.2;3;247;3;1281.03;963.04
5680.48;20;447;2;1184.1;891.68
5682.16;22;441;1;878.36;574.8
5685.57;12;323;0;1189.18;881.77
5688.2;3;247;3;1291.04;973.04
5690.52;20;447;2;1194.14;901.73
5692.2;22;441;1;888.41;584.84
5695.61;12;323;0;1199.23;891.81
5698.25;3;247;3;1201.87;983.09
5700.57;20;447;2;1204.19;911.77
5702.25;22;441;1;898.45;594.89
5705.65;12;323;0;1209.27;901.86
5708.29;3;247;3;1211.91;993.13
5712.29;22;441;1;908.49;604.93
5715.7;12;323;0;1219.32;911.9
5716.41;31;23;2;912.62;610.53
5718.33;3;247;3;1221.95;1003.17
5722.34;22;441;1;918.54;614.97
5725.71;12;323;0;1214.55;921.91
5726.71;31;23;2;922.91;620.83
5728.34;3;247;3;1331.17;1013.17
5732.34;22;441;1;928.54;624.98
5735.75;12;323;0;1224.59;931.96
5736.73;31;23;2;932.94;630.85
5738.38;3;247;3;1341.21;1023.22
5742.38;22;441;1;938.58;635.02
5745.8;12;323;0;1234.64;942
5746.78;31;23;2;942.98;640.9
5748.41;3;247;3;1351.24;1033.25
5752.43;22;441;1;948.63;645.06
5755.84;12;323;0;1244.68;952.05
5756.82;31;23;2;953.03;650.94
5758.43;3;247;3;1361.26;1043.27
5762.43;22;441;1;958.63;655.07
5765.89;12;323;0;1254.73;962.09
5766.87;31;23;2;963.07;660.99
5768.48;3;247;3;1371.31;1053.31
5772.47;22;441;1;968.68;665.11
5775.93;12;323;0;1264.77;972.14
5776.91;31;23;2;973.11;671.02
5778.52;3;247;3;1381.35;1063.35
5785.98;12;323;0;1274.82;982.18
5786.95;31;23;2;983.15;681.07
5788.39;23;265;1;681.03;382.99
5788.53;3;247;3;1292.15;1073.37
5796.02;12;323;0;1284.86;992.23
5796.99;31;23;2;993.2;691.11
5798.44;23;265;1;691.08;393.05
5798.58;3;247;3;1302.2;1083.42
5807.04;31;23;2;1003.24;701.16
5808.49;23;265;1;701.13;403.09
5808.62;3;247;3;1312.24;1093.46
5811.7;17;138;0;768.46;704.34
5817.05;31;23;2;1013.25;711.17
5818.53;23;265;1;711.17;413.14
5818.67;3;247;3;1322.28;1103.51
5822.1;17;138;0;778.86;714.74
5827.09;31;23;2;1038.3;721.21
5828.58;23;265;1;721.22;423.18
5828.71;3;247;3;1332.33;1113.55
5832.15;17;138;0;788.91;724.79
5837.1;31;23;2;1048.3;731.21
5838.6;23;265;1;731.24;433.2
5838.74;3;247;3;1342.36;1123.58
5842.19;17;138;0;798.95;734.83
5847.14;31;23;2;1058.34;741.26
5848.64;23;265;1;741.28;443.25
5852.24;17;138;0;808.99;744.88
5855.56;6;277;3;1066.76;812.31
5857.14;31;23;2;1068.35;751.26
5858.68;23;265;1;751.32;453.28
5862.28;17;138;0;819.04;754.92
5865.6;6;277;3;1076.8;822.36
5867.17;31;23;2;1078.37;761.29
5868.72;23;265;1;761.36;463.32
5872.33;17;138;0;829.08;764.97
5875.64;6;277;3;1086.85;832.4
5877.21;31;23;2;1088.42;771.33
5878.73;23;265;1;771.37;473.34
5882.37;17;138;0;839.13;775.01
5885.69;6;277;3;1096.89;842.45
5887.26;31;23;2;1098.46;781.38
5888.73;23;265;1;781.37;483.34
5892.41;17;138;0;849.17;785.05
5895.73;6;277;3;1106.94;852.49
5897.3;31;23;2;1108.51;791.42
5898.78;23;265;1;792.9;493.38
5902.46;17;138;0;859.21;795.1
5905.77;6;277;3;1116.98;862.53
5907.35;31;23;2;1118.55;801.47
5908.82;23;265;1;802.93;503.42
5912.5;17;138;0;869.26;805.14
5915.82;6;277;3;1127.02;872.57
5917.36;31;23;2;1128.56;811.47
5918.86;23;265;1;812.98;513.47
5922.54;17;138;0;1118.75;815.18
5925.82;6;277;3;1137.02;882.57
5927.4;31;23;2;1123.6;821.52
5928.91;23;265;1;823.02;523.51
5932.59;17;138;0;1128.79;825.23
5935.86;6;277;3;1147.07;892.62
5937.43;31;23;2;1133.63;831.54
5938.93;23;265;1;833.05;533.53
5942.63;17;138;0;1138.83;835.27
5945.91;6;277;3;1157.11;902.66
5947.47;31;23;2;1143.68;841.59
5948.96;23;265;1;843.07;543.56
5952.68;17;138;0;1148.88;845.31
5955.92;6;277;3;1240.76;912.67
5957.5;31;23;2;1153.71;851.62
5959;23;265;1;853.12;553.61
5962.72;17;138;0;1158.92;855.36
5965.96;6;277;3;1250.8;922.72
5967.55;31;23;2;1163.75;861.66
5969.02;23;265;1;863.14;563.62
5972.76;17;138;0;1168.97;865.4
5976.01;6;277;3;1260.84;932.76
5977.59;31;23;2;1173.79;871.71
5979.06;23;265;1;873.18;573.67
5982.79;17;138;0;1178.99;875.43
5986.05;6;277;3;1270.89;942.81
5987.64;31;23;2;1183.84;881.75
5989.09;23;265;1;883.2;583.69
5992.84;17;138;0;949.59;885.47
5996.06;6;277;3;1280.9;952.81
5997.68;31;23;2;1193.88;891.8
5999.13;23;265;1;893.25;593.73
6002.88;17;138;0;959.64;895.52
6006.1;6;277;3;1290.94;962.86
6007.68;31;23;2;1203.89;901.8
6009.17;23;265;1;903.29;603.78
6012.89;17;138;0;969.64;905.53
6016.15;6;277;3;1227.35;972.9
6017.72;31;23;2;1213.93;911.84
6019.22;23;265;1;913.34;613.82
6022.93;17;138;0;979.69;915.57
6026.18;6;277;3;1311.02;982.94
6029.26;23;265;1;921.9;623.87
6032.98;17;138;0;989.73;925.61
6033.41;15;202;2;693.24;628.01
6036.19;6;277;3;1321.03;992.95
6039.31;23;265;1;931.95;633.91
6043.02;17;138;0;999.78;935.66
6043.5;15;202;2;703.33;638.1
6046.21;6;277;3;1331.05;1002.96
6049.35;23;265;1;941.99;643.96
6053.03;17;138;0;1009.79;945.67
6053.52;15;202;2;713.35;648.12
6056.22;6;277;3;1341.06;1012.98
6059.38;23;265;1;952.02;653.98
6063.08;17;138;0;1019.83;955.71
6063.55;15;202;2;723.38;658.15
6066.27;6;277;3;1351.11;1023.02
6069.42;23;265;1;962.06;664.03
6073.11;17;138;0;1029.87;965.75
6073.59;15;202;2;733.42;668.19
6076.31;6;277;3;1361.15;1033.07
6083.14;17;138;0;1039.89;975.78
6083.63;15;202;2;743.47;678.24
6085.99;22;530;1;427.83;383.7
6086.36;6;277;3;1297.56;1043.11
6093.66;15;202;2;753.49;688.27
6096.03;22;530;1;437.88;393.74
6096.38;6;277;3;1307.58;1053.13
6099.69;18;341;0;992.33;711.37
6103.71;15;202;2;763.54;698.31
6106.07;22;530;1;447.92;403.78
6106.42;6;277;3;1317.62;1063.18
6109.73;18;341;0;1002.37;721.41
6113.75;15;202;2;773.58;708.35
6116.12;22;530;1;457.96;413.82
6116.47;6;277;3;1327.67;1073.22
6119.78;18;341;0;1012.42;731.46
6123.79;15;202;2;783.62;718.39
6126.16;22;530;1;468.01;423.87
6126.51;6;277;3;1337.71;1083.27
6129.82;18;341;0;1022.46;741.5
6133.79;15;202;2;793.63;728.4
6136.2;22;530;1;478.05;433.91
6136.55;6;277;3;1347.76;1093.31
6139.87;18;341;0;1032.5;751.55
6143.84;15;202;2;1036.48;738.44
6146.25;22;530;1;488.1;443.96
6146.6;6;277;3;1357.8;1103.36
6149.91;18;341;0;1042.55;761.59
6153.88;15;202;2;1046.52;748.49
6156.26;22;530;1;498.1;453.96
6156.64;6;277;3;1367.85;1113.4
6159.95;18;341;0;1052.59;771.64
6163.93;15;202;2;1056.57;758.53
6166.3;22;530;1;508.14;464.01
6166.69;6;277;3;1377.89;1123.44
6169.96;18;341;0;1062.59;781.64
6173.96;15;202;2;1066.6;768.56
6176.34;22;530;1;518.19;474.05
6180;18;341;0;1072.64;791.68
6182.56;13;339;3;1076.68;842.39
6184;15;202;2;1076.64;778.6
6186.35;22;530;1;528.19;484.06
6190.02;18;341;0;1082.65;801.7
6192.83;13;339;3;1086.95;852.66
6194.05;15;202;2;1086.68;788.65
6196.39;22;530;1;790.99;494.1
6200.02;18;341;0;1092.66;811.7
6202.87;13;339;3;1096.99;862.71
6204.08;15;202;2;1096.72;798.69
6206.4;22;530;1;801;504.11
6210.07;18;341;0;1102.71;821.75
6212.92;13;339;3;1107.04;872.75
6214.13;15;202;2;1106.76;808.73
6216.44;22;530;1;811.05;514.15
6220.11;18;341;0;1112.75;831.79
6222.94;13;339;3;1117.06;882.77
6224.17;15;202;2;1116.81;818.77
6226.48;22;530;1;821.09;524.19
6230.15;18;341;0;1122.79;841.83
6232.95;13;339;3;1127.07;892.78
6234.21;15;202;2;1126.85;828.82
6236.5;22;530;1;831.1;534.21
6240.19;18;341;0;1132.83;851.87
6243;13;339;3;1137.11;902.83
6244.23;15;202;2;1136.87;838.83
6246.54;22;530;1;841.14;544.25
6250.24;18;341;0;1142.88;861.92
6253.04;13;339;3;1147.16;912.87
6254.27;15;202;2;1146.91;848.88
6256.55;22;530;1;851.15;554.26
6260.28;18;341;0;1152.92;871.96
6263.09;13;339;3;1157.2;922.92
6264.32;15;202;2;1156.96;858.92
6266.59;22;530;1;861.2;564.3
6270.32;18;341;0;1162.96;882.01
6273.13;13;339;3;1167.25;932.96
6274.36;15;202;2;934.19;868.96
6276.64;22;530;1;871.24;574.35
6280.37;18;341;0;1173.01;892.05
6283.15;13;339;3;1177.27;942.98
6284.39;15;202;2;944.22;878.99
6286.68;22;530;1;881.28;584.39
6290.41;18;341;0;1183.05;902.09
6293.19;13;339;3;1249.95;953.02
6294.43;15;202;2;954.26;889.03
6296.7;22;530;1;638.54;594.41
6300.42;18;341;0;1193.06;912.1
6303.2;13;339;3;1259.96;963.04
6304.44;15;202;2;964.27;899.04
6306.74;22;530;1;648.59;604.45
6310.46;18;341;0;1203.1;922.15
6313.25;13;339;3;1270.01;973.08
6316.77;22;530;1;658.62;614.48
6320.26;20;263;2;914.87;619.65
6320.51;18;341;0;1213.15;932.19
6323.27;13;339;3;1280.03;983.1
6326.8;22;530;1;668.65;624.51
6330.31;20;263;2;924.91;629.69
6330.55;18;341;0;1223.19;942.23
6333.31;13;339;3;1290.07;993.15
6336.81;22;530;1;678.65;634.52
6340.35;20;263;2;934.96;639.74
6340.6;18;341;0;1233.24;952.28
6343.36;13;339;3;1300.12;1003.19
6346.85;22;530;1;688.7;644.56
6350.35;20;263;2;944.96;649.74
6350.63;18;341;0;1243.27;962.31
6353.39;13;339;3;1310.15;1013.23
6356.86;22;530;1;698.71;654.57
6360.36;20;263;2;954.96;659.75
6360.67;18;341;0;1253.31;972.35
6363.44;13;339;3;1320.2;1023.27
6366.91;22;530;1;708.75;664.61
6370.4;20;263;2;965.01;669.79
6370.72;18;341;0;1263.36;982.4
6373.44;13;339;3;1330.2;1033.27
6380.45;20;263;2;975.05;679.83
6380.76;18;341;0;1273.4;992.44
6383.05;23;498;1;396.96;365.28
6383.49;13;339;3;1340.24;1043.32
6390.49;20;263;2;985.1;689.88
6393.28;23;498;1;407.18;375.51
6393.53;13;339;3;1350.29;1053.36
6396.62;12;230;0;991.22;711.01
6400.54;20;263;2;995.14;699.92
6403.32;23;498;1;417.23;385.55
6403.55;13;339;3;1297.66;1063.38
6406.94;12;230;0;1001.55;721.33
6410.58;20;263;2;1005.18;709.97
6413.36;23;498;1;427.27;395.6
6413.59;13;339;3;1307.71;1073.42
6416.99;12;230;0;1011.59;731.38
6420.6;20;263;2;1015.2;719.99
6423.41;23;498;1;437.32;405.64
6423.64;13;339;3;1317.75;1083.47
6427.03;12;230;0;1021.64;741.42
6430.64;20;263;2;1025.25;730.03
6433.45;23;498;1;447.36;415.69
6433.68;13;339;3;1327.8;1093.51
6437.08;12;230;0;1031.68;751.47
6440.67;20;263;2;1035.27;740.06
6443.5;23;498;1;457.4;425.73
6443.72;13;339;3;1337.84;1103.56
6447.12;12;230;0;1041.73;761.51
6450.71;20;263;2;1045.32;750.1
6453.54;23;498;1;467.45;435.78
6453.77;13;339;3;1347.89;1113.6
6457.14;12;230;0;1051.75;771.53
6460.76;20;263;2;1055.36;760.15
6463.59;23;498;1;477.49;445.82
6463.77;13;339;3;1357.89;1123.6
6467.16;12;230;0;1061.76;781.55
6470.8;20;263;2;1065.41;770.19
6473.63;23;498;1;487.54;455.86
6477.2;12;230;0;1071.81;791.59
6479.46;3;370;3;1091.14;821.31
6480.85;20;263;2;1075.45;780.23
6483.68;23;498;1;497.58;465.91
6487.25;12;230;0;1081.85;801.64
6489.5;3;370;3;1101.19;831.35
6490.89;20;263;2;1085.5;790.28
6493.72;23;498;1;791.43;475.95
6497.29;12;230;0;1091.89;811.68
6499.54;3;370;3;1111.23;841.39
6500.94;20;263;2;1095.54;800.32
6503.76;23;498;1;801.47;486
6507.31;12;230;0;1118.99;821.7
6509.56;3;370;3;1121.24;851.41
6510.98;20;263;2;1105.58;810.37
6513.81;23;498;1;811.52;496.04
6517.34;12;230;0;1129.02;831.73
6519.56;3;370;3;1131.24;861.41
6521.03;20;263;2;1115.63;820.41
6523.85;23;498;1;821.56;506.09
6527.38;12;230;0;1139.06;841.77
6529.61;3;370;3;1141.29;871.45
6531.07;20;263;2;1125.67;830.46
6533.9;23;498;1;831.61;516.13
6537.41;12;230;0;1149.09;851.8
6539.64;3;370;3;1151.33;881.49
6541.11;20;263;2;1135.72;840.5
6543.94;23;498;1;841.65;526.18
6547.46;12;230;0;1159.14;861.85
6549.69;3;370;3;1161.37;891.54
6551.16;20;263;2;1145.76;850.55
6553.97;23;498;1;567.87;536.2
6557.5;12;230;0;1169.18;871.89
6559.7;3;370;3;1171.38;901.54
6561.2;20;263;2;1155.81;860.59
6564.01;23;498;1;577.92;546.24
6567.55;12;230;0;1179.23;881.94
6569.74;3;370;3;1181.42;911.59
6571.22;20;263;2;1165.82;870.6
6574.06;23;498;1;587.96;556.29
6577.59;12;230;0;1189.27;891.98
6579.79;3;370;3;1191.47;921.63
6581.26;20;263;2;1175.86;880.65
6584.1;23;498;1;598.01;566.33
6587.61;12;230;0;1199.29;902
6589.82;3;370;3;1249.65;931.67
6591.3;20;263;2;1185.91;890.69
6594.11;23;498;1;608.01;576.34
6597.65;12;230;0;1209.33;912.04
6599.87;3;370;3;1259.7;941.71
6601.35;20;263;2;1195.95;900.74
6604.15;23;498;1;618.06;586.38
6607.7;12;230;0;1219.38;922.09
6609.89;3;370;3;1269.72;951.74
6611.39;20;263;2;1206;910.78
6614.19;23;498;1;628.1;596.43
6617.74;12;230;0;1229.42;932.13
6619.94;3;370;3;1279.77;961.78
6624.24;23;498;1;638.14;606.47
6627.78;12;230;0;1222.39;942.18
6628.1;31;466;2;925.81;610.33
6629.94;3;370;3;1289.77;971.79
6634.24;23;498;1;648.14;616.47
6637.82;12;230;0;1232.42;952.21
6638.15;31;466;2;935.85;620.38
6639.98;3;370;3;1299.82;981.83
6644.28;23;498;1;658.19;626.52
6647.87;12;230;0;1242.47;962.26
6648.19;31;466;2;945.9;630.42
6650.03;3;370;3;1309.86;991.88
6654.29;23;498;1;668.2;636.53
6657.91;12;230;0;1252.51;972.3
6658.23;31;466;2;955.94;640.47
6660.07;3;370;3;1319.91;1001.92
6664.34;23;498;1;678.25;646.57
6667.92;12;230;0;1262.53;982.31
6668.28;31;466;2;965.99;650.51
6670.12;3;370;3;1329.95;1011.97
6674.38;23;498;1;688.29;656.62
6677.94;12;230;0;1272.54;992.33
6678.32;31;466;2;976.03;660.55
6680.12;3;370;3;1339.95;1021.97
6688.37;31;466;2;986.07;670.6
6690.14;3;370;3;1349.97;1031.99
6690.81;22;275;1;673.04;360.21
6694.11;17;282;0;993.49;691.18
6698.41;31;466;2;996.12;680.64
6700.19;3;370;3;1360.02;1042.03
6700.86;22;275;1;683.09;370.26
6704.15;17;282;0;1003.54;701.23
6708.45;31;466;2;1006.16;690.69
6710.23;3;370;3;1370.06;1052.08
6710.9;22;275;1;693.13;380.3
6714.18;17;282;0;1013.56;711.25
6718.48;31;466;2;1016.19;700.72
6720.28;3;370;3;1380.11;1062.12
6720.92;22;275;1;703.15;390.32
6724.22;17;282;0;1023.61;721.3
6728.53;31;466;2;1026.24;710.76
6730.32;3;370;3;1342;1072.17
6730.96;22;275;1;713.19;400.36
6734.26;17;282;0;1033.65;731.33
6738.57;31;466;2;1037.96;720.81
6740.36;3;370;3;1352.04;1082.21
6741.01;22;275;1;723.24;410.41
6744.3;17;282;0;1043.69;741.38
6748.62;31;466;2;1048.01;730.85
6750.41;3;370;3;1362.09;1092.25
6751.05;22;275;1;733.28;420.45
6754.35;17;282;0;1053.73;751.42
6758.64;31;466;2;1058.02;740.87
6760.45;3;370;3;1372.13;1102.3
6761.1;22;275;1;743.33;430.5
6764.37;17;282;0;1063.76;761.45
6768.68;31;466;2;1068.07;750.92
6770.49;3;370;3;1382.17;1112.34
6771.12;22;275;1;753.36;440.53
6774.42;17;282;0;1073.8;771.49
6778.73;31;466;2;1078.11;760.96
6780.54;3;370;3;1392.22;1122.38
6781.17;22;275;1;763.4;450.57
6784.45;17;282;0;1083.83;781.52
6788.77;31;466;2;1088.16;771
6791.21;22;275;1;773.45;460.62
6794.47;17;282;0;1093.85;791.54
6797.15;6;86;3;1111.54;811.06
6798.81;31;466;2;1098.2;781.04
6801.26;22;275;1;783.49;470.66
6804.51;17;282;0;1118.9;801.59
6807.29;6;86;3;1121.68;821.2
6808.85;31;466;2;1108.24;791.09
6811.3;22;275;1;793.53;480.7
6814.55;17;282;0;1128.95;811.63
6817.3;6;86;3;1131.69;831.2
6818.86;31;466;2;1116.57;801.09
6821.35;22;275;1;803.58;490.75
6824.6;17;282;0;1138.99;821.67
6827.3;6;86;3;1141.69;841.21
6828.9;31;466;2;1126.61;811.13
6831.39;22;275;1;813.62;500.79
6834.61;17;282;0;1149;831.69
6837.35;6;86;3;1151.74;851.25
6838.94;31;466;2;1136.64;821.17
6841.44;22;275;1;823.67;510.84
6844.64;17;282;0;1159.03;841.71
6847.35;6;86;3;1161.74;861.26
6848.98;31;466;2;1146.69;831.21
6851.48;22;275;1;833.71;520.88
6854.68;17;282;0;1169.07;851.76
6857.4;6;86;3;1171.79;871.3
6859.02;31;466;2;1156.73;841.26
6861.52;22;275;1;843.76;530.93
6864.69;17;282;0;1179.08;861.76
6867.43;6;86;3;1181.82;881.33
6869.04;31;466;2;1166.74;851.27
6871.57;22;275;1;853.8;540.97
6874.73;17;282;0;1189.12;871.81
6877.43;6;86;3;1191.82;891.34
6879.08;31;466;2;1176.79;861.31
6881.59;22;275;1;863.82;550.99
6884.78;17;282;0;1199.17;881.85
6887.47;6;86;3;1201.86;901.37
6889.11;31;466;2;1186.82;871.34
6891.64;22;275;1;873.87;561.04
6894.82;17;282;0;1194.21;891.9
6897.51;6;86;3;1211.9;911.42
6899.15;31;466;2;1196.86;881.39
6901.68;22;275;1;883.91;571.08
6904.86;17;282;0;1204.25;901.94
6907.55;6;86;3;1249.4;921.46
6909.2;31;466;2;1206.91;891.43
6911.73;22;275;1;893.96;581.13
6914.87;17;282;0;1214.26;911.94
6917.6;6;86;3;1259.45;931.5
6919.24;31;466;2;1216.95;901.48
6921.77;22;275;1;904;591.17
6924.87;17;282;0;1224.26;921.95
6927.64;6;86;3;1269.49;941.55
6929.29;31;466;2;1227;911.52
6931.78;22;275;1;914.01;601.18
6934.91;17;282;0;1234.3;931.99
6937.69;6;86;3;1279.53;951.59
6941.82;22;275;1;924.05;611.22
6944.96;17;282;0;1244.35;942.03
6946.25;15;100;2;632.95;615.65
6947.73;6;86;3;1289.58;961.64
6951.87;22;275;1;934.1;621.27
6955;17;282;0;1254.39;952.08
6956.37;15;100;2;643.08;625.78
6957.76;6;86;3;1299.6;971.66
6961.91;22;275;1;944.14;631.31
6965.05;17;282;0;1264.43;962.12
6966.42;15;100;2;653.13;635.82
6967.78;6;86;3;1309.63;981.69
6971.95;22;275;1;954.19;641.36
6975.09;17;282;0;1274.48;972.16
6976.46;15;100;2;663.17;645.86
6977.79;6;86;3;1319.64;991.7
6985.13;17;282;0;1284.52;982.21
6986.51;15;100;2;673.21;655.91
6987.84;6;86;3;1329.69;1001.74
6988.38;23;15;1;657.79;364.1
6995.14;17;282;0;1294.53;992.21
6996.51;15;100;2;683.22;665.91
6997.88;6;86;3;1339.73;1011.79
6998.43;23;15;1;667.83;374.15
7006.53;15;100;2;693.24;675.93
7007.93;6;86;3;1349.78;1021.83
7008.47;23;15;1;677.87;384.19
7012.04;18;474;0;994.27;681.44
7016.57;15;100;2;703.28;685.98
7017.97;6;86;3;1359.82;1031.87
7018.5;23;15;1;687.9;394.22
7022.08;18;474;0;1004.32;691.49
7026.62;15;100;2;713.33;696.02
7028.01;6;86;3;1342.4;1041.92
7028.54;23;15;1;697.95;404.26
7032.13;18;474;0;1014.36;701.53
7036.65;15;100;2;723.36;706.06
7038.06;6;86;3;1352.45;1051.96
7038.57;23;15;1;707.97;414.29
7042.17;18;474;0;1024.41;711.57
7046.66;15;100;2;733.37;716.06
7048.1;6;86;3;1362.49;1062.01
7048.61;23;15;1;718.02;424.33
7052.22;18;474;0;1034.45;721.62
7056.67;15;100;2;1038.9;726.07
7058.15;6;86;3;1372.54;1072.05
7058.66;23;15;1;728.06;434.38
7062.26;18;474;0;1044.49;731.66
7066.71;15;100;2;1048.95;736.12
7068.19;6;86;3;1382.58;1082.1
7068.7;23;15;1;738.11;444.42
7072.31;18;474;0;1054.54;741.71
7076.76;15;100;2;1058.99;746.16
7078.23;6;86;3;1392.63;1092.14
7078.73;23;15;1;748.13;454.45
7082.33;18;474;0;1064.56;751.73
7086.8;15;100;2;1069.03;756.2
7088.25;6;86;3;1402.64;1102.15
7088.78;23;15;1;758.18;464.49
7092.38;18;474;0;1074.61;761.78
7096.8;15;100;2;1079.04;766.21
7098.29;6;86;3;1412.68;1112.2
7098.82;23;15;1;768.22;474.54
7102.42;18;474;0;1084.65;771.82
7106.85;15;100;2;1089.08;776.25
7108.3;6;86;3;1422.69;1122.2
7108.86;23;15;1;778.27;484.58
7112.43;18;474;0;1094.66;781.83
7116.89;15;100;2;1099.12;786.29
7118.91;23;15;1;788.31;494.63
7122.47;18;474;0;1119.55;791.88
7124.31;13;219;3;1121.38;811.02
7126.94;15;100;2;813.64;796.34
7128.95;23;15;1;798.36;504.67
7132.52;18;474;0;1129.59;801.92
7134.32;13;219;3;1131.4;821.03
7136.98;15;100;2;823.69;806.38
7138.96;23;15;1;808.37;514.68
7142.56;18;474;0;1139.64;811.97
7144.37;13;219;3;1141.44;831.07
7147.01;15;100;2;833.72;816.41
7148.97;23;15;1;818.37;524.68
7152.61;18;474;0;1149.68;822.01
7154.38;13;219;3;1151.46;841.09
7157.06;15;100;2;843.76;826.46
7158.97;23;15;1;828.37;534.68
7162.65;18;474;0;1159.73;832.05
7164.43;13;219;3;1161.5;851.14
7167.1;15;100;2;853.81;836.5
7169.01;23;15;1;838.41;544.73
7172.69;18;474;0;1169.77;842.09
7174.47;13;219;3;1171.55;861.18
7177.15;15;100;2;863.85;846.55
7179.02;23;15;1;848.42;554.73
7182.73;18;474;0;1179.81;852.14
7184.48;13;219;3;1181.55;871.18
7187.19;15;100;2;873.9;856.59
7189.06;23;15;1;858.46;564.78
7192.78;18;474;0;1175.01;862.18
7194.52;13;219;3;1191.6;881.23
7197.23;15;100;2;883.94;866.64
7199.1;23;15;1;868.51;574.82
7202.78;18;474;0;1185.01;872.18
7204.56;13;219;3;1201.64;891.27
7207.26;15;100;2;893.96;876.66
7209.15;23;15;1;878.55;584.87
7212.82;18;474;0;1195.05;882.22
7214.59;13;219;3;1211.67;901.3
7217.28;15;100;2;903.99;886.68
7219.19;23;15;1;888.6;594.91
7222.85;18;474;0;1205.08;892.25
7224.63;13;219;3;1221.71;911.34
7229.21;23;15;1;898.62;604.93
7232.89;18;474;0;1215.12;902.29
7233.39;20;425;2;902.79;621.95
7234.68;13;219;3;1248.58;921.38
7239.22;23;15;1;908.62;614.94
7242.94;18;474;0;1225.17;912.34
7243.66;20;425;2;913.06;632.22
7244.72;13;219;3;1258.63;931.43
7249.26;23;15;1;918.67;624.98
7252.98;18;474;0;1235.21;922.38
7253.7;20;425;2;923.1;642.26
7254.77;13;219;3;1268.67;941.47
7259.31;23;15;1;928.71;635.03
7263.01;18;474;0;1245.24;932.41
7263.74;20;425;2;933.15;652.31
7264.78;13;219;3;1278.69;951.49
7269.35;23;15;1;938.76;645.07
7273.06;18;474;0;1255.29;942.46
7273.79;20;425;2;943.19;662.35
7274.82;13;219;3;1288.73;961.53
7279.4;23;15;1;948.8;655.12
7283.1;18;474;0;1265.33;952.5
7283.83;20;425;2;953.24;672.4
7284.84;13;219;3;1298.75;971.55
7289.44;23;15;1;958.84;665.16
7293.14;18;474;0;1275.37;962.54
7293.88;20;425;2;963.28;682.44
7294.88;13;219;3;1308.78;981.58
7303.19;18;474;0;1285.42;972.59
7303.92;20;425;2;973.32;692.48
7304.92;13;219;3;1318.83;991.63
7305.83;22;241;1;665.8;380.91
7313.2;18;474;0;1295.43;982.6
7313.96;20;425;2;983.36;702.52
7314.93;13;219;3;1312.01;1001.64
7315.83;22;241;1;675.8;390.92
7323.25;18;474;0;1305.48;992.65
7324;20;425;2;993.41;712.57
7324.98;13;219;3;1322.05;1011.69
7325.87;22;241;1;685.85;400.96
7334.05;20;425;2;1003.45;722.61
7335.02;13;219;3;1332.1;1021.73
7335.92;22;241;1;695.89;411
7340;12;352;0;3690.96;3437.45
7344.09;20;425;2;1013.5;732.66
7345.07;13;219;3;1342.14;1031.77
7345.96;22;241;1;705.93;421.05
7350.03;12;352;0;3701;3447.48
7354.12;20;425;2;1023.52;742.68
7355.11;13;219;3;1352.19;1041.82
7356.01;22;241;1;715.98;431.09
7360.08;12;352;0;3711.04;3457.53
7364.16;20;425;2;1033.57;752.73
7365.16;13;219;3;1362.23;1051.86
7366.04;22;241;1;726.01;441.13
7370.12;12;352;0;3721.08;3467.57
7374.21;20;425;2;1043.61;762.77
7375.2;13;219;3;1372.28;1061.91
7376.09;22;241;1;736.06;451.17
7380.13;12;352;0;3731.09;3477.58
7384.25;20;425;2;1053.65;772.81
7385.24;13;219;3;1382.32;1071.95
7386.13;22;241;1;746.1;461.22
7390.18;12;352;0;3741.14;3487.63
7394.3;20;425;2;1063.7;782.86
7395.29;13;219;3;1392.36;1082
7396.15;22;241;1;756.12;471.24
7400.22;12;352;0;3751.18;3497.67
7404.34;20;425;2;1073.74;792.9
7405.33;13;219;3;1402.41;1092.04
7406.2;22;241;1;766.17;481.28
7410.26;12;352;0;3761.23;3507.71
7414.39;20;425;2;1083.79;802.95
7415.38;13;219;3;1412.45;1102.09
7416.24;22;241;1;776.21;491.33
7420.31;12;352;0;3771.27;3517.76
7424.4;20;425;2;1093.8;812.96
7425.42;13;219;3;1422.5;1112.13
7426.29;22;241;1;786.26;501.37
7430.35;12;352;0;3781.32;3527.8
7434.44;20;425;2;1103.84;823
7435.47;13;219;3;1432.54;1122.17
7436.33;22;241;1;796.3;511.42
7440.4;12;352;0;3791.36;3537.85
7444.49;20;425;2;1113.89;833.05
7446.37;22;241;1;806.35;521.46
7450.44;12;352;0;3834.59;3547.89
7451.64;3;286;3;1121.04;811.61
7454.53;20;425;2;1123.93;843.09
7456.39;22;241;1;816.36;531.48
7460.46;12;352;0;3844.61;3557.91
7461.68;3;286;3;1131.09;821.66
7464.58;20;425;2;1133.98;853.14
7466.43;22;241;1;826.4;541.52
7470.5;12;352;0;3854.65;3567.95
7471.7;3;286;3;1141.1;831.67
7474.62;20;425;2;1144.02;863.18
7476.48;22;241;1;836.45;551.56
7480.54;12;352;0;3864.69;3577.99
7481.74;3;286;3;1151.15;841.72
7484.66;20;425;2;1154.07;873.23
7486.52;22;241;1;846.49;561.6
7490.57;12;352;0;3874.71;3588.02
7491.78;3;286;3;1161.19;851.76
7494.7;20;425;2;1164.1;883.26
7496.54;22;241;1;856.51;571.62
7500.61;12;352;0;3884.76;3598.06
7501.83;3;286;3;1171.23;861.8
7504.71;20;425;2;1174.11;893.27
7506.55;22;241;1;866.53;581.64
7510.66;12;352;0;3894.8;3608.11
7511.87;3;286;3;1181.27;871.84
7514.75;20;425;2;1184.16;903.31
7516.6;22;241;1;876.57;591.69
7520.7;12;352;0;3904.85;3618.15
7521.92;3;286;3;1191.32;881.89
7524.75;20;425;2;1194.16;913.32
7526.64;22;241;1;886.62;601.73
7530.75;12;352;0;3914.89;3628.2
7531.96;3;286;3;1201.36;891.93
7536.66;22;241;1;896.63;611.75
7540.37;31;398;2;916.09;621.09
7540.76;12;352;0;3924.91;3638.21
7541.98;3;286;3;1211.38;901.95
7546.7;22;241;1;906.68;621.79
7550.63;31;398;2;926.34;631.34
7550.8;12;352;0;3934.95;3648.25
7552.02;3;286;3;1221.42;911.99
7556.75;22;241;1;916.72;631.83
7560.67;31;398;2;936.39;641.38
7560.85;12;352;0;3945;3658.3
7562.07;3;286;3;1248.77;922.04
7566.79;22;241;1;926.76;641.88
7570.72;31;398;2;946.43;651.43
7570.87;12;352;0;3955.02;3668.32
7572.11;3;286;3;1258.82;932.08
7576.82;22;241;1;936.79;651.9
7580.76;31;398;2;956.48;661.47
7580.9;12;352;0;3931.86;3678.35
7582.16;3;286;3;1268.86;942.13
7586.86;22;241;1;946.83;661.95
7590.8;31;398;2;966.52;671.52
7590.94;12;352;0;3941.9;3688.39
7592.2;3;286;3;1278.91;952.17
7600.85;31;398;2;976.57;681.56
7600.98;12;352;0;3951.95;3698.43
7602.24;3;286;3;1288.95;962.22
7602.77;23;243;1;677.85;363.5
7610.89;31;398;2;986.61;691.6
7611.03;12;352;0;3961.99;3708.48
7612.29;3;286;3;1299;972.26
7612.81;23;243;1;687.9;373.55
7620.91;31;398;2;996.63;701.63
7622.33;3;286;3;1309.04;982.3
7622.85;23;243;1;697.94;383.59
7626.89;17;464;0;986.86;701.98
7630.93;31;398;2;1006.65;711.65
7632.38;3;286;3;1319.09;992.35
7632.9;23;243;1;707.98;393.63
7637.1;17;464;0;997.07;712.19
7640.96;31;398;2;1016.68;721.67
7642.39;3;286;3;1329.1;1002.36
7642.92;23;243;1;718;403.65
7647.15;17;464;0;1007.12;722.23
7650.99;31;398;2;1039.55;731.7
7652.42;3;286;3;1339.12;1012.39
7652.96;23;243;1;728.05;413.7
7657.19;17;464;0;1017.16;732.28
7661.03;31;398;2;1049.59;741.74
7662.46;3;286;3;1349.17;1022.43
7662.99;23;243;1;738.08;423.73
7667.23;17;464;0;1027.21;742.32
7671.07;31;398;2;1059.64;751.79
7672.51;3;286;3;1341.91;1032.48
7673.01;23;243;1;748.1;433.75
7677.24;17;464;0;1037.21;752.32
7681.08;31;398;2;1069.64;761.79
7682.55;3;286;3;1351.95;1042.52
7683.06;23;243;1;758.14;443.79
7687.26;17;464;0;1047.24;762.35
7691.12;31;398;2;1079.69;771.84
7692.57;3;286;3;1361.97;1052.54
7693.1;23;243;1;768.19;453.84
7697.29;17;464;0;1057.26;772.38
7701.17;31;398;2;1089.73;781.88
7702.58;3;286;3;1371.98;1062.55
7703.13;23;243;1;778.22;463.87
7707.29;17;464;0;1067.27;782.38
7711.21;31;398;2;1099.78;791.93
7712.62;3;286;3;1382.03;1072.6
7713.14;23;243;1;793.85;473.87
7717.32;17;464;0;1077.29;792.4
7721.26;31;398;2;1109.82;801.97
7722.67;3;286;3;1392.07;1082.64
7723.18;23;243;1;803.89;483.92
7727.33;17;464;0;1087.3;802.41
7731.3;31;398;2;1119.86;812.01
7732.71;3;286;3;1402.12;1092.69
7733.22;23;243;1;813.94;493.96
7737.37;17;464;0;1113.09;812.46
7741.31;31;398;2;1117.02;822.02
7742.76;3;286;3;1412.16;1102.73
7743.24;23;243;1;823.96;503.98
7747.41;17;464;0;1123.13;822.5
7751.35;31;398;2;1127.07;832.06
7752.8;3;286;3;1422.2;1112.77
7753.29;23;243;1;834;514.02
7757.46;17;464;0;1133.18;832.54
7761.39;31;398;2;1137.11;842.11
7762.85;3;286;3;1432.25;1122.82
7763.33;23;243;1;844.05;524.07
7767.5;17;464;0;1143.22;842.59
7771.41;31;398;2;1147.12;852.12
7773.38;23;243;1;854.09;534.11
7777.55;17;464;0;1153.26;852.63
7780;6;16;3;3585.89;3382.83
7781.45;31;398;2;1157.17;862.16
7783.42;23;243;1;864.13;544.16
7787.55;17;464;0;1163.27;862.64
7790.12;6;16;3;3596.01;3392.95
7791.49;31;398;2;1167.21;872.21
7793.47;23;243;1;874.18;554.2
7797.59;17;464;0;1173.31;872.67
7800.16;6;16;3;3606.06;3403
7801.54;31;398;2;1177.26;882.25
7803.47;23;243;1;884.19;564.21
7807.61;17;464;0;1183.33;882.7
7810.19;6;16;3;3616.08;3413.02
7811.58;31;398;2;1187.3;892.29
7813.52;23;243;1;894.23;574.25
7817.66;17;464;0;1193.37;892.74
7820.23;6;16;3;3626.13;3423.07
7821.63;31;398;2;1197.34;902.34
7823.56;23;243;1;904.28;584.3
7827.66;17;464;0;1203.38;902.75
7830.28;6;16;3;3636.17;3433.11
7831.67;31;398;2;1207.38;912.38
7833.6;23;243;1;914.31;594.34
7837.68;17;464;0;1197.65;912.77
7840.32;6;16;3;3646.22;3443.15
7843.65;23;243;1;918.73;604.38
7847.73;17;464;0;1207.7;922.81
7848.3;15;266;2;923.38;630.97
7850.33;6;16;3;3656.22;3453.16
7853.67;23;243;1;928.76;614.41
7857.74;17;464;0;1217.71;932.82
7858.37;15;266;2;933.45;641.04
7860.37;6;16;3;3666.26;3463.2
7863.72;23;243;1;938.8;624.45
7867.76;17;464;0;1227.73;942.84
7868.38;15;266;2;943.47;651.06
7870.42;6;16;3;3676.31;3473.25
7873.73;23;243;1;948.81;634.46
7877.79;17;464;0;1237.76;952.87
7878.43;15;266;2;953.51;661.1
7880.42;6;16;3;3686.31;3483.25
7883.77;23;243;1;958.85;644.5
7887.82;17;464;0;1247.79;962.91
7888.43;15;266;2;963.52;671.11
7890.47;6;16;3;3696.36;3493.3
7893.81;23;243;1;968.9;654.55
7897.86;17;464;0;1257.84;972.95
7898.47;15;266;2;973.55;681.14
7900.51;6;16;3;3706.4;3503.34
7903.86;23;243;1;978.94;664.59
7907.91;17;464;0;1267.88;982.99
7908.51;15;266;2;983.6;691.19
7910.55;6;16;3;3716.45;3513.39
7917.95;17;464;0;1277.92;993.04
7918.52;15;266;2;993.61;701.2
7919.96;22;301;1;397.99;373.21
7920.6;6;16;3;3726.49;3523.43
7928.57;15;266;2;1003.65;711.24
7930;22;301;1;408.04;383.25
7930.63;6;16;3;3736.52;3533.46
7934.39;18;500;0;1006.71;695.13
7938.61;15;266;2;1013.7;721.29
7940;22;301;1;418.04;393.25
7940.67;6;16;3;3746.56;3543.5
7944.56;18;500;0;1016.87;705.3
7948.66;15;266;2;1023.74;731.33
7950.04;22;301;1;428.08;403.3
7950.71;6;16;3;3756.61;3553.55
7954.61;18;500;0;1026.92;715.34
7958.7;15;266;2;1033.79;741.38
7960.07;22;301;1;438.11;413.32
7960.76;6;16;3;3766.65;3563.59
7964.61;18;500;0;1036.92;725.34
7968.75;15;266;2;1043.83;751.42
7970.11;22;301;1;448.15;423.36
7970.8;6;16;3;3776.7;3573.64
7974.65;18;500;0;1046.96;735.39
7978.79;15;266;2;1053.88;761.46
7980.16;22;301;1;458.19;433.41
7980.85;6;16;3;3786.74;3583.68
7984.7;18;500;0;1057.01;745.43
7988.83;15;266;2;1063.92;771.51
7990.2;22;301;1;468.24;443.45
7990.89;6;16;3;3796.79;3593.72
7994.72;18;500;0;1067.04;755.46
7998.88;15;266;2;1073.96;781.55
8000.24;22;301;1;478.28;453.5
8000.94;6;16;3;3806.83;3603.77
8004.76;18;500;0;1077.07;765.5
8008.92;15;266;2;1084.01;791.6
8010.28;22;301;1;488.32;463.53
8010.95;6;16;3;3816.84;3613.78
8014.79;18;500;0;1087.11;775.53
8018.97;15;266;2;1094.05;801.64
8020.32;22;301;1;498.36;473.57
8020.99;6;16;3;3826.88;3623.82
8024.84;18;500;0;1097.15;785.57
8029.01;15;266;2;1104.1;811.69
8030.37;22;301;1;508.4;483.62
8031.04;6;16;3;3836.93;3633.87
8034.87;18;500;0;1107.18;795.61
8039.01;15;266;2;1114.1;821.69
8040.37;22;301;1;518.41;493.62
8041.05;6;16;3;3846.94;3643.88
8044.88;18;500;0;1119.96;805.61
8049.06;15;266;2;1124.14;831.73
8050.41;22;301;1;528.45;503.66
8051.09;6;16;3;3856.99;3653.93
8054.88;18;500;0;1129.97;815.62
8059.1;15;266;2;1134.19;841.77
8060.43;22;301;1;538.47;513.68
8061.1;6;16;3;3866.99;3663.93
8064.91;18;500;0;1139.99;825.64
8069.11;15;266;2;1144.2;851.79
8070.48;22;301;1;548.52;523.73
8074.95;18;500;0;1150.04;835.69
8077.23;13;26;3;8073.79;8073.59
8079.16;15;266;2;1154.24;861.83
8080.52;22;301;1;558.56;533.77
8085;18;500;0;1160.08;845.73
8087.27;13;26;3;8083.84;8083.63
8089.2;15;266;2;1164.29;871.88
8090.55;22;301;1;568.59;543.8
8095.04;18;500;0;1170.13;855.78
8097.28;13;26;3;8093.84;8093.64
8099.24;15;266;2;1174.32;881.91
8100.6;22;301;1;578.64;553.85
8105.09;18;500;0;1180.17;865.82
8107.29;13;26;3;8103.86;8103.65
8109.26;15;266;2;1184.34;891.93
8110.64;22;301;1;588.68;563.89
8115.13;18;500;0;1190.22;875.87
8117.34;13;26;3;8113.9;8113.69
8119.3;15;266;2;1194.39;901.98
8120.68;22;301;1;598.72;573.93
8125.17;18;500;0;1200.26;885.91
8127.36;13;26;3;8123.93;8123.72
8129.31;15;266;2;1204.39;911.98
8130.72;22;301;1;608.76;583.98
8135.22;18;500;0;1210.31;895.95
8137.41;13;26;3;8133.97;8133.77
8140.77;22;301;1;618.81;594.02
8145.23;18;500;0;1220.31;905.96
8146.43;20;291;2;907.17;624.47
8147.45;13;26;3;8144.02;8143.81
8150.81;22;301;1;628.85;604.06
8155.27;18;500;0;1230.36;916.01
8156.47;20;291;2;917.21;634.51
8157.5;13;26;3;8154.06;8153.86
8160.82;22;301;1;638.86;614.07
8165.32;18;500;0;1237.63;926.05
8166.52;20;291;2;927.25;644.56
8167.54;13;26;3;8164.1;8163.9
8170.86;22;301;1;648.9;624.11
8175.35;18;500;0;1247.67;936.09
8176.56;20;291;2;937.3;654.6
8177.59;13;26;3;8174.15;8173.94
8180.88;22;301;1;658.92;634.13
8185.37;18;500;0;1257.68;946.1
8186.57;20;291;2;947.31;664.61
8187.63;13;26;3;8184.19;8183.99
8190.89;22;301;1;668.93;644.14
8195.38;18;500;0;1267.69;956.12
8196.62;20;291;2;957.35;674.66
8197.68;13;26;3;8194.24;8194.03
8200.93;22;301;1;678.97;654.19
8205.43;18;500;0;1277.74;966.16
8206.63;20;291;2;967.37;684.67
8207.69;13;26;3;8204.26;8204.05
8210.98;22;301;1;689.02;664.23
8215.47;18;500;0;1287.78;976.21
8216.68;20;291;2;977.41;694.72
8217.74;13;26;3;8214.3;8214.1
8226.72;20;291;2;987.46;704.76
8227.35;23;305;1;405.68;363.59
8227.78;13;26;3;8224.34;8224.14
8230.92;12;214;0;991.65;708.95
8236.74;20;291;2;997.47;714.78
8237.55;23;305;1;415.88;373.79
8237.83;13;26;3;8234.39;8234.18
8241.24;12;214;0;1001.97;719.27
8246.77;20;291;2;1007.51;724.81
8247.59;23;305;1;425.92;383.83
8247.87;13;26;3;8244.43;8244.23
8251.28;12;214;0;1012.02;729.32
8256.8;20;291;2;1017.54;734.84
8257.64;23;305;1;435.96;393.87
8257.92;13;26;3;8254.48;8254.27
8261.32;12;214;0;1022.06;739.36
8266.84;20;291;2;1027.57;744.88
8267.66;23;305;1;445.98;403.89
8267.93;13;26;3;8264.49;8264.28
8271.37;12;214;0;1032.1;749.41
8276.88;20;291;2;1037.62;754.92
8277.67;23;305;1;456;413.91
8277.97;13;26;3;8274.53;8274.33
8281.41;12;214;0;1042.15;759.45
8286.93;20;291;2;1047.66;764.97
8287.72;23;305;1;466.05;423.96
8288.02;13;26;3;8284.58;8284.37
8291.43;12;214;0;1052.16;769.47
8296.97;20;291;2;1057.71;775.01
8297.73;23;305;1;476.06;433.97
8298.06;13;26;3;8294.62;8294.42
8301.47;12;214;0;1062.21;779.51
8307.01;20;291;2;1067.75;785.05
8307.78;23;305;1;486.1;444.01
8308.11;13;26;3;8304.67;8304.46
8311.48;12;214;0;1072.22;789.52
8317.06;20;291;2;1077.79;795.1
8317.82;23;305;1;496.15;454.06
8318.15;13;26;3;8314.71;8314.51
8321.53;12;214;0;1082.26;799.57
8327.1;20;291;2;1087.84;805.14
8327.86;23;305;1;506.19;464.1
8328.19;13;26;3;8324.76;8324.55
8331.57;12;214;0;1092.31;809.61
8337.15;20;291;2;1097.88;815.19
8337.91;23;305;1;516.23;474.14
8338.24;13;26;3;8334.8;8334.6
8341.6;12;214;0;1102.33;819.63
8347.15;20;291;2;1107.89;825.19
8347.95;23;305;1;526.28;484.19
8348.28;13;26;3;8344.85;8344.64
8351.64;12;214;0;1112.38;829.68
8357.19;20;291;2;1117.93;835.23
8357.99;23;305;1;536.32;494.23
8361.68;12;214;0;1122.42;839.72
8363.91;3;94;3;1124.65;841.95
8367.24;20;291;2;1127.97;845.28
8368.04;23;305;1;546.37;504.28
8371.73;12;214;0;1132.46;849.77
8374.12;3;94;3;1134.85;852.16
8377.28;20;291;2;1138.02;855.32
8378.08;23;305;1;556.41;514.32
8381.75;12;214;0;1142.49;859.79
8384.16;3;94;3;1144.9;862.2
8387.33;20;291;2;1148.06;865.37
8388.13;23;305;1;566.46;524.37
8391.8;12;214;0;1152.53;869.84
8394.18;3;94;3;1154.91;872.22
8397.37;20;291;2;1158.11;875.41
8398.17;23;305;1;576.5;534.41
8401.8;12;214;0;1162.54;879.84
8404.22;3;94;3;1164.96;882.26
8407.38;20;291;2;1168.11;885.42
8408.22;23;305;1;586.55;544.45
8411.85;12;214;0;1172.58;889.89
8414.26;3;94;3;1175;892.3
8417.39;20;291;2;1178.12;895.43
8418.26;23;305;1;596.59;554.5
8421.88;12;214;0;1182.61;899.91
8424.31;3;94;3;1185.04;902.34
8427.43;20;291;2;1188.17;905.47
8428.31;23;305;1;606.63;564.54
8431.92;12;214;0;1192.65;909.96
8434.31;3;94;3;1195.04;912.35
8438.33;23;305;1;616.66;574.57
8441.96;12;214;0;1202.7;920
8443.93;31;251;2;921.97;622.26
8444.34;3;94;3;1205.07;922.37
8448.37;23;305;1;626.7;584.61
8451.97;12;214;0;1212.71;930.01
8454.12;31;251;2;932.16;632.45
8454.34;3;94;3;1215.08;932.38
8458.39;23;305;1;636.72;594.63
8462.01;12;214;0;1222.75;940.05
8464.15;31;251;2;942.18;642.47
8464.39;3;94;3;1247.06;942.42
8468.41;23;305;1;646.74;604.65
8472.06;12;214;0;1232.79;950.1
8474.19;31;251;2;952.23;652.51
8474.43;3;94;3;1257.1;952.47
8478.45;23;305;1;656.78;614.69
8482.1;12;214;0;1242.84;960.14
8484.22;31;251;2;962.26;662.55
8484.47;3;94;3;1267.15;962.51
8488.5;23;305;1;666.82;624.73
8492.15;12;214;0;1252.88;970.18
8494.26;31;251;2;972.3;672.59
8494.51;3;94;3;1277.19;972.55
8498.54;23;305;1;676.87;634.78
8502.19;12;214;0;1262.93;980.23
8504.31;31;251;2;982.35;682.64
8504.56;3;94;3;1287.23;982.6
8508.58;23;305;1;686.91;644.82
8512.24;12;214;0;1272.97;990.27
8514.35;31;251;2;992.39;692.68
8514.6;3;94;3;1297.28;992.64
8518.63;23;305;1;696.96;654.87
8524.4;31;251;2;1002.44;702.72
8524.65;3;94;3;1307.32;1002.69
8528.38;17;386;0;1006.42;706.71
8528.66;23;305;1;706.99;664.9
8534.44;31;251;2;1012.48;712.77
8534.69;3;94;3;1317.37;1012.73
8538.61;17;386;0;1016.65;716.94
8544.46;31;251;2;1022.5;722.79
8544.74;3;94;3;1327.41;1022.77
8545.99;22;365;1;420.77;345.01
8548.66;17;386;0;1026.7;726.99
8554.5;31;251;2;1032.54;732.83
8554.78;3;94;3;1337.46;1032.82
8556.03;22;365;1;430.81;355.05
8558.66;17;386;0;1036.7;736.99
8564.55;31;251;2;1042.59;742.88
8564.83;3;94;3;1347.5;1042.86
8566.07;22;365;1;440.86;365.1
8568.71;17;386;0;1046.75;747.04
8574.56;31;251;2;1052.6;752.89
8574.87;3;94;3;1357.54;1052.91
8576.08;22;365;1;450.86;375.1
8578.72;17;386;0;1056.76;757.05
8584.61;31;251;2;1062.65;762.94
8584.89;3;94;3;1345.63;1062.93
8586.12;22;365;1;460.9;385.14
8588.76;17;386;0;1066.8;767.09
8594.65;31;251;2;1072.69;772.98
8594.94;3;94;3;1355.67;1072.97
8596.16;22;365;1;470.95;395.19
8598.81;17;386;0;1076.85;777.14
8604.7;31;251;2;1082.74;783.03
8604.98;3;94;3;1365.72;1083.02
8606.21;22;365;1;480.99;405.23
8608.85;17;386;0;1086.89;787.18
8614.72;31;251;2;1092.76;793.05
8615.03;3;94;3;1375.76;1093.06
8616.25;22;365;1;491.03;415.28
8618.9;17;386;0;1096.93;797.22
8624.73;31;251;2;1102.77;803.05
8625.07;3;94;3;1385.8;1103.11
8626.3;22;365;1;501.08;425.32
8628.94;17;386;0;1106.98;807.27
8634.77;31;251;2;1112.81;813.1
8635.11;3;94;3;1395.85;1113.15
8636.34;22;365;1;511.12;435.36
8638.99;17;386;0;1399.72;817.31
8644.81;31;251;2;1122.85;823.14
8645.16;3;94;3;1405.89;1123.2
8646.38;22;365;1;521.16;445.4
8649.03;17;386;0;1409.76;827.36
8654.86;31;251;2;1132.9;833.19
8655.2;3;94;3;1415.93;1133.24
8656.42;22;365;1;792.65;455.44
8659.07;17;386;0;1419.81;837.4
8664.9;31;251;2;1142.94;843.23
8666.46;22;365;1;802.7;465.48
8669.09;17;386;0;1429.82;847.42
8671.85;6;309;3;1125.1;841.53
8674.91;31;251;2;1152.95;853.24
8676.5;22;365;1;812.74;475.53
8679.13;17;386;0;1439.87;857.46
8681.89;6;309;3;1135.14;851.57
8684.93;31;251;2;1162.96;863.25
8686.55;22;365;1;822.79;485.57
8689.18;17;386;0;1449.91;867.51
8691.94;6;309;3;1145.19;861.61
8694.97;31;251;2;1173.01;873.3
8696.58;22;365;1;832.82;495.6
8699.22;17;386;0;1459.96;877.55
8701.96;6;309;3;1155.21;871.64
8705.01;31;251;2;1183.05;883.34
8706.63;22;365;1;842.86;505.65
8709.27;17;386;0;1470;887.6
8712;6;309;3;1165.25;881.68
8715.06;31;251;2;1193.1;893.39
8716.67;22;365;1;852.91;515.69
8719.31;17;386;0;1480.05;897.64
8722.01;6;309;3;1175.26;891.69
8725.1;31;251;2;1203.14;903.43
8726.7;22;365;1;862.94;525.72
8729.36;17;386;0;1490.09;907.68
8732.05;6;309;3;1185.31;901.73
8735.15;31;251;2;1213.19;913.48
8736.73;22;365;1;872.96;535.75
8739.39;17;386;0;1500.12;917.72
8742.1;6;309;3;1195.35;911.78
8746.77;22;365;1;621.55;545.79
8749.43;17;386;0;1510.17;927.76
8750.88;15;399;2;920.55;604.4
8752.14;6;309;3;1205.39;921.82
8756.81;22;365;1;631.6;555.84
8759.44;17;386;0;1237.48;937.77
8760.92;15;399;2;930.6;614.44
8762.19;6;309;3;1215.44;931.87
8766.86;22;365;1;641.64;565.88
8769.49;17;386;0;1247.53;947.81
8770.96;15;399;2;940.64;624.49
8772.23;6;309;3;1225.48;941.91
8776.9;22;365;1;651.68;575.92
8779.52;17;386;0;1257.56;957.85
8781.01;15;399;2;950.69;634.53
8782.28;6;309;3;1260.32;951.95
8786.9;22;365;1;661.69;585.93
8789.54;17;386;0;1267.58;967.87
8791.05;15;399;2;960.73;644.57
8792.28;6;309;3;1270.32;961.96
8796.95;22;365;1;671.73;595.97
8799.58;17;386;0;1277.61;977.9
8801.08;15;399;2;970.76;654.6
8802.32;6;309;3;1280.36;972
8806.99;22;365;1;681.77;606.02
8809.59;17;386;0;1287.63;987.92
8811.13;15;399;2;980.81;664.65
8812.37;6;309;3;1290.41;982.05
8817.04;22;365;1;691.82;616.06
8821.13;15;399;2;990.81;674.65
8822.41;6;309;3;1300.45;992.09
8826.13;18;424;0;1004.46;700.91
8827.08;22;365;1;701.86;626.1
8831.16;15;399;2;1000.83;684.68
8832.46;6;309;3;1310.5;1002.14
8836.17;18;424;0;1014.5;710.95
8837.13;22;365;1;711.91;636.15
8841.2;15;399;2;1010.88;694.72
8842.5;6;309;3;1320.54;1012.18
8846.18;18;424;0;1024.51;720.96
8847.17;22;365;1;721.95;646.19
8851.23;15;399;2;1020.91;704.76
8852.55;6;309;3;1330.59;1022.23
8856.22;18;424;0;1034.55;731
8857.22;22;365;1;732;656.24
8861.27;15;399;2;1039.6;714.79
8862.59;6;309;3;1340.63;1032.27
8866.24;18;424;0;1044.57;741.03
8867.26;22;365;1;742.04;666.28
8871.32;15;399;2;1049.64;724.84
8872.64;6;309;3;1350.67;1042.31
8876.29;18;424;0;1054.62;751.07
8881.33;15;399;2;1059.66;734.86
8882.68;6;309;3;1360.72;1052.36
8883.73;23;159;1;451.76;337.7
8886.33;18;424;0;1064.66;761.11
8891.38;15;399;2;1069.71;744.9
8892.72;6;309;3;1345.98;1062.4
8893.78;23;159;1;461.81;347.75
8896.38;18;424;0;1074.71;771.16
8901.42;15;399;2;1079.75;754.94
8902.76;6;309;3;1356.01;1072.44
8903.82;23;159;1;471.86;357.79
8906.42;18;424;0;1084.75;781.2
8911.47;15;399;2;1089.79;764.99
8912.8;6;309;3;1366.05;1082.48
8913.84;23;159;1;481.88;367.81
8916.46;18;424;0;1094.78;791.24
8921.51;15;399;2;1099.84;775.03
8922.84;6;309;3;1376.1;1092.52
8923.87;23;159;1;491.91;377.84
8926.46;18;424;0;1104.79;801.24
8931.52;15;399;2;1109.85;785.05
8932.89;6;309;3;1386.14;1102.57
8933.88;23;159;1;501.92;387.85
8936.47;18;424;0;1389.72;811.25
8941.57;15;399;2;1119.9;795.09
8942.93;6;309;3;1396.18;1112.61
8943.9;23;159;1;511.94;397.87
8946.51;18;424;0;1399.76;821.29
8951.6;15;399;2;1121.28;805.12
8952.98;6;309;3;1406.23;1122.66
8953.95;23;159;1;521.98;407.92
8956.56;18;424;0;1409.81;831.34
8961.65;15;399;2;1131.33;815.17
8962.98;6;309;3;1416.23;1132.66
8963.95;23;159;1;531.99;417.92
8966.6;18;424;0;1419.85;841.38
8971.69;15;399;2;1141.37;825.21
8973.96;23;159;1;541.99;427.93
8976.64;18;424;0;1429.9;851.43
8978.59;13;18;3;1114.83;832.12
8981.73;15;399;2;1151.41;835.25
8984;23;159;1;552.04;437.97
8986.69;18;424;0;1439.94;861.47
8988.85;13;18;3;1125.08;842.37
8991.78;15;399;2;1161.46;845.3
8994.02;23;159;1;793.05;447.99
8996.73;18;424;0;1449.98;871.51
8998.89;13;18;3;1135.13;852.41
9001.82;15;399;2;1171.5;855.34
9004.07;23;159;1;803.09;458.04
9006.78;18;424;0;1460.03;881.56
9008.93;13;18;3;1145.17;862.46
9011.86;15;399;2;1181.54;865.38
9014.11;23;159;1;813.13;468.08
9016.82;18;424;0;1470.07;891.6
9018.98;13;18;3;1155.22;872.5
9021.87;15;399;2;1191.55;875.39
9024.15;23;159;1;823.17;478.12
9026.87;18;424;0;1480.12;901.65
9028.98;13;18;3;1165.22;882.5
9031.87;15;399;2;1201.55;885.39
9034.19;23;159;1;833.21;488.16
9036.91;18;424;0;1490.16;911.69
9039.03;13;18;3;1175.26;892.55
9041.91;15;399;2;1211.59;895.43
9044.21;23;159;1;843.23;498.18
9046.96;18;424;0;1225.28;921.74
9049.04;13;18;3;1185.27;902.56
9051.92;15;399;2;1221.6;905.44
9054.25;23;159;1;853.28;508.22
9057;18;424;0;1235.33;931.78
9059.08;13;18;3;1195.32;912.6
9064.3;23;159;1;863.32;518.27
9067.03;18;424;0;1245.36;941.81
9068.26;20;38;2;867.29;613.88
9069.11;13;18;3;1205.35;922.63
9074.34;23;159;1;873.36;528.31
9077.08;18;424;0;1255.4;951.86
9078.28;20;38;2;877.31;623.9
9079.16;13;18;3;1215.39;932.68
9084.35;23;159;1;883.37;538.32
9087.12;18;424;0;1265.45;961.9
9088.33;20;38;2;887.35;633.94
9089.2;13;18;3;1258.88;942.72
9094.39;23;159;1;662.43;548.36
9097.13;18;424;0;1275.46;971.91
9098.37;20;38;2;897.4;643.99
9099.24;13;18;3;1268.92;952.77
9104.44;23;159;1;672.47;558.41
9107.15;18;424;0;1285.47;981.93
9108.42;20;38;2;907.44;654.03
9109.29;13;18;3;1278.97;962.81
9114.48;23;159;1;682.52;568.45
9117.18;18;424;0;1295.5;991.96
9118.46;20;38;2;917.48;664.08
9119.31;13;18;3;1288.99;972.83
9124.53;23;159;1;692.56;578.5
9128.51;20;38;2;927.53;674.12
9129.35;13;18;3;1299.03;982.88
9133.84;12;195;0;987.36;701.87
9134.56;23;159;1;702.6;588.53
9138.55;20;38;2;937.57;684.17
9139.38;13;18;3;1309.06;992.9
9143.88;12;195;0;997.4;711.92
9144.58;23;159;1;712.62;598.55
9148.6;20;38;2;947.62;694.21
9149.43;13;18;3;1319.1;1002.95
9153.92;12;195;0;1007.45;721.96
9154.63;23;159;1;722.66;608.6
9158.64;20;38;2;957.66;704.25
9159.46;13;18;3;1329.14;1012.98
9163.95;12;195;0;1017.47;731.98
9164.67;23;159;1;732.71;618.64
9168.66;20;38;2;967.68;714.28
9169.5;13;18;3;1305.74;1023.02
9173.96;12;195;0;1027.48;741.99
9174.72;23;159;1;742.75;628.69
9178.71;20;38;2;1032.23;724.32
9179.55;13;18;3;1315.79;1033.07
9184;12;195;0;1037.52;752.04
9184.76;23;159;1;752.8;638.73
9188.74;20;38;2;1042.26;734.35
9189.58;13;18;3;1325.81;1043.1
9194.05;12;195;0;1047.57;762.08
9194.79;23;159;1;762.82;648.76
9198.78;20;38;2;1052.3;744.39
9199.61;13;18;3;1335.85;1053.13
9204.09;12;195;0;1057.61;772.13
9204.82;23;159;1;772.86;658.79
9208.79;20;38;2;1062.31;754.4
9209.65;13;18;3;1345.89;1063.18
9214.13;12;195;0;1067.66;782.17
9218.82;20;38;2;1072.34;764.43
9219.7;13;18;3;1355.94;1073.22
9221.6;22;2;1;472.12;374.38
9224.18;12;195;0;1077.7;792.22
9228.86;20;38;2;1082.38;774.47
9229.74;13;18;3;1365.98;1083.26
9231.64;22;2;1;482.17;384.43
9234.19;12;195;0;1087.71;802.22
9238.89;20;38;2;1037.91;784.5
9239.79;13;18;3;1376.02;1093.31
9241.66;22;2;1;492.18;394.44
9244.23;12;195;0;1097.75;812.27
9248.93;20;38;2;1047.96;794.55
9249.82;13;18;3;1386.05;1103.34
9251.7;22;2;1;502.23;404.49
9254.27;12;195;0;1107.79;822.31
9258.98;20;38;2;1058;804.59
9259.86;13;18;3;1396.1;1113.38
9261.75;22;2;1;512.27;414.53
9264.32;12;195;0;1117.84;832.35
9269.02;20;38;2;1068.04;814.64
9269.9;13;18;3;1406.14;1123.43
9271.77;22;2;1;522.3;424.56
9274.32;12;195;0;1127.84;842.35
9279.07;20;38;2;1078.09;824.68
9281.78;22;2;1;532.3;434.56
9284.36;12;195;0;1137.88;852.4
9286.07;3;73;3;1139.59;831.68
9289.09;20;38;2;1088.11;834.71
9291.82;22;2;1;542.35;444.61
9294.4;12;195;0;1147.93;862.44
9296.2;3;73;3;1149.72;841.82
9299.12;20;38;2;1098.14;844.73
9301.82;22;2;1;552.35;454.61
9304.45;12;195;0;1157.97;872.49
9306.25;3;73;3;1159.77;851.86
9309.16;20;38;2;1108.18;854.78
9311.87;22;2;1;562.39;464.65
9314.49;12;195;0;1168.02;882.53
9316.29;3;73;3;1169.81;861.91
9319.21;20;38;2;1118.23;864.82
9321.91;22;2;1;572.44;474.7
9324.54;12;195;0;1178.06;892.57
9326.34;3;73;3;1179.86;871.95
9329.25;20;38;2;1128.27;874.86
9331.96;22;2;1;785.93;484.74
9334.58;12;195;0;1188.1;902.62
9336.38;3;73;3;1189.9;882
9339.26;20;38;2;1138.28;884.88
9342;22;2;1;795.97;494.79
9344.63;12;195;0;1198.15;912.66
9346.42;3;73;3;1199.95;892.04
9349.31;20;38;2;1148.33;894.92
9352.03;22;2;1;806;504.81
9354.67;12;195;0;1208.19;922.71
9356.47;3;73;3;1209.99;902.08
9362.05;22;2;1;816.02;514.84
9364.72;12;195;0;1218.24;932.75
9366.27;31;67;2;911.88;605.3
9366.51;3;73;3;1220.03;912.13
9372.1;22;2;1;826.07;524.88
9374.73;12;195;0;1228.25;942.76
9376.31;31;67;2;921.93;615.35
9376.53;3;73;3;1230.05;922.14
9382.14;22;2;1;836.11;534.93
9384.77;12;195;0;1238.29;952.81
9386.36;31;67;2;931.97;625.39
9386.57;3;73;3;1240.1;932.19
9392.19;22;2;1;846.16;544.97
9394.78;12;195;0;1248.31;962.82
9396.39;31;67;2;942;635.42
9396.61;3;73;3;1271.39;942.22
9402.23;22;2;1;856.2;555.02
9404.83;12;195;0;1258.35;972.87
9406.43;31;67;2;952.05;645.47
9406.65;3;73;3;1281.43;952.26
9412.26;22;2;1;662.79;565.05
9414.87;12;195;0;1268.4;982.91
9416.45;31;67;2;962.06;655.48
9416.69;3;73;3;1291.47;962.31
9422.29;22;2;1;672.82;575.08
9424.92;12;195;0;1278.44;992.95
9426.49;31;67;2;972.11;665.53
9426.71;3;73;3;1301.49;972.32
9432.34;22;2;1;682.86;585.12
9436.53;31;67;2;982.14;675.56
9436.75;3;73;3;1311.53;982.37
9441.95;17;227;0;987.56;692.47
9442.38;22;2;1;692.91;595.17
9446.57;31;67;2;992.18;685.6
9446.77;3;73;3;1321.55;992.39
9451.99;17;227;0;997.61;702.52
9452.43;22;2;1;702.95;605.21
9456.58;31;67;2;1002.19;695.61
9456.82;3;73;3;1310.34;1002.43
9462.04;17;227;0;1007.65;712.56
9462.47;22;2;1;713;615.26
9466.62;31;67;2;1012.24;705.66
9466.84;3;73;3;1320.36;1012.45
9472.08;17;227;0;1017.7;722.61
9472.52;22;2;1;723.04;625.3
9476.67;31;67;2;1044.7;715.7
9476.88;3;73;3;1330.4;1022.5
9482.13;17;227;0;1027.74;732.65
9482.56;22;2;1;733.09;635.35
9486.71;31;67;2;1054.75;725.75
9486.91;3;73;3;1340.44;1032.53
9492.17;17;227;0;1037.79;742.7
9492.58;22;2;1;743.11;645.37
9496.72;31;67;2;1064.75;735.75
9496.96;3;73;3;1350.48;1042.57
9502.21;17;227;0;1047.82;752.73
9502.63;22;2;1;753.15;655.41
9506.76;31;67;2;1074.8;745.8
9506.97;3;73;3;1360.49;1052.58
9512.25;17;227;0;1057.86;762.77
9512.67;22;2;1;763.2;665.46
9516.81;31;67;2;1084.84;755.84
9517.01;3;73;3;1370.53;1062.62
9522.29;17;227;0;1067.91;772.82
9526.85;31;67;2;1094.89;765.89
9527.04;3;73;3;1380.56;1072.65
9529.14;23;253;1;441.97;334.3
9532.34;17;227;0;1077.95;782.86
9536.9;31;67;2;1104.93;775.93
9537.08;3;73;3;1390.6;1082.7
9539.19;23;253;1;452.02;344.36
9542.38;17;227;0;1088;792.91
9546.94;31;67;2;1092.55;785.97
9547.13;3;73;3;1400.65;1092.74
9549.2;23;253;1;462.03;354.37
9552.43;17;227;0;1098.04;802.95
9556.98;31;67;2;1102.6;796.02
9557.17;3;73;3;1410.69;1102.79
9559.24;23;253;1;472.08;364.41
9562.43;17;227;0;1108.05;812.96
9567.03;31;67;2;1112.64;806.06
9567.21;3;73;3;1420.73;1112.83
9569.29;23;253;1;482.12;374.46
9572.48;17;227;0;1118.09;823
9577.07;31;67;2;1122.69;816.11
9577.26;3;73;3;1430.78;1122.87
9579.29;23;253;1;492.13;384.46
9582.52;17;227;0;1128.14;833.05
9587.09;31;67;2;1132.71;826.13
9587.3;3;73;3;1440.82;1132.92
9589.34;23;253;1;502.17;394.51
9592.57;17;227;0;1138.18;843.09
9597.14;31;67;2;1142.75;836.17
9599.35;23;253;1;512.18;404.52
9602.61;17;227;0;1148.23;853.14
9603.66;6;77;3;1057.63;841.43
9607.15;31;67;2;1152.76;846.18
9609.39;23;253;1;522.23;414.56
9612.62;17;227;0;1158.24;863.15
9613.67;6;77;3;1067.64;851.44
9617.19;31;67;2;1162.81;856.23
9619.43;23;253;1;532.26;424.6
9622.67;17;227;0;1168.28;873.19
9623.71;6;77;3;1077.68;861.48
9627.24;31;67;2;1172.85;866.27
9629.47;23;253;1;542.31;434.64
9632.71;17;227;0;1178.32;883.23
9633.75;6;77;3;1087.72;871.52
9637.28;31;67;2;1182.9;876.32
9639.51;23;253;1;792.29;444.68
9642.75;17;227;0;1188.37;893.28
9643.8;6;77;3;1097.77;881.57
9647.33;31;67;2;1192.94;886.36
9649.55;23;253;1;802.34;454.72
9652.8;17;227;0;1198.41;903.32
9653.84;6;77;3;1107.81;891.61
9657.37;31;67;2;1202.99;896.41
9659.6;23;253;1;812.38;464.77
9662.84;17;227;0;1208.46;913.37
9663.86;6;77;3;1117.83;901.62
9667.39;31;67;2;1213;906.42
9669.64;23;253;1;582.48;474.81
9672.89;17;227;0;1218.5;923.41
9673.9;6;77;3;1127.87;911.67
9679.69;23;253;1;592.52;484.86
9682.93;17;227;0;1228.55;933.46
9683.53;15;148;2;921.29;595.15
9683.95;6;77;3;1137.92;921.71
9689.7;23;253;1;602.54;494.87
9692.95;17;227;0;1238.56;943.47
9693.6;15;148;2;931.37;605.23
9693.99;6;77;3;1147.96;931.76
9699.75;23;253;1;612.58;504.91
9702.99;17;227;0;1248.61;953.52
9703.64;15;148;2;941.41;615.27
9704.02;6;77;3;1157.99;941.78
9709.76;23;253;1;622.59;514.93
9713.04;17;227;0;1258.65;963.56
9713.68;15;148;2;951.45;625.31
9714.04;6;77;3;1259.66;951.81
9719.8;23;253;1;632.64;524.97
9723.08;17;227;0;1268.7;973.61
9723.72;15;148;2;961.49;635.34
9724.08;6;77;3;1269.69;961.85
9729.85;23;253;1;642.68;535.02
9733.13;17;227;0;1278.74;983.65
9733.76;15;148;2;971.53;645.39
9734.08;6;77;3;1279.7;971.85
9739.89;23;253;1;652.73;545.06
9743.17;17;227;0;1288.79;993.7
9743.81;15;148;2;981.57;655.43
9744.12;6;77;3;1289.74;981.89
9749.94;23;253;1;662.77;555.11
9753.85;15;148;2;991.62;665.48
9754.17;6;77;3;1299.78;991.93
9759.07;18;144;0;998.1;671.9
9759.97;23;253;1;672.81;565.14
9763.89;15;148;2;1001.65;675.51
9764.18;6;77;3;1218.15;1001.95
9769.33;18;144;0;1008.36;682.16
9770;23;253;1;682.83;575.17
9773.89;15;148;2;1011.66;685.52
9774.19;6;77;3;1228.16;1011.95
9779.36;18;144;0;1018.39;692.19
9780;23;253;1;692.83;585.17
9783.93;15;148;2;1021.7;695.55
9784.23;6;77;3;1238.2;1022
9789.4;18;144;0;1028.44;702.24
9790.04;23;253;1;702.88;595.21
9793.95;15;148;2;1032.98;705.58
9794.28;6;77;3;1248.25;1032.04
9799.45;18;144;0;1038.48;712.28
9800.09;23;253;1;712.92;605.26
9803.99;15;148;2;1043.02;715.61
9804.31;6;77;3;1258.28;1042.07
9809.48;18;144;0;1048.51;722.31
9810.13;23;253;1;722.97;615.3
9814.03;15;148;2;1053.07;725.66
9814.35;6;77;3;1268.32;1052.12
9819.52;18;144;0;1058.56;732.36
9820.18;23;253;1;733.01;625.35
9824.08;15;148;2;1063.11;735.7
9824.39;6;77;3;1278.36;1062.16
9829.57;18;144;0;1068.6;742.4
9830.19;23;253;1;743.02;635.36
9834.1;15;148;2;1073.14;745.73
9834.44;6;77;3;1288.41;1072.21
9839.61;18;144;0;1078.65;752.45
9840.23;23;253;1;753.07;645.4
9844.15;15;148;2;1083.18;755.77
9844.48;6;77;3;1298.45;1082.25
9849.66;18;144;0;1088.69;762.49
9850.28;23;253;1;763.11;655.45
9854.19;15;148;2;1093.23;765.82
9854.53;6;77;3;1308.5;1092.3
9859.7;18;144;0;1098.74;772.54
9860.29;23;253;1;773.12;665.46
9864.24;15;148;2;1102.01;775.86
9864.57;6;77;3;1318.54;1102.34
9869.75;18;144;0;1120.27;782.58
9874.28;15;148;2;1112.05;785.91
9874.6;6;77;3;1328.57;1112.36
9876.32;22;34;1;451.35;363.6
9879.75;18;144;0;1130.28;792.59
9884.33;15;148;2;1122.09;795.95
9884.64;6;77;3;1338.61;1122.41
9886.33;22;34;1;461.37;373.62
9889.8;18;144;0;1140.32;802.63
9894.33;15;148;2;1132.1;805.95
9894.68;6;77;3;1348.65;1132.45
9896.38;22;34;1;471.42;383.66
9899.84;18;144;0;1150.37;812.68
9904.33;15;148;2;1142.1;815.96
9906.42;22;34;1;481.46;393.71
9909.89;18;144;0;1160.41;822.72
9910.96;13;486;3;1063.75;821.72
9914.34;15;148;2;1152.11;825.97
9916.47;22;34;1;491.51;403.75
9919.93;18;144;0;1170.46;832.77
9921.05;13;486;3;1073.83;831.81
9924.34;15;148;2;1162.11;835.97
9926.47;22;34;1;501.51;413.76
9929.98;18;144;0;1180.5;842.81
9931.07;13;486;3;1083.86;841.83
9934.39;15;148;2;1172.15;846.01
9936.52;22;34;1;511.56;423.8
9940;18;144;0;1190.52;852.83
9941.12;13;486;3;1093.9;851.87
9944.4;15;148;2;1182.17;856.03
9946.55;22;34;1;521.59;433.83
9950.02;18;144;0;1200.54;862.85
9951.16;13;486;3;1103.95;861.92
9954.45;15;148;2;1192.22;866.07
9956.59;22;34;1;531.63;443.88
9960.06;18;144;0;1199.1;872.9
9961.16;13;486;3;1113.95;871.92
9964.45;15;148;2;1202.22;876.07
9966.59;22;34;1;541.63;453.88
9970.11;18;144;0;1209.14;882.94
9971.21;13;486;3;1123.99;881.96
9974.49;15;148;2;1212.26;886.12
9976.64;22;34;1;551.68;463.92
9980.15;18;144;0;1219.18;892.98
9981.25;13;486;3;1134.04;892.01
9984.54;15;148;2;1222.31;896.16
9986.66;22;34;1;791.83;473.95
9990.19;18;144;0;1229.23;903.03
9991.3;13;486;3;1144.08;902.05
9994.58;15;148;2;1232.35;906.21
9996.71;22;34;1;801.88;483.99
10000.19;18;144;0;1239.23;913.03
10001.34;13;486;3;1154.13;912.1
10006.75;22;34;1;581.79;494.04
10010.24;18;144;0;1249.27;923.07
10010.43;20;108;2;8939.26;8662.26
10011.39;13;486;3;1164.17;922.14
10016.8;22;34;1;591.83;504.08
10020.26;18;144;0;1259.29;933.09
10020.47;20;108;2;8949.31;8672.3
10021.43;13;486;3;1259.2;932.19
10026.8;22;34;1;601.84;514.08
10030.3;18;144;0;1269.33;943.13
10030.48;20;108;2;8959.31;8682.31
10031.43;13;486;3;1269.2;942.19
10036.84;22;34;1;611.88;524.13
10040.34;18;144;0;1279.37;953.17
10040.52;20;108;2;8969.36;8692.35
10041.48;13;486;3;1279.24;952.23
10046.89;22;34;1;621.92;534.17
10050.35;18;144;0;1289.38;963.18
10050.57;20;108;2;8979.4;8702.4
10051.52;13;486;3;1289.29;962.28
10056.93;22;34;1;631.97;544.22
10060.39;18;144;0;1299.43;973.23
10060.61;20;108;2;8989.45;8712.44
10061.56;13;486;3;1299.33;972.32
10066.98;22;34;1;642.01;554.26
10070.44;18;144;0;1309.47;983.27
10070.66;20;108;2;8999.49;8722.49
10071.61;13;486;3;1224.39;982.36
10077.02;22;34;1;652.06;564.3
10080.48;18;144;0;1319.51;993.31
10080.66;20;108;2;9009.49;8732.49
10081.65;13;486;3;1234.44;992.41
10087.06;22;34;1;662.1;574.35
10090.7;20;108;2;9019.54;8742.53
10091.7;13;486;3;1244.48;1002.45
10096.07;12;204;0;1007.7;671.11
10097.07;22;34;1;672.11;584.35
10100.75;20;108;2;9029.58;8752.58
10101.71;13;486;3;1254.49;1012.46
10106.39;12;204;0;1018.01;681.42
10107.11;22;34;1;682.15;594.39
10110.79;20;108;2;9039.63;8762.62
10111.75;13;486;3;1264.54;1022.51
10116.42;12;204;0;1028.05;691.46
10117.13;22;34;1;692.17;604.42
10120.84;20;108;2;9049.67;8772.66
10121.78;13;486;3;1274.56;1032.53
10126.47;12;204;0;1038.09;701.5
10127.18;22;34;1;702.22;614.46
10130.88;20;108;2;9059.71;8782.71
10131.82;13;486;3;1284.61;1042.58
10136.51;12;204;0;1048.14;711.55
10137.22;22;34;1;712.26;624.51
10140.91;20;108;2;9069.75;8792.74
10141.87;13;486;3;1294.65;1052.62
10146.55;12;204;0;1058.18;721.59
10147.27;22;34;1;722.31;634.55
10150.96;20;108;2;8901.37;8802.79
10151.91;13;486;3;1304.69;1062.67
10156.59;12;204;0;1068.22;731.63
10157.31;22;34;1;732.35;644.6
10161;20;108;2;8911.41;8812.83
10161.95;13;486;3;1314.74;1072.71
10166.64;12;204;0;1078.27;741.68
10167.36;22;34;1;742.39;654.64
10171.05;20;108;2;8921.46;8822.88
10172;13;486;3;1324.78;1082.75
10176.68;12;204;0;1088.31;751.72
10177.4;22;34;1;752.44;664.69
10181.09;20;108;2;9109.93;8832.92
10182.04;13;486;3;1334.83;1092.8
10186.73;12;204;0;1098.35;761.76
10191.14;20;108;2;9119.97;8842.97
10192.09;13;486;3;1344.87;1102.84
10193.94;23;178;1;469.82;363.71
10196.77;12;204;0;1108.4;771.81
10201.18;20;108;2;9130.01;8853.01
10202.13;13;486;3;1354.92;1112.89
10203.96;23;178;1;479.84;373.73
10206.81;12;204;0;1119.65;781.85
10211.22;20;108;2;9140.06;8863.05
10212.18;13;486;3;1364.96;1122.93
10214;23;178;1;489.88;383.77
10216.85;12;204;0;1129.69;791.89
10221.25;20;108;2;9150.09;8873.08
10222.19;13;486;3;1374.97;1132.94
10224.05;23;178;1;499.93;393.82
10226.88;12;204;0;1138.51;801.92
10231.27;20;108;2;8981.68;8883.1
10234.09;23;178;1;509.97;403.86
10236.93;12;204;0;1148.55;811.97
10239.02;3;519;3;1044.19;812.48
10241.31;20;108;2;8991.72;8893.14
10244.14;23;178;1;520.01;413.9
10246.97;12;204;0;1158.59;822
10249.07;3;519;3;1054.24;822.53
10251.36;20;108;2;9001.77;8903.19
10254.18;23;178;1;530.06;423.95
10257.01;12;204;0;1168.64;832.05
10259.11;3;519;3;1064.28;832.57
10261.4;20;108;2;9011.81;8913.23
10264.23;23;178;1;540.1;433.99
10267.06;12;204;0;1178.68;842.09
10269.16;3;519;3;1074.32;842.62
10271.45;20;108;2;9021.86;8923.28
10274.27;23;178;1;550.15;444.04
10277.1;12;204;0;1188.73;852.14
10279.2;3;519;3;1084.37;852.66
10284.32;23;178;1;560.19;454.08
10287.12;12;204;0;1198.75;862.16
10287.21;31;257;2;1197.97;860.67
10289.24;3;519;3;1094.41;862.7
10294.36;23;178;1;570.24;464.13
10297.17;12;204;0;1208.79;872.2
10297.39;31;257;2;1208.15;870.85
10299.28;3;519;3;1104.45;872.75
10304.38;23;178;1;791.67;474.15
10307.21;12;204;0;1218.84;882.25
10307.44;31;257;2;1218.19;880.9
10309.33;3;519;3;1114.5;882.79
10314.43;23;178;1;801.71;484.2
10317.25;12;204;0;1228.88;892.29
10317.48;31;257;2;1228.24;890.94
10319.37;3;519;3;1124.54;892.84
10324.47;23;178;1;811.76;494.24
10327.3;12;204;0;1238.93;902.34
10327.52;31;257;2;1238.28;900.99
10329.39;3;519;3;1134.56;902.86
10334.52;23;178;1;821.8;504.28
10337.34;12;204;0;1248.97;912.38
10337.57;31;257;2;1249.2;911.03
10339.44;3;519;3;1144.61;912.9
10344.55;23;178;1;831.83;514.31
10347.39;12;204;0;1259.01;922.43
10347.6;31;257;2;1258.35;921.06
10349.48;3;519;3;1154.65;922.95
10354.58;23;178;1;841.86;524.35
10357.41;12;204;0;1269.03;932.44
10357.64;31;257;2;1268.39;931.1
10359.53;3;519;3;1164.7;932.99
10364.62;23;178;1;851.91;534.39
10367.45;12;204;0;1279.08;942.49
10367.68;31;257;2;1278.44;941.14
10369.57;3;519;3;1174.74;943.04
10374.67;23;178;1;861.95;544.43
10377.45;12;204;0;1289.08;952.49
10377.73;31;257;2;1288.48;951.19
10379.57;3;519;3;1184.74;953.04
10384.7;23;178;1;871.98;554.46
10387.5;12;204;0;1299.12;962.54
10387.77;31;257;2;1298.53;961.23
10389.62;3;519;3;1194.79;963.08
10394.74;23;178;1;670.62;564.51
10397.5;12;204;0;1309.13;972.54
10397.82;31;257;2;1308.57;971.28
10399.66;3;519;3;1204.83;973.13
10404.79;23;178;1;680.66;574.55
10407.54;12;204;0;1319.17;982.58
10407.86;31;257;2;1318.62;981.32
10409.7;3;519;3;1214.87;983.17
10414.8;23;178;1;690.68;584.57
10417.59;12;204;0;1329.22;992.63
10417.9;31;257;2;1328.66;991.37
10419.75;3;519;3;1224.92;993.21
10424.84;23;178;1;700.71;594.6
10427.95;31;257;2;1338.7;1001.41
10429.79;3;519;3;1234.96;1003.26
10433.82;17;82;0;1007.28;690.6
10434.86;23;178;1;710.74;604.63
10437.99;31;257;2;1348.75;1011.45
10439.84;3;519;3;1245.01;1013.3
10443.83;17;82;0;1017.29;700.62
10444.91;23;178;1;720.79;614.68
10448.04;31;257;2;1358.79;1021.5
10449.88;3;519;3;1255.05;1023.34
10453.88;17;82;0;1027.34;710.66
10454.95;23;178;1;730.83;624.72
10458.08;31;257;2;1368.84;1031.54
10459.88;3;519;3;1265.05;1033.34
10463.92;17;82;0;1037.38;720.7
10465;23;178;1;740.87;634.76
10468.12;31;257;2;1378.88;1041.59
10469.93;3;519;3;1275.1;1043.39
10473.93;17;82;0;1047.39;730.71
10475.04;23;178;1;750.92;644.81
10478.17;31;257;2;1388.93;1051.63
10479.97;3;519;3;1285.14;1053.43
10483.97;17;82;0;1057.44;740.76
10485.05;23;178;1;760.93;654.82
10488.21;31;257;2;1398.97;1061.68
10490.02;3;519;3;1295.18;1063.48
10493.98;17;82;0;1067.45;750.77
10495.1;23;178;1;770.97;664.86
10498.24;31;257;2;1409;1071.71
10500.06;3;519;3;1305.23;1073.52
10504.03;17;82;0;1077.49;760.81
10508.29;31;257;2;1419.04;1081.75
10510.1;3;519;3;1315.27;1083.57
10510.93;22;92;1;469.41;353.57
10514.07;17;82;0;1087.53;770.85
10518.33;31;257;2;1429.09;1091.8
10520.15;3;519;3;1325.32;1093.61
10521.16;22;92;1;479.64;363.8
10524.12;17;82;0;1097.58;780.9
10528.37;31;257;2;1439.13;1101.84
10530.19;3;519;3;1335.36;1103.66
10531.21;22;92;1;489.69;373.85
10534.16;17;82;0;1107.62;790.94
10538.37;31;257;2;1449.13;1111.84
10540.24;3;519;3;1345.41;1113.7
10541.25;22;92;1;499.73;383.89
10544.2;17;82;0;1119.24;800.98
10548.39;31;257;2;1459.15;1121.86
10550.28;3;519;3;1355.45;1123.74
10551.29;22;92;1;509.78;393.94
10554.22;17;82;0;1129.26;811.01
10558.44;31;257;2;1469.2;1131.9
10561.34;22;92;1;519.82;403.98
10564.27;17;82;0;1139.31;821.05
10566.39;6;48;3;1139.85;842.26
10568.48;31;257;2;1479.24;1141.95
10571.38;22;92;1;529.86;414.03
10574.31;17;82;0;1149.35;831.1
10576.58;6;48;3;1150.05;852.46
10578.53;31;257;2;1489.28;1151.99
10581.43;22;92;1;539.91;424.07
10584.36;17;82;0;1157.82;841.14
10586.63;6;48;3;1160.09;862.5
10588.57;31;257;2;1499.33;1162.04
10591.47;22;92;1;549.95;434.12
10594.4;17;82;0;1167.86;851.18
10596.63;6;48;3;1170.1;872.51
10598.62;31;257;2;1509.37;1172.08
10601.49;22;92;1;559.97;444.13
10604.45;17;82;0;1177.91;861.23
10606.68;6;48;3;1180.14;882.55
10608.66;31;257;2;1519.42;1182.12
10611.52;22;92;1;570;454.16
10614.47;17;82;0;1187.94;871.26
10616.7;6;48;3;1190.16;892.57
10621.52;22;92;1;580;464.17
10624.52;17;82;0;1197.98;881.3
10625.34;15;150;2;10620.41;10620.32
10626.74;6;48;3;1200.2;902.62
10631.56;22;92;1;590.04;474.2
10634.52;17;82;0;1207.99;891.31
10635.36;15;150;2;10630.43;10630.35
10636.77;6;48;3;1210.23;912.64
10641.6;22;92;1;600.08;484.24
10644.57;17;82;0;1218.03;901.35
10645.41;15;150;2;10640.48;10640.39
10646.81;6;48;3;1220.27;922.69
10651.64;22;92;1;610.12;494.29
10654.61;17;82;0;1228.07;911.4
10655.45;15;150;2;10650.52;10650.43
10656.86;6;48;3;1230.32;932.73
10661.69;22;92;1;620.17;504.33
10664.66;17;82;0;1238.12;921.44
10665.46;15;150;2;10660.53;10660.44
10666.9;6;48;3;1240.36;942.78
10671.73;22;92;1;630.21;514.38
10674.7;17;82;0;1248.16;931.48
10675.46;15;150;2;10670.53;10670.44
10676.93;6;48;3;1250.4;952.81
10681.78;22;92;1;640.26;524.42
10684.74;17;82;0;1258.2;941.52
10685.51;15;150;2;10680.58;10680.49
10686.98;6;48;3;1260.44;962.85
10691.82;22;92;1;650.3;534.47
10694.78;17;82;0;1268.24;951.56
10695.53;15;150;2;10690.6;10690.51
10697.02;6;48;3;1270.48;972.9
10701.87;22;92;1;660.35;544.51
10704.83;17;82;0;1278.29;961.61
10705.58;15;150;2;10700.65;10700.56
10707.06;6;48;3;1280.53;982.94
10711.91;22;92;1;670.39;554.55
10714.87;17;82;0;1288.33;971.65
10715.59;15;150;2;10710.66;10710.57
10717.11;6;48;3;1290.57;992.99
10721.91;22;92;1;680.4;564.56
10724.91;17;82;0;1298.38;981.7
10725.59;15;150;2;10720.66;10720.57
10727.13;6;48;3;1300.59;1003.01
10731.96;22;92;1;690.44;574.6
10734.96;17;82;0;1308.42;991.74
10735.63;15;150;2;10730.7;10730.61
10737.18;6;48;3;1310.64;1013.05
10741.99;22;92;1;700.47;584.64
10745.66;15;150;2;10740.73;10740.64
10747.22;6;48;3;1320.68;1023.1
10752.01;22;92;1;710.49;594.65
10752.14;18;297;0;921.91;701.75
10755.68;15;150;2;10750.76;10750.67
10757.27;6;48;3;1330.73;1033.14
10762.04;22;92;1;720.52;604.68
10762.19;18;297;0;931.95;711.8
10765.73;15;150;2;10760.8;10760.71
10767.29;6;48;3;1340.75;1043.16
10772.09;22;92;1;730.57;614.73
10772.23;18;297;0;942;721.84
10775.77;15;150;2;10770.84;10770.76
10777.33;6;48;3;1350.79;1053.21
10782.1;22;92;1;740.58;624.74
10782.28;18;297;0;952.04;731.88
10785.82;15;150;2;10780.89;10780.8
10787.34;6;48;3;1360.8;1063.22
10792.1;22;92;1;750.58;634.74
10792.32;18;297;0;962.09;741.93
10795.86;15;150;2;10790.93;10790.84
10797.39;6;48;3;1370.85;1073.26
10802.14;22;92;1;760.62;644.79
10802.36;18;297;0;972.13;751.97
10805.91;15;150;2;10800.98;10800.89
10807.4;6;48;3;1380.87;1083.28
10812.19;22;92;1;770.67;654.83
10812.41;18;297;0;982.18;762.02
10815.95;15;150;2;10811.02;10810.93
10817.45;6;48;3;1390.91;1093.32
10822.23;22;92;1;780.71;664.88
10822.45;18;297;0;992.22;772.06
10825.97;15;150;2;10821.04;10820.95
10827.49;6;48;3;1400.96;1103.37
10832.49;18;297;0;1002.25;782.1
10836.02;15;150;2;10831.09;10831
10837.54;6;48;3;1411;1113.41
10837.95;23;102;1;460.18;352.85
10842.53;18;297;0;1012.3;792.14
10846.04;15;150;2;10841.12;10841.03
10847.58;6;48;3;1421.04;1123.46
10848;23;102;1;470.22;362.9
10852.57;18;297;0;1022.33;802.18
10856.06;15;150;2;10851.13;10851.04
10857.63;6;48;3;1431.09;1133.5
10858.04;23;102;1;480.27;372.94
10862.61;18;297;0;1119.39;812.22
10866.1;15;150;2;10861.17;10861.08
10868.08;23;102;1;490.31;382.99
10872.63;18;297;0;1129.41;822.24
10873.3;13;455;3;1130.08;831.78
10876.12;15;150;2;10871.19;10871.1
10878.13;23;102;1;500.36;393.03
10882.66;18;297;0;1139.44;832.27
10883.45;13;455;3;1140.24;841.93
10886.16;15;150;2;10881.23;10881.14
10888.16;23;102;1;510.39;403.06
10892.7;18;297;0;1149.49;842.31
10893.5;13;455;3;1150.28;851.98
10898.19;23;102;1;520.42;413.1
10902.75;18;297;0;1159.53;852.36
10903.14;20;152;2;1159.92;861.62
10903.51;13;455;3;1160.29;861.99
10908.24;23;102;1;530.47;423.14
10912.76;18;297;0;1169.55;862.37
10913.2;20;152;2;1169.98;871.68
10913.55;13;455;3;1170.33;872.03
10918.28;23;102;1;540.51;433.18
10922.81;18;297;0;1179.59;872.42
10923.22;20;152;2;1180;881.7
10923.59;13;455;3;1180.38;882.08
10928.33;23;102;1;550.56;443.23
10932.83;18;297;0;1189.62;882.44
10933.26;20;152;2;1190.04;891.74
10933.64;13;455;3;1190.42;892.12
10938.33;23;102;1;560.56;453.23
10942.87;18;297;0;1112.63;892.47
10943.29;20;152;2;1200.07;901.77
10943.64;13;455;3;1200.43;902.12
10948.36;23;102;1;791;463.26
10952.89;18;297;0;1122.65;902.5
10953.33;20;152;2;1210.12;911.81
10953.68;13;455;3;1210.46;912.16
10958.4;23;102;1;801.05;473.31
10962.93;18;297;0;1132.7;912.54
10963.37;20;152;2;1220.15;921.85
10963.72;13;455;3;1220.5;922.2
10968.45;23;102;1;811.09;483.35
10972.98;18;297;0;1142.74;922.58
10973.41;20;152;2;1230.2;931.89
10973.77;13;455;3;1230.55;932.25
10978.47;23;102;1;821.11;493.37
10983;18;297;0;1152.77;932.61
10983.45;20;152;2;1240.24;941.94
10983.79;13;455;3;1259.67;942.27
10988.48;23;102;1;831.12;503.38
10993.04;18;297;0;1162.8;942.64
10993.5;20;152;2;1250.28;951.98
10993.84;13;455;3;1269.71;952.32
10998.5;23;102;1;841.14;513.4
11003.08;18;297;0;1172.85;952.69
11003.54;20;152;2;1260.33;962.02
11003.88;13;455;3;1279.76;962.36
11008.54;23;102;1;851.19;523.45
11013.12;18;297;0;1182.89;962.73
11013.55;20;152;2;1270.34;972.03
11013.92;13;455;3;1289.8;972.4
11018.59;23;102;1;640.82;533.49
11023.17;18;297;0;1192.94;972.78
11023.6;20;152;2;1280.38;982.08
11023.96;13;455;3;1299.84;982.44
11028.63;23;102;1;650.86;543.53
11033.21;18;297;0;1202.98;982.82
11033.64;20;152;2;1290.42;992.12
11034.01;13;455;3;1309.88;992.49
11038.68;23;102;1;660.91;553.58
11043.23;18;297;0;1213;992.84
11043.69;20;152;2;1300.47;1002.17
11044.05;13;455;3;1319.93;1002.53
11048.72;23;102;1;670.95;563.62
11053.73;20;152;2;1310.51;1012.21
11054.1;13;455;3;1329.97;1012.58
11058.77;23;102;1;681;573.67
11059.87;12;467;0;902.51;682.09
11063.77;20;152;2;1320.56;1022.25
11064.14;13;455;3;1320.92;1022.62
11068.81;23;102;1;691.04;583.71
11069.91;12;467;0;912.55;692.14
11073.82;20;152;2;1330.6;1032.3
11074.19;13;455;3;1330.97;1032.67
11078.84;23;102;1;701.07;593.74
11079.95;12;467;0;922.6;702.18
11083.86;20;152;2;1340.65;1042.34
11084.21;13;455;3;1341;1042.69
11088.87;23;102;1;711.09;603.77
11090;12;467;0;932.64;712.23
11093.91;20;152;2;1350.69;1052.39
11094.24;13;455;3;1351.03;1052.72
11098.88;23;102;1;721.11;613.78
11100;12;467;0;942.64;722.23
11103.95;20;152;2;1360.74;1062.43
11104.25;13;455;3;1361.03;1062.73
11108.91;23;102;1;731.14;623.81
11110.04;12;467;0;952.69;732.27
11114;20;152;2;1370.78;1072.48
11114.27;13;455;3;1371.06;1072.75
11118.96;23;102;1;741.19;633.86
11120.09;12;467;0;962.73;742.31
11124.04;20;152;2;1380.82;1082.52
11124.32;13;455;3;1381.1;1082.8
11128.96;23;102;1;751.19;643.86
11130.11;12;467;0;972.75;752.34
11134.09;20;152;2;1390.87;1092.57
11134.36;13;455;3;1391.15;1092.84
11139;23;102;1;761.23;653.91
11140.15;12;467;0;982.8;762.38
11144.13;20;152;2;1400.91;1102.61
11144.41;13;455;3;1401.19;1102.89
11149.05;23;102;1;771.28;663.95
11150.2;12;467;0;992.84;772.43
11154.17;20;152;2;1410.96;1112.65
11154.45;13;455;3;1411.24;1112.93
11160.24;12;467;0;1002.89;782.47
11164.2;20;152;2;1420.98;1122.68
11164.47;13;455;3;1421.26;1122.96
11166.32;22;186;1;499.38;364.13
11170.29;12;467;0;1119.9;792.52
11174.24;20;152;2;1431.02;1132.72
11174.49;13;455;3;1431.28;1132.97
11176.37;22;186;1;509.42;374.18
11180.33;12;467;0;1129.94;802.56
11184.25;20;152;2;1441.04;1142.73
11186.41;22;186;1;519.47;384.22
11190.38;12;467;0;1139.99;812.61
11190.51;3;403;3;1140.12;812.74
11194.3;20;152;2;1451.08;1152.78
11196.42;22;186;1;529.48;394.23
11200.42;12;467;0;1150.03;822.65
11200.55;3;403;3;1150.16;822.78
11206.47;22;186;1;539.52;404.28
11210.16;31;143;2;1168.64;832.39
11210.47;12;467;0;1160.07;832.69
11210.6;3;403;3;1160.21;832.83
11216.51;22;186;1;549.57;414.32
11220.29;31;143;2;1178.78;842.52
11220.51;12;467;0;1063.15;842.74
11220.64;3;403;3;1170.25;842.87
11226.51;22;186;1;559.57;424.32
11230.34;31;143;2;1188.82;852.57
11230.55;12;467;0;1073.2;852.78
11230.69;3;403;3;1180.3;852.92
11236.52;22;186;1;569.57;434.33
11240.38;31;143;2;1198.86;862.61
11240.6;12;467;0;1083.24;862.83
11240.73;3;403;3;1190.34;862.96
11246.56;22;186;1;579.62;444.37
11250.43;31;143;2;1208.91;872.66
11250.61;12;467;0;1093.25;872.84
11250.77;3;403;3;1200.38;873
11256.59;22;186;1;589.64;454.4
11260.47;31;143;2;1218.95;882.7
11260.65;12;467;0;1103.3;882.88
11260.79;3;403;3;1210.4;883.02
11266.63;22;186;1;599.69;464.44
11270.49;31;143;2;1228.97;892.72
11270.7;12;467;0;1113.34;892.93
11270.83;3;403;3;1220.44;893.06
11276.65;22;186;1;609.7;474.46
11280.53;31;143;2;1239.01;902.76
11280.74;12;467;0;1123.38;902.97
11280.87;3;403;3;1230.48;903.1
11286.69;22;186;1;619.75;484.5
11290.56;31;143;2;1249.04;912.79
11290.75;12;467;0;1133.4;912.98
11290.89;3;403;3;1240.5;913.12
11296.74;22;186;1;629.79;494.55
11300.56;31;143;2;1259.04;922.79
11300.8;12;467;0;1143.44;923.03
11300.93;3;403;3;1259.41;923.16
11306.78;22;186;1;639.84;504.59
11310.61;31;143;2;1269.09;932.84
11310.84;12;467;0;1153.49;933.07
11310.98;3;403;3;1269.46;933.21
11316.83;22;186;1;649.88;514.64
11320.65;31;143;2;1490.42;942.88
11320.89;12;467;0;1163.53;943.12
11321.02;3;403;3;1279.5;943.25
11326.87;22;186;1;659.93;524.68
11330.67;31;143;2;1500.43;952.9
11330.93;12;467;0;1173.57;953.16
11331.06;3;403;3;1289.54;953.29
11336.92;22;186;1;669.97;534.73
11340.71;31;143;2;1510.48;962.94
11340.97;12;467;0;1183.62;963.2
11341.11;3;403;3;1299.59;963.34
11346.96;22;186;1;680.02;544.77
11350.73;31;143;2;1520.5;972.96
11351.02;12;467;0;1193.66;973.25
11351.15;3;403;3;1300.76;973.38
11356.98;22;186;1;690.04;554.79
11360.77;31;143;2;1530.54;983
11361.2;3;403;3;1310.81;983.43
11366.75;17;89;0;988.98;699.81
11367.03;22;186;1;700.08;564.84
11370.82;31;143;2;1540.59;993.05
11371.24;3;403;3;1320.85;993.47
11376.85;17;89;0;999.08;709.91
11377.07;22;186;1;710.13;574.88
11380.85;31;143;2;1550.62;1003.08
11381.29;3;403;3;1330.9;1003.52
11386.9;17;89;0;1009.13;719.95
11387.09;22;186;1;720.15;584.9
11390.86;31;143;2;1560.63;1013.09
11391.33;3;403;3;1340.94;1013.56
11396.94;17;89;0;1019.17;730
11397.14;22;186;1;730.19;594.95
11400.9;31;143;2;1570.67;1023.13
11401.38;3;403;3;1350.98;1023.61
11406.96;17;89;0;1029.19;740.01
11407.18;22;186;1;740.24;604.99
11410.95;31;143;2;1369.43;1033.18
11411.42;3;403;3;1361.03;1033.65
11417;17;89;0;1039.23;750.06
11417.23;22;186;1;750.28;615.04
11420.99;31;143;2;1379.47;1043.22
11421.46;3;403;3;1371.07;1043.69
11427.01;17;89;0;1049.24;760.06
11427.27;22;186;1;760.33;625.08
11431.04;31;143;2;1389.52;1053.27
11431.49;3;403;3;1381.1;1053.72
11437.05;17;89;0;1059.28;770.11
11437.31;22;186;1;770.37;635.12
11441.08;31;143;2;1399.56;1063.31
11441.54;3;403;3;1391.14;1063.76
11447.08;17;89;0;1069.31;780.14
11447.31;22;186;1;780.37;645.13
11451.13;31;143;2;1409.61;1073.36
11451.58;3;403;3;1401.19;1073.81
11457.13;17;89;0;1079.36;790.18
11457.36;22;186;1;790.41;655.17
11461.17;31;143;2;1419.65;1083.4
11461.62;3;403;3;1411.23;1083.85
11467.17;17;89;0;1089.4;800.23
11467.4;22;186;1;800.46;665.21
11471.22;31;143;2;1429.7;1093.45
11471.67;3;403;3;1421.28;1093.9
11477.22;17;89;0;1099.45;810.27
11481.26;31;143;2;1439.74;1103.49
11481.67;3;403;3;1431.28;1103.9
11483.58;23;236;1;510.56;354.57
11487.26;17;89;0;1109.49;820.32
11491.3;31;143;2;1449.78;1113.53
11493.62;23;236;1;520.6;364.62
11497.3;17;89;0;1119.53;830.36
11498.27;6;360;3;1120.5;831.33
11501.33;31;143;2;1459.81;1123.56
11503.66;23;236;1;530.65;374.66
11507.34;17;89;0;1129.57;840.4
11508.32;6;360;3;1130.55;841.37
11511.37;31;143;2;1469.85;1133.6
11513.69;23;236;1;540.67;384.68
11517.39;17;89;0;1139.62;850.45
11518.35;6;360;3;1140.58;851.4
11521.41;31;143;2;1479.89;1143.64
11523.73;23;236;1;550.71;394.73
11527.43;17;89;0;1149.66;860.49
11528.38;6;360;3;1150.61;861.44
11531.43;31;143;2;1489.91;1153.66
11533.78;23;236;1;560.76;404.77
11537.48;17;89;0;1159.71;870.53
11538.39;6;360;3;1160.62;871.45
11543.82;23;236;1;570.8;414.82
11547.46;15;71;2;2034.74;1804.24
11547.5;17;89;0;1169.73;880.56
11548.44;6;360;3;1170.67;881.49
11553.83;23;236;1;580.81;424.82
11557.5;15;71;2;2044.78;1814.28
11557.54;17;89;0;1179.77;890.6
11558.47;6;360;3;1180.7;891.53
11563.85;23;236;1;590.83;434.84
11567.53;15;71;2;2054.82;1824.32
11567.58;17;89;0;1189.81;900.63
11568.52;6;360;3;1190.75;901.57
11573.89;23;236;1;600.87;444.89
11577.57;15;71;2;2064.86;1834.36
11577.62;17;89;0;1199.85;910.68
11578.53;6;360;3;1200.76;911.59
11583.93;23;236;1;610.91;454.93
11587.62;15;71;2;2074.9;1844.4
11587.66;17;89;0;1209.89;920.72
11588.54;6;360;3;1210.77;921.59
11593.98;23;236;1;791.79;464.97
11597.66;15;71;2;2084.95;1854.45
11597.71;17;89;0;1219.94;930.76
11598.54;6;360;3;1220.77;931.6
11604.02;23;236;1;801.83;475.02
11607.71;15;71;2;2094.99;1864.49
11607.75;17;89;0;1229.98;940.81
11608.59;6;360;3;1230.82;941.64
11614.07;23;236;1;811.88;485.06
11617.72;15;71;2;2105;1874.5
11617.76;17;89;0;1239.99;950.82
11618.63;6;360;3;1240.86;951.69
11624.11;23;236;1;821.92;495.11
11627.76;15;71;2;2115.04;1884.54
11627.81;17;89;0;1250.03;960.86
11628.68;6;360;3;1250.91;961.73
11634.15;23;236;1;831.96;505.15
11637.79;15;71;2;2125.07;1894.57
11637.83;17;89;0;1260.06;970.89
11638.72;6;360;3;1260.95;971.78
11644.2;23;236;1;842.01;515.19
11647.81;15;71;2;2135.1;1904.6
11647.86;17;89;0;1270.09;980.91
11648.75;6;360;3;1270.98;981.81
11654.24;23;236;1;852.05;525.24
11657.86;15;71;2;2231.32;1914.64
11657.9;17;89;0;1280.13;990.96
11658.78;6;360;3;1281.01;991.84
11664.24;23;236;1;691.22;535.24
11667.9;15;71;2;2241.37;1924.69
11668.83;6;360;3;1291.06;1001.88
11673.8;18;502;0;1006.86;700.78
11674.29;23;236;1;701.27;545.28
11677.95;15;71;2;2251.41;1934.73
11678.87;6;360;3;1301.1;1011.93
11684.05;18;502;0;1017.1;711.03
11684.33;23;236;1;711.31;555.33
11687.99;15;71;2;2261.45;1944.77
11688.91;6;360;3;1311.14;1021.97
11694.09;18;502;0;1027.15;721.07
11694.37;23;236;1;721.35;565.37
11698.04;15;71;2;2271.5;1954.82
11698.92;6;360;3;1321.15;1031.98
11704.14;18;502;0;1037.19;731.12
11704.42;23;236;1;731.4;575.42
11708.08;15;71;2;2281.54;1964.86
11708.93;6;360;3;1331.16;1041.98
11714.18;18;502;0;1047.24;741.16
11714.46;23;236;1;741.44;585.46
11718.12;15;71;2;2291.59;1974.91
11718.95;6;360;3;1341.18;1052.01
11724.23;18;502;0;1057.28;751.21
11724.51;23;236;1;751.49;595.5
11728.17;15;71;2;2301.63;1984.95
11729;6;360;3;1351.23;1062.05
11734.27;18;502;0;1067.33;761.25
11734.55;23;236;1;761.53;605.55
11738.21;15;71;2;2225.5;1995
11739.04;6;360;3;1361.27;1072.1
11744.32;18;502;0;1077.37;771.3
11744.6;23;236;1;771.58;615.59
11748.26;15;71;2;2235.54;2005.04
11749.09;6;360;3;1371.32;1082.14
11754.36;18;502;0;1087.42;781.34
11754.64;23;236;1;781.62;625.64
11758.3;15;71;2;2245.59;2015.09
11759.13;6;360;3;1381.35;1092.18
11764.4;18;502;0;1097.46;791.38
11764.66;23;236;1;791.64;635.65
11768.35;15;71;2;2255.63;2025.13
11769.15;6;360;3;1391.38;1102.21
11774.45;18;502;0;1107.5;801.43
11774.7;23;236;1;801.68;645.7
11778.39;15;71;2;2265.68;2035.17
11779.2;6;360;3;1401.43;1112.25
11784.49;18;502;0;1299.39;811.47
11784.75;23;236;1;811.73;655.74
11788.44;15;71;2;2275.72;2045.22
11789.24;6;360;3;1411.47;1122.3
11794.54;18;502;0;1309.44;821.52
11794.79;23;236;1;821.77;665.79
11798.48;15;71;2;2285.76;2055.26
11799.29;6;360;3;1421.51;1132.34
11804.58;18;502;0;1319.48;831.56
11808.52;15;71;2;2295.81;2065.31
11810.43;22;503;1;11804.6;11804.32
11814.6;18;502;0;1329.51;841.58
11816.3;13;358;3;8804.76;8618.81
11818.57;15;71;2;2305.85;2075.35
11820.58;22;503;1;11814.76;11814.48
11824.61;18;502;0;1339.51;851.59
11826.34;13;358;3;8916.15;8628.85
11828.61;15;71;2;2315.9;2085.4
11830.61;22;503;1;11824.78;11824.5
11834.65;18;502;0;1349.55;861.63
11836.39;13;358;3;8926.2;8638.9
11838.66;15;71;2;2325.94;2095.44
11840.65;22;503;1;11834.83;11834.55
11844.69;18;502;0;1359.59;871.67
11846.4;13;358;3;8936.21;8648.91
11850.7;22;503;1;11844.87;11844.59
11854.73;18;502;0;1369.63;881.71
11855.61;20;494;2;1053.42;842.01
11856.44;13;358;3;8946.26;8658.96
11860.74;22;503;1;11855.19;11854.64
11864.78;18;502;0;1379.68;891.76
11865.9;20;494;2;1063.71;852.3
11866.49;13;358;3;8956.3;8669
11870.78;22;503;1;11865.23;11864.67
11874.82;18;502;0;1207.88;901.8
11875.91;20;494;2;1073.72;862.31
11876.53;13;358;3;8966.35;8679.04
11880.83;22;503;1;11875.27;11874.72
11884.86;18;502;0;1217.92;911.84
11885.91;20;494;2;1083.72;872.32
11886.58;13;358;3;8976.39;8689.09
11890.84;22;503;1;11885.29;11884.73
11894.88;18;502;0;1227.93;921.86
11895.93;20;494;2;1093.74;882.33
11896.62;13;358;3;8986.43;8699.13
11900.88;22;503;1;11895.33;11894.78
11904.92;18;502;0;1237.98;931.9
11905.97;20;494;2;1103.78;892.38
11906.67;13;358;3;8996.48;8709.18
11910.93;22;503;1;11905.38;11904.82
11914.97;18;502;0;1248.02;941.95
11916.02;20;494;2;1113.83;902.42
11916.71;13;358;3;9006.52;8719.22
11920.95;22;503;1;11915.39;11914.84
11925.01;18;502;0;1258.06;951.99
11926.06;20;494;2;1123.87;912.47
11926.75;13;358;3;9016.57;8729.27
11930.99;22;503;1;11925.44;11924.88
11935.04;18;502;0;1268.1;962.02
11936.11;20;494;2;1133.92;922.51
11936.8;13;358;3;9026.61;8739.31
11940.99;22;503;1;11935.44;11934.89
11945.04;18;502;0;1278.1;972.02
11946.13;20;494;2;1143.94;932.54
11946.84;13;358;3;8935.3;8749.36
11951.04;22;503;1;11945.48;11944.93
11955.09;18;502;0;1288.14;982.07
11956.17;20;494;2;1153.98;942.57
11956.87;13;358;3;8945.33;8759.38
11961.08;22;503;1;11955.53;11954.97
11965.13;18;502;0;1298.19;992.11
11966.21;20;494;2;1280.66;952.62
11966.89;13;358;3;8955.35;8769.4
11971.13;22;503;1;11965.3;11965.02
11976.23;20;494;2;1290.68;962.63
11976.93;13;358;3;8965.39;8779.44
11981.17;22;503;1;11975.34;11975.06
11981.21;12;451;0;997.38;680.37
11986.27;20;494;2;1300.72;972.68
11986.93;13;358;3;8975.39;8789.45
11991.18;22;503;1;11985.36;11985.08
11991.23;12;451;0;1007.39;690.39
11996.32;20;494;2;1310.77;982.72
11996.98;13;358;3;9086.79;8799.49
12001.23;22;503;1;11995.4;11995.12
12001.27;12;451;0;1017.44;700.43
12006.36;20;494;2;1320.81;992.77
12007.02;13;358;3;8995.48;8809.54
12011.25;22;503;1;12005.42;12005.14
12011.29;12;451;0;1027.45;710.45
12016.41;20;494;2;1330.86;1002.81
12017.07;13;358;3;9005.53;8819.58
12021.29;22;503;1;12015.46;12015.18
12021.34;12;451;0;1037.5;720.49
12026.44;20;494;2;1340.88;1012.84
12027.11;13;358;3;9015.57;8829.62
12031.32;22;503;1;12025.49;12025.21
12031.36;12;451;0;1047.53;730.52
12036.45;20;494;2;1350.9;1022.86
12037.16;13;358;3;9126.97;8839.67
12041.36;22;503;1;12035.53;12035.26
12041.41;12;451;0;1057.57;740.56
12046.5;20;494;2;1244.31;1032.9
12047.2;13;358;3;9137.01;8849.71
12051.41;22;503;1;12045.58;12045.3
12051.45;12;451;0;1067.61;750.61
12056.51;20;494;2;1254.32;1042.91
12057.25;13;358;3;9045.7;8859.76
12061.45;22;503;1;12055.62;12055.34
12061.5;12;451;0;1077.66;760.65
12066.54;20;494;2;1264.35;1052.95
12067.26;13;358;3;9055.71;8869.77
12071.49;22;503;1;12065.66;12065.38
12071.54;12;451;0;1087.7;770.69
12076.59;20;494;2;1274.4;1062.99
12077.3;13;358;3;9065.76;8879.81
12081.58;12;451;0;1097.74;780.73
12086.6;20;494;2;1284.41;1073
12087.08;23;422;1;786.23;573.34
12087.32;13;358;3;9075.78;8889.83
12091.62;12;451;0;1118.6;790.78
12096.64;20;494;2;1294.45;1083.05
12097.25;23;422;1;796.4;583.51
12101.65;12;451;0;1128.63;800.81
12103.75;3;473;3;1090.15;792.73
12106.69;20;494;2;1304.5;1093.09
12107.28;23;422;1;806.44;593.55
12111.7;12;451;0;1138.68;810.85
12113.79;3;473;3;1100.19;802.77
12116.73;20;494;2;1314.54;1103.14
12117.32;23;422;1;816.48;603.59
12121.74;12;451;0;1148.72;820.89
12123.83;3;473;3;1110.24;812.81
12126.78;20;494;2;1324.59;1113.18
12127.37;23;422;1;826.53;613.64
12131.76;12;451;0;1158.74;830.92
12133.87;3;473;3;1120.27;822.85
12136.79;20;494;2;1334.6;1123.19
12137.37;23;422;1;836.53;623.64
12141.76;12;451;0;1157.92;840.92
12143.91;3;473;3;1130.32;832.89
12146.84;20;494;2;1344.65;1133.24
12147.4;23;422;1;846.56;633.67
12151.81;12;451;0;1167.97;850.96
12153.96;3;473;3;1140.36;842.94
12156.88;20;494;2;1354.69;1143.28
12157.44;23;422;1;856.6;643.71
12161.84;12;451;0;1178.01;861
12164;3;473;3;1150.41;852.98
12166.92;20;494;2;1364.74;1153.33
12167.49;23;422;1;866.65;653.75
12171.89;12;451;0;1188.05;871.05
12174.02;3;473;3;1160.42;863
12177.49;23;422;1;876.65;663.76
12181.89;12;451;0;1198.05;881.05
12182.79;31;58;2;1053.78;862.09
12184.02;3;473;3;1170.43;873
12187.53;23;422;1;886.69;673.8
12191.94;12;451;0;1208.1;891.09
12192.83;31;58;2;1063.83;872.13
12194.07;3;473;3;1210.23;883.05
12197.57;23;422;1;1068.57;683.84
12201.98;12;451;0;1218.14;901.14
12202.87;31;58;2;1073.87;882.18
12204.11;3;473;3;1220.27;893.09
12207.62;23;422;1;1078.61;693.88
12212.02;12;451;0;1228.19;911.18
12212.92;31;58;2;1083.91;892.22
12214.16;3;473;3;1230.32;903.14
12217.66;23;422;1;1088.66;703.93
12222.07;12;451;0;1238.23;921.23
12222.96;31;58;2;1093.95;902.26
12224.16;3;473;3;1240.33;913.14
12227.71;23;422;1;1098.7;713.97
12232.1;12;451;0;1248.27;931.26
12233;31;58;2;1104;912.31
12234.21;3;473;3;1220.61;923.19
12237.72;23;422;1;1108.72;723.99
12242.13;12;451;0;1258.29;941.29
12243.01;31;58;2;1114;922.31
12244.22;3;473;3;1230.63;933.2
12247.72;23;422;1;1118.72;733.99
12252.17;12;451;0;1268.34;951.33
12253.02;31;58;2;1124.02;932.32
12254.27;3;473;3;1240.67;943.25
12257.76;23;422;1;956.92;744.03
12262.21;12;451;0;1278.37;961.36
12263.06;31;58;2;1134.06;942.37
12264.31;3;473;3;1250.72;953.29
12267.81;23;422;1;966.97;754.08
12272.24;12;451;0;1288.4;971.39
12273.11;31;58;2;1144.1;952.41
12274.36;3;473;3;1260.76;963.34
12277.85;23;422;1;977.01;764.12
12282.28;12;451;0;1298.44;981.44
12283.15;31;58;2;1154.15;962.46
12284.4;3;473;3;1270.81;973.38
12287.88;23;422;1;987.03;774.14
12292.32;12;451;0;1308.49;991.48
12293.2;31;58;2;1279.6;972.5
12294.45;3;473;3;1280.85;983.43
12297.92;23;422;1;997.08;784.19
12303.22;31;58;2;1289.63;982.53
12304.46;3;473;3;1290.87;993.44
12307.96;23;422;1;1007.12;794.23
12308.65;17;475;0;997.63;690.84
12313.27;31;58;2;1299.67;992.57
12314.51;3;473;3;1300.91;1003.49
12317.96;23;422;1;1017.12;804.23
12318.69;17;475;0;1007.67;700.89
12323.31;31;58;2;1309.72;1002.62
12324.52;3;473;3;1310.93;1013.5
12328.01;23;422;1;1027.17;814.28
12328.72;17;475;0;1017.7;710.92
12333.35;31;58;2;1204.35;1012.66
12334.57;3;473;3;1320.97;1023.55
12338.02;23;422;1;1037.18;824.29
12338.77;17;475;0;1027.75;720.96
12343.4;31;58;2;1214.39;1022.7
12344.61;3;473;3;1331.01;1033.59
12348.07;23;422;1;1047.23;834.33
12348.81;17;475;0;1037.79;731.01
12353.4;31;58;2;1224.4;1032.7
12354.66;3;473;3;1341.06;1043.64
12358.11;23;422;1;1057.27;844.38
12358.86;17;475;0;1047.84;741.05
12363.44;31;58;2;1234.44;1042.75
12364.68;3;473;3;1351.09;1053.66
12368.16;23;422;1;1067.31;854.42
12368.86;17;475;0;1057.84;751.06
12373.45;31;58;2;1244.44;1052.75
12374.73;3;473;3;1361.13;1063.71
12378.16;23;422;1;1077.32;864.43
12378.88;17;475;0;1067.86;761.08
12383.49;31;58;2;1254.49;1062.79
12384.77;3;473;3;1371.18;1073.75
12388.21;23;422;1;1087.36;874.47
12388.93;17;475;0;1077.91;771.12
12393.54;31;58;2;1264.53;1072.84
12394.82;3;473;3;1381.22;1083.8
12398.25;23;422;1;1097.41;884.52
12398.96;17;475;0;1087.94;781.16
12403.58;31;58;2;1274.58;1082.88
12404.83;3;473;3;1391.23;1093.81
12408.28;23;422;1;1107.44;894.55
12409;17;475;0;1097.98;791.2
12413.63;31;58;2;1284.62;1092.93
12414.86;3;473;3;1401.26;1103.84
12418.33;23;422;1;1117.48;904.59
12419.01;17;475;0;1118.16;801.2
12423.66;31;58;2;1294.65;1102.96
12428.37;23;422;1;1127.53;914.64
12429.05;17;475;0;1118.03;811.25
12430.8;6;223;3;1745.25;1446.96
12433.7;31;58;2;1304.7;1113
12438.41;23;422;1;1137.57;924.68
12439.1;17;475;0;1128.08;821.29
12440.84;6;223;3;1755.29;1457
12443.71;31;58;2;1314.71;1123.02
12448.42;23;422;1;1147.57;934.68
12449.14;17;475;0;1138.12;831.33
12450.88;6;223;3;1765.33;1467.05
12453.76;31;58;2;1324.75;1133.06
12459.16;17;475;0;1148.14;841.35
12460.93;6;223;3;1775.38;1477.09
12463.8;31;58;2;1334.8;1143.1
12465.04;22;320;1;847.24;614.3
12469.2;17;475;0;1158.18;851.4
12470.97;6;223;3;1785.42;1487.13
12473.85;31;58;2;1344.84;1153.15
12475.34;22;320;1;857.53;624.59
12479.21;17;475;0;1168.19;861.41
12481.01;6;223;3;1795.46;1497.18
12485.36;22;320;1;867.55;634.61
12489.21;17;475;0;1178.19;871.41
12489.3;15;69;2;975.57;861.5
12491.02;6;223;3;1805.47;1507.18
12495.4;22;320;1;877.6;644.66
12499.26;17;475;0;1188.24;881.45
12499.51;15;69;2;985.77;871.7
12501.03;6;223;3;1815.48;1517.19
12505.43;22;320;1;887.62;654.69
12509.3;17;475;0;1198.28;891.5
12509.55;15;69;2;995.82;881.75
12511.06;6;223;3;1825.51;1527.22
12515.47;22;320;1;897.67;664.73
12519.32;17;475;0;1208.3;901.51
12519.59;15;69;2;1005.86;891.79
12521.1;6;223;3;1835.55;1537.27
12525.52;22;320;1;907.71;674.78
12529.34;17;475;0;1218.32;911.53
12529.6;15;69;2;1015.87;901.8
12531.15;6;223;3;1845.6;1547.31
12535.56;22;320;1;917.76;684.82
12539.38;17;475;0;1228.36;921.57
12539.6;15;69;2;1025.87;911.8
12541.18;6;223;3;1874.24;1557.35
12545.61;22;320;1;927.8;694.86
12549.42;17;475;0;1238.4;931.62
12549.62;15;69;2;1035.89;921.81
12551.23;6;223;3;1884.28;1567.39
12555.65;22;320;1;937.85;704.91
12559.47;17;475;0;1248.45;941.66
12559.66;15;69;2;1045.93;931.86
12561.27;6;223;3;1894.33;1577.43
12565.69;22;320;1;947.89;714.95
12569.51;17;475;0;1258.49;951.71
12569.69;15;69;2;1055.96;941.89
12571.32;6;223;3;1904.37;1587.48
12575.74;22;320;1;1062.01;725
12579.52;17;475;0;1268.5;961.72
12579.74;15;69;2;1066;951.93
12581.36;6;223;3;1914.42;1597.52
12585.78;22;320;1;1072.05;735.04
12589.56;17;475;0;1278.54;971.76
12589.78;15;69;2;1076.05;961.97
12591.4;6;223;3;1924.46;1607.56
12595.79;22;320;1;1082.06;745.05
12599.61;17;475;0;1288.59;981.8
12599.81;15;69;2;1279.11;972
12601.41;6;223;3;1934.47;1617.57
12605.83;22;320;1;1092.1;755.09
12609.65;17;475;0;1298.63;991.85
12609.85;15;69;2;1289.15;982.04
12611.42;6;223;3;1944.48;1627.58
12615.85;22;320;1;1102.11;765.11
12619.89;15;69;2;1106.16;992.09
12621.46;6;223;3;1954.52;1637.63
12625.13;18;435;0;1006.46;680.04
12625.89;22;320;1;1112.16;775.15
12629.94;15;69;2;1116.2;1002.13
12631.51;6;223;3;1945.96;1647.67
12635.41;18;435;0;1016.74;690.32
12635.94;22;320;1;1122.2;785.19
12639.98;15;69;2;1126.25;1012.18
12641.55;6;223;3;1956;1657.72
12645.43;18;435;0;1026.76;700.35
12645.98;22;320;1;1132.25;795.24
12650.03;15;69;2;1136.29;1022.22
12651.6;6;223;3;1966.05;1667.76
12655.48;18;435;0;1036.8;710.39
12656.03;22;320;1;1142.29;805.28
12660.07;15;69;2;1146.34;1032.26
12661.6;6;223;3;1976.05;1677.77
12665.52;18;435;0;1046.85;720.43
12666.07;22;320;1;1048.26;815.33
12670.08;15;69;2;1156.35;1042.28
12671.65;6;223;3;1986.1;1687.81
12675.57;18;435;0;1056.89;730.48
12676.08;22;320;1;1058.28;825.34
12680.13;15;69;2;1166.39;1052.32
12681.69;6;223;3;1996.14;1697.86
12685.61;18;435;0;1066.94;740.52
12686.12;22;320;1;1068.32;835.38
12690.17;15;69;2;1176.44;1062.37
12691.74;6;223;3;2006.19;1707.9
12695.61;18;435;0;1076.94;750.52
12696.15;22;320;1;1078.35;845.41
12700.18;15;69;2;1186.45;1072.38
12701.78;6;223;3;2016.23;1717.94
12705.66;18;435;0;1086.98;760.57
12706.19;22;320;1;1088.38;855.45
12710.23;15;69;2;1196.5;1082.42
12711.83;6;223;3;2026.27;1727.99
12715.67;18;435;0;1096.99;770.58
12716.23;22;320;1;1098.43;865.49
12720.26;15;69;2;1206.52;1092.45
12721.87;6;223;3;2036.32;1738.03
12725.71;18;435;0;1107.04;780.62
12726.28;22;320;1;1108.47;875.54
12730.3;15;69;2;1216.57;1102.5
12731.91;6;223;3;2046.36;1748.08
12735.76;18;435;0;1117.95;790.67
12736.32;22;320;1;1118.52;885.58
12740.35;15;69;2;1226.61;1112.54
12745.8;18;435;0;1128;800.71
12746.32;22;320;1;1128.52;895.58
12748.15;13;408;3;1120.34;803.06
12750.39;15;69;2;1236.66;1122.59
12755.81;18;435;0;1138.01;810.73
12756.37;22;320;1;1138.56;905.63
12758.39;13;408;3;1130.59;813.3
12760.43;15;69;2;1246.7;1132.63
12765.86;18;435;0;1148.05;820.77
12766.41;22;320;1;1148.61;915.67
12768.44;13;408;3;1140.63;823.35
12770.48;15;69;2;1256.74;1142.67
12775.86;18;435;0;1158.06;830.77
12776.42;22;320;1;1158.61;925.67
12778.48;13;408;3;1150.68;833.39
12780.51;15;69;2;1266.78;1152.7
12785.87;18;435;0;1168.07;840.78
12786.46;22;320;1;1168.66;935.72
12788.53;13;408;3;1160.72;843.44
12795.88;18;435;0;1178.08;850.79
12796.91;20;507;2;946.17;850.74
12798.54;13;408;3;1170.73;853.45
12802.34;23;246;1;857.25;614.77
12805.93;18;435;0;1187.25;860.84
12807.07;20;507;2;956.33;860.9
12808.58;13;408;3;1180.78;863.49
12812.55;23;246;1;867.46;624.98
12815.97;18;435;0;1197.29;870.88
12817.08;20;507;2;966.33;870.9
12818.6;13;408;3;1190.79;873.51
12822.6;23;246;1;877.51;635.02
12826.02;18;435;0;1207.34;880.93
12827.12;20;507;2;976.38;880.94
12828.64;13;408;3;1200.84;883.55
12832.64;23;246;1;887.55;645.07
12836.05;18;435;0;1217.38;890.97
12837.16;20;507;2;986.42;890.99
12838.69;13;408;3;1210.88;893.6
12842.69;23;246;1;897.6;655.11
12846.08;18;435;0;1227.4;900.99
12847.21;20;507;2;996.47;901.03
12848.73;13;408;3;1220.93;903.64
12852.73;23;246;1;907.64;665.16
12856.09;18;435;0;1237.41;911
12857.22;20;507;2;1006.48;911.04
12858.78;13;408;3;1240.1;913.69
12862.74;23;246;1;917.66;675.17
12866.14;18;435;0;1247.46;921.05
12867.27;20;507;2;1016.52;921.09
12868.82;13;408;3;1250.14;923.73
12872.76;23;246;1;927.68;685.19
12876.18;18;435;0;1257.5;931.09
12877.31;20;507;2;1026.57;931.13
12878.87;13;408;3;1260.19;933.78
12882.81;23;246;1;937.72;695.24
12886.22;18;435;0;1267.55;941.14
12887.32;20;507;2;1036.58;941.14
12888.91;13;408;3;1270.23;943.82
12892.81;23;246;1;947.72;705.24
12896.25;18;435;0;1277.57;951.16
12897.36;20;507;2;1046.62;951.18
12898.93;13;408;3;1280.25;953.84
12902.86;23;246;1;957.77;715.28
12906.3;18;435;0;1287.62;961.21
12907.41;20;507;2;1279.6;961.23
12908.97;13;408;3;1281.16;963.88
12912.86;23;246;1;1062.12;725.29
12916.34;18;435;0;1297.66;971.25
12917.44;20;507;2;1289.64;971.27
12919.01;13;408;3;1291.21;973.92
12922.91;23;246;1;1072.16;735.33
12926.38;18;435;0;1307.71;981.3
12927.46;20;507;2;1299.65;981.28
12929.06;13;408;3;1301.25;983.97
12932.95;23;246;1;1082.21;745.38
12936.43;18;435;0;1317.75;991.34
12937.49;20;507;2;1309.68;991.31
12939.1;13;408;3;1311.3;994.01
12942.99;23;246;1;1092.25;755.42
12947.53;20;507;2;1096.79;1001.35
12949.15;13;408;3;1321.34;1004.06
12952.3;12;55;0;764.73;677.9
12953;23;246;1;1102.26;765.43
12957.58;20;507;2;1106.83;1011.4
12959.19;13;408;3;1331.39;1014.1
12962.35;12;55;0;774.77;687.94
12963.02;23;246;1;1112.28;775.45
12967.62;20;507;2;1116.88;1021.44
12969.23;13;408;3;1341.43;1024.15
12972.39;12;55;0;784.82;697.99
12973.07;23;246;1;1027.98;785.5
12977.66;20;507;2;1126.92;1031.49
12979.28;13;408;3;1351.47;1034.19
12982.44;12;55;0;794.86;708.03
12983.11;23;246;1;1038.02;795.54
12987.71;20;507;2;1136.97;1041.53
12989.32;13;408;3;1361.52;1044.23
12992.48;12;55;0;804.91;718.08
12993.15;23;246;1;1048.06;805.58
12997.75;20;507;2;1147.01;1051.58
12999.37;13;408;3;1371.56;1054.28
13002.52;12;55;0;814.95;728.12
13003.19;23;246;1;1058.1;815.62
13007.76;20;507;2;1157.02;1061.59
13009.41;13;408;3;1381.6;1064.32
13012.57;12;55;0;825;738.17
13013.22;23;246;1;1068.13;825.64
13017.81;20;507;2;1167.07;1071.63
13019.45;13;408;3;1391.65;1074.37
13022.59;12;55;0;835.02;748.19
13023.26;23;246;1;1078.17;835.69
13027.85;20;507;2;1177.11;1081.67
13029.5;13;408;3;1401.69;1084.41
13032.63;12;55;0;845.06;758.23
13033.3;23;246;1;1088.21;845.73
13037.87;20;507;2;1187.13;1091.69
13039.54;13;408;3;1411.74;1094.45
13042.63;12;55;0;855.06;768.23
13043.34;23;246;1;1098.25;855.77
13047.88;20;507;2;1197.14;1101.7
13049.55;13;408;3;1421.74;1104.46
13052.64;12;55;0;865.07;778.24
13053.39;23;246;1;1108.3;865.81
13057.9;20;507;2;1207.16;1111.72
13062.65;12;55;0;1116.47;788.25
13063.43;23;246;1;1118.34;875.86
13065.12;3;269;3;1120.03;790.72
13067.94;20;507;2;1217.2;1121.77
13072.66;12;55;0;1126.48;798.26
13073.48;23;246;1;1128.39;885.9
13075.44;3;269;3;1130.36;801.04
13077.99;20;507;2;1227.25;1131.81
13082.67;12;55;0;895.1;808.27
13083.52;23;246;1;1138.43;895.95
13085.49;3;269;3;1140.4;811.09
13088.02;20;507;2;1237.27;1141.84
13092.68;12;55;0;905.11;818.28
13093.56;23;246;1;1148.48;905.99
13095.53;3;269;3;1150.44;821.13
13098.05;20;507;2;1247.31;1151.88
13102.73;12;55;0;915.15;828.32
13103.61;23;246;1;1158.52;916.04
13105.58;3;269;3;1160.49;831.18
13112.77;12;55;0;925.2;838.37
13113.65;23;246;1;1168.56;926.08
13113.86;31;313;2;1167.69;839.46
13115.6;3;269;3;1170.51;841.2
13122.81;12;55;0;935.24;848.41
13123.7;23;246;1;1178.61;936.13
13123.91;31;313;2;1177.73;849.5
13125.64;3;269;3;1180.55;851.24
13132.86;12;55;0;945.29;858.46
13133.95;31;313;2;1187.77;859.55
13135.69;3;269;3;1190.6;861.28
13140.26;22;478;1;865.86;594.61
13142.87;12;55;0;955.3;868.47
13143.99;31;313;2;1197.82;869.59
13145.73;3;269;3;1200.64;871.33
13150.29;22;478;1;875.88;604.64
13152.91;12;55;0;965.34;878.51
13154.04;31;313;2;1207.86;879.64
13155.78;3;269;3;1210.69;881.37
13160.33;22;478;1;885.93;614.68
13162.95;12;55;0;975.38;888.55
13164.08;31;313;2;1217.91;889.68
13165.82;3;269;3;1220.73;891.42
13170.36;22;478;1;895.96;624.71
13172.98;12;55;0;985.4;898.57
13174.1;31;313;2;1227.92;899.7
13175.86;3;269;3;1230.78;901.46
13180.36;22;478;1;905.96;634.71
13183.02;12;55;0;995.45;908.62
13184.15;31;313;2;1237.97;909.74
13185.91;3;269;3;1240.82;911.51
13190.41;22;478;1;916;644.76
13193.06;12;55;0;1005.49;918.66
13194.19;31;313;2;1248.01;919.79
13195.92;3;269;3;1250.83;921.51
13200.43;22;478;1;926.03;654.78
13203.11;12;55;0;1015.54;928.71
13204.24;31;313;2;1258.06;929.83
13205.94;3;269;3;1260.85;931.53
13210.43;22;478;1;936.03;664.78
13213.15;12;55;0;1025.58;938.75
13214.28;31;313;2;1268.1;939.88
13215.95;3;269;3;1270.86;941.54
13220.47;22;478;1;946.07;674.82
13223.2;12;55;0;1035.63;948.8
13224.32;31;313;2;1279.24;949.92
13225.98;3;269;3;1280.89;951.58
13230.51;22;478;1;956.11;684.86
13233.24;12;55;0;1045.67;958.84
13234.37;31;313;2;1289.28;959.97
13236;3;269;3;1290.92;961.6
13240.55;22;478;1;966.15;694.9
13243.29;12;55;0;1055.71;968.88
13244.41;31;313;2;1299.32;970
13246.05;3;269;3;1300.96;971.65
13250.59;22;478;1;1063.02;704.94
13253.29;12;55;0;1065.72;978.89
13254.45;31;313;2;1308.27;980.05
13256.09;3;269;3;1311;981.69
13260.64;22;478;1;1073.07;714.99
13264.49;31;313;2;1318.32;990.09
13266.14;3;269;3;1321.05;991.74
13269.75;17;459;0;995.34;670.09
13270.68;22;478;1;1083.11;725.03
13274.54;31;313;2;1328.36;1000.14
13276.18;3;269;3;1331.09;1001.78
13279.76;17;459;0;1005.36;680.11
13280.73;22;478;1;1093.16;735.08
13284.58;31;313;2;1338.41;1010.18
13286.23;3;269;3;1341.14;1011.82
13289.8;17;459;0;1015.4;690.15
13290.76;22;478;1;1016.36;745.11
13294.63;31;313;2;1348.45;1020.23
13296.23;3;269;3;1351.14;1021.83
13299.85;17;459;0;1025.44;700.2
13300.79;22;478;1;1026.39;755.14
13304.67;31;313;2;1358.49;1030.27
13306.28;3;269;3;1361.19;1031.87
13309.89;17;459;0;1035.49;710.24
13310.84;22;478;1;1036.44;765.19
13314.71;31;313;2;1368.53;1040.31
13316.32;3;269;3;1371.23;1041.92
13319.93;17;459;0;1045.53;720.28
13320.88;22;478;1;1046.48;775.23
13324.76;31;313;2;1378.58;1050.35
13326.35;3;269;3;1381.26;1051.95
13329.97;17;459;0;1055.56;730.32
13330.88;22;478;1;1056.48;785.23
13334.8;31;313;2;1388.62;1060.4
13336.39;3;269;3;1391.3;1061.99
13339.98;17;459;0;1065.57;740.32
13340.93;22;478;1;1066.53;795.28
13344.85;31;313;2;1398.67;1070.44
13346.44;3;269;3;1401.35;1072.03
13350.01;17;459;0;1075.61;750.36
13350.97;22;478;1;1076.57;805.32
13354.86;31;313;2;1408.69;1080.46
13356.45;3;269;3;1411.36;1082.05
13360.02;17;459;0;1085.62;760.37
13361.02;22;478;1;1086.61;815.37
13364.91;31;313;2;1418.73;1090.51
13366.49;3;269;3;1421.4;1092.09
13370.06;17;459;0;1095.66;770.41
13371.06;22;478;1;1096.66;825.41
13374.95;31;313;2;1428.78;1100.55
13376.54;3;269;3;1431.45;1102.13
13380.11;17;459;0;1105.71;780.46
13381.07;22;478;1;1106.67;835.42
13384.98;31;313;2;1438.8;1110.58
13386.58;3;269;3;1441.49;1112.18
13390.14;17;459;0;1115.74;790.49
13391.12;22;478;1;1116.71;845.47
13394.99;31;313;2;1448.81;1120.58
13400.18;17;459;0;1125.78;800.53
13401.16;22;478;1;1126.76;855.51
13402.74;6;536;3;857.09;801.29
13405.03;31;313;2;1458.85;1130.63
13410.23;17;459;0;1135.83;810.58
13411.2;22;478;1;1136.8;865.55
13413.02;6;536;3;867.37;811.57
13415.07;31;313;2;1468.9;1140.67
13420.27;17;459;0;1145.87;820.62
13421.25;22;478;1;1146.85;875.6
13423.07;6;536;3;877.42;821.61
13425.12;31;313;2;1478.94;1150.72
13430.32;17;459;0;1155.92;830.67
13431.29;22;478;1;1156.89;885.64
13433.11;6;536;3;887.46;831.66
13440.36;17;459;0;1165.96;840.71
13441.06;15;4;2;1166.66;841.21
13441.34;22;478;1;1166.93;895.69
13443.16;6;536;3;897.51;841.7
13450.41;17;459;0;1176;850.76
13451.1;15;4;2;1176.7;851.25
13451.35;22;478;1;1176.95;905.7
13453.18;6;536;3;907.53;851.73
13460.45;17;459;0;1186.05;860.8
13461.15;15;4;2;1186.74;861.3
13461.38;22;478;1;1186.98;915.73
13463.19;6;536;3;917.54;861.73
13470.5;17;459;0;1196.09;870.84
13471.19;15;4;2;1196.79;871.34
13471.41;22;478;1;1197.01;925.76
13473.21;6;536;3;927.56;871.75
13480.5;17;459;0;1206.1;880.85
13481.24;15;4;2;1206.83;881.39
13481.46;22;478;1;1207.05;935.8
13483.25;6;536;3;937.6;881.8
13490.55;17;459;0;1216.15;890.9
13491.28;15;4;2;1216.88;891.43
13493.26;6;536;3;947.61;891.8
13498.2;23;240;1;898.55;635.41
13500.58;17;459;0;1226.18;900.93
13501.32;15;4;2;1226.92;901.47
13503.27;6;536;3;957.61;901.81
13508.24;23;240;1;908.59;645.45
13510.63;17;459;0;1236.22;910.97
13511.34;15;4;2;1236.94;911.49
13513.31;6;536;3;967.66;911.85
13518.25;23;240;1;918.6;655.46
13520.66;17;459;0;1246.26;921.01
13521.38;15;4;2;1246.98;921.53
13523.35;6;536;3;977.7;921.9
13528.26;23;240;1;928.61;665.47
13530.7;17;459;0;1256.3;931.05
13531.43;15;4;2;1257.03;931.58
13533.35;6;536;3;987.7;931.9
13538.3;23;240;1;938.65;675.51
13540.75;17;459;0;1266.34;941.1
13541.47;15;4;2;1267.07;941.62
13543.4;6;536;3;997.75;941.94
13548.35;23;240;1;948.69;685.56
13550.79;17;459;0;1276.39;951.14
13551.52;15;4;2;1277.11;951.67
13553.44;6;536;3;1007.78;951.98
13558.39;23;240;1;958.74;695.6
13560.81;17;459;0;1286.41;961.16
13561.53;15;4;2;1287.13;961.68
13563.48;6;536;3;1017.83;962.02
13568.44;23;240;1;968.78;705.65
13570.86;17;459;0;1296.46;971.21
13571.58;15;4;2;1297.17;971.73
13573.52;6;536;3;1027.87;972.06
13578.48;23;240;1;978.83;715.69
13580.89;17;459;0;1306.49;981.24
13581.62;15;4;2;1307.22;981.77
13583.57;6;536;3;1037.91;982.11
13588.5;23;240;1;988.85;725.71
13590.94;17;459;0;1316.54;991.29
13591.66;15;4;2;1317.26;991.81
13593.61;6;536;3;1047.96;992.15
13598.53;23;240;1;998.88;735.74
13601.71;15;4;2;1327.31;1001.86
13603.65;6;536;3;1058;1002.2
13607.45;18;380;0;1007.6;691.06
13608.58;23;240;1;1062.93;745.79
13611.72;15;4;2;1337.31;1011.87
13613.7;6;536;3;1068.05;1012.24
13617.72;18;380;0;1017.87;701.34
13618.62;23;240;1;1072.97;755.83
13621.76;15;4;2;1347.36;1021.91
13623.74;6;536;3;1078.09;1022.29
13627.75;18;380;0;1027.9;711.36
13628.62;23;240;1;1082.97;765.83
13631.81;15;4;2;1357.4;1031.96
13633.77;6;536;3;1088.12;1032.31
13637.79;18;380;0;1037.94;721.4
13638.62;23;240;1;1038.97;775.83
13641.85;15;4;2;1367.45;1042
13643.81;6;536;3;1098.16;1042.36
13647.83;18;380;0;1047.98;731.45
13648.67;23;240;1;1049.02;785.88
13651.88;15;4;2;1377.47;1052.03
13653.86;6;536;3;1108.21;1052.4
13657.88;18;380;0;1058.03;741.49
13658.7;23;240;1;1059.05;795.91
13661.92;15;4;2;1387.52;1062.07
13663.9;6;536;3;1118.25;1062.45
13667.88;18;380;0;1068.03;751.5
13668.75;23;240;1;1069.1;805.96
13671.96;15;4;2;1397.56;1072.12
13673.95;6;536;3;1128.3;1072.49
13677.93;18;380;0;1078.08;761.54
13678.76;23;240;1;1079.11;815.97
13681.98;15;4;2;1407.58;1082.13
13683.99;6;536;3;1138.34;1082.53
13687.97;18;380;0;1088.12;771.59
13688.81;23;240;1;1089.15;826.02
13691.99;15;4;2;1417.58;1092.14
13694.04;6;536;3;1148.39;1092.58
13698.02;18;380;0;1098.17;781.63
13698.84;23;240;1;1099.18;836.05
13702.03;15;4;2;1427.63;1102.18
13704.08;6;536;3;1158.43;1102.62
13708.06;18;380;0;1108.21;791.68
13708.88;23;240;1;1109.23;846.09
13712.04;15;4;2;1437.64;1112.19
13714.1;6;536;3;1168.45;1112.65
13718.1;18;380;0;1118.45;801.72
13718.92;23;240;1;1119.27;856.14
13722.08;15;4;2;1447.68;1122.23
13728.15;18;380;0;1128.5;811.76
13728.97;23;240;1;1129.32;866.18
13730.5;13;410;3;867.71;811.45
13732.13;15;4;2;1457.73;1132.28
13738.19;18;380;0;1138.54;821.81
13739.01;23;240;1;1139.36;876.22
13740.51;13;410;3;877.72;821.45
13742.17;15;4;2;1467.77;1142.32
13748.23;18;380;0;1148.57;831.84
13749.06;23;240;1;1149.41;886.27
13750.55;13;410;3;887.76;831.5
13752.18;15;4;2;1477.78;1152.33
13758.27;18;380;0;1158.62;841.89
13759.09;23;240;1;1159.44;896.3
13760.6;13;410;3;897.81;841.54
13768.09;20;406;2;1166.64;850.61
13768.31;18;380;0;1168.47;851.93
13769.11;23;240;1;1169.46;906.32
13770.64;13;410;3;907.85;851.58
13778.14;20;406;2;1176.68;860.65
13778.36;18;380;0;1178.51;861.97
13779.16;23;240;1;1179.51;916.37
13780.69;13;410;3;917.9;861.63
13788.18;20;406;2;1186.73;870.7
13788.4;18;380;0;1188.55;872.02
13789.17;23;240;1;1189.52;926.39
13790.73;13;410;3;927.94;871.67
13798.23;20;406;2;1196.77;880.74
13798.45;18;380;0;1198.6;882.06
13799.22;23;240;1;1199.57;936.43
13800.76;13;410;3;937.97;881.7
13808.27;20;406;2;1206.82;890.78
13808.49;18;380;0;1208.64;892.11
13810.8;13;410;3;948.01;891.74
13815.6;22;329;1;12803.04;12566.01
13818.29;20;406;2;1216.83;900.8
13818.54;18;380;0;1218.69;902.15
13820.84;13;410;3;958.06;901.79
13825.94;22;329;1;12813.38;12576.35
13828.32;20;406;2;1226.86;910.83
13828.56;18;380;0;1228.71;912.17
13830.89;13;410;3;968.1;911.83
13835.98;22;329;1;12823.42;12586.39
13838.33;20;406;2;1236.87;920.84
13838.6;18;380;0;1238.75;922.22
13840.93;13;410;3;1239.48;921.88
13846.03;22;329;1;12833.47;12596.43
13848.37;20;406;2;1246.92;930.89
13848.65;18;380;0;1248.8;932.26
13850.94;13;410;3;1249.48;931.88
13856.07;22;329;1;12843.51;12606.48
13858.42;20;406;2;1256.96;940.93
13858.69;18;380;0;1258.84;942.31
13860.98;13;410;3;1259.53;941.93
13866.11;22;329;1;12853.56;12616.52
13868.44;20;406;2;1266.99;950.95
13868.74;18;380;0;1268.89;952.35
13871.03;13;410;3;1269.57;951.97
13876.16;22;329;1;12863.6;12626.57
13878.48;20;406;2;1278.63;960.99
13878.78;18;380;0;1278.93;962.39
13881.07;13;410;3;1279.61;962.01
13886.16;22;329;1;12873.6;12636.57
13888.53;20;406;2;1288.68;971.04
13888.82;18;380;0;1288.97;972.44
13891.12;13;410;3;1289.66;972.06
13896.2;22;329;1;12883.65;12646.61
13898.57;20;406;2;1298.72;981.08
13898.87;18;380;0;1299.02;982.48
13901.12;13;410;3;1299.66;982.06
13906.25;22;329;1;12893.69;12656.66
13908.61;20;406;2;1308.77;991.13
13908.91;18;380;0;1309.06;992.52
13911.17;13;410;3;1048.38;992.11
13916.29;22;329;1;12903.74;12666.7
13918.66;20;406;2;1318.81;1001.17
13921.18;13;410;3;1058.39;1002.12
13925.33;12;509;0;1006.27;650.74
13926.34;22;329;1;12913.78;12676.75
13928.7;20;406;2;1328.85;1011.22
13931.2;13;410;3;1068.41;1012.14
13935.41;12;509;0;1016.36;660.83
13936.38;22;329;1;12923.83;12686.79
13938.75;20;406;2;1337.29;1021.26
13941.22;13;410;3;1078.43;1022.16
13945.46;12;509;0;1026.4;670.88
13946.4;22;329;1;12933.84;12696.8
13948.79;20;406;2;1347.34;1031.3
13951.24;13;410;3;1088.45;1032.18
13955.48;12;509;0;1036.42;680.9
13956.41;22;329;1;12943.85;12706.82
13958.84;20;406;2;1357.38;1041.35
13961.28;13;410;3;1098.49;1042.23
13965.52;12;509;0;1046.47;690.94
13966.45;22;329;1;12953.9;12716.86
13968.85;20;406;2;1367.39;1051.36
13971.33;13;410;3;1108.54;1052.27
13975.55;12;509;0;1056.49;700.96
13976.5;22;329;1;12963.94;12726.91
13978.86;20;406;2;1377.4;1061.37
13981.37;13;410;3;1118.58;1062.31
13985.59;12;509;0;1066.54;711.01
13986.54;22;329;1;12920.43;12736.95
13988.9;20;406;2;1387.44;1071.41
13991.42;13;410;3;1128.63;1072.36
13995.64;12;509;0;1076.58;721.05
13996.55;22;329;1;12930.44;12746.96
13998.93;20;406;2;1397.47;1081.44
14001.44;13;410;3;1138.65;1082.38
14005.67;12;509;0;1086.61;731.09
14006.6;22;329;1;12940.49;12757.01
14008.97;20;406;2;1407.52;1091.49
14011.48;13;410;3;1148.69;1092.43
14015.72;12;509;0;1096.66;741.13
14016.64;22;329;1;12950.53;12767.05
14018.99;20;406;2;1417.53;1101.5
14021.52;13;410;3;1158.73;1102.47
14025.76;12;509;0;1108.27;751.18
14026.65;22;329;1;12960.54;12777.06
14029.03;20;406;2;1427.57;1111.54
14031.54;13;410;3;1168.75;1112.48
14035.8;12;509;0;1116.75;761.22
14036.7;22;329;1;12970.59;12787.11
14039.07;20;406;2;1437.61;1121.58
14045.81;12;509;0;1126.75;771.23
14046.74;22;329;1;12980.63;12797.15
14048.34;3;537;3;847.86;773.75
14049.12;20;406;2;1447.66;1131.63
14055.82;12;509;0;1136.76;781.24
14056.78;22;329;1;12990.67;12807.19
14058.43;3;537;3;857.95;783.85
14059.16;20;406;2;1457.7;1141.67
14065.87;12;509;0;1146.81;791.28
14066.81;22;329;1;13000.7;12817.22
14068.47;3;537;3;868;793.89
14069.2;20;406;2;1467.75;1151.72
14075.91;12;509;0;1156.85;801.33
14076.86;22;329;1;13010.75;12827.27
14078.52;3;537;3;878.04;803.94
14085.73;31;532;2;1168.24;811.15
14085.92;12;509;0;1166.87;811.34
14088.53;3;537;3;888.05;813.95
14092.84;23;37;1;1176.46;892.36
14095.84;31;532;2;1178.35;821.25
14095.97;12;509;0;1176.91;821.39
14098.58;3;537;3;898.1;823.99
14102.96;23;37;1;1186.57;902.48
14105.88;31;532;2;1188.39;831.3
14106.01;12;509;0;1186.96;831.43
14108.62;3;537;3;908.14;834.04
14113;23;37;1;1196.62;912.52
14115.92;31;532;2;1198.44;841.34
14116.06;12;509;0;1197;841.47
14118.64;3;537;3;918.16;844.05
14123.05;23;37;1;1206.66;922.57
14125.96;31;532;2;1208.48;851.38
14126.1;12;509;0;1207.05;851.52
14128.68;3;537;3;928.2;854.1
14133.09;23;37;1;1216.71;932.61
14136.01;31;532;2;1218.52;861.43
14136.15;12;509;0;1217.09;861.56
14138.72;3;537;3;938.24;864.14
14143.13;23;37;1;1226.75;942.65
14146.05;31;532;2;1228.56;871.47
14146.19;12;509;0;1227.13;871.61
14148.77;3;537;3;948.29;874.18
14153.15;23;37;1;1236.77;952.67
14156.1;31;532;2;1238.61;881.51
14156.24;12;509;0;1237.18;881.65
14158.81;3;537;3;958.33;884.23
14163.2;23;37;1;1246.81;962.72
14166.14;31;532;2;1248.65;891.56
14166.28;12;509;0;1247.22;891.69
14168.86;3;537;3;968.38;894.27
14173.24;23;37;1;1256.85;972.76
14176.18;31;532;2;1259.8;901.6
14176.32;12;509;0;1257.26;901.73
14178.9;3;537;3;978.42;904.32
14183.26;23;37;1;1266.87;982.78
14186.23;31;532;2;1269.84;911.64
14186.36;12;509;0;1267.3;911.78
14188.95;3;537;3;988.47;914.36
14193.27;23;37;1;1276.89;992.79
14196.27;31;532;2;1279.89;921.69
14196.4;12;509;0;1277.35;921.82
14198.99;3;537;3;998.51;924.41
14203.29;23;37;1;1340.5;1002.81
14206.32;31;532;2;1289.93;931.73
14206.45;12;509;0;1287.39;931.87
14209.03;3;537;3;1008.56;934.45
14213.33;23;37;1;1350.54;1012.85
14216.32;31;532;2;1299.93;941.74
14216.45;12;509;0;1297.4;941.87
14219.08;3;537;3;1018.6;944.5
14223.38;23;37;1;1360.59;1022.9
14226.35;31;532;2;1308.86;951.77
14226.49;12;509;0;1307.43;951.9
14229.12;3;537;3;1028.64;954.54
14233.42;23;37;1;1370.63;1032.94
14236.4;31;532;2;1318.91;961.81
14236.53;12;509;0;1317.47;961.95
14239.17;3;537;3;1038.69;964.58
14243.46;23;37;1;1380.68;1042.99
14246.43;31;532;2;1328.94;971.84
14246.58;12;509;0;1046.1;971.99
14249.21;3;537;3;1048.73;974.63
14253.51;23;37;1;1390.72;1053.03
14256.47;31;532;2;1338.98;981.89
14259.23;3;537;3;1058.75;984.65
14263.12;17;167;0;988.54;672.14
14263.51;23;37;1;1400.72;1063.04
14266.51;31;532;2;1349.03;991.93
14269.27;3;537;3;1068.8;994.69
14273.16;17;167;0;998.58;682.18
14273.56;23;37;1;1357.17;1073.08
14276.52;31;532;2;1359.03;1001.94
14279.32;3;537;3;1078.84;1004.74
14283.21;17;167;0;1008.63;692.23
14283.6;23;37;1;1367.22;1083.12
14286.57;31;532;2;1369.08;1011.98
14289.33;3;537;3;1088.85;1014.74
14293.25;17;167;0;1018.67;702.27
14293.65;23;37;1;1377.26;1093.17
14296.61;31;532;2;1379.12;1022.03
14299.37;3;537;3;1098.89;1024.79
14303.3;17;167;0;1028.71;712.32
14303.69;23;37;1;1387.31;1103.21
14306.66;31;532;2;1389.17;1032.07
14309.41;3;537;3;1108.93;1034.83
14313.32;17;167;0;1038.74;722.34
14313.74;23;37;1;1397.35;1113.26
14316.7;31;532;2;1399.21;1042.12
14319.45;3;537;3;1118.97;1044.86
14323.37;17;167;0;1048.78;732.38
14323.78;23;37;1;1407.4;1123.3
14326.74;31;532;2;1409.25;1052.16
14329.46;3;537;3;1128.98;1054.88
14333.37;17;167;0;1058.79;742.39
14333.83;23;37;1;1417.44;1133.35
14336.79;31;532;2;1419.3;1062.2
14339.46;3;537;3;1138.98;1064.88
14343.42;17;167;0;1068.83;752.44
14343.87;23;37;1;1427.48;1143.39
14346.83;31;532;2;1429.34;1072.25
14349.51;3;537;3;1149.03;1074.92
14353.45;17;167;0;1078.87;762.47
14353.91;23;37;1;1437.53;1153.43
14356.88;31;532;2;1439.39;1082.29
14359.55;3;537;3;1159.07;1084.97
14363.49;17;167;0;1088.91;772.51
14363.96;23;37;1;1447.57;1163.48
14366.89;31;532;2;1449.4;1092.3
14373.51;17;167;0;1098.92;782.52
14373.98;23;37;1;1457.59;1173.5
14375.51;6;362;3;1100.93;801.95
14376.93;31;532;2;1459.44;1102.35
14383.55;17;167;0;1108.97;792.57
14384.02;23;37;1;1467.63;1183.54
14385.56;6;362;3;1110.97;811.99
14386.98;31;532;2;1469.49;1112.39
14393.55;17;167;0;1118.97;802.57
14394.06;23;37;1;1477.67;1193.58
14395.6;6;362;3;1121.02;822.04
14397.02;31;532;2;1479.53;1122.44
14403.6;17;167;0;1129.01;812.61
14404.07;23;37;1;1487.69;1203.59
14405.65;6;362;3;1131.06;832.08
14407.06;31;532;2;1489.58;1132.48
14413.64;17;167;0;1139.06;822.66
14414.08;23;37;1;1497.7;1213.6
14415.69;6;362;3;1141.11;842.12
14417.11;31;532;2;1499.62;1142.53
14423.68;17;167;0;1149.1;832.7
14425.73;6;362;3;1151.15;852.17
14427.13;31;532;2;1509.64;1152.55
14430.76;22;462;1;857.19;584.69
14433.72;17;167;0;1159.14;842.74
14435.78;6;362;3;1161.19;862.21
14440.76;22;462;1;867.2;594.69
14443.76;17;167;0;1169.18;852.78
14444.05;15;546;2;925.75;852.34
14445.81;6;362;3;1171.22;872.24
14450.81;22;462;1;877.24;604.74
14453.79;17;167;0;1179.21;862.81
14454.14;15;546;2;935.85;862.43
14455.84;6;362;3;1181.26;882.28
14460.85;22;462;1;887.29;614.78
14463.83;17;167;0;1189.25;872.85
14464.19;15;546;2;945.89;872.48
14465.89;6;362;3;1191.3;892.32
14470.9;22;462;1;897.33;624.83
14473.84;17;167;0;1199.26;882.86
14474.23;15;546;2;955.93;882.52
14475.93;6;362;3;1201.35;902.37
14480.94;22;462;1;907.38;634.87
14483.89;17;167;0;1209.3;892.9
14484.24;15;546;2;965.94;892.53
14485.94;6;362;3;1211.35;912.37
14490.99;22;462;1;917.42;644.92
14493.93;17;167;0;1219.35;902.95
14494.28;15;546;2;975.98;902.57
14495.98;6;362;3;1221.4;922.42
14501.03;22;462;1;927.47;654.96
14503.98;17;167;0;1229.39;912.99
14504.32;15;546;2;986.02;912.61
14506.03;6;362;3;1231.44;932.46
14511.07;22;462;1;937.51;665
14513.98;17;167;0;1239.4;923
14514.36;15;546;2;996.06;922.65
14516.07;6;362;3;1241.49;942.51
14521.12;22;462;1;947.55;675.05
14524;17;167;0;1249.42;933.02
14524.41;15;546;2;1006.11;932.7
14526.08;6;362;3;1251.49;952.51
14531.16;22;462;1;957.6;685.09
14534.05;17;167;0;1259.46;943.06
14534.45;15;546;2;1016.15;942.74
14536.12;6;362;3;1261.54;962.56
14541.21;22;462;1;1022.91;695.14
14544.08;17;167;0;1269.5;953.1
14544.48;15;546;2;1026.18;952.77
14546.17;6;362;3;1271.58;972.6
14551.21;22;462;1;1032.91;705.14
14554.11;17;167;0;1279.53;963.13
14554.52;15;546;2;1279.94;962.81
14556.21;6;362;3;1281.63;982.65
14561.26;22;462;1;1042.96;715.19
14564.16;17;167;0;1289.57;973.18
14564.56;15;546;2;1289.98;972.85
14566.26;6;362;3;1291.67;992.69
14571.3;22;462;1;1053;725.23
14574.2;17;167;0;1299.62;983.22
14574.58;15;546;2;1300;982.87
14576.3;6;362;3;1301.72;1002.73
14581.34;22;462;1;1007.78;735.27
14584.25;17;167;0;1309.66;993.27
14584.63;15;546;2;1310.04;992.92
14586.33;6;362;3;1311.74;1012.76
14591.39;22;462;1;1017.82;745.32
14594.67;15;546;2;1076.37;1002.96
14596.35;6;362;3;1321.76;1022.78
14600.47;18;209;0;754.4;681.76
14601.43;22;462;1;1027.87;755.36
14604.71;15;546;2;1086.42;1013.01
14606.39;6;362;3;1331.81;1032.82
14610.77;18;209;0;764.7;692.07
14611.44;22;462;1;1037.88;765.37
14614.76;15;546;2;1096.46;1023.05
14616.43;6;362;3;1341.85;1042.87
14620.82;18;209;0;774.75;702.11
14621.49;22;462;1;1047.92;775.42
14624.8;15;546;2;1106.51;1033.1
14626.48;6;362;3;1351.9;1052.91
14630.86;18;209;0;784.79;712.16
14631.49;22;462;1;1057.93;785.42
14634.85;15;546;2;1116.55;1043.14
14636.52;6;362;3;1361.94;1062.96
14640.9;18;209;0;794.83;722.2
14641.54;22;462;1;1067.97;795.47
14644.89;15;546;2;1126.6;1053.18
14646.55;6;362;3;1371.97;1072.98
14650.95;18;209;0;804.88;732.25
14651.57;22;462;1;1078.01;805.5
14654.94;15;546;2;1136.64;1063.23
14656.59;6;362;3;1382.01;1083.03
14660.99;18;209;0;814.92;742.29
14661.58;22;462;1;1088.01;815.51
14664.98;15;546;2;1146.68;1073.27
14666.64;6;362;3;1392.05;1093.07
14671.04;18;209;0;824.97;752.33
14671.62;22;462;1;1098.06;825.55
14674.99;15;546;2;1156.69;1083.28
14676.68;6;362;3;1402.1;1103.12
14681.08;18;209;0;835.01;762.38
14681.67;22;462;1;1108.1;835.6
14685.03;15;546;2;1166.73;1093.32
14686.69;6;362;3;1412.11;1113.13
14691.13;18;209;0;845.06;772.42
14691.71;22;462;1;1118.15;845.64
14695.07;15;546;2;1176.78;1103.37
14701.17;18;209;0;855.1;782.47
14701.72;22;462;1;1128.16;855.65
14702.19;13;294;3;1111.2;790.98
14705.12;15;546;2;1186.82;1113.41
14711.18;18;209;0;1119.47;792.47
14711.77;22;462;1;1138.2;865.7
14712.41;13;294;3;1121.43;801.2
14715.16;15;546;2;1196.87;1123.46
14721.22;18;209;0;1129.51;802.52
14721.81;22;462;1;1148.25;875.74
14722.44;13;294;3;1131.45;811.23
14725.17;15;546;2;1206.88;1133.46
14731.27;18;209;0;1139.56;812.56
14731.85;22;462;1;1158.29;885.78
14732.48;13;294;3;1141.5;821.27
14735.18;15;546;2;1216.88;1143.47
14741.31;18;209;0;895.24;822.61
14741.9;22;462;1;1168.33;895.83
14742.52;13;294;3;1151.54;831.31
14745.22;15;546;2;1226.92;1153.51
14751.32;18;209;0;905.25;832.62
14752.57;13;294;3;1161.59;841.36
14757.92;23;145;1;846.71;574.62
14761.37;18;209;0;915.3;842.66
14761.41;20;413;2;1169.7;842.71
14762.6;13;294;3;1171.62;851.39
14768.02;23;145;1;856.81;584.71
14771.41;18;209;0;925.34;852.71
14771.5;20;413;2;1179.79;852.8
14772.65;13;294;3;1181.66;861.44
14778.06;23;145;1;866.85;594.76
14781.46;18;209;0;935.39;862.75
14781.55;20;413;2;1189.84;862.84
14782.69;13;294;3;1191.71;871.48
14788.09;23;145;1;876.88;604.78
14791.48;18;209;0;945.41;872.77
14791.59;20;413;2;1199.88;872.89
14792.7;13;294;3;1201.72;881.49
14798.13;23;145;1;886.92;614.83
14801.52;18;209;0;955.45;882.82
14801.63;20;413;2;1209.93;882.93
14802.75;13;294;3;1211.76;891.54
14808.18;23;145;1;896.97;624.87
14811.56;18;209;0;965.49;892.86
14811.68;20;413;2;1219.97;892.97
14812.78;13;294;3;1239.22;901.57
14818.22;23;145;1;907.01;634.91
14821.61;18;209;0;975.54;902.91
14821.71;20;413;2;1230;903
14822.8;13;294;3;1249.23;911.59
14828.23;23;145;1;917.02;644.93
14831.65;18;209;0;985.58;912.95
14831.74;20;413;2;1240.03;913.04
14832.84;13;294;3;1259.28;921.63
14838.28;23;145;1;927.07;654.97
14841.7;18;209;0;995.63;922.99
14841.79;20;413;2;1250.08;923.08
14842.89;13;294;3;1269.32;931.68
14848.32;23;145;1;937.11;665.02
14851.74;18;209;0;1005.67;933.04
14851.83;20;413;2;1260.12;933.13
14852.91;13;294;3;1261.93;941.7
14858.36;23;145;1;947.15;675.06
14861.79;18;209;0;1015.72;943.08
14861.88;20;413;2;1270.17;943.17
14862.96;13;294;3;1271.98;951.75
14868.41;23;145;1;1022.34;685.1
14871.81;18;209;0;1025.75;953.11
14871.92;20;413;2;1280.94;953.22
14873;13;294;3;1282.02;961.79
14878.45;23;145;1;1032.38;695.15
14881.86;18;209;0;1035.79;963.16
14881.95;20;413;2;1290.97;963.24
14883.05;13;294;3;1292.06;971.84
14888.47;23;145;1;1042.4;705.17
14891.88;18;209;0;1045.81;973.17
14891.96;20;413;2;1300.98;973.26
14893.09;13;294;3;1302.11;981.88
14898.51;23;145;1;1052.44;715.21
14902.01;20;413;2;1311.03;983.3
14903.1;13;294;3;1312.12;991.89
14908.32;12;154;0;989.61;671.74
14908.52;23;145;1;1062.45;725.22
14912.05;20;413;2;1320.34;993.35
14913.13;13;294;3;1322.15;1001.92
14918.43;12;154;0;999.73;681.86
14918.57;23;145;1;1007.36;735.26
14922.1;20;413;2;1330.39;1003.39
14923.18;13;294;3;1332.19;1011.97
14928.48;12;154;0;1009.77;691.9
14928.61;23;145;1;1017.4;745.31
14932.14;20;413;2;1340.43;1013.44
14933.22;13;294;3;1342.24;1022.01
14938.49;12;154;0;1019.79;701.92
14938.63;23;145;1;1027.42;755.32
14942.19;20;413;2;1350.48;1023.48
14943.26;13;294;3;1352.28;1032.05
14948.54;12;154;0;1029.83;711.96
14948.67;23;145;1;1037.46;765.37
14952.23;20;413;2;1360.52;1033.53
14953.31;13;294;3;1362.33;1042.1
14958.57;12;154;0;1039.87;721.99
14958.71;23;145;1;1047.5;775.41
14962.28;20;413;2;1370.57;1043.57
14963.35;13;294;3;1372.37;1052.14
14968.61;12;154;0;1049.91;732.04
14968.76;23;145;1;1057.55;785.46
14972.32;20;413;2;1380.61;1053.62
14973.4;13;294;3;1382.41;1062.19
14978.63;12;154;0;1059.93;742.06
14978.8;23;145;1;1067.59;795.5
14982.36;20;413;2;1390.66;1063.66
14983.44;13;294;3;1392.46;1072.23
14988.68;12;154;0;1069.98;752.1
14988.85;23;145;1;1077.64;805.54
14992.41;20;413;2;1400.7;1073.7
14993.49;13;294;3;1402.5;1082.28
14998.7;12;154;0;1080;762.13
14998.89;23;145;1;1087.68;815.59
15002.45;20;413;2;1410.74;1083.75
15003.53;13;294;3;1412.55;1092.32
15008.75;12;154;0;1090.04;772.17
15008.94;23;145;1;1097.73;825.63
15012.5;20;413;2;1420.79;1093.79
15013.57;13;294;3;1422.59;1102.36
15018.78;12;154;0;1100.08;782.2
15018.98;23;145;1;1107.77;835.68
15022.54;20;413;2;1430.83;1103.84
15023.62;13;294;3;1432.64;1112.41
15028.82;12;154;0;1110.12;792.25
15029.03;23;145;1;1117.82;845.72
15032.59;20;413;2;1440.88;1113.88
15038.83;12;154;0;1120.13;802.25
15039.03;23;145;1;1127.82;855.73
15039.5;3;177;3;1120.8;780.22
15042.6;20;413;2;1450.89;1123.9
15048.87;12;154;0;1130.17;812.3
15049.08;23;145;1;1137.87;865.77
15049.54;3;177;3;1130.84;790.27
15052.65;20;413;2;1460.94;1133.94
15058.91;12;154;0;1140.21;822.33
15059.12;23;145;1;1147.91;875.82
15059.59;3;177;3;1140.88;800.31
15062.69;20;413;2;1470.98;1143.99
15068.91;12;154;0;1150.21;832.34
15069.16;23;145;1;1157.95;885.86
15069.63;3;177;3;1150.93;810.36
15072.73;20;413;2;1481.03;1154.03
15078.96;12;154;0;1160.25;842.38
15079.21;23;145;1;1168;895.91
15079.67;3;177;3;1160.97;820.4
15089;12;154;0;1170.3;852.43
15089.16;31;183;2;905.86;829.89
15089.72;3;177;3;1171.01;830.44
15095.13;22;244;1;858.55;594.05
15099.03;12;154;0;1180.32;862.45
15099.21;31;183;2;915.91;839.94
15099.73;3;177;3;1181.03;840.46
15105.4;22;244;1;868.82;604.32
15109.07;12;154;0;1190.37;872.5
15109.23;31;183;2;925.93;849.96
15109.74;3;177;3;1191.04;850.47
15115.44;22;244;1;878.87;614.37
15119.09;12;154;0;1200.38;882.51
15119.28;31;183;2;935.97;860
15119.79;3;177;3;1201.08;860.51
15125.49;22;244;1;888.91;624.41
15129.13;12;154;0;1210.43;892.56
15129.32;31;183;2;946.02;870.05
15129.82;3;177;3;1211.12;870.55
15135.53;22;244;1;898.96;634.46
15139.18;12;154;0;1220.47;902.6
15139.37;31;183;2;956.06;880.09
15139.86;3;177;3;1228.65;880.59
15145.53;22;244;1;908.96;644.46
15149.22;12;154;0;1230.52;912.65
15149.41;31;183;2;966.11;890.14
15149.91;3;177;3;1238.7;890.63
15155.58;22;244;1;919;654.5
15159.26;12;154;0;1240.56;922.69
15159.45;31;183;2;976.15;900.18
15159.95;3;177;3;1248.74;900.68
15165.62;22;244;1;929.05;664.55
15169.31;12;154;0;1250.61;932.73
15169.5;31;183;2;986.2;910.22
15169.98;3;177;3;1258.77;910.7
15175.67;22;244;1;939.09;674.59
15179.33;12;154;0;1260.62;942.75
15179.54;31;183;2;996.24;920.27
15180;3;177;3;1268.79;920.73
15185.71;22;244;1;949.14;684.64
15189.37;12;154;0;1270.67;952.79
15189.59;31;183;2;1006.29;930.31
15190.04;3;177;3;1271.34;930.77
15195.76;22;244;1;959.18;694.68
15199.41;12;154;0;1280.71;962.84
15199.61;31;183;2;1016.31;940.34
15200.09;3;177;3;1281.39;940.81
15205.76;22;244;1;969.19;704.69
15209.46;12;154;0;1290.75;972.88
15209.64;31;183;2;1026.34;950.37
15210.13;3;177;3;1291.43;950.86
15215.81;22;244;1;979.23;714.73
15219.5;12;154;0;1300.8;982.93
15219.69;31;183;2;1036.38;960.41
15220.16;3;177;3;1301.45;960.88
15225.85;22;244;1;989.28;724.78
15229.55;12;154;0;1310.84;992.97
15229.73;31;183;2;1046.43;970.45
15230.2;3;177;3;1311.5;970.93
15235.89;22;244;1;999.32;734.82
15239.77;31;183;2;1056.47;980.5
15240.25;3;177;3;1321.54;980.97
15245.45;17;414;0;986.18;691.29
15245.94;22;244;1;1009.36;744.86
15249.78;31;183;2;1066.47;990.5
15250.29;3;177;3;1331.59;991.02
15255.73;17;414;0;996.46;701.57
15255.97;22;244;1;1019.39;754.9
15259.82;31;183;2;1076.52;1000.55
15260.34;3;177;3;1341.63;1001.06
15265.77;17;414;0;1006.5;711.62
15266;22;244;1;1029.42;764.92
15269.87;31;183;2;1086.56;1010.59
15270.37;3;177;3;1351.67;1011.1
15275.78;17;414;0;1016.51;721.62
15276;22;244;1;1039.43;774.93
15279.91;31;183;2;1096.61;1020.64
15280.39;3;177;3;1361.69;1021.11
15285.83;17;414;0;1026.55;731.67
15286.04;22;244;1;1049.47;784.97
15289.95;31;183;2;1106.65;1030.68
15290.43;3;177;3;1371.73;1031.16
15295.87;17;414;0;1036.6;741.71
15296.09;22;244;1;1059.51;795.01
15299.96;31;183;2;1116.66;1040.69
15300.48;3;177;3;1381.77;1041.2
15305.92;17;414;0;1046.64;751.76
15306.13;22;244;1;1069.56;805.06
15310.01;31;183;2;1126.7;1050.73
15310.52;3;177;3;1391.82;1051.25
15315.96;17;414;0;1056.69;761.8
15316.18;22;244;1;1079.6;815.1
15320.04;31;183;2;1136.74;1060.77
15320.57;3;177;3;1401.86;1061.29
15325.96;17;414;0;1066.69;771.8
15326.22;22;244;1;1089.65;825.15
15330.08;31;183;2;1146.78;1070.81
15330.59;3;177;3;1411.89;1071.32
15335.97;17;414;0;1076.69;781.81
15336.27;22;244;1;1099.69;835.19
15340.09;31;183;2;1156.79;1080.81
15340.64;3;177;3;1421.93;1081.36
15346.01;17;414;0;1086.74;791.85
15346.31;22;244;1;1109.73;845.23
15350.13;31;183;2;1166.83;1090.86
15350.68;3;177;3;1431.98;1091.41
15356.05;17;414;0;1096.78;801.9
15356.35;22;244;1;1119.78;855.28
15360.16;31;183;2;1176.86;1100.89
15360.72;3;177;3;1442.02;1101.45
15366.08;17;414;0;1106.8;811.92
15366.4;22;244;1;1129.82;865.32
15370.21;31;183;2;1186.9;1110.93
15370.77;3;177;3;1452.07;1111.49
15376.12;17;414;0;1116.85;821.97
15376.44;22;244;1;1139.86;875.36
15380.25;31;183;2;1196.95;1120.98
15386.17;17;414;0;1126.89;832.01
15386.48;22;244;1;1149.91;885.41
15386.81;6;66;3;4066.12;3768.14
15390.3;31;183;2;1206.99;1131.02
15396.21;17;414;0;1136.94;842.05
15396.53;22;244;1;1159.95;895.45
15396.82;6;66;3;4076.12;3778.14
15400.34;31;183;2;1217.04;1141.07
15406.26;17;414;0;1146.98;852.1
15406.86;6;66;3;4086.17;3788.19
15410.38;31;183;2;1227.08;1151.11
15412.86;23;539;1;858.7;594.6
15416.3;17;414;0;1157.03;862.14
15416.91;6;66;3;4096.21;3798.23
15422.96;23;539;1;868.8;604.7
15425.76;15;248;2;1166.49;851.14
15426.3;17;414;0;1167.03;872.15
15426.95;6;66;3;4106.26;3808.28
15433.01;23;539;1;878.85;614.75
15436.14;15;248;2;1176.86;861.51
15436.31;17;414;0;1177.04;882.16
15437;6;66;3;4116.3;3818.32
15443.02;23;539;1;888.86;624.76
15446.18;15;248;2;1186.91;871.56
15446.36;17;414;0;1187.08;892.2
15447.04;6;66;3;4126.34;3828.37
15453.06;23;539;1;898.9;634.8
15456.23;15;248;2;1196.95;881.6
15456.4;17;414;0;1197.13;902.25
15457.09;6;66;3;4136.39;3838.41
15463.07;23;539;1;908.91;644.81
15466.27;15;248;2;1207;891.64
15466.45;17;414;0;1207.17;912.29
15467.13;6;66;3;4146.43;3848.45
15473.11;23;539;1;918.96;654.85
15476.29;15;248;2;1217.02;901.67
15476.49;17;414;0;1217.22;922.33
15477.16;6;66;3;4156.46;3858.48
15483.14;23;539;1;928.98;664.88
15486.34;15;248;2;1227.06;911.71
15486.52;17;414;0;1227.24;932.36
15487.19;6;66;3;4166.49;3868.51
15493.19;23;539;1;939.03;674.92
15496.38;15;248;2;1237.11;921.76
15496.56;17;414;0;1237.29;942.4
15497.23;6;66;3;4186.21;3878.55
15503.23;23;539;1;949.07;684.97
15506.43;15;248;2;1247.15;931.8
15506.6;17;414;0;1247.33;952.45
15507.27;6;66;3;4196.25;3888.6
15513.27;23;539;1;959.12;695.01
15516.47;15;248;2;1257.2;941.84
15516.65;17;414;0;1257.37;962.49
15517.32;6;66;3;4196.62;3898.64
15523.32;23;539;1;1022.24;705.06
15526.51;15;248;2;1267.24;951.89
15526.69;17;414;0;1267.42;972.53
15527.36;6;66;3;4206.67;3908.69
15533.32;23;539;1;1032.25;715.06
15536.56;15;248;2;1299.98;961.93
15536.74;17;414;0;1277.46;982.58
15537.41;6;66;3;4216.71;3918.73
15543.35;23;539;1;1042.28;725.09
15546.6;15;248;2;1310.03;971.98
15546.78;17;414;0;1287.51;992.62
15547.45;6;66;3;4226.75;3928.77
15553.36;23;539;1;1052.28;735.09
15556.65;15;248;2;1297.37;982.02
15557.48;6;66;3;4236.79;3938.81
15562.48;18;289;0;987.85;700.65
15563.37;23;539;1;1062.29;745.11
15566.69;15;248;2;1307.42;992.07
15567.53;6;66;3;4246.83;3948.85
15572.52;18;289;0;997.9;710.69
15573.38;23;539;1;1072.3;755.12
15576.72;15;248;2;1317.45;1002.1
15577.57;6;66;3;4256.88;3958.9
15582.53;18;289;0;1007.91;720.7
15583.39;23;539;1;1082.32;765.13
15586.77;15;248;2;1327.49;1012.14
15587.62;6;66;3;4266.92;3968.94
15592.58;18;289;0;1017.95;730.75
15593.44;23;539;1;1092.36;775.17
15596.81;15;248;2;1337.54;1022.18
15597.66;6;66;3;4276.96;3978.98
15602.58;18;289;0;1027.95;740.75
15603.44;23;539;1;1049.28;785.18
15606.82;15;248;2;1347.54;1032.19
15607.71;6;66;3;4287.01;3989.03
15612.62;18;289;0;1038;750.79
15613.48;23;539;1;1059.33;795.22
15616.86;15;248;2;1357.59;1042.24
15617.74;6;66;3;4297.04;3999.06
15622.67;18;289;0;1048.04;760.84
15623.53;23;539;1;1069.37;805.26
15626.91;15;248;2;1367.63;1052.28
15627.78;6;66;3;4307.08;4009.1
15632.71;18;289;0;1058.09;770.88
15633.55;23;539;1;1079.39;815.29
15636.95;15;248;2;1377.67;1062.32
15637.83;6;66;3;4317.13;4019.15
15642.76;18;289;0;1068.13;780.93
15643.56;23;539;1;1089.4;825.29
15646.99;15;248;2;1387.72;1072.37
15647.87;6;66;3;4327.17;4029.19
15652.78;18;289;0;1078.15;790.95
15653.56;23;539;1;1099.4;835.3
15657.01;15;248;2;1397.74;1082.39
15657.92;6;66;3;4337.22;4039.24
15662.82;18;289;0;1088.2;800.99
15663.59;23;539;1;1109.43;845.33
15667.06;15;248;2;1407.78;1092.43
15667.96;6;66;3;4347.26;4049.28
15672.87;18;289;0;1118.71;811.04
15673.63;23;539;1;1119.48;855.37
15677.1;15;248;2;1417.83;1102.47
15678;6;66;3;4357.31;4059.33
15682.91;18;289;0;1128.75;821.08
15683.68;23;539;1;1129.52;865.42
15687.11;15;248;2;1427.84;1112.49
15692.96;18;289;0;1138.8;831.12
15693.71;23;539;1;1139.55;875.45
15694.33;13;162;3;1193.26;1119.71
15697.16;15;248;2;1437.88;1122.53
15703;18;289;0;1148.84;841.17
15703.72;23;539;1;1149.56;885.46
15704.52;13;162;3;1203.45;1129.9
15707.16;15;248;2;1447.88;1132.53
15713.03;18;289;0;1158.87;851.2
15713.77;23;539;1;1159.61;895.5
15714.52;13;162;3;1213.45;1139.9
15717.2;15;248;2;1457.93;1142.58
15723.08;18;289;0;1168.92;861.25
15724.57;13;162;3;1223.49;1149.94
15727.25;15;248;2;1467.97;1152.62
15729.76;22;42;1;867.93;584.18
15733.12;18;289;0;1178.96;871.29
15734.61;13;162;3;1233.54;1159.99
15740.08;22;42;1;878.24;594.5
15742.79;20;421;2;924.53;860.8
15743.17;18;289;0;1189.01;881.33
15744.66;13;162;3;1243.58;1170.03
15750.12;22;42;1;888.29;604.54
15752.93;20;421;2;934.67;870.94
15753.21;18;289;0;1178.58;891.38
15754.7;13;162;3;1253.63;1180.07
15760.13;22;42;1;898.3;614.55
15762.96;20;421;2;944.7;880.97
15763.22;18;289;0;1188.59;901.39
15764.74;13;162;3;1263.67;1190.12
15770.18;22;42;1;908.35;624.6
15773.01;20;421;2;954.74;891.01
15773.26;18;289;0;1198.64;911.43
15774.79;13;162;3;1273.71;1200.16
15780.22;22;42;1;918.39;634.64
15783.03;20;421;2;964.77;901.03
15783.31;18;289;0;1208.68;921.48
15784.83;13;162;3;1283.76;1210.21
15790.27;22;42;1;928.44;644.69
15793.07;20;421;2;974.81;911.08
15793.31;18;289;0;1218.69;931.48
15794.88;13;162;3;1293.8;1220.25
15800.31;22;42;1;938.48;654.73
15803.12;20;421;2;984.85;921.12
15803.36;18;289;0;1228.73;941.53
15804.9;13;162;3;1545.62;1230.27
15810.36;22;42;1;948.52;664.78
15813.16;20;421;2;994.9;931.17
15813.36;18;289;0;1238.73;951.53
15814.92;13;162;3;1555.65;1240.3
15820.36;22;42;1;958.53;674.78
15823.21;20;421;2;1004.94;941.21
15823.4;18;289;0;1248.78;961.57
15824.97;13;162;3;1565.69;1250.34
15830.36;22;42;1;968.53;684.78
15833.25;20;421;2;1014.99;951.26
15833.41;18;289;0;1258.78;971.58
15834.98;13;162;3;1575.7;1260.35
15840.41;22;42;1;1022.15;694.83
15843.29;20;421;2;1025.03;961.3
15843.45;18;289;0;1268.83;981.62
15845.02;13;162;3;1585.74;1270.39
15850.45;22;42;1;1032.19;704.87
15853.3;20;421;2;1278.68;971.31
15853.5;18;289;0;1278.87;991.67
15855.06;13;162;3;1595.79;1280.44
15860.45;22;42;1;1042.19;714.88
15863.35;20;421;2;1288.72;981.35
15865.11;13;162;3;1605.83;1290.48
15870.46;22;42;1;1052.2;724.88
15870.51;12;125;0;997.46;691.14
15873.39;20;421;2;1298.77;991.4
15875.15;13;162;3;1374.08;1300.53
15880.51;22;42;1;1062.24;734.93
15880.55;12;125;0;1007.5;701.18
15883.41;20;421;2;1308.78;1001.42
15885.18;13;162;3;1384.1;1310.55
15890.55;22;42;1;1072.29;744.97
15890.59;12;125;0;1017.55;711.22
15893.45;20;421;2;1318.83;1011.46
15895.22;13;162;3;1394.15;1320.59
15900.59;22;42;1;1082.33;755.02
15900.64;12;125;0;1027.59;721.27
15903.47;20;421;2;1328.84;1021.48
15905.26;13;162;3;1404.19;1330.64
15910.64;22;42;1;1092.38;765.06
15910.68;12;125;0;1037.64;731.31
15913.51;20;421;2;1338.89;1031.52
15915.31;13;162;3;1414.23;1340.68
15920.68;22;42;1;1102.42;775.1
15920.73;12;125;0;1047.68;741.36
15923.56;20;421;2;1348.93;1041.56
15925.33;13;162;3;1424.26;1350.71
15930.73;22;42;1;1112.47;785.15
15930.77;12;125;0;1057.73;751.4
15933.58;20;421;2;1358.95;1051.58
15935.38;13;162;3;1434.3;1360.75
15940.75;22;42;1;1078.92;795.17
15940.79;12;125;0;1067.74;761.42
15943.62;20;421;2;1125.36;1061.63
15945.41;13;162;3;1444.33;1370.78
15950.79;22;42;1;1088.96;805.21
15950.84;12;125;0;1077.79;771.47
15953.66;20;421;2;1135.4;1071.67
15955.42;13;162;3;1454.35;1380.79
15960.84;22;42;1;1099.01;815.26
15960.88;12;125;0;1087.83;781.51
15963.71;20;421;2;1145.45;1081.72
15965.46;13;162;3;1464.39;1390.84
15970.88;22;42;1;1109.05;825.3
15970.92;12;125;0;1097.88;791.56
15973.75;20;421;2;1155.49;1091.76
15975.49;13;162;3;1474.41;1400.86
15980.92;22;42;1;1119.09;835.35
15980.97;12;125;0;1119.14;801.6
15983.78;20;421;2;1165.52;1101.79
15985.53;13;162;3;1484.46;1410.9
15990.95;22;42;1;1129.12;845.37
15990.99;12;125;0;1129.16;811.62
15993.79;20;421;2;1175.53;1111.8
16000.98;22;42;1;1139.15;855.4
16001.02;12;125;0;1139.19;821.65
16001.65;3;188;3;1119.65;811.56
16003.83;20;421;2;1185.57;1121.84
16011.02;22;42;1;1149.19;865.44
16011.06;12;125;0;1149.23;831.7
16011.89;3;188;3;1129.9;821.8
16013.88;20;421;2;1195.62;1131.88
16021.06;22;42;1;1159.23;875.49
16021.11;12;125;0;1159.28;841.74
16021.94;3;188;3;1139.95;831.85
16023.92;20;421;2;1205.66;1141.93
16031.07;22;42;1;1169.24;885.5
16031.12;12;125;0;1169.29;851.75
16031.98;3;188;3;1149.99;841.89
16033.97;20;421;2;1215.7;1151.97
16041.12;22;42;1;1179.29;895.54
16041.16;12;125;0;1179.33;861.79
16042.03;3;188;3;1160.03;851.94
16049.48;31;268;2;903.9;859.39
16051.21;12;125;0;1189.38;871.84
16052.07;3;188;3;1170.08;861.98
16057.49;23;430;1;878.12;574.3
16059.87;31;268;2;914.29;869.78
16061.23;12;125;0;1188.18;881.86
16062.12;3;188;3;1180.12;872.03
16067.56;23;430;1;888.19;584.38
16069.88;31;268;2;924.3;879.79
16071.27;12;125;0;1198.22;891.9
16072.15;3;188;3;1190.16;882.06
16077.61;23;430;1;898.24;594.42
16079.92;31;268;2;934.34;889.83
16081.31;12;125;0;1208.26;901.94
16082.2;3;188;3;1200.2;892.11
16087.61;23;430;1;908.24;604.42
16089.94;31;268;2;944.36;899.85
16091.33;12;125;0;1218.28;911.96
16092.24;3;188;3;1210.25;902.15
16097.65;23;430;1;918.28;614.47
16099.98;31;268;2;954.4;909.89
16101.36;12;125;0;1228.32;921.99
16102.25;3;188;3;1220.26;912.17
16107.7;23;430;1;928.33;624.51
16110.02;31;268;2;964.44;919.93
16111.41;12;125;0;1238.36;932.04
16112.3;3;188;3;1239.25;922.21
16117.74;23;430;1;938.37;634.56
16120.07;31;268;2;974.49;929.98
16121.45;12;125;0;1248.41;942.08
16122.34;3;188;3;1249.3;932.25
16127.79;23;430;1;948.42;644.6
16130.1;31;268;2;984.52;940.01
16131.5;12;125;0;1258.45;952.13
16132.39;3;188;3;1259.34;942.3
16137.8;23;430;1;958.43;654.61
16140.14;31;268;2;994.56;950.05
16141.54;12;125;0;1268.5;962.17
16142.43;3;188;3;1269.39;952.34
16147.84;23;430;1;968.47;664.65
16150.18;31;268;2;1004.6;960.09
16151.56;12;125;0;1278.51;972.19
16152.44;3;188;3;1279.39;962.35
16157.86;23;430;1;978.49;674.67
16160.23;31;268;2;1278.23;970.14
16161.6;12;125;0;1288.55;982.23
16162.49;3;188;3;1289.44;972.4
16167.88;23;430;1;1022.3;684.7
16170.25;31;268;2;1288.26;980.16
16171.64;12;125;0;1298.6;992.27
16172.53;3;188;3;1299.48;982.44
16177.93;23;430;1;1032.35;694.74
16180.29;31;268;2;1298.3;990.21
16182.57;3;188;3;1300.58;992.49
16187.96;23;430;1;1042.38;704.77
16190.33;31;268;2;1308.33;1000.24
16192.58;3;188;3;1310.59;1002.5
16198;23;430;1;1052.42;714.81
16198.17;17;495;0;1008.08;681.48
16200.37;31;268;2;1318.38;1010.28
16202.63;3;188;3;1320.64;1012.54
16208.04;23;430;1;1062.46;724.86
16208.22;17;495;0;1018.13;691.52
16210.42;31;268;2;1328.42;1020.33
16212.67;3;188;3;1330.68;1022.58
16218.08;23;430;1;1072.51;734.9
16218.26;17;495;0;1028.17;701.57
16220.43;31;268;2;1074.85;1030.34
16222.72;3;188;3;1340.72;1032.63
16228.1;23;430;1;1082.52;744.91
16228.3;17;495;0;1038.22;711.61
16230.48;31;268;2;1084.9;1040.39
16232.75;3;188;3;1350.76;1042.66
16238.14;23;430;1;1092.56;754.95
16238.35;17;495;0;1048.26;721.66
16240.52;31;268;2;1094.94;1050.43
16242.79;3;188;3;1360.8;1052.7
16248.18;23;430;1;1068.81;765
16248.39;17;495;0;1058.3;731.7
16250.55;31;268;2;1104.98;1060.47
16252.83;3;188;3;1370.83;1062.74
16258.23;23;430;1;1078.86;775.04
16258.44;17;495;0;1068.35;741.74
16260.6;31;268;2;1115.02;1070.51
16262.87;3;188;3;1380.88;1072.78
16268.24;23;430;1;1088.87;785.06
16268.48;17;495;0;1078.39;751.79
16270.64;31;268;2;1125.06;1080.55
16272.91;3;188;3;1390.92;1082.83
16278.29;23;430;1;1098.92;795.1
16278.53;17;495;0;1088.44;761.83
16280.68;31;268;2;1135.1;1090.59
16282.94;3;188;3;1400.95;1092.85
16288.33;23;430;1;1108.96;805.15
16288.57;17;495;0;1098.48;771.87
16290.72;31;268;2;1145.14;1100.63
16292.95;3;188;3;1410.95;1102.86
16298.37;23;430;1;1119;815.18
16298.61;17;495;0;1108.52;781.92
16300.77;31;268;2;1155.19;1110.68
16302.99;3;188;3;1421;1112.9
16308.37;23;430;1;1129;825.19
16308.66;17;495;0;1129.29;791.96
16310.81;31;268;2;1165.23;1120.72
16318.42;23;430;1;1139.05;835.23
16318.7;17;495;0;1139.33;802.01
16319.72;6;190;3;836.54;803.03
16320.86;31;268;2;1175.28;1130.77
16328.46;23;430;1;1149.09;845.28
16328.71;17;495;0;1149.34;812.01
16329.97;6;190;3;846.79;813.28
16330.9;31;268;2;1185.32;1140.81
16338.51;23;430;1;1159.14;855.32
16338.75;17;495;0;1159.38;822.06
16339.98;6;190;3;856.79;823.29
16340.91;31;268;2;1195.33;1150.82
16348.53;23;430;1;1169.16;865.34
16348.8;17;495;0;1169.43;832.1
16350;6;190;3;866.81;833.31
16356.78;15;363;2;1166.69;840.09
16358.57;23;430;1;1179.2;875.39
16358.84;17;495;0;1179.47;842.15
16360;6;190;3;876.81;843.31
16366.98;15;363;2;1176.89;850.29
16368.62;23;430;1;1189.25;885.43
16368.89;17;495;0;1178.8;852.19
16370.04;6;190;3;886.86;853.35
16377.02;15;363;2;1186.94;860.33
16378.66;23;430;1;1199.29;895.48
16378.93;17;495;0;1188.84;862.24
16380.09;6;190;3;896.9;863.39
16387.07;15;363;2;1196.98;870.37
16388.97;17;495;0;1198.88;872.28
16390.13;6;190;3;906.95;873.44
16395.66;22;199;1;878.96;595.3
16397.11;15;363;2;1207.02;880.41
16399.02;17;495;0;1208.93;882.32
16400.16;6;190;3;916.97;883.47
16405.7;22;199;1;889.01;605.35
16407.13;15;363;2;1217.04;890.44
16409.06;17;495;0;1218.97;892.37
16410.17;6;190;3;926.99;893.48
16415.73;22;199;1;899.03;615.37
16417.18;15;363;2;1227.09;900.48
16419.09;17;495;0;1229;902.4
16420.18;6;190;3;937;903.49
16425.77;22;199;1;909.08;625.42
16427.22;15;363;2;1237.13;910.53
16429.13;17;495;0;1239.04;912.43
16430.21;6;190;3;1240.12;913.52
16435.82;22;199;1;919.12;635.46
16437.26;15;363;2;1247.18;920.57
16439.14;17;495;0;1249.05;922.44
16440.22;6;190;3;1250.13;923.52
16445.86;22;199;1;929.17;645.51
16447.31;15;363;2;1257.22;930.62
16449.18;17;495;0;1259.09;932.49
16450.26;6;190;3;967.08;933.57
16455.91;22;199;1;939.21;655.55
16457.34;15;363;2;1267.25;940.65
16459.2;17;495;0;1269.11;942.51
16460.31;6;190;3;977.12;943.61
16465.95;22;199;1;949.26;665.59
16467.38;15;363;2;1277.29;950.69
16469.25;17;495;0;1279.16;952.55
16470.32;6;190;3;987.14;953.63
16475.98;22;199;1;959.29;675.62
16477.43;15;363;2;1287.34;960.73
16479.27;17;495;0;1289.18;962.58
16480.37;6;190;3;997.18;963.67
16485.98;22;199;1;969.29;685.63
16487.47;15;363;2;1297.38;970.78
16489.32;17;495;0;1299.23;972.62
16490.41;6;190;3;1007.23;973.72
16496.03;22;199;1;979.33;695.67
16497.52;15;363;2;1307.43;980.82
16499.36;17;495;0;1309.27;982.67
16500.46;6;190;3;1017.27;983.76
16506.07;22;199;1;989.38;705.72
16507.55;15;363;2;1317.46;990.85
16509.4;17;495;0;1319.32;992.71
16510.5;6;190;3;1027.31;993.81
16516.08;22;199;1;999.39;715.72
16517.59;15;363;2;1327.5;1000.9
16519.43;17;495;0;1329.35;1002.74
16520.54;6;190;3;1037.36;1003.85
16526.12;22;199;1;1009.42;725.76
16527.62;15;363;2;1337.53;1010.92
16530.59;6;190;3;1047.4;1013.9
16535.44;18;242;0;735.09;682.1
16536.16;22;199;1;1019.47;735.81
16537.66;15;363;2;1347.57;1020.97
16540.6;6;190;3;1057.41;1023.9
16545.47;18;242;0;745.12;692.12
16546.19;22;199;1;1029.49;745.83
16547.7;15;363;2;1357.62;1031.01
16550.64;6;190;3;1067.46;1033.95
16555.52;18;242;0;755.16;702.17
16556.23;22;199;1;1039.54;755.88
16557.74;15;363;2;1367.65;1041.04
16560.68;6;190;3;1077.5;1043.99
16565.56;18;242;0;765.2;712.21
16566.27;22;199;1;1049.58;765.91
16567.77;15;363;2;1377.68;1051.08
16570.73;6;190;3;1087.54;1054.04
16575.6;18;242;0;775.25;722.26
16576.31;22;199;1;1059.62;775.96
16577.82;15;363;2;1387.73;1061.12
16580.76;6;190;3;1097.58;1064.07
16585.65;18;242;0;785.29;732.3
16586.34;22;199;1;1069.65;785.98
16587.86;15;363;2;1397.77;1071.16
16590.81;6;190;3;1107.62;1074.11
16595.69;18;242;0;795.34;742.35
16596.34;22;199;1;1079.65;795.99
16597.89;15;363;2;1407.8;1081.19
16600.85;6;190;3;1117.66;1084.16
16605.74;18;242;0;805.38;752.39
16606.39;22;199;1;1089.7;806.03
16607.92;15;363;2;1417.83;1091.23
16610.89;6;190;3;1127.71;1094.2
16615.74;18;242;0;815.39;762.4
16616.43;22;199;1;1099.74;816.08
16617.92;15;363;2;1427.83;1101.23
16620.94;6;190;3;1137.75;1104.25
16625.76;18;242;0;825.4;772.41
16626.48;22;199;1;1109.78;826.12
16627.97;15;363;2;1437.88;1111.27
16635.8;18;242;0;835.45;782.46
16636.52;22;199;1;1119.83;836.17
16636.69;13;81;3;1120;811.68
16638.01;15;363;2;1447.92;1121.32
16645.85;18;242;0;1129.15;792.5
16646.57;22;199;1;1129.87;846.21
16646.99;13;81;3;1130.29;821.97
16648.06;15;363;2;1457.97;1131.36
16655.86;18;242;0;1139.17;802.51
16656.61;22;199;1;1139.92;856.26
16657.03;13;81;3;1140.33;832.01
16658.1;15;363;2;1468.01;1141.41
16665.91;18;242;0;1149.21;812.56
16666.66;22;199;1;1149.96;866.3
16667.07;13;81;3;1150.38;842.06
16668.14;15;363;2;1478.06;1151.45
16675.95;18;242;0;1159.26;822.6
16676.68;22;199;1;1159.98;876.32
16677.11;13;81;3;1160.42;852.1
16683.95;20;381;2;1167.25;830.6
16685.99;18;242;0;1169.3;832.65
16686.72;22;199;1;1170.03;886.36
16687.16;13;81;3;1170.46;862.15
16694.19;20;381;2;1177.5;840.85
16696.04;18;242;0;895.68;842.69
16696.76;22;199;1;1180.07;896.41
16697.2;13;81;3;1180.51;872.19
16704.24;20;381;2;1187.55;850.89
16706.08;18;242;0;905.73;852.74
16707.25;13;81;3;1190.55;882.24
16712.5;23;179;1;887.49;574.66
16714.28;20;381;2;1197.59;860.94
16716.13;18;242;0;915.77;862.78
16717.29;13;81;3;1200.6;892.28
16722.85;23;179;1;897.83;585
16724.29;20;381;2;1207.6;870.95
16726.17;18;242;0;925.82;872.83
16727.34;13;81;3;1210.64;902.33
16732.89;23;179;1;907.88;595.05
16734.34;20;381;2;1217.65;880.99
16736.17;18;242;0;935.82;882.83
16737.36;13;81;3;1220.67;912.35
16742.93;23;179;1;917.92;605.09
16744.38;20;381;2;1227.69;891.04
16746.19;18;242;0;945.84;892.85
16747.41;13;81;3;1230.72;922.4
16752.98;23;179;1;927.97;615.14
16754.43;20;381;2;1237.73;901.08
16756.21;18;242;0;955.86;902.87
16757.45;13;81;3;1240.76;932.44
16763.02;23;179;1;938.01;625.18
16764.47;20;381;2;1247.78;911.12
16766.26;18;242;0;965.9;912.91
16767.5;13;81;3;1250.8;942.49
16773.03;23;179;1;948.02;635.19
16774.52;20;381;2;1257.82;921.17
16776.3;18;242;0;975.95;922.96
16777.54;13;81;3;1260.85;952.53
16783.07;23;179;1;958.06;645.23
16784.56;20;381;2;1267.87;931.21
16786.33;18;242;0;985.98;932.99
16787.59;13;81;3;1270.89;962.58
16793.12;23;179;1;968.11;655.28
16794.57;20;381;2;1311.39;941.23
16796.38;18;242;0;996.02;943.03
16797.62;13;81;3;1280.92;972.61
16803.16;23;179;1;978.15;665.32
16804.62;20;381;2;1321.43;951.27
16806.42;18;242;0;1006.07;953.08
16807.66;13;81;3;1290.97;982.65
16813.2;23;179;1;988.19;675.36
16814.66;20;381;2;1331.48;961.32
16816.47;18;242;0;1016.11;963.12
16817.67;13;81;3;1300.98;992.66
16823.23;23;179;1;1022.87;685.38
16824.67;20;381;2;1341.49;971.32
16826.51;18;242;0;1026.16;973.16
16827.72;13;81;3;1311.02;1002.71
16833.27;23;179;1;1032.92;695.43
16834.69;20;381;2;1317.99;981.34
16836.52;18;242;0;1036.17;983.17
16837.72;13;81;3;1321.02;1012.71
16843.32;23;179;1;1042.96;705.47
16844.73;20;381;2;1328.04;991.38
16847.76;13;81;3;1331.07;1022.75
16853.36;23;179;1;1053.01;715.52
16853.41;12;357;0;1000.06;700.92
16854.78;20;381;2;1338.08;1001.43
16857.81;13;81;3;1341.11;1032.8
16863.41;23;179;1;1063.05;725.56
16863.63;12;357;0;1010.28;711.14
16864.82;20;381;2;1348.13;1011.47
16867.85;13;81;3;1351.16;1042.84
16873.45;23;179;1;1048.44;735.61
16873.66;12;357;0;1020.31;721.18
16874.87;20;381;2;1358.17;1021.52
16877.9;13;81;3;1361.2;1052.89
16883.49;23;179;1;1058.48;745.65
16883.66;12;357;0;1030.31;731.18
16884.9;20;381;2;1368.21;1031.55
16887.94;13;81;3;1371.25;1062.93
16893.54;23;179;1;1068.53;755.7
16893.71;12;357;0;1040.36;741.22
16894.94;20;381;2;1378.25;1041.6
16897.99;13;81;3;1381.29;1072.97
16903.56;23;179;1;1078.55;765.72
16903.74;12;357;0;1050.39;751.25
16904.99;20;381;2;1388.29;1051.64
16908.03;13;81;3;1391.34;1083.02
16913.61;23;179;1;1088.6;775.76
16913.78;12;357;0;1060.44;761.3
16915.03;20;381;2;1398.34;1061.68
16918.03;13;81;3;1401.34;1093.02
16923.64;23;179;1;1098.63;785.8
16923.83;12;357;0;1070.48;771.34
16925.08;20;381;2;1408.38;1071.73
16928.08;13;81;3;1411.38;1103.07
16933.69;23;179;1;1108.68;795.84
16933.87;12;357;0;1080.53;781.39
16935.12;20;381;2;1418.43;1081.77
16938.12;13;81;3;1421.43;1113.11
16943.7;23;179;1;1118.69;805.86
16943.91;12;357;0;1090.56;791.43
16945.12;20;381;2;1428.43;1091.78
16953.75;23;179;1;1128.74;815.9
16953.96;12;357;0;1100.61;801.47
16954.44;3;43;3;1101.09;801.95
16955.17;20;381;2;1438.47;1101.82
16963.79;23;179;1;1138.78;825.95
16964;12;357;0;1110.65;811.51
16964.62;3;43;3;1111.28;812.14
16965.21;20;381;2;1448.52;1111.86
16973.83;23;179;1;1148.82;835.99
16974.04;12;357;0;1120.69;821.55
16974.67;3;43;3;1121.32;822.18
16975.26;20;381;2;1458.56;1121.91
16983.88;23;179;1;1158.87;846.04
16984.08;12;357;0;1130.74;831.6
16984.71;3;43;3;1131.37;832.23
16985.3;20;381;2;1468.61;1131.95
16993.92;23;179;1;1168.91;856.07
16994.13;12;357;0;1140.78;841.64
16994.76;3;43;3;1141.41;842.27
16995.33;20;381;2;1478.64;1141.99
17003.96;23;179;1;1178.95;866.12
17004.14;12;357;0;1150.79;851.65
17004.78;3;43;3;1151.43;852.29
17005.36;20;381;2;1488.67;1152.02
17014.01;23;179;1;1189;876.16
17014.18;12;357;0;1160.84;861.7
17014.82;3;43;3;1161.47;862.34
17022.35;31;390;2;884.51;852.06
17024.05;23;179;1;1199.04;886.21
17024.21;12;357;0;1170.86;871.72
17024.87;3;43;3;1171.52;872.38
17032.4;31;390;2;894.56;862.1
17034.08;23;179;1;1209.07;896.24
17034.25;12;357;0;1180.9;881.77
17034.91;3;43;3;1181.56;882.42
17042.44;31;390;2;904.6;872.15
17044.3;12;357;0;1190.95;891.81
17044.95;3;43;3;1191.61;892.47
17050;22;541;1;897.51;573.97
17052.49;31;390;2;914.64;882.19
17054.34;12;357;0;1200.99;901.85
17055;3;43;3;1201.65;902.51
17060;22;541;1;907.51;583.98
17062.53;31;390;2;924.68;892.23
17064.38;12;357;0;1211.04;911.9
17065.04;3;43;3;1240.03;912.56
17070.04;22;541;1;917.56;594.02
17072.53;31;390;2;934.69;902.24
17074.43;12;357;0;1221.08;921.94
17075.05;3;43;3;1250.04;922.57
17080.09;22;541;1;927.6;604.06
17082.53;31;390;2;944.69;912.24
17084.47;12;357;0;1231.13;931.99
17085.1;3;43;3;1260.09;932.61
17090.13;22;541;1;937.65;614.11
17092.58;31;390;2;954.73;922.28
17094.52;12;357;0;1241.17;942.03
17095.14;3;43;3;1241.8;942.66
17100.17;22;541;1;947.69;624.15
17102.62;31;390;2;964.78;932.33
17104.55;12;357;0;1251.2;952.06
17105.19;3;43;3;1251.84;952.7
17110.22;22;541;1;957.73;634.19
17112.63;31;390;2;974.78;942.33
17114.59;12;357;0;1261.25;962.11
17115.2;3;43;3;1261.86;962.72
17120.26;22;541;1;967.78;644.24
17122.67;31;390;2;984.83;952.38
17124.63;12;357;0;1271.28;972.15
17125.21;3;43;3;1271.86;972.73
17130.31;22;541;1;977.82;654.28
17132.72;31;390;2;1279.37;962.42
17134.64;12;357;0;1281.29;982.15
17135.26;3;43;3;1281.91;982.77
17140.35;22;541;1;987.87;664.33
17142.74;31;390;2;1289.4;972.45
17144.68;12;357;0;1291.34;992.2
17145.26;3;43;3;1291.92;992.78
17150.4;22;541;1;997.91;674.37
17152.77;31;390;2;1299.42;982.48
17154.73;12;357;0;1301.38;1002.24
17155.31;3;43;3;1301.96;1002.82
17160.44;22;541;1;1007.95;684.42
17162.82;31;390;2;1309.47;992.52
17165.35;3;43;3;1312;1012.87
17170.45;22;541;1;1017.96;694.42
17170.67;17;232;0;1000.37;680.21
17172.86;31;390;2;1035.02;1002.57
17175.4;3;43;3;1322.05;1022.91
17180.49;22;541;1;1028;704.46
17180.71;17;232;0;1010.42;690.25
17182.9;31;390;2;1045.06;1012.61
17185.44;3;43;3;1332.09;1032.96
17190.49;22;541;1;1038.01;714.47
17190.75;17;232;0;1020.46;700.3
17192.95;31;390;2;1055.11;1022.65
17195.47;3;43;3;1342.13;1042.99
17200.51;22;541;1;1048.03;724.49
17200.79;17;232;0;1030.49;710.33
17202.99;31;390;2;1065.15;1032.7
17205.52;3;43;3;1352.17;1053.03
17210.56;22;541;1;1058.07;734.53
17210.83;17;232;0;1040.54;720.38
17213.02;31;390;2;1075.18;1042.72
17215.53;3;43;3;1362.18;1063.05
17220.58;22;541;1;1068.09;744.55
17220.88;17;232;0;1050.58;730.42
17223.03;31;390;2;1085.18;1052.73
17225.58;3;43;3;1372.23;1073.09
17230.61;22;541;1;1078.12;754.58
17230.92;17;232;0;1060.63;740.47
17233.07;31;390;2;1095.23;1062.78
17235.62;3;43;3;1382.27;1083.14
17240.65;22;541;1;1088.17;764.63
17240.97;17;232;0;1070.67;750.51
17243.11;31;390;2;1105.27;1072.82
17245.67;3;43;3;1392.32;1093.18
17250.7;22;541;1;1098.21;774.67
17251.01;17;232;0;1080.72;760.55
17253.16;31;390;2;1115.32;1082.86
17255.71;3;43;3;1402.36;1103.22
17260.74;22;541;1;1108.25;784.72
17261.05;17;232;0;1090.76;770.6
17263.2;31;390;2;1125.36;1092.91
17265.75;3;43;3;1412.41;1113.27
17270.78;22;541;1;1118.3;794.76
17271.1;17;232;0;1100.8;780.64
17273.25;31;390;2;1135.4;1102.95
17280.8;22;541;1;1128.31;804.77
17281.14;17;232;0;1128.66;790.69
17283.29;31;390;2;1145.45;1113
17290.84;22;541;1;1138.36;814.82
17291.19;17;232;0;1138.7;800.73
17292.07;6;330;3;1139.59;801.62
17293.32;31;390;2;1155.47;1123.02
17300.89;22;541;1;1148.4;824.86
17301.23;17;232;0;1148.74;810.77
17302.12;6;330;3;1149.63;811.66
17303.32;31;390;2;1165.48;1133.03
17310.93;22;541;1;1158.44;834.91
17311.27;17;232;0;1140.98;820.82
17312.16;6;330;3;1159.68;821.71
17313.37;31;390;2;1175.52;1143.07
17320.97;22;541;1;1168.49;844.95
17321.32;17;232;0;1151.02;830.86
17322.21;6;330;3;1169.72;831.75
17323.41;31;390;2;1185.57;1153.12
17331.02;22;541;1;1178.53;854.99
17331.34;17;232;0;1161.04;840.88
17332.25;6;330;3;1179.76;841.79
17339.18;15;426;2;863.16;848.73
17341.06;22;541;1;1188.58;865.04
17341.34;17;232;0;1171.05;850.89
17342.29;6;330;3;1189.8;851.83
17349.26;15;426;2;873.24;858.81
17351.11;22;541;1;1198.62;875.08
17351.39;17;232;0;1181.09;860.93
17352.33;6;330;3;1199.85;861.88
17359.31;15;426;2;883.28;868.85
17361.13;22;541;1;1208.64;885.11
17361.43;17;232;0;1191.14;870.98
17362.38;6;330;3;1209.89;871.92
17369.35;15;426;2;893.33;878.89
17371.17;22;541;1;1218.69;895.15
17371.48;17;232;0;1201.18;881.02
17372.42;6;330;3;1219.94;881.97
17379.39;15;426;2;903.37;888.94
17381.48;17;232;0;1211.18;891.02
17382.47;6;330;3;1229.98;892.01
17387.59;23;337;1;897.13;584.38
17389.42;15;426;2;913.4;898.97
17391.52;17;232;0;1221.23;901.07
17392.51;6;330;3;1240.02;902.05
17397.62;23;337;1;907.17;594.42
17399.47;15;426;2;923.45;909.01
17401.56;17;232;0;1231.27;911.11
17402.52;6;330;3;1264.67;912.06
17407.67;23;337;1;917.21;604.46
17409.51;15;426;2;933.49;919.06
17411.6;17;232;0;1241.31;921.15
17412.56;6;330;3;1274.72;922.11
17417.71;23;337;1;927.25;614.51
17419.56;15;426;2;943.53;929.1
17421.65;17;232;0;1251.35;931.19
17422.58;6;330;3;1284.74;932.12
17427.75;23;337;1;937.3;624.55
17429.6;15;426;2;953.58;939.15
17431.69;17;232;0;1261.4;941.24
17432.62;6;330;3;1294.78;942.17
17437.8;23;337;1;947.34;634.6
17439.65;15;426;2;963.62;949.19
17441.73;17;232;0;1271.44;951.28
17442.67;6;330;3;1304.83;952.21
17447.84;23;337;1;957.39;644.64
17449.68;15;426;2;1279.38;959.22
17451.78;17;232;0;1281.48;961.32
17452.71;6;330;3;1314.87;962.26
17457.85;23;337;1;967.39;654.65
17459.72;15;426;2;1289.43;969.27
17461.82;17;232;0;1291.53;971.37
17462.76;6;330;3;1310.27;972.3
17467.89;23;337;1;977.44;664.69
17469.77;15;426;2;993.74;979.31
17471.87;17;232;0;1301.57;981.41
17472.8;6;330;3;1320.32;982.35
17477.94;23;337;1;987.48;674.73
17479.79;15;426;2;1003.77;989.34
17481.88;17;232;0;1311.59;991.43
17482.84;6;330;3;1330.35;992.38
17487.98;23;337;1;997.53;684.78
17489.84;15;426;2;1013.81;999.38
17492.84;6;330;3;1340.35;1002.38
17498.03;23;337;1;1022;694.82
17499.88;15;426;2;1023.86;1009.42
17500.54;18;485;0;697.34;685.83
17502.88;6;330;3;1350.39;1012.42
17508.07;23;337;1;1032.05;704.87
17509.89;15;426;2;1033.86;1019.43
17510.55;18;485;0;707.35;695.84
17512.92;6;330;3;1360.44;1022.47
17518.12;23;337;1;1042.09;714.91
17519.9;15;426;2;1043.87;1029.44
17520.59;18;485;0;717.39;705.89
17522.97;6;330;3;1370.48;1032.51
17528.16;23;337;1;1052.13;724.95
17529.94;15;426;2;1053.92;1039.49
17530.64;18;485;0;727.44;715.93
17532.99;6;330;3;1380.5;1042.53
17538.2;23;337;1;1047.75;735
17539.99;15;426;2;1063.96;1049.53
17540.66;18;485;0;737.46;725.96
17543.03;6;330;3;1390.54;1052.58
17548.25;23;337;1;1057.79;745.04
17550.03;15;426;2;1074.01;1059.58
17550.71;18;485;0;747.5;736
17553.07;6;330;3;1400.59;1062.62
17558.29;23;337;1;1067.84;755.09
17560.04;15;426;2;1084.02;1069.59
17560.73;18;485;0;757.52;746.02
17563.08;6;330;3;1410.59;1072.62
17568.34;23;337;1;1077.88;765.13
17570.09;15;426;2;1094.07;1079.63
17570.77;18;485;0;767.57;756.06
17573.12;6;330;3;1420.64;1082.67
17578.38;23;337;1;1087.92;775.18
17580.09;15;426;2;1104.07;1089.64
17580.82;18;485;0;777.61;766.11
17583.17;6;330;3;1430.68;1092.71
17588.38;23;337;1;1097.93;785.18
17590.14;15;426;2;1114.12;1099.68
17590.83;18;485;0;787.63;776.12
17593.2;6;330;3;1440.71;1102.74
17598.43;23;337;1;1107.97;795.22
17600.18;15;426;2;1124.16;1109.73
17600.88;18;485;0;797.67;786.17
17603.23;6;330;3;1450.74;1112.77
17608.47;23;337;1;1118.01;805.26
17610.23;15;426;2;1134.2;1119.77
17610.92;18;485;0;1120.47;796.21
17613.27;6;330;3;1460.79;1122.82
17618.5;23;337;1;1128.04;815.29
17620.26;15;426;2;1144.23;1129.8
17620.96;18;485;0;1130.51;806.26
17628.54;23;337;1;1138.09;825.34
17629.12;13;472;3;1138.66;814.41
17630.29;15;426;2;1154.27;1139.83
17631.01;18;485;0;1140.55;816.3
17638.59;23;337;1;1148.13;835.38
17639.37;13;472;3;1148.91;824.66
17640.33;15;426;2;1164.31;1149.88
17641.05;18;485;0;1150.6;826.35
17648.63;23;337;1;1158.18;845.43
17649.41;13;472;3;1158.96;834.71
17651.1;18;485;0;1160.64;836.39
17656.33;20;300;2;1165.87;841.62
17658.68;23;337;1;1168.22;855.47
17659.44;13;472;3;1168.99;844.74
17661.14;18;485;0;857.94;846.44
17666.53;20;300;2;1176.07;851.82
17668.68;23;337;1;1178.23;865.48
17669.49;13;472;3;1179.03;854.78
17671.17;18;485;0;867.96;856.46
17676.57;20;300;2;1186.12;861.86
17678.73;23;337;1;1188.27;875.52
17679.53;13;472;3;1189.08;864.83
17681.21;18;485;0;878.01;866.5
17686.57;20;300;2;1196.12;871.87
17688.77;23;337;1;1198.32;885.57
17689.58;13;472;3;1199.12;874.87
17691.25;18;485;0;888.05;876.55
17696.62;20;300;2;1206.16;881.91
17698.82;23;337;1;1208.36;895.61
17699.62;13;472;3;1209.17;884.92
17701.3;18;485;0;898.09;886.59
17706.66;20;300;2;1216.21;891.95
17709.67;13;472;3;1219.21;894.96
17711.33;18;485;0;908.12;896.62
17715.2;22;489;1;900.5;564.76
17716.71;20;300;2;1226.25;902
17719.71;13;472;3;1229.26;905
17721.37;18;485;0;918.17;906.66
17725.41;22;489;1;910.7;574.97
17726.75;20;300;2;1236.3;912.04
17729.76;13;472;3;1239.3;915.05
17731.42;18;485;0;928.21;916.71
17735.45;22;489;1;920.75;585.01
17736.8;20;300;2;1246.34;922.09
17739.8;13;472;3;1249.35;925.09
17741.46;18;485;0;938.26;926.75
17745.5;22;489;1;930.79;595.06
17746.84;20;300;2;1256.38;932.13
17749.81;13;472;3;1259.35;935.1
17751.5;18;485;0;948.3;936.8
17755.54;22;489;1;940.84;605.1
17756.86;20;300;2;1266.41;942.15
17759.85;13;472;3;1269.4;945.14
17761.55;18;485;0;958.35;946.84
17765.59;22;489;1;950.88;615.15
17766.91;20;300;2;1276.45;952.2
17769.85;13;472;3;1279.4;955.14
17771.59;18;485;0;968.39;956.89
17775.63;22;489;1;960.92;625.19
17776.95;20;300;2;1286.49;962.24
17779.9;13;472;3;1289.44;965.19
17781.62;18;485;0;978.42;966.91
17785.68;22;489;1;970.97;635.24
17786.99;20;300;2;1296.54;972.29
17789.94;13;472;3;1299.48;975.23
17791.67;18;485;0;988.46;976.96
17795.72;22;489;1;981.01;645.28
17797.01;20;300;2;1306.55;982.3
17799.98;13;472;3;1309.53;985.28
17801.71;18;485;0;998.51;987
17805.76;22;489;1;991.05;655.32
17807.05;20;300;2;1316.6;992.34
17810.03;13;472;3;1319.57;995.32
17815.8;22;489;1;1001.09;665.36
17817.09;20;300;2;1326.63;1002.38
17818.54;12;218;0;1003.83;668.1
17820.07;13;472;3;1329.62;1005.37
17825.85;22;489;1;1022.64;675.41
17827.13;20;300;2;1336.68;1012.43
17828.6;12;218;0;1013.89;678.16
17830.1;13;472;3;1339.64;1015.39
17835.89;22;489;1;1032.69;685.45
17837.18;20;300;2;1346.72;1022.47
17838.64;12;218;0;1023.94;688.21
17840.14;13;472;3;1349.68;1025.43
17845.93;22;489;1;1042.73;695.5
17847.18;20;300;2;1356.73;1032.47
17848.69;12;218;0;1033.98;698.25
17850.16;13;472;3;1359.71;1035.46
17855.98;22;489;1;1052.78;705.54
17857.19;20;300;2;1366.73;1042.48
17858.73;12;218;0;1044.03;708.29
17860.21;13;472;3;1369.75;1045.5
17866.02;22;489;1;1062.82;715.58
17867.23;20;300;2;1376.77;1052.52
17868.75;12;218;0;1054.04;718.31
17870.25;13;472;3;1379.8;1055.55
17876.07;22;489;1;1072.86;725.63
17877.26;20;300;2;1386.8;1062.55
17878.75;12;218;0;1064.04;728.31
17880.3;13;472;3;1389.84;1065.59
17886.11;22;489;1;1071.41;735.67
17887.3;20;300;2;1396.85;1072.6
17888.79;12;218;0;1074.09;738.35
17890.34;13;472;3;1399.89;1075.63
17896.16;22;489;1;1081.45;745.72
17897.33;20;300;2;1406.87;1082.62
17898.84;12;218;0;1084.13;748.4
17900.37;13;472;3;1409.92;1085.67
17906.2;22;489;1;1091.49;755.76
17907.37;20;300;2;1416.92;1092.67
17908.86;12;218;0;1094.16;758.42
17910.41;13;472;3;1419.96;1095.71
17916.23;22;489;1;1101.53;765.79
17917.42;20;300;2;1426.96;1102.71
17918.91;12;218;0;1104.2;768.47
17920.42;13;472;3;1429.96;1105.71
17926.28;22;489;1;1111.57;775.84
17927.43;20;300;2;1436.97;1112.72
17928.94;12;218;0;1114.24;778.5
17930.46;13;472;3;1440.01;1115.75
17936.32;22;489;1;1121.62;785.88
17937.47;20;300;2;1447.02;1122.76
17938.99;12;218;0;1124.28;788.55
17946.35;22;489;1;1131.65;795.91
17947.38;3;497;3;1132.67;796.94
17947.51;20;300;2;1457.05;1132.8
17949.03;12;218;0;1134.32;798.59
17956.37;22;489;1;1141.67;805.93
17957.38;3;497;3;1142.67;806.94
17957.55;20;300;2;1467.1;1142.85
17959.07;12;218;0;1144.37;808.63
17966.42;22;489;1;1151.71;815.98
17967.42;3;497;3;1152.72;816.98
17967.6;20;300;2;1477.14;1152.89
17969.12;12;218;0;1154.41;818.68
17976.46;22;489;1;1161.75;826.02
17977.47;3;497;3;1162.76;827.03
17979.16;12;218;0;1164.45;828.72
17983.47;31;54;2;833.03;832.9
17986.49;22;489;1;1171.78;836.05
17987.51;3;497;3;1172.81;837.07
17989.17;12;218;0;1174.46;838.73
17993.52;31;54;2;843.08;842.94
17996.53;22;489;1;1181.82;846.09
17997.56;3;497;3;1182.85;847.12
17999.21;12;218;0;1184.51;848.77
18003.55;31;54;2;853.12;852.98
18006.57;22;489;1;1191.87;856.14
18007.6;3;497;3;1192.89;857.16
18009.26;12;218;0;1194.55;858.82
18013.6;31;54;2;863.16;863.02
18016.58;22;489;1;1201.87;866.14
18017.63;3;497;3;1202.92;867.19
18019.3;12;218;0;1204.59;868.86
18023.64;31;54;2;873.2;873.07
18026.59;22;489;1;1211.89;876.15
18027.65;3;497;3;1212.94;877.21
18029.34;12;218;0;1214.63;878.9
18033.69;31;54;2;883.25;883.11
18036.6;22;489;1;1221.9;886.16
18037.68;3;497;3;1222.98;887.24
18039.38;12;218;0;1224.68;888.94
18043.73;31;54;2;893.29;893.16
18046.64;22;489;1;1231.93;896.2
18047.68;3;497;3;1232.98;897.24
18049.43;12;218;0;1234.72;898.99
18053.78;31;54;2;903.34;903.2
18057.73;3;497;3;1243.02;907.29
18059.47;12;218;0;1244.77;909.03
18062.1;23;308;1;612.37;584.11
18063.8;31;54;2;913.36;913.22
18067.77;3;497;3;1253.07;917.33
18069.52;12;218;0;1254.81;919.08
18072.35;23;308;1;622.62;594.36
18073.84;31;54;2;923.4;923.27
18077.8;3;497;3;1263.09;927.36
18079.52;12;218;0;1264.82;929.09
18082.39;23;308;1;632.67;604.41
18083.88;31;54;2;933.44;933.3
18087.84;3;497;3;1273.14;937.4
18089.57;12;218;0;1274.86;939.13
18092.43;23;308;1;642.71;614.45
18093.91;31;54;2;943.47;943.34
18097.89;3;497;3;1283.18;947.45
18099.57;12;218;0;1284.86;949.13
18102.48;23;308;1;652.76;624.5
18103.93;31;54;2;953.49;953.35
18107.89;3;497;3;1293.18;957.45
18109.61;12;218;0;1294.91;959.18
18112.52;23;308;1;662.8;634.54
18113.93;31;54;2;963.49;963.36
18117.89;3;497;3;1303.19;967.45
18119.66;12;218;0;1304.95;969.22
18122.57;23;308;1;672.85;644.59
18123.97;31;54;2;973.53;973.39
18127.92;3;497;3;1313.21;977.48
18129.67;12;218;0;1314.97;979.23
18132.61;23;308;1;682.89;654.63
18134;31;54;2;983.56;983.42
18137.97;3;497;3;1323.26;987.53
18142.66;23;308;1;692.93;664.67
18144.04;31;54;2;993.6;993.47
18145.83;17;535;0;995.4;694.01
18148.01;3;497;3;1333.3;997.57
18152.66;23;308;1;702.94;674.68
18154.09;31;54;2;1003.65;1003.51
18156.16;17;535;0;1005.72;704.34
18158.05;3;497;3;1343.35;1007.62
18162.71;23;308;1;712.99;684.73
18164.11;31;54;2;1013.67;1013.53
18166.17;17;535;0;1015.73;714.35
18168.1;3;497;3;1353.39;1017.66
18172.75;23;308;1;1022.18;694.77
18174.15;31;54;2;1023.71;1023.57
18176.21;17;535;0;1025.77;724.39
18178.14;3;497;3;1363.43;1027.7
18182.8;23;308;1;1032.22;704.81
18184.19;31;54;2;1033.76;1033.62
18186.22;17;535;0;1035.78;734.4
18188.18;3;497;3;1373.47;1037.74
18192.84;23;308;1;1042.27;714.86
18194.24;31;54;2;1043.8;1043.66
18196.27;17;535;0;1045.83;744.44
18198.23;3;497;3;1383.52;1047.79
18202.89;23;308;1;1052.31;724.9
18204.28;31;54;2;1053.84;1053.71
18206.31;17;535;0;1055.87;754.49
18208.27;3;497;3;1393.56;1057.83
18212.93;23;308;1;1062.35;734.95
18214.33;31;54;2;1063.89;1063.75
18216.36;17;535;0;1065.92;764.53
18218.31;3;497;3;1403.6;1067.87
18222.96;23;308;1;1072.39;744.98
18224.37;31;54;2;1073.93;1073.8
18226.37;17;535;0;1075.93;774.55
18228.31;3;497;3;1413.6;1077.87
18232.97;23;308;1;1082.4;754.99
18234.42;31;54;2;1083.98;1083.84
18236.42;17;535;0;1085.98;784.59
18238.33;3;497;3;1423.62;1087.89
18243;23;308;1;793.28;765.02
18244.43;31;54;2;1093.99;1093.85
18246.45;17;535;0;1096.01;794.63
18248.37;3;497;3;1433.67;1097.93
18253;23;308;1;803.28;775.02
18254.47;31;54;2;1104.03;1103.9
18256.46;17;535;0;1441.75;804.63
18263.05;23;308;1;813.32;785.06
18264.52;31;54;2;1114.08;1113.94
18264.52;6;353;3;3689.89;3391.47
18266.5;17;535;0;1451.79;814.68
18273.09;23;308;1;823.37;795.11
18274.54;31;54;2;1124.1;1123.97
18274.54;6;353;3;3699.92;3401.5
18276.54;17;535;0;1461.84;824.72
18283.14;23;308;1;833.41;805.15
18284.59;6;353;3;3709.96;3411.54
18286.59;17;535;0;1136.15;834.77
18290.14;15;200;2;1139.7;840.41
18293.18;23;308;1;843.46;815.2
18294.63;6;353;3;3720.01;3421.59
18296.61;17;535;0;1146.17;844.78
18300.22;15;200;2;1149.78;850.5
18303.19;23;308;1;853.47;825.21
18304.68;6;353;3;3730.05;3431.63
18306.62;17;535;0;1156.18;854.79
18310.26;15;200;2;1159.82;860.54
18313.24;23;308;1;863.52;835.26
18314.7;6;353;3;3740.07;3441.65
18316.66;17;535;0;1166.22;864.84
18320.27;15;200;2;1169.83;870.54
18323.28;23;308;1;873.56;845.3
18324.74;6;353;3;3750.12;3451.7
18326.67;17;535;0;1176.23;874.84
18330.31;15;200;2;1179.87;880.59
18333.29;23;308;1;883.56;855.3
18334.79;6;353;3;3760.16;3461.74
18336.7;17;535;0;1186.26;884.87
18340.35;15;200;2;1189.91;890.63
18343.33;23;308;1;893.61;865.35
18344.83;6;353;3;3770.21;3471.79
18346.74;17;535;0;1196.3;894.92
18350.4;15;200;2;1199.96;900.68
18353.34;23;308;1;903.62;875.36
18354.88;6;353;3;3780.25;3481.83
18356.78;17;535;0;1206.34;904.96
18360.42;15;200;2;1209.98;910.7
18363.39;23;308;1;913.67;885.41
18364.92;6;353;3;3790.3;3491.87
18366.83;17;535;0;1216.39;915.01
18370.46;15;200;2;1220.02;920.74
18373.43;23;308;1;923.71;895.45
18374.97;6;353;3;3800.34;3501.92
18376.85;17;535;0;1226.41;925.02
18380.48;15;200;2;1230.04;930.76
18384.97;6;353;3;3810.34;3511.92
18386.89;17;535;0;1236.45;935.07
18390.48;15;200;2;1240.04;940.76
18390.57;22;133;1;5115.99;4872.27
18395;6;353;3;3820.38;3521.95
18396.93;17;535;0;1246.5;945.11
18400.53;15;200;2;1250.09;950.8
18400.61;22;133;1;5126.03;4882.32
18405.03;6;353;3;3830.4;3531.98
18406.98;17;535;0;1256.54;955.16
18410.57;15;200;2;1260.13;960.85
18410.66;22;133;1;5136.08;4892.36
18415.07;6;353;3;3840.44;3542.02
18417.02;17;535;0;1266.58;965.2
18420.59;15;200;2;1270.16;970.87
18420.7;22;133;1;5146.12;4902.41
18425.11;6;353;3;3850.49;3552.07
18427.07;17;535;0;1276.63;975.24
18430.62;15;200;2;1280.18;980.9
18430.75;22;133;1;5156.16;4912.45
18435.16;6;353;3;3860.53;3562.11
18437.08;17;535;0;1286.64;985.25
18440.67;15;200;2;1290.23;990.94
18440.79;22;133;1;5166.21;4922.5
18445.2;6;353;3;3870.58;3572.16
18447.12;17;535;0;1296.68;995.3
18450.71;15;200;2;1300.27;1000.99
18450.8;22;133;1;5176.22;4932.5
18455.21;6;353;3;3880.58;3582.16
18460.76;15;200;2;1310.32;1011.03
18460.84;22;133;1;5186.26;4942.55
18463.01;18;394;0;1011.18;693.11
18465.25;6;353;3;3890.63;3592.21
18470.8;15;200;2;1320.36;1021.08
18470.89;22;133;1;5196.3;4952.59
18473.13;18;394;0;1021.3;703.23
18475.3;6;353;3;3900.67;3602.25
18480.83;15;200;2;1330.39;1031.11
18480.93;22;133;1;5206.35;4962.63
18483.17;18;394;0;1031.35;713.27
18485.34;6;353;3;3910.72;3612.3
18490.85;15;200;2;1340.41;1041.12
18490.98;22;133;1;5216.39;4972.68
18493.21;18;394;0;1041.39;723.32
18495.39;6;353;3;3920.76;3622.34
18500.89;15;200;2;1350.45;1051.17
18501.02;22;133;1;5226.44;4982.72
18503.26;18;394;0;1051.44;733.36
18505.39;6;353;3;3930.76;3632.34
18510.93;15;200;2;1360.49;1061.21
18511.02;22;133;1;5236.44;4992.73
18513.3;18;394;0;1061.48;743.41
18515.43;6;353;3;3940.81;3642.39
18520.98;15;200;2;1370.54;1071.26
18521.07;22;133;1;5246.48;5002.77
18523.32;18;394;0;1071.49;753.42
18525.45;6;353;3;3950.82;3652.4
18531.01;15;200;2;1380.57;1081.29
18531.11;22;133;1;5256.53;5012.81
18533.36;18;394;0;1081.53;763.46
18535.49;6;353;3;3960.87;3662.45
18541.06;15;200;2;1390.62;1091.34
18541.15;22;133;1;5266.56;5022.85
18543.4;18;394;0;1091.58;773.5
18545.5;6;353;3;3970.88;3672.46
18551.1;15;200;2;1400.66;1101.38
18551.19;22;133;1;5276.61;5032.89
18553.44;18;394;0;1101.62;783.55
18555.55;6;353;3;3980.92;3682.5
18561.15;15;200;2;1410.71;1111.42
18561.24;22;133;1;5286.65;5042.94
18563.49;18;394;0;1111.67;793.59
18571.19;15;200;2;1420.75;1121.47
18571.28;22;133;1;5296.7;5052.98
18572.18;13;436;3;1120.36;802.28
18573.53;18;394;0;1121.71;803.64
18581.24;15;200;2;1430.8;1131.51
18581.32;22;133;1;5306.74;5063.03
18582.36;13;436;3;1130.53;812.46
18583.55;18;394;0;1131.73;813.65
18591.28;15;200;2;1440.84;1141.56
18591.37;22;133;1;5316.79;5073.07
18592.38;13;436;3;1140.55;822.48
18593.59;18;394;0;1141.77;823.7
18601.32;15;200;2;1450.89;1151.6
18601.41;22;133;1;5326.83;5083.12
18602.42;13;436;3;1150.6;832.53
18603.64;18;394;0;1151.81;833.74
18611.46;22;133;1;5336.87;5093.16
18612.47;13;436;3;1160.64;842.57
18613.66;18;394;0;1161.84;843.77
18616.79;20;452;2;8131.69;7931.24
18621.5;22;133;1;5346.92;5103.21
18622.49;13;436;3;1170.67;852.6
18623.71;18;394;0;1171.88;853.81
18627.06;20;452;2;8141.96;7941.51
18631.55;22;133;1;5356.96;5113.25
18632.54;13;436;3;1180.71;862.64
18633.75;18;394;0;1181.93;863.86
18637.1;20;452;2;8152.01;7951.55
18641.59;22;133;1;5367.01;5123.29
18642.58;13;436;3;1190.76;872.69
18643.8;18;394;0;1191.97;873.9
18647.15;20;452;2;8162.05;7961.6
18651.63;22;133;1;5377.04;5133.33
18652.63;13;436;3;1200.8;882.73
18653.8;18;394;0;1201.98;883.91
18657.19;20;452;2;8172.1;7971.64
18661.63;22;133;1;5387.05;5143.34
18662.64;13;436;3;1210.82;892.75
18663.85;18;394;0;1212.02;893.95
18667.24;20;452;2;8182.14;7981.69
18671.64;22;133;1;5397.05;5153.34
18672.69;13;436;3;1220.86;902.79
18673.86;18;394;0;1222.03;903.96
18677.25;20;452;2;8192.15;7991.7
18681.68;22;133;1;5407.09;5163.38
18682.73;13;436;3;1233.01;912.83
18683.9;18;394;0;1232.08;914.01
18687.29;20;452;2;8202.2;8001.74
18691.72;22;133;1;5417.14;5173.42
18692.77;13;436;3;1243.05;922.88
18693.95;18;394;0;1242.12;924.05
18697.34;20;452;2;8212.24;8011.79
18702.82;13;436;3;1253.1;932.92
18703.99;18;394;0;1252.17;934.1
18707.38;20;452;2;8222.29;8021.83
18707.43;23;283;1;937.53;921.71
18712.86;13;436;3;1263.14;942.97
18714.04;18;394;0;1262.21;944.14
18717.39;20;452;2;8232.29;8031.84
18717.61;23;283;1;947.71;931.89
18722.91;13;436;3;1273.19;953.01
18724.07;18;394;0;1272.24;954.17
18727.42;20;452;2;8349.64;8041.86
18727.65;23;283;1;957.76;941.93
18732.95;13;436;3;1283.23;963.06
18734.11;18;394;0;1282.29;964.22
18737.46;20;452;2;8359.69;8051.91
18737.67;23;283;1;967.78;951.95
18743;13;436;3;1293.27;973.1
18744.16;18;394;0;1292.33;974.26
18747.5;20;452;2;8369.73;8061.95
18747.72;23;283;1;977.82;962
18753.04;13;436;3;1301.22;983.15
18754.2;18;394;0;1302.38;984.3
18757.55;20;452;2;8379.78;8072
18757.76;23;283;1;987.87;972.04
18763.04;13;436;3;1311.22;993.15
18767.59;20;452;2;8389.82;8082.04
18767.81;23;283;1;997.91;982.09
18771.35;12;483;0;1001.46;691.78
18773.05;13;436;3;1321.23;1003.15
18777.64;20;452;2;8399.87;8092.09
18777.83;23;283;1;1007.93;992.11
18781.47;12;483;0;1011.57;701.9
18783.09;13;436;3;1331.27;1013.2
18787.68;20;452;2;8409.91;8102.13
18787.87;23;283;1;1017.98;1002.15
18791.51;12;483;0;1021.62;711.94
18793.14;13;436;3;1341.31;1023.24
18797.68;20;452;2;8312.59;8112.13
18797.92;23;283;1;1028.02;1012.2
18801.54;12;483;0;1031.65;721.97
18803.18;13;436;3;1351.36;1033.29
18807.73;20;452;2;8322.63;8122.18
18807.92;23;283;1;1038.02;1022.2
18811.56;12;483;0;1041.66;731.99
18813.23;13;436;3;1361.4;1043.33
18817.77;20;452;2;8332.68;8132.22
18817.96;23;283;1;1048.07;1032.24
18821.6;12;483;0;1051.7;742.03
18823.27;13;436;3;1371.45;1053.37
18827.82;20;452;2;8342.72;8142.27
18828.01;23;283;1;1058.11;1042.29
18831.63;12;483;0;1061.74;752.06
18833.27;13;436;3;1381.45;1063.38
18837.85;20;452;2;8352.75;8152.3
18838.03;23;283;1;1068.13;1052.31
18841.68;12;483;0;1071.78;762.11
18843.32;13;436;3;1391.49;1073.42
18847.89;20;452;2;8362.79;8162.34
18848.07;23;283;1;1078.17;1062.35
18851.72;12;483;0;1081.83;772.15
18853.35;13;436;3;1401.52;1083.45
18857.91;20;452;2;8372.82;8172.36
18858.11;23;283;1;1088.22;1072.39
18861.77;12;483;0;1091.87;782.2
18863.39;13;436;3;1411.57;1093.49
18867.95;20;452;2;8382.85;8182.4
18868.16;23;283;1;1098.26;1082.44
18871.81;12;483;0;1101.92;792.24
18873.43;13;436;3;1421.61;1103.54
18877.99;20;452;2;8392.9;8192.44
18878.2;23;283;1;1108.31;1092.48
18881.86;12;483;0;1111.96;802.29
18883.48;13;436;3;1431.66;1113.58
18888.04;20;452;2;8402.94;8202.49
18888.24;23;283;1;1118.35;1102.52
18891.9;12;483;0;1122.01;812.33
18898.08;20;452;2;8412.98;8212.53
18898.29;23;283;1;1128.39;1112.57
18899.83;3;321;3;1114.1;820.26
18901.95;12;483;0;1132.05;822.38
18908.13;20;452;2;8423.03;8222.58
18908.33;23;283;1;1138.43;1122.61
18909.86;3;321;3;1124.14;830.29
18911.99;12;483;0;1142.09;832.42
18918.34;23;283;1;1148.45;1132.62
18919.87;3;321;3;1134.15;840.3
18922.03;12;483;0;1152.14;842.46
18924.23;31;418;2;1446.25;1154.34
18928.39;23;283;1;1158.49;1142.67
18929.91;3;321;3;1144.19;850.34
18932.05;12;483;0;1162.16;852.48
18934.28;31;418;2;1456.29;1164.38
18938.43;23;283;1;1168.54;1152.71
18939.96;3;321;3;1154.24;860.39
18942.1;12;483;0;1172.2;862.53
18944.28;31;418;2;1466.3;1174.39
18948.48;23;283;1;1178.58;1162.76
18950;3;321;3;1164.28;870.43
18952.13;12;483;0;1182.24;872.56
18954.29;31;418;2;1476.31;1184.4
18958.52;23;283;1;1188.63;1172.8
18960.04;3;321;3;1174.32;880.48
18962.18;12;483;0;1192.28;882.61
18964.34;31;418;2;1486.35;1194.44
18968.57;23;283;1;1198.67;1182.85
18970.09;3;321;3;1184.37;890.52
18972.2;12;483;0;1202.31;892.63
18974.38;31;418;2;1496.4;1204.48
18978.61;23;283;1;1208.72;1192.89
18980.13;3;321;3;1194.41;900.56
18982.25;12;483;0;1212.35;902.68
18984.4;31;418;2;1506.41;1214.5
18988.66;23;283;1;1218.76;1202.94
18990.17;3;321;3;1204.45;910.6
18992.28;12;483;0;1222.38;912.71
18994.41;31;418;2;1516.43;1224.51
18998.7;23;283;1;1228.8;1212.98
19000.21;3;321;3;1214.49;920.65
19002.32;12;483;0;1232.42;922.75
19004.45;31;418;2;1526.47;1234.56
19010.25;3;321;3;1240.36;930.69
19012.36;12;483;0;1242.47;932.8
19014.47;31;418;2;1536.48;1244.57
19014.75;22;32;1;922.27;599.64
19020.28;3;321;3;1250.39;940.71
19022.41;12;483;0;1252.51;942.84
19024.51;31;418;2;1546.52;1254.61
19024.84;22;32;1;932.36;609.73
19030.33;3;321;3;1260.43;950.76
19032.41;12;483;0;1262.52;952.85
19034.55;31;418;2;1582.73;1264.66
19034.85;22;32;1;942.37;619.73
19040.37;3;321;3;1270.48;960.8
19042.46;12;483;0;1272.56;962.89
19044.57;31;418;2;1592.75;1274.67
19044.85;22;32;1;952.37;629.73
19050.42;3;321;3;1280.52;970.85
19052.5;12;483;0;1282.6;972.93
19054.62;31;418;2;1602.79;1284.72
19054.87;22;32;1;962.39;639.76
19060.46;3;321;3;1290.57;980.89
19062.54;12;483;0;1292.65;982.97
19064.66;31;418;2;1612.84;1294.76
19064.91;22;32;1;972.43;649.8
19070.51;3;321;3;1300.61;990.94
19072.59;12;483;0;1302.69;993.02
19074.7;31;418;2;1622.88;1304.81
19074.96;22;32;1;982.48;659.84
19080.52;3;321;3;1310.63;1000.95
19084.75;31;418;2;1632.92;1314.85
19085;22;32;1;992.52;669.89
19088.99;17;520;0;678.38;673.88
19090.57;3;321;3;1320.67;1011
19094.79;31;418;2;1616.81;1324.9
19095.04;22;32;1;1002.56;679.93
19099.41;17;520;0;688.79;684.29
19100.61;3;321;3;1314.89;1021.04
19104.84;31;418;2;1626.85;1334.94
19105.07;22;32;1;1012.59;689.96
19109.45;17;520;0;698.84;694.34
19110.61;3;321;3;1324.89;1031.05
19114.88;31;418;2;1636.9;1344.98
19115.12;22;32;1;1022.64;700
19119.46;17;520;0;708.85;704.35
19120.66;3;321;3;1334.94;1041.09
19124.89;31;418;2;1646.91;1354.99
19125.16;22;32;1;1045.59;710.05
19129.47;17;520;0;718.85;714.35
19130.66;3;321;3;1344.94;1051.1
19134.93;31;418;2;1656.95;1365.04
19135.21;22;32;1;1055.64;720.09
19139.51;17;520;0;728.9;724.4
19140.67;3;321;3;1354.95;1061.1
19144.96;31;418;2;1666.98;1375.06
19145.25;22;32;1;1065.68;730.14
19149.52;17;520;0;738.91;734.41
19150.72;3;321;3;1365;1071.15
19155;31;418;2;1677.02;1385.1
19155.27;22;32;1;1062.79;740.15
19159.56;17;520;0;748.94;744.45
19160.76;3;321;3;1375.04;1081.19
19165.04;31;418;2;1687.06;1395.15
19165.31;22;32;1;1072.83;750.2
19169.59;17;520;0;758.98;754.48
19170.8;3;321;3;1385.08;1091.24
19175.05;31;418;2;1697.06;1405.15
19175.36;22;32;1;1082.88;760.24
19179.64;17;520;0;769.02;764.52
19180.85;3;321;3;1395.13;1101.28
19185.09;31;418;2;1707.11;1415.2
19185.4;22;32;1;1092.92;770.29
19189.68;17;520;0;779.06;774.56
19190.89;3;321;3;1405.17;1111.32
19195.12;31;418;2;1717.14;1425.22
19195.44;22;32;1;1102.96;780.33
19199.72;17;520;0;1107.24;784.61
19205.16;31;418;2;1727.18;1435.27
19205.47;22;32;1;1112.99;790.36
19206.78;6;470;3;1127.21;791.66
19209.77;17;520;0;1117.29;794.65
19215.21;31;418;2;1737.23;1445.31
19215.51;22;32;1;1123.03;800.4
19216.87;6;470;3;1137.3;801.76
19219.81;17;520;0;809.2;804.7
19225.53;22;32;1;1133.05;810.42
19226.91;6;470;3;1147.35;811.8
19229.81;17;520;0;819.2;814.7
19231.78;15;261;2;1152.21;821.16
19235.58;22;32;1;1143.1;820.46
19236.96;6;470;3;1157.39;821.85
19239.85;17;520;0;829.24;824.74
19241.9;15;261;2;1162.33;831.28
19245.62;22;32;1;1153.14;830.51
19247;6;470;3;1167.43;831.89
19249.9;17;520;0;839.28;834.78
19251.94;15;261;2;1172.37;841.33
19255.67;22;32;1;1163.19;840.55
19257.05;6;470;3;1177.48;841.93
19259.94;17;520;0;849.33;844.83
19261.98;15;261;2;1182.42;851.37
19265.71;22;32;1;1173.23;850.6
19267.05;6;470;3;1187.48;851.94
19269.98;17;520;0;859.37;854.87
19272.03;15;261;2;1192.46;861.42
19275.72;22;32;1;1183.24;860.6
19277.1;6;470;3;1197.53;861.98
19280;17;520;0;869.39;864.89
19282.07;15;261;2;1202.5;871.46
19285.74;22;32;1;1193.26;870.62
19287.14;6;470;3;1207.57;872.03
19290.02;17;520;0;879.41;874.91
19292.12;15;261;2;1212.55;881.5
19295.77;22;32;1;1203.29;880.66
19297.18;6;470;3;1217.62;882.07
19300.04;17;520;0;889.43;884.93
19302.15;15;261;2;1222.58;891.54
19305.82;22;32;1;1213.34;890.7
19307.23;6;470;3;1227.66;892.12
19310.09;17;520;0;899.47;894.98
19312.2;15;261;2;1232.63;901.58
19315.83;22;32;1;1223.36;900.72
19317.27;6;470;3;1237.7;902.16
19320.09;17;520;0;909.48;904.98
19322.24;15;261;2;1242.67;911.63
19327.28;6;470;3;1247.71;912.17
19330.14;17;520;0;919.52;915.02
19332.28;15;261;2;1252.71;921.66
19337.3;6;470;3;1257.73;922.18
19340.18;17;520;0;929.57;925.07
19342.29;15;261;2;1278.45;931.68
19343.46;23;425;1;928.35;615.76
19347.34;6;470;3;1267.77;932.23
19350.23;17;520;0;939.61;935.11
19352.34;15;261;2;1288.5;941.72
19353.5;23;425;1;938.39;625.81
19357.38;6;470;3;1277.82;942.27
19360.27;17;520;0;949.66;945.16
19362.38;15;261;2;1298.54;951.77
19363.55;23;425;1;948.43;635.85
19367.43;6;470;3;1287.86;952.32
19370.29;17;520;0;959.68;955.18
19372.43;15;261;2;1308.59;961.81
19373.59;23;425;1;958.48;645.9
19377.47;6;470;3;1297.9;962.36
19380.34;17;520;0;969.72;965.22
19382.45;15;261;2;1318.6;971.83
19383.64;23;425;1;968.52;655.94
19387.52;6;470;3;1307.95;972.4
19390.36;17;520;0;979.75;975.25
19392.45;15;261;2;1328.61;981.84
19393.66;23;425;1;978.55;665.97
19397.54;6;470;3;1317.97;982.43
19402.49;15;261;2;1338.65;991.88
19403.71;23;425;1;988.59;676.01
19407.2;18;534;0;992.09;683.09
19407.58;6;470;3;1328.02;992.47
19412.54;15;261;2;1348.69;1001.92
19413.75;23;425;1;998.64;686.05
19417.25;18;534;0;1002.13;693.14
19417.63;6;470;3;1338.06;1002.52
19422.58;15;261;2;1358.74;1011.97
19423.79;23;425;1;1008.68;696.1
19427.29;18;534;0;1012.18;703.18
19427.67;6;470;3;1348.1;1012.56
19432.63;15;261;2;1353.06;1022.01
19433.84;23;425;1;1018.72;706.14
19437.34;18;534;0;1022.22;713.23
19437.72;6;470;3;1358.15;1022.6
19442.67;15;261;2;1363.1;1032.06
19443.88;23;425;1;1028.77;716.18
19447.38;18;534;0;1032.27;723.27
19447.76;6;470;3;1368.19;1032.64
19452.71;15;261;2;1373.15;1042.1
19453.92;23;425;1;1038.81;726.23
19457.43;18;534;0;1042.31;733.31
19457.8;6;470;3;1378.23;1042.69
19462.76;15;261;2;1383.19;1052.14
19463.97;23;425;1;1048.85;736.27
19467.47;18;534;0;1052.36;743.36
19467.81;6;470;3;1388.24;1052.7
19472.8;15;261;2;1393.23;1062.19
19474.01;23;425;1;1058.9;746.32
19477.51;18;534;0;1062.4;753.4
19477.85;6;470;3;1398.29;1062.74
19482.83;15;261;2;1403.26;1072.22
19484.06;23;425;1;1068.94;756.36
19487.56;18;534;0;1072.44;763.44
19487.9;6;470;3;1408.33;1072.79
19492.86;15;261;2;1413.3;1082.25
19494.08;23;425;1;1078.96;766.38
19497.6;18;534;0;1082.49;773.49
19497.94;6;470;3;1418.37;1082.83
19502.91;15;261;2;1423.34;1092.29
19504.11;23;425;1;1089;776.42
19507.64;18;534;0;1092.53;783.53
19507.99;6;470;3;1428.42;1092.87
19512.95;15;261;2;1433.38;1102.34
19514.16;23;425;1;1099.04;786.46
19517.69;18;534;0;1107.07;793.58
19518.03;6;470;3;1438.46;1102.92
19522.96;15;261;2;1443.39;1112.34
19524.18;23;425;1;1109.07;796.49
19527.72;18;534;0;1117.1;803.6
19528.07;6;470;3;1448.5;1112.96
19533;15;261;2;1453.43;1122.39
19534.21;23;425;1;1119.1;806.51
19537.76;18;534;0;1127.15;813.65
19543.05;15;261;2;1463.48;1132.43
19544.04;13;438;3;819.93;811.04
19544.25;23;425;1;1129.14;816.56
19547.78;18;534;0;1137.17;823.67
19553.09;15;261;2;1473.52;1142.48
19554.08;13;438;3;829.97;821.08
19554.3;23;425;1;1139.18;826.6
19557.81;18;534;0;1147.19;833.7
19563.14;15;261;2;1483.57;1152.52
19564.13;13;438;3;840.01;831.13
19564.34;23;425;1;1149.23;836.65
19567.85;18;534;0;1152.74;843.74
19574.17;13;438;3;850.06;841.17
19574.39;23;425;1;1159.27;846.69
19577.88;18;534;0;1162.77;853.77
19580.11;20;215;2;1164.99;852.65
19584.21;13;438;3;860.1;851.21
19584.43;23;425;1;1169.32;856.74
19587.89;18;534;0;1172.78;863.78
19590.15;20;215;2;1175.04;862.69
19594.25;13;438;3;870.14;861.26
19594.48;23;425;1;1179.36;866.78
19597.94;18;534;0;1182.82;873.83
19600.2;20;215;2;1185.08;872.74
19604.3;13;438;3;880.19;871.3
19604.5;23;425;1;1189.39;876.81
19607.95;18;534;0;1192.83;883.83
19610.24;20;215;2;1195.13;882.78
19614.34;13;438;3;890.23;881.35
19614.5;23;425;1;1199.39;886.81
19617.97;18;534;0;1202.86;893.86
19620.28;20;215;2;1205.16;892.82
19624.39;13;438;3;900.28;891.39
19624.55;23;425;1;1209.43;896.85
19628.02;18;534;0;1212.9;903.91
19630.32;20;215;2;1215.21;902.86
19634.39;13;438;3;910.28;901.39
19634.59;23;425;1;1219.48;906.9
19638.06;18;534;0;1222.95;913.95
19640.37;20;215;2;1225.25;912.91
19644.43;13;438;3;920.32;911.44
19644.6;23;425;1;1229.49;916.91
19648.11;18;534;0;1232.99;924
19650.4;20;215;2;1235.29;922.94
19654.45;13;438;3;1239.33;921.45
19658.12;18;534;0;1243;934
19660.45;20;215;2;1245.33;932.99
19660.49;22;19;1;932.8;587.86
19664.47;13;438;3;1249.35;931.47
19668.16;18;534;0;1253.05;944.05
19670.49;20;215;2;1255.38;943.03
19670.61;22;19;1;942.92;597.98
19674.49;13;438;3;1259.37;941.49
19678.18;18;534;0;1263.07;954.07
19680.53;20;215;2;1265.42;953.07
19680.62;22;19;1;952.92;607.99
19684.53;13;438;3;1269.42;951.53
19688.23;18;534;0;1273.11;964.11
19690.57;20;215;2;1275.46;963.11
19690.66;22;19;1;962.97;618.03
19694.58;13;438;3;1279.46;961.58
19698.27;18;534;0;1283.16;974.16
19700.62;20;215;2;1285.5;973.16
19700.71;22;19;1;973.01;628.08
19704.62;13;438;3;1289.51;971.62
19708.31;18;534;0;1293.2;984.2
19710.66;20;215;2;1295.55;983.2
19710.75;22;19;1;983.06;638.12
19714.63;13;438;3;990.52;981.63
19718.36;18;534;0;1303.25;994.25
19720.71;20;215;2;1305.59;993.25
19720.8;22;19;1;993.1;648.17
19724.67;13;438;3;1000.56;991.68
19730.75;20;215;2;1315.64;1003.29
19730.84;22;19;1;1003.14;658.21
19734.72;13;438;3;1010.6;1001.72
19734.76;12;392;0;1007.3;662.13
19740.8;20;215;2;1325.68;1013.34
19740.88;22;19;1;1013.19;668.25
19744.76;13;438;3;1020.65;1011.76
19744.99;12;392;0;1017.53;672.36
19750.84;20;215;2;1335.73;1023.38
19750.93;22;19;1;1023.23;678.3
19754.78;13;438;3;1030.67;1021.79
19755.02;12;392;0;1027.56;682.39
19760.88;20;215;2;1345.77;1033.43
19760.97;22;19;1;1033.28;688.34
19764.79;13;438;3;1040.67;1031.79
19765.03;12;392;0;1037.57;692.4
19770.91;20;215;2;1355.79;1043.45
19771.02;22;19;1;1043.56;698.39
19774.79;13;438;3;1050.67;1041.79
19775.03;12;392;0;1047.57;702.4
19780.92;20;215;2;1365.81;1053.46
19781.03;22;19;1;1053.57;708.4
19784.8;13;438;3;1060.69;1051.8
19785.07;12;392;0;1057.61;712.44
19790.96;20;215;2;1375.85;1063.5
19791.07;22;19;1;1063.61;718.44
19794.84;13;438;3;1070.73;1061.85
19795.11;12;392;0;1067.65;722.48
19801.01;20;215;2;1385.89;1073.55
19801.12;22;19;1;1073.66;728.49
19804.88;13;438;3;1080.77;1071.88
19805.14;12;392;0;1077.68;732.5
19811.05;20;215;2;1395.94;1083.59
19811.16;22;19;1;1083.47;738.53
19814.92;13;438;3;1090.81;1081.93
19815.18;12;392;0;1087.72;742.55
19821.1;20;215;2;1405.98;1093.64
19821.21;22;19;1;1093.51;748.58
19824.97;13;438;3;1100.86;1091.97
19825.21;12;392;0;1097.75;752.58
19831.11;20;215;2;1416;1103.65
19831.25;22;19;1;1103.56;758.62
19835.01;13;438;3;1110.9;1102.02
19835.26;12;392;0;1107.8;762.62
19841.16;20;215;2;1426.04;1113.7
19841.3;22;19;1;1113.6;768.67
19845.06;13;438;3;1120.94;1112.06
19845.3;12;392;0;1121.19;772.67
19851.2;20;215;2;1436.09;1123.74
19851.34;22;19;1;1123.65;778.71
19855.3;12;392;0;1131.19;782.67
19860.98;3;465;3;788.35;780.41
19861.24;20;215;2;1446.12;1133.78
19861.39;22;19;1;1133.69;788.76
19865.35;12;392;0;1141.23;792.71
19871.02;3;465;3;798.39;790.46
19871.26;20;215;2;1456.15;1143.8
19871.43;22;19;1;1143.73;798.8
19875.39;12;392;0;1151.28;802.76
19881.06;3;465;3;808.43;800.49
19881.26;20;215;2;1466.15;1153.8
19881.47;22;19;1;1153.78;808.84
19885.43;12;392;0;1161.32;812.8
19891.1;3;465;3;818.47;810.54
19891.52;22;19;1;1163.82;818.89
19895.47;12;392;0;1171.36;822.84
19898.2;31;447;2;1165.2;825.57
19901.15;3;465;3;828.52;820.58
19901.56;22;19;1;1173.86;828.93
19905.52;12;392;0;1181.41;832.89
19908.3;31;447;2;1175.3;835.67
19911.15;3;465;3;838.52;830.59
19911.6;22;19;1;1183.91;838.97
19915.52;12;392;0;1188.06;842.89
19918.35;31;447;2;1185.35;845.72
19921.2;3;465;3;848.57;840.63
19921.65;22;19;1;1193.95;849.02
19925.54;12;392;0;1198.08;852.91
19928.39;31;447;2;1195.39;855.76
19931.24;3;465;3;858.61;850.68
19931.69;22;19;1;1204;859.06
19935.58;12;392;0;1208.12;862.95
19938.42;31;447;2;1205.42;865.79
19941.27;3;465;3;868.63;860.7
19941.74;22;19;1;1214.04;869.11
19945.63;12;392;0;1218.17;873
19948.46;31;447;2;1215.46;875.83
19951.31;3;465;3;878.68;870.74
19951.76;22;19;1;1224.07;879.13
19955.63;12;392;0;1228.17;883
19958.51;31;447;2;1225.51;885.88
19961.33;3;465;3;888.7;880.77
19965.68;12;392;0;1238.22;893.04
19967.86;23;31;1;895.23;594.23
19968.55;31;447;2;1235.55;895.92
19971.38;3;465;3;1238.38;890.81
19975.7;12;392;0;1248.24;903.07
19977.91;23;31;1;905.28;604.27
19978.59;31;447;2;1245.6;905.96
19981.42;3;465;3;1248.42;900.85
19985.74;12;392;0;1258.28;913.11
19987.92;23;31;1;915.29;614.28
19988.64;31;447;2;1255.64;916.01
19991.46;3;465;3;1258.47;910.9
19995.79;12;392;0;1268.33;923.15
19997.97;23;31;1;925.34;624.33
19998.68;31;447;2;1265.69;926.05
20001.47;3;465;3;1268.47;920.9
20005.83;12;392;0;1278.37;933.19
20008;23;31;1;935.37;634.37
20008.72;31;447;2;1281.02;936.09
20011.51;3;465;3;1278.51;930.95
20015.85;12;392;0;1288.39;943.22
20018.05;23;31;1;945.42;644.41
20018.76;31;447;2;1291.07;946.13
20021.56;3;465;3;1288.56;940.99
20025.89;12;392;0;1298.43;953.26
20028.09;23;31;1;955.46;654.45
20028.81;31;447;2;1301.11;956.17
20031.6;3;465;3;958.97;951.03
20035.94;12;392;0;1308.48;963.31
20038.14;23;31;1;965.5;664.5
20038.85;31;447;2;1311.15;966.22
20041.64;3;465;3;969.01;961.08
20045.98;12;392;0;1318.52;973.35
20048.17;23;31;1;975.54;674.54
20048.89;31;447;2;1321.2;976.26
20051.69;3;465;3;979.06;971.12
20056.01;12;392;0;1328.55;983.38
20058.22;23;31;1;985.59;684.58
20058.94;31;447;2;1325.94;986.31
20061.73;3;465;3;989.1;981.17
20066.06;12;392;0;1338.6;993.43
20068.26;23;31;1;995.63;694.63
20068.98;31;447;2;1335.99;996.35
20071.78;3;465;3;999.15;991.21
20078.31;23;31;1;1005.68;704.67
20079.03;31;447;2;1346.03;1006.4
20081.79;3;465;3;1009.16;1001.22
20083.17;17;267;0;1002.6;675.92
20088.34;23;31;1;1015.71;714.71
20089.07;31;447;2;1356.07;1016.44
20091.79;3;465;3;1019.16;1011.23
20093.21;17;267;0;1012.65;685.97
20098.39;23;31;1;1025.76;724.75
20099.12;31;447;2;1366.12;1026.49
20101.84;3;465;3;1029.21;1021.27
20103.26;17;267;0;1022.69;696.01
20108.43;23;31;1;1035.8;734.79
20109.16;31;447;2;1376.16;1036.53
20111.88;3;465;3;1039.25;1031.32
20113.3;17;267;0;1032.74;706.05
20118.44;23;31;1;1045.81;744.8
20119.21;31;447;2;1386.21;1046.57
20121.89;3;465;3;1049.26;1041.32
20123.34;17;267;0;1042.77;716.09
20128.46;23;31;1;1055.83;754.82
20129.25;31;447;2;1396.25;1056.62
20131.91;3;465;3;1059.28;1051.35
20133.38;17;267;0;1052.81;726.13
20138.5;23;31;1;1065.87;764.87
20139.28;31;447;2;1406.28;1066.65
20141.96;3;465;3;1069.33;1061.39
20143.42;17;267;0;1062.86;736.18
20148.55;23;31;1;1075.92;774.91
20149.32;31;447;2;1416.33;1076.69
20152;3;465;3;1079.37;1071.44
20153.47;17;267;0;1072.9;746.22
20158.59;23;31;1;1085.96;784.96
20159.37;31;447;2;1426.37;1086.74
20162.05;3;465;3;1089.42;1081.48
20163.51;17;267;0;1082.95;756.26
20168.61;23;31;1;1095.98;794.97
20169.41;31;447;2;1436.41;1096.78
20172.06;3;465;3;1099.43;1091.5
20173.53;17;267;0;1092.96;766.28
20178.66;23;31;1;1106.02;805.02
20179.41;31;447;2;1446.42;1106.78
20182.11;3;465;3;1109.48;1101.54
20183.57;17;267;0;1103.01;776.32
20188.7;23;31;1;1116.07;815.06
20189.46;31;447;2;1456.46;1116.83
20192.15;3;465;3;1119.52;1111.59
20193.62;17;267;0;1120.99;786.37
20198.74;23;31;1;1126.11;825.11
20203.66;17;267;0;1131.03;796.41
20205.87;15;86;2;1133.24;843.44
20207.95;6;219;3;3057.37;2756.13
20208.79;23;31;1;1136.16;835.15
20213.71;17;267;0;1133.14;806.46
20216.18;15;86;2;1143.55;853.75
20218.21;6;219;3;3067.64;2766.39
20218.8;23;31;1;1146.17;845.17
20223.75;17;267;0;1143.18;816.5
20226.22;15;86;2;1153.59;863.79
20228.23;6;219;3;3077.65;2776.4
20228.85;23;31;1;1156.22;855.21
20233.75;17;267;0;1153.19;826.5
20236.27;15;86;2;1163.64;873.84
20238.27;6;219;3;3087.7;2786.45
20238.87;23;31;1;1166.23;865.23
20243.77;17;267;0;1163.2;836.52
20246.31;15;86;2;1173.68;883.88
20248.31;6;219;3;3097.73;2796.49
20248.9;23;31;1;1176.27;875.26
20253.81;17;267;0;1173.25;846.56
20256.36;15;86;2;1183.73;893.93
20258.34;6;219;3;3107.76;2806.51
20258.94;23;31;1;1186.31;885.31
20263.86;17;267;0;1183.29;856.61
20266.4;15;86;2;1193.77;903.97
20268.38;6;219;3;3117.8;2816.56
20268.98;23;31;1;1196.35;895.34
20273.9;17;267;0;1193.34;866.65
20276.45;15;86;2;1203.81;914.02
20278.43;6;219;3;3127.85;2826.6
20279.02;23;31;1;1206.39;905.39
20283.9;17;267;0;1203.34;876.66
20286.47;15;86;2;1213.84;924.04
20288.45;6;219;3;3137.87;2836.62
20293.92;17;267;0;1213.35;886.67
20294.63;22;70;1;887.38;583.83
20296.52;15;86;2;1223.88;934.09
20298.49;6;219;3;3147.91;2846.67
20303.96;17;267;0;1223.4;896.72
20304.91;22;70;1;897.66;594.12
20306.56;15;86;2;1233.93;944.13
20308.49;6;219;3;3157.92;2856.67
20314.01;17;267;0;1233.44;906.76
20314.96;22;70;1;907.71;604.16
20316.57;15;86;2;1243.94;954.14
20318.54;6;219;3;3168.1;2866.71
20324.05;17;267;0;1243.49;916.8
20325;22;70;1;917.75;614.2
20326.61;15;86;2;1253.98;964.18
20328.58;6;219;3;3178.14;2876.76
20334.1;17;267;0;1253.53;926.85
20335.05;22;70;1;927.8;624.25
20336.66;15;86;2;1264.03;974.23
20338.63;6;219;3;3188.19;2886.8
20344.14;17;267;0;1263.58;936.89
20345.09;22;70;1;937.84;634.29
20346.7;15;86;2;1274.07;984.27
20348.67;6;219;3;3198.23;2896.85
20354.19;17;267;0;1273.62;946.94
20355.13;22;70;1;947.89;644.34
20356.74;15;86;2;1284.11;994.32
20358.72;6;219;3;3208.28;2906.89
20364.23;17;267;0;1283.66;956.98
20365.18;22;70;1;957.93;654.38
20366.79;15;86;2;1294.16;1004.36
20368.76;6;219;3;3218.32;2916.94
20374.23;17;267;0;1293.67;966.98
20375.22;22;70;1;967.98;664.43
20376.82;15;86;2;1304.19;1014.39
20378.76;6;219;3;3228.32;2926.94
20384.28;17;267;0;1303.71;977.03
20385.25;22;70;1;978.01;674.46
20386.86;15;86;2;1314.23;1024.43
20388.81;6;219;3;3238.23;2936.98
20394.32;17;267;0;1313.75;987.07
20395.3;22;70;1;988.05;684.5
20396.91;15;86;2;1324.28;1034.48
20398.81;6;219;3;3248.24;2946.99
20405.34;22;70;1;998.09;694.55
20406.92;15;86;2;1334.29;1044.5
20408.86;6;219;3;3258.28;2957.03
20410.89;18;225;0;700.18;675.86
20415.39;22;70;1;1008.14;704.59
20416.97;15;86;2;1344.34;1054.54
20418.9;6;219;3;3268.33;2967.08
20420.93;18;225;0;710.22;685.91
20425.43;22;70;1;1018.18;714.63
20426.99;15;86;2;1354.36;1064.56
20428.91;6;219;3;3278.34;2977.09
20430.98;18;225;0;720.27;695.95
20435.48;22;70;1;1028.23;724.68
20437.03;15;86;2;1364.4;1074.6
20438.96;6;219;3;3288.38;2987.13
20441.02;18;225;0;730.31;706
20445.52;22;70;1;1038.27;734.72
20447.05;15;86;2;1374.42;1084.62
20449;6;219;3;3298.42;2997.18
20451.03;18;225;0;740.33;716.01
20455.56;22;70;1;1048.32;744.77
20457.1;15;86;2;1384.46;1094.67
20459.05;6;219;3;3308.47;3007.22
20461.08;18;225;0;750.37;726.05
20465.61;22;70;1;1058.36;754.81
20467.11;15;86;2;1394.48;1104.68
20469.09;6;219;3;3318.51;3017.27
20471.12;18;225;0;760.42;736.1
20475.64;22;70;1;1068.39;764.84
20477.16;15;86;2;1404.52;1114.73
20479.09;6;219;3;3328.52;3027.27
20481.16;18;225;0;770.45;746.14
20485.68;22;70;1;1078.44;774.89
20487.2;15;86;2;1414.57;1124.77
20489.14;6;219;3;3338.56;3037.31
20491.18;18;225;0;780.47;756.15
20495.73;22;70;1;1088.48;784.93
20497.2;15;86;2;1424.57;1134.77
20499.18;6;219;3;3348.6;3047.36
20501.22;18;225;0;790.52;766.2
20505.77;22;70;1;1098.52;794.98
20507.25;15;86;2;1434.61;1144.82
20511.27;18;225;0;800.56;776.24
20515.34;13;37;3;1108.09;800.67
20515.82;22;70;1;1108.57;805.02
20517.29;15;86;2;1444.66;1154.86
20521.31;18;225;0;810.61;786.29
20525.36;13;37;3;1118.11;810.69
20525.86;22;70;1;1118.61;815.07
20531.36;18;225;0;820.65;796.33
20533.73;20;490;2;1160.1;823.03
20535.4;13;37;3;1128.16;820.73
20535.91;22;70;1;1128.66;825.11
20541.4;18;225;0;830.69;806.38
20543.75;20;490;2;1170.12;833.05
20545.45;13;37;3;1138.2;830.78
20545.95;22;70;1;1138.7;835.15
20551.44;18;225;0;840.73;816.41
20553.78;20;490;2;1180.15;843.08
20555.45;13;37;3;1148.2;840.78
20555.99;22;70;1;1148.75;845.2
20561.48;18;225;0;850.78;826.46
20563.83;20;490;2;1190.19;853.12
20565.5;13;37;3;1158.25;850.82
20566.04;22;70;1;1158.79;855.24
20571.53;18;225;0;860.82;836.5
20573.87;20;490;2;1200.23;863.16
20575.52;13;37;3;1168.27;860.84
20576.08;22;70;1;1168.84;865.29
20581.56;18;225;0;870.85;846.53
20583.92;20;490;2;1210.28;873.21
20585.56;13;37;3;1178.31;870.89
20586.12;22;70;1;1178.87;875.32
20591.6;18;225;0;880.89;856.58
20593.96;20;490;2;1220.32;883.25
20595.6;13;37;3;1188.36;880.93
20596.16;22;70;1;1188.91;885.37
20601.64;18;225;0;890.94;866.62
20604.01;20;490;2;1230.37;893.3
20605.64;13;37;3;1198.39;890.97
20606.21;22;70;1;1198.96;895.41
20611.69;18;225;0;900.98;876.66
20614.05;20;490;2;1240.41;903.34
20615.69;13;37;3;1208.44;901.01
20616.25;22;70;1;1209;905.46
20621.71;18;225;0;911;886.69
20624.09;20;490;2;1250.46;913.39
20625.73;13;37;3;1252.09;911.06
20631.76;18;225;0;921.05;896.73
20632.13;23;344;1;921.33;593.95
20634.14;20;490;2;1260.5;923.43
20635.76;13;37;3;1262.12;921.08
20641.76;18;225;0;931.06;906.74
20642.33;23;344;1;931.53;604.15
20644.18;20;490;2;1281.75;933.48
20645.78;13;37;3;1272.14;931.11
20651.81;18;225;0;941.1;916.78
20652.37;23;344;1;941.58;614.19
20654.18;20;490;2;1291.76;943.48
20655.81;13;37;3;1282.18;941.14
20661.85;18;225;0;951.14;926.83
20662.42;23;344;1;951.62;624.24
20664.19;20;490;2;1301.76;953.48
20665.86;13;37;3;1292.22;951.18
20671.9;18;225;0;961.19;936.87
20672.46;23;344;1;961.67;634.28
20674.23;20;490;2;1311.8;963.52
20675.9;13;37;3;1268.65;961.23
20681.94;18;225;0;971.23;946.92
20682.47;23;344;1;971.67;644.29
20684.28;20;490;2;1321.85;973.57
20685.95;13;37;3;1278.7;971.27
20691.98;18;225;0;981.27;956.95
20692.51;23;344;1;981.71;654.33
20694.32;20;490;2;1331.89;983.61
20695.99;13;37;3;1288.74;981.32
20702.02;18;225;0;991.31;967
20702.52;23;344;1;991.72;664.34
20704.33;20;490;2;1341.9;993.63
20706.03;13;37;3;1298.79;991.36
20712.07;18;225;0;1001.36;977.04
20712.54;23;344;1;1001.74;674.36
20714.34;20;490;2;1340.7;1003.63
20716.08;13;37;3;1308.83;1001.41
20722.11;18;225;0;1011.4;987.09
20722.58;23;344;1;1011.79;684.4
20724.38;20;490;2;1350.74;1013.67
20726.12;13;37;3;1318.88;1011.45
20732.62;23;344;1;1021.82;694.44
20734.38;20;490;2;1360.75;1023.68
20736.17;13;37;3;1328.92;1021.5
20738.21;12;24;0;1023.54;700.03
20742.64;23;344;1;1031.93;704.46
20744.43;20;490;2;1370.79;1033.72
20746.21;13;37;3;1338.96;1031.54
20748.25;12;24;0;1033.58;710.07
20752.68;23;344;1;1041.97;714.5
20754.47;20;490;2;1380.84;1043.77
20756.26;13;37;3;1349.01;1041.58
20758.26;12;24;0;1043.59;720.08
20762.73;23;344;1;1051.93;724.55
20764.52;20;490;2;1390.88;1053.81
20766.28;13;37;3;1359.03;1051.61
20768.31;12;24;0;1053.64;730.13
20772.77;23;344;1;1061.97;734.59
20774.56;20;490;2;1400.93;1063.86
20776.32;13;37;3;1369.08;1061.65
20778.35;12;24;0;1063.68;740.17
20782.81;23;344;1;1072.01;744.63
20784.59;20;490;2;1410.96;1073.89
20786.37;13;37;3;1379.12;1071.7
20788.39;12;24;0;1073.71;750.21
20792.85;23;344;1;1082.06;754.67
20794.64;20;490;2;1421;1083.93
20796.41;13;37;3;1389.16;1081.74
20798.43;12;24;0;1083.76;760.25
20802.9;23;344;1;1092.1;764.72
20804.67;20;490;2;1431.04;1093.97
20806.46;13;37;3;1399.21;1091.78
20808.47;12;24;0;1093.8;770.29
20812.94;23;344;1;1102.15;774.76
20814.72;20;490;2;1441.08;1104.01
20816.5;13;37;3;1409.25;1101.83
20818.52;12;24;0;1103.85;780.34
20822.99;23;344;1;1112.19;784.81
20824.73;20;490;2;1451.09;1114.02
20826.55;13;37;3;1419.3;1111.87
20828.55;12;24;0;1113.88;790.37
20833.03;23;344;1;1122.24;794.85
20834.74;20;490;2;1461.11;1124.04
20836.59;13;37;3;1429.34;1121.92
20838.6;12;24;0;1123.93;800.42
20843.08;23;344;1;1132.28;804.9
20844.77;20;490;2;1471.13;1134.06
20848.64;12;24;0;1137.85;810.46
20852.68;3;206;3;1490.25;1445.43
20853.12;23;344;1;1142.33;814.94
20854.81;20;490;2;1481.18;1144.11
20858.65;12;24;0;1147.85;820.47
20862.72;3;206;3;1500.29;1455.47
20863.17;23;344;1;1152.37;824.99
20864.86;20;490;2;1491.22;1154.15
20868.66;12;24;0;1157.86;830.48
20872.75;3;206;3;1510.32;1465.5
20873.21;23;344;1;1162.41;835.03
20878.66;12;24;0;1163.99;840.48
20881.81;31;163;2;1146.79;843.63
20882.79;3;206;3;1520.36;1475.54
20883.25;23;344;1;1172.45;845.07
20888.71;12;24;0;1174.04;850.53
20891.86;31;163;2;1156.83;853.68
20892.83;3;206;3;1530.4;1485.58
20893.29;23;344;1;1182.5;855.11
20898.75;12;24;0;1184.08;860.57
20901.87;31;163;2;1166.84;863.69
20902.87;3;206;3;1540.45;1495.63
20903.3;23;344;1;1192.51;865.12
20908.78;12;24;0;1194.11;870.6
20911.87;31;163;2;1176.85;873.69
20912.92;3;206;3;1550.49;1505.67
20913.35;23;344;1;1202.55;875.17
20918.8;12;24;0;1204.13;880.62
20921.92;31;163;2;1186.89;883.74
20922.96;3;206;3;1560.53;1515.71
20923.39;23;344;1;1212.59;885.21
20928.85;12;24;0;1214.17;890.67
20931.96;31;163;2;1196.93;893.78
20932.96;3;206;3;1570.53;1525.71
20933.42;23;344;1;1222.63;895.24
20938.89;12;24;0;1224.22;900.71
20942;31;163;2;1206.98;903.82
20943;3;206;3;1580.57;1535.75
20943.47;23;344;1;1232.67;905.29
20948.93;12;24;0;1234.26;910.75
20952.05;31;163;2;1217.02;913.87
20953.04;3;206;3;1590.61;1545.79
20958.98;12;24;0;1244.31;920.8
20960.2;22;356;1;2896.35;2867.72
20962.09;31;163;2;1227.07;923.91
20963.09;3;206;3;1882.52;1555.84
20969.02;12;24;0;1254.35;930.84
20970.24;22;356;1;2906.4;2877.76
20972.14;31;163;2;1237.11;933.96
20973.13;3;206;3;1892.57;1565.88
20979.07;12;24;0;1264.4;940.89
20980.25;22;356;1;2916.41;2887.77
20982.18;31;163;2;1247.16;944
20983.15;3;206;3;1902.58;1575.9
20989.07;12;24;0;1274.4;950.89
20990.27;22;356;1;2926.43;2897.79
20992.2;31;163;2;1277.53;954.02
20993.19;3;206;3;1912.63;1585.95
20999.11;12;24;0;1284.44;960.93
21000.32;22;356;1;2936.48;2907.84
21002.21;31;163;2;1287.53;964.03
21003.24;3;206;3;1640.81;1595.99
21009.15;12;24;0;1294.48;970.97
21010.34;22;356;1;2946.5;2917.86
21012.23;31;163;2;1297.56;974.05
21013.28;3;206;3;1650.85;1606.03
21019.2;12;24;0;1304.53;981.02
21020.38;22;356;1;2956.54;2927.9
21022.28;31;163;2;1307.6;984.1
21023.33;3;206;3;1660.9;1616.08
21029.2;12;24;0;1314.53;991.02
21030.43;22;356;1;2966.59;2937.95
21032.32;31;163;2;1317.65;994.14
21033.37;3;206;3;1670.94;1626.12
21040.44;22;356;1;2976.6;2947.97
21042.36;31;163;2;1327.69;1004.18
21043.42;3;206;3;1680.99;1636.17
21045.98;17;239;0;699.24;698.75
21050.47;22;356;1;2986.63;2957.99
21052.41;31;163;2;1317.38;1014.23
21053.45;3;206;3;1691.02;1646.2
21056.1;17;239;0;709.36;708.87
21060.51;22;356;1;2996.67;2968.03
21062.45;31;163;2;1327.43;1024.27
21063.49;3;206;3;1701.06;1656.24
21066.15;17;239;0;719.4;718.91
21070.56;22;356;1;3284.84;2978.08
21072.5;31;163;2;1337.47;1034.32
21073.54;3;206;3;1711.11;1666.29
21076.19;17;239;0;729.45;728.96
21080.57;22;356;1;3294.85;2988.1
21082.54;31;163;2;1347.52;1044.36
21083.58;3;206;3;1721.15;1676.33
21086.24;17;239;0;739.49;739
21090.62;22;356;1;3304.9;2998.14
21092.59;31;163;2;1357.56;1054.41
21093.62;3;206;3;1731.2;1686.38
21096.24;17;239;0;749.49;749
21100.65;22;356;1;3314.93;3008.17
21102.62;31;163;2;1367.59;1064.44
21103.67;3;206;3;1741.24;1696.42
21106.28;17;239;0;759.53;759.04
21110.7;22;356;1;3324.98;3018.22
21112.66;31;163;2;1377.64;1074.48
21113.71;3;206;3;1751.29;1706.47
21116.31;17;239;0;769.57;769.08
21120.74;22;356;1;3335.02;3028.26
21122.71;31;163;2;1387.68;1084.53
21123.72;3;206;3;1761.3;1716.48
21126.32;17;239;0;779.57;779.08
21130.78;22;356;1;3345.06;3038.3
21132.75;31;163;2;1397.73;1094.57
21133.77;3;206;3;1771.34;1726.52
21136.36;17;239;0;789.62;789.13
21140.81;22;356;1;3355.09;3048.33
21142.8;31;163;2;1407.77;1104.62
21146.4;17;239;0;799.65;799.16
21149.97;6;254;3;1111.79;803.23
21150.86;22;356;1;3365.14;3058.38
21152.84;31;163;2;1417.81;1114.66
21156.44;17;239;0;1118.03;809.2
21160;6;254;3;1121.82;813.26
21160.86;22;356;1;3097.02;3068.39
21162.88;31;163;2;1427.86;1124.7
21166.48;17;239;0;1128.07;819.25
21170.05;6;254;3;1131.87;823.3
21170.91;22;356;1;3107.07;3078.43
21172.93;31;163;2;1437.9;1134.75
21176.49;17;239;0;1138.08;829.26
21180.09;6;254;3;1141.91;833.35
21180.95;22;356;1;3117.11;3088.47
21186.51;17;239;0;1148.1;839.27
21188.65;15;324;2;1150.47;841.91
21190.09;6;254;3;1151.91;843.35
21190.99;22;356;1;3127.15;3098.51
21196.55;17;239;0;1158.14;849.32
21198.71;15;324;2;1160.53;851.97
21200.14;6;254;3;1161.96;853.39
21201;22;356;1;3137.15;3108.52
21206.59;17;239;0;1168.19;859.36
21208.75;15;324;2;1170.57;862.01
21210.18;6;254;3;1172;863.44
21211.04;22;356;1;3147.2;3118.56
21216.64;17;239;0;1178.23;869.4
21218.77;15;324;2;1180.59;872.03
21220.2;6;254;3;1182.02;873.45
21221.09;22;356;1;3157.24;3128.61
21226.64;17;239;0;1188.24;879.41
21228.78;15;324;2;1190.6;882.03
21230.24;6;254;3;1192.06;883.5
21231.11;22;356;1;3167.27;3138.63
21236.69;17;239;0;1198.28;889.45
21238.82;15;324;2;1200.64;892.08
21240.26;6;254;3;1202.08;893.52
21241.15;22;356;1;3177.31;3148.67
21246.73;17;239;0;899.98;899.49
21248.84;15;324;2;1210.66;902.1
21250.3;6;254;3;1212.12;903.56
21251.2;22;356;1;3187.36;3158.72
21256.77;17;239;0;910.03;909.54
21258.85;15;324;2;1220.67;912.11
21260.35;6;254;3;1525.32;913.6
21266.81;17;239;0;920.07;919.58
21267.78;23;256;1;605.89;297.5
21268.88;15;324;2;1230.7;922.13
21270.39;6;254;3;1535.37;923.65
21276.86;17;239;0;930.12;929.62
21277.82;23;256;1;615.92;307.53
21278.91;15;324;2;1240.73;932.17
21280.44;6;254;3;1545.41;933.69
21286.9;17;239;0;940.16;939.67
21287.86;23;256;1;625.96;317.58
21288.96;15;324;2;1250.78;942.21
21290.48;6;254;3;1555.46;943.74
21296.95;17;239;0;950.2;949.71
21297.9;23;256;1;636.01;327.62
21299;15;324;2;1260.82;952.26
21300.53;6;254;3;1565.5;953.78
21306.98;17;239;0;960.24;959.74
21307.95;23;256;1;646.05;337.66
21309.05;15;324;2;1270.87;962.3
21310.57;6;254;3;1575.55;963.83
21317.02;17;239;0;970.28;969.79
21317.99;23;256;1;656.1;347.71
21319.06;15;324;2;1280.88;972.32
21320.6;6;254;3;1585.57;973.85
21327.07;17;239;0;980.32;979.83
21328.04;23;256;1;666.14;357.75
21329.11;15;324;2;1290.93;982.37
21330.62;6;254;3;1595.59;983.87
21338.08;23;256;1;676.19;367.8
21339.15;15;324;2;1300.97;992.41
21340.66;6;254;3;1302.48;993.92
21343.48;18;487;0;996.74;681.59
21348.13;23;256;1;686.23;377.84
21349.16;15;324;2;1310.98;1002.42
21350.7;6;254;3;1312.52;1003.96
21353.53;18;487;0;1006.79;691.64
21358.17;23;256;1;696.28;387.89
21359.21;15;324;2;1321.03;1012.47
21360.75;6;254;3;1322.57;1014.01
21363.56;18;487;0;1016.81;701.66
21368.19;23;256;1;706.29;397.9
21369.23;15;324;2;1331.05;1022.48
21370.79;6;254;3;1332.61;1024.05
21373.57;18;487;0;1026.82;711.67
21378.23;23;256;1;716.34;407.95
21379.27;15;324;2;1341.09;1032.53
21380.84;6;254;3;1342.66;1034.09
21383.57;18;487;0;1036.83;721.67
21388.28;23;256;1;726.38;417.99
21389.31;15;324;2;1351.13;1042.57
21390.88;6;254;3;1352.7;1044.14
21393.58;18;487;0;1046.84;731.69
21398.32;23;256;1;772.55;428.04
21399.36;15;324;2;1361.18;1052.61
21400.92;6;254;3;1362.74;1054.18
21403.63;18;487;0;1056.89;741.73
21408.37;23;256;1;782.59;438.08
21409.4;15;324;2;1371.22;1062.66
21410.96;6;254;3;1372.78;1064.22
21413.65;18;487;0;1066.91;751.76
21418.41;23;256;1;792.63;448.12
21419.41;15;324;2;1381.23;1072.66
21421.01;6;254;3;1382.83;1074.26
21423.7;18;487;0;1076.95;761.8
21428.45;23;256;1;802.68;458.17
21429.45;15;324;2;1391.27;1082.71
21431.05;6;254;3;1392.87;1084.31
21433.74;18;487;0;1087;771.85
21438.5;23;256;1;812.72;468.21
21439.5;15;324;2;1401.32;1092.75
21441.07;6;254;3;1402.89;1094.33
21443.79;18;487;0;1097.04;781.89
21448.54;23;256;1;822.77;478.26
21449.54;15;324;2;1411.36;1102.8
21453.8;18;487;0;1107.05;791.9
21456.76;13;136;3;1418.58;1418.35
21458.59;23;256;1;832.81;488.3
21459.58;15;324;2;1421.4;1112.83
21463.84;18;487;0;1117.1;801.94
21467.07;13;136;3;1428.89;1428.67
21468.63;23;256;1;842.85;498.35
21469.62;15;324;2;1431.44;1122.88
21473.87;18;487;0;1127.12;811.97
21477.11;13;136;3;1438.93;1438.7
21478.67;23;256;1;852.9;508.39
21479.66;15;324;2;1441.48;1132.92
21483.91;18;487;0;1137.17;822.02
21487.15;13;136;3;1448.97;1448.74
21488.72;23;256;1;862.94;518.43
21489.7;15;324;2;1451.52;1142.95
21493.95;18;487;0;1147.2;832.05
21497.2;13;136;3;1459.02;1458.79
21498.76;23;256;1;836.87;528.48
21499.74;15;324;2;1461.56;1153
21503.99;18;487;0;1157.25;842.09
21507.21;13;136;3;1469.03;1468.8
21508.81;23;256;1;846.91;538.52
21514.03;18;487;0;1167.29;852.14
21515.62;20;442;2;3745.73;3451.78
21517.25;13;136;3;1479.07;1478.85
21518.85;23;256;1;856.96;548.57
21524.08;18;487;0;1177.34;862.18
21525.77;20;442;2;3755.88;3461.93
21527.3;13;136;3;1489.12;1488.89
21528.86;23;256;1;866.96;558.57
21534.12;18;487;0;1187.38;872.23
21535.82;20;442;2;3765.92;3471.98
21537.34;13;136;3;1499.16;1498.93
21538.9;23;256;1;877.01;568.62
21544.17;18;487;0;1197.42;882.27
21545.86;20;442;2;3775.97;3482.02
21547.39;13;136;3;1509.21;1508.98
21548.95;23;256;1;887.05;578.66
21554.21;18;487;0;1207.47;892.32
21555.91;20;442;2;3786.01;3492.06
21557.43;13;136;3;1519.25;1519.02
21558.96;23;256;1;897.06;588.67
21564.26;18;487;0;1217.51;902.36
21565.95;20;442;2;3796.05;3502.11
21567.47;13;136;3;1529.29;1529.06
21569;23;256;1;907.11;598.72
21574.3;18;487;0;1227.56;912.41
21575.99;20;442;2;3806.09;3512.14
21577.51;13;136;3;1539.33;1539.11
21579.05;23;256;1;917.15;608.76
21584.35;18;487;0;1237.6;922.45
21586.02;20;442;2;3816.13;3522.18
21587.52;13;136;3;1549.34;1549.11
21589.09;23;256;1;927.19;618.81
21594.36;18;487;0;1247.62;932.47
21596.07;20;442;2;3826.17;3532.22
21597.53;13;136;3;1559.35;1559.12
21604.41;18;487;0;1257.66;942.51
21604.89;22;146;1;1566.48;1258.14
21606.1;20;442;2;3836.2;3542.26
21607.57;13;136;3;1569.39;1569.16
21614.44;18;487;0;1267.69;952.54
21615.02;22;146;1;1576.61;1268.27
21616.14;20;442;2;3846.25;3552.3
21617.62;13;136;3;1579.44;1579.21
21624.48;18;487;0;1277.74;962.58
21625.04;22;146;1;1586.63;1278.3
21626.15;20;442;2;4148.16;3562.3
21627.66;13;136;3;1589.48;1589.25
21634.53;18;487;0;1287.78;972.63
21635.09;22;146;1;1596.68;1288.34
21636.19;20;442;2;4158.21;3572.35
21637.7;13;136;3;1599.52;1599.3
21644.57;18;487;0;1297.83;982.67
21645.09;22;146;1;1606.68;1298.34
21646.24;20;442;2;4168.25;3582.39
21647.75;13;136;3;1609.57;1609.34
21654.61;18;487;0;1307.87;992.72
21655.13;22;146;1;1616.72;1308.38
21656.28;20;442;2;4178.3;3592.44
21657.79;13;136;3;1619.61;1619.38
21665.17;22;146;1;1626.76;1318.43
21666.32;20;442;2;4188.34;3602.48
21667.84;13;136;3;1629.66;1629.43
21670.52;12;257;0;717.43;700.23
21675.21;22;146;1;1636.8;1328.47
21676.37;20;442;2;4198.39;3612.53
21677.88;13;136;3;1639.7;1639.47
21680.56;12;257;0;727.48;710.28
21685.25;22;146;1;1646.84;1338.51
21686.41;20;442;2;4208.43;3622.57
21687.93;13;136;3;1649.75;1649.52
21690.58;12;257;0;737.5;720.3
21695.3;22;146;1;1656.89;1348.55
21696.44;20;442;2;4218.46;3632.6
21697.97;13;136;3;1659.79;1659.56
21700.59;12;257;0;747.5;730.3
21705.34;22;146;1;1666.93;1358.6
21706.48;20;442;2;3936.58;3642.64
21708.02;13;136;3;1669.84;1669.61
21710.63;12;257;0;757.54;740.35
21715.37;22;146;1;1677.19;1368.63
21716.5;20;442;2;3946.61;3652.66
21718.06;13;136;3;1679.88;1679.65
21720.67;12;257;0;767.59;750.39
21725.42;22;146;1;1687.24;1378.67
21726.55;20;442;2;3956.65;3662.71
21728.1;13;136;3;1689.92;1689.7
21730.72;12;257;0;777.63;760.43
21735.46;22;146;1;1697.28;1388.72
21736.59;20;442;2;3966.7;3672.75
21738.15;13;136;3;1699.97;1699.74
21740.76;12;257;0;787.68;770.48
21745.51;22;146;1;1707.33;1398.76
21746.64;20;442;2;3976.74;3682.79
21748.19;13;136;3;1710.01;1709.78
21750.81;12;257;0;797.72;780.52
21755.55;22;146;1;1717.37;1408.81
21756.68;20;442;2;3986.79;3692.84
21760.85;12;257;0;807.77;790.57
21764.98;3;17;3;1103.09;811.9
21765.55;22;146;1;1727.37;1418.81
21766.72;20;442;2;3996.83;3702.88
21770.89;12;257;0;817.8;800.6
21775.1;3;17;3;1113.2;822.01
21775.56;22;146;1;1737.38;1428.81
21776.77;20;442;2;4006.87;3712.92
21780.93;12;257;0;1119.03;810.64
21785.13;3;17;3;1123.23;832.04
21785.59;22;146;1;1747.41;1438.85
21786.81;20;442;2;4016.91;3722.97
21790.93;12;257;0;1129.04;820.65
21795.17;3;17;3;1133.27;842.08
21795.64;22;146;1;1757.23;1448.9
21796.85;20;442;2;4026.96;3733.01
21800.96;12;257;0;1139.07;830.68
21805.22;3;17;3;1143.32;852.13
21805.68;22;146;1;1767.27;1458.94
21806.88;20;442;2;4036.99;3743.04
21810.97;12;257;0;1149.07;840.68
21815.26;3;17;3;1153.36;862.17
21815.73;22;146;1;1777.32;1468.99
21820.98;12;257;0;1159.09;850.7
21822.83;31;466;2;1160.93;852.54
21825.3;3;17;3;1163.41;872.22
21825.77;22;146;1;1787.36;1479.03
21831.03;12;257;0;877.94;860.74
21833.1;31;466;2;1171.2;862.82
21835.35;3;17;3;1173.45;882.26
21835.81;22;146;1;1797.4;1489.07
21841.07;12;257;0;887.99;870.79
21843.13;31;466;2;1181.23;872.84
21845.39;3;17;3;1183.5;892.31
21845.84;22;146;1;1807.43;1499.09
21851.12;12;257;0;898.03;880.83
21853.13;31;466;2;1191.24;882.85
21855.44;3;17;3;1193.54;902.35
21855.88;22;146;1;1817.47;1509.14
21861.12;12;257;0;908.04;890.84
21863.18;31;466;2;1201.28;892.89
21865.47;3;17;3;1203.57;912.38
21865.92;22;146;1;1827.52;1519.18
21871.14;12;257;0;918.06;900.86
21873.2;31;466;2;1211.31;902.92
21875.48;3;17;3;1213.59;922.4
21875.97;22;146;1;1837.56;1529.23
21881.19;12;257;0;928.1;910.9
21883.25;31;466;2;1221.35;912.96
21885.52;3;17;3;1223.62;932.43
21886.01;22;146;1;1847.6;1539.27
21891.22;12;257;0;938.13;920.93
21893.29;31;466;2;1231.4;923.01
21895.53;3;17;3;1233.63;942.44
21901.23;12;257;0;948.15;930.95
21903.32;31;466;2;1241.42;933.04
21905.57;3;17;3;1243.68;952.49
21909.89;23;367;1;630.93;621.98
21911.28;12;257;0;958.19;940.99
21913.34;31;466;2;1251.45;943.06
21915.62;3;17;3;1253.72;962.53
21919.97;23;367;1;641.01;632.06
21921.29;12;257;0;968.21;951.01
21923.37;31;466;2;1261.47;953.09
21925.66;3;17;3;1263.77;972.58
21929.99;23;367;1;651.04;642.09
21931.3;12;257;0;978.21;961.01
21933.39;31;466;2;1271.49;963.1
21935.71;3;17;3;1273.81;982.62
21940;23;367;1;661.04;652.1
21941.31;12;257;0;988.22;971.03
21943.43;31;466;2;1281.54;973.15
21945.75;3;17;3;1283.85;992.66
21950.03;23;367;1;671.07;662.12
21951.32;12;257;0;998.23;981.03
21953.46;31;466;2;1291.57;983.18
21955.8;3;17;3;1293.9;1002.71
21960.07;23;367;1;681.12;672.17
21963.51;31;466;2;1301.61;993.22
21965.84;3;17;3;1303.94;1012.75
21967.55;17;334;0;997.26;688.59
21970.12;23;367;1;691.16;682.21
21973.55;31;466;2;1311.66;1003.27
21975.88;3;17;3;1313.99;1022.8
21977.82;17;334;0;1007.54;698.87
21980.16;23;367;1;701.21;692.26
21983.6;31;466;2;1321.7;1013.31
21985.93;3;17;3;1324.03;1032.84
21987.87;17;334;0;1017.58;708.91
21990.18;23;367;1;711.22;702.27
21993.64;31;466;2;1331.75;1023.36
21995.95;3;17;3;1334.06;1042.87
21997.91;17;334;0;1027.63;718.96
22000.22;23;367;1;721.26;712.32
22003.69;31;466;2;1341.79;1033.4
22005.99;3;17;3;1344.1;1052.91
22007.92;17;334;0;1037.63;728.96
22010.27;23;367;1;731.31;722.36
22013.72;31;466;2;1351.83;1043.44
22016;3;17;3;1354.11;1062.92
22017.96;17;334;0;1047.68;739
22020.31;23;367;1;741.35;732.4
22023.77;31;466;2;1361.87;1053.48
22026.01;3;17;3;1364.11;1072.92
22028;17;334;0;1057.72;749.05
22030.35;23;367;1;751.4;742.45
22033.78;31;466;2;1371.89;1063.5
22036.06;3;17;3;1374.16;1082.97
22038.05;17;334;0;1067.76;759.09
22040.4;23;367;1;761.44;752.49
22043.83;31;466;2;1381.93;1073.54
22046.1;3;17;3;1384.2;1093.01
22048.08;17;334;0;1077.8;769.13
22050.43;23;367;1;771.47;762.53
22053.86;31;466;2;1391.96;1083.57
22056.14;3;17;3;1394.25;1103.06
22058.13;17;334;0;1087.84;779.17
22060.44;23;367;1;781.48;772.53
22063.9;31;466;2;1402;1093.62
22066.19;3;17;3;1404.29;1113.1
22068.15;17;334;0;1097.87;789.19
22070.48;23;367;1;791.52;782.58
22073.95;31;466;2;1412.05;1103.66
22076.23;3;17;3;1414.34;1123.15
22078.2;17;334;0;1107.91;799.24
22080.53;23;367;1;801.57;792.62
22083.99;31;466;2;1422.09;1113.71
22088.24;17;334;0;1117.96;809.28
22090.57;23;367;1;811.61;802.67
22092.81;6;185;3;1122.52;813.85
22094.03;31;466;2;1432.14;1123.75
22098.28;17;334;0;1128;819.33
22100.61;23;367;1;821.66;812.71
22102.85;6;185;3;1132.57;823.89
22104.08;31;466;2;1442.18;1133.79
22108.29;17;334;0;1138.01;829.34
22110.66;23;367;1;831.7;822.75
22112.9;6;185;3;1142.61;833.94
22114.09;31;466;2;1452.19;1143.81
22118.31;17;334;0;1148.02;839.35
22120.7;23;367;1;841.75;832.8
22122.9;6;185;3;1152.62;843.95
22128.35;17;334;0;1158.07;849.4
22129.88;15;253;2;1159.6;850.92
22130.75;23;367;1;851.79;842.84
22132.95;6;185;3;1162.66;853.99
22138.4;17;334;0;1168.11;859.44
22139.93;15;253;2;1169.64;860.97
22140.76;23;367;1;861.8;852.85
22142.99;6;185;3;1172.71;864.03
22148.42;17;334;0;1178.13;869.46
22149.97;15;253;2;1179.69;871.01
22150.8;23;367;1;871.85;862.9
22153.02;6;185;3;1182.73;874.06
22158.44;17;334;0;1188.15;879.48
22159.97;15;253;2;1189.69;881.02
22160.85;23;367;1;881.89;872.94
22163.06;6;185;3;1192.78;884.11
22168.48;17;334;0;1198.2;889.52
22170.02;15;253;2;1199.73;891.06
22170.89;23;367;1;891.94;882.99
22173.11;6;185;3;1202.82;894.15
22178.52;17;334;0;1208.23;899.56
22180.06;15;253;2;1209.78;901.11
22180.94;23;367;1;901.98;893.03
22183.11;6;185;3;1212.82;904.15
22188.53;17;334;0;1218.25;909.58
22190.11;15;253;2;1219.82;911.15
22190.98;23;367;1;912.03;903.08
22193.13;6;185;3;1222.84;914.17
22198.58;17;334;0;1228.29;919.62
22200.15;15;253;2;1229.86;921.19
22201.03;23;367;1;922.07;913.12
22203.17;6;185;3;1232.89;924.22
22208.62;17;334;0;1238.34;929.67
22210.19;15;253;2;1239.91;931.24
22211.07;23;367;1;932.11;923.17
22213.19;6;185;3;1242.9;934.23
22218.67;17;334;0;1248.38;939.71
22220.21;15;253;2;1249.92;941.25
22223.23;6;185;3;1252.95;944.27
22228.32;22;404;1;650.76;623.28
22228.71;17;334;0;1258.43;949.76
22230.25;15;253;2;1259.97;951.3
22233.27;6;185;3;1262.99;954.32
22238.37;22;404;1;660.81;633.32
22238.73;17;334;0;1268.45;959.78
22240.3;15;253;2;1287.21;961.34
22243.32;6;185;3;1273.03;964.36
22248.39;22;404;1;670.83;643.35
22248.77;17;334;0;1278.48;969.81
22250.3;15;253;2;1297.22;971.35
22253.36;6;185;3;1283.08;974.41
22258.44;22;404;1;680.88;653.39
22258.77;17;334;0;1288.48;979.81
22260.35;15;253;2;1307.26;981.39
22263.41;6;185;3;1293.12;984.45
22268.48;22;404;1;690.92;663.43
22268.8;17;334;0;1298.52;989.85
22270.39;15;253;2;1317.3;991.43
22273.45;6;185;3;1303.17;994.5
22278.52;22;404;1;700.97;673.48
22280.43;15;253;2;1327.35;1001.48
22283.5;6;185;3;1313.21;1004.54
22285.79;18;279;0;1006.83;708.23
22288.55;22;404;1;710.99;683.5
22290.48;15;253;2;1337.39;1011.52
22293.54;6;185;3;1323.26;1014.58
22295.8;18;279;0;1016.85;718.24
22298.57;22;404;1;721.01;693.52
22300.52;15;253;2;1347.44;1021.57
22303.59;6;185;3;1333.3;1024.63
22305.82;18;279;0;1026.87;728.26
22308.59;22;404;1;731.03;703.55
22310.54;15;253;2;1357.45;1031.58
22313.63;6;185;3;1343.35;1034.67
22315.87;18;279;0;1036.91;738.31
22318.62;22;404;1;741.06;713.58
22320.56;15;253;2;1350.28;1041.6
22323.67;6;185;3;1353.39;1044.72
22325.91;18;279;0;1046.96;748.35
22328.67;22;404;1;751.11;723.62
22330.6;15;253;2;1360.32;1051.65
22333.72;6;185;3;1363.43;1054.76
22335.96;18;279;0;1057;758.4
22338.71;22;404;1;761.15;733.66
22340.63;15;253;2;1370.35;1061.68
22343.76;6;185;3;1373.48;1064.81
22345.99;18;279;0;1067.03;768.43
22348.72;22;404;1;771.17;743.68
22350.68;15;253;2;1380.39;1071.72
22353.81;6;185;3;1383.52;1074.85
22356.03;18;279;0;1077.07;778.47
22358.77;22;404;1;781.21;753.72
22360.72;15;253;2;1390.43;1081.76
22363.85;6;185;3;1393.57;1084.9
22366.06;18;279;0;1087.11;788.5
22368.78;22;404;1;791.23;763.74
22370.76;15;253;2;1400.48;1091.81
22373.9;6;185;3;1403.61;1094.94
22376.08;18;279;0;1097.13;798.52
22378.83;22;404;1;801.27;773.78
22380.78;15;253;2;1410.5;1101.83
22383.94;6;185;3;1413.66;1104.98
22386.13;18;279;0;1107.17;808.57
22388.87;22;404;1;811.31;783.83
22390.81;15;253;2;1420.53;1111.86
22396.17;18;279;0;1425.89;818.61
22398.89;22;404;1;821.33;793.85
22400.25;13;349;3;1121.29;822.69
22400.86;15;253;2;1430.57;1121.9
22406.21;18;279;0;1435.92;828.65
22408.94;22;404;1;831.38;803.89
22410.54;13;349;3;1131.59;832.98
22410.9;15;253;2;1440.62;1131.95
22416.25;18;279;0;1445.97;838.69
22418.95;22;404;1;841.39;813.91
22420.59;13;349;3;1141.63;843.03
22420.95;15;253;2;1450.66;1141.99
22426.3;18;279;0;1456.01;848.74
22429;22;404;1;851.44;823.95
22430.63;13;349;3;1151.67;853.07
22430.99;15;253;2;1460.71;1152.03
22436.34;18;279;0;1466.06;858.78
22439.04;22;404;1;861.48;834
22440.65;13;349;3;1161.69;863.09
22441.03;15;253;2;1470.74;1162.07
22446.39;18;279;0;1476.1;868.83
22449.09;22;404;1;871.53;844.04
22450.68;13;349;3;1171.72;873.12
22456.43;18;279;0;1486.15;878.87
22456.9;20;416;2;1168.99;860.79
22459.12;22;404;1;881.56;854.08
22460.72;13;349;3;1181.77;883.16
22466.47;18;279;0;1187.51;888.91
22467.3;20;416;2;1179.4;871.19
22469.14;22;404;1;891.58;864.09
22470.77;13;349;3;1191.81;893.21
22476.47;18;279;0;1197.51;898.91
22477.35;20;416;2;1189.44;881.24
22479.14;22;404;1;901.58;874.1
22480.81;13;349;3;1201.85;903.25
22486.51;18;279;0;1207.56;908.95
22487.39;20;416;2;1199.49;891.28
22489.19;22;404;1;911.63;884.14
22490.86;13;349;3;1211.9;913.3
22496.51;18;279;0;1217.56;918.96
22497.44;20;416;2;1209.53;901.32
22499.23;22;404;1;921.67;894.19
22500.89;13;349;3;1221.94;923.33
22506.56;18;279;0;1227.6;929
22507.45;20;416;2;1219.54;911.34
22509.28;22;404;1;931.72;904.23
22510.94;13;349;3;1231.98;933.38
22516.6;18;279;0;1237.65;939.04
22517.49;20;416;2;1229.59;921.38
22519.32;22;404;1;941.76;914.28
22520.98;13;349;3;1242.03;943.42
22526.65;18;279;0;1247.69;949.09
22527.54;20;416;2;1239.63;931.42
22529.37;22;404;1;951.81;924.32
22530.98;13;349;3;1252.03;953.42
22536.69;18;279;0;1257.74;959.13
22537.56;20;416;2;1249.66;941.45
22541.01;13;349;3;1262.06;963.46
22546.1;23;246;1;2198.87;1884.21
22546.74;18;279;0;1267.78;969.18
22547.61;20;416;2;1259.7;951.49
22551.06;13;349;3;1272.1;973.5
22556.15;23;246;1;2208.91;1894.25
22556.78;18;279;0;1277.82;979.22
22557.65;20;416;2;1269.75;961.54
22561.1;13;349;3;1282.15;983.54
22566.18;23;246;1;2218.95;1904.29
22566.83;18;279;0;1287.87;989.27
22567.67;20;416;2;1288.72;971.56
22571.15;13;349;3;1292.19;993.59
22576.23;23;246;1;2228.99;1914.33
22577.72;20;416;2;1298.76;981.61
22581.18;13;349;3;1302.22;1003.62
22583.17;12;280;0;1005.61;711.98
22586.26;23;246;1;2239.03;1924.37
22587.76;20;416;2;1308.81;991.65
22591.21;13;349;3;1312.26;1013.66
22593.34;12;280;0;1015.78;722.15
22596.31;23;246;1;2249.07;1934.41
22597.81;20;416;2;1318.85;1001.69
22601.26;13;349;3;1322.3;1023.7
22603.38;12;280;0;1025.82;732.19
22606.35;23;246;1;2259.12;1944.45
22607.85;20;416;2;1328.89;1011.74
22611.3;13;349;3;1332.35;1033.74
22613.41;12;280;0;1035.85;742.22
22616.39;23;246;1;2269.15;1954.49
22617.9;20;416;2;1338.94;1021.78
22621.35;13;349;3;1342.39;1043.79
22623.46;12;280;0;1045.9;752.27
22626.43;23;246;1;2279.2;1964.54
22627.94;20;416;2;1348.98;1031.83
22631.39;13;349;3;1352.44;1053.83
22633.5;12;280;0;1055.94;762.31
22636.43;23;246;1;2289.2;1974.54
22637.98;20;416;2;1359.03;1041.87
22641.44;13;349;3;1362.48;1063.88
22643.54;12;280;0;1065.99;772.36
22646.48;23;246;1;2299.24;1984.58
22647.98;20;416;2;1369.03;1051.87
22651.48;13;349;3;1372.52;1073.92
22653.59;12;280;0;1076.03;782.4
22656.52;23;246;1;2309.78;1994.63
22658.03;20;416;2;1370.12;1061.92
22661.52;13;349;3;1382.56;1083.96
22663.61;12;280;0;1086.05;792.42
22666.57;23;246;1;2319.82;2004.67
22668.07;20;416;2;1380.17;1071.96
22671.53;13;349;3;1392.58;1093.97
22673.65;12;280;0;1096.09;802.46
22676.61;23;246;1;2329.87;2014.72
22678.12;20;416;2;1390.21;1082.01
22681.54;13;349;3;1402.58;1103.98
22683.7;12;280;0;1106.14;812.51
22686.66;23;246;1;2339.91;2024.76
22688.16;20;416;2;1400.26;1092.05
22691.58;13;349;3;1412.63;1114.02
22693.74;12;280;0;1405.84;822.55
22696.7;23;246;1;2349.96;2034.81
22698.16;20;416;2;1410.26;1102.05
22701.63;13;349;3;1422.67;1124.07
22703.79;12;280;0;1415.88;832.6
22706.75;23;246;1;2360;2044.85
22708.21;20;416;2;1420.3;1112.1
22713.79;12;280;0;1425.88;842.6
22716.75;23;246;1;2370.01;2054.86
22718.03;3;104;3;1121.92;832.47
22718.25;20;416;2;1430.35;1122.14
22723.8;12;280;0;1435.9;852.61
22726.8;23;246;1;2380.05;2064.9
22728.13;3;104;3;1132.02;842.57
22728.3;20;416;2;1440.39;1132.19
22733.82;12;280;0;1445.92;862.63
22736.84;23;246;1;2390.1;2074.94
22738.18;3;104;3;1142.07;852.62
22738.34;20;416;2;1450.44;1142.23
22743.83;12;280;0;1455.92;872.64
22746.85;23;246;1;2400.1;2084.95
22748.22;3;104;3;1152.11;862.66
22748.38;20;416;2;1460.47;1152.27
22753.87;12;280;0;1465.97;882.69
22756.87;23;246;1;2409.63;2094.97
22758.27;3;104;3;1162.16;872.71
22758.42;20;416;2;1470.52;1162.31
22763.88;12;280;0;1475.97;892.69
22766.91;23;246;1;2419.68;2105.02
22768.31;3;104;3;1172.2;882.75
22773.92;12;280;0;1486.01;902.73
22774.51;31;409;2;1169.47;871.15
22776.96;23;246;1;2429.72;2115.06
22778.36;3;104;3;1182.25;892.8
22783.96;12;280;0;1206.4;912.78
22784.59;31;409;2;1179.55;881.23
22787;23;246;1;2439.77;2125.1
22788.4;3;104;3;1192.29;902.84
22794.01;12;280;0;1216.45;922.82
22794.63;31;409;2;1189.59;891.27
22797;23;246;1;2449.77;2135.11
22798.44;3;104;3;1202.33;912.88
22804.04;12;280;0;1226.48;932.85
22804.65;31;409;2;1199.6;901.28
22807.05;23;246;1;2459.81;2145.15
22808.49;3;104;3;1212.37;922.92
22814.05;12;280;0;1236.49;942.86
22814.66;31;409;2;1209.61;911.29
22817.09;23;246;1;2469.86;2155.19
22818.53;3;104;3;1222.42;932.97
22824.09;12;280;0;1246.53;952.9
22824.7;31;409;2;1219.65;921.34
22827.14;23;246;1;2479.9;2165.24
22828.57;3;104;3;1251.01;943.01
22834.14;12;280;0;1256.58;962.95
22834.74;31;409;2;1229.7;931.38
22838.62;3;104;3;1261.06;953.06
22842.8;22;332;1;614.04;323.43
22844.18;12;280;0;1266.62;972.99
22844.78;31;409;2;1239.73;941.41
22848.66;3;104;3;1271.1;963.1
22852.83;22;332;1;624.07;333.47
22854.23;12;280;0;1276.67;983.04
22854.82;31;409;2;1249.78;951.46
22858.71;3;104;3;1281.15;973.15
22862.88;22;332;1;634.12;343.51
22864.27;12;280;0;1286.71;993.08
22864.87;31;409;2;1259.82;961.5
22868.75;3;104;3;1291.19;983.19
22872.88;22;332;1;644.12;353.51
22874.91;31;409;2;1269.87;971.55
22878.8;3;104;3;1301.24;993.24
22880.75;17;505;0;995.19;651.99
22882.92;22;332;1;654.17;363.56
22884.96;31;409;2;1288.85;981.59
22888.84;3;104;3;1311.28;1003.28
22890.79;17;505;0;1005.23;662.04
22892.97;22;332;1;664.21;373.6
22895;31;409;2;1298.89;991.64
22898.89;3;104;3;1321.33;1013.32
22900.84;17;505;0;1015.28;672.08
22903.01;22;332;1;674.26;383.65
22905.05;31;409;2;1308.94;1001.68
22908.93;3;104;3;1331.37;1023.37
22910.88;17;505;0;1025.32;682.12
22913.06;22;332;1;684.3;393.69
22915.09;31;409;2;1318.98;1011.73
22918.97;3;104;3;1322.86;1033.41
22920.92;17;505;0;1035.36;692.17
22923.1;22;332;1;694.35;403.74
22925.14;31;409;2;1329.02;1021.77
22928.99;3;104;3;1332.88;1043.43
22930.93;17;505;0;1045.37;702.18
22933.11;22;332;1;704.35;413.74
22935.18;31;409;2;1339.07;1031.81
22939;3;104;3;1342.89;1053.44
22940.98;17;505;0;1055.42;712.22
22943.15;22;332;1;714.39;423.79
22945.22;31;409;2;1349.11;1041.86
22949.05;3;104;3;1352.94;1063.49
22951.02;17;505;0;1065.46;722.27
22953.16;22;332;1;724.4;433.79
22955.27;31;409;2;1359.16;1051.9
22959.09;3;104;3;1362.98;1073.53
22961.07;17;505;0;1075.51;732.31
22963.2;22;332;1;734.45;443.84
22965.29;31;409;2;1369.18;1061.93
22969.14;3;104;3;1373.03;1083.58
22971.08;17;505;0;1085.52;742.32
22973.25;22;332;1;744.49;453.88
22975.34;31;409;2;1379.23;1071.97
22979.16;3;104;3;1383.05;1093.6
22981.08;17;505;0;1095.52;752.32
22983.29;22;332;1;754.54;463.93
22985.38;31;409;2;1380.34;1082.02
22989.19;3;104;3;1393.08;1103.63
22991.12;17;505;0;1119.94;762.37
22993.34;22;332;1;764.58;473.97
22995.42;31;409;2;1390.37;1092.05
22999.23;3;104;3;1403.12;1113.67
23001.17;17;505;0;1129.98;772.41
23003.38;22;332;1;774.62;484.02
23005.46;31;409;2;1400.41;1102.1
23009.28;3;104;3;1413.16;1123.71
23011.17;17;505;0;1139.98;782.41
23013.4;22;332;1;784.64;494.03
23015.5;31;409;2;1410.46;1112.14
23021.18;17;505;0;1149.99;792.43
23023.44;22;332;1;794.69;504.08
23025.52;31;409;2;1420.48;1122.16
23026.03;6;99;3;2679.29;2400.25
23031.22;17;505;0;1160.03;802.47
23033.49;22;332;1;804.73;514.12
23035.57;31;409;2;1430.52;1132.2
23036.07;6;99;3;2689.33;2410.3
23041.22;17;505;0;1170.03;812.47
23043.53;22;332;1;814.77;524.17
23045.61;31;409;2;1440.56;1142.25
23046.08;6;99;3;2699.34;2420.31
23051.27;17;505;0;1180.08;822.51
23053.58;22;332;1;824.82;534.21
23055.65;31;409;2;1450.61;1152.29
23056.11;6;99;3;2709.37;2430.34
23061.31;17;505;0;1190.12;832.56
23063.59;22;332;1;834.83;544.22
23065.7;31;409;2;1460.65;1162.33
23066.16;6;99;3;2719.41;2440.38
23071.36;17;505;0;1200.17;842.6
23073.63;22;332;1;844.88;554.27
23076.2;6;99;3;2729.46;2450.42
23081.4;17;505;0;1210.21;852.64
23081.78;15;388;2;1171.82;853.03
23083.68;22;332;1;854.92;564.31
23086.24;6;99;3;2739.5;2460.47
23091.45;17;505;0;1220.26;862.69
23091.83;15;388;2;1181.86;863.07
23093.72;22;332;1;864.97;574.36
23096.27;6;99;3;2749.52;2470.49
23101.49;17;505;0;1215.93;872.73
23101.84;15;388;2;1191.87;873.08
23103.77;22;332;1;875.01;584.4
23106.28;6;99;3;2759.54;2480.5
23111.53;17;505;0;1225.97;882.78
23111.85;15;388;2;1201.88;883.09
23113.8;22;332;1;885.04;594.43
23116.32;6;99;3;2769.58;2490.55
23121.56;17;505;0;1235.99;892.8
23121.89;15;388;2;1211.92;893.13
23123.84;22;332;1;895.09;604.48
23126.35;6;99;3;2779.61;2500.58
23131.59;17;505;0;1246.03;902.83
23131.94;15;388;2;1221.97;903.18
23133.89;22;332;1;905.13;614.52
23136.38;6;99;3;2789.64;2510.61
23141.63;17;505;0;1256.07;912.88
23141.98;15;388;2;1232.01;913.22
23143.89;22;332;1;915.13;624.52
23146.43;6;99;3;2799.68;2520.65
23151.68;17;505;0;1266.12;922.92
23151.98;15;388;2;1242.01;923.22
23156.47;6;99;3;2809.73;2530.7
23160;23;302;1;931.24;931.12
23161.72;17;505;0;1276.16;932.97
23162.03;15;388;2;1252.06;933.27
23166.47;6;99;3;2819.73;2540.7
23170.04;23;302;1;941.29;941.17
23171.77;17;505;0;1286.21;943.01
23172.07;15;388;2;1262.1;943.31
23176.52;6;99;3;2829.77;2550.74
23180.09;23;302;1;951.33;951.21
23181.81;17;505;0;1296.25;953.05
23182.1;15;388;2;1272.13;953.34
23186.56;6;99;3;2839.82;2560.79
23190.13;23;302;1;961.38;961.25
23191.86;17;505;0;1306.3;963.1
23192.14;15;388;2;1288.78;963.39
23196.58;6;99;3;2849.84;2570.81
23200.18;23;302;1;971.42;971.3
23201.9;17;505;0;1316.34;973.14
23202.19;15;388;2;1298.82;973.43
23206.63;6;99;3;2859.88;2580.85
23210.19;23;302;1;981.44;981.31
23211.9;17;505;0;1326.34;983.14
23212.23;15;388;2;1308.87;983.48
23216.67;6;99;3;2869.93;2590.9
23220.24;23;302;1;991.48;991.36
23221.91;17;505;0;1336.35;993.15
23222.25;15;388;2;1318.89;993.5
23226.72;6;99;3;2879.97;2600.94
23230.28;23;302;1;1001.53;1001.4
23232.29;15;388;2;1322.33;1003.54
23236.76;6;99;3;2890.02;2610.98
23238.22;18;322;0;718.85;711.53
23240.28;23;302;1;1011.53;1011.41
23242.33;15;388;2;1332.37;1013.58
23246.8;6;99;3;2900.06;2621.03
23248.64;18;322;0;729.27;721.95
23250.33;23;302;1;1021.57;1021.45
23252.38;15;388;2;1342.41;1023.62
23256.85;6;99;3;2910.11;2631.07
23258.69;18;322;0;739.32;731.99
23260.37;23;302;1;1031.62;1031.49
23262.42;15;388;2;1352.45;1033.66
23266.88;6;99;3;2920.14;2641.1
23268.73;18;322;0;749.36;742.04
23270.42;23;302;1;1041.66;1041.54
23272.46;15;388;2;1362.49;1043.7
23276.92;6;99;3;2930.18;2651.15
23278.77;18;322;0;759.41;752.08
23280.42;23;302;1;1051.66;1051.54
23282.5;15;388;2;1372.54;1053.75
23286.97;6;99;3;2940.22;2661.19
23288.82;18;322;0;769.45;762.13
23290.46;23;302;1;1061.71;1061.59
23292.55;15;388;2;1382.58;1063.79
23297.01;6;99;3;2950.27;2671.24
23298.86;18;322;0;779.5;772.17
23300.51;23;302;1;1071.75;1071.63
23302.59;15;388;2;1392.63;1073.84
23307.06;6;99;3;2960.31;2681.28
23308.91;18;322;0;789.54;782.21
23310.55;23;302;1;1081.79;1081.67
23312.64;15;388;2;1402.67;1083.88
23318.95;18;322;0;799.59;792.26
23320.59;23;302;1;1091.84;1091.72
23322.68;15;388;2;1412.71;1093.92
23323.63;13;7;3;1420.27;1094.88
23328.97;18;322;0;809.61;802.28
23330.6;23;302;1;1101.84;1101.72
23332.72;15;388;2;1422.75;1103.96
23333.65;13;7;3;1430.28;1104.89
23338.98;18;322;0;819.61;812.28
23340.64;23;302;1;1111.88;1111.76
23342.76;15;388;2;1432.8;1114.01
23343.69;13;7;3;1440.33;1114.94
23348.99;18;322;0;1120.11;822.3
23350.69;23;302;1;1121.93;1121.81
23352.81;15;388;2;1442.84;1124.05
23353.74;13;7;3;1450.37;1124.98
23359.03;18;322;0;1130.15;832.34
23360.71;23;302;1;1131.95;1131.83
23362.82;15;388;2;1452.86;1134.06
23363.78;13;7;3;1460.42;1135.03
23369.04;18;322;0;1140.16;842.35
23370.75;23;302;1;1142;1141.87
23372.87;15;388;2;1462.9;1144.11
23373.83;13;7;3;1470.46;1145.07
23379.09;18;322;0;1150.21;852.4
23380.8;23;302;1;1152.04;1151.92
23383.84;13;7;3;1480.48;1155.08
23389.13;18;322;0;1160.25;862.44
23389.35;20;90;2;1160.59;869.98
23390.84;23;302;1;1162.08;1161.96
23393.89;13;7;3;1490.52;1165.13
23399.18;18;322;0;1170.3;872.48
23399.35;20;90;2;1170.59;879.98
23400.89;23;302;1;1172.13;1172.01
23403.92;13;7;3;1500.56;1175.17
23409.22;18;322;0;1180.34;882.53
23409.39;20;90;2;1180.64;890.03
23410.93;23;302;1;1182.17;1182.05
23413.93;13;7;3;1510.56;1185.17
23419.27;18;322;0;1190.39;892.57
23419.44;20;90;2;1190.68;900.07
23420.97;23;302;1;1192.22;1192.1
23423.97;13;7;3;1520.61;1195.22
23429.31;18;322;0;1200.43;902.62
23429.48;20;90;2;1200.72;910.11
23430.98;23;302;1;1202.22;1202.1
23434.02;13;7;3;1548.46;1205.26
23439.34;18;322;0;1210.46;912.65
23439.53;20;90;2;1210.77;920.16
23441.02;23;302;1;1212.26;1212.14
23444.06;13;7;3;1558.5;1215.31
23449.38;18;322;0;1220.51;922.69
23449.56;20;90;2;1220.81;930.2
23454.11;13;7;3;1568.55;1225.35
23458.15;22;275;1;629.54;298.11
23459.43;18;322;0;940.06;932.74
23459.59;20;90;2;1230.83;940.22
23464.15;13;7;3;1578.59;1235.4
23468.39;22;275;1;639.77;308.34
23469.46;18;322;0;950.09;942.76
23469.63;20;90;2;1240.88;950.27
23474.2;13;7;3;1588.64;1245.44
23478.43;22;275;1;649.82;318.39
23479.5;18;322;0;960.13;952.81
23479.66;20;90;2;1250.9;960.29
23484.21;13;7;3;1598.65;1255.45
23488.48;22;275;1;659.86;328.43
23489.55;18;322;0;970.18;962.85
23489.7;20;90;2;1260.94;970.33
23494.25;13;7;3;1590.88;1265.49
23498.51;22;275;1;669.89;338.46
23499.59;18;322;0;980.22;972.9
23499.72;20;90;2;1589.76;980.36
23504.29;13;7;3;1600.93;1275.54
23508.55;22;275;1;679.93;348.51
23509.63;18;322;0;990.27;982.94
23509.77;20;90;2;1599.8;990.4
23514.32;13;7;3;1610.95;1285.56
23518.6;22;275;1;689.98;358.55
23519.68;18;322;0;1000.31;992.99
23519.81;20;90;2;1609.85;1000.45
23524.36;13;7;3;1621;1295.61
23528.62;22;275;1;700;368.57
23529.86;20;90;2;1301.1;1010.49
23534.41;13;7;3;1631.04;1305.65
23536;12;155;0;711.26;707.38
23538.66;22;275;1;710.04;378.62
23539.9;20;90;2;1311.14;1020.53
23544.42;13;7;3;1641.05;1315.66
23546.05;12;155;0;721.3;717.43
23548.71;22;275;1;720.09;388.66
23549.92;20;90;2;1321.17;1030.56
23554.46;13;7;3;1651.1;1325.71
23556.07;12;155;0;731.32;727.45
23558.72;22;275;1;730.1;398.67
23559.97;20;90;2;1331.21;1040.6
23564.51;13;7;3;1661.14;1335.75
23566.11;12;155;0;741.37;737.49
23568.76;22;275;1;740.14;408.72
23570.01;20;90;2;1341.26;1050.65
23574.55;13;7;3;1671.19;1345.79
23576.16;12;155;0;751.41;747.54
23578.8;22;275;1;750.19;418.76
23580.06;20;90;2;1351.3;1060.69
23584.57;13;7;3;1681.21;1355.81
23586.2;12;155;0;761.46;757.58
23588.83;22;275;1;760.21;428.78
23590.09;20;90;2;1361.34;1070.73
23594.62;13;7;3;1691.25;1365.86
23596.25;12;155;0;771.5;767.63
23598.87;22;275;1;770.25;438.83
23600.14;20;90;2;1371.38;1080.77
23604.65;13;7;3;1701.28;1375.89
23606.29;12;155;0;781.54;777.67
23608.92;22;275;1;780.3;448.87
23610.18;20;90;2;1381.43;1090.82
23614.69;13;7;3;1711.33;1385.93
23616.33;12;155;0;791.59;787.71
23618.96;22;275;1;790.34;458.92
23620.23;20;90;2;1391.47;1100.86
23624.73;13;7;3;1721.37;1395.98
23626.33;12;155;0;801.59;797.71
23629;22;275;1;800.39;468.96
23630.27;20;90;2;1401.52;1110.91
23634.78;13;7;3;1731.41;1406.02
23636.38;12;155;0;811.63;807.76
23639.05;22;275;1;810.43;479
23640.32;20;90;2;1411.56;1120.95
23646.42;12;155;0;1119.72;817.8
23649.09;22;275;1;820.47;489.05
23650.36;20;90;2;1421.6;1131
23650.41;3;157;3;1131.04;821.79
23656.44;12;155;0;1129.75;827.82
23659.14;22;275;1;830.52;499.09
23660.41;20;90;2;1431.65;1141.04
23660.55;3;157;3;1141.18;831.93
23666.48;12;155;0;1139.79;837.87
23669.18;22;275;1;840.56;509.14
23670.43;20;90;2;1441.67;1151.06
23670.59;3;157;3;1151.23;841.97
23676.52;12;155;0;1149.83;847.9
23679.21;22;275;1;850.59;519.17
23680.64;3;157;3;1161.27;852.02
23686.35;31;417;2;1166.98;861.6
23686.56;12;155;0;1159.87;857.95
23689.26;22;275;1;860.64;529.21
23690.68;3;157;3;1171.31;862.06
23696.39;31;417;2;1177.03;871.65
23696.61;12;155;0;1169.92;867.99
23699.3;22;275;1;870.68;539.26
23700.69;3;157;3;1181.33;872.07
23706.44;31;417;2;1187.07;881.69
23706.65;12;155;0;1179.96;878.03
23709.31;22;275;1;880.69;549.27
23710.74;3;157;3;1191.37;882.12
23716.48;31;417;2;1197.11;891.74
23716.7;12;155;0;1190.01;888.08
23719.36;22;275;1;890.74;559.31
23720.78;3;157;3;1201.41;892.16
23726.51;31;417;2;1207.14;901.76
23726.74;12;155;0;1200.05;898.12
23729.4;22;275;1;900.78;569.36
23730.82;3;157;3;1211.46;902.21
23736.55;31;417;2;1217.19;911.81
23736.79;12;155;0;912.04;908.17
23739.45;22;275;1;910.83;579.4
23740.85;3;157;3;1221.48;912.23
23746.6;31;417;2;1227.23;921.85
23746.83;12;155;0;922.09;918.21
23749.49;22;275;1;920.87;589.45
23750.89;3;157;3;1231.52;922.27
23756.64;31;417;2;1237.27;931.9
23756.88;12;155;0;932.13;928.26
23759.53;22;275;1;930.92;599.49
23760.93;3;157;3;1241.57;932.32
23766.68;31;417;2;1247.32;941.94
23766.92;12;155;0;942.17;938.3
23769.56;22;275;1;940.94;609.51
23770.98;3;157;3;1251.61;942.36
23776.73;31;417;2;1257.36;951.98
23776.96;12;155;0;952.22;948.35
23779.6;22;275;1;950.98;619.56
23781.01;3;157;3;1261.65;952.4
23786.77;31;417;2;1267.41;962.03
23787.01;12;155;0;962.26;958.39
23791.06;3;157;3;1271.69;962.44
23796.11;23;298;1;1924.92;1886.15
23796.82;31;417;2;1277.45;972.07
23797.03;12;155;0;972.29;968.42
23801.1;3;157;3;1281.74;972.48
23806.18;23;298;1;1934.99;1896.21
23806.86;31;417;2;1287.49;982.11
23807.07;12;155;0;982.32;978.45
23811.11;3;157;3;1291.74;982.49
23816.22;23;298;1;1945.04;1906.26
23816.87;31;417;2;1297.51;992.13
23817.11;12;155;0;992.36;988.49
23821.15;3;157;3;1301.78;992.53
23826.27;23;298;1;1955.08;1916.3
23826.91;31;417;2;1307.54;1002.16
23831.19;3;157;3;1311.83;1002.58
23833.66;17;474;0;1005.05;661.85
23836.31;23;298;1;1965.12;1926.35
23836.94;31;417;2;1317.58;1012.2
23841.24;3;157;3;1321.87;1012.62
23843.98;17;474;0;1015.36;672.17
23846.36;23;298;1;1975.17;1936.39
23846.99;31;417;2;1327.62;1022.24
23851.28;3;157;3;1331.91;1022.66
23854.02;17;474;0;1025.4;682.21
23856.4;23;298;1;1985.21;1946.44
23857.03;31;417;2;1337.66;1032.29
23861.32;3;157;3;1341.96;1032.71
23864.07;17;474;0;1035.45;692.26
23866.45;23;298;1;1995.26;1956.48
23867.08;31;417;2;1347.71;1042.33
23871.37;3;157;3;1352;1042.75
23874.11;17;474;0;1045.49;702.3
23876.49;23;298;1;2005.3;1966.52
23877.12;31;417;2;1357.75;1052.37
23881.39;3;157;3;1362.03;1052.77
23884.16;17;474;0;1055.54;712.35
23886.51;23;298;1;2015.32;1976.54
23887.13;31;417;2;1367.77;1062.39
23891.44;3;157;3;1372.07;1062.82
23894.17;17;474;0;1065.55;722.36
23896.55;23;298;1;2025.37;1986.59
23897.18;31;417;2;1377.81;1072.43
23901.48;3;157;3;1382.12;1072.86
23904.22;17;474;0;1075.6;732.41
23906.6;23;298;1;2301.55;1996.63
23907.19;31;417;2;1387.82;1082.44
23911.53;3;157;3;1392.16;1082.91
23914.23;17;474;0;1085.61;742.41
23916.62;23;298;1;2311.58;2006.66
23917.23;31;417;2;1397.87;1092.49
23921.57;3;157;3;1402.2;1092.95
23924.26;17;474;0;1095.64;752.45
23926.67;23;298;1;2321.62;2016.7
23927.26;31;417;2;1407.89;1102.51
23931.61;3;157;3;1412.25;1102.99
23934.31;17;474;0;1105.69;762.49
23936.69;23;298;1;2331.64;2026.72
23937.3;31;417;2;1417.93;1112.56
23941.62;3;157;3;1422.26;1113.01
23944.35;17;474;0;1119.61;772.54
23946.74;23;298;1;2341.69;2036.77
23947.35;31;417;2;1427.98;1122.6
23951.67;3;157;3;1432.3;1123.05
23954.4;17;474;0;1129.65;782.58
23956.78;23;298;1;2351.73;2046.81
23957.39;31;417;2;1438.02;1132.64
23964.44;17;474;0;1139.69;792.63
23966.8;23;298;1;2361.75;2056.83
23967.43;31;417;2;1448.07;1142.69
23967.89;6;307;3;1739.01;1448.52
23974.48;17;474;0;1149.74;802.67
23976.84;23;298;1;2371.8;2066.88
23977.48;31;417;2;1458.11;1152.73
23977.93;6;307;3;1749.05;1458.57
23984.53;17;474;0;1159.78;812.72
23986.89;23;298;1;2381.84;2076.92
23987.52;31;417;2;1468.16;1162.78
23987.98;6;307;3;1759.1;1468.61
23994.57;17;474;0;1169.83;822.76
23996.93;23;298;1;2391.89;2086.97
23998.02;6;307;3;1769.14;1478.66
24003.65;15;361;2;1175.03;831.84
24004.62;17;474;0;1179.87;832.81
24006.93;23;298;1;2401.89;2096.97
24008.07;6;307;3;1779.19;1488.7
24013.9;15;361;2;1185.28;842.09
24014.66;17;474;0;1189.91;842.85
24016.98;23;298;1;2145.79;2107.01
24018.11;6;307;3;1789.23;1498.74
24023.91;15;361;2;1195.3;852.1
24024.7;17;474;0;1199.96;852.89
24027.02;23;298;1;2155.83;2117.06
24028.13;6;307;3;1799.25;1508.77
24033.96;15;361;2;1205.34;862.15
24034.72;17;474;0;1209.98;862.91
24037.07;23;298;1;2165.88;2127.1
24038.14;6;307;3;1809.26;1518.77
24044;15;361;2;1215.38;872.19
24044.74;17;474;0;1219.99;872.93
24047.11;23;298;1;2175.92;2137.15
24048.15;6;307;3;1819.27;1528.78
24054.04;15;361;2;1225.42;882.23
24054.78;17;474;0;1226.16;882.97
24057.16;23;298;1;2185.97;2147.19
24058.19;6;307;3;1829.31;1538.82
24064.09;15;361;2;1235.47;892.27
24064.83;17;474;0;1236.21;893.01
24067.2;23;298;1;2196.01;2157.23
24068.23;6;307;3;1839.36;1548.87
24074.11;15;361;2;1245.49;902.3
24074.87;17;474;0;1246.25;903.06
24077.25;23;298;1;2206.06;2167.28
24078.24;6;307;3;1849.49;1558.88
24084.15;15;361;2;1255.54;912.34
24084.91;17;474;0;1256.29;913.1
24088.29;6;307;3;1859.53;1568.92
24093.93;22;464;1;922.12;595.38
24094.19;15;361;2;1265.57;922.38
24094.95;17;474;0;1266.33;923.13
24098.32;6;307;3;1869.56;1578.95
24103.98;22;464;1;932.16;605.43
24104.23;15;361;2;1275.61;932.42
24104.99;17;474;0;1276.37;933.18
24108.36;6;307;3;1879.6;1589
24114.02;22;464;1;942.21;615.47
24114.28;15;361;2;1285.66;942.47
24115.01;17;474;0;1286.39;943.2
24118.4;6;307;3;1889.64;1599.03
24124.07;22;464;1;952.25;625.51
24124.32;15;361;2;1295.7;952.51
24125.04;17;474;0;1296.42;953.23
24128.44;6;307;3;1899.69;1609.08
24134.08;22;464;1;962.27;635.53
24134.37;15;361;2;1305.75;962.56
24135.08;17;474;0;1306.46;963.27
24138.49;6;307;3;1909.73;1619.12
24144.11;22;464;1;972.3;645.56
24144.37;15;361;2;1315.75;972.56
24145.08;17;474;0;1316.47;973.27
24148.53;6;307;3;1919.78;1629.17
24154.13;22;464;1;982.32;655.58
24154.41;15;361;2;1325.8;982.6
24155.09;17;474;0;1326.48;983.28
24158.58;6;307;3;1929.82;1639.21
24164.17;22;464;1;992.36;665.62
24164.44;15;361;2;1335.82;992.63
24165.1;17;474;0;1336.48;993.29
24168.62;6;307;3;1939.86;1649.26
24174.22;22;464;1;1002.41;675.67
24174.48;15;361;2;1345.87;1002.67
24178.67;6;307;3;1949.91;1659.3
24181.06;18;546;0;706.82;661.34
24184.26;22;464;1;1012.45;685.71
24184.53;15;361;2;1355.91;1012.72
24188.68;6;307;3;1959.8;1669.31
24191.26;18;546;0;717.02;671.53
24194.3;22;464;1;1022.49;695.75
24194.57;15;361;2;1365.95;1022.76
24198.69;6;307;3;1969.82;1679.33
24201.27;18;546;0;727.03;681.55
24204.33;22;464;1;1032.52;705.78
24204.61;15;361;2;1376;1032.8
24208.74;6;307;3;1979.86;1689.37
24211.32;18;546;0;737.07;691.59
24214.38;22;464;1;1042.57;715.83
24214.62;15;361;2;1386.01;1042.81
24218.78;6;307;3;1989.9;1699.41
24221.36;18;546;0;747.12;701.64
24224.42;22;464;1;1052.61;725.87
24224.67;15;361;2;1396.05;1052.86
24228.82;6;307;3;1999.94;1709.45
24231.4;18;546;0;757.16;711.68
24234.43;22;464;1;1062.62;735.88
24234.71;15;361;2;1406.09;1062.9
24238.86;6;307;3;2009.99;1719.5
24241.45;18;546;0;767.21;721.73
24244.47;22;464;1;1072.66;745.92
24244.76;15;361;2;1416.14;1072.95
24248.87;6;307;3;2019.99;1729.51
24251.49;18;546;0;777.25;731.77
24254.52;22;464;1;1082.71;755.97
24254.8;15;361;2;1426.18;1082.99
24261.52;18;546;0;787.28;741.8
24264.56;22;464;1;1092.75;766.01
24264.82;15;361;2;1436.2;1093
24265.41;13;547;3;1093.6;791.17
24271.56;18;546;0;797.32;751.84
24274.61;22;464;1;1102.79;776.06
24274.86;15;361;2;1446.24;1103.05
24275.7;13;547;3;1103.89;801.46
24281.61;18;546;0;807.37;761.89
24284.65;22;464;1;1112.84;786.1
24284.9;15;361;2;1456.28;1113.09
24285.75;13;547;3;1113.94;811.51
24291.65;18;546;0;817.41;771.93
24294.66;22;464;1;1122.84;796.11
24294.95;15;361;2;1466.33;1123.13
24295.79;13;547;3;1123.97;821.54
24301.7;18;546;0;827.46;781.97
24304.67;22;464;1;1132.86;806.12
24304.99;15;361;2;1476.37;1133.18
24305.83;13;547;3;1134.02;831.59
24311.7;18;546;0;837.46;791.98
24314.7;22;464;1;1142.89;816.15
24315.87;13;547;3;1144.06;841.63
24320.42;20;527;2;1148.61;846.18
24321.71;18;546;0;847.47;801.99
24324.74;22;464;1;1152.93;826.19
24325.88;13;547;3;1154.07;851.64
24330.81;20;527;2;1159;856.57
24331.75;18;546;0;857.51;812.03
24334.79;22;464;1;1162.98;836.24
24335.92;13;547;3;1164.11;861.68
24340.86;20;527;2;1169.04;866.61
24341.8;18;546;0;867.56;822.07
24344.83;22;464;1;1173.02;846.28
24345.92;13;547;3;1174.11;871.68
24350.9;20;527;2;1179.09;876.66
24351.84;18;546;0;877.6;832.12
24354.88;22;464;1;1183.07;856.33
24355.97;13;547;3;1184.16;881.73
24360.94;20;527;2;1189.13;886.7
24361.85;18;546;0;887.61;842.13
24364.92;22;464;1;1193.11;866.37
24366.01;13;547;3;1205.97;891.77
24370.99;20;527;2;1199.18;896.75
24371.86;18;546;0;897.62;852.14
24374.97;22;464;1;1203.16;876.42
24376.06;13;547;3;1216.01;901.81
24381.03;20;527;2;1209.22;906.79
24381.87;18;546;0;907.63;862.15
24385.01;22;464;1;1213.2;886.46
24386.1;13;547;3;1226.06;911.86
24391.08;20;527;2;1219.27;916.84
24391.91;18;546;0;917.67;872.19
24395.06;22;464;1;1223.24;896.51
24396.14;13;547;3;1236.1;921.9
24401.12;20;527;2;1229.31;926.88
24401.94;18;546;0;927.7;882.21
24405.1;22;464;1;1233.29;906.55
24406.17;13;547;3;1246.12;931.93
24411.17;20;527;2;1239.35;936.93
24411.98;18;546;0;937.74;892.26
24415.14;22;464;1;1243.33;916.59
24416.21;13;547;3;1256.17;941.97
24421.21;20;527;2;1249.4;946.97
24422.03;18;546;0;947.79;902.3
24426.23;13;547;3;1254.42;951.99
24431.26;20;527;2;1259.44;957.01
24431.3;23;88;1;911.58;620.15
24432.06;18;546;0;957.82;912.33
24436.28;13;547;3;1264.47;962.04
24441.28;20;527;2;1269.47;967.04
24441.63;23;88;1;921.9;630.48
24442.09;18;546;0;967.85;922.37
24446.31;13;547;3;1274.5;972.07
24451.32;20;527;2;1279.51;977.08
24451.67;23;88;1;931.95;640.52
24452.13;18;546;0;977.89;932.4
24456.36;13;547;3;1284.54;982.11
24461.36;20;527;2;1289.55;987.12
24461.7;23;88;1;941.97;650.54
24462.17;18;546;0;987.93;942.45
24466.4;13;547;3;1294.59;992.16
24471.38;20;527;2;1299.57;997.14
24471.74;23;88;1;952.02;660.59
24472.22;18;546;0;997.97;952.49
24476.44;13;547;3;1304.63;1002.2
24481.43;20;527;2;1309.62;1007.19
24481.78;23;88;1;962.06;670.63
24482.26;18;546;0;1008.02;962.54
24486.49;13;547;3;1314.68;1012.25
24491.47;20;527;2;1319.66;1017.23
24491.83;23;88;1;972.11;680.68
24492.3;18;546;0;1018.06;972.58
24496.52;13;547;3;1324.7;1022.27
24501.51;20;527;2;1329.7;1027.27
24501.87;23;88;1;982.15;690.72
24502.34;18;546;0;1028.1;982.62
24506.56;13;547;3;1334.75;1032.32
24511.55;20;527;2;1339.74;1037.31
24511.9;23;88;1;992.18;700.75
24512.39;18;546;0;1038.15;992.67
24516.6;13;547;3;1344.79;1042.36
24521.6;20;527;2;1349.78;1047.35
24521.91;23;88;1;1002.18;710.76
24526.61;13;547;3;1354.8;1052.37
24529.03;12;205;0;752.26;695.05
24531.64;20;527;2;1359.83;1057.4
24531.93;23;88;1;1012.21;720.78
24536.64;13;547;3;1364.83;1062.4
24539.04;12;205;0;762.26;705.06
24541.65;20;527;2;1369.84;1067.41
24541.96;23;88;1;1043.41;730.81
24546.69;13;547;3;1374.88;1072.45
24549.08;12;205;0;772.31;715.1
24551.69;20;527;2;1379.88;1077.45
24552;23;88;1;1053.45;740.85
24556.73;13;547;3;1384.92;1082.49
24559.13;12;205;0;782.35;725.15
24561.7;20;527;2;1389.89;1087.46
24562.05;23;88;1;1063.5;750.9
24566.78;13;547;3;1394.97;1092.54
24569.17;12;205;0;792.4;735.19
24571.74;20;527;2;1399.92;1097.49
24572.09;23;88;1;1052.37;760.94
24576.82;13;547;3;1405.01;1102.58
24579.18;12;205;0;802.41;745.2
24581.78;20;527;2;1409.97;1107.54
24582.14;23;88;1;1062.41;770.98
24586.87;13;547;3;1415.05;1112.62
24589.22;12;205;0;812.45;755.25
24591.82;20;527;2;1420.01;1117.58
24592.18;23;88;1;1072.46;781.03
24596.91;13;547;3;1425.09;1122.66
24599.27;12;205;0;822.5;765.29
24601.86;20;527;2;1430.05;1127.62
24602.19;23;88;1;1082.47;791.04
24609.31;12;205;0;832.54;775.33
24611.91;20;527;2;1440.1;1137.67
24612.24;23;88;1;1092.52;801.09
24613.34;3;445;3;1114.78;802.19
24619.36;12;205;0;842.58;785.38
24621.95;20;527;2;1450.14;1147.71
24622.28;23;88;1;1102.56;811.13
24623.38;3;445;3;1124.83;812.23
24629.4;12;205;0;852.63;795.42
24631.95;20;527;2;1460.14;1157.71
24632.31;23;88;1;1112.58;821.16
24633.4;3;445;3;1134.85;822.25
24639.45;12;205;0;1119.72;805.47
24642.35;23;88;1;1122.63;831.2
24643.44;3;445;3;1144.89;832.29
24648.39;31;30;2;1174.15;871.61
24649.49;12;205;0;1129.77;815.51
24652.4;23;88;1;1132.67;841.25
24653.45;3;445;3;1154.9;842.3
24658.57;31;30;2;1184.33;881.8
24659.53;12;205;0;1139.8;825.55
24662.43;23;88;1;1142.71;851.28
24663.48;3;445;3;1164.92;852.33
24668.62;31;30;2;1194.38;891.84
24669.57;12;205;0;1149.85;835.59
24672.47;23;88;1;1152.75;861.32
24673.48;3;445;3;1174.93;862.33
24678.66;31;30;2;1204.42;901.89
24679.62;12;205;0;1159.89;845.64
24682.48;23;88;1;1162.75;871.33
24683.5;3;445;3;1184.95;872.35
24688.71;31;30;2;1214.46;911.93
24689.63;12;205;0;1169.91;855.65
24692.52;23;88;1;1172.8;881.37
24693.55;3;445;3;1195;882.4
24698.75;31;30;2;1224.51;921.98
24699.68;12;205;0;1179.95;865.7
24702.57;23;88;1;1182.84;891.42
24703.56;3;445;3;1205.01;892.41
24708.79;31;30;2;1234.55;932.02
24709.7;12;205;0;932.93;875.72
24712.61;23;88;1;1192.89;901.46
24713.58;3;445;3;1215.03;902.43
24718.81;31;30;2;1244.57;942.04
24719.74;12;205;0;942.97;885.77
24722.66;23;88;1;1202.93;911.5
24723.62;3;445;3;1249.38;912.47
24728.82;31;30;2;1254.58;952.05
24729.77;12;205;0;953;895.8
24733.67;3;445;3;1259.43;922.52
24738.21;22;148;1;609.73;296.54
24738.87;31;30;2;1264.63;962.09
24739.82;12;205;0;963.05;905.84
24743.71;3;445;3;1269.47;932.56
24748.43;22;148;1;619.94;306.76
24748.91;31;30;2;1274.67;972.14
24749.84;12;205;0;973.06;915.86
24753.76;3;445;3;1255.21;942.61
24758.48;22;148;1;629.99;316.8
24758.96;31;30;2;1587.14;982.18
24759.88;12;205;0;983.11;925.9
24763.8;3;445;3;1265.25;952.65
24768.5;22;148;1;640.01;326.83
24769;31;30;2;1294.76;992.22
24769.92;12;205;0;993.15;935.95
24773.85;3;445;3;1275.3;962.7
24778.54;22;148;1;650.06;336.87
24779.01;31;30;2;1304.77;1002.24
24779.97;12;205;0;1003.2;945.99
24783.89;3;445;3;1285.34;972.74
24788.59;22;148;1;660.1;346.92
24789.04;31;30;2;1314.79;1012.26
24790;12;205;0;1013.23;956.02
24793.94;3;445;3;1295.38;982.78
24798.63;22;148;1;670.14;356.96
24799.08;31;30;2;1324.84;1022.31
24800.04;12;205;0;1023.27;966.07
24803.98;3;445;3;1305.43;992.83
24808.66;22;148;1;680.17;366.99
24809.12;31;30;2;1334.88;1032.35
24810.09;12;205;0;1033.32;976.11
24814.02;3;445;3;1315.47;1002.87
24818.7;22;148;1;690.21;377.03
24819.17;31;30;2;1344.93;1042.39
24820.13;12;205;0;1043.36;986.15
24824.07;3;445;3;1325.52;1012.92
24828.74;22;148;1;700.25;387.07
24829.21;31;30;2;1354.97;1052.44
24834.11;3;445;3;1335.56;1022.96
24836.67;17;166;0;742.43;691.54
24838.78;22;148;1;710.29;397.11
24839.26;31;30;2;1365.01;1062.48
24844.16;3;445;3;1345.61;1033.01
24846.94;17;166;0;752.7;701.81
24848.83;22;148;1;724.72;407.16
24849.3;31;30;2;1375.06;1072.53
24854.2;3;445;3;1355.65;1043.05
24856.95;17;166;0;762.72;711.82
24858.87;22;148;1;734.76;417.2
24859.34;31;30;2;1385.1;1082.57
24864.22;3;445;3;1365.67;1053.07
24867;17;166;0;772.76;721.87
24868.92;22;148;1;744.81;427.24
24869.35;31;30;2;1395.11;1092.58
24874.27;3;445;3;1375.71;1063.12
24877.04;17;166;0;782.81;731.91
24878.96;22;148;1;754.85;437.29
24879.4;31;30;2;1405.16;1102.63
24884.3;3;445;3;1385.75;1073.15
24887.09;17;166;0;792.85;741.96
24889;22;148;1;764.9;447.33
24889.44;31;30;2;1415.2;1112.67
24894.31;3;445;3;1395.75;1083.15
24897.13;17;166;0;802.9;752
24899.05;22;148;1;774.94;457.38
24899.49;31;30;2;1425.25;1122.72
24904.35;3;445;3;1405.8;1093.2
24907.17;17;166;0;812.94;762.05
24909.06;22;148;1;784.95;467.39
24909.53;31;30;2;1435.29;1132.76
24914.39;3;445;3;1415.84;1103.24
24917.22;17;166;0;822.99;772.09
24919.08;22;148;1;790.59;477.41
24919.58;31;30;2;1445.34;1142.8
24924.44;3;445;3;1425.88;1113.29
24927.26;17;166;0;833.03;782.13
24929.13;22;148;1;800.64;487.45
24929.62;31;30;2;1455.38;1152.85
24934.48;3;445;3;1435.93;1123.33
24937.26;17;166;0;843.03;792.13
24939.17;22;148;1;810.68;497.5
24939.67;31;30;2;1465.42;1162.89
24947.28;17;166;0;1113.3;802.15
24949.21;22;148;1;820.73;507.54
24950.26;6;407;3;1116.28;821.78
24955.67;15;295;2;1144.52;861.44
24957.28;17;166;0;1123.3;812.15
24959.26;22;148;1;830.77;517.59
24960.31;6;407;3;1126.33;831.82
24965.88;15;295;2;1154.73;871.64
24967.33;17;166;0;1133.35;822.2
24969.28;22;148;1;840.79;527.61
24970.35;6;407;3;1136.37;841.86
24975.92;15;295;2;1164.77;881.69
24977.37;17;166;0;1143.39;832.24
24979.33;22;148;1;850.84;537.65
24980.4;6;407;3;1146.42;851.91
24985.96;15;295;2;1174.81;891.73
24987.41;17;166;0;1153.44;842.29
24989.37;22;148;1;860.88;547.7
24990.44;6;407;3;1156.46;861.95
24996.01;15;295;2;1184.86;901.78
24997.46;17;166;0;1163.48;852.33
24999.41;22;148;1;870.93;557.74
25000.49;6;407;3;1166.51;872
25006.05;15;295;2;1194.9;911.82
25007.5;17;166;0;1173.52;862.37
25009.46;22;148;1;880.97;567.79
25010.53;6;407;3;1176.55;882.04
25016.07;15;295;2;1204.92;921.84
25017.55;17;166;0;923.31;872.42
25019.5;22;148;1;891.02;577.83
25020.53;6;407;3;1186.55;892.04
25026.12;15;295;2;1214.97;931.88
25027.55;17;166;0;933.32;882.42
25029.55;22;148;1;901.06;587.88
25030.54;6;407;3;1196.56;902.05
25036.16;15;295;2;1225.01;941.93
25037.59;17;166;0;943.36;892.46
25039.59;22;148;1;911.1;597.92
25040.58;6;407;3;1206.6;912.09
25046.21;15;295;2;1235.06;951.97
25047.64;17;166;0;953.4;902.51
25050.63;6;407;3;1216.65;922.14
25056.25;15;295;2;1245.1;962.02
25056.45;23;326;1;1245.3;932.34
25057.65;17;166;0;963.42;912.52
25060.63;6;407;3;1249.48;932.14
25066.26;15;295;2;1289.48;972.02
25066.47;23;326;1;1255.32;942.36
25067.69;17;166;0;973.46;922.56
25070.68;6;407;3;1259.53;942.19
25076.3;15;295;2;1299.53;982.07
25076.52;23;326;1;1265.36;952.41
25077.74;17;166;0;983.5;932.61
25080.72;6;407;3;1269.57;952.23
25086.34;15;295;2;1309.57;992.11
25086.52;23;326;1;1275.37;962.41
25087.78;17;166;0;993.55;942.65
25090.76;6;407;3;1279.61;962.28
25096.37;15;295;2;1319.59;1002.13
25096.57;23;326;1;1285.42;972.46
25097.83;17;166;0;1003.59;952.7
25100.81;6;407;3;1289.66;972.32
25106.41;15;295;2;1329.64;1012.18
25106.61;23;326;1;1295.46;982.5
25107.87;17;166;0;1013.64;962.74
25110.85;6;407;3;1299.7;982.37
25116.45;15;295;2;1339.68;1022.22
25116.66;23;326;1;1305.51;992.55
25117.92;17;166;0;1023.68;972.79
25120.9;6;407;3;1309.75;992.41
25126.5;15;295;2;1349.73;1032.27
25126.7;23;326;1;1315.55;1002.59
25127.96;17;166;0;1033.73;982.83
25130.94;6;407;3;1319.79;1002.45
25136.53;15;295;2;1325.38;1042.3
25136.74;23;326;1;1325.59;1012.63
25138;17;166;0;1043.77;992.88
25140.99;6;407;3;1307.01;1012.5
25146.58;15;295;2;1335.43;1052.34
25146.78;23;326;1;1335.63;1022.67
25151.03;6;407;3;1317.05;1022.54
25155.24;18;258;0;744.02;703.06
25156.62;15;295;2;1345.47;1062.39
25156.83;23;326;1;1345.68;1032.72
25161.08;6;407;3;1327.1;1032.59
25165.28;18;258;0;754.07;713.11
25166.66;15;295;2;1355.51;1072.42
25166.87;23;326;1;1355.72;1042.76
25171.08;6;407;3;1337.1;1042.6
25175.32;18;258;0;764.11;723.15
25176.66;15;295;2;1365.51;1082.43
25176.91;23;326;1;1365.76;1052.8
25181.12;6;407;3;1347.14;1052.63
25185.37;18;258;0;774.16;733.2
25186.71;15;295;2;1375.56;1092.47
25186.95;23;326;1;1375.8;1062.84
25191.16;6;407;3;1357.18;1062.67
25195.41;18;258;0;784.2;743.24
25196.75;15;295;2;1385.6;1102.52
25196.97;23;326;1;1385.82;1072.86
25201.16;6;407;3;1367.18;1072.67
25205.46;18;258;0;794.25;753.29
25206.8;15;295;2;1395.65;1112.56
25207;23;326;1;1395.85;1082.89
25211.21;6;407;3;1377.23;1082.72
25215.5;18;258;0;804.29;763.33
25216.84;15;295;2;1405.69;1122.61
25217;23;326;1;1405.85;1092.89
25221.25;6;407;3;1387.27;1092.76
25225.55;18;258;0;814.34;773.38
25226.89;15;295;2;1415.74;1132.65
25227.04;23;326;1;1415.89;1102.93
25231.26;6;407;3;1397.29;1102.78
25235.59;18;258;0;824.38;783.42
25236.91;15;295;2;1425.76;1142.67
25237.09;23;326;1;1425.94;1112.98
25241.31;6;407;3;1407.33;1112.82
25245.64;18;258;0;834.42;793.46
25246.95;15;295;2;1435.8;1152.72
25247.1;23;326;1;1435.95;1122.99
25251.35;6;407;3;1417.37;1122.87
25255.68;18;258;0;844.47;803.51
25257;15;295;2;1445.85;1162.76
25257.14;23;326;1;1445.99;1133.03
25265.71;18;258;0;1120.58;813.54
25267.19;23;326;1;1456.04;1143.08
25267.37;13;105;3;1122.25;825.7
25272.76;20;233;2;1148.65;861.55
25275.75;18;258;0;1130.62;823.58
25277.23;23;326;1;1466.08;1153.12
25277.42;13;105;3;1132.29;835.75
25282.8;20;233;2;1158.69;871.59
25285.76;18;258;0;1140.63;833.59
25287.27;23;326;1;1476.12;1163.17
25287.42;13;105;3;1142.29;845.75
25292.85;20;233;2;1168.74;881.64
25295.8;18;258;0;1150.67;843.63
25297.32;23;326;1;1486.17;1173.21
25297.47;13;105;3;1152.34;855.8
25302.89;20;233;2;1178.78;891.68
25305.85;18;258;0;1160.72;853.68
25307.36;23;326;1;1496.21;1183.25
25307.51;13;105;3;1162.38;865.84
25312.89;20;233;2;1188.78;901.68
25315.89;18;258;0;1170.76;863.72
25317.4;23;326;1;1506.25;1193.29
25317.56;13;105;3;1172.43;875.89
25322.91;20;233;2;1198.8;911.7
25325.91;18;258;0;1180.78;873.74
25327.43;23;326;1;1516.28;1203.32
25327.57;13;105;3;1182.45;885.9
25332.95;20;233;2;1208.84;921.74
25335.96;18;258;0;1190.83;883.79
25337.44;23;326;1;1526.29;1213.33
25337.62;13;105;3;1192.49;895.95
25343;20;233;2;1218.89;931.79
25345.97;18;258;0;934.76;893.79
25347.48;23;326;1;1536.33;1223.37
25347.63;13;105;3;1202.5;905.96
25353.04;20;233;2;1228.93;941.83
25356.01;18;258;0;944.8;903.84
25357.53;23;326;1;1546.38;1233.42
25357.67;13;105;3;1212.54;916
25363.07;20;233;2;1238.96;951.86
25366.06;18;258;0;954.84;913.88
25367.71;13;105;3;1222.59;926.04
25373.07;20;233;2;1248.96;961.86
25373.54;22;492;1;921.37;609.69
25376.1;18;258;0;964.89;923.93
25377.74;13;105;3;1249.25;936.07
25383.12;20;233;2;1288.88;971.91
25383.63;22;492;1;931.46;619.78
25386.14;18;258;0;974.93;933.97
25387.79;13;105;3;1259.3;946.12
25393.13;20;233;2;1298.89;981.92
25393.64;22;492;1;941.47;629.8
25396.19;18;258;0;984.98;944.02
25397.83;13;105;3;1269.34;956.16
25403.17;20;233;2;1308.94;991.96
25403.69;22;492;1;951.52;639.84
25406.23;18;258;0;995.02;954.06
25407.86;13;105;3;1279.38;966.19
25413.22;20;233;2;1318.98;1002.01
25413.73;22;492;1;961.56;649.89
25416.28;18;258;0;1005.07;964.11
25417.91;13;105;3;1289.42;976.24
25423.26;20;233;2;1329.03;1012.05
25423.78;22;492;1;971.61;659.93
25426.32;18;258;0;1015.11;974.15
25427.95;13;105;3;1299.47;986.28
25433.3;20;233;2;1339.07;1022.09
25433.79;22;492;1;981.62;669.95
25436.37;18;258;0;1025.16;984.19
25438;13;105;3;1309.51;996.33
25443.35;20;233;2;1349.11;1032.14
25443.81;22;492;1;991.64;679.97
25446.39;18;258;0;1035.18;994.22
25448.02;13;105;3;1302.89;1006.35
25453.39;20;233;2;1329.28;1042.18
25453.86;22;492;1;1001.69;690.01
25458.04;13;105;3;1312.92;1016.37
25463.14;12;95;0;724.23;699.29
25463.44;20;233;2;1339.33;1052.23
25463.9;22;492;1;1011.73;700.06
25468.09;13;105;3;1322.96;1026.42
25473.18;12;95;0;734.27;709.34
25473.48;20;233;2;1349.37;1062.27
25473.95;22;492;1;1021.77;710.1
25478.13;13;105;3;1333;1036.46
25483.23;12;95;0;744.32;719.38
25483.53;20;233;2;1359.42;1072.32
25483.99;22;492;1;1042.32;720.14
25488.18;13;105;3;1343.05;1046.51
25493.27;12;95;0;754.36;729.43
25493.54;20;233;2;1369.43;1082.33
25494.04;22;492;1;1052.36;730.19
25498.21;13;105;3;1353.08;1056.54
25503.31;12;95;0;764.4;739.46
25503.58;20;233;2;1379.47;1092.37
25504.05;22;492;1;1062.38;740.2
25508.26;13;105;3;1363.13;1066.58
25513.35;12;95;0;774.44;749.51
25513.63;20;233;2;1389.52;1102.41
25514.08;22;492;1;1072.41;750.24
25518.3;13;105;3;1373.17;1076.63
25523.4;12;95;0;784.49;759.55
25523.67;20;233;2;1399.56;1112.46
25524.13;22;492;1;1082.46;760.28
25528.3;13;105;3;1383.17;1086.63
25533.44;12;95;0;794.53;769.6
25533.71;20;233;2;1409.6;1122.5
25534.17;22;492;1;1092.5;770.33
25538.35;13;105;3;1393.22;1096.67
25543.47;12;95;0;804.56;779.63
25543.72;20;233;2;1419.61;1132.51
25544.19;22;492;1;1092.02;780.35
25548.39;13;105;3;1403.26;1106.72
25553.48;12;95;0;814.57;789.63
25553.77;20;233;2;1429.66;1142.56
25554.24;22;492;1;1102.06;790.39
25558.43;13;105;3;1413.3;1116.76
25563.5;12;95;0;824.59;799.65
25563.78;20;233;2;1439.67;1152.57
25564.28;22;492;1;1112.11;800.43
25573.54;12;95;0;1121.37;809.7
25573.83;20;233;2;1449.72;1162.62
25574.3;22;492;1;1122.13;810.46
25574.58;3;238;3;1132.91;810.73
25583.58;12;95;0;1131.4;819.73
25584.35;22;492;1;1132.18;820.5
25584.62;3;238;3;1142.95;820.77
25590.15;31;56;2;1148.48;851.24
25593.62;12;95;0;1141.45;829.77
25594.39;22;492;1;1142.22;830.55
25594.66;3;238;3;1152.99;830.82
25600.19;31;56;2;1158.52;861.28
25603.66;12;95;0;1151.49;839.82
25604.44;22;492;1;1152.26;840.59
25604.71;3;238;3;1163.04;840.86
25610.24;31;56;2;1168.57;871.32
25613.71;12;95;0;1161.54;849.86
25614.48;22;492;1;1162.31;850.63
25614.75;3;238;3;1173.07;850.9
25620.28;31;56;2;1178.61;881.37
25623.75;12;95;0;884.84;859.91
25624.53;22;492;1;1172.35;860.68
25624.77;3;238;3;1183.1;860.92
25630.29;31;56;2;1188.62;891.38
25633.8;12;95;0;894.89;869.95
25634.57;22;492;1;1182.39;870.72
25634.78;3;238;3;1193.11;870.94
25640.34;31;56;2;1198.67;901.43
25643.83;12;95;0;904.92;879.98
25644.61;22;492;1;1192.44;880.76
25644.83;3;238;3;1203.16;880.98
25650.38;31;56;2;1208.71;911.47
25653.87;12;95;0;914.96;890.03
25654.63;22;492;1;1202.46;890.78
25654.83;3;238;3;1213.16;890.98
25660.42;31;56;2;1218.75;921.5
25663.92;12;95;0;925.01;900.07
25664.63;22;492;1;1212.46;900.79
25664.87;3;238;3;1223.2;901.03
25670.46;31;56;2;1228.78;931.54
25673.96;12;95;0;935.05;910.11
25674.68;22;492;1;1222.5;910.83
25674.92;3;238;3;1233.25;911.07
25680.5;31;56;2;1238.83;941.59
25684;12;95;0;945.09;920.16
25684.93;3;238;3;1243.26;921.09
25690.54;23;226;1;926.7;624.03
25690.54;31;56;2;1248.87;951.63
25694.05;12;95;0;955.14;930.2
25694.95;3;238;3;1253.28;931.11
25700.59;23;226;1;936.74;634.07
25700.59;31;56;2;1289.38;961.68
25704.07;12;95;0;965.16;940.22
25705;3;238;3;1263.33;941.15
25710.61;23;226;1;946.77;644.1
25710.61;31;56;2;1299.4;971.7
25714.11;12;95;0;975.2;950.27
25715.04;3;238;3;1273.37;951.2
25720.66;23;226;1;956.81;654.14
25720.66;31;56;2;1309.45;981.74
25724.16;12;95;0;985.25;960.31
25725.09;3;238;3;1283.41;961.24
25730.7;23;226;1;966.85;664.19
25730.7;31;56;2;1319.49;991.79
25734.2;12;95;0;995.29;970.36
25735.13;3;238;3;1293.46;971.28
25740.72;23;226;1;976.87;674.21
25740.72;31;56;2;1329.51;1001.81
25744.22;12;95;0;1005.31;980.37
25745.17;3;238;3;1303.5;981.33
25750.76;23;226;1;986.92;684.25
25750.76;31;56;2;1339.55;1011.85
25754.25;12;95;0;1015.34;990.41
25755.22;3;238;3;1313.55;991.37
25760.81;23;226;1;996.96;694.29
25760.81;31;56;2;1349.6;1021.9
25765.26;3;238;3;1323.59;1001.42
25770.85;23;226;1;1007.01;704.34
25770.85;31;56;2;1359.64;1031.94
25771.57;17;251;0;1007.73;693.79
25775.31;3;238;3;1333.64;1011.46
25780.86;23;226;1;1017.01;714.35
25780.86;31;56;2;1369.65;1041.95
25781.85;17;251;0;1018.01;704.07
25785.35;3;238;3;1343.68;1021.51
25790.87;23;226;1;1027.03;724.36
25790.87;31;56;2;1349.2;1051.96
25791.86;17;251;0;1028.01;714.07
25795.37;3;238;3;1353.69;1031.52
25800.92;23;226;1;1037.07;734.4
25800.92;31;56;2;1359.25;1062.01
25801.9;17;251;0;1038.05;724.12
25805.41;3;238;3;1363.74;1041.56
25810.96;23;226;1;1047.12;744.45
25810.96;31;56;2;1369.29;1072.05
25811.94;17;251;0;1048.1;734.16
25815.45;3;238;3;1373.78;1051.61
25821;23;226;1;1057.15;754.49
25821;31;56;2;1379.33;1082.09
25821.99;17;251;0;1058.14;744.21
25825.5;3;238;3;1383.83;1061.65
25831.05;23;226;1;1067.2;764.53
25831.05;31;56;2;1389.37;1092.13
25832;17;251;0;1068.15;754.21
25835.51;3;238;3;1393.83;1071.66
25841.06;23;226;1;1077.22;774.55
25841.06;31;56;2;1399.39;1102.15
25842.04;17;251;0;1078.19;764.26
25845.55;3;238;3;1403.88;1081.7
25851.11;23;226;1;1087.26;784.59
25851.11;31;56;2;1409.44;1112.2
25852.06;17;251;0;1088.21;774.28
25855.59;3;238;3;1413.92;1091.75
25861.15;23;226;1;1097.31;794.64
25861.15;31;56;2;1419.48;1122.24
25862.1;17;251;0;1098.26;784.32
25865.62;3;238;3;1423.95;1101.77
25871.2;23;226;1;1107.35;804.68
25871.2;31;56;2;1429.53;1132.28
25872.14;17;251;0;1108.29;794.35
25875.67;3;238;3;1433.99;1111.82
25881.24;23;226;1;1117.39;814.73
25881.24;31;56;2;1439.57;1142.33
25882.18;17;251;0;1118.34;804.4
25885.71;3;238;3;1444.04;1121.86
25891.29;23;226;1;1127.44;824.77
25891.29;31;56;2;1449.61;1152.37
25892.23;17;251;0;1128.38;814.44
25901.33;23;226;1;1137.48;834.81
25901.33;31;56;2;1459.66;1162.42
25901.58;6;375;3;835.28;823.79
25902.27;17;251;0;1138.42;824.49
25911.37;23;226;1;1147.53;844.86
25911.62;6;375;3;845.32;833.84
25912.31;17;251;0;1148.47;834.53
25917.28;15;517;2;1153.43;850.98
25921.42;23;226;1;1157.57;854.9
25921.66;6;375;3;855.36;843.88
25922.36;17;251;0;1158.51;844.58
25927.32;15;517;2;1163.47;861.02
25931.46;23;226;1;1167.62;864.95
25931.71;6;375;3;865.41;853.93
25932.38;17;251;0;1168.53;854.6
25937.33;15;517;2;1173.48;871.03
25941.51;23;226;1;1177.66;874.99
25941.75;6;375;3;875.45;863.97
25942.42;17;251;0;1178.58;864.64
25947.34;15;517;2;1183.49;881.04
25951.51;23;226;1;1187.66;884.99
25951.8;6;375;3;885.5;874.02
25952.47;17;251;0;1188.62;874.69
25957.34;15;517;2;1193.5;891.04
25961.54;23;226;1;1197.7;895.03
25961.84;6;375;3;895.54;884.06
25962.51;17;251;0;1198.67;884.73
25967.39;15;517;2;1203.54;901.09
25971.56;23;226;1;1207.71;905.04
25971.89;6;375;3;905.59;894.1
25972.56;17;251;0;1208.71;894.77
25977.43;15;517;2;1213.59;911.13
25981.6;23;226;1;1217.75;915.09
25981.93;6;375;3;915.63;904.15
25982.6;17;251;0;1218.76;904.82
25987.48;15;517;2;1223.63;921.18
25991.98;6;375;3;925.68;914.19
25992.65;17;251;0;1228.8;914.86
25997.52;15;517;2;1233.68;931.22
25997.57;22;454;1;919.78;593.83
26001.99;6;375;3;935.69;924.21
26002.68;17;251;0;1238.83;924.9
26007.57;15;517;2;1243.72;941.27
26007.76;22;454;1;929.98;604.03
26012.04;6;375;3;1248.19;934.26
26012.72;17;251;0;1248.88;934.94
26017.61;15;517;2;1253.76;951.31
26017.8;22;454;1;940.02;614.07
26022.08;6;375;3;1258.24;944.3
26022.77;17;251;0;1258.92;944.99
26027.66;15;517;2;1288.74;961.35
26027.85;22;454;1;950.07;624.12
26032.13;6;375;3;1268.28;954.34
26032.81;17;251;0;1268.97;955.03
26037.66;15;517;2;1298.75;971.36
26037.89;22;454;1;960.11;634.16
26042.17;6;375;3;1278.32;964.39
26042.82;17;251;0;1278.97;965.04
26047.7;15;517;2;1308.79;981.4
26047.93;22;454;1;970.15;644.2
26052.22;6;375;3;1288.37;974.43
26052.86;17;251;0;1289.02;975.08
26057.75;15;517;2;1318.84;991.45
26057.98;22;454;1;980.19;654.24
26062.26;6;375;3;1298.41;984.48
26062.91;17;251;0;1299.06;985.13
26067.79;15;517;2;1328.88;1001.49
26068.02;22;454;1;990.24;664.29
26072.27;6;375;3;1308.42;994.49
26072.92;17;251;0;1309.07;995.14
26077.79;15;517;2;1338.88;1011.49
26078.06;22;454;1;1000.28;674.33
26082.27;6;375;3;1015.97;1004.49
26087.84;15;517;2;1348.93;1021.54
26088.11;22;454;1;1010.33;684.38
26089.49;18;84;0;686.27;685.76
26092.32;6;375;3;1026.02;1014.54
26097.84;15;517;2;1334;1031.54
26098.15;22;454;1;1031.64;694.42
26099.73;18;84;0;696.51;696
26102.32;6;375;3;1036.02;1024.54
26107.89;15;517;2;1344.04;1041.59
26108.2;22;454;1;1041.68;704.47
26109.76;18;84;0;706.54;706.03
26112.36;6;375;3;1046.06;1034.58
26117.93;15;517;2;1354.09;1051.63
26118.24;22;454;1;1051.73;714.51
26119.81;18;84;0;716.59;716.07
26122.41;6;375;3;1056.11;1044.62
26127.96;15;517;2;1364.12;1061.66
26128.25;22;454;1;1061.74;724.52
26129.85;18;84;0;726.63;726.12
26132.45;6;375;3;1066.15;1054.67
26138.01;15;517;2;1374.16;1071.71
26138.3;22;454;1;1071.78;734.57
26139.88;18;84;0;736.67;736.15
26142.49;6;375;3;1076.19;1064.71
26148.02;15;517;2;1384.17;1081.72
26148.34;22;454;1;1081.83;744.61
26149.93;18;84;0;746.71;746.2
26152.5;6;375;3;1086.2;1074.72
26158.03;15;517;2;1394.18;1091.73
26158.36;22;454;1;1080.58;754.63
26159.95;18;84;0;756.73;756.22
26162.55;6;375;3;1096.25;1084.77
26168.07;15;517;2;1404.23;1101.77
26168.38;22;454;1;1090.6;764.65
26169.99;18;84;0;766.77;766.26
26172.59;6;375;3;1106.29;1094.81
26178.1;15;517;2;1414.25;1111.8
26178.41;22;454;1;1100.63;774.68
26180;18;84;0;776.78;776.27
26182.64;6;375;3;1116.34;1104.86
26188.14;15;517;2;1424.3;1121.84
26188.45;22;454;1;1110.67;784.72
26190.01;18;84;0;786.79;786.28
26192.66;6;375;3;1126.36;1114.88
26198.19;15;517;2;1434.34;1131.89
26198.5;22;454;1;1120.71;794.76
26200.06;18;84;0;1122.27;796.32
26208.22;15;517;2;1444.37;1141.91
26208.52;22;454;1;1130.74;804.79
26209.15;13;423;3;1131.36;805.41
26210.1;18;84;0;1132.32;806.37
26218.26;15;517;2;1454.41;1151.96
26218.56;22;454;1;1140.78;814.83
26219.23;13;423;3;1141.45;815.5
26220.14;18;84;0;816.93;816.41
26228.28;15;517;2;1464.44;1161.98
26228.57;22;454;1;1150.78;824.84
26229.24;13;423;3;1151.45;825.5
26230.19;18;84;0;826.97;826.46
26238.61;22;454;1;1160.83;834.88
26239.28;13;423;3;1161.5;835.55
26240.23;18;84;0;837.02;836.5
26244.06;20;443;2;1177.55;840.84
26248.66;22;454;1;1170.87;844.92
26249.33;13;423;3;1171.54;845.59
26250.28;18;84;0;847.06;846.55
26254.11;20;443;2;1187.59;850.89
26258.7;22;454;1;1180.92;854.97
26259.37;13;423;3;1181.59;855.64
26260.32;18;84;0;857.11;856.59
26264.15;20;443;2;1197.64;860.94
26268.75;22;454;1;1190.96;865.01
26269.41;13;423;3;1191.63;865.68
26270.36;18;84;0;867.15;866.63
26274.2;20;443;2;1207.68;870.98
26278.79;22;454;1;1201.01;875.06
26279.46;13;423;3;1201.68;875.73
26280.41;18;84;0;877.19;876.67
26284.24;20;443;2;1217.73;881.03
26288.83;22;454;1;1211.05;885.1
26289.5;13;423;3;1211.72;885.77
26290.45;18;84;0;887.23;886.72
26294.29;20;443;2;1227.77;891.07
26298.88;22;454;1;1221.09;895.15
26299.55;13;423;3;1221.77;895.82
26300.5;18;84;0;897.28;896.76
26304.33;20;443;2;1237.82;901.11
26308.92;22;454;1;1231.14;905.19
26309.59;13;423;3;1231.81;905.86
26310.53;18;84;0;907.31;906.8
26314.38;20;443;2;1247.86;911.16
26318.97;22;454;1;1241.18;915.23
26319.64;13;423;3;1241.85;915.9
26320.56;18;84;0;917.34;916.82
26324.4;20;443;2;1257.89;921.19
26329.68;13;423;3;1251.9;925.95
26330.6;18;84;0;927.38;926.87
26334.45;20;443;2;1267.93;931.23
26335.65;23;431;1;931.91;614.95
26339.73;13;423;3;1261.94;935.99
26340.65;18;84;0;937.43;936.91
26344.49;20;443;2;1277.98;941.28
26345.69;23;431;1;941.96;624.99
26349.73;13;423;3;1271.95;946
26350.69;18;84;0;947.47;946.96
26354.5;20;443;2;1288.2;951.28
26355.73;23;431;1;951.99;635.02
26359.77;13;423;3;1281.99;956.04
26360.73;18;84;0;957.52;957
26364.53;20;443;2;1298.23;961.31
26365.73;23;431;1;962;645.03
26369.82;13;423;3;1292.03;966.08
26370.74;18;84;0;967.52;967.01
26374.57;20;443;2;1308.27;971.36
26375.78;23;431;1;972.05;655.08
26379.85;13;423;3;1302.07;976.12
26380.79;18;84;0;977.57;977.05
26384.62;20;443;2;1318.32;981.4
26385.82;23;431;1;982.09;665.12
26389.9;13;423;3;1312.11;986.16
26394.63;20;443;2;1328.33;991.42
26395.87;23;431;1;992.14;675.17
26396.7;12;429;0;992.97;702.61
26399.94;13;423;3;1322.16;996.21
26404.68;20;443;2;1338.38;1001.46
26405.91;23;431;1;1002.18;685.21
26406.79;12;429;0;1003.06;712.7
26409.99;13;423;3;1332.2;1006.25
26414.72;20;443;2;1348.42;1011.51
26415.91;23;431;1;1012.18;695.21
26416.84;12;429;0;1013.1;722.74
26420.03;13;423;3;1342.25;1016.3
26424.77;20;443;2;1358.47;1021.55
26425.95;23;431;1;1022.22;705.25
26426.85;12;429;0;1023.12;732.76
26430.07;13;423;3;1352.29;1026.34
26434.81;20;443;2;1368.51;1031.59
26435.99;23;431;1;1032.26;715.29
26436.89;12;429;0;1033.16;742.8
26440.12;13;423;3;1362.34;1036.39
26444.86;20;443;2;1378.34;1041.64
26446.04;23;431;1;1042.3;725.34
26446.94;12;429;0;1043.21;752.85
26450.16;13;423;3;1372.38;1046.43
26454.9;20;443;2;1388.38;1051.68
26456.08;23;431;1;1052.35;735.38
26456.98;12;429;0;1053.25;762.89
26460.18;13;423;3;1382.4;1056.45
26464.94;20;443;2;1398.43;1061.73
26466.13;23;431;1;1062.39;745.42
26467.03;12;429;0;1063.3;772.94
26470.21;13;423;3;1392.43;1066.48
26474.99;20;443;2;1408.47;1071.77
26476.17;23;431;1;1072.44;755.47
26477.07;12;429;0;1073.34;782.98
26480.25;13;423;3;1402.46;1076.51
26485.02;20;443;2;1418.5;1081.8
26486.19;23;431;1;1082.46;765.49
26487.1;12;429;0;1083.37;793.01
26490.29;13;423;3;1412.51;1086.56
26495.02;20;443;2;1428.5;1091.8
26496.24;23;431;1;1092.51;775.54
26497.13;12;429;0;1093.4;803.04
26500.3;13;423;3;1422.52;1096.57
26505.06;20;443;2;1438.54;1101.84
26506.24;23;431;1;1102.51;785.54
26507.14;12;429;0;1103.41;813.05
26510.34;13;423;3;1432.56;1106.61
26515.08;20;443;2;1448.56;1111.86
26516.27;23;431;1;1112.53;795.57
26517.19;12;429;0;1113.46;823.1
26520.39;13;423;3;1442.6;1116.65
26525.12;20;443;2;1458.61;1121.91
26526.31;23;431;1;1122.58;805.61
26527.23;12;429;0;1123.5;833.14
26535.17;20;443;2;1468.65;1131.95
26536.04;3;358;3;1132.31;820.95
26536.35;23;431;1;1132.62;815.65
26537.28;12;429;0;1133.55;843.19
26545.21;20;443;2;1478.7;1142
26546.35;3;358;3;1142.62;831.27
26546.4;23;431;1;1142.66;825.7
26547.28;12;429;0;1143.55;853.19
26555.26;20;443;2;1488.74;1152.04
26556.4;3;358;3;1152.66;841.31
26556.44;23;431;1;1152.71;835.74
26557.32;12;429;0;1153.59;863.23
26565.3;20;443;2;1498.79;1162.08
26566.44;3;358;3;1162.71;851.35
26566.49;23;431;1;1162.75;845.79
26567.37;12;429;0;1163.64;873.28
26576.44;3;358;3;1172.71;861.36
26576.49;23;431;1;1172.75;855.79
26577.4;12;429;0;1173.66;883.31
26582.01;31;508;2;887.92;861.31
26586.49;3;358;3;1182.75;871.4
26586.53;23;431;1;1182.8;865.83
26587.44;12;429;0;1183.71;893.35
26592.05;31;508;2;897.96;871.35
26596.53;3;358;3;1192.8;881.44
26596.58;23;431;1;1192.84;875.87
26597.45;12;429;0;1193.72;903.36
26602.09;31;508;2;908;881.39
26606.58;3;358;3;1202.84;891.49
26606.62;23;431;1;1202.89;885.92
26607.49;12;429;0;1203.76;913.4
26612.1;31;508;2;918;891.4
26616.62;3;358;3;1212.89;901.53
26616.66;23;431;1;1212.93;895.96
26617.54;12;429;0;1213.8;923.44
26622.14;31;508;2;928.05;901.44
26626.66;3;358;3;1222.93;911.58
26626.71;23;431;1;1222.98;906.01
26627.58;12;429;0;1223.85;933.49
26632.19;31;508;2;938.09;911.49
26636.71;3;358;3;1232.98;921.62
26636.75;23;431;1;1233.02;916.05
26637.59;12;429;0;1233.86;943.5
26642.22;31;508;2;948.12;921.52
26646.75;3;358;3;1243.53;931.66
26647.64;12;429;0;1243.9;953.54
26652.26;31;508;2;958.17;931.56
26653.09;22;59;1;620.24;615.39
26656.75;3;358;3;1253.53;941.66
26657.68;12;429;0;1253.95;963.59
26662.31;31;508;2;968.21;941.61
26663.14;22;59;1;630.28;625.44
26666.8;3;358;3;1263.58;951.71
26667.73;12;429;0;1263.99;973.63
26672.35;31;508;2;978.26;951.65
26673.18;22;59;1;640.33;635.48
26676.83;3;358;3;1273.62;961.75
26677.75;12;429;0;1274.01;983.65
26682.39;31;508;2;988.3;961.69
26683.19;22;59;1;650.33;645.49
26686.88;3;358;3;1283.66;971.79
26687.79;12;429;0;1284.06;993.7
26692.43;31;508;2;1288.7;971.73
26693.23;22;59;1;660.38;655.53
26696.92;3;358;3;1293.19;981.84
26702.46;31;508;2;1298.73;981.76
26703.28;22;59;1;670.42;665.57
26703.89;17;538;0;988.8;671.03
26706.97;3;358;3;1303.23;991.88
26712.5;31;508;2;1308.77;991.8
26713.3;22;59;1;680.45;675.6
26713.99;17;538;0;998.9;681.13
26717.01;3;358;3;1313.28;1001.92
26722.55;31;508;2;1318.81;1001.85
26723.32;22;59;1;690.46;685.62
26723.99;17;538;0;1008.9;691.13
26727.05;3;358;3;1323.32;1011.97
26732.59;31;508;2;1328.86;1011.89
26733.36;22;59;1;700.51;695.66
26734.01;17;538;0;1018.92;701.15
26737.1;3;358;3;1333.37;1022.01
26742.6;31;508;2;1338.86;1021.9
26743.41;22;59;1;710.55;705.7
26744.05;17;538;0;1028.96;711.19
26747.14;3;358;3;1343.41;1032.06
26752.64;31;508;2;1348.91;1031.94
26753.45;22;59;1;720.59;715.75
26754.1;17;538;0;1039.01;721.24
26757.19;3;358;3;1353.46;1042.1
26762.69;31;508;2;1358.95;1041.99
26763.5;22;59;1;1042.8;725.79
26764.14;17;538;0;1049.05;731.28
26767.23;3;358;3;1363.5;1052.15
26772.69;31;508;2;1078.59;1051.99
26773.52;22;59;1;1052.82;735.81
26774.15;17;538;0;1059.07;741.3
26777.28;3;358;3;1373.54;1062.19
26782.73;31;508;2;1088.64;1062.03
26783.52;22;59;1;1062.82;745.82
26784.18;17;538;0;1069.1;751.33
26787.32;3;358;3;1383.59;1072.23
26792.78;31;508;2;1098.68;1072.07
26793.56;22;59;1;1072.86;755.86
26794.2;17;538;0;1079.12;761.35
26797.37;3;358;3;1393.63;1082.28
26802.82;31;508;2;1108.73;1082.12
26803.61;22;59;1;770.75;765.91
26804.25;17;538;0;1089.16;771.39
26807.41;3;358;3;1403.68;1092.32
26812.86;31;508;2;1118.77;1092.16
26813.65;22;59;1;780.79;775.95
26814.29;17;538;0;1120.2;781.44
26817.41;3;358;3;1413.68;1102.32
26822.91;31;508;2;1128.82;1102.21
26823.7;22;59;1;790.84;785.99
26824.32;17;538;0;1130.23;791.46
26827.44;3;358;3;1423.7;1112.35
26832.95;31;508;2;1138.86;1112.25
26833.74;22;59;1;800.88;796.04
26834.36;17;538;0;1140.27;801.51
26837.48;3;358;3;1433.75;1122.39
26842.97;31;508;2;1148.88;1122.27
26843.78;22;59;1;810.93;806.08
26844.41;17;538;0;1150.32;811.55
26852.97;31;508;2;1158.88;1132.27
26853.83;22;59;1;820.97;816.13
26853.87;6;320;3;1133.17;816.17
26854.45;17;538;0;1160.36;821.6
26863.02;31;508;2;1168.92;1142.32
26863.87;22;59;1;831.02;826.17
26864.23;6;320;3;1143.53;826.53
26864.46;17;538;0;1170.37;831.61
26873.06;31;508;2;1178.97;1152.36
26873.92;22;59;1;841.06;836.22
26874.28;6;320;3;1153.58;836.58
26874.51;17;538;0;1180.42;841.65
26883.96;22;59;1;851.11;846.26
26884.32;6;320;3;1163.62;846.62
26884.55;17;538;0;1190.46;851.69
26888.69;15;277;2;1167.99;850.99
26894.01;22;59;1;861.15;856.3
26894.37;6;320;3;1173.67;856.67
26894.6;17;538;0;1179.51;861.74
26898.97;15;277;2;1178.27;861.27
26904.01;22;59;1;871.16;866.31
26904.41;6;320;3;1183.71;866.71
26904.64;17;538;0;1189.55;871.78
26908.97;15;277;2;1188.27;871.27
26914.06;22;59;1;881.2;876.35
26914.44;6;320;3;1193.74;876.73
26914.68;17;538;0;1199.59;881.82
26919.02;15;277;2;1198.32;881.31
26924.09;22;59;1;891.23;886.38
26924.48;6;320;3;1203.78;886.78
26924.73;17;538;0;1209.64;891.87
26929.03;15;277;2;1208.33;891.33
26934.11;22;59;1;901.26;896.41
26934.48;6;320;3;1213.78;896.78
26934.77;17;538;0;1219.68;901.91
26939.05;15;277;2;1218.35;901.35
26944.12;22;59;1;911.26;906.41
26944.53;6;320;3;1223.83;906.82
26944.79;17;538;0;1229.7;911.93
26949.09;15;277;2;1228.39;911.39
26954.57;6;320;3;1233.87;916.87
26954.83;17;538;0;1239.75;921.98
26959.14;15;277;2;1238.44;921.44
26961.25;23;208;1;621.48;324.45
26964.61;6;320;3;1243.91;926.91
26964.87;17;538;0;1249.78;932.01
26969.18;15;277;2;1248.48;931.48
26971.33;23;208;1;631.56;334.53
26974.66;6;320;3;1253.96;936.96
26974.92;17;538;0;1259.83;942.06
26979.23;15;277;2;1258.53;941.52
26981.37;23;208;1;641.6;344.57
26984.7;6;320;3;1264;947
26984.93;17;538;0;1269.84;952.07
26989.27;15;277;2;1268.57;951.57
26991.42;23;208;1;651.65;354.62
26994.72;6;320;3;1274.02;957.02
26994.97;17;538;0;1279.89;962.11
26999.32;15;277;2;1284.23;961.61
27001.44;23;208;1;661.67;364.64
27004.76;6;320;3;1284.06;967.06
27005.02;17;538;0;1289.93;972.16
27009.36;15;277;2;1294.27;971.66
27011.44;23;208;1;671.67;374.64
27014.81;6;320;3;1294.11;977.11
27015.04;17;538;0;1299.96;982.19
27019.4;15;277;2;1304.32;981.7
27021.48;23;208;1;681.71;384.69
27024.85;6;320;3;1304.15;987.15
27025.09;17;538;0;1310;992.23
27029.45;15;277;2;1314.36;991.75
27031.52;23;208;1;691.75;394.72
27034.9;6;320;3;1314.2;997.2
27039.49;15;277;2;1324.41;1001.79
27041.11;18;530;0;1003.4;700.42
27041.56;23;208;1;701.78;404.76
27044.94;6;320;3;1324.24;1007.24
27049.51;15;277;2;1334.43;1011.81
27051.15;18;530;0;1013.45;710.46
27051.6;23;208;1;711.83;414.8
27054.99;6;320;3;1334.29;1017.29
27059.56;15;277;2;1338.86;1021.85
27061.2;18;530;0;1023.49;720.51
27061.63;23;208;1;721.86;424.83
27065.03;6;320;3;1344.33;1027.33
27069.59;15;277;2;1348.88;1031.88
27071.24;18;530;0;1033.54;730.55
27071.67;23;208;1;752.66;434.88
27075.07;6;320;3;1354.37;1037.37
27079.59;15;277;2;1358.89;1041.89
27081.28;18;530;0;1043.58;740.59
27081.71;23;208;1;762.7;444.92
27085.12;6;320;3;1364.41;1047.41
27089.6;15;277;2;1368.9;1051.9
27091.33;18;530;0;1053.63;750.64
27091.76;23;208;1;772.75;454.96
27095.16;6;320;3;1374.46;1057.46
27099.64;15;277;2;1378.94;1061.94
27101.37;18;530;0;1063.67;760.68
27101.8;23;208;1;782.79;465.01
27105.2;6;320;3;1384.5;1067.5
27109.69;15;277;2;1388.99;1071.99
27111.39;18;530;0;1073.68;770.7
27111.85;23;208;1;792.84;475.05
27115.25;6;320;3;1394.55;1077.55
27119.73;15;277;2;1399.03;1082.03
27121.43;18;530;0;1083.73;780.74
27121.89;23;208;1;802.88;485.09
27125.29;6;320;3;1404.59;1087.59
27129.78;15;277;2;1409.08;1092.08
27131.44;18;530;0;1093.73;790.75
27131.9;23;208;1;812.89;495.1
27135.34;6;320;3;1414.64;1097.64
27139.79;15;277;2;1419.09;1102.09
27141.48;18;530;0;1103.78;800.79
27141.94;23;208;1;822.93;505.15
27145.36;6;320;3;1424.65;1107.65
27149.83;15;277;2;1429.13;1112.13
27151.49;18;530;0;1113.78;810.8
27151.99;23;208;1;832.98;515.19
27155.4;6;320;3;1434.7;1117.7
27159.88;15;277;2;1439.18;1122.17
27161.49;18;530;0;1123.79;820.8
27162.03;23;208;1;843.02;525.24
27169.92;15;277;2;1449.22;1132.22
27171.25;13;451;3;1133.55;831.48
27171.53;18;530;0;1133.83;830.84
27172.08;23;208;1;853.07;535.28
27179.97;15;277;2;1459.26;1142.26
27181.35;13;451;3;1143.65;841.58
27181.58;18;530;0;1143.88;840.89
27182.12;23;208;1;842.35;545.32
27190.01;15;277;2;1469.31;1152.31
27191.39;13;451;3;1153.69;851.62
27191.59;18;530;0;1153.89;850.9
27192.17;23;208;1;852.4;555.37
27200.04;15;277;2;1479.34;1162.34
27201.44;13;451;3;1163.74;861.67
27201.63;18;530;0;1163.93;860.94
27202.2;23;208;1;862.43;565.4
27211.45;13;451;3;1173.75;871.68
27211.67;18;530;0;1173.97;870.98
27212.21;23;208;1;872.44;575.41
27216.66;20;23;2;897.65;875.97
27221.49;13;451;3;1183.79;881.72
27221.7;18;530;0;1184;881.01
27222.25;23;208;1;882.48;585.45
27226.74;20;23;2;907.73;886.05
27231.54;13;451;3;1193.83;891.77
27231.71;18;530;0;1194.01;891.02
27232.3;23;208;1;892.53;595.5
27236.75;20;23;2;917.74;896.06
27241.58;13;451;3;1203.88;901.81
27241.76;18;530;0;1204.06;901.07
27242.34;23;208;1;902.57;605.54
27246.79;20;23;2;927.78;906.1
27251.62;13;451;3;1213.92;911.85
27251.8;18;530;0;1214.1;911.11
27252.38;23;208;1;912.61;615.59
27256.84;20;23;2;937.83;916.15
27261.63;13;451;3;1223.93;921.86
27261.85;18;530;0;1224.15;921.16
27262.43;23;208;1;922.66;625.63
27266.88;20;23;2;947.86;926.19
27271.67;13;451;3;1233.97;931.9
27271.87;18;530;0;1234.17;931.18
27276.92;20;23;2;957.91;936.23
27278.75;22;109;1;626.45;334.59
27281.72;13;451;3;1248.86;941.95
27281.9;18;530;0;1244.2;941.21
27286.96;20;23;2;967.95;946.27
27289.09;22;109;1;636.78;344.93
27291.76;13;451;3;1258.9;951.99
27291.95;18;530;0;1254.24;951.26
27297.01;20;23;2;978;956.32
27299.13;22;109;1;646.82;354.97
27301.81;13;451;3;1268.95;962.03
27301.97;18;530;0;1264.27;961.28
27307.02;20;23;2;988.01;966.33
27309.17;22;109;1;656.86;365.01
27311.85;13;451;3;1278.99;972.08
27312.02;18;530;0;1274.31;971.33
27317.06;20;23;2;998.05;976.37
27319.2;22;109;1;666.9;375.04
27321.89;13;451;3;1289.04;982.12
27322.06;18;530;0;1284.36;981.37
27327.11;20;23;2;1289.41;986.42
27329.25;22;109;1;676.94;385.09
27331.91;13;451;3;1299.05;992.14
27332.09;18;530;0;1294.38;991.4
27337.12;20;23;2;1299.42;996.43
27339.27;22;109;1;686.97;395.11
27341.95;13;451;3;1309.09;1002.18
27347.17;20;23;2;1309.46;1006.48
27348.66;12;87;0;1007.97;696.36
27349.32;22;109;1;697.01;405.16
27352;13;451;3;1314.29;1012.23
27357.21;20;23;2;1319.51;1016.52
27358.66;12;87;0;1017.97;706.36
27359.36;22;109;1;707.05;415.2
27362.04;13;451;3;1324.34;1022.27
27367.25;20;23;2;1329.55;1026.56
27368.71;12;87;0;1028.02;716.4
27369.4;22;109;1;717.1;425.24
27372.09;13;451;3;1334.38;1032.32
27377.29;20;23;2;1339.59;1036.6
27378.75;12;87;0;1038.06;726.45
27379.45;22;109;1;727.14;435.29
27382.13;13;451;3;1344.43;1042.36
27387.34;20;23;2;1349.64;1046.65
27388.8;12;87;0;1048.11;736.49
27389.47;22;109;1;737.16;445.31
27392.17;13;451;3;1354.47;1052.4
27397.38;20;23;2;1359.68;1056.69
27398.84;12;87;0;1058.15;746.53
27399.51;22;109;1;747.21;455.35
27402.22;13;451;3;1364.52;1062.45
27407.43;20;23;2;1369.72;1066.74
27408.88;12;87;0;1068.19;756.58
27409.56;22;109;1;757.25;465.4
27412.26;13;451;3;1374.56;1072.49
27417.47;20;23;2;1379.77;1076.78
27418.93;12;87;0;1078.24;766.62
27419.56;22;109;1;767.25;475.4
27422.31;13;451;3;1384.6;1082.54
27427.52;20;23;2;1389.81;1086.83
27428.97;12;87;0;1088.28;776.66
27429.59;22;109;1;777.29;485.43
27432.33;13;451;3;1394.63;1092.56
27437.53;20;23;2;1118.51;1096.84
27439.01;12;87;0;1098.32;786.7
27439.64;22;109;1;787.33;495.48
27442.33;13;451;3;1404.63;1102.56
27447.57;20;23;2;1128.56;1106.88
27449.05;12;87;0;1108.36;796.75
27449.68;22;109;1;797.37;505.52
27452.38;13;451;3;1414.67;1112.61
27457.61;20;23;2;1138.6;1116.92
27459.1;12;87;0;1118.41;806.79
27459.71;22;109;1;807.4;515.55
27462.42;13;451;3;1424.72;1122.65
27467.66;20;23;2;1148.65;1126.97
27469.14;12;87;0;1128.45;816.83
27469.75;22;109;1;817.45;525.59
27477.7;20;23;2;1158.69;1137.01
27478.66;3;92;3;841.86;826.35
27479.17;12;87;0;1138.48;826.87
27479.75;22;109;1;827.45;535.59
27487.75;20;23;2;1168.74;1147.06
27488.67;3;92;3;851.87;836.36
27489.22;12;87;0;1148.53;836.91
27489.8;22;109;1;837.49;545.64
27497.76;20;23;2;1178.75;1157.07
27498.71;3;92;3;861.92;846.41
27499.23;12;87;0;1158.54;846.92
27499.84;22;109;1;847.54;555.68
27508.76;3;92;3;871.96;856.45
27509.26;12;87;0;1168.57;856.95
27509.88;22;109;1;857.57;565.72
27514.39;31;355;2;1173.7;862.08
27518.8;3;92;3;882.01;866.5
27519.27;12;87;0;1178.58;866.96
27519.92;22;109;1;867.62;575.76
27524.51;31;355;2;1183.82;872.2
27528.82;3;92;3;892.02;876.51
27529.28;12;87;0;1188.59;876.98
27529.97;22;109;1;877.66;585.81
27534.55;31;355;2;1193.86;882.25
27538.86;3;92;3;902.07;886.56
27539.33;12;87;0;1198.64;887.02
27540;22;109;1;887.69;595.84
27544.6;31;355;2;1203.91;892.29
27548.91;3;92;3;912.11;896.6
27549.37;12;87;0;1208.68;897.07
27550.04;22;109;1;897.74;605.88
27554.64;31;355;2;1213.95;902.34
27558.95;3;92;3;922.16;906.65
27559.42;12;87;0;1218.73;907.11
27560.09;22;109;1;907.78;615.93
27564.69;31;355;2;1224;912.38
27569;3;92;3;932.2;916.69
27569.42;12;87;0;1228.73;917.12
27570.13;22;109;1;917.83;625.97
27574.73;31;355;2;1234.04;922.43
27579.04;3;92;3;942.24;926.74
27579.46;12;87;0;1238.77;927.15
27584.78;31;355;2;1244.09;932.47
27586.07;23;5;1;1548.37;1267.06
27589.09;3;92;3;1248.4;936.78
27589.49;12;87;0;1248.8;937.18
27594.8;31;355;2;1254.11;942.49
27596.33;23;5;1;1558.63;1277.32
27599.11;3;92;3;1258.42;946.8
27599.52;12;87;0;1258.83;947.22
27604.82;31;355;2;1264.13;952.51
27606.37;23;5;1;1568.67;1287.36
27609.15;3;92;3;1268.46;956.84
27609.56;12;87;0;1268.87;957.25
27614.86;31;355;2;1274.17;962.56
27616.42;23;5;1;1578.72;1297.41
27619.18;3;92;3;1278.49;966.88
27619.6;12;87;0;1278.91;967.3
27624.9;31;355;2;1285.13;972.59
27626.46;23;5;1;1588.76;1307.45
27629.23;3;92;3;1288.54;976.92
27629.65;12;87;0;1288.96;977.34
27634.91;31;355;2;1295.14;982.61
27636.51;23;5;1;1598.81;1317.5
27639.27;3;92;3;1298.58;986.96
27639.69;12;87;0;1299;987.38
27644.94;31;355;2;1305.17;992.63
27646.52;23;5;1;1608.81;1327.51
27649.31;3;92;3;1308.63;997.01
27654.98;31;355;2;1315.21;1002.68
27655.33;17;359;0;1003.02;680.37
27656.56;23;5;1;1618.86;1337.55
27659.36;3;92;3;1318.67;1007.05
27665.03;31;355;2;1325.26;1012.72
27665.52;17;359;0;1013.22;690.56
27666.6;23;5;1;1628.9;1347.59
27669.4;3;92;3;1032.61;1017.1
27675.04;31;355;2;1335.27;1022.74
27675.57;17;359;0;1023.26;700.61
27676.65;23;5;1;1638.95;1357.64
27679.43;3;92;3;1042.63;1027.12
27685.09;31;355;2;1345.32;1032.78
27685.61;17;359;0;1033.31;710.65
27686.69;23;5;1;1648.99;1367.68
27689.47;3;92;3;1052.67;1037.17
27695.13;31;355;2;1355.36;1042.83
27695.66;17;359;0;1043.35;720.7
27696.74;23;5;1;1659.03;1377.73
27699.52;3;92;3;1062.72;1047.21
27705.18;31;355;2;1365.41;1052.87
27705.67;17;359;0;1053.36;730.71
27706.78;23;5;1;1669.08;1387.77
27709.56;3;92;3;1072.76;1057.25
27715.22;31;355;2;1375.45;1062.92
27715.71;17;359;0;1063.41;740.75
27716.8;23;5;1;1679.1;1397.79
27719.59;3;92;3;1082.79;1067.28
27725.22;31;355;2;1384.54;1072.92
27725.76;17;359;0;1073.45;750.8
27726.84;23;5;1;1689.14;1407.83
27729.63;3;92;3;1092.83;1077.33
27735.27;31;355;2;1394.58;1082.96
27735.8;17;359;0;1083.5;760.84
27736.86;23;5;1;1699.16;1417.85
27739.67;3;92;3;1102.87;1087.36
27745.31;31;355;2;1404.62;1093.01
27745.85;17;359;0;1093.54;770.89
27746.91;23;5;1;1709.2;1427.9
27749.69;3;92;3;1112.89;1097.39
27755.36;31;355;2;1414.67;1103.05
27755.89;17;359;0;1103.59;780.93
27756.95;23;5;1;1719.25;1437.94
27759.72;3;92;3;1122.92;1107.42
27765.4;31;355;2;1424.71;1113.1
27765.91;17;359;0;1113.61;790.95
27767;23;5;1;1729.29;1447.99
27769.77;3;92;3;1132.97;1117.46
27775.41;31;355;2;1434.72;1123.1
27775.95;17;359;0;1123.64;800.99
27777.04;23;5;1;1739.34;1458.03
27785.45;31;355;2;1444.76;1133.14
27785.99;17;359;0;1133.69;811.03
27786.13;6;78;3;1133.82;811.42
27787.08;23;5;1;1749.38;1468.07
27795.48;31;355;2;1454.79;1143.17
27796.03;17;359;0;1143.73;821.07
27796.17;6;78;3;1143.87;821.47
27797.12;23;5;1;1759.42;1478.11
27805.52;31;355;2;1464.83;1153.22
27806.08;17;359;0;1153.77;831.12
27806.22;6;78;3;1153.91;831.51
27807.14;23;5;1;1769.44;1488.13
27815.57;31;355;2;1474.88;1163.26
27816.12;17;359;0;1163.82;841.16
27816.26;6;78;3;1163.95;841.56
27817.17;23;5;1;1779.47;1498.16
27826.15;17;359;0;1173.84;851.19
27826.3;6;78;3;1174;851.6
27827.18;23;5;1;1789.48;1508.17
27831.44;15;255;2;7205.67;7169.55
27836.19;17;359;0;1183.89;861.23
27836.35;6;78;3;1184.04;861.65
27837.22;23;5;1;1799.52;1518.21
27841.45;15;255;2;7215.67;7179.55
27846.24;17;359;0;1193.93;871.28
27846.39;6;78;3;1194.09;871.69
27847.27;23;5;1;1809.56;1528.26
27851.49;15;255;2;7225.72;7189.6
27856.28;17;359;0;1203.97;881.32
27856.44;6;78;3;1204.13;881.73
27857.31;23;5;1;1819.61;1538.3
27861.54;15;255;2;7235.76;7199.64
27866.32;17;359;0;1214.02;891.36
27866.48;6;78;3;1214.18;891.78
27867.35;23;5;1;1829.65;1548.34
27871.58;15;255;2;7245.81;7209.69
27876.37;17;359;0;1224.06;901.41
27876.53;6;78;3;1224.22;901.82
27881.58;15;255;2;7255.81;7219.69
27883.14;22;352;1;908.18;555.99
27886.41;17;359;0;1234.11;911.45
27886.57;6;78;3;1234.27;911.87
27891.59;15;255;2;7265.81;7229.69
27893.29;22;352;1;918.33;566.14
27896.46;17;359;0;1244.15;921.5
27896.59;6;78;3;1259.79;921.88
27901.63;15;255;2;7275.85;7239.73
27903.33;22;352;1;928.37;576.18
27906.5;17;359;0;1254.2;931.54
27906.63;6;78;3;1269.83;931.93
27911.67;15;255;2;7285.9;7249.78
27913.38;22;352;1;938.42;586.23
27916.53;17;359;0;1264.23;941.57
27916.68;6;78;3;1279.88;941.97
27921.69;15;255;2;7295.91;7259.79
27923.4;22;352;1;948.44;596.25
27926.57;17;359;0;1274.27;951.61
27926.72;6;78;3;1289.92;952.02
27931.73;15;255;2;7305.96;7269.84
27933.44;22;352;1;958.48;606.29
27936.62;17;359;0;1284.31;961.66
27936.76;6;78;3;1299.97;962.06
27941.76;15;255;2;7594.52;7279.86
27943.49;22;352;1;968.53;616.34
27946.62;17;359;0;1294.32;971.66
27946.81;6;78;3;1310.01;972.1
27951.78;15;255;2;7604.54;7289.88
27953.51;22;352;1;978.55;626.36
27956.62;17;359;0;1304.32;981.66
27956.82;6;78;3;1320.02;982.12
27961.78;15;255;2;7614.55;7299.89
27963.55;22;352;1;988.85;636.4
27966.64;17;359;0;1314.33;991.68
27966.86;6;78;3;1330.07;992.16
27971.83;15;255;2;7624.59;7309.93
27973.6;22;352;1;998.89;646.44
27976.91;6;78;3;1340.11;1002.21
27981.86;15;255;2;7634.63;7319.97
27983.28;18;29;0;1008.32;656.13
27983.64;22;352;1;1008.68;656.49
27986.93;6;78;3;1334.62;1012.23
27991.91;15;255;2;7644.67;7330.01
27993.37;18;29;0;1018.41;666.22
27993.64;22;352;1;1018.68;666.49
27996.97;6;78;3;1344.67;1022.27
28001.95;15;255;2;7654.72;7340.06
28003.42;18;29;0;1028.46;676.27
28003.69;22;352;1;1028.73;676.53
28006.97;6;78;3;1354.67;1032.27
28012;15;255;2;7664.76;7350.1
28013.46;18;29;0;1038.5;686.31
28013.73;22;352;1;1038.77;686.58
28017.02;6;78;3;1364.71;1042.32
28022.04;15;255;2;7674.81;7360.15
28023.5;18;29;0;1048.54;696.35
28023.77;22;352;1;1048.81;696.62
28027.06;6;78;3;1374.76;1052.36
28032.09;15;255;2;7684.85;7370.19
28033.55;18;29;0;1058.59;706.4
28033.82;22;352;1;1058.86;706.67
28037.06;6;78;3;1384.76;1062.36
28042.13;15;255;2;7416.35;7380.23
28043.59;18;29;0;1068.63;716.44
28043.84;22;352;1;1068.88;716.68
28047.11;6;78;3;1394.8;1072.4
28052.17;15;255;2;7426.4;7390.28
28053.64;18;29;0;1078.68;726.48
28053.88;22;352;1;1078.92;726.73
28057.12;6;78;3;1404.81;1082.41
28062.22;15;255;2;7436.44;7400.32
28063.68;18;29;0;1088.72;736.53
28063.93;22;352;1;1088.97;736.77
28067.16;6;78;3;1414.86;1092.46
28072.26;15;255;2;7446.49;7410.37
28073.73;18;29;0;1098.77;746.57
28073.97;22;352;1;1099.01;746.82
28077.21;6;78;3;1424.9;1102.5
28082.31;15;255;2;7456.53;7420.41
28083.76;18;29;0;1108.8;756.6
28084.01;22;352;1;1109.05;756.86
28087.25;6;78;3;1434.95;1112.55
28092.31;15;255;2;7466.54;7430.42
28093.8;18;29;0;1118.84;766.65
28094.06;22;352;1;1119.1;766.91
28097.27;6;78;3;1444.96;1122.57
28102.36;15;255;2;7476.58;7440.46
28103.84;18;29;0;1128.88;776.69
28104.1;22;352;1;1129.14;776.95
28112.37;15;255;2;7486.6;7450.48
28113.04;13;202;3;785.89;785.72
28113.87;18;29;0;1138.91;786.72
28114.15;22;352;1;1139.19;787
28123.39;13;202;3;796.23;796.06
28123.92;18;29;0;1148.96;796.77
28124.19;22;352;1;1149.23;797.04
28128.52;20;385;2;1153.82;801.37
28133.43;13;202;3;806.28;806.1
28133.96;18;29;0;1159;806.81
28134.24;22;352;1;1159.28;807.08
28138.56;20;385;2;1163.86;811.41
28143.46;13;202;3;816.31;816.13
28143.98;18;29;0;1169.02;816.83
28144.28;22;352;1;1169.32;817.13
28148.57;20;385;2;1173.86;821.41
28153.51;13;202;3;826.35;826.18
28154.02;18;29;0;1179.06;826.86
28154.33;22;352;1;1179.37;827.17
28158.61;20;385;2;1183.91;831.46
28163.55;13;202;3;836.4;836.22
28164.06;18;29;0;1189.1;836.91
28164.37;22;352;1;1189.41;837.22
28168.66;20;385;2;1193.95;841.5
28173.59;13;202;3;846.44;846.27
28174.09;18;29;0;1199.13;846.94
28174.41;22;352;1;1199.45;847.26
28178.7;20;385;2;1203.99;851.55
28183.64;13;202;3;856.49;856.31
28184.13;18;29;0;1209.17;856.98
28184.46;22;352;1;1209.5;857.31
28188.74;20;385;2;1214.04;861.59
28193.68;13;202;3;866.53;866.35
28194.18;18;29;0;1219.22;867.03
28194.5;22;352;1;1219.54;867.35
28198.79;20;385;2;1224.08;871.64
28203.71;13;202;3;876.55;876.38
28204.22;18;29;0;1229.26;877.07
28208.83;20;385;2;1234.13;881.68
28213.75;13;202;3;886.6;886.42
28214.26;18;29;0;1239.3;887.1
28218.85;20;385;2;1274.69;891.7
28223.8;13;202;3;896.64;896.47
28224.3;18;29;0;1249.34;897.15
28228.9;20;385;2;1284.74;901.75
28233.84;13;202;3;906.69;906.51
28234.35;18;29;0;1259.39;907.19
28238.94;20;385;2;1294.78;911.79
28243.45;23;299;1;916.13;673.28
28243.88;13;202;3;916.73;916.56
28244.35;18;29;0;1269.39;917.2
28248.99;20;385;2;1304.83;921.83
28253.48;23;299;1;926.15;683.3
28253.93;13;202;3;926.78;926.6
28254.39;18;29;0;1279.43;927.24
28259.03;20;385;2;1314.87;931.88
28263.52;23;299;1;936.19;693.34
28263.97;13;202;3;936.82;936.65
28264.44;18;29;0;1289.48;937.29
28269.08;20;385;2;1324.92;941.92
28273.57;23;299;1;946.24;703.39
28274.02;13;202;3;946.87;946.69
28279.12;20;385;2;1334.96;951.97
28280.66;12;184;0;953.5;711.19
28283.61;23;299;1;956.28;713.43
28284.04;13;202;3;956.88;956.71
28289.14;20;385;2;1314.43;961.98
28291.01;12;184;0;963.86;721.55
28293.65;23;299;1;966.33;723.48
28294.06;13;202;3;966.91;966.74
28299.17;20;385;2;1324.46;972.01
28301.06;12;184;0;973.91;731.59
28303.7;23;299;1;976.37;733.52
28304.11;13;202;3;976.96;976.78
28309.21;20;385;2;1334.51;982.06
28311.1;12;184;0;983.95;741.64
28313.74;23;299;1;986.42;743.57
28314.15;13;202;3;987;986.82
28319.26;20;385;2;1344.55;992.1
28321.15;12;184;0;994;751.68
28323.79;23;299;1;996.46;753.61
28324.2;13;202;3;997.04;996.87
28329.28;20;385;2;1354.58;1002.13
28331.18;12;184;0;1004.03;761.71
28333.83;23;299;1;1006.51;763.65
28334.24;13;202;3;1007.09;1006.91
28339.31;20;385;2;1364.6;1012.16
28341.22;12;184;0;1014.07;771.75
28343.86;23;299;1;1016.54;773.69
28344.25;13;202;3;1017.1;1016.92
28349.31;20;385;2;1374.61;1022.16
28351.27;12;184;0;1024.11;781.8
28353.91;23;299;1;1026.76;783.73
28354.29;13;202;3;1027.14;1026.96
28359.36;20;385;2;1384.65;1032.2
28361.28;12;184;0;1034.13;791.81
28363.92;23;299;1;1036.77;793.74
28364.34;13;202;3;1037.18;1037.01
28369.36;20;385;2;1394.65;1042.21
28371.33;12;184;0;1044.17;801.86
28373.93;23;299;1;1046.77;803.75
28374.37;13;202;3;1047.22;1047.04
28379.4;20;385;2;1404.7;1052.25
28381.37;12;184;0;1054.22;811.9
28383.97;23;299;1;1056.82;813.79
28384.41;13;202;3;1057.26;1057.09
28389.45;20;385;2;1414.74;1062.29
28391.41;12;184;0;1416.45;821.95
28394.01;23;299;1;1066.86;823.84
28394.45;13;202;3;1067.3;1067.13
28399.48;20;385;2;1424.78;1072.33
28401.46;12;184;0;1426.5;831.99
28404.06;23;299;1;1076.91;833.88
28409.5;20;385;2;1434.79;1082.34
28410.37;3;207;3;1083.22;841.33
28411.5;12;184;0;1084.35;842.03
28414.1;23;299;1;1086.95;843.92
28419.54;20;385;2;1444.84;1092.39
28420.51;3;207;3;1093.36;851.47
28421.55;12;184;0;1094.39;852.08
28424.12;23;299;1;1096.97;853.94
28429.59;20;385;2;1454.88;1102.43
28430.54;3;207;3;1103.39;861.5
28431.59;12;184;0;1104.44;862.12
28434.16;23;299;1;1107.01;863.99
28439.63;20;385;2;1464.93;1112.48
28440.58;3;207;3;1113.43;871.54
28441.64;12;184;0;1114.48;872.17
28444.21;23;299;1;1117.06;874.03
28449.67;20;385;2;1474.97;1122.52
28450.63;3;207;3;1123.47;881.58
28451.68;12;184;0;1124.53;882.21
28454.21;23;299;1;1127.06;884.04
28459.71;20;385;2;1485;1132.56
28460.63;3;207;3;1133.48;891.59
28461.73;12;184;0;1134.57;892.26
28464.26;23;299;1;1137.11;894.08
28469.72;20;385;2;1495.01;1142.57
28470.68;3;207;3;1143.52;901.63
28471.77;12;184;0;1144.62;902.3
28474.27;23;299;1;1147.12;904.1
28479.76;20;385;2;1505.06;1152.61
28480.72;3;207;3;1153.57;911.68
28481.8;12;184;0;1154.65;912.33
28484.32;23;299;1;1156.99;914.14
28489.78;20;385;2;1515.08;1162.63
28490.77;3;207;3;1163.61;921.72
28491.84;12;184;0;1164.69;922.37
28494.34;23;299;1;1167.01;924.16
28500.8;3;207;3;1173.65;931.76
28501.89;12;184;0;1174.73;932.42
28504.39;23;299;1;1177.06;934.21
28505.92;31;12;2;1561.76;1530.96
28510.85;3;207;3;1183.7;941.81
28511.93;12;184;0;1184.78;942.46
28514.39;23;299;1;1187.06;944.21
28515.98;31;12;2;1571.82;1541.02
28520.87;3;207;3;1193.71;951.82
28521.98;12;184;0;1194.82;952.51
28524.44;23;299;1;1197.11;954.26
28526.03;31;12;2;1581.87;1551.07
28530.9;3;207;3;1203.75;961.86
28531.99;12;184;0;1204.84;962.52
28536.03;31;12;2;1591.87;1561.07
28540;22;449;1;915.06;623.42
28540.95;3;207;3;1213.79;971.9
28542.03;12;184;0;1214.88;972.57
28546.08;31;12;2;1601.92;1571.12
28550.27;22;449;1;925.33;633.69
28550.97;3;207;3;1223.82;981.93
28552.05;12;184;0;1224.9;982.59
28556.12;31;12;2;1611.96;1581.16
28560.31;22;449;1;935.37;643.74
28561.01;3;207;3;1233.86;991.97
28562.09;12;184;0;1234.94;992.63
28566.16;31;12;2;1622;1591.2
28570.36;22;449;1;945.42;653.78
28571.06;3;207;3;1243.9;1002.01
28576.2;31;12;2;1632.04;1601.24
28578.86;17;459;0;1009.39;662.28
28580.38;22;449;1;955.44;663.8
28581.09;3;207;3;1253.94;1012.05
28586.21;31;12;2;1642.05;1611.25
28588.87;17;459;0;1019.4;672.29
28590.4;22;449;1;965.46;673.82
28591.12;3;207;3;1263.97;1022.08
28596.22;31;12;2;1652.06;1621.26
28598.87;17;459;0;1029.4;682.29
28600.43;22;449;1;975.49;683.85
28601.17;3;207;3;1274.01;1032.12
28606.25;31;12;2;1662.09;1631.29
28608.92;17;459;0;1039.45;692.34
28610.47;22;449;1;985.53;693.89
28611.19;3;207;3;1284.04;1042.15
28616.28;31;12;2;1963.97;1641.32
28618.94;17;459;0;1049.48;702.37
28620.51;22;449;1;1050.34;703.94
28621.24;3;207;3;1294.09;1052.2
28626.32;31;12;2;1974.02;1651.36
28628.99;17;459;0;1059.52;712.41
28630.56;22;449;1;1060.38;713.98
28631.26;3;207;3;1304.11;1062.22
28636.37;31;12;2;1984.06;1661.41
28639.03;17;459;0;1069.56;722.45
28640.6;22;449;1;1070.43;724.03
28641.3;3;207;3;1314.15;1072.26
28646.41;31;12;2;1994.11;1671.45
28649.07;17;459;0;1079.61;732.5
28650.65;22;449;1;1080.47;734.07
28651.35;3;207;3;1324.19;1082.3
28656.42;31;12;2;2004.11;1681.46
28659.11;17;459;0;1089.64;742.53
28660.69;22;449;1;1090.51;744.11
28661.38;3;207;3;1334.22;1092.33
28666.46;31;12;2;2014.16;1691.5
28669.12;17;459;0;1099.65;752.54
28670.74;22;449;1;1100.56;754.16
28671.42;3;207;3;1344.27;1102.38
28676.51;31;12;2;1732.35;1701.55
28679.16;17;459;0;1109.69;762.58
28680.78;22;449;1;1055.84;764.2
28681.46;3;207;3;1354.31;1112.42
28686.55;31;12;2;1742.39;1711.59
28689.19;17;459;0;1120.15;772.61
28690.83;22;449;1;1065.89;774.25
28691.51;3;207;3;1364.36;1122.47
28696.56;31;12;2;1752.4;1721.6
28699.24;17;459;0;1130.19;782.66
28700.87;22;449;1;1075.93;784.29
28706.61;31;12;2;1762.45;1731.65
28707.79;6;72;3;1137.61;791.21
28709.25;17;459;0;1140.21;792.68
28710.89;22;449;1;1085.95;794.31
28716.65;31;12;2;1772.49;1741.69
28717.88;6;72;3;1147.71;801.31
28719.3;17;459;0;1150.26;802.72
28720.93;22;449;1;1095.99;804.35
28726.68;31;12;2;1782.52;1751.72
28727.93;6;72;3;1157.75;811.35
28729.34;17;459;0;1160.3;812.77
28730.98;22;449;1;1106.04;814.4
28736.72;31;12;2;1792.56;1761.76
28737.97;6;72;3;1167.8;821.39
28739.39;17;459;0;1170.35;822.81
28741.02;22;449;1;1116.08;824.44
28746.77;31;12;2;1802.61;1771.81
28748.02;6;72;3;1177.84;831.44
28749.43;17;459;0;1180.39;832.85
28751.07;22;449;1;1126.13;834.49
28756.81;31;12;2;1812.65;1781.85
28758.02;6;72;3;1187.85;841.44
28759.48;17;459;0;1190.43;842.9
28761.11;22;449;1;1136.17;844.53
28766.86;31;12;2;1822.7;1791.9
28768.07;6;72;3;1197.89;851.49
28769.52;17;459;0;1200.48;852.94
28771.13;22;449;1;1146.19;854.55
28776.9;31;12;2;1832.74;1801.94
28778.11;6;72;3;1207.93;861.53
28779.56;17;459;0;1210.52;862.99
28781.17;22;449;1;1156.23;864.6
28786.94;31;12;2;1842.78;1811.98
28788.16;6;72;3;1217.98;871.58
28789.61;17;459;0;1220.57;873.03
28791.2;22;449;1;1166.26;874.63
28798.19;6;72;3;1228.02;881.62
28799.64;17;459;0;1230.6;883.07
