#TimeStamp;Bot;Pod;OutputStation
35.19;11;433;1
36.23;29;70;3
45.24;11;433;1
45.57;25;373;0
53.23;5;73;3
55.31;11;433;1
55.66;25;373;0
63.36;5;73;3
63.92;30;427;2
65.36;11;433;1
65.9;25;373;0
73.43;5;73;3
74.02;30;427;2
75.41;11;433;1
75.98;25;373;0
83.53;5;73;3
84.12;30;427;2
85.46;11;433;1
86.02;25;373;0
93.58;5;73;3
94.17;30;427;2
95.55;11;433;1
96.06;19;97;0
103.66;5;73;3
104.24;8;141;2
105.65;26;13;1
106.11;19;97;0
113.74;5;73;3
114.29;8;141;2
115.79;26;13;1
116.15;19;97;0
124.16;9;267;3
124.71;8;141;2
125.88;26;13;1
126.2;19;97;0
134.45;9;267;3
134.75;8;141;2
136.2;26;13;1
136.24;19;97;0
144.5;9;267;3
144.8;8;141;2
146.24;26;13;1
146.29;19;97;0
154.8;9;267;3
154.84;8;141;2
156.29;2;135;1
156.33;1;84;0
164.88;9;267;3
164.93;8;141;2
166.34;2;135;1
166.39;1;84;0
174.93;9;267;3
174.97;8;141;2
176.4;2;135;1
176.81;1;84;0
184.97;7;406;3
185.22;10;482;2
186.72;24;170;1
187.23;1;84;0
195.01;7;406;3
195.28;10;482;2
197.14;24;170;1
197.45;1;84;0
205.09;7;406;3
205.45;10;482;2
207.41;24;170;1
207.87;1;84;0
215.13;7;406;3
215.87;10;482;2
217.53;0;498;1
218.13;1;84;0
225.18;7;406;3
225.96;21;398;2
227.95;0;498;1
228.18;1;84;0
235.25;7;406;3
236;21;398;2
238.18;0;498;1
238.22;1;84;0
245.67;7;406;3
246.05;21;398;2
248.22;0;498;1
248.64;27;334;0
255.81;7;406;3
256.16;21;398;2
258.39;0;498;1
258.85;27;334;0
266.09;16;347;3
266.58;21;398;2
268.76;0;498;1
268.96;27;334;0
276.42;16;347;3
276.63;21;398;2
279;0;498;1
279.17;14;303;0
286.63;16;347;3
286.67;28;87;2
289.17;0;498;1
289.46;14;303;0
296.67;16;347;3
296.72;28;87;2
299.21;0;498;1
299.63;14;303;0
306.72;16;347;3
306.76;28;87;2
309.32;0;498;1
309.72;14;303;0
316.76;16;347;3
316.8;28;87;2
319.5;11;76;1
319.76;14;303;0
326.8;16;347;3
329.63;11;76;1
329.81;14;303;0
333.99;30;502;2
336.85;16;347;3
339.71;11;76;1
339.85;4;265;0
344.03;30;502;2
346.95;29;376;3
349.81;11;76;1
349.92;4;265;0
354.16;30;502;2
357.02;29;376;3
359.88;11;76;1
360.01;4;265;0
364.21;30;502;2
367.21;29;376;3
369.92;11;76;1
370.06;4;265;0
374.26;30;502;2
377.25;5;182;3
379.97;11;76;1
380.11;4;265;0
384.3;30;502;2
387.3;5;182;3
390.06;11;76;1
390.15;4;265;0
394.35;8;117;2
397.35;5;182;3
400.15;2;179;1
400.35;4;265;0
404.39;8;117;2
407.4;5;182;3
410.2;2;179;1
410.4;4;265;0
414.44;10;43;2
417.44;9;93;3
420.24;2;179;1
420.44;27;286;0
424.65;10;43;2
427.63;9;93;3
430.31;2;179;1
430.49;27;286;0
434.69;10;43;2
437.69;9;93;3
440.35;2;179;1
440.53;27;286;0
444.74;10;43;2
447.74;9;93;3
450.42;24;295;1
450.58;19;200;0
454.78;28;207;2
457.99;7;402;3
460.61;24;295;1
460.69;19;200;0
464.99;21;348;2
468.07;7;402;3
470.7;24;295;1
470.79;19;200;0
475.07;21;348;2
478.43;7;402;3
480.75;24;295;1
480.87;19;200;0
485.22;21;348;2
488.8;7;402;3
490.83;24;295;1
491.05;19;200;0
495.29;30;160;2
498.84;16;412;3
500.88;24;295;1
501.19;19;200;0
505.72;30;160;2
509.26;16;412;3
511.09;24;295;1
511.58;19;200;0
515.92;30;160;2
519.4;16;412;3
521.29;24;295;1
521.75;14;391;0
526.03;30;160;2
529.79;5;420;3
531.57;26;469;1
531.79;14;391;0
536.44;30;160;2
539.91;5;420;3
541.68;26;469;1
541.84;14;391;0
546.69;30;160;2
550;29;353;3
551.84;0;323;1
551.88;14;391;0
556.81;8;516;2
560.04;29;353;3
561.88;0;323;1
561.93;1;223;0
566.86;8;516;2
570.21;29;353;3
571.93;0;323;1
571.97;1;223;0
576.92;8;516;2
580.3;29;353;3
582;11;7;1
582.04;1;223;0
587.08;8;516;2
590.34;29;353;3
592.04;11;7;1
592.26;1;223;0
597.5;8;516;2
600.41;9;206;3
602.11;11;7;1
602.31;25;470;0
607.65;10;278;2
610.46;9;206;3
612.31;11;7;1
612.51;25;470;0
617.72;10;278;2
620.54;9;206;3
622.52;11;7;1
622.62;25;470;0
628.14;10;278;2
630.71;9;206;3
632.63;11;7;1
632.79;25;470;0
638.19;10;278;2
641.04;16;219;3
642.8;11;7;1
642.93;27;257;0
648.28;10;278;2
651.24;16;219;3
652.88;2;159;1
652.97;27;257;0
658.46;28;144;2
661.46;16;219;3
662.97;2;159;1
663.02;27;257;0
668.51;28;144;2
671.51;16;219;3
673.02;2;159;1
673.06;27;257;0
678.71;28;144;2
681.74;16;219;3
683.06;24;186;1
683.15;4;61;0
688.87;28;144;2
691.78;16;219;3
693.11;24;186;1
693.28;4;61;0
698.94;21;301;2
701.84;7;330;3
703.15;24;186;1
703.43;4;61;0
708.98;21;301;2
711.89;7;330;3
713.43;26;130;1
713.49;14;339;0
719.19;21;301;2
722.12;7;330;3
723.5;26;130;1
723.82;14;339;0
729.32;21;301;2
732.32;7;330;3
733.55;26;130;1
733.87;19;290;0
739.36;21;301;2
742.36;7;330;3
743.62;26;130;1
749.12;1;302;0
749.41;21;301;2
752.41;5;178;3
753.66;26;130;1
759.27;1;302;0
759.46;21;301;2
762.45;5;178;3
763.96;26;130;1
769.37;1;302;0
769.63;30;449;2
772.59;5;178;3
774.29;26;130;1
779.63;25;232;0
781.81;8;497;2
782.63;5;178;3
784.33;0;263;1
789.67;25;232;0
791.85;8;497;2
792.68;5;178;3
794.39;0;263;1
799.72;25;232;0
801.97;8;497;2
802.72;5;178;3
804.81;0;263;1
809.76;25;232;0
812.06;8;497;2
812.77;5;178;3
814.86;0;263;1
819.85;25;232;0
822.48;8;497;2
822.85;29;229;3
824.97;11;117;1
829.93;25;232;0
832.77;8;497;2
832.92;29;229;3
835.26;11;117;1
839.98;25;232;0
842.83;8;497;2
842.98;29;229;3
845.41;24;100;1
850.02;27;200;0
853.02;10;213;2
853.06;29;229;3
855.55;24;100;1
860.07;27;200;0
863.06;10;213;2
863.1;29;229;3
865.69;24;100;1
870.11;27;200;0
873.1;10;213;2
873.15;16;508;3
875.82;2;131;1
880.16;27;200;0
883.15;10;213;2
883.19;16;508;3
885.93;2;131;1
890.24;14;471;0
893.23;28;323;2
893.27;16;508;3
896.19;2;131;1
900.33;14;471;0
903.27;28;323;2
903.32;16;508;3
906.25;26;147;1
910.53;14;471;0
913.32;28;323;2
913.53;16;508;3
916.32;26;147;1
920.95;14;471;0
923.4;28;323;2
923.81;9;214;3
926.4;0;398;1
931.37;4;283;0
933.52;28;323;2
933.85;9;214;3
936.46;0;398;1
941.47;4;283;0
943.66;21;513;2
943.9;9;214;3
946.66;0;398;1
951.51;4;283;0
953.9;21;513;2
953.94;9;214;3
956.7;0;398;1
961.79;4;283;0
963.94;21;513;2
963.99;9;214;3
966.84;0;398;1
971.92;4;283;0
973.99;30;512;2
974.03;5;460;3
977;11;179;1
981.99;4;283;0
984.03;30;512;2
984.11;5;460;3
987.05;11;179;1
992.03;4;283;0
994.11;30;512;2
994.19;5;460;3
997.12;11;179;1
1002.09;19;260;0
1004.17;30;512;2
1004.25;5;460;3
1007.16;24;189;1
1012.16;19;260;0
1014.26;8;341;2
1014.67;5;460;3
1017.25;24;189;1
1022.51;19;260;0
1024.67;8;341;2
1025.1;5;460;3
1027.39;24;189;1
1032.58;19;260;0
1034.81;8;341;2
1035.17;5;460;3
1037.85;24;189;1
1042.78;19;260;0
1044.86;8;341;2
1045.44;5;460;3
1047.9;24;189;1
1052.82;19;260;0
1055.02;8;341;2
1055.82;5;460;3
1058.02;24;189;1
1062.87;25;448;0
1065.09;10;519;2
1065.87;7;282;3
1068.06;24;189;1
1073.17;1;61;0
1075.16;10;519;2
1075.93;7;282;3
1078.19;2;53;1
1085.23;10;519;2
1085.98;7;282;3
1088.24;2;53;1
1088.33;14;329;0
1095.54;28;245;2
1096.12;7;282;3
1098.29;2;53;1
1098.47;14;329;0
1105.58;28;245;2
1106.57;7;282;3
1108.33;2;53;1
1108.58;14;329;0
1115.88;28;245;2
1116.72;7;282;3
1118.48;2;53;1
1118.63;14;329;0
1126.3;28;245;2
1126.84;7;282;3
1128.63;26;13;1
1128.73;27;339;0
1136.48;28;245;2
1137.06;7;282;3
1138.73;11;543;1
1139.15;27;339;0
1146.9;28;245;2
1147.1;16;34;3
1148.78;11;543;1
1149.2;27;339;0
1156.94;21;247;2
1158.65;29;312;3
1158.82;11;543;1
1159.51;4;496;0
1167.11;21;247;2
1168.7;29;312;3
1168.87;11;543;1
1169.58;4;496;0
1177.2;21;247;2
1178.87;29;312;3
1179.29;11;543;1
1179.65;4;496;0
1187.27;21;247;2
1188.98;9;71;3
1189.45;11;543;1
1189.69;4;496;0
1197.31;21;247;2
1199.42;9;71;3
1199.49;0;293;1
1199.74;4;496;0
1207.4;30;229;2
1209.49;9;71;3
1209.74;0;293;1
1210;4;496;0
1217.74;30;229;2
1219.6;5;489;3
1219.81;0;293;1
1220.13;4;496;0
1227.78;30;229;2
1229.81;5;489;3
1229.86;2;278;1
1230.27;1;381;0
1237.91;8;486;2
1239.86;5;489;3
1239.9;2;278;1
1240.31;1;381;0
1248;8;486;2
1249.94;5;489;3
1250;2;278;1
1250.36;1;381;0
1258.24;10;108;2
1260;5;489;3
1260.36;24;281;1
1260.4;25;257;0
1268.51;10;108;2
1270.22;5;489;3
1270.4;24;281;1
1270.45;25;257;0
1278.94;10;108;2
1280.4;7;492;3
1280.45;24;281;1
1280.49;25;257;0
1289.14;10;108;2
1290.49;7;492;3
1290.53;24;281;1
1290.58;19;128;0
1299.19;10;108;2
1300.53;7;492;3
1300.58;24;281;1
1300.62;19;128;0
1309.28;10;108;2
1310.58;7;492;3
1310.62;26;7;1
1310.71;14;216;0
1319.36;10;108;2
1320.62;16;55;3
1320.66;11;171;1
1320.89;14;216;0
1329.41;28;194;2
1330.66;16;55;3
1330.71;11;171;1
1331.07;14;216;0
1339.45;28;194;2
1340.75;16;55;3
1340.79;11;171;1
1341.3;27;104;0
1349.54;28;194;2
1350.83;16;55;3
1350.87;11;171;1
1351.52;27;104;0
1359.72;28;194;2
1360.87;16;55;3
1360.92;11;171;1
1361.91;27;104;0
1369.82;28;194;2
1370.92;16;55;3
1371.12;2;448;1
1372.37;4;526;0
1379.87;28;194;2
1381.12;16;55;3
1381.16;2;448;1
1382.42;4;526;0
1390.02;28;194;2
1391.21;9;482;3
1391.45;0;416;1
1392.5;4;526;0
1400.44;28;194;2
1401.45;9;482;3
1401.5;0;416;1
1402.75;1;399;0
1410.71;30;523;2
1411.5;29;14;3
1411.54;0;416;1
1412.83;1;399;0
1420.91;30;523;2
1421.54;29;14;3
1421.61;0;416;1
1423.04;1;399;0
1431.2;30;523;2
1431.61;29;14;3
1431.91;0;416;1
1433.09;25;533;0
1441.61;30;523;2
1441.91;29;14;3
1442.24;0;416;1
1443.18;25;533;0
1451.91;30;523;2
1452.24;5;301;3
1452.66;0;416;1
1453.25;25;533;0
1461.97;30;523;2
1462.29;5;301;3
1462.71;26;84;1
1463.29;25;533;0
1472.31;21;41;2
1472.36;5;301;3
1472.75;26;84;1
1473.71;25;533;0
1482.36;21;41;2
1482.4;5;301;3
1482.8;26;84;1
1483.98;25;533;0
1492.4;21;41;2
1492.81;5;301;3
1492.86;26;84;1
1494.02;25;533;0
1502.45;21;41;2
1502.86;16;70;3
1502.9;26;84;1
1504.06;19;110;0
1512.59;21;41;2
1512.9;16;70;3
1512.95;26;84;1
1514.13;19;110;0
1522.93;21;41;2
1522.98;16;70;3
1523.02;24;381;1
1524.17;19;110;0
1532.98;8;207;2
1533.02;7;332;3
1534.23;19;110;0
1535.36;2;40;1
1543.02;8;207;2
1543.07;7;332;3
1544.54;19;110;0
1545.44;2;40;1
1553.07;8;207;2
1553.11;7;332;3
1554.8;19;110;0
1555.48;2;40;1
1563.11;8;207;2
1563.16;7;332;3
1565.07;14;418;0
1565.53;11;131;1
1573.16;8;207;2
1573.2;7;332;3
1575.49;14;418;0
1575.62;11;131;1
1583.24;8;207;2
1583.28;7;332;3
1585.53;14;418;0
1586.04;11;131;1
1593.28;8;207;2
1593.7;7;332;3
1595.57;14;418;0
1596.27;0;464;1
1603.33;8;207;2
1604;7;332;3
1605.65;14;418;0
1606.33;0;464;1
1613.41;10;519;2
1614.42;9;230;3
1615.73;27;283;0
1616.37;0;464;1
1623.86;10;519;2
1624.51;9;230;3
1626.1;27;283;0
1626.78;0;464;1
1633.91;10;519;2
1634.56;29;469;3
1636.23;27;283;0
1636.85;0;464;1
1643.96;10;519;2
1646.28;1;429;0
1646.95;0;464;1
1649.27;5;502;3
1654;28;263;2
1656.56;1;429;0
1657.04;0;464;1
1659.43;5;502;3
1664.17;28;263;2
1666.6;1;429;0
1667.09;0;464;1
1669.49;5;502;3
1674.26;28;263;2
1677.02;1;429;0
1677.26;26;124;1
1679.91;5;502;3
1684.34;30;125;2
1687.3;4;172;0
1687.34;26;124;1
1690;16;246;3
1694.41;30;125;2
1697.34;4;172;0
1697.39;26;124;1
1700.23;16;246;3
1704.83;30;125;2
1707.39;4;172;0
1707.81;26;124;1
1710.37;16;246;3
1715.26;30;125;2
1717.6;25;232;0
1717.87;26;124;1
1725.35;30;125;2
1725.86;7;122;3
1727.87;25;232;0
1728.18;26;124;1
1735.41;30;125;2
1736.03;7;122;3
1738.12;19;442;0
1738.39;24;523;1
1745.64;21;540;2
1746.17;7;122;3
1748.17;19;442;0
1748.44;24;523;1
1755.79;21;540;2
1756.22;7;122;3
1758.47;19;442;0
1758.65;24;523;1
1765.98;21;540;2
1766.5;7;122;3
1768.61;19;442;0
1768.98;24;523;1
1776.05;10;190;2
1776.65;7;122;3
1778.87;19;442;0
1779.05;2;352;1
1786.1;10;190;2
1786.73;29;341;3
1789.06;14;374;0
1789.1;2;352;1
1796.14;10;190;2
1797.15;29;341;3
1799.11;14;374;0
1799.16;2;352;1
1806.23;10;190;2
1807.47;29;341;3
1809.17;14;374;0
1809.23;2;352;1
1816.65;10;190;2
1817.82;29;341;3
1819.23;14;374;0
1819.27;2;352;1
1826.73;8;360;2
1828.22;29;341;3
1829.31;4;260;0
1829.47;2;352;1
1837.15;8;360;2
1838.29;29;341;3
1839.47;27;69;0
1839.8;2;352;1
1847.3;8;360;2
1848.34;9;446;3
1849.8;27;69;0
1849.93;2;352;1
1857.72;8;360;2
1858.39;9;446;3
1859.93;27;69;0
1859.98;2;352;1
1868.18;28;53;2
1868.56;9;446;3
1869.98;27;69;0
1870.02;11;299;1
1878.57;28;53;2
1878.98;9;446;3
1880.04;27;69;0
1880.09;11;299;1
1888.61;28;53;2
1889.11;9;446;3
1890.09;1;4;0
1890.13;11;299;1
1898.66;30;542;2
1899.28;9;446;3
1900.13;1;4;0
1900.27;0;464;1
1909.08;30;542;2
1909.32;9;446;3
1910.19;1;4;0
1919.32;30;542;2
1919.37;9;446;3
1920.24;1;4;0
1923.37;26;41;1
1929.37;30;542;2
1929.47;9;446;3
1930.28;25;385;0
1939.47;30;542;2
1939.73;9;446;3
1940;24;110;1
1940.33;25;385;0
1949.64;30;542;2
1950;9;446;3
1950.13;24;110;1
1950.4;25;385;0
1960;10;427;2
1960.09;5;204;3
1960.35;24;110;1
1960.49;25;385;0
1970.2;5;204;3
1970.42;24;110;1
1970.57;25;385;0
1972.01;21;206;2
1980.25;5;204;3
1980.46;24;110;1
1980.99;19;9;0
1982.05;21;206;2
1990.35;5;204;3
1990.51;24;110;1
1991.09;19;9;0
1992.1;21;206;2
2000.4;5;204;3
2000.55;2;540;1
2001.16;19;9;0
2002.14;21;206;2
2010.44;5;204;3
2010.65;2;540;1
2011.26;19;9;0
2012.42;21;206;2
2020.61;5;204;3
2020.8;2;540;1
2021.3;19;9;0
2022.47;21;206;2
2030.67;5;204;3
2031.22;2;540;1
2031.34;4;429;0
2032.51;21;206;2
2040.94;16;451;3
2041.34;2;540;1
2041.58;14;388;0
2042.56;21;206;2
2051.21;16;451;3
2051.53;2;540;1
2051.84;14;388;0
2055.52;28;213;2
2061.57;16;451;3
2061.62;11;348;1
2061.88;14;388;0
2065.68;28;213;2
2071.62;16;451;3
2071.77;11;348;1
2072.02;14;388;0
2075.9;28;213;2
2081.76;16;451;3
2082.02;11;348;1
2082.09;27;539;0
2085.96;8;181;2
2092.02;16;451;3
2092.09;11;348;1
2092.51;27;539;0
2096.13;8;181;2
2102.09;16;451;3
2102.51;11;348;1
2102.78;27;539;0
2106.55;8;181;2
2112.17;7;12;3
2112.74;0;40;1
2112.82;27;539;0
2116.62;10;360;2
2122.43;7;12;3
2122.82;0;40;1
2122.87;27;539;0
2126.67;10;360;2
2132.5;7;12;3
2132.87;0;40;1
2132.91;27;539;0
2136.71;10;360;2
2142.54;7;12;3
2142.93;26;290;1
2142.97;27;539;0
2147.01;10;360;2
2152.84;7;12;3
2152.97;26;290;1
2153.02;27;539;0
2157.26;30;153;2
2162.97;7;12;3
2163.02;26;290;1
2163.06;1;475;0
2167.3;30;153;2
2173.03;9;55;3
2173.07;26;290;1
2173.12;1;475;0
2177.35;30;153;2
2183.07;9;55;3
2183.12;26;290;1
2183.21;1;475;0
2187.39;30;153;2
2193.12;9;55;3
2193.16;26;290;1
2193.25;1;475;0
2197.44;30;153;2
2203.18;9;55;3
2203.22;24;533;1
2203.3;1;475;0
2207.51;30;153;2
2213.22;29;110;3
2213.31;24;533;1
2213.35;1;475;0
2217.56;21;168;2
2223.3;29;110;3
2223.39;24;533;1
2223.77;1;475;0
2227.77;21;168;2
2233.35;5;424;3
2233.6;24;533;1
2233.83;25;355;0
2237.82;28;298;2
2243.49;5;424;3
2243.69;2;4;1
2243.87;25;355;0
2248.19;28;298;2
2253.72;5;424;3
2253.76;2;4;1
2254.02;25;355;0
2258.24;8;134;2
2263.81;16;473;3
2263.85;11;135;1
2264.4;25;355;0
2268.28;8;134;2
2273.85;16;473;3
2274.13;11;135;1
2274.47;25;355;0
2278.59;8;134;2
2283.96;16;473;3
2284.25;11;135;1
2284.57;25;355;0
2288.73;8;134;2
2294.18;16;473;3
2294.4;11;135;1
2294.83;4;289;0
2298.91;8;134;2
2304.23;16;473;3
2304.49;11;135;1
2304.88;4;289;0
2308.99;10;374;2
2314.27;16;473;3
2314.92;11;135;1
2315.03;4;289;0
2319.1;10;374;2
2324.47;7;198;3
2325;11;135;1
2325.07;4;289;0
2329.4;10;374;2
2334.52;7;198;3
2335.07;11;135;1
2335.12;4;289;0
2339.44;10;374;2
2344.7;7;198;3
2345.12;0;160;1
2345.16;4;289;0
2349.64;10;374;2
2354.75;7;198;3
2355.16;0;160;1
2355.21;4;289;0
2359.76;21;469;2
2365.17;7;198;3
2365.22;0;160;1
2365.26;4;289;0
2369.99;21;469;2
2375.22;9;494;3
2375.26;0;160;1
2375.31;4;289;0
2380.09;21;469;2
2385.26;9;494;3
2385.31;0;160;1
2385.35;4;289;0
2390.29;21;469;2
2395.31;9;494;3
2395.35;24;271;1
2395.4;4;289;0
2400.46;21;469;2
2405.35;9;494;3
2405.4;24;271;1
2405.48;1;49;0
2410.51;21;469;2
2415.4;29;460;3
2415.44;24;271;1
2415.53;19;95;0
2420.55;30;360;2
2425.45;29;460;3
2425.49;2;502;1
2430.6;30;360;2
2431.37;14;84;0
2435.49;29;460;3
2437.24;26;282;1
2440.64;30;360;2
2445.54;29;460;3
2447.29;27;186;0
2447.29;26;282;1
2450.72;30;360;2
2455.6;5;235;3
2457.71;27;186;0
2457.71;11;87;1
2460.76;28;55;2
2465.64;5;235;3
2467.78;27;186;0
2467.78;11;87;1
2470.81;28;55;2
2475.69;16;376;3
2477.98;27;186;0
2477.98;11;87;1
2480.85;10;93;2
2488.03;27;186;0
2488.03;11;87;1
2490.9;10;93;2
2491.9;7;227;3
2498.15;25;172;0
2498.15;11;87;1
2501.15;10;93;2
2501.94;7;227;3
2508.31;25;172;0
2508.31;11;87;1
2511.2;8;381;2
2512.14;7;227;3
2518.61;25;172;0
2518.61;11;87;1
2521.61;8;381;2
2522.18;7;227;3
2529.03;25;172;0
2529.03;11;87;1
2531.88;8;381;2
2532.23;9;188;3
2539.25;1;405;0
2539.25;0;429;1
2542.23;8;381;2
2542.28;9;188;3
2549.3;1;405;0
2549.3;0;429;1
2552.28;21;279;2
2552.32;9;188;3
2559.62;1;405;0
2559.62;0;429;1
2562.32;21;279;2
2562.56;9;188;3
2569.75;1;405;0
2569.75;2;386;1
2572.56;21;279;2
2572.61;9;188;3
2580.17;1;405;0
2581.21;24;333;1
2582.61;30;13;2
2585.31;29;257;3
2590.22;1;405;0
2591.35;24;333;1
2592.65;30;13;2
2595.43;29;257;3
2600.41;19;497;0
2601.76;24;333;1
2602.71;28;370;2
2605.74;29;257;3
2610.54;19;497;0
2611.89;24;333;1
2612.77;28;370;2
2615.79;29;257;3
2620.6;19;497;0
2621.94;24;333;1
2623.19;28;370;2
2625.97;29;257;3
2631.03;19;497;0
2632.14;26;419;1
2633.64;28;370;2
2636.01;16;230;3
2641.14;4;233;0
2642.6;26;419;1
2643.73;28;370;2
2646.26;16;230;3
2651.18;4;233;0
2652.64;26;419;1
2653.81;8;442;2
2656.48;16;230;3
2661.6;4;233;0
2662.87;26;419;1
2663.86;8;442;2
2666.54;5;335;3
2672.01;4;233;0
2672.92;26;419;1
2673.94;8;442;2
2676.81;5;335;3
2682.08;14;216;0
2683.01;26;419;1
2684.22;10;134;2
2687.18;5;335;3
2692.27;14;216;0
2693.05;26;419;1
2694.37;10;134;2
2697.23;5;335;3
2702.65;14;216;0
2703.12;26;419;1
2704.41;10;134;2
2707.31;5;335;3
2713.07;14;216;0
2713.16;11;299;1
2714.46;10;134;2
2717.45;5;335;3
2723.12;27;148;0
2723.27;11;299;1
2724.67;10;134;2
2727.49;5;335;3
2733.16;27;148;0
2733.32;11;299;1
2734.79;30;46;2
2737.54;5;335;3
2743.21;27;148;0
2743.37;11;299;1
2745.22;30;46;2
2747.58;5;335;3
2753.26;27;148;0
2753.43;2;542;1
2755.55;30;46;2
2757.66;5;335;3
2763.3;27;148;0
2763.48;2;542;1
2765.97;30;46;2
2767.7;7;426;3
2773.35;25;69;0
2773.93;2;542;1
2776.3;21;15;2
2777.85;7;426;3
2783.39;25;69;0
2784;0;141;1
2786.4;21;15;2
2787.89;7;426;3
2793.6;1;293;0
2794.3;0;141;1
2796.46;21;15;2
2797.94;7;426;3
2803.67;1;293;0
2804.7;24;189;1
2806.5;21;15;2
2807.98;7;426;3
2813.83;1;293;0
2814.74;24;189;1
2816.57;21;15;2
2818.11;9;489;3
2824.15;1;293;0
2824.79;24;189;1
2826.78;21;15;2
2828.23;9;489;3
2834.2;19;40;0
2834.96;24;189;1
2836.92;21;15;2
2838.33;9;489;3
2844.28;19;40;0
2845.01;24;189;1
2847.03;21;15;2
2848.75;9;489;3
2854.58;19;40;0
2855.12;24;189;1
2857.45;21;15;2
2858.84;9;489;3
2864.62;4;174;0
2865.16;26;536;1
2867.55;8;427;2
2869.24;9;489;3
2874.75;4;174;0
2875.29;26;536;1
2877.63;8;427;2
2879.28;9;489;3
2884.87;4;174;0
2885.51;26;536;1
2887.67;28;144;2
2889.33;16;328;3
2894.99;4;174;0
2895.93;26;536;1
2897.72;28;144;2
2899.37;16;328;3
2906.13;26;536;1
2906.17;14;302;0
2907.88;28;144;2
2909.42;16;328;3
2916.17;11;236;1
2916.62;14;302;0
2917.93;28;144;2
2919.46;29;446;3
2926.36;11;236;1
2926.84;14;302;0
2928.06;28;144;2
2929.5;29;446;3
2936.64;11;236;1
2936.94;27;131;0
2938.16;10;451;2
2939.55;29;446;3
2946.94;11;236;1
2947.17;27;131;0
2948.21;10;451;2
2949.63;29;446;3
2957.2;11;236;1
2957.45;27;131;0
2958.42;10;451;2
2959.82;29;446;3
2967.46;11;236;1
2967.63;27;131;0
2968.79;10;451;2
2969.86;5;219;3
2977.6;11;236;1
2977.86;27;131;0
2979.21;10;451;2
2980.19;5;219;3
2987.86;0;76;1
2988.28;27;131;0
2989.63;30;263;2
2990.61;5;219;3
2997.96;0;76;1
2998.58;25;229;0
2999.74;30;263;2
3000.73;5;219;3
3008;2;247;1
3008.82;25;229;0
3009.81;8;460;2
3010.95;7;214;3
3018.35;2;247;1
3019.01;1;333;0
3019.85;8;460;2
3021.03;7;214;3
3028.61;2;247;1
3029.29;1;333;0
3029.9;8;460;2
3031.08;7;214;3
3038.78;2;247;1
3039.58;4;279;0
3039.94;8;460;2
3041.16;7;214;3
3048.82;24;46;1
3049.75;4;279;0
3049.99;21;15;2
3051.44;7;214;3
3058.86;24;46;1
3059.79;4;279;0
3061.88;7;214;3
3062.08;28;340;2
3068.94;26;374;1
3070;19;134;0
3071.94;16;282;3
3072.21;28;340;2
3080.05;14;486;0
3081.99;16;282;3
3082.25;28;340;2
3090.09;14;486;0
3091.74;11;415;1
3092.25;9;271;3
3092.5;28;340;2
3100.13;14;486;0
3101.96;11;415;1
3102.31;9;271;3
3102.55;28;340;2
3110.39;14;486;0
3112.04;11;415;1
3112.55;9;271;3
3112.74;10;51;2
3120.61;14;486;0
3122.48;11;415;1
3122.74;9;271;3
3122.85;10;51;2
3130.72;27;151;0
3132.56;0;85;1
3132.82;5;122;3
3132.96;10;51;2
3140.77;27;151;0
3142.61;0;85;1
3142.96;5;122;3
3143.01;10;51;2
3151.04;27;151;0
3152.84;0;85;1
3153.01;29;459;3
3153.05;30;202;2
3161.46;25;25;0
3163.01;0;85;1
3163.05;29;459;3
3163.1;30;202;2
3171.88;25;25;0
3173.07;0;85;1
3173.12;29;459;3
3173.16;30;202;2
3181.93;25;25;0
3183.12;0;85;1
3183.16;29;459;3
3183.21;30;202;2
3192.14;25;25;0
3193.16;0;85;1
3193.21;29;459;3
3193.25;30;202;2
3202.56;25;25;0
3203.21;2;278;1
3203.25;29;459;3
3203.3;30;202;2
3212.68;25;25;0
3213.25;2;278;1
3213.3;16;353;3
3213.34;30;202;2
3222.76;25;25;0
3223.3;24;510;1
3223.34;16;353;3
3223.43;8;549;2
3232.96;25;25;0
3233.37;24;510;1
3233.42;16;353;3
3233.62;8;549;2
3243.09;1;177;0
3243.42;24;510;1
3243.47;16;353;3
3243.71;8;549;2
3253.38;1;177;0
3253.47;24;510;1
3253.66;16;353;3
3254;8;549;2
3263.5;1;177;0
3263.55;24;510;1
3263.75;7;398;3
3264.24;21;530;2
3273.55;1;177;0
3273.66;24;510;1
3273.82;7;398;3
3274.3;21;530;2
3283.59;1;177;0
3283.78;26;385;1
3284.71;21;530;2
3285.24;5;90;3
3293.64;19;546;0
3293.82;26;385;1
3294.98;21;530;2
3295.32;5;90;3
3303.68;19;546;0
3304.24;26;385;1
3305.11;21;530;2
3305.64;5;90;3
3313.72;19;546;0
3314.29;26;385;1
3315.26;28;242;2
3315.86;5;90;3
3323.8;19;546;0
3324.33;26;385;1
3325.31;28;242;2
3325.91;5;90;3
3333.91;19;546;0
3334.75;26;385;1
3335.66;28;242;2
3336.31;5;90;3
3344.31;19;546;0
3345.03;26;385;1
3345.96;28;242;2
3346.73;9;148;3
3354.41;19;546;0
3355.45;26;385;1
3356.38;10;416;2
3356.83;9;148;3
3364.84;19;546;0
3365.8;11;299;1
3366.42;10;416;2
3366.88;9;148;3
3374.92;4;36;0
3376.84;10;416;2
3376.93;29;96;3
3380.77;0;498;1
3385.08;4;36;0
3386.93;10;416;2
3386.97;29;96;3
3390.82;0;498;1
3395.13;4;36;0
3397.01;10;416;2
3397.06;29;96;3
3400.87;0;498;1
3405.17;4;36;0
3407.09;10;416;2
3407.14;16;181;3
3410.97;0;498;1
3415.24;4;36;0
3417.14;30;305;2
3417.18;16;181;3
3421.07;2;475;1
3425.46;4;36;0
3427.21;30;305;2
3427.25;7;352;3
3431.29;2;475;1
3435.77;4;36;0
3437.25;30;305;2
3437.36;7;352;3
3441.6;2;475;1
3445.82;27;333;0
3447.36;30;305;2
3447.4;5;518;3
3451.8;2;475;1
3456.28;27;333;0
3457.4;30;305;2
3457.63;5;518;3
3461.9;24;190;1
3466.43;27;333;0
3467.65;30;305;2
3467.82;5;518;3
3472.01;24;190;1
3476.49;27;333;0
3477.83;8;205;2
3477.87;5;518;3
3482.23;24;190;1
3486.53;27;333;0
3487.87;8;205;2
3487.92;5;518;3
3492.38;24;190;1
3496.61;27;333;0
3497.94;8;205;2
3497.98;5;518;3
3502.43;24;190;1
3506.66;14;189;0
3507.98;8;205;2
3508.1;5;518;3
3512.49;24;190;1
3518.1;8;205;2
3518.14;5;518;3
3522.64;26;182;1
3525.95;25;418;0
3528.18;8;205;2
3528.22;9;157;3
3532.9;26;182;1
3536.15;25;418;0
3538.25;8;205;2
3538.3;9;157;3
3542.95;11;19;1
3547.59;19;536;0
3548.3;8;205;2
3548.43;9;157;3
3553.37;11;19;1
3557.63;19;536;0
3558.35;8;205;2
3558.48;9;157;3
3563.41;11;19;1
3567.69;19;536;0
3568.39;28;474;2
3568.52;9;157;3
3573.45;11;19;1
3577.83;19;536;0
3578.52;28;474;2
3578.57;9;157;3
3583.5;0;248;1
3588.34;1;388;0
3588.59;28;474;2
3588.64;9;157;3
3593.54;0;248;1
3598.55;1;388;0
3598.64;28;474;2
3598.84;9;157;3
3603.59;0;248;1
3608.67;1;388;0
3608.72;28;474;2
3609.26;29;103;3
3613.67;2;55;1
3618.72;1;388;0
3619.15;28;474;2
3619.68;29;103;3
3623.72;2;55;1
3628.76;1;388;0
3629.19;28;474;2
3629.77;7;26;3
3633.76;2;55;1
3638.81;1;388;0
3639.27;10;309;2
3643.81;24;427;1
3645.25;16;178;3
3648.88;4;247;0
3649.46;10;309;2
3655.32;16;178;3
3659.13;4;247;0
3659.7;10;309;2
3662.8;11;360;1
3665.53;16;178;3
3669.17;4;247;0
3670.04;10;309;2
3672.84;11;360;1
3675.83;16;178;3
3679.41;4;247;0
3680.46;10;309;2
3683.26;11;360;1
3686;16;178;3
3689.68;4;247;0
3690.88;10;309;2
3693.42;11;360;1
3696.15;16;178;3
3700.09;27;283;0
3700.93;10;309;2
3703.84;26;264;1
3706.22;5;535;3
3710.27;14;290;0
3710.97;21;183;2
3714.01;26;264;1
3716.64;5;535;3
3720.41;14;290;0
3721.08;21;183;2
3724.09;26;264;1
3726.74;5;535;3
3730.47;25;286;0
3731.17;21;183;2
3734.17;26;264;1
3736.79;5;535;3
3740.52;25;286;0
3741.22;21;183;2
3744.21;26;264;1
3747.04;5;535;3
3750.56;25;286;0
3751.26;21;183;2
3754.29;26;264;1
3757.09;29;528;3
3760.68;25;286;0
3761.42;21;183;2
3764.34;26;264;1
3767.14;29;528;3
3771.02;25;286;0
3771.63;21;183;2
3774.62;26;264;1
3777.18;29;528;3
3781.07;19;205;0
3781.76;21;183;2
3784.76;26;264;1
3787.38;29;528;3
3791.11;19;205;0
3792;21;183;2
3795.12;0;117;1
3797.51;29;528;3
3801.16;19;205;0
3802.45;30;168;2
3805.4;0;117;1
3807.56;9;222;3
3811.25;1;289;0
3812.61;30;168;2
3815.44;0;117;1
3817.6;9;222;3
3821.29;1;289;0
3822.69;30;168;2
3825.48;0;117;1
3827.64;9;222;3
3831.34;1;289;0
3832.74;30;168;2
3835.53;0;117;1
3837.69;9;222;3
3841.38;1;289;0
3842.78;30;168;2
3845.57;2;61;1
3847.73;16;241;3
3851.6;4;491;0
3855.62;2;61;1
3857.78;16;241;3
3858.19;8;207;2
3861.73;14;263;0
3865.69;2;61;1
3867.82;16;241;3
3868.36;8;207;2
3872.12;14;263;0
3875.83;24;53;1
3877.87;16;241;3
3878.68;8;207;2
3882.29;27;178;0
3885.88;24;53;1
3887.95;16;241;3
3888.72;8;207;2
3892.68;27;178;0
3895.92;11;13;1
3898.1;7;305;3
3898.92;28;449;2
3902.73;25;248;0
3906.13;11;13;1
3908.47;7;305;3
3909.13;28;449;2
3913.01;25;248;0
3918.67;7;305;3
3919.34;10;87;2
3923.05;19;152;0
3929.02;7;305;3
3929.61;10;87;2
3933.1;19;152;0
3933.49;0;66;1
3939.09;7;305;3
3939.8;10;87;2
3943.16;19;152;0
3943.79;0;66;1
3949.2;7;305;3
3949.84;21;360;2
3953.21;19;152;0
3953.84;0;66;1
3959.31;5;405;3
3959.98;21;360;2
3963.25;19;152;0
3963.96;0;66;1
3969.59;5;405;3
3970.05;21;360;2
3973.69;19;152;0
3974.27;0;66;1
3979.73;5;405;3
3980.1;30;441;2
3983.78;1;506;0
3984.33;26;389;1
3990;5;405;3
3990.14;30;441;2
3993.82;1;506;0
3994.44;26;389;1
4000.14;5;405;3
4000.18;30;441;2
4003.88;1;506;0
4004.5;26;389;1
4010.18;29;495;3
4010.23;30;441;2
4013.99;14;131;0
4014.55;26;389;1
4020.24;29;495;3
4020.28;30;441;2
4024.27;14;131;0
4024.7;26;389;1
4030.28;29;495;3
4030.53;30;441;2
4034.52;4;231;0
4035.12;26;389;1
4040.34;29;495;3
4040.6;30;441;2
4044.6;4;231;0
4045.31;24;469;1
4050.43;16;33;3
4050.85;30;441;2
4054.77;25;170;0
4055.73;24;469;1
4060.72;16;33;3
4064.88;25;170;0
4065.87;24;469;1
4069.08;8;482;2
4070.82;16;33;3
4075.05;25;170;0
4076.3;2;510;1
4079.28;8;482;2
4080.88;16;33;3
4085.1;25;170;0
4086.54;2;510;1
4089.37;8;482;2
4090.93;16;33;3
4095.2;25;170;0
4096.61;2;510;1
4099.48;28;246;2
4101.06;9;128;3
4105.62;27;154;0
4107.01;2;510;1
4109.9;28;246;2
4111.38;9;128;3
4115.69;27;154;0
4117.16;11;494;1
4120.15;28;246;2
4121.42;9;128;3
4125.97;27;154;0
4127.24;11;494;1
4130.2;28;246;2
4131.74;7;19;3
4136.01;27;154;0
4137.43;11;494;1
4140.28;28;246;2
4141.84;7;19;3
4146.07;27;154;0
4147.67;11;494;1
4150.64;28;246;2
4151.89;7;19;3
4156.47;27;154;0
4157.72;11;494;1
4160.74;28;246;2
4162.19;7;19;3
4166.51;19;410;0
4167.92;11;494;1
4170.78;28;246;2
4172.49;5;172;3
4176.59;19;410;0
4178.29;0;533;1
4180.84;10;162;2
4182.69;5;172;3
4186.69;19;410;0
4188.33;0;533;1
4191.03;10;162;2
4192.85;5;172;3
4196.84;19;410;0
4198.38;0;533;1
4201.1;10;162;2
4203.01;5;172;3
4206.89;19;410;0
4208.42;0;533;1
4211.26;10;162;2
4213.07;5;172;3
4217.07;1;206;0
4218.47;0;533;1
4221.5;10;162;2
4223.5;5;172;3
4227.16;1;206;0
4228.52;26;254;1
4231.54;10;162;2
4233.6;5;172;3
4237.21;1;206;0
4238.56;26;254;1
4241.59;10;162;2
4243.75;29;116;3
4247.28;14;382;0
4248.61;26;254;1
4251.63;21;269;2
4253.84;29;116;3
4257.38;14;382;0
4258.65;24;179;1
4261.68;21;269;2
4263.88;16;229;3
4267.53;14;382;0
4268.69;24;179;1
4271.72;21;269;2
4273.93;16;229;3
4277.58;14;382;0
4278.74;24;179;1
4281.79;21;269;2
4283.99;16;229;3
4287.62;14;382;0
4288.79;24;179;1
4292.07;8;398;2
4294.04;9;58;3
4297.67;14;382;0
4298.84;2;56;1
4302.25;8;398;2
4304.37;9;58;3
4307.79;14;382;0
4309.16;2;56;1
4312.3;8;398;2
4314.63;9;58;3
4318;14;382;0
4319.58;2;56;1
4322.5;8;398;2
4324.9;9;58;3
4328.2;25;155;0
4329.75;2;56;1
4332.54;8;398;2
4334.95;9;58;3
4338.37;25;155;0
4339.84;11;494;1
4342.59;30;141;2
4345;7;24;3
4348.8;25;155;0
4350.01;11;494;1
4352.97;30;141;2
4355.08;7;24;3
4358.85;25;155;0
4360.16;0;105;1
4363.16;28;474;2
4365.27;7;24;3
4368.89;25;155;0
4370.32;0;105;1
4373.32;28;474;2
4375.33;7;24;3
4378.93;4;245;0
4380.43;0;105;1
4383.46;28;474;2
4385.39;7;24;3
4389.06;4;245;0
4390.61;0;105;1
4393.55;28;474;2
4395.45;7;24;3
4399.38;19;477;0
4400.65;0;105;1
4403.65;28;474;2
4405.87;29;298;3
4409.48;19;477;0
4410.7;0;105;1
4413.7;21;242;2
4415.92;29;298;3
4419.66;27;195;0
4420.74;26;505;1
4423.74;10;426;2
4425.98;29;298;3
4429.71;27;195;0
4430.79;26;505;1
4433.79;10;426;2
4436.03;29;298;3
4440.99;26;505;1
4442.45;1;419;0
4443.99;10;426;2
4446.11;29;298;3
4451.03;26;505;1
4452.49;1;419;0
4454.03;8;354;2
4456.16;5;370;3
4461.45;26;505;1
4462.53;1;419;0
4464.13;8;354;2
4466.41;5;370;3
4471.57;26;505;1
4472.75;1;419;0
4474.17;30;230;2
4476.83;5;370;3
4481.79;26;505;1
4482.84;1;419;0
4484.29;30;230;2
4487.25;5;370;3
4491.83;26;505;1
4493.08;1;419;0
4494.61;30;230;2
4497.61;5;370;3
4501.9;24;167;1
4503.44;1;419;0
4504.93;30;230;2
4507.9;5;370;3
4512.24;24;167;1
4513.64;1;419;0
4515.24;28;308;2
4517.96;16;420;3
4522.29;24;167;1
4524.07;25;133;0
4525.29;28;308;2
4528.01;16;420;3
4532.34;24;167;1
4534.35;25;133;0
4535.34;28;308;2
4538.05;7;26;3
4542.39;2;277;1
4544.4;25;133;0
4545.38;21;513;2
4548.26;7;26;3
4552.47;2;277;1
4554.44;25;133;0
4555.43;21;513;2
4558.3;7;26;3
4562.65;2;277;1
4564.53;25;133;0
4565.48;21;513;2
4568.48;7;26;3
4572.69;2;277;1
4574.59;14;84;0
4575.69;21;513;2
4578.52;7;26;3
4583.11;2;277;1
4585.01;14;84;0
4586.04;21;513;2
4588.73;9;449;3
4593.57;2;277;1
4595.18;14;84;0
4596.22;21;513;2
4599.03;9;449;3
4603.99;2;277;1
4605.24;4;392;0
4606.36;8;14;2
4609.36;9;449;3
4614.41;26;506;1
4615.42;4;392;0
4616.8;8;14;2
4619.5;9;449;3
4624.66;26;506;1
4625.5;4;392;0
4627.18;8;14;2
4629.59;9;449;3
4634.71;26;506;1
4635.55;19;7;0
4637.57;10;48;2
4640.04;9;449;3
4644.75;0;494;1
4645.83;19;7;0
4647.77;10;48;2
4650.09;9;449;3
4654.79;0;494;1
4655.92;19;7;0
4657.82;10;48;2
4660.38;16;406;3
4664.84;11;422;1
4666.26;19;7;0
4667.86;30;227;2
4670.59;16;406;3
4674.88;11;422;1
4676.33;19;7;0
4677.9;30;227;2
4680.73;16;406;3
4684.93;11;422;1
4686.37;19;7;0
4687.95;28;490;2
4690.79;29;535;3
4694.98;24;382;1
4696.42;19;7;0
4697.99;28;490;2
4700.83;29;535;3
4705.04;2;340;1
4706.66;1;360;0
4708.06;28;490;2
4711;29;535;3
4715.37;2;340;1
4716.73;1;360;0
4718.4;28;490;2
4721.07;29;535;3
4725.43;2;340;1
4726.84;1;360;0
4728.46;28;490;2
4731.26;29;535;3
4735.56;2;340;1
4737.09;1;360;0
4738.58;21;299;2
4741.39;5;153;3
4745.64;26;86;1
4747.54;1;360;0
4748.64;21;299;2
4751.43;7;508;3
4755.83;26;86;1
4757.92;1;360;0
4758.75;21;299;2
4761.58;7;508;3
4766.25;26;86;1
4768;27;25;0
4769.08;21;299;2
4771.68;7;508;3
4776.34;26;86;1
4778.05;27;25;0
4779.12;21;299;2
4782.06;7;508;3
4786.38;26;86;1
4788.13;27;25;0
4789.17;21;299;2
4792.17;7;508;3
4796.8;26;86;1
4798.26;27;25;0
4799.21;21;299;2
4802.21;16;233;3
4806.85;26;86;1
4808.38;27;25;0
4809.26;8;519;2
4812.26;16;233;3
4816.89;26;86;1
4818.67;27;25;0
4819.31;8;519;2
4822.33;16;233;3
4827;0;446;1
4828.72;25;137;0
4829.36;8;519;2
4832.38;29;17;3
4837.09;0;446;1
4838.76;25;137;0
4839.48;8;519;2
4842.52;9;322;3
4847.46;0;446;1
4848.89;25;137;0
4849.79;10;267;2
4852.73;9;322;3
4857.74;24;289;1
4859.04;25;137;0
4859.94;10;267;2
4862.77;9;322;3
4867.82;24;289;1
4869.09;14;83;0
4870.03;10;267;2
4872.85;9;322;3
4877.88;24;289;1
4879.31;14;83;0
4880.34;10;267;2
4882.9;9;322;3
4888;11;353;1
4889.35;14;83;0
4890.42;10;267;2
4893.1;9;322;3
4898.04;11;353;1
4899.53;14;83;0
4900.84;30;416;2
4903.15;9;322;3
4908.46;11;353;1
4909.58;19;76;0
4912.26;28;323;2
4913.28;9;322;3
4918.51;11;353;1
4919.62;19;76;0
4922.31;21;341;2
4923.32;9;322;3
4928.55;11;353;1
4929.67;19;76;0
4932.35;21;341;2
4933.49;9;322;3
4938.59;11;353;1
4939.71;1;509;0
4943.7;9;322;3
4948.64;2;528;1
4949.75;1;509;0
4953.76;9;322;3
4958.68;26;162;1
4959.8;1;509;0
4963.8;29;355;3
4968.73;26;162;1
4969.88;1;509;0
4975.86;5;330;3
4976.62;8;31;2
4978.77;26;162;1
4980.04;1;509;0
4985.91;5;330;3
4986.67;8;31;2
4988.82;26;162;1
4990.13;1;509;0
4995.99;7;221;3
4996.85;8;31;2
4998.95;26;162;1
5000.43;1;509;0
5006.05;7;221;3
5006.98;8;31;2
5010.61;4;265;0
5012.38;0;48;1
5016.12;7;221;3
5017.4;8;31;2
5020.72;4;265;0
5022.58;0;48;1
5026.24;7;221;3
5027.68;8;31;2
5030.86;4;265;0
5032.68;24;286;1
5036.29;7;221;3
5038.1;10;216;2
5041.1;27;477;0
5046.33;7;221;3
5048.18;11;505;1
5048.54;10;216;2
5051.17;27;477;0
5056.38;16;459;3
5058.4;11;505;1
5058.84;10;216;2
5061.36;27;477;0
5066.42;16;459;3
5068.53;11;505;1
5068.93;10;216;2
5071.51;27;477;0
5076.47;16;459;3
5078.6;11;505;1
5079.12;10;216;2
5081.55;27;477;0
5086.51;16;459;3
5088.87;11;505;1
5089.18;10;216;2
5091.71;25;37;0
5096.55;16;459;3
5099.18;2;383;1
5099.28;10;216;2
5101.78;25;37;0
5106.61;16;459;3
5109.28;2;383;1
5109.6;30;536;2
5111.82;14;398;0
5116.65;16;459;3
5119.43;2;383;1
5119.67;30;536;2
5122.24;14;398;0
5126.69;9;305;3
5129.48;2;383;1
5129.72;30;536;2
5132.48;14;398;0
5136.76;9;305;3
5139.52;2;383;1
5139.76;30;536;2
5142.54;19;260;0
5146.81;9;305;3
5149.57;2;383;1
5149.85;30;536;2
5152.58;19;260;0
5156.85;9;305;3
5159.62;26;138;1
5159.89;30;536;2
5162.63;19;260;0
5167.26;29;12;3
5170.03;30;536;2
5170.95;24;40;1
5172.89;19;260;0
5177.68;29;12;3
5180.31;30;536;2
5180.99;24;40;1
5183.29;1;278;0
5188.14;29;12;3
5190.36;28;426;2
5191.1;0;14;1
5193.35;1;278;0
5198.18;5;512;3
5200.44;28;426;2
5201.2;0;14;1
5203.41;4;334;0
5208.29;5;512;3
5210.48;28;426;2
5211.25;0;14;1
5213.48;4;334;0
5218.39;5;512;3
5220.89;28;426;2
5221.35;11;502;1
5223.52;4;334;0
5228.71;5;512;3
5230.94;21;549;2
5231.54;11;502;1
5233.61;4;334;0
5239.13;7;347;3
5241.12;21;549;2
5241.74;11;502;1
5243.96;4;334;0
5249.55;7;347;3
5251.18;21;549;2
5251.96;2;433;1
5254.18;4;334;0
5259.59;7;347;3
5261.35;21;549;2
5262.03;2;433;1
5264.25;27;95;0
5269.79;7;347;3
5271.4;21;549;2
5273.29;24;484;1
5274.4;27;95;0
5279.97;7;347;3
5281.82;21;549;2
5283.34;24;484;1
5284.5;27;95;0
5290.01;7;347;3
5292.05;8;322;2
5293.39;24;484;1
5294.79;27;95;0
5300.06;7;347;3
5302.12;8;322;2
5303.81;24;484;1
5304.87;27;95;0
5310.1;7;347;3
5312.34;8;322;2
5314.1;24;484;1
5315.01;27;95;0
5320.15;16;412;3
5322.39;8;322;2
5324.17;24;484;1
5325.05;1;148;0
5330.2;16;412;3
5332.43;10;183;2
5334.21;24;484;1
5335.1;1;148;0
5340.25;9;110;3
5342.49;30;391;2
5344.3;24;484;1
5345.25;1;148;0
5350.29;9;110;3
5352.54;30;391;2
5354.35;26;369;1
5355.29;1;148;0
5360.63;9;110;3
5362.58;30;391;2
5364.67;26;369;1
5365.34;1;148;0
5370.76;9;110;3
5372.62;30;391;2
5375;26;369;1
5375.58;1;148;0
5380.8;9;110;3
5382.67;30;391;2
5385.42;26;369;1
5385.67;1;148;0
5391.13;9;110;3
5392.71;30;391;2
5395.46;26;369;1
5395.71;4;154;0
5401.25;9;110;3
5402.76;30;391;2
5405.51;26;369;1
5405.76;4;154;0
5411.34;29;271;3
5412.83;30;391;2
5415.76;26;369;1
5415.8;4;154;0
5421.5;29;271;3
5422.96;28;511;2
5425.8;26;369;1
5425.92;4;154;0
5431.63;29;271;3
5433.23;28;511;2
5435.92;26;369;1
5436.23;19;4;0
5441.71;5;335;3
5443.59;21;17;2
5446.24;26;369;1
5446.42;19;4;0
5451.76;5;335;3
5453.75;21;17;2
5456.43;26;369;1
5456.61;14;340;0
5461.91;5;335;3
5464.17;21;17;2
5466.63;26;369;1
5466.67;14;340;0
5472.13;5;335;3
5474.33;8;449;2
5476.68;0;85;1
5476.73;27;475;0
5482.2;16;383;3
5484.59;8;449;2
5486.73;0;85;1
5486.78;27;475;0
5492.25;16;383;3
5494.63;10;530;2
5496.79;0;85;1
5497.13;27;475;0
5502.36;16;383;3
5504.69;10;530;2
5507.04;0;85;1
5507.54;25;162;0
5512.41;7;235;3
5514.74;10;530;2
5517.08;0;85;1
5517.66;25;162;0
5522.49;7;235;3
5524.96;10;530;2
5527.13;0;85;1
5527.76;1;432;0
5532.89;7;235;3
5535.23;10;530;2
5537.55;11;495;1
5537.89;1;432;0
5543.07;7;235;3
5545.28;10;530;2
5547.9;11;495;1
5548.28;1;432;0
5553.25;29;519;3
5555.32;10;530;2
5557.98;11;495;1
5558.33;4;37;0
5563.32;29;519;3
5565.41;10;530;2
5568.2;11;495;1
5568.37;4;37;0
5573.36;29;519;3
5575.46;30;490;2
5578.41;24;207;1
5583.42;9;321;3
5585.52;30;490;2
5587.5;19;56;0
5588.46;24;207;1
5593.64;9;321;3
5595.97;30;490;2
5597.66;19;56;0
5598.74;2;505;1
5603.93;9;321;3
5606.01;30;490;2
5608.78;2;505;1
5610.93;14;23;0
5614.05;9;321;3
5616.43;30;490;2
5618.96;2;505;1
5621.08;14;23;0
5624.1;9;321;3
5626.68;30;490;2
5629.03;26;313;1
5631.12;14;23;0
5634.15;9;321;3
5636.93;28;131;2
5639.45;26;313;1
5641.31;27;172;0
5644.19;9;321;3
5647.23;28;131;2
5649.64;26;313;1
5651.38;27;172;0
5654.32;9;321;3
5657.27;8;71;2
5659.82;26;313;1
5661.62;27;172;0
5664.62;9;321;3
5667.36;8;71;2
5669.87;26;313;1
5671.68;27;172;0
5674.67;9;321;3
5677.51;8;71;2
5679.93;26;313;1
5681.72;27;172;0
5684.72;9;321;3
5687.55;8;71;2
5689.97;26;313;1
5691.77;27;172;0
5694.77;5;491;3
5697.6;21;426;2
5700.04;26;313;1
5701.84;27;172;0
5704.81;5;491;3
5707.67;10;43;2
5710.09;0;33;1
5711.88;27;172;0
5714.91;7;420;3
5717.71;10;43;2
5720.25;0;33;1
5721.96;27;172;0
5724.95;7;420;3
5727.76;30;19;2
5730.3;0;33;1
5732.35;25;479;0
5735.08;7;420;3
5737.87;30;19;2
5740.6;0;33;1
5742.4;25;479;0
5745.14;16;298;3
5747.93;30;19;2
5750.85;24;66;1
5752.68;25;479;0
5756.12;29;308;3
5758.01;30;19;2
5760.89;24;66;1
5763.1;1;478;0
5766.16;29;308;3
5768.43;28;173;2
5771.31;24;66;1
5773.2;1;478;0
5776.21;9;492;3
5778.47;28;173;2
5781.47;2;389;1
5783.29;1;478;0
5786.29;9;492;3
5788.52;28;173;2
5791.56;2;389;1
5793.4;4;69;0
5796.41;5;485;3
5798.94;28;173;2
5801.94;2;389;1
5803.44;4;69;0
5806.46;5;485;3
5809.03;28;173;2
5812;2;389;1
5813.48;4;69;0
5816.5;5;485;3
5819.31;8;230;2
5822.04;11;53;1
5823.53;4;69;0
5826.55;5;485;3
5829.38;8;230;2
5832.29;11;53;1
5833.57;19;290;0
5836.63;5;485;3
5839.43;8;230;2
5842.36;11;53;1
5843.62;19;290;0
5846.74;5;485;3
5849.47;21;61;2
5852.42;11;53;1
5853.67;19;290;0
5856.79;5;485;3
5859.54;21;61;2
5862.51;11;53;1
5863.85;14;167;0
5866.85;7;370;3
5869.76;21;61;2
5872.73;0;242;1
5873.9;14;167;0
5876.9;7;370;3
5879.9;21;61;2
5882.77;0;242;1
5883.94;14;167;0
5886.94;16;128;3
5889.95;10;312;2
5892.82;0;242;1
5894.36;27;254;0
5897.23;29;326;3
5900.13;10;312;2
5902.95;0;242;1
5904.73;27;254;0
5907.27;29;326;3
5910.27;10;312;2
5913.12;0;242;1
5914.96;27;254;0
5917.34;29;326;3
5920.32;30;417;2
5923.19;0;242;1
5927.39;29;326;3
5928.39;25;147;0
5930.39;30;417;2
5933.25;0;242;1
5937.61;9;155;3
5938.47;25;147;0
5940.47;30;417;2
5943.43;26;138;1
5947.68;9;155;3
5948.54;25;147;0
5950.55;30;417;2
5953.48;26;138;1
5957.91;9;155;3
5958.58;25;147;0
5960.89;30;417;2
5963.6;26;138;1
5967.97;9;155;3
5968.63;1;505;0
5970.97;30;417;2
5973.69;26;138;1
5978.12;9;155;3
5978.67;4;172;0
5981.09;30;417;2
5983.73;26;138;1
5988.22;5;546;3
5988.72;4;172;0
5991.17;30;417;2
5993.81;26;138;1
5998.4;5;546;3
5998.77;4;172;0
6001.31;30;417;2
6004.09;26;138;1
6008.52;5;546;3
6009.07;19;137;0
6011.35;30;417;2
6014.19;24;389;1
6018.82;5;546;3
6019.13;19;137;0
6021.39;28;148;2
6024.28;2;426;1
6028.86;5;546;3
6029.24;19;137;0
6031.47;28;148;2
6034.37;11;533;1
6038.91;5;546;3
6039.29;19;137;0
6041.53;28;148;2
6044.41;11;533;1
6048.96;16;424;3
6049.6;14;171;0
6051.63;8;168;2
6054.64;11;533;1
6059.09;16;424;3
6059.64;14;171;0
6061.74;8;168;2
6064.72;0;509;1
6069.15;16;424;3
6069.78;14;171;0
6071.92;8;168;2
6074.93;0;509;1
6079.28;16;424;3
6079.86;25;287;0
6082.03;21;69;2
6089.61;16;424;3
6090;25;287;0
6093.7;26;221;1
6096.48;10;26;2
6099.89;16;424;3
6100.19;25;287;0
6103.75;26;221;1
6106.53;10;26;2
6110;16;424;3
6110.24;25;287;0
6113.86;26;221;1
6116.78;10;26;2
6120.09;16;424;3
6120.3;27;406;0
6123.99;24;86;1
6126.96;30;182;2
6130.13;7;43;3
6130.41;27;406;0
6134.04;24;86;1
6137.07;30;182;2
6140.2;29;490;3
6140.64;27;406;0
6144.28;24;86;1
6147.28;30;182;2
6150.28;29;490;3
6150.91;1;85;0
6154.32;24;86;1
6157.32;28;83;2
6160.32;9;1;3
6161.21;4;357;0
6164.37;24;86;1
6167.37;28;83;2
6170.41;9;1;3
6171.26;4;357;0
6174.43;24;86;1
6177.42;8;423;2
6180.45;9;1;3
6181.3;4;357;0
6184.85;2;185;1
6187.84;8;423;2
6190.84;9;1;3
6191.39;4;357;0
6194.9;2;185;1
6200.91;9;1;3
6201.43;4;357;0
6202.98;21;363;2
6205.04;2;185;1
6210.96;9;1;3
6211.48;4;357;0
6213.05;21;363;2
6215.29;2;185;1
6221.09;5;179;3
6221.52;19;295;0
6223.22;21;363;2
6225.49;2;185;1
6231.13;5;179;3
6231.57;19;295;0
6233.54;21;363;2
6235.53;2;185;1
6241.18;5;179;3
6241.61;19;295;0
6243.96;21;363;2
6245.89;11;445;1
6251.22;5;179;3
6251.66;19;295;0
6254.15;21;363;2
6255.93;11;445;1
6261.29;5;179;3
6261.71;19;295;0
6264.27;10;241;2
6266.02;11;445;1
6271.33;5;179;3
6271.77;19;295;0
6274.33;10;241;2
6276.38;11;445;1
6281.38;5;179;3
6282.22;27;84;0
6284.38;10;241;2
6286.55;11;445;1
6291.42;5;179;3
6292.26;27;84;0
6294.45;10;241;2
6296.97;11;445;1
6301.47;16;355;3
6302.73;25;370;0
6304.5;10;241;2
6307.41;11;445;1
6311.51;16;355;3
6312.84;25;370;0
6314.54;10;241;2
6317.54;26;510;1
6321.77;16;355;3
6322.99;14;494;0
6324.58;28;87;2
6327.63;26;510;1
6331.81;16;355;3
6333.33;14;494;0
6334.71;28;87;2
6337.67;26;510;1
6341.87;16;355;3
6343.38;14;494;0
6344.76;30;68;2
6347.75;26;510;1
6352.26;16;355;3
6353.54;14;494;0
6354.8;30;68;2
6357.84;0;293;1
6362.68;29;328;3
6363.95;14;494;0
6364.85;8;546;2
6367.88;0;293;1
6372.75;29;328;3
6374.26;14;494;0
6377.97;0;293;1
6380.65;21;485;2
6382.9;29;328;3
6384.33;1;496;0
6388.39;0;293;1
6390.7;21;485;2
6393.02;9;83;3
6394.65;1;496;0
6398.81;24;31;1
6400.76;21;485;2
6404.65;7;325;3
6404.97;1;496;0
6408.9;24;31;1
6410.81;21;485;2
6414.69;7;325;3
6415.02;1;496;0
6418.94;24;31;1
6420.85;21;485;2
6424.74;7;325;3
6425.06;1;496;0
6429.36;24;31;1
6430.93;21;485;2
6435.06;7;325;3
6435.11;4;86;0
6439.4;24;31;1
6441.35;21;485;2
6445.11;7;325;3
6445.15;4;86;0
6449.75;24;31;1
6451.71;10;1;2
6455.2;7;325;3
6455.24;19;186;0
6460.01;24;31;1
6461.75;10;1;2
6465.26;7;325;3
6465.31;19;186;0
6470.19;24;31;1
6472.17;10;1;2
6475.35;7;325;3
6475.73;19;186;0
6480.61;24;31;1
6482.3;28;168;2
6485.73;7;325;3
6485.87;27;269;0
6491.03;24;31;1
6492.35;28;168;2
6495.87;5;326;3
6496.11;27;269;0
6501.45;24;31;1
6502.42;30;65;2
6506.11;5;326;3
6506.15;27;269;0
6511.87;2;536;1
6512.84;30;65;2
6516.15;5;326;3
6516.2;27;269;0
6521.92;2;536;1
6523.26;30;65;2
6526.24;16;312;3
6526.28;27;269;0
6531.96;2;536;1
6533.68;8;89;2
6536.28;16;312;3
6536.33;27;269;0
6542.11;2;536;1
6544.1;8;89;2
6546.33;16;312;3
6546.37;25;418;0
6552.16;2;536;1
6554.48;8;89;2
6556.37;16;312;3
6556.42;25;418;0
6562.2;11;432;1
6565.04;21;393;2
6566.42;9;452;3
6566.46;25;418;0
6572.33;11;432;1
6576.46;9;452;3
6576.61;14;56;0
6577.72;10;347;2
6582.38;26;17;1
6586.54;9;452;3
6586.76;14;56;0
6588.08;10;347;2
6594.32;0;217;1
6596.8;9;452;3
6596.85;14;56;0
6598.36;10;347;2
6604.38;0;217;1
6606.86;9;452;3
6606.9;4;526;0
6608.66;28;133;2
6614.45;0;217;1
6616.9;9;452;3
6617.32;4;526;0
6618.7;28;133;2
6624.49;0;217;1
6626.94;9;452;3
6627.36;4;526;0
6628.79;28;133;2
6634.62;0;217;1
6637.62;4;526;0
6638.11;5;369;3
6638.83;30;100;2
6644.81;0;217;1
6647.81;1;283;0
6648.31;5;369;3
6648.88;30;100;2
6655.18;24;426;1
6658.22;1;283;0
6658.42;5;369;3
6659.01;30;100;2
6665.56;2;33;1
6668.4;1;283;0
6668.47;5;369;3
6669.18;30;100;2
6675.68;2;33;1
6678.47;1;283;0
6678.61;5;369;3
6679.36;30;100;2
6688.61;1;283;0
6689.03;29;241;3
6689.24;26;359;1
6689.4;8;287;2
6698.74;19;234;0
6699.26;29;241;3
6699.3;26;359;1
6699.48;8;287;2
6708.86;19;234;0
6709.33;29;241;3
6709.46;26;359;1
6709.52;8;287;2
6719.29;19;234;0
6719.37;16;289;3
6719.52;26;359;1
6721.61;21;489;2
6729.4;19;234;0
6729.52;16;289;3
6729.57;26;359;1
6731.73;21;489;2
6739.52;19;234;0
6739.57;7;235;3
6739.61;26;359;1
6741.82;21;489;2
6749.57;19;234;0
6749.61;7;235;3
6751.97;11;540;1
6752.24;21;489;2
6759.61;19;234;0
6759.66;7;235;3
6762.2;11;540;1
6762.29;21;489;2
6769.66;19;234;0
6769.75;7;235;3
6772.25;11;540;1
6772.48;28;69;2
6779.75;27;313;0
6779.79;7;235;3
6782.29;11;540;1
6782.53;28;69;2
6789.79;27;313;0
6789.84;7;235;3
6792.5;11;540;1
6792.79;28;69;2
6799.88;27;313;0
6800.26;7;235;3
6802.54;11;540;1
6802.84;10;141;2
6810;27;313;0
6810.41;9;405;3
6812.59;11;540;1
6812.94;10;141;2
6820.2;27;313;0
6820.84;9;405;3
6822.63;24;441;1
6823.15;10;141;2
6830.33;27;313;0
6830.95;9;405;3
6832.72;24;441;1
6833.19;30;65;2
6840.77;25;20;0
6841.35;9;405;3
6842.94;24;441;1
6843.24;30;65;2
6851.04;4;207;0
6851.66;5;188;3
6852.99;24;441;1
6853.3;30;65;2
6861.08;4;207;0
6861.71;5;188;3
6863.26;24;441;1
6863.34;30;65;2
6871.29;14;470;0
6871.96;5;188;3
6873.34;24;441;1
6873.39;8;305;2
6881.71;14;470;0
6882.38;5;188;3
6883.43;8;305;2
6886.52;0;414;1
6891.78;14;470;0
6892.76;5;188;3
6893.52;8;305;2
6896.76;0;414;1
6901.82;14;470;0
6902.81;29;485;3
6903.57;8;305;2
6907.18;0;414;1
6911.96;14;470;0
6913.01;29;485;3
6913.99;8;305;2
6917.5;0;414;1
6922.1;14;470;0
6923.05;29;485;3
6924.41;21;86;2
6927.88;0;414;1
6932.18;14;470;0
6933.4;29;485;3
6934.61;21;86;2
6937.94;2;533;1
6942.64;1;421;0
6943.56;16;155;3
6944.76;10;122;2
6948.12;2;533;1
6952.71;1;421;0
6953.61;16;155;3
6955.04;10;122;2
6958.24;2;533;1
6962.89;1;421;0
6963.72;7;24;3
6965.44;10;122;2
6968.28;2;533;1
6972.93;1;421;0
6973.98;7;24;3
6975.48;10;122;2
6978.51;26;482;1
6983.06;1;421;0
6984.02;7;24;3
6985.68;28;445;2
6988.93;11;238;1
6993.14;1;421;0
6995.81;9;58;3
6996.1;28;445;2
6999.01;11;238;1
7003.2;1;421;0
7005.99;9;58;3
7006.18;28;445;2
7009.1;11;238;1
7013.62;1;421;0
7016.05;5;336;3
7016.36;30;528;2
7019.27;11;238;1
7023.7;27;125;0
7026.4;5;336;3
7026.45;30;528;2
7029.36;11;238;1
7033.75;27;125;0
7036.48;5;336;3
7039.41;24;321;1
7043.89;27;125;0
7046.52;16;282;3
7047.55;8;439;2
7049.52;24;321;1
7053.94;27;125;0
7056.56;16;282;3
7057.62;8;439;2
7059.6;24;321;1
7064.01;4;11;0
7066.62;29;517;3
7067.67;8;439;2
7069.64;24;321;1
7074.18;4;11;0
7076.89;29;517;3
7077.75;8;439;2
7079.73;24;321;1
7084.23;4;11;0
7087.2;29;517;3
7087.9;8;439;2
7089.77;24;321;1
7094.44;4;11;0
7097.42;29;517;3
7098.35;8;439;2
7099.85;0;183;1
7104.53;25;205;0
7107.53;29;517;3
7108.69;8;439;2
7109.89;0;183;1
7114.62;25;205;0
7117.59;7;298;3
7118.78;8;439;2
7119.94;0;183;1
7124.85;25;205;0
7127.85;7;298;3
7128.82;21;316;2
7129.98;0;183;1
7135.27;14;389;0
7138.31;9;94;3
7138.95;21;316;2
7140.04;0;183;1
7145.4;14;389;0
7148.37;9;94;3
7149.37;21;316;2
7150.27;2;254;1
7155.82;14;389;0
7158.55;9;94;3
7159.71;21;316;2
7165.41;26;547;1
7165.87;14;389;0
7168.68;9;94;3
7170;21;316;2
7175.6;26;547;1
7175.92;14;389;0
7178.93;9;94;3
7180.22;21;316;2
7185.64;26;547;1
7186.02;19;200;0
7188.99;5;246;3
7190.59;21;316;2
7195.73;26;547;1
7196.27;19;200;0
7199.11;5;246;3
7200.65;21;316;2
7206.15;26;547;1
7206.36;19;200;0
7209.16;5;246;3
7210.86;21;316;2
7216.22;26;547;1
7216.4;19;200;0
7219.23;5;246;3
7220.91;21;316;2
7226.32;26;547;1
7226.45;1;110;0
7229.31;16;323;3
7230.98;30;441;2
7236.38;26;547;1
7236.75;1;110;0
7239.37;16;323;3
7241.03;30;441;2
7246.45;26;547;1
7246.86;1;110;0
7249.42;29;417;3
7251.23;30;441;2
7256.49;26;547;1
7256.94;1;110;0
7259.52;29;417;3
7261.61;30;441;2
7266.54;26;547;1
7267.18;1;110;0
7269.56;7;267;3
7271.66;30;441;2
7276.61;11;124;1
7277.32;27;392;0
7279.61;7;267;3
7281.82;30;441;2
7286.69;11;124;1
7287.41;27;392;0
7289.69;7;267;3
7292.12;8;68;2
7296.86;11;124;1
7297.49;4;498;0
7299.82;7;267;3
7302.38;8;68;2
7307.09;11;124;1
7307.57;4;498;0
7309.96;9;74;3
7312.74;28;49;2
7317.16;24;171;1
7317.65;4;498;0
7320.16;9;74;3
7322.91;28;49;2
7327.21;24;171;1
7328.07;4;498;0
7330.21;9;74;3
7333.06;10;264;2
7337.38;24;171;1
7338.11;4;498;0
7340.38;9;74;3
7343.21;10;264;2
7347.46;24;171;1
7348.53;25;159;0
7350.46;9;74;3
7353.29;10;264;2
7357.51;0;439;1
7358.66;25;159;0
7360.51;9;74;3
7363.51;10;264;2
7367.55;0;439;1
7369.08;25;159;0
7370.55;16;500;3
7373.56;10;264;2
7377.6;0;439;1
7379.38;25;159;0
7380.6;16;500;3
7383.63;10;264;2
7387.64;2;357;1
7389.43;25;159;0
7390.67;16;500;3
7393.67;21;238;2
7397.7;2;357;1
7399.74;14;382;0
7400.72;29;73;3
7403.72;21;238;2
7407.74;2;357;1
7409.81;14;382;0
7410.76;29;73;3
7413.76;30;155;2
7417.79;2;357;1
7419.88;14;382;0
7420.81;29;73;3
7423.81;30;155;2
7427.83;2;357;1
7429.97;14;382;0
7430.86;29;73;3
7433.88;30;155;2
7437.88;2;357;1
7440.33;14;382;0
7440.94;29;73;3
7443.93;30;155;2
7447.92;2;357;1
7450.56;14;382;0
7451.16;29;73;3
7454.16;30;155;2
7458.01;26;391;1
7460.97;27;478;0
7461.39;5;257;3
7464.21;8;112;2
7468.09;26;391;1
7471.05;19;205;0
7473.78;7;19;3
7474.3;8;112;2
7478.16;26;391;1
7481.16;19;205;0
7483.82;7;19;3
7484.37;28;206;2
7488.29;26;391;1
7491.29;1;415;0
7493.91;9;328;3
7494.45;28;206;2
7498.36;26;391;1
7501.36;1;415;0
7504.67;28;206;2
7508.4;26;391;1
7511.42;1;415;0
7514.74;28;206;2
7518.53;26;391;1
7521.53;1;415;0
7524.78;10;455;2
7528.57;26;391;1
7531.58;1;415;0
7534.87;10;455;2
7538.99;26;391;1
7541.75;1;415;0
7544.91;10;455;2
7549.35;11;170;1
7551.06;5;343;3
7551.8;1;415;0
7554.97;10;455;2
7559.78;11;170;1
7561.1;5;343;3
7561.84;4;539;0
7565.02;10;455;2
7570.03;11;170;1
7571.29;5;343;3
7571.89;4;539;0
7575.32;10;455;2
7580.21;11;170;1
7581.65;5;343;3
7581.94;4;539;0
7585.74;10;455;2
7590.26;24;125;1
7591.89;5;343;3
7591.98;4;539;0
7595.79;21;457;2
7600.32;24;125;1
7602.02;29;23;3
7602.06;4;539;0
7610.47;24;125;1
7612.09;29;23;3
7612.23;25;152;0
7618.83;30;473;2
7620.66;24;125;1
7622.23;29;23;3
7622.27;25;152;0
7628.88;30;473;2
7630.88;24;125;1
7632.27;29;23;3
7632.36;14;540;0
7639.28;30;473;2
7641.3;0;104;1
7642.32;16;366;3
7642.78;14;540;0
7649.37;8;475;2
7651.36;0;104;1
7652.37;16;366;3
7652.82;14;540;0
7659.45;8;475;2
7661.52;2;481;1
7662.41;16;366;3
7662.87;14;540;0
7669.87;8;475;2
7671.96;2;481;1
7672.64;16;366;3
7672.91;14;540;0
7680.09;8;475;2
7682.38;2;481;1
7682.91;16;366;3
7683.09;14;540;0
7690.51;28;360;2
7692.42;2;481;1
7693.09;16;366;3
7693.22;27;359;0
7700.56;28;360;2
7702.51;11;56;1
7703.22;7;340;3
7703.39;27;359;0
7710.6;28;360;2
7712.56;11;56;1
7713.4;7;340;3
7713.53;27;359;0
7720.65;28;360;2
7722.69;11;56;1
7723.49;7;340;3
7723.62;27;359;0
7730.69;28;360;2
7733.11;11;56;1
7733.62;7;340;3
7733.69;19;432;0
7740.73;28;360;2
7743.49;26;254;1
7743.69;9;199;3
7743.73;19;432;0
7750.8;28;360;2
7753.69;26;254;1
7753.73;9;199;3
7753.78;19;432;0
7760.85;28;360;2
7763.73;26;254;1
7763.78;9;199;3
7763.85;1;134;0
7770.89;10;219;2
7773.81;24;147;1
7773.86;29;179;3
7773.9;1;134;0
7780.94;10;219;2
7783.86;24;147;1
7783.9;29;179;3
7783.94;1;134;0
7791.21;10;219;2
7793.9;24;147;1
7793.94;29;179;3
7794.03;1;134;0
7801.52;21;363;2
7803.94;0;309;1
7804.08;29;179;3
7804.36;1;134;0
7811.82;21;363;2
7813.99;0;309;1
7814.36;29;179;3
7814.41;25;157;0
7822.15;21;363;2
7824.03;0;309;1
7824.45;29;179;3
7824.83;25;157;0
7832.2;30;394;2
7834.08;0;309;1
7834.53;5;542;3
7834.99;25;157;0
7842.25;30;394;2
7844.12;0;309;1
7844.79;5;542;3
7845.11;25;157;0
7852.3;30;394;2
7854.22;0;309;1
7855.03;5;542;3
7855.16;4;419;0
7862.34;8;170;2
7864.37;0;309;1
7865.18;5;542;3
7865.34;4;419;0
7872.39;8;170;2
7874.51;0;309;1
7875.22;5;542;3
7875.39;4;419;0
7882.43;8;170;2
7884.93;0;309;1
7885.28;5;542;3
7885.43;4;419;0
7892.48;28;183;2
7895.28;11;399;1
7895.43;5;542;3
7895.48;4;419;0
7902.53;28;183;2
7905.43;11;399;1
7905.48;5;542;3
7905.52;4;419;0
7912.58;10;264;2
7915.5;11;399;1
7915.54;5;542;3
7915.59;14;11;0
7922.62;10;264;2
7925.57;11;399;1
7925.61;16;334;3
7930.87;27;297;0
7932.66;10;264;2
7935.61;11;399;1
7935.66;16;334;3
7941.13;27;297;0
7942.71;10;264;2
7945.66;11;399;1
7945.71;16;334;3
7951.18;27;297;0
7952.75;10;264;2
7955.71;11;399;1
7955.76;7;481;3
7961.29;27;297;0
7962.8;10;264;2
7965.76;2;501;1
7965.8;7;481;3
7971.62;27;297;0
7972.87;10;264;2
7975.8;2;501;1
7975.85;7;481;3
7981.66;19;168;0
7983.29;10;264;2
7985.85;2;501;1
7985.91;7;481;3
7991.71;19;168;0
7993.45;21;95;2
7995.91;2;501;1
7996.3;9;73;3
8002.84;1;248;0
8003.62;21;95;2
8006.21;2;501;1
8006.6;9;73;3
8013.75;21;95;2
8016.4;26;536;1
8016.76;29;157;3
8023.83;30;326;2
8026.65;26;536;1
8026.81;29;157;3
8027.29;25;53;0
8034.13;30;326;2
8036.75;26;536;1
8037.09;29;157;3
8037.38;25;53;0
8044.21;28;14;2
8046.84;26;536;1
8047.13;29;157;3
8047.42;25;53;0
8054.39;28;14;2
8056.88;26;536;1
8057.18;16;206;3
8057.58;25;53;0
8064.43;28;14;2
8067.18;24;370;1
8067.26;16;206;3
8067.96;25;53;0
8074.54;8;188;2
8077.26;24;370;1
8077.42;16;206;3
8078.17;25;53;0
8084.96;8;188;2
8087.42;24;370;1
8087.47;16;206;3
8088.45;25;53;0
8095;8;188;2
8097.47;24;370;1
8097.51;16;206;3
8098.76;25;53;0
8105.33;30;217;2
8107.51;24;370;1
8107.56;16;206;3
8109.18;25;53;0
8115.75;30;217;2
8117.56;24;370;1
8117.69;5;158;3
8119.22;14;354;0
8125.81;30;217;2
8127.61;0;94;1
8127.73;5;158;3
8129.34;14;354;0
8135.99;30;217;2
8137.73;0;94;1
8138.14;5;158;3
8139.47;14;354;0
8146.41;30;217;2
8147.77;11;221;1
8148.56;5;158;3
8149.71;14;354;0
8156.67;30;217;2
8157.85;11;221;1
8158.98;5;158;3
8159.76;14;354;0
8166.72;10;548;2
8168.21;11;221;1
8169.12;5;158;3
8169.85;14;354;0
8176.76;10;548;2
8178.5;2;341;1
8179.16;5;158;3
8179.92;4;479;0
8186.83;10;548;2
8188.59;2;341;1
8189.21;7;103;3
8190.01;4;479;0
8196.97;10;548;2
8198.63;2;341;1
8199.3;7;103;3
8200.09;4;479;0
8207.01;21;97;2
8208.87;2;341;1
8209.35;7;103;3
8210.18;4;479;0
8217.21;21;97;2
8219.29;26;360;1
8219.39;7;103;3
8220.22;27;347;0
8227.47;21;97;2
8229.34;26;360;1
8229.44;9;334;3
8237.7;21;97;2
8239.39;19;297;0
8239.39;26;360;1
8239.48;9;334;3
8247.94;21;97;2
8249.44;19;297;0
8249.56;9;334;3
8251.93;0;104;1
8258.11;21;97;2
8259.54;19;297;0
8259.74;9;334;3
8261.99;0;104;1
8268.16;21;97;2
8269.58;19;297;0
8270;29;173;3
8272.07;0;104;1
8278.2;21;97;2
8279.67;1;357;0
8280.3;29;173;3
8282.25;0;104;1
8288.3;21;97;2
8289.88;25;314;0
8290.36;29;173;3
8292.4;24;189;1
8298.36;21;97;2
8299.99;25;314;0
8300.44;16;86;3
8302.6;24;189;1
8308.41;21;97;2
8310.03;25;314;0
8310.5;16;86;3
8313.05;24;189;1
8318.83;8;71;2
8320.46;25;314;0
8320.62;16;86;3
8323.46;24;189;1
8328.91;8;71;2
8330.57;25;314;0
8330.7;16;86;3
8333.62;11;484;1
8338.96;30;416;2
8340.65;25;314;0
8340.92;16;86;3
8343.67;11;484;1
8349.08;28;366;2
8350.7;14;464;0
8351.16;16;86;3
8353.72;11;484;1
8359.33;10;134;2
8360.74;14;464;0
8361.43;16;86;3
8363.76;11;484;1
8369.39;10;134;2
8370.79;14;464;0
8371.48;5;385;3
8373.84;11;484;1
8379.52;10;134;2
8380.84;14;464;0
8381.62;5;385;3
8383.88;26;133;1
8389.68;10;134;2
8390.88;14;464;0
8391.73;5;385;3
8399.24;2;17;1
8401.18;4;110;0
8402.02;5;385;3
8409.42;2;17;1
8411.24;4;110;0
8412.35;5;385;3
8416.52;8;485;2
8419.7;0;422;1
8421.7;27;495;0
8422.53;5;385;3
8426.64;8;485;2
8429.84;0;422;1
8431.75;27;495;0
8432.61;5;385;3
8440.24;0;422;1
8441.79;1;513;0
8442.76;5;385;3
8445.5;30;445;2
8450.4;0;422;1
8451.84;1;513;0
8452.8;7;186;3
8455.62;30;445;2
8460.7;0;422;1
8462.87;7;186;3
8465.66;30;445;2
8469.13;19;84;0
8470.76;0;422;1
8473.05;7;186;3
8475.85;21;32;2
8479.42;19;84;0
8480.91;24;365;1
8483.09;7;186;3
8485.9;21;32;2
8489.53;25;509;0
8491.26;24;365;1
8493.51;9;334;3
8495.98;21;32;2
8499.58;25;509;0
8501.69;24;365;1
8503.63;9;334;3
8506.02;21;32;2
8509.7;25;509;0
8511.85;24;365;1
8513.81;29;73;3
8516.06;21;32;2
8520.1;25;509;0
8521.92;24;365;1
8524.14;29;73;3
8526.48;21;32;2
8530.31;4;89;0
8532.02;24;365;1
8534.18;29;73;3
8536.56;28;452;2
8540.51;4;89;0
8542.06;26;9;1
8544.32;16;23;3
8546.71;28;452;2
8550.56;4;89;0
8552.11;26;9;1
8554.36;16;23;3
8556.76;28;452;2
8560.68;4;89;0
8562.15;11;370;1
8564.43;16;23;3
8566.81;28;452;2
8570.82;4;89;0
8572.2;11;370;1
8574.72;16;23;3
8576.85;10;2;2
8580.99;14;440;0
8582.24;11;370;1
8584.86;16;23;3
8586.9;10;2;2
8591.03;14;440;0
8592.29;11;370;1
8595.16;5;202;3
8596.99;10;2;2
8601.49;14;440;0
8602.33;11;370;1
8605.22;5;202;3
8607.28;10;2;2
8611.94;14;440;0
8612.38;2;383;1
8615.36;5;202;3
8617.54;10;2;2
8621.99;14;440;0
8622.42;2;383;1
8625.42;5;202;3
8627.63;8;361;2
8632.06;14;440;0
8632.46;0;185;1
8635.49;5;202;3
8637.76;8;361;2
8642.46;14;440;0
8642.51;0;185;1
8645.55;5;202;3
8647.8;8;361;2
8652.51;14;440;0
8652.55;0;185;1
8655.6;5;202;3
8657.85;8;361;2
8662.56;27;506;0
8662.65;26;137;1
8665.65;9;199;3
8667.89;8;361;2
8672.61;27;506;0
8672.74;26;137;1
8675.74;9;199;3
8677.94;8;361;2
8682.69;27;506;0
8683.44;24;543;1
8685.86;9;199;3
8688;8;361;2
8692.75;19;68;0
8693.59;24;543;1
8696.02;9;199;3
8698.09;30;188;2
8703.01;19;68;0
8703.65;24;543;1
8706.43;9;199;3
8712.58;21;73;2
8713.17;19;68;0
8713.96;24;543;1
8716.48;9;199;3
8722.63;21;73;2
8723.59;19;68;0
8724.1;24;543;1
8726.52;7;528;3
8733.06;28;293;2
8733.63;19;68;0
8734.15;11;147;1
8736.63;7;528;3
8743.11;28;293;2
8743.68;19;68;0
8744.44;11;147;1
8746.68;7;528;3
8753.54;28;293;2
8754.12;1;217;0
8754.86;2;1;1
8756.99;29;134;3
8763.69;28;293;2
8764.16;1;217;0
8764.9;2;1;1
8767.2;29;134;3
8774.11;28;293;2
8774.55;1;217;0
8775.06;2;1;1
8777.48;29;134;3
8784.16;28;293;2
8784.71;1;217;0
8785.24;0;207;1
8787.52;29;134;3
8794.2;28;293;2
8794.78;4;9;0
8797.78;29;134;3
8797.95;26;36;1
8804.25;10;130;2
8804.83;4;9;0
8807.85;16;83;3
8814.29;10;130;2
8814.88;4;9;0
8817.9;16;83;3
8820.59;24;82;1
8824.35;8;548;2
8824.92;25;89;0
8827.94;16;83;3
8830.63;24;82;1
8834.6;8;548;2
8834.99;25;89;0
8838.03;16;83;3
8840.8;24;82;1
8844.72;30;61;2
8845.41;14;31;0
8848.07;5;100;3
8851.03;24;82;1
8854.84;30;61;2
8855.48;14;31;0
8858.3;5;100;3
8861.13;24;82;1
8864.91;30;61;2
8865.53;14;31;0
8868.44;5;100;3
8871.17;24;82;1
8875.04;30;61;2
8875.63;14;31;0
8880.52;9;368;3
8886.05;14;31;0
8886.43;21;155;2
8890.56;9;368;3
8894.27;26;264;1
8896.26;27;305;0
8896.52;21;155;2
8900.61;9;368;3
8904.46;26;264;1
8906.46;27;305;0
8906.9;21;155;2
8910.66;9;368;3
8914.55;11;92;1
8916.5;27;305;0
8917.25;28;326;2
8920.7;9;368;3
8924.6;11;92;1
8926.55;27;305;0
8927.5;28;326;2
8930.77;9;368;3
8934.64;11;92;1
8936.62;27;305;0
8937.62;10;181;2
8941.09;7;152;3
8944.69;11;92;1
8946.71;27;305;0
8947.68;10;181;2
8951.15;7;152;3
8954.73;2;145;1
8956.77;27;305;0
8957.73;10;181;2
8961.53;7;152;3
8964.8;2;145;1
8966.85;1;167;0
8967.78;10;181;2
8971.74;7;152;3
8974.87;2;145;1
8977.07;1;167;0
8977.85;8;219;2
8981.98;29;535;3
8984.98;2;145;1
8987.45;25;112;0
8987.98;8;219;2
8992.4;29;535;3
8995.06;2;145;1
8997.87;25;112;0
9001.4;30;545;2
9002.72;29;535;3
9005.17;2;145;1
9007.91;25;112;0
9011.64;30;545;2
9013.14;29;535;3
9015.27;2;145;1
9017.98;4;29;0
9021.72;30;545;2
9023.34;16;62;3
9025.38;2;145;1
9028.17;4;29;0
9031.79;30;545;2
9033.78;16;62;3
9035.43;2;145;1
9038.24;4;29;0
9041.86;21;64;2
9044.07;16;62;3
9045.48;2;145;1
9048.37;19;182;0
9051.94;21;64;2
9054.12;16;62;3
9055.66;2;145;1
9058.67;19;182;0
9062.34;28;203;2
9064.49;16;62;3
9065.79;2;145;1
9068.79;14;41;0
9072.6;28;203;2
9074.68;5;222;3
9075.84;0;429;1
9078.84;14;41;0
9082.67;28;203;2
9085.1;5;222;3
9085.88;0;429;1
9088.91;14;41;0
9093.08;28;203;2
9095.21;7;202;3
9095.94;0;429;1
9098.96;14;41;0
9103.43;10;25;2
9105.63;7;202;3
9106.17;0;429;1
9109.19;14;41;0
9113.48;10;25;2
9115.94;7;202;3
9116.43;0;429;1
9119.24;27;86;0
9123.52;10;25;2
9126.5;0;429;1
9129.35;27;86;0
9130.84;9;350;3
9133.66;10;25;2
9136.61;26;32;1
9139.44;27;86;0
9140.93;9;350;3
9143.92;8;399;2
9146.94;26;32;1
9149.75;27;86;0
9151.04;9;350;3
9154.04;8;399;2
9156.99;24;95;1
9159.82;27;86;0
9161.15;9;350;3
9164.1;8;399;2
9167.11;24;95;1
9169.86;27;86;0
9171.23;9;350;3
9174.2;8;399;2
9177.15;24;95;1
9179.9;1;394;0
9181.65;9;350;3
9184.66;30;421;2
9187.2;24;95;1
9189.99;1;394;0
9191.95;9;350;3
9194.76;30;421;2
9200.12;1;394;0
9200.12;11;517;1
9201.99;9;350;3
9204.82;30;421;2
9210.24;1;394;0
9210.24;11;517;1
9212.04;9;350;3
9214.89;30;421;2
9220.66;1;394;0
9220.66;11;517;1
9222.08;9;350;3
9225.08;30;421;2
9230.91;25;163;0
9230.91;2;56;1
9232.12;5;340;3
9235.12;30;421;2
9240.96;25;163;0
9242.19;5;340;3
9244;0;320;1
9245.17;21;360;2
9251.31;25;163;0
9252.24;29;43;3
9254.16;0;320;1
9255.27;21;360;2
9261.35;25;163;0
9262.42;29;43;3
9264.35;0;320;1
9265.37;21;360;2
9271.51;25;163;0
9272.48;16;481;3
9274.51;0;320;1
9275.5;21;360;2
9281.74;4;433;0
9282.52;16;481;3
9284.56;0;320;1
9285.54;21;360;2
9292.13;4;433;0
9292.57;16;481;3
9294.6;0;320;1
9295.59;28;489;2
9302.22;4;433;0
9302.61;7;51;3
9304.65;0;320;1
9306.56;10;420;2
9312.32;4;433;0
9312.66;7;51;3
9314.72;0;320;1
9316.76;10;420;2
9322.43;14;365;0
9322.75;9;277;3
9324.76;0;320;1
9326.93;30;548;2
9332.48;14;365;0
9332.85;9;277;3
9335.06;0;320;1
9336.97;30;548;2
9342.52;19;234;0
9342.89;9;277;3
9345.2;26;289;1
9347.02;30;548;2
9352.57;19;234;0
9352.93;9;277;3
9355.24;26;289;1
9357.06;8;459;2
9362.61;19;234;0
9362.98;5;469;3
9365.46;26;289;1
9367.11;8;459;2
9372.67;1;61;0
9373.02;5;469;3
9375.68;26;289;1
9377.15;8;459;2
9382.82;1;61;0
9383.07;5;469;3
9385.73;26;289;1
9387.2;8;459;2
9392.92;1;61;0
9393.11;5;469;3
9395.85;26;289;1
9397.24;8;459;2
9403.07;1;61;0
9403.16;29;222;3
9406.07;26;289;1
9407.28;8;459;2
9413.11;1;61;0
9413.2;29;222;3
9416.11;24;547;1
9417.37;8;459;2
9423.19;1;61;0
9423.29;16;542;3
9426.16;24;547;1
9427.42;8;459;2
9433.24;1;61;0
9433.38;16;542;3
9436.24;24;547;1
9438.11;21;206;2
9443.3;1;61;0
9443.5;16;542;3
9446.31;24;547;1
9448.42;21;206;2
9453.54;16;542;3
9454.62;27;501;0
9456.36;24;547;1
9458.79;21;206;2
9463.86;16;542;3
9464.66;27;501;0
9466.4;24;547;1
9468.88;28;153;2
9473.9;16;542;3
9475.11;27;501;0
9476.49;2;357;1
9478.93;28;153;2
9484.35;16;542;3
9485.38;27;501;0
9486.91;2;357;1
9489.31;30;4;2
9494.62;16;542;3
9495.5;27;501;0
9497.33;2;357;1
9499.4;30;4;2
9504.92;7;533;3
9505.54;27;501;0
9507.67;2;357;1
9509.62;30;4;2
9515.02;7;533;3
9515.79;27;501;0
9517.71;2;357;1
9519.99;30;4;2
9525.31;7;533;3
9525.83;25;540;0
9527.76;2;357;1
9530.03;10;445;2
9535.73;7;533;3
9536.08;25;540;0
9537.81;2;357;1
9545.77;7;533;3
9546.15;25;540;0
9548.23;11;314;1
9556.06;9;340;3
9556.53;25;540;0
9558.61;11;314;1
9566.52;9;340;3
9566.95;25;540;0
9568.65;11;314;1
9576.77;9;340;3
9577.37;25;540;0
9578.58;8;212;2
9579.04;0;64;1
9586.82;9;340;3
9587.41;4;265;0
9588.8;8;212;2
9589.3;0;64;1
9596.9;9;340;3
9597.86;4;265;0
9598.88;8;212;2
9599.38;26;386;1
9607.03;29;179;3
9608.12;4;265;0
9609.42;26;386;1
9609.74;28;125;2
9617.32;29;179;3
9618.24;4;265;0
9619.6;26;386;1
9619.78;28;125;2
9627.36;29;179;3
9628.56;14;509;0
9629.64;26;386;1
9629.83;28;125;2
9637.42;29;179;3
9638.72;14;509;0
9639.69;26;386;1
9639.87;28;125;2
9647.69;29;179;3
9648.83;14;509;0
9649.73;26;386;1
9649.92;28;125;2
9658.15;29;179;3
9659.25;14;509;0
9659.78;26;386;1
9659.96;28;125;2
9668.57;29;179;3
9669.61;19;440;0
9669.82;24;419;1
9670.01;28;125;2
9678.69;5;200;3
9679.65;19;440;0
9679.89;24;419;1
9680.09;28;125;2
9688.87;5;200;3
9689.72;19;440;0
9690;24;419;1
9690.48;30;199;2
9698.96;7;385;3
9699.76;19;440;0
9700.08;24;419;1
9700.52;30;199;2
9709.05;7;385;3
9709.9;19;440;0
9710.14;24;419;1
9710.6;30;199;2
9719.09;7;385;3
9719.95;19;440;0
9720.58;24;419;1
9720.94;21;345;2
9729.14;16;97;3
9729.99;19;440;0
9730.95;24;419;1
9731.36;21;345;2
9739.49;16;97;3
9740.04;1;439;0
9741;24;419;1
9741.67;21;345;2
9749.59;16;97;3
9750.12;1;439;0
9751.04;2;482;1
9751.71;10;206;2
9759.8;16;97;3
9760.16;1;439;0
9761.09;2;482;1
9761.8;10;206;2
9769.95;16;97;3
9770.3;1;439;0
9771.16;2;482;1
9772.08;10;206;2
9780;9;134;3
9780.74;1;439;0
9781.21;0;286;1
9782.52;8;320;2
9790.05;9;134;3
9790.9;25;427;0
9791.56;0;286;1
9792.73;8;320;2
9800.31;29;2;3
9801.15;25;427;0
9801.63;0;286;1
9802.78;8;320;2
9810.44;29;2;3
9811.49;27;92;0
9811.69;0;286;1
9812.87;30;433;2
9820.79;29;2;3
9821.69;27;92;0
9821.86;11;359;1
9823.03;30;433;2
9831.01;29;2;3
9831.86;27;92;0
9831.9;11;359;1
9833.38;30;433;2
9841.4;29;2;3
9841.9;27;92;0
9841.95;26;502;1
9843.81;28;513;2
9851.45;5;350;3
9851.95;27;92;0
9852.05;26;502;1
9853.94;28;513;2
9861.87;5;350;3
9862.05;27;92;0
9862.33;24;199;1
9864.2;21;153;2
9871.92;5;350;3
9872.18;4;410;0
9872.42;24;199;1
9882.08;5;350;3
9882.42;4;410;0
9888.03;10;372;2
9892.14;5;350;3
9892.5;4;410;0
9898.15;10;372;2
9902.39;5;350;3
9902.55;4;410;0
9908.2;10;372;2
9912.59;5;350;3
9912.76;4;410;0
9918.38;10;372;2
9922.76;16;441;3
9923.22;4;410;0
9932.51;2;113;1
9932.83;16;441;3
9933.64;14;241;0
9936.19;8;256;2
9942.56;2;113;1
9942.92;7;512;3
9944.06;14;241;0
9946.27;8;256;2
9952.61;2;113;1
9953.18;7;512;3
9954.11;14;241;0
9956.34;8;256;2
9962.83;2;113;1
9963.24;9;58;3
9964.15;14;241;0
9966.39;8;256;2
9972.88;0;93;1
9973.7;9;58;3
9974.5;19;144;0
9976.46;8;256;2
9982.92;0;93;1
9984.07;9;58;3
9984.71;19;144;0
9986.5;28;122;2
9992.99;0;93;1
9994.12;29;226;3
9994.93;19;144;0
9996.59;28;122;2
10003.21;0;93;1
10004.25;29;226;3
10004.97;19;144;0
10006.66;28;122;2
10013.44;0;93;1
10014.65;29;226;3
10015.39;19;144;0
10016.71;28;122;2
10023.8;0;93;1
10025.03;29;226;3
10025.8;19;144;0
10026.75;30;351;2
10034.07;26;391;1
10035.23;16;202;3
10036;27;133;0
10036.83;30;351;2
10044.35;26;391;1
10045.34;7;445;3
10047.1;30;351;2
10049.4;25;221;0
10054.51;26;391;1
10055.44;7;445;3
10057.17;30;351;2
10059.7;25;221;0
10064.62;26;391;1
10065.53;7;445;3
10067.21;30;351;2
10069.99;25;221;0
10075.05;26;391;1
10075.84;5;50;3
10077.27;30;351;2
10080.09;1;392;0
10085.36;26;391;1
10086.23;5;50;3
10087.47;21;169;2
10090.41;4;115;0
10095.43;26;391;1
10096.68;5;50;3
10097.56;21;169;2
10100.46;4;115;0
10105.59;26;391;1
10106.75;5;50;3
10107.71;21;169;2
10110.63;4;115;0
10115.69;26;391;1
10116.79;5;50;3
10117.82;21;169;2
10120.71;4;115;0
10125.76;11;183;1
10126.89;5;50;3
10127.86;21;169;2
10131.1;14;174;0
10135.8;11;183;1
10137.31;29;267;3
10138.28;21;169;2
10141.15;14;174;0
10146.05;11;183;1
10147.49;16;268;3
10148.35;21;169;2
10151.19;14;174;0
10156.41;11;183;1
10157.79;16;268;3
10158.42;10;530;2
10161.34;14;174;0
10166.82;11;183;1
10167.84;16;268;3
10168.53;10;530;2
10171.53;14;174;0
10176.97;11;183;1
10178.26;16;268;3
10178.95;10;530;2
10181.78;19;182;0
10187.39;2;46;1
10188.52;7;490;3
10189.4;10;530;2
10191.86;19;182;0
10197.65;24;70;1
10198.57;7;490;3
10199.81;10;530;2
10202.19;19;182;0
10207.78;24;70;1
10208.75;7;490;3
10209.85;10;530;2
10212.27;27;253;0
10218.1;24;70;1
10218.92;9;448;3
10220.11;10;530;2
10222.34;27;253;0
10228.14;0;421;1
10228.98;9;448;3
10230.26;10;530;2
10232.71;27;253;0
10238.27;0;421;1
10239.02;9;448;3
10240.46;28;361;2
10242.84;27;253;0
10248.64;0;421;1
10249.07;5;330;3
10250.64;28;361;2
10253.09;27;253;0
10258.85;26;85;1
10259.11;5;330;3
10260.73;28;361;2
10263.14;25;342;0
10269.11;26;85;1
10269.16;5;330;3
10270.78;28;361;2
10273.18;25;342;0
10279.19;26;85;1
10279.23;29;216;3
10283.23;25;342;0
10283.27;8;402;2
10289.29;29;216;3
10293.27;25;342;0
10293.32;8;402;2
10299.42;29;216;3
10303.32;25;342;0
10303.36;8;402;2
10309.55;29;216;3
10309.6;2;165;1
10313.37;1;159;0
10313.51;8;402;2
10319.63;29;216;3
10319.67;2;165;1
10323.51;1;159;0
10323.77;8;402;2
10329.68;29;216;3
10329.78;2;165;1
10333.68;1;159;0
10333.81;30;169;2
10339.73;16;6;3
10341.06;24;347;1
10343.72;1;159;0
10343.86;30;169;2
10349.91;16;6;3
10351.19;24;347;1
10353.86;1;159;0
10353.9;30;169;2
10360.03;16;6;3
10361.61;11;0;1
10363.9;1;159;0
10363.94;30;169;2
10370.44;16;6;3
10371.76;11;0;1
10373.95;14;370;0
10373.99;21;188;2
10380.48;16;6;3
10382.22;11;0;1
10384.03;14;370;0
10384.25;21;188;2
10390.9;7;463;3
10392.27;11;0;1
10394.29;14;370;0
10394.34;21;188;2
10401.29;7;463;3
10402.31;11;0;1
10404.34;19;387;0
10404.42;21;188;2
10411.46;5;515;3
10412.36;11;0;1
10414.42;19;387;0
10414.47;10;320;2
10421.51;9;510;3
10422.44;11;0;1
10424.47;19;387;0
10424.51;10;320;2
10431.59;9;510;3
10432.49;11;0;1
10434.54;4;125;0
10434.59;10;320;2
10442.01;9;510;3
10442.53;11;0;1
10444.6;4;125;0
10445.01;28;299;2
10452.22;29;492;3
10452.59;0;134;1
10454.81;4;125;0
10455.22;28;299;2
10462.3;29;492;3
10462.63;0;134;1
10464.92;4;125;0
10465.3;28;299;2
10472.34;29;492;3
10473.05;0;134;1
10475.25;4;125;0
10475.35;28;299;2
10483.33;0;134;1
10485.33;27;348;0
10485.42;28;299;2
10492.87;5;233;3
10493.42;26;121;1
10495.38;27;348;0
10495.84;28;299;2
10502.95;5;233;3
10503.83;26;121;1
10505.66;27;348;0
10505.95;28;299;2
10513.23;5;233;3
10513.9;26;121;1
10515.7;27;348;0
10516.21;28;299;2
10523.32;7;53;3
10524.03;26;121;1
10525.94;27;348;0
10526.36;28;299;2
10533.77;7;53;3
10534.31;26;121;1
10536.05;27;348;0
10536.74;8;433;2
10543.84;7;53;3
10544.73;26;121;1
10546.47;25;440;0
10546.87;8;433;2
10554.04;7;53;3
10555.17;26;121;1
10556.52;25;440;0
10557;8;433;2
10564.12;7;53;3
10565.59;24;203;1
10566.62;25;440;0
10567.12;30;426;2
10574.2;7;53;3
10575.8;24;203;1
10577.07;25;440;0
10577.21;30;426;2
10584.26;7;53;3
10586.22;24;203;1
10587.14;25;440;0
10587.25;21;372;2
10594.72;16;143;3
10596.29;24;203;1
10597.25;25;440;0
10597.3;10;64;2
10605.18;16;143;3
10606.38;11;545;1
10607.33;1;25;0
10607.67;10;64;2
10615.22;16;143;3
10616.47;11;545;1
10617.67;1;25;0
10617.89;10;64;2
10625.31;16;143;3
10626.55;11;545;1
10627.84;19;416;0
10628.01;10;64;2
10635.53;16;143;3
10636.63;2;500;1
10638.22;10;64;2
10640.39;14;393;0
10645.57;16;143;3
10646.72;2;500;1
10648.57;10;64;2
10650.55;14;393;0
10655.99;16;143;3
10656.88;0;97;1
10658.68;28;282;2
10660.65;4;212;0
10666.17;16;143;3
10666.93;0;97;1
10669.03;28;282;2
10676.35;16;143;3
10676.97;0;97;1
10679.08;8;82;2
10679.59;27;295;0
10686.41;9;526;3
10687.03;0;97;1
10689.32;8;82;2
10689.64;27;295;0
10696.56;9;526;3
10697.27;0;97;1
10699.42;8;82;2
10699.82;27;295;0
10706.83;29;543;3
10707.34;0;97;1
10709.82;8;82;2
10709.86;27;295;0
10716.87;29;543;3
10717.39;0;97;1
10719.9;30;349;2
10719.94;27;295;0
10726.91;29;543;3
10727.66;0;97;1
10729.94;30;349;2
10729.98;25;471;0
10736.96;29;543;3
10738.08;26;28;1
10739.98;30;349;2
10740.44;1;264;0
10747.02;29;543;3
10748.13;26;28;1
10750.03;30;349;2
10750.86;1;264;0
10757.07;5;411;3
10758.57;26;28;1
10760.08;21;340;2
10761.1;1;264;0
10767.24;5;411;3
10768.99;26;28;1
10770.16;21;340;2
10771.52;1;264;0
10777.29;5;411;3
10779.04;11;342;1
10780.31;21;340;2
10781.84;19;37;0
10787.34;7;90;3
10789.12;11;342;1
10791.89;19;37;0
10794.45;10;141;2
10797.39;7;90;3
10799.38;24;530;1
10801.93;19;37;0
10807.43;7;90;3
10809.47;24;530;1
10812.02;19;37;0
10814.04;28;4;2
10817.47;7;90;3
10819.52;24;530;1
10822.08;19;37;0
10824.38;28;4;2
10827.52;7;90;3
10829.56;24;530;1
10832.13;19;37;0
10834.44;28;4;2
10837.57;7;90;3
10839.61;24;530;1
10842.4;14;158;0
10844.48;28;4;2
10847.69;16;83;3
10849.65;24;530;1
10852.49;14;158;0
10854.6;8;42;2
10857.75;16;83;3
10859.7;2;58;1
10862.74;14;158;0
10864.74;8;42;2
10868.17;16;83;3
10869.76;2;58;1
10872.78;14;158;0
10874.88;8;42;2
10878.61;9;316;3
10880.14;0;62;1
10882.98;4;240;0
10885.09;8;42;2
10888.82;9;316;3
10890.22;0;62;1
10893.23;4;240;0
10896.93;30;20;2
10899.04;9;316;3
10900.28;0;62;1
10903.27;4;240;0
10906.98;30;20;2
10909.1;9;316;3
10910.74;0;62;1
10913.31;4;240;0
10917.1;30;20;2
10920.92;0;62;1
10920.92;29;524;3
10923.6;27;89;0
10927.14;30;20;2
10931.01;26;155;1
10931.01;29;524;3
10933.64;27;89;0
10937.48;30;20;2
10941.06;26;155;1
10941.06;29;524;3
10943.73;27;89;0
10947.72;30;20;2
10951.23;26;155;1
10951.23;7;449;3
10953.77;25;40;0
10957.76;30;20;2
10961.51;11;217;1
10961.51;7;449;3
10963.83;25;40;0
10969.78;21;417;2
10971.9;11;217;1
10971.9;7;449;3
10975.76;1;536;0
10979.93;21;417;2
10982.02;11;217;1
10982.02;7;449;3
10985.85;1;536;0
10990;21;417;2
10992.2;11;217;1
10992.2;7;449;3
10996.1;1;536;0
11000.06;21;417;2
11002.24;24;370;1
11002.24;5;143;3
11006.25;19;452;0
11010.15;21;417;2
11012.29;24;370;1
11012.29;5;143;3
11016.3;19;452;0
11020.2;21;417;2
11022.44;24;370;1
11022.44;16;130;3
11026.39;19;452;0
11030.24;10;230;2
11032.6;24;370;1
11032.6;16;130;3
11036.44;14;222;0
11040.29;10;230;2
11042.68;24;370;1
11042.68;9;227;3
11046.48;14;222;0
11050.33;10;230;2
11052.98;24;370;1
11052.98;9;227;3
11056.65;14;222;0
11060.38;28;312;2
11063.41;2;147;1
11063.41;9;227;3
11066.71;4;486;0
11070.8;28;312;2
11073.51;26;295;1
11073.51;9;227;3
11076.96;4;486;0
11081.14;28;312;2
11083.7;26;295;1
11083.7;9;227;3
11087;27;265;0
11091.55;28;312;2
11093.86;26;295;1
11093.86;9;227;3
11097.1;25;501;0
11101.98;28;312;2
11104;0;340;1
11104;29;322;3
11107.45;25;501;0
11112.43;28;312;2
11114.23;0;340;1
11114.23;29;322;3
11117.6;25;501;0
11122.89;28;312;2
11124.28;11;29;1
11124.28;29;322;3
11128.02;25;501;0
11132.97;28;312;2
11134.32;11;29;1
11134.32;29;322;3
11138.13;1;348;0
11143.02;28;312;2
11144.37;11;29;1
11144.37;7;447;3
11148.18;19;93;0
11153.08;28;312;2
11154.41;11;29;1
11154.41;7;447;3
11158.28;19;93;0
11163.18;28;312;2
11164.46;11;29;1
11164.46;7;447;3
11168.32;19;93;0
11173.6;28;312;2
11174.5;11;29;1
11174.5;7;447;3
11178.6;19;93;0
11183.78;8;365;2
11184.55;11;29;1
11184.55;7;447;3
11189.02;19;93;0
11193.96;8;365;2
11194.59;11;29;1
11194.59;7;447;3
11199.06;14;110;0
11204.05;8;365;2
11204.64;11;29;1
11204.64;7;447;3
11209.3;14;110;0
11214.1;8;365;2
11214.68;2;165;1
11214.68;5;505;3
11219.52;14;110;0
11224.42;10;87;2
11224.73;2;165;1
11224.73;5;505;3
11229.84;4;256;0
11234.73;10;87;2
11234.77;24;286;1
11234.77;5;505;3
11239.9;27;234;0
11244.77;21;500;2
11244.82;24;286;1
11244.82;5;505;3
11250;27;234;0
11254.86;24;286;1
11254.86;5;505;3
11260.2;25;70;0
11264.92;24;286;1
11264.92;9;394;3
11270.24;25;70;0
11270.47;30;482;2
11274.97;24;286;1
11274.97;9;394;3
11280.45;25;70;0
11280.52;30;482;2
11285.01;24;286;1
11285.01;9;394;3
11290.52;1;264;0
11290.56;30;482;2
11295.11;24;286;1
11295.11;9;394;3
11300.57;1;264;0
11300.62;30;482;2
11305.16;24;286;1
11305.16;9;394;3
11310.64;1;264;0
11310.82;28;263;2
11315.2;0;266;1
11315.2;9;394;3
11320.68;19;194;0
11320.87;28;263;2
11325.25;0;266;1
11325.25;16;448;3
11330.73;19;194;0
11330.92;28;263;2
11335.49;0;266;1
11335.49;16;448;3
11340.96;19;194;0
11341;28;263;2
11345.54;0;266;1
11345.54;16;448;3
11351;19;194;0
11351.05;28;263;2
11355.91;0;266;1
11355.91;16;448;3
11361.05;19;194;0
11361.09;28;263;2
11366.33;26;540;1
11366.33;16;448;3
11371.13;19;194;0
11371.17;28;263;2
11376.61;26;540;1
11376.61;16;448;3
11381.2;4;13;0
11381.59;8;246;2
11386.98;26;540;1
11386.98;16;448;3
11391.36;4;13;0
11391.66;8;246;2
11397.16;2;492;1
11397.16;16;448;3
11401.4;4;13;0
11401.71;10;418;2
11407.24;2;492;1
11407.24;16;448;3
11411.46;4;13;0
11411.75;10;418;2
11417.28;11;321;1
11417.28;16;448;3
11421.75;4;13;0
11421.8;10;418;2
11427.58;11;321;1
11427.58;7;320;3
11431.8;27;37;0
11431.84;10;418;2
11437.63;11;321;1
11437.63;7;320;3
11441.84;27;37;0
11441.89;21;216;2
11447.67;11;321;1
11447.67;7;320;3
11451.91;27;37;0
11451.95;21;216;2
11457.71;11;321;1
11457.71;7;320;3
11461.95;27;37;0
11462.36;21;216;2
11467.78;24;153;1
11467.78;7;320;3
11472.07;27;37;0
11472.41;21;216;2
11477.82;24;153;1
11477.82;29;229;3
11482.41;14;196;0
11482.45;21;216;2
11488.28;24;153;1
11488.28;29;229;3
11492.45;14;196;0
11492.5;30;82;2
11498.32;24;153;1
11498.32;29;229;3
11502.54;25;240;0
11502.58;30;82;2
11508.38;0;394;1
11508.38;29;229;3
11512.58;25;240;0
11512.63;30;82;2
11518.43;29;229;3
11522.63;1;517;0
11522.68;28;519;2
11523.47;26;24;1
11528.47;29;229;3
11532.68;1;517;0
11532.8;28;519;2
11533.55;26;24;1
11538.52;29;229;3
11542.72;1;517;0
11542.92;28;519;2
11543.97;26;24;1
11548.56;29;229;3
11552.77;1;517;0
11553.34;8;127;2
11554.02;26;24;1
11558.61;5;549;3
11562.81;19;203;0
11563.52;8;127;2
11564.44;26;24;1
11568.65;5;549;3
11572.86;19;203;0
11573.85;8;127;2
11574.49;26;24;1
11578.7;5;549;3
11582.9;19;203;0
11584;8;127;2
11584.54;26;24;1
11588.74;5;549;3
11592.94;19;203;0
11594.04;8;127;2
11594.6;26;24;1
11598.79;5;549;3
11602.99;19;203;0
11604.25;8;127;2
11604.65;26;24;1
11608.83;9;542;3
11613.07;19;203;0
11614.33;8;127;2
11614.93;26;24;1
11618.87;16;322;3
11623.16;4;137;0
11624.57;8;127;2
11625.34;26;24;1
11628.92;16;322;3
11633.21;4;137;0
11634.78;21;202;2
11635.38;26;24;1
11639.03;7;287;3
11643.36;4;137;0
11644.83;21;202;2
11645.52;2;205;1
11649.12;7;287;3
11654.96;21;202;2
11655.34;14;313;0
11655.58;2;205;1
11665.34;10;385;2
11665.45;14;313;0
11665.63;2;205;1
11672.18;29;405;3
11675.45;10;385;2
11675.63;14;313;0
11675.68;2;205;1
11682.22;29;405;3
11685.5;10;385;2
11685.68;14;313;0
11685.83;2;205;1
11692.33;29;405;3
11695.68;10;385;2
11695.72;14;313;0
11695.87;2;205;1
11702.75;29;405;3
11705.72;10;385;2
11705.77;27;233;0
11706.09;2;205;1
11712.93;29;405;3
11715.77;28;183;2
11715.94;27;233;0
11716.23;2;205;1
11723.02;9;314;3
11725.85;28;183;2
11726.02;25;289;0
11726.45;11;93;1
11733.07;9;314;3
11735.89;28;183;2
11736.06;25;289;0
11736.5;11;93;1
11743.16;9;314;3
11746.06;28;183;2
11746.11;1;251;0
11746.58;11;93;1
11753.26;9;314;3
11756.11;28;183;2
11756.15;1;251;0
11756.92;11;93;1
11763.31;9;314;3
11766.15;28;183;2
11766.23;1;251;0
11766.96;24;37;1
11773.59;9;314;3
11776.23;30;72;2
11776.54;1;251;0
11778.5;0;31;1
11783.64;16;323;3
11786.28;30;72;2
11786.64;1;251;0
11788.57;0;31;1
11796.36;30;72;2
11796.68;1;251;0
11797.48;5;293;3
11798.72;0;31;1
11806.68;30;72;2
11807.02;1;251;0
11807.87;5;293;3
11808.77;0;31;1
11816.81;30;72;2
11817.06;19;11;0
11818.2;5;293;3
11818.82;26;29;1
11827.1;8;87;2
11827.39;19;11;0
11828.62;5;293;3
11828.93;26;29;1
11837.14;8;87;2
11837.54;19;11;0
11838.82;5;293;3
11838.98;2;75;1
11847.37;10;387;2
11847.58;4;182;0
11848.87;5;293;3
11849.37;2;75;1
11857.42;21;6;2
11857.75;27;200;0
11858.91;5;293;3
11859.54;2;75;1
11867.57;21;6;2
11868.17;27;200;0
11868.96;5;293;3
11869.59;2;75;1
11877.61;21;6;2
11878.24;27;200;0
11879;5;293;3
11887.98;21;6;2
11888.34;27;200;0
11889.06;5;293;3
11890.75;24;388;1
11898.25;21;6;2
11898.45;27;200;0
11899.12;5;293;3
11901.08;24;388;1
11908.45;28;412;2
11908.89;27;200;0
11909.58;7;392;3
11911.12;24;388;1
11918.76;28;412;2
11918.94;14;218;0
11919.63;7;392;3
11921.41;24;388;1
11928.8;28;412;2
11929.16;14;218;0
11929.74;7;392;3
11931.55;24;388;1
11938.97;28;412;2
11939.21;14;218;0
11940.04;7;392;3
11941.61;24;388;1
11949.1;30;524;2
11949.59;14;218;0
11950.09;9;147;3
11951.67;11;527;1
11959.52;30;524;2
11959.85;14;218;0
11960.23;29;12;3
11961.76;11;527;1
11970;14;218;0
11970.28;29;12;3
11971.89;11;527;1
11980.32;14;218;0
11980.46;29;12;3
11981.14;8;457;2
11982.14;11;527;1
11990.37;25;542;0
11990.62;29;12;3
11991.28;8;457;2
11992.19;11;527;1
12000.57;25;542;0
12000.88;29;12;3
12001.7;8;457;2
12002.61;11;527;1
12010.72;25;542;0
12011.79;8;457;2
12013;11;527;1
12014.2;16;69;3
12021.14;19;1;0
12022.21;8;457;2
12023.06;11;527;1
12024.44;16;69;3
12031.22;19;1;0
12032.39;10;246;2
12033.11;11;527;1
12034.53;16;69;3
12041.65;4;227;0
12042.47;10;246;2
12043.26;11;527;1
12044.57;16;69;3
12052.07;4;227;0
12052.89;10;246;2
12053.64;11;527;1
12054.88;16;69;3
12062.35;4;227;0
12063.31;28;134;2
12063.69;2;138;1
12065.3;5;301;3
12072.56;1;56;0
12073.37;28;134;2
12074.1;2;138;1
12075.48;5;301;3
12082.69;1;56;0
12083.45;28;134;2
12084.27;2;138;1
12085.52;5;301;3
12093.11;1;56;0
12093.87;28;134;2
12094.48;2;138;1
12095.57;5;301;3
12103.24;1;56;0
12104.29;28;134;2
12104.52;2;138;1
12105.61;7;420;3
12113.47;1;56;0
12114.38;21;443;2
12114.87;2;138;1
12115.66;7;420;3
12123.52;1;56;0
12124.56;21;443;2
12124.94;26;424;1
12125.7;7;420;3
12133.64;1;56;0
12134.64;21;443;2
12135.25;26;424;1
12135.76;9;143;3
12143.68;27;359;0
12144.73;21;443;2
12145.71;26;424;1
12145.81;9;143;3
12153.73;14;133;0
12155.75;26;424;1
12155.85;9;143;3
12157.5;30;372;2
12164.01;14;133;0
12165.85;26;424;1
12165.9;29;491;3
12167.56;30;372;2
12174.15;14;133;0
12175.9;26;424;1
12175.94;5;335;3
12177.78;30;372;2
12184.28;19;370;0
12185.94;26;424;1
12185.98;5;335;3
12187.93;30;372;2
12194.7;19;370;0
12195.99;26;424;1
12196.04;5;335;3
12197.97;10;522;2
12204.76;4;194;0
12206.04;26;424;1
12206.42;5;335;3
12208.02;10;522;2
12215.08;4;194;0
12216.08;26;424;1
12216.84;16;321;3
12218.08;10;522;2
12225.5;4;194;0
12226.12;24;470;1
12226.92;16;321;3
12228.14;8;342;2
12235.62;4;194;0
12236.17;24;470;1
12237.3;16;321;3
12238.26;8;342;2
12245.68;4;194;0
12246.22;11;94;1
12247.38;16;321;3
12248.68;8;342;2
12255.81;4;194;0
12256.26;11;94;1
12257.46;16;321;3
12258.76;8;342;2
12266.02;4;194;0
12266.55;0;429;1
12267.79;16;321;3
12269.05;8;342;2
12276.06;25;24;0
12276.6;0;429;1
12277.98;7;489;3
12279.1;21;293;2
12286.14;25;24;0
12287.02;2;102;1
12288.12;7;489;3
12289.14;21;293;2
12296.19;25;24;0
12297.1;2;102;1
12298.16;7;489;3
12299.19;28;277;2
12306.25;25;24;0
12307.22;2;102;1
12308.5;9;144;3
12309.26;28;277;2
12316.31;25;24;0
12317.32;2;102;1
12318.65;9;144;3
12319.31;30;226;2
12326.68;25;24;0
12327.4;26;134;1
12328.97;9;144;3
12329.69;30;226;2
12336.97;25;24;0
12337.68;26;134;1
12339.02;9;144;3
12339.73;30;226;2
12347.02;25;24;0
12349.3;9;144;3
12349.85;30;226;2
12352.04;11;240;1
12357.33;27;279;0
12359.58;9;144;3
12360.1;30;226;2
12362.09;11;240;1
12367.41;27;279;0
12370;9;144;3
12370.15;30;226;2
12372.32;24;188;1
12377.46;27;279;0
12380.15;9;144;3
12380.28;30;226;2
12382.55;24;188;1
12387.7;27;279;0
12390.35;10;205;2
12392.59;24;188;1
12392.87;29;71;3
12397.99;27;279;0
12400.77;10;205;2
12402.64;24;188;1
12403.13;29;71;3
12408.14;27;279;0
12410.97;10;205;2
12412.69;24;188;1
12414.71;5;455;3
12418.22;27;279;0
12421.19;21;512;2
12422.74;24;188;1
12424.76;5;455;3
12428.35;14;536;0
12431.33;21;512;2
12432.78;2;478;1
12434.8;5;455;3
12441.51;8;368;2
12444.87;5;455;3
12446.56;19;196;0
12450.37;26;242;1
12454.92;5;455;3
12456.63;19;196;0
12460.43;26;242;1
12462.74;28;353;2
12465.18;5;455;3
12466.67;19;196;0
12470.56;26;242;1
12472.83;28;353;2
12475.24;16;299;3
12476.83;19;196;0
12480.62;26;242;1
12482.91;28;353;2
12485.52;16;299;3
12486.99;1;185;0
12490.66;0;59;1
12492.96;28;353;2
12495.58;16;299;3
12497.04;1;185;0
12500.71;0;59;1
12503.01;28;353;2
12505.62;16;299;3
12507.33;1;185;0
12510.75;0;59;1
12513.05;28;353;2
12515.71;16;299;3
12517.47;1;185;0
12520.8;0;59;1
12523.1;10;433;2
12526.1;16;299;3
12527.89;25;345;0
12530.86;0;59;1
12533.14;10;433;2
12536.15;7;51;3
12538.31;25;345;0
12540.95;0;59;1
12543.18;10;433;2
12546.19;7;51;3
12548.57;25;345;0
12550.99;11;103;1
12553.23;30;525;2
12556.28;9;366;3
12558.85;25;345;0
12561.04;11;103;1
12563.3;30;525;2
12566.67;9;366;3
12568.99;4;414;0
12571.08;26;417;1
12573.39;30;525;2
12576.78;9;366;3
12579.04;4;414;0
12581.38;26;417;1
12583.53;30;525;2
12586.82;9;366;3
12589.18;27;477;0
12591.47;26;417;1
12593.95;30;525;2
12596.9;9;366;3
12599.37;27;477;0
12601.59;26;417;1
12604.37;30;525;2
12607.08;29;307;3
12609.41;27;477;0
12611.72;26;417;1
12614.72;21;165;2
12617.14;29;307;3
12619.47;27;477;0
12621.99;26;417;1
12624.99;21;165;2
12627.18;5;325;3
12629.52;14;162;0
12632.04;26;417;1
12635.04;21;165;2
12637.25;5;325;3
12639.57;14;162;0
12642.08;24;429;1
12645.08;8;381;2
12647.3;5;325;3
12649.99;14;162;0
12652.13;24;429;1
12655.13;8;381;2
12657.44;5;325;3
12660.04;19;291;0
12662.18;24;429;1
12665.21;8;381;2
12667.48;5;325;3
12670.09;19;291;0
12672.26;24;429;1
12675.29;28;34;2
12677.82;5;325;3
12680.15;19;291;0
12682.43;24;429;1
12685.34;28;34;2
12688.26;7;411;3
12690.5;25;281;0
12692.57;2;174;1
12695.53;28;34;2
12698.5;7;411;3
12700.64;25;281;0
12702.97;2;174;1
12705.57;28;34;2
12708.57;7;411;3
12710.91;25;281;0
12713.15;2;174;1
12716.03;28;34;2
12718.95;7;411;3
12721.07;25;281;0
12723.57;2;174;1
12726.22;10;169;2
12729.05;7;411;3
12733.62;0;349;1
12735.25;1;329;0
12736.34;10;169;2
12739.09;16;450;3
12744.08;0;349;1
12745.66;1;329;0
12746.75;30;173;2
12749.31;16;450;3
12754.21;0;349;1
12755.82;1;329;0
12758.24;21;419;2
12759.64;16;450;3
12764.26;0;349;1
12765.86;1;329;0
12768.64;21;419;2
12769.85;16;450;3
12774.37;11;130;1
12775.99;4;391;0
12778.88;21;419;2
12779.9;16;450;3
12784.41;11;130;1
12786.03;4;391;0
12788.94;21;419;2
12789.96;16;450;3
12794.46;11;130;1
12796.49;27;64;0
12799.36;8;373;2
12800.05;16;450;3
12804.51;11;130;1
12806.91;27;64;0
12809.6;8;373;2
12810.33;16;450;3
12814.56;11;130;1
12817.33;27;64;0
12819.64;8;373;2
12820.4;16;450;3
12824.81;11;130;1
12827.38;19;345;0
12829.69;8;373;2
12830.64;16;450;3
12836.97;24;402;1
12837.43;19;345;0
12839.76;28;466;2
12840.76;16;450;3
12847.1;26;530;1
12847.71;19;345;0
12850;28;466;2
12851.16;9;206;3
12857.52;26;530;1
12857.75;14;138;0
12860.22;28;466;2
12861.21;9;206;3
12867.56;0;287;1
12867.89;14;138;0
12870.27;28;466;2
12871.26;9;206;3
12877.77;0;287;1
12877.93;14;138;0
12880.31;28;466;2
12881.35;9;206;3
12887.94;2;357;1
12887.99;14;138;0
12890.36;10;549;2
12891.4;29;492;3
12897.99;2;357;1
12898.03;14;138;0
12900.4;10;549;2
12907.39;7;100;3
12908.03;2;357;1
12908.08;14;138;0
12910.48;10;549;2
12917.46;7;100;3
12918.11;2;357;1
12918.15;14;138;0
12920.52;10;549;2
12927.9;7;100;3
12928.15;2;357;1
12928.24;14;138;0
12930.57;10;549;2
12938.15;5;237;3
12938.2;2;357;1
12938.45;14;138;0
12940.61;10;549;2
12948.22;5;237;3
12948.26;2;357;1
12948.49;25;418;0
12950.69;21;181;2
12958.26;5;237;3
12958.4;2;357;1
12958.91;1;62;0
12960.96;21;181;2
12968.31;5;237;3
12969.13;1;62;0
12971.06;21;181;2
12976.47;11;443;1
12979.17;4;329;0
12979.17;9;216;3
12981.18;30;190;2
12986.56;11;443;1
12989.26;4;329;0
12989.26;9;216;3
12991.23;30;190;2
12996.78;11;443;1
12999.35;4;329;0
12999.35;9;216;3
13001.28;30;190;2
13007.07;26;256;1
13009.43;27;347;0
13009.43;9;216;3
13011.37;30;190;2
13017.18;26;256;1
13019.49;19;477;0
13019.49;16;15;3
13021.48;8;491;2
13027.64;26;256;1
13029.54;16;15;3
13031.9;8;491;2
13037.75;24;286;1
13039.63;16;15;3
13042;28;12;2
13042.48;1;24;0
13047.8;24;286;1
13049.89;16;15;3
13052.05;28;12;2
13052.61;1;24;0
13057.87;0;279;1
13059.96;16;15;3
13062.41;28;12;2
13062.65;1;24;0
13067.93;0;279;1
13070.01;16;15;3
13072.56;28;12;2
13072.98;1;24;0
13078.06;0;279;1
13080.13;16;15;3
13082.76;28;12;2
13083.06;1;24;0
13088.48;0;279;1
13090.4;29;236;3
13092.91;28;12;2
13093.12;14;66;0
13100.48;29;236;3
13102.97;28;12;2
13103.24;14;66;0
13105.7;11;42;1
13110.84;29;236;3
13113.12;10;27;2
13113.68;14;66;0
13115.79;11;42;1
13121.29;29;236;3
13123.24;10;27;2
13123.72;14;66;0
13125.88;11;42;1
13131.33;29;236;3
13133.66;10;27;2
13133.87;14;66;0
13135.93;11;42;1
13141.39;29;236;3
13143.82;10;27;2
13143.93;14;66;0
13146.06;11;42;1
13151.59;29;236;3
13153.89;10;27;2
13154.27;14;66;0
13156.37;11;42;1
13161.8;5;417;3
13163.96;10;27;2
13164.38;14;66;0
13166.79;2;496;1
13171.84;5;417;3
13174.33;10;27;2
13174.54;14;66;0
13177.15;2;496;1
13181.89;5;417;3
13184.54;21;23;2
13184.59;14;66;0
13187.2;2;496;1
13191.93;5;417;3
13194.59;21;23;2
13194.68;14;66;0
13197.24;2;496;1
13201.98;9;266;3
13204.64;21;23;2
13204.82;25;197;0
13207.33;2;496;1
13212.02;9;266;3
13214.82;21;23;2
13214.91;25;197;0
13217.37;2;496;1
13222.07;9;266;3
13224.91;21;23;2
13225.1;25;197;0
13227.44;2;496;1
13232.11;9;266;3
13234.96;30;368;2
13235.14;25;197;0
13237.53;2;496;1
13242.16;7;289;3
13245.01;30;368;2
13245.21;25;197;0
13247.59;2;496;1
13252.23;7;289;3
13255.05;30;368;2
13255.26;4;439;0
13257.75;24;282;1
13262.28;7;289;3
13265.26;8;207;2
13265.3;4;439;0
13267.81;24;282;1
13272.32;7;289;3
13275.3;8;207;2
13275.35;4;439;0
13277.98;26;269;1
13282.37;7;289;3
13285.37;28;530;2
13285.42;27;466;0
13288.2;26;269;1
13292.41;7;289;3
13295.42;28;530;2
13295.81;27;466;0
13298.25;0;448;1
13302.84;16;34;3
13305.56;28;530;2
13305.86;27;466;0
13308.33;0;448;1
13313.15;29;463;3
13315.6;10;251;2
13318.52;0;448;1
13323.21;29;463;3
13325.02;1;239;0
13325.82;10;251;2
13328.56;0;448;1
13333.39;29;463;3
13335.11;1;239;0
13335.95;10;251;2
13338.8;11;27;1
13343.55;5;152;3
13345.15;1;239;0
13345.99;21;50;2
13348.99;2;145;1
13353.62;5;152;3
13355.47;1;239;0
13356.05;21;50;2
13359.04;2;145;1
13363.67;5;152;3
13365.75;1;239;0
13366.1;21;50;2
13369.08;2;145;1
13373.76;5;152;3
13375.86;1;239;0
13376.14;21;50;2
13379.14;2;145;1
13383.8;5;152;3
13386.14;19;387;0
13386.19;21;50;2
13389.19;2;145;1
13393.85;5;152;3
13396.19;19;387;0
13396.26;21;50;2
13399.23;2;145;1
13403.9;9;455;3
13406.26;14;543;0
13406.53;21;50;2
13409.29;24;445;1
13413.94;9;455;3
13416.4;14;543;0
13416.62;30;153;2
13419.36;24;445;1
13424;9;455;3
13426.48;25;14;0
13426.68;30;153;2
13429.44;24;445;1
13434.42;9;455;3
13436.68;25;14;0
13436.77;30;153;2
13439.49;24;445;1
13444.52;9;455;3
13446.8;4;61;0
13446.85;30;153;2
13449.53;26;542;1
13454.78;7;336;3
13456.85;4;61;0
13458.23;8;141;2
13459.58;26;542;1
13465.2;7;336;3
13466.93;4;61;0
13468.28;10;548;2
13469.64;26;542;1
13475.29;7;336;3
13476.97;4;61;0
13478.32;10;548;2
13479.84;0;210;1
13485.33;7;336;3
13487.01;4;61;0
13488.38;10;548;2
13490;0;210;1
13495.75;16;236;3
13497.06;1;94;0
13498.7;10;548;2
13500.08;0;210;1
13505.89;16;236;3
13507.14;1;94;0
13508.79;28;523;2
13510.13;11;325;1
13516.31;16;236;3
13517.58;27;102;0
13518.84;28;523;2
13520.24;11;325;1
13526.38;16;236;3
13527.64;27;102;0
13528.88;28;523;2
13530.28;11;325;1
13536.57;16;236;3
13538.01;19;508;0
13538.93;28;523;2
13540.7;11;325;1
13546.69;16;236;3
13548.05;19;508;0
13548.97;28;523;2
13551.05;11;325;1
13556.88;16;236;3
13558.1;19;508;0
13559.04;28;523;2
13561.1;11;325;1
13566.94;16;236;3
13568.24;19;508;0
13569.08;28;523;2
13571.24;2;349;1
13577.05;29;526;3
13578.66;19;508;0
13579.12;28;523;2
13581.32;2;349;1
13587.18;5;256;3
13588.71;19;508;0
13589.18;28;523;2
13591.47;2;349;1
13597.26;5;256;3
13599.11;19;508;0
13599.6;28;523;2
13601.92;2;349;1
13607.3;5;256;3
13609.18;19;508;0
13609.64;28;523;2
13611.97;2;349;1
13617.72;5;256;3
13619.22;19;508;0
13619.78;21;179;2
13622.22;24;443;1
13628.14;5;256;3
13629.27;14;242;0
13629.83;21;179;2
13634.07;26;169;1
13638.34;9;209;3
13639.47;14;242;0
13640.09;21;179;2
13644.12;26;169;1
13648.38;9;209;3
13649.51;14;242;0
13650.19;21;179;2
13654.2;26;169;1
13658.43;9;209;3
13659.72;14;242;0
13660.23;8;74;2
13664.26;26;169;1
13668.54;9;209;3
13670.04;25;110;0
13670.65;8;74;2
13674.3;26;169;1
13678.62;9;209;3
13680.13;25;110;0
13680.89;8;74;2
13684.35;0;23;1
13688.8;9;209;3
13690.27;25;110;0
13690.93;10;145;2
13694.39;0;23;1
13699.09;7;96;3
13700.4;25;110;0
13700.98;30;548;2
13704.44;0;23;1
13709.51;7;96;3
13710.45;25;110;0
13714.5;0;23;1
13715.16;28;438;2
13719.93;7;96;3
13720.87;4;439;0
13724.54;0;23;1
13725.41;28;438;2
13730;5;457;3
13731.11;4;439;0
13734.58;11;387;1
13735.7;28;438;2
13740.2;5;457;3
13741.16;27;65;0
13744.63;11;387;1
13746.01;28;438;2
13750.46;5;457;3
13751.22;27;65;0
13754.67;11;387;1
13756.06;28;438;2
13760.5;5;457;3
13761.31;27;65;0
13764.73;2;222;1
13766.14;28;438;2
13770.57;5;457;3
13771.35;27;65;0
13775.03;2;222;1
13776.19;21;159;2
13780.7;29;293;3
13781.4;1;194;0
13785.12;24;456;1
13786.35;21;159;2
13790.92;29;293;3
13791.46;1;194;0
13795.17;24;456;1
13796.47;21;159;2
13800.99;29;293;3
13801.5;1;194;0
13805.22;24;456;1
13806.82;21;159;2
13811.05;29;293;3
13811.73;1;194;0
13815.27;24;456;1
13816.87;21;159;2
13821.11;29;293;3
13821.83;19;295;0
13825.47;24;456;1
13826.93;10;265;2
13831.24;29;293;3
13832.25;19;295;0
13835.67;24;456;1
13837.01;10;265;2
13841.46;16;504;3
13842.3;19;295;0
13845.72;24;456;1
13847.23;30;419;2
13851.5;16;504;3
13852.35;19;295;0
13856.01;24;456;1
13857.27;30;419;2
13861.55;9;71;3
13862.55;19;295;0
13866.39;26;527;1
13867.39;30;419;2
13871.59;9;71;3
13872.64;19;295;0
13876.43;26;527;1
13877.44;30;419;2
13881.64;7;16;3
13883.07;19;295;0
13886.48;26;527;1
13887.64;30;419;2
13891.71;7;16;3
13893.36;14;14;0
13896.52;26;527;1
13897.73;30;419;2
13901.76;7;16;3
13903.57;4;497;0
13906.6;26;527;1
13907.96;8;166;2
13911.8;5;389;3
13914.01;4;497;0
13916.64;26;527;1
13918;8;166;2
13921.89;5;389;3
13924.43;4;497;0
13926.69;26;527;1
13928.14;8;166;2
13931.93;5;389;3
13934.85;25;409;0
13936.73;26;527;1
13938.18;8;166;2
13941.98;5;389;3
13944.98;25;409;0
13946.81;26;527;1
13948.23;8;166;2
13952.03;5;389;3
13955.04;25;409;0
13956.86;26;527;1
13958.27;8;166;2
13962.07;5;389;3
13965.09;25;409;0
13967.28;0;77;1
13968.36;28;470;2
13972.14;29;15;3
13975.17;25;409;0
13977.42;0;77;1
13978.42;28;470;2
13982.42;29;15;3
13985.4;1;496;0
13987.54;0;77;1
13988.51;10;412;2
13992.78;29;15;3
13995.51;1;496;0
13997.73;2;177;1
14002.84;29;15;3
14002.88;21;286;2
14005.74;1;496;0
14007.8;2;177;1
14012.88;29;15;3
14012.97;21;286;2
14015.86;1;496;0
14018.16;2;177;1
14022.94;29;15;3
14023.16;21;286;2
14025.93;27;507;0
14028.73;11;207;1
14032.99;9;183;3
14033.26;21;286;2
14035.97;27;507;0
14038.77;11;207;1
14043.08;9;183;3
14043.43;21;286;2
14046.04;27;507;0
14048.87;11;207;1
14053.2;9;183;3
14053.61;21;286;2
14056.2;19;65;0
14058.92;11;207;1
14063.35;9;183;3
14063.73;30;230;2
14069.07;11;207;1
14071.33;14;159;0
14073.42;16;458;3
14073.79;30;230;2
14079.23;24;266;1
14081.58;14;159;0
14083.7;16;458;3
14084.17;30;230;2
14089.36;24;266;1
14091.84;14;159;0
14093.75;16;458;3
14094.22;30;230;2
14099.58;24;266;1
14101.88;14;159;0
14104.21;16;458;3
14104.68;30;230;2
14109.63;0;417;1
14111.95;14;159;0
14114.49;16;458;3
14114.72;30;230;2
14120.05;0;417;1
14122.37;4;23;0
14124.53;16;458;3
14124.8;30;230;2
14130.19;0;417;1
14132.79;4;23;0
14134.58;16;458;3
14134.85;10;226;2
14140.24;0;417;1
14142.83;4;23;0
14144.85;5;515;3
14144.94;28;265;2
14150.29;0;417;1
14153.05;4;23;0
14154.9;5;515;3
14155.11;28;265;2
14160.71;26;75;1
14163.18;4;23;0
14165;5;515;3
14165.2;8;17;2
14170.83;26;75;1
14173.3;4;23;0
14175.07;7;274;3
14175.49;8;17;2
14180.92;26;75;1
14183.56;25;27;0
14185.29;7;274;3
14185.94;8;17;2
14190.97;26;75;1
14193.63;25;27;0
14195.33;7;274;3
14195.99;8;17;2
14201.02;26;75;1
14203.71;1;93;0
14205.41;7;274;3
14206.05;8;17;2
14211.23;26;75;1
14213.88;1;93;0
14215.45;29;293;3
14216.1;8;17;2
14221.35;26;75;1
14224.1;1;93;0
14225.71;29;293;3
14226.18;8;17;2
14231.53;26;75;1
14234.22;19;278;0
14235.77;29;293;3
14236.42;21;361;2
14241.59;26;75;1
14244.55;19;278;0
14246;29;293;3
14246.84;21;361;2
14251.71;2;155;1
14254.61;19;278;0
14257.18;10;233;2
14257.62;9;520;3
14262.16;2;155;1
14264.9;14;188;0
14267.28;30;545;2
14267.74;9;520;3
14272.2;2;155;1
14275.2;14;188;0
14277.72;30;545;2
14277.85;9;520;3
14282.57;2;155;1
14285.4;14;188;0
14287.85;30;545;2
14287.91;9;520;3
14292.72;2;155;1
14295.72;27;66;0
14297.91;28;466;2
14298.25;9;520;3
14302.82;2;155;1
14305.79;27;66;0
14308.33;9;520;3
14313.24;2;155;1
14316.12;25;325;0
14318.79;9;520;3
14323.63;2;155;1
14326.16;25;325;0
14328.88;16;491;3
14333.78;2;155;1
14336.23;25;325;0
14339.27;16;491;3
14343.83;2;155;1
14346.28;25;325;0
14346.33;10;543;2
14349.32;7;350;3
14354.25;24;205;1
14356.36;25;325;0
14356.57;10;543;2
14359.36;7;350;3
14364.32;24;205;1
14366.59;25;325;0
14366.82;10;543;2
14369.49;7;350;3
14374.38;24;205;1
14376.82;4;363;0
14377;8;280;2
14379.56;7;350;3
14384.43;24;205;1
14386.91;4;363;0
14387.26;8;280;2
14389.64;7;350;3
14394.51;24;205;1
14397.26;4;363;0
14397.43;8;280;2
14399.77;7;350;3
14404.66;0;84;1
14407.43;4;363;0
14407.48;8;280;2
14409.82;7;350;3
14417.48;4;363;0
14417.52;8;280;2
14419.89;5;67;3
14421.83;11;59;1
14427.55;1;46;0
14427.89;8;280;2
14430;5;67;3
14431.97;11;59;1
14438.31;8;280;2
14440.06;5;67;3
14442.31;26;37;1
14442.65;19;402;0
14448.73;8;280;2
14450.11;29;300;3
14452.61;26;37;1
14452.7;19;402;0
14458.82;28;481;2
14460.18;29;300;3
14462.7;26;37;1
14462.78;19;402;0
14470.34;29;300;3
14472.74;26;37;1
14473.05;19;402;0
14477.31;21;108;2
14480.4;29;300;3
14483.05;2;443;1
14483.09;27;65;0
14487.35;21;108;2
14490.44;29;300;3
14493.09;2;443;1
14493.18;27;65;0
14497.4;21;108;2
14500.48;9;461;3
14503.18;2;443;1
14503.22;27;65;0
14507.52;21;108;2
14510.53;9;461;3
14513.26;2;443;1
14513.35;14;96;0
14517.66;21;108;2
14520.57;9;461;3
14523.35;2;443;1
14524.94;25;506;0
14527.93;21;108;2
14530.65;9;461;3
14533.39;2;443;1
14535.13;25;506;0
14537.98;21;108;2
14540.84;9;461;3
14543.61;2;443;1
14545.18;25;506;0
14548.18;21;108;2
14551.01;9;461;3
14553.85;2;443;1
14555.6;25;506;0
14558.59;21;108;2
14561.43;16;343;3
14563.93;2;443;1
14566.02;1;521;0
14568.88;21;108;2
14571.85;16;343;3
14574.02;24;58;1
14576.19;1;521;0
14578.96;21;108;2
14581.95;16;343;3
14584.13;24;58;1
14586.26;1;521;0
14589.06;10;353;2
14592;16;343;3
14594.19;24;58;1
14596.4;4;507;0
14599.11;10;353;2
14602.14;7;251;3
14604.39;24;58;1
14606.45;4;507;0
14609.27;10;353;2
14612.19;7;251;3
14614.45;24;58;1
14616.65;4;507;0
14619.35;10;353;2
14622.24;5;524;3
14624.79;24;58;1
14626.86;4;507;0
14629.47;30;263;2
14632.28;5;524;3
14634.93;24;58;1
14637.32;19;340;0
14639.74;30;263;2
14642.36;5;524;3
14645.19;24;58;1
14647.36;19;340;0
14649.96;30;263;2
14652.46;5;524;3
14655.44;24;58;1
14657.73;14;158;0
14660.38;30;263;2
14662.88;5;524;3
14665.48;0;411;1
14668.03;14;158;0
14670.44;30;263;2
14673.18;29;294;3
14675.67;0;411;1
14678.1;14;158;0
14680.48;8;523;2
14683.26;29;294;3
14688.15;14;158;0
14690.02;26;199;1
14690.56;8;523;2
14693.3;29;294;3
14698.54;14;158;0
14700.19;26;199;1
14701.02;8;523;2
14703.35;29;294;3
14708.96;27;477;0
14710.58;26;199;1
14711.44;8;523;2
14713.53;9;75;3
14719.14;27;477;0
14721;26;199;1
14721.49;28;34;2
14723.95;9;75;3
14729.33;27;477;0
14731.07;26;199;1
14731.7;28;34;2
14734.16;16;166;3
14739.55;25;517;0
14741.12;11;487;1
14741.74;28;34;2
14744.25;16;166;3
14749.62;25;517;0
14751.16;11;487;1
14751.88;28;34;2
14754.33;16;166;3
14760.04;25;517;0
14761.25;11;487;1
14761.92;10;299;2
14764.52;16;166;3
14770.36;25;517;0
14771.37;11;487;1
14771.98;10;299;2
14774.57;16;166;3
14780.4;25;517;0
14781.63;11;487;1
14782.18;10;299;2
14784.65;16;166;3
14790.46;25;517;0
14791.85;2;61;1
14792.24;10;299;2
14794.69;16;166;3
14800.52;25;517;0
14802.24;2;61;1
14802.48;21;103;2
14805.09;16;166;3
14810.63;25;517;0
14812.39;2;61;1
14812.9;21;103;2
14815.26;16;166;3
14821.05;1;249;0
14822.61;2;61;1
14823.14;21;103;2
14825.31;7;274;3
14831.48;1;249;0
14833.03;24;388;1
14833.32;21;103;2
14835.6;7;274;3
14841.52;1;249;0
14843.11;24;388;1
14843.37;8;286;2
14845.75;7;274;3
14851.57;4;416;0
14853.45;8;286;2
14855.8;7;274;3
14859.95;0;108;1
14861.62;4;416;0
14863.67;8;286;2
14865.87;7;274;3
14871.69;4;416;0
14874.04;30;17;2
14876.08;7;274;3
14881.76;4;416;0
14884.09;30;17;2
14887.11;11;171;1
14889.71;5;46;3
14892.18;4;416;0
14894.21;30;17;2
14897.21;26;279;1
14902.33;4;416;0
14904.38;30;17;2
14905.92;29;126;3
14907.26;26;279;1
14912.4;19;155;0
14914.48;30;17;2
14916.28;29;126;3
14917.48;26;279;1
14924.62;28;234;2
14926.32;29;126;3
14927.62;26;279;1
14927.67;14;96;0
14934.85;28;234;2
14936.55;29;126;3
14937.68;26;279;1
14937.72;27;361;0
14944.89;10;336;2
14946.68;29;126;3
14947.73;26;279;1
14947.92;27;361;0
14955.33;10;336;2
14957.01;29;126;3
14957.91;26;279;1
14957.99;27;361;0
14965.73;10;336;2
14967.22;9;323;3
14967.95;26;279;1
14968.08;27;361;0
14975.92;21;95;2
14978.03;26;279;1
14978.12;27;361;0
14981.32;16;380;3
14986.15;21;95;2
14988.12;26;279;1
14988.18;1;242;0
14991.36;16;380;3
14996.2;21;95;2
14998.21;26;279;1
14998.39;1;242;0
15001.44;16;380;3
15006.28;8;350;2
15008.64;1;242;0
15010.09;2;538;1
15011.6;16;380;3
15016.72;8;350;2
15018.69;25;4;0
15020.3;2;538;1
15021.69;7;381;3
15027.14;8;350;2
15028.77;25;4;0
15030.38;2;538;1
15031.77;7;381;3
15037.56;8;350;2
15038.81;19;418;0
15040.46;2;538;1
15041.81;7;381;3
15047.67;8;350;2
15048.88;19;418;0
15050.54;2;538;1
15051.89;29;405;3
15059.31;4;54;0
15060.43;30;368;2
15060.76;2;538;1
15061.97;29;405;3
15069.58;4;54;0
15070.52;30;368;2
15071.04;24;413;1
15072.43;29;405;3
15079.85;4;54;0
15080.58;30;368;2
15081.09;24;413;1
15082.85;29;405;3
15089.89;4;54;0
15090.68;30;368;2
15091.15;0;496;1
15092.89;29;405;3
15100.05;4;54;0
15101.13;30;368;2
15101.29;11;409;1
15102.94;29;405;3
15111.18;14;489;0
15111.18;10;28;2
15111.34;11;409;1
15113.26;29;405;3
15121.3;14;489;0
15121.3;10;28;2
15121.39;11;409;1
15123.52;9;16;3
15131.34;27;41;0
15131.34;10;28;2
15131.81;26;360;1
15133.94;9;16;3
15141.52;27;41;0
15141.52;10;28;2
15142.19;26;360;1
15144.08;9;16;3
15151.69;27;41;0
15151.69;10;28;2
15152.25;26;360;1
15154.17;9;16;3
15162.11;27;41;0
15162.11;10;28;2
15162.29;26;360;1
15164.24;5;506;3
15172.29;27;41;0
15172.29;10;28;2
15172.34;24;137;1
15174.31;5;506;3
15182.38;27;41;0
15182.38;10;28;2
15184.37;5;506;3
15187.98;2;357;1
15192.42;25;251;0
15192.42;28;414;2
15194.75;7;391;3
15198.29;2;357;1
15202.47;25;251;0
15202.47;28;414;2
15204.79;7;391;3
15208.34;2;357;1
15212.52;19;199;0
15212.52;28;414;2
15214.85;7;391;3
15218.51;2;357;1
15222.71;19;199;0
15222.71;21;301;2
15225.3;7;391;3
15228.56;0;95;1
15232.82;1;432;0
15232.82;21;301;2
15235.72;7;391;3
15243.24;1;432;0
15243.24;21;301;2
15245.77;7;391;3
15253.39;1;432;0
15253.39;21;301;2
15255.18;11;62;1
15255.81;7;391;3
15263.5;1;432;0
15263.5;8;145;2
15265.23;11;62;1
15265.86;7;391;3
15273.92;4;536;0
15273.92;8;145;2
15275.31;11;62;1
15275.96;16;217;3
15284;4;536;0
15285.64;11;62;1
15286.41;30;236;2
15286.41;16;217;3
15294.05;4;536;0
15295.74;11;62;1
15296.49;30;236;2
15296.49;16;217;3
15304.1;14;280;0
15306.01;11;62;1
15306.63;30;236;2
15306.63;16;217;3
15314.2;14;280;0
15316.45;11;62;1
15316.7;30;236;2
15316.7;16;217;3
15324.24;14;280;0
15326.51;11;62;1
15326.75;30;236;2
15326.75;16;217;3
15334.34;14;280;0
15336.58;11;62;1
15336.79;30;236;2
15336.79;16;217;3
15344.71;25;446;0
15346.79;11;62;1
15347.13;10;359;2
15347.13;9;313;3
15354.77;25;446;0
15356.86;11;62;1
15357.37;10;359;2
15357.37;9;313;3
15365.22;25;446;0
15367.28;11;62;1
15367.41;10;359;2
15367.41;9;313;3
15375.64;25;446;0
15377.34;26;197;1
15377.54;21;540;2
15377.54;9;313;3
15385.83;25;446;0
15387.58;26;197;1
15387.95;21;540;2
15387.95;9;313;3
15396.27;25;446;0
15397.65;26;197;1
15398.12;21;540;2
15398.12;9;313;3
15406.33;25;446;0
15407.85;26;197;1
15408.17;21;540;2
15408.17;9;313;3
15416.4;27;374;0
15418.17;26;197;1
15418.21;21;540;2
15418.21;9;313;3
15426.65;27;374;0
15428.21;24;219;1
15428.26;21;540;2
15428.79;5;277;3
15436.7;27;374;0
15438.26;24;219;1
15438.3;21;540;2
15438.96;5;277;3
15447.12;27;374;0
15448.31;24;219;1
15448.35;21;540;2
15449.01;5;277;3
15457.29;27;374;0
15458.35;2;205;1
15458.4;28;157;2
15459.13;5;277;3
15467.33;27;374;0
15468.4;2;205;1
15468.48;28;157;2
15469.52;5;277;3
15477.41;27;374;0
15478.44;2;205;1
15478.62;28;157;2
15479.8;5;277;3
15487.83;27;374;0
15488.48;2;205;1
15488.91;28;157;2
15489.87;29;216;3
15497.93;19;90;0
15498.57;0;412;1
15499.08;28;157;2
15499.91;29;216;3
15508;19;90;0
15508.69;11;519;1
15509.5;28;157;2
15509.96;29;216;3
15518.09;19;90;0
15518.73;26;357;1
15519.72;28;157;2
15520.04;29;216;3
15528.13;1;353;0
15528.92;26;357;1
15529.76;28;157;2
15533.3;7;496;3
15538.2;1;353;0
15538.96;26;357;1
15539.84;28;157;2
15543.39;16;458;3
15548.25;1;353;0
15549.01;26;357;1
15549.9;28;157;2
15553.64;16;458;3
15558.29;14;419;0
15559.09;26;357;1
15560.04;28;157;2
15563.72;16;458;3
15568.35;14;419;0
15569.14;26;357;1
15570.13;28;157;2
15573.92;16;458;3
15578.73;14;419;0
15580.24;28;157;2
15581.58;24;320;1
15584.07;16;458;3
15588.77;14;419;0
15590.48;21;523;2
15591.63;24;320;1
15594.45;16;458;3
15598.86;14;419;0
15600.55;21;523;2
15601.69;24;320;1
15604.63;16;458;3
15608.9;4;147;0
15610.96;21;523;2
15611.9;0;289;1
15614.86;16;458;3
15618.95;4;147;0
15621.12;30;446;2
15621.95;0;289;1
15624.95;9;481;3
15628.99;4;147;0
15632.03;0;289;1
15634.09;10;373;2
15635.02;9;481;3
15639.04;25;438;0
15642.07;0;289;1
15644.35;10;373;2
15645.07;9;481;3
15649.08;25;438;0
15652.13;11;190;1
15654.55;10;373;2
15655.12;9;481;3
15659.14;27;549;0
15662.19;11;190;1
15664.86;10;373;2
15665.16;5;75;3
15669.19;27;549;0
15672.24;11;190;1
15675.01;8;530;2
15675.2;29;492;3
15679.24;27;549;0
15682.66;2;33;1
15685.06;8;530;2
15685.27;29;492;3
15689.28;27;549;0
15692.97;2;33;1
15695.11;8;530;2
15695.31;29;492;3
15699.32;27;549;0
15703.08;2;33;1
15705.17;8;530;2
15705.44;29;492;3
15709.75;27;549;0
15713.25;2;33;1
15715.21;8;530;2
15715.49;7;548;3
15720.08;27;549;0
15723.42;2;33;1
15725.26;21;72;2
15725.92;7;548;3
15730.34;27;549;0
15733.8;24;217;1
15735.31;21;72;2
15740.76;27;549;0
15744.17;24;217;1
15745.66;21;72;2
15748.19;9;165;3
15750.84;27;549;0
15754.32;24;217;1
15756.01;21;72;2
15758.23;9;165;3
15761.25;19;125;0
15764.69;24;217;1
15766.31;21;72;2
15768.4;9;165;3
15771.3;19;125;0
15774.73;24;217;1
15776.71;21;72;2
15778.84;5;540;3
15781.44;19;125;0
15784.8;24;217;1
15787.09;21;72;2
15788.97;5;540;3
15791.62;1;126;0
15794.85;24;217;1
15797.22;21;72;2
15799.02;5;540;3
15801.73;1;126;0
15805.05;26;255;1
15807.38;21;72;2
15809.07;16;80;3
15812.01;1;126;0
15815.38;26;255;1
15817.47;21;72;2
15819.11;16;80;3
15822.11;1;126;0
15825.7;26;255;1
15827.51;21;72;2
15829.16;16;80;3
15832.16;14;422;0
15836.15;26;255;1
15837.58;21;72;2
15839.61;29;347;3
15842.53;14;422;0
15846.59;26;255;1
15847.69;28;539;2
15849.87;29;347;3
15852.69;14;422;0
15856.79;0;19;1
15857.87;28;539;2
15862.81;25;263;0
15866.93;0;19;1
15867.92;28;539;2
15872.88;25;263;0
15874.69;7;114;3
15877.01;0;19;1
15877.96;28;539;2
15883.1;25;263;0
15884.85;7;114;3
15887.43;0;19;1
15888.01;30;268;2
15893.14;25;263;0
15894.89;7;114;3
15897.57;0;19;1
15898.05;30;268;2
15903.32;25;263;0
15905.05;7;114;3
15907.7;0;19;1
15908.1;10;202;2
15913.53;25;263;0
15915.1;7;114;3
15917.78;11;109;1
15918.14;10;202;2
15923.58;4;239;0
15925.47;7;114;3
15927.97;11;109;1
15928.18;10;202;2
15933.8;4;239;0
15935.77;5;205;3
15938.02;11;109;1
15938.23;10;202;2
15943.84;4;239;0
15945.84;9;304;3
15948.23;11;109;1
15948.27;10;202;2
15954.06;4;239;0
15956.07;9;304;3
15958.29;11;109;1
15958.33;10;202;2
15964.13;4;239;0
15966.14;9;304;3
15968.33;11;109;1
15968.37;8;543;2
15974.17;4;239;0
15976.56;16;135;3
15978.37;11;109;1
15978.42;8;543;2
15984.22;4;239;0
15986.9;16;135;3
15988.46;24;12;1
15988.5;8;543;2
15994.29;4;239;0
15997;16;135;3
15998.51;24;12;1
15998.55;21;286;2
16004.34;4;239;0
16007.04;16;135;3
16008.57;24;12;1
16008.82;21;286;2
16014.38;4;239;0
16017.12;16;135;3
16018.73;24;12;1
16019.14;28;279;2
16024.51;27;85;0
16027.17;16;135;3
16028.77;24;12;1
16029.25;28;279;2
16034.56;27;85;0
16037.21;16;135;3
16038.82;24;12;1
16039.33;28;279;2
16044.6;27;85;0
16047.28;16;135;3
16049;24;12;1
16049.47;28;279;2
16054.66;25;138;0
16057.6;16;135;3
16059.13;24;12;1
16059.89;28;279;2
16064.7;25;138;0
16067.7;16;135;3
16069.29;2;280;1
16069.97;28;279;2
16074.75;25;138;0
16077.75;16;135;3
16079.37;2;280;1
16080.39;28;279;2
16084.8;25;138;0
16087.79;16;135;3
16089.55;2;280;1
16090.64;28;279;2
16095.22;25;138;0
16097.85;29;9;3
16099.97;2;280;1
16100.8;28;279;2
16105.64;1;353;0
16107.9;29;9;3
16110.01;2;280;1
16110.9;28;279;2
16118.04;29;9;3
16120.44;26;104;1
16121.02;30;145;2
16121.31;19;432;0
16128.28;29;9;3
16130.48;26;104;1
16131.13;30;145;2
16138.7;29;9;3
16140.92;0;507;1
16141.31;30;145;2
16142.01;14;266;0
16148.82;29;9;3
16151.73;30;145;2
16152.43;14;266;0
16157.65;11;93;1
16159.29;29;9;3
16161.85;10;126;2
16162.54;14;266;0
16167.71;11;93;1
16169.39;29;9;3
16171.96;10;126;2
16172.83;4;461;0
16177.8;11;93;1
16179.5;29;9;3
16182.28;10;126;2
16182.9;4;461;0
16187.85;11;93;1
16189.6;29;9;3
16192.58;8;185;2
16193.37;27;142;0
16197.94;11;93;1
16199.68;29;9;3
16202.64;8;185;2
16203.41;27;142;0
16208.29;11;93;1
16212.69;8;185;2
16213.78;27;142;0
16216.78;9;96;3
16218.53;24;163;1
16222.78;8;185;2
16224.03;27;142;0
16226.86;9;96;3
16228.59;24;163;1
16233;8;185;2
16234.25;27;142;0
16237.21;5;240;3
16238.85;24;163;1
16243.04;8;185;2
16244.36;27;142;0
16247.36;16;206;3
16248.92;24;163;1
16253.13;8;185;2
16254.42;25;264;0
16257.41;16;206;3
16259.09;24;163;1
16263.17;8;185;2
16264.84;25;264;0
16267.69;16;206;3
16269.15;24;163;1
16273.22;8;185;2
16274.98;25;264;0
16277.83;16;206;3
16279.57;2;307;1
16283.27;21;403;2
16285.23;25;264;0
16287.91;7;258;3
16289.66;2;307;1
16293.36;21;403;2
16295.34;1;521;0
16298.01;7;258;3
16300.08;2;307;1
16303.41;21;403;2
16305.39;1;521;0
16308.13;7;258;3
16310.17;2;307;1
16313.63;21;403;2
16315.48;19;19;0
16318.18;7;258;3
16320.21;0;242;1
16323.73;28;368;2
16325.53;19;19;0
16328.22;7;258;3
16330.26;0;242;1
16334.02;28;368;2
16335.65;19;19;0
16338.59;7;258;3
16340.68;0;242;1
16344.06;30;492;2
16345.85;19;19;0
16348.85;7;258;3
16350.73;26;450;1
16354.1;30;492;2
16355.94;14;495;0
16358.91;7;258;3
16361.02;26;450;1
16364.15;30;492;2
16365.99;14;495;0
16368.95;29;249;3
16371.34;26;450;1
16374.19;10;283;2
16376.07;14;495;0
16379.03;29;249;3
16381.38;11;137;1
16384.24;10;283;2
16387.33;4;225;0
16389.16;29;249;3
16391.48;24;536;1
16394.28;10;283;2
16397.42;4;225;0
16399.24;9;518;3
16401.53;24;536;1
16404.33;10;283;2
16407.55;4;225;0
16409.48;9;518;3
16411.57;24;536;1
16414.37;10;283;2
16417.59;4;225;0
16419.74;9;518;3
16421.61;24;536;1
16424.42;8;80;2
16427.64;4;225;0
16429.82;9;518;3
16431.66;2;391;1
16434.48;8;80;2
16437.69;27;385;0
16440;5;114;3
16441.7;2;391;1
16444.56;8;80;2
16447.83;27;385;0
16450.06;5;114;3
16451.75;2;391;1
16454.61;8;80;2
16457.89;27;385;0
16460.11;5;114;3
16461.81;2;391;1
16464.69;8;80;2
16467.94;27;385;0
16470.16;16;74;3
16472.23;2;391;1
16474.8;21;41;2
16478.06;27;385;0
16480.23;16;74;3
16482.31;26;135;1
16485.09;21;41;2
16488.14;27;385;0
16490.48;16;74;3
16492.49;26;135;1
16495.35;21;41;2
16498.23;25;172;0
16500.52;16;74;3
16502.53;26;135;1
16505.53;28;87;2
16508.36;25;172;0
16510.57;16;74;3
16512.58;26;135;1
16515.58;28;87;2
16518.41;1;145;0
16520.61;16;74;3
16522.62;0;523;1
16525.62;28;87;2
16530.7;7;13;3
16532.67;0;523;1
16533.97;14;427;0
16535.67;28;87;2
16541.15;7;13;3
16542.75;0;523;1
16544.02;14;427;0
16545.71;28;87;2
16551.54;7;13;3
16552.99;0;523;1
16554.26;14;427;0
16555.79;28;87;2
16561.62;7;13;3
16563.04;11;307;1
16564.62;19;387;0
16565.95;28;87;2
16571.79;7;13;3
16573.49;11;307;1
16574.78;19;387;0
16576.02;28;87;2
16581.84;29;187;3
16583.77;11;307;1
16584.87;19;387;0
16586.31;28;87;2
16592.1;29;187;3
16593.83;24;520;1
16594.92;19;387;0
16596.54;28;87;2
16602.3;29;187;3
16604.05;24;520;1
16605.11;4;497;0
16606.84;30;505;2
16612.35;29;187;3
16614.13;24;520;1
16615.35;4;497;0
16617.06;30;505;2
16622.39;9;548;3
16624.55;24;520;1
16625.39;4;497;0
16627.27;30;505;2
16632.44;9;548;3
16634.6;24;520;1
16635.44;27;406;0
16637.33;10;200;2
16642.48;5;169;3
16644.73;2;177;1
16645.48;27;406;0
16647.61;10;200;2
16652.56;5;169;3
16654.85;2;177;1
16655.53;1;19;0
16657.68;10;200;2
16662.62;5;169;3
16664.92;2;177;1
16665.61;1;19;0
16667.76;10;200;2
16672.94;5;169;3
16674.96;2;177;1
16675.94;1;19;0
16677.94;10;200;2
16683.01;5;169;3
16685.03;2;177;1
16685.99;14;498;0
16688;8;23;2
16693.05;5;169;3
16695.08;2;177;1
16696.05;14;498;0
16698.08;8;23;2
16703.12;5;169;3
16705.13;2;177;1
16706.09;25;163;0
16708.13;8;23;2
16713.54;16;526;3
16715.19;26;194;1
16716.51;25;163;0
16718.2;8;23;2
16723.96;29;335;3
16725.23;26;194;1
16726.65;25;163;0
16728.24;8;23;2
16734.11;29;335;3
16735.65;26;194;1
16736.76;25;163;0
16738.65;8;23;2
16744.26;7;351;3
16745.72;26;194;1
16747.18;25;163;0
16748.7;21;508;2
16754.3;7;351;3
16755.9;26;194;1
16757.26;25;163;0
16758.77;21;508;2
16764.47;9;447;3
16765.98;26;194;1
16767.47;4;202;0
16768.94;21;508;2
16774.64;9;447;3
16776.42;0;274;1
16777.64;4;202;0
16779.32;21;508;2
16786.71;0;274;1
16788.06;4;202;0
16789.37;21;508;2
16797.16;0;274;1
16798.13;4;202;0
16799.41;21;508;2
16800.94;5;210;3
16807.44;0;274;1
16808.17;4;202;0
16809.46;28;538;2
16811.14;5;210;3
16817.59;11;349;1
16818.55;4;202;0
16819.5;28;538;2
16821.43;5;210;3
16827.72;11;349;1
16829.02;19;40;0
16829.55;28;538;2
16831.55;5;210;3
16837.97;11;349;1
16839.34;19;40;0
16839.59;28;538;2
16841.65;5;210;3
16848.01;11;349;1
16849.39;27;524;0
16849.64;28;538;2
16851.69;29;366;3
16858.31;24;77;1
16859.48;27;524;0
16859.69;30;62;2
16862.1;29;366;3
16868.35;24;77;1
16869.64;27;524;0
16869.73;30;62;2
16872.32;29;366;3
16878.41;24;77;1
16879.69;1;325;0
16879.85;30;62;2
16882.38;29;366;3
16888.5;24;77;1
16889.73;1;325;0
16890;30;62;2
16892.45;29;366;3
16898.54;24;77;1
16899.79;14;533;0
16900.12;30;62;2
16902.53;29;366;3
16908.8;24;77;1
16910.16;30;62;2
16912.57;29;366;3
16918.89;24;77;1
16920.2;10;80;2
16921.65;25;425;0
16922.71;7;300;3
16929.03;24;77;1
16930.29;10;80;2
16931.84;25;425;0
16932.79;7;300;3
16939.11;24;77;1
16940.71;8;481;2
16942.07;25;425;0
16942.85;7;300;3
16949.16;2;48;1
16951.03;8;481;2
16952.17;25;425;0
16952.99;7;300;3
16959.36;2;48;1
16961.45;8;481;2
16962.36;25;425;0
16963.16;16;433;3
16969.8;26;280;1
16971.68;21;526;2
16972.52;25;425;0
16973.26;16;433;3
16979.92;26;280;1
16982.1;21;526;2
16982.8;25;425;0
16983.31;16;433;3
16990;26;280;1
16992.19;28;308;2
16993.73;16;433;3
16994.68;4;408;0
17000.04;0;380;1
17002.23;28;308;2
17003.89;16;433;3
17005.02;4;408;0
17010.09;0;380;1
17012.32;28;308;2
17014.31;9;157;3
17015.32;4;408;0
17020.52;11;374;1
17022.47;30;255;2
17024.36;9;157;3
17025.43;27;527;0
17030.73;11;374;1
17032.62;30;255;2
17034.4;9;157;3
17035.51;27;527;0
17040.78;11;374;1
17042.76;30;255;2
17044.45;5;517;3
17045.55;27;527;0
17051.01;11;374;1
17052.89;30;255;2
17054.57;5;517;3
17055.86;27;527;0
17061.36;11;374;1
17062.93;30;255;2
17064.96;5;517;3
17065.97;27;527;0
17071.4;11;374;1
17072.98;30;255;2
17075.05;29;265;3
17076.03;19;236;0
17081.85;24;446;1
17083.4;10;37;2
17085.1;29;265;3
17086.36;19;236;0
17091.96;24;446;1
17093.48;10;37;2
17095.18;29;265;3
17096.44;1;135;0
17102.42;24;446;1
17103.8;10;37;2
17105.4;29;265;3
17106.66;1;135;0
17112.47;24;446;1
17114.02;10;37;2
17115.47;29;265;3
17116.77;1;135;0
17122.55;24;446;1
17124.33;10;37;2
17125.51;29;265;3
17126.94;14;530;0
17132.8;24;446;1
17134.76;10;37;2
17135.62;7;474;3
17136.98;14;530;0
17144.81;8;273;2
17145.84;7;474;3
17147.03;14;530;0
17151.55;26;61;1
17155.05;8;273;2
17156.17;7;474;3
17157.07;14;530;0
17161.76;26;61;1
17165.47;8;273;2
17166.27;7;474;3
17167.12;14;530;0
17172.1;2;239;1
17175.82;8;273;2
17176.32;7;474;3
17177.16;14;530;0
17182.15;2;239;1
17186.24;8;273;2
17186.36;7;474;3
17187.2;25;127;0
17192.21;2;239;1
17196.36;8;273;2
17196.41;9;194;3
17197.25;25;127;0
17202.63;2;239;1
17206.41;8;273;2
17206.45;9;194;3
17207.33;4;212;0
17212.82;0;492;1
17216.51;9;194;3
17217.37;4;212;0
17217.42;21;379;2
17223.08;0;492;1
17226.56;16;418;3
17227.46;4;212;0
17227.78;21;379;2
17233.22;0;492;1
17237.78;27;299;0
17237.87;21;379;2
17243.26;0;492;1
17247.87;27;299;0
17248.12;30;251;2
17251.96;5;388;3
17253.68;0;492;1
17258.12;27;299;0
17258.16;30;251;2
17262.01;5;388;3
17263.8;0;492;1
17268.16;27;299;0
17268.28;30;251;2
17272.05;5;388;3
17273.99;0;492;1
17278.28;27;299;0
17278.32;30;251;2
17282.23;5;388;3
17284.13;11;539;1
17288.34;27;299;0
17288.38;28;183;2
17292.67;5;388;3
17294.18;11;539;1
17298.38;1;102;0
17298.48;28;183;2
17303.09;5;388;3
17304.28;11;539;1
17308.51;1;102;0
17308.55;28;183;2
17313.14;5;388;3
17314.33;11;539;1
17318.55;1;102;0
17318.73;28;183;2
17323.31;5;388;3
17324.37;11;539;1
17328.73;1;102;0
17328.82;10;543;2
17333.73;5;388;3
17334.59;11;539;1
17338.82;19;286;0
17338.92;10;543;2
17343.96;5;388;3
17344.7;11;539;1
17348.96;19;286;0
17349;10;543;2
17354.12;7;59;3
17354.74;11;539;1
17359;19;286;0
17359.2;10;543;2
17364.17;7;59;3
17364.79;11;539;1
17369.13;19;286;0
17369.3;10;543;2
17374.26;7;59;3
17374.87;26;517;1
17379.3;19;286;0
17379.59;8;50;2
17384.47;29;407;3
17384.92;26;517;1
17389.46;19;286;0
17389.69;8;50;2
17394.58;29;407;3
17394.98;26;517;1
17399.57;19;286;0
17399.81;8;50;2
17404.63;29;407;3
17405.06;2;80;1
17409.61;4;473;0
17409.96;8;50;2
17414.83;29;407;3
17415.5;2;80;1
17419.66;4;473;0
17420.01;21;485;2
17425.06;29;407;3
17425.93;24;330;1
17429.92;4;473;0
17430.06;21;485;2
17435.14;29;407;3
17436.01;24;330;1
17440.06;4;473;0
17440.2;21;485;2
17445.57;29;407;3
17446.06;0;350;1
17450.11;4;473;0
17450.62;21;485;2
17455.61;29;407;3
17456.24;0;350;1
17460.24;27;173;0
17461.04;21;485;2
17466.03;9;474;3
17466.61;0;350;1
17471.46;21;485;2
17476.37;9;474;3
17476.67;0;350;1
17481.54;21;485;2
17482.08;14;82;0
17486.63;9;474;3
17486.71;11;206;1
17491.7;21;485;2
17492.12;14;82;0
17496.72;16;505;3
17496.77;11;206;1
17501.78;21;485;2
17502.54;14;82;0
17506.77;16;505;3
17506.99;11;206;1
17511.89;21;485;2
17512.59;14;82;0
17516.81;16;505;3
17517.29;2;87;1
17521.99;21;485;2
17522.64;14;82;0
17526.85;5;58;3
17527.4;2;87;1
17532.41;21;485;2
17533.07;14;82;0
17536.91;5;58;3
17537.82;2;87;1
17542.75;30;423;2
17543.32;25;19;0
17546.95;5;58;3
17547.91;26;329;1
17552.79;30;423;2
17553.72;25;19;0
17557.04;5;58;3
17558.08;26;329;1
17562.86;10;503;2
17563.77;25;19;0
17567.18;7;71;3
17568.31;26;329;1
17572.99;10;503;2
17573.83;25;19;0
17577.23;7;71;3
17578.36;26;329;1
17583.06;10;503;2
17583.91;19;432;0
17587.34;7;71;3
17588.46;26;329;1
17593.13;10;503;2
17597.56;7;71;3
17598.6;26;329;1
17599.02;1;413;0
17603.22;28;20;2
17607.75;7;71;3
17609.04;0;349;1
17609.33;1;413;0
17614.68;8;193;2
17617.8;7;71;3
17619.16;0;349;1
17619.39;1;413;0
17624.73;8;193;2
17627.87;29;4;3
17629.35;0;349;1
17629.53;1;413;0
17634.89;8;193;2
17637.91;29;4;3
17639.53;24;396;1
17639.66;4;266;0
17645.35;8;193;2
17648.31;29;4;3
17649.58;24;396;1
17649.7;4;266;0
17658.37;29;4;3
17659.62;24;396;1
17660.09;4;266;0
17668.42;29;4;3
17669.7;2;450;1
17670.3;27;268;0
17678.69;29;4;3
17679.77;2;450;1
17680.59;27;268;0
17680.59;30;367;2
17688.74;29;4;3
17689.82;2;450;1
17690.64;14;479;0
17690.64;30;367;2
17698.94;29;4;3
17699.9;11;395;1
17700.7;14;479;0
17700.7;30;367;2
17709.25;9;472;3
17709.99;11;395;1
17711.08;25;357;0
17711.08;30;367;2
17719.33;9;472;3
17720.17;11;395;1
17721.39;25;357;0
17721.39;30;367;2
17729.48;16;496;3
17730.4;11;395;1
17731.43;25;357;0
17731.43;30;367;2
17740.55;11;395;1
17741.48;25;357;0
17741.48;30;367;2
17744.59;5;16;3
17750.76;26;299;1
17751.57;19;92;0
17751.57;30;367;2
17754.78;5;16;3
17760.86;26;299;1
17761.77;19;92;0
17761.77;30;367;2
17764.86;5;16;3
17770.94;26;299;1
17772.1;19;92;0
17772.1;21;422;2
17775.07;5;16;3
17781.02;26;299;1
17782.15;19;92;0
17782.15;21;422;2
17785.14;5;16;3
17791.18;0;226;1
17792.22;1;68;0
17792.22;21;422;2
17795.21;5;16;3
17801.37;0;226;1
17802.31;1;68;0
17802.31;21;422;2
17805.25;5;16;3
17811.75;0;226;1
17812.75;27;151;0
17812.75;10;304;2
17815.4;7;274;3
17822.03;0;226;1
17823;27;151;0
17823;10;304;2
17825.44;7;274;3
17832.31;0;226;1
17833.42;27;151;0
17833.42;8;37;2
17835.55;9;366;3
17842.35;2;466;1
17843.85;4;100;0
17843.85;8;37;2
17845.61;9;366;3
17852.4;2;466;1
17853.95;4;100;0
17853.95;8;37;2
17855.67;9;366;3
17862.44;2;466;1
17864.01;4;100;0
17864.01;28;294;2
17866.09;9;366;3
17872.49;2;466;1
17874.43;4;100;0
17874.43;28;294;2
17876.51;9;366;3
17883.24;24;306;1
17884.75;4;100;0
17884.75;30;185;2
17886.93;29;547;3
17893.33;24;306;1
17894.98;4;100;0
17894.98;30;185;2
17897.07;29;547;3
17903.57;24;306;1
17905.35;14;6;0
17905.35;30;185;2
17907.12;29;547;3
17913.68;24;306;1
17915.55;14;6;0
17915.55;30;185;2
17917.18;29;547;3
17923.76;11;367;1
17925.93;14;6;0
17925.93;30;185;2
17927.23;29;547;3
17934.18;11;367;1
17935.97;14;6;0
17935.97;10;539;2
17937.3;29;547;3
17944.23;11;367;1
17946.24;25;142;0
17946.24;10;539;2
17947.58;29;547;3
17954.38;11;367;1
17956.66;25;142;0
17956.66;10;539;2
17957.65;29;547;3
17964.8;26;135;1
17967.11;25;142;0
17967.11;10;539;2
17967.74;29;547;3
17975.12;26;135;1
17977.53;25;142;0
17977.78;21;454;2
17977.78;29;547;3
17985.18;26;135;1
17987.78;25;142;0
17988.12;21;454;2
17988.12;29;547;3
17995.27;26;135;1
17997.83;25;142;0
17998.27;21;454;2
17998.27;7;542;3
18005.34;26;135;1
18007.91;27;36;0
18008.36;21;454;2
18013.76;16;485;3
18018.41;8;213;2
18018.67;0;41;1
18019.56;19;82;0
18023.8;5;157;3
18028.54;8;213;2
18029.04;0;41;1
18029.61;19;82;0
18033.92;5;157;3
18038.59;28;301;2
18039.16;0;41;1
18039.76;19;82;0
18044.18;5;157;3
18048.71;28;301;2
18049.48;0;41;1
18050;1;48;0
18054.4;9;429;3
18058.76;28;301;2
18060.04;1;48;0
18060.16;2;289;1
18064.45;9;429;3
18068.8;28;301;2
18070.19;14;183;0
18070.23;2;289;1
18074.62;9;429;3
18078.85;28;301;2
18080.23;4;368;0
18080.4;2;289;1
18084.68;9;429;3
18088.89;28;301;2
18090.4;4;368;0
18090.48;2;289;1
18094.73;9;429;3
18098.94;28;301;2
18100.48;4;368;0
18100.53;2;289;1
18104.77;9;429;3
18108.98;28;301;2
18110.53;4;368;0
18110.62;2;289;1
18114.82;7;225;3
18119.03;28;301;2
18120.61;4;368;0
18120.71;2;289;1
18124.86;7;225;3
18129.09;28;301;2
18130.68;27;365;0
18130.78;2;289;1
18134.91;7;225;3
18139.14;28;301;2
18140.73;27;365;0
18140.94;11;12;1
18144.98;7;225;3
18149.18;28;301;2
18150.78;27;365;0
18150.98;11;12;1
18155.05;16;523;3
18159.23;30;169;2
18160.99;27;365;0
18161.12;11;12;1
18165.47;16;523;3
18169.27;30;169;2
18171.03;27;365;0
18171.28;11;12;1
18175.54;16;523;3
18179.31;8;307;2
18181.08;25;397;0
18181.33;24;113;1
18185.58;16;523;3
18189.37;8;307;2
18191.15;25;397;0
18191.37;24;113;1
18195.75;16;523;3
18199.81;8;307;2
18201.58;24;113;1
18202.8;1;526;0
18206.09;29;328;3
18210.04;21;4;2
18212.01;24;113;1
18212.84;1;526;0
18216.13;29;328;3
18220.08;21;4;2
18222.47;24;113;1
18222.89;1;526;0
18226.18;29;328;3
18230.15;10;330;2
18232.52;24;113;1
18233.06;14;49;0
18236.23;29;328;3
18240.24;10;330;2
18242.76;26;425;1
18243.24;14;49;0
18246.31;29;328;3
18250.56;10;330;2
18253.18;26;425;1
18253.28;19;191;0
18256.38;29;328;3
18260.65;10;330;2
18263.28;26;425;1
18263.55;19;191;0
18266.48;29;328;3
18270.86;10;330;2
18273.37;26;425;1
18273.82;27;297;0
18276.63;5;239;3
18281.13;28;337;2
18283.41;26;425;1
18283.92;27;297;0
18286.68;5;239;3
18291.28;28;337;2
18293.46;0;527;1
18295.85;4;29;0
18296.77;9;258;3
18301.33;28;337;2
18303.83;0;527;1
18306.1;4;29;0
18306.81;9;258;3
18311.75;28;337;2
18314.25;0;527;1
18316.35;4;29;0
18316.85;9;258;3
18322.01;28;337;2
18326.31;2;359;1
18326.4;25;105;0
18327.3;16;48;3
18332.32;28;337;2
18336.36;2;359;1
18336.44;25;105;0
18337.5;16;48;3
18342.63;28;337;2
18346.44;2;359;1
18346.49;1;15;0
18347.92;16;48;3
18352.93;28;337;2
18356.49;2;359;1
18356.53;1;15;0
18358.06;7;348;3
18363.01;28;337;2
18366.53;2;359;1
18366.58;1;15;0
18368.16;7;348;3
18373.18;28;337;2
18376.58;2;359;1
18376.63;14;189;0
18378.24;7;348;3
18383.33;28;337;2
18386.64;2;359;1
18386.69;14;189;0
18388.3;29;190;3
18393.5;28;337;2
18396.69;2;359;1
18396.73;14;189;0
18398.34;29;190;3
18405.21;30;368;2
18406.74;2;359;1
18406.83;14;189;0
18408.57;29;190;3
18415.43;30;368;2
18416.83;2;359;1
18417.15;14;189;0
18418.73;29;190;3
18425.64;30;368;2
18426.94;24;219;1
18427.58;14;189;0
18428.98;29;190;3
18435.88;30;368;2
18438;19;526;0
18439.02;29;190;3
18441.38;11;28;1
18445.93;30;368;2
18456.15;27;541;0
18456.37;21;379;2
18460.04;5;117;3
18466.3;27;541;0
18466.76;21;379;2
18470.27;5;117;3
18470.72;26;255;1
18476.72;27;541;0
18476.88;21;379;2
18480.39;5;117;3
18480.77;26;255;1
18486.76;27;541;0
18486.97;21;379;2
18490.43;5;117;3
18491.15;0;525;1
18496.88;27;541;0
18497.02;8;374;2
18500.48;5;117;3
18501.2;0;525;1
18506.94;27;541;0
18507.06;8;374;2
18510.52;5;117;3
18511.4;0;525;1
18516.99;25;245;0
18517.12;8;374;2
18520.56;5;117;3
18521.52;0;525;1
18527.04;25;245;0
18527.35;8;374;2
18530.64;9;122;3
18531.57;0;525;1
18537.4;28;50;2
18538.64;4;503;0
18540.74;9;122;3
18541.73;2;283;1
18547.76;28;50;2
18548.81;4;503;0
18550.82;9;122;3
18551.81;2;283;1
18557.97;28;50;2
18558.9;4;503;0
18560.94;9;122;3
18561.87;2;283;1
18568.04;28;50;2
18569.32;1;365;0
18570.99;9;122;3
18572.29;2;283;1
18578.1;10;296;2
18579.47;1;365;0
18581.11;9;122;3
18582.36;2;283;1
18588.15;10;296;2
18589.84;1;365;0
18591.16;9;122;3
18592.64;24;308;1
18598.19;10;296;2
18600.14;1;365;0
18601.21;9;122;3
18603.06;24;308;1
18608.39;10;296;2
18610.43;1;365;0
18611.32;9;122;3
18613.1;24;308;1
18618.48;10;296;2
18620.87;14;367;0
18621.36;29;532;3
18623.15;24;308;1
18628.82;30;506;2
18631.05;14;367;0
18633.25;24;308;1
18633.79;7;193;3
18641.09;14;367;0
18643.55;11;12;1
18643.83;7;193;3
18643.94;21;458;2
18651.17;14;367;0
18653.6;11;12;1
18653.9;7;193;3
18653.99;21;458;2
18661.21;14;367;0
18663.64;11;12;1
18663.99;7;193;3
18664.03;21;458;2
18671.27;19;207;0
18673.71;26;70;1
18674.06;16;463;3
18674.19;21;458;2
18684.19;16;463;3
18684.48;8;368;2
18690.79;0;90;1
18693.99;27;203;0
18694.25;5;548;3
18694.52;8;368;2
18700.89;0;90;1
18704.05;27;203;0
18704.52;5;548;3
18704.7;28;238;2
18710.94;0;90;1
18714.09;27;203;0
18714.64;5;548;3
18714.78;28;238;2
18721.36;0;90;1
18724.26;27;203;0
18724.69;5;548;3
18724.83;28;238;2
18731.4;2;483;1
18734.32;27;203;0
18734.74;9;518;3
18734.94;28;238;2
18741.82;2;483;1
18744.47;27;203;0
18744.82;9;518;3
18745.12;10;143;2
18752.24;2;483;1
18754.56;27;203;0
18755.03;9;518;3
18755.25;10;143;2
18762.33;2;483;1
18764.64;27;203;0
18765.16;9;518;3
18765.29;10;143;2
18772.65;24;374;1
18774.71;4;473;0
18775.29;9;518;3
18775.63;30;95;2
18782.69;24;374;1
18784.94;4;473;0
18785.47;9;518;3
18785.69;30;95;2
18792.74;24;374;1
18795.02;4;473;0
18795.65;9;518;3
18795.74;30;95;2
18802.92;11;313;1
18805.44;4;473;0
18805.69;29;496;3
18805.82;30;95;2
18812.97;11;313;1
18815.57;1;33;0
18815.74;29;496;3
18815.87;30;95;2
18823.07;11;313;1
18825.61;1;33;0
18825.91;29;496;3
18825.95;30;95;2
18833.11;26;533;1
18835.86;25;138;0
18835.95;29;496;3
18836.11;30;95;2
18843.16;26;533;1
18846.02;5;257;3
18846.16;30;95;2
18853.2;0;539;1
18853.68;14;125;0
18856.16;5;257;3
18856.2;30;95;2
18863.24;0;539;1
18864.05;14;125;0
18866.2;5;257;3
18866.24;30;95;2
18873.29;0;539;1
18874.49;14;125;0
18876.24;16;37;3
18876.38;8;100;2
18883.33;0;539;1
18884.53;14;125;0
18886.31;16;37;3
18886.42;8;100;2
18893.41;0;539;1
18894.57;14;125;0
18896.38;16;37;3
18896.47;8;100;2
18903.81;0;539;1
18904.91;19;159;0
18906.42;16;37;3
18906.51;8;100;2
18913.86;2;185;1
18914.97;19;159;0
18916.56;8;100;2
18919.73;7;314;3
18923.9;2;185;1
18925.1;27;55;0
18926.9;21;356;2
18929.77;7;314;3
18933.94;2;185;1
18935.3;27;55;0
18936.96;21;356;2
18939.83;7;314;3
18944;2;185;1
18945.54;27;55;0
18947;10;157;2
18950;7;314;3
18954.04;2;185;1
18955.58;27;55;0
18957.05;10;157;2
18960.05;7;314;3
18964.09;24;406;1
18965.9;27;55;0
18967.09;10;157;2
18970.09;7;314;3
18974.13;24;406;1
18975.98;27;55;0
18977.13;28;530;2
18980.14;7;314;3
18984.19;24;406;1
18986.4;27;55;0
18987.22;28;530;2
18990.22;7;314;3
18994.35;24;406;1
18996.71;27;55;0
18997.35;28;530;2
19000.27;29;236;3
19004.8;24;406;1
19006.76;25;114;0
19007.67;28;530;2
19014.89;11;360;1
19016.89;25;114;0
19017.77;28;530;2
19019.02;9;474;3
19024.93;11;360;1
19027.34;25;114;0
19027.85;28;530;2
19029.08;9;474;3
19035.1;11;360;1
19037.78;25;114;0
19038.09;28;530;2
19039.15;9;474;3
19045.34;26;280;1
19047.94;25;114;0
19048.16;30;477;2
19049.19;9;474;3
19055.49;26;280;1
19058.07;25;114;0
19058.2;30;477;2
19059.61;5;392;3
19065.79;26;280;1
19068.2;1;383;0
19068.34;30;477;2
19069.71;5;392;3
19076.02;0;517;1
19078.34;1;383;0
19078.48;30;477;2
19079.78;5;392;3
19086.21;0;517;1
19088.5;1;383;0
19088.72;30;477;2
19089.86;5;392;3
19096.3;0;517;1
19098.62;4;359;0
19098.77;30;477;2
19099.9;5;392;3
19106.72;0;517;1
19108.79;4;359;0
19108.83;30;477;2
19109.97;5;392;3
19117.14;0;517;1
19118.83;19;456;0
19119.15;30;477;2
19120.06;16;234;3
19127.56;0;517;1
19129.57;30;477;2
19130.2;16;234;3
19134.87;14;264;0
19138;2;458;1
19139.98;30;477;2
19140.66;7;542;3
19144.93;14;264;0
19148.07;24;416;1
19150.02;30;477;2
19150.73;7;542;3
19154.98;14;264;0
19158.11;24;416;1
19160.09;30;477;2
19160.85;29;451;3
19165.08;27;87;0
19168.16;24;416;1
19170.13;30;477;2
19170.89;29;451;3
19175.52;27;87;0
19178.29;11;349;1
19180.18;8;413;2
19181.16;29;451;3
19185.68;27;87;0
19188.33;11;349;1
19190.22;21;502;2
19191.24;29;451;3
19195.84;27;87;0
19198.38;11;349;1
19200.27;21;502;2
19201.28;29;451;3
19206.14;27;87;0
19208.48;11;349;1
19210.31;21;502;2
19211.37;29;451;3
19216.18;25;433;0
19218.61;11;349;1
19220.62;21;502;2
19221.59;29;451;3
19226.27;25;433;0
19228.66;26;78;1
19230.74;21;502;2
19231.67;9;508;3
19236.53;4;68;0
19239.03;26;78;1
19240.78;21;502;2
19241.76;9;508;3
19249.1;26;78;1
19250.83;21;502;2
19251.81;1;214;0
19255.78;16;405;3
19259.28;26;78;1
19260.88;10;211;2
19262.11;1;214;0
19266;16;405;3
19269.65;26;78;1
19271.23;10;211;2
19272.52;1;214;0
19276.42;5;464;3
19279.72;26;78;1
19281.31;10;211;2
19282.58;1;214;0
19286.84;5;464;3
19289.76;26;78;1
19291.54;28;363;2
19292.62;1;214;0
19296.93;5;464;3
19299.96;26;78;1
19301.58;28;363;2
19302.67;1;214;0
19307.15;7;179;3
19310.01;2;216;1
19311.78;30;86;2
19312.82;1;214;0
19317.24;7;179;3
19320.05;2;216;1
19321.9;30;86;2
19322.87;1;214;0
19327.37;29;4;3
19330.36;2;216;1
19331.94;30;86;2
19332.98;19;438;0
19337.53;29;4;3
19340.53;2;216;1
19342.03;8;355;2
19343.16;19;438;0
19347.58;29;4;3
19350.58;2;216;1
19352.08;8;355;2
19353.2;19;438;0
19357.62;29;4;3
19360.62;24;226;1
19362.5;8;355;2
19363.45;14;326;0
19367.67;29;4;3
19370.67;24;226;1
19372.55;21;206;2
19373.49;14;326;0
19377.71;29;4;3
19380.71;24;226;1
19383;21;206;2
19383.54;14;326;0
19387.76;29;4;3
19390.78;24;226;1
19393.58;14;326;0
19395.53;28;487;2
19397.91;29;4;3
19400.85;24;226;1
19403.79;14;326;0
19405.58;28;487;2
19408.12;9;237;3
19411.13;24;226;1
19413.99;14;326;0
19415.7;30;313;2
19418.24;9;237;3
19421.18;0;380;1
19424.04;14;326;0
19425.84;30;313;2
19428.45;9;237;3
19431.22;0;380;1
19434.15;14;326;0
19436.26;30;313;2
19438.53;9;237;3
19441.47;0;380;1
19444.33;14;326;0
19446.69;30;313;2
19448.87;9;237;3
19451.52;0;380;1
19454.4;27;264;0
19456.73;30;313;2
19458.92;9;237;3
19461.56;0;380;1
19464.6;27;264;0
19467.02;10;77;2
19469;16;296;3
19471.97;0;380;1
19474.78;27;264;0
19477.1;10;77;2
19479.04;16;296;3
19482.08;26;406;1
19484.91;27;264;0
19487.22;10;77;2
19489.1;16;296;3
19492.16;26;406;1
19494.96;25;263;0
19497.26;10;77;2
19499.32;16;296;3
19502.32;11;360;1
19505.01;25;263;0
19507.33;10;77;2
19509.73;5;345;3
19514.2;2;166;1
19515.06;25;263;0
19517.69;10;77;2
19519.84;5;345;3
19524.24;2;166;1
19525.48;25;263;0
19527.81;10;77;2
19529.92;5;345;3
19534.36;2;166;1
19535.67;25;263;0
19538.19;10;77;2
19540.17;5;345;3
19544.59;24;522;1
19545.98;4;329;0
19548.23;10;77;2
19550.3;5;345;3
19554.7;24;522;1
19556.13;4;329;0
19558.28;10;77;2
19560.43;7;474;3
19565.1;24;522;1
19566.28;4;329;0
19568.78;8;347;2
19570.48;7;474;3
19575.15;24;522;1
19576.33;4;329;0
19578.94;8;347;2
19580.64;9;193;3
19585.27;24;522;1
19586.59;4;329;0
19589.13;8;347;2
19590.72;9;193;3
19595.33;26;23;1
19596.94;4;329;0
19599.36;28;445;2
19600.77;9;193;3
19605.38;26;23;1
19607.02;4;329;0
19611.06;29;37;3
19615.43;0;162;1
19617.44;4;329;0
19617.62;21;392;2
19621.11;29;37;3
19625.84;0;162;1
19627.62;4;329;0
19627.83;21;392;2
19631.28;29;37;3
19635.88;0;162;1
19637.66;4;329;0
19637.92;21;392;2
19646.14;0;162;1
19646.14;16;339;3
19647.83;14;11;0
19648;21;392;2
19656.33;0;162;1
19656.33;16;339;3
19657.96;14;11;0
19658.08;21;392;2
19666.77;0;162;1
19666.77;16;339;3
19668.04;14;11;0
19668.17;21;392;2
19676.9;0;162;1
19676.9;16;339;3
19678.17;19;172;0
19679.15;30;379;2
19687.03;0;162;1
19687.03;16;339;3
19688.43;19;172;0
19689.19;10;59;2
19697.08;0;162;1
19697.08;16;339;3
19698.6;19;172;0
19699.37;10;59;2
19707.35;0;162;1
19707.35;16;339;3
19708.68;1;304;0
19709.79;8;86;2
19717.56;0;162;1
19717.56;16;339;3
19718.75;1;304;0
19719.83;8;86;2
19727.73;11;48;1
19727.73;16;339;3
19728.84;1;304;0
19729.88;28;203;2
19737.81;11;48;1
19737.81;16;339;3
19738.9;1;304;0
19740.16;28;203;2
19747.91;2;125;1
19747.91;16;339;3
19749.12;25;365;0
19750.58;28;203;2
19758.06;2;125;1
19758.06;7;395;3
19759.16;25;365;0
19760.63;28;203;2
19768.15;2;125;1
19768.15;7;395;3
19769.22;25;365;0
19770.89;28;203;2
19778.42;26;151;1
19778.42;5;458;3
19779.27;25;365;0
19781.11;21;181;2
19788.84;26;151;1
19789.33;25;365;0
19797.43;29;205;3
19799.26;24;213;1
19799.4;27;19;0
19806.43;30;90;2
19807.49;29;205;3
19809.49;27;19;0
19816.74;30;90;2
19817.75;29;205;3
19819.61;27;19;0
19826.78;30;90;2
19827.8;9;62;3
19829.8;27;19;0
19836.9;30;90;2
19837.96;9;62;3
19839.87;27;19;0
19844.68;0;241;1
19846.97;30;90;2
19848.1;9;62;3
19849.94;27;19;0
19855.01;0;241;1
19857.02;30;90;2
19858.47;16;240;3
19859.99;14;226;0
19865.06;0;241;1
19867.44;30;90;2
19868.68;16;240;3
19870.03;14;226;0
19875.17;0;241;1
19877.58;10;258;2
19878.79;16;240;3
19880.17;14;226;0
19885.48;0;241;1
19887.91;10;258;2
19888.83;16;240;3
19890.27;19;85;0
19895.57;0;241;1
19898.34;10;258;2
19900.44;19;85;0
19904.08;7;356;3
19905.99;0;241;1
19908.52;8;152;2
19910.62;4;416;0
19914.12;7;356;3
19916.1;0;241;1
19918.67;8;152;2
19921.08;4;416;0
19924.17;7;356;3
19926.32;0;241;1
19928.92;8;152;2
19931.33;4;416;0
19934.33;5;472;3
19936.37;0;241;1
19938.97;8;152;2
19941.38;4;416;0
19944.38;5;472;3
19946.41;11;79;1
19949.39;8;152;2
19951.46;4;416;0
19954.43;5;472;3
19956.5;11;79;1
19959.45;28;299;2
19961.56;1;289;0
19964.56;5;472;3
19966.54;11;79;1
19969.54;21;454;2
19971.77;1;289;0
19974.6;29;17;3
19976.62;11;79;1
19979.6;21;454;2
19982.15;1;289;0
19984.66;29;17;3
19986.76;2;348;1
19989.76;30;422;2
19992.22;1;289;0
19994.82;29;17;3
19996.82;2;348;1
19999.83;30;422;2
20002.52;1;289;0
20005.24;9;397;3
20006.86;24;65;1
20009.87;30;422;2
20012.56;25;517;0
20015.43;9;397;3
20016.91;24;65;1
20019.92;30;422;2
20022.61;25;517;0
20025.61;9;397;3
20027.21;26;485;1
20030;30;422;2
20032.73;25;517;0
20035.73;9;397;3
20037.37;26;485;1
20040.04;30;422;2
20042.78;25;517;0
20045.78;16;332;3
20047.65;26;485;1
20050.11;10;100;2
20053.05;27;87;0
20056.03;16;332;3
20058.07;26;485;1
20060.29;10;100;2
20063.09;27;87;0
20066.08;16;332;3
20068.49;0;169;1
20070.38;10;100;2
20073.14;19;105;0
20076.14;5;528;3
20078.57;0;169;1
20080.46;8;122;2
20083.21;19;105;0
20086.2;5;528;3
20088.65;0;169;1
20090.88;8;122;2
20093.26;14;231;0
20096.26;5;528;3
20099.07;11;542;1
20101.34;8;122;2
20103.3;14;231;0
20106.3;5;528;3
20109.14;11;542;1
20111.41;8;122;2
20113.35;14;231;0
20116.35;29;137;3
20119.18;11;542;1
20121.84;8;122;2
20123.39;4;340;0
20126.39;29;137;3
20129.39;11;542;1
20131.9;28;420;2
20133.44;4;340;0
20136.44;29;137;3
20139.44;2;459;1
20141.99;28;420;2
20143.48;4;340;0
20146.48;7;377;3
20149.5;2;459;1
20153.53;1;269;0
20156.53;7;377;3
20159.55;2;459;1
20160.22;21;257;2
20163.61;1;269;0
20166.57;7;377;3
20169.59;2;459;1
20170.3;21;257;2
20173.7;1;269;0
20176.67;9;240;3
20179.64;2;459;1
20180.35;10;417;2
20183.87;1;269;0
20188.6;16;464;3
20189.7;2;459;1
20190.77;10;417;2
20193.93;1;269;0
20198.65;16;464;3
20199.76;2;459;1
20200.84;10;417;2
20204.05;1;269;0
20208.74;16;464;3
20209.88;2;459;1
20211.1;30;62;2
20214.09;1;269;0
20218.84;16;464;3
20219.93;2;459;1
20221.14;30;62;2
20224.14;1;269;0
20228.91;16;464;3
20229.97;24;407;1
20231.36;30;62;2
20234.18;27;238;0
20238.96;5;333;3
20240.28;24;407;1
20244.23;27;238;0
20249;5;333;3
20250.35;24;407;1
20251.04;28;361;2
20254.45;27;238;0
20259.07;5;333;3
20260.39;24;407;1
20261.19;28;361;2
20264.5;27;238;0
20269.19;5;333;3
20270.44;24;407;1
20271.23;28;361;2
20274.69;27;238;0
20279.23;5;333;3
20280.48;0;82;1
20281.67;28;361;2
20284.74;25;115;0
20289.34;5;333;3
20290.53;0;82;1
20292.1;28;361;2
20295.1;25;115;0
20299.77;5;333;3
20300.57;0;82;1
20302.52;28;361;2
20305.52;25;115;0
20310;5;333;3
20310.62;0;82;1
20312.59;28;361;2
20315.59;25;115;0
20320.09;5;333;3
20320.69;0;82;1
20322.89;21;278;2
20325.89;14;385;0
20330.25;29;315;3
20331.14;0;82;1
20333.02;8;350;2
20336.02;14;385;0
20340.29;29;315;3
20341.21;11;64;1
20343.12;8;350;2
20346.07;14;385;0
20350.38;29;315;3
20351.66;26;183;1
20353.16;8;350;2
20356.11;14;385;0
20360.42;29;315;3
20361.71;26;183;1
20363.21;8;350;2
20366.24;14;385;0
20371.75;26;183;1
20373.25;8;350;2
20373.3;9;458;3
20376.3;19;109;0
20381.83;26;183;1
20383.3;8;350;2
20383.44;9;458;3
20386.38;19;109;0
20391.87;2;340;1
20393.34;8;350;2
20393.49;9;458;3
20396.49;19;109;0
20402.3;2;340;1
20403.49;8;350;2
20403.67;9;458;3
20406.53;1;200;0
20412.58;2;340;1
20413.55;10;202;2
20413.71;7;506;3
20416.58;1;200;0
20422.63;24;543;1
20423.71;10;202;2
20423.76;16;255;3
20426.67;1;200;0
20432.96;24;543;1
20433.76;10;202;2
20433.96;16;255;3
20436.8;1;200;0
20443.29;0;325;1
20443.92;10;202;2
20444.09;16;255;3
20446.92;1;200;0
20453.34;0;325;1
20454.09;10;202;2
20454.39;29;53;3
20457.09;1;200;0
20464.21;10;202;2
20464.44;29;53;3
20465.42;11;330;1
20467.21;4;365;0
20474.35;10;202;2
20474.48;29;53;3
20475.54;11;330;1
20477.35;4;365;0
20484.48;10;202;2
20484.53;5;223;3
20485.62;11;330;1
20487.41;4;365;0
20494.53;10;202;2
20494.74;5;223;3
20496.04;11;330;1
20497.46;27;446;0
20504.75;28;470;2
20504.96;5;223;3
20506.46;11;330;1
20507.55;27;446;0
20514.81;30;97;2
20515.15;9;516;3
20516.53;11;330;1
20517.62;27;446;0
20524.97;30;97;2
20525.25;9;516;3
20526.7;11;330;1
20527.72;27;446;0
20535.13;8;296;2
20535.42;9;516;3
20536.81;11;330;1
20537.78;27;446;0
20545.46;9;516;3
20546.27;21;349;2
20546.86;11;330;1
20547.91;27;446;0
20555.88;16;539;3
20556.31;21;349;2
20556.91;11;330;1
20557.96;27;446;0
20566.07;16;539;3
20566.42;21;349;2
20567.19;11;330;1
20568.04;27;446;0
20576.11;16;539;3
20576.84;21;349;2
20577.23;26;72;1
20578.08;19;388;0
20586.15;16;539;3
20586.89;21;349;2
20587.65;26;72;1
20588.12;19;388;0
20596.23;16;539;3
20596.93;10;525;2
20597.73;26;72;1
20598.17;19;388;0
20606.27;7;246;3
20607.12;10;525;2
20607.78;26;72;1
20608.21;19;388;0
20616.32;7;246;3
20617.24;10;525;2
20617.82;26;72;1
20618.28;25;114;0
20626.36;7;246;3
20627.41;10;525;2
20628.19;26;72;1
20628.45;25;114;0
20636.41;7;246;3
20637.45;10;525;2
20638.28;24;543;1
20638.54;25;114;0
20646.45;29;411;3
20647.74;10;525;2
20648.32;24;543;1
20648.96;25;114;0
20656.5;5;336;3
20657.84;30;265;2
20658.37;24;543;1
20659.26;14;359;0
20666.54;5;336;3
20668.16;30;265;2
20668.42;0;273;1
20674.47;1;370;0
20676.59;5;336;3
20678.47;0;273;1
20680;8;187;2
20684.71;1;370;0
20686.63;9;502;3
20690.22;8;187;2
20694.93;1;370;0
20696.76;9;502;3
20698.76;2;423;1
20700.27;8;187;2
20705.24;4;522;0
20706.87;9;502;3
20708.97;2;423;1
20710.6;8;187;2
20715.29;4;522;0
20716.92;9;502;3
20719.01;11;348;1
20721.02;21;13;2
20725.43;4;522;0
20726.97;9;502;3
20731.2;21;13;2
20735.82;4;522;0
20737.03;9;502;3
20741.58;21;13;2
20746.16;4;522;0
20747.11;9;502;3
20747.66;26;74;1
20751.82;21;13;2
20756.21;4;522;0
20757.3;16;313;3
20757.71;26;74;1
20761.87;28;56;2
20766.36;4;522;0
20767.58;16;313;3
20767.76;26;74;1
20772.06;28;56;2
20776.4;4;522;0
20777.74;16;313;3
20777.83;26;74;1
20782.11;28;56;2
20786.85;4;522;0
20787.79;16;313;3
20787.93;26;74;1
20792.28;28;56;2
20796.9;4;522;0
20797.93;7;206;3
20797.98;26;74;1
20802.7;28;56;2
20806.95;4;522;0
20807.98;5;418;3
20808.15;26;74;1
20812.77;28;56;2
20817.08;27;26;0
20818.1;5;418;3
20818.21;26;74;1
20822.85;28;56;2
20828.16;5;418;3
20828.56;26;74;1
20832.45;14;226;0
20832.94;28;56;2
20838.21;5;418;3
20838.69;26;74;1
20842.67;14;226;0
20842.99;28;56;2
20848.25;29;193;3
20848.82;26;74;1
20852.82;14;226;0
20853.11;28;56;2
20858.33;29;193;3
20858.94;26;74;1
20863.11;14;226;0
20863.2;28;56;2
20868.37;29;193;3
20868.98;24;505;1
20873.16;14;226;0
20873.29;28;56;2
20878.42;29;193;3
20879.03;24;505;1
20883.24;14;226;0
20883.38;28;56;2
20888.46;9;141;3
20889.07;24;505;1
20893.42;19;151;0
20893.47;28;56;2
20898.54;9;141;3
20899.21;0;212;1
20903.48;19;151;0
20903.53;28;56;2
20908.58;9;141;3
20909.26;0;212;1
20913.57;19;151;0
20913.61;28;56;2
20918.66;16;246;3
20919.36;0;212;1
20923.61;25;383;0
20928.21;8;79;2
20929.08;16;246;3
20929.53;2;257;1
20933.66;25;383;0
20938.27;8;79;2
20939.17;16;246;3
20939.84;2;257;1
20943.7;25;383;0
20948.46;8;79;2
20949.28;7;444;3
20949.91;2;257;1
20953.84;1;134;0
20958.61;8;79;2
20959.46;7;444;3
20960.08;2;257;1
20963.89;1;134;0
20968.7;8;79;2
20969.61;7;444;3
20970.21;2;257;1
20973.93;1;134;0
20978.74;8;79;2
20979.65;7;444;3
20980.28;2;257;1
20984;1;134;0
20988.79;8;79;2
20989.73;7;444;3
20990.35;2;257;1
20994.04;1;134;0
20998.87;10;459;2
20999.88;7;444;3
21000.68;11;543;1
21004.09;27;197;0
21008.95;10;459;2
21009.92;7;444;3
21011.13;26;74;1
21014.13;27;197;0
21018.99;10;459;2
21019.96;29;547;3
21021.17;26;74;1
21024.18;4;162;0
21029.04;10;459;2
21030.01;29;547;3
21031.47;26;74;1
21034.22;4;162;0
21039.08;10;459;2
21040.05;29;547;3
21041.51;26;74;1
21044.27;4;162;0
21049.5;30;301;2
21050.1;29;547;3
21051.69;24;264;1
21054.31;14;78;0
21059.55;30;301;2
21060.17;29;547;3
21062.15;24;264;1
21064.36;14;78;0
21069.72;30;301;2
21070.21;29;547;3
21072.38;24;264;1
21074.4;19;172;0
21079.88;30;301;2
21080.65;5;12;3
21082.43;24;264;1
21084.45;19;172;0
21089.96;30;301;2
21091.07;5;12;3
21092.69;24;264;1
21094.88;19;172;0
21100.04;21;537;2
21101.3;5;12;3
21102.81;0;230;1
21104.97;19;172;0
21110.13;21;537;2
21111.38;5;12;3
21113.09;0;230;1
21115.36;19;172;0
21120.55;21;537;2
21121.64;9;223;3
21123.16;0;230;1
21125.4;25;125;0
21130.97;21;537;2
21131.69;9;223;3
21133.22;0;230;1
21135.6;25;125;0
21141.08;28;525;2
21141.73;16;194;3
21143.64;0;230;1
21145.74;25;125;0
21151.41;28;525;2
21152.04;16;194;3
21153.91;0;230;1
21156.16;25;125;0
21161.76;28;525;2
21162.09;16;194;3
21164.01;0;230;1
21166.3;1;403;0
21172.09;28;525;2
21172.42;16;194;3
21174.05;0;230;1
21176.46;1;403;0
21182.13;28;525;2
21182.75;16;194;3
21184.15;2;339;1
21186.82;1;403;0
21192.18;8;95;2
21193.17;7;451;3
21194.6;2;339;1
21197;1;403;0
21202.24;8;95;2
21203.59;7;451;3
21204.64;2;339;1
21207.24;27;169;0
21212.28;8;95;2
21213.68;7;451;3
21214.81;2;339;1
21217.4;27;169;0
21222.33;8;95;2
21223.96;7;451;3
21225.01;2;339;1
21227.51;27;169;0
21232.4;8;95;2
21234.03;7;451;3
21235.4;2;339;1
21237.89;27;169;0
21242.49;8;95;2
21244.22;7;451;3
21245.45;2;339;1
21248.06;27;169;0
21252.91;8;95;2
21254.27;7;451;3
21255.65;2;339;1
21258.13;27;169;0
21263.33;8;95;2
21264.6;29;198;3
21265.7;2;339;1
21268.56;14;367;0
21273.41;8;95;2
21275.02;29;198;3
21275.75;2;339;1
21278.6;14;367;0
21283.86;8;95;2
21285.42;9;337;3
21285.8;2;339;1
21288.79;14;367;0
21293.93;8;95;2
21295.5;9;337;3
21295.84;11;179;1
21298.85;14;367;0
21305.75;9;337;3
21305.89;11;179;1
21307.56;10;121;2
21308.93;14;367;0
21315.92;16;320;3
21315.96;11;179;1
21317.8;10;121;2
21319.01;19;459;0
21325.99;16;320;3
21326.06;11;179;1
21328.03;10;121;2
21333.65;4;536;0
21336.08;16;320;3
21336.31;0;496;1
21338.1;10;121;2
21343.9;4;536;0
21346.13;16;320;3
21346.44;0;496;1
21348.17;10;121;2
21354;25;425;0
21356.7;0;496;1
21356.7;5;472;3
21358.45;28;329;2
21364.04;25;425;0
21366.77;0;496;1
21368.5;28;329;2
21374.09;25;425;0
21376.91;24;333;1
21378.65;30;165;2
21380.49;7;52;3
21384.51;1;383;0
21386.99;24;333;1
21388.88;21;530;2
21390.67;7;52;3
21394.59;1;383;0
21397.09;24;333;1
21399.17;21;530;2
21400.87;7;52;3
21404.63;27;350;0
21407.33;26;15;1
21409.53;21;530;2
21411.03;7;52;3
21414.67;27;350;0
21417.4;26;15;1
21419.58;21;530;2
21421.16;7;52;3
21424.78;27;350;0
21427.47;26;15;1
21429.66;21;530;2
21431.35;29;477;3
21434.93;27;350;0
21437.51;26;15;1
21439.98;21;530;2
21441.56;29;477;3
21445.33;14;451;0
21447.56;26;15;1
21450.02;8;41;2
21451.61;29;477;3
21455.6;14;451;0
21460.26;8;41;2
21461.66;29;477;3
21465.65;14;451;0
21470.31;11;157;1
21470.31;8;41;2
21471.7;29;477;3
21475.93;14;451;0
21480.4;11;157;1
21480.4;8;41;2
21481.77;29;477;3
21486.24;14;451;0
21490.62;2;492;1
21490.62;8;41;2
21491.81;29;477;3
21496.44;19;541;0
21500.72;8;41;2
21502.11;29;477;3
21506.49;19;541;0
21510.33;0;174;1
21510.96;8;41;2
21512.16;29;477;3
21516.78;19;541;0
21520.43;0;174;1
21521.05;10;122;2
21522.43;29;477;3
21527;19;541;0
21530.5;24;304;1
21531.1;28;12;2
21532.71;29;477;3
21537.06;19;541;0
21540.57;24;304;1
21541.15;28;12;2
21542.76;29;477;3
21547.11;4;159;0
21550.77;24;304;1
21551.19;30;67;2
21552.82;29;477;3
21557.21;4;159;0
21561.58;30;67;2
21562.86;29;477;3
21564.73;11;1;1
21567.25;4;159;0
21571.73;30;67;2
21572.91;9;353;3
21574.77;11;1;1
21577.4;1;87;0
21581.78;30;67;2
21582.95;9;353;3
21584.85;11;1;1
21587.46;1;87;0
21593;9;353;3
21594.19;8;19;2
21594.89;26;163;1
21597.51;1;87;0
21603.07;9;353;3
21604.23;21;377;2
21605.05;26;163;1
21607.97;1;87;0
21613.14;9;353;3
21614.39;21;377;2
21615.47;26;163;1
21618.39;25;316;0
21623.57;9;353;3
21624.44;21;377;2
21625.68;26;163;1
21628.68;25;316;0
21633.65;9;353;3
21634.51;21;377;2
21636.1;26;163;1
21638.72;25;316;0
21643.74;9;353;3
21644.55;10;278;2
21646.25;26;163;1
21648.77;25;316;0
21654;9;353;3
21654.6;10;278;2
21656.63;26;163;1
21658.81;25;316;0
21664.16;9;353;3
21667.08;2;320;1
21668.86;25;316;0
21670.49;30;546;2
21674.61;16;211;3
21677.44;2;320;1
21678.9;25;316;0
21680.9;30;546;2
21684.69;16;211;3
21687.71;2;320;1
21688.95;25;316;0
21691.12;30;546;2
21694.73;16;211;3
21697.75;0;518;1
21698.99;25;316;0
21701.17;30;546;2
21704.81;5;269;3
21707.84;0;518;1
21709.04;27;333;0
21711.34;30;546;2
21715;5;269;3
21717.88;0;518;1
21719.08;27;333;0
21721.49;8;264;2
21725.13;5;269;3
21728.11;0;518;1
21729.12;27;333;0
21731.94;8;264;2
21735.18;7;246;3
21738.18;24;370;1
21739.17;14;159;0
21741.98;8;264;2
21745.26;7;246;3
21748.22;24;370;1
21749.22;14;159;0
21752.21;28;343;2
21755.39;7;246;3
21758.37;24;370;1
21760.87;19;368;0
21762.3;28;343;2
21765.48;7;246;3
21768.43;24;370;1
21771.3;19;368;0
21772.34;28;343;2
21775.53;7;246;3
21778.49;24;370;1
21781.35;19;368;0
21782.44;28;343;2
21785.7;29;199;3
21788.57;11;9;1
21791.61;19;368;0
21792.6;28;343;2
21795.75;29;199;3
21798.62;11;9;1
21801.66;19;368;0
21803.05;28;343;2
21805.79;29;199;3
21808.79;2;502;1
21811.8;19;368;0
21813.47;28;343;2
21815.83;29;199;3
21818.83;2;502;1
21821.84;19;368;0
21823.6;28;343;2
21825.88;29;199;3
21828.88;2;502;1
21831.9;1;367;0
21833.64;21;56;2
21835.94;16;458;3
21838.92;26;295;1
21841.95;1;367;0
21843.73;21;56;2
21845.98;16;458;3
21849.01;26;295;1
21852.02;1;367;0
21854.19;21;56;2
21856.03;16;458;3
21859.06;26;295;1
21862.07;1;367;0
21864.31;21;56;2
21866.07;16;458;3
21869.12;26;295;1
21872.11;4;448;0
21874.77;21;56;2
21876.11;9;121;3
21879.57;26;295;1
21882.23;4;448;0
21884.82;21;56;2
21886.16;9;121;3
21889.73;26;295;1
21892.52;4;448;0
21894.89;10;74;2
21896.23;5;366;3
21900.13;0;190;1
21902.9;4;448;0
21904.94;10;74;2
21906.27;5;366;3
21910.19;0;190;1
21912.96;27;388;0
21915.31;10;74;2
21916.45;29;536;3
21920.45;0;190;1
21923.03;27;388;0
21925.4;10;74;2
21926.58;29;536;3
21930.49;0;190;1
21933.08;27;388;0
21935.84;8;520;2
21940.58;0;190;1
21943.45;27;388;0
21944.13;7;494;3
21945.88;8;520;2
21950.66;11;108;1
21953.62;25;112;0
21954.25;7;494;3
21956.1;8;520;2
21960.72;11;108;1
21963.66;25;112;0
21964.29;7;494;3
21966.21;30;356;2
21970.76;11;108;1
21973.74;25;112;0
21974.36;7;494;3
21976.45;30;356;2
21980.8;11;108;1
21983.8;25;112;0
21984.78;7;494;3
21986.5;30;356;2
21990.92;24;286;1
21993.85;25;112;0
21994.82;7;494;3
21996.54;30;356;2
22001.19;24;286;1
22004.1;14;337;0
22005.22;7;494;3
22006.61;30;356;2
22011.61;2;53;1
22014.23;19;258;0
22015.27;7;494;3
22016.65;28;474;2
22021.77;2;53;1
22024.27;1;370;0
22025.33;9;200;3
22026.7;28;474;2
22031.81;2;53;1
22035.03;4;279;0
22035.44;9;200;3
22036.76;28;474;2
22042.03;2;53;1
22045.11;4;279;0
22045.49;9;200;3
22046.98;28;474;2
22052.31;2;53;1
22055.18;4;279;0
22055.71;9;200;3
22057.07;10;27;2
22062.55;2;53;1
22065.22;4;279;0
22065.8;9;200;3
22067.11;10;27;2
22072.93;26;187;1
22075.63;27;278;0
22075.93;9;200;3
22077.24;21;487;2
22083.35;26;187;1
22085.93;27;278;0
22086.35;9;200;3
22087.36;21;487;2
22093.54;26;187;1
22096.13;14;303;0
22096.5;5;209;3
22097.78;21;487;2
22103.58;26;187;1
22106.53;14;303;0
22106.58;5;209;3
22107.82;21;487;2
22113.65;26;187;1
22116.58;14;303;0
22116.63;16;484;3
22117.88;8;549;2
22124.05;26;187;1
22126.63;19;152;0
22126.84;16;484;3
22128.13;8;549;2
22134.1;11;115;1
22136.87;19;152;0
22136.91;16;484;3
22138.22;8;549;2
22144.44;24;451;1
22146.91;19;152;0
22146.96;16;484;3
22149.7;30;163;2
22154.48;24;451;1
22156.96;19;152;0
22157;16;484;3
22159.78;30;163;2
22164.88;24;451;1
22167;19;152;0
22167.05;16;484;3
22170.03;30;163;2
22175.3;24;451;1
22177.05;19;152;0
22177.18;16;484;3
22180.07;28;225;2
22185.5;24;451;1
22187.11;19;152;0
22187.6;16;484;3
22190.12;28;225;2
22195.66;0;361;1
22197.31;19;152;0
22197.67;16;484;3
22200.16;28;225;2
22205.74;0;361;1
22207.62;25;143;0
22207.71;7;405;3
22210.21;28;225;2
22215.84;0;361;1
22217.66;25;143;0
22218.08;7;405;3
22220.4;10;447;2
22226.04;0;361;1
22227.75;25;143;0
22228.24;29;41;3
22230.45;10;447;2
22236.11;0;361;1
22238.06;1;66;0
22238.51;29;41;3
22240.7;10;447;2
22246.15;0;361;1
22248.11;1;66;0
22248.7;9;74;3
22251.15;10;447;2
22256.2;0;361;1
22258.53;1;66;0
22259.16;9;74;3
22261.49;10;447;2
22266.24;0;361;1
22268.58;1;66;0
22269.3;5;214;3
22271.54;10;447;2
22276.29;0;361;1
22278.82;27;223;0
22279.37;5;214;3
22281.82;21;301;2
22286.33;0;361;1
22289.25;27;223;0
22289.74;5;214;3
22291.9;21;301;2
22296.39;0;361;1
22299.37;27;223;0
22300.15;5;214;3
22301.94;21;301;2
22306.49;2;385;1
22309.48;14;89;0
22312.37;21;301;2
22316.53;2;385;1
22318.89;16;266;3
22319.53;14;89;0
22322.53;21;301;2
22326.61;26;207;1
22328.93;16;266;3
22329.58;14;89;0
22332.61;21;301;2
22336.65;11;442;1
22339.07;16;266;3
22339.65;4;161;0
22342.7;21;301;2
22346.94;11;442;1
22349.13;16;266;3
22349.82;4;161;0
22352.75;21;301;2
22357.12;11;442;1
22359.3;16;266;3
22360.08;4;161;0
22362.87;30;343;2
22367.17;24;102;1
22369.72;16;266;3
22370.12;4;161;0
22373.12;30;343;2
22379.88;16;266;3
22380.17;19;100;0
22383.17;30;343;2
22390.01;9;436;3
22390.46;19;100;0
22393.42;30;343;2
22400.06;9;436;3
22400.59;19;100;0
22402.77;2;518;1
22403.46;28;419;2
22410.18;5;405;3
22410.64;19;100;0
22412.95;2;518;1
22413.51;28;419;2
22420.6;5;405;3
22420.97;19;100;0
22423;2;518;1
22423.6;28;419;2
22430.79;5;405;3
22431.33;25;374;0
22433.21;2;518;1
22433.83;8;79;2
22441.26;5;405;3
22441.37;25;374;0
22443.3;2;518;1
22443.92;8;79;2
22451.37;5;405;3
22451.42;1;427;0
22454.01;10;163;2
22455.35;0;322;1
22461.42;7;288;3
22461.46;27;502;0
22464.05;10;163;2
22465.56;0;322;1
22471.46;7;288;3
22471.51;27;502;0
22474.1;10;163;2
22475.98;0;322;1
22481.51;29;3;3
22481.55;14;147;0
22484.26;10;163;2
22486.09;0;322;1
22491.55;29;3;3
22491.59;14;147;0
22494.3;10;163;2
22496.35;0;322;1
22501.59;29;3;3
22504.35;30;485;2
22506.65;0;322;1
22511.67;29;3;3
22511.88;4;95;0
22514.4;30;485;2
22516.69;0;322;1
22521.74;29;3;3
22521.93;4;95;0
22524.44;30;485;2
22526.96;0;322;1
22531.93;16;353;3
22531.97;4;95;0
22534.86;30;485;2
22537.22;26;290;1
22541.98;16;353;3
22542.02;4;95;0
22544.98;21;340;2
22547.31;26;290;1
22552.02;16;353;3
22552.34;4;95;0
22555.07;21;340;2
22557.36;26;290;1
22562.07;16;353;3
22562.73;4;95;0
22565.13;21;340;2
22567.41;11;392;1
22572.11;16;353;3
22572.77;19;305;0
22575.23;28;348;2
22577.46;11;392;1
22582.17;16;353;3
22582.88;19;305;0
22585.46;28;348;2
22587.5;11;392;1
22592.41;9;105;3
22593.04;19;305;0
22596.47;8;473;2
22597.59;11;392;1
22602.58;9;105;3
22603.42;19;305;0
22606.79;8;473;2
22608.01;24;227;1
22612.62;29;330;3
22613.56;19;305;0
22616.92;8;473;2
22618.43;24;227;1
22622.74;29;330;3
22623.6;19;305;0
22627.02;8;473;2
22628.53;24;227;1
22632.9;29;330;3
22633.66;1;87;0
22637.25;8;473;2
22638.72;24;227;1
22643.11;29;330;3
22643.71;25;220;0
22647.4;10;483;2
22648.84;2;383;1
22653.36;29;330;3
22653.77;25;220;0
22657.45;10;483;2
22659.03;2;383;1
22663.73;29;330;3
22664.17;25;220;0
22668.43;30;388;2
22669.45;2;383;1
22673.77;5;138;3
22674.59;25;220;0
22678.64;30;388;2
22679.87;2;383;1
22683.82;5;138;3
22684.7;27;496;0
22688.7;30;388;2
22689.92;2;383;1
22693.86;5;138;3
22694.82;27;496;0
22699.16;21;309;2
22700.31;0;166;1
22703.91;5;138;3
22705.06;4;245;0
22709.23;21;309;2
22710.73;0;166;1
22713.95;7;325;3
22715.16;4;245;0
22719.5;21;309;2
22721.01;0;166;1
22723.99;7;325;3
22725.31;14;157;0
22729.55;21;309;2
22731.08;0;166;1
22734.05;7;325;3
22735.37;14;157;0
22739.87;21;309;2
22741.16;0;166;1
22744.09;7;325;3
22745.47;14;157;0
22749.92;21;309;2
22751.3;0;166;1
22754.14;7;325;3
22755.7;14;157;0
22760.01;28;464;2
22761.51;0;166;1
22764.18;7;325;3
22766;1;353;0
22770.05;28;464;2
22771.61;0;166;1
22774.27;9;19;3
22776.21;19;287;0
22780.5;28;464;2
22781.9;0;166;1
22784.37;9;19;3
22790.59;28;464;2
22791.94;0;166;1
22794.41;16;216;3
22797.33;25;239;0
22800.65;28;464;2
22807.37;25;239;0
22810.7;28;464;2
22814.41;29;538;3
22818.64;26;114;1
22820;4;241;0
22820.74;28;464;2
22824.56;29;538;3
22828.77;26;114;1
22830.08;4;241;0
22830.8;10;423;2
22834.6;5;510;3
22839.13;26;114;1
22841;10;423;2
22844.56;14;92;0
22849.35;26;114;1
22851.36;8;59;2
22854.64;14;92;0
22859.54;26;114;1
22861.62;8;59;2
22864.73;14;92;0
22869.6;26;114;1
22871.72;8;59;2
22872.48;7;18;3
22877.95;27;355;0
22879.65;11;541;1
22881.81;30;28;2
22882.53;7;18;3
22888.09;27;355;0
22889.7;11;541;1
22891.85;30;28;2
22892.57;7;18;3
22898.15;27;355;0
22899.97;11;541;1
22902.27;30;28;2
22902.97;7;18;3
22908.31;27;355;0
22910.02;11;541;1
22912.43;21;296;2
22913.02;7;18;3
22918.39;27;355;0
22920.29;2;397;1
22922.48;21;296;2
22923.17;7;18;3
22928.57;27;355;0
22930.71;2;397;1
22932.57;21;296;2
22933.29;9;547;3
22940.8;1;196;0
22940.8;2;397;1
22942.61;21;296;2
22943.37;9;547;3
22950.88;1;196;0
22950.88;2;397;1
22952.67;10;56;2
22953.42;9;547;3
22961.12;19;96;0
22961.12;24;23;1
22963.1;10;56;2
22963.86;9;547;3
22971.28;19;96;0
22971.28;24;23;1
22973.14;10;56;2
22973.9;9;547;3
22981.32;19;96;0
22981.32;24;23;1
22983.29;10;56;2
22983.95;9;547;3
22991.37;4;143;0
22991.37;0;527;1
22993.71;10;56;2
22994.05;16;351;3
23001.41;4;143;0
23001.41;0;527;1
23003.88;10;56;2
23004.1;16;351;3
23011.46;4;143;0
23011.46;0;527;1
23014.1;8;411;2
23014.35;16;351;3
23021.54;25;345;0
23021.54;0;527;1
23024.34;8;411;2
23024.5;29;504;3
23031.63;25;345;0
23031.63;0;527;1
23034.38;8;411;2
23034.59;29;504;3
23041.67;25;345;0
23041.67;0;527;1
23044.59;28;228;2
23044.67;5;533;3
23051.92;25;345;0
23051.92;11;393;1
23054.67;28;228;2
23054.81;5;533;3
23062.07;25;345;0
23062.07;11;393;1
23064.75;28;228;2
23065.07;5;533;3
23072.34;25;345;0
23072.34;11;393;1
23075.07;28;228;2
23075.3;7;6;3
23082.59;14;132;0
23082.59;11;393;1
23085.11;28;228;2
23085.38;7;6;3
23092.85;14;132;0
23092.85;26;428;1
23095.38;28;228;2
23095.42;7;6;3
23102.94;14;132;0
23102.94;26;428;1
23105.42;28;228;2
23105.47;7;6;3
23113.1;14;132;0
23113.1;26;428;1
23115.47;28;228;2
23115.59;7;6;3
23123.48;14;132;0
23123.48;26;428;1
23125.59;28;228;2
23125.79;7;6;3
23133.84;14;132;0
23133.84;26;428;1
23135.79;28;228;2
23136.22;7;6;3
23144.11;14;132;0
23144.11;26;428;1
23146.11;28;228;2
23146.41;16;532;3
23154.18;14;132;0
23154.18;26;428;1
23156.19;30;296;2
23156.45;16;532;3
23164.6;1;353;0
23164.6;24;492;1
23166.31;30;296;2
23166.5;16;532;3
23175.02;1;353;0
23175.02;24;492;1
23176.42;21;340;2
23176.56;16;532;3
23185.28;1;353;0
23185.28;24;492;1
23186.47;10;115;2
23186.6;16;532;3
23195.49;19;281;0
23195.49;24;492;1
23196.57;10;115;2
23196.66;16;532;3
23205.62;19;281;0
23205.62;24;492;1
23206.62;10;115;2
23207.08;16;532;3
23215.66;27;182;0
23215.66;24;492;1
23216.66;10;115;2
23217.28;9;470;3
23225.71;4;283;0
23225.71;2;236;1
23226.71;8;343;2
23227.42;29;288;3
23235.82;4;283;0
23235.82;2;236;1
23236.77;8;343;2
23237.53;29;288;3
23245.94;4;283;0
23245.94;2;236;1
23246.82;8;343;2
23247.8;29;288;3
23256.05;4;283;0
23256.05;2;236;1
23256.89;8;343;2
23257.91;5;190;3
23266.09;4;283;0
23266.94;8;343;2
23268.21;5;190;3
23268.3;11;1;1
23276.17;4;283;0
23277.36;8;343;2
23278.28;5;190;3
23278.37;11;1;1
23286.59;4;283;0
23287.56;28;441;2
23288.37;5;190;3
23288.55;11;1;1
23296.66;25;368;0
23297.76;28;441;2
23298.55;5;190;3
23298.97;11;1;1
23306.89;25;368;0
23307.97;28;441;2
23308.75;7;342;3
23310.4;0;422;1
23316.98;25;368;0
23318.01;28;441;2
23319.05;7;342;3
23320.71;0;422;1
23327.02;25;368;0
23328.08;28;441;2
23329.47;7;342;3
23331.01;0;422;1
23337.07;14;125;0
23338.26;28;441;2
23339.82;7;342;3
23341.11;0;422;1
23347.14;14;125;0
23349.86;7;342;3
23351.15;26;227;1
23351.96;30;325;2
23357.19;14;125;0
23359.91;9;321;3
23361.19;26;227;1
23362.01;30;325;2
23367.23;27;26;0
23369.97;9;321;3
23371.55;26;227;1
23372.43;30;325;2
23377.28;27;26;0
23380.22;9;321;3
23381.61;24;502;1
23382.48;30;325;2
23387.42;19;428;0
23390.42;16;464;3
23391.76;24;502;1
23393.89;21;525;2
23397.47;19;428;0
23400.47;16;464;3
23402.06;24;502;1
23404.29;21;525;2
23407.51;19;428;0
23410.51;29;463;3
23412.11;24;502;1
23414.56;21;525;2
23417.58;19;428;0
23420.58;5;332;3
23422.18;11;52;1
23424.7;21;525;2
23427.7;19;428;0
23430.67;5;332;3
23432.32;11;52;1
23434.74;21;525;2
23437.74;1;522;0
23442.43;7;199;3
23442.47;11;52;1
23444.84;10;211;2
23447.85;1;522;0
23452.47;7;199;3
23452.82;2;257;1
23455.26;10;211;2
23458.04;1;522;0
23462.53;7;199;3
23462.99;2;257;1
23465.36;10;211;2
23468.28;1;522;0
23472.66;7;199;3
23473.41;2;257;1
23475.49;10;211;2
23478.36;25;278;0
23482.71;7;199;3
23483.46;2;257;1
23485.71;10;211;2
23488.53;4;307;0
23492.75;7;199;3
23493.51;2;257;1
23495.75;8;374;2
23498.59;4;307;0
23502.89;7;199;3
23503.55;2;257;1
23505.89;8;374;2
23508.64;4;307;0
23513.15;9;288;3
23513.6;2;257;1
23516.15;8;374;2
23519.07;14;11;0
23523.19;9;288;3
23523.64;2;257;1
23526.19;8;374;2
23529.21;27;392;0
23533.24;16;381;3
23533.7;2;257;1
23536.25;8;374;2
23539.26;27;392;0
23544.17;2;257;1
23545.48;29;266;3
23549.36;27;392;0
23549.63;28;450;2
23554.21;0;152;1
23555.81;29;266;3
23559.48;27;392;0
23559.82;28;450;2
23564.27;0;152;1
23565.91;29;266;3
23569.79;19;325;0
23569.9;28;450;2
23574.35;0;152;1
23576.12;29;266;3
23579.86;19;325;0
23579.96;28;450;2
23584.39;0;152;1
23586.16;29;266;3
23589.91;19;325;0
23590;30;18;2
23594.59;0;152;1
23596.29;5;316;3
23600.04;19;325;0
23600.09;30;18;2
23604.63;24;458;1
23606.61;5;316;3
23610.09;19;325;0
23610.13;30;18;2
23614.68;24;458;1
23616.67;5;316;3
23620.13;25;409;0
23620.51;30;18;2
23624.72;24;458;1
23626.84;5;316;3
23630.48;25;409;0
23630.56;21;433;2
23634.77;24;458;1
23637.06;5;316;3
23640.56;25;409;0
23640.6;21;433;2
23644.81;11;365;1
23647.1;5;316;3
23650.6;1;386;0
23650.93;21;433;2
23654.86;11;365;1
23657.15;5;316;3
23660.69;1;386;0
23661.06;21;433;2
23664.9;11;365;1
23667.19;7;235;3
23670.73;1;386;0
23671.48;10;230;2
23674.95;26;183;1
23677.24;7;235;3
23680.95;1;386;0
23681.76;10;230;2
23685.03;26;183;1
23687.28;7;235;3
23691.31;4;79;0
23691.94;10;230;2
23695.12;26;183;1
23697.33;9;349;3
23701.36;4;79;0
23702.36;10;230;2
23705.78;2;62;1
23707.37;9;349;3
23711.69;14;26;0
23712.78;10;230;2
23715.82;2;62;1
23717.42;9;349;3
23721.74;27;25;0
23722.95;10;230;2
23727.46;9;349;3
23731.78;27;25;0
23733.29;10;230;2
23734.62;0;474;1
23737.51;9;349;3
23741.83;25;142;0
23743.33;10;230;2
23744.69;0;474;1
23747.56;9;349;3
23753.41;8;67;2
23754.87;0;474;1
23757.62;9;349;3
23763.45;8;67;2
23765.29;0;474;1
23767.67;16;197;3
23768.27;19;548;0
23773.88;8;67;2
23775.4;0;474;1
23777.72;16;197;3
23778.34;19;548;0
23783.92;28;487;2
23785.46;24;42;1
23787.83;5;464;3
23788.44;19;548;0
23794.27;28;487;2
23795.64;24;42;1
23798.52;19;548;0
23803.74;29;429;3
23804.32;28;487;2
23805.74;24;42;1
23808.73;19;548;0
23814.06;29;429;3
23814.4;28;487;2
23816.16;24;42;1
23818.77;19;548;0
23824.34;29;429;3
23824.82;21;161;2
23826.28;24;42;1
23828.82;19;548;0
23834.38;29;429;3
23834.9;21;161;2
23836.33;24;42;1
23839.24;19;548;0
23844.43;7;498;3
23844.95;21;161;2
23846.45;24;42;1
23849.47;4;124;0
23854.5;7;498;3
23855.24;21;161;2
23856.5;24;42;1
23859.55;4;124;0
23864.56;9;113;3
23865.34;21;161;2
23871.31;1;416;0
23871.36;26;459;1
23874.6;9;113;3
23875.52;21;161;2
23881.36;1;416;0
23881.4;26;459;1
23884.65;9;113;3
23885.56;30;314;2
23891.41;1;416;0
23891.85;26;459;1
23894.72;9;113;3
23895.93;30;314;2
23901.56;27;41;0
23902.27;26;459;1
23905.01;9;113;3
23906.24;30;314;2
23911.7;27;41;0
23912.34;26;459;1
23915.33;9;113;3
23916.6;30;314;2
23922.12;14;87;0
23922.39;26;459;1
23925.39;5;436;3
23926.7;30;314;2
23932.39;14;87;0
23932.43;26;459;1
23935.44;5;436;3
23937.1;30;314;2
23942.43;25;541;0
23942.48;26;459;1
23945.52;5;436;3
23947.52;10;395;2
23952.48;25;541;0
23952.52;11;454;1
23955.57;5;436;3
23957.79;10;395;2
23962.53;25;541;0
23962.57;11;454;1
23965.62;5;436;3
23967.84;28;108;2
23972.61;19;55;0
23972.65;11;454;1
23975.67;16;221;3
23977.88;28;108;2
23982.67;19;55;0
23983.03;11;454;1
23985.74;16;221;3
23987.99;28;108;2
23992.85;19;55;0
23995.79;16;221;3
23998.04;2;212;1
23998.04;28;108;2
24002.94;19;55;0
24005.94;16;221;3
24008.12;2;212;1
24008.12;28;108;2
24013.05;1;279;0
24016.02;16;221;3
24018.18;0;525;1
24018.18;28;108;2
24023.1;1;279;0
24026.08;16;221;3
24028.23;0;525;1
24028.23;8;73;2
24033.19;1;279;0
24036.19;16;221;3
24038.3;24;322;1
24038.3;8;73;2
24043.23;4;305;0
24046.23;16;221;3
24048.35;24;322;1
24048.35;8;73;2
24053.45;4;305;0
24056.41;16;221;3
24058.43;24;322;1
24058.43;8;73;2
24063.87;4;305;0
24066.83;29;216;3
24068.59;26;530;1
24068.59;8;73;2
24074.29;27;432;0
24077.13;29;216;3
24078.82;26;530;1
24078.82;8;73;2
24084.34;27;432;0
24087.29;7;303;3
24089;26;530;1
24089;8;73;2
24094.38;27;432;0
24097.37;7;303;3
24099.42;26;530;1
24099.42;8;73;2
24104.68;27;432;0
24107.42;7;303;3
24109.46;11;429;1
24109.46;21;285;2
24114.84;27;432;0
24117.46;7;303;3
24119.51;11;429;1
24125.17;25;185;0
24127.52;7;303;3
24127.65;30;78;2
24129.55;11;429;1
24135.21;25;185;0
24137.56;7;303;3
24137.7;30;78;2
24139.6;11;429;1
24145.42;25;185;0
24147.65;5;361;3
24148.04;10;269;2
24149.64;2;282;1
24155.53;25;185;0
24157.89;5;361;3
24158.24;10;269;2
24159.68;0;77;1
24165.66;14;18;0
24167.95;5;361;3
24168.67;10;269;2
24169.73;0;77;1
24175.7;14;18;0
24178;5;361;3
24178.74;10;269;2
24179.77;0;77;1
24185.78;14;18;0
24188.04;5;361;3
24188.79;28;258;2
24189.83;0;77;1
24196.07;14;18;0
24198.29;5;361;3
24198.91;28;258;2
24199.88;0;77;1
24206.19;1;213;0
24208.45;9;93;3
24209.09;28;258;2
24210;0;77;1
24218.46;19;287;0
24218.65;9;93;3
24219.28;28;258;2
24220.09;0;77;1
24228.54;4;248;0
24228.7;9;93;3
24229.46;28;258;2
24230.16;24;531;1
24239.12;9;93;3
24239.92;28;258;2
24240.31;24;531;1
24243.44;27;424;0
24249.54;16;450;3
24250;28;258;2
24250.67;2;6;1
24253.53;27;424;0
24259.64;29;548;3
24260.04;8;274;2
24260.83;2;6;1
24263.63;27;424;0
24269.68;29;548;3
24270.09;8;274;2
24270.9;2;6;1
24273.87;25;345;0
24279.73;7;484;3
24280.15;8;274;2
24280.99;2;6;1
24283.94;25;345;0
24289.77;7;484;3
24290.22;8;274;2
24291.43;11;485;1
24294.21;25;345;0
24299.83;7;484;3
24300.26;8;274;2
24301.49;11;485;1
24304.25;25;345;0
24309.88;7;484;3
24310.34;21;174;2
24311.88;11;485;1
24314.6;25;345;0
24320.34;7;484;3
24320.43;30;294;2
24321.92;11;485;1
24324.83;14;503;0
24330.38;7;484;3
24330.89;30;294;2
24331.97;26;447;1
24340.13;19;517;0
24340.43;7;484;3
24341.1;30;294;2
24342.01;26;447;1
24350.22;19;517;0
24350.7;5;423;3
24351.52;10;435;2
24352.09;26;447;1
24360.48;19;517;0
24360.74;5;423;3
24361.66;10;435;2
24362.13;26;447;1
24370.74;19;517;0
24370.85;16;313;3
24371.77;10;435;2
24372.18;26;447;1
24380.85;19;517;0
24381.09;16;313;3
24381.82;10;435;2
24382.22;26;447;1
24390.89;1;38;0
24391.47;16;313;3
24392.22;28;22;2
24392.27;26;447;1
24401.11;1;38;0
24401.89;16;313;3
24402.27;28;22;2
24402.31;26;447;1
24411.53;1;38;0
24412.17;16;313;3
24412.35;28;22;2
24412.4;0;15;1
24421.95;1;38;0
24422.27;29;214;3
24422.4;28;22;2
24422.82;0;15;1
24432.11;1;38;0
24432.43;29;214;3
24432.54;28;22;2
24433.14;24;388;1
24442.15;1;38;0
24442.5;29;214;3
24442.59;28;22;2
24443.26;24;388;1
24452.23;1;38;0
24452.57;29;214;3
24452.82;28;22;2
24453.33;24;388;1
24462.56;27;432;0
24462.73;29;214;3
24463.24;21;307;2
24463.52;24;388;1
24472.89;9;396;3
24473.24;4;518;0
24473.52;21;307;2
24473.94;24;388;1
24483.24;9;396;3
24483.29;4;518;0
24483.57;21;307;2
24484.24;24;388;1
24493.35;14;549;0
24493.95;7;67;3
24493.99;21;307;2
24494.57;2;169;1
24503.4;14;549;0
24504.03;7;67;3
24504.07;21;307;2
24505.03;2;169;1
24513.68;14;549;0
24514.07;5;450;3
24514.27;21;307;2
24515.08;11;306;1
24523.72;14;549;0
24524.27;16;74;3
24524.35;21;307;2
24525.21;11;306;1
24533.84;14;549;0
24534.35;16;74;3
24534.55;8;455;2
24541.42;26;205;1
24543.96;25;343;0
24544.63;8;455;2
24551.46;26;205;1
24554.38;25;343;0
24554.78;8;455;2
24561.73;0;317;1
24564.64;25;343;0
24564.84;30;330;2
24572.04;0;317;1
24574.86;19;159;0
24574.99;30;330;2
24582.09;0;317;1
24584.99;19;159;0
24585.03;30;330;2
24592.17;0;317;1
24595.03;4;446;0
24595.14;30;330;2
24596.1;5;3;3
24602.27;0;317;1
24605.16;1;378;0
24605.2;10;379;2
24606.27;5;3;3
24612.69;0;317;1
24615.2;1;378;0
24615.43;10;379;2
24616.46;5;3;3
24622.74;2;531;1
24625.26;1;378;0
24625.48;10;379;2
24626.69;5;3;3
24634.71;11;325;1
24635.39;1;378;0
24635.52;10;379;2
24636.75;5;3;3
24644.75;11;325;1
24645.54;1;378;0
24645.73;28;203;2
24652;9;204;3
24654.82;11;325;1
24655.73;1;378;0
24655.99;28;203;2
24662.28;9;204;3
24664.87;11;325;1
24665.9;1;378;0
24666.29;28;203;2
24672.33;9;204;3
24674.92;11;325;1
24675.95;1;378;0
24676.47;28;203;2
24682.75;9;204;3
24685.17;24;497;1
24686.04;1;378;0
24686.64;28;203;2
24693.13;9;204;3
24695.22;24;497;1
24696.13;27;249;0
24696.75;28;203;2
24703.42;9;204;3
24705.46;24;497;1
24706.2;27;249;0
24706.8;28;203;2
24713.46;9;204;3
24715.54;24;497;1
24716.47;27;249;0
24717.09;21;258;2
24723.51;29;466;3
24725.67;24;497;1
24726.55;25;142;0
24727.13;21;258;2
24733.65;29;466;3
24735.73;0;163;1
24736.6;25;142;0
24737.27;21;258;2
24744.07;29;466;3
24745.98;0;163;1
24746.64;14;517;0
24747.31;8;25;2
24754.49;29;466;3
24756.2;0;163;1
24756.72;14;517;0
24757.39;8;25;2
24764.63;29;466;3
24766.41;0;163;1
24766.76;4;442;0
24767.43;8;25;2
24774.82;29;466;3
24776.76;0;163;1
24777.09;4;442;0
24777.71;8;25;2
24785.26;29;466;3
24786.81;26;152;1
24787.51;4;442;0
24787.76;30;305;2
24795.35;29;466;3
24796.89;26;152;1
24797.56;4;442;0
24797.8;30;305;2
24805.54;29;466;3
24806.99;2;429;1
24807.62;19;529;0
24807.85;30;305;2
24815.7;29;466;3
24817.03;11;484;1
24817.89;10;264;2
24818.03;25;378;0
24825.79;7;8;3
24827.12;11;484;1
24827.94;10;264;2
24835.83;7;8;3
24837.35;11;484;1
24837.75;14;392;0
24838.01;10;264;2
24846.03;7;8;3
24847.4;11;484;1
24847.92;14;392;0
24848.06;10;264;2
24856.18;7;8;3
24857.57;24;502;1
24858.06;14;392;0
24858.28;28;396;2
24866.23;7;8;3
24867.88;24;502;1
24868.12;14;392;0
24868.32;21;307;2
24876.27;7;8;3
24877.94;24;502;1
24878.32;14;392;0
24878.6;21;307;2
24886.41;7;8;3
24888.19;0;501;1
24888.39;14;392;0
24896.45;7;8;3
24898.27;0;501;1
24898.61;14;392;0
24900;8;134;2
24906.5;7;8;3
24908.61;2;42;1
24909.03;27;321;0
24910.15;8;134;2
24916.54;7;8;3
24918.65;2;42;1
24919.23;27;321;0
24920.57;8;134;2
24926.58;16;491;3
24928.69;2;42;1
24929.59;27;321;0
24930.63;8;134;2
24936.63;16;491;3
24938.75;2;42;1
24939.67;27;321;0
24940.68;8;134;2
24946.67;9;272;3
24948.79;2;42;1
24949.72;1;129;0
24951.14;8;134;2
24956.74;9;272;3
24958.99;26;493;1
24959.76;1;129;0
24961.28;30;199;2
24966.79;9;272;3
24969.41;26;493;1
24969.82;1;129;0
24971.32;30;199;2
24976.83;5;113;3
24979.46;26;493;1
24979.9;1;129;0
24981.47;30;199;2
24986.88;5;113;3
24989.62;26;493;1
24990.01;4;448;0
24991.52;10;470;2
24996.92;5;113;3
24999.81;26;493;1
25000.11;4;448;0
25001.73;10;470;2
25006.97;5;113;3
25009.86;24;435;1
25010.53;4;448;0
25011.96;10;470;2
25017.06;5;113;3
25020.04;24;435;1
25020.69;4;448;0
25022.24;10;470;2
25027.48;5;113;3
25030.18;24;435;1
25031.14;19;408;0
25032.32;10;470;2
25037.71;7;237;3
25040.22;11;274;1
25042.37;10;470;2
25048.16;7;237;3
25050.64;11;274;1
25052.62;25;236;0
25052.62;28;11;2
25058.22;29;480;3
25061.04;11;274;1
25062.66;25;236;0
25062.66;28;11;2
25068.42;29;480;3
25071.1;0;73;1
25072.8;25;236;0
25078.47;29;480;3
25081.5;0;73;1
25082.86;14;540;0
25086.56;21;2;2
25088.67;29;480;3
25091.63;0;73;1
25093.28;14;540;0
25096.61;21;2;2
25098.72;29;480;3
25101.72;0;73;1
25103.38;14;540;0
25106.83;21;2;2
25108.79;29;480;3
25111.76;2;306;1
25113.43;14;540;0
25116.92;21;2;2
25118.83;16;454;3
25121.83;2;306;1
25123.64;27;242;0
25127.37;21;2;2
25128.92;16;454;3
25131.88;2;306;1
25133.86;27;242;0
25137.48;21;2;2
25138.99;9;368;3
25141.96;2;306;1
25143.91;27;242;0
25147.74;21;2;2
25149.05;9;368;3
25152.05;26;80;1
25153.99;27;242;0
25158.09;8;536;2
25159.2;5;342;3
25162.1;26;80;1
25164.41;19;355;0
25168.38;8;536;2
25169.41;5;342;3
25172.43;26;80;1
25174.7;19;355;0
25178.51;8;536;2
25179.73;5;342;3
25182.58;26;80;1
25184.95;19;355;0
25188.63;8;536;2
25190;5;342;3
25192.75;26;80;1
25195;19;355;0
25198.78;30;425;2
25200.13;5;342;3
25202.9;26;80;1
25205.17;19;355;0
25209.17;30;425;2
25210.59;5;342;3
25212.94;26;80;1
25215.37;19;355;0
25219.21;30;425;2
25221.01;5;342;3
25222.99;26;80;1
25225.48;19;355;0
25229.26;30;425;2
25231.09;5;342;3
25233.03;26;80;1
25235.53;1;42;0
25239.3;10;272;2
25241.14;5;342;3
25243.08;11;416;1
25245.59;1;42;0
25249.35;10;272;2
25251.37;5;342;3
25253.37;11;416;1
25255.67;1;42;0
25259.41;10;272;2
25261.48;5;342;3
25263.79;11;416;1
25265.71;1;42;0
25269.46;28;313;2
25271.54;5;342;3
25274;11;416;1
25275.89;1;42;0
25279.5;28;313;2
25281.63;5;342;3
25284.04;11;416;1
25286.31;1;42;0
25289.56;21;183;2
25291.72;7;236;3
25294.26;11;416;1
25296.48;14;79;0
25299.65;21;183;2
25301.78;16;321;3
25304.35;11;416;1
25306.62;14;79;0
25309.94;21;183;2
25311.83;16;321;3
25314.53;11;416;1
25316.9;4;517;0
25320.01;21;183;2
25321.87;16;321;3
25324.62;11;416;1
25327.12;4;517;0
25330.1;21;183;2
25332.29;9;258;3
25334.67;24;312;1
25337.31;27;263;0
25340.15;21;183;2
25342.44;9;258;3
25344.72;24;312;1
25347.36;27;263;0
25350.24;21;183;2
25352.72;9;258;3
25354.81;24;312;1
25357.46;27;263;0
25360.28;21;183;2
25362.89;9;258;3
25364.9;24;312;1
25367.66;27;263;0
25370.33;21;183;2
25373.27;9;258;3
25375.34;24;312;1
25378.04;27;263;0
25380.4;21;183;2
25383.33;29;169;3
25385.39;2;413;1
25388.09;25;154;0
25390.45;21;183;2
25393.45;29;169;3
25395.58;2;413;1
25398.2;25;154;0
25400.58;30;228;2
25403.54;5;389;3
25405.79;2;413;1
25408.56;25;154;0
25411;30;228;2
25413.96;5;389;3
25415.83;2;413;1
25418.83;19;337;0
25421.04;30;228;2
25424.01;7;352;3
25425.89;2;413;1
25433.34;8;322;2
25434.14;7;352;3
25434.41;14;327;0
25435.93;2;413;1
25443.45;8;322;2
25444.37;7;352;3
25444.59;14;327;0
25445.98;2;413;1
25453.56;8;322;2
25454.59;16;422;3
25454.63;14;327;0
25456.04;2;413;1
25463.75;8;322;2
25464.63;16;422;3
25464.72;14;327;0
25466.32;2;413;1
25473.8;8;322;2
25474.71;16;422;3
25475.17;14;327;0
25479.17;26;38;1
25484.12;8;322;2
25485.1;9;104;3
25485.35;14;327;0
25490.92;0;131;1
25494.42;10;538;2
25495.14;9;104;3
25495.4;14;327;0
25500.97;0;131;1
25504.72;10;538;2
25505.44;9;104;3
25505.82;1;455;0
25511.39;24;166;1
25515.14;10;538;2
25515.82;9;104;3
25516.02;1;455;0
25521.43;24;166;1
25525.27;10;538;2
25526.02;9;104;3
25526.24;1;455;0
25531.76;24;166;1
25535.31;10;538;2
25536.24;9;104;3
25536.33;4;377;0
25542.09;11;109;1
25545.53;21;341;2
25546.31;9;104;3
25552.13;11;109;1
25555.95;21;341;2
25556.38;7;209;3
25557.1;27;268;0
25562.38;11;109;1
25566.01;21;341;2
25566.42;7;209;3
25567.15;27;268;0
25572.43;11;109;1
25576.42;21;341;2
25576.47;7;209;3
25577.22;27;268;0
25582.47;11;109;1
25586.5;28;411;2
25586.54;7;209;3
25587.27;27;268;0
25592.55;11;109;1
25596.59;28;411;2
25596.63;7;209;3
25597.31;25;357;0
25602.6;11;109;1
25606.63;30;2;2
25606.68;29;456;3
25607.61;25;357;0
25612.73;11;109;1
25616.68;30;2;2
25616.86;29;456;3
25617.65;25;357;0
25622.78;11;109;1
25626.86;30;2;2
25627.03;29;456;3
25627.93;25;357;0
25632.82;2;433;1
25636.91;30;2;2
25637.31;29;456;3
25637.98;25;357;0
25642.89;2;433;1
25647.06;30;2;2
25647.36;29;456;3
25648.03;25;357;0
25653.07;2;433;1
25657.11;30;2;2
25657.43;29;456;3
25658.07;25;357;0
25663.12;2;433;1
25667.25;30;2;2
25667.85;29;456;3
25668.12;25;357;0
25673.52;2;433;1
25677.56;8;205;2
25678.12;16;56;3
25678.16;19;23;0
25683.96;2;433;1
25688.16;16;56;3
25688.21;19;23;0
25688.92;10;161;2
25694;0;487;1
25698.21;16;56;3
25698.25;1;280;0
25698.99;10;161;2
25704.04;0;487;1
25708.25;5;490;3
25708.29;1;280;0
25709.03;10;161;2
25714.13;0;487;1
25718.3;5;490;3
25718.35;1;280;0
25719.09;10;161;2
25724.18;0;487;1
25728.35;5;490;3
25728.44;14;395;0
25729.21;10;161;2
25734.22;0;487;1
25738.43;5;490;3
25738.68;14;395;0
25739.3;21;193;2
25744.26;0;487;1
25748.68;5;490;3
25748.89;14;395;0
25749.56;21;193;2
25754.5;0;487;1
25758.94;7;323;3
25759.15;14;395;0
25764.73;24;381;1
25767.52;28;353;2
25769.02;7;323;3
25769.2;14;395;0
25774.89;24;381;1
25779.2;7;323;3
25779.24;14;395;0
25781.55;30;481;2
25784.94;24;381;1
25789.24;7;323;3
25789.29;4;291;0
25791.95;30;481;2
25795.08;26;230;1
25799.33;9;511;3
25799.37;4;291;0
25802.01;30;481;2
25805.15;26;230;1
25809.37;9;511;3
25809.83;4;291;0
25812.3;30;481;2
25815.2;26;230;1
25819.42;9;511;3
25820.23;4;291;0
25822.35;30;481;2
25825.27;26;230;1
25829.46;9;511;3
25830.31;4;291;0
25832.39;30;481;2
25835.31;11;122;1
25839.51;9;511;3
25840.35;27;355;0
25842.51;8;535;2
25845.35;11;122;1
25849.55;9;511;3
25850.51;27;355;0
25852.55;8;535;2
25855.4;11;122;1
25859.6;29;424;3
25860.62;27;355;0
25862.6;8;535;2
25865.44;11;122;1
25869.64;29;424;3
25871.04;19;204;0
25872.64;8;535;2
25879.69;29;424;3
25881.28;19;204;0
25882.73;8;535;2
25889.73;29;424;3
25891.7;19;204;0
25892.77;8;535;2
25893.89;2;187;1
25899.81;29;424;3
25901.96;25;157;0
25902.83;8;535;2
25904.19;2;187;1
25910;29;424;3
25912.07;25;157;0
25913;8;535;2
25920.16;29;424;3
25922.2;25;157;0
25923.07;8;535;2
25927.16;0;497;1
25930.33;7;269;3
25932.26;25;157;0
25933.18;8;535;2
25937.21;0;497;1
25940.4;7;269;3
25942.5;25;157;0
25943.22;10;368;2
25947.33;0;497;1
25950.44;7;269;3
25952.71;25;157;0
25953.33;10;368;2
25957.51;0;497;1
25960.51;7;269;3
25962.78;1;72;0
25963.39;10;368;2
25967.56;0;497;1
25970.56;7;269;3
25973.04;1;72;0
25973.44;10;368;2
25977.83;0;497;1
25980.8;7;269;3
25983.47;1;72;0
25983.63;21;144;2
25987.88;24;548;1
25990.88;7;269;3
25993.65;1;72;0
25993.83;21;144;2
25997.94;24;548;1
26000.93;9;496;3
26003.72;4;191;0
26003.93;21;144;2
26007.99;24;548;1
26010.99;9;496;3
26013.77;4;191;0
26013.99;21;144;2
26018.27;24;548;1
26021.27;9;496;3
26023.99;4;191;0
26024.1;21;144;2
26028.35;24;548;1
26031.32;5;446;3
26034.06;14;46;0
26034.15;28;200;2
26038.77;26;171;1
26041.41;5;446;3
26044.15;14;46;0
26044.19;28;200;2
26049.19;11;467;1
26051.46;5;446;3
26054.22;14;46;0
26054.26;28;200;2
26059.27;11;467;1
26061.55;5;446;3
26064.26;14;46;0
26064.4;28;200;2
26069.66;11;467;1
26071.68;16;516;3
26074.4;27;275;0
26074.51;28;200;2
26079.76;11;467;1
26082.1;16;516;3
26084.51;27;275;0
26084.76;28;200;2
26089.8;11;467;1
26092.52;29;407;3
26094.76;27;275;0
26094.92;30;307;2
26099.85;11;467;1
26102.66;29;407;3
26104.93;27;275;0
26105.26;30;307;2
26110;2;345;1
26112.71;29;407;3
26115.25;19;263;0
26115.38;30;307;2
26120.45;2;345;1
26123.14;29;407;3
26125.4;19;263;0
26125.45;30;307;2
26130.88;2;345;1
26133.19;29;407;3
26135.45;25;80;0
26135.49;30;307;2
26141.06;2;345;1
26143.27;29;407;3
26145.49;25;80;0
26145.55;30;307;2
26151.1;0;14;1
26153.69;7;190;3
26155.55;25;80;0
26155.79;8;337;2
26163.2;26;529;1
26164.15;7;190;3
26165.79;25;80;0
26165.84;8;337;2
26173.29;26;529;1
26174.2;7;190;3
26175.91;8;337;2
26177.49;1;421;0
26183.44;26;529;1
26184.25;7;190;3
26185.96;8;337;2
26187.57;1;421;0
26193.81;24;114;1
26194.4;7;190;3
26196;10;230;2
26197.66;1;421;0
26204.06;24;114;1
26204.45;5;444;3
26206.05;10;230;2
26207.75;1;421;0
26214.22;24;114;1
26214.5;5;444;3
26216.38;10;230;2
26218.07;4;531;0
26224.26;24;114;1
26224.84;5;444;3
26226.43;10;230;2
26228.13;4;531;0
26234.5;11;330;1
26234.89;9;15;3
26236.51;10;230;2
26238.55;4;531;0
26244.54;11;330;1
26244.93;9;15;3
26246.96;10;230;2
26248.67;14;409;0
26254.63;2;231;1
26255.27;9;15;3
26257;10;230;2
26259.04;14;409;0
26264.69;2;231;1
26265.45;9;15;3
26267.06;10;230;2
26269.17;14;409;0
26274.99;0;59;1
26275.86;16;69;3
26277.21;21;447;2
26279.47;14;409;0
26285.3;0;59;1
26285.97;16;69;3
26287.28;21;447;2
26289.61;27;214;0
26295.51;0;59;1
26297.53;21;447;2
26298.18;29;305;3
26299.72;27;214;0
26305.56;0;59;1
26307.58;21;447;2
26308.38;29;305;3
26310;27;214;0
26315.61;0;59;1
26317.62;28;463;2
26318.43;29;305;3
26320.28;19;359;0
26325.7;0;59;1
26327.67;28;463;2
26328.55;7;407;3
26330.42;19;359;0
26336;0;59;1
26337.71;30;94;2
26338.72;7;407;3
26340.46;19;359;0
26346.09;0;59;1
26347.76;30;94;2
26348.89;7;407;3
26350.59;19;359;0
26356.16;0;59;1
26357.84;30;94;2
26360.8;25;264;0
26360.85;5;494;3
26366.2;0;59;1
26368.03;30;94;2
26370.86;25;264;0
26370.9;5;494;3
26376.6;26;273;1
26378.1;30;94;2
26380.9;25;264;0
26380.99;5;494;3
26386.69;26;273;1
26388.52;30;94;2
26390.95;25;264;0
26391.04;5;494;3
26396.74;26;273;1
26398.58;30;94;2
26401.07;25;264;0
26401.37;9;129;3
26406.87;26;273;1
26409.02;30;94;2
26411.41;25;264;0
26411.81;9;129;3
26416.92;26;273;1
26419.26;30;94;2
26421.72;25;264;0
26421.85;9;129;3
26427.35;24;163;1
26429.32;30;94;2
26431.79;1;295;0
26432.16;16;237;3
26439.62;2;306;1
26439.62;30;94;2
26441.87;1;295;0
26442.3;16;237;3
26449.67;2;306;1
26449.67;30;94;2
26451.91;14;152;0
26456.08;29;399;3
26459.75;2;306;1
26459.75;30;94;2
26461.96;14;152;0
26466.22;29;399;3
26470;2;306;1
26470;30;94;2
26472;14;152;0
26476.39;29;399;3
26480.32;11;470;1
26480.32;8;290;2
26482.08;14;152;0
26486.6;29;399;3
26490.56;11;470;1
26490.56;8;290;2
26492.4;4;406;0
26496.81;29;399;3
26500.65;11;470;1
26500.65;10;228;2
26502.62;4;406;0
26506.94;29;399;3
26510.73;11;470;1
26510.73;10;228;2
26512.68;4;406;0
26517.1;7;113;3
26520.88;11;470;1
26520.88;10;228;2
26522.73;4;406;0
26527.17;7;113;3
26531.08;10;228;2
26531.18;0;22;1
26532.99;4;406;0
26537.34;5;259;3
26541.22;10;228;2
26541.27;0;22;1
26543.04;4;406;0
26547.41;5;259;3
26551.27;21;379;2
26551.42;0;22;1
26553.23;4;406;0
26557.74;5;259;3
26561.37;21;379;2
26561.61;24;204;1
26567.66;19;530;0
26567.98;16;246;3
26571.48;21;379;2
26571.65;24;204;1
26577.71;19;530;0
26578.4;16;246;3
26581.55;28;274;2
26581.91;24;204;1
26587.76;19;530;0
26588.57;16;246;3
26591.6;28;274;2
26591.96;24;204;1
26597.81;19;530;0
26598.68;16;246;3
26601.68;28;274;2
26602.2;24;204;1
26608.03;19;530;0
26608.82;16;246;3
26611.79;28;274;2
26612.5;26;255;1
26618.11;27;2;0
26619.24;16;246;3
26621.84;28;274;2
26622.54;26;255;1
26628.36;27;2;0
26629.66;9;99;3
26631.92;8;288;2
26632.63;26;255;1
26638.45;25;62;0
26640.08;9;99;3
26641.96;8;288;2
26642.67;26;255;1
26648.5;25;62;0
26650.5;9;99;3
26652.11;8;288;2
26652.72;26;255;1
26658.55;1;441;0
26660.64;9;99;3
26662.51;8;288;2
26662.76;26;255;1
26668.6;1;441;0
26670.69;9;99;3
26672.61;30;392;2
26672.81;26;255;1
26678.68;1;441;0
26680.73;9;99;3
26682.81;30;392;2
26682.85;2;298;1
26688.77;14;29;0
26690.78;7;117;3
26692.85;30;392;2
26692.9;2;298;1
26699.19;14;29;0
26700.86;7;117;3
26702.98;2;298;1
26702.98;10;330;2
26709.61;14;29;0
26710.9;7;117;3
26713.02;2;298;1
26713.02;10;330;2
26719.66;14;29;0
26720.95;29;516;3
26723.44;2;298;1
26723.44;10;330;2
26729.87;14;29;0
26731.02;29;516;3
26733.49;2;298;1
26733.49;10;330;2
26740.24;14;29;0
26741.27;29;516;3
26743.56;2;298;1
26743.56;10;330;2
26750.38;14;29;0
26751.32;29;516;3
26753.98;2;298;1
26753.98;28;279;2
26760.56;14;29;0
26761.54;29;516;3
26764.23;2;298;1
26764.23;28;279;2
26770.73;14;29;0
26771.58;29;516;3
26774.27;11;446;1
26774.27;28;279;2
26781.06;14;29;0
26781.63;5;529;3
26784.32;11;446;1
26784.32;21;258;2
26791.2;14;29;0
26791.67;5;529;3
26794.36;11;446;1
26794.36;21;258;2
26801.24;14;29;0
26801.73;5;529;3
26804.41;0;374;1
26804.41;21;258;2
26811.31;4;282;0
26811.78;5;529;3
26814.48;0;374;1
26814.48;21;258;2
26821.39;25;521;0
26821.82;5;529;3
26824.56;0;374;1
26824.56;8;99;2
26831.52;25;521;0
26831.89;5;529;3
26834.74;24;517;1
26834.74;8;99;2
26841.65;25;521;0
26842.31;5;529;3
26845.11;26;227;1
26845.11;8;99;2
26851.77;25;521;0
26852.48;5;529;3
26855.27;26;227;1
26855.27;8;99;2
26861.82;27;67;0
26862.73;7;97;3
26865.54;26;227;1
26865.54;30;315;2
26873.15;7;97;3
26875.6;26;227;1
26875.6;30;315;2
26879.56;19;283;0
26883.2;7;97;3
26886;2;265;1
26886;30;315;2
26889.89;19;283;0
26893.24;7;97;3
26896.24;2;265;1
26896.24;30;315;2
26900.13;19;283;0
26903.29;7;97;3
26906.29;2;265;1
26906.29;30;315;2
26910.53;19;283;0
26913.53;16;257;3
26916.36;2;265;1
26916.36;30;315;2
26920.75;19;283;0
26923.68;16;257;3
26926.41;2;265;1
26926.41;30;315;2
26930.82;19;283;0
26933.72;16;257;3
26936.62;2;265;1
26936.62;30;315;2
26941.24;19;283;0
26943.97;16;257;3
26946.91;2;265;1
26946.91;10;313;2
26951.29;19;283;0
26954.29;16;257;3
26957.05;11;442;1
26957.05;10;313;2
26961.55;1;27;0
26967.25;11;442;1
26967.25;28;138;2
26968;9;484;3
26971.61;1;27;0
26977.35;11;442;1
26977.35;28;138;2
26978.35;9;484;3
26981.77;1;27;0
26987.59;0;402;1
26987.59;28;138;2
26988.61;9;484;3
26992;4;279;0
26997.97;0;402;1
26997.97;28;138;2
26998.66;9;484;3
27002.04;4;279;0
27008.37;24;391;1
27008.37;21;322;2
27008.7;9;484;3
27012.27;4;279;0
27018.57;24;391;1
27018.57;21;322;2
27018.74;9;484;3
27022.34;14;539;0
27028.61;24;391;1
27028.61;21;322;2
27028.8;29;480;3
27032.39;14;539;0
27038.71;24;391;1
27038.71;21;322;2
27038.89;29;480;3
27042.43;25;239;0
27048.76;24;391;1
27048.76;21;322;2
27049.16;29;480;3
27058.22;27;473;0
27058.85;24;391;1
27059.04;8;516;2
27059.24;5;399;3
27068.26;27;473;0
27068.89;24;391;1
27069.29;5;399;3
27078.31;27;473;0
27078.93;24;391;1
27079.49;5;399;3
27083.24;10;274;2
27088.37;27;473;0
27089.02;24;391;1
27089.96;5;399;3
27093.4;30;143;2
27098.79;27;473;0
27099.06;24;391;1
27100.17;5;399;3
27103.45;30;143;2
27108.89;27;473;0
27109.11;26;395;1
27110.51;5;399;3
27113.53;30;143;2
27118.94;27;473;0
27119.18;26;395;1
27120.55;7;129;3
27123.58;30;143;2
27129.13;27;473;0
27129.41;26;395;1
27130.63;16;200;3
27133.62;30;143;2
27139.18;27;473;0
27139.46;26;395;1
27140.99;16;200;3
27143.91;30;143;2
27149.23;27;473;0
27149.66;26;395;1
27151.25;16;200;3
27154.09;30;143;2
27159.29;27;473;0
27159.96;26;395;1
27161.43;16;200;3
27164.24;30;143;2
27169.46;27;473;0
27170;26;395;1
27171.85;16;200;3
27174.57;30;143;2
27179.51;1;82;0
27180.16;2;296;1
27182.12;9;166;3
27184.68;28;226;2
27189.67;1;82;0
27190.31;2;296;1
27192.4;9;166;3
27194.72;28;226;2
27199.72;1;82;0
27200.35;2;296;1
27202.72;9;166;3
27204.77;28;226;2
27209.9;19;275;0
27210.62;11;177;1
27212.94;9;166;3
27215.19;28;226;2
27219.94;4;102;0
27220.88;11;177;1
27222.98;9;166;3
27225.23;28;226;2
27229.98;4;102;0
27230.93;11;177;1
27233.03;9;166;3
27235.65;28;226;2
27240.17;4;102;0
27240.97;11;177;1
27243.19;29;490;3
27245.7;21;101;2
27250.32;14;159;0
27251.06;11;177;1
27253.24;29;490;3
27257.53;8;456;2
27260.37;14;159;0
27261.11;11;177;1
27263.35;29;490;3
27267.72;8;456;2
27270.6;14;159;0
27271.22;11;177;1
27273.56;29;490;3
27277.78;8;456;2
27280.65;14;159;0
27281.31;11;177;1
27283.6;29;490;3
27288.2;8;456;2
27291.02;14;159;0
27291.48;0;67;1
27293.89;5;164;3
27298.56;8;456;2
27301.06;14;159;0
27301.56;0;67;1
27303.94;5;164;3
27308.98;10;549;2
27311.11;14;159;0
27311.73;24;28;1
27314.11;5;164;3
27319.05;10;549;2
27321.53;14;159;0
27322.04;24;28;1
27324.32;7;109;3
27330.23;30;161;2
27332.42;26;374;1
27334.57;7;109;3
27338.89;25;255;0
27340.34;30;161;2
27342.57;26;374;1
27344.72;7;109;3
27348.94;25;255;0
27350.54;30;161;2
27353.02;26;374;1
27354.77;7;109;3
27359;25;255;0
27360.6;30;161;2
27363.13;2;350;1
27364.83;7;109;3
27369.08;25;255;0
27370.65;28;330;2
27373.18;2;350;1
27374.88;7;109;3
27379.37;25;255;0
27380.71;28;330;2
27383.22;2;350;1
27385.08;16;492;3
27389.63;25;255;0
27391.12;28;330;2
27393.27;2;350;1
27395.13;16;492;3
27399.67;25;255;0
27401.17;21;236;2
27403.62;2;350;1
27405.33;9;479;3
27409.72;25;255;0
27411.59;21;236;2
27413.69;2;350;1
27415.46;9;479;3
27419.76;27;428;0
27421.64;21;236;2
27423.73;2;350;1
27425.88;9;479;3
27429.81;27;428;0
27431.73;21;236;2
27433.8;2;350;1
27436.31;9;479;3
27440.16;27;428;0
27441.78;21;236;2
27443.85;2;350;1
27446.43;9;479;3
27450.45;27;428;0
27452.11;21;236;2
27453.91;2;350;1
27456.55;9;479;3
27460.5;27;428;0
27462.18;21;236;2
27463.96;0;46;1
27466.76;29;190;3
27470.67;27;428;0
27472.22;8;163;2
27474.03;0;46;1
27476.8;29;190;3
27481.09;27;428;0
27482.34;8;163;2
27484.11;11;315;1
27486.85;29;190;3
27492.39;8;163;2
27494.3;11;315;1
27494.57;4;275;0
27496.93;29;190;3
27502.74;8;163;2
27504.43;11;315;1
27504.62;4;275;0
27507.11;29;190;3
27512.91;8;163;2
27514.5;26;435;1
27514.89;4;275;0
27517.19;5;521;3
27522.98;8;163;2
27524.89;26;435;1
27525.31;4;275;0
27527.25;16;310;3
27533.12;8;163;2
27534.95;24;289;1
27535.35;4;275;0
27537.35;16;310;3
27543.2;10;204;2
27545.36;24;289;1
27545.48;1;2;0
27547.55;16;310;3
27553.38;10;204;2
27555.48;24;289;1
27555.63;1;2;0
27557.68;16;310;3
27563.51;10;204;2
27565.6;2;255;1
27565.99;1;2;0
27567.73;7;20;3
27573.93;30;481;2
27575.86;2;255;1
27576.04;1;2;0
27577.77;7;20;3
27584.15;30;481;2
27585.9;0;333;1
27586.08;1;2;0
27587.82;7;20;3
27594.28;21;506;2
27596.08;0;333;1
27596.25;14;314;0
27597.86;7;20;3
27604.36;28;183;2
27606.12;0;333;1
27606.29;14;314;0
27607.97;9;520;3
27614.4;28;183;2
27616.17;0;333;1
27616.63;14;314;0
27618.13;9;520;3
27624.45;28;183;2
27626.21;0;333;1
27627.05;14;314;0
27628.34;9;520;3
27634.49;28;183;2
27636.26;0;333;1
27637.47;14;314;0
27638.52;29;257;3
27646.3;11;407;1
27647.51;14;314;0
27648.57;5;349;3
27656.35;11;407;1
27662.26;19;127;0
27665.82;8;35;2
27666.36;16;206;3
27666.4;11;407;1
27672.4;19;127;0
27675.87;8;35;2
27676.41;16;206;3
27676.46;11;407;1
27682.51;25;510;0
27686.15;8;35;2
27686.46;16;206;3
27686.74;11;407;1
27692.57;27;214;0
27696.46;8;35;2
27696.5;16;206;3
27696.79;11;407;1
27702.62;27;214;0
27706.54;8;35;2
27706.58;16;206;3
27706.84;26;419;1
27712.7;27;214;0
27716.58;30;236;2
27716.67;16;206;3
27716.96;26;419;1
27722.79;27;214;0
27726.63;30;236;2
27726.96;16;206;3
27727.18;26;419;1
27732.98;4;302;0
27736.68;30;236;2
27737.03;16;206;3
27737.64;24;346;1
27743.21;4;302;0
27746.73;10;247;2
27747.25;16;206;3
27747.85;24;346;1
27753.64;4;302;0
27756.84;10;247;2
27757.55;9;536;3
27757.97;24;346;1
27763.8;4;302;0
27766.92;10;247;2
27767.6;9;536;3
27768.19;24;346;1
27773.92;1;345;0
27776.97;10;247;2
27777.73;9;536;3
27778.61;2;481;1
27784.04;1;345;0
27787.02;10;247;2
27788.15;9;536;3
27788.8;2;481;1
27794.12;1;345;0
27797.07;10;247;2
27798.41;9;536;3
27798.95;2;481;1
27804.22;1;345;0
27807.21;10;247;2
27808.5;7;21;3
27809.07;2;481;1
27814.27;19;540;0
27817.27;10;247;2
27818.61;7;21;3
27819.5;0;309;1
27824.31;19;540;0
27827.32;10;247;2
27828.66;7;21;3
27829.57;0;309;1
27834.42;25;391;0
27837.42;10;247;2
27839.09;29;209;3
27839.75;0;309;1
27844.53;25;391;0
27847.52;10;247;2
27849.23;29;209;3
27849.87;0;309;1
27854.97;25;391;0
27857.57;10;247;2
27859.44;29;209;3
27860.29;0;309;1
27865.22;25;391;0
27868;10;247;2
27869.86;29;209;3
27870.49;0;309;1
27875.31;25;391;0
27878.27;10;247;2
27880.18;29;209;3
27880.55;0;309;1
27885.73;25;391;0
27888.69;21;373;2
27890.45;29;209;3
27890.98;0;309;1
27896.15;25;391;0
27898.76;21;373;2
27900.73;29;209;3
27901.23;0;309;1
27906.55;14;154;0
27909.19;28;270;2
27910.81;29;209;3
27911.28;26;494;1
27916.6;14;154;0
27919.54;28;270;2
27920.85;29;209;3
27921.35;26;494;1
27926.68;14;154;0
27929.72;28;270;2
27930.89;16;203;3
27931.39;26;494;1
27936.8;14;154;0
27939.76;30;112;2
27941.23;16;203;3
27941.69;26;494;1
27946.94;14;154;0
27949.92;30;112;2
27951.39;16;203;3
27952.11;26;494;1
27957.25;14;154;0
27960.17;30;112;2
27962.24;26;494;1
27964.98;9;491;3
27967.37;14;154;0
27970.37;30;112;2
27972.29;26;494;1
27975.03;9;491;3
27977.79;14;154;0
27980.41;30;112;2
27982.37;11;259;1
27985.35;9;491;3
27988.18;4;485;0
27990.65;30;112;2
27992.59;11;259;1
27995.42;9;491;3
27998.31;4;485;0
28000.7;30;112;2
28002.77;24;285;1
28005.47;5;430;3
28010.4;27;216;0
28010.74;8;151;2
28013.13;24;285;1
28015.61;5;430;3
28020.49;27;216;0
28020.79;10;246;2
28023.28;24;285;1
28026.01;5;430;3
28030.64;19;530;0
28030.83;10;246;2
28033.33;0;242;1
28036.33;5;430;3
28040.84;19;530;0
28040.89;10;246;2
28043.41;0;242;1
28046.42;7;78;3
28050.89;19;530;0
28050.93;21;23;2
28053.48;0;242;1
28056.46;7;78;3
28060.93;19;530;0
28060.98;21;23;2
28063.53;0;242;1
28066.51;7;78;3
28070.98;19;530;0
28071.4;21;23;2
28073.67;0;242;1
28076.69;7;78;3
28081.02;19;530;0
28081.55;21;23;2
28083.72;2;306;1
28088.51;29;305;3
28091.11;1;191;0
28091.69;21;23;2
28094.1;2;306;1
28098.6;29;305;3
28101.37;1;191;0
28102.11;21;23;2
28104.35;2;306;1
28108.65;29;305;3
28111.58;1;191;0
28112.2;21;23;2
28114.48;26;166;1
28118.78;29;305;3
28121.74;1;191;0
28122.35;21;23;2
28124.54;26;166;1
28128.83;16;113;3
28131.83;1;191;0
28132.41;28;199;2
28134.83;26;166;1
28138.9;16;113;3
28141.89;1;191;0
28142.54;28;199;2
28144.87;26;166;1
28149.24;16;113;3
28152.03;14;487;0
28152.69;28;199;2
28155.06;26;166;1
28159.28;9;543;3
28162.1;14;487;0
28163.04;28;199;2
28165.12;11;62;1
28169.65;9;543;3
28172.32;25;212;0
28173.37;28;199;2
28175.35;11;62;1
28179.69;9;543;3
28182.52;25;212;0
28183.41;28;199;2
28185.48;24;99;1
28189.75;9;543;3
28192.75;4;59;0
28193.84;28;199;2
28195.61;24;99;1
28199.8;7;280;3
28202.8;4;59;0
28203.95;28;199;2
28205.8;24;99;1
28210;7;280;3
28214.48;27;68;0
28214.48;30;61;2
28215.88;24;99;1
28224.56;27;68;0
28224.56;30;61;2
28225.93;24;99;1
28229.94;5;320;3
28235.03;30;61;2
28235.13;19;346;0
28240.31;5;320;3
28242.61;0;226;1
28245.13;10;433;2
28245.33;19;346;0
28250.42;5;320;3
28252.7;0;226;1
28255.33;10;433;2
28255.7;1;357;0
28260.48;5;320;3
28262.83;0;226;1
28265.4;10;433;2
28265.83;1;357;0
28270.61;5;320;3
28272.87;2;284;1
28275.48;10;433;2
28275.88;1;357;0
28280.65;5;320;3
28283.08;2;284;1
28285.63;10;433;2
28286.09;1;357;0
28290.89;5;320;3
28293.13;2;284;1
28295.8;8;277;2
28296.13;1;357;0
28300.93;5;320;3
28303.23;2;284;1
28305.89;8;277;2
28306.23;1;357;0
28310.98;5;320;3
28313.4;11;325;1
28315.95;8;277;2
28316.27;1;357;0
28321.14;5;320;3
28323.48;11;325;1
28326;8;277;2
28326.47;1;357;0
28331.29;5;320;3
28333.68;11;325;1
28336.16;8;277;2
28336.68;1;357;0
28341.44;5;320;3
28343.73;11;325;1
28346.3;8;277;2
28346.73;1;357;0
28351.48;5;320;3
28354.15;11;325;1
28356.37;8;277;2
28356.99;1;357;0
28361.77;29;163;3
28364.57;11;325;1
28366.43;8;277;2
28367.23;1;357;0
28371.82;29;163;3
28374.82;11;325;1
28376.69;8;277;2
28377.3;1;357;0
28381.98;29;163;3
28384.86;11;325;1
28386.73;8;277;2
28387.4;14;440;0
28392.1;16;20;3
28395.1;26;265;1
28396.78;21;455;2
28397.44;14;440;0
28402.48;16;20;3
28405.31;26;265;1
28406.82;21;455;2
28407.49;14;440;0
28412.65;7;336;3
28415.63;26;265;1
28416.87;21;455;2
28417.92;14;440;0
28425.73;26;265;1
28426.92;21;455;2
28427.49;9;536;3
28427.96;14;440;0
28435.93;24;353;1
28436.96;21;455;2
28437.71;9;536;3
28438;4;289;0
28445.98;0;50;1
28447;28;203;2
28448;9;536;3
28448.05;4;289;0
28456.02;0;50;1
28457.05;28;203;2
28458.09;4;289;0
28466.06;0;50;1
28467.09;28;203;2
28473.23;27;80;0
28476.11;0;50;1
28476.5;5;57;3
28477.14;30;422;2
28483.38;27;80;0
28486.17;0;50;1
28486.7;5;57;3
28487.18;30;422;2
28493.72;27;80;0
28496.25;2;13;1
28496.77;5;57;3
28497.23;30;422;2
28504.14;27;80;0
28506.33;11;143;1
28506.91;5;57;3
28507.32;30;422;2
28514.5;27;80;0
28517;5;57;3
28517.38;10;429;2
28523.34;24;307;1
28524.59;27;80;0
28527.05;5;57;3
28527.47;10;429;2
28533.58;24;307;1
28534.69;19;298;0
28537.15;5;57;3
28537.53;10;429;2
28543.8;24;307;1
28545;19;298;0
28547.21;5;57;3
28547.62;8;490;2
28553.97;24;307;1
28555.35;19;298;0
28557.34;16;101;3
28557.66;8;490;2
28564.08;26;449;1
28565.57;25;329;0
28567.39;16;101;3
28567.97;21;109;2
28574.5;26;449;1
28575.99;25;329;0
28577.43;16;101;3
28578.1;21;109;2
28584.55;26;449;1
28586.22;25;329;0
28587.48;7;361;3
28588.14;21;109;2
28594.59;26;449;1
28596.31;14;357;0
28597.52;7;361;3
28598.28;21;109;2
28604.66;26;449;1
28606.46;14;357;0
28607.59;7;361;3
28608.32;21;109;2
28614.87;26;449;1
28616.5;14;357;0
28617.84;7;361;3
28618.43;28;239;2
28624.93;26;449;1
28626.59;1;166;0
28627.89;7;361;3
28628.48;28;239;2
28634.97;26;449;1
28636.68;4;209;0
28637.93;7;361;3
28638.53;28;239;2
28645.01;26;449;1
28646.72;4;209;0
28648.02;7;361;3
28648.95;28;239;2
28655.08;26;449;1
28657.14;4;209;0
28658.07;7;361;3
28659.22;28;239;2
28665.14;0;352;1
28667.31;4;209;0
28668.15;29;546;3
28669.26;28;239;2
28675.41;0;352;1
28677.41;4;209;0
28678.21;29;546;3
28679.72;28;239;2
28685.51;0;352;1
28687.83;4;209;0
28688.51;29;546;3
28690.01;30;190;2
28695.81;0;352;1
28697.87;27;281;0
28698.57;29;546;3
28700.44;30;190;2
28706.12;2;272;1
28708.26;27;281;0
28708.61;9;152;3
28710.6;10;435;2
28716.57;2;272;1
28718.35;27;281;0
28718.97;9;152;3
28720.76;10;435;2
28727;11;402;1
28728.77;19;441;0
28729.29;9;152;3
28730.8;8;211;2
28739.22;19;441;0
28739.39;9;152;3
28739.53;24;439;1
28740.85;8;211;2
28749.48;9;152;3
28749.57;24;439;1
28750.9;25;398;0
28752.99;21;129;2
28759.57;5;283;3
28759.81;24;439;1
28760.94;25;398;0
28763.3;21;129;2
28769.61;5;283;3
28769.86;24;439;1
28771.39;25;398;0
28779.73;16;244;3
28780.12;0;490;1
28781.81;25;398;0
28789.77;16;244;3
28790.16;0;490;1
28792.02;25;398;0
28799.95;16;244;3
