#FromID;FromX;FromY;FromIsStorage;FromIsIStation;FromIsOStation;FromIsElevator;ToID;ToX;ToY;ToIsStorage;ToIsIStation;ToIsOStation;ToIsElevator;Count;TravelTimeAvg;TravelTimeVar;TravelTimeMin;TravelTimeMax
12;61.50;3.50;False;False;True;False;290;27.50;1.50;True;False;False;False;1;37.32702744647031;0;37.32702744647031;37.32702744647031
12;61.50;3.50;False;False;True;False;292;29.50;1.50;True;False;False;False;3;33.66281170703511;0.015104061850362132;33.52194884434539;33.748152943425794
12;61.50;3.50;False;False;True;False;293;30.50;1.50;True;False;False;False;4;39.47770763507788;0.2844630648668107;39.0992568616075;40.26796536059919
12;61.50;3.50;False;False;True;False;294;31.50;1.50;True;False;False;False;2;41.78786957009652;5.1847911594010085;40.17777777777519;43.397961362417846
12;61.50;3.50;False;False;True;False;295;32.50;1.50;True;False;False;False;1;41.15704102887321;0;41.15704102887321;41.15704102887321
12;61.50;3.50;False;False;True;False;300;37.50;1.50;True;False;False;False;5;26.370745309988592;5.188673389595758;22.333449173893314;27.857412999799635
12;61.50;3.50;False;False;True;False;302;39.50;1.50;True;False;False;False;3;26.912288473843848;0.052912139621873355;26.753148945237626;27.17602690390777
12;61.50;3.50;False;False;True;False;303;40.50;1.50;True;False;False;False;5;32.99639216396863;0.1556085706402791;32.547965360601665;33.428621900493454
12;61.50;3.50;False;False;True;False;304;41.50;1.50;True;False;False;False;7;34.92717696510213;7.9523678927245385;33.57472182049332;41.28860990593239
12;61.50;3.50;False;False;True;False;305;42.50;1.50;True;False;False;False;6;34.45626673868802;0.2868916611237099;33.94313246149795;35.4240732769772
12;61.50;3.50;False;False;True;False;307;44.50;1.50;True;False;False;False;5;37.09491925401435;7.039896088021656;35.658755115567146;41.79370130606185
12;61.50;3.50;False;False;True;False;308;45.50;1.50;True;False;False;False;4;38.1078553756372;7.462873251948534;36.194166264927844;42.16166666665595
12;61.50;3.50;False;False;True;False;309;46.50;1.50;True;False;False;False;4;38.99784132536956;9.396275165493469;36.94223180641984;43.553873699582255
12;61.50;3.50;False;False;True;False;310;47.50;1.50;True;False;False;False;4;23.762244670531004;35.79735444862055;20.456204902522586;32.71573594545862
12;61.50;3.50;False;False;True;False;312;49.50;1.50;True;False;False;False;2;20.736728080510147;0.030498838328537278;20.61323954191539;20.860216619104904
12;61.50;3.50;False;False;True;False;313;50.50;1.50;True;False;False;False;6;26.363263582921757;0.3322806102766897;25.942687181101064;27.3371300377039
12;61.50;3.50;False;False;True;False;314;51.50;1.50;True;False;False;False;4;26.80615606426113;0.007043511232578314;26.68287156919905;26.871204902534373
12;61.50;3.50;False;False;True;False;315;52.50;1.50;True;False;False;False;5;18.206647426314156;0.12778361956104145;17.939260056358762;18.80740980504197
12;61.50;3.50;False;False;True;False;326;19.50;2.50;True;False;False;False;2;43.322732881162665;115.42290319418632;35.725927526469604;50.919538235855725
12;61.50;3.50;False;False;True;False;328;21.50;2.50;True;False;False;False;2;34.116052220910206;0.016827155565290942;34.024326664042746;34.207777777777665
12;61.50;3.50;False;False;True;False;329;22.50;2.50;True;False;False;False;1;47.375375165640435;0;47.375375165640435;47.375375165640435
12;61.50;3.50;False;False;True;False;331;24.50;2.50;True;False;False;False;1;32.555010387655784;0;32.555010387655784;32.555010387655784
12;61.50;3.50;False;False;True;False;333;26.50;2.50;True;False;False;False;5;32.16383421331166;4.556328846765362;30.445931524653133;35.728795097475086
12;61.50;3.50;False;False;True;False;336;29.50;2.50;True;False;False;False;2;35.548010658942076;93.75492946348369;28.701298693937133;42.39472262394702
12;61.50;3.50;False;False;True;False;338;31.50;2.50;True;False;False;False;1;26.851972029904573;0;26.851972029904573;26.851972029904573
12;61.50;3.50;False;False;True;False;339;32.50;2.50;True;False;False;False;5;28.32424081982606;16.96213197266617;26.183520916163616;35.681670664853186
12;61.50;3.50;False;False;True;False;341;34.50;2.50;True;False;False;False;2;25.24921515974097;0.10196335884619546;25.023423930010722;25.47500638947122
12;61.50;3.50;False;False;True;False;343;36.50;2.50;True;False;False;False;1;23.731395680085257;0;23.731395680085257;23.731395680085257
12;61.50;3.50;False;False;True;False;344;37.50;2.50;True;False;False;False;2;26.386204902522877;23.292823981618113;22.973520916155394;29.79888888889036
12;61.50;3.50;False;False;True;False;346;39.50;2.50;True;False;False;False;3;23.943368856785014;12.364237191963912;21.601669861400296;27.986773237020884
12;61.50;3.50;False;False;True;False;347;40.50;2.50;True;False;False;False;1;20.82417026312578;0;20.82417026312578;20.82417026312578
12;61.50;3.50;False;False;True;False;348;41.50;2.50;True;False;False;False;2;20.89343072121028;0.2068228543203742;20.571854249496027;21.21500719292453
12;61.50;3.50;False;False;True;False;349;42.50;2.50;True;False;False;False;6;20.078628608198677;0.3172780299468211;19.454441249708907;20.759249668697294
12;61.50;3.50;False;False;True;False;351;44.50;2.50;True;False;False;False;6;18.67970314366047;0.19010083352086418;18.25990620858647;19.465840124532406
12;61.50;3.50;False;False;True;False;352;45.50;2.50;True;False;False;False;2;18.407215832759448;0.7856733623567583;17.780448985216935;19.03398268030196
12;61.50;3.50;False;False;True;False;353;46.50;2.50;True;False;False;False;3;17.214076739532175;0.09154715173716652;16.8704729552519;17.440646152233057
12;61.50;3.50;False;False;True;False;354;47.50;2.50;True;False;False;False;1;31.717031444648455;0;31.717031444648455;31.717031444648455
12;61.50;3.50;False;False;True;False;356;49.50;2.50;True;False;False;False;6;15.308293011418147;0.07173439889238396;14.989167068392817;15.675388748055411
12;61.50;3.50;False;False;True;False;357;50.50;2.50;True;False;False;False;3;14.741109249098647;0.04188823465392813;14.584812417174277;14.97277219174066
12;61.50;3.50;False;False;True;False;359;52.50;2.50;True;False;False;False;3;13.600118839039473;0.2091468029890597;13.101572875269994;14.000175588273123
12;61.50;3.50;False;False;True;False;419;24.50;4.50;True;False;False;False;3;39.806983302892455;45.328420661729965;32.26869811132019;45.222064214540296
12;61.50;3.50;False;False;True;False;420;25.50;4.50;True;False;False;False;2;31.517358164912935;0.25593025811115155;31.159636025458894;31.875080304366975
12;61.50;3.50;False;False;True;False;422;27.50;4.50;True;False;False;False;1;29.946098313102993;0;29.946098313102993;29.946098313102993
12;61.50;3.50;False;False;True;False;424;29.50;4.50;True;False;False;False;1;29.4259275264767;0;29.4259275264767;29.4259275264767
12;61.50;3.50;False;False;True;False;425;30.50;4.50;True;False;False;False;1;27.93527498477124;0;27.93527498477124;27.93527498477124
12;61.50;3.50;False;False;True;False;426;31.50;4.50;True;False;False;False;2;27.462147907543113;0.562237348043069;26.931941651429952;27.992354163656273
12;61.50;3.50;False;False;True;False;427;32.50;4.50;True;False;False;False;5;26.90017154102261;0.0429877840648011;26.697238195902173;27.24185105475408
12;61.50;3.50;False;False;True;False;429;34.50;4.50;True;False;False;False;3;25.173203133162435;0.060347780785054705;25.022228611678656;25.45666347192673
12;61.50;3.50;False;False;True;False;430;35.50;4.50;True;False;False;False;2;25.06236091024948;0.3240854344409608;24.65981561190347;25.464906208595494
12;61.50;3.50;False;False;True;False;431;36.50;4.50;True;False;False;False;3;23.82426351890793;0.01040984284462031;23.754724211785287;23.94139248535066
12;61.50;3.50;False;False;True;False;432;37.50;4.50;True;False;False;False;3;25.82725162401645;14.281393684453729;23.31750040172483;30.173608318091283
12;61.50;3.50;False;False;True;False;434;39.50;4.50;True;False;False;False;1;22.753340526249303;0;22.753340526249303;22.753340526249303
12;61.50;3.50;False;False;True;False;435;40.50;4.50;True;False;False;False;2;24.399734216775414;9.633744610973253;22.204996805264273;26.594471628286556
12;61.50;3.50;False;False;True;False;437;42.50;4.50;True;False;False;False;9;20.717693697691985;2.8533291936998295;19.53156248760388;25.078611512828502
12;61.50;3.50;False;False;True;False;439;44.50;4.50;True;False;False;False;4;18.860657801627326;0.07518023913981525;18.561156120849773;19.225274181316763
12;61.50;3.50;False;False;True;False;440;45.50;4.50;True;False;False;False;1;17.77893095940817;0;17.77893095940817;17.77893095940817
12;61.50;3.50;False;False;True;False;441;46.50;4.50;True;False;False;False;3;18.69641788895994;6.327173037907301;17.10027817950322;21.59601731969451
12;61.50;3.50;False;False;True;False;442;47.50;4.50;True;False;False;False;2;17.132513445058805;0.2038675704880843;16.81324273665598;17.45178415346163
12;61.50;3.50;False;False;True;False;444;49.50;4.50;True;False;False;False;7;15.21287468964111;0.09676843281031139;14.80277777777519;15.646392485352408
12;61.50;3.50;False;False;True;False;445;50.50;4.50;True;False;False;False;4;22.435860176778093;243.4592613036244;14.326298693937133;45.83833652804606
12;61.50;3.50;False;False;True;False;446;51.50;4.50;True;False;False;False;1;41.09277058485657;0;41.09277058485657;41.09277058485657
12;61.50;3.50;False;False;True;False;447;52.50;4.50;True;False;False;False;12;13.387736242020841;0.20726954013420562;12.831204902524405;13.98101731969382
12;61.50;3.50;False;False;True;False;461;22.50;5.50;True;False;False;False;1;37.79101731969786;0;37.79101731969786;37.79101731969786
12;61.50;3.50;False;False;True;False;471;32.50;5.50;True;False;False;False;6;30.962713786707354;0.18741485522590662;30.325464958874363;31.48944444443623
12;61.50;3.50;False;False;True;False;473;34.50;5.50;True;False;False;False;11;31.009654545279503;1.671141631277637;30.387696312162007;34.869444444444525
12;61.50;3.50;False;False;True;False;474;35.50;5.50;True;False;False;False;7;36.054351735965156;0.12055184796283668;35.61082573869862;36.44629869393748
12;61.50;3.50;False;False;True;False;475;36.50;5.50;True;False;False;False;8;40.05336107590085;28.87011842415442;36.45593072120664;49.741662668478966
12;61.50;3.50;False;False;True;False;476;37.50;5.50;True;False;False;False;3;38.25605444370316;0.016362514039535914;38.16677084573894;38.40259738787245
12;61.50;3.50;False;False;True;False;478;39.50;5.50;True;False;False;False;1;52.39991954548168;0;52.39991954548168;52.39991954548168
12;61.50;3.50;False;False;True;False;479;40.50;5.50;True;False;False;False;2;41.18735291388839;0.7413937076482675;40.57850411999607;41.79620170778071
12;61.50;3.50;False;False;True;False;480;41.50;5.50;True;False;False;False;2;52.96996017445235;312.24735279048053;40.47501414034559;65.46490620855911
12;61.50;3.50;False;False;True;False;481;42.50;5.50;True;False;False;False;3;24.234355448310755;0.06730821852747582;23.957597387875467;24.472041832312243
12;61.50;3.50;False;False;True;False;483;44.50;5.50;True;False;False;False;16;24.840647499709405;9.543966122647621;23.628333333330374;36.35620490252438
12;61.50;3.50;False;False;True;False;484;45.50;5.50;True;False;False;False;12;30.37697915192905;3.5277013036423774;29.166392485349206;35.54602426709789
12;61.50;3.50;False;False;True;False;485;46.50;5.50;True;False;False;False;12;31.074372835106338;4.275744960053966;29.976201707791915;37.481941651429224
12;61.50;3.50;False;False;True;False;486;47.50;5.50;True;False;False;False;3;37.31910667060947;86.6072200931641;30.71027817950744;47.96176045807806
12;61.50;3.50;False;False;True;False;488;49.50;5.50;True;False;False;False;2;42.914491340146014;230.08111978020605;32.18879509747239;53.640187582819635
12;61.50;3.50;False;False;True;False;489;50.50;5.50;True;False;False;False;3;39.603725487391785;131.80092675341993;32.648016779010504;52.85473255841498
12;61.50;3.50;False;False;True;False;490;51.50;5.50;True;False;False;False;6;34.09721631797523;0.3054454374777087;33.27278097251474;34.74388888888825
12;61.50;3.50;False;False;True;False;491;52.50;5.50;True;False;False;False;10;19.564834852262383;20.05896975915361;16.948607514650377;29.484451637365055
12;61.50;3.50;False;False;True;False;559;32.50;7.50;True;False;False;False;5;32.46279461921877;0.3122209319118494;31.663059152015194;32.972683986366064
12;61.50;3.50;False;False;True;False;561;34.50;7.50;True;False;False;False;14;34.23592603980074;11.18087399653031;31.871292304469534;42.15037516564553
12;61.50;3.50;False;False;True;False;562;35.50;7.50;True;False;False;False;5;36.158334932607616;0.15118173711275845;35.53999680526613;36.600555555554365
12;61.50;3.50;False;False;True;False;563;36.50;7.50;True;False;False;False;8;37.723172629413;4.527433996347875;36.59545937285975;42.89552837182782
12;61.50;3.50;False;False;True;False;564;37.50;7.50;True;False;False;False;2;40.776624563064615;22.654527399089105;37.411024512621225;44.142224613508006
12;61.50;3.50;False;False;True;False;566;39.50;7.50;True;False;False;False;4;41.86213881845788;12.904646455495302;38.63685505295507;46.51630908157313
12;61.50;3.50;False;False;True;False;567;40.50;7.50;True;False;False;False;2;43.447132027273256;34.29300138888206;39.306298693940334;47.58796536060618
12;61.50;3.50;False;False;True;False;569;42.50;7.50;True;False;False;False;12;26.116475376352327;0.4352202261312047;25.39878870800203;27.91913162380615
12;61.50;3.50;False;False;True;False;571;44.50;7.50;True;False;False;False;20;26.38728424869891;4.390703528141245;25.202312818897553;32.63953823585871
12;61.50;3.50;False;False;True;False;572;45.50;7.50;True;False;False;False;17;31.77834750121193;18.619562459785584;29.082222222226846;42.85546256759426
12;61.50;3.50;False;False;True;False;573;46.50;7.50;True;False;False;False;12;32.650664190446264;13.043871467106584;30.023423930022545;40.89287156919454
12;61.50;3.50;False;False;True;False;574;47.50;7.50;True;False;False;False;1;32.973618705753324;0;32.973618705753324;32.973618705753324
12;61.50;3.50;False;False;True;False;576;49.50;7.50;True;False;False;False;6;32.34990527758176;2.4695710561903987;31.45407647171305;35.515183584629995
12;61.50;3.50;False;False;True;False;577;50.50;7.50;True;False;False;False;3;32.95140555111599;0.04060493729009623;32.79342393000479;33.17833652806803
12;61.50;3.50;False;False;True;False;578;51.50;7.50;True;False;False;False;1;33.64934559581434;0;33.64934559581434;33.64934559581434
12;61.50;3.50;False;False;True;False;579;52.50;7.50;True;False;False;False;4;18.86849246582824;0.39110513548986403;18.527294415878714;19.805561945042427
12;61.50;3.50;False;False;True;False;593;22.50;8.50;True;False;False;False;1;51.8464798872883;0;51.8464798872883;51.8464798872883
12;61.50;3.50;False;False;True;False;598;27.50;8.50;True;False;False;False;1;41.428236347161146;0;41.428236347161146;41.428236347161146
12;61.50;3.50;False;False;True;False;603;32.50;8.50;True;False;False;False;3;35.110439637121694;11.243631165782437;33.10185424948577;38.98140631331262
12;61.50;3.50;False;False;True;False;605;34.50;8.50;True;False;False;False;2;32.704109775490906;0.036021194738066496;32.5699062085896;32.83831334239221
12;61.50;3.50;False;False;True;False;607;36.50;8.50;True;False;False;False;1;35.42454143059149;0;35.42454143059149;35.42454143059149
12;61.50;3.50;False;False;True;False;608;37.50;8.50;True;False;False;False;1;41.596670664852354;0;41.596670664852354;41.596670664852354
12;61.50;3.50;False;False;True;False;612;41.50;8.50;True;False;False;False;1;36.41602531606259;0;36.41602531606259;36.41602531606259
12;61.50;3.50;False;False;True;False;613;42.50;8.50;True;False;False;False;4;27.834344277859884;7.896987880905919;26.08103809500517;32.02573674890937
12;61.50;3.50;False;False;True;False;615;44.50;8.50;True;False;False;False;2;26.24514507749973;0.014812586966555935;26.15908525247505;26.331204902524405
12;61.50;3.50;False;False;True;False;616;45.50;8.50;True;False;False;False;2;29.13967892297842;0.014749592047511235;29.05380229039565;29.225555555561186
12;61.50;3.50;False;False;True;False;618;47.50;8.50;True;False;False;False;4;28.24915274640648;0.7858776882833179;27.683437512400815;29.553632042627214
12;61.50;3.50;False;False;True;False;620;49.50;8.50;True;False;False;False;3;27.532745716878708;2.4444380949903;26.545649346968275;29.335365581449878
12;61.50;3.50;False;False;True;False;621;50.50;8.50;True;False;False;False;1;25.28083373505433;0;25.28083373505433;25.28083373505433
12;61.50;3.50;False;False;True;False;622;51.50;8.50;True;False;False;False;1;24.669444444444252;0;24.669444444444252;24.669444444444252
12;61.50;3.50;False;False;True;False;623;52.50;8.50;True;False;False;False;6;20.025863752780424;0.23832499713743016;19.26592113701554;20.656665863210947
12;61.50;3.50;False;False;True;False;691;32.50;10.50;True;False;False;False;2;34.0936584085448;0.0052151081892887925;34.04259419314258;34.14472262394702
12;61.50;3.50;False;False;True;False;693;34.50;10.50;True;False;False;False;1;46.75625342869171;0;46.75625342869171;46.75625342869171
12;61.50;3.50;False;False;True;False;694;35.50;10.50;True;False;False;False;1;35.83999999998923;0;35.83999999998923;35.83999999998923
12;61.50;3.50;False;False;True;False;695;36.50;10.50;True;False;False;False;1;35.38120490253277;0;35.38120490253277;35.38120490253277
12;61.50;3.50;False;False;True;False;696;37.50;10.50;True;False;False;False;1;34.4444444444448;0;34.4444444444448;34.4444444444448
12;61.50;3.50;False;False;True;False;698;39.50;10.50;True;False;False;False;3;35.4320103006991;4.384908689108996;33.770743138383295;37.78417345786511
12;61.50;3.50;False;False;True;False;699;40.50;10.50;True;False;False;False;2;32.267777777778974;0.049960843546540824;32.10972581868555;32.4258297368724
12;61.50;3.50;False;False;True;False;701;42.50;10.50;True;False;False;False;1;28.968520916154375;0;28.968520916154375;28.968520916154375
12;61.50;3.50;False;False;True;False;703;44.50;10.50;True;False;False;False;3;27.695957457541834;0.40627240757320593;27.317316013628442;28.431854249489334
12;61.50;3.50;False;False;True;False;704;45.50;10.50;True;False;False;False;2;29.94713375688457;0.0014502698038649472;29.92020542789942;29.97406208586972
12;61.50;3.50;False;False;True;False;706;47.50;10.50;True;False;False;False;4;28.349744072706528;0.33245388840182155;27.536576069996954;28.79509379141382
12;61.50;3.50;False;False;True;False;708;49.50;10.50;True;False;False;False;3;26.402869975001256;0.005091702752381431;26.34471703793497;26.48249720698368
12;61.50;3.50;False;False;True;False;709;50.50;10.50;True;False;False;False;2;25.899818414456604;0.1657377787625412;25.611948844371;26.187687984542208
12;61.50;3.50;False;False;True;False;710;51.50;10.50;True;False;False;False;1;25.048340526249376;0;25.048340526249376;25.048340526249376
12;61.50;3.50;False;False;True;False;711;52.50;10.50;True;False;False;False;10;21.119973861668335;0.3524973615818496;20.633427124747868;22.580375165649457
12;61.50;3.50;False;False;True;False;735;32.50;11.50;True;False;False;False;2;34.74977271438729;0.0008876715398563714;34.72870530424916;34.77084012452542
12;61.50;3.50;False;False;True;False;737;34.50;11.50;True;False;False;False;1;41.981479083839076;0;41.981479083839076;41.981479083839076
12;61.50;3.50;False;False;True;False;738;35.50;11.50;True;False;False;False;4;42.189256996351105;7.122407550730185;40.75759019495672;46.188888888875226
12;61.50;3.50;False;False;True;False;739;36.50;11.50;True;False;False;False;1;53.308055957280885;0;53.308055957280885;53.308055957280885
12;61.50;3.50;False;False;True;False;745;42.50;11.50;True;False;False;False;7;29.997797884480015;6.315624564003164;27.806024512618023;34.959178626972744
12;61.50;3.50;False;False;True;False;747;44.50;11.50;True;False;False;False;12;29.578274641617554;4.347314160132609;28.059636025453074;35.18898587503281
12;61.50;3.50;False;False;True;False;748;45.50;11.50;True;False;False;False;5;38.454849773061326;32.14444275888043;33.35853530199802;46.0679613624161
12;61.50;3.50;False;False;True;False;749;46.50;11.50;True;False;False;False;6;35.439074877503195;1.891053230460197;34.49020116521979;38.194619806163246
12;61.50;3.50;False;False;True;False;750;47.50;11.50;True;False;False;False;1;35.5702813742173;0;35.5702813742173;35.5702813742173
12;61.50;3.50;False;False;True;False;752;49.50;11.50;True;False;False;False;2;37.01106621449071;0.003620204821055617;36.968520916154375;37.05361151282705
12;61.50;3.50;False;False;True;False;753;50.50;11.50;True;False;False;False;1;40.3852677918203;0;40.3852677918203;40.3852677918203
12;61.50;3.50;False;False;True;False;754;51.50;11.50;True;False;False;False;1;40.88593072121148;0;40.88593072121148;40.88593072121148
12;61.50;3.50;False;False;True;False;755;52.50;11.50;True;False;False;False;3;21.60630071908751;0.3352724269946554;21.21668312977272;22.271663471933607
12;61.50;3.50;False;False;True;False;823;32.50;13.50;True;False;False;False;4;41.573938582370374;15.186410780435729;37.28001038765797;45.36694484616419
12;61.50;3.50;False;False;True;False;825;34.50;13.50;True;False;False;False;5;39.04407583276552;14.194989938950544;36.287034639390185;45.53750040173327
12;61.50;3.50;False;False;True;False;826;35.50;13.50;True;False;False;False;3;46.517223554949545;51.921034168912875;39.83250359645899;54.14991259806993
12;61.50;3.50;False;False;True;False;827;36.50;13.50;True;False;False;False;4;42.729713025483306;9.092291262717362;40.78703463939928;47.20685424949261
12;61.50;3.50;False;False;True;False;830;39.50;13.50;True;False;False;False;1;45.378427928184465;0;45.378427928184465;45.378427928184465
12;61.50;3.50;False;False;True;False;833;42.50;13.50;True;False;False;False;11;30.628374033207944;3.6882939262981895;29.129076471712324;34.46606049613911
12;61.50;3.50;False;False;True;False;835;44.50;13.50;True;False;False;False;9;30.913832327691733;2.1224456958339717;29.438239541922485;33.55177330319748
12;61.50;3.50;False;False;True;False;836;45.50;13.50;True;False;False;False;9;38.976637266985364;62.06901988995816;33.67009379141018;54.846753265150255
12;61.50;3.50;False;False;True;False;837;46.50;13.50;True;False;False;False;3;36.703020994887844;8.60014379590012;34.578333333323826;40.048875401843816
12;61.50;3.50;False;False;True;False;838;47.50;13.50;True;False;False;False;1;41.2164862767595;0;41.2164862767595;41.2164862767595
12;61.50;3.50;False;False;True;False;840;49.50;13.50;True;False;False;False;3;37.03925126289929;5.840220850134372;35.59414627406295;39.82916307020059
12;61.50;3.50;False;False;True;False;841;50.50;13.50;True;False;False;False;3;37.254935871847316;0.05193376110272947;37.00203463938669;37.44435065302605
12;61.50;3.50;False;False;True;False;842;51.50;13.50;True;False;False;False;1;37.46382976764835;0;37.46382976764835;37.46382976764835
12;61.50;3.50;False;False;True;False;843;52.50;13.50;True;False;False;False;6;23.300556620465386;0.2875923019811353;22.62352091615685;24.072763391932313
12;61.50;3.50;False;False;True;False;867;32.50;14.50;True;False;False;False;1;39.165007192916164;0;39.165007192916164;39.165007192916164
12;61.50;3.50;False;False;True;False;870;35.50;14.50;True;False;False;False;1;39.814444444440596;0;39.814444444440596;39.814444444440596
12;61.50;3.50;False;False;True;False;872;37.50;14.50;True;False;False;False;2;46.261481082926366;68.03388709788106;40.42907647170978;52.093885694142955
12;61.50;3.50;False;False;True;False;874;39.50;14.50;True;False;False;False;1;37.5318534460348;0;37.5318534460348;37.5318534460348
12;61.50;3.50;False;False;True;False;875;40.50;14.50;True;False;False;False;4;37.85928330810202;9.675662751174041;36.24759419312613;42.523889692336525
12;61.50;3.50;False;False;True;False;877;42.50;14.50;True;False;False;False;4;32.88538236328907;21.590924871766532;30.217038618513925;39.843052762545994
12;61.50;3.50;False;False;True;False;879;44.50;14.50;True;False;False;False;3;34.53459011435765;26.653623799696355;30.048601125185996;40.177665621429696
12;61.50;3.50;False;False;True;False;880;45.50;14.50;True;False;False;False;1;36.066849447848654;0;36.066849447848654;36.066849447848654
12;61.50;3.50;False;False;True;False;882;47.50;14.50;True;False;False;False;2;33.91481441626638;4.101995136528153;32.482683986359916;35.346944846172846
12;61.50;3.50;False;False;True;False;884;49.50;14.50;True;False;False;False;3;32.00413793441172;4.534381176803815;30.265187582819635;34.379076471710505
12;61.50;3.50;False;False;True;False;885;50.50;14.50;True;False;False;False;3;31.138466646379054;4.836824061093193;29.586111111110768;33.65518119333865
12;61.50;3.50;False;False;True;False;886;51.50;14.50;True;False;False;False;1;32.46574313838573;0;32.46574313838573;32.46574313838573
12;61.50;3.50;False;False;True;False;887;52.50;14.50;True;False;False;False;8;24.44845067302902;5.883442267504209;23.269725818674488;30.41055955374395
12;61.50;3.50;False;False;True;False;960;37.50;16.50;True;False;False;False;1;41.28083373505433;0;41.28083373505433;41.28083373505433
12;61.50;3.50;False;False;True;False;962;39.50;16.50;True;False;False;False;1;39.38648627675502;0;39.38648627675502;39.38648627675502
12;61.50;3.50;False;False;True;False;965;42.50;16.50;True;False;False;False;4;34.88407567302852;17.055796732583797;31.33454143059862;39.80555555555293
12;61.50;3.50;False;False;True;False;967;44.50;16.50;True;False;False;False;1;31.429815611900267;0;31.429815611900267;31.429815611900267
12;61.50;3.50;False;False;True;False;969;46.50;16.50;True;False;False;False;2;32.57754729743283;0.035978155377740226;32.443423930009885;32.711670664855774
12;61.50;3.50;False;False;True;False;970;47.50;16.50;True;False;False;False;3;32.18803992395442;0.10229473245606831;31.87020825520449;32.509842237850535
12;61.50;3.50;False;False;True;False;972;49.50;16.50;True;False;False;False;2;32.887451506921934;12.303106304102279;30.407219027485553;35.367683986358315
12;61.50;3.50;False;False;True;False;974;51.50;16.50;True;False;False;False;2;36.35144536877942;123.32468445733811;28.498908057268636;44.20398268029021
12;61.50;3.50;False;False;True;False;975;52.50;16.50;True;False;False;False;3;26.289619689428644;4.3279290034135744;25.065000803449948;28.691666666664787
12;61.50;3.50;False;False;True;False;1009;42.50;17.50;True;False;False;False;1;32.002780169063044;0;32.002780169063044;32.002780169063044
12;61.50;3.50;False;False;True;False;1011;44.50;17.50;True;False;False;False;5;33.57964695187074;2.9392748073099297;32.007691179287576;36.519454832101474
12;61.50;3.50;False;False;True;False;1012;45.50;17.50;True;False;False;False;1;37.11785428199073;0;37.11785428199073;37.11785428199073
12;61.50;3.50;False;False;True;False;1013;46.50;17.50;True;False;False;False;3;41.196142910547984;6.730149572522705;38.227777777772644;43.02926085980107
12;61.50;3.50;False;False;True;False;1019;52.50;17.50;True;False;False;False;5;25.64619797807718;0.08531436296924448;25.359885414254677;26.09222222221979
12;61.50;3.50;False;False;True;False;1097;42.50;19.50;True;False;False;False;3;35.97156620528161;3.0934110635528835;34.039909403314596;37.480476149970855
12;61.50;3.50;False;False;True;False;1099;44.50;19.50;True;False;False;False;2;39.015048928237775;47.276048208531265;34.15315381375149;43.87694404272406
12;61.50;3.50;False;False;True;False;1100;45.50;19.50;True;False;False;False;2;37.04675686161954;0.00454821111110167;36.999069278796014;37.09444444444307
12;61.50;3.50;False;False;True;False;1101;46.50;19.50;True;False;False;False;2;38.487729284684974;0.05283960970153635;38.325187582802755;38.65027098656719
12;61.50;3.50;False;False;True;False;1107;52.50;19.50;True;False;False;False;1;27.29891926748678;0;27.29891926748678;27.29891926748678
12;61.50;3.50;False;False;True;False;1146;47.50;20.50;True;False;False;False;1;35.69767440214309;0;35.69767440214309;35.69767440214309
12;61.50;3.50;False;False;True;False;1149;50.50;20.50;True;False;False;False;1;33.20923526385923;0;33.20923526385923;33.20923526385923
12;61.50;3.50;False;False;True;False;1151;52.50;20.50;True;False;False;False;1;27.590950685302687;0;27.590950685302687;27.590950685302687
12;61.50;3.50;False;False;True;False;1234;47.50;22.50;True;False;False;False;1;37.701854249480675;0;37.701854249480675;37.701854249480675
12;61.50;3.50;False;False;True;False;1236;49.50;22.50;True;False;False;False;2;34.553601909615736;0.09492767243131578;34.33573994364724;34.77146387558423
12;61.50;3.50;False;False;True;False;1239;52.50;22.50;True;False;False;False;2;29.120046895708583;0.10021047581836062;28.89620490253219;29.343888888884976
12;61.50;3.50;False;False;True;False;1371;52.50;25.50;True;False;False;False;1;30.754073276966665;0;30.754073276966665;30.754073276966665
12;61.50;3.50;False;False;True;False;1415;52.50;26.50;True;False;False;False;1;32.60277777777992;0;32.60277777777992;32.60277777777992
28;61.50;9.50;False;False;True;False;310;47.50;1.50;True;False;False;False;3;25.3865122159926;1.587735652823015;24.64379509747232;26.841390094054077
28;61.50;9.50;False;False;True;False;314;51.50;1.50;True;False;False;False;1;31.897027691969924;0;31.897027691969924;31.897027691969924
28;61.50;9.50;False;False;True;False;315;52.50;1.50;True;False;False;False;1;22.544818089136243;0;22.544818089136243;22.544818089136243
28;61.50;9.50;False;False;True;False;342;35.50;2.50;True;False;False;False;1;36.4239962626998;0;36.4239962626998;36.4239962626998
28;61.50;9.50;False;False;True;False;346;39.50;2.50;True;False;False;False;1;30.655634157676104;0;30.655634157676104;30.655634157676104
28;61.50;9.50;False;False;True;False;348;41.50;2.50;True;False;False;False;1;31.562962165866338;0;31.562962165866338;31.562962165866338
28;61.50;9.50;False;False;True;False;349;42.50;2.50;True;False;False;False;1;30.94472262394447;0;30.94472262394447;30.94472262394447
28;61.50;9.50;False;False;True;False;351;44.50;2.50;True;False;False;False;1;29.972691179280446;0;29.972691179280446;29.972691179280446
28;61.50;9.50;False;False;True;False;354;47.50;2.50;True;False;False;False;1;23.91583692979293;0;23.91583692979293;23.91583692979293
28;61.50;9.50;False;False;True;False;356;49.50;2.50;True;False;False;False;1;23.76604450346713;0;23.76604450346713;23.76604450346713
28;61.50;9.50;False;False;True;False;357;50.50;2.50;True;False;False;False;1;25.60879190274136;0;25.60879190274136;25.60879190274136
28;61.50;9.50;False;False;True;False;358;51.50;2.50;True;False;False;False;1;32.66862429176945;0;32.66862429176945;32.66862429176945
28;61.50;9.50;False;False;True;False;359;52.50;2.50;True;False;False;False;2;24.680407273776837;0.1263568465105855;24.429054089481724;24.93176045807195
28;61.50;9.50;False;False;True;False;429;34.50;4.50;True;False;False;False;1;36.43565254170244;0;36.43565254170244;36.43565254170244
28;61.50;9.50;False;False;True;False;432;37.50;4.50;True;False;False;False;1;29.42722941514512;0;29.42722941514512;29.42722941514512
28;61.50;9.50;False;False;True;False;436;41.50;4.50;True;False;False;False;1;39.7035249143355;0;39.7035249143355;39.7035249143355
28;61.50;9.50;False;False;True;False;437;42.50;4.50;True;False;False;False;2;37.446123851913626;70.5867272642382;31.505302054205913;43.38694564962134
28;61.50;9.50;False;False;True;False;439;44.50;4.50;True;False;False;False;2;30.809499336518;1.7337730444573503;29.878431926375924;31.74056674666008
28;61.50;9.50;False;False;True;False;440;45.50;4.50;True;False;False;False;2;29.12495310429449;0.32753006140426805;28.72027418131711;29.529632027271873
28;61.50;9.50;False;False;True;False;441;46.50;4.50;True;False;False;False;2;28.11463042990499;0.024119991838179894;28.004812417178982;28.224448442631
28;61.50;9.50;False;False;True;False;442;47.50;4.50;True;False;False;False;1;23.13343936479032;0;23.13343936479032;23.13343936479032
28;61.50;9.50;False;False;True;False;444;49.50;4.50;True;False;False;False;1;29.517409805042917;0;29.517409805042917;29.517409805042917
28;61.50;9.50;False;False;True;False;445;50.50;4.50;True;False;False;False;1;25.68046656577644;0;25.68046656577644;25.68046656577644
28;61.50;9.50;False;False;True;False;446;51.50;4.50;True;False;False;False;1;27.845093791414;0;27.845093791414;27.845093791414
28;61.50;9.50;False;False;True;False;447;52.50;4.50;True;False;False;False;5;24.70561199109136;0.1906424841206238;24.128885694148266;25.15222622040892
28;61.50;9.50;False;False;True;False;466;27.50;5.50;True;False;False;False;2;35.60838022903954;0.03406502058763236;35.477871569197305;35.738888888881775
28;61.50;9.50;False;False;True;False;468;29.50;5.50;True;False;False;False;1;53.675185191532364;0;53.675185191532364;53.675185191532364
28;61.50;9.50;False;False;True;False;476;37.50;5.50;True;False;False;False;4;29.070132896375014;0.10305221536696886;28.681569680518805;29.425631766389188
28;61.50;9.50;False;False;True;False;478;39.50;5.50;True;False;False;False;6;29.817879146650284;4.756390187108846;28.6621348202807;34.20796616404186
28;61.50;9.50;False;False;True;False;479;40.50;5.50;True;False;False;False;9;38.276292356909885;50.922418580187355;32.5328715691885;51.60851372324396
28;61.50;9.50;False;False;True;False;480;41.50;5.50;True;False;False;False;7;35.12002047962044;8.704785430149197;33.35888888889076;40.98638929061053
28;61.50;9.50;False;False;True;False;481;42.50;5.50;True;False;False;False;1;35.21296536060254;0;35.21296536060254;35.21296536060254
28;61.50;9.50;False;False;True;False;483;44.50;5.50;True;False;False;False;2;35.02374141055907;0.08219411403637823;34.82101731969124;35.2264655014269
28;61.50;9.50;False;False;True;False;484;45.50;5.50;True;False;False;False;1;37.17703463938233;0;37.17703463938233;37.17703463938233
28;61.50;9.50;False;False;True;False;486;47.50;5.50;True;False;False;False;9;22.41686132263525;0.09698873639065117;21.9543530443043;22.765367972719105
28;61.50;9.50;False;False;True;False;488;49.50;5.50;True;False;False;False;5;25.18731537468411;13.207008385879135;22.348434317667852;30.657507594640265
28;61.50;9.50;False;False;True;False;489;50.50;5.50;True;False;False;False;11;29.195140828631132;91.55294236868949;25.699725818683078;58.01305676073025
28;61.50;9.50;False;False;True;False;490;51.50;5.50;True;False;False;False;4;30.643614506705717;25.826907513168585;26.87990940331838;37.958152943427194
28;61.50;9.50;False;False;True;False;491;52.50;5.50;True;False;False;False;2;19.975375165648302;0.24112099020597827;19.628156941611905;20.322593389684698
28;61.50;9.50;False;False;True;False;554;27.50;7.50;True;False;False;False;1;47.26222222223441;0;47.26222222223441;47.26222222223441
28;61.50;9.50;False;False;True;False;556;29.50;7.50;True;False;False;False;4;39.36379509746985;41.60222725455544;34.602777777770825;48.83203863757444
28;61.50;9.50;False;False;True;False;564;37.50;7.50;True;False;False;False;10;28.474377458670233;3.1778943114714475;26.80898268030205;31.826382097702663
28;61.50;9.50;False;False;True;False;566;39.50;7.50;True;False;False;False;10;28.605769837221942;4.597520529603292;26.948705304246687;33.27139248534968
28;61.50;9.50;False;False;True;False;567;40.50;7.50;True;False;False;False;14;33.309760703672644;1.6915564479394467;32.5171284307944;37.59444444444398
28;61.50;9.50;False;False;True;False;568;41.50;7.50;True;False;False;False;8;34.44682127766373;4.807297371583089;33.141857444223206;39.77065734331882
28;61.50;9.50;False;False;True;False;569;42.50;7.50;True;False;False;False;1;34.51054755919722;0;34.51054755919722;34.51054755919722
28;61.50;9.50;False;False;True;False;571;44.50;7.50;True;False;False;False;2;36.92890299577812;2.0509422975454012;35.916247502151236;37.941558489405
28;61.50;9.50;False;False;True;False;572;45.50;7.50;True;False;False;False;1;36.38677213104165;0;36.38677213104165;36.38677213104165
28;61.50;9.50;False;False;True;False;574;47.50;7.50;True;False;False;False;15;21.56294304016944;4.301694800573651;20.12064534876845;26.44213562373261
28;61.50;9.50;False;False;True;False;576;49.50;7.50;True;False;False;False;7;21.123095924035493;1.8433309420399298;20.167135623731156;23.992402612118894
28;61.50;9.50;False;False;True;False;577;50.50;7.50;True;False;False;False;12;27.8966706483182;10.011103023349325;25.925267791844817;34.64722222221826
28;61.50;9.50;False;False;True;False;578;51.50;7.50;True;False;False;False;9;27.963868996862605;1.65610691126843;26.71361470757074;31.02658062640603
28;61.50;9.50;False;False;True;False;579;52.50;7.50;True;False;False;False;7;18.814632598436543;3.514416613313984;17.755555555555475;22.987316013628515
28;61.50;9.50;False;False;True;False;595;24.50;8.50;True;False;False;False;1;31.706997871431668;0;31.706997871431668;31.706997871431668
28;61.50;9.50;False;False;True;False;596;25.50;8.50;True;False;False;False;1;31.87351691797994;0;31.87351691797994;31.87351691797994
28;61.50;9.50;False;False;True;False;597;26.50;8.50;True;False;False;False;3;30.95340411878048;0.1129140244872301;30.568718083195563;31.18963922021794
28;61.50;9.50;False;False;True;False;598;27.50;8.50;True;False;False;False;2;29.98467213177537;0.027502405049776957;29.867406610308535;30.101937653242203
28;61.50;9.50;False;False;True;False;600;29.50;8.50;True;False;False;False;4;30.393859639832044;5.939512545031883;28.460421782234334;33.80731681705947
28;61.50;9.50;False;False;True;False;601;30.50;8.50;True;False;False;False;4;28.18090655790502;0.11680327829386818;27.76231601363179;28.59888249940377
28;61.50;9.50;False;False;True;False;602;31.50;8.50;True;False;False;False;3;29.239381119741665;12.24109483511527;27.11138929061417;33.27740341557546
28;61.50;9.50;False;False;True;False;603;32.50;8.50;True;False;False;False;4;29.491653561641215;31.8610448940727;26.407584608952675;37.95379909566691
28;61.50;9.50;False;False;True;False;605;34.50;8.50;True;False;False;False;4;28.565913466720986;17.041405104768323;25.150555555548635;34.218854228684904
28;61.50;9.50;False;False;True;False;606;35.50;8.50;True;False;False;False;2;24.53074513746742;0.17338894461203935;24.23630588684682;24.82518438808802
28;61.50;9.50;False;False;True;False;607;36.50;8.50;True;False;False;False;5;29.5801691459234;156.12608078148205;23.37832055439503;51.92250998592499
28;61.50;9.50;False;False;True;False;608;37.50;8.50;True;False;False;False;9;24.230372628381335;5.358274178844324;23.043708498984756;30.346755656446476
28;61.50;9.50;False;False;True;False;610;39.50;8.50;True;False;False;False;3;21.789382981747433;0.15498594162641335;21.453888888886922;22.2227777777789
28;61.50;9.50;False;False;True;False;611;40.50;8.50;True;False;False;False;3;20.979109597530623;0.014983900727249151;20.8717508738755;21.112409805049538
28;61.50;9.50;False;False;True;False;612;41.50;8.50;True;False;False;False;2;26.146017721422368;70.18270623271054;20.222222222221262;32.06981322062347
28;61.50;9.50;False;False;True;False;613;42.50;8.50;True;False;False;False;1;19.506204902524246;0;19.506204902524246;19.506204902524246
28;61.50;9.50;False;False;True;False;615;44.50;8.50;True;False;False;False;9;19.245303933857446;1.976097410961756;18.337639222008875;22.53324912613425
28;61.50;9.50;False;False;True;False;616;45.50;8.50;True;False;False;False;4;19.31464724272473;10.212968865154153;17.456405614597315;24.09870130606214
28;61.50;9.50;False;False;True;False;618;47.50;8.50;True;False;False;False;2;16.284163471929787;0.03530609846265457;16.15129869393604;16.417028249923533
28;61.50;9.50;False;False;True;False;620;49.50;8.50;True;False;False;False;5;15.203371010585396;0.06760070429161882;15;15.60231920836668
28;61.50;9.50;False;False;True;False;621;50.50;8.50;True;False;False;False;3;19.793331464983368;73.29047138194576;14.317503596460796;29.65879429403867
28;61.50;9.50;False;False;True;False;623;52.50;8.50;True;False;False;False;8;16.55555990431026;73.54299269938922;12.771470284023962;37.753982680300396
28;61.50;9.50;False;False;True;False;683;24.50;10.50;True;False;False;False;1;38.78762457160701;0;38.78762457160701;38.78762457160701
28;61.50;9.50;False;False;True;False;684;25.50;10.50;True;False;False;False;4;33.95729136536875;29.848784972828543;31.07434984957581;42.150087401940254
28;61.50;9.50;False;False;True;False;685;26.50;10.50;True;False;False;False;3;34.79601652259711;58.72596599482116;30.301386095863563;43.64444444444962
28;61.50;9.50;False;False;True;False;686;27.50;10.50;True;False;False;False;3;30.03907434188295;0.10362314931888059;29.679813220620417;30.30129869393204
28;61.50;9.50;False;False;True;False;688;29.50;10.50;True;False;False;False;4;29.609111252411253;1.261468301983194;28.404170263114793;30.858203860867434
28;61.50;9.50;False;False;True;False;689;30.50;10.50;True;False;False;False;4;28.04704277048404;0.2278117127468688;27.58676045807806;28.6901843880878
28;61.50;9.50;False;False;True;False;690;31.50;10.50;True;False;False;False;6;27.39871697256429;0.10415492364047982;27.12666986140539;27.84872047452518
28;61.50;9.50;False;False;True;False;691;32.50;10.50;True;False;False;False;10;27.965293680618355;6.028873449261102;26.21833172643892;33.734315491872394
28;61.50;9.50;False;False;True;False;693;34.50;10.50;True;False;False;False;3;28.180914646697982;3.4719348424946435;26.367129234262393;30.09009059667551
28;61.50;9.50;False;False;True;False;694;35.50;10.50;True;False;False;False;2;25.084956700752173;0.6014338623178503;24.536580068172952;25.633333333331393
28;61.50;9.50;False;False;True;False;695;36.50;10.50;True;False;False;False;7;28.59163012419182;103.73106077651758;23.617132429000776;51.29982280482727
28;61.50;9.50;False;False;True;False;696;37.50;10.50;True;False;False;False;4;26.008851447439383;12.03174982933046;23.085739943640874;30.551880875424104
28;61.50;9.50;False;False;True;False;698;39.50;10.50;True;False;False;False;6;23.3446647576874;9.090053734891239;21.479256861618865;29.442123629229172
28;61.50;9.50;False;False;True;False;699;40.50;10.50;True;False;False;False;1;51.22464241490525;0;51.22464241490525;51.22464241490525
28;61.50;9.50;False;False;True;False;700;41.50;10.50;True;False;False;False;2;20.84990403436086;0.47188392234865556;20.364165461490302;21.33564260723142
28;61.50;9.50;False;False;True;False;701;42.50;10.50;True;False;False;False;10;20.826671249897778;7.6292281764790895;19.679719429212128;28.650927526468877
28;61.50;9.50;False;False;True;False;703;44.50;10.50;True;False;False;False;5;19.58340596754715;1.8946541866675406;18.424617641423538;21.94731920837512
28;61.50;9.50;False;False;True;False;704;45.50;10.50;True;False;False;False;8;18.500236139598144;1.1041427378059803;17.642868374454338;20.846389290614752
28;61.50;9.50;False;False;True;False;705;46.50;10.50;True;False;False;False;4;17.61042932514144;0.6107857078426098;16.734050091323297;18.377215832751972
28;61.50;9.50;False;False;True;False;706;47.50;10.50;True;False;False;False;10;17.83835558321007;8.375690011892878;16.24379509747814;25.734357845953127
28;61.50;9.50;False;False;True;False;708;49.50;10.50;True;False;False;False;3;16.153914658107777;2.78706593707062;15.151569680510875;18.08111111111066
28;61.50;9.50;False;False;True;False;709;50.50;10.50;True;False;False;False;5;16.124444444445096;2.2803680410034857;14.433427124740774;18.069628832532544
28;61.50;9.50;False;False;True;False;710;51.50;10.50;True;False;False;False;1;14.50342712474631;0;14.50342712474631;14.50342712474631
28;61.50;9.50;False;False;True;False;711;52.50;10.50;True;False;False;False;8;13.731718753817276;1.319739661134129;12.97102451261992;16.381118304032498
28;61.50;9.50;False;False;True;False;735;32.50;11.50;True;False;False;False;12;31.22777794716395;3.746461048424824;30.185561945027985;37.290003998172324
28;61.50;9.50;False;False;True;False;737;34.50;11.50;True;False;False;False;6;33.59759206013329;15.58835975174544;30.374642414916707;39.479813220626056
28;61.50;9.50;False;False;True;False;738;35.50;11.50;True;False;False;False;2;46.94292046397459;3.567661427957397;45.6073192083677;48.27852171958148
28;61.50;9.50;False;False;True;False;739;36.50;11.50;True;False;False;False;2;46.6369099449912;1.7058959253068444;45.713358125842205;47.5604617641402
28;61.50;9.50;False;False;True;False;745;42.50;11.50;True;False;False;False;7;24.40398165273863;1.3297537917611824;23.582125236061984;26.822773779593263
28;61.50;9.50;False;False;True;False;747;44.50;11.50;True;False;False;False;8;23.801479749053115;0.05131336897859056;23.541988807196503;24.19740261212246
28;61.50;9.50;False;False;True;False;748;45.50;11.50;True;False;False;False;15;32.93063421192798;25.82460278766306;29.201385292421037;44.62694804090097
28;61.50;9.50;False;False;True;False;749;46.50;11.50;True;False;False;False;11;30.853674235023306;2.7210392614348455;29.933059152008354;35.774949167709565
28;61.50;9.50;False;False;True;False;750;47.50;11.50;True;False;False;False;3;31.766443658179316;1.9230407729261514;30.75620490252186;33.34748311452313
28;61.50;9.50;False;False;True;False;752;49.50;11.50;True;False;False;False;3;32.77062048079946;0.22772070362778107;32.222777777773445;33.09574713656548
28;61.50;9.50;False;False;True;False;753;50.50;11.50;True;False;False;False;1;16.094529983903158;0;16.094529983903158;16.094529983903158
28;61.50;9.50;False;False;True;False;755;52.50;11.50;True;False;False;False;3;16.972746513969316;0.00023379856411144458;16.955090596677564;16.981576069978473
28;61.50;9.50;False;False;True;False;823;32.50;13.50;True;False;False;False;5;35.52722813724468;10.058384823474947;31.940661341479426;40.084815611915474
28;61.50;9.50;False;False;True;False;825;34.50;13.50;True;False;False;False;1;41.43055555555293;0;41.43055555555293;41.43055555555293
28;61.50;9.50;False;False;True;False;826;35.50;13.50;True;False;False;False;5;38.60334489870256;26.060330641776822;35.68527578818248;47.625
28;61.50;9.50;False;False;True;False;827;36.50;13.50;True;False;False;False;1;37.220371970906854;0;37.220371970906854;37.220371970906854
28;61.50;9.50;False;False;True;False;830;39.50;13.50;True;False;False;False;2;46.057178922972525;88.78886908807578;39.3942640545356;52.720093791409454
28;61.50;9.50;False;False;True;False;833;42.50;13.50;True;False;False;False;9;25.773272227724945;0.1831011781122167;25.300649346969294;26.36731601363499
28;61.50;9.50;False;False;True;False;835;44.50;13.50;True;False;False;False;8;27.674361636126434;12.353477790803067;25.139276852547482;35.4699134015118
28;61.50;9.50;False;False;True;False;836;45.50;13.50;True;False;False;False;8;36.95183563394687;132.39229608165937;29.33824114882009;63.576483082022605
28;61.50;9.50;False;False;True;False;837;46.50;13.50;True;False;False;False;18;32.90442330043046;29.903640378737627;29.79317557118702;49.46176045807988
28;61.50;9.50;False;False;True;False;838;47.50;13.50;True;False;False;False;3;32.22341860545657;5.16327662020791;30.804635222008073;34.844240887954584
28;61.50;9.50;False;False;True;False;840;49.50;13.50;True;False;False;False;4;33.729937624206855;13.587439343820574;31.631760458078134;39.24824992957292
28;61.50;9.50;False;False;True;False;841;50.50;13.50;True;False;False;False;2;34.33067237644764;2.2321413931375114;33.274229904483946;35.38711484841133
28;61.50;9.50;False;False;True;False;842;51.50;13.50;True;False;False;False;1;33.70926405454156;0;33.70926405454156;33.70926405454156
28;61.50;9.50;False;False;True;False;843;52.50;13.50;True;False;False;False;7;18.880214150814677;0.19731967969438952;18.381760458078134;19.548617902306432
28;61.50;9.50;False;False;True;False;867;32.50;14.50;True;False;False;False;1;45.43453263080664;0;45.43453263080664;45.43453263080664
28;61.50;9.50;False;False;True;False;872;37.50;14.50;True;False;False;False;2;34.33967772734104;5.0966452383251884E-05;34.33462963599959;34.34472581868249
28;61.50;9.50;False;False;True;False;874;39.50;14.50;True;False;False;False;2;37.08037836038602;18.53615158115973;34.03602690390471;40.12472981686733
28;61.50;9.50;False;False;True;False;875;40.50;14.50;True;False;False;False;1;34.31369811132572;0;34.31369811132572;34.31369811132572
28;61.50;9.50;False;False;True;False;876;41.50;14.50;True;False;False;False;1;31.582130037715615;0;31.582130037715615;31.582130037715615
28;61.50;9.50;False;False;True;False;877;42.50;14.50;True;False;False;False;2;30.648003187046925;41.32346285123385;26.10248545794093;35.19352091615292
28;61.50;9.50;False;False;True;False;879;44.50;14.50;True;False;False;False;2;26.969735402894003;2.0910239234490757;25.947232609878483;27.992238195909522
28;61.50;9.50;False;False;True;False;880;45.50;14.50;True;False;False;False;1;28.984813220626165;0;28.984813220626165;28.984813220626165
28;61.50;9.50;False;False;True;False;881;46.50;14.50;True;False;False;False;1;28.781851054757;0;28.781851054757;28.781851054757
28;61.50;9.50;False;False;True;False;882;47.50;14.50;True;False;False;False;2;27.99169918604275;0.022770453211603425;27.884997608707636;28.098400763377867
28;61.50;9.50;False;False;True;False;884;49.50;14.50;True;False;False;False;4;26.51643578459374;0.0814762754777527;26.263708498991036;26.80731281889166
28;61.50;9.50;False;False;True;False;885;50.50;14.50;True;False;False;False;1;34.631760458076315;0;34.631760458076315;34.631760458076315
28;61.50;9.50;False;False;True;False;886;51.50;14.50;True;False;False;False;1;25.877875567376577;0;25.877875567376577;25.877875567376577
28;61.50;9.50;False;False;True;False;887;52.50;14.50;True;False;False;False;3;21.772684254172418;15.259755264072329;19.33676045807988;26.278420735245163
28;61.50;9.50;False;False;True;False;957;34.50;16.50;True;False;False;False;1;34.44817052397411;0;34.44817052397411;34.44817052397411
28;61.50;9.50;False;False;True;False;962;39.50;16.50;True;False;False;False;2;35.929583935920164;9.425400325428075;33.758708498979104;38.10045937286122
28;61.50;9.50;False;False;True;False;963;40.50;16.50;True;False;False;False;1;35.49416706838383;0;35.49416706838383;35.49416706838383
28;61.50;9.50;False;False;True;False;965;42.50;16.50;True;False;False;False;2;28.53740980504699;0.09205330928823613;28.322871569191193;28.75194804090279
28;61.50;9.50;False;False;True;False;968;45.50;16.50;True;False;False;False;1;29.17369411312029;0;29.17369411312029;29.17369411312029
28;61.50;9.50;False;False;True;False;970;47.50;16.50;True;False;False;False;4;27.864352652119123;0.30488849540121105;27.405184388089765;28.66721902747304
28;61.50;9.50;False;False;True;False;972;49.50;16.50;True;False;False;False;2;27.341884349038082;2.3670600816844845;26.253982680300396;28.42978601777577
28;61.50;9.50;False;False;True;False;973;50.50;16.50;True;False;False;False;4;27.169217957513865;3.460000289731018;25.311017319694656;28.912131625540496
28;61.50;9.50;False;False;True;False;974;51.50;16.50;True;False;False;False;1;25.38194804090017;0;25.38194804090017;25.38194804090017
28;61.50;9.50;False;False;True;False;975;52.50;16.50;True;False;False;False;4;21.32326219108245;0.26116482313831363;20.67239861393864;21.8310181231318
28;61.50;9.50;False;False;True;False;999;32.50;17.50;True;False;False;False;1;36.81971862575665;0;36.81971862575665;36.81971862575665
28;61.50;9.50;False;False;True;False;1009;42.50;17.50;True;False;False;False;2;28.254496533978454;0.3018160585121855;27.866027707357716;28.64296536059919
28;61.50;9.50;False;False;True;False;1011;44.50;17.50;True;False;False;False;8;30.867846209805975;8.311912970716733;27.81675726334288;35.8224995982855
28;61.50;9.50;False;False;True;False;1012;45.50;17.50;True;False;False;False;2;36.0329259367827;8.50736728734887;33.97047990265855;38.095371970906854
28;61.50;9.50;False;False;True;False;1013;46.50;17.50;True;False;False;False;4;35.88125219995254;2.9330764198269224;34.85777858122674;38.428427124741575
28;61.50;9.50;False;False;True;False;1014;47.50;17.50;True;False;False;False;1;37.77139248535241;0;37.77139248535241;37.77139248535241
28;61.50;9.50;False;False;True;False;1016;49.50;17.50;True;False;False;False;1;36.088605123350135;0;36.088605123350135;36.088605123350135
28;61.50;9.50;False;False;True;False;1017;50.50;17.50;True;False;False;False;2;36.84880029129454;5.774183782756642E-05;36.843427124731534;36.85417345785754
28;61.50;9.50;False;False;True;False;1019;52.50;17.50;True;False;False;False;3;22.124751490110913;0.32167691326746256;21.713888888889414;22.771851054756553
28;61.50;9.50;False;False;True;False;1097;42.50;19.50;True;False;False;False;2;33.390694243579674;4.636307827519997;31.8681457505063;34.91324273665305
28;61.50;9.50;False;False;True;False;1099;44.50;19.50;True;False;False;False;1;30.003979485560194;0;30.003979485560194;30.003979485560194
28;61.50;9.50;False;False;True;False;1100;45.50;19.50;True;False;False;False;3;34.80540163416723;4.844709064344367;33.393798292208885;37.3415696805132
28;61.50;9.50;False;False;True;False;1101;46.50;19.50;True;False;False;False;3;35.36385139623417;2.339485093768691;34.33182117712022;37.121103918172594
28;61.50;9.50;False;False;True;False;1102;47.50;19.50;True;False;False;False;1;35.16869730788858;0;35.16869730788858;35.16869730788858
28;61.50;9.50;False;False;True;False;1104;49.50;19.50;True;False;False;False;1;36.713795097479306;0;36.713795097479306;36.713795097479306
28;61.50;9.50;False;False;True;False;1107;52.50;19.50;True;False;False;False;1;24.746486276761516;0;24.746486276761516;24.746486276761516
28;61.50;9.50;False;False;True;False;1143;44.50;20.50;True;False;False;False;2;33.1967115632815;0.08715262183995337;32.98796216586925;33.405460960693745
28;61.50;9.50;False;False;True;False;1149;50.50;20.50;True;False;False;False;3;30.303612042118704;1.3650348191946327;29.385746333146926;31.618802290391613
28;61.50;9.50;False;False;True;False;1151;52.50;20.50;True;False;False;False;10;24.48158955221006;1.9760765573706434;23.37379509747916;27.56574394182644
28;61.50;9.50;False;False;True;False;1237;50.50;22.50;True;False;False;False;2;31.152948063699682;1.0307184000460492;30.435062836088036;31.870833291311328
28;61.50;9.50;False;False;True;False;1238;51.50;22.50;True;False;False;False;1;28.85490620859855;0;28.85490620859855;28.85490620859855
28;61.50;9.50;False;False;True;False;1239;52.50;22.50;True;False;False;False;7;26.26435179535955;4.188936562693654;24.425833735057495;29.85926085981191
28;61.50;9.50;False;False;True;False;1283;52.50;23.50;True;False;False;False;2;25.323744728058955;0.0576479080844702;25.153968539969355;25.493520916148555
28;61.50;9.50;False;False;True;False;1363;44.50;25.50;True;False;False;False;1;33.380840124524184;0;33.380840124524184;33.380840124524184
28;61.50;9.50;False;False;True;False;1371;52.50;25.50;True;False;False;False;3;27.565628738639663;0.7173315496685022;26.60815294342683;28.21688221772979
28;61.50;9.50;False;False;True;False;1409;46.50;26.50;True;False;False;False;1;37.235468153605325;0;37.235468153605325;37.235468153605325
28;61.50;9.50;False;False;True;False;1414;51.50;26.50;True;False;False;False;2;36.07458193682578;15.375068304370666;33.30194165143257;38.84722222221899
44;61.50;15.50;False;False;True;False;310;47.50;1.50;True;False;False;False;1;28.73352011271345;0;28.73352011271345;28.73352011271345
44;61.50;15.50;False;False;True;False;312;49.50;1.50;True;False;False;False;1;28.922683986365882;0;28.922683986365882;28.922683986365882
44;61.50;15.50;False;False;True;False;315;52.50;1.50;True;False;False;False;2;27.569286847994363;3.642304776046112;26.219786055840814;28.91878764014791
44;61.50;15.50;False;False;True;False;358;51.50;2.50;True;False;False;False;1;29.701014124962967;0;29.701014124962967;29.701014124962967
44;61.50;15.50;False;False;True;False;359;52.50;2.50;True;False;False;False;2;28.857455103381653;0.05302478895607027;28.694628832534363;29.020281374228944
44;61.50;15.50;False;False;True;False;447;52.50;4.50;True;False;False;False;3;28.747809577211836;0.40792450366816535;28.015646152234694;29.19055316426966
44;61.50;15.50;False;False;True;False;478;39.50;5.50;True;False;False;False;2;40.567372625842836;48.024786342111945;35.667128430799494;45.46761682088618
44;61.50;15.50;False;False;True;False;486;47.50;5.50;True;False;False;False;4;28.332246267901724;16.32167580627562;25.942131625550246;34.34832933514599
44;61.50;15.50;False;False;True;False;488;49.50;5.50;True;False;False;False;2;32.562730882070355;3.929601821883704;31.16101731969684;33.96444444444387
44;61.50;15.50;False;False;True;False;489;50.50;5.50;True;False;False;False;5;30.595087349020105;0.1883227362318016;30.27157687343788;31.31407008222959
44;61.50;15.50;False;False;True;False;490;51.50;5.50;True;False;False;False;2;44.55411977095173;355.4493586781575;31.222777777773445;57.885461764130014
44;61.50;15.50;False;False;True;False;491;52.50;5.50;True;False;False;False;1;23.57555555555882;0;23.57555555555882;23.57555555555882
44;61.50;15.50;False;False;True;False;564;37.50;7.50;True;False;False;False;1;31.922412999781955;0;31.922412999781955;31.922412999781955
44;61.50;15.50;False;False;True;False;566;39.50;7.50;True;False;False;False;2;32.17142904487264;0.036032325579144896;32.03720474457805;32.30565334516723
44;61.50;15.50;False;False;True;False;574;47.50;7.50;True;False;False;False;5;27.925763174556778;17.205325598825176;24.673989873226674;33.449628832531744
44;61.50;15.50;False;False;True;False;576;49.50;7.50;True;False;False;False;4;26.75271103067496;5.579954449474002;24.63665627901719;28.958888888886122
44;61.50;15.50;False;False;True;False;577;50.50;7.50;True;False;False;False;2;29.066031582792675;1.2061088992738724;28.28946577770148;29.84259738788387
44;61.50;15.50;False;False;True;False;578;51.50;7.50;True;False;False;False;3;37.69423544983268;57.50478788329875;31.40658006816375;46.11573594544825
44;61.50;15.50;False;False;True;False;579;52.50;7.50;True;False;False;False;9;23.42029928773506;8.772161684373962;21.992857183344313;31.229538235857035
44;61.50;15.50;False;False;True;False;608;37.50;8.50;True;False;False;False;1;31.47287795864031;0;31.47287795864031;31.47287795864031
44;61.50;15.50;False;False;True;False;613;42.50;8.50;True;False;False;False;1;31.039083664640202;0;31.039083664640202;31.039083664640202
44;61.50;15.50;False;False;True;False;615;44.50;8.50;True;False;False;False;5;33.6485023185669;27.292332734297702;29.71611830405527;41.886295499192784
44;61.50;15.50;False;False;True;False;618;47.50;8.50;True;False;False;False;2;29.33361311020144;57.0687754518869;23.99185424949428;34.6753719709086
44;61.50;15.50;False;False;True;False;620;49.50;8.50;True;False;False;False;4;24.03444054575607;0.011383667196937107;23.875850409243867;24.101810789445153
44;61.50;15.50;False;False;True;False;621;50.50;8.50;True;False;False;False;3;26.70141575913097;3.023853013953071;25.55018438807747;28.701760458077388
44;61.50;15.50;False;False;True;False;622;51.50;8.50;True;False;False;False;2;27.12451213447457;8.015024296513344;25.122634978339192;29.12638929060995
44;61.50;15.50;False;False;True;False;623;52.50;8.50;True;False;False;False;5;24.914402179094488;0.10159017792256887;24.45055635900826;25.269350653026777
44;61.50;15.50;False;False;True;False;696;37.50;10.50;True;False;False;False;1;29.40479081941885;0;29.40479081941885;29.40479081941885
44;61.50;15.50;False;False;True;False;704;45.50;10.50;True;False;False;False;1;28.936379196329653;0;28.936379196329653;28.936379196329653
44;61.50;15.50;False;False;True;False;705;46.50;10.50;True;False;False;False;1;28.084632027268526;0;28.084632027268526;28.084632027268526
44;61.50;15.50;False;False;True;False;706;47.50;10.50;True;False;False;False;2;23.000077685455835;0.14213936980192;22.733488704248884;23.266666666662786
44;61.50;15.50;False;False;True;False;708;49.50;10.50;True;False;False;False;1;23.680268595308007;0;23.680268595308007;23.680268595308007
44;61.50;15.50;False;False;True;False;709;50.50;10.50;True;False;False;False;3;26.420591614637033;1.2520609559883078;25.611305886855916;27.69750359645832
44;61.50;15.50;False;False;True;False;710;51.50;10.50;True;False;False;False;2;26.324210769360434;3.275603692781267;25.044444444443798;27.60397709427707
44;61.50;15.50;False;False;True;False;711;52.50;10.50;True;False;False;False;9;25.36928154152934;1.0835902455927775;24.127035442827037;27.560699961919454
44;61.50;15.50;False;False;True;False;740;37.50;11.50;True;False;False;False;9;30.775940729740746;2.80528985695301;28.5046320272686;32.965274984755524
44;61.50;15.50;False;False;True;False;742;39.50;11.50;True;False;False;False;16;30.279687852692998;7.226296123184418;28.504906208585453;37.954544625326434
44;61.50;15.50;False;False;True;False;743;40.50;11.50;True;False;False;False;8;33.49035848304493;3.656647698713276;32.230452179937856;38.1248323890195
44;61.50;15.50;False;False;True;False;744;41.50;11.50;True;False;False;False;6;33.66643898248943;0.15491877022751183;33.17318012717078;34.30211563279954
44;61.50;15.50;False;False;True;False;745;42.50;11.50;True;False;False;False;1;34.986482278567564;0;34.986482278567564;34.986482278567564
44;61.50;15.50;False;False;True;False;747;44.50;11.50;True;False;False;False;2;37.850878631662454;2.6184566636046918;36.70666347191218;38.99509379141273
44;61.50;15.50;False;False;True;False;750;47.50;11.50;True;False;False;False;10;22.330902587583523;0.12395046640612475;21.8787927061785;22.844999999997526
44;61.50;15.50;False;False;True;False;752;49.50;11.50;True;False;False;False;12;23.442061452137914;4.4056814624593;21.84565015040971;27.846858644490567
44;61.50;15.50;False;False;True;False;753;50.50;11.50;True;False;False;False;5;28.338708158537383;17.990362692749954;25.85871089027205;35.68037116745836
44;61.50;15.50;False;False;True;False;754;51.50;11.50;True;False;False;False;23;29.034267898933635;18.28682842843724;26.4603719709163;46.22766750262417
44;61.50;15.50;False;False;True;False;755;52.50;11.50;True;False;False;False;5;20.67141156500448;4.923616927606627;19.281496664403676;24.603611512833595
44;61.50;15.50;False;False;True;False;818;27.50;13.50;True;False;False;False;1;34.29787876210321;0;34.29787876210321;34.29787876210321
44;61.50;15.50;False;False;True;False;820;29.50;13.50;True;False;False;False;1;34.64633284577212;0;34.64633284577212;34.64633284577212
44;61.50;15.50;False;False;True;False;828;37.50;13.50;True;False;False;False;11;28.74915272031847;3.763290393593601;26.760092184518726;31.909816415354726
44;61.50;15.50;False;False;True;False;830;39.50;13.50;True;False;False;False;14;27.771569753339982;1.678305990744033;26.987316013626696;32.13065334515704
44;61.50;15.50;False;False;True;False;831;40.50;13.50;True;False;False;False;11;35.71943173334346;16.611691202803733;32.64407647171174;42.7790764717065
44;61.50;15.50;False;False;True;False;832;41.50;13.50;True;False;False;False;11;35.23993445956761;6.894602981599242;33.432135623730574;40.429074864838185
44;61.50;15.50;False;False;True;False;833;42.50;13.50;True;False;False;False;1;34.69000719291216;0;34.69000719291216;34.69000719291216
44;61.50;15.50;False;False;True;False;838;47.50;13.50;True;False;False;False;14;23.271051941446554;45.55323978179978;20.354447639178034;46.05953903931004
44;61.50;15.50;False;False;True;False;840;49.50;13.50;True;False;False;False;8;21.841308318339486;6.66099476863359;20.109538235858054;27.553333333329647
44;61.50;15.50;False;False;True;False;841;50.50;13.50;True;False;False;False;18;29.39152264258619;55.340710506133505;25.612225569793736;55.324076471706576
44;61.50;15.50;False;False;True;False;842;51.50;13.50;True;False;False;False;13;30.337255056718707;19.85893662528052;26.816017319692037;42.235190777553726
44;61.50;15.50;False;False;True;False;843;52.50;13.50;True;False;False;False;7;18.404339272864753;0.1253735826360852;17.805382358576935;18.929911010225624
44;61.50;15.50;False;False;True;False;859;24.50;14.50;True;False;False;False;1;36.93018758281687;0;36.93018758281687;36.93018758281687
44;61.50;15.50;False;False;True;False;860;25.50;14.50;True;False;False;False;2;39.30806074938664;140.32145657955724;30.93186063896792;47.68426085980536
44;61.50;15.50;False;False;True;False;861;26.50;14.50;True;False;False;False;1;53.00620490252186;0;53.00620490252186;53.00620490252186
44;61.50;15.50;False;False;True;False;862;27.50;14.50;True;False;False;False;2;35.892039833217495;76.39848452876375;29.711486276748474;42.07259338968652
44;61.50;15.50;False;False;True;False;864;29.50;14.50;True;False;False;False;3;29.83329274679151;3.4887315875961815;28.363398353121738;31.93509379140596
44;61.50;15.50;False;False;True;False;865;30.50;14.50;True;False;False;False;2;33.85946037618487;56.608758935166314;28.53927433925128;39.17964641311846
44;61.50;15.50;False;False;True;False;866;31.50;14.50;True;False;False;False;2;27.25412324467652;0.4486760308940944;26.78047990264895;27.727766586704092
44;61.50;15.50;False;False;True;False;867;32.50;14.50;True;False;False;False;2;26.52583173596213;0.04450234199171002;26.376663471924985;26.674999999999272
44;61.50;15.50;False;False;True;False;869;34.50;14.50;True;False;False;False;5;31.22081289542807;30.366790452207663;25.870187582826475;39.80962563779758
44;61.50;15.50;False;False;True;False;870;35.50;14.50;True;False;False;False;4;28.473116440149;34.34888615486007;24.530281374238257;37.09722622040863
44;61.50;15.50;False;False;True;False;871;36.50;14.50;True;False;False;False;4;25.49319444920934;7.691337781540743;23.947138818464737;29.649076471718217
44;61.50;15.50;False;False;True;False;872;37.50;14.50;True;False;False;False;14;24.83259154659642;19.149379292167453;22.788982680291156;38.62093072119751
44;61.50;15.50;False;False;True;False;874;39.50;14.50;True;False;False;False;7;23.545708538973326;14.509156336900118;21.700840124522074;32.121204902514364
44;61.50;15.50;False;False;True;False;875;40.50;14.50;True;False;False;False;5;28.440295177815823;97.1877712798246;21.151851054753934;41.9585209161487
44;61.50;15.50;False;False;True;False;876;41.50;14.50;True;False;False;False;5;23.158426964055614;14.76029565153544;20.13935384776414;28.167316013634263
44;61.50;15.50;False;False;True;False;877;42.50;14.50;True;False;False;False;4;22.51796430451418;10.30019093325361;19.65027739510333;26.64925686161223
44;61.50;15.50;False;False;True;False;879;44.50;14.50;True;False;False;False;3;18.78784122238426;0.3934894325019907;18.310193972298293;19.498235903436807
44;61.50;15.50;False;False;True;False;880;45.50;14.50;True;False;False;False;7;17.838557573408185;0.13437358091686674;17.51323954191139;18.634899015680276
44;61.50;15.50;False;False;True;False;881;46.50;14.50;True;False;False;False;1;26.42926405453909;0;26.42926405453909;26.42926405453909
44;61.50;15.50;False;False;True;False;882;47.50;14.50;True;False;False;False;1;17.463349326087155;0;17.463349326087155;17.463349326087155
44;61.50;15.50;False;False;True;False;884;49.50;14.50;True;False;False;False;10;15.50225483988197;0.8617418167451469;14.737229415142792;17.942310427617485
44;61.50;15.50;False;False;True;False;885;50.50;14.50;True;False;False;False;3;15.606638865411393;0.6524004376772804;15.116485473303328;16.538892887074326
44;61.50;15.50;False;False;True;False;886;51.50;14.50;True;False;False;False;3;13.789577234547053;0.15472817507216788;13.43278177596413;14.211390094064882
44;61.50;15.50;False;False;True;False;887;52.50;14.50;True;False;False;False;7;13.584734885720406;0.18801537901699755;13.137961815602466;14.21176045807897
44;61.50;15.50;False;False;True;False;947;24.50;16.50;True;False;False;False;1;40.72415987547356;0;40.72415987547356;40.72415987547356
44;61.50;15.50;False;False;True;False;948;25.50;16.50;True;False;False;False;1;31.769991219258372;0;31.769991219258372;31.769991219258372
44;61.50;15.50;False;False;True;False;949;26.50;16.50;True;False;False;False;2;33.292685583732236;0.19577523853097387;32.97981561191409;33.60555555555038
44;61.50;15.50;False;False;True;False;950;27.50;16.50;True;False;False;False;3;31.4469578992442;2.363760807385113;29.733460697952978;32.7058337350536
44;61.50;15.50;False;False;True;False;952;29.50;16.50;True;False;False;False;5;35.626811135489696;116.84028790848006;28.417965360600647;53.058430319480976
44;61.50;15.50;False;False;True;False;953;30.50;16.50;True;False;False;False;2;29.41305315475074;2.4187744396992565;28.313331726456454;30.51277458304503
44;61.50;15.50;False;False;True;False;954;31.50;16.50;True;False;False;False;2;31.32056807456138;3.06062274462242;30.083510528482293;32.557625620640465
44;61.50;15.50;False;False;True;False;955;32.50;16.50;True;False;False;False;6;28.604946042089676;14.305609733619033;26.328514526685467;35.91361470757147
44;61.50;15.50;False;False;True;False;957;34.50;16.50;True;False;False;False;6;25.371599301179003;0.09653727975846352;24.83070797722212;25.634910206772474
44;61.50;15.50;False;False;True;False;958;35.50;16.50;True;False;False;False;4;24.604434052010447;0.2196479779865863;24.16370130606174;25.222827589097506
44;61.50;15.50;False;False;True;False;959;36.50;16.50;True;False;False;False;4;23.675690446255658;0.03474855753116883;23.398243540105796;23.798795097474795
44;61.50;15.50;False;False;True;False;960;37.50;16.50;True;False;False;False;7;23.386528464809544;0.21097230849999404;22.832225416950678;24.078101865800363
44;61.50;15.50;False;False;True;False;962;39.50;16.50;True;False;False;False;4;24.403777446039328;20.272880018206422;21.70075593639558;31.116114305845258
44;61.50;15.50;False;False;True;False;963;40.50;16.50;True;False;False;False;4;28.52231335533793;191.48358157058163;21.291836668913675;49.276204902521386
44;61.50;15.50;False;False;True;False;964;41.50;16.50;True;False;False;False;2;20.980106178167375;0.06729248694227115;20.796677054331667;21.163535302003083
44;61.50;15.50;False;False;True;False;965;42.50;16.50;True;False;False;False;7;20.270329033524888;1.2183615060938837;19.60796216586641;22.726767651001353
44;61.50;15.50;False;False;True;False;967;44.50;16.50;True;False;False;False;4;18.50553530243664;0.21863260441332272;18.103603516465682;19.17612469350297
44;61.50;15.50;False;False;True;False;968;45.50;16.50;True;False;False;False;2;18.72571388477172;0.003189171967725545;18.685781617319662;18.76564615222378
44;61.50;15.50;False;False;True;False;969;46.50;16.50;True;False;False;False;5;29.099296026557546;213.90837222097426;17.849892068245026;45.16601812315639
44;61.50;15.50;False;False;True;False;970;47.50;16.50;True;False;False;False;4;16.608657208131262;0.032573581563519215;16.450924331737042;16.81028137424073
44;61.50;15.50;False;False;True;False;972;49.50;16.50;True;False;False;False;5;15.541556561191328;0.18080774552654555;14.888342917540285;16.066295499201487
44;61.50;15.50;False;False;True;False;973;50.50;16.50;True;False;False;False;4;15.057974613995839;1.082048887956559;14.369268856190502;16.583985875040526
44;61.50;15.50;False;False;True;False;974;51.50;16.50;True;False;False;False;1;41.35184386182664;0;41.35184386182664;41.35184386182664
44;61.50;15.50;False;False;True;False;975;52.50;16.50;True;False;False;False;6;13.498116887516819;0.18779588125424485;13.039632830714254;14.13036238668792
44;61.50;15.50;False;False;True;False;999;32.50;17.50;True;False;False;False;7;36.02955254740794;53.358165508135954;30.553427124743394;48.78268398635555
44;61.50;15.50;False;False;True;False;1001;34.50;17.50;True;False;False;False;6;31.790138955840426;3.4482171600769362;30.25296216586139;35.4825957809735
44;61.50;15.50;False;False;True;False;1002;35.50;17.50;True;False;False;False;2;39.21466642294399;10.62123804301338;36.91018838627133;41.519144459616655
44;61.50;15.50;False;False;True;False;1009;42.50;17.50;True;False;False;False;7;24.1077928130722;0.2095623465556729;23.63120490252186;24.71870130606294
44;61.50;15.50;False;False;True;False;1011;44.50;17.50;True;False;False;False;11;25.153596856333955;5.6484158237269675;23.467409805043644;29.881017319698003
44;61.50;15.50;False;False;True;False;1012;45.50;17.50;True;False;False;False;8;30.52343100106654;3.8001949428557396;29.24384034373361;34.159964838841006
44;61.50;15.50;False;False;True;False;1013;46.50;17.50;True;False;False;False;7;33.5976106745842;9.53148715255443;30.31833572461619;36.99999680525798
44;61.50;15.50;False;False;True;False;1014;47.50;17.50;True;False;False;False;1;30.92322915426257;0;30.92322915426257;30.92322915426257
44;61.50;15.50;False;False;True;False;1016;49.50;17.50;True;False;False;False;2;33.32092832038734;0.0035031544746367566;33.27907647171469;33.36278016905999
44;61.50;15.50;False;False;True;False;1018;51.50;17.50;True;False;False;False;2;33.53727550739859;0.18757250076799606;33.231030098642805;33.843520916154375
44;61.50;15.50;False;False;True;False;1019;52.50;17.50;True;False;False;False;6;17.857256992664514;1.609528911830862;16.709069278787865;20.210031427501235
44;61.50;15.50;False;False;True;False;1087;32.50;19.50;True;False;False;False;1;33.293294457545926;0;33.293294457545926;33.293294457545926
44;61.50;15.50;False;False;True;False;1089;34.50;19.50;True;False;False;False;2;40.61169252710897;59.47825299284385;35.15833333332557;46.06505172089237
44;61.50;15.50;False;False;True;False;1090;35.50;19.50;True;False;False;False;2;36.079167068388415;0.00011519772690158118;36.071577676881134;36.086756459895696
44;61.50;15.50;False;False;True;False;1097;42.50;19.50;True;False;False;False;3;25.759919261696268;0.0727410625488859;25.493279504697057;26.03258939150328
44;61.50;15.50;False;False;True;False;1099;44.50;19.50;True;False;False;False;12;26.405001646211304;2.1762855546806463;25.167082844032848;29.519086055921434
44;61.50;15.50;False;False;True;False;1100;45.50;19.50;True;False;False;False;13;30.84269602821634;7.588570624762454;27.294160972298414;36.31501197547914
44;61.50;15.50;False;False;True;False;1101;46.50;19.50;True;False;False;False;6;33.613087619628686;69.9719765871721;29.802590998400774;50.67296855533823
44;61.50;15.50;False;False;True;False;1102;47.50;19.50;True;False;False;False;3;31.012717915626126;0.017116482021813186;30.893802290400345;31.152865179716173
44;61.50;15.50;False;False;True;False;1104;49.50;19.50;True;False;False;False;2;34.935746734839086;15.855802995651022;32.12009379141273;37.75139967826544
44;61.50;15.50;False;False;True;False;1105;50.50;19.50;True;False;False;False;2;37.811562879804114;49.457236475014035;32.838775106582034;42.784350653026195
44;61.50;15.50;False;False;True;False;1106;51.50;19.50;True;False;False;False;2;40.4697242213133;72.88934817705098;34.432781775958574;46.506666666668025
44;61.50;15.50;False;False;True;False;1107;52.50;19.50;True;False;False;False;6;19.129719821396822;0.1481301966467249;18.725468153612383;19.612868374455502
44;61.50;15.50;False;False;True;False;1136;37.50;20.50;True;False;False;False;1;34.349257665064215;0;34.349257665064215;34.349257665064215
44;61.50;15.50;False;False;True;False;1139;40.50;20.50;True;False;False;False;1;32.892322403124126;0;32.892322403124126;32.892322403124126
44;61.50;15.50;False;False;True;False;1140;41.50;20.50;True;False;False;False;1;31.76879509747232;0;31.76879509747232;31.76879509747232
44;61.50;15.50;False;False;True;False;1144;45.50;20.50;True;False;False;False;1;28.720000000001164;0;28.720000000001164;28.720000000001164
44;61.50;15.50;False;False;True;False;1145;46.50;20.50;True;False;False;False;1;28.38611111110731;0;28.38611111110731;28.38611111110731
44;61.50;15.50;False;False;True;False;1146;47.50;20.50;True;False;False;False;4;28.115707377130775;0.2419695797651239;27.68398268029705;28.633659245404488
44;61.50;15.50;False;False;True;False;1148;49.50;20.50;True;False;False;False;1;27.192229415151814;0;27.192229415151814;27.192229415151814
44;61.50;15.50;False;False;True;False;1149;50.50;20.50;True;False;False;False;5;27.79840010924381;8.073738068926028;25.555610471212276;31.875739943647204
44;61.50;15.50;False;False;True;False;1150;51.50;20.50;True;False;False;False;2;29.84643938105455;12.383138791327902;27.35815294343047;32.334725818678635
44;61.50;15.50;False;False;True;False;1151;52.50;20.50;True;False;False;False;6;20.40539550934115;2.166016842579635;19.325184388090406;23.317964557147207
44;61.50;15.50;False;False;True;False;1228;41.50;22.50;True;False;False;False;1;34.68334291754036;0;34.68334291754036;34.68334291754036
44;61.50;15.50;False;False;True;False;1231;44.50;22.50;True;False;False;False;1;27.642590194947843;0;27.642590194947843;27.642590194947843
44;61.50;15.50;False;False;True;False;1232;45.50;22.50;True;False;False;False;3;29.29206830084043;0.7327987757530378;28.674999999999272;30.269346654843957
44;61.50;15.50;False;False;True;False;1233;46.50;22.50;True;False;False;False;2;30.00013589500486;0.32230971833215666;29.59869491657082;30.4015768734389
44;61.50;15.50;False;False;True;False;1234;47.50;22.50;True;False;False;False;2;27.83990780595559;0.023152333327597995;27.732315210188972;27.94750040172221
44;61.50;15.50;False;False;True;False;1236;49.50;22.50;True;False;False;False;2;26.732248092168447;0.0007155362035957257;26.71333333333314;26.751162851003755
44;61.50;15.50;False;False;True;False;1237;50.50;22.50;True;False;False;False;1;25.229715431024943;0;25.229715431024943;25.229715431024943
44;61.50;15.50;False;False;True;False;1238;51.50;22.50;True;False;False;False;1;25.212687181098318;0;25.212687181098318;25.212687181098318
44;61.50;15.50;False;False;True;False;1239;52.50;22.50;True;False;False;False;4;21.238611311965997;0.06524743521444404;20.986760458083154;21.468510528475235
44;61.50;15.50;False;False;True;False;1273;42.50;23.50;True;False;False;False;2;30.110373289167;9.941600608114566;27.880844122715644;32.33990245561836
44;61.50;15.50;False;False;True;False;1275;44.50;23.50;True;False;False;False;3;29.967263605865202;2.4065709418919248;28.983333333329938;31.755562748468947
44;61.50;15.50;False;False;True;False;1276;45.50;23.50;True;False;False;False;3;33.883243004471296;0.29903204334398986;33.357041028859385;34.44861151284567
44;61.50;15.50;False;False;True;False;1280;49.50;23.50;True;False;False;False;1;36.39787156918101;0;36.39787156918101;36.39787156918101
44;61.50;15.50;False;False;True;False;1283;52.50;23.50;True;False;False;False;2;22.33338022904097;3.0726775646238136;21.093888888888927;23.572871569193012
44;61.50;15.50;False;False;True;False;1361;42.50;25.50;True;False;False;False;1;29.65591130718167;0;29.65591130718167;29.65591130718167
44;61.50;15.50;False;False;True;False;1364;45.50;25.50;True;False;False;False;2;39.18468251942977;62.4186254073193;33.59815294341752;44.771212095442024
44;61.50;15.50;False;False;True;False;1365;46.50;25.50;True;False;False;False;2;34.33565094432561;0.23537697160727722;33.99259338967386;34.67870849897736
44;61.50;15.50;False;False;True;False;1371;52.50;25.50;True;False;False;False;3;23.140873606339635;0.26722841350369675;22.604661602390024;23.636104967134088
44;61.50;15.50;False;False;True;False;1410;47.50;26.50;True;False;False;False;1;31.59744762201808;0;31.59744762201808;31.59744762201808
44;61.50;15.50;False;False;True;False;1413;50.50;26.50;True;False;False;False;1;38.77704183231981;0;38.77704183231981;38.77704183231981
44;61.50;15.50;False;False;True;False;1414;51.50;26.50;True;False;False;False;1;29.709165461490556;0;29.709165461490556;29.709165461490556
44;61.50;15.50;False;False;True;False;1415;52.50;26.50;True;False;False;False;2;23.417314416264347;0.004372782109555111;23.370555555555626;23.464073276973068
60;61.50;21.50;False;False;True;False;359;52.50;2.50;True;False;False;False;1;33.17304956782027;0;33.17304956782027;33.17304956782027
60;61.50;21.50;False;False;True;False;444;49.50;4.50;True;False;False;False;1;54.191583262905624;0;54.191583262905624;54.191583262905624
60;61.50;21.50;False;False;True;False;447;52.50;4.50;True;False;False;False;1;36.47791422577029;0;36.47791422577029;36.47791422577029
60;61.50;21.50;False;False;True;False;488;49.50;5.50;True;False;False;False;1;32.07083373505884;0;32.07083373505884;32.07083373505884
60;61.50;21.50;False;False;True;False;491;52.50;5.50;True;False;False;False;3;31.692757531768773;15.077517718689567;27.97620490252575;35.72311697883242
60;61.50;21.50;False;False;True;False;574;47.50;7.50;True;False;False;False;1;28.718059152019123;0;28.718059152019123;28.718059152019123
60;61.50;21.50;False;False;True;False;579;52.50;7.50;True;False;False;False;3;29.12250492918732;19.45183202017116;26.469354651217145;34.21370849898085
60;61.50;21.50;False;False;True;False;616;45.50;8.50;True;False;False;False;1;38.085092987963435;0;38.085092987963435;38.085092987963435
60;61.50;21.50;False;False;True;False;617;46.50;8.50;True;False;False;False;1;32.10484840074787;0;32.10484840074787;32.10484840074787
60;61.50;21.50;False;False;True;False;618;47.50;8.50;True;False;False;False;2;28.109491340148452;0.1997931765195062;27.793427124743175;28.42555555555373
60;61.50;21.50;False;False;True;False;620;49.50;8.50;True;False;False;False;1;28.92120170778071;0;28.92120170778071;28.92120170778071
60;61.50;21.50;False;False;True;False;622;51.50;8.50;True;False;False;False;1;29.14987578217915;0;29.14987578217915;29.14987578217915
60;61.50;21.50;False;False;True;False;623;52.50;8.50;True;False;False;False;3;33.756023179890086;22.577620526464266;28.27657367870779;36.73935704250107
60;61.50;21.50;False;False;True;False;705;46.50;10.50;True;False;False;False;1;32.06769117927615;0;32.06769117927615;32.06769117927615
60;61.50;21.50;False;False;True;False;706;47.50;10.50;True;False;False;False;3;26.934537438757616;0.09420480352862604;26.716666666663514;27.28555555555795
60;61.50;21.50;False;False;True;False;709;50.50;10.50;True;False;False;False;2;33.26280469213816;26.999896266205376;29.588577136160893;36.93703224811543
60;61.50;21.50;False;False;True;False;710;51.50;10.50;True;False;False;False;1;30.000559553729545;0;30.000559553729545;30.000559553729545
60;61.50;21.50;False;False;True;False;711;52.50;10.50;True;False;False;False;2;30.760230480342216;11.843583795721782;28.32675726334128;33.19370369734315
60;61.50;21.50;False;False;True;False;750;47.50;11.50;True;False;False;False;6;26.57468589215963;0.24401528257359717;25.870652541696472;27.290460960704877
60;61.50;21.50;False;False;True;False;752;49.50;11.50;True;False;False;False;10;27.105068980041324;4.822799057792874;25.828885694150813;32.75444444444656
60;61.50;21.50;False;False;True;False;753;50.50;11.50;True;False;False;False;2;30.449677727323433;0.3714923662938239;30.018694916590903;30.880660538055963
60;61.50;21.50;False;False;True;False;754;51.50;11.50;True;False;False;False;2;41.449961700767744;219.8797896054923;30.96473901344507;51.93518438809042
60;61.50;21.50;False;False;True;False;755;52.50;11.50;True;False;False;False;4;27.18191880139875;17.239239426601188;23.63805595728627;32.31194165141642
60;61.50;21.50;False;False;True;False;828;37.50;13.50;True;False;False;False;1;42.76825232085321;0;42.76825232085321;42.76825232085321
60;61.50;21.50;False;False;True;False;838;47.50;13.50;True;False;False;False;6;25.174030111620443;0.059032929490346234;24.87660086242613;25.49138848716393
60;61.50;21.50;False;False;True;False;840;49.50;13.50;True;False;False;False;7;27.40850412816287;10.405359276447458;24.701761261516367;31.973874748558956
60;61.50;21.50;False;False;True;False;841;50.50;13.50;True;False;False;False;7;31.56855052762551;2.506633724180431;29.93935065302503;33.76869811132565
60;61.50;21.50;False;False;True;False;842;51.50;13.50;True;False;False;False;5;31.1786475908144;0.12938211912717995;30.7843578459524;31.616291501009982
60;61.50;21.50;False;False;True;False;843;52.50;13.50;True;False;False;False;4;22.480002396049258;0.09361398330699353;22.134444444443943;22.8579653605957
60;61.50;21.50;False;False;True;False;876;41.50;14.50;True;False;False;False;2;31.770234880254975;0.0017284789826520043;31.74083692979366;31.79963283071629
60;61.50;21.50;False;False;True;False;877;42.50;14.50;True;False;False;False;1;31.000458569404145;0;31.000458569404145;31.000458569404145
60;61.50;21.50;False;False;True;False;880;45.50;14.50;True;False;False;False;2;30.51773088207301;3.8788761325699297;29.125093791411928;31.910367972734093
60;61.50;21.50;False;False;True;False;881;46.50;14.50;True;False;False;False;1;30.184820413545822;0;30.184820413545822;30.184820413545822
60;61.50;21.50;False;False;True;False;882;47.50;14.50;True;False;False;False;3;24.44909663812882;0.291688168204552;23.94039960607188;25.01586900949951
60;61.50;21.50;False;False;True;False;885;50.50;14.50;True;False;False;False;2;25.961567681472843;0.2575995993974764;25.602680791633247;26.32045457131244
60;61.50;21.50;False;False;True;False;886;51.50;14.50;True;False;False;False;2;32.17157527607378;93.31558464675268;25.34092433173646;39.0022262204111
60;61.50;21.50;False;False;True;False;887;52.50;14.50;True;False;False;False;3;31.360742602744722;5.930891471948756;28.816576069986695;33.670276572600415
60;61.50;21.50;False;False;True;False;960;37.50;16.50;True;False;False;False;4;31.15496276414524;5.903306033321516;29.656291501032683;34.777587803660936
60;61.50;21.50;False;False;True;False;962;39.50;16.50;True;False;False;False;1;32.251395680104906;0;32.251395680104906;32.251395680104906
60;61.50;21.50;False;False;True;False;963;40.50;16.50;True;False;False;False;2;33.18888888889114;0.062424479855878005;33.012219027488754;33.36555875029353
60;61.50;21.50;False;False;True;False;964;41.50;16.50;True;False;False;False;2;31.499353446022724;0.025647652834188843;31.38611111110731;31.612595780938136
60;61.50;21.50;False;False;True;False;965;42.50;16.50;True;False;False;False;1;31.03537516565484;0;31.03537516565484;31.03537516565484
60;61.50;21.50;False;False;True;False;967;44.50;16.50;True;False;False;False;1;29.534458026821085;0;29.534458026821085;29.534458026821085
60;61.50;21.50;False;False;True;False;968;45.50;16.50;True;False;False;False;1;29.073520916158486;0;29.073520916158486;29.073520916158486
60;61.50;21.50;False;False;True;False;969;46.50;16.50;True;False;False;False;2;32.238443164600085;28.38646342074172;28.471052594142748;36.00583373505742
60;61.50;21.50;False;False;True;False;970;47.50;16.50;True;False;False;False;4;23.526999336524113;0.9577590319558129;22.70759099840234;24.898333333323535
60;61.50;21.50;False;False;True;False;972;49.50;16.50;True;False;False;False;1;23.447777777781084;0;23.447777777781084;23.447777777781084
60;61.50;21.50;False;False;True;False;973;50.50;16.50;True;False;False;False;2;26.08000000000021;0.431578179702869;25.615468957063968;26.544531042936455
60;61.50;21.50;False;False;True;False;974;51.50;16.50;True;False;False;False;3;28.988653618059896;1.6305144628154664;28.035829736887536;30.439544625335657
60;61.50;21.50;False;False;True;False;975;52.50;16.50;True;False;False;False;4;26.029164410073463;11.590152113878695;24.027128430803714;31.111753265151492
60;61.50;21.50;False;False;True;False;1004;37.50;17.50;True;False;False;False;6;29.993684538602945;6.3509074228899225;28.495090577608607;35.09640184341333
60;61.50;21.50;False;False;True;False;1006;39.50;17.50;True;False;False;False;10;31.23402798901218;14.293468709097676;28.714906208591856;40.31092433171216
60;61.50;21.50;False;False;True;False;1007;40.50;17.50;True;False;False;False;12;36.46267393898937;31.08361708575033;32.24148627676186;49.424076471714216
60;61.50;21.50;False;False;True;False;1008;41.50;17.50;True;False;False;False;4;36.73536105630683;10.953734040530296;33.63607625250734;40.52370450078888
60;61.50;21.50;False;False;True;False;1009;42.50;17.50;True;False;False;False;1;34.272965360607486;0;34.272965360607486;34.272965360607486
60;61.50;21.50;False;False;True;False;1011;44.50;17.50;True;False;False;False;1;35.36776138825371;0;35.36776138825371;35.36776138825371
60;61.50;21.50;False;False;True;False;1014;47.50;17.50;True;False;False;False;17;22.240536927469556;0.13750598590013338;21.848787904560595;23.055468957063567
60;61.50;21.50;False;False;True;False;1016;49.50;17.50;True;False;False;False;22;22.75038973749039;2.441388923402191;21.686024512619667;28.54284308093088
60;61.50;21.50;False;False;True;False;1017;50.50;17.50;True;False;False;False;17;25.450561634138335;11.54792727336301;12.746688715815253;27.824718625763126
60;61.50;21.50;False;False;True;False;1018;51.50;17.50;True;False;False;False;17;27.848454976243872;3.16858620550054;26.566291501014348;32.36582654214453
60;61.50;21.50;False;False;True;False;1019;52.50;17.50;True;False;False;False;6;20.09309849401734;0.32344108730471854;19.329632027270236;20.75204183232563
60;61.50;21.50;False;False;True;False;1082;27.50;19.50;True;False;False;False;1;34.64342393001061;0;34.64342393001061;34.64342393001061
60;61.50;21.50;False;False;True;False;1084;29.50;19.50;True;False;False;False;1;33.62777777777592;0;33.62777777777592;33.62777777777592
60;61.50;21.50;False;False;True;False;1092;37.50;19.50;True;False;False;False;9;27.77318521226405;0.9894256294534102;26.955355193795185;29.92158406638555
60;61.50;21.50;False;False;True;False;1094;39.50;19.50;True;False;False;False;15;29.43298735141508;18.041541166671863;26.96666666666715;43.16972423084553
60;61.50;21.50;False;False;True;False;1095;40.50;19.50;True;False;False;False;6;32.834860949650796;0.2377850060118752;32.25046895705236;33.50731601363077
60;61.50;21.50;False;False;True;False;1096;41.50;19.50;True;False;False;False;8;34.82470017325068;6.934924788612958;33.26240980504372;40.878708498959895
60;61.50;21.50;False;False;True;False;1097;42.50;19.50;True;False;False;False;1;35.233611512834614;0;35.233611512834614;35.233611512834614
60;61.50;21.50;False;False;True;False;1099;44.50;19.50;True;False;False;False;1;35.83648627675939;0;35.83648627675939;35.83648627675939
60;61.50;21.50;False;False;True;False;1102;47.50;19.50;True;False;False;False;13;20.305056337717463;0.4385829266116151;18.358613610740576;21.29166666666788
60;61.50;21.50;False;False;True;False;1104;49.50;19.50;True;False;False;False;10;21.990086901044528;4.727965031688155;20.03976453428072;27.115089793227526
60;61.50;21.50;False;False;True;False;1105;50.50;19.50;True;False;False;False;12;27.552049326100438;15.10605080311761;22.135461764142747;38.03841703046055
60;61.50;21.50;False;False;True;False;1106;51.50;19.50;True;False;False;False;18;27.757484288778475;1.718767697104036;26.549171870035934;30.39231201543953
60;61.50;21.50;False;False;True;False;1123;24.50;20.50;True;False;False;False;1;31.51879190274485;0;31.51879190274485;31.51879190274485
60;61.50;21.50;False;False;True;False;1124;25.50;20.50;True;False;False;False;1;32.017594193137484;0;32.017594193137484;32.017594193137484
60;61.50;21.50;False;False;True;False;1126;27.50;20.50;True;False;False;False;3;29.734657698686835;0.17341131165021037;29.43045537465514;30.209260056344647
60;61.50;21.50;False;False;True;False;1128;29.50;20.50;True;False;False;False;2;35.002672785726645;42.070256151123395;30.416265905001637;39.58907966645165
60;61.50;21.50;False;False;True;False;1129;30.50;20.50;True;False;False;False;2;28.13472901341504;0.22445428096060205;27.799725818683555;28.469732208146524
60;61.50;21.50;False;False;True;False;1130;31.50;20.50;True;False;False;False;1;42.42675726334619;0;42.42675726334619;42.42675726334619
60;61.50;21.50;False;False;True;False;1131;32.50;20.50;True;False;False;False;4;27.086856846403634;0.12353554930037342;26.629725818664156;27.48686463715785
60;61.50;21.50;False;False;True;False;1133;34.50;20.50;True;False;False;False;2;25.637000130441265;0.4714334352787913;25.151493469684283;26.122506791198248
60;61.50;21.50;False;False;True;False;1134;35.50;20.50;True;False;False;False;1;24.960007192918056;0;24.960007192918056;24.960007192918056
60;61.50;21.50;False;False;True;False;1135;36.50;20.50;True;False;False;False;8;25.707266119284213;11.352336988447693;23.633799899103906;31.26776258847258
60;61.50;21.50;False;False;True;False;1136;37.50;20.50;True;False;False;False;7;25.63177095910497;10.369191584272098;23.372693589639994;32.355461764143
60;61.50;21.50;False;False;True;False;1138;39.50;20.50;True;False;False;False;5;22.05152560615661;0.23779233096256455;21.51388888888505;22.635881958558457
60;61.50;21.50;False;False;True;False;1139;40.50;20.50;True;False;False;False;3;23.062441865952717;5.050881978150464;21.40787156920487;25.621107916378605
60;61.50;21.50;False;False;True;False;1140;41.50;20.50;True;False;False;False;3;21.94520472860798;4.756210909774646;20.446285111553152;24.447131625551265
60;61.50;21.50;False;False;True;False;1141;42.50;20.50;True;False;False;False;4;19.733744002713628;0.06283406624761476;19.511017319695384;20.093520916159065
60;61.50;21.50;False;False;True;False;1143;44.50;20.50;True;False;False;False;1;21.834996805257106;0;21.834996805257106;21.834996805257106
60;61.50;21.50;False;False;True;False;1144;45.50;20.50;True;False;False;False;4;18.004257594168337;0.10290104632283512;17.729725818682937;18.396732225312007
60;61.50;21.50;False;False;True;False;1145;46.50;20.50;True;False;False;False;1;17.102215029303807;0;17.102215029303807;17.102215029303807
60;61.50;21.50;False;False;True;False;1146;47.50;20.50;True;False;False;False;8;18.320112141108183;11.980608593527002;16.233322142226825;26.54629789048522
60;61.50;21.50;False;False;True;False;1148;49.50;20.50;True;False;False;False;4;15.36692619042401;0.1689975344169254;15.022321599672068;15.871760458082463
60;61.50;21.50;False;False;True;False;1149;50.50;20.50;True;False;False;False;5;22.873573835577808;260.34925522019495;14.45703463939654;51.66194484616608
60;61.50;21.50;False;False;True;False;1150;51.50;20.50;True;False;False;False;5;20.755737603414854;155.68902083655468;13.781898787328828;42.714271247452416
60;61.50;21.50;False;False;True;False;1151;52.50;20.50;True;False;False;False;3;13.702686384009516;0.11333320045507961;13.314906208585853;13.920094594868715
60;61.50;21.50;False;False;True;False;1211;24.50;22.50;True;False;False;False;1;49.99944844261336;0;49.99944844261336;49.99944844261336
60;61.50;21.50;False;False;True;False;1212;25.50;22.50;True;False;False;False;1;33.21333333333314;0;33.21333333333314;33.21333333333314
60;61.50;21.50;False;False;True;False;1214;27.50;22.50;True;False;False;False;1;43.14685025129802;0;43.14685025129802;43.14685025129802
60;61.50;21.50;False;False;True;False;1216;29.50;22.50;True;False;False;False;1;34.49078227867176;0;34.49078227867176;34.49078227867176
60;61.50;21.50;False;False;True;False;1217;30.50;22.50;True;False;False;False;5;28.32092512756203;1.9850557561717435;27.46944444444466;30.829073276978306
60;61.50;21.50;False;False;True;False;1218;31.50;22.50;True;False;False;False;1;26.960274181312343;0;26.960274181312343;26.960274181312343
60;61.50;21.50;False;False;True;False;1219;32.50;22.50;True;False;False;False;3;27.12731707853891;1.4257409307098046;26.39999999999418;28.505371167462727
60;61.50;21.50;False;False;True;False;1221;34.50;22.50;True;False;False;False;3;25.29382769401006;0.19090617371161783;24.99852091615685;25.795743138380203
60;61.50;21.50;False;False;True;False;1222;35.50;22.50;True;False;False;False;1;24.992965360603193;0;24.992965360603193;24.992965360603193
60;61.50;21.50;False;False;True;False;1223;36.50;22.50;True;False;False;False;5;24.79909443035922;2.6973439391296976;23.457034639399353;26.720739140189835
60;61.50;21.50;False;False;True;False;1224;37.50;22.50;True;False;False;False;3;23.36824406938528;0.05493167819814075;23.139079666450925;23.60750359645317
60;61.50;21.50;False;False;True;False;1226;39.50;22.50;True;False;False;False;4;21.899775909121203;0.28016790576240436;21.518614707569668;22.648821458804377
60;61.50;21.50;False;False;True;False;1227;40.50;22.50;True;False;False;False;4;23.332822277431887;18.306876654597712;21.064167068390816;29.7491670683994
60;61.50;21.50;False;False;True;False;1228;41.50;22.50;True;False;False;False;2;20.815741541013267;0.3776441803828264;20.38120490252186;21.250278179504676
60;61.50;21.50;False;False;True;False;1229;42.50;22.50;True;False;False;False;9;21.24117485489609;6.968968865282253;19.525649346971477;26.257499598279537
60;61.50;21.50;False;False;True;False;1231;44.50;22.50;True;False;False;False;3;18.615944933714825;0.15455513666717557;18.300796967017504;19.056479083839804
60;61.50;21.50;False;False;True;False;1232;45.50;22.50;True;False;False;False;1;17.594451901765296;0;17.594451901765296;17.594451901765296
60;61.50;21.50;False;False;True;False;1233;46.50;22.50;True;False;False;False;5;18.056577013508466;2.634573117597803;16.915743138381004;20.859997608713456
60;61.50;21.50;False;False;True;False;1234;47.50;22.50;True;False;False;False;7;17.443719039196626;4.47298851014126;16.144350653026777;22.190364777994546
60;61.50;21.50;False;False;True;False;1236;49.50;22.50;True;False;False;False;4;15.756280243820584;0.013319392057689037;15.664632027277548;15.9250937914112
60;61.50;21.50;False;False;True;False;1237;50.50;22.50;True;False;False;False;1;31.132687984551268;0;31.132687984551268;31.132687984551268
60;61.50;21.50;False;False;True;False;1238;51.50;22.50;True;False;False;False;1;14.3622190274873;0;14.3622190274873;14.3622190274873
60;61.50;21.50;False;False;True;False;1239;52.50;22.50;True;False;False;False;8;13.955505504173786;1.1199413075181515;13.09107407854026;16.396107916367328
60;61.50;21.50;False;False;True;False;1263;32.50;23.50;True;False;False;False;5;31.88580442082366;4.184187222247221;30.39930347837071;35.45332614041854
60;61.50;21.50;False;False;True;False;1265;34.50;23.50;True;False;False;False;4;30.621124284365806;0.27992202825527707;30.287118846597878;31.410795027980384
60;61.50;21.50;False;False;True;False;1266;35.50;23.50;True;False;False;False;1;39.22665947376663;0;39.22665947376663;39.22665947376663
60;61.50;21.50;False;False;True;False;1273;42.50;23.50;True;False;False;False;11;24.155103476183783;0.7611285161252964;23.474906208586617;26.47148547330653
60;61.50;21.50;False;False;True;False;1275;44.50;23.50;True;False;False;False;5;25.35946650905553;9.692738836182153;23.740106324870794;30.92352091615794
60;61.50;21.50;False;False;True;False;1276;45.50;23.50;True;False;False;False;11;29.688293703996642;0.6587908938811264;28.879351456485892;31.669825999571003
60;61.50;21.50;False;False;True;False;1277;46.50;23.50;True;False;False;False;4;30.207521708364425;0.022471445678029542;30.063058348563573;30.380180389905945
60;61.50;21.50;False;False;True;False;1278;47.50;23.50;True;False;False;False;8;31.930513557134756;3.7948245577172544;30.64812658208757;35.83947882111897
60;61.50;21.50;False;False;True;False;1280;49.50;23.50;True;False;False;False;12;36.69140955866435;43.3117346166898;32.0290772751664;51.68703863758287
60;61.50;21.50;False;False;True;False;1281;50.50;23.50;True;False;False;False;10;34.63900964472223;18.14611452431429;32.61889288707425;46.70259738787445
60;61.50;21.50;False;False;True;False;1282;51.50;23.50;True;False;False;False;9;34.13458723885681;0.5767154647853681;33.297222222221535;35.96101412495773
60;61.50;21.50;False;False;True;False;1283;52.50;23.50;True;False;False;False;5;18.136669065578737;5.47702658139298;16.698701306057046;22.27444844262891
60;61.50;21.50;False;False;True;False;1351;32.50;25.50;True;False;False;False;1;33.050649346965656;0;33.050649346965656;33.050649346965656
60;61.50;21.50;False;False;True;False;1353;34.50;25.50;True;False;False;False;6;32.119239282654235;0.17186040185936632;31.83872562639226;32.938427124754526
60;61.50;21.50;False;False;True;False;1354;35.50;25.50;True;False;False;False;1;39.95518438808358;0;39.95518438808358;39.95518438808358
60;61.50;21.50;False;False;True;False;1356;37.50;25.50;True;False;False;False;1;38.61287476392317;0;38.61287476392317;38.61287476392317
60;61.50;21.50;False;False;True;False;1358;39.50;25.50;True;False;False;False;1;38.74981322061285;0;38.74981322061285;38.74981322061285
60;61.50;21.50;False;False;True;False;1361;42.50;25.50;True;False;False;False;4;26.51215347602954;1.956935033246875;25.389721820504747;28.55129869393204
60;61.50;21.50;False;False;True;False;1363;44.50;25.50;True;False;False;False;4;25.741915410550064;0.14406258229274774;25.32490940331627;26.245480951565696
60;61.50;21.50;False;False;True;False;1364;45.50;25.50;True;False;False;False;7;30.318493091054005;3.565668650344598;29.198705304250325;34.54565173827359
60;61.50;21.50;False;False;True;False;1365;46.50;25.50;True;False;False;False;5;30.713543993709937;0.21874765256035605;30.12056835351177;31.169909403315614
60;61.50;21.50;False;False;True;False;1366;47.50;25.50;True;False;False;False;7;34.23458242763738;55.583907486514654;30.898069539665812;51.107784970697594
60;61.50;21.50;False;False;True;False;1368;49.50;25.50;True;False;False;False;5;31.89168702421848;0.23853311598587673;31.412493208801607;32.545093791412455
60;61.50;21.50;False;False;True;False;1369;50.50;25.50;True;False;False;False;4;38.82747775255092;85.79362200198595;32.77676126152801;52.4253719709161
60;61.50;21.50;False;False;True;False;1370;51.50;25.50;True;False;False;False;6;34.6021681556446;1.1278905993888562;33.54702824992819;36.188805485133344
60;61.50;21.50;False;False;True;False;1371;52.50;25.50;True;False;False;False;3;18.77299662441298;0.12498398530412393;18.41278497069561;19.119444444462715
60;61.50;21.50;False;False;True;False;1395;32.50;26.50;True;False;False;False;1;32.76268718108986;0;32.76268718108986;32.76268718108986
60;61.50;21.50;False;False;True;False;1397;34.50;26.50;True;False;False;False;1;32.75573994363731;0;32.75573994363731;32.75573994363731
60;61.50;21.50;False;False;True;False;1398;35.50;26.50;True;False;False;False;1;35.76194643400959;0;35.76194643400959;35.76194643400959
60;61.50;21.50;False;False;True;False;1400;37.50;26.50;True;False;False;False;2;38.66565495201212;29.527345147314335;34.823302472910655;42.50800743111358
60;61.50;21.50;False;False;True;False;1402;39.50;26.50;True;False;False;False;4;33.489505992968134;0.15933519457088136;32.91731601363426;33.83953823585762
60;61.50;21.50;False;False;True;False;1403;40.50;26.50;True;False;False;False;2;39.44254729742079;88.29880642184125;32.798045569606984;46.08704902523459
60;61.50;21.50;False;False;True;False;1404;41.50;26.50;True;False;False;False;3;32.067072828302116;0.0009968737019220035;32.04879590092605;32.103530500364286
60;61.50;21.50;False;False;True;False;1405;42.50;26.50;True;False;False;False;1;33.438982680305344;0;33.438982680305344;33.438982680305344
60;61.50;21.50;False;False;True;False;1407;44.50;26.50;True;False;False;False;2;26.78454023494851;0.0697574440025023;26.597781775966723;26.971298693930294
60;61.50;21.50;False;False;True;False;1408;45.50;26.50;True;False;False;False;4;29.41192019790492;0.1771153598367102;28.906385292424602;29.93444124970756
60;61.50;21.50;False;False;True;False;1410;47.50;26.50;True;False;False;False;5;28.08800426081991;0.3733735550681886;27.59287876211249;28.93925180440101
60;61.50;21.50;False;False;True;False;1412;49.50;26.50;True;False;False;False;7;26.685186782097666;0.29850686464945525;26.07380148694483;27.463888888887595
60;61.50;21.50;False;False;True;False;1413;50.50;26.50;True;False;False;False;3;25.616202237066165;0.11479733963996448;25.37907566827016;26.004256861618614
60;61.50;21.50;False;False;True;False;1414;51.50;26.50;True;False;False;False;4;24.918618280196597;0.07118835351004209;24.702229415143847;25.29999999998836
60;61.50;21.50;False;False;True;False;1415;52.50;26.50;True;False;False;False;2;20.929768324011093;4.330784454635814;19.458241148822708;22.401295499199477
76;0.50;6.50;False;True;False;False;275;12.50;1.50;True;False;False;False;1;26.56333013859603;0;26.56333013859603;26.56333013859603
76;0.50;6.50;False;True;False;False;277;14.50;1.50;True;False;False;False;2;28.26851772142618;0.01192876512664046;28.19128830628324;28.345747136569116
76;0.50;6.50;False;True;False;False;278;15.50;1.50;True;False;False;False;3;28.458326669686357;0.02945875098076737;28.327209424199282;28.65259019494988
76;0.50;6.50;False;True;False;False;279;16.50;1.50;True;False;False;False;1;29.03758619677137;0;29.03758619677137;29.03758619677137
76;0.50;6.50;False;True;False;False;282;19.50;1.50;True;False;False;False;1;26.05731281889166;0;26.05731281889166;26.05731281889166
76;0.50;6.50;False;True;False;False;321;14.50;2.50;True;False;False;False;1;30.93824354010394;0;30.93824354010394;30.93824354010394
76;0.50;6.50;False;True;False;False;323;16.50;2.50;True;False;False;False;2;29.8858923558073;0.11077960524138189;29.650541973142026;30.121242738472574
76;0.50;6.50;False;True;False;False;324;17.50;2.50;True;False;False;False;1;25.707958167677134;0;25.707958167677134;25.707958167677134
76;0.50;6.50;False;True;False;False;326;19.50;2.50;True;False;False;False;1;35.647860604215566;0;35.647860604215566;35.647860604215566
76;0.50;6.50;False;True;False;False;411;16.50;4.50;True;False;False;False;1;29.986944846168626;0;29.986944846168626;29.986944846168626
76;0.50;6.50;False;True;False;False;412;17.50;4.50;True;False;False;False;4;24.062758725064782;0.2762391472748048;23.761022905710433;24.84675726333444
76;0.50;6.50;False;True;False;False;414;19.50;4.50;True;False;False;False;2;23.906477888197514;0.05038007257143052;23.74776419538648;24.06519158100855
76;0.50;6.50;False;True;False;False;449;10.50;5.50;True;False;False;False;2;13.95925886071268;0.4654345824914391;13.4768510547583;14.44166666666706
76;0.50;6.50;False;True;False;False;454;15.50;5.50;True;False;False;False;3;26.41279251328039;259.3988445609542;16.968795097476686;45.009481458037044
76;0.50;6.50;False;True;False;False;455;16.50;5.50;True;False;False;False;3;18.014038582406556;0.042706860770694896;17.826291501029118;18.235466565771276
76;0.50;6.50;False;True;False;False;456;17.50;5.50;True;False;False;False;5;18.921520169424547;0.18249897565612036;18.220917138813093;19.376298693936405
76;0.50;6.50;False;True;False;False;458;19.50;5.50;True;False;False;False;2;20.141030902083685;0.2757052681139013;19.769745790536035;20.512316013631334
76;0.50;6.50;False;True;False;False;461;22.50;5.50;True;False;False;False;1;21.953345394751523;0;21.953345394751523;21.953345394751523
76;0.50;6.50;False;True;False;False;464;25.50;5.50;True;False;False;False;1;24.42500399817618;0;24.42500399817618;24.42500399817618
76;0.50;6.50;False;True;False;False;465;26.50;5.50;True;False;False;False;2;24.230751536549178;4.632107686596137E-06;24.229229677868716;24.23227339522964
76;0.50;6.50;False;True;False;False;466;27.50;5.50;True;False;False;False;3;25.6751182119436;0.21700000891145915;25.359804666311902;26.21017799861511
76;0.50;6.50;False;True;False;False;536;9.50;7.50;True;False;False;False;2;13.129722222223933;0.025689071003816958;13.016388487167205;13.24305595728066
76;0.50;6.50;False;True;False;False;538;11.50;7.50;True;False;False;False;3;14.677848301715509;0.05095951414370746;14.417316013634263;14.815305363226798
76;0.50;6.50;False;True;False;False;541;14.50;7.50;True;False;False;False;2;17.099347458295597;0.27573018505731267;16.728045569627284;17.47064934696391
76;0.50;6.50;False;True;False;False;542;15.50;7.50;True;False;False;False;1;17.12324354010343;0;17.12324354010343;17.12324354010343
76;0.50;6.50;False;True;False;False;544;17.50;7.50;True;False;False;False;4;18.707935750242314;0.2588744592974719;18.244115337623953;19.368145750500844
76;0.50;6.50;False;True;False;False;546;19.50;7.50;True;False;False;False;4;20.024562482388774;0.21932503092040526;19.704264054536907;20.72064934696573
76;0.50;6.50;False;True;False;False;547;20.50;7.50;True;False;False;False;4;20.400691694711213;0.06789592293826666;20.1362565320087;20.746887019345195
76;0.50;6.50;False;True;False;False;548;21.50;7.50;True;False;False;False;5;21.20087156918198;0.07087208336699398;20.991670664847334;21.6655587502828
76;0.50;6.50;False;True;False;False;549;22.50;7.50;True;False;False;False;1;22.787323206546716;0;22.787323206546716;22.787323206546716
76;0.50;6.50;False;True;False;False;551;24.50;7.50;True;False;False;False;3;23.71502103676509;0.026135423644294147;23.541388487159566;23.86120251124248
76;0.50;6.50;False;True;False;False;553;26.50;7.50;True;False;False;False;2;25.243154139058788;0.018014830756070674;25.1482467348269;25.338061543290678
76;0.50;6.50;False;True;False;False;554;27.50;7.50;True;False;False;False;2;25.230131617858206;0.035832213835091956;25.096280555413614;25.363982680302797
76;0.50;6.50;False;True;False;False;580;9.50;8.50;True;False;False;False;2;17.946486668960915;0.001363956899848216;17.9203719518473;17.97260138607453
76;0.50;6.50;False;True;False;False;585;14.50;8.50;True;False;False;False;4;20.560723286984626;0.27053227098918714;20.15305915200952;21.32195203909214
76;0.50;6.50;False;True;False;False;593;22.50;8.50;True;False;False;False;1;27.047041832317518;0;27.047041832317518;27.047041832317518
76;0.50;6.50;False;True;False;False;595;24.50;8.50;True;False;False;False;1;27.067493208799533;0;27.067493208799533;27.067493208799533
76;0.50;6.50;False;True;False;False;668;9.50;10.50;True;False;False;False;1;19.98055555555402;0;19.98055555555402;19.98055555555402
76;0.50;6.50;False;True;False;False;669;10.50;10.50;True;False;False;False;1;27.457409805048883;0;27.457409805048883;27.457409805048883
76;0.50;6.50;False;True;False;False;670;11.50;10.50;True;False;False;False;1;26.05731281889166;0;26.05731281889166;26.05731281889166
76;0.50;6.50;False;True;False;False;671;12.50;10.50;True;False;False;False;1;22.0330509000637;0;22.0330509000637;22.0330509000637
76;0.50;6.50;False;True;False;False;800;9.50;13.50;True;False;False;False;1;24.34286437625269;0;24.34286437625269;24.34286437625269
76;0.50;6.50;False;True;False;False;803;12.50;13.50;True;False;False;False;2;24.0602360758985;0.004469041050009412;24.012965360598173;24.10750679119883
76;0.50;6.50;False;True;False;False;981;14.50;17.50;True;False;False;False;2;26.69522968642559;0.027503342756502767;26.577962165865756;26.812497206985427
92;0.50;12.50;False;True;False;False;454;15.50;5.50;True;False;False;False;1;29.12768398636581;0;29.12768398636581;29.12768398636581
92;0.50;12.50;False;True;False;False;537;10.50;7.50;True;False;False;False;1;24.59243459753452;0;24.59243459753452;24.59243459753452
92;0.50;12.50;False;True;False;False;538;11.50;7.50;True;False;False;False;3;25.977873699017437;0.0026983068053128482;25.918431122929178;26.01454062715493
92;0.50;12.50;False;True;False;False;541;14.50;7.50;True;False;False;False;1;27.659353847764578;0;27.659353847764578;27.659353847764578
92;0.50;12.50;False;True;False;False;580;9.50;8.50;True;False;False;False;1;19.999170263126416;0;19.999170263126416;19.999170263126416
92;0.50;12.50;False;True;False;False;588;17.50;8.50;True;False;False;False;1;26.389718625759997;0;26.389718625759997;26.389718625759997
92;0.50;12.50;False;True;False;False;590;19.50;8.50;True;False;False;False;2;25.998535982842895;0.09795319382650955;25.777229415129113;26.219842550556677
92;0.50;12.50;False;True;False;False;668;9.50;10.50;True;False;False;False;2;16.910423257002208;0.012934772829862797;16.83000319473581;16.990843319268606
92;0.50;12.50;False;True;False;False;676;17.50;10.50;True;False;False;False;2;23.759736589039676;0.009785940026900882;23.68978682125271;23.82968635682664
92;0.50;12.50;False;True;False;False;712;9.50;11.50;True;False;False;False;1;17.87053530015146;0;17.87053530015146;17.87053530015146
92;0.50;12.50;False;True;False;False;718;15.50;11.50;True;False;False;False;2;17.525209846838152;0.5939909983520012;16.98023691248636;18.070182781189942
92;0.50;12.50;False;True;False;False;719;16.50;11.50;True;False;False;False;2;28.976156409446503;252.9020875231438;17.731111111113023;40.22120170777998
92;0.50;12.50;False;True;False;False;723;20.50;11.50;True;False;False;False;4;20.662595589639295;0.055178818270723656;20.317320011814445;20.84260377733517
92;0.50;12.50;False;True;False;False;724;21.50;11.50;True;False;False;False;5;21.462861610698837;0.21418989322838014;21.04597630799617;22.1468446652907
92;0.50;12.50;False;True;False;False;725;22.50;11.50;True;False;False;False;10;21.994833359783385;0.30084997981934936;21.53199385419066;23.080652541706513
92;0.50;12.50;False;True;False;False;727;24.50;11.50;True;False;False;False;3;23.63122950903744;0.03454250452545721;23.42240661031792;23.778504139021607
92;0.50;12.50;False;True;False;False;728;25.50;11.50;True;False;False;False;2;23.766202903425892;0.007834765670231402;23.70361390411199;23.828791902739795
92;0.50;12.50;False;True;False;False;800;9.50;13.50;True;False;False;False;2;13.189303757324751;0.0008115519523860346;13.169159875469632;13.20944763917987
92;0.50;12.50;False;True;False;False;802;11.50;13.50;True;False;False;False;1;14.606117500581604;0;14.606117500581604;14.606117500581604
92;0.50;12.50;False;True;False;False;805;14.50;13.50;True;False;False;False;2;16.65196197734997;0.03674306102233696;16.516420358239202;16.787503596460738
92;0.50;12.50;False;True;False;False;807;16.50;13.50;True;False;False;False;3;17.90818064000996;0.007949170500283707;17.834347458290722;18.007231492418214
92;0.50;12.50;False;True;False;False;808;17.50;13.50;True;False;False;False;2;18.894796022786977;0.0612991527303728;18.71972581868249;19.069866226891463
92;0.50;12.50;False;True;False;False;810;19.50;13.50;True;False;False;False;1;20.222131625545444;0;20.222131625545444;20.222131625545444
92;0.50;12.50;False;True;False;False;811;20.50;13.50;True;False;False;False;4;20.60827538124977;0.3168121042352264;20.147226220404264;21.42850972505039
92;0.50;12.50;False;True;False;False;812;21.50;13.50;True;False;False;False;4;23.10923660849403;11.126839409825303;21.085187582822982;28.094256861604663
92;0.50;12.50;False;True;False;False;813;22.50;13.50;True;False;False;False;5;22.129150226948695;0.1146589435633811;21.754357845949926;22.61380229039787
92;0.50;12.50;False;True;False;False;815;24.50;13.50;True;False;False;False;6;23.226082509589713;0.04708441017052729;23.06611111111488;23.65444844263766
92;0.50;12.50;False;True;False;False;816;25.50;13.50;True;False;False;False;1;23.94564295749842;0;23.94564295749842;23.94564295749842
92;0.50;12.50;False;True;False;False;844;9.50;14.50;True;False;False;False;1;17.793423930011045;0;17.793423930011045;17.793423930011045
92;0.50;12.50;False;True;False;False;845;10.50;14.50;True;False;False;False;2;26.75810245125831;0.004714948377265601;26.70954862351391;26.80665627900271
92;0.50;12.50;False;True;False;False;846;11.50;14.50;True;False;False;False;2;26.514538235852342;0.2577371295198278;26.155555555546016;26.873520916158668
92;0.50;12.50;False;True;False;False;847;12.50;14.50;True;False;False;False;1;20.342124432627315;0;20.342124432627315;20.342124432627315
92;0.50;12.50;False;True;False;False;849;14.50;14.50;True;False;False;False;1;20.5417512706008;0;20.5417512706008;20.5417512706008
92;0.50;12.50;False;True;False;False;932;9.50;16.50;True;False;False;False;2;19.53971543102307;0.0036118886272220713;19.4972190274857;19.58221183456044
92;0.50;12.50;False;True;False;False;933;10.50;16.50;True;False;False;False;1;26.96453504112651;0;26.96453504112651;26.96453504112651
92;0.50;12.50;False;True;False;False;937;14.50;16.50;True;False;False;False;3;22.478485928339676;0.1297284961902286;22.06814016449789;22.742316817071696
92;0.50;12.50;False;True;False;False;976;9.50;17.50;True;False;False;False;1;24.291208900711354;0;24.291208900711354;24.291208900711354
92;0.50;12.50;False;True;False;False;981;14.50;17.50;True;False;False;False;2;23.13515961454209;0.13912341076527587;22.871414083048876;23.398905146035304
92;0.50;12.50;False;True;False;False;1065;10.50;19.50;True;False;False;False;1;25.037683986367483;0;25.037683986367483;25.037683986367483
92;0.50;12.50;False;True;False;False;1108;9.50;20.50;True;False;False;False;1;21.87564934696843;0;21.87564934696843;21.87564934696843
92;0.50;12.50;False;True;False;False;1372;9.50;26.50;True;False;False;False;1;26.14943770471291;0;26.14943770471291;26.14943770471291
108;0.50;18.50;False;True;False;False;536;9.50;7.50;True;False;False;False;1;23.73870530430213;0;23.73870530430213;23.73870530430213
108;0.50;18.50;False;True;False;False;580;9.50;8.50;True;False;False;False;1;23.45157607003057;0;23.45157607003057;23.45157607003057
108;0.50;18.50;False;True;False;False;712;9.50;11.50;True;False;False;False;1;21.142308820701146;0;21.142308820701146;21.142308820701146
108;0.50;18.50;False;True;False;False;715;12.50;11.50;True;False;False;False;1;27.509819610091654;0;27.509819610091654;27.509819610091654
108;0.50;18.50;False;True;False;False;802;11.50;13.50;True;False;False;False;1;25.3071108502445;0;25.3071108502445;25.3071108502445
108;0.50;18.50;False;True;False;False;805;14.50;13.50;True;False;False;False;1;28.292036804115924;0;28.292036804115924;28.292036804115924
108;0.50;18.50;False;True;False;False;852;17.50;14.50;True;False;False;False;3;25.717065903196573;0.19765166240045937;25.244628832529997;26.127221418771114
108;0.50;18.50;False;True;False;False;854;19.50;14.50;True;False;False;False;5;25.506087345222113;0.061137499037672724;25.291205705969332;25.916475889102003
108;0.50;18.50;False;True;False;False;932;9.50;16.50;True;False;False;False;1;16.753427124749578;0;16.753427124749578;16.753427124749578
108;0.50;18.50;False;True;False;False;940;17.50;16.50;True;False;False;False;3;24.207065550193118;0.09152147759204445;23.890274984772986;24.492953110463986
108;0.50;18.50;False;True;False;False;976;9.50;17.50;True;False;False;False;3;14.005270636945246;0.09788315268090655;13.663982680301388;14.278506284852483
108;0.50;18.50;False;True;False;False;981;14.50;17.50;True;False;False;False;2;27.43962802908743;225.28551915273334;16.826298693936906;38.052957364237955
108;0.50;18.50;False;True;False;False;983;16.50;17.50;True;False;False;False;4;18.578052015628373;2.1457376451323467;17.562294661002852;20.73888888889087
108;0.50;18.50;False;True;False;False;986;19.50;17.50;True;False;False;False;4;19.95678330811006;0.472753593638214;19.568709302438947;20.98573994364415
108;0.50;18.50;False;True;False;False;987;20.50;17.50;True;False;False;False;5;20.751689901384815;0.12626500187044865;20.36648627676186;21.332503596457173
108;0.50;18.50;False;True;False;False;988;21.50;17.50;True;False;False;False;5;21.43448467748185;0.14207252136300183;21.057579807302318;22.0380551538301
108;0.50;18.50;False;True;False;False;989;22.50;17.50;True;False;False;False;3;22.26413340694641;0.20492551204540416;21.74731601363419;22.590367972729837
108;0.50;18.50;False;True;False;False;991;24.50;17.50;True;False;False;False;5;23.113055796587833;0.04245387763769949;22.883982680297777;23.445187582825383
108;0.50;18.50;False;True;False;False;1066;11.50;19.50;True;False;False;False;4;14.903031509876655;0.23365545313172814;14.420174803872214;15.399812417166686
108;0.50;18.50;False;True;False;False;1067;12.50;19.50;True;False;False;False;2;15.605557554648385;0.9491302938639938;14.916670664852973;16.294444444443798
108;0.50;18.50;False;True;False;False;1072;17.50;19.50;True;False;False;False;1;18.37814974869434;0;18.37814974869434;18.37814974869434
108;0.50;18.50;False;True;False;False;1074;19.50;19.50;True;False;False;False;1;20.50731601363441;0;20.50731601363441;20.50731601363441
108;0.50;18.50;False;True;False;False;1077;22.50;19.50;True;False;False;False;6;21.98720765523588;0.1957538874690518;21.40380229038783;22.43592352830092
108;0.50;18.50;False;True;False;False;1079;24.50;19.50;True;False;False;False;4;22.955361176785118;0.038473016645672035;22.76453823585325;23.1279293770167
108;0.50;18.50;False;True;False;False;1080;25.50;19.50;True;False;False;False;3;28.67873736514836;68.48988277558651;23.75693765325741;38.23342312656132
108;0.50;18.50;False;True;False;False;1108;9.50;20.50;True;False;False;False;1;17.862962165876525;0;17.862962165876525;17.862962165876525
108;0.50;18.50;False;True;False;False;1109;10.50;20.50;True;False;False;False;3;26.918212805576633;0.09780718217512462;26.55889208361623;27.129076471710505
108;0.50;18.50;False;True;False;False;1111;12.50;20.50;True;False;False;False;3;20.4335404875895;0.04520179064290935;20.288489033778205;20.677594193126424
108;0.50;18.50;False;True;False;False;1196;9.50;22.50;True;False;False;False;1;20.16579741074588;0;20.16579741074588;20.16579741074588
108;0.50;18.50;False;True;False;False;1197;10.50;22.50;True;False;False;False;3;27.242810642126944;0.24089269735639757;26.84018199680213;27.789538235856526
108;0.50;18.50;False;True;False;False;1198;11.50;22.50;True;False;False;False;2;25.959060356340615;0.1568332632620221;25.679030658574447;26.239090054106782
108;0.50;18.50;False;True;False;False;1201;14.50;22.50;True;False;False;False;1;22.046392485346587;0;22.046392485346587;22.046392485346587
108;0.50;18.50;False;True;False;False;1240;9.50;23.50;True;False;False;False;1;24.6930119774006;0;24.6930119774006;24.6930119774006
108;0.50;18.50;False;True;False;False;1243;12.50;23.50;True;False;False;False;2;22.75518958193061;0.05636306986626793;22.587316013632517;22.9230631502287
108;0.50;18.50;False;True;False;False;1328;9.50;25.50;True;False;False;False;2;24.67001568982937;0.4827038453158849;24.178739878641863;25.161291501016876
108;0.50;18.50;False;True;False;False;1329;10.50;25.50;True;False;False;False;1;25.130468957065204;0;25.130468957065204;25.130468957065204
108;0.50;18.50;False;True;False;False;1330;11.50;25.50;True;False;False;False;1;26.48083373504778;0;26.48083373504778;26.48083373504778
108;0.50;18.50;False;True;False;False;1372;9.50;26.50;True;False;False;False;1;22.239538235859072;0;22.239538235859072;22.239538235859072
124;0.50;24.50;False;True;False;False;932;9.50;16.50;True;False;False;False;1;21.316024512630975;0;21.316024512630975;21.316024512630975
124;0.50;24.50;False;True;False;False;940;17.50;16.50;True;False;False;False;1;28.47222222221717;0;28.47222222221717;28.47222222221717
124;0.50;24.50;False;True;False;False;976;9.50;17.50;True;False;False;False;1;20.99759658439507;0;20.99759658439507;20.99759658439507
124;0.50;24.50;False;True;False;False;984;17.50;17.50;True;False;False;False;1;27.989357042490155;0;27.989357042490155;27.989357042490155
124;0.50;24.50;False;True;False;False;1066;11.50;19.50;True;False;False;False;1;25.827962165862118;0;25.827962165862118;25.827962165862118
124;0.50;24.50;False;True;False;False;1072;17.50;19.50;True;False;False;False;1;26.493149748686847;0;26.493149748686847;26.493149748686847
124;0.50;24.50;False;True;False;False;1108;9.50;20.50;True;False;False;False;1;18.688517721424432;0;18.688517721424432;18.688517721424432
124;0.50;24.50;False;True;False;False;1111;12.50;20.50;True;False;False;False;1;32.62491340150609;0;32.62491340150609;32.62491340150609
124;0.50;24.50;False;True;False;False;1115;16.50;20.50;True;False;False;False;3;29.410828404142496;0.09140822367368732;29.227777777772644;29.75979803133123
124;0.50;24.50;False;True;False;False;1116;17.50;20.50;True;False;False;False;3;26.662079759719898;3.6489953679368803;25.3691942521109;28.85620809725833
124;0.50;24.50;False;True;False;False;1118;19.50;20.50;True;False;False;False;2;25.467447910463306;0.09297502910764813;25.251838275813498;25.683057545113115
124;0.50;24.50;False;True;False;False;1196;9.50;22.50;True;False;False;False;1;17.86620490252369;0;17.86620490252369;17.86620490252369
124;0.50;24.50;False;True;False;False;1202;15.50;22.50;True;False;False;False;2;30.486369177054257;0.15096626066042254;30.211627242995746;30.76111111111277
124;0.50;24.50;False;True;False;False;1204;17.50;22.50;True;False;False;False;3;24.17988453534569;0.18335950385826305;23.82240661031301;24.654455635558406
124;0.50;24.50;False;True;False;False;1206;19.50;22.50;True;False;False;False;2;24.080585915068923;0.24058360013187766;23.733754832168415;24.42741699796943
124;0.50;24.50;False;True;False;False;1240;9.50;23.50;True;False;False;False;1;14.132409805047246;0;14.132409805047246;14.132409805047246
124;0.50;24.50;False;True;False;False;1241;10.50;23.50;True;False;False;False;3;14.170342836934518;0.29237500659667165;13.636111111111006;14.717320011819538
124;0.50;24.50;False;True;False;False;1246;15.50;23.50;True;False;False;False;2;19.69189595136777;13.694400659253102;17.075180389900197;22.30861151283534
124;0.50;24.50;False;True;False;False;1250;19.50;23.50;True;False;False;False;1;20.544444444443798;0;20.544444444443798;20.544444444443798
124;0.50;24.50;False;True;False;False;1251;20.50;23.50;True;False;False;False;3;20.579998219828667;0.039480148974627094;20.36489206825354;20.756668273563264
124;0.50;24.50;False;True;False;False;1252;21.50;23.50;True;False;False;False;3;30.48515791956379;260.24969457597894;21.00147988729077;49.11204583050494
124;0.50;24.50;False;True;False;False;1253;22.50;23.50;True;False;False;False;5;22.05154068764923;0.266856580807053;21.48842712475016;22.779260859805618
124;0.50;24.50;False;True;False;False;1256;25.50;23.50;True;False;False;False;3;24.117806643942156;0.15724196887158431;23.71758619677803;24.510555555552855
124;0.50;24.50;False;True;False;False;1258;27.50;23.50;True;False;False;False;1;25.26194165141351;0;25.26194165141351;25.26194165141351
124;0.50;24.50;False;True;False;False;1260;29.50;23.50;True;False;False;False;3;26.72763746741839;0.1686065486397249;26.39427372463797;27.18630908158957
124;0.50;24.50;False;True;False;False;1261;30.50;23.50;True;False;False;False;1;27.885558750280325;0;27.885558750280325;27.885558750280325
124;0.50;24.50;False;True;False;False;1328;9.50;25.50;True;False;False;False;5;13.46781593329133;0.07891146031415726;13.136111111107311;13.86796455716103
124;0.50;24.50;False;True;False;False;1329;10.50;25.50;True;False;False;False;1;13.888239541916846;0;13.888239541916846;13.888239541916846
124;0.50;24.50;False;True;False;False;1330;11.50;25.50;True;False;False;False;2;14.637038235855357;0.09070542597531331;14.424076471710578;14.850000000000136
124;0.50;24.50;False;True;False;False;1334;15.50;25.50;True;False;False;False;2;17.947329605553023;0.06228521698900023;17.770856920713413;18.123802290392632
124;0.50;24.50;False;True;False;False;1335;16.50;25.50;True;False;False;False;6;17.946939633305;0.07091205181027552;17.588888888887595;18.350747136568316
124;0.50;24.50;False;True;False;False;1336;17.50;25.50;True;False;False;False;3;18.735032521590863;0.3657266556145539;18.21845808184662;19.400246997574868
124;0.50;24.50;False;True;False;False;1338;19.50;25.50;True;False;False;False;2;19.919310950248473;0.06258803034466887;19.742409805050556;20.09621209544639
124;0.50;24.50;False;True;False;False;1339;20.50;25.50;True;False;False;False;3;20.765832134518252;0.1779698358983518;20.50417026316427;21.252499598263967
124;0.50;24.50;False;True;False;False;1341;22.50;25.50;True;False;False;False;3;22.157440533217596;0.3507978145701117;21.681753265158477;22.8208297368692
124;0.50;24.50;False;True;False;False;1343;24.50;25.50;True;False;False;False;2;23.07701596699917;0.00946979050109768;23.008205391863157;23.145826542135183
124;0.50;24.50;False;True;False;False;1344;25.50;25.50;True;False;False;False;1;23.767229415143447;0;23.767229415143447;23.767229415143447
124;0.50;24.50;False;True;False;False;1345;26.50;25.50;True;False;False;False;3;24.49174465139913;0.0008235977097708176;24.464822001382345;24.521938456702628
124;0.50;24.50;False;True;False;False;1348;29.50;25.50;True;False;False;False;1;26.561121498769353;0;26.561121498769353;26.561121498769353
124;0.50;24.50;False;True;False;False;1372;9.50;26.50;True;False;False;False;3;17.727878500651816;0.016269086739860543;17.629076471712324;17.87187183007336
124;0.50;24.50;False;True;False;False;1374;11.50;26.50;True;False;False;False;1;26.596201707790897;0;26.596201707790897;26.596201707790897
124;0.50;24.50;False;True;False;False;1377;14.50;26.50;True;False;False;False;1;20.424816396295228;0;20.424816396295228;20.424816396295228
124;0.50;24.50;False;True;False;False;1385;22.50;26.50;True;False;False;False;1;27.16545856938683;0;27.16545856938683;27.16545856938683
124;0.50;24.50;False;True;False;False;1387;24.50;26.50;True;False;False;False;2;27.153971881423786;0.050013325855782075;26.99583692979104;27.312106833056532
275;12.50;1.50;True;False;False;False;484;45.50;5.50;True;False;False;False;1;31.32529895481639;0;31.32529895481639;31.32529895481639
277;14.50;1.50;True;False;False;False;60;61.50;21.50;False;False;True;False;1;114.43306234675038;0;114.43306234675038;114.43306234675038
277;14.50;1.50;True;False;False;False;704;45.50;10.50;True;False;False;False;1;33.8247042399189;0;33.8247042399189;33.8247042399189
277;14.50;1.50;True;False;False;False;1101;46.50;19.50;True;False;False;False;1;40.482135623729846;0;40.482135623729846;40.482135623729846
278;15.50;1.50;True;False;False;False;28;61.50;9.50;False;False;True;False;2;95.4045406366713;162.69731477558275;86.38519158101371;104.42388969232888
278;15.50;1.50;True;False;False;False;76;0.50;6.50;False;True;False;False;1;585.3071859169761;0;585.3071859169761;585.3071859169761
278;15.50;1.50;True;False;False;False;351;44.50;2.50;True;False;False;False;1;26.130555555555475;0;26.130555555555475;26.130555555555475
278;15.50;1.50;True;False;False;False;698;39.50;10.50;True;False;False;False;1;29.611867028447705;0;29.611867028447705;29.611867028447705
278;15.50;1.50;True;False;False;False;752;49.50;11.50;True;False;False;False;1;36.125073800471;0;36.125073800471;36.125073800471
279;16.50;1.50;True;False;False;False;12;61.50;3.50;False;False;True;False;1;134.34954542875857;0;134.34954542875857;134.34954542875857
279;16.50;1.50;True;False;False;False;44;61.50;15.50;False;False;True;False;1;132.16074713655325;0;132.16074713655325;132.16074713655325
279;16.50;1.50;True;False;False;False;879;44.50;14.50;True;False;False;False;1;43.146953626930554;0;43.146953626930554;43.146953626930554
280;17.50;1.50;True;False;False;False;12;61.50;3.50;False;False;True;False;1;151.8119496477848;0;151.8119496477848;151.8119496477848
282;19.50;1.50;True;False;False;False;28;61.50;9.50;False;False;True;False;1;87.79879909565716;0;87.79879909565716;87.79879909565716
282;19.50;1.50;True;False;False;False;60;61.50;21.50;False;False;True;False;1;114.92954462531634;0;114.92954462531634;114.92954462531634
282;19.50;1.50;True;False;False;False;603;32.50;8.50;True;False;False;False;1;20.612034639387275;0;20.612034639387275;20.612034639387275
283;20.50;1.50;True;False;False;False;28;61.50;9.50;False;False;True;False;1;93.25352411089716;0;93.25352411089716;93.25352411089716
284;21.50;1.50;True;False;False;False;28;61.50;9.50;False;False;True;False;1;69.80897548741632;0;69.80897548741632;69.80897548741632
287;24.50;1.50;True;False;False;False;60;61.50;21.50;False;False;True;False;1;96.70156407542527;0;96.70156407542527;96.70156407542527
289;26.50;1.50;True;False;False;False;12;61.50;3.50;False;False;True;False;1;119.53213242897982;0;119.53213242897982;119.53213242897982
290;27.50;1.50;True;False;False;False;28;61.50;9.50;False;False;True;False;1;113.3865736787011;0;113.3865736787011;113.3865736787011
290;27.50;1.50;True;False;False;False;732;29.50;11.50;True;False;False;False;1;15.097222222218988;0;15.097222222218988;15.097222222218988
292;29.50;1.50;True;False;False;False;12;61.50;3.50;False;False;True;False;2;96.62824685759347;155.74851906612676;87.80360751464787;105.45288620053907
292;29.50;1.50;True;False;False;False;28;61.50;9.50;False;False;True;False;1;47.9536917218511;0;47.9536917218511;47.9536917218511
292;29.50;1.50;True;False;False;False;820;29.50;13.50;True;False;False;False;1;21.055814302108047;0;21.055814302108047;21.055814302108047
292;29.50;1.50;True;False;False;False;865;30.50;14.50;True;False;False;False;1;15.488517721422795;0;15.488517721422795;15.488517721422795
292;29.50;1.50;True;False;False;False;866;31.50;14.50;True;False;False;False;1;17.61564615223415;0;17.61564615223415;17.61564615223415
293;30.50;1.50;True;False;False;False;12;61.50;3.50;False;False;True;False;2;126.69389332221908;6.566256119188749;124.88195290940348;128.50583373503468
293;30.50;1.50;True;False;False;False;28;61.50;9.50;False;False;True;False;1;99.9400039981665;0;99.9400039981665;99.9400039981665
293;30.50;1.50;True;False;False;False;60;61.50;21.50;False;False;True;False;1;138.2391750647439;0;138.2391750647439;138.2391750647439
293;30.50;1.50;True;False;False;False;475;36.50;5.50;True;False;False;False;1;14.172402612133737;0;14.172402612133737;14.172402612133737
293;30.50;1.50;True;False;False;False;486;47.50;5.50;True;False;False;False;1;20.81323954191612;0;20.81323954191612;20.81323954191612
293;30.50;1.50;True;False;False;False;585;14.50;8.50;True;False;False;False;1;22.276580068173644;0;22.276580068173644;22.276580068173644
293;30.50;1.50;True;False;False;False;822;31.50;13.50;True;False;False;False;1;16.06268878800256;0;16.06268878800256;16.06268878800256
294;31.50;1.50;True;False;False;False;12;61.50;3.50;False;False;True;False;1;109.29009778959153;0;109.29009778959153;109.29009778959153
294;31.50;1.50;True;False;False;False;60;61.50;21.50;False;False;True;False;1;125.7945518182405;0;125.7945518182405;125.7945518182405
294;31.50;1.50;True;False;False;False;843;52.50;13.50;True;False;False;False;1;29.30768398636428;0;29.30768398636428;29.30768398636428
294;31.50;1.50;True;False;False;False;864;29.50;14.50;True;False;False;False;1;17.73453423767387;0;17.73453423767387;17.73453423767387
295;32.50;1.50;True;False;False;False;12;61.50;3.50;False;False;True;False;1;129.945097789594;0;129.945097789594;129.945097789594
295;32.50;1.50;True;False;False;False;28;61.50;9.50;False;False;True;False;1;43.86694564962818;0;43.86694564962818;43.86694564962818
295;32.50;1.50;True;False;False;False;822;31.50;13.50;True;False;False;False;1;16.18018438809304;0;16.18018438809304;16.18018438809304
297;34.50;1.50;True;False;False;False;12;61.50;3.50;False;False;True;False;1;94.48212843081092;0;94.48212843081092;94.48212843081092
298;35.50;1.50;True;False;False;False;28;61.50;9.50;False;False;True;False;1;54.35741299978781;0;54.35741299978781;54.35741299978781
299;36.50;1.50;True;False;False;False;44;61.50;15.50;False;False;True;False;1;44.824812417169596;0;44.824812417169596;44.824812417169596
300;37.50;1.50;True;False;False;False;12;61.50;3.50;False;False;True;False;2;136.34104702132754;10666.8752609272;63.31065861715979;209.3714354254953
300;37.50;1.50;True;False;False;False;28;61.50;9.50;False;False;True;False;1;97.5116674701112;0;97.5116674701112;97.5116674701112
300;37.50;1.50;True;False;False;False;44;61.50;15.50;False;False;True;False;1;85.16768798455087;0;85.16768798455087;85.16768798455087
300;37.50;1.50;True;False;False;False;732;29.50;11.50;True;False;False;False;1;18.41360751463617;0;18.41360751463617;18.41360751463617
300;37.50;1.50;True;False;False;False;821;30.50;13.50;True;False;False;False;1;19.926993306151417;0;19.926993306151417;19.926993306151417
300;37.50;1.50;True;False;False;False;822;31.50;13.50;True;False;False;False;1;20.781854249493335;0;20.781854249493335;20.781854249493335
300;37.50;1.50;True;False;False;False;864;29.50;14.50;True;False;False;False;1;20.909354651217882;0;20.909354651217882;20.909354651217882
302;39.50;1.50;True;False;False;False;12;61.50;3.50;False;False;True;False;3;112.24444737771046;602.4044455315269;91.04389288706807;139.1329661640484
302;39.50;1.50;True;False;False;False;821;30.50;13.50;True;False;False;False;1;22.22926805273528;0;22.22926805273528;22.22926805273528
302;39.50;1.50;True;False;False;False;822;31.50;13.50;True;False;False;False;1;21.008982680297777;0;21.008982680297777;21.008982680297777
302;39.50;1.50;True;False;False;False;864;29.50;14.50;True;False;False;False;1;37.8106509348072;0;37.8106509348072;37.8106509348072
303;40.50;1.50;True;False;False;False;44;61.50;15.50;False;False;True;False;2;96.41264628267709;3408.8186478738107;55.128153746896714;137.69713881845746
303;40.50;1.50;True;False;False;False;60;61.50;21.50;False;False;True;False;2;100.82444644353791;146.32869003943074;92.27083054032391;109.3780623467519
303;40.50;1.50;True;False;False;False;92;0.50;12.50;False;True;False;False;1;244.0368246553735;0;244.0368246553735;244.0368246553735
303;40.50;1.50;True;False;False;False;820;29.50;13.50;True;False;False;False;1;22.591667470111133;0;22.591667470111133;22.591667470111133
303;40.50;1.50;True;False;False;False;821;30.50;13.50;True;False;False;False;1;22.107917382476444;0;22.107917382476444;22.107917382476444
303;40.50;1.50;True;False;False;False;822;31.50;13.50;True;False;False;False;1;21.05240261212748;0;21.05240261212748;21.05240261212748
303;40.50;1.50;True;False;False;False;823;32.50;13.50;True;False;False;False;1;20.359812417174453;0;20.359812417174453;20.359812417174453
303;40.50;1.50;True;False;False;False;866;31.50;14.50;True;False;False;False;1;21.940733554173676;0;21.940733554173676;21.940733554173676
304;41.50;1.50;True;False;False;False;12;61.50;3.50;False;False;True;False;3;116.00286353219356;408.0657727462985;94.2900738005319;134.2404401663989
304;41.50;1.50;True;False;False;False;28;61.50;9.50;False;False;True;False;1;124.45120490251429;0;124.45120490251429;124.45120490251429
304;41.50;1.50;True;False;False;False;76;0.50;6.50;False;True;False;False;2;558.4653458600503;728.6340955222596;539.3782547311976;577.5524369889031
304;41.50;1.50;True;False;False;False;124;0.50;24.50;False;True;False;False;1;518.2973373279897;0;518.2973373279897;518.2973373279897
304;41.50;1.50;True;False;False;False;313;50.50;1.50;True;False;False;False;1;10.29740580685393;0;10.29740580685393;10.29740580685393
304;41.50;1.50;True;False;False;False;579;52.50;7.50;True;False;False;False;1;18.616390878447874;0;18.616390878447874;18.616390878447874
304;41.50;1.50;True;False;False;False;699;40.50;10.50;True;False;False;False;1;13.546942454886448;0;13.546942454886448;13.546942454886448
304;41.50;1.50;True;False;False;False;821;30.50;13.50;True;False;False;False;1;22.75240900159406;0;22.75240900159406;22.75240900159406
304;41.50;1.50;True;False;False;False;864;29.50;14.50;True;False;False;False;1;23.27766558334406;0;23.27766558334406;23.27766558334406
304;41.50;1.50;True;False;False;False;865;30.50;14.50;True;False;False;False;1;28.853762327618824;0;28.853762327618824;28.853762327618824
304;41.50;1.50;True;False;False;False;866;31.50;14.50;True;False;False;False;1;22.490285372422022;0;22.490285372422022;22.490285372422022
305;42.50;1.50;True;False;False;False;12;61.50;3.50;False;False;True;False;3;107.52629197076203;471.4166312098736;92.04750839808548;132.34555716244358
305;42.50;1.50;True;False;False;False;44;61.50;15.50;False;False;True;False;1;111.15463202726778;0;111.15463202726778;111.15463202726778
305;42.50;1.50;True;False;False;False;76;0.50;6.50;False;True;False;False;1;577.578378277165;0;577.578378277165;577.578378277165
305;42.50;1.50;True;False;False;False;108;0.50;18.50;False;True;False;False;1;550.8504105913125;0;550.8504105913125;550.8504105913125
305;42.50;1.50;True;False;False;False;481;42.50;5.50;True;False;False;False;1;5.7217636528143885;0;5.7217636528143885;5.7217636528143885
305;42.50;1.50;True;False;False;False;732;29.50;11.50;True;False;False;False;1;25.788704500835593;0;25.788704500835593;25.788704500835593
305;42.50;1.50;True;False;False;False;820;29.50;13.50;True;False;False;False;1;23.985739140185615;0;23.985739140185615;23.985739140185615
305;42.50;1.50;True;False;False;False;821;30.50;13.50;True;False;False;False;1;23.2836193860021;0;23.2836193860021;23.2836193860021
305;42.50;1.50;True;False;False;False;864;29.50;14.50;True;False;False;False;1;24.758333333331393;0;24.758333333331393;24.758333333331393
305;42.50;1.50;True;False;False;False;1146;47.50;20.50;True;False;False;False;1;28.82472262394367;0;28.82472262394367;28.82472262394367
307;44.50;1.50;True;False;False;False;12;61.50;3.50;False;False;True;False;2;148.72437795951373;4249.338851748297;102.63024139233039;194.81851452669707
307;44.50;1.50;True;False;False;False;60;61.50;21.50;False;False;True;False;1;127.48852491434081;0;127.48852491434081;127.48852491434081
307;44.50;1.50;True;False;False;False;76;0.50;6.50;False;True;False;False;1;586.6419219745803;0;586.6419219745803;586.6419219745803
307;44.50;1.50;True;False;False;False;124;0.50;24.50;False;True;False;False;1;410.3052986407638;0;410.3052986407638;410.3052986407638
307;44.50;1.50;True;False;False;False;356;49.50;2.50;True;False;False;False;1;9.962499598277645;0;9.962499598277645;9.962499598277645
307;44.50;1.50;True;False;False;False;566;39.50;7.50;True;False;False;False;1;14.12638529242031;0;14.12638529242031;14.12638529242031
307;44.50;1.50;True;False;False;False;733;30.50;11.50;True;False;False;False;1;28.142122041321272;0;28.142122041321272;28.142122041321272
307;44.50;1.50;True;False;False;False;866;31.50;14.50;True;False;False;False;1;24.577290662819905;0;24.577290662819905;24.577290662819905
307;44.50;1.50;True;False;False;False;1014;47.50;17.50;True;False;False;False;1;19.45301197718618;0;19.45301197718618;19.45301197718618
308;45.50;1.50;True;False;False;False;12;61.50;3.50;False;False;True;False;2;106.50643818541357;255.15187723745723;95.21148627676303;117.80139009406412
308;45.50;1.50;True;False;False;False;28;61.50;9.50;False;False;True;False;1;112.50593072123775;0;112.50593072123775;112.50593072123775
308;45.50;1.50;True;False;False;False;108;0.50;18.50;False;True;False;False;1;544.3230653148894;0;544.3230653148894;544.3230653148894
308;45.50;1.50;True;False;False;False;336;29.50;2.50;True;False;False;False;1;18.160926723026932;0;18.160926723026932;18.160926723026932
308;45.50;1.50;True;False;False;False;734;31.50;11.50;True;False;False;False;1;25.552316013643576;0;25.552316013643576;25.552316013643576
308;45.50;1.50;True;False;False;False;821;30.50;13.50;True;False;False;False;1;34.753637335328676;0;34.753637335328676;34.753637335328676
308;45.50;1.50;True;False;False;False;864;29.50;14.50;True;False;False;False;1;27.395367972733766;0;27.395367972733766;27.395367972733766
309;46.50;1.50;True;False;False;False;12;61.50;3.50;False;False;True;False;1;83.97222222220444;0;83.97222222220444;83.97222222220444
309;46.50;1.50;True;False;False;False;44;61.50;15.50;False;False;True;False;2;106.43926405454044;66.19753758099968;100.68611111111022;112.19241699797067
309;46.50;1.50;True;False;False;False;76;0.50;6.50;False;True;False;False;1;563.9876919827502;0;563.9876919827502;563.9876919827502
309;46.50;1.50;True;False;False;False;442;47.50;4.50;True;False;False;False;1;8.752855595521396;0;8.752855595521396;8.752855595521396
309;46.50;1.50;True;False;False;False;822;31.50;13.50;True;False;False;False;3;29.838667912434175;61.96034467105753;25.282781775960757;38.92787156918712
310;47.50;1.50;True;False;False;False;12;61.50;3.50;False;False;True;False;2;111.9538948956756;896.4164451079065;90.7829661830765;133.1248236082747
310;47.50;1.50;True;False;False;False;28;61.50;9.50;False;False;True;False;1;108.41447960558435;0;108.41447960558435;108.41447960558435
310;47.50;1.50;True;False;False;False;44;61.50;15.50;False;False;True;False;1;70.64842553689232;0;70.64842553689232;70.64842553689232
310;47.50;1.50;True;False;False;False;92;0.50;12.50;False;True;False;False;1;233.31454542878055;0;233.31454542878055;233.31454542878055
310;47.50;1.50;True;False;False;False;108;0.50;18.50;False;True;False;False;1;558.3521604162524;0;558.3521604162524;558.3521604162524
310;47.50;1.50;True;False;False;False;124;0.50;24.50;False;True;False;False;1;551.0932259405199;0;551.0932259405199;551.0932259405199
310;47.50;1.50;True;False;False;False;313;50.50;1.50;True;False;False;False;1;6.3645326498299255;0;6.3645326498299255;6.3645326498299255
310;47.50;1.50;True;False;False;False;690;31.50;10.50;True;False;False;False;1;23.77907647171469;0;23.77907647171469;23.77907647171469
310;47.50;1.50;True;False;False;False;749;46.50;11.50;True;False;False;False;1;13.586111111111677;0;13.586111111111677;13.586111111111677
310;47.50;1.50;True;False;False;False;820;29.50;13.50;True;False;False;False;2;27.16824633311444;0.0014515752899301893;27.141305886849295;27.195186779379583
310;47.50;1.50;True;False;False;False;822;31.50;13.50;True;False;False;False;2;26.723630421289272;1.7973907849928414;25.775634961122705;27.67162588145584
310;47.50;1.50;True;False;False;False;866;31.50;14.50;True;False;False;False;1;29.0919480409093;0;29.0919480409093;29.0919480409093
312;49.50;1.50;True;False;False;False;12;61.50;3.50;False;False;True;False;3;120.27224780545293;3370.2341690025264;62.72532854884412;178.81982760644314
312;49.50;1.50;True;False;False;False;559;32.50;7.50;True;False;False;False;1;23.076118304037664;0;23.076118304037664;23.076118304037664
312;49.50;1.50;True;False;False;False;579;52.50;7.50;True;False;False;False;1;12.713072440998076;0;12.713072440998076;12.713072440998076
312;49.50;1.50;True;False;False;False;821;30.50;13.50;True;False;False;False;1;28.527494012254465;0;28.527494012254465;28.527494012254465
313;50.50;1.50;True;False;False;False;12;61.50;3.50;False;False;True;False;3;100.54578685103806;5617.073885489926;57.00129869393709;187.0867120095827
313;50.50;1.50;True;False;False;False;28;61.50;9.50;False;False;True;False;3;92.83473797383947;1233.0193846397779;53.63639248533946;121.41370291295243
313;50.50;1.50;True;False;False;False;576;49.50;7.50;True;False;False;False;1;11.457034639396397;0;11.457034639396397;11.457034639396397
313;50.50;1.50;True;False;False;False;821;30.50;13.50;True;False;False;False;1;28.960374362202856;0;28.960374362202856;28.960374362202856
313;50.50;1.50;True;False;False;False;822;31.50;13.50;True;False;False;False;1;28.21667066484406;0;28.21667066484406;28.21667066484406
313;50.50;1.50;True;False;False;False;823;32.50;13.50;True;False;False;False;2;28.753144956586766;5.790078485298669;27.051663471924257;30.454626441249275
313;50.50;1.50;True;False;False;False;1102;47.50;19.50;True;False;False;False;1;21.714166264933738;0;21.714166264933738;21.714166264933738
314;51.50;1.50;True;False;False;False;12;61.50;3.50;False;False;True;False;4;94.4575053946794;314.1628400980224;79.68953823585889;119.8469520390754
314;51.50;1.50;True;False;False;False;28;61.50;9.50;False;False;True;False;1;109.38537516564611;0;109.38537516564611;109.38537516564611
314;51.50;1.50;True;False;False;False;441;46.50;4.50;True;False;False;False;1;11.835187582822982;0;11.835187582822982;11.835187582822982
314;51.50;1.50;True;False;False;False;820;29.50;13.50;True;False;False;False;1;29.866657082457095;0;29.866657082457095;29.866657082457095
314;51.50;1.50;True;False;False;False;821;30.50;13.50;True;False;False;False;1;38.80424272127675;0;38.80424272127675;38.80424272127675
314;51.50;1.50;True;False;False;False;822;31.50;13.50;True;False;False;False;1;29.40241060847984;0;29.40241060847984;29.40241060847984
314;51.50;1.50;True;False;False;False;823;32.50;13.50;True;False;False;False;1;27.770564129250488;0;27.770564129250488;27.770564129250488
315;52.50;1.50;True;False;False;False;12;61.50;3.50;False;False;True;False;5;100.84157634406529;1106.8204267874823;54.9645422340418;142.5204553746844
315;52.50;1.50;True;False;False;False;60;61.50;21.50;False;False;True;False;3;92.53118748891029;1620.3324790004299;46.50826670669812;121.1774106084813
315;52.50;1.50;True;False;False;False;312;49.50;1.50;True;False;False;False;1;4.904076471717417;0;4.904076471717417;4.904076471717417
315;52.50;1.50;True;False;False;False;623;52.50;8.50;True;False;False;False;1;8.828983483746924;0;8.828983483746924;8.828983483746924
315;52.50;1.50;True;False;False;False;823;32.50;13.50;True;False;False;False;1;28.623140693289315;0;28.623140693289315;28.623140693289315
315;52.50;1.50;True;False;False;False;864;29.50;14.50;True;False;False;False;1;31.146205705965258;0;31.146205705965258;31.146205705965258
315;52.50;1.50;True;False;False;False;866;31.50;14.50;True;False;False;False;1;30.821833474157756;0;30.821833474157756;30.821833474157756
315;52.50;1.50;True;False;False;False;937;14.50;16.50;True;False;False;False;1;45.457122041334515;0;45.457122041334515;45.457122041334515
315;52.50;1.50;True;False;False;False;972;49.50;16.50;True;False;False;False;1;19.406656929617384;0;19.406656929617384;19.406656929617384
315;52.50;1.50;True;False;False;False;1226;39.50;22.50;True;False;False;False;1;32.40484084823402;0;32.40484084823402;32.40484084823402
319;12.50;2.50;True;False;False;False;12;61.50;3.50;False;False;True;False;1;150.61037755687357;0;150.61037755687357;150.61037755687357
321;14.50;2.50;True;False;False;False;12;61.50;3.50;False;False;True;False;1;167.96306714837192;0;167.96306714837192;167.96306714837192
321;14.50;2.50;True;False;False;False;44;61.50;15.50;False;False;True;False;1;154.22278257939433;0;154.22278257939433;154.22278257939433
321;14.50;2.50;True;False;False;False;1018;51.50;17.50;True;False;False;False;1;42.8143578459385;0;42.8143578459385;42.8143578459385
323;16.50;2.50;True;False;False;False;12;61.50;3.50;False;False;True;False;1;115.72037197091777;0;115.72037197091777;115.72037197091777
323;16.50;2.50;True;False;False;False;60;61.50;21.50;False;False;True;False;1;214.1446496078188;0;214.1446496078188;214.1446496078188
323;16.50;2.50;True;False;False;False;444;49.50;4.50;True;False;False;False;1;31.849725818678053;0;31.849725818678053;31.849725818678053
323;16.50;2.50;True;False;False;False;447;52.50;4.50;True;False;False;False;1;33.73277058486019;0;33.73277058486019;33.73277058486019
324;17.50;2.50;True;False;False;False;28;61.50;9.50;False;False;True;False;1;68.3751009843254;0;68.3751009843254;68.3751009843254
324;17.50;2.50;True;False;False;False;970;47.50;16.50;True;False;False;False;1;37.20685424949261;0;37.20685424949261;37.20685424949261
326;19.50;2.50;True;False;False;False;44;61.50;15.50;False;False;True;False;1;137.10103594920656;0;137.10103594920656;137.10103594920656
326;19.50;2.50;True;False;False;False;60;61.50;21.50;False;False;True;False;1;136.7130527625486;0;136.7130527625486;136.7130527625486
326;19.50;2.50;True;False;False;False;76;0.50;6.50;False;True;False;False;1;579.9645006453866;0;579.9645006453866;579.9645006453866
326;19.50;2.50;True;False;False;False;566;39.50;7.50;True;False;False;False;1;28.994068475331005;0;28.994068475331005;28.994068475331005
326;19.50;2.50;True;False;False;False;733;30.50;11.50;True;False;False;False;1;21.80555555555111;0;21.80555555555111;21.80555555555111
326;19.50;2.50;True;False;False;False;837;46.50;13.50;True;False;False;False;1;40.46870769553607;0;40.46870769553607;40.46870769553607
327;20.50;2.50;True;False;False;False;28;61.50;9.50;False;False;True;False;1;82.62175406859387;0;82.62175406859387;82.62175406859387
328;21.50;2.50;True;False;False;False;28;61.50;9.50;False;False;True;False;1;159.16271597171726;0;159.16271597171726;159.16271597171726
328;21.50;2.50;True;False;False;False;108;0.50;18.50;False;True;False;False;1;610.2525542114672;0;610.2525542114672;610.2525542114672
328;21.50;2.50;True;False;False;False;734;31.50;11.50;True;False;False;False;1;20.349350653028523;0;20.349350653028523;20.349350653028523
328;21.50;2.50;True;False;False;False;1407;44.50;26.50;True;False;False;False;1;38.767871569183626;0;38.767871569183626;38.767871569183626
329;22.50;2.50;True;False;False;False;44;61.50;15.50;False;False;True;False;1;101.15759419312235;0;101.15759419312235;101.15759419312235
329;22.50;2.50;True;False;False;False;429;34.50;4.50;True;False;False;False;1;17.17352091615612;0;17.17352091615612;17.17352091615612
331;24.50;2.50;True;False;False;False;44;61.50;15.50;False;False;True;False;1;121.70240980502422;0;121.70240980502422;121.70240980502422
331;24.50;2.50;True;False;False;False;821;30.50;13.50;True;False;False;False;1;18.89999999999418;0;18.89999999999418;18.89999999999418
333;26.50;2.50;True;False;False;False;12;61.50;3.50;False;False;True;False;1;132.8681537468765;0;132.8681537468765;132.8681537468765
333;26.50;2.50;True;False;False;False;60;61.50;21.50;False;False;True;False;1;183.07778896887976;0;183.07778896887976;183.07778896887976
333;26.50;2.50;True;False;False;False;76;0.50;6.50;False;True;False;False;2;539.5129990661139;199.80722464531723;529.5178196118641;549.5081785203638
333;26.50;2.50;True;False;False;False;92;0.50;12.50;False;True;False;False;1;259.3153455904503;0;259.3153455904503;259.3153455904503
333;26.50;2.50;True;False;False;False;476;37.50;5.50;True;False;False;False;1;16.789631223819015;0;16.789631223819015;16.789631223819015
333;26.50;2.50;True;False;False;False;733;30.50;11.50;True;False;False;False;1;23.49963522199687;0;23.49963522199687;23.49963522199687
333;26.50;2.50;True;False;False;False;821;30.50;13.50;True;False;False;False;1;17.17083773324339;0;17.17083773324339;17.17083773324339
333;26.50;2.50;True;False;False;False;865;30.50;14.50;True;False;False;False;1;18.77599174275838;0;18.77599174275838;18.77599174275838
333;26.50;2.50;True;False;False;False;866;31.50;14.50;True;False;False;False;1;19.308340526252323;0;19.308340526252323;19.308340526252323
336;29.50;2.50;True;False;False;False;12;61.50;3.50;False;False;True;False;2;102.70565214949147;636.5643519093206;84.86518758282;120.54611671616294
336;29.50;2.50;True;False;False;False;427;32.50;4.50;True;False;False;False;1;11.042875567367446;0;11.042875567367446;11.042875567367446
336;29.50;2.50;True;False;False;False;866;31.50;14.50;True;False;False;False;1;16.45981241717527;0;16.45981241717527;16.45981241717527
338;31.50;2.50;True;False;False;False;44;61.50;15.50;False;False;True;False;1;126.24746602504092;0;126.24746602504092;126.24746602504092
338;31.50;2.50;True;False;False;False;820;29.50;13.50;True;False;False;False;1;15.61102131788357;0;15.61102131788357;15.61102131788357
339;32.50;2.50;True;False;False;False;12;61.50;3.50;False;False;True;False;2;141.68947992328117;515.8193537348644;125.62991340150256;157.74904644505978
339;32.50;2.50;True;False;False;False;28;61.50;9.50;False;False;True;False;2;144.41222981686315;131.70950752653985;136.29713562373945;152.52732400998684
339;32.50;2.50;True;False;False;False;447;52.50;4.50;True;False;False;False;1;21.871855052928368;0;21.871855052928368;21.871855052928368
339;32.50;2.50;True;False;False;False;734;31.50;11.50;True;False;False;False;1;12.554447639179898;0;12.554447639179898;12.554447639179898
339;32.50;2.50;True;False;False;False;821;30.50;13.50;True;False;False;False;1;15.487316013626696;0;15.487316013626696;15.487316013626696
339;32.50;2.50;True;False;False;False;865;30.50;14.50;True;False;False;False;1;30.58888888888896;0;30.58888888888896;30.58888888888896
339;32.50;2.50;True;False;False;False;983;16.50;17.50;True;False;False;False;1;33.53963202726936;0;33.53963202726936;33.53963202726936
341;34.50;2.50;True;False;False;False;12;61.50;3.50;False;False;True;False;2;104.37218198550659;7.5246734851680905;102.4325075946399;106.31185637637327
341;34.50;2.50;True;False;False;False;865;30.50;14.50;True;False;False;False;1;22.467134016822;0;22.467134016822;22.467134016822
341;34.50;2.50;True;False;False;False;996;29.50;17.50;True;False;False;False;1;21.195093791410727;0;21.195093791410727;21.195093791410727
342;35.50;2.50;True;False;False;False;12;61.50;3.50;False;False;True;False;1;45.822583805460454;0;45.822583805460454;45.822583805460454
342;35.50;2.50;True;False;False;False;483;44.50;5.50;True;False;False;False;1;15.447028249905998;0;15.447028249905998;15.447028249905998
343;36.50;2.50;True;False;False;False;734;31.50;11.50;True;False;False;False;1;17.160552360820247;0;17.160552360820247;17.160552360820247
344;37.50;2.50;True;False;False;False;12;61.50;3.50;False;False;True;False;1;104.40577910291177;0;104.40577910291177;104.40577910291177
344;37.50;2.50;True;False;False;False;28;61.50;9.50;False;False;True;False;1;117.50528217769079;0;117.50528217769079;117.50528217769079
344;37.50;2.50;True;False;False;False;823;32.50;13.50;True;False;False;False;2;20.037781374233873;1.2502414056050042;19.247135623721988;20.828427124745758
346;39.50;2.50;True;False;False;False;28;61.50;9.50;False;False;True;False;3;81.64539470906918;104.85153316403193;75.22044418356745;93.45388888889283
346;39.50;2.50;True;False;False;False;483;44.50;5.50;True;False;False;False;1;12.11870930243822;0;12.11870930243822;12.11870930243822
346;39.50;2.50;True;False;False;False;733;30.50;11.50;True;False;False;False;1;19.299541430584213;0;19.299541430584213;19.299541430584213
346;39.50;2.50;True;False;False;False;818;27.50;13.50;True;False;False;False;1;30.687871569190236;0;30.687871569190236;30.687871569190236
346;39.50;2.50;True;False;False;False;822;31.50;13.50;True;False;False;False;1;19.750555555554456;0;19.750555555554456;19.750555555554456
347;40.50;2.50;True;False;False;False;60;61.50;21.50;False;False;True;False;1;122.25964880439278;0;122.25964880439278;122.25964880439278
347;40.50;2.50;True;False;False;False;305;42.50;1.50;True;False;False;False;1;7.644263251086159;0;7.644263251086159;7.644263251086159
348;41.50;2.50;True;False;False;False;12;61.50;3.50;False;False;True;False;2;88.21588022903052;21.44339519594025;84.9414798872931;91.49028057076794
348;41.50;2.50;True;False;False;False;124;0.50;24.50;False;True;False;False;1;568.0068926053464;0;568.0068926053464;568.0068926053464
348;41.50;2.50;True;False;False;False;821;30.50;13.50;True;False;False;False;2;22.211159604180466;1.0078050237902172;21.501298693934586;22.921020514426345
348;41.50;2.50;True;False;False;False;822;31.50;13.50;True;False;False;False;1;21.788333333333867;0;21.788333333333867;21.788333333333867
349;42.50;2.50;True;False;False;False;12;61.50;3.50;False;False;True;False;4;98.36694744308738;824.4699430103876;73.06056355194232;139.08749081750648
349;42.50;2.50;True;False;False;False;28;61.50;9.50;False;False;True;False;1;87.28768798454439;0;87.28768798454439;87.28768798454439
349;42.50;2.50;True;False;False;False;76;0.50;6.50;False;True;False;False;1;562.3960312504942;0;562.3960312504942;562.3960312504942
349;42.50;2.50;True;False;False;False;124;0.50;24.50;False;True;False;False;1;535.464410539018;0;535.464410539018;535.464410539018
349;42.50;2.50;True;False;False;False;577;50.50;7.50;True;False;False;False;1;15.566382097687892;0;15.566382097687892;15.566382097687892
349;42.50;2.50;True;False;False;False;732;29.50;11.50;True;False;False;False;1;24.179072473536507;0;24.179072473536507;24.179072473536507
349;42.50;2.50;True;False;False;False;820;29.50;13.50;True;False;False;False;2;23.803912598914394;0.46628411019927757;23.32106473975;24.28676045807879
349;42.50;2.50;True;False;False;False;822;31.50;13.50;True;False;False;False;2;22.873474020451795;0.38402559038690964;22.43528137424073;23.31166666666286
349;42.50;2.50;True;False;False;False;823;32.50;13.50;True;False;False;False;1;20.888714027796823;0;20.888714027796823;20.888714027796823
351;44.50;2.50;True;False;False;False;12;61.50;3.50;False;False;True;False;3;153.152689852907;7784.483865846965;67.85935465122566;244.051498271303
351;44.50;2.50;True;False;False;False;28;61.50;9.50;False;False;True;False;2;83.79736211542559;1873.7567770051169;53.18889288708033;114.40583134377084
351;44.50;2.50;True;False;False;False;60;61.50;21.50;False;False;True;False;1;122.89649346968554;0;122.89649346968554;122.89649346968554
351;44.50;2.50;True;False;False;False;76;0.50;6.50;False;True;False;False;1;548.9249261994701;0;548.9249261994701;548.9249261994701
351;44.50;2.50;True;False;False;False;308;45.50;1.50;True;False;False;False;1;6.53129869393706;0;6.53129869393706;6.53129869393706
351;44.50;2.50;True;False;False;False;437;42.50;4.50;True;False;False;False;1;8.574170263127598;0;8.574170263127598;8.574170263127598
351;44.50;2.50;True;False;False;False;732;29.50;11.50;True;False;False;False;1;22.72186304929346;0;22.72186304929346;22.72186304929346
351;44.50;2.50;True;False;False;False;821;30.50;13.50;True;False;False;False;1;24.661389290627994;0;24.661389290627994;24.661389290627994
351;44.50;2.50;True;False;False;False;822;31.50;13.50;True;False;False;False;2;23.15051305024008;0.5646605200821815;22.619165461517696;23.681860638962462
351;44.50;2.50;True;False;False;False;864;29.50;14.50;True;False;False;False;1;26.075833735068954;0;26.075833735068954;26.075833735068954
352;45.50;2.50;True;False;False;False;12;61.50;3.50;False;False;True;False;1;103.78018438808795;0;103.78018438808795;103.78018438808795
352;45.50;2.50;True;False;False;False;60;61.50;21.50;False;False;True;False;1;95.13898587503127;0;95.13898587503127;95.13898587503127
352;45.50;2.50;True;False;False;False;821;30.50;13.50;True;False;False;False;1;24.96231362234539;0;24.96231362234539;24.96231362234539
352;45.50;2.50;True;False;False;False;865;30.50;14.50;True;False;False;False;1;26.477683986358443;0;26.477683986358443;26.477683986358443
353;46.50;2.50;True;False;False;False;12;61.50;3.50;False;False;True;False;1;130.99186063896195;0;130.99186063896195;130.99186063896195
353;46.50;2.50;True;False;False;False;76;0.50;6.50;False;True;False;False;1;517.6588246726028;0;517.6588246726028;517.6588246726028
353;46.50;2.50;True;False;False;False;124;0.50;24.50;False;True;False;False;1;522.473182518579;0;522.473182518579;522.473182518579
353;46.50;2.50;True;False;False;False;821;30.50;13.50;True;False;False;False;1;31.165003998186876;0;31.165003998186876;31.165003998186876
353;46.50;2.50;True;False;False;False;822;31.50;13.50;True;False;False;False;1;26.833427124745867;0;26.833427124745867;26.833427124745867
353;46.50;2.50;True;False;False;False;865;30.50;14.50;True;False;False;False;1;29.658152943428377;0;29.658152943428377;29.658152943428377
354;47.50;2.50;True;False;False;False;12;61.50;3.50;False;False;True;False;1;102.70528537241262;0;102.70528537241262;102.70528537241262
354;47.50;2.50;True;False;False;False;76;0.50;6.50;False;True;False;False;1;594.5065896713859;0;594.5065896713859;594.5065896713859
354;47.50;2.50;True;False;False;False;574;47.50;7.50;True;False;False;False;1;7.583059152013448;0;7.583059152013448;7.583059152013448
354;47.50;2.50;True;False;False;False;840;49.50;13.50;True;False;False;False;1;16.567409805047646;0;16.567409805047646;16.567409805047646
356;49.50;2.50;True;False;False;False;12;61.50;3.50;False;False;True;False;4;78.45894509420032;445.2323641810237;54.724539039307274;106.11178570196353
356;49.50;2.50;True;False;False;False;28;61.50;9.50;False;False;True;False;3;109.86114352156012;968.6676399676082;84.0175901949533;144.41046520409145
356;49.50;2.50;True;False;False;False;300;37.50;1.50;True;False;False;False;1;14.96176045807806;0;14.96176045807806;14.96176045807806
356;49.50;2.50;True;False;False;False;349;42.50;2.50;True;False;False;False;1;8.114538235859072;0;8.114538235859072;8.114538235859072
356;49.50;2.50;True;False;False;False;359;52.50;2.50;True;False;False;False;1;13.809434860229885;0;13.809434860229885;13.809434860229885
356;49.50;2.50;True;False;False;False;733;30.50;11.50;True;False;False;False;1;25.517125236077845;0;25.517125236077845;25.517125236077845
356;49.50;2.50;True;False;False;False;734;31.50;11.50;True;False;False;False;1;39.77633867584791;0;39.77633867584791;39.77633867584791
356;49.50;2.50;True;False;False;False;821;30.50;13.50;True;False;False;False;1;27.858982680304507;0;27.858982680304507;27.858982680304507
356;49.50;2.50;True;False;False;False;960;37.50;16.50;True;False;False;False;1;24.97601731971372;0;24.97601731971372;24.97601731971372
357;50.50;2.50;True;False;False;False;44;61.50;15.50;False;False;True;False;2;91.87921156328593;214.84153931971142;81.51481241717738;102.24361070939449
357;50.50;2.50;True;False;False;False;60;61.50;21.50;False;False;True;False;1;192.3296687953225;0;192.3296687953225;192.3296687953225
357;50.50;2.50;True;False;False;False;734;31.50;11.50;True;False;False;False;1;26.962961362417204;0;26.962961362417204;26.962961362417204
357;50.50;2.50;True;False;False;False;820;29.50;13.50;True;False;False;False;2;30.679830678595863;9.110810924118692;28.54549109407344;32.814170263118285
357;50.50;2.50;True;False;False;False;822;31.50;13.50;True;False;False;False;1;26.851483082014965;0;26.851483082014965;26.851483082014965
358;51.50;2.50;True;False;False;False;12;61.50;3.50;False;False;True;False;1;118.34574074708871;0;118.34574074708871;118.34574074708871
358;51.50;2.50;True;False;False;False;28;61.50;9.50;False;False;True;False;1;45.97515211916652;0;45.97515211916652;45.97515211916652
358;51.50;2.50;True;False;False;False;733;30.50;11.50;True;False;False;False;1;26.920093791417457;0;26.920093791417457;26.920093791417457
358;51.50;2.50;True;False;False;False;822;31.50;13.50;True;False;False;False;1;27.817594193151308;0;27.817594193151308;27.817594193151308
359;52.50;2.50;True;False;False;False;12;61.50;3.50;False;False;True;False;3;87.57346884842688;68.25947334886023;78.21601573183943;93.86092991776059
359;52.50;2.50;True;False;False;False;28;61.50;9.50;False;False;True;False;1;77.49705382688808;0;77.49705382688808;77.49705382688808
359;52.50;2.50;True;False;False;False;44;61.50;15.50;False;False;True;False;2;131.48829722699338;3523.9647899282277;89.51232320655981;173.46427124742695
359;52.50;2.50;True;False;False;False;60;61.50;21.50;False;False;True;False;2;88.34333573414551;1014.2177541628876;65.82425766506276;110.86241380322826
359;52.50;2.50;True;False;False;False;434;39.50;4.50;True;False;False;False;1;17.25953823585587;0;17.25953823585587;17.25953823585587
359;52.50;2.50;True;False;False;False;623;52.50;8.50;True;False;False;False;1;7.722037834137154;0;7.722037834137154;7.722037834137154
359;52.50;2.50;True;False;False;False;818;27.50;13.50;True;False;False;False;1;30.895562748468365;0;30.895562748468365;30.895562748468365
359;52.50;2.50;True;False;False;False;820;29.50;13.50;True;False;False;False;1;38.037683986365664;0;38.037683986365664;38.037683986365664
359;52.50;2.50;True;False;False;False;821;30.50;13.50;True;False;False;False;1;29.071948040895222;0;29.071948040895222;29.071948040895222
359;52.50;2.50;True;False;False;False;836;45.50;13.50;True;False;False;False;1;24.32649266622684;0;24.32649266622684;24.32649266622684
359;52.50;2.50;True;False;False;False;866;31.50;14.50;True;False;False;False;1;36.255577937787166;0;36.255577937787166;36.255577937787166
359;52.50;2.50;True;False;False;False;1328;9.50;25.50;True;False;False;False;1;52.87177484392305;0;52.87177484392305;52.87177484392305
405;10.50;4.50;True;False;False;False;28;61.50;9.50;False;False;True;False;1;94.93102451261757;0;94.93102451261757;94.93102451261757
411;16.50;4.50;True;False;False;False;44;61.50;15.50;False;False;True;False;1;145.64685505293437;0;145.64685505293437;145.64685505293437
411;16.50;4.50;True;False;False;False;60;61.50;21.50;False;False;True;False;1;92.74472262392737;0;92.74472262392737;92.74472262392737
411;16.50;4.50;True;False;False;False;623;52.50;8.50;True;False;False;False;1;33.993793490597454;0;33.993793490597454;33.993793490597454
412;17.50;4.50;True;False;False;False;12;61.50;3.50;False;False;True;False;1;200.16130588684973;0;200.16130588684973;200.16130588684973
412;17.50;4.50;True;False;False;False;28;61.50;9.50;False;False;True;False;1;141.2704497695595;0;141.2704497695595;141.2704497695595
412;17.50;4.50;True;False;False;False;60;61.50;21.50;False;False;True;False;1;88.80799495478277;0;88.80799495478277;88.80799495478277
412;17.50;4.50;True;False;False;False;474;35.50;5.50;True;False;False;False;1;19.15268957237913;0;19.15268957237913;19.15268957237913
412;17.50;4.50;True;False;False;False;480;41.50;5.50;True;False;False;False;1;23.9725838054801;0;23.9725838054801;23.9725838054801
412;17.50;4.50;True;False;False;False;691;32.50;10.50;True;False;False;False;1;22.201854249480675;0;22.201854249480675;22.201854249480675
412;17.50;4.50;True;False;False;False;975;52.50;16.50;True;False;False;False;1;39.092197429636144;0;39.092197429636144;39.092197429636144
414;19.50;4.50;True;False;False;False;28;61.50;9.50;False;False;True;False;1;189.4629517782032;0;189.4629517782032;189.4629517782032
414;19.50;4.50;True;False;False;False;309;46.50;1.50;True;False;False;False;1;27.047965360606213;0;27.047965360606213;27.047965360606213
414;19.50;4.50;True;False;False;False;838;47.50;13.50;True;False;False;False;1;44.026368515307695;0;44.026368515307695;44.026368515307695
419;24.50;4.50;True;False;False;False;28;61.50;9.50;False;False;True;False;1;94.99667385957218;0;94.99667385957218;94.99667385957218
419;24.50;4.50;True;False;False;False;60;61.50;21.50;False;False;True;False;1;82.0259211370012;0;82.0259211370012;82.0259211370012
419;24.50;4.50;True;False;False;False;108;0.50;18.50;False;True;False;False;1;536.0018662440234;0;536.0018662440234;536.0018662440234
419;24.50;4.50;True;False;False;False;475;36.50;5.50;True;False;False;False;1;15.041854249488097;0;15.041854249488097;15.041854249488097
419;24.50;4.50;True;False;False;False;542;15.50;7.50;True;False;False;False;1;19.352503596452152;0;19.352503596452152;19.352503596452152
419;24.50;4.50;True;False;False;False;821;30.50;13.50;True;False;False;False;1;17.240743138376274;0;17.240743138376274;17.240743138376274
420;25.50;4.50;True;False;False;False;60;61.50;21.50;False;False;True;False;1;96.99137890295424;0;96.99137890295424;96.99137890295424
420;25.50;4.50;True;False;False;False;823;32.50;13.50;True;False;False;False;1;18.565923528285566;0;18.565923528285566;18.565923528285566
420;25.50;4.50;True;False;False;False;864;29.50;14.50;True;False;False;False;1;16.81767759689137;0;16.81767759689137;16.81767759689137
422;27.50;4.50;True;False;False;False;12;61.50;3.50;False;False;True;False;1;103.7439858750331;0;103.7439858750331;103.7439858750331
422;27.50;4.50;True;False;False;False;439;44.50;4.50;True;False;False;False;1;15.222061823238619;0;15.222061823238619;15.222061823238619
424;29.50;4.50;True;False;False;False;12;61.50;3.50;False;False;True;False;1;91.1426847898183;0;91.1426847898183;91.1426847898183
424;29.50;4.50;True;False;False;False;822;31.50;13.50;True;False;False;False;1;14.926941651437119;0;14.926941651437119;14.926941651437119
425;30.50;4.50;True;False;False;False;28;61.50;9.50;False;False;True;False;1;53.65018438808693;0;53.65018438808693;53.65018438808693
425;30.50;4.50;True;False;False;False;821;30.50;13.50;True;False;False;False;1;9.803888888884103;0;9.803888888884103;9.803888888884103
426;31.50;4.50;True;False;False;False;12;61.50;3.50;False;False;True;False;1;113.18065334515632;0;113.18065334515632;113.18065334515632
426;31.50;4.50;True;False;False;False;44;61.50;15.50;False;False;True;False;1;67.64112939219558;0;67.64112939219558;67.64112939219558
426;31.50;4.50;True;False;False;False;280;17.50;1.50;True;False;False;False;1;18.63092513518859;0;18.63092513518859;18.63092513518859
426;31.50;4.50;True;False;False;False;1236;49.50;22.50;True;False;False;False;1;32.00611111109902;0;32.00611111109902;32.00611111109902
427;32.50;4.50;True;False;False;False;12;61.50;3.50;False;False;True;False;3;95.88073328004187;853.2783154459316;76.86555635900913;129.51497920574184
427;32.50;4.50;True;False;False;False;28;61.50;9.50;False;False;True;False;1;80.20213242898899;0;80.20213242898899;80.20213242898899
427;32.50;4.50;True;False;False;False;44;61.50;15.50;False;False;True;False;1;79.8335281090749;0;79.8335281090749;79.8335281090749
427;32.50;4.50;True;False;False;False;308;45.50;1.50;True;False;False;False;1;17.7377705848412;0;17.7377705848412;17.7377705848412
427;32.50;4.50;True;False;False;False;733;30.50;11.50;True;False;False;False;1;12.557273640632047;0;12.557273640632047;12.557273640632047
427;32.50;4.50;True;False;False;False;734;31.50;11.50;True;False;False;False;1;12.807691179288668;0;12.807691179288668;12.807691179288668
427;32.50;4.50;True;False;False;False;821;30.50;13.50;True;False;False;False;1;14.25;0;14.25;14.25
427;32.50;4.50;True;False;False;False;866;31.50;14.50;True;False;False;False;1;13.108986678487781;0;13.108986678487781;13.108986678487781
429;34.50;4.50;True;False;False;False;12;61.50;3.50;False;False;True;False;1;99.52194804089959;0;99.52194804089959;99.52194804089959
429;34.50;4.50;True;False;False;False;28;61.50;9.50;False;False;True;False;3;131.67151541073022;722.8930702574204;107.98445163734505;160.89564934695227
429;34.50;4.50;True;False;False;False;563;36.50;7.50;True;False;False;False;1;10.539808418991015;0;10.539808418991015;10.539808418991015
429;34.50;4.50;True;False;False;False;820;29.50;13.50;True;False;False;False;3;17.410764461959843;0.8216489698802008;16.736111111113132;18.441114305844167
430;35.50;4.50;True;False;False;False;12;61.50;3.50;False;False;True;False;2;195.47867078573472;1142.300828639494;171.57991738059354;219.3774241908759
430;35.50;4.50;True;False;False;False;734;31.50;11.50;True;False;False;False;1;14.006760458076315;0;14.006760458076315;14.006760458076315
430;35.50;4.50;True;False;False;False;822;31.50;13.50;True;False;False;False;1;18.700558750279015;0;18.700558750279015;18.700558750279015
431;36.50;4.50;True;False;False;False;12;61.50;3.50;False;False;True;False;1;179.11059178470168;0;179.11059178470168;179.11059178470168
431;36.50;4.50;True;False;False;False;28;61.50;9.50;False;False;True;False;1;145.94239142102015;0;145.94239142102015;145.94239142102015
431;36.50;4.50;True;False;False;False;691;32.50;10.50;True;False;False;False;1;13.491201707788491;0;13.491201707788491;13.491201707788491
431;36.50;4.50;True;False;False;False;821;30.50;13.50;True;False;False;False;1;20.224156680740634;0;20.224156680740634;20.224156680740634
431;36.50;4.50;True;False;False;False;823;32.50;13.50;True;False;False;False;1;15.546662668479257;0;15.546662668479257;15.546662668479257
432;37.50;4.50;True;False;False;False;28;61.50;9.50;False;False;True;False;2;76.73382200228298;273.8376140137257;65.03259099837305;88.4350530061929
432;37.50;4.50;True;False;False;False;44;61.50;15.50;False;False;True;False;2;125.24981681708869;4963.492013624704;75.43269117928867;175.0669424548887
432;37.50;4.50;True;False;False;False;441;46.50;4.50;True;False;False;False;1;22.042590194952027;0;22.042590194952027;22.042590194952027
432;37.50;4.50;True;False;False;False;622;51.50;8.50;True;False;False;False;1;20.179812417180074;0;20.179812417180074;20.179812417180074
432;37.50;4.50;True;False;False;False;865;30.50;14.50;True;False;False;False;1;19.542316013635173;0;19.542316013635173;19.542316013635173
432;37.50;4.50;True;False;False;False;1239;52.50;22.50;True;False;False;False;1;33.72647908383806;0;33.72647908383806;33.72647908383806
434;39.50;4.50;True;False;False;False;12;61.50;3.50;False;False;True;False;1;89.2894516373508;0;89.2894516373508;89.2894516373508
434;39.50;4.50;True;False;False;False;480;41.50;5.50;True;False;False;False;1;8.115836929793659;0;8.115836929793659;8.115836929793659
435;40.50;4.50;True;False;False;False;12;61.50;3.50;False;False;True;False;2;121.45537677255061;880.3122579903533;100.47547856032907;142.43527498477215
435;40.50;4.50;True;False;False;False;734;31.50;11.50;True;False;False;False;1;17.752336004559766;0;17.752336004559766;17.752336004559766
435;40.50;4.50;True;False;False;False;822;31.50;13.50;True;False;False;False;1;18.81612069532912;0;18.81612069532912;18.81612069532912
436;41.50;4.50;True;False;False;False;44;61.50;15.50;False;False;True;False;1;110.4326680126851;0;110.4326680126851;110.4326680126851
436;41.50;4.50;True;False;False;False;987;20.50;17.50;True;False;False;False;1;30.355810568453307;0;30.355810568453307;30.355810568453307
437;42.50;4.50;True;False;False;False;12;61.50;3.50;False;False;True;False;5;107.09010737401645;2045.9733620403792;68.78286757100068;184.99149346967533
437;42.50;4.50;True;False;False;False;44;61.50;15.50;False;False;True;False;1;120.83879350962525;0;120.83879350962525;120.83879350962525
437;42.50;4.50;True;False;False;False;76;0.50;6.50;False;True;False;False;1;591.8560301177195;0;591.8560301177195;591.8560301177195
437;42.50;4.50;True;False;False;False;108;0.50;18.50;False;True;False;False;4;567.6702982270085;1548.2730931366987;523.4913098850557;611.5571438655716
437;42.50;4.50;True;False;False;False;622;51.50;8.50;True;False;False;False;1;16.121204902516183;0;16.121204902516183;16.121204902516183
437;42.50;4.50;True;False;False;False;754;51.50;11.50;True;False;False;False;1;17.335836929789366;0;17.335836929789366;17.335836929789366
437;42.50;4.50;True;False;False;False;820;29.50;13.50;True;False;False;False;1;30.34676284935631;0;30.34676284935631;30.34676284935631
437;42.50;4.50;True;False;False;False;821;30.50;13.50;True;False;False;False;1;34.68703144465508;0;34.68703144465508;34.68703144465508
437;42.50;4.50;True;False;False;False;822;31.50;13.50;True;False;False;False;2;20.829282840258657;1.2724823686294319E-05;20.82676045808239;20.831805222434923
437;42.50;4.50;True;False;False;False;823;32.50;13.50;True;False;False;False;1;18.999996805263436;0;18.999996805263436;18.999996805263436
437;42.50;4.50;True;False;False;False;864;29.50;14.50;True;False;False;False;1;22.34222222221797;0;22.34222222221797;22.34222222221797
437;42.50;4.50;True;False;False;False;866;31.50;14.50;True;False;False;False;2;21.0142186334715;0.0203117331110391;20.9134423140531;21.1149949528899
437;42.50;4.50;True;False;False;False;1414;51.50;26.50;True;False;False;False;1;29.79243048501621;0;29.79243048501621;29.79243048501621
439;44.50;4.50;True;False;False;False;12;61.50;3.50;False;False;True;False;4;91.96657700095489;913.0798800652993;62.61371330061684;130.48954303748906
439;44.50;4.50;True;False;False;False;28;61.50;9.50;False;False;True;False;2;96.61732520564101;168.16764038566737;87.44760218949523;105.78704822178679
439;44.50;4.50;True;False;False;False;305;42.50;1.50;True;False;False;False;1;10.857683986367192;0;10.857683986367192;10.857683986367192
439;44.50;4.50;True;False;False;False;485;46.50;5.50;True;False;False;False;1;7.584942192253948;0;7.584942192253948;7.584942192253948
439;44.50;4.50;True;False;False;False;491;52.50;5.50;True;False;False;False;1;12.17249240535557;0;12.17249240535557;12.17249240535557
439;44.50;4.50;True;False;False;False;821;30.50;13.50;True;False;False;False;2;36.73412656214896;121.2282901853738;28.948617902293336;44.51963522200458
439;44.50;4.50;True;False;False;False;864;29.50;14.50;True;False;False;False;1;27.82814175232261;0;27.82814175232261;27.82814175232261
440;45.50;4.50;True;False;False;False;12;61.50;3.50;False;False;True;False;2;153.16001803894096;1869.0247548996872;122.59022285726132;183.7298132206206
440;45.50;4.50;True;False;False;False;108;0.50;18.50;False;True;False;False;1;591.6346448252189;0;591.6346448252189;591.6346448252189
440;45.50;4.50;True;False;False;False;486;47.50;5.50;True;False;False;False;1;7.611017319697112;0;7.611017319697112;7.611017319697112
440;45.50;4.50;True;False;False;False;821;30.50;13.50;True;False;False;False;1;25.709906208579923;0;25.709906208579923;25.709906208579923
440;45.50;4.50;True;False;False;False;822;31.50;13.50;True;False;False;False;1;25.835271790028855;0;25.835271790028855;25.835271790028855
441;46.50;4.50;True;False;False;False;12;61.50;3.50;False;False;True;False;4;125.79143652190533;550.8776411732547;94.49065254169545;150.3044452478989
441;46.50;4.50;True;False;False;False;76;0.50;6.50;False;True;False;False;1;542.8080845028417;0;542.8080845028417;542.8080845028417
441;46.50;4.50;True;False;False;False;344;37.50;2.50;True;False;False;False;1;14.701356520807167;0;14.701356520807167;14.701356520807167
441;46.50;4.50;True;False;False;False;703;44.50;10.50;True;False;False;False;1;12.236193711423766;0;12.236193711423766;12.236193711423766
441;46.50;4.50;True;False;False;False;822;31.50;13.50;True;False;False;False;1;22.963145750510193;0;22.963145750510193;22.963145750510193
441;46.50;4.50;True;False;False;False;823;32.50;13.50;True;False;False;False;1;22.10166347192353;0;22.10166347192353;22.10166347192353
441;46.50;4.50;True;False;False;False;1276;45.50;23.50;True;False;False;False;1;19.55925686162027;0;19.55925686162027;19.55925686162027
442;47.50;4.50;True;False;False;False;12;61.50;3.50;False;False;True;False;1;196.18620597037216;0;196.18620597037216;196.18620597037216
442;47.50;4.50;True;False;False;False;28;61.50;9.50;False;False;True;False;1;114.70075033130257;0;114.70075033130257;114.70075033130257
442;47.50;4.50;True;False;False;False;60;61.50;21.50;False;False;True;False;1;95.44713537820462;0;95.44713537820462;95.44713537820462
442;47.50;4.50;True;False;False;False;823;32.50;13.50;True;False;False;False;1;23.211194760384387;0;23.211194760384387;23.211194760384387
442;47.50;4.50;True;False;False;False;825;34.50;13.50;True;False;False;False;1;21.520457765956394;0;21.520457765956394;21.520457765956394
442;47.50;4.50;True;False;False;False;865;30.50;14.50;True;False;False;False;1;29.719264054538144;0;29.719264054538144;29.719264054538144
444;49.50;4.50;True;False;False;False;12;61.50;3.50;False;False;True;False;3;100.22142232827521;32.95771769258976;93.9916666666577;105.29852491430393
444;49.50;4.50;True;False;False;False;28;61.50;9.50;False;False;True;False;1;113.47824753827808;0;113.47824753827808;113.47824753827808
444;49.50;4.50;True;False;False;False;44;61.50;15.50;False;False;True;False;1;129.58823795406715;0;129.58823795406715;129.58823795406715
444;49.50;4.50;True;False;False;False;76;0.50;6.50;False;True;False;False;1;552.8589168761409;0;552.8589168761409;552.8589168761409
444;49.50;4.50;True;False;False;False;92;0.50;12.50;False;True;False;False;1;265.38324434353854;0;265.38324434353854;265.38324434353854
444;49.50;4.50;True;False;False;False;124;0.50;24.50;False;True;False;False;1;568.7936267020941;0;568.7936267020941;568.7936267020941
444;49.50;4.50;True;False;False;False;315;52.50;1.50;True;False;False;False;1;11.25573380975402;0;11.25573380975402;11.25573380975402
444;49.50;4.50;True;False;False;False;339;32.50;2.50;True;False;False;False;1;20.458982680300323;0;20.458982680300323;20.458982680300323
444;49.50;4.50;True;False;False;False;734;31.50;11.50;True;False;False;False;2;26.349533443753586;13.373088732844785;23.763698111327642;28.93536877617953
444;49.50;4.50;True;False;False;False;821;30.50;13.50;True;False;False;False;1;25.960001606890728;0;25.960001606890728;25.960001606890728
444;49.50;4.50;True;False;False;False;822;31.50;13.50;True;False;False;False;1;25.184538235853324;0;25.184538235853324;25.184538235853324
444;49.50;4.50;True;False;False;False;866;31.50;14.50;True;False;False;False;1;25.676212095435403;0;25.676212095435403;25.676212095435403
444;49.50;4.50;True;False;False;False;932;9.50;16.50;True;False;False;False;1;41.52981961009573;0;41.52981961009573;41.52981961009573
444;49.50;4.50;True;False;False;False;1136;37.50;20.50;True;False;False;False;1;41.22222222221899;0;41.22222222221899;41.22222222221899
445;50.50;4.50;True;False;False;False;12;61.50;3.50;False;False;True;False;1;116.63129549918085;0;116.63129549918085;116.63129549918085
445;50.50;4.50;True;False;False;False;44;61.50;15.50;False;False;True;False;2;145.27467332742248;2913.1849304175066;107.10934265665855;183.4400039981864
445;50.50;4.50;True;False;False;False;108;0.50;18.50;False;True;False;False;1;552.7258929041782;0;552.7258929041782;552.7258929041782
445;50.50;4.50;True;False;False;False;124;0.50;24.50;False;True;False;False;1;554.7262153092124;0;554.7262153092124;554.7262153092124
445;50.50;4.50;True;False;False;False;690;31.50;10.50;True;False;False;False;1;23.420829736872548;0;23.420829736872548;23.420829736872548
445;50.50;4.50;True;False;False;False;734;31.50;11.50;True;False;False;False;1;26.898333333323535;0;26.898333333323535;26.898333333323535
445;50.50;4.50;True;False;False;False;822;31.50;13.50;True;False;False;False;2;25.46818585501933;0.05979301712701811;25.295279786405445;25.641091923633212
445;50.50;4.50;True;False;False;False;1148;49.50;20.50;True;False;False;False;1;19.247770584850514;0;19.247770584850514;19.247770584850514
446;51.50;4.50;True;False;False;False;44;61.50;15.50;False;False;True;False;1;164.53628830628168;0;164.53628830628168;164.53628830628168
446;51.50;4.50;True;False;False;False;60;61.50;21.50;False;False;True;False;1;131.00305436944893;0;131.00305436944893;131.00305436944893
446;51.50;4.50;True;False;False;False;283;20.50;1.50;True;False;False;False;1;29.685624573465248;0;29.685624573465248;29.685624573465248
446;51.50;4.50;True;False;False;False;823;32.50;13.50;True;False;False;False;1;25.008982680301983;0;25.008982680301983;25.008982680301983
447;52.50;4.50;True;False;False;False;12;61.50;3.50;False;False;True;False;15;81.93892329513736;703.1384413675407;41.7784271247383;148.9115672892258
447;52.50;4.50;True;False;False;False;28;61.50;9.50;False;False;True;False;1;96.48389608181697;0;96.48389608181697;96.48389608181697
447;52.50;4.50;True;False;False;False;76;0.50;6.50;False;True;False;False;3;566.8419148044244;210.80002932962853;556.4644939427735;583.4337774978812
447;52.50;4.50;True;False;False;False;92;0.50;12.50;False;True;False;False;1;257.9497330116046;0;257.9497330116046;257.9497330116046
447;52.50;4.50;True;False;False;False;108;0.50;18.50;False;True;False;False;1;501.33047402309194;0;501.33047402309194;501.33047402309194
447;52.50;4.50;True;False;False;False;313;50.50;1.50;True;False;False;False;1;11.981385292427149;0;11.981385292427149;11.981385292427149
447;52.50;4.50;True;False;False;False;444;49.50;4.50;True;False;False;False;1;5.917316013634718;0;5.917316013634718;5.917316013634718
447;52.50;4.50;True;False;False;False;576;49.50;7.50;True;False;False;False;1;10.625100984330857;0;10.625100984330857;10.625100984330857
447;52.50;4.50;True;False;False;False;578;51.50;7.50;True;False;False;False;1;10.20400508158491;0;10.20400508158491;10.20400508158491
447;52.50;4.50;True;False;False;False;698;39.50;10.50;True;False;False;False;1;19.258798292211395;0;19.258798292211395;19.258798292211395
447;52.50;4.50;True;False;False;False;732;29.50;11.50;True;False;False;False;1;31.911951235644665;0;31.911951235644665;31.911951235644665
447;52.50;4.50;True;False;False;False;820;29.50;13.50;True;False;False;False;3;31.7454596343235;22.55201011580812;28.727958971139742;37.21943725152869
447;52.50;4.50;True;False;False;False;821;30.50;13.50;True;False;False;False;3;27.722608667141078;0.07394564155445282;27.412679184748413;27.92120170778071
447;52.50;4.50;True;False;False;False;822;31.50;13.50;True;False;False;False;1;27.096571268379193;0;27.096571268379193;27.096571268379193
447;52.50;4.50;True;False;False;False;864;29.50;14.50;True;False;False;False;1;30.055002391276503;0;30.055002391276503;30.055002391276503
447;52.50;4.50;True;False;False;False;866;31.50;14.50;True;False;False;False;4;32.19373354420179;34.823915983551316;27.410090596677037;39.64185424949301
447;52.50;4.50;True;False;False;False;880;45.50;14.50;True;False;False;False;1;18.383333333333212;0;18.383333333333212;18.383333333333212
447;52.50;4.50;True;False;False;False;1016;49.50;17.50;True;False;False;False;1;18.608333333337214;0;18.608333333337214;18.608333333337214
447;52.50;4.50;True;False;False;False;1107;52.50;19.50;True;False;False;False;1;15.314812417169378;0;15.314812417169378;15.314812417169378
449;10.50;5.50;True;False;False;False;44;61.50;15.50;False;False;True;False;1;74.75018358464877;0;74.75018358464877;74.75018358464877
449;10.50;5.50;True;False;False;False;596;25.50;8.50;True;False;False;False;1;19.749257665069422;0;19.749257665069422;19.749257665069422
449;10.50;5.50;True;False;False;False;828;37.50;13.50;True;False;False;False;1;31.658427124748414;0;31.658427124748414;31.658427124748414
451;12.50;5.50;True;False;False;False;28;61.50;9.50;False;False;True;False;1;53.898439589676855;0;53.898439589676855;53.898439589676855
454;15.50;5.50;True;False;False;False;12;61.50;3.50;False;False;True;False;3;122.23769080738323;2668.465487671088;74.19787795863886;176.87781561380325
454;15.50;5.50;True;False;False;False;44;61.50;15.50;False;False;True;False;1;58.79120010090264;0;58.79120010090264;58.79120010090264
454;15.50;5.50;True;False;False;False;694;35.50;10.50;True;False;False;False;1;24.10587876392492;0;24.10587876392492;24.10587876392492
454;15.50;5.50;True;False;False;False;826;35.50;13.50;True;False;False;False;1;25.429441249722004;0;25.429441249722004;25.429441249722004
454;15.50;5.50;True;False;False;False;1100;45.50;19.50;True;False;False;False;1;36.760849169804715;0;36.760849169804715;36.760849169804715
454;15.50;5.50;True;False;False;False;1276;45.50;23.50;True;False;False;False;1;40.27722222221564;0;40.27722222221564;40.27722222221564
455;16.50;5.50;True;False;False;False;28;61.50;9.50;False;False;True;False;1;152.44314974868212;0;152.44314974868212;152.44314974868212
455;16.50;5.50;True;False;False;False;60;61.50;21.50;False;False;True;False;1;72.48566373280482;0;72.48566373280482;72.48566373280482
455;16.50;5.50;True;False;False;False;278;15.50;1.50;True;False;False;False;1;10.267055414711194;0;10.267055414711194;10.267055414711194
455;16.50;5.50;True;False;False;False;479;40.50;5.50;True;False;False;False;1;20.59732106073534;0;20.59732106073534;20.59732106073534
455;16.50;5.50;True;False;False;False;747;44.50;11.50;True;False;False;False;1;29.419444444443798;0;29.419444444443798;29.419444444443798
456;17.50;5.50;True;False;False;False;12;61.50;3.50;False;False;True;False;1;73.95879270618752;0;73.95879270618752;73.95879270618752
456;17.50;5.50;True;False;False;False;28;61.50;9.50;False;False;True;False;1;136.91704583049068;0;136.91704583049068;136.91704583049068
456;17.50;5.50;True;False;False;False;44;61.50;15.50;False;False;True;False;1;96.34481641533785;0;96.34481641533785;96.34481641533785
456;17.50;5.50;True;False;False;False;60;61.50;21.50;False;False;True;False;2;135.24240941284643;4044.036177246439;90.2755539677164;180.20926485797645
456;17.50;5.50;True;False;False;False;447;52.50;4.50;True;False;False;False;1;32.31731762052004;0;32.31731762052004;32.31731762052004
456;17.50;5.50;True;False;False;False;486;47.50;5.50;True;False;False;False;1;28.827406610305843;0;28.827406610305843;28.827406610305843
456;17.50;5.50;True;False;False;False;695;36.50;10.50;True;False;False;False;1;24.13583692978864;0;24.13583692978864;24.13583692978864
456;17.50;5.50;True;False;False;False;755;52.50;11.50;True;False;False;False;1;34.54175726335234;0;34.54175726335234;34.54175726335234
456;17.50;5.50;True;False;False;False;973;50.50;16.50;True;False;False;False;1;36.91731601363426;0;36.91731601363426;36.91731601363426
458;19.50;5.50;True;False;False;False;12;61.50;3.50;False;False;True;False;1;124.83177962649461;0;124.83177962649461;124.83177962649461
458;19.50;5.50;True;False;False;False;304;41.50;1.50;True;False;False;False;1;24.251948040904153;0;24.251948040904153;24.251948040904153
458;19.50;5.50;True;False;False;False;842;51.50;13.50;True;False;False;False;1;37.790100984320816;0;37.790100984320816;37.790100984320816
461;22.50;5.50;True;False;False;False;12;61.50;3.50;False;False;True;False;2;102.5489237995589;0.8417401929769563;101.9001787830166;103.19766881610121
461;22.50;5.50;True;False;False;False;822;31.50;13.50;True;False;False;False;1;21.385673732842406;0;21.385673732842406;21.385673732842406
461;22.50;5.50;True;False;False;False;841;50.50;13.50;True;False;False;False;1;30.74278497069281;0;30.74278497069281;30.74278497069281
464;25.50;5.50;True;False;False;False;12;61.50;3.50;False;False;True;False;1;161.27825153647063;0;161.27825153647063;161.27825153647063
464;25.50;5.50;True;False;False;False;28;61.50;9.50;False;False;True;False;1;84.07945244079929;0;84.07945244079929;84.07945244079929
464;25.50;5.50;True;False;False;False;999;32.50;17.50;True;False;False;False;1;20.37722622039655;0;20.37722622039655;20.37722622039655
465;26.50;5.50;True;False;False;False;44;61.50;15.50;False;False;True;False;3;133.06697886360507;517.1314949155586;118.06642555773578;159.23190245410296
465;26.50;5.50;True;False;False;False;704;45.50;10.50;True;False;False;False;1;22.731475330873764;0;22.731475330873764;22.731475330873764
465;26.50;5.50;True;False;False;False;885;50.50;14.50;True;False;False;False;1;30.878795097465627;0;30.878795097465627;30.878795097465627
466;27.50;5.50;True;False;False;False;12;61.50;3.50;False;False;True;False;3;91.12528297477122;510.37110722855425;67.73416626492872;112.82148388547103
466;27.50;5.50;True;False;False;False;108;0.50;18.50;False;True;False;False;1;590.130210768526;0;590.130210768526;590.130210768526
466;27.50;5.50;True;False;False;False;437;42.50;4.50;True;False;False;False;1;16.926201707787186;0;16.926201707787186;16.926201707787186
466;27.50;5.50;True;False;False;False;615;44.50;8.50;True;False;False;False;1;19.9800000000032;0;19.9800000000032;19.9800000000032
466;27.50;5.50;True;False;False;False;821;30.50;13.50;True;False;False;False;1;41.96073514201635;0;41.96073514201635;41.96073514201635
466;27.50;5.50;True;False;False;False;854;19.50;14.50;True;False;False;False;1;18.176572875250713;0;18.176572875250713;18.176572875250713
466;27.50;5.50;True;False;False;False;1017;50.50;17.50;True;False;False;False;1;31.453982680295667;0;31.453982680295667;31.453982680295667
468;29.50;5.50;True;False;False;False;12;61.50;3.50;False;False;True;False;1;103.6042240917568;0;103.6042240917568;103.6042240917568
468;29.50;5.50;True;False;False;False;733;30.50;11.50;True;False;False;False;1;16.83786678659453;0;16.83786678659453;16.83786678659453
469;30.50;5.50;True;False;False;False;28;61.50;9.50;False;False;True;False;1;130.55018997411094;0;130.55018997411094;130.55018997411094
470;31.50;5.50;True;False;False;False;12;61.50;3.50;False;False;True;False;1;110.28257544940311;0;110.28257544940311;110.28257544940311
471;32.50;5.50;True;False;False;False;12;61.50;3.50;False;False;True;False;6;120.3801234690092;1171.2691584604504;80.53010098433333;162.93249720699805
471;32.50;5.50;True;False;False;False;349;42.50;2.50;True;False;False;False;1;16.009538235852233;0;16.009538235852233;16.009538235852233
471;32.50;5.50;True;False;False;False;725;22.50;11.50;True;False;False;False;1;17.46805915202276;0;17.46805915202276;17.46805915202276
471;32.50;5.50;True;False;False;False;822;31.50;13.50;True;False;False;False;3;12.020461764138114;0.09797901234129747;11.797128430807788;12.378239541907533
471;32.50;5.50;True;False;False;False;823;32.50;13.50;True;False;False;False;1;10.16333013860094;0;10.16333013860094;10.16333013860094
473;34.50;5.50;True;False;False;False;12;61.50;3.50;False;False;True;False;7;108.25350774693366;925.2084174158119;77.66555555555533;169.41204583048966
473;34.50;5.50;True;False;False;False;44;61.50;15.50;False;False;True;False;2;86.39680935287618;568.1916699453726;69.5416666666606;103.25195203909175
473;34.50;5.50;True;False;False;False;92;0.50;12.50;False;True;False;False;1;263.4314970146661;0;263.4314970146661;263.4314970146661
473;34.50;5.50;True;False;False;False;124;0.50;24.50;False;True;False;False;1;625.3944756264427;0;625.3944756264427;625.3944756264427
473;34.50;5.50;True;False;False;False;349;42.50;2.50;True;False;False;False;1;14.391937653251262;0;14.391937653251262;14.391937653251262
473;34.50;5.50;True;False;False;False;491;52.50;5.50;True;False;False;False;1;16.130620575349894;0;16.130620575349894;16.130620575349894
473;34.50;5.50;True;False;False;False;734;31.50;11.50;True;False;False;False;1;12.861756459888056;0;12.861756459888056;12.861756459888056
473;34.50;5.50;True;False;False;False;820;29.50;13.50;True;False;False;False;1;17.40616306838092;0;17.40616306838092;17.40616306838092
473;34.50;5.50;True;False;False;False;821;30.50;13.50;True;False;False;False;2;15.10661617450205;0.0684820451937016;14.921572875253332;15.29165947375077
473;34.50;5.50;True;False;False;False;822;31.50;13.50;True;False;False;False;2;15.46199453488498;0.13650124585926734;15.200746333111965;15.723242736657994
473;34.50;5.50;True;False;False;False;864;29.50;14.50;True;False;False;False;2;21.224165069299033;38.904437574716646;16.81369811132754;25.634632027270527
473;34.50;5.50;True;False;False;False;1341;22.50;25.50;True;False;False;False;1;29.745927526462765;0;29.745927526462765;29.745927526462765
474;35.50;5.50;True;False;False;False;12;61.50;3.50;False;False;True;False;4;111.695697041357;520.2523819772849;90.95917345786438;131.78362429178014
474;35.50;5.50;True;False;False;False;60;61.50;21.50;False;False;True;False;1;53.81036797274646;0;53.81036797274646;53.81036797274646
474;35.50;5.50;True;False;False;False;76;0.50;6.50;False;True;False;False;1;570.3934343176761;0;570.3934343176761;570.3934343176761
474;35.50;5.50;True;False;False;False;92;0.50;12.50;False;True;False;False;1;231.5869656214909;0;231.5869656214909;231.5869656214909
474;35.50;5.50;True;False;False;False;461;22.50;5.50;True;False;False;False;1;13.001420850396244;0;13.001420850396244;13.001420850396244
474;35.50;5.50;True;False;False;False;561;34.50;7.50;True;False;False;False;1;8.74897948556827;0;8.74897948556827;8.74897948556827
474;35.50;5.50;True;False;False;False;753;50.50;11.50;True;False;False;False;1;21.83444124971129;0;21.83444124971129;21.83444124971129
474;35.50;5.50;True;False;False;False;820;29.50;13.50;True;False;False;False;1;23.451111111098726;0;23.451111111098726;23.451111111098726
474;35.50;5.50;True;False;False;False;822;31.50;13.50;True;False;False;False;1;15.56796536060574;0;15.56796536060574;15.56796536060574
474;35.50;5.50;True;False;False;False;866;31.50;14.50;True;False;False;False;1;17.189899819116363;0;17.189899819116363;17.189899819116363
474;35.50;5.50;True;False;False;False;954;31.50;16.50;True;False;False;False;1;17.713435121097064;0;17.713435121097064;17.713435121097064
475;36.50;5.50;True;False;False;False;12;61.50;3.50;False;False;True;False;4;112.83807552740933;4699.4121053852905;76.45277777776937;215.63981561191576
475;36.50;5.50;True;False;False;False;28;61.50;9.50;False;False;True;False;3;125.20070087243721;463.2668877793475;100.34869705229403;137.85101812313223
475;36.50;5.50;True;False;False;False;92;0.50;12.50;False;True;False;False;1;253.86407727514415;0;253.86407727514415;253.86407727514415
475;36.50;5.50;True;False;False;False;447;52.50;4.50;True;False;False;False;1;18.07342632129621;0;18.07342632129621;18.07342632129621
475;36.50;5.50;True;False;False;False;820;29.50;13.50;True;False;False;False;2;22.364033966373427;0.16867926935645472;22.073621097033538;22.654446835713316
475;36.50;5.50;True;False;False;False;822;31.50;13.50;True;False;False;False;3;17.05910746770557;3.204763636675426;15.939815611914128;19.123795900929508
475;36.50;5.50;True;False;False;False;823;32.50;13.50;True;False;False;False;1;18.824072473531487;0;18.824072473531487;18.824072473531487
475;36.50;5.50;True;False;False;False;872;37.50;14.50;True;False;False;False;1;13.15574394183568;0;13.15574394183568;13.15574394183568
476;37.50;5.50;True;False;False;False;12;61.50;3.50;False;False;True;False;5;144.19865371181805;5093.73104976778;79.39212523605966;249.11594910525127
476;37.50;5.50;True;False;False;False;60;61.50;21.50;False;False;True;False;1;137.10287985898321;0;137.10287985898321;137.10287985898321
476;37.50;5.50;True;False;False;False;76;0.50;6.50;False;True;False;False;1;371.674549426965;0;371.674549426965;371.674549426965
476;37.50;5.50;True;False;False;False;564;37.50;7.50;True;False;False;False;1;5.087503596461829;0;5.087503596461829;5.087503596461829
476;37.50;5.50;True;False;False;False;733;30.50;11.50;True;False;False;False;1;16.215836929784928;0;16.215836929784928;16.215836929784928
476;37.50;5.50;True;False;False;False;734;31.50;11.50;True;False;False;False;1;14.809538235847867;0;14.809538235847867;14.809538235847867
476;37.50;5.50;True;False;False;False;820;29.50;13.50;True;False;False;False;1;17.822406610288454;0;17.822406610288454;17.822406610288454
476;37.50;5.50;True;False;False;False;822;31.50;13.50;True;False;False;False;1;19.998979485560994;0;19.998979485560994;19.998979485560994
476;37.50;5.50;True;False;False;False;866;31.50;14.50;True;False;False;False;1;28.023538496739093;0;28.023538496739093;28.023538496739093
476;37.50;5.50;True;False;False;False;976;9.50;17.50;True;False;False;False;1;34.38528137423236;0;34.38528137423236;34.38528137423236
478;39.50;5.50;True;False;False;False;12;61.50;3.50;False;False;True;False;6;118.76651712297851;999.5240860963032;67.72785423410096;156.26435465121358
478;39.50;5.50;True;False;False;False;28;61.50;9.50;False;False;True;False;2;107.93839101843514;11.890516580824542;105.50010098433086;110.37668105253942
478;39.50;5.50;True;False;False;False;124;0.50;24.50;False;True;False;False;1;588.7373618270176;0;588.7373618270176;588.7373618270176
478;39.50;5.50;True;False;False;False;564;37.50;7.50;True;False;False;False;1;9.705364778003059;0;9.705364778003059;9.705364778003059
478;39.50;5.50;True;False;False;False;576;49.50;7.50;True;False;False;False;1;14.95306234675445;0;14.95306234675445;14.95306234675445
478;39.50;5.50;True;False;False;False;727;24.50;11.50;True;False;False;False;1;21.79602770735437;0;21.79602770735437;21.79602770735437
478;39.50;5.50;True;False;False;False;732;29.50;11.50;True;False;False;False;1;18.094617641418154;0;18.094617641418154;18.094617641418154
478;39.50;5.50;True;False;False;False;820;29.50;13.50;True;False;False;False;1;19.73796855533692;0;19.73796855533692;19.73796855533692
478;39.50;5.50;True;False;False;False;821;30.50;13.50;True;False;False;False;1;33.266482278555486;0;33.266482278555486;33.266482278555486
478;39.50;5.50;True;False;False;False;822;31.50;13.50;True;False;False;False;1;17.964059940080915;0;17.964059940080915;17.964059940080915
478;39.50;5.50;True;False;False;False;866;31.50;14.50;True;False;False;False;2;22.647468242033256;23.81305597696393;19.196884524967118;26.098051959099394
479;40.50;5.50;True;False;False;False;12;61.50;3.50;False;False;True;False;4;120.02376931500021;3308.6863072907245;86.38205463031045;205.9171832895845
479;40.50;5.50;True;False;False;False;28;61.50;9.50;False;False;True;False;2;130.9689918723143;2163.2598956392553;98.08084890528698;163.8571348393416
479;40.50;5.50;True;False;False;False;44;61.50;15.50;False;False;True;False;1;62.88564615222458;0;62.88564615222458;62.88564615222458
479;40.50;5.50;True;False;False;False;60;61.50;21.50;False;False;True;False;1;151.0323096241409;0;151.0323096241409;151.0323096241409
479;40.50;5.50;True;False;False;False;76;0.50;6.50;False;True;False;False;1;635.821597667762;0;635.821597667762;635.821597667762
479;40.50;5.50;True;False;False;False;92;0.50;12.50;False;True;False;False;1;241.06325792592907;0;241.06325792592907;241.06325792592907
479;40.50;5.50;True;False;False;False;425;30.50;4.50;True;False;False;False;1;13.686298693941353;0;13.686298693941353;13.686298693941353
479;40.50;5.50;True;False;False;False;455;16.50;5.50;True;False;False;False;1;20.68841673710085;0;20.68841673710085;20.68841673710085
479;40.50;5.50;True;False;False;False;490;51.50;5.50;True;False;False;False;1;11.523155334707553;0;11.523155334707553;11.523155334707553
479;40.50;5.50;True;False;False;False;567;40.50;7.50;True;False;False;False;1;5.797312015449279;0;5.797312015449279;5.797312015449279
479;40.50;5.50;True;False;False;False;734;31.50;11.50;True;False;False;False;1;17.485007192906778;0;17.485007192906778;17.485007192906778
479;40.50;5.50;True;False;False;False;820;29.50;13.50;True;False;False;False;1;24.70572636122961;0;24.70572636122961;24.70572636122961
479;40.50;5.50;True;False;False;False;821;30.50;13.50;True;False;False;False;3;20.968462304907007;4.318521505908363;19.588519867233117;23.358533714155783
479;40.50;5.50;True;False;False;False;822;31.50;13.50;True;False;False;False;1;26.84722222221899;0;26.84722222221899;26.84722222221899
479;40.50;5.50;True;False;False;False;865;30.50;14.50;True;False;False;False;1;39.08924966869881;0;39.08924966869881;39.08924966869881
480;41.50;5.50;True;False;False;False;12;61.50;3.50;False;False;True;False;6;108.68539319201567;229.8359491136401;92.6717676509943;132.2143714283451
480;41.50;5.50;True;False;False;False;44;61.50;15.50;False;False;True;False;1;149.20613268984926;0;149.20613268984926;149.20613268984926
480;41.50;5.50;True;False;False;False;76;0.50;6.50;False;True;False;False;1;565.9812168970493;0;565.9812168970493;565.9812168970493
480;41.50;5.50;True;False;False;False;92;0.50;12.50;False;True;False;False;1;268.1327825793851;0;268.1327825793851;268.1327825793851
480;41.50;5.50;True;False;False;False;475;36.50;5.50;True;False;False;False;1;7.350277376050144;0;7.350277376050144;7.350277376050144
480;41.50;5.50;True;False;False;False;490;51.50;5.50;True;False;False;False;1;11.270092987962926;0;11.270092987962926;11.270092987962926
480;41.50;5.50;True;False;False;False;734;31.50;11.50;True;False;False;False;1;18.21333333333314;0;18.21333333333314;18.21333333333314
480;41.50;5.50;True;False;False;False;752;49.50;11.50;True;False;False;False;1;16.929906208588363;0;16.929906208588363;16.929906208588363
480;41.50;5.50;True;False;False;False;820;29.50;13.50;True;False;False;False;2;24.462314416268782;19.759929719481793;21.31907327697627;27.605555555561295
480;41.50;5.50;True;False;False;False;822;31.50;13.50;True;False;False;False;1;20.202045027057466;0;20.202045027057466;20.202045027057466
480;41.50;5.50;True;False;False;False;823;32.50;13.50;True;False;False;False;1;19.28044338010659;0;19.28044338010659;19.28044338010659
480;41.50;5.50;True;False;False;False;864;29.50;14.50;True;False;False;False;1;22.080833735046326;0;22.080833735046326;22.080833735046326
481;42.50;5.50;True;False;False;False;12;61.50;3.50;False;False;True;False;2;137.75213242899144;197.0217227475555;127.82686863532945;147.67739622265344
481;42.50;5.50;True;False;False;False;28;61.50;9.50;False;False;True;False;1;118.4751915810175;0;118.4751915810175;118.4751915810175
481;42.50;5.50;True;False;False;False;60;61.50;21.50;False;False;True;False;1;116.84926805272153;0;116.84926805272153;116.84926805272153
481;42.50;5.50;True;False;False;False;439;44.50;4.50;True;False;False;False;1;9.488524110892286;0;9.488524110892286;9.488524110892286
481;42.50;5.50;True;False;False;False;574;47.50;7.50;True;False;False;False;1;11.184913401502854;0;11.184913401502854;11.184913401502854
481;42.50;5.50;True;False;False;False;748;45.50;11.50;True;False;False;False;1;12.76602131788377;0;12.76602131788377;12.76602131788377
481;42.50;5.50;True;False;False;False;822;31.50;13.50;True;False;False;False;1;19.40038235857446;0;19.40038235857446;19.40038235857446
483;44.50;5.50;True;False;False;False;12;61.50;3.50;False;False;True;False;10;91.42043175708258;486.9142978275977;67.45796216585222;136.87695603727775
483;44.50;5.50;True;False;False;False;28;61.50;9.50;False;False;True;False;3;121.66445244080023;2793.7257111308804;72.32169304705167;177.44362509520943
483;44.50;5.50;True;False;False;False;44;61.50;15.50;False;False;True;False;2;101.94787037354854;1603.6981425487252;73.63093072120682;130.26481002589026
483;44.50;5.50;True;False;False;False;60;61.50;21.50;False;False;True;False;1;120.39917106656321;0;120.39917106656321;120.39917106656321
483;44.50;5.50;True;False;False;False;108;0.50;18.50;False;True;False;False;2;591.312233413299;1177.8420584508772;567.044538235853;615.5799285907451
483;44.50;5.50;True;False;False;False;478;39.50;5.50;True;False;False;False;1;7.002242997556095;0;7.002242997556095;7.002242997556095
483;44.50;5.50;True;False;False;False;488;49.50;5.50;True;False;False;False;1;6.423148945232242;0;6.423148945232242;6.423148945232242
483;44.50;5.50;True;False;False;False;577;50.50;7.50;True;False;False;False;1;12.151757263343825;0;12.151757263343825;12.151757263343825
483;44.50;5.50;True;False;False;False;578;51.50;7.50;True;False;False;False;1;13.280646152230474;0;13.280646152230474;13.280646152230474
483;44.50;5.50;True;False;False;False;615;44.50;8.50;True;False;False;False;1;5.566950432194062;0;5.566950432194062;5.566950432194062
483;44.50;5.50;True;False;False;False;734;31.50;11.50;True;False;False;False;3;23.50953583821166;47.926357914389285;19.42721583274033;31.50278416724808
483;44.50;5.50;True;False;False;False;820;29.50;13.50;True;False;False;False;3;29.44271338815876;39.19239877854085;24.108517721424505;36.33499361052236
483;44.50;5.50;True;False;False;False;821;30.50;13.50;True;False;False;False;3;23.967346212527143;3.3249754820971087;22.693243540106778;26.05611111111648
483;44.50;5.50;True;False;False;False;822;31.50;13.50;True;False;False;False;1;26.20833333333212;0;26.20833333333212;26.20833333333212
483;44.50;5.50;True;False;False;False;823;32.50;13.50;True;False;False;False;1;25.294725818683105;0;25.294725818683105;25.294725818683105
483;44.50;5.50;True;False;False;False;838;47.50;13.50;True;False;False;False;1;15.151738075854155;0;15.151738075854155;15.151738075854155
483;44.50;5.50;True;False;False;False;864;29.50;14.50;True;False;False;False;1;24.491392485348115;0;24.491392485348115;24.491392485348115
484;45.50;5.50;True;False;False;False;12;61.50;3.50;False;False;True;False;5;84.74046986828144;533.8424408055997;50.7990764717124;115.41166747011994
484;45.50;5.50;True;False;False;False;28;61.50;9.50;False;False;True;False;3;85.60484794698505;3130.019598958036;34.38249720699605;145.3074106084964
484;45.50;5.50;True;False;False;False;44;61.50;15.50;False;False;True;False;2;77.60995890775666;4.441472579969459;76.11974540292431;79.10017241258902
484;45.50;5.50;True;False;False;False;76;0.50;6.50;False;True;False;False;1;545.3630754091455;0;545.3630754091455;545.3630754091455
484;45.50;5.50;True;False;False;False;92;0.50;12.50;False;True;False;False;1;267.9921051973015;0;267.9921051973015;267.9921051973015
484;45.50;5.50;True;False;False;False;108;0.50;18.50;False;True;False;False;1;584.0881124037278;0;584.0881124037278;584.0881124037278
484;45.50;5.50;True;False;False;False;359;52.50;2.50;True;False;False;False;1;13.267595780984266;0;13.267595780984266;13.267595780984266
484;45.50;5.50;True;False;False;False;440;45.50;4.50;True;False;False;False;1;3.365555555555602;0;3.365555555555602;3.365555555555602
484;45.50;5.50;True;False;False;False;610;39.50;8.50;True;False;False;False;1;15.90573994364604;0;15.90573994364604;15.90573994364604
484;45.50;5.50;True;False;False;False;732;29.50;11.50;True;False;False;False;1;22.718145750506665;0;22.718145750506665;22.718145750506665
484;45.50;5.50;True;False;False;False;820;29.50;13.50;True;False;False;False;1;23.276851054772123;0;23.276851054772123;23.276851054772123
484;45.50;5.50;True;False;False;False;821;30.50;13.50;True;False;False;False;4;26.94006774664456;27.502932043979254;22.753041571436825;33.94297175007159
484;45.50;5.50;True;False;False;False;822;31.50;13.50;True;False;False;False;2;22.54869076219802;0.011393345593961698;22.473214456002097;22.624167068393945
484;45.50;5.50;True;False;False;False;864;29.50;14.50;True;False;False;False;1;27.38926380902376;0;27.38926380902376;27.38926380902376
484;45.50;5.50;True;False;False;False;1096;41.50;19.50;True;False;False;False;1;20.5061334742677;0;20.5061334742677;20.5061334742677
485;46.50;5.50;True;False;False;False;12;61.50;3.50;False;False;True;False;7;109.31823048293998;809.8589700756236;69.34331814403049;150.3871356237296
485;46.50;5.50;True;False;False;False;28;61.50;9.50;False;False;True;False;2;74.01166826403096;841.5323198178462;53.49908286118807;94.52425366687385
485;46.50;5.50;True;False;False;False;44;61.50;15.50;False;False;True;False;1;95.84065573643875;0;95.84065573643875;95.84065573643875
485;46.50;5.50;True;False;False;False;92;0.50;12.50;False;True;False;False;1;266.43009778958003;0;266.43009778958003;266.43009778958003
485;46.50;5.50;True;False;False;False;108;0.50;18.50;False;True;False;False;1;586.8789088797821;0;586.8789088797821;586.8789088797821
485;46.50;5.50;True;False;False;False;733;30.50;11.50;True;False;False;False;2;31.92476752055154;190.78097367271172;22.157962165863864;41.69157287523922
485;46.50;5.50;True;False;False;False;734;31.50;11.50;True;False;False;False;1;21.05202744647977;0;21.05202744647977;21.05202744647977
485;46.50;5.50;True;False;False;False;820;29.50;13.50;True;False;False;False;2;24.593821355071668;0.03567295177594334;24.460268085220378;24.72737462492296
485;46.50;5.50;True;False;False;False;821;30.50;13.50;True;False;False;False;4;26.640511854579017;36.113696104501685;23.284632027269254;35.644918987520214
485;46.50;5.50;True;False;False;False;822;31.50;13.50;True;False;False;False;1;30.56639248535157;0;30.56639248535157;30.56639248535157
485;46.50;5.50;True;False;False;False;866;31.50;14.50;True;False;False;False;1;32.41167705432508;0;32.41167705432508;32.41167705432508
485;46.50;5.50;True;False;False;False;963;40.50;16.50;True;False;False;False;1;19.09935065303216;0;19.09935065303216;19.09935065303216
486;47.50;5.50;True;False;False;False;12;61.50;3.50;False;False;True;False;6;107.77569877738338;692.5989019322086;76.44602131788088;143.12203863756986
486;47.50;5.50;True;False;False;False;28;61.50;9.50;False;False;True;False;4;108.69810744899496;943.6477310603834;74.70935784595167;143.72926805273528
486;47.50;5.50;True;False;False;False;44;61.50;15.50;False;False;True;False;3;93.58568540604772;65.03936405854574;84.27342712474092;98.26917026311821
486;47.50;5.50;True;False;False;False;60;61.50;21.50;False;False;True;False;1;117.35231920836304;0;117.35231920836304;117.35231920836304
486;47.50;5.50;True;False;False;False;76;0.50;6.50;False;True;False;False;1;596.7834321718437;0;596.7834321718437;596.7834321718437
486;47.50;5.50;True;False;False;False;92;0.50;12.50;False;True;False;False;1;276.1948339958908;0;276.1948339958908;276.1948339958908
486;47.50;5.50;True;False;False;False;353;46.50;2.50;True;False;False;False;1;8.952406610309481;0;8.952406610309481;8.952406610309481
486;47.50;5.50;True;False;False;False;690;31.50;10.50;True;False;False;False;1;21.446847860021876;0;21.446847860021876;21.446847860021876
486;47.50;5.50;True;False;False;False;695;36.50;10.50;True;False;False;False;1;17.564260056353305;0;17.564260056353305;17.564260056353305
486;47.50;5.50;True;False;False;False;725;22.50;11.50;True;False;False;False;1;32.28824593139143;0;32.28824593139143;32.28824593139143
486;47.50;5.50;True;False;False;False;733;30.50;11.50;True;False;False;False;1;38.02907327697994;0;38.02907327697994;38.02907327697994
486;47.50;5.50;True;False;False;False;734;31.50;11.50;True;False;False;False;1;26.581259515667625;0;26.581259515667625;26.581259515667625
486;47.50;5.50;True;False;False;False;820;29.50;13.50;True;False;False;False;1;29.788146553966726;0;29.788146553966726;29.788146553966726
486;47.50;5.50;True;False;False;False;821;30.50;13.50;True;False;False;False;1;23.217413803231466;0;23.217413803231466;23.217413803231466
486;47.50;5.50;True;False;False;False;822;31.50;13.50;True;False;False;False;3;24.912645447809457;1.99570335731417;23.399354651215617;26.196705844966345
486;47.50;5.50;True;False;False;False;864;29.50;14.50;True;False;False;False;1;24.350096986147946;0;24.350096986147946;24.350096986147946
486;47.50;5.50;True;False;False;False;866;31.50;14.50;True;False;False;False;1;24.782962165865683;0;24.782962165865683;24.782962165865683
486;47.50;5.50;True;False;False;False;876;41.50;14.50;True;False;False;False;1;17.507500401710786;0;17.507500401710786;17.507500401710786
486;47.50;5.50;True;False;False;False;970;47.50;16.50;True;False;False;False;1;10.830558750283672;0;10.830558750283672;10.830558750283672
486;47.50;5.50;True;False;False;False;1413;50.50;26.50;True;False;False;False;1;29.747871569190465;0;29.747871569190465;29.747871569190465
488;49.50;5.50;True;False;False;False;12;61.50;3.50;False;False;True;False;5;86.34255918704112;226.43888894001427;65.7710245126109;103.61463019381699
488;49.50;5.50;True;False;False;False;28;61.50;9.50;False;False;True;False;2;58.060046895705455;974.4599483146412;35.986760458083154;80.13333333332776
488;49.50;5.50;True;False;False;False;44;61.50;15.50;False;False;True;False;2;74.180138688022;119.28700098629493;66.45721822402993;81.90305915201407
488;49.50;5.50;True;False;False;False;60;61.50;21.50;False;False;True;False;1;94.37953823584394;0;94.37953823584394;94.37953823584394
488;49.50;5.50;True;False;False;False;571;44.50;7.50;True;False;False;False;1;11.65898268030287;0;11.65898268030287;11.65898268030287
488;49.50;5.50;True;False;False;False;733;30.50;11.50;True;False;False;False;1;28.49184705658263;0;28.49184705658263;28.49184705658263
488;49.50;5.50;True;False;False;False;734;31.50;11.50;True;False;False;False;1;23.464999196550707;0;23.464999196550707;23.464999196550707
488;49.50;5.50;True;False;False;False;820;29.50;13.50;True;False;False;False;2;27.71847402045205;7.010080906391955;25.846298693941208;29.59064934696289
488;49.50;5.50;True;False;False;False;821;30.50;13.50;True;False;False;False;3;31.975002397632732;129.23635252199563;25.201766847541876;45.099628832524104
488;49.50;5.50;True;False;False;False;822;31.50;13.50;True;False;False;False;1;40.36213962191687;0;40.36213962191687;40.36213962191687
488;49.50;5.50;True;False;False;False;1408;45.50;26.50;True;False;False;False;1;24.362583002030533;0;24.362583002030533;24.362583002030533
489;50.50;5.50;True;False;False;False;12;61.50;3.50;False;False;True;False;10;101.22609034142441;817.6738872249664;56.41685185820461;145.68120570597057
489;50.50;5.50;True;False;False;False;28;61.50;9.50;False;False;True;False;3;130.01750519700485;3861.7691040722384;92.87797655171016;201.75926085979518
489;50.50;5.50;True;False;False;False;44;61.50;15.50;False;False;True;False;2;62.518605742146065;1452.785207722293;35.56693410825392;89.47027737603821
489;50.50;5.50;True;False;False;False;60;61.50;21.50;False;False;True;False;1;194.22528856714052;0;194.22528856714052;194.22528856714052
489;50.50;5.50;True;False;False;False;76;0.50;6.50;False;True;False;False;2;569.4800814046721;56.08307670432639;564.1846552318166;574.7755075775276
489;50.50;5.50;True;False;False;False;124;0.50;24.50;False;True;False;False;1;622.7185369088656;0;622.7185369088656;622.7185369088656
489;50.50;5.50;True;False;False;False;620;49.50;8.50;True;False;False;False;1;9.633145750512085;0;9.633145750512085;9.633145750512085
489;50.50;5.50;True;False;False;False;710;51.50;10.50;True;False;False;False;1;11.122871569190465;0;11.122871569190465;11.122871569190465
489;50.50;5.50;True;False;False;False;733;30.50;11.50;True;False;False;False;2;26.72537116746571;8.436181450697529;24.671572071802075;28.779170263129345
489;50.50;5.50;True;False;False;False;734;31.50;11.50;True;False;False;False;1;24.17065653989016;0;24.17065653989016;24.17065653989016
489;50.50;5.50;True;False;False;False;752;49.50;11.50;True;False;False;False;1;11.410132270348186;0;11.410132270348186;11.410132270348186
489;50.50;5.50;True;False;False;False;820;29.50;13.50;True;False;False;False;2;26.842498402623278;0.035211141474409555;26.709812417164358;26.975184388082198
489;50.50;5.50;True;False;False;False;821;30.50;13.50;True;False;False;False;2;31.371512387657276;40.45277633386102;26.874136689883017;35.868888085431536
489;50.50;5.50;True;False;False;False;822;31.50;13.50;True;False;False;False;3;25.810305980752066;0.019111102001894174;25.702958971123735;25.96629549919453
489;50.50;5.50;True;False;False;False;823;32.50;13.50;True;False;False;False;1;24.663978682117886;0;24.663978682117886;24.663978682117886
489;50.50;5.50;True;False;False;False;841;50.50;13.50;True;False;False;False;1;9.535836929790094;0;9.535836929790094;9.535836929790094
489;50.50;5.50;True;False;False;False;843;52.50;13.50;True;False;False;False;1;14.447597387865244;0;14.447597387865244;14.447597387865244
489;50.50;5.50;True;False;False;False;864;29.50;14.50;True;False;False;False;2;33.25819983913618;40.26456377357414;28.771298693937297;37.74510098433507
489;50.50;5.50;True;False;False;False;874;39.50;14.50;True;False;False;False;1;20.707683986365737;0;20.707683986365737;20.707683986365737
490;51.50;5.50;True;False;False;False;12;61.50;3.50;False;False;True;False;5;83.08740736090354;143.55062464249886;68.35323954192245;98.23852091615959
490;51.50;5.50;True;False;False;False;28;61.50;9.50;False;False;True;False;4;83.98046396409518;160.61506075757598;71.54509539830906;95.5777849706974
490;51.50;5.50;True;False;False;False;60;61.50;21.50;False;False;True;False;1;177.91471703791467;0;177.91471703791467;177.91471703791467
490;51.50;5.50;True;False;False;False;92;0.50;12.50;False;True;False;False;1;253.24167066483824;0;253.24167066483824;253.24167066483824
490;51.50;5.50;True;False;False;False;124;0.50;24.50;False;True;False;False;1;550.648433533228;0;550.648433533228;550.648433533228
490;51.50;5.50;True;False;False;False;578;51.50;7.50;True;False;False;False;1;4.636017319699022;0;4.636017319699022;4.636017319699022
490;51.50;5.50;True;False;False;False;580;9.50;8.50;True;False;False;False;1;39.44046576232722;0;39.44046576232722;39.44046576232722
490;51.50;5.50;True;False;False;False;597;26.50;8.50;True;False;False;False;1;26.121928069032037;0;26.121928069032037;26.121928069032037
490;51.50;5.50;True;False;False;False;733;30.50;11.50;True;False;False;False;1;25.27824354011682;0;25.27824354011682;25.27824354011682
490;51.50;5.50;True;False;False;False;734;31.50;11.50;True;False;False;False;1;24.659528651643996;0;24.659528651643996;24.659528651643996
490;51.50;5.50;True;False;False;False;812;21.50;13.50;True;False;False;False;1;33.06731601362844;0;33.06731601362844;33.06731601362844
490;51.50;5.50;True;False;False;False;821;30.50;13.50;True;False;False;False;2;36.75393138470099;46.29259309695096;31.942871569184717;41.564991200217264
490;51.50;5.50;True;False;False;False;822;31.50;13.50;True;False;False;False;1;26.473055957283577;0;26.473055957283577;26.473055957283577
490;51.50;5.50;True;False;False;False;865;30.50;14.50;True;False;False;False;1;36.41185424949708;0;36.41185424949708;36.41185424949708
490;51.50;5.50;True;False;False;False;866;31.50;14.50;True;False;False;False;1;27.73731601363511;0;27.73731601363511;27.73731601363511
490;51.50;5.50;True;False;False;False;1102;47.50;19.50;True;False;False;False;1;19.599628832536837;0;19.599628832536837;19.599628832536837
491;52.50;5.50;True;False;False;False;12;61.50;3.50;False;False;True;False;11;92.44055504773806;1621.1994467217346;21.575278179503183;163.6700000000019
491;52.50;5.50;True;False;False;False;28;61.50;9.50;False;False;True;False;2;109.69463602544783;804.5768017804374;89.63750759463255;129.75176445626312
491;52.50;5.50;True;False;False;False;44;61.50;15.50;False;False;True;False;2;100.1103767630151;350.2812639107289;86.87630588684988;113.34444763918032
491;52.50;5.50;True;False;False;False;60;61.50;21.50;False;False;True;False;1;92.034812417176;0;92.034812417176;92.034812417176
491;52.50;5.50;True;False;False;False;444;49.50;4.50;True;False;False;False;1;9.30601731970819;0;9.30601731970819;9.30601731970819
491;52.50;5.50;True;False;False;False;733;30.50;11.50;True;False;False;False;1;25.825829736872606;0;25.825829736872606;25.825829736872606
491;52.50;5.50;True;False;False;False;734;31.50;11.50;True;False;False;False;1;26.018795900916302;0;26.018795900916302;26.018795900916302
491;52.50;5.50;True;False;False;False;820;29.50;13.50;True;False;False;False;2;27.9050901949513;0.6031522552257982;27.355930721198092;28.454249668704506
491;52.50;5.50;True;False;False;False;821;30.50;13.50;True;False;False;False;3;33.1511087134683;62.66265477964288;27.409906208587927;42.18138529242606
491;52.50;5.50;True;False;False;False;822;31.50;13.50;True;False;False;False;1;34.22277777777526;0;34.22277777777526;34.22277777777526
491;52.50;5.50;True;False;False;False;864;29.50;14.50;True;False;False;False;3;33.83111084328217;63.28473070570765;28.551568073578892;42.980840124530914
491;52.50;5.50;True;False;False;False;865;30.50;14.50;True;False;False;False;1;28.121580871625156;0;28.121580871625156;28.121580871625156
491;52.50;5.50;True;False;False;False;866;31.50;14.50;True;False;False;False;2;28.826446720689773;5.8486947198093775;27.116374394761806;30.53651904661774
491;52.50;5.50;True;False;False;False;880;45.50;14.50;True;False;False;False;1;26.74111111111415;0;26.74111111111415;26.74111111111415
536;9.50;7.50;True;False;False;False;12;61.50;3.50;False;False;True;False;2;104.89542525608886;3738.1243073787646;61.662773779578856;148.12807673259886
536;9.50;7.50;True;False;False;False;304;41.50;1.50;True;False;False;False;1;33.648888888888905;0;33.648888888888905;33.648888888888905
536;9.50;7.50;True;False;False;False;701;42.50;10.50;True;False;False;False;1;31.825927526479063;0;31.825927526479063;31.825927526479063
536;9.50;7.50;True;False;False;False;1018;51.50;17.50;True;False;False;False;1;42.29176045807981;0;42.29176045807981;42.29176045807981
537;10.50;7.50;True;False;False;False;28;61.50;9.50;False;False;True;False;1;61.305747939994035;0;61.305747939994035;61.305747939994035
537;10.50;7.50;True;False;False;False;1151;52.50;20.50;True;False;False;False;1;43.30233761138152;0;43.30233761138152;43.30233761138152
538;11.50;7.50;True;False;False;False;12;61.50;3.50;False;False;True;False;1;177.60154169331872;0;177.60154169331872;177.60154169331872
538;11.50;7.50;True;False;False;False;28;61.50;9.50;False;False;True;False;1;92.25880068348852;0;92.25880068348852;92.25880068348852
538;11.50;7.50;True;False;False;False;44;61.50;15.50;False;False;True;False;1;112.50583134376575;0;112.50583134376575;112.50583134376575
538;11.50;7.50;True;False;False;False;60;61.50;21.50;False;False;True;False;2;147.61709792002966;5500.888275300164;95.17242099615032;200.061774843909
538;11.50;7.50;True;False;False;False;747;44.50;11.50;True;False;False;False;1;31.78944364099334;0;31.78944364099334;31.78944364099334
538;11.50;7.50;True;False;False;False;949;26.50;16.50;True;False;False;False;1;22.47250040171639;0;22.47250040171639;22.47250040171639
538;11.50;7.50;True;False;False;False;1100;45.50;19.50;True;False;False;False;1;37.36666666666679;0;37.36666666666679;37.36666666666679
538;11.50;7.50;True;False;False;False;1238;51.50;22.50;True;False;False;False;1;43.91926405453705;0;43.91926405453705;43.91926405453705
538;11.50;7.50;True;False;False;False;1281;50.50;23.50;True;False;False;False;1;43.622041832317336;0;43.622041832317336;43.622041832317336
538;11.50;7.50;True;False;False;False;1353;34.50;25.50;True;False;False;False;1;33.97562535797988;0;33.97562535797988;33.97562535797988
541;14.50;7.50;True;False;False;False;44;61.50;15.50;False;False;True;False;2;91.17950945471057;921.5692745916638;69.71361470755801;112.64540420186313
541;14.50;7.50;True;False;False;False;60;61.50;21.50;False;False;True;False;1;122.11787556738636;0;122.11787556738636;122.11787556738636
541;14.50;7.50;True;False;False;False;833;42.50;13.50;True;False;False;False;1;29.56638848716466;0;29.56638848716466;29.56638848716466
541;14.50;7.50;True;False;False;False;1014;47.50;17.50;True;False;False;False;1;35.759819610088016;0;35.759819610088016;35.759819610088016
541;14.50;7.50;True;False;False;False;1227;40.50;22.50;True;False;False;False;1;34.54518758282575;0;34.54518758282575;34.54518758282575
542;15.50;7.50;True;False;False;False;12;61.50;3.50;False;False;True;False;1;191.9912811133545;0;191.9912811133545;191.9912811133545
542;15.50;7.50;True;False;False;False;601;30.50;8.50;True;False;False;False;1;16.66666666666788;0;16.66666666666788;16.66666666666788
544;17.50;7.50;True;False;False;False;12;61.50;3.50;False;False;True;False;1;140.8954729552206;0;140.8954729552206;140.8954729552206
544;17.50;7.50;True;False;False;False;28;61.50;9.50;False;False;True;False;2;92.00736331105145;906.2167109010843;70.72102131787324;113.29370530422966
544;17.50;7.50;True;False;False;False;333;26.50;2.50;True;False;False;False;1;16.22074313837993;0;16.22074313837993;16.22074313837993
544;17.50;7.50;True;False;False;False;826;35.50;13.50;True;False;False;False;1;23.347131625530892;0;23.347131625530892;23.347131625530892
544;17.50;7.50;True;False;False;False;963;40.50;16.50;True;False;False;False;1;27.886201707782675;0;27.886201707782675;27.886201707782675
544;17.50;7.50;True;False;False;False;1282;51.50;23.50;True;False;False;False;1;39.96343431765854;0;39.96343431765854;39.96343431765854
546;19.50;7.50;True;False;False;False;12;61.50;3.50;False;False;True;False;2;121.56916175176138;53.28190839078849;116.40767415656228;126.73064934696049
546;19.50;7.50;True;False;False;False;28;61.50;9.50;False;False;True;False;2;111.08791486843074;6375.054221555081;54.62972581867871;167.54610391818278
546;19.50;7.50;True;False;False;False;60;61.50;21.50;False;False;True;False;1;149.3254665657587;0;149.3254665657587;149.3254665657587
546;19.50;7.50;True;False;False;False;305;42.50;1.50;True;False;False;False;1;26.44204183232614;0;26.44204183232614;26.44204183232614
546;19.50;7.50;True;False;False;False;578;51.50;7.50;True;False;False;False;1;36.54749401224399;0;36.54749401224399;36.54749401224399
546;19.50;7.50;True;False;False;False;735;32.50;11.50;True;False;False;False;1;27.033059152014175;0;27.033059152014175;27.033059152014175
546;19.50;7.50;True;False;False;False;1135;36.50;20.50;True;False;False;False;1;26.88546176413729;0;26.88546176413729;26.88546176413729
547;20.50;7.50;True;False;False;False;12;61.50;3.50;False;False;True;False;1;138.1426879845494;0;138.1426879845494;138.1426879845494
547;20.50;7.50;True;False;False;False;28;61.50;9.50;False;False;True;False;2;108.24374281475014;802.303917123322;88.21496455541387;128.2725210740864
547;20.50;7.50;True;False;False;False;44;61.50;15.50;False;False;True;False;1;92.76370856586254;0;92.76370856586254;92.76370856586254
547;20.50;7.50;True;False;False;False;307;44.50;1.50;True;False;False;False;1;26.815344105605618;0;26.815344105605618;26.815344105605618
547;20.50;7.50;True;False;False;False;353;46.50;2.50;True;False;False;False;1;35.77528137423769;0;35.77528137423769;35.77528137423769
547;20.50;7.50;True;False;False;False;969;46.50;16.50;True;False;False;False;1;30.430823735023296;0;30.430823735023296;30.430823735023296
547;20.50;7.50;True;False;False;False;1094;39.50;19.50;True;False;False;False;1;27.636200904340512;0;27.636200904340512;27.636200904340512
548;21.50;7.50;True;False;False;False;12;61.50;3.50;False;False;True;False;1;207.25788043586908;0;207.25788043586908;207.25788043586908
548;21.50;7.50;True;False;False;False;28;61.50;9.50;False;False;True;False;4;89.21359039963136;194.99097079991608;70.19271836302505;103.59880229038026
548;21.50;7.50;True;False;False;False;354;47.50;2.50;True;False;False;False;1;28.365468153602706;0;28.365468153602706;28.365468153602706
548;21.50;7.50;True;False;False;False;489;50.50;5.50;True;False;False;False;1;27.86620809723172;0;27.86620809723172;27.86620809723172
548;21.50;7.50;True;False;False;False;831;40.50;13.50;True;False;False;False;1;24.406003737349238;0;24.406003737349238;24.406003737349238
548;21.50;7.50;True;False;False;False;975;52.50;16.50;True;False;False;False;1;33.59602131788233;0;33.59602131788233;33.59602131788233
548;21.50;7.50;True;False;False;False;1146;47.50;20.50;True;False;False;False;1;32.97138929059656;0;32.97138929059656;32.97138929059656
549;22.50;7.50;True;False;False;False;12;61.50;3.50;False;False;True;False;1;135.3564004816908;0;135.3564004816908;135.3564004816908
549;22.50;7.50;True;False;False;False;28;61.50;9.50;False;False;True;False;1;109.31649107838894;0;109.31649107838894;109.31649107838894
549;22.50;7.50;True;False;False;False;489;50.50;5.50;True;False;False;False;1;27.91101012677609;0;27.91101012677609;27.91101012677609
551;24.50;7.50;True;False;False;False;12;61.50;3.50;False;False;True;False;1;80.03621209543053;0;80.03621209543053;80.03621209543053
551;24.50;7.50;True;False;False;False;28;61.50;9.50;False;False;True;False;1;154.20389208362758;0;154.20389208362758;154.20389208362758
551;24.50;7.50;True;False;False;False;1135;36.50;20.50;True;False;False;False;1;23.350562748484663;0;23.350562748484663;23.350562748484663
551;24.50;7.50;True;False;False;False;1278;47.50;23.50;True;False;False;False;1;32.66398667848989;0;32.66398667848989;32.66398667848989
551;24.50;7.50;True;False;False;False;1414;51.50;26.50;True;False;False;False;1;37.82816572235242;0;37.82816572235242;37.82816572235242
552;25.50;7.50;True;False;False;False;12;61.50;3.50;False;False;True;False;1;86.00509459483874;0;86.00509459483874;86.00509459483874
553;26.50;7.50;True;False;False;False;12;61.50;3.50;False;False;True;False;1;101.53713562371922;0;101.53713562371922;101.53713562371922
553;26.50;7.50;True;False;False;False;28;61.50;9.50;False;False;True;False;1;60.155371970904525;0;60.155371970904525;60.155371970904525
553;26.50;7.50;True;False;False;False;76;0.50;6.50;False;True;False;False;1;604.8531745222008;0;604.8531745222008;604.8531745222008
553;26.50;7.50;True;False;False;False;872;37.50;14.50;True;False;False;False;1;19.19546495886243;0;19.19546495886243;19.19546495886243
553;26.50;7.50;True;False;False;False;1105;50.50;19.50;True;False;False;False;1;30.59242019269186;0;30.59242019269186;30.59242019269186
554;27.50;7.50;True;False;False;False;12;61.50;3.50;False;False;True;False;2;98.72642779775038;406.36987291986344;84.4721324289876;112.98072316651314
554;27.50;7.50;True;False;False;False;28;61.50;9.50;False;False;True;False;1;80.36896619654908;0;80.36896619654908;80.36896619654908
554;27.50;7.50;True;False;False;False;553;26.50;7.50;True;False;False;False;1;3.7586083180976857;0;3.7586083180976857;3.7586083180976857
554;27.50;7.50;True;False;False;False;822;31.50;13.50;True;False;False;False;1;14.58676045807806;0;14.58676045807806;14.58676045807806
554;27.50;7.50;True;False;False;False;877;42.50;14.50;True;False;False;False;1;21.556854249487515;0;21.556854249487515;21.556854249487515
556;29.50;7.50;True;False;False;False;12;61.50;3.50;False;False;True;False;3;99.93772031325716;114.18270852763565;92.40065334514657;112.16658326290053
556;29.50;7.50;True;False;False;False;108;0.50;18.50;False;True;False;False;1;538.6179795198477;0;538.6179795198477;538.6179795198477
556;29.50;7.50;True;False;False;False;304;41.50;1.50;True;False;False;False;1;22.85926085981555;0;22.85926085981555;22.85926085981555
556;29.50;7.50;True;False;False;False;612;41.50;8.50;True;False;False;False;1;15.591847860021517;0;15.591847860021517;15.591847860021517
556;29.50;7.50;True;False;False;False;739;36.50;11.50;True;False;False;False;1;14.606947237458371;0;14.606947237458371;14.606947237458371
556;29.50;7.50;True;False;False;False;818;27.50;13.50;True;False;False;False;1;12.436204902527606;0;12.436204902527606;12.436204902527606
557;30.50;7.50;True;False;False;False;12;61.50;3.50;False;False;True;False;1;103.95123917618548;0;103.95123917618548;103.95123917618548
558;31.50;7.50;True;False;False;False;12;61.50;3.50;False;False;True;False;1;81.87990942239162;0;81.87990942239162;81.87990942239162
559;32.50;7.50;True;False;False;False;12;61.50;3.50;False;False;True;False;5;102.2946503111034;162.5465088751912;83.84759738786852;114.96547456216558
559;32.50;7.50;True;False;False;False;480;41.50;5.50;True;False;False;False;1;14.194813220623473;0;14.194813220623473;14.194813220623473
559;32.50;7.50;True;False;False;False;820;29.50;13.50;True;False;False;False;1;12.559167068389797;0;12.559167068389797;12.559167068389797
559;32.50;7.50;True;False;False;False;821;30.50;13.50;True;False;False;False;1;11.479538235856126;0;11.479538235856126;11.479538235856126
559;32.50;7.50;True;False;False;False;822;31.50;13.50;True;False;False;False;2;11.414235831292899;2.407380591374321E-07;11.413888888891961;11.414582773693837
561;34.50;7.50;True;False;False;False;12;61.50;3.50;False;False;True;False;5;120.03953711485337;1026.057839161474;88.2558369297767;163.31025577831315
561;34.50;7.50;True;False;False;False;28;61.50;9.50;False;False;True;False;4;99.89814600798536;161.61628806256354;90.52357128550648;118.06483238905275
561;34.50;7.50;True;False;False;False;44;61.50;15.50;False;False;True;False;2;104.78286277888219;124.86362762160562;96.88148227856436;112.68424327920002
561;34.50;7.50;True;False;False;False;76;0.50;6.50;False;True;False;False;1;693.9137348793871;0;693.9137348793871;693.9137348793871
561;34.50;7.50;True;False;False;False;124;0.50;24.50;False;True;False;False;2;566.1854890376699;25.86428442505928;562.5893602562537;569.781617819086
561;34.50;7.50;True;False;False;False;491;52.50;5.50;True;False;False;False;1;20.280090596665104;0;20.280090596665104;20.280090596665104
561;34.50;7.50;True;False;False;False;564;37.50;7.50;True;False;False;False;1;5.247871569190465;0;5.247871569190465;5.247871569190465
561;34.50;7.50;True;False;False;False;734;31.50;11.50;True;False;False;False;1;11.83897948556114;0;11.83897948556114;11.83897948556114
561;34.50;7.50;True;False;False;False;820;29.50;13.50;True;False;False;False;3;15.961667999389343;1.9363795048415373;15.001389290606312;17.557503596462993
561;34.50;7.50;True;False;False;False;821;30.50;13.50;True;False;False;False;3;16.847129842312523;24.040947400988287;13.49380229039707;22.474406627432472
561;34.50;7.50;True;False;False;False;822;31.50;13.50;True;False;False;False;2;13.299953506020756;0.02604664424557842;13.185833735065899;13.414073276975614
561;34.50;7.50;True;False;False;False;864;29.50;14.50;True;False;False;False;1;33.26692736093764;0;33.26692736093764;33.26692736093764
561;34.50;7.50;True;False;False;False;866;31.50;14.50;True;False;False;False;2;16.124466424957973;3.844810294982001;14.737958167683246;17.5109746822327
562;35.50;7.50;True;False;False;False;12;61.50;3.50;False;False;True;False;4;103.98671815837741;62.92577820956234;96.83148308202908;112.32194804089977
562;35.50;7.50;True;False;False;False;28;61.50;9.50;False;False;True;False;1;103.25676045807631;0;103.25676045807631;103.25676045807631
562;35.50;7.50;True;False;False;False;821;30.50;13.50;True;False;False;False;1;15.548517721421376;0;15.548517721421376;15.548517721421376
562;35.50;7.50;True;False;False;False;822;31.50;13.50;True;False;False;False;1;14.041401540751394;0;14.041401540751394;14.041401540751394
562;35.50;7.50;True;False;False;False;864;29.50;14.50;True;False;False;False;1;16.50037996730225;0;16.50037996730225;16.50037996730225
562;35.50;7.50;True;False;False;False;865;30.50;14.50;True;False;False;False;1;15.036760458079698;0;15.036760458079698;15.036760458079698
562;35.50;7.50;True;False;False;False;960;37.50;16.50;True;False;False;False;1;15.504905764838895;0;15.504905764838895;15.504905764838895
563;36.50;7.50;True;False;False;False;12;61.50;3.50;False;False;True;False;7;113.23480849599058;479.6370746245746;88.51732159965832;149.9126983722017
563;36.50;7.50;True;False;False;False;28;61.50;9.50;False;False;True;False;1;134.48841993181122;0;134.48841993181122;134.48841993181122
563;36.50;7.50;True;False;False;False;294;31.50;1.50;True;False;False;False;1;14.6458369297834;0;14.6458369297834;14.6458369297834
563;36.50;7.50;True;False;False;False;356;49.50;2.50;True;False;False;False;1;19.582777777777665;0;19.582777777777665;19.582777777777665
563;36.50;7.50;True;False;False;False;576;49.50;7.50;True;False;False;False;1;11.822034639395497;0;11.822034639395497;11.822034639395497
563;36.50;7.50;True;False;False;False;733;30.50;11.50;True;False;False;False;1;24.809065280627692;0;24.809065280627692;24.809065280627692
563;36.50;7.50;True;False;False;False;734;31.50;11.50;True;False;False;False;1;17.919972012827202;0;17.919972012827202;17.919972012827202
563;36.50;7.50;True;False;False;False;822;31.50;13.50;True;False;False;False;3;17.70429344998168;29.97871440026964;14.052219027493265;23.999724211778812
564;37.50;7.50;True;False;False;False;12;61.50;3.50;False;False;True;False;7;103.75731806602886;514.6989099054947;78.50195123562662;139.5895579815815
564;37.50;7.50;True;False;False;False;28;61.50;9.50;False;False;True;False;3;104.04864517428268;689.7506251438418;87.74620890071765;134.34537197091777
564;37.50;7.50;True;False;False;False;44;61.50;15.50;False;False;True;False;1;142.30064215402672;0;142.30064215402672;142.30064215402672
564;37.50;7.50;True;False;False;False;92;0.50;12.50;False;True;False;False;1;246.3661151092956;0;246.3661151092956;246.3661151092956
564;37.50;7.50;True;False;False;False;124;0.50;24.50;False;True;False;False;1;566.6589064884829;0;566.6589064884829;566.6589064884829
564;37.50;7.50;True;False;False;False;349;42.50;2.50;True;False;False;False;1;14.933705304258183;0;14.933705304258183;14.933705304258183
564;37.50;7.50;True;False;False;False;613;42.50;8.50;True;False;False;False;1;10.979909403336933;0;10.979909403336933;10.979909403336933
564;37.50;7.50;True;False;False;False;818;27.50;13.50;True;False;False;False;1;18.769906208581233;0;18.769906208581233;18.769906208581233
564;37.50;7.50;True;False;False;False;820;29.50;13.50;True;False;False;False;1;33.509719429210236;0;33.509719429210236;33.509719429210236
564;37.50;7.50;True;False;False;False;821;30.50;13.50;True;False;False;False;4;15.992146947071205;0.13067905211752037;15.642211834570844;16.44611111111044
564;37.50;7.50;True;False;False;False;822;31.50;13.50;True;False;False;False;2;15.432873558751453;0.022208689680553548;15.327496403540863;15.538250713962043
564;37.50;7.50;True;False;False;False;882;47.50;14.50;True;False;False;False;1;18.87185105475146;0;18.87185105475146;18.87185105475146
564;37.50;7.50;True;False;False;False;1018;51.50;17.50;True;False;False;False;1;27.809070082244034;0;27.809070082244034;27.809070082244034
564;37.50;7.50;True;False;False;False;1202;15.50;22.50;True;False;False;False;1;32.216147301940964;0;32.216147301940964;32.216147301940964
566;39.50;7.50;True;False;False;False;12;61.50;3.50;False;False;True;False;10;113.12067080097276;1852.1341542664386;47.613341329695686;177.04027634603335
566;39.50;7.50;True;False;False;False;28;61.50;9.50;False;False;True;False;2;95.9858910948351;120.94883461221727;88.20936119351609;103.7624209961541
566;39.50;7.50;True;False;False;False;44;61.50;15.50;False;False;True;False;1;152.08730962413574;0;152.08730962413574;152.08730962413574
566;39.50;7.50;True;False;False;False;108;0.50;18.50;False;True;False;False;2;541.1956221196697;222.5078940811562;530.6479234587969;551.7433207805425
566;39.50;7.50;True;False;False;False;547;20.50;7.50;True;False;False;False;1;16.661666666666633;0;16.661666666666633;16.661666666666633
566;39.50;7.50;True;False;False;False;579;52.50;7.50;True;False;False;False;1;12.336111111111677;0;12.336111111111677;12.336111111111677
566;39.50;7.50;True;False;False;False;623;52.50;8.50;True;False;False;False;1;16.295388645110506;0;16.295388645110506;16.295388645110506
566;39.50;7.50;True;False;False;False;709;50.50;10.50;True;False;False;False;1;16.043521719596356;0;16.043521719596356;16.043521719596356
566;39.50;7.50;True;False;False;False;711;52.50;10.50;True;False;False;False;1;18.28249001407312;0;18.28249001407312;18.28249001407312
566;39.50;7.50;True;False;False;False;734;31.50;11.50;True;False;False;False;1;15.836944846163533;0;15.836944846163533;15.836944846163533
566;39.50;7.50;True;False;False;False;820;29.50;13.50;True;False;False;False;4;18.90041806316617;0.45990185530738203;17.961111111110768;19.538333333332048
566;39.50;7.50;True;False;False;False;821;30.50;13.50;True;False;False;False;1;22.418988285355226;0;22.418988285355226;22.418988285355226
566;39.50;7.50;True;False;False;False;822;31.50;13.50;True;False;False;False;2;17.045003596461356;0.20420477155005692;16.72546895706364;17.364538235859072
566;39.50;7.50;True;False;False;False;823;32.50;13.50;True;False;False;False;1;16.777218224031458;0;16.777218224031458;16.777218224031458
566;39.50;7.50;True;False;False;False;837;46.50;13.50;True;False;False;False;1;21.77814335922085;0;21.77814335922085;21.77814335922085
566;39.50;7.50;True;False;False;False;1243;12.50;23.50;True;False;False;False;1;35.9438856941415;0;35.9438856941415;35.9438856941415
567;40.50;7.50;True;False;False;False;12;61.50;3.50;False;False;True;False;11;107.6043834778806;905.0482322459638;61.355097789597494;157.86842792818607
567;40.50;7.50;True;False;False;False;28;61.50;9.50;False;False;True;False;3;86.04084359976635;1411.0933640204812;43.23678444714278;113.5217508738533
567;40.50;7.50;True;False;False;False;60;61.50;21.50;False;False;True;False;1;99.54685824767785;0;99.54685824767785;99.54685824767785
567;40.50;7.50;True;False;False;False;124;0.50;24.50;False;True;False;False;1;552.2499230047542;0;552.2499230047542;552.2499230047542
567;40.50;7.50;True;False;False;False;358;51.50;2.50;True;False;False;False;1;17.78561388331582;0;17.78561388331582;17.78561388331582
567;40.50;7.50;True;False;False;False;546;19.50;7.50;True;False;False;False;1;22.77157687343788;0;22.77157687343788;22.77157687343788
567;40.50;7.50;True;False;False;False;709;50.50;10.50;True;False;False;False;1;15.467037834125222;0;15.467037834125222;15.467037834125222
567;40.50;7.50;True;False;False;False;732;29.50;11.50;True;False;False;False;1;19.124353044320742;0;19.124353044320742;19.124353044320742
567;40.50;7.50;True;False;False;False;753;50.50;11.50;True;False;False;False;1;16.10391687608717;0;16.10391687608717;16.10391687608717
567;40.50;7.50;True;False;False;False;820;29.50;13.50;True;False;False;False;1;20.768499582911318;0;20.768499582911318;20.768499582911318
567;40.50;7.50;True;False;False;False;821;30.50;13.50;True;False;False;False;2;21.61907287525264;0.1451034234384721;21.349718625760943;21.88842712474434
567;40.50;7.50;True;False;False;False;865;30.50;14.50;True;False;False;False;1;17.986851054758972;0;17.986851054758972;17.986851054758972
567;40.50;7.50;True;False;False;False;866;31.50;14.50;True;False;False;False;2;21.718848392193422;29.78580202146672;17.8597162344754;25.577980549911445
567;40.50;7.50;True;False;False;False;876;41.50;14.50;True;False;False;False;1;11.5692520599805;0;11.5692520599805;11.5692520599805
567;40.50;7.50;True;False;False;False;940;17.50;16.50;True;False;False;False;1;27.884441249707834;0;27.884441249707834;27.884441249707834
567;40.50;7.50;True;False;False;False;965;42.50;16.50;True;False;False;False;1;13.725093791417748;0;13.725093791417748;13.725093791417748
567;40.50;7.50;True;False;False;False;1011;44.50;17.50;True;False;False;False;1;16.095750908618356;0;16.095750908618356;16.095750908618356
567;40.50;7.50;True;False;False;False;1364;45.50;25.50;True;False;False;False;1;22.95981322062471;0;22.95981322062471;22.95981322062471
568;41.50;7.50;True;False;False;False;12;61.50;3.50;False;False;True;False;6;107.87564837819782;1014.6858288658731;75.59007621083424;167.15611327584338
568;41.50;7.50;True;False;False;False;28;61.50;9.50;False;False;True;False;1;85.94111510929724;0;85.94111510929724;85.94111510929724
568;41.50;7.50;True;False;False;False;76;0.50;6.50;False;True;False;False;1;517.5555739396041;0;517.5555739396041;517.5555739396041
568;41.50;7.50;True;False;False;False;351;44.50;2.50;True;False;False;False;1;13.026211291995423;0;13.026211291995423;13.026211291995423
568;41.50;7.50;True;False;False;False;538;11.50;7.50;True;False;False;False;1;23.94259180183508;0;23.94259180183508;23.94259180183508
568;41.50;7.50;True;False;False;False;567;40.50;7.50;True;False;False;False;1;3.375555555556275;0;3.375555555556275;3.375555555556275
568;41.50;7.50;True;False;False;False;579;52.50;7.50;True;False;False;False;1;10.43508659851068;0;10.43508659851068;10.43508659851068
568;41.50;7.50;True;False;False;False;755;52.50;11.50;True;False;False;False;1;16.635655736446097;0;16.635655736446097;16.635655736446097
568;41.50;7.50;True;False;False;False;820;29.50;13.50;True;False;False;False;2;26.157779375147584;37.262391564922;21.84139248534484;30.474166264950327
568;41.50;7.50;True;False;False;False;866;31.50;14.50;True;False;False;False;1;28.58620490252133;0;28.58620490252133;28.58620490252133
569;42.50;7.50;True;False;False;False;12;61.50;3.50;False;False;True;False;6;94.79062678680907;210.46855989502353;76.42371808318603;117.27991101021325
569;42.50;7.50;True;False;False;False;28;61.50;9.50;False;False;True;False;2;97.90879350010437;83.17871401595464;91.45981241717527;104.35777458303346
569;42.50;7.50;True;False;False;False;44;61.50;15.50;False;False;True;False;1;97.88724380088752;0;97.88724380088752;97.88724380088752
569;42.50;7.50;True;False;False;False;60;61.50;21.50;False;False;True;False;2;99.29627259263043;19.791061245053385;96.15055635899989;102.44198882626097
569;42.50;7.50;True;False;False;False;76;0.50;6.50;False;True;False;False;1;54.52657687344011;0;54.52657687344011;54.52657687344011
569;42.50;7.50;True;False;False;False;124;0.50;24.50;False;True;False;False;1;570.3103631900431;0;570.3103631900431;570.3103631900431
569;42.50;7.50;True;False;False;False;435;40.50;4.50;True;False;False;False;1;10.007602992955071;0;10.007602992955071;10.007602992955071
569;42.50;7.50;True;False;False;False;572;45.50;7.50;True;False;False;False;1;6.661486276763753;0;6.661486276763753;6.661486276763753
569;42.50;7.50;True;False;False;False;573;46.50;7.50;True;False;False;False;1;6.313329335151138;0;6.313329335151138;6.313329335151138
569;42.50;7.50;True;False;False;False;574;47.50;7.50;True;False;False;False;1;7.99415587729527;0;7.99415587729527;7.99415587729527
569;42.50;7.50;True;False;False;False;615;44.50;8.50;True;False;False;False;1;8.590097789599042;0;8.590097789599042;8.590097789599042
569;42.50;7.50;True;False;False;False;733;30.50;11.50;True;False;False;False;1;17.851294695730758;0;17.851294695730758;17.851294695730758
569;42.50;7.50;True;False;False;False;734;31.50;11.50;True;False;False;False;1;17.132041028865842;0;17.132041028865842;17.132041028865842
569;42.50;7.50;True;False;False;False;820;29.50;13.50;True;False;False;False;2;20.150893811469928;0.048454515263932144;19.995242734917383;20.306544888022472
569;42.50;7.50;True;False;False;False;821;30.50;13.50;True;False;False;False;2;18.80852570826619;0.20622263962736168;18.487416194527214;19.129635222005163
569;42.50;7.50;True;False;False;False;822;31.50;13.50;True;False;False;False;1;18.627777777777737;0;18.627777777777737;18.627777777777737
569;42.50;7.50;True;False;False;False;831;40.50;13.50;True;False;False;False;1;14.714812417165376;0;14.714812417165376;14.714812417165376
571;44.50;7.50;True;False;False;False;12;61.50;3.50;False;False;True;False;12;112.51918487730326;807.1949919109558;80.70259099840086;178.77504815676912
571;44.50;7.50;True;False;False;False;28;61.50;9.50;False;False;True;False;3;104.62241620085176;1104.770531465777;71.31216120063982;137.78786517970002
571;44.50;7.50;True;False;False;False;44;61.50;15.50;False;False;True;False;1;88.05824034536636;0;88.05824034536636;88.05824034536636
571;44.50;7.50;True;False;False;False;92;0.50;12.50;False;True;False;False;3;266.2946734172522;240.40980562183134;250.0288062885811;280.906494273102
571;44.50;7.50;True;False;False;False;108;0.50;18.50;False;True;False;False;1;521.2615768924479;0;521.2615768924479;521.2615768924479
571;44.50;7.50;True;False;False;False;124;0.50;24.50;False;True;False;False;2;557.0522857724222;0.014730886749549015;556.9664636110956;557.1381079337489
571;44.50;7.50;True;False;False;False;354;47.50;2.50;True;False;False;False;1;12.574725818685693;0;12.574725818685693;12.574725818685693
571;44.50;7.50;True;False;False;False;356;49.50;2.50;True;False;False;False;1;14.330090596671653;0;14.330090596671653;14.330090596671653
571;44.50;7.50;True;False;False;False;486;47.50;5.50;True;False;False;False;1;10.621196102731119;0;10.621196102731119;10.621196102731119
571;44.50;7.50;True;False;False;False;489;50.50;5.50;True;False;False;False;1;11.76379509747494;0;11.76379509747494;11.76379509747494
571;44.50;7.50;True;False;False;False;577;50.50;7.50;True;False;False;False;1;6.7901875828247285;0;6.7901875828247285;6.7901875828247285
571;44.50;7.50;True;False;False;False;613;42.50;8.50;True;False;False;False;1;7.932843600941851;0;7.932843600941851;7.932843600941851
571;44.50;7.50;True;False;False;False;622;51.50;8.50;True;False;False;False;1;11.124503811268369;0;11.124503811268369;11.124503811268369
571;44.50;7.50;True;False;False;False;734;31.50;11.50;True;False;False;False;2;18.71273288116572;0.11684895964804025;18.47102131788415;18.95444444444729
571;44.50;7.50;True;False;False;False;820;29.50;13.50;True;False;False;False;1;22.896392485352408;0;22.896392485352408;22.896392485352408
571;44.50;7.50;True;False;False;False;821;30.50;13.50;True;False;False;False;3;26.736706776731506;85.34552165846436;21.038888888881047;37.3956525417052
571;44.50;7.50;True;False;False;False;822;31.50;13.50;True;False;False;False;3;20.59123403650301;0.15888768670982414;20.305361583257763;21.04657287525697
571;44.50;7.50;True;False;False;False;825;34.50;13.50;True;False;False;False;1;18.11750359646112;0;18.11750359646112;18.11750359646112
571;44.50;7.50;True;False;False;False;866;31.50;14.50;True;False;False;False;2;20.144166666666933;0.0012496403797952844;20.11917026312767;20.169163070206196
571;44.50;7.50;True;False;False;False;973;50.50;16.50;True;False;False;False;1;21.528509725052572;0;21.528509725052572;21.528509725052572
571;44.50;7.50;True;False;False;False;988;21.50;17.50;True;False;False;False;1;29.266392485342294;0;29.266392485342294;29.266392485342294
571;44.50;7.50;True;False;False;False;1387;24.50;26.50;True;False;False;False;1;33.06759419313312;0;33.06759419313312;33.06759419313312
572;45.50;7.50;True;False;False;False;12;61.50;3.50;False;False;True;False;14;93.55474192683012;583.9259233743871;61.04546976053098;143.10659630635928
572;45.50;7.50;True;False;False;False;60;61.50;21.50;False;False;True;False;1;119.16291253304553;0;119.16291253304553;119.16291253304553
572;45.50;7.50;True;False;False;False;108;0.50;18.50;False;True;False;False;1;532.5911669989109;0;532.5911669989109;532.5911669989109
572;45.50;7.50;True;False;False;False;124;0.50;24.50;False;True;False;False;1;609.8588952973732;0;609.8588952973732;609.8588952973732
572;45.50;7.50;True;False;False;False;312;49.50;1.50;True;False;False;False;1;14.737218224059689;0;14.737218224059689;14.737218224059689
572;45.50;7.50;True;False;False;False;441;46.50;4.50;True;False;False;False;1;9.07536797272769;0;9.07536797272769;9.07536797272769
572;45.50;7.50;True;False;False;False;491;52.50;5.50;True;False;False;False;1;12.604535041124109;0;12.604535041124109;12.604535041124109
572;45.50;7.50;True;False;False;False;735;32.50;11.50;True;False;False;False;1;18.805096986148556;0;18.805096986148556;18.805096986148556
572;45.50;7.50;True;False;False;False;821;30.50;13.50;True;False;False;False;5;28.211857814700124;41.99928813452127;22.372515033039235;39.07148627676179
572;45.50;7.50;True;False;False;False;822;31.50;13.50;True;False;False;False;3;25.47604938060249;43.407117982976615;20.133333333331393;32.837679988177115
572;45.50;7.50;True;False;False;False;837;46.50;13.50;True;False;False;False;1;10.954408177320147;0;10.954408177320147;10.954408177320147
572;45.50;7.50;True;False;False;False;865;30.50;14.50;True;False;False;False;1;22.2466973096507;0;22.2466973096507;22.2466973096507
572;45.50;7.50;True;False;False;False;866;31.50;14.50;True;False;False;False;1;21.66499680526522;0;21.66499680526522;21.66499680526522
572;45.50;7.50;True;False;False;False;1067;12.50;19.50;True;False;False;False;1;39.15777777777839;0;39.15777777777839;39.15777777777839
572;45.50;7.50;True;False;False;False;1109;10.50;20.50;True;False;False;False;1;40.072222222213895;0;40.072222222213895;40.072222222213895
572;45.50;7.50;True;False;False;False;1353;34.50;25.50;True;False;False;False;1;26.012687984548393;0;26.012687984548393;26.012687984548393
573;46.50;7.50;True;False;False;False;12;61.50;3.50;False;False;True;False;7;121.59251178860268;1724.4785520358082;77.00481241716625;189.1940804699043
573;46.50;7.50;True;False;False;False;28;61.50;9.50;False;False;True;False;2;91.61694684526174;2.5133829516499655;90.49592433173893;92.73796935878454
573;46.50;7.50;True;False;False;False;44;61.50;15.50;False;False;True;False;1;112.53393115892413;0;112.53393115892413;112.53393115892413
573;46.50;7.50;True;False;False;False;92;0.50;12.50;False;True;False;False;1;260.6270190533105;0;260.6270190533105;260.6270190533105
573;46.50;7.50;True;False;False;False;108;0.50;18.50;False;True;False;False;1;586.6265968643311;0;586.6265968643311;586.6265968643311
573;46.50;7.50;True;False;False;False;571;44.50;7.50;True;False;False;False;1;4.678798292210558;0;4.678798292210558;4.678798292210558
573;46.50;7.50;True;False;False;False;611;40.50;8.50;True;False;False;False;1;10.567878762108194;0;10.567878762108194;10.567878762108194
573;46.50;7.50;True;False;False;False;732;29.50;11.50;True;False;False;False;1;34.0188968852417;0;34.0188968852417;34.0188968852417
573;46.50;7.50;True;False;False;False;733;30.50;11.50;True;False;False;False;1;20.819999999994252;0;20.819999999994252;20.819999999994252
573;46.50;7.50;True;False;False;False;734;31.50;11.50;True;False;False;False;1;20.307493208798405;0;20.307493208798405;20.307493208798405
573;46.50;7.50;True;False;False;False;821;30.50;13.50;True;False;False;False;1;29.811024512615404;0;29.811024512615404;29.811024512615404
573;46.50;7.50;True;False;False;False;822;31.50;13.50;True;False;False;False;2;21.47801006339887;0.05309488062420109;21.315076210832558;21.64094391596518
573;46.50;7.50;True;False;False;False;827;36.50;13.50;True;False;False;False;1;18.21000319473751;0;18.21000319473751;18.21000319473751
573;46.50;7.50;True;False;False;False;866;31.50;14.50;True;False;False;False;2;21.74764268620379;0.07202311878747811;21.557875567361407;21.937409805046173
573;46.50;7.50;True;False;False;False;1135;36.50;20.50;True;False;False;False;1;22.395371970913402;0;22.395371970913402;22.395371970913402
574;47.50;7.50;True;False;False;False;12;61.50;3.50;False;False;True;False;15;102.43158070964982;533.1173826196285;71.13528937060437;153.9466706648309
574;47.50;7.50;True;False;False;False;28;61.50;9.50;False;False;True;False;5;93.57960163361213;239.22542270162597;66.73778584102001;104.9724106084941
574;47.50;7.50;True;False;False;False;108;0.50;18.50;False;True;False;False;2;557.7511783899404;1676.8962148444768;528.7952099650674;586.7071468148133
574;47.50;7.50;True;False;False;False;310;47.50;1.50;True;False;False;False;1;6.956860638960279;0;6.956860638960279;6.956860638960279
574;47.50;7.50;True;False;False;False;359;52.50;2.50;True;False;False;False;1;13.882871569174313;0;13.882871569174313;13.882871569174313
574;47.50;7.50;True;False;False;False;442;47.50;4.50;True;False;False;False;1;6.427771388307065;0;6.427771388307065;6.427771388307065
574;47.50;7.50;True;False;False;False;490;51.50;5.50;True;False;False;False;1;10.298236347178317;0;10.298236347178317;10.298236347178317
574;47.50;7.50;True;False;False;False;579;52.50;7.50;True;False;False;False;1;7.805000000000291;0;7.805000000000291;7.805000000000291
574;47.50;7.50;True;False;False;False;615;44.50;8.50;True;False;False;False;1;9.359910206781933;0;9.359910206781933;9.359910206781933
574;47.50;7.50;True;False;False;False;690;31.50;10.50;True;False;False;False;1;19.882337837942032;0;19.882337837942032;19.882337837942032
574;47.50;7.50;True;False;False;False;734;31.50;11.50;True;False;False;False;1;20.59657287525374;0;20.59657287525374;20.59657287525374
574;47.50;7.50;True;False;False;False;820;29.50;13.50;True;False;False;False;1;23.867398613945625;0;23.867398613945625;23.867398613945625
574;47.50;7.50;True;False;False;False;821;30.50;13.50;True;False;False;False;3;26.361397035103437;20.874180154213292;22.35129789049097;31.33520203553053
574;47.50;7.50;True;False;False;False;822;31.50;13.50;True;False;False;False;2;22.520179789786198;4.856756979078947;20.96185424948999;24.078505330082407
574;47.50;7.50;True;False;False;False;823;32.50;13.50;True;False;False;False;1;24.526269676720403;0;24.526269676720403;24.526269676720403
574;47.50;7.50;True;False;False;False;833;42.50;13.50;True;False;False;False;1;14.680096986147873;0;14.680096986147873;14.680096986147873
574;47.50;7.50;True;False;False;False;838;47.50;13.50;True;False;False;False;1;7.871127907254049;0;7.871127907254049;7.871127907254049
574;47.50;7.50;True;False;False;False;864;29.50;14.50;True;False;False;False;1;34.26148627676412;0;34.26148627676412;34.26148627676412
574;47.50;7.50;True;False;False;False;866;31.50;14.50;True;False;False;False;2;28.441667068392235;0.07184918113516607;28.252129234259883;28.631204902524587
574;47.50;7.50;True;False;False;False;962;39.50;16.50;True;False;False;False;1;18.978519309253898;0;18.978519309253898;18.978519309253898
574;47.50;7.50;True;False;False;False;987;20.50;17.50;True;False;False;False;1;32.599546477695185;0;32.599546477695185;32.599546477695185
576;49.50;7.50;True;False;False;False;12;61.50;3.50;False;False;True;False;8;96.63149071320774;1014.4193461676786;62.11046576232184;164.12695284254346
576;49.50;7.50;True;False;False;False;28;61.50;9.50;False;False;True;False;3;110.13608037657984;443.2736742766268;85.8272294151393;122.5794660232059
576;49.50;7.50;True;False;False;False;44;61.50;15.50;False;False;True;False;3;90.34058468952874;231.72652035752373;80.8703679727223;107.89999680525398
576;49.50;7.50;True;False;False;False;60;61.50;21.50;False;False;True;False;1;105.29972581867696;0;105.29972581867696;105.29972581867696
576;49.50;7.50;True;False;False;False;76;0.50;6.50;False;True;False;False;1;163.66335938065095;0;163.66335938065095;163.66335938065095
576;49.50;7.50;True;False;False;False;124;0.50;24.50;False;True;False;False;1;616.711492372835;0;616.711492372835;616.711492372835
576;49.50;7.50;True;False;False;False;356;49.50;2.50;True;False;False;False;2;6.422042234035416;0.015249428614978454;6.334722623938433;6.5093618441324
576;49.50;7.50;True;False;False;False;732;29.50;11.50;True;False;False;False;1;24.226298693931312;0;24.226298693931312;24.226298693931312
576;49.50;7.50;True;False;False;False;733;30.50;11.50;True;False;False;False;2;26.958751396490698;24.625215840296526;23.44981880663545;30.467683986345946
576;49.50;7.50;True;False;False;False;815;24.50;13.50;True;False;False;False;1;39.64155609810405;0;39.64155609810405;39.64155609810405
576;49.50;7.50;True;False;False;False;821;30.50;13.50;True;False;False;False;1;25.133333333331393;0;25.133333333331393;25.133333333331393
576;49.50;7.50;True;False;False;False;822;31.50;13.50;True;False;False;False;2;25.955230882071646;14.696726220856135;23.244444444443616;28.666017319699677
576;49.50;7.50;True;False;False;False;864;29.50;14.50;True;False;False;False;4;26.554136288087932;0.7618761461576724;25.761940847984988;27.731211556390917
576;49.50;7.50;True;False;False;False;866;31.50;14.50;True;False;False;False;2;30.255093947647765;0.009416286957770062;30.18647803492422;30.32370986037131
576;49.50;7.50;True;False;False;False;1019;52.50;17.50;True;False;False;False;1;15.471142538608547;0;15.471142538608547;15.471142538608547
576;49.50;7.50;True;False;False;False;1276;45.50;23.50;True;False;False;False;1;20.852219027477986;0;20.852219027477986;20.852219027477986
577;50.50;7.50;True;False;False;False;12;61.50;3.50;False;False;True;False;10;105.9696392476304;1502.9655166131836;55.69907727516693;186.97169199808195
577;50.50;7.50;True;False;False;False;28;61.50;9.50;False;False;True;False;1;90.77055635900615;0;90.77055635900615;90.77055635900615
577;50.50;7.50;True;False;False;False;44;61.50;15.50;False;False;True;False;3;91.40370796969603;77.69901316095512;85.09867894287163;101.47604689483512
577;50.50;7.50;True;False;False;False;60;61.50;21.50;False;False;True;False;1;102.60416226675079;0;102.60416226675079;102.60416226675079
577;50.50;7.50;True;False;False;False;108;0.50;18.50;False;True;False;False;2;556.8117263698514;15.94503418661372;553.9881617622486;559.6352909774541
577;50.50;7.50;True;False;False;False;488;49.50;5.50;True;False;False;False;1;8.352646953768271;0;8.352646953768271;8.352646953768271
577;50.50;7.50;True;False;False;False;690;31.50;10.50;True;False;False;False;1;20.872871569190693;0;20.872871569190693;20.872871569190693
577;50.50;7.50;True;False;False;False;733;30.50;11.50;True;False;False;False;1;43.62630986597651;0;43.62630986597651;43.62630986597651
577;50.50;7.50;True;False;False;False;754;51.50;11.50;True;False;False;False;1;10.666666666664241;0;10.666666666664241;10.666666666664241
577;50.50;7.50;True;False;False;False;820;29.50;13.50;True;False;False;False;1;38.62242818907907;0;38.62242818907907;38.62242818907907
577;50.50;7.50;True;False;False;False;821;30.50;13.50;True;False;False;False;2;32.37124500701793;1.7110897965315448;31.44628830626607;33.2962017077698
577;50.50;7.50;True;False;False;False;822;31.50;13.50;True;False;False;False;2;26.526270716190993;8.967726300631746;24.408757280503778;28.643784151878208
577;50.50;7.50;True;False;False;False;823;32.50;13.50;True;False;False;False;1;25.582209443273314;0;25.582209443273314;25.582209443273314
577;50.50;7.50;True;False;False;False;840;49.50;13.50;True;False;False;False;1;11.198557986734158;0;11.198557986734158;11.198557986734158
577;50.50;7.50;True;False;False;False;864;29.50;14.50;True;False;False;False;1;31.278243540107724;0;31.278243540107724;31.278243540107724
577;50.50;7.50;True;False;False;False;874;39.50;14.50;True;False;False;False;1;18.853898473096706;0;18.853898473096706;18.853898473096706
577;50.50;7.50;True;False;False;False;986;19.50;17.50;True;False;False;False;1;52.86485047050883;0;52.86485047050883;52.86485047050883
577;50.50;7.50;True;False;False;False;988;21.50;17.50;True;False;False;False;1;54.391944846160186;0;54.391944846160186;54.391944846160186
577;50.50;7.50;True;False;False;False;1013;46.50;17.50;True;False;False;False;2;17.377005559457757;1.4555163213627642;16.523918130948005;18.23009298796751
578;51.50;7.50;True;False;False;False;12;61.50;3.50;False;False;True;False;8;103.4466409292558;1106.8140813208263;53.94630508340924;165.06620731286966
578;51.50;7.50;True;False;False;False;28;61.50;9.50;False;False;True;False;1;69.43472981686955;0;69.43472981686955;69.43472981686955
578;51.50;7.50;True;False;False;False;60;61.50;21.50;False;False;True;False;1;115.49157367872249;0;115.49157367872249;115.49157367872249
578;51.50;7.50;True;False;False;False;76;0.50;6.50;False;True;False;False;1;558.1858529224846;0;558.1858529224846;558.1858529224846
578;51.50;7.50;True;False;False;False;92;0.50;12.50;False;True;False;False;2;238.98060365641413;93.58778220040678;232.13999760868683;245.82120970414144
578;51.50;7.50;True;False;False;False;485;46.50;5.50;True;False;False;False;1;11.815003194736164;0;11.815003194736164;11.815003194736164
578;51.50;7.50;True;False;False;False;679;20.50;10.50;True;False;False;False;1;38.08509379140378;0;38.08509379140378;38.08509379140378
578;51.50;7.50;True;False;False;False;733;30.50;11.50;True;False;False;False;1;27.217105264186102;0;27.217105264186102;27.217105264186102
578;51.50;7.50;True;False;False;False;820;29.50;13.50;True;False;False;False;1;26.101204902519385;0;26.101204902519385;26.101204902519385
578;51.50;7.50;True;False;False;False;821;30.50;13.50;True;False;False;False;1;29.69641247626714;0;29.69641247626714;29.69641247626714
578;51.50;7.50;True;False;False;False;822;31.50;13.50;True;False;False;False;3;27.871000797658173;28.781096071307857;24.524813220617943;34.05888888888512
578;51.50;7.50;True;False;False;False;837;46.50;13.50;True;False;False;False;1;16.39546495887771;0;16.39546495887771;16.39546495887771
578;51.50;7.50;True;False;False;False;866;31.50;14.50;True;False;False;False;1;25.68935145648993;0;25.68935145648993;25.68935145648993
578;51.50;7.50;True;False;False;False;1017;50.50;17.50;True;False;False;False;1;13.99074394183117;0;13.99074394183117;13.99074394183117
578;51.50;7.50;True;False;False;False;1101;46.50;19.50;True;False;False;False;1;18.61564615223142;0;18.61564615223142;18.61564615223142
578;51.50;7.50;True;False;False;False;1364;45.50;25.50;True;False;False;False;1;23.29444444444016;0;23.29444444444016;23.29444444444016
579;52.50;7.50;True;False;False;False;12;61.50;3.50;False;False;True;False;6;106.54408140724195;793.6368775157207;71.9839826803036;142.0595598335949
579;52.50;7.50;True;False;False;False;28;61.50;9.50;False;False;True;False;7;88.85146374474236;675.0581268983024;59.73851772142325;130.08120170778966
579;52.50;7.50;True;False;False;False;44;61.50;15.50;False;False;True;False;5;96.60796583886031;792.2127248777308;70.25120490252402;139.6362128988967
579;52.50;7.50;True;False;False;False;60;61.50;21.50;False;False;True;False;4;69.16965387775133;877.9845364627828;42.1134271247447;100.47296616405356
579;52.50;7.50;True;False;False;False;92;0.50;12.50;False;True;False;False;1;269.17717828029345;0;269.17717828029345;269.17717828029345
579;52.50;7.50;True;False;False;False;733;30.50;11.50;True;False;False;False;1;24.58676045807806;0;24.58676045807806;24.58676045807806
579;52.50;7.50;True;False;False;False;734;31.50;11.50;True;False;False;False;1;23.596297890486312;0;23.596297890486312;23.596297890486312
579;52.50;7.50;True;False;False;False;735;32.50;11.50;True;False;False;False;1;33.04769117928686;0;33.04769117928686;33.04769117928686
579;52.50;7.50;True;False;False;False;748;45.50;11.50;True;False;False;False;1;15.03041753864818;0;15.03041753864818;15.03041753864818
579;52.50;7.50;True;False;False;False;820;29.50;13.50;True;False;False;False;1;26.339588047387224;0;26.339588047387224;26.339588047387224
579;52.50;7.50;True;False;False;False;821;30.50;13.50;True;False;False;False;4;28.049262055443933;19.142041929526286;25.821948040902498;34.61176045807224
579;52.50;7.50;True;False;False;False;822;31.50;13.50;True;False;False;False;4;26.861135156783803;3.198113523145545;25.291021317876584;28.664624834344067
579;52.50;7.50;True;False;False;False;823;32.50;13.50;True;False;False;False;1;24.858059152025817;0;24.858059152025817;24.858059152025817
579;52.50;7.50;True;False;False;False;864;29.50;14.50;True;False;False;False;3;35.20439373172318;58.503170493570934;27.389167068391544;42.674989612340596
579;52.50;7.50;True;False;False;False;866;31.50;14.50;True;False;False;False;2;31.800685453291408;24.85313796840067;28.27555155736627;35.325819349216545
579;52.50;7.50;True;False;False;False;972;49.50;16.50;True;False;False;False;1;18.76453823585325;0;18.76453823585325;18.76453823585325
579;52.50;7.50;True;False;False;False;973;50.50;16.50;True;False;False;False;1;15.334542234040782;0;15.334542234040782;15.334542234040782
579;52.50;7.50;True;False;False;False;1099;44.50;19.50;True;False;False;False;1;20.88147988729088;0;20.88147988729088;20.88147988729088
579;52.50;7.50;True;False;False;False;1385;22.50;26.50;True;False;False;False;1;52.170193972298875;0;52.170193972298875;52.170193972298875
580;9.50;8.50;True;False;False;False;12;61.50;3.50;False;False;True;False;1;267.7074146066734;0;267.7074146066734;267.7074146066734
580;9.50;8.50;True;False;False;False;44;61.50;15.50;False;False;True;False;1;73.81953903930116;0;73.81953903930116;73.81953903930116
580;9.50;8.50;True;False;False;False;60;61.50;21.50;False;False;True;False;1;105.93222302566892;0;105.93222302566892;105.93222302566892
580;9.50;8.50;True;False;False;False;349;42.50;2.50;True;False;False;False;1;32.833708498984834;0;32.833708498984834;32.833708498984834
580;9.50;8.50;True;False;False;False;466;27.50;5.50;True;False;False;False;1;20.81842473348297;0;20.81842473348297;20.81842473348297
580;9.50;8.50;True;False;False;False;1136;37.50;20.50;True;False;False;False;1;33.11185105475306;0;33.11185105475306;33.11185105475306
580;9.50;8.50;True;False;False;False;1273;42.50;23.50;True;False;False;False;1;39.90731601363268;0;39.90731601363268;39.90731601363268
585;14.50;8.50;True;False;False;False;12;61.50;3.50;False;False;True;False;2;109.05194484616095;3091.9211736040897;69.73323954191619;148.3706501504057
585;14.50;8.50;True;False;False;False;44;61.50;15.50;False;False;True;False;1;58.30240661031348;0;58.30240661031348;58.30240661031348
585;14.50;8.50;True;False;False;False;615;44.50;8.50;True;False;False;False;1;22.948333333328264;0;22.948333333328264;22.948333333328264
585;14.50;8.50;True;False;False;False;876;41.50;14.50;True;False;False;False;1;28.942031444661552;0;28.942031444661552;28.942031444661552
585;14.50;8.50;True;False;False;False;975;52.50;16.50;True;False;False;False;1;38.263239541920484;0;38.263239541920484;38.263239541920484
585;14.50;8.50;True;False;False;False;999;32.50;17.50;True;False;False;False;1;24.865086598489142;0;24.865086598489142;24.865086598489142
586;15.50;8.50;True;False;False;False;12;61.50;3.50;False;False;True;False;1;179.93624725652626;0;179.93624725652626;179.93624725652626
588;17.50;8.50;True;False;False;False;28;61.50;9.50;False;False;True;False;1;112.14627870305958;0;112.14627870305958;112.14627870305958
588;17.50;8.50;True;False;False;False;60;61.50;21.50;False;False;True;False;1;34.12919231227352;0;34.12919231227352;34.12919231227352
588;17.50;8.50;True;False;False;False;303;40.50;1.50;True;False;False;False;1;27.055281374232436;0;27.055281374232436;27.055281374232436
590;19.50;8.50;True;False;False;False;28;61.50;9.50;False;False;True;False;1;102.01831917362324;0;102.01831917362324;102.01831917362324
590;19.50;8.50;True;False;False;False;44;61.50;15.50;False;False;True;False;1;70.17186622497684;0;70.17186622497684;70.17186622497684
590;19.50;8.50;True;False;False;False;752;49.50;11.50;True;False;False;False;1;28.83312575958189;0;28.83312575958189;28.83312575958189
590;19.50;8.50;True;False;False;False;841;50.50;13.50;True;False;False;False;1;31.28343112292987;0;31.28343112292987;31.28343112292987
593;22.50;8.50;True;False;False;False;60;61.50;21.50;False;False;True;False;1;90.35161492677071;0;90.35161492677071;90.35161492677071
593;22.50;8.50;True;False;False;False;447;52.50;4.50;True;False;False;False;1;29.53740980504881;0;29.53740980504881;29.53740980504881
593;22.50;8.50;True;False;False;False;822;31.50;13.50;True;False;False;False;1;18.953430319474137;0;18.953430319474137;18.953430319474137
595;24.50;8.50;True;False;False;False;28;61.50;9.50;False;False;True;False;1;189.69482360828226;0;189.69482360828226;189.69482360828226
595;24.50;8.50;True;False;False;False;60;61.50;21.50;False;False;True;False;1;89.710077731821;0;89.710077731821;89.710077731821
595;24.50;8.50;True;False;False;False;441;46.50;4.50;True;False;False;False;1;23.971017319699058;0;23.971017319699058;23.971017319699058
595;24.50;8.50;True;False;False;False;548;21.50;7.50;True;False;False;False;1;9.304819610100822;0;9.304819610100822;9.304819610100822
596;25.50;8.50;True;False;False;False;76;0.50;6.50;False;True;False;False;1;580.0111327089476;0;580.0111327089476;580.0111327089476
596;25.50;8.50;True;False;False;False;822;31.50;13.50;True;False;False;False;1;15.220747136552745;0;15.220747136552745;15.220747136552745
597;26.50;8.50;True;False;False;False;28;61.50;9.50;False;False;True;False;2;124.91451625535046;1076.035864329481;101.71930269382574;148.1097298168752
597;26.50;8.50;True;False;False;False;124;0.50;24.50;False;True;False;False;1;581.5826133805567;0;581.5826133805567;581.5826133805567
597;26.50;8.50;True;False;False;False;733;30.50;11.50;True;False;False;False;1;12.16416307019972;0;12.16416307019972;12.16416307019972
597;26.50;8.50;True;False;False;False;748;45.50;11.50;True;False;False;False;1;26.28334372097379;0;26.28334372097379;26.28334372097379
597;26.50;8.50;True;False;False;False;822;31.50;13.50;True;False;False;False;1;23.22657687343053;0;23.22657687343053;23.22657687343053
598;27.50;8.50;True;False;False;False;12;61.50;3.50;False;False;True;False;2;127.71449893478439;935.6295991588307;106.08547215179169;149.34352571777708
598;27.50;8.50;True;False;False;False;92;0.50;12.50;False;True;False;False;1;273.3035321072457;0;273.3035321072457;273.3035321072457
598;27.50;8.50;True;False;False;False;108;0.50;18.50;False;True;False;False;1;564.5727373256159;0;564.5727373256159;564.5727373256159
598;27.50;8.50;True;False;False;False;485;46.50;5.50;True;False;False;False;1;21.679065280572104;0;21.679065280572104;21.679065280572104
598;27.50;8.50;True;False;False;False;551;24.50;7.50;True;False;False;False;1;9.20833333333212;0;9.20833333333212;9.20833333333212
598;27.50;8.50;True;False;False;False;822;31.50;13.50;True;False;False;False;1;13.613423930004501;0;13.613423930004501;13.613423930004501
600;29.50;8.50;True;False;False;False;12;61.50;3.50;False;False;True;False;3;114.5301357924521;146.93032332598833;101.82573674891319;125.96947665616244
600;29.50;8.50;True;False;False;False;548;21.50;7.50;True;False;False;False;1;12.571021317889972;0;12.571021317889972;12.571021317889972
600;29.50;8.50;True;False;False;False;607;36.50;8.50;True;False;False;False;1;10.741486276761862;0;10.741486276761862;10.741486276761862
600;29.50;8.50;True;False;False;False;821;30.50;13.50;True;False;False;False;1;19.213149748695287;0;19.213149748695287;19.213149748695287
600;29.50;8.50;True;False;False;False;822;31.50;13.50;True;False;False;False;1;12.203427124746213;0;12.203427124746213;12.203427124746213
601;30.50;8.50;True;False;False;False;12;61.50;3.50;False;False;True;False;1;140.58028456895408;0;140.58028456895408;140.58028456895408
601;30.50;8.50;True;False;False;False;28;61.50;9.50;False;False;True;False;1;63.230212062904684;0;63.230212062904684;63.230212062904684
601;30.50;8.50;True;False;False;False;76;0.50;6.50;False;True;False;False;1;482.10224668166484;0;482.10224668166484;482.10224668166484
601;30.50;8.50;True;False;False;False;108;0.50;18.50;False;True;False;False;1;539.5368590510843;0;539.5368590510843;539.5368590510843
601;30.50;8.50;True;False;False;False;314;51.50;1.50;True;False;False;False;1;25.306375708220003;0;25.306375708220003;25.306375708220003
601;30.50;8.50;True;False;False;False;754;51.50;11.50;True;False;False;False;1;23.33837570632022;0;23.33837570632022;23.33837570632022
601;30.50;8.50;True;False;False;False;820;29.50;13.50;True;False;False;False;1;10.202316013641394;0;10.202316013641394;10.202316013641394
601;30.50;8.50;True;False;False;False;821;30.50;13.50;True;False;False;False;1;7.05185424949741;0;7.05185424949741;7.05185424949741
602;31.50;8.50;True;False;False;False;12;61.50;3.50;False;False;True;False;2;146.360034107224;65.54558770808222;140.63528137421963;152.0847868402284
602;31.50;8.50;True;False;False;False;44;61.50;15.50;False;False;True;False;1;51.264173457857396;0;51.264173457857396;51.264173457857396
602;31.50;8.50;True;False;False;False;734;31.50;11.50;True;False;False;False;1;6.743614707571396;0;6.743614707571396;6.743614707571396
602;31.50;8.50;True;False;False;False;822;31.50;13.50;True;False;False;False;1;14.583614707567904;0;14.583614707567904;14.583614707567904
602;31.50;8.50;True;False;False;False;836;45.50;13.50;True;False;False;False;1;19.950736748911822;0;19.950736748911822;19.950736748911822
603;32.50;8.50;True;False;False;False;28;61.50;9.50;False;False;True;False;1;102.30758539336239;0;102.30758539336239;102.30758539336239
603;32.50;8.50;True;False;False;False;44;61.50;15.50;False;False;True;False;3;119.24210569264203;3379.261786180513;52.387965360594535;157.8801955791896
603;32.50;8.50;True;False;False;False;60;61.50;21.50;False;False;True;False;1;116.33435784593166;0;116.33435784593166;116.33435784593166
603;32.50;8.50;True;False;False;False;76;0.50;6.50;False;True;False;False;1;576.6292760490578;0;576.6292760490578;576.6292760490578
603;32.50;8.50;True;False;False;False;108;0.50;18.50;False;True;False;False;1;604.5376133805676;0;604.5376133805676;604.5376133805676
603;32.50;8.50;True;False;False;False;313;50.50;1.50;True;False;False;False;1;23.756650692983385;0;23.756650692983385;23.756650692983385
603;32.50;8.50;True;False;False;False;314;51.50;1.50;True;False;False;False;1;24.99268398636559;0;24.99268398636559;24.99268398636559
603;32.50;8.50;True;False;False;False;342;35.50;2.50;True;False;False;False;1;14.17723260989078;0;14.17723260989078;14.17723260989078
603;32.50;8.50;True;False;False;False;454;15.50;5.50;True;False;False;False;1;23.48536399360455;0;23.48536399360455;23.48536399360455
603;32.50;8.50;True;False;False;False;820;29.50;13.50;True;False;False;False;2;12.51574473574874;0.7886669330708078;11.88778497068779;13.14370450080969
603;32.50;8.50;True;False;False;False;821;30.50;13.50;True;False;False;False;1;11.826576873441809;0;11.826576873441809;11.826576873441809
605;34.50;8.50;True;False;False;False;12;61.50;3.50;False;False;True;False;1;98.97731362234845;0;98.97731362234845;98.97731362234845
605;34.50;8.50;True;False;False;False;28;61.50;9.50;False;False;True;False;1;77.53611111110513;0;77.53611111110513;77.53611111110513
605;34.50;8.50;True;False;False;False;44;61.50;15.50;False;False;True;False;2;120.62621249715448;781.1351188043162;100.86343031948127;140.3889946748277
605;34.50;8.50;True;False;False;False;124;0.50;24.50;False;True;False;False;1;565.472966967438;0;565.472966967438;565.472966967438
605;34.50;8.50;True;False;False;False;701;42.50;10.50;True;False;False;False;1;14.606666666659294;0;14.606666666659294;14.606666666659294
605;34.50;8.50;True;False;False;False;820;29.50;13.50;True;False;False;False;2;14.619246866150206;1.101479544144973;13.877128430809535;15.361365301490878
605;34.50;8.50;True;False;False;False;822;31.50;13.50;True;False;False;False;1;12.117049025238884;0;12.117049025238884;12.117049025238884
605;34.50;8.50;True;False;False;False;866;31.50;14.50;True;False;False;False;1;12.618614707572078;0;12.618614707572078;12.618614707572078
605;34.50;8.50;True;False;False;False;1009;42.50;17.50;True;False;False;False;1;19.09926405454462;0;19.09926405454462;19.09926405454462
606;35.50;8.50;True;False;False;False;28;61.50;9.50;False;False;True;False;1;119.5776951774642;0;119.5776951774642;119.5776951774642
606;35.50;8.50;True;False;False;False;44;61.50;15.50;False;False;True;False;1;106.88271354242897;0;106.88271354242897;106.88271354242897
606;35.50;8.50;True;False;False;False;749;46.50;11.50;True;False;False;False;1;16.761060278822697;0;16.761060278822697;16.761060278822697
606;35.50;8.50;True;False;False;False;864;29.50;14.50;True;False;False;False;1;28.133333333331393;0;28.133333333331393;28.133333333331393
607;36.50;8.50;True;False;False;False;28;61.50;9.50;False;False;True;False;4;107.40389468052763;488.56888157657323;82.87047295523735;136.520192365384
607;36.50;8.50;True;False;False;False;92;0.50;12.50;False;True;False;False;1;250.4649059820331;0;250.4649059820331;250.4649059820331
607;36.50;8.50;True;False;False;False;544;17.50;7.50;True;False;False;False;1;19.759347458291813;0;19.759347458291813;19.759347458291813
607;36.50;8.50;True;False;False;False;732;29.50;11.50;True;False;False;False;1;14.915743138379185;0;14.915743138379185;14.915743138379185
607;36.50;8.50;True;False;False;False;752;49.50;11.50;True;False;False;False;1;18.42777777777519;0;18.42777777777519;18.42777777777519
607;36.50;8.50;True;False;False;False;807;16.50;13.50;True;False;False;False;1;24.588427124734153;0;24.588427124734153;24.588427124734153
607;36.50;8.50;True;False;False;False;822;31.50;13.50;True;False;False;False;1;13.843608318115002;0;13.843608318115002;13.843608318115002
607;36.50;8.50;True;False;False;False;823;32.50;13.50;True;False;False;False;1;12.84787156919083;0;12.84787156919083;12.84787156919083
608;37.50;8.50;True;False;False;False;12;61.50;3.50;False;False;True;False;4;110.88382215851493;2246.4127420507757;79.58342393000567;181.21465447633636
608;37.50;8.50;True;False;False;False;28;61.50;9.50;False;False;True;False;3;112.99410469183628;1005.7080788082321;82.32435065301252;145.65620650943129
608;37.50;8.50;True;False;False;False;44;61.50;15.50;False;False;True;False;1;81.37277138830746;0;81.37277138830746;81.37277138830746
608;37.50;8.50;True;False;False;False;92;0.50;12.50;False;True;False;False;1;241.66760458078488;0;241.66760458078488;241.66760458078488
608;37.50;8.50;True;False;False;False;108;0.50;18.50;False;True;False;False;2;539.8855743413033;2873.546760481771;501.9807807098787;577.7903679727278
608;37.50;8.50;True;False;False;False;431;36.50;4.50;True;False;False;False;1;9.739538235857253;0;9.739538235857253;9.739538235857253
608;37.50;8.50;True;False;False;False;572;45.50;7.50;True;False;False;False;1;11.828701306063977;0;11.828701306063977;11.828701306063977
608;37.50;8.50;True;False;False;False;574;47.50;7.50;True;False;False;False;1;13.215101854651948;0;13.215101854651948;13.215101854651948
608;37.50;8.50;True;False;False;False;615;44.50;8.50;True;False;False;False;1;8.867222222224882;0;8.867222222224882;8.867222222224882
608;37.50;8.50;True;False;False;False;733;30.50;11.50;True;False;False;False;1;13.874718625761602;0;13.874718625761602;13.874718625761602
608;37.50;8.50;True;False;False;False;820;29.50;13.50;True;False;False;False;2;16.191900918604006;1.0967267852099811;15.45138529243195;16.93241654477606
608;37.50;8.50;True;False;False;False;821;30.50;13.50;True;False;False;False;1;14.591944042714658;0;14.591944042714658;14.591944042714658
608;37.50;8.50;True;False;False;False;835;44.50;13.50;True;False;False;False;1;15.979722623949783;0;15.979722623949783;15.979722623949783
608;37.50;8.50;True;False;False;False;874;39.50;14.50;True;False;False;False;1;13.923050352223072;0;13.923050352223072;13.923050352223072
608;37.50;8.50;True;False;False;False;1007;40.50;17.50;True;False;False;False;1;15.35314974870198;0;15.35314974870198;15.35314974870198
610;39.50;8.50;True;False;False;False;12;61.50;3.50;False;False;True;False;2;103.54634239490588;84.16688743380003;97.05916706839434;110.03351772141741
610;39.50;8.50;True;False;False;False;864;29.50;14.50;True;False;False;False;1;17.722409805048073;0;17.722409805048073;17.722409805048073
610;39.50;8.50;True;False;False;False;866;31.50;14.50;True;False;False;False;1;29.32342712474383;0;29.32342712474383;29.32342712474383
610;39.50;8.50;True;False;False;False;1095;40.50;19.50;True;False;False;False;1;14.981392485355173;0;14.981392485355173;14.981392485355173
611;40.50;8.50;True;False;False;False;12;61.50;3.50;False;False;True;False;2;125.60407019530385;1469.582666142701;98.49703544283875;152.71110494776894
611;40.50;8.50;True;False;False;False;44;61.50;15.50;False;False;True;False;1;89.87555955373318;0;89.87555955373318;89.87555955373318
611;40.50;8.50;True;False;False;False;820;29.50;13.50;True;False;False;False;1;17.332962165869503;0;17.332962165869503;17.332962165869503
611;40.50;8.50;True;False;False;False;821;30.50;13.50;True;False;False;False;1;30.36606445634243;0;30.36606445634243;30.36606445634243
611;40.50;8.50;True;False;False;False;822;31.50;13.50;True;False;False;False;1;16.629361040697404;0;16.629361040697404;16.629361040697404
612;41.50;8.50;True;False;False;False;12;61.50;3.50;False;False;True;False;1;88.38009459485693;0;88.38009459485693;88.38009459485693
612;41.50;8.50;True;False;False;False;28;61.50;9.50;False;False;True;False;1;98.65408046989978;0;98.65408046989978;98.65408046989978
612;41.50;8.50;True;False;False;False;44;61.50;15.50;False;False;True;False;1;92.16777858122532;0;92.16777858122532;92.16777858122532
612;41.50;8.50;True;False;False;False;669;10.50;10.50;True;False;False;False;1;29.103336528067302;0;29.103336528067302;29.103336528067302
612;41.50;8.50;True;False;False;False;822;31.50;13.50;True;False;False;False;1;24.86138529244272;0;24.86138529244272;24.86138529244272
612;41.50;8.50;True;False;False;False;865;30.50;14.50;True;False;False;False;1;19.288489753183512;0;19.288489753183512;19.288489753183512
613;42.50;8.50;True;False;False;False;12;61.50;3.50;False;False;True;False;1;106.70676126150556;0;106.70676126150556;106.70676126150556
613;42.50;8.50;True;False;False;False;28;61.50;9.50;False;False;True;False;2;82.42468251943319;3350.0077091138155;41.497871569190465;123.35149346967592
613;42.50;8.50;True;False;False;False;44;61.50;15.50;False;False;True;False;3;101.12187822589492;394.49325646672;81.04899306794687;120.76575113475383
613;42.50;8.50;True;False;False;False;307;44.50;1.50;True;False;False;False;1;13.42463202727049;0;13.42463202727049;13.42463202727049
613;42.50;8.50;True;False;False;False;734;31.50;11.50;True;False;False;False;1;17.317319208370463;0;17.317319208370463;17.317319208370463
613;42.50;8.50;True;False;False;False;821;30.50;13.50;True;False;False;False;1;18.59480922243847;0;18.59480922243847;18.59480922243847
613;42.50;8.50;True;False;False;False;864;29.50;14.50;True;False;False;False;1;19.107135623731438;0;19.107135623731438;19.107135623731438
613;42.50;8.50;True;False;False;False;866;31.50;14.50;True;False;False;False;1;19.159870687724833;0;19.159870687724833;19.159870687724833
613;42.50;8.50;True;False;False;False;1204;17.50;22.50;True;False;False;False;1;33.97471862574821;0;33.97471862574821;33.97471862574821
615;44.50;8.50;True;False;False;False;12;61.50;3.50;False;False;True;False;2;92.03125379731554;520.6379037181205;75.89685105475763;108.16565653987345
615;44.50;8.50;True;False;False;False;28;61.50;9.50;False;False;True;False;7;113.73100939089169;609.3636631122216;84.89171569371683;142.7818526616611
615;44.50;8.50;True;False;False;False;44;61.50;15.50;False;False;True;False;1;96.3986981113685;0;96.3986981113685;96.3986981113685
615;44.50;8.50;True;False;False;False;60;61.50;21.50;False;False;True;False;2;121.04968479749186;1853.5757285023858;90.60649402761373;151.49287556737
615;44.50;8.50;True;False;False;False;76;0.50;6.50;False;True;False;False;2;594.5880374314947;1254.3874437339684;569.5442014260625;619.631873436927
615;44.50;8.50;True;False;False;False;124;0.50;24.50;False;True;False;False;2;579.0107381949856;1864.7996756852413;548.475515290238;609.5459610997332
615;44.50;8.50;True;False;False;False;432;37.50;4.50;True;False;False;False;1;14.326666666667734;0;14.326666666667734;14.326666666667734
615;44.50;8.50;True;False;False;False;621;50.50;8.50;True;False;False;False;1;8.466576069997245;0;8.466576069997245;8.466576069997245
615;44.50;8.50;True;False;False;False;685;26.50;10.50;True;False;False;False;1;23.62528217769068;0;23.62528217769068;23.62528217769068
615;44.50;8.50;True;False;False;False;732;29.50;11.50;True;False;False;False;1;29.670794859284797;0;29.670794859284797;29.670794859284797
615;44.50;8.50;True;False;False;False;733;30.50;11.50;True;False;False;False;1;18.925912337177692;0;18.925912337177692;18.925912337177692
615;44.50;8.50;True;False;False;False;752;49.50;11.50;True;False;False;False;1;13.066569680519024;0;13.066569680519024;13.066569680519024
615;44.50;8.50;True;False;False;False;816;25.50;13.50;True;False;False;False;1;24.332451639184;0;24.332451639184;24.332451639184
615;44.50;8.50;True;False;False;False;820;29.50;13.50;True;False;False;False;1;39.036208900710335;0;39.036208900710335;39.036208900710335
615;44.50;8.50;True;False;False;False;821;30.50;13.50;True;False;False;False;3;23.49436167715491;13.350693814747364;19.378607514634496;26.35605439027313
615;44.50;8.50;True;False;False;False;822;31.50;13.50;True;False;False;False;2;19.495048091354874;0.27468584545360836;19.12445003047651;19.86564615223324
615;44.50;8.50;True;False;False;False;823;32.50;13.50;True;False;False;False;1;18.58676045807806;0;18.58676045807806;18.58676045807806
615;44.50;8.50;True;False;False;False;864;29.50;14.50;True;False;False;False;1;21.480090596680384;0;21.480090596680384;21.480090596680384
615;44.50;8.50;True;False;False;False;939;16.50;16.50;True;False;False;False;1;31.25878870798624;0;31.25878870798624;31.25878870798624
616;45.50;8.50;True;False;False;False;12;61.50;3.50;False;False;True;False;1;165.3350284782464;0;165.3350284782464;165.3350284782464
616;45.50;8.50;True;False;False;False;28;61.50;9.50;False;False;True;False;2;67.54172235265833;178.07528688288323;58.10574633311262;76.97769837220403
616;45.50;8.50;True;False;False;False;44;61.50;15.50;False;False;True;False;3;115.29969482268916;80.73080676110702;105.5013924853265;123.15278577415756
616;45.50;8.50;True;False;False;False;60;61.50;21.50;False;False;True;False;1;99.21250679120203;0;99.21250679120203;99.21250679120203
616;45.50;8.50;True;False;False;False;315;52.50;1.50;True;False;False;False;1;22.480091400124365;0;22.480091400124365;22.480091400124365
616;45.50;8.50;True;False;False;False;481;42.50;5.50;True;False;False;False;1;10.725092987961034;0;10.725092987961034;10.725092987961034
616;45.50;8.50;True;False;False;False;536;9.50;7.50;True;False;False;False;1;30.93611111111295;0;30.93611111111295;30.93611111111295
616;45.50;8.50;True;False;False;False;711;52.50;10.50;True;False;False;False;1;13.321295499197731;0;13.321295499197731;13.321295499197731
616;45.50;8.50;True;False;False;False;747;44.50;11.50;True;False;False;False;1;9.674628832533926;0;9.674628832533926;9.674628832533926
616;45.50;8.50;True;False;False;False;821;30.50;13.50;True;False;False;False;1;21.45577880955716;0;21.45577880955716;21.45577880955716
616;45.50;8.50;True;False;False;False;822;31.50;13.50;True;False;False;False;1;19.439877436965617;0;19.439877436965617;19.439877436965617
617;46.50;8.50;True;False;False;False;60;61.50;21.50;False;False;True;False;1;52.58972262393945;0;52.58972262393945;52.58972262393945
617;46.50;8.50;True;False;False;False;486;47.50;5.50;True;False;False;False;1;9.049076471710578;0;9.049076471710578;9.049076471710578
618;47.50;8.50;True;False;False;False;12;61.50;3.50;False;False;True;False;6;95.44843542986018;956.9126783146746;67.35981961009384;148.81009939648902
618;47.50;8.50;True;False;False;False;28;61.50;9.50;False;False;True;False;4;86.28180944043925;182.84835412065868;70.68861470756383;100.96221983093346
618;47.50;8.50;True;False;False;False;344;37.50;2.50;True;False;False;False;1;17.774999999999636;0;17.774999999999636;17.774999999999636
618;47.50;8.50;True;False;False;False;578;51.50;7.50;True;False;False;False;1;9.3181385575881;0;9.3181385575881;9.3181385575881
618;47.50;8.50;True;False;False;False;616;45.50;8.50;True;False;False;False;1;4.62925686161816;0;4.62925686161816;4.62925686161816
618;47.50;8.50;True;False;False;False;821;30.50;13.50;True;False;False;False;1;25.93587315898185;0;25.93587315898185;25.93587315898185
618;47.50;8.50;True;False;False;False;822;31.50;13.50;True;False;False;False;2;21.175929123834067;0.017009287295669185;21.08370849898347;21.268149748684664
618;47.50;8.50;True;False;False;False;976;9.50;17.50;True;False;False;False;1;38.88580496343275;0;38.88580496343275;38.88580496343275
618;47.50;8.50;True;False;False;False;1016;49.50;17.50;True;False;False;False;2;15.103007464204438;0.483922463529266;14.611111914555295;15.594903013853582
618;47.50;8.50;True;False;False;False;1336;17.50;25.50;True;False;False;False;1;40.73093746093218;0;40.73093746093218;40.73093746093218
620;49.50;8.50;True;False;False;False;12;61.50;3.50;False;False;True;False;3;118.45298853354446;2205.657317482063;67.83935784594723;160.6225619241959
620;49.50;8.50;True;False;False;False;28;61.50;9.50;False;False;True;False;4;126.39107518467586;2226.4676381522468;95.28296935878734;196.57604199025081
620;49.50;8.50;True;False;False;False;44;61.50;15.50;False;False;True;False;2;118.86148827583565;2746.709831632682;81.8026847898036;155.9202917618677
620;49.50;8.50;True;False;False;False;60;61.50;21.50;False;False;True;False;1;112.35863125856031;0;112.35863125856031;112.35863125856031
620;49.50;8.50;True;False;False;False;92;0.50;12.50;False;True;False;False;1;268.00945244079776;0;268.00945244079776;268.00945244079776
620;49.50;8.50;True;False;False;False;124;0.50;24.50;False;True;False;False;1;594.9329709846243;0;594.9329709846243;594.9329709846243
620;49.50;8.50;True;False;False;False;445;50.50;4.50;True;False;False;False;1;10.088888888887595;0;10.088888888887595;10.088888888887595
620;49.50;8.50;True;False;False;False;723;20.50;11.50;True;False;False;False;1;28.66722222221142;0;28.66722222221142;28.66722222221142
620;49.50;8.50;True;False;False;False;820;29.50;13.50;True;False;False;False;1;24.16110630946787;0;24.16110630946787;24.16110630946787
620;49.50;8.50;True;False;False;False;821;30.50;13.50;True;False;False;False;3;23.387655388014235;0.5963420058664575;22.669448442618886;24.204444444443652
620;49.50;8.50;True;False;False;False;825;34.50;13.50;True;False;False;False;1;28.368333333333368;0;28.368333333333368;28.368333333333368
620;49.50;8.50;True;False;False;False;865;30.50;14.50;True;False;False;False;1;24.6289063665281;0;24.6289063665281;24.6289063665281
620;49.50;8.50;True;False;False;False;876;41.50;14.50;True;False;False;False;1;17.453992264498083;0;17.453992264498083;17.453992264498083
620;49.50;8.50;True;False;False;False;1131;32.50;20.50;True;False;False;False;1;26.454653851604235;0;26.454653851604235;26.454653851604235
620;49.50;8.50;True;False;False;False;1227;40.50;22.50;True;False;False;False;1;22.991780203798953;0;22.991780203798953;22.991780203798953
620;49.50;8.50;True;False;False;False;1233;46.50;22.50;True;False;False;False;1;22.274414850315225;0;22.274414850315225;22.274414850315225
620;49.50;8.50;True;False;False;False;1237;50.50;22.50;True;False;False;False;1;16.08727980347612;0;16.08727980347612;16.08727980347612
621;50.50;8.50;True;False;False;False;12;61.50;3.50;False;False;True;False;3;133.23602451261286;98.32704781095643;127.49787876209666;144.6860245126245
621;50.50;8.50;True;False;False;False;28;61.50;9.50;False;False;True;False;1;50.04239966288878;0;50.04239966288878;50.04239966288878
621;50.50;8.50;True;False;False;False;44;61.50;15.50;False;False;True;False;1;92.1983341367818;0;92.1983341367818;92.1983341367818
621;50.50;8.50;True;False;False;False;60;61.50;21.50;False;False;True;False;1;59.711275508252584;0;59.711275508252584;59.711275508252584
621;50.50;8.50;True;False;False;False;488;49.50;5.50;True;False;False;False;1;8.784167068390161;0;8.784167068390161;8.784167068390161
621;50.50;8.50;True;False;False;False;623;52.50;8.50;True;False;False;False;1;5.694815611906961;0;5.694815611906961;5.694815611906961
621;50.50;8.50;True;False;False;False;750;47.50;11.50;True;False;False;False;1;10.878993871412604;0;10.878993871412604;10.878993871412604
621;50.50;8.50;True;False;False;False;822;31.50;13.50;True;False;False;False;1;24.242777777781157;0;24.242777777781157;24.242777777781157
621;50.50;8.50;True;False;False;False;825;34.50;13.50;True;False;False;False;1;21.156854249492397;0;21.156854249492397;21.156854249492397
621;50.50;8.50;True;False;False;False;885;50.50;14.50;True;False;False;False;1;17.67710524514041;0;17.67710524514041;17.67710524514041
621;50.50;8.50;True;False;False;False;1233;46.50;22.50;True;False;False;False;1;19.68027817950042;0;19.68027817950042;19.68027817950042
622;51.50;8.50;True;False;False;False;12;61.50;3.50;False;False;True;False;2;112.89012547391212;1046.6643496064319;90.01367087965264;135.7665800681716
622;51.50;8.50;True;False;False;False;28;61.50;9.50;False;False;True;False;1;82.63213242900383;0;82.63213242900383;82.63213242900383
622;51.50;8.50;True;False;False;False;44;61.50;15.50;False;False;True;False;1;109.4471627044718;0;109.4471627044718;109.4471627044718
622;51.50;8.50;True;False;False;False;447;52.50;4.50;True;False;False;False;1;10.129076471713688;0;10.129076471713688;10.129076471713688
622;51.50;8.50;True;False;False;False;538;11.50;7.50;True;False;False;False;1;33.336948825288346;0;33.336948825288346;33.336948825288346
622;51.50;8.50;True;False;False;False;698;39.50;10.50;True;False;False;False;1;16.384715676542328;0;16.384715676542328;16.384715676542328
622;51.50;8.50;True;False;False;False;752;49.50;11.50;True;False;False;False;1;10.447874763933214;0;10.447874763933214;10.447874763933214
623;52.50;8.50;True;False;False;False;12;61.50;3.50;False;False;True;False;9;92.78677546880049;643.3774752551969;55.76175406858056;147.2586147075599
623;52.50;8.50;True;False;False;False;28;61.50;9.50;False;False;True;False;2;84.41518578214618;32.54292517510549;80.38139568007682;88.44897588421554
623;52.50;8.50;True;False;False;False;44;61.50;15.50;False;False;True;False;6;83.07085845146139;1196.1907790414614;29.32648308203352;120.5585482583956
623;52.50;8.50;True;False;False;False;60;61.50;21.50;False;False;True;False;1;89.71065653988626;0;89.71065653988626;89.71065653988626
623;52.50;8.50;True;False;False;False;76;0.50;6.50;False;True;False;False;1;550.7967740404692;0;550.7967740404692;550.7967740404692
623;52.50;8.50;True;False;False;False;92;0.50;12.50;False;True;False;False;1;243.68699329625815;0;243.68699329625815;243.68699329625815
623;52.50;8.50;True;False;False;False;108;0.50;18.50;False;True;False;False;1;546.5921553694525;0;546.5921553694525;546.5921553694525
623;52.50;8.50;True;False;False;False;124;0.50;24.50;False;True;False;False;1;565.1466946539149;0;565.1466946539149;565.1466946539149
623;52.50;8.50;True;False;False;False;491;52.50;5.50;True;False;False;False;1;9.217138818450621;0;9.217138818450621;9.217138818450621
623;52.50;8.50;True;False;False;False;601;30.50;8.50;True;False;False;False;1;17.707634732798397;0;17.707634732798397;17.707634732798397
623;52.50;8.50;True;False;False;False;732;29.50;11.50;True;False;False;False;1;24.048145750506592;0;24.048145750506592;24.048145750506592
623;52.50;8.50;True;False;False;False;733;30.50;11.50;True;False;False;False;1;24.180555555552928;0;24.180555555552928;24.180555555552928
623;52.50;8.50;True;False;False;False;734;31.50;11.50;True;False;False;False;1;22.559444444439578;0;22.559444444439578;22.559444444439578
623;52.50;8.50;True;False;False;False;735;32.50;11.50;True;False;False;False;1;22.770573033190885;0;22.770573033190885;22.770573033190885
623;52.50;8.50;True;False;False;False;754;51.50;11.50;True;False;False;False;2;8.776631529854512;0.11714531487748892;8.534613643245393;9.018649416463631
623;52.50;8.50;True;False;False;False;821;30.50;13.50;True;False;False;False;1;25.018226724911074;0;25.018226724911074;25.018226724911074
623;52.50;8.50;True;False;False;False;822;31.50;13.50;True;False;False;False;1;28.640820152639208;0;28.640820152639208;28.640820152639208
623;52.50;8.50;True;False;False;False;835;44.50;13.50;True;False;False;False;1;15.790920333547547;0;15.790920333547547;15.790920333547547
623;52.50;8.50;True;False;False;False;838;47.50;13.50;True;False;False;False;1;13.781853446034802;0;13.781853446034802;13.781853446034802
623;52.50;8.50;True;False;False;False;843;52.50;13.50;True;False;False;False;1;6.299535041116542;0;6.299535041116542;6.299535041116542
623;52.50;8.50;True;False;False;False;864;29.50;14.50;True;False;False;False;2;33.183933785503086;94.47407140868688;26.31101332151229;40.05685424949388
623;52.50;8.50;True;False;False;False;866;31.50;14.50;True;False;False;False;1;32.99732001182019;0;32.99732001182019;32.99732001182019
623;52.50;8.50;True;False;False;False;867;32.50;14.50;True;False;False;False;1;24.531854249493335;0;24.531854249493335;24.531854249493335
623;52.50;8.50;True;False;False;False;991;24.50;17.50;True;False;False;False;1;35.52925686161325;0;35.52925686161325;35.52925686161325
623;52.50;8.50;True;False;False;False;1002;35.50;17.50;True;False;False;False;1;27.811754068610753;0;27.811754068610753;27.811754068610753
623;52.50;8.50;True;False;False;False;1018;51.50;17.50;True;False;False;False;1;18.090265646045737;0;18.090265646045737;18.090265646045737
623;52.50;8.50;True;False;False;False;1280;49.50;23.50;True;False;False;False;1;19.718145750507574;0;19.718145750507574;19.718145750507574
623;52.50;8.50;True;False;False;False;1370;51.50;25.50;True;False;False;False;1;18.15629869393888;0;18.15629869393888;18.15629869393888
668;9.50;10.50;True;False;False;False;28;61.50;9.50;False;False;True;False;1;106.07417426131133;0;106.07417426131133;106.07417426131133
668;9.50;10.50;True;False;False;False;60;61.50;21.50;False;False;True;False;2;150.09421596317537;5755.284431462923;96.4505563589737;203.73787556737707
668;9.50;10.50;True;False;False;False;333;26.50;2.50;True;False;False;False;1;24.342413803233285;0;24.342413803233285;24.342413803233285
668;9.50;10.50;True;False;False;False;480;41.50;5.50;True;False;False;False;1;32.299999999995634;0;32.299999999995634;32.299999999995634
668;9.50;10.50;True;False;False;False;854;19.50;14.50;True;False;False;False;1;16.327829735133946;0;16.327829735133946;16.327829735133946
669;10.50;10.50;True;False;False;False;28;61.50;9.50;False;False;True;False;1;183.5531511099689;0;183.5531511099689;183.5531511099689
669;10.50;10.50;True;False;False;False;568;41.50;7.50;True;False;False;False;1;31.050371167465528;0;31.050371167465528;31.050371167465528
670;11.50;10.50;True;False;False;False;44;61.50;15.50;False;False;True;False;1;77.69546495887698;0;77.69546495887698;77.69546495887698
670;11.50;10.50;True;False;False;False;841;50.50;13.50;True;False;False;False;1;45.13120490252186;0;45.13120490252186;45.13120490252186
671;12.50;10.50;True;False;False;False;60;61.50;21.50;False;False;True;False;1;103.0392640545374;0;103.0392640545374;103.0392640545374
671;12.50;10.50;True;False;False;False;880;45.50;14.50;True;False;False;False;1;34.32713242899399;0;34.32713242899399;34.32713242899399
676;17.50;10.50;True;False;False;False;28;61.50;9.50;False;False;True;False;2;94.20305835809904;998.7795578095511;71.8560277073666;116.55008900883149
676;17.50;10.50;True;False;False;False;579;52.50;7.50;True;False;False;False;1;32.98020644872304;0;32.98020644872304;32.98020644872304
676;17.50;10.50;True;False;False;False;830;39.50;13.50;True;False;False;False;1;24.788766306819525;0;24.788766306819525;24.788766306819525
679;20.50;10.50;True;False;False;False;28;61.50;9.50;False;False;True;False;1;64.82953823584467;0;64.82953823584467;64.82953823584467
680;21.50;10.50;True;False;False;False;12;61.50;3.50;False;False;True;False;1;213.45418464894283;0;213.45418464894283;213.45418464894283
681;22.50;10.50;True;False;False;False;28;61.50;9.50;False;False;True;False;1;138.8899165962339;0;138.8899165962339;138.8899165962339
683;24.50;10.50;True;False;False;False;328;21.50;2.50;True;False;False;False;1;14.564906208579487;0;14.564906208579487;14.564906208579487
684;25.50;10.50;True;False;False;False;28;61.50;9.50;False;False;True;False;1;129.82788195683315;0;129.82788195683315;129.82788195683315
684;25.50;10.50;True;False;False;False;92;0.50;12.50;False;True;False;False;3;254.22147934533282;74.96527572065705;245.57046895708572;262.8869488443197
684;25.50;10.50;True;False;False;False;812;21.50;13.50;True;False;False;False;1;11.911111111112405;0;11.911111111112405;11.911111111112405
684;25.50;10.50;True;False;False;False;821;30.50;13.50;True;False;False;False;2;13.021109112017257;1.320002504674179;12.208704500793829;13.833513723240685
684;25.50;10.50;True;False;False;False;837;46.50;13.50;True;False;False;False;1;25.168708498982596;0;25.168708498982596;25.168708498982596
685;26.50;10.50;True;False;False;False;28;61.50;9.50;False;False;True;False;1;43.938233936821234;0;43.938233936821234;43.938233936821234
685;26.50;10.50;True;False;False;False;44;61.50;15.50;False;False;True;False;2;72.56510298341527;46.85830107352917;67.72473620632445;77.4054697605061
685;26.50;10.50;True;False;False;False;711;52.50;10.50;True;False;False;False;1;21.456111111096106;0;21.456111111096106;21.456111111096106
685;26.50;10.50;True;False;False;False;820;29.50;13.50;True;False;False;False;1;11.095000803430594;0;11.095000803430594;11.095000803430594
685;26.50;10.50;True;False;False;False;821;30.50;13.50;True;False;False;False;1;12.42777777777519;0;12.42777777777519;12.42777777777519
686;27.50;10.50;True;False;False;False;12;61.50;3.50;False;False;True;False;2;109.81463042989981;1240.177140646356;84.91305276254752;134.7162080972521
686;27.50;10.50;True;False;False;False;60;61.50;21.50;False;False;True;False;1;103.93703863756673;0;103.93703863756673;103.93703863756673
686;27.50;10.50;True;False;False;False;738;35.50;11.50;True;False;False;False;1;12.462961362412898;0;12.462961362412898;12.462961362412898
686;27.50;10.50;True;False;False;False;813;22.50;13.50;True;False;False;False;1;12.322034639411868;0;12.322034639411868;12.322034639411868
686;27.50;10.50;True;False;False;False;820;29.50;13.50;True;False;False;False;1;10.223701306083967;0;10.223701306083967;10.223701306083967
688;29.50;10.50;True;False;False;False;28;61.50;9.50;False;False;True;False;3;89.73710116518969;288.98309479311035;77.15676126153085;109.07657687343453
688;29.50;10.50;True;False;False;False;108;0.50;18.50;False;True;False;False;1;663.6253021494849;0;663.6253021494849;663.6253021494849
688;29.50;10.50;True;False;False;False;613;42.50;8.50;True;False;False;False;1;19.523340526254287;0;19.523340526254287;19.523340526254287
688;29.50;10.50;True;False;False;False;623;52.50;8.50;True;False;False;False;1;23.92101086405455;0;23.92101086405455;23.92101086405455
688;29.50;10.50;True;False;False;False;745;42.50;11.50;True;False;False;False;1;15.355194775747805;0;15.355194775747805;15.355194775747805
688;29.50;10.50;True;False;False;False;842;51.50;13.50;True;False;False;False;1;25.272683986364996;0;25.272683986364996;25.272683986364996
688;29.50;10.50;True;False;False;False;964;41.50;16.50;True;False;False;False;1;19.828975487376738;0;19.828975487376738;19.828975487376738
689;30.50;10.50;True;False;False;False;12;61.50;3.50;False;False;True;False;2;143.38630229038154;967.3813670920034;121.39333333332615;165.37927124743692
689;30.50;10.50;True;False;False;False;28;61.50;9.50;False;False;True;False;1;130.01653905646526;0;130.01653905646526;130.01653905646526
689;30.50;10.50;True;False;False;False;108;0.50;18.50;False;True;False;False;1;617.2872653797149;0;617.2872653797149;617.2872653797149
689;30.50;10.50;True;False;False;False;561;34.50;7.50;True;False;False;False;1;12.961111111111677;0;12.961111111111677;12.961111111111677
689;30.50;10.50;True;False;False;False;607;36.50;8.50;True;False;False;False;1;13.170649346966457;0;13.170649346966457;13.170649346966457
689;30.50;10.50;True;False;False;False;691;32.50;10.50;True;False;False;False;1;4.935590177792619;0;4.935590177792619;4.935590177792619
689;30.50;10.50;True;False;False;False;822;31.50;13.50;True;False;False;False;1;9.91313161017024;0;9.91313161017024;9.91313161017024
690;31.50;10.50;True;False;False;False;12;61.50;3.50;False;False;True;False;3;95.69582933024564;18.031090838755954;91.23937381963333;99.69495912976708
690;31.50;10.50;True;False;False;False;28;61.50;9.50;False;False;True;False;1;64.97981641534716;0;64.97981641534716;64.97981641534716
690;31.50;10.50;True;False;False;False;44;61.50;15.50;False;False;True;False;1;110.02989381725638;0;110.02989381725638;110.02989381725638
690;31.50;10.50;True;False;False;False;92;0.50;12.50;False;True;False;False;1;342.7460221213353;0;342.7460221213353;342.7460221213353
690;31.50;10.50;True;False;False;False;429;34.50;4.50;True;False;False;False;1;15.82361151283476;0;15.82361151283476;15.82361151283476
690;31.50;10.50;True;False;False;False;562;35.50;7.50;True;False;False;False;1;12.381843861835335;0;12.381843861835335;12.381843861835335
690;31.50;10.50;True;False;False;False;567;40.50;7.50;True;False;False;False;1;15.401941651434413;0;15.401941651434413;15.401941651434413
690;31.50;10.50;True;False;False;False;738;35.50;11.50;True;False;False;False;1;25.731111111110977;0;25.731111111110977;25.731111111110977
690;31.50;10.50;True;False;False;False;821;30.50;13.50;True;False;False;False;1;8.305184388088037;0;8.305184388088037;8.305184388088037
690;31.50;10.50;True;False;False;False;822;31.50;13.50;True;False;False;False;1;5.000555555543542;0;5.000555555543542;5.000555555543542
690;31.50;10.50;True;False;False;False;843;52.50;13.50;True;False;False;False;1;31.1429589711297;0;31.1429589711297;31.1429589711297
690;31.50;10.50;True;False;False;False;867;32.50;14.50;True;False;False;False;1;13.646171131580559;0;13.646171131580559;13.646171131580559
690;31.50;10.50;True;False;False;False;875;40.50;14.50;True;False;False;False;1;21.163795097475827;0;21.163795097475827;21.163795097475827
691;32.50;10.50;True;False;False;False;12;61.50;3.50;False;False;True;False;2;106.49133238994727;132.8956510484295;98.3397788248767;114.64288595501785
691;32.50;10.50;True;False;False;False;28;61.50;9.50;False;False;True;False;4;96.05456310641785;226.49144172015568;75.29339520612848;110.482025858626
691;32.50;10.50;True;False;False;False;44;61.50;15.50;False;False;True;False;1;120.35819636528686;0;120.35819636528686;120.35819636528686
691;32.50;10.50;True;False;False;False;60;61.50;21.50;False;False;True;False;2;91.9520382358487;480.2705215226808;76.45573994363258;107.44833652806483
691;32.50;10.50;True;False;False;False;76;0.50;6.50;False;True;False;False;1;578.2837204934804;0;578.2837204934804;578.2837204934804
691;32.50;10.50;True;False;False;False;108;0.50;18.50;False;True;False;False;1;603.514620032649;0;603.514620032649;603.514620032649
691;32.50;10.50;True;False;False;False;429;34.50;4.50;True;False;False;False;1;12.718897688697325;0;12.718897688697325;12.718897688697325
691;32.50;10.50;True;False;False;False;464;25.50;5.50;True;False;False;False;1;16.436896301005618;0;16.436896301005618;16.436896301005618
691;32.50;10.50;True;False;False;False;476;37.50;5.50;True;False;False;False;1;14.585926723020783;0;14.585926723020783;14.585926723020783
691;32.50;10.50;True;False;False;False;546;19.50;7.50;True;False;False;False;1;19.161344507225294;0;19.161344507225294;19.161344507225294
691;32.50;10.50;True;False;False;False;564;37.50;7.50;True;False;False;False;1;13.098427124746308;0;13.098427124746308;13.098427124746308
691;32.50;10.50;True;False;False;False;578;51.50;7.50;True;False;False;False;1;27.40091633537031;0;27.40091633537031;27.40091633537031
691;32.50;10.50;True;False;False;False;689;30.50;10.50;True;False;False;False;1;4.082683986365737;0;4.082683986365737;4.082683986365737
691;32.50;10.50;True;False;False;False;711;52.50;10.50;True;False;False;False;1;17.178333333333512;0;17.178333333333512;17.178333333333512
691;32.50;10.50;True;False;False;False;820;29.50;13.50;True;False;False;False;1;11.125555555554456;0;11.125555555554456;11.125555555554456
691;32.50;10.50;True;False;False;False;821;30.50;13.50;True;False;False;False;1;9.713549640033307;0;9.713549640033307;9.713549640033307
691;32.50;10.50;True;False;False;False;822;31.50;13.50;True;False;False;False;2;9.608320544874005;0.13348543729262305;9.349974423079402;9.866666666668607
691;32.50;10.50;True;False;False;False;823;32.50;13.50;True;False;False;False;1;5.7311111111114315;0;5.7311111111114315;5.7311111111114315
691;32.50;10.50;True;False;False;False;833;42.50;13.50;True;False;False;False;1;17.149441249708616;0;17.149441249708616;17.149441249708616
691;32.50;10.50;True;False;False;False;840;49.50;13.50;True;False;False;False;1;21.67751478756881;0;21.67751478756881;21.67751478756881
691;32.50;10.50;True;False;False;False;1013;46.50;17.50;True;False;False;False;1;28.94999999999976;0;28.94999999999976;28.94999999999976
691;32.50;10.50;True;False;False;False;1229;42.50;22.50;True;False;False;False;1;21.540455374666635;0;21.540455374666635;21.540455374666635
693;34.50;10.50;True;False;False;False;28;61.50;9.50;False;False;True;False;1;154.87064615223608;0;154.87064615223608;154.87064615223608
693;34.50;10.50;True;False;False;False;44;61.50;15.50;False;False;True;False;1;139.40139887481746;0;139.40139887481746;139.40139887481746
693;34.50;10.50;True;False;False;False;108;0.50;18.50;False;True;False;False;1;643.0035682512644;0;643.0035682512644;643.0035682512644
693;34.50;10.50;True;False;False;False;573;46.50;7.50;True;False;False;False;1;17.68666666666286;0;17.68666666666286;17.68666666666286
693;34.50;10.50;True;False;False;False;690;31.50;10.50;True;False;False;False;1;6.669444444444444;0;6.669444444444444;6.669444444444444
693;34.50;10.50;True;False;False;False;733;30.50;11.50;True;False;False;False;1;9.149167068392671;0;9.149167068392671;9.149167068392671
693;34.50;10.50;True;False;False;False;822;31.50;13.50;True;False;False;False;1;10.847222222223536;0;10.847222222223536;10.847222222223536
693;34.50;10.50;True;False;False;False;823;32.50;13.50;True;False;False;False;1;10.354636006387182;0;10.354636006387182;10.354636006387182
694;35.50;10.50;True;False;False;False;28;61.50;9.50;False;False;True;False;2;69.83306115109826;898.0635590845678;48.642691179285976;91.02343112291055
694;35.50;10.50;True;False;False;False;92;0.50;12.50;False;True;False;False;1;258.1697402044938;0;258.1697402044938;258.1697402044938
694;35.50;10.50;True;False;False;False;284;21.50;1.50;True;False;False;False;1;22.195382358567258;0;22.195382358567258;22.195382358567258
694;35.50;10.50;True;False;False;False;483;44.50;5.50;True;False;False;False;1;17.51185105474906;0;17.51185105474906;17.51185105474906
694;35.50;10.50;True;False;False;False;820;29.50;13.50;True;False;False;False;1;21.444448442627618;0;21.444448442627618;21.444448442627618
695;36.50;10.50;True;False;False;False;12;61.50;3.50;False;False;True;False;1;195.94178603497494;0;195.94178603497494;195.94178603497494
695;36.50;10.50;True;False;False;False;28;61.50;9.50;False;False;True;False;1;125.26351452667768;0;125.26351452667768;125.26351452667768
695;36.50;10.50;True;False;False;False;44;61.50;15.50;False;False;True;False;1;140.9784311229305;0;140.9784311229305;140.9784311229305
695;36.50;10.50;True;False;False;False;76;0.50;6.50;False;True;False;False;1;571.8904979760155;0;571.8904979760155;571.8904979760155
695;36.50;10.50;True;False;False;False;92;0.50;12.50;False;True;False;False;2;255.05411057894435;35.2681831123376;250.85481402402365;259.25340713386504
695;36.50;10.50;True;False;False;False;108;0.50;18.50;False;True;False;False;1;561.4169596287975;0;561.4169596287975;561.4169596287975
695;36.50;10.50;True;False;False;False;704;45.50;10.50;True;False;False;False;1;10.00953823585587;0;10.00953823585587;10.00953823585587
695;36.50;10.50;True;False;False;False;740;37.50;11.50;True;False;False;False;1;6.823246734838904;0;6.823246734838904;6.823246734838904
695;36.50;10.50;True;False;False;False;755;52.50;11.50;True;False;False;False;1;17.629082861192728;0;17.629082861192728;17.629082861192728
695;36.50;10.50;True;False;False;False;820;29.50;13.50;True;False;False;False;3;14.739233052195155;0.8915750981688089;13.872965360598755;15.74574313838093
695;36.50;10.50;True;False;False;False;822;31.50;13.50;True;False;False;False;2;13.60119776106876;1.7716944233665073;12.660003194741876;14.542392327395646
696;37.50;10.50;True;False;False;False;12;61.50;3.50;False;False;True;False;3;106.2134014596674;41.545624566040544;98.9400985930406;111.21750439990137
696;37.50;10.50;True;False;False;False;28;61.50;9.50;False;False;True;False;3;106.39571131983878;140.58032638033336;95.76647349780615;119.18326833258834
696;37.50;10.50;True;False;False;False;486;47.50;5.50;True;False;False;False;1;17.28398268030287;0;17.28398268030287;17.28398268030287
696;37.50;10.50;True;False;False;False;618;47.50;8.50;True;False;False;False;1;15.168052762543084;0;15.168052762543084;15.168052762543084
696;37.50;10.50;True;False;False;False;734;31.50;11.50;True;False;False;False;1;11.516198513050767;0;11.516198513050767;11.516198513050767
696;37.50;10.50;True;False;False;False;821;30.50;13.50;True;False;False;False;2;13.917346344557018;0.11437427726633971;13.678208019244721;14.156484669869315
696;37.50;10.50;True;False;False;False;865;30.50;14.50;True;False;False;False;1;16.375;0;16.375;16.375
698;39.50;10.50;True;False;False;False;12;61.50;3.50;False;False;True;False;2;93.0915295760019;119.02674087767947;85.37703863758998;100.80602051441383
698;39.50;10.50;True;False;False;False;28;61.50;9.50;False;False;True;False;2;109.88162217176887;189.72628282432296;100.14185105473734;119.62139328880039
698;39.50;10.50;True;False;False;False;60;61.50;21.50;False;False;True;False;3;77.78938501379434;688.2934194156151;51.67027657265862;104.13944524789531
698;39.50;10.50;True;False;False;False;76;0.50;6.50;False;True;False;False;1;546.3192752456725;0;546.3192752456725;546.3192752456725
698;39.50;10.50;True;False;False;False;108;0.50;18.50;False;True;False;False;1;503.99500080345115;0;503.99500080345115;503.99500080345115
698;39.50;10.50;True;False;False;False;437;42.50;4.50;True;False;False;False;1;14.271107916373694;0;14.271107916373694;14.271107916373694
698;39.50;10.50;True;False;False;False;734;31.50;11.50;True;False;False;False;1;12.776760458084027;0;12.776760458084027;12.776760458084027
698;39.50;10.50;True;False;False;False;820;29.50;13.50;True;False;False;False;1;15.392474002238487;0;15.392474002238487;15.392474002238487
698;39.50;10.50;True;False;False;False;822;31.50;13.50;True;False;False;False;2;14.238758589433928;0.0009261855134882554;14.217238999364781;14.260278179503075
698;39.50;10.50;True;False;False;False;864;29.50;14.50;True;False;False;False;1;15.965093791412983;0;15.965093791412983;15.965093791412983
698;39.50;10.50;True;False;False;False;865;30.50;14.50;True;False;False;False;1;16.811944846171173;0;16.811944846171173;16.811944846171173
698;39.50;10.50;True;False;False;False;1100;45.50;19.50;True;False;False;False;1;20.53343641556239;0;20.53343641556239;20.53343641556239
698;39.50;10.50;True;False;False;False;1146;47.50;20.50;True;False;False;False;1;18.416017319697858;0;18.416017319697858;18.416017319697858
699;40.50;10.50;True;False;False;False;12;61.50;3.50;False;False;True;False;1;147.2356461522104;0;147.2356461522104;147.2356461522104
699;40.50;10.50;True;False;False;False;28;61.50;9.50;False;False;True;False;2;103.56301944922234;404.2358133861596;89.3462017077909;117.77983719065378
699;40.50;10.50;True;False;False;False;574;47.50;7.50;True;False;False;False;1;14.391298693928547;0;14.391298693928547;14.391298693928547
699;40.50;10.50;True;False;False;False;822;31.50;13.50;True;False;False;False;1;16.29129869393364;0;16.29129869393364;16.29129869393364
699;40.50;10.50;True;False;False;False;871;36.50;14.50;True;False;False;False;1;12.599961379593879;0;12.599961379593879;12.599961379593879
700;41.50;10.50;True;False;False;False;12;61.50;3.50;False;False;True;False;2;170.37589553245198;4.8048066205109;168.82592672300598;171.92586434189798
700;41.50;10.50;True;False;False;False;414;19.50;4.50;True;False;False;False;1;25.882501205172957;0;25.882501205172957;25.882501205172957
700;41.50;10.50;True;False;False;False;821;30.50;13.50;True;False;False;False;1;15.976479434106295;0;15.976479434106295;15.976479434106295
701;42.50;10.50;True;False;False;False;28;61.50;9.50;False;False;True;False;4;88.70472321699714;260.83954214737156;67.50797255352518;106.67672208311728
701;42.50;10.50;True;False;False;False;44;61.50;15.50;False;False;True;False;3;93.34981561192414;1118.777007884291;55.3369512356403;118.27601251810847
701;42.50;10.50;True;False;False;False;60;61.50;21.50;False;False;True;False;2;107.31764668439973;0.6258548093251658;106.75824753829511;107.87704583050436
701;42.50;10.50;True;False;False;False;108;0.50;18.50;False;True;False;False;1;319.12233647490575;0;319.12233647490575;319.12233647490575
701;42.50;10.50;True;False;False;False;124;0.50;24.50;False;True;False;False;1;536.0371460202191;0;536.0371460202191;536.0371460202191
701;42.50;10.50;True;False;False;False;668;9.50;10.50;True;False;False;False;1;25.64305915201703;0;25.64305915201703;25.64305915201703
701;42.50;10.50;True;False;False;False;734;31.50;11.50;True;False;False;False;1;15.241924384881713;0;15.241924384881713;15.241924384881713
701;42.50;10.50;True;False;False;False;821;30.50;13.50;True;False;False;False;2;17.40960376600924;0.04644075949177423;17.257221418783956;17.561986113234525
701;42.50;10.50;True;False;False;False;823;32.50;13.50;True;False;False;False;2;16.230499869559026;0.039334556758923805;16.090259795473685;16.370739943644367
701;42.50;10.50;True;False;False;False;864;29.50;14.50;True;False;False;False;1;25.86851772142245;0;25.86851772142245;25.86851772142245
701;42.50;10.50;True;False;False;False;869;34.50;14.50;True;False;False;False;1;14.347234216781317;0;14.347234216781317;14.347234216781317
701;42.50;10.50;True;False;False;False;1018;51.50;17.50;True;False;False;False;1;17.846013321508508;0;17.846013321508508;17.846013321508508
701;42.50;10.50;True;False;False;False;1361;42.50;25.50;True;False;False;False;1;15.530087401944911;0;15.530087401944911;15.530087401944911
701;42.50;10.50;True;False;False;False;1414;51.50;26.50;True;False;False;False;1;28.61925686162158;0;28.61925686162158;28.61925686162158
703;44.50;10.50;True;False;False;False;12;61.50;3.50;False;False;True;False;1;123.2665872610869;0;123.2665872610869;123.2665872610869
703;44.50;10.50;True;False;False;False;28;61.50;9.50;False;False;True;False;5;91.99486281818244;199.48052107907097;72.6461539545744;109.37166666666599
703;44.50;10.50;True;False;False;False;44;61.50;15.50;False;False;True;False;2;82.03083533242261;9.719129447443425;79.82639328879304;84.23527737605218
703;44.50;10.50;True;False;False;False;444;49.50;4.50;True;False;False;False;1;15.597507594640774;0;15.597507594640774;15.597507594640774
703;44.50;10.50;True;False;False;False;574;47.50;7.50;True;False;False;False;1;11.247496403540936;0;11.247496403540936;11.247496403540936
703;44.50;10.50;True;False;False;False;820;29.50;13.50;True;False;False;False;1;27.363990676738467;0;27.363990676738467;27.363990676738467
703;44.50;10.50;True;False;False;False;822;31.50;13.50;True;False;False;False;1;18.313233152437533;0;18.313233152437533;18.313233152437533
703;44.50;10.50;True;False;False;False;823;32.50;13.50;True;False;False;False;1;16.85668105251534;0;16.85668105251534;16.85668105251534
703;44.50;10.50;True;False;False;False;836;45.50;13.50;True;False;False;False;1;9.139166264934829;0;9.139166264934829;9.139166264934829
703;44.50;10.50;True;False;False;False;866;31.50;14.50;True;False;False;False;1;25.711666666665224;0;25.711666666665224;25.711666666665224
703;44.50;10.50;True;False;False;False;1328;9.50;25.50;True;False;False;False;1;42.70194804090352;0;42.70194804090352;42.70194804090352
704;45.50;10.50;True;False;False;False;28;61.50;9.50;False;False;True;False;3;157.39006572869025;3360.236241846043;112.34232320655201;222.78889369050012
704;45.50;10.50;True;False;False;False;44;61.50;15.50;False;False;True;False;4;105.67451406742896;320.38090132369877;90.50676126153212;126.36453664801229
704;45.50;10.50;True;False;False;False;60;61.50;21.50;False;False;True;False;2;138.92591354235628;6836.786502898698;80.45888649762492;197.39294058708765
704;45.50;10.50;True;False;False;False;76;0.50;6.50;False;True;False;False;2;559.8973069781209;4441.841609367884;512.7706605380872;607.0239534181546
704;45.50;10.50;True;False;False;False;298;35.50;1.50;True;False;False;False;1;20.150461764143984;0;20.150461764143984;20.150461764143984
704;45.50;10.50;True;False;False;False;734;31.50;11.50;True;False;False;False;1;16.541114305840892;0;16.541114305840892;16.541114305840892
704;45.50;10.50;True;False;False;False;748;45.50;11.50;True;False;False;False;1;5.376948040906427;0;5.376948040906427;5.376948040906427
704;45.50;10.50;True;False;False;False;820;29.50;13.50;True;False;False;False;2;30.419495740039565;186.00055697002307;20.775830540282186;40.063160939796944
704;45.50;10.50;True;False;False;False;821;30.50;13.50;True;False;False;False;4;22.467272915248486;40.718762818712456;18.81601812315239;31.99750040170693
704;45.50;10.50;True;False;False;False;864;29.50;14.50;True;False;False;False;1;20.363236347184284;0;20.363236347184284;20.363236347184284
704;45.50;10.50;True;False;False;False;866;31.50;14.50;True;False;False;False;1;22.147871569189192;0;22.147871569189192;22.147871569189192
705;46.50;10.50;True;False;False;False;44;61.50;15.50;False;False;True;False;3;114.15226076080096;559.9566301836812;90.33889288706268;137.6627916057514
705;46.50;10.50;True;False;False;False;60;61.50;21.50;False;False;True;False;1;57.98983160464195;0;57.98983160464195;57.98983160464195
705;46.50;10.50;True;False;False;False;108;0.50;18.50;False;True;False;False;1;570.8352973669316;0;570.8352973669316;570.8352973669316
705;46.50;10.50;True;False;False;False;574;47.50;7.50;True;False;False;False;1;9.006204902521858;0;9.006204902521858;9.006204902521858
705;46.50;10.50;True;False;False;False;704;45.50;10.50;True;False;False;False;1;3.059632027274347;0;3.059632027274347;3.059632027274347
705;46.50;10.50;True;False;False;False;733;30.50;11.50;True;False;False;False;1;18.547031444664754;0;18.547031444664754;18.547031444664754
705;46.50;10.50;True;False;False;False;818;27.50;13.50;True;False;False;False;1;36.886760458079436;0;36.886760458079436;36.886760458079436
705;46.50;10.50;True;False;False;False;822;31.50;13.50;True;False;False;False;1;19.14619770958234;0;19.14619770958234;19.14619770958234
705;46.50;10.50;True;False;False;False;1283;52.50;23.50;True;False;False;False;1;25.149809222439217;0;25.149809222439217;25.149809222439217
706;47.50;10.50;True;False;False;False;12;61.50;3.50;False;False;True;False;14;125.65588792872114;745.8763504513665;82.10101412495351;185.810957101609
706;47.50;10.50;True;False;False;False;28;61.50;9.50;False;False;True;False;1;94.1784271247434;0;94.1784271247434;94.1784271247434
706;47.50;10.50;True;False;False;False;44;61.50;15.50;False;False;True;False;1;95.91003107892857;0;95.91003107892857;95.91003107892857
706;47.50;10.50;True;False;False;False;60;61.50;21.50;False;False;True;False;1;43.056944846170154;0;43.056944846170154;43.056944846170154
706;47.50;10.50;True;False;False;False;92;0.50;12.50;False;True;False;False;1;225.22010098431565;0;225.22010098431565;225.22010098431565
706;47.50;10.50;True;False;False;False;108;0.50;18.50;False;True;False;False;1;577.2960903167732;0;577.2960903167732;577.2960903167732
706;47.50;10.50;True;False;False;False;552;25.50;7.50;True;False;False;False;1;24.431111111127393;0;24.431111111127393;24.431111111127393
706;47.50;10.50;True;False;False;False;733;30.50;11.50;True;False;False;False;2;18.13579003410274;0.2161602190568011;17.807034639427002;18.46454542877848
706;47.50;10.50;True;False;False;False;750;47.50;11.50;True;False;False;False;1;3.2426839863649093;0;3.2426839863649093;3.2426839863649093
706;47.50;10.50;True;False;False;False;820;29.50;13.50;True;False;False;False;1;20.615187582825456;0;20.615187582825456;20.615187582825456
706;47.50;10.50;True;False;False;False;821;30.50;13.50;True;False;False;False;4;25.47654215145053;17.06487128735113;19.99842153872669;29.790431053436805
706;47.50;10.50;True;False;False;False;822;31.50;13.50;True;False;False;False;3;19.84546948634185;0.013355211340877233;19.712129234252643;19.91666666666788
706;47.50;10.50;True;False;False;False;866;31.50;14.50;True;False;False;False;1;21.073055957282122;0;21.073055957282122;21.073055957282122
706;47.50;10.50;True;False;False;False;876;41.50;14.50;True;False;False;False;1;13.95555155736838;0;13.95555155736838;13.95555155736838
706;47.50;10.50;True;False;False;False;880;45.50;14.50;True;False;False;False;1;10.322777777768351;0;10.322777777768351;10.322777777768351
706;47.50;10.50;True;False;False;False;881;46.50;14.50;True;False;False;False;1;9.411843058382601;0;9.411843058382601;9.411843058382601
706;47.50;10.50;True;False;False;False;937;14.50;16.50;True;False;False;False;1;33.7175933896815;0;33.7175933896815;33.7175933896815
706;47.50;10.50;True;False;False;False;1143;44.50;20.50;True;False;False;False;1;16.346194514859235;0;16.346194514859235;16.346194514859235
706;47.50;10.50;True;False;False;False;1338;19.50;25.50;True;False;False;False;1;39.26120890070888;0;39.26120890070888;39.26120890070888
708;49.50;10.50;True;False;False;False;12;61.50;3.50;False;False;True;False;5;125.19210525103975;1241.8719229418082;92.02510098432322;184.06336185981309
708;49.50;10.50;True;False;False;False;28;61.50;9.50;False;False;True;False;1;67.1957407470909;0;67.1957407470909;67.1957407470909
708;49.50;10.50;True;False;False;False;44;61.50;15.50;False;False;True;False;1;84.2579757482672;0;84.2579757482672;84.2579757482672
708;49.50;10.50;True;False;False;False;437;42.50;4.50;True;False;False;False;1;15.927966164046666;0;15.927966164046666;15.927966164046666
708;49.50;10.50;True;False;False;False;733;30.50;11.50;True;False;False;False;1;24.492597387881688;0;24.492597387881688;24.492597387881688
708;49.50;10.50;True;False;False;False;821;30.50;13.50;True;False;False;False;2;21.8894088721122;0.5355512616644973;21.371938456694807;22.40687928752959
708;49.50;10.50;True;False;False;False;822;31.50;13.50;True;False;False;False;1;21.30093630722149;0;21.30093630722149;21.30093630722149
708;49.50;10.50;True;False;False;False;864;29.50;14.50;True;False;False;False;1;23.259444444444398;0;23.259444444444398;23.259444444444398
708;49.50;10.50;True;False;False;False;1105;50.50;19.50;True;False;False;False;1;13.527777777781012;0;13.527777777781012;13.527777777781012
709;50.50;10.50;True;False;False;False;12;61.50;3.50;False;False;True;False;4;106.8347378131948;2091.302167787197;79.43499680525747;175.16760138605423
709;50.50;10.50;True;False;False;False;28;61.50;9.50;False;False;True;False;4;113.80861570712113;1340.4022212523832;69.54147988728255;155.29353130381787
709;50.50;10.50;True;False;False;False;44;61.50;15.50;False;False;True;False;1;144.5746400236403;0;144.5746400236403;144.5746400236403
709;50.50;10.50;True;False;False;False;92;0.50;12.50;False;True;False;False;2;254.45121850389023;399.8577093425259;240.31159847111485;268.5908385366656
709;50.50;10.50;True;False;False;False;290;27.50;1.50;True;False;False;False;1;33.88482447859133;0;33.88482447859133;33.88482447859133
709;50.50;10.50;True;False;False;False;307;44.50;1.50;True;False;False;False;1;17.82991259804112;0;17.82991259804112;17.82991259804112
709;50.50;10.50;True;False;False;False;576;49.50;7.50;True;False;False;False;1;9.983145750498807;0;9.983145750498807;9.983145750498807
709;50.50;10.50;True;False;False;False;691;32.50;10.50;True;False;False;False;1;16.42500000000001;0;16.42500000000001;16.42500000000001
709;50.50;10.50;True;False;False;False;724;21.50;11.50;True;False;False;False;1;26.153974428349557;0;26.153974428349557;26.153974428349557
709;50.50;10.50;True;False;False;False;820;29.50;13.50;True;False;False;False;1;23.38962883253771;0;23.38962883253771;23.38962883253771
709;50.50;10.50;True;False;False;False;821;30.50;13.50;True;False;False;False;2;27.958666395376895;61.271305637289245;22.423718083184212;33.49361470756958
709;50.50;10.50;True;False;False;False;864;29.50;14.50;True;False;False;False;1;23.56750040172301;0;23.56750040172301;23.56750040172301
709;50.50;10.50;True;False;False;False;886;51.50;14.50;True;False;False;False;1;10.16592352828593;0;10.16592352828593;10.16592352828593
709;50.50;10.50;True;False;False;False;1080;25.50;19.50;True;False;False;False;1;29.024197446862672;0;29.024197446862672;29.024197446862672
709;50.50;10.50;True;False;False;False;1150;51.50;20.50;True;False;False;False;1;14.08944444444387;0;14.08944444444387;14.08944444444387
710;51.50;10.50;True;False;False;False;12;61.50;3.50;False;False;True;False;2;88.69551545103786;846.3761839584154;68.12397948555372;109.26705141652201
710;51.50;10.50;True;False;False;False;28;61.50;9.50;False;False;True;False;2;75.04055955373707;5913.644625186722;20.663888888888884;129.41723021858525
710;51.50;10.50;True;False;False;False;44;61.50;15.50;False;False;True;False;1;79.3647226239409;0;79.3647226239409;79.3647226239409
710;51.50;10.50;True;False;False;False;820;29.50;13.50;True;False;False;False;2;24.928097659158993;4.955696048871389;23.353979485566015;26.502215832751972
710;51.50;10.50;True;False;False;False;1106;51.50;19.50;True;False;False;False;1;9.957687984551242;0;9.957687984551242;9.957687984551242
710;51.50;10.50;True;False;False;False;1148;49.50;20.50;True;False;False;False;1;14.249252863437505;0;14.249252863437505;14.249252863437505
710;51.50;10.50;True;False;False;False;1330;11.50;25.50;True;False;False;False;1;45.60435384778975;0;45.60435384778975;45.60435384778975
711;52.50;10.50;True;False;False;False;12;61.50;3.50;False;False;True;False;8;114.05455816640783;1167.086034147328;83.12512347981647;173.87085531381945
711;52.50;10.50;True;False;False;False;28;61.50;9.50;False;False;True;False;14;86.33508977298466;585.2022062790453;50.546179306602426;140.72934984958556
711;52.50;10.50;True;False;False;False;44;61.50;15.50;False;False;True;False;2;130.30146803944263;7799.449460740203;67.85369201523099;192.74924406365426
711;52.50;10.50;True;False;False;False;60;61.50;21.50;False;False;True;False;2;64.68096602407275;9.37811584656094;62.515542757530966;66.84638929061452
711;52.50;10.50;True;False;False;False;108;0.50;18.50;False;True;False;False;1;567.8603644754858;0;567.8603644754858;567.8603644754858
711;52.50;10.50;True;False;False;False;124;0.50;24.50;False;True;False;False;2;552.2690164193054;17.654773488854204;549.2979245754832;555.2401082631277
711;52.50;10.50;True;False;False;False;293;30.50;1.50;True;False;False;False;1;28.32749959827197;0;28.32749959827197;28.32749959827197
711;52.50;10.50;True;False;False;False;310;47.50;1.50;True;False;False;False;1;16.30258701925959;0;16.30258701925959;16.30258701925959
711;52.50;10.50;True;False;False;False;432;37.50;4.50;True;False;False;False;1;22.324819610093982;0;22.324819610093982;22.324819610093982
711;52.50;10.50;True;False;False;False;446;51.50;4.50;True;False;False;False;1;11.571298693939752;0;11.571298693939752;11.571298693939752
711;52.50;10.50;True;False;False;False;473;34.50;5.50;True;False;False;False;1;22.755003194730307;0;22.755003194730307;22.755003194730307
711;52.50;10.50;True;False;False;False;489;50.50;5.50;True;False;False;False;1;17.788982680301842;0;17.788982680301842;17.788982680301842
711;52.50;10.50;True;False;False;False;491;52.50;5.50;True;False;False;False;1;8.553888888887741;0;8.553888888887741;8.553888888887741
711;52.50;10.50;True;False;False;False;549;22.50;7.50;True;False;False;False;1;29.310375165645382;0;29.310375165645382;29.310375165645382
711;52.50;10.50;True;False;False;False;554;27.50;7.50;True;False;False;False;1;31.03666347192666;0;31.03666347192666;31.03666347192666
711;52.50;10.50;True;False;False;False;734;31.50;11.50;True;False;False;False;1;20.779726622105954;0;20.779726622105954;20.779726622105954
711;52.50;10.50;True;False;False;False;750;47.50;11.50;True;False;False;False;1;10.81518758282607;0;10.81518758282607;10.81518758282607
711;52.50;10.50;True;False;False;False;820;29.50;13.50;True;False;False;False;2;24.75088382550348;0.010552293878440266;24.678246734845743;24.823520916161215
711;52.50;10.50;True;False;False;False;821;30.50;13.50;True;False;False;False;8;26.964135791965194;22.486087318068783;23.31536797273202;37.354632027263506
711;52.50;10.50;True;False;False;False;822;31.50;13.50;True;False;False;False;1;22.806663471921638;0;22.806663471921638;22.806663471921638
711;52.50;10.50;True;False;False;False;823;32.50;13.50;True;False;False;False;1;28.470840908912123;0;28.470840908912123;28.470840908912123
711;52.50;10.50;True;False;False;False;842;51.50;13.50;True;False;False;False;1;9.12537516564953;0;9.12537516564953;9.12537516564953
711;52.50;10.50;True;False;False;False;864;29.50;14.50;True;False;False;False;1;40.33786837445405;0;40.33786837445405;40.33786837445405
711;52.50;10.50;True;False;False;False;865;30.50;14.50;True;False;False;False;1;46.56752117703991;0;46.56752117703991;46.56752117703991
711;52.50;10.50;True;False;False;False;866;31.50;14.50;True;False;False;False;1;31.776677857768846;0;31.776677857768846;31.776677857768846
711;52.50;10.50;True;False;False;False;952;29.50;16.50;True;False;False;False;1;26.734729013420292;0;26.734729013420292;26.734729013420292
711;52.50;10.50;True;False;False;False;1105;50.50;19.50;True;False;False;False;1;14.520923528281855;0;14.520923528281855;14.520923528281855
712;9.50;11.50;True;False;False;False;28;61.50;9.50;False;False;True;False;1;159.11574794000262;0;159.11574794000262;159.11574794000262
712;9.50;11.50;True;False;False;False;44;61.50;15.50;False;False;True;False;1;119.98078848129808;0;119.98078848129808;119.98078848129808
712;9.50;11.50;True;False;False;False;601;30.50;8.50;True;False;False;False;1;23.140181193350145;0;23.140181193350145;23.140181193350145
712;9.50;11.50;True;False;False;False;709;50.50;10.50;True;False;False;False;1;34.730653345144674;0;34.730653345144674;34.730653345144674
715;12.50;11.50;True;False;False;False;28;61.50;9.50;False;False;True;False;1;133.11247857740818;0;133.11247857740818;133.11247857740818
715;12.50;11.50;True;False;False;False;483;44.50;5.50;True;False;False;False;1;32.12997417751831;0;32.12997417751831;32.12997417751831
718;15.50;11.50;True;False;False;False;12;61.50;3.50;False;False;True;False;1;111.18851052846003;0;111.18851052846003;111.18851052846003
718;15.50;11.50;True;False;False;False;28;61.50;9.50;False;False;True;False;1;114.04481641535313;0;114.04481641535313;114.04481641535313
718;15.50;11.50;True;False;False;False;486;47.50;5.50;True;False;False;False;1;32.80562352447305;0;32.80562352447305;32.80562352447305
718;15.50;11.50;True;False;False;False;1400;37.50;26.50;True;False;False;False;1;32.47634395918067;0;32.47634395918067;32.47634395918067
719;16.50;11.50;True;False;False;False;44;61.50;15.50;False;False;True;False;2;156.79676805271447;12500.760968098808;77.73742019270867;235.85611591272027
719;16.50;11.50;True;False;False;False;571;44.50;7.50;True;False;False;False;1;28.172871569190647;0;28.172871569190647;28.172871569190647
719;16.50;11.50;True;False;False;False;875;40.50;14.50;True;False;False;False;1;25.413152139979502;0;25.413152139979502;25.413152139979502
723;20.50;11.50;True;False;False;False;28;61.50;9.50;False;False;True;False;3;113.15876916457682;3280.7416575672487;58.61203863758192;172.82398987321358
723;20.50;11.50;True;False;False;False;60;61.50;21.50;False;False;True;False;2;75.82286317111812;15.725730057285624;73.01878310295979;78.62694323927644
723;20.50;11.50;True;False;False;False;444;49.50;4.50;True;False;False;False;1;31.064625637793142;0;31.064625637793142;31.064625637793142
723;20.50;11.50;True;False;False;False;573;46.50;7.50;True;False;False;False;1;26.55546176413918;0;26.55546176413918;26.55546176413918
723;20.50;11.50;True;False;False;False;867;32.50;14.50;True;False;False;False;1;18.48212843080728;0;18.48212843080728;18.48212843080728
723;20.50;11.50;True;False;False;False;1275;44.50;23.50;True;False;False;False;1;32.50927124745931;0;32.50927124745931;32.50927124745931
724;21.50;11.50;True;False;False;False;12;61.50;3.50;False;False;True;False;2;151.5202801785763;299.39494233243425;139.2851883862677;163.75537197088488
724;21.50;11.50;True;False;False;False;44;61.50;15.50;False;False;True;False;3;74.36222426390289;83.67680867230493;65.3064812107209;83.59880548513047
724;21.50;11.50;True;False;False;False;479;40.50;5.50;True;False;False;False;1;23.953611512828502;0;23.953611512828502;23.953611512828502
724;21.50;11.50;True;False;False;False;684;25.50;10.50;True;False;False;False;1;9.178795097476723;0;9.178795097476723;9.178795097476723
724;21.50;11.50;True;False;False;False;815;24.50;13.50;True;False;False;False;1;10.753520916166963;0;10.753520916166963;10.753520916166963
724;21.50;11.50;True;False;False;False;1234;47.50;22.50;True;False;False;False;1;32.59111430583653;0;32.59111430583653;32.59111430583653
724;21.50;11.50;True;False;False;False;1353;34.50;25.50;True;False;False;False;1;25.000093791411928;0;25.000093791411928;25.000093791411928
725;22.50;11.50;True;False;False;False;12;61.50;3.50;False;False;True;False;2;109.4918165552599;6651.286279019316;51.82342712474383;167.16020598577597
725;22.50;11.50;True;False;False;False;28;61.50;9.50;False;False;True;False;7;110.15098174004392;826.7270260234551;84.22259658442454;164.3258417314364
725;22.50;11.50;True;False;False;False;44;61.50;15.50;False;False;True;False;1;132.833334136747;0;132.833334136747;132.833334136747
725;22.50;11.50;True;False;False;False;310;47.50;1.50;True;False;False;False;1;31.54842712475056;0;31.54842712475056;31.54842712475056
725;22.50;11.50;True;False;False;False;333;26.50;2.50;True;False;False;False;1;15.173236347163765;0;15.173236347163765;15.173236347163765
725;22.50;11.50;True;False;False;False;473;34.50;5.50;True;False;False;False;1;21.3486115128253;0;21.3486115128253;21.3486115128253
725;22.50;11.50;True;False;False;False;564;37.50;7.50;True;False;False;False;1;19.204036508941044;0;19.204036508941044;19.204036508941044
725;22.50;11.50;True;False;False;False;571;44.50;7.50;True;False;False;False;1;24.293896081795538;0;24.293896081795538;24.293896081795538
725;22.50;11.50;True;False;False;False;578;51.50;7.50;True;False;False;False;1;28.997972553521322;0;28.997972553521322;28.997972553521322
725;22.50;11.50;True;False;False;False;598;27.50;8.50;True;False;False;False;1;12.041861442401569;0;12.041861442401569;12.041861442401569
725;22.50;11.50;True;False;False;False;620;49.50;8.50;True;False;False;False;1;27.45183561992235;0;27.45183561992235;27.45183561992235
725;22.50;11.50;True;False;False;False;962;39.50;16.50;True;False;False;False;1;22.01083692978864;0;22.01083692978864;22.01083692978864
725;22.50;11.50;True;False;False;False;1363;44.50;25.50;True;False;False;False;1;31.405689612263814;0;31.405689612263814;31.405689612263814
727;24.50;11.50;True;False;False;False;28;61.50;9.50;False;False;True;False;1;70.16370849897248;0;70.16370849897248;70.16370849897248
727;24.50;11.50;True;False;False;False;44;61.50;15.50;False;False;True;False;1;110.88917426131479;0;110.88917426131479;110.88917426131479
727;24.50;11.50;True;False;False;False;60;61.50;21.50;False;False;True;False;2;84.17597921428342;61.887914189834895;78.61324992957816;89.73870849898867
727;24.50;11.50;True;False;False;False;484;45.50;5.50;True;False;False;False;1;24.80537516565346;0;24.80537516565346;24.80537516565346
727;24.50;11.50;True;False;False;False;871;36.50;14.50;True;False;False;False;1;17.21018758282571;0;17.21018758282571;17.21018758282571
727;24.50;11.50;True;False;False;False;1004;37.50;17.50;True;False;False;False;1;20.617142816648993;0;20.617142816648993;20.617142816648993
728;25.50;11.50;True;False;False;False;28;61.50;9.50;False;False;True;False;2;112.1924674901341;0.15396843305785052;111.91500719292219;112.46992778734602
728;25.50;11.50;True;False;False;False;44;61.50;15.50;False;False;True;False;1;68.75563656800477;0;68.75563656800477;68.75563656800477
728;25.50;11.50;True;False;False;False;485;46.50;5.50;True;False;False;False;1;25.90185424948504;0;25.90185424948504;25.90185424948504
728;25.50;11.50;True;False;False;False;1236;49.50;22.50;True;False;False;False;1;30.489076471717453;0;30.489076471717453;30.489076471717453
729;26.50;11.50;True;False;False;False;1095;40.50;19.50;True;False;False;False;1;27.49231601363508;0;27.49231601363508;27.49231601363508
730;27.50;11.50;True;False;False;False;12;61.50;3.50;False;False;True;False;1;159.485423143891;0;159.485423143891;159.485423143891
732;29.50;11.50;True;False;False;False;28;61.50;9.50;False;False;True;False;1;94.13500719292642;0;94.13500719292642;94.13500719292642
732;29.50;11.50;True;False;False;False;293;30.50;1.50;True;False;False;False;1;13.9826005826053;0;13.9826005826053;13.9826005826053
732;29.50;11.50;True;False;False;False;339;32.50;2.50;True;False;False;False;1;18.114076471712906;0;18.114076471712906;18.114076471712906
732;29.50;11.50;True;False;False;False;439;44.50;4.50;True;False;False;False;1;22.733982680303598;0;22.733982680303598;22.733982680303598
732;29.50;11.50;True;False;False;False;464;25.50;5.50;True;False;False;False;1;13.69491020678106;0;13.69491020678106;13.69491020678106
732;29.50;11.50;True;False;False;False;484;45.50;5.50;True;False;False;False;1;22.640281374242477;0;22.640281374242477;22.640281374242477
732;29.50;11.50;True;False;False;False;538;11.50;7.50;True;False;False;False;1;21.51367731706341;0;21.51367731706341;21.51367731706341
732;29.50;11.50;True;False;False;False;567;40.50;7.50;True;False;False;False;1;17.449163070195937;0;17.449163070195937;17.449163070195937
732;29.50;11.50;True;False;False;False;578;51.50;7.50;True;False;False;False;1;29.216455652644072;0;29.216455652644072;29.216455652644072
732;29.50;11.50;True;False;False;False;579;52.50;7.50;True;False;False;False;1;26.06397229264803;0;26.06397229264803;26.06397229264803
732;29.50;11.50;True;False;False;False;691;32.50;10.50;True;False;False;False;1;10.38972901341549;0;10.38972901341549;10.38972901341549
732;29.50;11.50;True;False;False;False;700;41.50;10.50;True;False;False;False;1;15.586204902519967;0;15.586204902519967;15.586204902519967
732;29.50;11.50;True;False;False;False;706;47.50;10.50;True;False;False;False;1;19.213982680310437;0;19.213982680310437;19.213982680310437
732;29.50;11.50;True;False;False;False;740;37.50;11.50;True;False;False;False;1;15.725016463104112;0;15.725016463104112;15.725016463104112
732;29.50;11.50;True;False;False;False;827;36.50;13.50;True;False;False;False;1;27.13176445625504;0;27.13176445625504;27.13176445625504
732;29.50;11.50;True;False;False;False;831;40.50;13.50;True;False;False;False;1;17.792393812333103;0;17.792393812333103;17.792393812333103
732;29.50;11.50;True;False;False;False;965;42.50;16.50;True;False;False;False;2;19.753284840257038;0.004899101728351546;19.703791902738885;19.80277777777519
732;29.50;11.50;True;False;False;False;987;20.50;17.50;True;False;False;False;1;17.066667470113316;0;17.066667470113316;17.066667470113316
732;29.50;11.50;True;False;False;False;1013;46.50;17.50;True;False;False;False;1;32.864983960143945;0;32.864983960143945;32.864983960143945
732;29.50;11.50;True;False;False;False;1151;52.50;20.50;True;False;False;False;1;35.43157048396097;0;35.43157048396097;35.43157048396097
732;29.50;11.50;True;False;False;False;1234;47.50;22.50;True;False;False;False;1;29.0640250532997;0;29.0640250532997;29.0640250532997
732;29.50;11.50;True;False;False;False;1239;52.50;22.50;True;False;False;False;1;34.124819610093255;0;34.124819610093255;34.124819610093255
733;30.50;11.50;True;False;False;False;300;37.50;1.50;True;False;False;False;1;19.28398268030287;0;19.28398268030287;19.28398268030287
733;30.50;11.50;True;False;False;False;312;49.50;1.50;True;False;False;False;1;31.098008782664692;0;31.098008782664692;31.098008782664692
733;30.50;11.50;True;False;False;False;314;51.50;1.50;True;False;False;False;1;28.040555555549872;0;28.040555555549872;28.040555555549872
733;30.50;11.50;True;False;False;False;336;29.50;2.50;True;False;False;False;1;14.370561945015652;0;14.370561945015652;14.370561945015652
733;30.50;11.50;True;False;False;False;346;39.50;2.50;True;False;False;False;1;20.36638848716393;0;20.36638848716393;20.36638848716393
733;30.50;11.50;True;False;False;False;348;41.50;2.50;True;False;False;False;1;21.047882760271023;0;21.047882760271023;21.047882760271023
733;30.50;11.50;True;False;False;False;351;44.50;2.50;True;False;False;False;1;22.311107916379115;0;22.311107916379115;22.311107916379115
733;30.50;11.50;True;False;False;False;419;24.50;4.50;True;False;False;False;1;15.980555555550382;0;15.980555555550382;15.980555555550382
733;30.50;11.50;True;False;False;False;440;45.50;4.50;True;False;False;False;1;22.59792329008269;0;22.59792329008269;22.59792329008269
733;30.50;11.50;True;False;False;False;447;52.50;4.50;True;False;False;False;1;27.346021317880513;0;27.346021317880513;27.346021317880513
733;30.50;11.50;True;False;False;False;456;17.50;5.50;True;False;False;False;1;20.327034639398335;0;20.327034639398335;20.327034639398335
733;30.50;11.50;True;False;False;False;475;36.50;5.50;True;False;False;False;1;17.49769437402233;0;17.49769437402233;17.49769437402233
733;30.50;11.50;True;False;False;False;476;37.50;5.50;True;False;False;False;1;15.739538235859072;0;15.739538235859072;15.739538235859072
733;30.50;11.50;True;False;False;False;484;45.50;5.50;True;False;False;False;1;20.95870450079383;0;20.95870450079383;20.95870450079383
733;30.50;11.50;True;False;False;False;485;46.50;5.50;True;False;False;False;1;22.12685424949086;0;22.12685424949086;22.12685424949086
733;30.50;11.50;True;False;False;False;564;37.50;7.50;True;False;False;False;1;15.38861470757547;0;15.38861470757547;15.38861470757547
733;30.50;11.50;True;False;False;False;566;39.50;7.50;True;False;False;False;1;15.893149748693759;0;15.893149748693759;15.893149748693759
733;30.50;11.50;True;False;False;False;569;42.50;7.50;True;False;False;False;2;18.502234741201846;0.6391378597268051;17.936930460426083;19.06753902197761
733;30.50;11.50;True;False;False;False;572;45.50;7.50;True;False;False;False;1;21.07592672301689;0;21.07592672301689;21.07592672301689
733;30.50;11.50;True;False;False;False;574;47.50;7.50;True;False;False;False;2;25.061710367639535;28.698073707897887;21.273698111330305;28.849722623948765
733;30.50;11.50;True;False;False;False;576;49.50;7.50;True;False;False;False;1;23.445093791415275;0;23.445093791415275;23.445093791415275
733;30.50;11.50;True;False;False;False;577;50.50;7.50;True;False;False;False;2;38.37759379140516;417.8402606587459;23.92352411088359;52.83166347192673
733;30.50;11.50;True;False;False;False;578;51.50;7.50;True;False;False;False;1;25.5012040990714;0;25.5012040990714;25.5012040990714
733;30.50;11.50;True;False;False;False;579;52.50;7.50;True;False;False;False;3;30.658365929861855;30.504367826628414;25.22222222221899;36.264451637358434
733;30.50;11.50;True;False;False;False;601;30.50;8.50;True;False;False;False;1;6.383337331517396;0;6.383337331517396;6.383337331517396
733;30.50;11.50;True;False;False;False;603;32.50;8.50;True;False;False;False;1;11.170558750298369;0;11.170558750298369;11.170558750298369
733;30.50;11.50;True;False;False;False;615;44.50;8.50;True;False;False;False;1;22.42333733153464;0;22.42333733153464;22.42333733153464
733;30.50;11.50;True;False;False;False;623;52.50;8.50;True;False;False;False;1;24.59101731969713;0;24.59101731969713;24.59101731969713
733;30.50;11.50;True;False;False;False;680;21.50;10.50;True;False;False;False;1;14.659711432837867;0;14.659711432837867;14.659711432837867
733;30.50;11.50;True;False;False;False;688;29.50;10.50;True;False;False;False;1;6.8723160136352135;0;6.8723160136352135;6.8723160136352135
733;30.50;11.50;True;False;False;False;691;32.50;10.50;True;False;False;False;2;8.514792705340824;0.5019972061819662;8.013795097471302;9.015790313210346
733;30.50;11.50;True;False;False;False;710;51.50;10.50;True;False;False;False;1;24.151948844344588;0;24.151948844344588;24.151948844344588
733;30.50;11.50;True;False;False;False;711;52.50;10.50;True;False;False;False;1;22.624628832529197;0;22.624628832529197;22.624628832529197
733;30.50;11.50;True;False;False;False;725;22.50;11.50;True;False;False;False;1;9.247222222222263;0;9.247222222222263;9.247222222222263
733;30.50;11.50;True;False;False;False;738;35.50;11.50;True;False;False;False;4;13.55032706953807;72.96913731419768;7.173055957271572;25.505652541702148
733;30.50;11.50;True;False;False;False;740;37.50;11.50;True;False;False;False;3;10.139231190188374;6.721808867786088;8.539815611909603;13.130561945021327
733;30.50;11.50;True;False;False;False;742;39.50;11.50;True;False;False;False;3;9.99012425812119;0.08121992210564194;9.668888888887523;10.21259499658845
733;30.50;11.50;True;False;False;False;744;41.50;11.50;True;False;False;False;1;10.908049567802664;0;10.908049567802664;10.908049567802664
733;30.50;11.50;True;False;False;False;745;42.50;11.50;True;False;False;False;1;11.541107916373221;0;11.541107916373221;11.541107916373221
733;30.50;11.50;True;False;False;False;747;44.50;11.50;True;False;False;False;1;21.361693292605196;0;21.361693292605196;21.361693292605196
733;30.50;11.50;True;False;False;False;749;46.50;11.50;True;False;False;False;2;14.890836528073123;0.02383332720626004;14.781673056146246;15
733;30.50;11.50;True;False;False;False;752;49.50;11.50;True;False;False;False;1;24.656380509873998;0;24.656380509873998;24.656380509873998
733;30.50;11.50;True;False;False;False;754;51.50;11.50;True;False;False;False;2;24.42921156328839;0.48138466506756605;23.938607514656724;24.919815611920058
733;30.50;11.50;True;False;False;False;755;52.50;11.50;True;False;False;False;3;26.938640378992886;76.36242135577945;18.56166986138851;35.99869572003445
733;30.50;11.50;True;False;False;False;823;32.50;13.50;True;False;False;False;2;11.87009098886847;0.06526923709074654;11.689440446258232;12.050741531478707
733;30.50;11.50;True;False;False;False;826;35.50;13.50;True;False;False;False;2;14.422687984550066;4.528920821770205;12.917875567374722;15.92750040172541
733;30.50;11.50;True;False;False;False;831;40.50;13.50;True;False;False;False;1;15.843795097476686;0;15.843795097476686;15.843795097476686
733;30.50;11.50;True;False;False;False;835;44.50;13.50;True;False;False;False;1;23.924076471710578;0;23.924076471710578;23.924076471710578
733;30.50;11.50;True;False;False;False;837;46.50;13.50;True;False;False;False;1;20.76825073303189;0;20.76825073303189;20.76825073303189
733;30.50;11.50;True;False;False;False;840;49.50;13.50;True;False;False;False;1;21.669540627150127;0;21.669540627150127;21.669540627150127
733;30.50;11.50;True;False;False;False;843;52.50;13.50;True;False;False;False;3;35.08568702229968;108.18895932300339;23.23315294343047;42.69333333332543
733;30.50;11.50;True;False;False;False;860;25.50;14.50;True;False;False;False;1;12.307037834136281;0;12.307037834136281;12.307037834136281
733;30.50;11.50;True;False;False;False;864;29.50;14.50;True;False;False;False;2;11.242961764144411;9.768997339632264;9.032871569193958;13.453051959094864
733;30.50;11.50;True;False;False;False;865;30.50;14.50;True;False;False;False;1;13.153445508770801;0;13.153445508770801;13.153445508770801
733;30.50;11.50;True;False;False;False;879;44.50;14.50;True;False;False;False;1;21.41463522200229;0;21.41463522200229;21.41463522200229
733;30.50;11.50;True;False;False;False;880;45.50;14.50;True;False;False;False;1;30.404545428777965;0;30.404545428777965;30.404545428777965
733;30.50;11.50;True;False;False;False;884;49.50;14.50;True;False;False;False;1;29.498618705742047;0;29.498618705742047;29.498618705742047
733;30.50;11.50;True;False;False;False;887;52.50;14.50;True;False;False;False;2;34.2044913401478;102.48481500693543;27.046111111110804;41.36287156918479
733;30.50;11.50;True;False;False;False;955;32.50;16.50;True;False;False;False;1;13.046948040901043;0;13.046948040901043;13.046948040901043
733;30.50;11.50;True;False;False;False;962;39.50;16.50;True;False;False;False;1;17.485930721206955;0;17.485930721206955;17.485930721206955
733;30.50;11.50;True;False;False;False;965;42.50;16.50;True;False;False;False;2;20.15645645697009;5.075484906653394;18.563427124745886;21.749485789194296
733;30.50;11.50;True;False;False;False;975;52.50;16.50;True;False;False;False;1;25.19249640353337;0;25.19249640353337;25.19249640353337
733;30.50;11.50;True;False;False;False;989;22.50;17.50;True;False;False;False;1;16.658513723232318;0;16.658513723232318;16.658513723232318
733;30.50;11.50;True;False;False;False;1001;34.50;17.50;True;False;False;False;1;13.546760458066274;0;13.546760458066274;13.546760458066274
733;30.50;11.50;True;False;False;False;1008;41.50;17.50;True;False;False;False;1;19.554447639179898;0;19.554447639179898;19.554447639179898
733;30.50;11.50;True;False;False;False;1009;42.50;17.50;True;False;False;False;1;26.316017319692037;0;26.316017319692037;26.316017319692037
733;30.50;11.50;True;False;False;False;1011;44.50;17.50;True;False;False;False;1;20.94230642942881;0;20.94230642942881;20.94230642942881
733;30.50;11.50;True;False;False;False;1012;45.50;17.50;True;False;False;False;1;21.263239541918665;0;21.263239541918665;21.263239541918665
733;30.50;11.50;True;False;False;False;1013;46.50;17.50;True;False;False;False;1;22.11444444443623;0;22.11444444443623;22.11444444443623
733;30.50;11.50;True;False;False;False;1017;50.50;17.50;True;False;False;False;1;25.172915530146838;0;25.172915530146838;25.172915530146838
733;30.50;11.50;True;False;False;False;1018;51.50;17.50;True;False;False;False;1;26.496280064366147;0;26.496280064366147;26.496280064366147
733;30.50;11.50;True;False;False;False;1019;52.50;17.50;True;False;False;False;1;26.698770323986537;0;26.698770323986537;26.698770323986537
733;30.50;11.50;True;False;False;False;1092;37.50;19.50;True;False;False;False;1;17.7250929879483;0;17.7250929879483;17.7250929879483
733;30.50;11.50;True;False;False;False;1104;49.50;19.50;True;False;False;False;1;25.317128430809476;0;25.317128430809476;25.317128430809476
733;30.50;11.50;True;False;False;False;1105;50.50;19.50;True;False;False;False;1;29.594534237665357;0;29.594534237665357;29.594534237665357
733;30.50;11.50;True;False;False;False;1151;52.50;20.50;True;False;False;False;1;28.237409805047946;0;28.237409805047946;28.237409805047946
733;30.50;11.50;True;False;False;False;1231;44.50;22.50;True;False;False;False;1;27.24234319736206;0;27.24234319736206;27.24234319736206
733;30.50;11.50;True;False;False;False;1253;22.50;23.50;True;False;False;False;1;26.91777458304238;0;26.91777458304238;26.91777458304238
733;30.50;11.50;True;False;False;False;1258;27.50;23.50;True;False;False;False;1;16.384347458291813;0;16.384347458291813;16.384347458291813
733;30.50;11.50;True;False;False;False;1277;46.50;23.50;True;False;False;False;1;36.15240661031021;0;36.15240661031021;36.15240661031021
733;30.50;11.50;True;False;False;False;1278;47.50;23.50;True;False;False;False;1;46.989253666883315;0;46.989253666883315;46.989253666883315
733;30.50;11.50;True;False;False;False;1282;51.50;23.50;True;False;False;False;1;29.86444444443623;0;29.86444444443623;29.86444444443623
733;30.50;11.50;True;False;False;False;1346;27.50;25.50;True;False;False;False;1;18.301204902520112;0;18.301204902520112;18.301204902520112
734;31.50;11.50;True;False;False;False;279;16.50;1.50;True;False;False;False;1;23.76501038763672;0;23.76501038763672;23.76501038763672
734;31.50;11.50;True;False;False;False;310;47.50;1.50;True;False;False;False;1;25.231111895496724;0;25.231111895496724;25.231111895496724
734;31.50;11.50;True;False;False;False;346;39.50;2.50;True;False;False;False;1;19.433261610072805;0;19.433261610072805;19.433261610072805
734;31.50;11.50;True;False;False;False;351;44.50;2.50;True;False;False;False;1;22.465836929790385;0;22.465836929790385;22.465836929790385
734;31.50;11.50;True;False;False;False;430;35.50;4.50;True;False;False;False;1;14.02685424948504;0;14.02685424948504;14.02685424948504
734;31.50;11.50;True;False;False;False;447;52.50;4.50;True;False;False;False;1;28.058330138597967;0;28.058330138597967;28.058330138597967
734;31.50;11.50;True;False;False;False;471;32.50;5.50;True;False;False;False;1;11.558520916150883;0;11.558520916150883;11.558520916150883
734;31.50;11.50;True;False;False;False;474;35.50;5.50;True;False;False;False;1;14.81972262394629;0;14.81972262394629;14.81972262394629
734;31.50;11.50;True;False;False;False;479;40.50;5.50;True;False;False;False;2;17.52883800451673;0.09741014197280279;17.30814575049226;17.7495302585412
734;31.50;11.50;True;False;False;False;480;41.50;5.50;True;False;False;False;1;18.16361790230735;0;18.16361790230735;18.16361790230735
734;31.50;11.50;True;False;False;False;483;44.50;5.50;True;False;False;False;1;24.110281374240003;0;24.110281374240003;24.110281374240003
734;31.50;11.50;True;False;False;False;486;47.50;5.50;True;False;False;False;1;21.950464958885277;0;21.950464958885277;21.950464958885277
734;31.50;11.50;True;False;False;False;488;49.50;5.50;True;False;False;False;2;24.227275228475264;2.87578850900793;23.028152943425084;25.426397513525444
734;31.50;11.50;True;False;False;False;489;50.50;5.50;True;False;False;False;2;27.40690433993268;19.818781323261476;24.25898587503707;30.55482280482829
734;31.50;11.50;True;False;False;False;557;30.50;7.50;True;False;False;False;1;9.54672857569858;0;9.54672857569858;9.54672857569858
734;31.50;11.50;True;False;False;False;561;34.50;7.50;True;False;False;False;1;11.680840124531187;0;11.680840124531187;11.680840124531187
734;31.50;11.50;True;False;False;False;566;39.50;7.50;True;False;False;False;1;15.313253474567318;0;15.313253474567318;15.313253474567318
734;31.50;11.50;True;False;False;False;567;40.50;7.50;True;False;False;False;3;16.159594896914616;0.18177899487447183;15.667577396940032;16.4203711674636
734;31.50;11.50;True;False;False;False;569;42.50;7.50;True;False;False;False;1;18.15593391593211;0;18.15593391593211;18.15593391593211
734;31.50;11.50;True;False;False;False;571;44.50;7.50;True;False;False;False;2;25.676852250398298;86.7440780315576;19.091107112923055;32.26259738787354
734;31.50;11.50;True;False;False;False;572;45.50;7.50;True;False;False;False;1;19.727449228719706;0;19.727449228719706;19.727449228719706
734;31.50;11.50;True;False;False;False;573;46.50;7.50;True;False;False;False;1;20.553791902733792;0;20.553791902733792;20.553791902733792
734;31.50;11.50;True;False;False;False;574;47.50;7.50;True;False;False;False;2;22.503750200858462;4.66396824085067;20.976666666658275;24.03083373505865
734;31.50;11.50;True;False;False;False;577;50.50;7.50;True;False;False;False;1;22.584910206773202;0;22.584910206773202;22.584910206773202
734;31.50;11.50;True;False;False;False;578;51.50;7.50;True;False;False;False;1;29.8823224031039;0;29.8823224031039;29.8823224031039
734;31.50;11.50;True;False;False;False;579;52.50;7.50;True;False;False;False;3;27.6143538541149;43.26135894197809;23.630658146768837;35.20611111111157
734;31.50;11.50;True;False;False;False;600;29.50;8.50;True;False;False;False;1;10.370277376048762;0;10.370277376048762;10.370277376048762
734;31.50;11.50;True;False;False;False;603;32.50;8.50;True;False;False;False;1;9.09712843080706;0;9.09712843080706;9.09712843080706
734;31.50;11.50;True;False;False;False;613;42.50;8.50;True;False;False;False;1;16.968520916159264;0;16.968520916159264;16.968520916159264
734;31.50;11.50;True;False;False;False;615;44.50;8.50;True;False;False;False;1;17.4705523608136;0;17.4705523608136;17.4705523608136
734;31.50;11.50;True;False;False;False;688;29.50;10.50;True;False;False;False;1;8.169831850107585;0;8.169831850107585;8.169831850107585
734;31.50;11.50;True;False;False;False;690;31.50;10.50;True;False;False;False;1;3.5951875828322954;0;3.5951875828322954;3.5951875828322954
734;31.50;11.50;True;False;False;False;695;36.50;10.50;True;False;False;False;1;11.22352011271505;0;11.22352011271505;11.22352011271505
734;31.50;11.50;True;False;False;False;696;37.50;10.50;True;False;False;False;1;11.326298693937133;0;11.326298693937133;11.326298693937133
734;31.50;11.50;True;False;False;False;703;44.50;10.50;True;False;False;False;1;20.323705304246687;0;20.323705304246687;20.323705304246687
734;31.50;11.50;True;False;False;False;706;47.50;10.50;True;False;False;False;2;17.99815973461864;0.020939912773489496;17.895836929796133;18.100482539441145
734;31.50;11.50;True;False;False;False;739;36.50;11.50;True;False;False;False;1;7.5198544778322685;0;7.5198544778322685;7.5198544778322685
734;31.50;11.50;True;False;False;False;742;39.50;11.50;True;False;False;False;1;10.416851858208247;0;10.416851858208247;10.416851858208247
734;31.50;11.50;True;False;False;False;743;40.50;11.50;True;False;False;False;1;28.507229415128677;0;28.507229415128677;28.507229415128677
734;31.50;11.50;True;False;False;False;745;42.50;11.50;True;False;False;False;1;10.991017319702223;0;10.991017319702223;10.991017319702223
734;31.50;11.50;True;False;False;False;748;45.50;11.50;True;False;False;False;1;25.66855344048963;0;25.66855344048963;25.66855344048963
734;31.50;11.50;True;False;False;False;754;51.50;11.50;True;False;False;False;2;19.455923930014137;9.781283030192482;17.244444444444298;21.667403415583976
734;31.50;11.50;True;False;False;False;755;52.50;11.50;True;False;False;False;1;19.22222222221899;0;19.22222222221899;19.22222222221899
734;31.50;11.50;True;False;False;False;812;21.50;13.50;True;False;False;False;1;14.884906208586472;0;14.884906208586472;14.884906208586472
734;31.50;11.50;True;False;False;False;813;22.50;13.50;True;False;False;False;1;14.960836929789366;0;14.960836929789366;14.960836929789366
734;31.50;11.50;True;False;False;False;815;24.50;13.50;True;False;False;False;1;24.602134820263018;0;24.602134820263018;24.602134820263018
734;31.50;11.50;True;False;False;False;823;32.50;13.50;True;False;False;False;1;7.663145750499098;0;7.663145750499098;7.663145750499098
734;31.50;11.50;True;False;False;False;826;35.50;13.50;True;False;False;False;1;11.652023448288787;0;11.652023448288787;11.652023448288787
734;31.50;11.50;True;False;False;False;828;37.50;13.50;True;False;False;False;1;12.845180389915186;0;12.845180389915186;12.845180389915186
734;31.50;11.50;True;False;False;False;831;40.50;13.50;True;False;False;False;2;15.32518598545721;0.10785283721822146;15.09296536059992;15.557406610314501
734;31.50;11.50;True;False;False;False;841;50.50;13.50;True;False;False;False;1;21.671295499194457;0;21.671295499194457;21.671295499194457
734;31.50;11.50;True;False;False;False;866;31.50;14.50;True;False;False;False;1;6.14954143059299;0;6.14954143059299;6.14954143059299
734;31.50;11.50;True;False;False;False;867;32.50;14.50;True;False;False;False;1;9.64722572937535;0;9.64722572937535;9.64722572937535
734;31.50;11.50;True;False;False;False;879;44.50;14.50;True;False;False;False;1;19.927494012248644;0;19.927494012248644;19.927494012248644
734;31.50;11.50;True;False;False;False;882;47.50;14.50;True;False;False;False;1;20.580649346971768;0;20.580649346971768;20.580649346971768
734;31.50;11.50;True;False;False;False;884;49.50;14.50;True;False;False;False;2;22.148193047940367;1.0484364904279144;21.424163873656653;22.87222222222408
734;31.50;11.50;True;False;False;False;950;27.50;16.50;True;False;False;False;1;28.2497218205026;0;28.2497218205026;28.2497218205026
734;31.50;11.50;True;False;False;False;957;34.50;16.50;True;False;False;False;2;13.224847998997575;0.4742920863934986;12.737871569181152;13.711824428813998
734;31.50;11.50;True;False;False;False;1004;37.50;17.50;True;False;False;False;1;15.888985875037179;0;15.888985875037179;15.888985875037179
734;31.50;11.50;True;False;False;False;1011;44.50;17.50;True;False;False;False;1;19.978986678486763;0;19.978986678486763;19.978986678486763
734;31.50;11.50;True;False;False;False;1014;47.50;17.50;True;False;False;False;1;22.56369947260464;0;22.56369947260464;22.56369947260464
734;31.50;11.50;True;False;False;False;1017;50.50;17.50;True;False;False;False;1;23.9725909984154;0;23.9725909984154;23.9725909984154
734;31.50;11.50;True;False;False;False;1019;52.50;17.50;True;False;False;False;2;35.630974422174404;3.6617530217369625;34.277875567371666;36.98407327697714
734;31.50;11.50;True;False;False;False;1092;37.50;19.50;True;False;False;False;1;16.60712204133597;0;16.60712204133597;16.60712204133597
734;31.50;11.50;True;False;False;False;1094;39.50;19.50;True;False;False;False;1;18.067222222220607;0;18.067222222220607;18.067222222220607
734;31.50;11.50;True;False;False;False;1095;40.50;19.50;True;False;False;False;1;19.22083619251498;0;19.22083619251498;19.22083619251498
734;31.50;11.50;True;False;False;False;1096;41.50;19.50;True;False;False;False;1;19.486479083840095;0;19.486479083840095;19.486479083840095
734;31.50;11.50;True;False;False;False;1100;45.50;19.50;True;False;False;False;1;21.303243540103722;0;21.303243540103722;21.303243540103722
734;31.50;11.50;True;False;False;False;1102;47.50;19.50;True;False;False;False;1;23.204155319337588;0;23.204155319337588;23.204155319337588
734;31.50;11.50;True;False;False;False;1108;9.50;20.50;True;False;False;False;1;28.640819349215462;0;28.640819349215462;28.640819349215462
734;31.50;11.50;True;False;False;False;1120;21.50;20.50;True;False;False;False;1;20.352406610312755;0;20.352406610312755;20.352406610312755
734;31.50;11.50;True;False;False;False;1136;37.50;20.50;True;False;False;False;1;18.812221418771628;0;18.812221418771628;18.812221418771628
734;31.50;11.50;True;False;False;False;1146;47.50;20.50;True;False;False;False;1;26.526948040916977;0;26.526948040916977;26.526948040916977
734;31.50;11.50;True;False;False;False;1149;50.50;20.50;True;False;False;False;1;29.03620490252404;0;29.03620490252404;29.03620490252404
734;31.50;11.50;True;False;False;False;1239;52.50;22.50;True;False;False;False;2;28.943149748689393;0.37844444118106985;28.508152943424648;29.37814655395414
734;31.50;11.50;True;False;False;False;1255;24.50;23.50;True;False;False;False;1;24.157316817083483;0;24.157316817083483;24.157316817083483
734;31.50;11.50;True;False;False;False;1256;25.50;23.50;True;False;False;False;1;19.247774583040155;0;19.247774583040155;19.247774583040155
734;31.50;11.50;True;False;False;False;1258;27.50;23.50;True;False;False;False;1;17.743614707571396;0;17.743614707571396;17.743614707571396
734;31.50;11.50;True;False;False;False;1280;49.50;23.50;True;False;False;False;1;27.314812417171197;0;27.314812417171197;27.314812417171197
734;31.50;11.50;True;False;False;False;1351;32.50;25.50;True;False;False;False;1;17.068423930011704;0;17.068423930011704;17.068423930011704
734;31.50;11.50;True;False;False;False;1414;51.50;26.50;True;False;False;False;1;31.111291501027154;0;31.111291501027154;31.111291501027154
735;32.50;11.50;True;False;False;False;12;61.50;3.50;False;False;True;False;2;122.61975385301412;85.93715582331555;116.06471167834752;129.1747960276807
735;32.50;11.50;True;False;False;False;28;61.50;9.50;False;False;True;False;4;111.78850060650643;1578.1855400946486;76.2456461522288;160.29399523310713
735;32.50;11.50;True;False;False;False;44;61.50;15.50;False;False;True;False;3;125.98526858257446;1535.8528214109488;100.04440606945809;171.06732640129303
735;32.50;11.50;True;False;False;False;60;61.50;21.50;False;False;True;False;1;105.15777858122965;0;105.15777858122965;105.15777858122965
735;32.50;11.50;True;False;False;False;76;0.50;6.50;False;True;False;False;1;546.6670527967945;0;546.6670527967945;546.6670527967945
735;32.50;11.50;True;False;False;False;108;0.50;18.50;False;True;False;False;1;575.125167591952;0;575.125167591952;575.125167591952
735;32.50;11.50;True;False;False;False;124;0.50;24.50;False;True;False;False;2;601.241831055253;2668.629242805517;564.7135595193213;637.7701025911847
735;32.50;11.50;True;False;False;False;282;19.50;1.50;True;False;False;False;1;21.974170263121778;0;21.974170263121778;21.974170263121778
735;32.50;11.50;True;False;False;False;292;29.50;1.50;True;False;False;False;1;15.412322403115468;0;15.412322403115468;15.412322403115468
735;32.50;11.50;True;False;False;False;405;10.50;4.50;True;False;False;False;1;26.559815611907652;0;26.559815611907652;26.559815611907652
735;32.50;11.50;True;False;False;False;429;34.50;4.50;True;False;False;False;1;13.963888888887595;0;13.963888888887595;13.963888888887595
735;32.50;11.50;True;False;False;False;473;34.50;5.50;True;False;False;False;1;12.57166986140237;0;12.57166986140237;12.57166986140237
735;32.50;11.50;True;False;False;False;566;39.50;7.50;True;False;False;False;1;14.92472581867878;0;14.92472581867878;14.92472581867878
735;32.50;11.50;True;False;False;False;711;52.50;10.50;True;False;False;False;1;21.24731601363419;0;21.24731601363419;21.24731601363419
735;32.50;11.50;True;False;False;False;733;30.50;11.50;True;False;False;False;1;5.1023128189008276;0;5.1023128189008276;5.1023128189008276
735;32.50;11.50;True;False;False;False;821;30.50;13.50;True;False;False;False;2;14.045328269936363;45.02737979820691;9.300468957047997;18.79018758282473
735;32.50;11.50;True;False;False;False;822;31.50;13.50;True;False;False;False;2;7.785463763233565;0.001472120453353357;7.758333333331393;7.812594193135737
735;32.50;11.50;True;False;False;False;838;47.50;13.50;True;False;False;False;1;18.253427124742302;0;18.253427124742302;18.253427124742302
735;32.50;11.50;True;False;False;False;869;34.50;14.50;True;False;False;False;1;13.160642154046855;0;13.160642154046855;13.160642154046855
735;32.50;11.50;True;False;False;False;872;37.50;14.50;True;False;False;False;1;12.082222222222299;0;12.082222222222299;12.082222222222299
735;32.50;11.50;True;False;False;False;877;42.50;14.50;True;False;False;False;1;17.285196363581235;0;17.285196363581235;17.285196363581235
735;32.50;11.50;True;False;False;False;884;49.50;14.50;True;False;False;False;1;22.138245931392248;0;22.138245931392248;22.138245931392248
735;32.50;11.50;True;False;False;False;962;39.50;16.50;True;False;False;False;1;23.156111111109112;0;23.156111111109112;23.156111111109112
735;32.50;11.50;True;False;False;False;970;47.50;16.50;True;False;False;False;1;21.40555555555693;0;21.40555555555693;21.40555555555693
735;32.50;11.50;True;False;False;False;1018;51.50;17.50;True;False;False;False;1;27.796573678693676;0;27.796573678693676;27.796573678693676
735;32.50;11.50;True;False;False;False;1234;47.50;22.50;True;False;False;False;1;25.07611430584643;0;25.07611430584643;25.07611430584643
737;34.50;11.50;True;False;False;False;28;61.50;9.50;False;False;True;False;3;94.72117497144639;217.18547696918915;79.57037197091722;109.0066698614155
737;34.50;11.50;True;False;False;False;44;61.50;15.50;False;False;True;False;2;112.87971662666678;154.25495277139333;104.09749160189676;121.66194165143679
737;34.50;11.50;True;False;False;False;60;61.50;21.50;False;False;True;False;1;100.8377849706967;0;100.8377849706967;100.8377849706967
737;34.50;11.50;True;False;False;False;356;49.50;2.50;True;False;False;False;1;27.25528137423953;0;27.25528137423953;27.25528137423953
737;34.50;11.50;True;False;False;False;590;19.50;8.50;True;False;False;False;1;19.377777777777737;0;19.377777777777737;19.377777777777737
737;34.50;11.50;True;False;False;False;616;45.50;8.50;True;False;False;False;1;16.853243540108906;0;16.853243540108906;16.853243540108906
737;34.50;11.50;True;False;False;False;747;44.50;11.50;True;False;False;False;1;11.540848120902126;0;11.540848120902126;11.540848120902126
737;34.50;11.50;True;False;False;False;821;30.50;13.50;True;False;False;False;2;11.91950053216533;0.8200415911272333;11.279171870020946;12.559829194309714
737;34.50;11.50;True;False;False;False;822;31.50;13.50;True;False;False;False;1;9.62073674891326;0;9.62073674891326;9.62073674891326
737;34.50;11.50;True;False;False;False;823;32.50;13.50;True;False;False;False;1;9.064444444436958;0;9.064444444436958;9.064444444436958
737;34.50;11.50;True;False;False;False;949;26.50;16.50;True;False;False;False;1;15.32074313838131;0;15.32074313838131;15.32074313838131
737;34.50;11.50;True;False;False;False;1281;50.50;23.50;True;False;False;False;1;33.37083373505868;0;33.37083373505868;33.37083373505868
738;35.50;11.50;True;False;False;False;12;61.50;3.50;False;False;True;False;1;100.04843112292656;0;100.04843112292656;100.04843112292656
738;35.50;11.50;True;False;False;False;28;61.50;9.50;False;False;True;False;3;93.12805409526628;27.642513708373343;89.81481961009632;99.19027817948881
738;35.50;11.50;True;False;False;False;44;61.50;15.50;False;False;True;False;2;116.29899106886478;451.98537430684246;101.2659379141187;131.33204422361086
738;35.50;11.50;True;False;False;False;60;61.50;21.50;False;False;True;False;1;95.94417026312658;0;95.94417026312658;95.94417026312658
738;35.50;11.50;True;False;False;False;484;45.50;5.50;True;False;False;False;1;20.833795097467373;0;20.833795097467373;20.833795097467373
738;35.50;11.50;True;False;False;False;608;37.50;8.50;True;False;False;False;1;10.992965360605012;0;10.992965360605012;10.992965360605012
738;35.50;11.50;True;False;False;False;689;30.50;10.50;True;False;False;False;1;10.206663471926731;0;10.206663471926731;10.206663471926731
738;35.50;11.50;True;False;False;False;821;30.50;13.50;True;False;False;False;1;11.813424733460124;0;11.813424733460124;11.813424733460124
738;35.50;11.50;True;False;False;False;822;31.50;13.50;True;False;False;False;1;15.399812417155772;0;15.399812417155772;15.399812417155772
738;35.50;11.50;True;False;False;False;823;32.50;13.50;True;False;False;False;1;10.810253793624724;0;10.810253793624724;10.810253793624724
739;36.50;11.50;True;False;False;False;28;61.50;9.50;False;False;True;False;2;89.47157647171127;345.77211632762106;76.3229621658686;102.62019077755394
739;36.50;11.50;True;False;False;False;44;61.50;15.50;False;False;True;False;1;99.56082087020695;0;99.56082087020695;99.56082087020695
739;36.50;11.50;True;False;False;False;733;30.50;11.50;True;False;False;False;1;8.04786037807935;0;8.04786037807935;8.04786037807935
739;36.50;11.50;True;False;False;False;749;46.50;11.50;True;False;False;False;1;10.037784167245263;0;10.037784167245263;10.037784167245263
739;36.50;11.50;True;False;False;False;821;30.50;13.50;True;False;False;False;1;15.853531861750525;0;15.853531861750525;15.853531861750525
740;37.50;11.50;True;False;False;False;12;61.50;3.50;False;False;True;False;6;124.09419696792263;733.9884639596328;93.14281624694922;170.8363122763285
740;37.50;11.50;True;False;False;False;28;61.50;9.50;False;False;True;False;1;124.1865038573269;0;124.1865038573269;124.1865038573269
740;37.50;11.50;True;False;False;False;60;61.50;21.50;False;False;True;False;3;116.13166187772792;1445.393921257937;90.17204183231843;159.77036158322153
740;37.50;11.50;True;False;False;False;737;34.50;11.50;True;False;False;False;1;14.71464002362336;0;14.71464002362336;14.71464002362336
740;37.50;11.50;True;False;False;False;742;39.50;11.50;True;False;False;False;1;5.025555555548635;0;5.025555555548635;5.025555555548635
740;37.50;11.50;True;False;False;False;744;41.50;11.50;True;False;False;False;1;7.317034639403573;0;7.317034639403573;7.317034639403573
740;37.50;11.50;True;False;False;False;753;50.50;11.50;True;False;False;False;1;12.382777777775118;0;12.382777777775118;12.382777777775118
740;37.50;11.50;True;False;False;False;821;30.50;13.50;True;False;False;False;1;13.022091643633757;0;13.022091643633757;13.022091643633757
740;37.50;11.50;True;False;False;False;823;32.50;13.50;True;False;False;False;2;17.97120170779135;85.18259648743658;11.445000803458242;24.49740261212446
740;37.50;11.50;True;False;False;False;864;29.50;14.50;True;False;False;False;1;17.703427124746668;0;17.703427124746668;17.703427124746668
740;37.50;11.50;True;False;False;False;1221;34.50;22.50;True;False;False;False;1;16.380461764143547;0;16.380461764143547;16.380461764143547
742;39.50;11.50;True;False;False;False;12;61.50;3.50;False;False;True;False;1;128.8501049825154;0;128.8501049825154;128.8501049825154
742;39.50;11.50;True;False;False;False;28;61.50;9.50;False;False;True;False;2;103.97842672304614;732.6154628960154;84.83925925295989;123.11759419313239
742;39.50;11.50;True;False;False;False;44;61.50;15.50;False;False;True;False;12;103.65092388351358;481.28814753521937;58.75380229039365;149.40045267097048
742;39.50;11.50;True;False;False;False;60;61.50;21.50;False;False;True;False;1;80.57509698614376;0;80.57509698614376;80.57509698614376
742;39.50;11.50;True;False;False;False;329;22.50;2.50;True;False;False;False;1;24.17280815625054;0;24.17280815625054;24.17280815625054
742;39.50;11.50;True;False;False;False;564;37.50;7.50;True;False;False;False;1;10.690274181313725;0;10.690274181313725;10.690274181313725
742;39.50;11.50;True;False;False;False;613;42.50;8.50;True;False;False;False;1;11.21916626494567;0;11.21916626494567;11.21916626494567
742;39.50;11.50;True;False;False;False;724;21.50;11.50;True;False;False;False;1;16.624322684795516;0;16.624322684795516;16.624322684795516
742;39.50;11.50;True;False;False;False;732;29.50;11.50;True;False;False;False;1;17.64379509747232;0;17.64379509747232;17.64379509747232
742;39.50;11.50;True;False;False;False;733;30.50;11.50;True;False;False;False;1;10.25249640353968;0;10.25249640353968;10.25249640353968
742;39.50;11.50;True;False;False;False;734;31.50;11.50;True;False;False;False;1;13.548236347183774;0;13.548236347183774;13.548236347183774
742;39.50;11.50;True;False;False;False;820;29.50;13.50;True;False;False;False;1;15.726463110155237;0;15.726463110155237;15.726463110155237
742;39.50;11.50;True;False;False;False;821;30.50;13.50;True;False;False;False;3;18.04888915670108;9.988368512690325;14.661118304022239;20.91777458303841
742;39.50;11.50;True;False;False;False;822;31.50;13.50;True;False;False;False;1;14.304906208584725;0;14.304906208584725;14.304906208584725
742;39.50;11.50;True;False;False;False;823;32.50;13.50;True;False;False;False;1;15.807861984980264;0;15.807861984980264;15.807861984980264
742;39.50;11.50;True;False;False;False;864;29.50;14.50;True;False;False;False;1;16.295000000000073;0;16.295000000000073;16.295000000000073
742;39.50;11.50;True;False;False;False;879;44.50;14.50;True;False;False;False;1;13.205926723016091;0;13.205926723016091;13.205926723016091
742;39.50;11.50;True;False;False;False;1013;46.50;17.50;True;False;False;False;1;15.630555555555475;0;15.630555555555475;15.630555555555475
743;40.50;11.50;True;False;False;False;28;61.50;9.50;False;False;True;False;5;94.31348425594115;366.2798481834044;64.01661233710547;112.45398348374874
743;40.50;11.50;True;False;False;False;44;61.50;15.50;False;False;True;False;2;80.69171715883385;173.4333525871487;71.37953823585485;90.00389608181285
743;40.50;11.50;True;False;False;False;60;61.50;21.50;False;False;True;False;1;81.59185744421848;0;81.59185744421848;81.59185744421848
743;40.50;11.50;True;False;False;False;479;40.50;5.50;True;False;False;False;1;7.70064934696893;0;7.70064934696893;7.70064934696893
743;40.50;11.50;True;False;False;False;483;44.50;5.50;True;False;False;False;1;14.348055153819587;0;14.348055153819587;14.348055153819587
743;40.50;11.50;True;False;False;False;745;42.50;11.50;True;False;False;False;1;5.39988892139263;0;5.39988892139263;5.39988892139263
743;40.50;11.50;True;False;False;False;820;29.50;13.50;True;False;False;False;2;19.187222222222772;1.0341419443513715;18.468145750506665;19.90629869393888
743;40.50;11.50;True;False;False;False;821;30.50;13.50;True;False;False;False;2;22.078991470605615;88.83658637651617;15.414286436753173;28.743696504458057
743;40.50;11.50;True;False;False;False;822;31.50;13.50;True;False;False;False;1;15.164815611911763;0;15.164815611911763;15.164815611911763
744;41.50;11.50;True;False;False;False;28;61.50;9.50;False;False;True;False;1;76.87906369275515;0;76.87906369275515;76.87906369275515
744;41.50;11.50;True;False;False;False;44;61.50;15.50;False;False;True;False;2;103.17574713657632;264.54661484339715;91.67473381505988;114.67676045809276
744;41.50;11.50;True;False;False;False;60;61.50;21.50;False;False;True;False;1;120.12518199680926;0;120.12518199680926;120.12518199680926
744;41.50;11.50;True;False;False;False;92;0.50;12.50;False;True;False;False;1;261.9746392201596;0;261.9746392201596;261.9746392201596
744;41.50;11.50;True;False;False;False;547;20.50;7.50;True;False;False;False;1;25.700833735054402;0;25.700833735054402;25.700833735054402
744;41.50;11.50;True;False;False;False;734;31.50;11.50;True;False;False;False;1;10.777687181107467;0;10.777687181107467;10.777687181107467
744;41.50;11.50;True;False;False;False;822;31.50;13.50;True;False;False;False;1;15.664315775433352;0;15.664315775433352;15.664315775433352
744;41.50;11.50;True;False;False;False;840;49.50;13.50;True;False;False;False;1;14.61815294342523;0;14.61815294342523;14.61815294342523
744;41.50;11.50;True;False;False;False;872;37.50;14.50;True;False;False;False;1;12.167034639387566;0;12.167034639387566;12.167034639387566
744;41.50;11.50;True;False;False;False;1100;45.50;19.50;True;False;False;False;1;15.487119630990492;0;15.487119630990492;15.487119630990492
745;42.50;11.50;True;False;False;False;12;61.50;3.50;False;False;True;False;2;118.55329385240907;1649.8629513489682;89.83167349988571;147.27491420493243
745;42.50;11.50;True;False;False;False;28;61.50;9.50;False;False;True;False;4;113.17576678709702;47.22357819143167;107.23712682391852;120.6213932887913
745;42.50;11.50;True;False;False;False;44;61.50;15.50;False;False;True;False;5;96.220780439398;48.057148990188914;85.93148388547888;102.25314575051016
745;42.50;11.50;True;False;False;False;60;61.50;21.50;False;False;True;False;2;74.4190121087031;101.83867561706514;67.28323339797134;81.55479081943486
745;42.50;11.50;True;False;False;False;108;0.50;18.50;False;True;False;False;2;586.9562513688725;239.54578883275175;576.0121710321619;597.9003317055831
745;42.50;11.50;True;False;False;False;324;17.50;2.50;True;False;False;False;1;29.90481241717498;0;29.90481241717498;29.90481241717498
745;42.50;11.50;True;False;False;False;484;45.50;5.50;True;False;False;False;1;15.625;0;15.625;15.625
745;42.50;11.50;True;False;False;False;485;46.50;5.50;True;False;False;False;1;14.136111111111859;0;14.136111111111859;14.136111111111859
745;42.50;11.50;True;False;False;False;486;47.50;5.50;True;False;False;False;1;14.617693570588017;0;14.617693570588017;14.617693570588017
745;42.50;11.50;True;False;False;False;623;52.50;8.50;True;False;False;False;1;16.40130827813846;0;16.40130827813846;16.40130827813846
745;42.50;11.50;True;False;False;False;709;50.50;10.50;True;False;False;False;1;12.097122041343027;0;12.097122041343027;12.097122041343027
745;42.50;11.50;True;False;False;False;733;30.50;11.50;True;False;False;False;1;11.796397286987485;0;11.796397286987485;11.796397286987485
745;42.50;11.50;True;False;False;False;820;29.50;13.50;True;False;False;False;1;16.912363896528404;0;16.912363896528404;16.912363896528404
745;42.50;11.50;True;False;False;False;822;31.50;13.50;True;False;False;False;2;15.761064617118791;0.7279100210646036;15.157777777769297;16.364351456468285
745;42.50;11.50;True;False;False;False;823;32.50;13.50;True;False;False;False;1;14.306204902528407;0;14.306204902528407;14.306204902528407
745;42.50;11.50;True;False;False;False;830;39.50;13.50;True;False;False;False;1;10.555739943636581;0;10.555739943636581;10.555739943636581
745;42.50;11.50;True;False;False;False;833;42.50;13.50;True;False;False;False;1;4.383333333331393;0;4.383333333331393;4.383333333331393
745;42.50;11.50;True;False;False;False;864;29.50;14.50;True;False;False;False;1;17.287320011821976;0;17.287320011821976;17.287320011821976
745;42.50;11.50;True;False;False;False;1260;29.50;23.50;True;False;False;False;1;26.95852091615052;0;26.95852091615052;26.95852091615052
747;44.50;11.50;True;False;False;False;12;61.50;3.50;False;False;True;False;3;102.49067817841205;948.5923309168367;81.27573594546448;137.81731191129256
747;44.50;11.50;True;False;False;False;28;61.50;9.50;False;False;True;False;11;103.85600119639962;464.8565592832625;54.86852091615947;129.42267518657172
747;44.50;11.50;True;False;False;False;44;61.50;15.50;False;False;True;False;1;110.89852491434067;0;110.89852491434067;110.89852491434067
747;44.50;11.50;True;False;False;False;60;61.50;21.50;False;False;True;False;3;114.31671693829263;4966.937291828686;72.66523900120228;195.68833174550036
747;44.50;11.50;True;False;False;False;76;0.50;6.50;False;True;False;False;2;582.2857348154143;1225.616306773455;557.5307726181754;607.0406970126533
747;44.50;11.50;True;False;False;False;108;0.50;18.50;False;True;False;False;1;544.118069294469;0;544.118069294469;544.118069294469
747;44.50;11.50;True;False;False;False;124;0.50;24.50;False;True;False;False;1;561.6679437818784;0;561.6679437818784;561.6679437818784
747;44.50;11.50;True;False;False;False;309;46.50;1.50;True;False;False;False;1;15.297128430796874;0;15.297128430796874;15.297128430796874
747;44.50;11.50;True;False;False;False;439;44.50;4.50;True;False;False;False;1;9.085096986147619;0;9.085096986147619;9.085096986147619
747;44.50;11.50;True;False;False;False;694;35.50;10.50;True;False;False;False;1;13.866900620855631;0;13.866900620855631;13.866900620855631
747;44.50;11.50;True;False;False;False;703;44.50;10.50;True;False;False;False;1;3.637965360599992;0;3.637965360599992;3.637965360599992
747;44.50;11.50;True;False;False;False;733;30.50;11.50;True;False;False;False;1;20.397976551714237;0;20.397976551714237;20.397976551714237
747;44.50;11.50;True;False;False;False;734;31.50;11.50;True;False;False;False;1;13.299253666889854;0;13.299253666889854;13.299253666889854
747;44.50;11.50;True;False;False;False;820;29.50;13.50;True;False;False;False;2;20.782360116328505;10.70860134876339;18.468423930004064;23.096296302652945
747;44.50;11.50;True;False;False;False;821;30.50;13.50;True;False;False;False;2;17.761298693932986;1.1034376543256235;17.018520916153648;18.504076471712324
747;44.50;11.50;True;False;False;False;822;31.50;13.50;True;False;False;False;2;18.988102451259692;2.3614833071913415;17.901483082025152;20.074721820494233
747;44.50;11.50;True;False;False;False;836;45.50;13.50;True;False;False;False;1;8.155281374238257;0;8.155281374238257;8.155281374238257
747;44.50;11.50;True;False;False;False;866;31.50;14.50;True;False;False;False;2;17.81001147023153;0.36441777563666683;17.383152139985214;18.236870800477845
747;44.50;11.50;True;False;False;False;969;46.50;16.50;True;False;False;False;1;11.124899015678238;0;11.124899015678238;11.124899015678238
747;44.50;11.50;True;False;False;False;972;49.50;16.50;True;False;False;False;1;16.25620490252402;0;16.25620490252402;16.25620490252402
747;44.50;11.50;True;False;False;False;1004;37.50;17.50;True;False;False;False;1;15.86990540513034;0;15.86990540513034;15.86990540513034
747;44.50;11.50;True;False;False;False;1072;17.50;19.50;True;False;False;False;1;30.206204902524178;0;30.206204902524178;30.206204902524178
747;44.50;11.50;True;False;False;False;1104;49.50;19.50;True;False;False;False;2;15.678399661990625;0.014598039708235812;15.59296536059992;15.76383396338133
747;44.50;11.50;True;False;False;False;1280;49.50;23.50;True;False;False;False;1;19.525461764136708;0;19.525461764136708;19.525461764136708
748;45.50;11.50;True;False;False;False;12;61.50;3.50;False;False;True;False;4;137.5361255511143;3395.6256350747935;69.1608025531059;211.0010428966234
748;45.50;11.50;True;False;False;False;28;61.50;9.50;False;False;True;False;10;104.1545699706559;295.31272185435444;85.31109353053853;129.24303486954705
748;45.50;11.50;True;False;False;False;44;61.50;15.50;False;False;True;False;2;146.2094727057065;300.105780752648;133.95986494152385;158.45908046988916
748;45.50;11.50;True;False;False;False;60;61.50;21.50;False;False;True;False;2;78.89097961599691;1511.2921320622927;51.4019624267421;106.37999680525172
748;45.50;11.50;True;False;False;False;92;0.50;12.50;False;True;False;False;1;259.46704022543963;0;259.46704022543963;259.46704022543963
748;45.50;11.50;True;False;False;False;108;0.50;18.50;False;True;False;False;1;571.9570530424426;0;571.9570530424426;571.9570530424426
748;45.50;11.50;True;False;False;False;577;50.50;7.50;True;False;False;False;1;12.713888888887595;0;12.713888888887595;12.713888888887595
748;45.50;11.50;True;False;False;False;607;36.50;8.50;True;False;False;False;1;25.450184388089838;0;25.450184388089838;25.450184388089838
748;45.50;11.50;True;False;False;False;618;47.50;8.50;True;False;False;False;1;9.30805195908033;0;9.30805195908033;9.30805195908033
748;45.50;11.50;True;False;False;False;733;30.50;11.50;True;False;False;False;2;20.394221157014726;83.71834520577885;13.924354651213434;26.86408766281602
748;45.50;11.50;True;False;False;False;734;31.50;11.50;True;False;False;False;1;13.22038611123935;0;13.22038611123935;13.22038611123935
748;45.50;11.50;True;False;False;False;747;44.50;11.50;True;False;False;False;2;3.7821753265143343;0.20999447303265334;3.458142555769882;4.106208097258786
748;45.50;11.50;True;False;False;False;754;51.50;11.50;True;False;False;False;1;17.539260859812202;0;17.539260859812202;17.539260859812202
748;45.50;11.50;True;False;False;False;820;29.50;13.50;True;False;False;False;1;19.236264071685582;0;19.236264071685582;19.236264071685582
748;45.50;11.50;True;False;False;False;821;30.50;13.50;True;False;False;False;2;23.580694645303993;39.73118009972349;19.1236115128213;28.037777777786687
748;45.50;11.50;True;False;False;False;822;31.50;13.50;True;False;False;False;2;18.223067427507885;0.006274026066123003;18.167058383300173;18.279076471715598
748;45.50;11.50;True;False;False;False;841;50.50;13.50;True;False;False;False;2;13.20477111702212;7.346819794757403;11.288156941613124;15.121385292431114
748;45.50;11.50;True;False;False;False;864;29.50;14.50;True;False;False;False;1;20.109545428776073;0;20.109545428776073;20.109545428776073
748;45.50;11.50;True;False;False;False;866;31.50;14.50;True;False;False;False;1;24.135187582824983;0;24.135187582824983;24.135187582824983
748;45.50;11.50;True;False;False;False;970;47.50;16.50;True;False;False;False;1;12.161111111112405;0;12.161111111112405;12.161111111112405
748;45.50;11.50;True;False;False;False;1102;47.50;19.50;True;False;False;False;1;14.575555555557003;0;14.575555555557003;14.575555555557003
749;46.50;11.50;True;False;False;False;12;61.50;3.50;False;False;True;False;3;104.5180014196864;517.6113901471314;84.86416467709205;129.44148947150097
749;46.50;11.50;True;False;False;False;28;61.50;9.50;False;False;True;False;6;105.89386854836792;379.4679152968607;73.48491020676738;124.40278177595974
749;46.50;11.50;True;False;False;False;44;61.50;15.50;False;False;True;False;4;95.25166640915359;1175.198640733783;58.894255028175394;125.15657687344356
749;46.50;11.50;True;False;False;False;60;61.50;21.50;False;False;True;False;2;96.34145976419768;483.1430188288074;80.79888888887581;111.88403063951955
749;46.50;11.50;True;False;False;False;108;0.50;18.50;False;True;False;False;2;544.7084253102694;3155.8876011307693;504.98508455744013;584.4317660630986
749;46.50;11.50;True;False;False;False;308;45.50;1.50;True;False;False;False;1;13.976559292839738;0;13.976559292839738;13.976559292839738
749;46.50;11.50;True;False;False;False;548;21.50;7.50;True;False;False;False;1;26.050649346965656;0;26.050649346965656;26.050649346965656
749;46.50;11.50;True;False;False;False;725;22.50;11.50;True;False;False;False;1;23.71009059667267;0;23.71009059667267;23.71009059667267
749;46.50;11.50;True;False;False;False;733;30.50;11.50;True;False;False;False;2;25.493249126132355;38.9238799142966;21.081680249060582;29.904818003204127
749;46.50;11.50;True;False;False;False;747;44.50;11.50;True;False;False;False;1;5.010836929788638;0;5.010836929788638;5.010836929788638
749;46.50;11.50;True;False;False;False;755;52.50;11.50;True;False;False;False;1;7.9499070120364195;0;7.9499070120364195;7.9499070120364195
749;46.50;11.50;True;False;False;False;811;20.50;13.50;True;False;False;False;1;25.928888888884103;0;25.928888888884103;25.928888888884103
749;46.50;11.50;True;False;False;False;821;30.50;13.50;True;False;False;False;4;25.499313516663733;159.59182378436077;18.921485473323628;44.44435065302605
749;46.50;11.50;True;False;False;False;822;31.50;13.50;True;False;False;False;2;25.828055555568426;34.451168324389485;21.677683986396005;29.978427124740847
749;46.50;11.50;True;False;False;False;841;50.50;13.50;True;False;False;False;1;12.419444444444252;0;12.419444444444252;12.419444444444252
749;46.50;11.50;True;False;False;False;864;29.50;14.50;True;False;False;False;1;20.979272589813263;0;20.979272589813263;20.979272589813263
749;46.50;11.50;True;False;False;False;875;40.50;14.50;True;False;False;False;1;18.909906208591565;0;18.909906208591565;18.909906208591565
750;47.50;11.50;True;False;False;False;12;61.50;3.50;False;False;True;False;7;100.29005542337849;107.51597182496798;87.01500399818906;114.95177084572788
750;47.50;11.50;True;False;False;False;28;61.50;9.50;False;False;True;False;4;100.42755855465464;1105.8126946099328;55.75018438809184;127.21509140012677
750;47.50;11.50;True;False;False;False;44;61.50;15.50;False;False;True;False;5;102.93904615188767;421.44761073171424;77.01195123563775;119.36314655394017
750;47.50;11.50;True;False;False;False;60;61.50;21.50;False;False;True;False;2;56.91324034535501;2.353667172960904;55.828420735244435;57.99805995546558
750;47.50;11.50;True;False;False;False;76;0.50;6.50;False;True;False;False;1;607.1039413372127;0;607.1039413372127;607.1039413372127
750;47.50;11.50;True;False;False;False;124;0.50;24.50;False;True;False;False;1;595.008951498312;0;595.008951498312;595.008951498312
750;47.50;11.50;True;False;False;False;314;51.50;1.50;True;False;False;False;1;15.952506791178166;0;15.952506791178166;15.952506791178166
750;47.50;11.50;True;False;False;False;446;51.50;4.50;True;False;False;False;1;14.154725818683119;0;14.154725818683119;14.154725818683119
750;47.50;11.50;True;False;False;False;620;49.50;8.50;True;False;False;False;1;11.510552360814472;0;11.510552360814472;11.510552360814472
750;47.50;11.50;True;False;False;False;733;30.50;11.50;True;False;False;False;1;16.571201707785804;0;16.571201707785804;16.571201707785804
750;47.50;11.50;True;False;False;False;734;31.50;11.50;True;False;False;False;1;14.037406610324979;0;14.037406610324979;14.037406610324979
750;47.50;11.50;True;False;False;False;735;32.50;11.50;True;False;False;False;1;13.58314575050781;0;13.58314575050781;13.58314575050781
750;47.50;11.50;True;False;False;False;820;29.50;13.50;True;False;False;False;1;20.174174261313055;0;20.174174261313055;20.174174261313055
750;47.50;11.50;True;False;False;False;821;30.50;13.50;True;False;False;False;1;27.48551957199379;0;27.48551957199379;27.48551957199379
750;47.50;11.50;True;False;False;False;822;31.50;13.50;True;False;False;False;3;19.401492411127645;0.08217050212648941;19.112316013628515;19.685555555561223
750;47.50;11.50;True;False;False;False;864;29.50;14.50;True;False;False;False;1;37.971930753708875;0;37.971930753708875;37.971930753708875
750;47.50;11.50;True;False;False;False;865;30.50;14.50;True;False;False;False;1;33.813712497170854;0;33.813712497170854;33.813712497170854
750;47.50;11.50;True;False;False;False;866;31.50;14.50;True;False;False;False;2;22.394100985191017;18.41937062312069;19.359354651218382;25.42884731916365
750;47.50;11.50;True;False;False;False;976;9.50;17.50;True;False;False;False;1;57.512585393324116;0;57.512585393324116;57.512585393324116
750;47.50;11.50;True;False;False;False;1106;51.50;19.50;True;False;False;False;1;16.099398111246046;0;16.099398111246046;16.099398111246046
750;47.50;11.50;True;False;False;False;1257;26.50;23.50;True;False;False;False;1;28.68564934697497;0;28.68564934697497;28.68564934697497
750;47.50;11.50;True;False;False;False;1283;52.50;23.50;True;False;False;False;1;19.237604580783227;0;19.237604580783227;19.237604580783227
750;47.50;11.50;True;False;False;False;1385;22.50;26.50;True;False;False;False;1;34.86570130424661;0;34.86570130424661;34.86570130424661
752;49.50;11.50;True;False;False;False;12;61.50;3.50;False;False;True;False;4;119.8309383819726;645.7598271410344;96.28259819130471;150.99929789236558
752;49.50;11.50;True;False;False;False;28;61.50;9.50;False;False;True;False;8;91.16671147580236;905.8872628625801;31.799808418993962;140.28733734687012
752;49.50;11.50;True;False;False;False;44;61.50;15.50;False;False;True;False;9;93.34558761325323;365.80768171493514;61.19149186278719;125.46834132969889
752;49.50;11.50;True;False;False;False;60;61.50;21.50;False;False;True;False;3;121.53184146795711;1627.4856963440568;79.35370657050953;159.74514317032254
752;49.50;11.50;True;False;False;False;76;0.50;6.50;False;True;False;False;1;540.0620394410125;0;540.0620394410125;540.0620394410125
752;49.50;11.50;True;False;False;False;92;0.50;12.50;False;True;False;False;2;268.8729765612079;1305.776645957232;243.32129710606023;294.4246560163556
752;49.50;11.50;True;False;False;False;315;52.50;1.50;True;False;False;False;1;18.980478541270713;0;18.980478541270713;18.980478541270713
752;49.50;11.50;True;False;False;False;444;49.50;4.50;True;False;False;False;1;11.098705304244504;0;11.098705304244504;11.098705304244504
752;49.50;11.50;True;False;False;False;485;46.50;5.50;True;False;False;False;1;14.075649346966202;0;14.075649346966202;14.075649346966202
752;49.50;11.50;True;False;False;False;549;22.50;7.50;True;False;False;False;1;30.26630908158768;0;30.26630908158768;30.26630908158768
752;49.50;11.50;True;False;False;False;576;49.50;7.50;True;False;False;False;1;7.296759654631387;0;7.296759654631387;7.296759654631387
752;49.50;11.50;True;False;False;False;623;52.50;8.50;True;False;False;False;1;11.28167305612078;0;11.28167305612078;11.28167305612078
752;49.50;11.50;True;False;False;False;706;47.50;10.50;True;False;False;False;1;8.145367972728764;0;8.145367972728764;8.145367972728764
752;49.50;11.50;True;False;False;False;820;29.50;13.50;True;False;False;False;1;32.85883027757154;0;32.85883027757154;32.85883027757154
752;49.50;11.50;True;False;False;False;821;30.50;13.50;True;False;False;False;4;25.015474016161306;61.0711998399243;20.91787156918872;36.73481641536182
752;49.50;11.50;True;False;False;False;822;31.50;13.50;True;False;False;False;1;20.68510898072236;0;20.68510898072236;20.68510898072236
752;49.50;11.50;True;False;False;False;842;51.50;13.50;True;False;False;False;1;9.050187582830404;0;9.050187582830404;9.050187582830404
752;49.50;11.50;True;False;False;False;864;29.50;14.50;True;False;False;False;2;23.654258458981246;0.6078569773826992;23.10296136240686;24.205555555555634
752;49.50;11.50;True;False;False;False;866;31.50;14.50;True;False;False;False;2;21.570598854804302;0.09732770948161837;21.350000000000364;21.79119770960824
752;49.50;11.50;True;False;False;False;884;49.50;14.50;True;False;False;False;1;6.108333333337214;0;6.108333333337214;6.108333333337214
752;49.50;11.50;True;False;False;False;887;52.50;14.50;True;False;False;False;1;11.156199316479615;0;11.156199316479615;11.156199316479615
752;49.50;11.50;True;False;False;False;986;19.50;17.50;True;False;False;False;1;31.176479083842423;0;31.176479083842423;31.176479083842423
752;49.50;11.50;True;False;False;False;1094;39.50;19.50;True;False;False;False;1;20.671289109726786;0;20.671289109726786;20.671289109726786
752;49.50;11.50;True;False;False;False;1104;49.50;19.50;True;False;False;False;1;9.551741828578088;0;9.551741828578088;9.551741828578088
752;49.50;11.50;True;False;False;False;1239;52.50;22.50;True;False;False;False;1;16.052770830381633;0;16.052770830381633;16.052770830381633
752;49.50;11.50;True;False;False;False;1345;26.50;25.50;True;False;False;False;1;32.745465309140855;0;32.745465309140855;32.745465309140855
752;49.50;11.50;True;False;False;False;1350;31.50;25.50;True;False;False;False;1;28.597680791628136;0;28.597680791628136;28.597680791628136
752;49.50;11.50;True;False;False;False;1410;47.50;26.50;True;False;False;False;1;18.88055794684624;0;18.88055794684624;18.88055794684624
753;50.50;11.50;True;False;False;False;12;61.50;3.50;False;False;True;False;3;108.69362708264589;313.85524798303936;89.13250759463335;123.65850946946784
753;50.50;11.50;True;False;False;False;28;61.50;9.50;False;False;True;False;3;90.16868984713544;286.3149027405099;72.6957359454318;106.47727444396105
753;50.50;11.50;True;False;False;False;44;61.50;15.50;False;False;True;False;3;85.28895328486306;1534.3968027919682;40.22083692980232;111.14648388547721
753;50.50;11.50;True;False;False;False;309;46.50;1.50;True;False;False;False;1;16.405809056905355;0;16.405809056905355;16.405809056905355
753;50.50;11.50;True;False;False;False;447;52.50;4.50;True;False;False;False;1;12.755943500174908;0;12.755943500174908;12.755943500174908
753;50.50;11.50;True;False;False;False;579;52.50;7.50;True;False;False;False;1;10.844809222438016;0;10.844809222438016;10.844809222438016
753;50.50;11.50;True;False;False;False;734;31.50;11.50;True;False;False;False;1;22.99305915201694;0;22.99305915201694;22.99305915201694
753;50.50;11.50;True;False;False;False;752;49.50;11.50;True;False;False;False;1;4.334731404705963;0;4.334731404705963;4.334731404705963
753;50.50;11.50;True;False;False;False;807;16.50;13.50;True;False;False;False;1;31.45685744421644;0;31.45685744421644;31.45685744421644
753;50.50;11.50;True;False;False;False;840;49.50;13.50;True;False;False;False;1;8.252777777775918;0;8.252777777775918;8.252777777775918
753;50.50;11.50;True;False;False;False;959;36.50;16.50;True;False;False;False;1;20.10269304176427;0;20.10269304176427;20.10269304176427
753;50.50;11.50;True;False;False;False;1094;39.50;19.50;True;False;False;False;1;20.14620170778835;0;20.14620170778835;20.14620170778835
754;51.50;11.50;True;False;False;False;12;61.50;3.50;False;False;True;False;5;87.35369023780258;93.91393115254847;78.28128630260471;103.71965439042287
754;51.50;11.50;True;False;False;False;28;61.50;9.50;False;False;True;False;8;87.50394133754428;949.7878362651422;49.2733429175405;147.73960050459254
754;51.50;11.50;True;False;False;False;44;61.50;15.50;False;False;True;False;6;89.54305875346267;602.2843113017644;63.66499999998632;121.05482041355117
754;51.50;11.50;True;False;False;False;60;61.50;21.50;False;False;True;False;3;103.96860884738089;65.10175288272242;94.71267998818985;109.51721902747886
754;51.50;11.50;True;False;False;False;92;0.50;12.50;False;True;False;False;1;254.17009698613765;0;254.17009698613765;254.17009698613765
754;51.50;11.50;True;False;False;False;108;0.50;18.50;False;True;False;False;1;504.1157751047849;0;504.1157751047849;504.1157751047849
754;51.50;11.50;True;False;False;False;124;0.50;24.50;False;True;False;False;1;567.2393082799863;0;567.2393082799863;567.2393082799863
754;51.50;11.50;True;False;False;False;303;40.50;1.50;True;False;False;False;1;21.490007192929625;0;21.490007192929625;21.490007192929625
754;51.50;11.50;True;False;False;False;436;41.50;4.50;True;False;False;False;1;24.21362987780776;0;24.21362987780776;24.21362987780776
754;51.50;11.50;True;False;False;False;488;49.50;5.50;True;False;False;False;1;12.055555555557476;0;12.055555555557476;12.055555555557476
754;51.50;11.50;True;False;False;False;576;49.50;7.50;True;False;False;False;1;10.636940847984079;0;10.636940847984079;10.636940847984079
754;51.50;11.50;True;False;False;False;579;52.50;7.50;True;False;False;False;1;10.039444444437322;0;10.039444444437322;10.039444444437322
754;51.50;11.50;True;False;False;False;704;45.50;10.50;True;False;False;False;1;11.011097822092779;0;11.011097822092779;11.011097822092779
754;51.50;11.50;True;False;False;False;709;50.50;10.50;True;False;False;False;1;7.435090596678492;0;7.435090596678492;7.435090596678492
754;51.50;11.50;True;False;False;False;734;31.50;11.50;True;False;False;False;2;19.33416466757444;4.606758456571406;17.816475889107096;20.851853446041787
754;51.50;11.50;True;False;False;False;745;42.50;11.50;True;False;False;False;1;12.744922759572546;0;12.744922759572546;12.744922759572546
754;51.50;11.50;True;False;False;False;820;29.50;13.50;True;False;False;False;1;23.568705304250216;0;23.568705304250216;23.568705304250216
754;51.50;11.50;True;False;False;False;821;30.50;13.50;True;False;False;False;2;38.70560245126035;26.907251730257425;35.037683986363845;42.37352091615685
754;51.50;11.50;True;False;False;False;822;31.50;13.50;True;False;False;False;6;22.009333688394086;0.2178289428645687;21.55082493522241;22.902590194964432
754;51.50;11.50;True;False;False;False;823;32.50;13.50;True;False;False;False;1;21.26067349447021;0;21.26067349447021;21.26067349447021
754;51.50;11.50;True;False;False;False;841;50.50;13.50;True;False;False;False;1;8.595923528282583;0;8.595923528282583;8.595923528282583
754;51.50;11.50;True;False;False;False;864;29.50;14.50;True;False;False;False;2;39.65619411314344;181.64924024137437;30.12599893567267;49.186389290614215
754;51.50;11.50;True;False;False;False;1116;17.50;20.50;True;False;False;False;1;36.04370769553316;0;36.04370769553316;36.04370769553316
754;51.50;11.50;True;False;False;False;1144;45.50;20.50;True;False;False;False;1;21.53703463939928;0;21.53703463939928;21.53703463939928
754;51.50;11.50;True;False;False;False;1202;15.50;22.50;True;False;False;False;1;39.89343351420757;0;39.89343351420757;39.89343351420757
755;52.50;11.50;True;False;False;False;12;61.50;3.50;False;False;True;False;3;128.76247755313273;1268.9521194087188;104.43436070940152;169.6503791638378
755;52.50;11.50;True;False;False;False;28;61.50;9.50;False;False;True;False;7;73.94651654181429;347.19128657370686;42.5500937914112;101.49181509015852
755;52.50;11.50;True;False;False;False;44;61.50;15.50;False;False;True;False;2;126.34060246079162;74.20003600268974;120.24962404994949;132.43158087163374
755;52.50;11.50;True;False;False;False;60;61.50;21.50;False;False;True;False;2;104.15482840037316;571.426223063025;87.25177803863335;121.05787876211298
755;52.50;11.50;True;False;False;False;76;0.50;6.50;False;True;False;False;1;561.6697378132048;0;561.6697378132048;561.6697378132048
755;52.50;11.50;True;False;False;False;704;45.50;10.50;True;False;False;False;1;11.892687181076326;0;11.892687181076326;11.892687181076326
755;52.50;11.50;True;False;False;False;732;29.50;11.50;True;False;False;False;1;35.90693445851139;0;35.90693445851139;35.90693445851139
755;52.50;11.50;True;False;False;False;750;47.50;11.50;True;False;False;False;1;6.372406610317739;0;6.372406610317739;6.372406610317739
755;52.50;11.50;True;False;False;False;820;29.50;13.50;True;False;False;False;3;23.84774465196703;0.024130328941701536;23.7180519590911;24.0198998191172
755;52.50;11.50;True;False;False;False;821;30.50;13.50;True;False;False;False;3;33.694463357752966;98.16783439187752;22.257730338632655;39.67491340151537
755;52.50;11.50;True;False;False;False;823;32.50;13.50;True;False;False;False;1;22.156308278139477;0;22.156308278139477;22.156308278139477
755;52.50;11.50;True;False;False;False;840;49.50;13.50;True;False;False;False;1;9.510920333555987;0;9.510920333555987;9.510920333555987
755;52.50;11.50;True;False;False;False;861;26.50;14.50;True;False;False;False;1;26.98036797272985;0;26.98036797272985;26.98036797272985
755;52.50;11.50;True;False;False;False;866;31.50;14.50;True;False;False;False;2;26.906346393080184;15.924143924445513;24.084632027269436;29.728060758890933
755;52.50;11.50;True;False;False;False;1077;22.50;19.50;True;False;False;False;1;35.309434860228066;0;35.309434860228066;35.309434860228066
800;9.50;13.50;True;False;False;False;12;61.50;3.50;False;False;True;False;1;89.28794938691135;0;89.28794938691135;89.28794938691135
800;9.50;13.50;True;False;False;False;44;61.50;15.50;False;False;True;False;1;80.38908366462965;0;80.38908366462965;80.38908366462965
800;9.50;13.50;True;False;False;False;92;0.50;12.50;False;True;False;False;1;285.85859632354294;0;285.85859632354294;285.85859632354294
800;9.50;13.50;True;False;False;False;576;49.50;7.50;True;False;False;False;1;40.82630188866824;0;40.82630188866824;40.82630188866824
800;9.50;13.50;True;False;False;False;623;52.50;8.50;True;False;False;False;1;40.17955181823709;0;40.17955181823709;40.17955181823709
800;9.50;13.50;True;False;False;False;823;32.50;13.50;True;False;False;False;1;27.460836929794368;0;27.460836929794368;27.460836929794368
802;11.50;13.50;True;False;False;False;44;61.50;15.50;False;False;True;False;1;64.38916387366407;0;64.38916387366407;64.38916387366407
802;11.50;13.50;True;False;False;False;745;42.50;11.50;True;False;False;False;1;32.416825978667475;0;32.416825978667475;32.416825978667475
802;11.50;13.50;True;False;False;False;800;9.50;13.50;True;False;False;False;1;5.641847860021699;0;5.641847860021699;5.641847860021699
803;12.50;13.50;True;False;False;False;12;61.50;3.50;False;False;True;False;1;126.96316013633987;0;126.96316013633987;126.96316013633987
803;12.50;13.50;True;False;False;False;60;61.50;21.50;False;False;True;False;1;121.54480632106788;0;121.54480632106788;121.54480632106788
803;12.50;13.50;True;False;False;False;326;19.50;2.50;True;False;False;False;1;19.73703463939819;0;19.73703463939819;19.73703463939819
803;12.50;13.50;True;False;False;False;750;47.50;11.50;True;False;False;False;1;31.96740661030708;0;31.96740661030708;31.96740661030708
805;14.50;13.50;True;False;False;False;60;61.50;21.50;False;False;True;False;2;107.45273328288249;115.49340046123828;99.8536083180843;115.05185824768068
805;14.50;13.50;True;False;False;False;474;35.50;5.50;True;False;False;False;1;28.297222222222445;0;28.297222222222445;28.297222222222445
805;14.50;13.50;True;False;False;False;975;52.50;16.50;True;False;False;False;1;34.5934239300077;0;34.5934239300077;34.5934239300077
805;14.50;13.50;True;False;False;False;1012;45.50;17.50;True;False;False;False;1;30.854447543832975;0;30.854447543832975;30.854447543832975
807;16.50;13.50;True;False;False;False;28;61.50;9.50;False;False;True;False;1;119.54871569188981;0;119.54871569188981;119.54871569188981
807;16.50;13.50;True;False;False;False;44;61.50;15.50;False;False;True;False;1;160.34824673483308;0;160.34824673483308;160.34824673483308
807;16.50;13.50;True;False;False;False;60;61.50;21.50;False;False;True;False;1;101.89733966963104;0;101.89733966963104;101.89733966963104
807;16.50;13.50;True;False;False;False;842;51.50;13.50;True;False;False;False;1;36.58445163736178;0;36.58445163736178;36.58445163736178
807;16.50;13.50;True;False;False;False;1090;35.50;19.50;True;False;False;False;1;8.518713770998147;0;8.518713770998147;8.518713770998147
807;16.50;13.50;True;False;False;False;1217;30.50;22.50;True;False;False;False;1;22.56536797272929;0;22.56536797272929;22.56536797272929
808;17.50;13.50;True;False;False;False;60;61.50;21.50;False;False;True;False;2;164.80299266706925;1.166121680359225;164.0394084607242;165.5665768734143
808;17.50;13.50;True;False;False;False;752;49.50;11.50;True;False;False;False;1;35.12861470756616;0;35.12861470756616;35.12861470756616
808;17.50;13.50;True;False;False;False;958;35.50;16.50;True;False;False;False;1;20.908416737099287;0;20.908416737099287;20.908416737099287
810;19.50;13.50;True;False;False;False;28;61.50;9.50;False;False;True;False;1;94.24120570595187;0;94.24120570595187;94.24120570595187
810;19.50;13.50;True;False;False;False;44;61.50;15.50;False;False;True;False;1;41.81224666264825;0;41.81224666264825;41.81224666264825
810;19.50;13.50;True;False;False;False;1371;52.50;25.50;True;False;False;False;1;46.8688920836139;0;46.8688920836139;46.8688920836139
811;20.50;13.50;True;False;False;False;28;61.50;9.50;False;False;True;False;3;93.29009539193794;140.04277228720198;84.91749720695589;106.82879909564144
811;20.50;13.50;True;False;False;False;44;61.50;15.50;False;False;True;False;1;121.65722941511922;0;121.65722941511922;121.65722941511922
811;20.50;13.50;True;False;False;False;571;44.50;7.50;True;False;False;False;1;27.573343720992852;0;27.573343720992852;27.573343720992852
811;20.50;13.50;True;False;False;False;744;41.50;11.50;True;False;False;False;1;23.628059152004425;0;23.628059152004425;23.628059152004425
811;20.50;13.50;True;False;False;False;1140;41.50;20.50;True;False;False;False;1;33.638344524450076;0;33.638344524450076;33.638344524450076
811;20.50;13.50;True;False;False;False;1276;45.50;23.50;True;False;False;False;1;30.338888888887595;0;30.338888888887595;30.338888888887595
812;21.50;13.50;True;False;False;False;28;61.50;9.50;False;False;True;False;2;112.75501277892545;2376.0685625656174;78.28713960283858;147.22288595501232
812;21.50;13.50;True;False;False;False;44;61.50;15.50;False;False;True;False;1;97.9616706648485;0;97.9616706648485;97.9616706648485
812;21.50;13.50;True;False;False;False;60;61.50;21.50;False;False;True;False;1;101.40527817950351;0;101.40527817950351;101.40527817950351
812;21.50;13.50;True;False;False;False;684;25.50;10.50;True;False;False;False;1;12.625;0;12.625;12.625
812;21.50;13.50;True;False;False;False;695;36.50;10.50;True;False;False;False;1;24.4835177214336;0;24.4835177214336;24.4835177214336
812;21.50;13.50;True;False;False;False;1013;46.50;17.50;True;False;False;False;1;31.425081012475857;0;31.425081012475857;31.425081012475857
812;21.50;13.50;True;False;False;False;1273;42.50;23.50;True;False;False;False;1;27.51963202726256;0;27.51963202726256;27.51963202726256
813;22.50;13.50;True;False;False;False;12;61.50;3.50;False;False;True;False;1;111.12537116745807;0;111.12537116745807;111.12537116745807
813;22.50;13.50;True;False;False;False;28;61.50;9.50;False;False;True;False;2;133.87569704610814;1310.7909690703168;108.27500399816199;159.4763900940543
813;22.50;13.50;True;False;False;False;44;61.50;15.50;False;False;True;False;2;134.09417226220012;2926.663907917136;95.84065015039232;172.34769437400792
813;22.50;13.50;True;False;False;False;833;42.50;13.50;True;False;False;False;1;22.956669861410774;0;22.956669861410774;22.956669861410774
813;22.50;13.50;True;False;False;False;836;45.50;13.50;True;False;False;False;1;26.099538235856016;0;26.099538235856016;26.099538235856016
813;22.50;13.50;True;False;False;False;970;47.50;16.50;True;False;False;False;1;26.257865179719374;0;26.257865179719374;26.257865179719374
813;22.50;13.50;True;False;False;False;1014;47.50;17.50;True;False;False;False;1;26.403795900921978;0;26.403795900921978;26.403795900921978
813;22.50;13.50;True;False;False;False;1019;52.50;17.50;True;False;False;False;1;29.723338919324306;0;29.723338919324306;29.723338919324306
815;24.50;13.50;True;False;False;False;12;61.50;3.50;False;False;True;False;1;149.44768959143403;0;149.44768959143403;149.44768959143403
815;24.50;13.50;True;False;False;False;28;61.50;9.50;False;False;True;False;2;99.5883838254972;2758.7795662253793;62.44824673484163;136.72852091615277
815;24.50;13.50;True;False;False;False;44;61.50;15.50;False;False;True;False;2;153.75652718470883;12657.659303031794;74.2025854123749;233.31046895704276
815;24.50;13.50;True;False;False;False;60;61.50;21.50;False;False;True;False;1;137.3802600216086;0;137.3802600216086;137.3802600216086
815;24.50;13.50;True;False;False;False;92;0.50;12.50;False;True;False;False;1;254.97010817725777;0;254.97010817725777;254.97010817725777
815;24.50;13.50;True;False;False;False;607;36.50;8.50;True;False;False;False;1;23.177489210596832;0;23.177489210596832;23.177489210596832
815;24.50;13.50;True;False;False;False;748;45.50;11.50;True;False;False;False;1;23.815646152232148;0;23.815646152232148;23.815646152232148
815;24.50;13.50;True;False;False;False;871;36.50;14.50;True;False;False;False;1;15.202227004805536;0;15.202227004805536;15.202227004805536
815;24.50;13.50;True;False;False;False;953;30.50;16.50;True;False;False;False;1;13.338979485567506;0;13.338979485567506;13.338979485567506
815;24.50;13.50;True;False;False;False;1104;49.50;19.50;True;False;False;False;1;27.932020499054488;0;27.932020499054488;27.932020499054488
815;24.50;13.50;True;False;False;False;1263;32.50;23.50;True;False;False;False;1;19.22166666666817;0;19.22166666666817;19.22166666666817
816;25.50;13.50;True;False;False;False;28;61.50;9.50;False;False;True;False;1;75.52681241534083;0;75.52681241534083;75.52681241534083
816;25.50;13.50;True;False;False;False;44;61.50;15.50;False;False;True;False;1;104.99528537242122;0;104.99528537242122;104.99528537242122
816;25.50;13.50;True;False;False;False;754;51.50;11.50;True;False;False;False;1;27.958145750507356;0;27.958145750507356;27.958145750507356
817;26.50;13.50;True;False;False;False;28;61.50;9.50;False;False;True;False;1;99.51173568456761;0;99.51173568456761;99.51173568456761
818;27.50;13.50;True;False;False;False;28;61.50;9.50;False;False;True;False;1;118.27583692979418;0;118.27583692979418;118.27583692979418
818;27.50;13.50;True;False;False;False;447;52.50;4.50;True;False;False;False;1;35.60435145647716;0;35.60435145647716;35.60435145647716
818;27.50;13.50;True;False;False;False;556;29.50;7.50;True;False;False;False;1;12.913517721419339;0;12.913517721419339;12.913517721419339
818;27.50;13.50;True;False;False;False;708;49.50;10.50;True;False;False;False;1;30.300082600305018;0;30.300082600305018;30.300082600305018
818;27.50;13.50;True;False;False;False;820;29.50;13.50;True;False;False;False;1;4.472222222222399;0;4.472222222222399;4.472222222222399
818;27.50;13.50;True;False;False;False;822;31.50;13.50;True;False;False;False;1;7.516666666662786;0;7.516666666662786;7.516666666662786
818;27.50;13.50;True;False;False;False;997;30.50;17.50;True;False;False;False;1;11.67537195184741;0;11.67537195184741;11.67537195184741
818;27.50;13.50;True;False;False;False;1004;37.50;17.50;True;False;False;False;1;16.728976290830985;0;16.728976290830985;16.728976290830985
818;27.50;13.50;True;False;False;False;1007;40.50;17.50;True;False;False;False;1;19.861021317884592;0;19.861021317884592;19.861021317884592
818;27.50;13.50;True;False;False;False;1011;44.50;17.50;True;False;False;False;1;20.654170263125707;0;20.654170263125707;20.654170263125707
818;27.50;13.50;True;False;False;False;1272;41.50;23.50;True;False;False;False;1;27.151111111111106;0;27.151111111111106;27.151111111111106
820;29.50;13.50;True;False;False;False;28;61.50;9.50;False;False;True;False;2;98.78305395818165;23.41814564721572;95.36120170777576;102.20490620858754
820;29.50;13.50;True;False;False;False;304;41.50;1.50;True;False;False;False;1;23.195284568968418;0;23.195284568968418;23.195284568968418
820;29.50;13.50;True;False;False;False;333;26.50;2.50;True;False;False;False;1;17.461879041962675;0;17.461879041962675;17.461879041962675
820;29.50;13.50;True;False;False;False;349;42.50;2.50;True;False;False;False;1;23.455281374226615;0;23.455281374226615;23.455281374226615
820;29.50;13.50;True;False;False;False;419;24.50;4.50;True;False;False;False;1;20.243604319915903;0;20.243604319915903;20.243604319915903
820;29.50;13.50;True;False;False;False;426;31.50;4.50;True;False;False;False;1;13.625;0;13.625;13.625
820;29.50;13.50;True;False;False;False;427;32.50;4.50;True;False;False;False;1;16.785141788455803;0;16.785141788455803;16.785141788455803
820;29.50;13.50;True;False;False;False;437;42.50;4.50;True;False;False;False;1;21.92777777777519;0;21.92777777777519;21.92777777777519
820;29.50;13.50;True;False;False;False;447;52.50;4.50;True;False;False;False;1;28.89882788641262;0;28.89882788641262;28.89882788641262
820;29.50;13.50;True;False;False;False;451;12.50;5.50;True;False;False;False;1;24.336466618915438;0;24.336466618915438;24.336466618915438
820;29.50;13.50;True;False;False;False;456;17.50;5.50;True;False;False;False;1;21.00990940331394;0;21.00990940331394;21.00990940331394
820;29.50;13.50;True;False;False;False;458;19.50;5.50;True;False;False;False;1;18.7477948764772;0;18.7477948764772;18.7477948764772
820;29.50;13.50;True;False;False;False;473;34.50;5.50;True;False;False;False;2;16.54787156918792;0.09094220447598483;16.334632027268526;16.76111111110731
820;29.50;13.50;True;False;False;False;478;39.50;5.50;True;False;False;False;2;21.65222022312355;4.3294091269254755;20.180926723014636;23.123513723232463
820;29.50;13.50;True;False;False;False;480;41.50;5.50;True;False;False;False;1;24.72037116746651;0;24.72037116746651;24.72037116746651
820;29.50;13.50;True;False;False;False;483;44.50;5.50;True;False;False;False;1;24.749253666887853;0;24.749253666887853;24.749253666887853
820;29.50;13.50;True;False;False;False;484;45.50;5.50;True;False;False;False;1;24.516760458074714;0;24.516760458074714;24.516760458074714
820;29.50;13.50;True;False;False;False;489;50.50;5.50;True;False;False;False;1;41.39999999999418;0;41.39999999999418;41.39999999999418
820;29.50;13.50;True;False;False;False;491;52.50;5.50;True;False;False;False;1;37.32222941513464;0;37.32222941513464;37.32222941513464
820;29.50;13.50;True;False;False;False;547;20.50;7.50;True;False;False;False;1;18.93362144730054;0;18.93362144730054;18.93362144730054
820;29.50;13.50;True;False;False;False;551;24.50;7.50;True;False;False;False;1;15.164079666443286;0;15.164079666443286;15.164079666443286
820;29.50;13.50;True;False;False;False;556;29.50;7.50;True;False;False;False;1;8.087500401707075;0;8.087500401707075;8.087500401707075
820;29.50;13.50;True;False;False;False;561;34.50;7.50;True;False;False;False;2;15.189580731664591;0.5580112385961715;14.661370906596858;15.717790556732325
820;29.50;13.50;True;False;False;False;563;36.50;7.50;True;False;False;False;2;16.340741541012903;0.006296555065097603;16.284632027269254;16.396851054756553
820;29.50;13.50;True;False;False;False;566;39.50;7.50;True;False;False;False;1;19.08685744423019;0;19.08685744423019;19.08685744423019
820;29.50;13.50;True;False;False;False;568;41.50;7.50;True;False;False;False;2;19.626338396723895;0.2315331379404037;19.286093530531616;19.966583262916174
820;29.50;13.50;True;False;False;False;569;42.50;7.50;True;False;False;False;1;20.49417026312767;0;20.49417026312767;20.49417026312767
820;29.50;13.50;True;False;False;False;571;44.50;7.50;True;False;False;False;1;21.394264054542873;0;21.394264054542873;21.394264054542873
820;29.50;13.50;True;False;False;False;572;45.50;7.50;True;False;False;False;1;21.334349849559658;0;21.334349849559658;21.334349849559658
820;29.50;13.50;True;False;False;False;576;49.50;7.50;True;False;False;False;1;27.778427124760128;0;27.778427124760128;27.778427124760128
820;29.50;13.50;True;False;False;False;577;50.50;7.50;True;False;False;False;1;25.400552360821166;0;25.400552360821166;25.400552360821166
820;29.50;13.50;True;False;False;False;578;51.50;7.50;True;False;False;False;1;25.805934719377547;0;25.805934719377547;25.805934719377547
820;29.50;13.50;True;False;False;False;590;19.50;8.50;True;False;False;False;1;17.647325597848976;0;17.647325597848976;17.647325597848976
820;29.50;13.50;True;False;False;False;595;24.50;8.50;True;False;False;False;1;13.307656311548271;0;13.307656311548271;13.307656311548271
820;29.50;13.50;True;False;False;False;597;26.50;8.50;True;False;False;False;1;12.32932161674762;0;12.32932161674762;12.32932161674762
820;29.50;13.50;True;False;False;False;602;31.50;8.50;True;False;False;False;1;15.588888888887595;0;15.588888888887595;15.588888888887595
820;29.50;13.50;True;False;False;False;603;32.50;8.50;True;False;False;False;1;12.91073994364342;0;12.91073994364342;12.91073994364342
820;29.50;13.50;True;False;False;False;608;37.50;8.50;True;False;False;False;2;16.570881826417008;0.32409057856683915;16.168333333333976;16.97343031950004
820;29.50;13.50;True;False;False;False;616;45.50;8.50;True;False;False;False;1;21.377128430809535;0;21.377128430809535;21.377128430809535
820;29.50;13.50;True;False;False;False;618;47.50;8.50;True;False;False;False;2;22.886807353785116;0.0034644106689361368;22.845187582828657;22.928427124741575
820;29.50;13.50;True;False;False;False;620;49.50;8.50;True;False;False;False;2;30.138561422385465;19.29642514419077;27.03240421900773;33.2447186257632
820;29.50;13.50;True;False;False;False;686;27.50;10.50;True;False;False;False;1;9.866114305837982;0;9.866114305837982;9.866114305837982
820;29.50;13.50;True;False;False;False;691;32.50;10.50;True;False;False;False;1;11.065458569410112;0;11.065458569410112;11.065458569410112
820;29.50;13.50;True;False;False;False;694;35.50;10.50;True;False;False;False;1;21.623802290399908;0;21.623802290399908;21.623802290399908
820;29.50;13.50;True;False;False;False;695;36.50;10.50;True;False;False;False;1;14.030739943642402;0;14.030739943642402;14.030739943642402
820;29.50;13.50;True;False;False;False;696;37.50;10.50;True;False;False;False;3;16.462662580930328;3.257996964673647;14.986572875248385;18.47501758057956
820;29.50;13.50;True;False;False;False;699;40.50;10.50;True;False;False;False;1;16.592750435543167;0;16.592750435543167;16.592750435543167
820;29.50;13.50;True;False;False;False;704;45.50;10.50;True;False;False;False;1;20.100650150414367;0;20.100650150414367;20.100650150414367
820;29.50;13.50;True;False;False;False;706;47.50;10.50;True;False;False;False;1;21.38120490252186;0;21.38120490252186;21.38120490252186
820;29.50;13.50;True;False;False;False;708;49.50;10.50;True;False;False;False;2;22.613241942732657;0.08474162894278645;22.407400220840827;22.819083664624486
820;29.50;13.50;True;False;False;False;711;52.50;10.50;True;False;False;False;5;29.04022466262486;41.645305120799264;24.40064615223673;39.77972501522163
820;29.50;13.50;True;False;False;False;723;20.50;11.50;True;False;False;False;1;15.320093791415275;0;15.320093791415275;15.320093791415275
820;29.50;13.50;True;False;False;False;724;21.50;11.50;True;False;False;False;1;13.928888888873189;0;13.928888888873189;13.928888888873189
820;29.50;13.50;True;False;False;False;725;22.50;11.50;True;False;False;False;1;12.407034639392805;0;12.407034639392805;12.407034639392805
820;29.50;13.50;True;False;False;False;727;24.50;11.50;True;False;False;False;2;11.045331818730801;0.02546329921509771;10.932497206986227;11.158166430475376
820;29.50;13.50;True;False;False;False;730;27.50;11.50;True;False;False;False;1;9.393278181242295;0;9.393278181242295;9.393278181242295
820;29.50;13.50;True;False;False;False;735;32.50;11.50;True;False;False;False;2;13.927312417166831;8.203500154298851;11.902034639391786;15.952590194941877
820;29.50;13.50;True;False;False;False;737;34.50;11.50;True;False;False;False;3;13.045176920977914;3.2994945528015696;11.213075144751201;14.845561945016016
820;29.50;13.50;True;False;False;False;740;37.50;11.50;True;False;False;False;1;13.827574155095135;0;13.827574155095135;13.827574155095135
820;29.50;13.50;True;False;False;False;742;39.50;11.50;True;False;False;False;2;21.656690253974375;15.70823659812312;18.85417026313371;24.45921024481504
820;29.50;13.50;True;False;False;False;743;40.50;11.50;True;False;False;False;1;17.2406461522296;0;17.2406461522296;17.2406461522296
820;29.50;13.50;True;False;False;False;745;42.50;11.50;True;False;False;False;3;18.92944364734626;2.73635652148743;17.906017319688544;20.83786917790644
820;29.50;13.50;True;False;False;False;749;46.50;11.50;True;False;False;False;3;23.695524821035633;5.872586965906008;21.292031444659642;26.13823954192776
820;29.50;13.50;True;False;False;False;750;47.50;11.50;True;False;False;False;3;24.450744017338973;15.187430817380799;20.513897915243433;28.306854249487515
820;29.50;13.50;True;False;False;False;752;49.50;11.50;True;False;False;False;1;22.43280783476621;0;22.43280783476621;22.43280783476621
820;29.50;13.50;True;False;False;False;753;50.50;11.50;True;False;False;False;2;23.84960951287428;5.312682153284475;22.219780970774764;25.479438054973798
820;29.50;13.50;True;False;False;False;754;51.50;11.50;True;False;False;False;2;23.44623491275661;0.004229665263425002;23.400247603292883;23.492222222220335
820;29.50;13.50;True;False;False;False;810;19.50;13.50;True;False;False;False;1;10.33018438808358;0;10.33018438808358;10.33018438808358
820;29.50;13.50;True;False;False;False;811;20.50;13.50;True;False;False;False;2;9.454355846868566;0.21669928569808877;9.125190777565876;9.783520916171256
820;29.50;13.50;True;False;False;False;813;22.50;13.50;True;False;False;False;1;9.18398268029705;0;9.18398268029705;9.18398268029705
820;29.50;13.50;True;False;False;False;815;24.50;13.50;True;False;False;False;1;8.130739140200603;0;8.130739140200603;8.130739140200603
820;29.50;13.50;True;False;False;False;823;32.50;13.50;True;False;False;False;2;16.94507116371551;49.97926709650848;11.946107916375695;21.944034411055327
820;29.50;13.50;True;False;False;False;825;34.50;13.50;True;False;False;False;1;13.599350653028523;0;13.599350653028523;13.599350653028523
820;29.50;13.50;True;False;False;False;828;37.50;13.50;True;False;False;False;1;15.509904375143378;0;15.509904375143378;15.509904375143378
820;29.50;13.50;True;False;False;False;830;39.50;13.50;True;False;False;False;2;17.02546176414353;0.18469691357940424;16.721572875255333;17.329350653031725
820;29.50;13.50;True;False;False;False;832;41.50;13.50;True;False;False;False;2;21.848752993877497;22.547518025724315;18.49111111111779;25.206394876637205
820;29.50;13.50;True;False;False;False;833;42.50;13.50;True;False;False;False;1;18.848697307861585;0;18.848697307861585;18.848697307861585
820;29.50;13.50;True;False;False;False;835;44.50;13.50;True;False;False;False;1;13.909253666878612;0;13.909253666878612;13.909253666878612
820;29.50;13.50;True;False;False;False;836;45.50;13.50;True;False;False;False;3;20.612775647942424;16.912421827529382;16.40305595727841;24.620558750280907
820;29.50;13.50;True;False;False;False;837;46.50;13.50;True;False;False;False;3;22.02354117482294;0.9124271429628297;21.00342712474594;22.896851054756553
820;29.50;13.50;True;False;False;False;838;47.50;13.50;True;False;False;False;4;26.004232352873487;48.13600742830981;22.109934195774258;36.401068492706145
820;29.50;13.50;True;False;False;False;840;49.50;13.50;True;False;False;False;2;27.35121037531735;32.01907863180765;23.35001813850795;31.352402612126753
820;29.50;13.50;True;False;False;False;841;50.50;13.50;True;False;False;False;2;26.11511709977458;6.509736744655936;24.31099172377435;27.91924247577481
820;29.50;13.50;True;False;False;False;842;51.50;13.50;True;False;False;False;1;30.20287876211114;0;30.20287876211114;30.20287876211114
820;29.50;13.50;True;False;False;False;843;52.50;13.50;True;False;False;False;4;27.52491860483383;7.304088807150759;25.68717721235953;31.532780972512228
820;29.50;13.50;True;False;False;False;869;34.50;14.50;True;False;False;False;1;13.361718623937122;0;13.361718623937122;13.361718623937122
820;29.50;13.50;True;False;False;False;870;35.50;14.50;True;False;False;False;2;12.243982680298359;1.0272130639939936;11.52731920836959;12.960646152227127
820;29.50;13.50;True;False;False;False;872;37.50;14.50;True;False;False;False;2;15.42312961603966;13.270597803080005;12.847222222218988;17.99903700986033
820;29.50;13.50;True;False;False;False;874;39.50;14.50;True;False;False;False;3;15.149754423380651;7.480824389545507;13.26277777777068;18.286485492380734
820;29.50;13.50;True;False;False;False;884;49.50;14.50;True;False;False;False;2;35.111713562370824;92.04102437687649;28.327871569190393;41.895555555551255
820;29.50;13.50;True;False;False;False;887;52.50;14.50;True;False;False;False;4;26.41138769324698;27.243968711245678;21.98444444444067;32.29731362236089
820;29.50;13.50;True;False;False;False;940;17.50;16.50;True;False;False;False;1;16.611666666660312;0;16.611666666660312;16.611666666660312
820;29.50;13.50;True;False;False;False;955;32.50;16.50;True;False;False;False;1;11.27905248263778;0;11.27905248263778;11.27905248263778
820;29.50;13.50;True;False;False;False;957;34.50;16.50;True;False;False;False;1;12.877135623729373;0;12.877135623729373;12.877135623729373
820;29.50;13.50;True;False;False;False;960;37.50;16.50;True;False;False;False;2;20.07712643173545;1.117545933169396;19.329615250157076;20.824637613313826
820;29.50;13.50;True;False;False;False;963;40.50;16.50;True;False;False;False;1;19.373128396061475;0;19.373128396061475;19.373128396061475
820;29.50;13.50;True;False;False;False;964;41.50;16.50;True;False;False;False;2;17.78374660440568;0.5142601265037804;17.2766666666721;18.290826542139257
820;29.50;13.50;True;False;False;False;970;47.50;16.50;True;False;False;False;3;24.76822922978378;7.120065867665089;21.847100443639647;27.077510789369626
820;29.50;13.50;True;False;False;False;973;50.50;16.50;True;False;False;False;2;23.807597387876285;0.2970280366054503;23.422222222222445;24.192972553530126
820;29.50;13.50;True;False;False;False;974;51.50;16.50;True;False;False;False;1;24.237222222216587;0;24.237222222216587;24.237222222216587
820;29.50;13.50;True;False;False;False;975;52.50;16.50;True;False;False;False;2;28.603859130010733;3.67239706458061;27.248795097468246;29.95892316255322
820;29.50;13.50;True;False;False;False;988;21.50;17.50;True;False;False;False;1;14.82601731970044;0;14.82601731970044;14.82601731970044
820;29.50;13.50;True;False;False;False;991;24.50;17.50;True;False;False;False;1;18.35777458305529;0;18.35777458305529;18.35777458305529
820;29.50;13.50;True;False;False;False;999;32.50;17.50;True;False;False;False;1;11.778607514643227;0;11.778607514643227;11.778607514643227
820;29.50;13.50;True;False;False;False;1006;39.50;17.50;True;False;False;False;2;21.464120172689945;2.047874924306963;20.452222222225828;22.476018123154063
820;29.50;13.50;True;False;False;False;1007;40.50;17.50;True;False;False;False;1;18.847777777777083;0;18.847777777777083;18.847777777777083
820;29.50;13.50;True;False;False;False;1009;42.50;17.50;True;False;False;False;1;18.933520916163616;0;18.933520916163616;18.933520916163616
820;29.50;13.50;True;False;False;False;1011;44.50;17.50;True;False;False;False;3;22.377143746004247;12.200011705976813;20.265836126331124;26.408834653611848
820;29.50;13.50;True;False;False;False;1013;46.50;17.50;True;False;False;False;1;21.146486276764335;0;21.146486276764335;21.146486276764335
820;29.50;13.50;True;False;False;False;1016;49.50;17.50;True;False;False;False;2;23.322547297434085;0.009423783094547895;23.253904078196683;23.391190516671486
820;29.50;13.50;True;False;False;False;1017;50.50;17.50;True;False;False;False;2;24.95607021267665;0.020652669696206494;24.85445163736631;25.05768878798699
820;29.50;13.50;True;False;False;False;1018;51.50;17.50;True;False;False;False;3;33.96042979138034;71.23985833692198;25.09677191358969;41.90175087388161
820;29.50;13.50;True;False;False;False;1019;52.50;17.50;True;False;False;False;1;25.26508659850151;0;25.26508659850151;25.26508659850151
820;29.50;13.50;True;False;False;False;1077;22.50;19.50;True;False;False;False;1;15.606579264724132;0;15.606579264724132;15.606579264724132
820;29.50;13.50;True;False;False;False;1089;34.50;19.50;True;False;False;False;1;18.04139967827723;0;18.04139967827723;18.04139967827723
820;29.50;13.50;True;False;False;False;1097;42.50;19.50;True;False;False;False;2;20.889309352881355;0.6000147386477414;20.341580068175972;21.43703863758674
820;29.50;13.50;True;False;False;False;1099;44.50;19.50;True;False;False;False;1;20.792093572203157;0;20.792093572203157;20.792093572203157
820;29.50;13.50;True;False;False;False;1100;45.50;19.50;True;False;False;False;1;31.871390094049275;0;31.871390094049275;31.871390094049275
820;29.50;13.50;True;False;False;False;1101;46.50;19.50;True;False;False;False;2;23.62861310066819;0.09557989605042366;23.41000397911739;23.84722222221899
820;29.50;13.50;True;False;False;False;1106;51.50;19.50;True;False;False;False;3;27.964378192813456;2.8621795281487303;26.6770354428445;29.8805435800532
820;29.50;13.50;True;False;False;False;1131;32.50;20.50;True;False;False;False;1;13.944992807071685;0;13.944992807071685;13.944992807071685
820;29.50;13.50;True;False;False;False;1218;31.50;22.50;True;False;False;False;1;26.562219027488027;0;26.562219027488027;26.562219027488027
820;29.50;13.50;True;False;False;False;1224;37.50;22.50;True;False;False;False;1;18.662965360603266;0;18.662965360603266;18.662965360603266
820;29.50;13.50;True;False;False;False;1234;47.50;22.50;True;False;False;False;1;25.712316013632517;0;25.712316013632517;25.712316013632517
820;29.50;13.50;True;False;False;False;1265;34.50;23.50;True;False;False;False;1;17.096389290614752;0;17.096389290614752;17.096389290614752
820;29.50;13.50;True;False;False;False;1277;46.50;23.50;True;False;False;False;1;30.63203463938771;0;30.63203463938771;30.63203463938771
820;29.50;13.50;True;False;False;False;1280;49.50;23.50;True;False;False;False;1;27.011240063683317;0;27.011240063683317;27.011240063683317
820;29.50;13.50;True;False;False;False;1282;51.50;23.50;True;False;False;False;2;30.69678382305392;5.018150302996922;29.112777777769224;32.280789868338616
820;29.50;13.50;True;False;False;False;1339;20.50;25.50;True;False;False;False;1;21.74657287525588;0;21.74657287525588;21.74657287525588
820;29.50;13.50;True;False;False;False;1349;30.50;25.50;True;False;False;False;1;15.619074080432256;0;15.619074080432256;15.619074080432256
820;29.50;13.50;True;False;False;False;1364;45.50;25.50;True;False;False;False;1;25.575468957074918;0;25.575468957074918;25.575468957074918
820;29.50;13.50;True;False;False;False;1370;51.50;25.50;True;False;False;False;1;29.705277376058802;0;29.705277376058802;29.705277376058802
820;29.50;13.50;True;False;False;False;1371;52.50;25.50;True;False;False;False;2;32.27306583014297;4.752420758605511;30.731569680519897;33.81456197976604
820;29.50;13.50;True;False;False;False;1384;21.50;26.50;True;False;False;False;1;21.600555555553;0;21.600555555553;21.600555555553
820;29.50;13.50;True;False;False;False;1413;50.50;26.50;True;False;False;False;1;29.175649346965656;0;29.175649346965656;29.175649346965656
821;30.50;13.50;True;False;False;False;12;61.50;3.50;False;False;True;False;1;109.7310420931999;0;109.7310420931999;109.7310420931999
821;30.50;13.50;True;False;False;False;278;15.50;1.50;True;False;False;False;1;27.931298693939425;0;27.931298693939425;27.931298693939425
821;30.50;13.50;True;False;False;False;289;26.50;1.50;True;False;False;False;1;18.470367972728127;0;18.470367972728127;18.470367972728127
821;30.50;13.50;True;False;False;False;293;30.50;1.50;True;False;False;False;1;13.320921854505286;0;13.320921854505286;13.320921854505286
821;30.50;13.50;True;False;False;False;300;37.50;1.50;True;False;False;False;1;20.384434056775717;0;20.384434056775717;20.384434056775717
821;30.50;13.50;True;False;False;False;302;39.50;1.50;True;False;False;False;2;21.512171328326076;2.329796669820291;20.432866767550877;22.591475889101275
821;30.50;13.50;True;False;False;False;315;52.50;1.50;True;False;False;False;2;30.510512658032894;0.3349108216929016;30.101299497386208;30.91972581867958
821;30.50;13.50;True;False;False;False;331;24.50;2.50;True;False;False;False;1;18.655649346972496;0;18.655649346972496;18.655649346972496
821;30.50;13.50;True;False;False;False;338;31.50;2.50;True;False;False;False;1;18.02036558144391;0;18.02036558144391;18.02036558144391
821;30.50;13.50;True;False;False;False;339;32.50;2.50;True;False;False;False;1;15.136389290614261;0;15.136389290614261;15.136389290614261
821;30.50;13.50;True;False;False;False;341;34.50;2.50;True;False;False;False;1;17.620461764142874;0;17.620461764142874;17.620461764142874
821;30.50;13.50;True;False;False;False;422;27.50;4.50;True;False;False;False;1;15.245362367641064;0;15.245362367641064;15.245362367641064
821;30.50;13.50;True;False;False;False;432;37.50;4.50;True;False;False;False;1;21.070927526471678;0;21.070927526471678;21.070927526471678
821;30.50;13.50;True;False;False;False;439;44.50;4.50;True;False;False;False;1;25.992057021619985;0;25.992057021619985;25.992057021619985
821;30.50;13.50;True;False;False;False;454;15.50;5.50;True;False;False;False;2;25.611769493948486;13.906534428506166;22.974864638961662;28.24867434893531
821;30.50;13.50;True;False;False;False;465;26.50;5.50;True;False;False;False;1;15.373982680301197;0;15.373982680301197;15.373982680301197
821;30.50;13.50;True;False;False;False;466;27.50;5.50;True;False;False;False;1;14.133333333331393;0;14.133333333331393;14.133333333331393
821;30.50;13.50;True;False;False;False;468;29.50;5.50;True;False;False;False;1;12.252406610311027;0;12.252406610311027;12.252406610311027
821;30.50;13.50;True;False;False;False;471;32.50;5.50;True;False;False;False;2;23.49773447853113;183.13969640464455;13.92852091615714;33.06694804090512
821;30.50;13.50;True;False;False;False;473;34.50;5.50;True;False;False;False;3;16.190788614707646;3.514557732207165;15.075604582614687;18.35518838625285
821;30.50;13.50;True;False;False;False;475;36.50;5.50;True;False;False;False;1;17.133333333331393;0;17.133333333331393;17.133333333331393
821;30.50;13.50;True;False;False;False;476;37.50;5.50;True;False;False;False;2;19.2600031947386;6.910935802476289;17.40111430584875;21.118892083628452
821;30.50;13.50;True;False;False;False;478;39.50;5.50;True;False;False;False;1;17.811944846169354;0;17.811944846169354;17.811944846169354
821;30.50;13.50;True;False;False;False;479;40.50;5.50;True;False;False;False;2;18.68713122382269;0.010325263595182821;18.6152797673476;18.758982680297777
821;30.50;13.50;True;False;False;False;480;41.50;5.50;True;False;False;False;1;20;0;20;20
821;30.50;13.50;True;False;False;False;483;44.50;5.50;True;False;False;False;1;22.231948040896896;0;22.231948040896896;22.231948040896896
821;30.50;13.50;True;False;False;False;485;46.50;5.50;True;False;False;False;1;26.858524110892176;0;26.858524110892176;26.858524110892176
821;30.50;13.50;True;False;False;False;486;47.50;5.50;True;False;False;False;1;32.089828409876645;0;32.089828409876645;32.089828409876645
821;30.50;13.50;True;False;False;False;488;49.50;5.50;True;False;False;False;2;25.363063542384225;0.10225066107439901;25.13695443036704;25.58917265440141
821;30.50;13.50;True;False;False;False;489;50.50;5.50;True;False;False;False;1;29.44213162554297;0;29.44213162554297;29.44213162554297
821;30.50;13.50;True;False;False;False;490;51.50;5.50;True;False;False;False;1;33.40037596908587;0;33.40037596908587;33.40037596908587
821;30.50;13.50;True;False;False;False;491;52.50;5.50;True;False;False;False;2;34.01381308927171;55.745227866678526;28.73436104068378;39.293265137859635
821;30.50;13.50;True;False;False;False;537;10.50;7.50;True;False;False;False;1;24.825544364462985;0;24.825544364462985;24.825544364462985
821;30.50;13.50;True;False;False;False;546;19.50;7.50;True;False;False;False;1;19.076648263646348;0;19.076648263646348;19.076648263646348
821;30.50;13.50;True;False;False;False;553;26.50;7.50;True;False;False;False;1;13.431576069990115;0;13.431576069990115;13.431576069990115
821;30.50;13.50;True;False;False;False;554;27.50;7.50;True;False;False;False;2;13.508032629890067;0.02832638051570931;13.389023427481789;13.627041832298346
821;30.50;13.50;True;False;False;False;556;29.50;7.50;True;False;False;False;1;10.655645348782855;0;10.655645348782855;10.655645348782855
821;30.50;13.50;True;False;False;False;559;32.50;7.50;True;False;False;False;3;12.648391065655838;0.1646529201432101;12.338510528501502;13.107688787998995
821;30.50;13.50;True;False;False;False;561;34.50;7.50;True;False;False;False;2;14.508008659846382;0.5755267019932895;13.971572875248967;15.044444444443798
821;30.50;13.50;True;False;False;False;562;35.50;7.50;True;False;False;False;1;14.813239541922485;0;14.813239541922485;14.813239541922485
821;30.50;13.50;True;False;False;False;563;36.50;7.50;True;False;False;False;1;15.676295499208209;0;15.676295499208209;15.676295499208209
821;30.50;13.50;True;False;False;False;564;37.50;7.50;True;False;False;False;1;16.606576069988478;0;16.606576069988478;16.606576069988478
821;30.50;13.50;True;False;False;False;567;40.50;7.50;True;False;False;False;1;31.633055957281613;0;31.633055957281613;31.633055957281613
821;30.50;13.50;True;False;False;False;568;41.50;7.50;True;False;False;False;2;19.579818291837;0.4880351721152487;19.08583692978209;20.07379965389191
821;30.50;13.50;True;False;False;False;571;44.50;7.50;True;False;False;False;4;21.724427530303956;3.902405188543447;20.33037516564582;24.637317620516114
821;30.50;13.50;True;False;False;False;572;45.50;7.50;True;False;False;False;2;27.606857444216075;81.6546315824914;21.21723180641493;33.99648308201722
821;30.50;13.50;True;False;False;False;573;46.50;7.50;True;False;False;False;2;24.96286797272751;15.326340146346329;22.19462483435018;27.731111111104838
821;30.50;13.50;True;False;False;False;574;47.50;7.50;True;False;False;False;1;23.949408923582723;0;23.949408923582723;23.949408923582723
821;30.50;13.50;True;False;False;False;576;49.50;7.50;True;False;False;False;2;24.888371708198974;0.521851551634428;24.377562765621406;25.399180650776543
821;30.50;13.50;True;False;False;False;577;50.50;7.50;True;False;False;False;2;32.802474583854746;0.6024158076026699;32.25365047377818;33.35129869393131
821;30.50;13.50;True;False;False;False;579;52.50;7.50;True;False;False;False;3;34.39352198107008;95.18841031633086;26.136198513053387;45.15926644582214
821;30.50;13.50;True;False;False;False;585;14.50;8.50;True;False;False;False;1;20.80898268029705;0;20.80898268029705;20.80898268029705
821;30.50;13.50;True;False;False;False;598;27.50;8.50;True;False;False;False;1;11.581666666666933;0;11.581666666666933;11.581666666666933
821;30.50;13.50;True;False;False;False;600;29.50;8.50;True;False;False;False;2;14.929079666457255;29.616402259045362;11.080937110687955;18.777222222226555
821;30.50;13.50;True;False;False;False;603;32.50;8.50;True;False;False;False;1;11.427597387868445;0;11.427597387868445;11.427597387868445
821;30.50;13.50;True;False;False;False;605;34.50;8.50;True;False;False;False;2;15.431851848674341;1.854972014034854;14.468791099283408;16.394912598065275
821;30.50;13.50;True;False;False;False;608;37.50;8.50;True;False;False;False;1;15.130277376047161;0;15.130277376047161;15.130277376047161
821;30.50;13.50;True;False;False;False;610;39.50;8.50;True;False;False;False;1;16.81250359646083;0;16.81250359646083;16.81250359646083
821;30.50;13.50;True;False;False;False;613;42.50;8.50;True;False;False;False;1;18.2641990348161;0;18.2641990348161;18.2641990348161
821;30.50;13.50;True;False;False;False;615;44.50;8.50;True;False;False;False;1;20.016764456260717;0;20.016764456260717;20.016764456260717
821;30.50;13.50;True;False;False;False;618;47.50;8.50;True;False;False;False;1;22.814906208579487;0;22.814906208579487;22.814906208579487
821;30.50;13.50;True;False;False;False;620;49.50;8.50;True;False;False;False;1;37.754076471712324;0;37.754076471712324;37.754076471712324
821;30.50;13.50;True;False;False;False;623;52.50;8.50;True;False;False;False;3;33.477933031886096;54.55320167257021;25.9575035964599;40.72176045807464
821;30.50;13.50;True;False;False;False;688;29.50;10.50;True;False;False;False;1;8.606486276772557;0;8.606486276772557;8.606486276772557
821;30.50;13.50;True;False;False;False;690;31.50;10.50;True;False;False;False;1;9.144695773178682;0;9.144695773178682;9.144695773178682
821;30.50;13.50;True;False;False;False;691;32.50;10.50;True;False;False;False;1;10.180012778946548;0;10.180012778946548;10.180012778946548
821;30.50;13.50;True;False;False;False;696;37.50;10.50;True;False;False;False;1;14.306760458081044;0;14.306760458081044;14.306760458081044
821;30.50;13.50;True;False;False;False;699;40.50;10.50;True;False;False;False;1;16.25785118148633;0;16.25785118148633;16.25785118148633
821;30.50;13.50;True;False;False;False;701;42.50;10.50;True;False;False;False;2;17.175281374234146;0.16510098338124266;16.887965360599992;17.4625973878683
821;30.50;13.50;True;False;False;False;703;44.50;10.50;True;False;False;False;2;18.59389408272;0.009904765142815854;18.523520916161942;18.664267249278055
821;30.50;13.50;True;False;False;False;706;47.50;10.50;True;False;False;False;2;24.3210273151617;10.242667292704265;22.057990937559225;26.584063692764175
821;30.50;13.50;True;False;False;False;708;49.50;10.50;True;False;False;False;1;21.145555555547617;0;21.145555555547617;21.145555555547617
821;30.50;13.50;True;False;False;False;709;50.50;10.50;True;False;False;False;1;22.946020514435077;0;22.946020514435077;22.946020514435077
821;30.50;13.50;True;False;False;False;711;52.50;10.50;True;False;False;False;2;24.520659139093368;1.7909995015677598;23.574350653036163;25.466967625150573
821;30.50;13.50;True;False;False;False;712;9.50;11.50;True;False;False;False;1;21.801941651423476;0;21.801941651423476;21.801941651423476
821;30.50;13.50;True;False;False;False;725;22.50;11.50;True;False;False;False;1;16.47288585210481;0;16.47288585210481;16.47288585210481
821;30.50;13.50;True;False;False;False;727;24.50;11.50;True;False;False;False;1;11.843059152013666;0;11.843059152013666;11.843059152013666
821;30.50;13.50;True;False;False;False;735;32.50;11.50;True;False;False;False;2;9.537778973413879;1.2344935501890006;8.752128430809535;10.323429516018223
821;30.50;13.50;True;False;False;False;738;35.50;11.50;True;False;False;False;1;16.89731920836857;0;16.89731920836857;16.89731920836857
821;30.50;13.50;True;False;False;False;740;37.50;11.50;True;False;False;False;1;14.659989612349818;0;14.659989612349818;14.659989612349818
821;30.50;13.50;True;False;False;False;742;39.50;11.50;True;False;False;False;5;16.566476528053137;23.32142702947015;13.503701306064613;25.066944846168553
821;30.50;13.50;True;False;False;False;743;40.50;11.50;True;False;False;False;2;20.51513749238211;50.46869785096426;15.49175726334488;25.53851772141934
821;30.50;13.50;True;False;False;False;744;41.50;11.50;True;False;False;False;2;16.135551959087024;0.1184187216902349;15.892222222217242;16.378881695956807
821;30.50;13.50;True;False;False;False;745;42.50;11.50;True;False;False;False;2;17.371836668913488;0.33072695843039246;16.96518758282673;17.778485755000247
821;30.50;13.50;True;False;False;False;747;44.50;11.50;True;False;False;False;3;20.112145904186644;19.95855124695082;16.936076932741344;25.22054836263851
821;30.50;13.50;True;False;False;False;748;45.50;11.50;True;False;False;False;4;20.04433958715299;6.924844618974633;17.87709616187567;23.50620490252186
821;30.50;13.50;True;False;False;False;749;46.50;11.50;True;False;False;False;1;19.524259252901174;0;19.524259252901174;19.524259252901174
821;30.50;13.50;True;False;False;False;753;50.50;11.50;True;False;False;False;1;29.51407327698007;0;29.51407327698007;29.51407327698007
821;30.50;13.50;True;False;False;False;754;51.50;11.50;True;False;False;False;1;23.452409805042407;0;23.452409805042407;23.452409805042407
821;30.50;13.50;True;False;False;False;755;52.50;11.50;True;False;False;False;2;25.17833892888757;5.150253989023006;23.573618705760964;26.783059152014175
821;30.50;13.50;True;False;False;False;802;11.50;13.50;True;False;False;False;1;19.496847056565457;0;19.496847056565457;19.496847056565457
821;30.50;13.50;True;False;False;False;803;12.50;13.50;True;False;False;False;1;16.6654617641434;0;16.6654617641434;16.6654617641434
821;30.50;13.50;True;False;False;False;810;19.50;13.50;True;False;False;False;1;10.517331987321086;0;10.517331987321086;10.517331987321086
821;30.50;13.50;True;False;False;False;823;32.50;13.50;True;False;False;False;2;5.583384227220449;0.5210466758538179;5.072969358778209;6.093799095662689
821;30.50;13.50;True;False;False;False;828;37.50;13.50;True;False;False;False;5;13.087762329690667;15.895443104077268;8.649448442627545;17.132312015444768
821;30.50;13.50;True;False;False;False;830;39.50;13.50;True;False;False;False;5;17.812464801999887;24.14351720564846;11.694999999994252;25.207035442846973
821;30.50;13.50;True;False;False;False;831;40.50;13.50;True;False;False;False;1;25.98315294342865;0;25.98315294342865;25.98315294342865
821;30.50;13.50;True;False;False;False;832;41.50;13.50;True;False;False;False;4;17.817346054034715;0.10604822761645269;17.540006398292462;18.284999196584977
821;30.50;13.50;True;False;False;False;833;42.50;13.50;True;False;False;False;4;19.425834930697874;1.8863511784675617;18.101948040894058;21.30398667848931
821;30.50;13.50;True;False;False;False;835;44.50;13.50;True;False;False;False;2;19.756016525783707;81.24333412055718;13.382503596458264;26.12952945510915
821;30.50;13.50;True;False;False;False;837;46.50;13.50;True;False;False;False;3;21.544696870723175;42.56736601646054;14.375840928005346;27.134865196883766
821;30.50;13.50;True;False;False;False;838;47.50;13.50;True;False;False;False;2;25.255537615271805;19.591276989197112;22.125739140194128;28.385336090349483
821;30.50;13.50;True;False;False;False;840;49.50;13.50;True;False;False;False;2;23.949202796895406;1.9694827276594222;22.95686144240608;24.941544151384733
821;30.50;13.50;True;False;False;False;841;50.50;13.50;True;False;False;False;5;22.364058673757427;56.36088711020078;17.38684786001977;34.900555555548635
821;30.50;13.50;True;False;False;False;842;51.50;13.50;True;False;False;False;6;27.970559509647348;120.63266815986641;17.66871010588693;46.4422254169549
821;30.50;13.50;True;False;False;False;843;52.50;13.50;True;False;False;False;5;35.49299258588617;5.074616371837251;34.110552360816655;39.3968614424175
821;30.50;13.50;True;False;False;False;854;19.50;14.50;True;False;False;False;1;39.3437013060684;0;39.3437013060684;39.3437013060684
821;30.50;13.50;True;False;False;False;862;27.50;14.50;True;False;False;False;1;9.111501711595338;0;9.111501711595338;9.111501711595338
821;30.50;13.50;True;False;False;False;867;32.50;14.50;True;False;False;False;1;7.867415391068789;0;7.867415391068789;7.867415391068789
821;30.50;13.50;True;False;False;False;872;37.50;14.50;True;False;False;False;2;12.61495594027474;0.7929759024822022;11.985283048019483;13.244628832529997
821;30.50;13.50;True;False;False;False;875;40.50;14.50;True;False;False;False;2;21.565183584640636;83.6188633664383;15.099162266765234;28.031204902516038
821;30.50;13.50;True;False;False;False;876;41.50;14.50;True;False;False;False;1;14.062865983167285;0;14.062865983167285;14.062865983167285
821;30.50;13.50;True;False;False;False;877;42.50;14.50;True;False;False;False;2;17.256435784592213;9.337996058076827;15.09564934696391;19.417222222220516
821;30.50;13.50;True;False;False;False;880;45.50;14.50;True;False;False;False;1;17.015458569399925;0;17.015458569399925;17.015458569399925
821;30.50;13.50;True;False;False;False;882;47.50;14.50;True;False;False;False;1;21.286259818161852;0;21.286259818161852;21.286259818161852
821;30.50;13.50;True;False;False;False;884;49.50;14.50;True;False;False;False;1;23.631316832452285;0;23.631316832452285;23.631316832452285
821;30.50;13.50;True;False;False;False;885;50.50;14.50;True;False;False;False;1;20.408333333336486;0;20.408333333336486;20.408333333336486
821;30.50;13.50;True;False;False;False;886;51.50;14.50;True;False;False;False;2;26.697373708220766;32.99485867798557;22.635670944724552;30.75907647171698
821;30.50;13.50;True;False;False;False;887;52.50;14.50;True;False;False;False;1;30.096847056564002;0;30.096847056564002;30.096847056564002
821;30.50;13.50;True;False;False;False;955;32.50;16.50;True;False;False;False;2;10.599864506711128;0.019723266515617132;10.50055875029284;10.699170263129417
821;30.50;13.50;True;False;False;False;957;34.50;16.50;True;False;False;False;1;11.659444444434484;0;11.659444444434484;11.659444444434484
821;30.50;13.50;True;False;False;False;960;37.50;16.50;True;False;False;False;1;13.986494254082572;0;13.986494254082572;13.986494254082572
821;30.50;13.50;True;False;False;False;962;39.50;16.50;True;False;False;False;3;19.872896002416383;63.56151821600214;15.085516679802822;29.076304279940814
821;30.50;13.50;True;False;False;False;963;40.50;16.50;True;False;False;False;1;16.21453823585398;0;16.21453823585398;16.21453823585398
821;30.50;13.50;True;False;False;False;967;44.50;16.50;True;False;False;False;1;20.24963922019242;0;20.24963922019242;20.24963922019242
821;30.50;13.50;True;False;False;False;968;45.50;16.50;True;False;False;False;1;18.949535041119816;0;18.949535041119816;18.949535041119816
821;30.50;13.50;True;False;False;False;970;47.50;16.50;True;False;False;False;5;21.39901462380458;4.71872369258458;19.982204744577757;25.25148627676481
821;30.50;13.50;True;False;False;False;972;49.50;16.50;True;False;False;False;1;21.30278177596483;0;21.30278177596483;21.30278177596483
821;30.50;13.50;True;False;False;False;974;51.50;16.50;True;False;False;False;1;22.424211048481993;0;22.424211048481993;22.424211048481993
821;30.50;13.50;True;False;False;False;986;19.50;17.50;True;False;False;False;1;17.824628832531744;0;17.824628832531744;17.824628832531744
821;30.50;13.50;True;False;False;False;989;22.50;17.50;True;False;False;False;2;15.326772291830366;1.1192419228380401;14.57869411314914;16.074850470511592
821;30.50;13.50;True;False;False;False;999;32.50;17.50;True;False;False;False;1;15.079718625758687;0;15.079718625758687;15.079718625758687
821;30.50;13.50;True;False;False;False;1001;34.50;17.50;True;False;False;False;2;12.824537030678584;0.035455795707541954;12.691390878448146;12.957683182909022
821;30.50;13.50;True;False;False;False;1004;37.50;17.50;True;False;False;False;1;14.69287156918881;0;14.69287156918881;14.69287156918881
821;30.50;13.50;True;False;False;False;1006;39.50;17.50;True;False;False;False;3;16.336445422394416;0.27600525135828935;15.735089793230145;16.706288306286297
821;30.50;13.50;True;False;False;False;1007;40.50;17.50;True;False;False;False;2;16.54213002817596;0.05203350672427954;16.380832931605255;16.703427124746668
821;30.50;13.50;True;False;False;False;1008;41.50;17.50;True;False;False;False;1;17.368986678491638;0;17.368986678491638;17.368986678491638
821;30.50;13.50;True;False;False;False;1009;42.50;17.50;True;False;False;False;1;17.309170263124543;0;17.309170263124543;17.309170263124543
821;30.50;13.50;True;False;False;False;1011;44.50;17.50;True;False;False;False;4;19.51965647466477;0.4064997437931329;18.956948040904535;20.433333333327028
821;30.50;13.50;True;False;False;False;1012;45.50;17.50;True;False;False;False;3;21.10426298962769;3.50669829852247;19.587316013635245;23.19722222222481
821;30.50;13.50;True;False;False;False;1013;46.50;17.50;True;False;False;False;2;21.80990980504248;0.006192899098009206;21.754264054539817;21.865555555545143
821;30.50;13.50;True;False;False;False;1014;47.50;17.50;True;False;False;False;3;25.41839601200157;45.90992295543611;21.337497206990065;33.239816065088235
821;30.50;13.50;True;False;False;False;1016;49.50;17.50;True;False;False;False;5;25.221074711814435;15.85041551081545;22.627229415145848;32.04721502931352
821;30.50;13.50;True;False;False;False;1017;50.50;17.50;True;False;False;False;2;23.57777937514402;0.008022626894230278;23.514444444441324;23.641114305846713
821;30.50;13.50;True;False;False;False;1018;51.50;17.50;True;False;False;False;1;30.487868374453683;0;30.487868374453683;30.487868374453683
821;30.50;13.50;True;False;False;False;1019;52.50;17.50;True;False;False;False;2;27.54550706248574;12.052723437326268;25.09064215405124;30.00037197092024
821;30.50;13.50;True;False;False;False;1072;17.50;19.50;True;False;False;False;1;22.26453823585325;0;22.26453823585325;22.26453823585325
821;30.50;13.50;True;False;False;False;1079;24.50;19.50;True;False;False;False;2;15.13875060259943;1.3255885129903613;14.324628832533563;15.952872372665297
821;30.50;13.50;True;False;False;False;1080;25.50;19.50;True;False;False;False;2;18.29527618040811;28.50542047676203;14.519999999996799;22.07055236081942
821;30.50;13.50;True;False;False;False;1084;29.50;19.50;True;False;False;False;1;10.641013321513128;0;10.641013321513128;10.641013321513128
821;30.50;13.50;True;False;False;False;1090;35.50;19.50;True;False;False;False;1;14.868614707571396;0;14.868614707571396;14.868614707571396
821;30.50;13.50;True;False;False;False;1094;39.50;19.50;True;False;False;False;1;18.689353847765233;0;18.689353847765233;18.689353847765233
821;30.50;13.50;True;False;False;False;1097;42.50;19.50;True;False;False;False;2;20.735248315941135;3.639386215304208;19.38628830628477;22.0842083255975
821;30.50;13.50;True;False;False;False;1100;45.50;19.50;True;False;False;False;1;23.040700661264054;0;23.040700661264054;23.040700661264054
821;30.50;13.50;True;False;False;False;1101;46.50;19.50;True;False;False;False;1;22.084398073080592;0;22.084398073080592;22.084398073080592
821;30.50;13.50;True;False;False;False;1102;47.50;19.50;True;False;False;False;2;24.048472815283276;3.7307495757115396;22.68268557421834;25.414260056348212
821;30.50;13.50;True;False;False;False;1105;50.50;19.50;True;False;False;False;2;25.50235132603484;0.7572252947645048;24.887036246273055;26.117666405796626
821;30.50;13.50;True;False;False;False;1107;52.50;19.50;True;False;False;False;2;29.063838396720485;12.803187395036895;26.53370130606345;31.59397548737752
821;30.50;13.50;True;False;False;False;1119;20.50;20.50;True;False;False;False;1;18.951620834465757;0;18.951620834465757;18.951620834465757
821;30.50;13.50;True;False;False;False;1126;27.50;20.50;True;False;False;False;1;13.234353847765306;0;13.234353847765306;13.234353847765306
821;30.50;13.50;True;False;False;False;1128;29.50;20.50;True;False;False;False;1;26.987497206990383;0;26.987497206990383;26.987497206990383
821;30.50;13.50;True;False;False;False;1136;37.50;20.50;True;False;False;False;2;16.95717892297489;1.5158847319769262;16.086580068169496;17.827777777780284
821;30.50;13.50;True;False;False;False;1139;40.50;20.50;True;False;False;False;1;19.26517241262627;0;19.26517241262627;19.26517241262627
821;30.50;13.50;True;False;False;False;1146;47.50;20.50;True;False;False;False;1;23.245093791414547;0;23.245093791414547;23.245093791414547
821;30.50;13.50;True;False;False;False;1151;52.50;20.50;True;False;False;False;4;28.73954775394259;5.159632224718038;27.062409805053903;32.09277377960461
821;30.50;13.50;True;False;False;False;1217;30.50;22.50;True;False;False;False;1;14.308332529879408;0;14.308332529879408;14.308332529879408
821;30.50;13.50;True;False;False;False;1223;36.50;22.50;True;False;False;False;1;21.086212879828963;0;21.086212879828963;21.086212879828963
821;30.50;13.50;True;False;False;False;1238;51.50;22.50;True;False;False;False;1;27.27787156918839;0;27.27787156918839;27.27787156918839
821;30.50;13.50;True;False;False;False;1239;52.50;22.50;True;False;False;False;3;29.232439736120796;0.9586219252079604;28.415646152228874;30.317784167247737
821;30.50;13.50;True;False;False;False;1251;20.50;23.50;True;False;False;False;1;23.93085292253454;0;23.93085292253454;23.93085292253454
821;30.50;13.50;True;False;False;False;1252;21.50;23.50;True;False;False;False;1;20.096482278557232;0;20.096482278557232;20.096482278557232
821;30.50;13.50;True;False;False;False;1253;22.50;23.50;True;False;False;False;1;19.66888888888934;0;19.66888888888934;19.66888888888934
821;30.50;13.50;True;False;False;False;1256;25.50;23.50;True;False;False;False;1;17.211666666666133;0;17.211666666666133;17.211666666666133
821;30.50;13.50;True;False;False;False;1261;30.50;23.50;True;False;False;False;1;29.104632027268963;0;29.104632027268963;29.104632027268963
821;30.50;13.50;True;False;False;False;1263;32.50;23.50;True;False;False;False;1;17.854454832089687;0;17.854454832089687;17.854454832089687
821;30.50;13.50;True;False;False;False;1275;44.50;23.50;True;False;False;False;2;25.079958699856434;7.042085469972628;23.20351452669638;26.956402873016486
821;30.50;13.50;True;False;False;False;1276;45.50;23.50;True;False;False;False;1;24.13953823585325;0;24.13953823585325;24.13953823585325
821;30.50;13.50;True;False;False;False;1280;49.50;23.50;True;False;False;False;3;27.004009410311482;0.6954397729530993;26.444805469745916;27.962513426249643
821;30.50;13.50;True;False;False;False;1328;9.50;25.50;True;False;False;False;1;28.986934458505857;0;28.986934458505857;28.986934458505857
821;30.50;13.50;True;False;False;False;1330;11.50;25.50;True;False;False;False;1;27.84464616760124;0;27.84464616760124;27.84464616760124
821;30.50;13.50;True;False;False;False;1345;26.50;25.50;True;False;False;False;1;18.019350653033143;0;18.019350653033143;18.019350653033143
821;30.50;13.50;True;False;False;False;1353;34.50;25.50;True;False;False;False;1;19.00277777777592;0;19.00277777777592;19.00277777777592
821;30.50;13.50;True;False;False;False;1364;45.50;25.50;True;False;False;False;1;25.57630188867097;0;25.57630188867097;25.57630188867097
821;30.50;13.50;True;False;False;False;1366;47.50;25.50;True;False;False;False;1;32.56036558145206;0;32.56036558145206;32.56036558145206
821;30.50;13.50;True;False;False;False;1371;52.50;25.50;True;False;False;False;1;30.172006671159124;0;30.172006671159124;30.172006671159124
821;30.50;13.50;True;False;False;False;1402;39.50;26.50;True;False;False;False;1;22.777597387874266;0;22.777597387874266;22.777597387874266
822;31.50;13.50;True;False;False;False;28;61.50;9.50;False;False;True;False;1;95.27241219632242;0;95.27241219632242;95.27241219632242
822;31.50;13.50;True;False;False;False;277;14.50;1.50;True;False;False;False;1;27.57157287524751;0;27.57157287524751;27.57157287524751
822;31.50;13.50;True;False;False;False;293;30.50;1.50;True;False;False;False;1;20.240353586890706;0;20.240353586890706;20.240353586890706
822;31.50;13.50;True;False;False;False;295;32.50;1.50;True;False;False;False;1;16.28606815198691;0;16.28606815198691;16.28606815198691
822;31.50;13.50;True;False;False;False;304;41.50;1.50;True;False;False;False;2;23.96494727265781;4.495942044915538;22.465623751046223;25.464270794269396
822;31.50;13.50;True;False;False;False;305;42.50;1.50;True;False;False;False;1;23.049176359209014;0;23.049176359209014;23.049176359209014
822;31.50;13.50;True;False;False;False;307;44.50;1.50;True;False;False;False;1;24.40898268030105;0;24.40898268030105;24.40898268030105
822;31.50;13.50;True;False;False;False;313;50.50;1.50;True;False;False;False;1;28.085288567156567;0;28.085288567156567;28.085288567156567
822;31.50;13.50;True;False;False;False;319;12.50;2.50;True;False;False;False;1;27.05583373504851;0;27.05583373504851;27.05583373504851
822;31.50;13.50;True;False;False;False;321;14.50;2.50;True;False;False;False;1;26.07731601364503;0;26.07731601364503;26.07731601364503
822;31.50;13.50;True;False;False;False;323;16.50;2.50;True;False;False;False;2;24.528522513523058;0.3717108256837087;24.09741299977759;24.959632027268526
822;31.50;13.50;True;False;False;False;352;45.50;2.50;True;False;False;False;1;24.631298693933786;0;24.631298693933786;24.631298693933786
822;31.50;13.50;True;False;False;False;356;49.50;2.50;True;False;False;False;1;30.719812417171852;0;30.719812417171852;30.719812417171852
822;31.50;13.50;True;False;False;False;358;51.50;2.50;True;False;False;False;1;28.21417345784721;0;28.21417345784721;28.21417345784721
822;31.50;13.50;True;False;False;False;411;16.50;4.50;True;False;False;False;1;23.0173128189017;0;23.0173128189017;23.0173128189017
822;31.50;13.50;True;False;False;False;424;29.50;4.50;True;False;False;False;1;18.77064934696682;0;18.77064934696682;18.77064934696682
822;31.50;13.50;True;False;False;False;426;31.50;4.50;True;False;False;False;1;10.297326401301689;0;10.297326401301689;10.297326401301689
822;31.50;13.50;True;False;False;False;427;32.50;4.50;True;False;False;False;1;13.624350653033616;0;13.624350653033616;13.624350653033616
822;31.50;13.50;True;False;False;False;430;35.50;4.50;True;False;False;False;1;16.482128430809098;0;16.482128430809098;16.482128430809098
822;31.50;13.50;True;False;False;False;431;36.50;4.50;True;False;False;False;1;17.92352091615612;0;17.92352091615612;17.92352091615612
822;31.50;13.50;True;False;False;False;435;40.50;4.50;True;False;False;False;1;20.39675326516044;0;20.39675326516044;20.39675326516044
822;31.50;13.50;True;False;False;False;447;52.50;4.50;True;False;False;False;3;28.861483879119078;2.9401168269669236;27.262409805043717;30.67212843080688
822;31.50;13.50;True;False;False;False;449;10.50;5.50;True;False;False;False;1;30.326951235620072;0;30.326951235620072;30.326951235620072
822;31.50;13.50;True;False;False;False;456;17.50;5.50;True;False;False;False;2;21.895050492161317;0.22227995830013328;21.561673859581788;22.228427124740847
822;31.50;13.50;True;False;False;False;466;27.50;5.50;True;False;False;False;1;15.330846268514506;0;15.330846268514506;15.330846268514506
822;31.50;13.50;True;False;False;False;471;32.50;5.50;True;False;False;False;3;12.745672888559662;0.006640267851430022;12.651705844964454;12.796888890707123
822;31.50;13.50;True;False;False;False;473;34.50;5.50;True;False;False;False;1;14.378337331517287;0;14.378337331517287;14.378337331517287
822;31.50;13.50;True;False;False;False;474;35.50;5.50;True;False;False;False;1;15.531670664891863;0;15.531670664891863;15.531670664891863
822;31.50;13.50;True;False;False;False;475;36.50;5.50;True;False;False;False;1;15.949641611474362;0;15.949641611474362;15.949641611474362
822;31.50;13.50;True;False;False;False;476;37.50;5.50;True;False;False;False;2;16.98394285475524;0.015293758289508358;16.896496418894458;17.071389290616025
822;31.50;13.50;True;False;False;False;478;39.50;5.50;True;False;False;False;1;19.02990940332802;0;19.02990940332802;19.02990940332802
822;31.50;13.50;True;False;False;False;479;40.50;5.50;True;False;False;False;2;22.11708672892928;22.3452181428996;18.774541430590034;25.459632027268526
822;31.50;13.50;True;False;False;False;480;41.50;5.50;True;False;False;False;1;20.50517639170721;0;20.50517639170721;20.50517639170721
822;31.50;13.50;True;False;False;False;483;44.50;5.50;True;False;False;False;1;21.78083692977816;0;21.78083692977816;21.78083692977816
822;31.50;13.50;True;False;False;False;484;45.50;5.50;True;False;False;False;1;22.918430319484287;0;22.918430319484287;22.918430319484287
822;31.50;13.50;True;False;False;False;485;46.50;5.50;True;False;False;False;1;22.85221822404128;0;22.85221822404128;22.85221822404128
822;31.50;13.50;True;False;False;False;486;47.50;5.50;True;False;False;False;1;23.189440446247318;0;23.189440446247318;23.189440446247318
822;31.50;13.50;True;False;False;False;488;49.50;5.50;True;False;False;False;1;24.444965141397915;0;24.444965141397915;24.444965141397915
822;31.50;13.50;True;False;False;False;489;50.50;5.50;True;False;False;False;2;27.34666546150038;9.72891888855894;25.14111350240273;29.552217420598026
822;31.50;13.50;True;False;False;False;490;51.50;5.50;True;False;False;False;1;26.080836929797442;0;26.080836929797442;26.080836929797442
822;31.50;13.50;True;False;False;False;491;52.50;5.50;True;False;False;False;2;27.936900743477054;0.2184714173759249;27.606392485353354;28.267409001600754
822;31.50;13.50;True;False;False;False;536;9.50;7.50;True;False;False;False;1;26.087409805044445;0;26.087409805044445;26.087409805044445
822;31.50;13.50;True;False;False;False;541;14.50;7.50;True;False;False;False;1;22.502409805045318;0;22.502409805045318;22.502409805045318
822;31.50;13.50;True;False;False;False;544;17.50;7.50;True;False;False;False;1;24.653524110879516;0;24.653524110879516;24.653524110879516
822;31.50;13.50;True;False;False;False;547;20.50;7.50;True;False;False;False;1;19.056111111105565;0;19.056111111105565;19.056111111105565
822;31.50;13.50;True;False;False;False;548;21.50;7.50;True;False;False;False;1;19.581111111112477;0;19.581111111112477;19.581111111112477
822;31.50;13.50;True;False;False;False;561;34.50;7.50;True;False;False;False;2;15.421807353788608;10.782383051246638;13.099913401511003;17.743701306066214
822;31.50;13.50;True;False;False;False;562;35.50;7.50;True;False;False;False;1;14.58686570500322;0;14.58686570500322;14.58686570500322
822;31.50;13.50;True;False;False;False;563;36.50;7.50;True;False;False;False;3;15.151329957739412;0.060730332129498674;14.872222222224082;15.338888888887595
822;31.50;13.50;True;False;False;False;564;37.50;7.50;True;False;False;False;1;15.367121237890387;0;15.367121237890387;15.367121237890387
822;31.50;13.50;True;False;False;False;566;39.50;7.50;True;False;False;False;1;17.992500401720463;0;17.992500401720463;17.992500401720463
822;31.50;13.50;True;False;False;False;567;40.50;7.50;True;False;False;False;5;19.54790008174741;2.0894115865670697;18.2126639954231;21.48953423767307
822;31.50;13.50;True;False;False;False;568;41.50;7.50;True;False;False;False;3;22.26287050427345;47.82775849372729;18.14222941512344;30.247125236070133
822;31.50;13.50;True;False;False;False;569;42.50;7.50;True;False;False;False;4;19.130534508512483;0.1619828865073718;18.73685424949508;19.619821216974742
822;31.50;13.50;True;False;False;False;571;44.50;7.50;True;False;False;False;2;20.55101891706363;0.26536844988720276;20.186760458076606;20.915277376050653
822;31.50;13.50;True;False;False;False;572;45.50;7.50;True;False;False;False;3;22.632930634244076;6.142980570127819;21.07851372323057;25.491201707788605
822;31.50;13.50;True;False;False;False;573;46.50;7.50;True;False;False;False;4;22.652641887531445;3.798849236681404;20.55555555555111;25.051034900294326
822;31.50;13.50;True;False;False;False;574;47.50;7.50;True;False;False;False;4;24.298937644218995;9.963589966573071;22.03552997864972;28.89854354390627
822;31.50;13.50;True;False;False;False;586;15.50;8.50;True;False;False;False;1;28.07203144466257;0;28.07203144466257;28.07203144466257
822;31.50;13.50;True;False;False;False;593;22.50;8.50;True;False;False;False;1;16.334871349985406;0;16.334871349985406;16.334871349985406
822;31.50;13.50;True;False;False;False;598;27.50;8.50;True;False;False;False;1;12.893718083192653;0;12.893718083192653;12.893718083192653
822;31.50;13.50;True;False;False;False;605;34.50;8.50;True;False;False;False;1;19.95046576231107;0;19.95046576231107;19.95046576231107
822;31.50;13.50;True;False;False;False;606;35.50;8.50;True;False;False;False;1;13.867965360594098;0;13.867965360594098;13.867965360594098
822;31.50;13.50;True;False;False;False;607;36.50;8.50;True;False;False;False;1;14.753427124742302;0;14.753427124742302;14.753427124742302
822;31.50;13.50;True;False;False;False;611;40.50;8.50;True;False;False;False;2;16.377424994294415;0.3370959579562528;15.966879041960055;16.787970946628775
822;31.50;13.50;True;False;False;False;612;41.50;8.50;True;False;False;False;1;18.35324354009208;0;18.35324354009208;18.35324354009208
822;31.50;13.50;True;False;False;False;615;44.50;8.50;True;False;False;False;4;19.91946589796771;1.899992132820409;18.755824150843182;21.82703463940561
822;31.50;13.50;True;False;False;False;618;47.50;8.50;True;False;False;False;1;21.549710629376932;0;21.549710629376932;21.549710629376932
822;31.50;13.50;True;False;False;False;620;49.50;8.50;True;False;False;False;1;23.184190482308622;0;23.184190482308622;23.184190482308622
822;31.50;13.50;True;False;False;False;621;50.50;8.50;True;False;False;False;1;23.263989873221362;0;23.263989873221362;23.263989873221362
822;31.50;13.50;True;False;False;False;623;52.50;8.50;True;False;False;False;3;28.163360151504094;12.280565736374825;24.529535041117924;31.52204183231879
822;31.50;13.50;True;False;False;False;676;17.50;10.50;True;False;False;False;1;19.00620490252186;0;19.00620490252186;19.00620490252186
822;31.50;13.50;True;False;False;False;681;22.50;10.50;True;False;False;False;1;22.3926011405365;0;22.3926011405365;22.3926011405365
822;31.50;13.50;True;False;False;False;684;25.50;10.50;True;False;False;False;1;12.387590194950462;0;12.387590194950462;12.387590194950462
822;31.50;13.50;True;False;False;False;686;27.50;10.50;True;False;False;False;2;11.848194645305284;0.5757245437361573;11.31166666666104;12.384722623949528
822;31.50;13.50;True;False;False;False;689;30.50;10.50;True;False;False;False;1;9.03398268030287;0;9.03398268030287;9.03398268030287
822;31.50;13.50;True;False;False;False;690;31.50;10.50;True;False;False;False;2;7.24951605240949;5.995210441448658;5.518156696087317;8.980875408731663
822;31.50;13.50;True;False;False;False;691;32.50;10.50;True;False;False;False;1;8.945735945457272;0;8.945735945457272;8.945735945457272
822;31.50;13.50;True;False;False;False;693;34.50;10.50;True;False;False;False;1;10.420642957493328;0;10.420642957493328;10.420642957493328
822;31.50;13.50;True;False;False;False;698;39.50;10.50;True;False;False;False;1;15.09907647170985;0;15.09907647170985;15.09907647170985
822;31.50;13.50;True;False;False;False;701;42.50;10.50;True;False;False;False;1;16.32722861169168;0;16.32722861169168;16.32722861169168
822;31.50;13.50;True;False;False;False;703;44.50;10.50;True;False;False;False;1;18.01378151508834;0;18.01378151508834;18.01378151508834
822;31.50;13.50;True;False;False;False;706;47.50;10.50;True;False;False;False;3;21.691341684423605;4.320553252404809;20.15170903965918;24.05574313836405
822;31.50;13.50;True;False;False;False;708;49.50;10.50;True;False;False;False;1;26.06676126153343;0;26.06676126153343;26.06676126153343
822;31.50;13.50;True;False;False;False;709;50.50;10.50;True;False;False;False;3;27.45336761560308;59.931518660947575;21.17935065302845;36.10481641535807
822;31.50;13.50;True;False;False;False;710;51.50;10.50;True;False;False;False;1;23.293328531712177;0;23.293328531712177;23.293328531712177
822;31.50;13.50;True;False;False;False;711;52.50;10.50;True;False;False;False;4;23.83653999198691;0.3136341828035248;23.360590829996;24.634463612865147
822;31.50;13.50;True;False;False;False;724;21.50;11.50;True;False;False;False;1;15.935003194736055;0;15.935003194736055;15.935003194736055
822;31.50;13.50;True;False;False;False;725;22.50;11.50;True;False;False;False;1;14.158333333325572;0;14.158333333325572;14.158333333325572
822;31.50;13.50;True;False;False;False;728;25.50;11.50;True;False;False;False;1;12.011858247677083;0;12.011858247677083;12.011858247677083
822;31.50;13.50;True;False;False;False;732;29.50;11.50;True;False;False;False;1;9.586944846171718;0;9.586944846171718;9.586944846171718
822;31.50;13.50;True;False;False;False;735;32.50;11.50;True;False;False;False;3;8.466578735448214;0.30225058075909755;7.8950000000022555;8.991583262909444
822;31.50;13.50;True;False;False;False;737;34.50;11.50;True;False;False;False;1;10.553055957283505;0;10.553055957283505;10.553055957283505
822;31.50;13.50;True;False;False;False;740;37.50;11.50;True;False;False;False;2;12.407318012732503;0.12444625472074332;12.157872372641577;12.656763652823429
822;31.50;13.50;True;False;False;False;742;39.50;11.50;True;False;False;False;1;15.20111430585348;0;15.20111430585348;15.20111430585348
822;31.50;13.50;True;False;False;False;743;40.50;11.50;True;False;False;False;1;17.173059152009955;0;17.173059152009955;17.173059152009955
822;31.50;13.50;True;False;False;False;745;42.50;11.50;True;False;False;False;1;20.80028298111938;0;20.80028298111938;20.80028298111938
822;31.50;13.50;True;False;False;False;747;44.50;11.50;True;False;False;False;1;17.88611111110731;0;17.88611111110731;17.88611111110731
822;31.50;13.50;True;False;False;False;748;45.50;11.50;True;False;False;False;2;22.69950053215416;40.68621590868691;18.189167068390816;27.209833995917506
822;31.50;13.50;True;False;False;False;749;46.50;11.50;True;False;False;False;2;18.18999600180905;0.018867551990122175;18.092868374456884;18.287123629161215
822;31.50;13.50;True;False;False;False;750;47.50;11.50;True;False;False;False;3;19.264373920462578;0.27300669599014044;18.68916067891041;19.709632027268526
822;31.50;13.50;True;False;False;False;752;49.50;11.50;True;False;False;False;5;20.465329009995184;0.5289997924636257;19.908070588597184;21.726811612024903
822;31.50;13.50;True;False;False;False;753;50.50;11.50;True;False;False;False;1;21.40750359645972;0;21.40750359645972;21.40750359645972
822;31.50;13.50;True;False;False;False;754;51.50;11.50;True;False;False;False;2;22.939818159414244;0.014894428386546976;22.85352091616005;23.026115402668438
822;31.50;13.50;True;False;False;False;800;9.50;13.50;True;False;False;False;1;26.161864637153485;0;26.161864637153485;26.161864637153485
822;31.50;13.50;True;False;False;False;805;14.50;13.50;True;False;False;False;1;24.1661998743366;0;24.1661998743366;24.1661998743366
822;31.50;13.50;True;False;False;False;813;22.50;13.50;True;False;False;False;1;25.952510789389635;0;25.952510789389635;25.952510789389635
822;31.50;13.50;True;False;False;False;815;24.50;13.50;True;False;False;False;1;7.716858247674281;0;7.716858247674281;7.716858247674281
822;31.50;13.50;True;False;False;False;817;26.50;13.50;True;False;False;False;1;15.664705043367576;0;15.664705043367576;15.664705043367576
822;31.50;13.50;True;False;False;False;820;29.50;13.50;True;False;False;False;1;11.518419931828248;0;11.518419931828248;11.518419931828248
822;31.50;13.50;True;False;False;False;823;32.50;13.50;True;False;False;False;1;3.4002773760366836;0;3.4002773760366836;3.4002773760366836
822;31.50;13.50;True;False;False;False;825;34.50;13.50;True;False;False;False;3;5.771511948186041;0.0007985503466988929;5.749348261742853;5.803333333329647
822;31.50;13.50;True;False;False;False;826;35.50;13.50;True;False;False;False;1;6.467316013644449;0;6.467316013644449;6.467316013644449
822;31.50;13.50;True;False;False;False;827;36.50;13.50;True;False;False;False;2;7.586903536483078;0.23076679051343799;7.247222222224082;7.926584850742074
822;31.50;13.50;True;False;False;False;828;37.50;13.50;True;False;False;False;1;7.866666666668607;0;7.866666666668607;7.866666666668607
822;31.50;13.50;True;False;False;False;830;39.50;13.50;True;False;False;False;2;9.725086598486541;0.010270160353924812;9.653427124744667;9.796746072228416
822;31.50;13.50;True;False;False;False;831;40.50;13.50;True;False;False;False;1;11.24805195909721;0;11.24805195909721;11.24805195909721
822;31.50;13.50;True;False;False;False;832;41.50;13.50;True;False;False;False;4;14.237337065431348;19.84789984234398;10.315184388095076;18.36490701202638
822;31.50;13.50;True;False;False;False;833;42.50;13.50;True;False;False;False;3;11.18016465870005;0.6590834202910403;10.484838239652163;12.072322403110775
822;31.50;13.50;True;False;False;False;835;44.50;13.50;True;False;False;False;1;12.63904528979765;0;12.63904528979765;12.63904528979765
822;31.50;13.50;True;False;False;False;836;45.50;13.50;True;False;False;False;3;14.613356332971307;3.964830255701769;13.439603236596668;16.912412196319565
822;31.50;13.50;True;False;False;False;837;46.50;13.50;True;False;False;False;1;14.350458569391776;0;14.350458569391776;14.350458569391776
822;31.50;13.50;True;False;False;False;838;47.50;13.50;True;False;False;False;3;15.2238276940058;0.8846890345879477;14.312222222223681;16.19092352827647
822;31.50;13.50;True;False;False;False;840;49.50;13.50;True;False;False;False;4;19.521979624704954;49.14706516629713;15.601020514433912;30.027183356786736
822;31.50;13.50;True;False;False;False;841;50.50;13.50;True;False;False;False;6;16.904546895413965;0.25804789879596246;16.411303250055425;17.887409805043717
822;31.50;13.50;True;False;False;False;842;51.50;13.50;True;False;False;False;2;22.556989742784026;50.69216585044218;17.522500401726575;27.591479083841477
822;31.50;13.50;True;False;False;False;843;52.50;13.50;True;False;False;False;3;20.73269030035711;25.524757759625235;17.672129234259046;26.564073276982526
822;31.50;13.50;True;False;False;False;855;20.50;14.50;True;False;False;False;1;15.400649346971477;0;15.400649346971477;15.400649346971477
822;31.50;13.50;True;False;False;False;866;31.50;14.50;True;False;False;False;1;4.3633333333345945;0;4.3633333333345945;4.3633333333345945
822;31.50;13.50;True;False;False;False;872;37.50;14.50;True;False;False;False;1;11.776391681880341;0;11.776391681880341;11.776391681880341
822;31.50;13.50;True;False;False;False;876;41.50;14.50;True;False;False;False;1;14.165187582824728;0;14.165187582824728;14.165187582824728
822;31.50;13.50;True;False;False;False;877;42.50;14.50;True;False;False;False;2;14.328636016772634;0.02026787558390997;14.227968555336702;14.429303478208567
822;31.50;13.50;True;False;False;False;879;44.50;14.50;True;False;False;False;1;16.33434745829436;0;16.33434745829436;16.33434745829436
822;31.50;13.50;True;False;False;False;880;45.50;14.50;True;False;False;False;3;19.311390005865178;4.023091952918526;17.791950990116675;21.584903013852454
822;31.50;13.50;True;False;False;False;885;50.50;14.50;True;False;False;False;1;23.022778581223974;0;23.022778581223974;23.022778581223974
822;31.50;13.50;True;False;False;False;887;52.50;14.50;True;False;False;False;2;22.442726080428656;7.223116843946939;20.542316013634263;24.34313614722305
822;31.50;13.50;True;False;False;False;932;9.50;16.50;True;False;False;False;1;24.185367972728272;0;24.185367972728272;24.185367972728272
822;31.50;13.50;True;False;False;False;940;17.50;16.50;True;False;False;False;1;18.035652541693707;0;18.035652541693707;18.035652541693707
822;31.50;13.50;True;False;False;False;952;29.50;16.50;True;False;False;False;1;11.015743138385005;0;11.015743138385005;11.015743138385005
822;31.50;13.50;True;False;False;False;960;37.50;16.50;True;False;False;False;1;12.795703676523772;0;12.795703676523772;12.795703676523772
822;31.50;13.50;True;False;False;False;962;39.50;16.50;True;False;False;False;1;14.540552360816946;0;14.540552360816946;14.540552360816946
822;31.50;13.50;True;False;False;False;965;42.50;16.50;True;False;False;False;3;16.778457055819064;0.0952006480064087;16.422222222221535;16.961391681894384
822;31.50;13.50;True;False;False;False;968;45.50;16.50;True;False;False;False;1;22.56342712474634;0;22.56342712474634;22.56342712474634
822;31.50;13.50;True;False;False;False;969;46.50;16.50;True;False;False;False;3;19.446685239696308;0.5620008353758602;18.62777777777592;20.099128192607168
822;31.50;13.50;True;False;False;False;970;47.50;16.50;True;False;False;False;1;20.251111111107093;0;20.251111111107093;20.251111111107093
822;31.50;13.50;True;False;False;False;972;49.50;16.50;True;False;False;False;1;21.59953823585238;0;21.59953823585238;21.59953823585238
822;31.50;13.50;True;False;False;False;975;52.50;16.50;True;False;False;False;2;23.462121639614452;0.0024373889768937304;23.42721183456706;23.497031444661843
822;31.50;13.50;True;False;False;False;976;9.50;17.50;True;False;False;False;1;24.489544625346753;0;24.489544625346753;24.489544625346753
822;31.50;13.50;True;False;False;False;981;14.50;17.50;True;False;False;False;2;24.212848785295137;12.169692001461062;21.746100723426935;26.67959684716334
822;31.50;13.50;True;False;False;False;991;24.50;17.50;True;False;False;False;1;14.673717298765041;0;14.673717298765041;14.673717298765041
822;31.50;13.50;True;False;False;False;998;31.50;17.50;True;False;False;False;1;17.7728715691901;0;17.7728715691901;17.7728715691901
822;31.50;13.50;True;False;False;False;999;32.50;17.50;True;False;False;False;2;14.111448171339362;33.584425827602594;10.013617902306578;18.209278440372145
822;31.50;13.50;True;False;False;False;1004;37.50;17.50;True;False;False;False;1;14.142594193133846;0;14.142594193133846;14.142594193133846
822;31.50;13.50;True;False;False;False;1007;40.50;17.50;True;False;False;False;3;15.806659735197778;0.07058906847275805;15.621732470757706;16.11111510929186
822;31.50;13.50;True;False;False;False;1008;41.50;17.50;True;False;False;False;1;17.563427124736336;0;17.563427124736336;17.563427124736336
822;31.50;13.50;True;False;False;False;1009;42.50;17.50;True;False;False;False;1;17.691681052518106;0;17.691681052518106;17.691681052518106
822;31.50;13.50;True;False;False;False;1011;44.50;17.50;True;False;False;False;2;19.29643521723483;0.09113875939141101;19.082965360590606;19.509905073879054
822;31.50;13.50;True;False;False;False;1013;46.50;17.50;True;False;False;False;1;20.228795097478724;0;20.228795097478724;20.228795097478724
822;31.50;13.50;True;False;False;False;1014;47.50;17.50;True;False;False;False;1;20.78907966645238;0;20.78907966645238;20.78907966645238
822;31.50;13.50;True;False;False;False;1016;49.50;17.50;True;False;False;False;6;22.57751136591302;0.09864244376829097;22.139818003211985;22.95787476391706
822;31.50;13.50;True;False;False;False;1017;50.50;17.50;True;False;False;False;1;24.160368776181713;0;24.160368776181713;24.160368776181713
822;31.50;13.50;True;False;False;False;1018;51.50;17.50;True;False;False;False;3;25.025530076561154;0.046344208296941004;24.790646152228874;25.213444479189093
822;31.50;13.50;True;False;False;False;1019;52.50;17.50;True;False;False;False;1;24.462223025653657;0;24.462223025653657;24.462223025653657
822;31.50;13.50;True;False;False;False;1077;22.50;19.50;True;False;False;False;1;18;0;18;18
822;31.50;13.50;True;False;False;False;1080;25.50;19.50;True;False;False;False;1;15.786760458078788;0;15.786760458078788;15.786760458078788
822;31.50;13.50;True;False;False;False;1092;37.50;19.50;True;False;False;False;2;15.630717150272176;0.2383404077039046;15.285506774049281;15.97592752649507
822;31.50;13.50;True;False;False;False;1094;39.50;19.50;True;False;False;False;1;22.29166666666788;0;22.29166666666788;22.29166666666788
822;31.50;13.50;True;False;False;False;1095;40.50;19.50;True;False;False;False;1;17.82990620858618;0;17.82990620858618;17.82990620858618
822;31.50;13.50;True;False;False;False;1097;42.50;19.50;True;False;False;False;1;18.434799619157275;0;18.434799619157275;18.434799619157275
822;31.50;13.50;True;False;False;False;1099;44.50;19.50;True;False;False;False;3;20.402440003939166;0.09758365382579018;20.057041832315008;20.66518758282473
822;31.50;13.50;True;False;False;False;1101;46.50;19.50;True;False;False;False;1;20.94890805727846;0;20.94890805727846;20.94890805727846
822;31.50;13.50;True;False;False;False;1104;49.50;19.50;True;False;False;False;1;25.93185424949388;0;25.93185424949388;25.93185424949388
822;31.50;13.50;True;False;False;False;1105;50.50;19.50;True;False;False;False;1;34.294080469910114;0;34.294080469910114;34.294080469910114
822;31.50;13.50;True;False;False;False;1106;51.50;19.50;True;False;False;False;5;29.038756945773095;29.229485288316706;24.581944846177066;36.10667385958823
822;31.50;13.50;True;False;False;False;1107;52.50;19.50;True;False;False;False;1;30.820610971977658;0;30.820610971977658;30.820610971977658
822;31.50;13.50;True;False;False;False;1109;10.50;20.50;True;False;False;False;1;25.814538235852524;0;25.814538235852524;25.814538235852524
822;31.50;13.50;True;False;False;False;1115;16.50;20.50;True;False;False;False;1;22.383607514639152;0;22.383607514639152;22.383607514639152
822;31.50;13.50;True;False;False;False;1134;35.50;20.50;True;False;False;False;1;14.222777777775264;0;14.222777777775264;14.222777777775264
822;31.50;13.50;True;False;False;False;1136;37.50;20.50;True;False;False;False;1;17.451398071367294;0;17.451398071367294;17.451398071367294
822;31.50;13.50;True;False;False;False;1138;39.50;20.50;True;False;False;False;1;17.29426005634923;0;17.29426005634923;17.29426005634923
822;31.50;13.50;True;False;False;False;1139;40.50;20.50;True;False;False;False;1;18.42166347192324;0;18.42166347192324;18.42166347192324
822;31.50;13.50;True;False;False;False;1140;41.50;20.50;True;False;False;False;1;19.708388248993288;0;19.708388248993288;19.708388248993288
822;31.50;13.50;True;False;False;False;1148;49.50;20.50;True;False;False;False;2;27.694114978841753;24.175002159576874;24.217406610314356;31.17082334736915
822;31.50;13.50;True;False;False;False;1151;52.50;20.50;True;False;False;False;2;25.97479657574695;0.00023795526524347953;25.963888888887595;25.985704262606305
822;31.50;13.50;True;False;False;False;1214;27.50;22.50;True;False;False;False;1;15.839538235855798;0;15.839538235855798;15.839538235855798
822;31.50;13.50;True;False;False;False;1219;32.50;22.50;True;False;False;False;1;13.561111111106584;0;13.561111111106584;13.561111111106584
822;31.50;13.50;True;False;False;False;1224;37.50;22.50;True;False;False;False;1;18.003795097472903;0;18.003795097472903;18.003795097472903
822;31.50;13.50;True;False;False;False;1228;41.50;22.50;True;False;False;False;1;19.32259738787434;0;19.32259738787434;19.32259738787434
822;31.50;13.50;True;False;False;False;1234;47.50;22.50;True;False;False;False;1;24.39351772142618;0;24.39351772142618;24.39351772142618
822;31.50;13.50;True;False;False;False;1236;49.50;22.50;True;False;False;False;2;25.197918464897157;0.008342478438734022;25.133333333331393;25.26250359646292
822;31.50;13.50;True;False;False;False;1275;44.50;23.50;True;False;False;False;2;23.30344975161097;0.06826397627047243;23.1187013060553;23.48819819716664
822;31.50;13.50;True;False;False;False;1280;49.50;23.50;True;False;False;False;1;26.934486495967576;0;26.934486495967576;26.934486495967576
822;31.50;13.50;True;False;False;False;1281;50.50;23.50;True;False;False;False;2;26.918284840258366;0.022576511166213717;26.81203863758219;27.02453104293454
822;31.50;13.50;True;False;False;False;1334;15.50;25.50;True;False;False;False;1;26.762312015445787;0;26.762312015445787;26.762312015445787
822;31.50;13.50;True;False;False;False;1365;46.50;25.50;True;False;False;False;1;25.326298693937133;0;25.326298693937133;25.326298693937133
822;31.50;13.50;True;False;False;False;1370;51.50;25.50;True;False;False;False;2;30.618052360816364;8.097376303265191;28.605917138811492;32.630187582821236
822;31.50;13.50;True;False;False;False;1408;45.50;26.50;True;False;False;False;1;26.256569680514076;0;26.256569680514076;26.256569680514076
822;31.50;13.50;True;False;False;False;1414;51.50;26.50;True;False;False;False;1;30.02120170778653;0;30.02120170778653;30.02120170778653
823;32.50;13.50;True;False;False;False;12;61.50;3.50;False;False;True;False;3;156.52397656820904;5388.969698446105;99.13342632131025;239.24436858384797
823;32.50;13.50;True;False;False;False;28;61.50;9.50;False;False;True;False;4;82.67982332928568;150.21232509620646;70.62328160257312;94.90629628357055
823;32.50;13.50;True;False;False;False;44;61.50;15.50;False;False;True;False;1;89.07361151282566;0;89.07361151282566;89.07361151282566
823;32.50;13.50;True;False;False;False;60;61.50;21.50;False;False;True;False;1;120.15534758503418;0;120.15534758503418;120.15534758503418
823;32.50;13.50;True;False;False;False;92;0.50;12.50;False;True;False;False;1;265.9545398427598;0;265.9545398427598;265.9545398427598
823;32.50;13.50;True;False;False;False;348;41.50;2.50;True;False;False;False;1;21.336111111109858;0;21.336111111109858;21.336111111109858
823;32.50;13.50;True;False;False;False;437;42.50;4.50;True;False;False;False;1;27.92454223403729;0;27.92454223403729;27.92454223403729
823;32.50;13.50;True;False;False;False;439;44.50;4.50;True;False;False;False;1;21.448345327892184;0;21.448345327892184;21.448345327892184
823;32.50;13.50;True;False;False;False;447;52.50;4.50;True;False;False;False;1;28.495552360815054;0;28.495552360815054;28.495552360815054
823;32.50;13.50;True;False;False;False;466;27.50;5.50;True;False;False;False;1;16.545093791412;0;16.545093791412;16.545093791412
823;32.50;13.50;True;False;False;False;469;30.50;5.50;True;False;False;False;1;13.705464174496228;0;13.705464174496228;13.705464174496228
823;32.50;13.50;True;False;False;False;474;35.50;5.50;True;False;False;False;1;14.882033835945094;0;14.882033835945094;14.882033835945094
823;32.50;13.50;True;False;False;False;479;40.50;5.50;True;False;False;False;1;18.200555555555184;0;18.200555555555184;18.200555555555184
823;32.50;13.50;True;False;False;False;483;44.50;5.50;True;False;False;False;1;22;0;22;22
823;32.50;13.50;True;False;False;False;484;45.50;5.50;True;False;False;False;2;21.647916867526874;0.0051398941257846074;21.59722222221899;21.69861151283476
823;32.50;13.50;True;False;False;False;489;50.50;5.50;True;False;False;False;1;25.84131343948593;0;25.84131343948593;25.84131343948593
823;32.50;13.50;True;False;False;False;490;51.50;5.50;True;False;False;False;1;28.419874242163587;0;28.419874242163587;28.419874242163587
823;32.50;13.50;True;False;False;False;553;26.50;7.50;True;False;False;False;1;15.710177195156575;0;15.710177195156575;15.710177195156575
823;32.50;13.50;True;False;False;False;563;36.50;7.50;True;False;False;False;1;14.719632027270563;0;14.719632027270563;14.719632027270563
823;32.50;13.50;True;False;False;False;564;37.50;7.50;True;False;False;False;1;15.147208639817109;0;15.147208639817109;15.147208639817109
823;32.50;13.50;True;False;False;False;566;39.50;7.50;True;False;False;False;1;15.291675533366288;0;15.291675533366288;15.291675533366288
823;32.50;13.50;True;False;False;False;571;44.50;7.50;True;False;False;False;1;19.50833333333412;0;19.50833333333412;19.50833333333412
823;32.50;13.50;True;False;False;False;572;45.50;7.50;True;False;False;False;2;20.58417026312418;0.2724348839482841;20.215093791408435;20.953246734839922
823;32.50;13.50;True;False;False;False;574;47.50;7.50;True;False;False;False;1;21.730371167457633;0;21.730371167457633;21.730371167457633
823;32.50;13.50;True;False;False;False;577;50.50;7.50;True;False;False;False;1;22.801840667096258;0;22.801840667096258;22.801840667096258
823;32.50;13.50;True;False;False;False;608;37.50;8.50;True;False;False;False;2;14.030277777777997;0.13674638419563762;13.768795097476186;14.291760458079807
823;32.50;13.50;True;False;False;False;618;47.50;8.50;True;False;False;False;1;22.24227797180356;0;22.24227797180356;22.24227797180356
823;32.50;13.50;True;False;False;False;691;32.50;10.50;True;False;False;False;1;7.417961362411006;0;7.417961362411006;7.417961362411006
823;32.50;13.50;True;False;False;False;703;44.50;10.50;True;False;False;False;1;16.790551557367507;0;16.790551557367507;16.790551557367507
823;32.50;13.50;True;False;False;False;706;47.50;10.50;True;False;False;False;3;19.57534576385399;0.19921382862043313;19.157777777777824;20.045743138380203
823;32.50;13.50;True;False;False;False;734;31.50;11.50;True;False;False;False;1;7.609902210395376;0;7.609902210395376;7.609902210395376
823;32.50;13.50;True;False;False;False;742;39.50;11.50;True;False;False;False;1;15.55288302470126;0;15.55288302470126;15.55288302470126
823;32.50;13.50;True;False;False;False;743;40.50;11.50;True;False;False;False;1;13.822316013636737;0;13.822316013636737;13.822316013636737
823;32.50;13.50;True;False;False;False;747;44.50;11.50;True;False;False;False;2;20.280807868895067;26.027126826249948;16.673376176800957;23.888239560989177
823;32.50;13.50;True;False;False;False;748;45.50;11.50;True;False;False;False;1;17.05231601361811;0;17.05231601361811;17.05231601361811
823;32.50;13.50;True;False;False;False;749;46.50;11.50;True;False;False;False;1;20.13611111110731;0;20.13611111110731;20.13611111110731
823;32.50;13.50;True;False;False;False;752;49.50;11.50;True;False;False;False;2;20.294907012035765;0.05667168123526982;20.126574482150318;20.46323954192121
823;32.50;13.50;True;False;False;False;820;29.50;13.50;True;False;False;False;1;25.74388888889007;0;25.74388888889007;25.74388888889007
823;32.50;13.50;True;False;False;False;821;30.50;13.50;True;False;False;False;1;5.337409001600463;0;5.337409001600463;5.337409001600463
823;32.50;13.50;True;False;False;False;822;31.50;13.50;True;False;False;False;1;3.59101731969713;0;3.59101731969713;3.59101731969713
823;32.50;13.50;True;False;False;False;831;40.50;13.50;True;False;False;False;1;22.35658006817539;0;22.35658006817539;22.35658006817539
823;32.50;13.50;True;False;False;False;835;44.50;13.50;True;False;False;False;1;16.623707695535813;0;16.623707695535813;16.623707695535813
823;32.50;13.50;True;False;False;False;836;45.50;13.50;True;False;False;False;1;12.482691179286121;0;12.482691179286121;12.482691179286121
823;32.50;13.50;True;False;False;False;840;49.50;13.50;True;False;False;False;1;15.484076471713706;0;15.484076471713706;15.484076471713706
823;32.50;13.50;True;False;False;False;841;50.50;13.50;True;False;False;False;1;15.782702332255894;0;15.782702332255894;15.782702332255894
823;32.50;13.50;True;False;False;False;842;51.50;13.50;True;False;False;False;1;16.24416626493985;0;16.24416626493985;16.24416626493985
823;32.50;13.50;True;False;False;False;864;29.50;14.50;True;False;False;False;3;9.67731777480185;0.5747736683915341;9.209538235856598;10.552035442855413
823;32.50;13.50;True;False;False;False;870;35.50;14.50;True;False;False;False;1;10.05194884435673;0;10.05194884435673;10.05194884435673
823;32.50;13.50;True;False;False;False;872;37.50;14.50;True;False;False;False;1;11.350653345150931;0;11.350653345150931;11.350653345150931
823;32.50;13.50;True;False;False;False;875;40.50;14.50;True;False;False;False;1;12.629899015661067;0;12.629899015661067;12.629899015661067
823;32.50;13.50;True;False;False;False;879;44.50;14.50;True;False;False;False;1;14.984256861618633;0;14.984256861618633;14.984256861618633
823;32.50;13.50;True;False;False;False;881;46.50;14.50;True;False;False;False;1;17.2102734160037;0;17.2102734160037;17.2102734160037
823;32.50;13.50;True;False;False;False;885;50.50;14.50;True;False;False;False;1;19.756854249500975;0;19.756854249500975;19.756854249500975
823;32.50;13.50;True;False;False;False;886;51.50;14.50;True;False;False;False;1;19.029538235855398;0;19.029538235855398;19.029538235855398
823;32.50;13.50;True;False;False;False;887;52.50;14.50;True;False;False;False;1;20.833888888890215;0;20.833888888890215;20.833888888890215
823;32.50;13.50;True;False;False;False;957;34.50;16.50;True;False;False;False;1;10.490628959269088;0;10.490628959269088;10.490628959269088
823;32.50;13.50;True;False;False;False;960;37.50;16.50;True;False;False;False;1;12.984058087695303;0;12.984058087695303;12.984058087695303
823;32.50;13.50;True;False;False;False;963;40.50;16.50;True;False;False;False;1;14.401486276765354;0;14.401486276765354;14.401486276765354
823;32.50;13.50;True;False;False;False;967;44.50;16.50;True;False;False;False;1;17.437780972513337;0;17.437780972513337;17.437780972513337
823;32.50;13.50;True;False;False;False;999;32.50;17.50;True;False;False;False;1;6.249434841200127;0;6.249434841200127;6.249434841200127
823;32.50;13.50;True;False;False;False;1001;34.50;17.50;True;False;False;False;1;11.757034639396466;0;11.757034639396466;11.757034639396466
823;32.50;13.50;True;False;False;False;1011;44.50;17.50;True;False;False;False;2;18.729820446977783;0.006048410306824352;18.674827673330583;18.784813220624983
823;32.50;13.50;True;False;False;False;1016;49.50;17.50;True;False;False;False;2;20.910806149477935;0.20690339696443047;20.58916706839136;21.232445230564508
823;32.50;13.50;True;False;False;False;1017;50.50;17.50;True;False;False;False;1;24.30731601363277;0;24.30731601363277;24.30731601363277
823;32.50;13.50;True;False;False;False;1018;51.50;17.50;True;False;False;False;1;22.57406688750416;0;22.57406688750416;22.57406688750416
823;32.50;13.50;True;False;False;False;1019;52.50;17.50;True;False;False;False;1;24.47638929061486;0;24.47638929061486;24.47638929061486
823;32.50;13.50;True;False;False;False;1092;37.50;19.50;True;False;False;False;1;14.62046176414242;0;14.62046176414242;14.62046176414242
823;32.50;13.50;True;False;False;False;1094;39.50;19.50;True;False;False;False;1;16.091357324190767;0;16.091357324190767;16.091357324190767
823;32.50;13.50;True;False;False;False;1099;44.50;19.50;True;False;False;False;1;19.284999999999854;0;19.284999999999854;19.284999999999854
823;32.50;13.50;True;False;False;False;1100;45.50;19.50;True;False;False;False;1;19.95688887172946;0;19.95688887172946;19.95688887172946
823;32.50;13.50;True;False;False;False;1106;51.50;19.50;True;False;False;False;1;26.032520080207178;0;26.032520080207178;26.032520080207178
823;32.50;13.50;True;False;False;False;1144;45.50;20.50;True;False;False;False;1;21.200276572604707;0;21.200276572604707;21.200276572604707
823;32.50;13.50;True;False;False;False;1270;39.50;23.50;True;False;False;False;1;19.53467726582676;0;19.53467726582676;19.53467726582676
823;32.50;13.50;True;False;False;False;1273;42.50;23.50;True;False;False;False;1;21.20703463939708;0;21.20703463939708;21.20703463939708
823;32.50;13.50;True;False;False;False;1275;44.50;23.50;True;False;False;False;1;22.044444444444707;0;22.044444444444707;22.044444444444707
823;32.50;13.50;True;False;False;False;1281;50.50;23.50;True;False;False;False;1;26.747590194954682;0;26.747590194954682;26.747590194954682
823;32.50;13.50;True;False;False;False;1356;37.50;25.50;True;False;False;False;1;18.699545428779402;0;18.699545428779402;18.699545428779402
823;32.50;13.50;True;False;False;False;1371;52.50;25.50;True;False;False;False;1;29.142868374456157;0;29.142868374456157;29.142868374456157
825;34.50;13.50;True;False;False;False;28;61.50;9.50;False;False;True;False;1;97.42625927026802;0;97.42625927026802;97.42625927026802
825;34.50;13.50;True;False;False;False;44;61.50;15.50;False;False;True;False;4;111.4431820743921;95.98888605049865;99.70315968315117;121.0817828402869
825;34.50;13.50;True;False;False;False;310;47.50;1.50;True;False;False;False;1;23.934541430590798;0;23.934541430590798;23.934541430590798
825;34.50;13.50;True;False;False;False;483;44.50;5.50;True;False;False;False;1;21.138982680302092;0;21.138982680302092;21.138982680302092
825;34.50;13.50;True;False;False;False;486;47.50;5.50;True;False;False;False;1;21.42009379141288;0;21.42009379141288;21.42009379141288
825;34.50;13.50;True;False;False;False;546;19.50;7.50;True;False;False;False;1;21.848714888474206;0;21.848714888474206;21.848714888474206
825;34.50;13.50;True;False;False;False;561;34.50;7.50;True;False;False;False;1;8.453427124746192;0;8.453427124746192;8.453427124746192
825;34.50;13.50;True;False;False;False;706;47.50;10.50;True;False;False;False;1;19.454801226066706;0;19.454801226066706;19.454801226066706
825;34.50;13.50;True;False;False;False;734;31.50;11.50;True;False;False;False;1;10.744635221999488;0;10.744635221999488;10.744635221999488
825;34.50;13.50;True;False;False;False;752;49.50;11.50;True;False;False;False;1;18.553892083623964;0;18.553892083623964;18.553892083623964
825;34.50;13.50;True;False;False;False;822;31.50;13.50;True;False;False;False;2;5.568474020450594;0.015622129771294763;5.480093791407853;5.656854249493335
825;34.50;13.50;True;False;False;False;841;50.50;13.50;True;False;False;False;1;16.37639248534964;0;16.37639248534964;16.37639248534964
825;34.50;13.50;True;False;False;False;887;52.50;14.50;True;False;False;False;1;19.412961381485957;0;19.412961381485957;19.412961381485957
825;34.50;13.50;True;False;False;False;1146;47.50;20.50;True;False;False;False;1;20.962506006788317;0;20.962506006788317;20.962506006788317
826;35.50;13.50;True;False;False;False;28;61.50;9.50;False;False;True;False;2;116.52820183823013;156.34855104935014;107.68658006817714;125.36982360828313
826;35.50;13.50;True;False;False;False;44;61.50;15.50;False;False;True;False;1;83.34472262395138;0;83.34472262395138;83.34472262395138
826;35.50;13.50;True;False;False;False;60;61.50;21.50;False;False;True;False;3;88.04771977763448;301.29573138686777;75.2675067912096;107.80926405453647
826;35.50;13.50;True;False;False;False;76;0.50;6.50;False;True;False;False;2;591.1367700517912;0.005514430483422531;591.0842608598177;591.1892792437648
826;35.50;13.50;True;False;False;False;124;0.50;24.50;False;True;False;False;1;578.9547263955392;0;578.9547263955392;578.9547263955392
826;35.50;13.50;True;False;False;False;327;20.50;2.50;True;False;False;False;1;25.22102131788415;0;25.22102131788415;25.22102131788415
826;35.50;13.50;True;False;False;False;484;45.50;5.50;True;False;False;False;1;19.202777777778465;0;19.202777777778465;19.202777777778465
826;35.50;13.50;True;False;False;False;706;47.50;10.50;True;False;False;False;1;17.30583293159725;0;17.30583293159725;17.30583293159725
826;35.50;13.50;True;False;False;False;733;30.50;11.50;True;False;False;False;1;11.941572875257407;0;11.941572875257407;11.941572875257407
826;35.50;13.50;True;False;False;False;820;29.50;13.50;True;False;False;False;1;16.004906208621833;0;16.004906208621833;16.004906208621833
826;35.50;13.50;True;False;False;False;822;31.50;13.50;True;False;False;False;3;6.477436541390489;0.04193528481589731;6.24221902748468;6.616017319702223
827;36.50;13.50;True;False;False;False;12;61.50;3.50;False;False;True;False;1;112.13722302565657;0;112.13722302565657;112.13722302565657
827;36.50;13.50;True;False;False;False;28;61.50;9.50;False;False;True;False;1;68.25167066485301;0;68.25167066485301;68.25167066485301
827;36.50;13.50;True;False;False;False;44;61.50;15.50;False;False;True;False;2;134.01545977458244;586.062237867773;116.89730803632847;151.13361151283638
827;36.50;13.50;True;False;False;False;60;61.50;21.50;False;False;True;False;1;205.14391127107228;0;205.14391127107228;205.14391127107228
827;36.50;13.50;True;False;False;False;124;0.50;24.50;False;True;False;False;1;582.9383937779585;0;582.9383937779585;582.9383937779585
827;36.50;13.50;True;False;False;False;733;30.50;11.50;True;False;False;False;2;14.191477084719736;5.8958074208736555;12.474531042924355;15.908423126515117
827;36.50;13.50;True;False;False;False;820;29.50;13.50;True;False;False;False;1;8.974350653028523;0;8.974350653028523;8.974350653028523
827;36.50;13.50;True;False;False;False;821;30.50;13.50;True;False;False;False;1;14.666666666664241;0;14.666666666664241;14.666666666664241
827;36.50;13.50;True;False;False;False;841;50.50;13.50;True;False;False;False;1;17.160837733248627;0;17.160837733248627;17.160837733248627
828;37.50;13.50;True;False;False;False;12;61.50;3.50;False;False;True;False;1;128.4447788248799;0;128.4447788248799;128.4447788248799
828;37.50;13.50;True;False;False;False;28;61.50;9.50;False;False;True;False;7;103.00289300210754;1719.584425036152;60.374819610095884;175.74731362231978
828;37.50;13.50;True;False;False;False;44;61.50;15.50;False;False;True;False;1;89.75515879216618;0;89.75515879216618;89.75515879216618
828;37.50;13.50;True;False;False;False;60;61.50;21.50;False;False;True;False;2;86.84805355646222;280.55958636816126;75.00407647171232;98.69203064121211
828;37.50;13.50;True;False;False;False;76;0.50;6.50;False;True;False;False;1;577.8144012680568;0;577.8144012680568;577.8144012680568
828;37.50;13.50;True;False;False;False;474;35.50;5.50;True;False;False;False;1;13.441104721649026;0;13.441104721649026;13.441104721649026
828;37.50;13.50;True;False;False;False;734;31.50;11.50;True;False;False;False;2;14.567306150441254;15.978079535377573;11.740817203410188;17.39379509747232
828;37.50;13.50;True;False;False;False;755;52.50;11.50;True;False;False;False;1;22.097593389681606;0;22.097593389681606;22.097593389681606
828;37.50;13.50;True;False;False;False;820;29.50;13.50;True;False;False;False;1;25.98388888889076;0;25.98388888889076;25.98388888889076
828;37.50;13.50;True;False;False;False;821;30.50;13.50;True;False;False;False;1;15.228334921175701;0;15.228334921175701;15.228334921175701
828;37.50;13.50;True;False;False;False;835;44.50;13.50;True;False;False;False;1;8.883614707568995;0;8.883614707568995;8.883614707568995
828;37.50;13.50;True;False;False;False;866;31.50;14.50;True;False;False;False;1;11.438239541920666;0;11.438239541920666;11.438239541920666
828;37.50;13.50;True;False;False;False;1008;41.50;17.50;True;False;False;False;1;13.079996805254268;0;13.079996805254268;13.079996805254268
828;37.50;13.50;True;False;False;False;1019;52.50;17.50;True;False;False;False;1;20.602503596463066;0;20.602503596463066;20.602503596463066
828;37.50;13.50;True;False;False;False;1079;24.50;19.50;True;False;False;False;1;20.503694916595123;0;20.503694916595123;20.503694916595123
828;37.50;13.50;True;False;False;False;1197;10.50;22.50;True;False;False;False;1;31.89770478061473;0;31.89770478061473;31.89770478061473
830;39.50;13.50;True;False;False;False;28;61.50;9.50;False;False;True;False;8;119.00709859110219;560.767928474874;99.10797255352418;162.794164677116
830;39.50;13.50;True;False;False;False;44;61.50;15.50;False;False;True;False;4;78.87832567256805;378.12916906755476;58.28593072120566;96.45289073760796
830;39.50;13.50;True;False;False;False;60;61.50;21.50;False;False;True;False;2;73.82846922834506;227.83801856252452;63.155184388087946;84.50175406860217
830;39.50;13.50;True;False;False;False;92;0.50;12.50;False;True;False;False;1;247.5616810524989;0;247.5616810524989;247.5616810524989
830;39.50;13.50;True;False;False;False;108;0.50;18.50;False;True;False;False;1;583.6472462781603;0;583.6472462781603;583.6472462781603
830;39.50;13.50;True;False;False;False;124;0.50;24.50;False;True;False;False;1;536.4316802680878;0;536.4316802680878;536.4316802680878
830;39.50;13.50;True;False;False;False;483;44.50;5.50;True;False;False;False;1;15.766201707778237;0;15.766201707778237;15.766201707778237
830;39.50;13.50;True;False;False;False;576;49.50;7.50;True;False;False;False;1;17.866584066356154;0;17.866584066356154;17.866584066356154
830;39.50;13.50;True;False;False;False;704;45.50;10.50;True;False;False;False;1;13.1717572633479;0;13.1717572633479;13.1717572633479
830;39.50;13.50;True;False;False;False;733;30.50;11.50;True;False;False;False;1;23.22453104293527;0;23.22453104293527;23.22453104293527
830;39.50;13.50;True;False;False;False;734;31.50;11.50;True;False;False;False;1;14.558888888885122;0;14.558888888885122;14.558888888885122
830;39.50;13.50;True;False;False;False;752;49.50;11.50;True;False;False;False;1;15.808055153835085;0;15.808055153835085;15.808055153835085
830;39.50;13.50;True;False;False;False;813;22.50;13.50;True;False;False;False;1;22.38649346967395;0;22.38649346967395;22.38649346967395
830;39.50;13.50;True;False;False;False;822;31.50;13.50;True;False;False;False;1;9.872871569190465;0;9.872871569190465;9.872871569190465
830;39.50;13.50;True;False;False;False;825;34.50;13.50;True;False;False;False;1;7.044444444443798;0;7.044444444443798;7.044444444443798
830;39.50;13.50;True;False;False;False;843;52.50;13.50;True;False;False;False;1;21.94362616308399;0;21.94362616308399;21.94362616308399
830;39.50;13.50;True;False;False;False;864;29.50;14.50;True;False;False;False;1;14.355374362194198;0;14.355374362194198;14.355374362194198
830;39.50;13.50;True;False;False;False;877;42.50;14.50;True;False;False;False;1;9.580555555556202;0;9.580555555556202;9.580555555556202
830;39.50;13.50;True;False;False;False;884;49.50;14.50;True;False;False;False;1;13.281165440661425;0;13.281165440661425;13.281165440661425
830;39.50;13.50;True;False;False;False;975;52.50;16.50;True;False;False;False;1;18.87823634718643;0;18.87823634718643;18.87823634718643
830;39.50;13.50;True;False;False;False;1013;46.50;17.50;True;False;False;False;1;14.91064215404549;0;14.91064215404549;14.91064215404549
830;39.50;13.50;True;False;False;False;1130;31.50;20.50;True;False;False;False;1;19.838888888888505;0;19.838888888888505;19.838888888888505
830;39.50;13.50;True;False;False;False;1408;45.50;26.50;True;False;False;False;1;22.32898268029203;0;22.32898268029203;22.32898268029203
831;40.50;13.50;True;False;False;False;12;61.50;3.50;False;False;True;False;3;122.05337114087342;104.0206043255941;111.10418145422591;131.28389972029436
831;40.50;13.50;True;False;False;False;28;61.50;9.50;False;False;True;False;4;115.95187510519054;874.0794736411308;84.13295897111311;154.5972294151361
831;40.50;13.50;True;False;False;False;60;61.50;21.50;False;False;True;False;3;90.63623776686775;561.7420709640165;63.90703463938917;109.09047056395866
831;40.50;13.50;True;False;False;False;76;0.50;6.50;False;True;False;False;1;588.1265637441902;0;588.1265637441902;588.1265637441902
831;40.50;13.50;True;False;False;False;685;26.50;10.50;True;False;False;False;1;18.324535041108902;0;18.324535041108902;18.324535041108902
831;40.50;13.50;True;False;False;False;733;30.50;11.50;True;False;False;False;1;15.860278179494344;0;15.860278179494344;15.860278179494344
831;40.50;13.50;True;False;False;False;734;31.50;11.50;True;False;False;False;1;16.95360431991503;0;16.95360431991503;16.95360431991503
831;40.50;13.50;True;False;False;False;820;29.50;13.50;True;False;False;False;1;17.419444444443798;0;17.419444444443798;17.419444444443798
831;40.50;13.50;True;False;False;False;821;30.50;13.50;True;False;False;False;3;15.432849902269785;22.472856222528982;10.233427124749142;19.514910206764398
831;40.50;13.50;True;False;False;False;822;31.50;13.50;True;False;False;False;1;10.50463202726678;0;10.50463202726678;10.50463202726678
831;40.50;13.50;True;False;False;False;981;14.50;17.50;True;False;False;False;1;27.528520916159323;0;27.528520916159323;27.528520916159323
831;40.50;13.50;True;False;False;False;1236;49.50;22.50;True;False;False;False;1;18.808128188986302;0;18.808128188986302;18.808128188986302
831;40.50;13.50;True;False;False;False;1239;52.50;22.50;True;False;False;False;1;21.101854249487587;0;21.101854249487587;21.101854249487587
832;41.50;13.50;True;False;False;False;12;61.50;3.50;False;False;True;False;1;122.1554689570512;0;122.1554689570512;122.1554689570512
832;41.50;13.50;True;False;False;False;28;61.50;9.50;False;False;True;False;4;92.70775593205599;255.90749985927692;78.72249801042562;115.68571916833389
832;41.50;13.50;True;False;False;False;44;61.50;15.50;False;False;True;False;4;103.46257879826135;328.06940966455545;79.43148708021181;118.1907439418319
832;41.50;13.50;True;False;False;False;60;61.50;21.50;False;False;True;False;2;80.5547310074362;37.36825183608439;76.2322171650012;84.8772448498712
832;41.50;13.50;True;False;False;False;303;40.50;1.50;True;False;False;False;1;15.1563884871357;0;15.1563884871357;15.1563884871357
832;41.50;13.50;True;False;False;False;489;50.50;5.50;True;False;False;False;1;19.795552010557003;0;19.795552010557003;19.795552010557003
832;41.50;13.50;True;False;False;False;585;14.50;8.50;True;False;False;False;1;30.269635222011857;0;30.269635222011857;30.269635222011857
832;41.50;13.50;True;False;False;False;821;30.50;13.50;True;False;False;False;2;20.24503809593807;13.708152239057274;17.6270090434773;22.86306714839884
832;41.50;13.50;True;False;False;False;822;31.50;13.50;True;False;False;False;4;12.235209031584418;7.968521446967443;10.504350653030997;16.451016516242817
832;41.50;13.50;True;False;False;False;954;31.50;16.50;True;False;False;False;1;15.440621917648969;0;15.440621917648969;15.440621917648969
832;41.50;13.50;True;False;False;False;1404;41.50;26.50;True;False;False;False;1;20.08481561190274;0;20.08481561190274;20.08481561190274
833;42.50;13.50;True;False;False;False;12;61.50;3.50;False;False;True;False;2;121.15862504755205;2.7339665654045424;119.98944444443623;122.32780565066787
833;42.50;13.50;True;False;False;False;28;61.50;9.50;False;False;True;False;7;94.04346618145311;265.5927065453631;62.27444524789826;111.78861551101727
833;42.50;13.50;True;False;False;False;44;61.50;15.50;False;False;True;False;2;120.73866599364692;2448.283016772267;85.75093230902348;155.72639967827035
833;42.50;13.50;True;False;False;False;60;61.50;21.50;False;False;True;False;4;135.00525733331892;3791.2919784649785;61.56518358462927;200.853519328306
833;42.50;13.50;True;False;False;False;76;0.50;6.50;False;True;False;False;1;588.6838110901917;0;588.6838110901917;588.6838110901917
833;42.50;13.50;True;False;False;False;92;0.50;12.50;False;True;False;False;2;246.76244253677226;57.17111965861964;241.41589600379325;252.10898906975126
833;42.50;13.50;True;False;False;False;108;0.50;18.50;False;True;False;False;3;609.1025171914953;462.61675432614805;590.1343442635516;632.4708777149153
833;42.50;13.50;True;False;False;False;489;50.50;5.50;True;False;False;False;1;18.97065254169138;0;18.97065254169138;18.97065254169138
833;42.50;13.50;True;False;False;False;703;44.50;10.50;True;False;False;False;1;10.27935704252377;0;10.27935704252377;10.27935704252377
833;42.50;13.50;True;False;False;False;747;44.50;11.50;True;False;False;False;1;9.053333333331466;0;9.053333333331466;9.053333333331466
833;42.50;13.50;True;False;False;False;748;45.50;11.50;True;False;False;False;1;10.34101731969713;0;10.34101731969713;10.34101731969713
833;42.50;13.50;True;False;False;False;750;47.50;11.50;True;False;False;False;1;12.105081012458868;0;12.105081012458868;12.105081012458868
833;42.50;13.50;True;False;False;False;820;29.50;13.50;True;False;False;False;3;23.718436721648306;101.00717029744146;12.412868374460231;31.63953823585757
833;42.50;13.50;True;False;False;False;821;30.50;13.50;True;False;False;False;2;16.521961779499406;56.415510600699406;11.210864406983092;21.83305915201572
833;42.50;13.50;True;False;False;False;822;31.50;13.50;True;False;False;False;5;11.01666531871997;0.08873403996686845;10.599902663587272;11.358611512834614
833;42.50;13.50;True;False;False;False;823;32.50;13.50;True;False;False;False;1;10.453791099287628;0;10.453791099287628;10.453791099287628
833;42.50;13.50;True;False;False;False;838;47.50;13.50;True;False;False;False;1;6.851479083838058;0;6.851479083838058;6.851479083838058
833;42.50;13.50;True;False;False;False;840;49.50;13.50;True;False;False;False;1;9.459719429212328;0;9.459719429212328;9.459719429212328
833;42.50;13.50;True;False;False;False;864;29.50;14.50;True;False;False;False;1;15.155184388087946;0;15.155184388087946;15.155184388087946
833;42.50;13.50;True;False;False;False;866;31.50;14.50;True;False;False;False;1;16.19491340150853;0;16.19491340150853;16.19491340150853
833;42.50;13.50;True;False;False;False;1111;12.50;20.50;True;False;False;False;1;31.79425366688247;0;31.79425366688247;31.79425366688247
835;44.50;13.50;True;False;False;False;12;61.50;3.50;False;False;True;False;2;103.51491260759576;127.57932438327448;95.52806953967229;111.50175567551923
835;44.50;13.50;True;False;False;False;28;61.50;9.50;False;False;True;False;5;104.36648953964377;2361.1889940785927;41.61907647171665;162.55324753825698
835;44.50;13.50;True;False;False;False;44;61.50;15.50;False;False;True;False;5;96.23852251924109;182.38331378894975;81.84139648353903;118.25537596908725
835;44.50;13.50;True;False;False;False;60;61.50;21.50;False;False;True;False;4;110.43581430927082;3142.725706314929;70.45471942920267;192.63349373241
835;44.50;13.50;True;False;False;False;124;0.50;24.50;False;True;False;False;1;577.848936044571;0;577.848936044571;577.848936044571
835;44.50;13.50;True;False;False;False;292;29.50;1.50;True;False;False;False;1;25.962042635754187;0;25.962042635754187;25.962042635754187
835;44.50;13.50;True;False;False;False;346;39.50;2.50;True;False;False;False;1;19.011667470113025;0;19.011667470113025;19.011667470113025
835;44.50;13.50;True;False;False;False;620;49.50;8.50;True;False;False;False;1;13.429434056801256;0;13.429434056801256;13.429434056801256
835;44.50;13.50;True;False;False;False;710;51.50;10.50;True;False;False;False;1;14.172871569187919;0;14.172871569187919;14.172871569187919
835;44.50;13.50;True;False;False;False;820;29.50;13.50;True;False;False;False;3;34.99277937831781;197.11814027046236;20.9212057059558;49.00074313838195
835;44.50;13.50;True;False;False;False;821;30.50;13.50;True;False;False;False;2;14.613797096569215;0.411869408775382;14.15999680526511;15.06759738787332
835;44.50;13.50;True;False;False;False;822;31.50;13.50;True;False;False;False;3;13.320772004544475;1.5959871734404492;12.330735945463857;14.743614707571396
835;44.50;13.50;True;False;False;False;823;32.50;13.50;True;False;False;False;1;13.951752094234507;0;13.951752094234507;13.951752094234507
835;44.50;13.50;True;False;False;False;838;47.50;13.50;True;False;False;False;1;13.003891280168318;0;13.003891280168318;13.003891280168318
835;44.50;13.50;True;False;False;False;845;10.50;14.50;True;False;False;False;1;38.39166666666097;0;38.39166666666097;38.39166666666097
835;44.50;13.50;True;False;False;False;866;31.50;14.50;True;False;False;False;1;15.589538235857617;0;15.589538235857617;15.589538235857617
835;44.50;13.50;True;False;False;False;867;32.50;14.50;True;False;False;False;1;15.052423897506742;0;15.052423897506742;15.052423897506742
836;45.50;13.50;True;False;False;False;12;61.50;3.50;False;False;True;False;1;47.412965360605085;0;47.412965360605085;47.412965360605085
836;45.50;13.50;True;False;False;False;28;61.50;9.50;False;False;True;False;6;103.80685851547915;108.55609061356176;88.83147508566981;113.02308074976827
836;45.50;13.50;True;False;False;False;44;61.50;15.50;False;False;True;False;6;105.62112101992184;851.3311630496672;80.82949190265572;154.68454223404933
836;45.50;13.50;True;False;False;False;60;61.50;21.50;False;False;True;False;2;107.29824154100424;818.2438389989269;87.0714790838174;127.5250039981911
836;45.50;13.50;True;False;False;False;92;0.50;12.50;False;True;False;False;1;268.4398284099334;0;268.4398284099334;268.4398284099334
836;45.50;13.50;True;False;False;False;124;0.50;24.50;False;True;False;False;1;571.6871332802893;0;571.6871332802893;571.6871332802893
836;45.50;13.50;True;False;False;False;754;51.50;11.50;True;False;False;False;1;12.027518766701178;0;12.027518766701178;12.027518766701178
836;45.50;13.50;True;False;False;False;820;29.50;13.50;True;False;False;False;2;26.22618559230432;66.99919513640513;20.438301905825938;32.0140692787827
836;45.50;13.50;True;False;False;False;821;30.50;13.50;True;False;False;False;3;30.353950083761145;87.20387020046353;20.45573914018314;39.007503596458264
836;45.50;13.50;True;False;False;False;822;31.50;13.50;True;False;False;False;2;13.604721385330777;0.11352038350408761;13.366477410061634;13.84296536059992
836;45.50;13.50;True;False;False;False;854;19.50;14.50;True;False;False;False;1;24.694444444447072;0;24.694444444447072;24.694444444447072
836;45.50;13.50;True;False;False;False;864;29.50;14.50;True;False;False;False;2;22.222891148853023;37.70047892316239;17.88120490252186;26.564577395184187
836;45.50;13.50;True;False;False;False;865;30.50;14.50;True;False;False;False;1;24.493614707573215;0;24.493614707573215;24.493614707573215
836;45.50;13.50;True;False;False;False;874;39.50;14.50;True;False;False;False;1;10.809632027274347;0;10.809632027274347;10.809632027274347
836;45.50;13.50;True;False;False;False;887;52.50;14.50;True;False;False;False;1;11.921948040902862;0;11.921948040902862;11.921948040902862
836;45.50;13.50;True;False;False;False;974;51.50;16.50;True;False;False;False;1;12.533152943417008;0;12.533152943417008;12.533152943417008
836;45.50;13.50;True;False;False;False;1273;42.50;23.50;True;False;False;False;1;15.537316013636882;0;15.537316013636882;15.537316013636882
836;45.50;13.50;True;False;False;False;1336;17.50;25.50;True;False;False;False;1;34.03132346736675;0;34.03132346736675;34.03132346736675
837;46.50;13.50;True;False;False;False;28;61.50;9.50;False;False;True;False;10;97.76544697279385;380.5680715277857;67.27537116745589;133.4314790838289
837;46.50;13.50;True;False;False;False;44;61.50;15.50;False;False;True;False;7;101.79031822595061;746.8526297588982;69.33046017630295;153.4429661449958
837;46.50;13.50;True;False;False;False;60;61.50;21.50;False;False;True;False;2;155.88003222150155;5402.421625826192;103.90685824768025;207.85320619532285
837;46.50;13.50;True;False;False;False;76;0.50;6.50;False;True;False;False;1;517.9688382063287;0;517.9688382063287;517.9688382063287
837;46.50;13.50;True;False;False;False;92;0.50;12.50;False;True;False;False;1;235.22112549694975;0;235.22112549694975;235.22112549694975
837;46.50;13.50;True;False;False;False;733;30.50;11.50;True;False;False;False;1;31.657495354553248;0;31.657495354553248;31.657495354553248
837;46.50;13.50;True;False;False;False;734;31.50;11.50;True;False;False;False;1;19.343324845945972;0;19.343324845945972;19.343324845945972
837;46.50;13.50;True;False;False;False;735;32.50;11.50;True;False;False;False;1;17.80648308202717;0;17.80648308202717;17.80648308202717
837;46.50;13.50;True;False;False;False;749;46.50;11.50;True;False;False;False;1;4.915093791412801;0;4.915093791412801;4.915093791412801
837;46.50;13.50;True;False;False;False;753;50.50;11.50;True;False;False;False;1;10.274169459680706;0;10.274169459680706;10.274169459680706
837;46.50;13.50;True;False;False;False;820;29.50;13.50;True;False;False;False;2;26.041475198718217;4.5272939875990135;24.536933077739377;27.546017319697057
837;46.50;13.50;True;False;False;False;821;30.50;13.50;True;False;False;False;2;17.815692244481397;17.834327040272143;14.829530239476298;20.801854249486496
837;46.50;13.50;True;False;False;False;822;31.50;13.50;True;False;False;False;2;24.34212802908769;199.37059519966948;14.357875548314041;34.32638050986134
837;46.50;13.50;True;False;False;False;832;41.50;13.50;True;False;False;False;1;15.092590194952209;0;15.092590194952209;15.092590194952209
837;46.50;13.50;True;False;False;False;833;42.50;13.50;True;False;False;False;1;6.5525035964612925;0;6.5525035964612925;6.5525035964612925
837;46.50;13.50;True;False;False;False;852;17.50;14.50;True;False;False;False;1;40.07361790230516;0;40.07361790230516;40.07361790230516
837;46.50;13.50;True;False;False;False;864;29.50;14.50;True;False;False;False;1;24.812052777913777;0;24.812052777913777;24.812052777913777
837;46.50;13.50;True;False;False;False;876;41.50;14.50;True;False;False;False;1;9.951298693937133;0;9.951298693937133;9.951298693937133
837;46.50;13.50;True;False;False;False;932;9.50;16.50;True;False;False;False;1;35.468243540102776;0;35.468243540102776;35.468243540102776
837;46.50;13.50;True;False;False;False;1106;51.50;19.50;True;False;False;False;1;14.28231281889748;0;14.28231281889748;14.28231281889748
837;46.50;13.50;True;False;False;False;1149;50.50;20.50;True;False;False;False;1;24.619340265380742;0;24.619340265380742;24.619340265380742
837;46.50;13.50;True;False;False;False;1216;29.50;22.50;True;False;False;False;1;24.464541430585086;0;24.464541430585086;24.464541430585086
837;46.50;13.50;True;False;False;False;1344;25.50;25.50;True;False;False;False;1;29.05517614625205;0;29.05517614625205;29.05517614625205
838;47.50;13.50;True;False;False;False;12;61.50;3.50;False;False;True;False;11;110.59629678640168;1158.0283614402704;73.30472581867798;179.70491340150602
838;47.50;13.50;True;False;False;False;28;61.50;9.50;False;False;True;False;6;87.62740327850968;863.8487608182239;44.28045776596991;133.61043857860204
838;47.50;13.50;True;False;False;False;44;61.50;15.50;False;False;True;False;4;104.98397094793296;292.27169749188363;92.53977163197123;130.06314335922278
838;47.50;13.50;True;False;False;False;60;61.50;21.50;False;False;True;False;1;80.82665708244531;0;80.82665708244531;80.82665708244531
838;47.50;13.50;True;False;False;False;76;0.50;6.50;False;True;False;False;1;536.6929829411329;0;536.6929829411329;536.6929829411329
838;47.50;13.50;True;False;False;False;108;0.50;18.50;False;True;False;False;1;546.0405457070174;0;546.0405457070174;546.0405457070174
838;47.50;13.50;True;False;False;False;489;50.50;5.50;True;False;False;False;1;16.70546176413518;0;16.70546176413518;16.70546176413518
838;47.50;13.50;True;False;False;False;616;45.50;8.50;True;False;False;False;1;19.31332694386947;0;19.31332694386947;19.31332694386947
838;47.50;13.50;True;False;False;False;676;17.50;10.50;True;False;False;False;1;29.817496403537007;0;29.817496403537007;29.817496403537007
838;47.50;13.50;True;False;False;False;711;52.50;10.50;True;False;False;False;1;19.533704500800013;0;19.533704500800013;19.533704500800013
838;47.50;13.50;True;False;False;False;732;29.50;11.50;True;False;False;False;1;24.9702741813162;0;24.9702741813162;24.9702741813162
838;47.50;13.50;True;False;False;False;733;30.50;11.50;True;False;False;False;2;33.14180415904943;4.669050145592417;31.613888888886777;34.66971942921208
838;47.50;13.50;True;False;False;False;734;31.50;11.50;True;False;False;False;1;20.088888888887595;0;20.088888888887595;20.088888888887595
838;47.50;13.50;True;False;False;False;745;42.50;11.50;True;False;False;False;1;22.713888888889414;0;22.713888888889414;22.713888888889414
838;47.50;13.50;True;False;False;False;820;29.50;13.50;True;False;False;False;2;28.336247922655275;29.402501881380694;24.50202688824811;32.17046895706244
838;47.50;13.50;True;False;False;False;821;30.50;13.50;True;False;False;False;1;37.52139248534331;0;37.52139248534331;37.52139248534331
838;47.50;13.50;True;False;False;False;822;31.50;13.50;True;False;False;False;1;17.294444444443798;0;17.294444444443798;17.294444444443798
838;47.50;13.50;True;False;False;False;856;21.50;14.50;True;False;False;False;1;30.58805276253588;0;30.58805276253588;30.58805276253588
838;47.50;13.50;True;False;False;False;864;29.50;14.50;True;False;False;False;2;19.557083935921582;0.3337111933832247;19.148604319916558;19.965563551926607
838;47.50;13.50;True;False;False;False;866;31.50;14.50;True;False;False;False;3;18.209817212454556;0.114821357733924;17.81926405453669;18.425649346969294
838;47.50;13.50;True;False;False;False;1149;50.50;20.50;True;False;False;False;1;13.913888888888323;0;13.913888888888323;13.913888888888323
838;47.50;13.50;True;False;False;False;1238;51.50;22.50;True;False;False;False;1;16.49504900802276;0;16.49504900802276;16.49504900802276
838;47.50;13.50;True;False;False;False;1280;49.50;23.50;True;False;False;False;1;15.868427124746631;0;15.868427124746631;15.868427124746631
838;47.50;13.50;True;False;False;False;1380;17.50;26.50;True;False;False;False;1;35.95768398636574;0;35.95768398636574;35.95768398636574
838;47.50;13.50;True;False;False;False;1414;51.50;26.50;True;False;False;False;1;18.75833413678265;0;18.75833413678265;18.75833413678265
840;49.50;13.50;True;False;False;False;12;61.50;3.50;False;False;True;False;4;115.26414776294507;1021.3570114068445;91.45366029437537;162.32731522922404
840;49.50;13.50;True;False;False;False;28;61.50;9.50;False;False;True;False;9;94.99711122936081;545.7236635310853;66.18064934696304;136.81612149876784
840;49.50;13.50;True;False;False;False;44;61.50;15.50;False;False;True;False;6;86.2070160142598;533.249147883029;45.29213162552696;107.31778497067353
840;49.50;13.50;True;False;False;False;60;61.50;21.50;False;False;True;False;3;102.1434314130438;315.25323352697467;91.23518758281898;122.63121209547717
840;49.50;13.50;True;False;False;False;357;50.50;2.50;True;False;False;False;1;18.877871569189665;0;18.877871569189665;18.877871569189665
840;49.50;13.50;True;False;False;False;491;52.50;5.50;True;False;False;False;1;14.472504399902391;0;14.472504399902391;14.472504399902391
840;49.50;13.50;True;False;False;False;691;32.50;10.50;True;False;False;False;1;25.32175326515778;0;25.32175326515778;25.32175326515778
840;49.50;13.50;True;False;False;False;748;45.50;11.50;True;False;False;False;1;10.521392485341494;0;10.521392485341494;10.521392485341494
840;49.50;13.50;True;False;False;False;754;51.50;11.50;True;False;False;False;1;13.304772435483756;0;13.304772435483756;13.304772435483756
840;49.50;13.50;True;False;False;False;820;29.50;13.50;True;False;False;False;2;24.820793630558114;1.4762092588614582;23.961663471949578;25.67992378916665
840;49.50;13.50;True;False;False;False;821;30.50;13.50;True;False;False;False;3;30.365411325570978;40.005716463263;23.733048764352134;36.33009059667802
840;49.50;13.50;True;False;False;False;822;31.50;13.50;True;False;False;False;2;20.257498804361603;17.97886154434493;17.25926085980609;23.255736748917116
840;49.50;13.50;True;False;False;False;865;30.50;14.50;True;False;False;False;1;41.71369730788865;0;41.71369730788865;41.71369730788865
840;49.50;13.50;True;False;False;False;866;31.50;14.50;True;False;False;False;1;19.287150813030166;0;19.287150813030166;19.287150813030166
840;49.50;13.50;True;False;False;False;867;32.50;14.50;True;False;False;False;1;18.491111111110513;0;18.491111111110513;18.491111111110513
840;49.50;13.50;True;False;False;False;884;49.50;14.50;True;False;False;False;1;4.165181193358876;0;4.165181193358876;4.165181193358876
840;49.50;13.50;True;False;False;False;1017;50.50;17.50;True;False;False;False;1;9.648984268129425;0;9.648984268129425;9.648984268129425
840;49.50;13.50;True;False;False;False;1105;50.50;19.50;True;False;False;False;1;10.765289125100026;0;10.765289125100026;10.765289125100026
840;49.50;13.50;True;False;False;False;1111;12.50;20.50;True;False;False;False;1;37.21547215179453;0;37.21547215179453;37.21547215179453
840;49.50;13.50;True;False;False;False;1149;50.50;20.50;True;False;False;False;1;11.724444444444089;0;11.724444444444089;11.724444444444089
840;49.50;13.50;True;False;False;False;1151;52.50;20.50;True;False;False;False;1;14.233045795781436;0;14.233045795781436;14.233045795781436
840;49.50;13.50;True;False;False;False;1365;46.50;25.50;True;False;False;False;1;17.14796536060112;0;17.14796536060112;17.14796536060112
841;50.50;13.50;True;False;False;False;12;61.50;3.50;False;False;True;False;2;81.37005089390186;1.7911157635941288;80.423711693722;82.31639009408173
841;50.50;13.50;True;False;False;False;28;61.50;9.50;False;False;True;False;9;99.05666550612989;908.5752274955983;59.20295816768612;155.3072262204014
841;50.50;13.50;True;False;False;False;44;61.50;15.50;False;False;True;False;10;81.37516176108056;269.4262377055155;44.14667066484981;98.77361151282093
841;50.50;13.50;True;False;False;False;60;61.50;21.50;False;False;True;False;3;109.27649133356924;3442.6180557796147;46.14926085980187;162.14345455412695
841;50.50;13.50;True;False;False;False;76;0.50;6.50;False;True;False;False;2;562.0891289964075;173.82285731355853;552.766499074718;571.4117589180969
841;50.50;13.50;True;False;False;False;92;0.50;12.50;False;True;False;False;2;261.91433729675964;11.111493715592456;259.55727411182033;264.27140048169895
841;50.50;13.50;True;False;False;False;124;0.50;24.50;False;True;False;False;2;557.87515407109;0.14917404335522008;557.6020478249557;558.1482603172244
841;50.50;13.50;True;False;False;False;287;24.50;1.50;True;False;False;False;1;35.84085292252712;0;35.84085292252712;35.84085292252712
841;50.50;13.50;True;False;False;False;321;14.50;2.50;True;False;False;False;1;38.39046576232795;0;38.39046576232795;38.39046576232795
841;50.50;13.50;True;False;False;False;427;32.50;4.50;True;False;False;False;1;25.61176045807406;0;25.61176045807406;25.61176045807406
841;50.50;13.50;True;False;False;False;442;47.50;4.50;True;False;False;False;1;15.640733241771159;0;15.640733241771159;15.640733241771159
841;50.50;13.50;True;False;False;False;538;11.50;7.50;True;False;False;False;1;37.5959235282844;0;37.5959235282844;37.5959235282844
841;50.50;13.50;True;False;False;False;577;50.50;7.50;True;False;False;False;1;7.812964557157102;0;7.812964557157102;7.812964557157102
841;50.50;13.50;True;False;False;False;718;15.50;11.50;True;False;False;False;1;35.64898268029356;0;35.64898268029356;35.64898268029356
841;50.50;13.50;True;False;False;False;733;30.50;11.50;True;False;False;False;2;24.288935784594003;7.026732341439762;22.414538235854707;26.1633333333333
841;50.50;13.50;True;False;False;False;755;52.50;11.50;True;False;False;False;1;9.664074080435967;0;9.664074080435967;9.664074080435967
841;50.50;13.50;True;False;False;False;820;29.50;13.50;True;False;False;False;1;28.519624834349997;0;28.519624834349997;28.519624834349997
841;50.50;13.50;True;False;False;False;821;30.50;13.50;True;False;False;False;1;23.36073994364415;0;23.36073994364415;23.36073994364415
841;50.50;13.50;True;False;False;False;822;31.50;13.50;True;False;False;False;1;21.079772435477935;0;21.079772435477935;21.079772435477935
841;50.50;13.50;True;False;False;False;837;46.50;13.50;True;False;False;False;1;6.7994476391868375;0;6.7994476391868375;6.7994476391868375
841;50.50;13.50;True;False;False;False;840;49.50;13.50;True;False;False;False;1;4.256760458072677;0;4.256760458072677;4.256760458072677
841;50.50;13.50;True;False;False;False;864;29.50;14.50;True;False;False;False;2;22.86161817359607;11.10818257201412;20.50490620858909;25.21833013860305
841;50.50;13.50;True;False;False;False;869;34.50;14.50;True;False;False;False;1;19.419068475354834;0;19.419068475354834;19.419068475354834
841;50.50;13.50;True;False;False;False;877;42.50;14.50;True;False;False;False;2;18.64884039581011;56.726046910036914;13.323145750506228;23.974535041113995
841;50.50;13.50;True;False;False;False;887;52.50;14.50;True;False;False;False;1;8.729725015230542;0;8.729725015230542;8.729725015230542
841;50.50;13.50;True;False;False;False;973;50.50;16.50;True;False;False;False;1;5.097403415584267;0;5.097403415584267;5.097403415584267
841;50.50;13.50;True;False;False;False;1066;11.50;19.50;True;False;False;False;1;40.080730359427434;0;40.080730359427434;40.080730359427434
841;50.50;13.50;True;False;False;False;1097;42.50;19.50;True;False;False;False;1;20.0096360254538;0;20.0096360254538;20.0096360254538
841;50.50;13.50;True;False;False;False;1102;47.50;19.50;True;False;False;False;1;13.11434745830411;0;13.11434745830411;13.11434745830411
841;50.50;13.50;True;False;False;False;1108;9.50;20.50;True;False;False;False;1;39.615556359007314;0;39.615556359007314;39.615556359007314
841;50.50;13.50;True;False;False;False;1118;19.50;20.50;True;False;False;False;1;32.12889608181649;0;32.12889608181649;32.12889608181649
841;50.50;13.50;True;False;False;False;1149;50.50;20.50;True;False;False;False;1;7.9608193492140344;0;7.9608193492140344;7.9608193492140344
841;50.50;13.50;True;False;False;False;1387;24.50;26.50;True;False;False;False;1;32.978795900922705;0;32.978795900922705;32.978795900922705
841;50.50;13.50;True;False;False;False;1392;29.50;26.50;True;False;False;False;1;29.86162850146752;0;29.86162850146752;29.86162850146752
842;51.50;13.50;True;False;False;False;12;61.50;3.50;False;False;True;False;1;117.2570418323221;0;117.2570418323221;117.2570418323221
842;51.50;13.50;True;False;False;False;28;61.50;9.50;False;False;True;False;8;103.89322941537216;304.41790920181967;77.8940764717172;130.21267840033215
842;51.50;13.50;True;False;False;False;44;61.50;15.50;False;False;True;False;4;98.55942581017564;168.62859700165927;87.0262097710256;116.07019397229533
842;51.50;13.50;True;False;False;False;60;61.50;21.50;False;False;True;False;4;123.69527717995882;1654.7531615449277;89.05536477799069;180.958149748687
842;51.50;13.50;True;False;False;False;76;0.50;6.50;False;True;False;False;1;566.6256530426344;0;566.6256530426344;566.6256530426344
842;51.50;13.50;True;False;False;False;92;0.50;12.50;False;True;False;False;1;272.03036799179245;0;272.03036799179245;272.03036799179245
842;51.50;13.50;True;False;False;False;124;0.50;24.50;False;True;False;False;1;602.2025238328588;0;602.2025238328588;602.2025238328588
842;51.50;13.50;True;False;False;False;279;16.50;1.50;True;False;False;False;1;38.88342792819094;0;38.88342792819094;38.88342792819094
842;51.50;13.50;True;False;False;False;489;50.50;5.50;True;False;False;False;1;12.64342712474172;0;12.64342712474172;12.64342712474172
842;51.50;13.50;True;False;False;False;491;52.50;5.50;True;False;False;False;1;16.00323634718518;0;16.00323634718518;16.00323634718518
842;51.50;13.50;True;False;False;False;579;52.50;7.50;True;False;False;False;1;10.582131625542388;0;10.582131625542388;10.582131625542388
842;51.50;13.50;True;False;False;False;733;30.50;11.50;True;False;False;False;2;22.402867972729382;0.010219547166798683;22.331385292425693;22.47435065303307
842;51.50;13.50;True;False;False;False;820;29.50;13.50;True;False;False;False;2;26.358097257435247;4.971449730586154;24.781479083845625;27.93471543102487
842;51.50;13.50;True;False;False;False;821;30.50;13.50;True;False;False;False;4;29.001714561915833;93.8294240526426;18.183333333330665;40.184260859783535
842;51.50;13.50;True;False;False;False;822;31.50;13.50;True;False;False;False;1;22.203413229950456;0;22.203413229950456;22.203413229950456
842;51.50;13.50;True;False;False;False;837;46.50;13.50;True;False;False;False;1;6.869066887509689;0;6.869066887509689;6.869066887509689
842;51.50;13.50;True;False;False;False;864;29.50;14.50;True;False;False;False;3;37.35955183098182;99.55058063833121;28.07573914020395;47.90981641536109
842;51.50;13.50;True;False;False;False;866;31.50;14.50;True;False;False;False;1;19.685267233891864;0;19.685267233891864;19.685267233891864
842;51.50;13.50;True;False;False;False;1107;52.50;19.50;True;False;False;False;1;11.082683986365737;0;11.082683986365737;11.082683986365737
842;51.50;13.50;True;False;False;False;1283;52.50;23.50;True;False;False;False;1;13.416847056574625;0;13.416847056574625;13.416847056574625
843;52.50;13.50;True;False;False;False;12;61.50;3.50;False;False;True;False;5;90.21205435799838;1612.0203046733614;43.1084119354382;141.79277058484877
843;52.50;13.50;True;False;False;False;28;61.50;9.50;False;False;True;False;8;87.59560374971534;297.65264448158126;60.37972581867871;110.47112947607093
843;52.50;13.50;True;False;False;False;44;61.50;15.50;False;False;True;False;8;80.71392246331374;1004.3380792085649;46.16333413677421;141.893703716436
843;52.50;13.50;True;False;False;False;60;61.50;21.50;False;False;True;False;2;92.26311497977713;10.602443186835268;89.96067679528278;94.56555316427148
843;52.50;13.50;True;False;False;False;108;0.50;18.50;False;True;False;False;1;610.4985931288229;0;610.4985931288229;610.4985931288229
843;52.50;13.50;True;False;False;False;411;16.50;4.50;True;False;False;False;1;37.59315294343105;0;37.59315294343105;37.59315294343105
843;52.50;13.50;True;False;False;False;491;52.50;5.50;True;False;False;False;1;9.043888888889342;0;9.043888888889342;9.043888888889342
843;52.50;13.50;True;False;False;False;733;30.50;11.50;True;False;False;False;1;23.914790819419068;0;23.914790819419068;23.914790819419068
843;52.50;13.50;True;False;False;False;743;40.50;11.50;True;False;False;False;1;17.27785639898866;0;17.27785639898866;17.27785639898866
843;52.50;13.50;True;False;False;False;807;16.50;13.50;True;False;False;False;1;37.49332694384066;0;37.49332694384066;37.49332694384066
843;52.50;13.50;True;False;False;False;820;29.50;13.50;True;False;False;False;4;30.657844524872985;7.111079042250015;28.68685185820732;34.48213162554384
843;52.50;13.50;True;False;False;False;821;30.50;13.50;True;False;False;False;5;32.75267919235539;23.91149329783566;25.11249081751521;36.62564854352968
843;52.50;13.50;True;False;False;False;822;31.50;13.50;True;False;False;False;4;18.588721760042517;1.7953512303954642;17.62388888888745;20.517496403539553
843;52.50;13.50;True;False;False;False;887;52.50;14.50;True;False;False;False;1;4.028329335149465;0;4.028329335149465;4.028329335149465
843;52.50;13.50;True;False;False;False;1019;52.50;17.50;True;False;False;False;1;5.843888888886795;0;5.843888888886795;5.843888888886795
843;52.50;13.50;True;False;False;False;1099;44.50;19.50;True;False;False;False;1;15.974628832536837;0;15.974628832536837;15.974628832536837
843;52.50;13.50;True;False;False;False;1104;49.50;19.50;True;False;False;False;1;13.660730888242142;0;13.660730888242142;13.660730888242142
843;52.50;13.50;True;False;False;False;1105;50.50;19.50;True;False;False;False;1;12.429260859807982;0;12.429260859807982;12.429260859807982
843;52.50;13.50;True;False;False;False;1150;51.50;20.50;True;False;False;False;1;11.48148308202326;0;11.48148308202326;11.48148308202326
844;9.50;14.50;True;False;False;False;92;0.50;12.50;False;True;False;False;1;22.142131625544778;0;22.142131625544778;22.142131625544778
844;9.50;14.50;True;False;False;False;851;16.50;14.50;True;False;False;False;1;7.842686377649329;0;7.842686377649329;7.842686377649329
845;10.50;14.50;True;False;False;False;28;61.50;9.50;False;False;True;False;1;61.06601892659819;0;61.06601892659819;61.06601892659819
845;10.50;14.50;True;False;False;False;957;34.50;16.50;True;False;False;False;1;24.671854249491844;0;24.671854249491844;24.671854249491844
845;10.50;14.50;True;False;False;False;1018;51.50;17.50;True;False;False;False;1;37.99361470756958;0;37.99361470756958;37.99361470756958
846;11.50;14.50;True;False;False;False;60;61.50;21.50;False;False;True;False;1;153.48547614996278;0;153.48547614996278;153.48547614996278
846;11.50;14.50;True;False;False;False;578;51.50;7.50;True;False;False;False;1;38.79510098434548;0;38.79510098434548;38.79510098434548
846;11.50;14.50;True;False;False;False;608;37.50;8.50;True;False;False;False;1;28.364069278792158;0;28.364069278792158;28.364069278792158
847;12.50;14.50;True;False;False;False;60;61.50;21.50;False;False;True;False;1;84.99592752645549;0;84.99592752645549;84.99592752645549
847;12.50;14.50;True;False;False;False;841;50.50;13.50;True;False;False;False;1;41.36833013858268;0;41.36833013858268;41.36833013858268
849;14.50;14.50;True;False;False;False;28;61.50;9.50;False;False;True;False;1;79.41621209544064;0;79.41621209544064;79.41621209544064
849;14.50;14.50;True;False;False;False;695;36.50;10.50;True;False;False;False;1;26.680961581623706;0;26.680961581623706;26.680961581623706
851;16.50;14.50;True;False;False;False;92;0.50;12.50;False;True;False;False;1;280.32112071438746;0;280.32112071438746;280.32112071438746
852;17.50;14.50;True;False;False;False;12;61.50;3.50;False;False;True;False;1;200.75031094928636;0;200.75031094928636;200.75031094928636
852;17.50;14.50;True;False;False;False;28;61.50;9.50;False;False;True;False;1;167.90648947149066;0;167.90648947149066;167.90648947149066
852;17.50;14.50;True;False;False;False;44;61.50;15.50;False;False;True;False;1;153.2114798872717;0;153.2114798872717;153.2114798872717
852;17.50;14.50;True;False;False;False;437;42.50;4.50;True;False;False;False;1;30.133517721416865;0;30.133517721416865;30.133517721416865
852;17.50;14.50;True;False;False;False;483;44.50;5.50;True;False;False;False;1;32.25898268030778;0;32.25898268030778;32.25898268030778
852;17.50;14.50;True;False;False;False;706;47.50;10.50;True;False;False;False;1;50.42574713656359;0;50.42574713656359;50.42574713656359
854;19.50;14.50;True;False;False;False;28;61.50;9.50;False;False;True;False;3;93.25726521905653;1279.9727279610584;52.168132168096236;117.50791954724991
854;19.50;14.50;True;False;False;False;60;61.50;21.50;False;False;True;False;1;79.84945163735028;0;79.84945163735028;79.84945163735028
854;19.50;14.50;True;False;False;False;92;0.50;12.50;False;True;False;False;1;262.96953825492756;0;262.96953825492756;262.96953825492756
854;19.50;14.50;True;False;False;False;574;47.50;7.50;True;False;False;False;1;32.4008337350424;0;32.4008337350424;32.4008337350424
854;19.50;14.50;True;False;False;False;623;52.50;8.50;True;False;False;False;1;33.01462563779933;0;33.01462563779933;33.01462563779933
854;19.50;14.50;True;False;False;False;691;32.50;10.50;True;False;False;False;1;24.1732411488083;0;24.1732411488083;24.1732411488083
854;19.50;14.50;True;False;False;False;1013;46.50;17.50;True;False;False;False;1;27.975930721208897;0;27.975930721208897;27.975930721208897
854;19.50;14.50;True;False;False;False;1407;44.50;26.50;True;False;False;False;1;31.393305100566067;0;31.393305100566067;31.393305100566067
855;20.50;14.50;True;False;False;False;60;61.50;21.50;False;False;True;False;1;111.46407807859214;0;111.46407807859214;111.46407807859214
856;21.50;14.50;True;False;False;False;44;61.50;15.50;False;False;True;False;1;91.43935784595305;0;91.43935784595305;91.43935784595305
859;24.50;14.50;True;False;False;False;60;61.50;21.50;False;False;True;False;1;113.76620890071172;0;113.76620890071172;113.76620890071172
859;24.50;14.50;True;False;False;False;712;9.50;11.50;True;False;False;False;1;18.520649346959544;0;18.520649346959544;18.520649346959544
860;25.50;14.50;True;False;False;False;44;61.50;15.50;False;False;True;False;1;104.7977817759529;0;104.7977817759529;104.7977817759529
860;25.50;14.50;True;False;False;False;822;31.50;13.50;True;False;False;False;2;11.552080339453823;0.18051210580622176;11.251653887717112;11.852506791190535
861;26.50;14.50;True;False;False;False;838;47.50;13.50;True;False;False;False;1;25.47500000000005;0;25.47500000000005;25.47500000000005
861;26.50;14.50;True;False;False;False;844;9.50;14.50;True;False;False;False;1;16.423055957280962;0;16.423055957280962;16.423055957280962
861;26.50;14.50;True;False;False;False;1066;11.50;19.50;True;False;False;False;1;22.107869177900284;0;22.107869177900284;22.107869177900284
862;27.50;14.50;True;False;False;False;12;61.50;3.50;False;False;True;False;1;127.53435864939092;0;127.53435864939092;127.53435864939092
862;27.50;14.50;True;False;False;False;28;61.50;9.50;False;False;True;False;1;117.2250596244005;0;117.2250596244005;117.2250596244005
862;27.50;14.50;True;False;False;False;820;29.50;13.50;True;False;False;False;1;7.717586196766206;0;7.717586196766206;7.717586196766206
862;27.50;14.50;True;False;False;False;821;30.50;13.50;True;False;False;False;1;8.620086598490161;0;8.620086598490161;8.620086598490161
864;29.50;14.50;True;False;False;False;28;61.50;9.50;False;False;True;False;1;87.62435465121234;0;87.62435465121234;87.62435465121234
864;29.50;14.50;True;False;False;False;44;61.50;15.50;False;False;True;False;2;98.09398827585107;89.556762799216;91.40232320655718;104.78565334514496
864;29.50;14.50;True;False;False;False;300;37.50;1.50;True;False;False;False;1;25.694895820917736;0;25.694895820917736;25.694895820917736
864;29.50;14.50;True;False;False;False;302;39.50;1.50;True;False;False;False;1;25.63953823585325;0;25.63953823585325;25.63953823585325
864;29.50;14.50;True;False;False;False;313;50.50;1.50;True;False;False;False;1;37.61444364099384;0;37.61444364099384;37.61444364099384
864;29.50;14.50;True;False;False;False;315;52.50;1.50;True;False;False;False;1;42.314444444440596;0;42.314444444440596;42.314444444440596
864;29.50;14.50;True;False;False;False;437;42.50;4.50;True;False;False;False;1;31.91295177821121;0;31.91295177821121;31.91295177821121
864;29.50;14.50;True;False;False;False;447;52.50;4.50;True;False;False;False;2;29.10069784003963;0.003046366233338789;29.061669861400333;29.139725818678926
864;29.50;14.50;True;False;False;False;461;22.50;5.50;True;False;False;False;1;17.865833177123932;0;17.865833177123932;17.865833177123932
864;29.50;14.50;True;False;False;False;465;26.50;5.50;True;False;False;False;1;14.671305083393236;0;14.671305083393236;14.671305083393236
864;29.50;14.50;True;False;False;False;470;31.50;5.50;True;False;False;False;1;16.459632027270345;0;16.459632027270345;16.459632027270345
864;29.50;14.50;True;False;False;False;474;35.50;5.50;True;False;False;False;1;18.147777777770898;0;18.147777777770898;18.147777777770898
864;29.50;14.50;True;False;False;False;478;39.50;5.50;True;False;False;False;1;20.34101012678002;0;20.34101012678002;20.34101012678002
864;29.50;14.50;True;False;False;False;483;44.50;5.50;True;False;False;False;3;24.746028236628263;3.566895295208538;23.38231601363441;26.901693027992224
864;29.50;14.50;True;False;False;False;486;47.50;5.50;True;False;False;False;2;26.617828269944766;3.0979663950474983;25.373246734839995;27.862409805049538
864;29.50;14.50;True;False;False;False;489;50.50;5.50;True;False;False;False;1;34.11648627676186;0;34.11648627676186;34.11648627676186
864;29.50;14.50;True;False;False;False;490;51.50;5.50;True;False;False;False;2;28.539143079256064;0.005893515190710358;28.484859033760586;28.593427124751543
864;29.50;14.50;True;False;False;False;558;31.50;7.50;True;False;False;False;1;13.270563532859569;0;13.270563532859569;13.270563532859569
864;29.50;14.50;True;False;False;False;561;34.50;7.50;True;False;False;False;2;16.32319264621492;0.580297147591456;15.784538235859145;16.861847056570696
864;29.50;14.50;True;False;False;False;566;39.50;7.50;True;False;False;False;1;20.218226743898413;0;20.218226743898413;20.218226743898413
864;29.50;14.50;True;False;False;False;571;44.50;7.50;True;False;False;False;1;22.300281374238693;0;22.300281374238693;22.300281374238693
864;29.50;14.50;True;False;False;False;573;46.50;7.50;True;False;False;False;1;23.372031444660934;0;23.372031444660934;23.372031444660934
864;29.50;14.50;True;False;False;False;574;47.50;7.50;True;False;False;False;2;25.974660931188737;9.685997650215587;23.773979485566088;28.175342376811386
864;29.50;14.50;True;False;False;False;579;52.50;7.50;True;False;False;False;1;27.45741085397276;0;27.45741085397276;27.45741085397276
864;29.50;14.50;True;False;False;False;605;34.50;8.50;True;False;False;False;1;15.239075668265286;0;15.239075668265286;15.239075668265286
864;29.50;14.50;True;False;False;False;608;37.50;8.50;True;False;False;False;2;16.37624860349115;0.3032609019321305;15.986851054749422;16.765646152232875
864;29.50;14.50;True;False;False;False;616;45.50;8.50;True;False;False;False;1;32.799645609649815;0;32.799645609649815;32.799645609649815
864;29.50;14.50;True;False;False;False;618;47.50;8.50;True;False;False;False;1;27.379906208587272;0;27.379906208587272;27.379906208587272
864;29.50;14.50;True;False;False;False;623;52.50;8.50;True;False;False;False;1;26.32631604838116;0;26.32631604838116;26.32631604838116
864;29.50;14.50;True;False;False;False;696;37.50;10.50;True;False;False;False;1;15.438055957278266;0;15.438055957278266;15.438055957278266
864;29.50;14.50;True;False;False;False;698;39.50;10.50;True;False;False;False;1;17.016760458060162;0;17.016760458060162;17.016760458060162
864;29.50;14.50;True;False;False;False;701;42.50;10.50;True;False;False;False;1;18.613517721423705;0;18.613517721423705;18.613517721423705
864;29.50;14.50;True;False;False;False;704;45.50;10.50;True;False;False;False;1;24.601107916374986;0;24.601107916374986;24.601107916374986
864;29.50;14.50;True;False;False;False;711;52.50;10.50;True;False;False;False;3;27.83163646777412;13.833954538854272;25.65417345786409;32.12629150101384
864;29.50;14.50;True;False;False;False;718;15.50;11.50;True;False;False;False;1;18.952128430801167;0;18.952128430801167;18.952128430801167
864;29.50;14.50;True;False;False;False;723;20.50;11.50;True;False;False;False;1;15.746201707787804;0;15.746201707787804;15.746201707787804
864;29.50;14.50;True;False;False;False;725;22.50;11.50;True;False;False;False;2;13.84435105475336;0.179109819324576;13.545093791412455;14.143608318094266
864;29.50;14.50;True;False;False;False;728;25.50;11.50;True;False;False;False;1;11.756388487163576;0;11.756388487163576;11.756388487163576
864;29.50;14.50;True;False;False;False;733;30.50;11.50;True;False;False;False;1;11.147222222225537;0;11.147222222225537;11.147222222225537
864;29.50;14.50;True;False;False;False;735;32.50;11.50;True;False;False;False;3;10.996702993569064;0.04101936694798666;10.763059152017377;11.12231601363419
864;29.50;14.50;True;False;False;False;739;36.50;11.50;True;False;False;False;1;16.71388888888896;0;16.71388888888896;16.71388888888896
864;29.50;14.50;True;False;False;False;747;44.50;11.50;True;False;False;False;1;19.251760458080753;0;19.251760458080753;19.251760458080753
864;29.50;14.50;True;False;False;False;748;45.50;11.50;True;False;False;False;1;50.957409805047064;0;50.957409805047064;50.957409805047064
864;29.50;14.50;True;False;False;False;750;47.50;11.50;True;False;False;False;1;20.388607514647447;0;20.388607514647447;20.388607514647447
864;29.50;14.50;True;False;False;False;815;24.50;13.50;True;False;False;False;2;10.34939435400338;0.6791431151717935;9.766666666669153;10.932122041337607
864;29.50;14.50;True;False;False;False;816;25.50;13.50;True;False;False;False;1;9.972601102580938;0;9.972601102580938;9.972601102580938
864;29.50;14.50;True;False;False;False;822;31.50;13.50;True;False;False;False;1;18.6413122763297;0;18.6413122763297;18.6413122763297
864;29.50;14.50;True;False;False;False;823;32.50;13.50;True;False;False;False;1;9.296326171124747;0;9.296326171124747;9.296326171124747
864;29.50;14.50;True;False;False;False;826;35.50;13.50;True;False;False;False;1;15.519722623947018;0;15.519722623947018;15.519722623947018
864;29.50;14.50;True;False;False;False;830;39.50;13.50;True;False;False;False;1;26.79712843080688;0;26.79712843080688;26.79712843080688
864;29.50;14.50;True;False;False;False;831;40.50;13.50;True;False;False;False;1;24.11257616881153;0;24.11257616881153;24.11257616881153
864;29.50;14.50;True;False;False;False;833;42.50;13.50;True;False;False;False;1;24.642594193137484;0;24.642594193137484;24.642594193137484
864;29.50;14.50;True;False;False;False;835;44.50;13.50;True;False;False;False;3;21.051387160797884;7.658580693279357;18.4517548720778;23.96055555555631
864;29.50;14.50;True;False;False;False;836;45.50;13.50;True;False;False;False;1;18.209812417171634;0;18.209812417171634;18.209812417171634
864;29.50;14.50;True;False;False;False;837;46.50;13.50;True;False;False;False;2;18.771535974989547;1.106889242800867;18.027597387873357;19.515474562105737
864;29.50;14.50;True;False;False;False;838;47.50;13.50;True;False;False;False;2;25.69324593138873;51.34040242890684;20.626669057951062;30.7598228048264
864;29.50;14.50;True;False;False;False;842;51.50;13.50;True;False;False;False;2;25.46670796681292;22.12168426311592;22.140923528284475;28.792492405341363
864;29.50;14.50;True;False;False;False;872;37.50;14.50;True;False;False;False;1;9.491111111111081;0;9.491111111111081;9.491111111111081
864;29.50;14.50;True;False;False;False;875;40.50;14.50;True;False;False;False;1;12.384814005070439;0;12.384814005070439;12.384814005070439
864;29.50;14.50;True;False;False;False;881;46.50;14.50;True;False;False;False;1;25.238055153839014;0;25.238055153839014;25.238055153839014
864;29.50;14.50;True;False;False;False;882;47.50;14.50;True;False;False;False;1;16.26823954192878;0;16.26823954192878;16.26823954192878
864;29.50;14.50;True;False;False;False;884;49.50;14.50;True;False;False;False;1;17.285496841256645;0;17.285496841256645;17.285496841256645
864;29.50;14.50;True;False;False;False;885;50.50;14.50;True;False;False;False;1;37.10851772142723;0;37.10851772142723;37.10851772142723
864;29.50;14.50;True;False;False;False;887;52.50;14.50;True;False;False;False;3;31.140249574802812;272.3924518090845;20.28741539107432;50.13333333333412
864;29.50;14.50;True;False;False;False;950;27.50;16.50;True;False;False;False;1;9.285736748908676;0;9.285736748908676;9.285736748908676
864;29.50;14.50;True;False;False;False;958;35.50;16.50;True;False;False;False;1;12.980559553740932;0;12.980559553740932;12.980559553740932
864;29.50;14.50;True;False;False;False;960;37.50;16.50;True;False;False;False;1;22.44018758282982;0;22.44018758282982;22.44018758282982
864;29.50;14.50;True;False;False;False;975;52.50;16.50;True;False;False;False;1;23.17760058261001;0;23.17760058261001;23.17760058261001
864;29.50;14.50;True;False;False;False;992;25.50;17.50;True;False;False;False;1;12.649163070207578;0;12.649163070207578;12.649163070207578
864;29.50;14.50;True;False;False;False;993;26.50;17.50;True;False;False;False;1;10.885188386266236;0;10.885188386266236;10.885188386266236
864;29.50;14.50;True;False;False;False;1001;34.50;17.50;True;False;False;False;1;13.36139087846459;0;13.36139087846459;13.36139087846459
864;29.50;14.50;True;False;False;False;1002;35.50;17.50;True;False;False;False;1;14.00601731969573;0;14.00601731969573;14.00601731969573
864;29.50;14.50;True;False;False;False;1003;36.50;17.50;True;False;False;False;1;15.01420303298164;0;15.01420303298164;15.01420303298164
864;29.50;14.50;True;False;False;False;1006;39.50;17.50;True;False;False;False;2;16.16967852126163;0.7802121695226708;15.545093791412;16.79426325111126
864;29.50;14.50;True;False;False;False;1011;44.50;17.50;True;False;False;False;1;19.797784167234568;0;19.797784167234568;19.797784167234568
864;29.50;14.50;True;False;False;False;1013;46.50;17.50;True;False;False;False;1;25.229806027706218;0;25.229806027706218;25.229806027706218
864;29.50;14.50;True;False;False;False;1014;47.50;17.50;True;False;False;False;3;25.11259624112169;32.286429190600174;21.727037834132716;31.672605138728613
864;29.50;14.50;True;False;False;False;1016;49.50;17.50;True;False;False;False;1;23.18814735737942;0;23.18814735737942;23.18814735737942
864;29.50;14.50;True;False;False;False;1017;50.50;17.50;True;False;False;False;1;23.023884890716545;0;23.023884890716545;23.023884890716545
864;29.50;14.50;True;False;False;False;1019;52.50;17.50;True;False;False;False;2;23.913054359911257;0.009112822825422718;23.845553164272133;23.98055555555038
864;29.50;14.50;True;False;False;False;1086;31.50;19.50;True;False;False;False;1;11.48203463939899;0;11.48203463939899;11.48203463939899
864;29.50;14.50;True;False;False;False;1092;37.50;19.50;True;False;False;False;1;15.240093791417166;0;15.240093791417166;15.240093791417166
864;29.50;14.50;True;False;False;False;1099;44.50;19.50;True;False;False;False;1;20.419538235855725;0;20.419538235855725;20.419538235855725
864;29.50;14.50;True;False;False;False;1100;45.50;19.50;True;False;False;False;1;22.943888888888978;0;22.943888888888978;22.943888888888978
864;29.50;14.50;True;False;False;False;1101;46.50;19.50;True;False;False;False;1;23.519350653026777;0;23.519350653026777;23.519350653026777
864;29.50;14.50;True;False;False;False;1104;49.50;19.50;True;False;False;False;1;25.144486798525577;0;25.144486798525577;25.144486798525577
864;29.50;14.50;True;False;False;False;1105;50.50;19.50;True;False;False;False;1;24.88537116745465;0;24.88537116745465;24.88537116745465
864;29.50;14.50;True;False;False;False;1107;52.50;19.50;True;False;False;False;1;26.100743941829933;0;26.100743941829933;26.100743941829933
864;29.50;14.50;True;False;False;False;1129;30.50;20.50;True;False;False;False;1;11.523208860828163;0;11.523208860828163;11.523208860828163
864;29.50;14.50;True;False;False;False;1131;32.50;20.50;True;False;False;False;1;12.582243819972064;0;12.582243819972064;12.582243819972064
864;29.50;14.50;True;False;False;False;1136;37.50;20.50;True;False;False;False;1;16.720228131625845;0;16.720228131625845;16.720228131625845
864;29.50;14.50;True;False;False;False;1138;39.50;20.50;True;False;False;False;1;22.404263251089333;0;22.404263251089333;22.404263251089333
864;29.50;14.50;True;False;False;False;1149;50.50;20.50;True;False;False;False;1;26.186658670289034;0;26.186658670289034;26.186658670289034
864;29.50;14.50;True;False;False;False;1151;52.50;20.50;True;False;False;False;1;27.63731601363179;0;27.63731601363179;27.63731601363179
864;29.50;14.50;True;False;False;False;1196;9.50;22.50;True;False;False;False;1;25.86777413929417;0;25.86777413929417;25.86777413929417
864;29.50;14.50;True;False;False;False;1219;32.50;22.50;True;False;False;False;1;14.962510789369844;0;14.962510789369844;14.962510789369844
864;29.50;14.50;True;False;False;False;1234;47.50;22.50;True;False;False;False;1;25.059167068378883;0;25.059167068378883;25.059167068378883
864;29.50;14.50;True;False;False;False;1239;52.50;22.50;True;False;False;False;1;28.534721074252957;0;28.534721074252957;28.534721074252957
864;29.50;14.50;True;False;False;False;1262;31.50;23.50;True;False;False;False;1;14.204906208588909;0;14.204906208588909;14.204906208588909
864;29.50;14.50;True;False;False;False;1273;42.50;23.50;True;False;False;False;1;22.53786837446023;0;22.53786837446023;22.53786837446023
864;29.50;14.50;True;False;False;False;1276;45.50;23.50;True;False;False;False;1;24.11888888888825;0;24.11888888888825;24.11888888888825
864;29.50;14.50;True;False;False;False;1280;49.50;23.50;True;False;False;False;1;26.773371953586093;0;26.773371953586093;26.773371953586093
864;29.50;14.50;True;False;False;False;1281;50.50;23.50;True;False;False;False;1;27.77462507985001;0;27.77462507985001;27.77462507985001
864;29.50;14.50;True;False;False;False;1283;52.50;23.50;True;False;False;False;1;34.77407247351766;0;34.77407247351766;34.77407247351766
864;29.50;14.50;True;False;False;False;1343;24.50;25.50;True;False;False;False;1;17.76914627405131;0;17.76914627405131;17.76914627405131
864;29.50;14.50;True;False;False;False;1345;26.50;25.50;True;False;False;False;1;16.457683986365737;0;16.457683986365737;16.457683986365737
864;29.50;14.50;True;False;False;False;1353;34.50;25.50;True;False;False;False;1;18.63616283200463;0;18.63616283200463;18.63616283200463
864;29.50;14.50;True;False;False;False;1361;42.50;25.50;True;False;False;False;1;23.307600582612395;0;23.307600582612395;23.307600582612395
864;29.50;14.50;True;False;False;False;1410;47.50;26.50;True;False;False;False;1;27.284260859805727;0;27.284260859805727;27.284260859805727
865;30.50;14.50;True;False;False;False;44;61.50;15.50;False;False;True;False;2;104.1539079707618;1545.5342666176766;76.35521855365369;131.9525973878699
865;30.50;14.50;True;False;False;False;292;29.50;1.50;True;False;False;False;1;15.449256861617414;0;15.449256861617414;15.449256861617414
865;30.50;14.50;True;False;False;False;297;34.50;1.50;True;False;False;False;1;23.19935384776636;0;23.19935384776636;23.19935384776636
865;30.50;14.50;True;False;False;False;309;46.50;1.50;True;False;False;False;1;26.969628029073647;0;26.969628029073647;26.969628029073647
865;30.50;14.50;True;False;False;False;341;34.50;2.50;True;False;False;False;1;22.121851054756007;0;22.121851054756007;22.121851054756007
865;30.50;14.50;True;False;False;False;427;32.50;4.50;True;False;False;False;1;22.228427124749032;0;22.228427124749032;22.228427124749032
865;30.50;14.50;True;False;False;False;559;32.50;7.50;True;False;False;False;1;13.603617902308088;0;13.603617902308088;13.603617902308088
865;30.50;14.50;True;False;False;False;562;35.50;7.50;True;False;False;False;1;15.744658407661518;0;15.744658407661518;15.744658407661518
865;30.50;14.50;True;False;False;False;566;39.50;7.50;True;False;False;False;1;18.835270986583055;0;18.835270986583055;18.835270986583055
865;30.50;14.50;True;False;False;False;569;42.50;7.50;True;False;False;False;1;20.799069297857386;0;20.799069297857386;20.799069297857386
865;30.50;14.50;True;False;False;False;571;44.50;7.50;True;False;False;False;1;22.199350653035253;0;22.199350653035253;22.199350653035253
865;30.50;14.50;True;False;False;False;578;51.50;7.50;True;False;False;False;1;26.85092752647097;0;26.85092752647097;26.85092752647097
865;30.50;14.50;True;False;False;False;602;31.50;8.50;True;False;False;False;1;11.868059152015576;0;11.868059152015576;11.868059152015576
865;30.50;14.50;True;False;False;False;698;39.50;10.50;True;False;False;False;1;20.28676045807879;0;20.28676045807879;20.28676045807879
865;30.50;14.50;True;False;False;False;711;52.50;10.50;True;False;False;False;1;24.473892083625287;0;24.473892083625287;24.473892083625287
865;30.50;14.50;True;False;False;False;747;44.50;11.50;True;False;False;False;1;18.575929917754365;0;18.575929917754365;18.575929917754365
865;30.50;14.50;True;False;False;False;752;49.50;11.50;True;False;False;False;1;31.162218224051685;0;31.162218224051685;31.162218224051685
865;30.50;14.50;True;False;False;False;833;42.50;13.50;True;False;False;False;1;15.301215290179243;0;15.301215290179243;15.301215290179243
865;30.50;14.50;True;False;False;False;840;49.50;13.50;True;False;False;False;1;21.830930721206187;0;21.830930721206187;21.830930721206187
865;30.50;14.50;True;False;False;False;867;32.50;14.50;True;False;False;False;1;5.445919530099673;0;5.445919530099673;5.445919530099673
865;30.50;14.50;True;False;False;False;877;42.50;14.50;True;False;False;False;1;24.376298693933222;0;24.376298693933222;24.376298693933222
865;30.50;14.50;True;False;False;False;953;30.50;16.50;True;False;False;False;1;5.259555012987221;0;5.259555012987221;5.259555012987221
865;30.50;14.50;True;False;False;False;957;34.50;16.50;True;False;False;False;1;10.847415938942504;0;10.847415938942504;10.847415938942504
865;30.50;14.50;True;False;False;False;965;42.50;16.50;True;False;False;False;1;16.504076471713688;0;16.504076471713688;16.504076471713688
865;30.50;14.50;True;False;False;False;969;46.50;16.50;True;False;False;False;1;19.471204902524732;0;19.471204902524732;19.471204902524732
865;30.50;14.50;True;False;False;False;970;47.50;16.50;True;False;False;False;1;19.856948040905536;0;19.856948040905536;19.856948040905536
865;30.50;14.50;True;False;False;False;1012;45.50;17.50;True;False;False;False;1;18.59629230446626;0;18.59629230446626;18.59629230446626
865;30.50;14.50;True;False;False;False;1014;47.50;17.50;True;False;False;False;1;20.291099920004854;0;20.291099920004854;20.291099920004854
865;30.50;14.50;True;False;False;False;1085;30.50;19.50;True;False;False;False;1;7.062777777777228;0;7.062777777777228;7.062777777777228
865;30.50;14.50;True;False;False;False;1090;35.50;19.50;True;False;False;False;1;14.814264054538398;0;14.814264054538398;14.814264054538398
865;30.50;14.50;True;False;False;False;1104;49.50;19.50;True;False;False;False;1;33.186388487172735;0;33.186388487172735;33.186388487172735
865;30.50;14.50;True;False;False;False;1106;51.50;19.50;True;False;False;False;1;25.337045027052227;0;25.337045027052227;25.337045027052227
865;30.50;14.50;True;False;False;False;1276;45.50;23.50;True;False;False;False;1;24.813614707574743;0;24.813614707574743;24.813614707574743
865;30.50;14.50;True;False;False;False;1283;52.50;23.50;True;False;False;False;1;31.54308260207881;0;31.54308260207881;31.54308260207881
866;31.50;14.50;True;False;False;False;28;61.50;9.50;False;False;True;False;1;104.37880548513749;0;104.37880548513749;104.37880548513749
866;31.50;14.50;True;False;False;False;44;61.50;15.50;False;False;True;False;1;149.56806313113407;0;149.56806313113407;149.56806313113407
866;31.50;14.50;True;False;False;False;314;51.50;1.50;True;False;False;False;1;29.610645348790058;0;29.610645348790058;29.610645348790058
866;31.50;14.50;True;False;False;False;315;52.50;1.50;True;False;False;False;1;30.292135623729337;0;30.292135623729337;30.292135623729337
866;31.50;14.50;True;False;False;False;339;32.50;2.50;True;False;False;False;1;15.393795097477778;0;15.393795097477778;15.393795097477778
866;31.50;14.50;True;False;False;False;359;52.50;2.50;True;False;False;False;1;29.87417026312778;0;29.87417026312778;29.87417026312778
866;31.50;14.50;True;False;False;False;441;46.50;4.50;True;False;False;False;1;38.18575033129309;0;38.18575033129309;38.18575033129309
866;31.50;14.50;True;False;False;False;444;49.50;4.50;True;False;False;False;1;25.795748743446893;0;25.795748743446893;25.795748743446893
866;31.50;14.50;True;False;False;False;447;52.50;4.50;True;False;False;False;2;30.52194444443876;8.071298035415863;28.513051959085715;32.5308369297918
866;31.50;14.50;True;False;False;False;473;34.50;5.50;True;False;False;False;1;15.739628832531707;0;15.739628832531707;15.739628832531707
866;31.50;14.50;True;False;False;False;475;36.50;5.50;True;False;False;False;1;16.87361151283949;0;16.87361151283949;16.87361151283949
866;31.50;14.50;True;False;False;False;478;39.50;5.50;True;False;False;False;2;27.69935105475247;1.3050111745475876;26.89157287525404;28.507129234250897
866;31.50;14.50;True;False;False;False;481;42.50;5.50;True;False;False;False;2;23.37532627085102;10.25919352492088;21.110464958880584;25.640187582821454
866;31.50;14.50;True;False;False;False;485;46.50;5.50;True;False;False;False;2;25.202999066107623;1.2460046175237263;24.413694113150996;25.99230401906425
866;31.50;14.50;True;False;False;False;488;49.50;5.50;True;False;False;False;1;35.187875567382434;0;35.187875567382434;35.187875567382434
866;31.50;14.50;True;False;False;False;489;50.50;5.50;True;False;False;False;1;27.057590194952354;0;27.057590194952354;27.057590194952354
866;31.50;14.50;True;False;False;False;490;51.50;5.50;True;False;False;False;1;26.8874964035449;0;26.8874964035449;26.8874964035449
866;31.50;14.50;True;False;False;False;562;35.50;7.50;True;False;False;False;1;16.127486015891918;0;16.127486015891918;16.127486015891918
866;31.50;14.50;True;False;False;False;564;37.50;7.50;True;False;False;False;2;16.22384839217375;0.06732894930734133;16.040369579626713;16.407327204720787
866;31.50;14.50;True;False;False;False;566;39.50;7.50;True;False;False;False;1;16.957128430808552;0;16.957128430808552;16.957128430808552
866;31.50;14.50;True;False;False;False;569;42.50;7.50;True;False;False;False;1;23.200516935335145;0;23.200516935335145;23.200516935335145
866;31.50;14.50;True;False;False;False;571;44.50;7.50;True;False;False;False;1;21.074535022052487;0;21.074535022052487;21.074535022052487
866;31.50;14.50;True;False;False;False;574;47.50;7.50;True;False;False;False;1;22.54352411089667;0;22.54352411089667;22.54352411089667
866;31.50;14.50;True;False;False;False;576;49.50;7.50;True;False;False;False;2;24.668474020457325;0.35490615502488404;24.24722222222681;25.08972581868784
866;31.50;14.50;True;False;False;False;577;50.50;7.50;True;False;False;False;1;25.84833652806833;0;25.84833652806833;25.84833652806833
866;31.50;14.50;True;False;False;False;579;52.50;7.50;True;False;False;False;1;25.651298693934223;0;25.651298693934223;25.651298693934223
866;31.50;14.50;True;False;False;False;618;47.50;8.50;True;False;False;False;2;24.517800963461468;9.091745552605165;22.38569571833341;26.649906208589528
866;31.50;14.50;True;False;False;False;693;34.50;10.50;True;False;False;False;1;13.841666666667152;0;13.841666666667152;13.841666666667152
866;31.50;14.50;True;False;False;False;700;41.50;10.50;True;False;False;False;1;16.01897948556507;0;16.01897948556507;16.01897948556507
866;31.50;14.50;True;False;False;False;701;42.50;10.50;True;False;False;False;2;17.22699453488417;0.0066656167217978915;17.16926405453887;17.28472501522947
866;31.50;14.50;True;False;False;False;706;47.50;10.50;True;False;False;False;1;20.59482418560674;0;20.59482418560674;20.59482418560674
866;31.50;14.50;True;False;False;False;711;52.50;10.50;True;False;False;False;1;24.281204902524678;0;24.281204902524678;24.281204902524678
866;31.50;14.50;True;False;False;False;725;22.50;11.50;True;False;False;False;1;14.519718625767382;0;14.519718625767382;14.519718625767382
866;31.50;14.50;True;False;False;False;742;39.50;11.50;True;False;False;False;1;14.38398268030096;0;14.38398268030096;14.38398268030096
866;31.50;14.50;True;False;False;False;748;45.50;11.50;True;False;False;False;1;22.417316013635173;0;22.417316013635173;22.417316013635173
866;31.50;14.50;True;False;False;False;750;47.50;11.50;True;False;False;False;1;19.893798292212523;0;19.893798292212523;19.893798292212523
866;31.50;14.50;True;False;False;False;752;49.50;11.50;True;False;False;False;1;28.898153746877142;0;28.898153746877142;28.898153746877142
866;31.50;14.50;True;False;False;False;753;50.50;11.50;True;False;False;False;1;22.10175726334728;0;22.10175726334728;22.10175726334728
866;31.50;14.50;True;False;False;False;754;51.50;11.50;True;False;False;False;1;22.54722302567643;0;22.54722302567643;22.54722302567643
866;31.50;14.50;True;False;False;False;755;52.50;11.50;True;False;False;False;1;23.910187582825984;0;23.910187582825984;23.910187582825984
866;31.50;14.50;True;False;False;False;821;30.50;13.50;True;False;False;False;2;6.589205967716907;0.0965232730028149;6.369520655277938;6.808891280155876
866;31.50;14.50;True;False;False;False;828;37.50;13.50;True;False;False;False;1;15.70381667624224;0;15.70381667624224;15.70381667624224
866;31.50;14.50;True;False;False;False;830;39.50;13.50;True;False;False;False;2;13.271061020669777;0.012964317457646786;13.19054916608411;13.351572875255442
866;31.50;14.50;True;False;False;False;836;45.50;13.50;True;False;False;False;1;23.558798292211577;0;23.558798292211577;23.558798292211577
866;31.50;14.50;True;False;False;False;837;46.50;13.50;True;False;False;False;2;17.79416666666532;0.9210260802437467;17.115555555555375;18.472777777775264
866;31.50;14.50;True;False;False;False;838;47.50;13.50;True;False;False;False;3;18.844572618909904;1.0924810143920876;17.950092203566783;19.993531861749943
866;31.50;14.50;True;False;False;False;841;50.50;13.50;True;False;False;False;1;44.277511592832525;0;44.277511592832525;44.277511592832525
866;31.50;14.50;True;False;False;False;862;27.50;14.50;True;False;False;False;1;5.9544516373664464;0;5.9544516373664464;5.9544516373664464
866;31.50;14.50;True;False;False;False;871;36.50;14.50;True;False;False;False;1;7.418715691906982;0;7.418715691906982;7.418715691906982
866;31.50;14.50;True;False;False;False;872;37.50;14.50;True;False;False;False;2;7.96342352828583;0.10141925677144988;7.738235543735755;8.188611512835905
866;31.50;14.50;True;False;False;False;874;39.50;14.50;True;False;False;False;1;11.069908599874907;0;11.069908599874907;11.069908599874907
866;31.50;14.50;True;False;False;False;875;40.50;14.50;True;False;False;False;1;10.342594193143668;0;10.342594193143668;10.342594193143668
866;31.50;14.50;True;False;False;False;880;45.50;14.50;True;False;False;False;1;13.66648227857877;0;13.66648227857877;13.66648227857877
866;31.50;14.50;True;False;False;False;884;49.50;14.50;True;False;False;False;1;16.49148547331606;0;16.49148547331606;16.49148547331606
866;31.50;14.50;True;False;False;False;885;50.50;14.50;True;False;False;False;1;16.352128430809444;0;16.352128430809444;16.352128430809444
866;31.50;14.50;True;False;False;False;952;29.50;16.50;True;False;False;False;1;8.9731102296455;0;8.9731102296455;8.9731102296455
866;31.50;14.50;True;False;False;False;960;37.50;16.50;True;False;False;False;1;12.410822543958602;0;12.410822543958602;12.410822543958602
866;31.50;14.50;True;False;False;False;963;40.50;16.50;True;False;False;False;1;14.912239802799377;0;14.912239802799377;14.912239802799377
866;31.50;14.50;True;False;False;False;973;50.50;16.50;True;False;False;False;1;22.473063150203416;0;22.473063150203416;22.473063150203416
866;31.50;14.50;True;False;False;False;975;52.50;16.50;True;False;False;False;1;21.88009379140931;0;21.88009379140931;21.88009379140931
866;31.50;14.50;True;False;False;False;987;20.50;17.50;True;False;False;False;1;16.49388888889007;0;16.49388888889007;16.49388888889007
866;31.50;14.50;True;False;False;False;991;24.50;17.50;True;False;False;False;1;13.281495615483436;0;13.281495615483436;13.281495615483436
866;31.50;14.50;True;False;False;False;1009;42.50;17.50;True;False;False;False;2;16.983648422607075;0.0006158998870837445;16.966099920005945;17.001196925208205
866;31.50;14.50;True;False;False;False;1011;44.50;17.50;True;False;False;False;1;17.926948040908428;0;17.926948040908428;17.926948040908428
866;31.50;14.50;True;False;False;False;1012;45.50;17.50;True;False;False;False;2;18.85759926420542;1.4709529959313516;18;19.715198528410838
866;31.50;14.50;True;False;False;False;1016;49.50;17.50;True;False;False;False;1;21.124253666885124;0;21.124253666885124;21.124253666885124
866;31.50;14.50;True;False;False;False;1019;52.50;17.50;True;False;False;False;1;23.58676045807897;0;23.58676045807897;23.58676045807897
866;31.50;14.50;True;False;False;False;1094;39.50;19.50;True;False;False;False;2;16.42606235363519;0.5282457578294618;15.912133488017844;16.939991219252533
866;31.50;14.50;True;False;False;False;1097;42.50;19.50;True;False;False;False;2;18.432254241634382;0.5573092116303808;17.904376788227637;18.960131695041127
866;31.50;14.50;True;False;False;False;1100;45.50;19.50;True;False;False;False;1;20.470100180880763;0;20.470100180880763;20.470100180880763
866;31.50;14.50;True;False;False;False;1101;46.50;19.50;True;False;False;False;1;21.929076471716144;0;21.929076471716144;21.929076471716144
866;31.50;14.50;True;False;False;False;1105;50.50;19.50;True;False;False;False;2;23.755604228481957;0.017060993513843783;23.663243540107942;23.84796491685597
866;31.50;14.50;True;False;False;False;1133;34.50;20.50;True;False;False;False;1;14.000555555556275;0;14.000555555556275;14.000555555556275
866;31.50;14.50;True;False;False;False;1138;39.50;20.50;True;False;False;False;1;16.482825197833336;0;16.482825197833336;16.482825197833336
866;31.50;14.50;True;False;False;False;1151;52.50;20.50;True;False;False;False;1;26.18388888889058;0;26.18388888889058;26.18388888889058
866;31.50;14.50;True;False;False;False;1219;32.50;22.50;True;False;False;False;1;13.582962165872232;0;13.582962165872232;13.582962165872232
866;31.50;14.50;True;False;False;False;1234;47.50;22.50;True;False;False;False;1;24.105274984767675;0;24.105274984767675;24.105274984767675
866;31.50;14.50;True;False;False;False;1237;50.50;22.50;True;False;False;False;2;25.18829522791566;0.16601203032058548;24.900187582823946;25.476402873007373
866;31.50;14.50;True;False;False;False;1263;32.50;23.50;True;False;False;False;1;13.877128430809535;0;13.877128430809535;13.877128430809535
866;31.50;14.50;True;False;False;False;1265;34.50;23.50;True;False;False;False;1;15.40176045807857;0;15.40176045807857;15.40176045807857
866;31.50;14.50;True;False;False;False;1266;35.50;23.50;True;False;False;False;1;19.09944444444318;0;19.09944444444318;19.09944444444318
866;31.50;14.50;True;False;False;False;1268;37.50;23.50;True;False;False;False;1;17.895492039619512;0;17.895492039619512;17.895492039619512
866;31.50;14.50;True;False;False;False;1273;42.50;23.50;True;False;False;False;2;21.597963361512484;0.02299235249563673;21.49074313838355;21.705183584641418
866;31.50;14.50;True;False;False;False;1328;9.50;25.50;True;False;False;False;1;29.404624030896684;0;29.404624030896684;29.404624030896684
866;31.50;14.50;True;False;False;False;1348;29.50;25.50;True;False;False;False;1;21.94232186418776;0;21.94232186418776;21.94232186418776
866;31.50;14.50;True;False;False;False;1353;34.50;25.50;True;False;False;False;1;18.102038637583064;0;18.102038637583064;18.102038637583064
866;31.50;14.50;True;False;False;False;1359;40.50;25.50;True;False;False;False;1;20.864357845953236;0;20.864357845953236;20.864357845953236
866;31.50;14.50;True;False;False;False;1364;45.50;25.50;True;False;False;False;1;24.283427124745685;0;24.283427124745685;24.283427124745685
866;31.50;14.50;True;False;False;False;1366;47.50;25.50;True;False;False;False;2;28.149466023198784;19.277251747686783;25.0448523799505;31.25407966644707
866;31.50;14.50;True;False;False;False;1403;40.50;26.50;True;False;False;False;1;22.320479344720297;0;22.320479344720297;22.320479344720297
866;31.50;14.50;True;False;False;False;1415;52.50;26.50;True;False;False;False;1;29.437409805045718;0;29.437409805045718;29.437409805045718
867;32.50;14.50;True;False;False;False;28;61.50;9.50;False;False;True;False;1;80.16613373885775;0;80.16613373885775;80.16613373885775
867;32.50;14.50;True;False;False;False;44;61.50;15.50;False;False;True;False;2;88.93440753465939;80.25859955473226;82.59963841673834;95.26917665258043
867;32.50;14.50;True;False;False;False;92;0.50;12.50;False;True;False;False;1;308.0161247794131;0;308.0161247794131;308.0161247794131
867;32.50;14.50;True;False;False;False;571;44.50;7.50;True;False;False;False;1;23.95020806474531;0;23.95020806474531;23.95020806474531
867;32.50;14.50;True;False;False;False;709;50.50;10.50;True;False;False;False;1;28.555549166087076;0;28.555549166087076;28.555549166087076
867;32.50;14.50;True;False;False;False;734;31.50;11.50;True;False;False;False;2;8.935883031563208;0.461615327678293;8.455458569405891;9.416307493720524
867;32.50;14.50;True;False;False;False;737;34.50;11.50;True;False;False;False;1;9.387607775537617;0;9.387607775537617;9.387607775537617
867;32.50;14.50;True;False;False;False;821;30.50;13.50;True;False;False;False;2;8.351454858779107;0.07412900359922323;8.158933426726435;8.543976290831779
867;32.50;14.50;True;False;False;False;884;49.50;14.50;True;False;False;False;1;33.57101731969124;0;33.57101731969124;33.57101731969124
867;32.50;14.50;True;False;False;False;1012;45.50;17.50;True;False;False;False;1;18.49655639151206;0;18.49655639151206;18.49655639151206
867;32.50;14.50;True;False;False;False;1277;46.50;23.50;True;False;False;False;1;22.945181193354074;0;22.945181193354074;22.945181193354074
869;34.50;14.50;True;False;False;False;12;61.50;3.50;False;False;True;False;1;103.94611830403358;0;103.94611830403358;103.94611830403358
869;34.50;14.50;True;False;False;False;28;61.50;9.50;False;False;True;False;1;127.98288595502527;0;127.98288595502527;127.98288595502527
869;34.50;14.50;True;False;False;False;44;61.50;15.50;False;False;True;False;1;126.30796216587169;0;126.30796216587169;126.30796216587169
869;34.50;14.50;True;False;False;False;60;61.50;21.50;False;False;True;False;1;132.24991101020169;0;132.24991101020169;132.24991101020169
869;34.50;14.50;True;False;False;False;92;0.50;12.50;False;True;False;False;1;253.39924567049093;0;253.39924567049093;253.39924567049093
869;34.50;14.50;True;False;False;False;733;30.50;11.50;True;False;False;False;1;11.287971750063662;0;11.287971750063662;11.287971750063662
869;34.50;14.50;True;False;False;False;821;30.50;13.50;True;False;False;False;2;9.826235114545739;1.2021377664284816;9.050948791169503;10.601521437921974
869;34.50;14.50;True;False;False;False;822;31.50;13.50;True;False;False;False;1;8.956940847982878;0;8.956940847982878;8.956940847982878
869;34.50;14.50;True;False;False;False;1016;49.50;17.50;True;False;False;False;1;18.989538235857253;0;18.989538235857253;18.989538235857253
869;34.50;14.50;True;False;False;False;1017;50.50;17.50;True;False;False;False;1;20.65435065303427;0;20.65435065303427;20.65435065303427
870;35.50;14.50;True;False;False;False;44;61.50;15.50;False;False;True;False;3;103.22152393636891;1600.5084508795728;64.16777297614044;144.11687743509538
870;35.50;14.50;True;False;False;False;60;61.50;21.50;False;False;True;False;2;81.1525957904978;703.4793612350206;62.397871569184645;99.90732001181095
870;35.50;14.50;True;False;False;False;754;51.50;11.50;True;False;False;False;1;19.546020514426345;0;19.546020514426345;19.546020514426345
870;35.50;14.50;True;False;False;False;820;29.50;13.50;True;False;False;False;2;10.809489742779988;0.0271558632804847;10.692965360609378;10.926014124950598
870;35.50;14.50;True;False;False;False;822;31.50;13.50;True;False;False;False;1;10.137597387876667;0;10.137597387876667;10.137597387876667
870;35.50;14.50;True;False;False;False;1328;9.50;25.50;True;False;False;False;1;34.84431920663201;0;34.84431920663201;34.84431920663201
871;36.50;14.50;True;False;False;False;12;61.50;3.50;False;False;True;False;1;116.78425846849859;0;116.78425846849859;116.78425846849859
871;36.50;14.50;True;False;False;False;44;61.50;15.50;False;False;True;False;1;125.9916738595748;0;125.9916738595748;125.9916738595748
871;36.50;14.50;True;False;False;False;92;0.50;12.50;False;True;False;False;2;277.2132659318836;748.1490975514458;257.87225900939575;296.55427285437145
871;36.50;14.50;True;False;False;False;821;30.50;13.50;True;False;False;False;1;11.08944444444387;0;11.08944444444387;11.08944444444387
871;36.50;14.50;True;False;False;False;822;31.50;13.50;True;False;False;False;1;10.627684789815248;0;10.627684789815248;10.627684789815248
871;36.50;14.50;True;False;False;False;958;35.50;16.50;True;False;False;False;1;9.333059152017086;0;9.333059152017086;9.333059152017086
871;36.50;14.50;True;False;False;False;1405;42.50;26.50;True;False;False;False;1;20.57259738787343;0;20.57259738787343;20.57259738787343
872;37.50;14.50;True;False;False;False;12;61.50;3.50;False;False;True;False;5;116.39856434774863;577.6908267910937;94.67158326291019;157.18204263576933
872;37.50;14.50;True;False;False;False;28;61.50;9.50;False;False;True;False;6;97.65603894887454;358.3913327108835;68.58509059667722;119.89027578820969
872;37.50;14.50;True;False;False;False;44;61.50;15.50;False;False;True;False;3;102.47723731695321;2463.423802185769;46.12978098959866;139.71445963373844
872;37.50;14.50;True;False;False;False;76;0.50;6.50;False;True;False;False;1;600.1475906015694;0;600.1475906015694;600.1475906015694
872;37.50;14.50;True;False;False;False;92;0.50;12.50;False;True;False;False;1;238.5657420793459;0;238.5657420793459;238.5657420793459
872;37.50;14.50;True;False;False;False;124;0.50;24.50;False;True;False;False;2;320.03080666371716;119091.92045523887;76.01039721479538;564.0512161126389
872;37.50;14.50;True;False;False;False;412;17.50;4.50;True;False;False;False;1;27.157962165863864;0;27.157962165863864;27.157962165863864
872;37.50;14.50;True;False;False;False;732;29.50;11.50;True;False;False;False;2;14.320663174059518;0.007579819502088553;14.259100931158173;14.382225416960864
872;37.50;14.50;True;False;False;False;733;30.50;11.50;True;False;False;False;2;13.948333333331902;0.5106039966202457;13.443059152010392;14.453607514653413
872;37.50;14.50;True;False;False;False;752;49.50;11.50;True;False;False;False;1;19.950382339505722;0;19.950382339505722;19.950382339505722
872;37.50;14.50;True;False;False;False;820;29.50;13.50;True;False;False;False;2;18.253335332428833;58.26604698722637;12.855833735058695;23.65083692979897
872;37.50;14.50;True;False;False;False;825;34.50;13.50;True;False;False;False;1;8.65167227175607;0;8.65167227175607;8.65167227175607
872;37.50;14.50;True;False;False;False;864;29.50;14.50;True;False;False;False;3;8.370805398169978;0.031373805454703516;8.172600582600353;8.513610709387649
872;37.50;14.50;True;False;False;False;865;30.50;14.50;True;False;False;False;1;19.78593366036239;0;19.78593366036239;19.78593366036239
872;37.50;14.50;True;False;False;False;882;47.50;14.50;True;False;False;False;1;10.103334136781086;0;10.103334136781086;10.103334136781086
872;37.50;14.50;True;False;False;False;1096;41.50;19.50;True;False;False;False;1;13.983795097468828;0;13.983795097468828;13.983795097468828
872;37.50;14.50;True;False;False;False;1136;37.50;20.50;True;False;False;False;1;8.975181193356548;0;8.975181193356548;8.975181193356548
872;37.50;14.50;True;False;False;False;1366;47.50;25.50;True;False;False;False;1;29.075533976796578;0;29.075533976796578;29.075533976796578
874;39.50;14.50;True;False;False;False;12;61.50;3.50;False;False;True;False;2;104.84943844717418;7054.606733288601;45.458333333324845;164.24054356102351
874;39.50;14.50;True;False;False;False;28;61.50;9.50;False;False;True;False;6;116.99240380777931;922.0183621458597;86.31139248534419;161.53259977914058
874;39.50;14.50;True;False;False;False;60;61.50;21.50;False;False;True;False;1;46.96481641536229;0;46.96481641536229;46.96481641536229
874;39.50;14.50;True;False;False;False;108;0.50;18.50;False;True;False;False;1;559.7292118518126;0;559.7292118518126;559.7292118518126
874;39.50;14.50;True;False;False;False;326;19.50;2.50;True;False;False;False;1;28.894361844133527;0;28.894361844133527;28.894361844133527
874;39.50;14.50;True;False;False;False;821;30.50;13.50;True;False;False;False;1;12.592523587383766;0;12.592523587383766;12.592523587383766
874;39.50;14.50;True;False;False;False;822;31.50;13.50;True;False;False;False;1;12.0331489452401;0;12.0331489452401;12.0331489452401
874;39.50;14.50;True;False;False;False;823;32.50;13.50;True;False;False;False;1;11.706447637441215;0;11.706447637441215;11.706447637441215
874;39.50;14.50;True;False;False;False;828;37.50;13.50;True;False;False;False;1;7.831396483532444;0;7.831396483532444;7.831396483532444
874;39.50;14.50;True;False;False;False;835;44.50;13.50;True;False;False;False;1;10.166017319697858;0;10.166017319697858;10.166017319697858
874;39.50;14.50;True;False;False;False;864;29.50;14.50;True;False;False;False;1;10.283718083186614;0;10.283718083186614;10.283718083186614
874;39.50;14.50;True;False;False;False;866;31.50;14.50;True;False;False;False;1;9.312877958661375;0;9.312877958661375;9.312877958661375
874;39.50;14.50;True;False;False;False;875;40.50;14.50;True;False;False;False;1;3.5527777777933807;0;3.5527777777933807;3.5527777777933807
874;39.50;14.50;True;False;False;False;1094;39.50;19.50;True;False;False;False;1;7.741017319700404;0;7.741017319700404;7.741017319700404
875;40.50;14.50;True;False;False;False;12;61.50;3.50;False;False;True;False;2;112.0546320272706;122.89929892404326;104.21564934697199;119.89361470756921
875;40.50;14.50;True;False;False;False;28;61.50;9.50;False;False;True;False;3;91.9667919896984;1593.972315580871;50.91971862576975;130.66519158099618
875;40.50;14.50;True;False;False;False;44;61.50;15.50;False;False;True;False;4;103.1212079011591;917.6052234756106;71.13250359645463;143.2794484426231
875;40.50;14.50;True;False;False;False;92;0.50;12.50;False;True;False;False;1;253.9136282899417;0;253.9136282899417;253.9136282899417
875;40.50;14.50;True;False;False;False;299;36.50;1.50;True;False;False;False;1;18.205930721205732;0;18.205930721205732;18.205930721205732
875;40.50;14.50;True;False;False;False;541;14.50;7.50;True;False;False;False;1;30.24379509747814;0;30.24379509747814;30.24379509747814
875;40.50;14.50;True;False;False;False;733;30.50;11.50;True;False;False;False;1;16.18982280483135;0;16.18982280483135;16.18982280483135
875;40.50;14.50;True;False;False;False;734;31.50;11.50;True;False;False;False;1;14.70481322062551;0;14.70481322062551;14.70481322062551
875;40.50;14.50;True;False;False;False;820;29.50;13.50;True;False;False;False;1;14.051389290616498;0;14.051389290616498;14.051389290616498
875;40.50;14.50;True;False;False;False;821;30.50;13.50;True;False;False;False;1;14.206204902526224;0;14.206204902526224;14.206204902526224
875;40.50;14.50;True;False;False;False;822;31.50;13.50;True;False;False;False;1;13.77046495887771;0;13.77046495887771;13.77046495887771
875;40.50;14.50;True;False;False;False;843;52.50;13.50;True;False;False;False;1;15.224350653028523;0;15.224350653028523;15.224350653028523
875;40.50;14.50;True;False;False;False;866;31.50;14.50;True;False;False;False;1;9.321118304029369;0;9.321118304029369;9.321118304029369
875;40.50;14.50;True;False;False;False;1364;45.50;25.50;True;False;False;False;1;26.658427124745685;0;26.658427124745685;26.658427124745685
876;41.50;14.50;True;False;False;False;28;61.50;9.50;False;False;True;False;5;146.78143383558745;3228.1808971401147;106.37890327471541;245.77322995770737
876;41.50;14.50;True;False;False;False;44;61.50;15.50;False;False;True;False;1;98.28037836038675;0;98.28037836038675;98.28037836038675
876;41.50;14.50;True;False;False;False;60;61.50;21.50;False;False;True;False;1;142.33120331468126;0;142.33120331468126;142.33120331468126
876;41.50;14.50;True;False;False;False;76;0.50;6.50;False;True;False;False;1;564.4637292933148;0;564.4637292933148;564.4637292933148
876;41.50;14.50;True;False;False;False;822;31.50;13.50;True;False;False;False;1;17.532208639840974;0;17.532208639840974;17.532208639840974
876;41.50;14.50;True;False;False;False;823;32.50;13.50;True;False;False;False;1;12.554170263134438;0;12.554170263134438;12.554170263134438
876;41.50;14.50;True;False;False;False;866;31.50;14.50;True;False;False;False;2;14.133059152026362;10.133313460349932;11.882135623744034;16.38398268030869
876;41.50;14.50;True;False;False;False;959;36.50;16.50;True;False;False;False;1;11.870281374249316;0;11.870281374249316;11.870281374249316
876;41.50;14.50;True;False;False;False;972;49.50;16.50;True;False;False;False;1;14.24896990135312;0;14.24896990135312;14.24896990135312
876;41.50;14.50;True;False;False;False;975;52.50;16.50;True;False;False;False;1;16.38925686161747;0;16.38925686161747;16.38925686161747
876;41.50;14.50;True;False;False;False;1102;47.50;19.50;True;False;False;False;1;15.164783380889276;0;15.164783380889276;15.164783380889276
877;42.50;14.50;True;False;False;False;28;61.50;9.50;False;False;True;False;1;92.38981641535065;0;92.38981641535065;92.38981641535065
877;42.50;14.50;True;False;False;False;44;61.50;15.50;False;False;True;False;2;92.39512005874803;194.00732813510803;82.54607624386153;102.24416387363453
877;42.50;14.50;True;False;False;False;60;61.50;21.50;False;False;True;False;7;94.52844532514695;1274.6288269847396;35.50936104068751;136.6883397418478
877;42.50;14.50;True;False;False;False;76;0.50;6.50;False;True;False;False;1;546.9836026651392;0;546.9836026651392;546.9836026651392
877;42.50;14.50;True;False;False;False;305;42.50;1.50;True;False;False;False;1;14.62185025130293;0;14.62185025130293;14.62185025130293
877;42.50;14.50;True;False;False;False;734;31.50;11.50;True;False;False;False;2;18.14653117337184;6.559242234364292;16.33555875028469;19.95750359645899
877;42.50;14.50;True;False;False;False;820;29.50;13.50;True;False;False;False;3;23.57287023646283;13.476079278381754;20.781111111114114;27.731111111113933
877;42.50;14.50;True;False;False;False;821;30.50;13.50;True;False;False;False;1;14.997212373475122;0;14.997212373475122;14.997212373475122
877;42.50;14.50;True;False;False;False;822;31.50;13.50;True;False;False;False;1;14.59101731969713;0;14.59101731969713;14.59101731969713
877;42.50;14.50;True;False;False;False;840;49.50;13.50;True;False;False;False;1;11.08870210951136;0;11.08870210951136;11.08870210951136
877;42.50;14.50;True;False;False;False;866;31.50;14.50;True;False;False;False;2;11.871332923922637;1.4917789746888375;11.00768398636501;12.734981861480264
879;44.50;14.50;True;False;False;False;28;61.50;9.50;False;False;True;False;2;113.0168085875581;598.9161203271442;95.71195203907519;130.32166513604102
879;44.50;14.50;True;False;False;False;44;61.50;15.50;False;False;True;False;3;113.675436099072;355.29119189192045;97.30064934696748;134.28019477575253
879;44.50;14.50;True;False;False;False;60;61.50;21.50;False;False;True;False;1;112.82814655394213;0;112.82814655394213;112.82814655394213
879;44.50;14.50;True;False;False;False;76;0.50;6.50;False;True;False;False;1;552.9695382548653;0;552.9695382548653;552.9695382548653
879;44.50;14.50;True;False;False;False;108;0.50;18.50;False;True;False;False;1;555.769057804233;0;555.769057804233;555.769057804233
879;44.50;14.50;True;False;False;False;577;50.50;7.50;True;False;False;False;1;15.836388487172371;0;15.836388487172371;15.836388487172371
879;44.50;14.50;True;False;False;False;732;29.50;11.50;True;False;False;False;1;28.379806027705854;0;28.379806027705854;28.379806027705854
879;44.50;14.50;True;False;False;False;733;30.50;11.50;True;False;False;False;1;21.913140164480865;0;21.913140164480865;21.913140164480865
879;44.50;14.50;True;False;False;False;820;29.50;13.50;True;False;False;False;1;18.629170263131527;0;18.629170263131527;18.629170263131527
879;44.50;14.50;True;False;False;False;822;31.50;13.50;True;False;False;False;1;17.31935384776898;0;17.31935384776898;17.31935384776898
879;44.50;14.50;True;False;False;False;849;14.50;14.50;True;False;False;False;1;30.55057152923837;0;30.55057152923837;30.55057152923837
879;44.50;14.50;True;False;False;False;866;31.50;14.50;True;False;False;False;1;13.475000000000136;0;13.475000000000136;13.475000000000136
879;44.50;14.50;True;False;False;False;875;40.50;14.50;True;False;False;False;1;7.838597930438482;0;7.838597930438482;7.838597930438482
880;45.50;14.50;True;False;False;False;12;61.50;3.50;False;False;True;False;1;96.36592752648721;0;96.36592752648721;96.36592752648721
880;45.50;14.50;True;False;False;False;28;61.50;9.50;False;False;True;False;1;103.52009778960564;0;103.52009778960564;103.52009778960564
880;45.50;14.50;True;False;False;False;44;61.50;15.50;False;False;True;False;7;117.74897734508075;3256.396769236984;71.84101412494874;234.57448089842728
880;45.50;14.50;True;False;False;False;60;61.50;21.50;False;False;True;False;1;66.75740819813655;0;66.75740819813655;66.75740819813655
880;45.50;14.50;True;False;False;False;76;0.50;6.50;False;True;False;False;1;568.02493817504;0;568.02493817504;568.02493817504
880;45.50;14.50;True;False;False;False;734;31.50;11.50;True;False;False;False;1;23.086204902523605;0;23.086204902523605;23.086204902523605
880;45.50;14.50;True;False;False;False;820;29.50;13.50;True;False;False;False;2;33.08693925062062;0.8950692287061954;32.4179589711257;33.755919530115534
880;45.50;14.50;True;False;False;False;821;30.50;13.50;True;False;False;False;1;31.832683986354823;0;31.832683986354823;31.832683986354823
880;45.50;14.50;True;False;False;False;822;31.50;13.50;True;False;False;False;3;16.88509352359203;1.4848446398773392;16.053888085432845;18.28388888888003
880;45.50;14.50;True;False;False;False;866;31.50;14.50;True;False;False;False;1;12.872871569190465;0;12.872871569190465;12.872871569190465
880;45.50;14.50;True;False;False;False;940;17.50;16.50;True;False;False;False;1;27.071763652817936;0;27.071763652817936;27.071763652817936
880;45.50;14.50;True;False;False;False;947;24.50;16.50;True;False;False;False;1;22.29119851305404;0;22.29119851305404;22.29119851305404
880;45.50;14.50;True;False;False;False;1251;20.50;23.50;True;False;False;False;1;30.44528856715806;0;30.44528856715806;30.44528856715806
881;46.50;14.50;True;False;False;False;28;61.50;9.50;False;False;True;False;1;94.47453823585556;0;94.47453823585556;94.47453823585556
881;46.50;14.50;True;False;False;False;44;61.50;15.50;False;False;True;False;2;95.1427885194795;87.00739289421594;88.54705531936384;101.73852171959516
881;46.50;14.50;True;False;False;False;704;45.50;10.50;True;False;False;False;1;13.687276938332161;0;13.687276938332161;13.687276938332161
881;46.50;14.50;True;False;False;False;821;30.50;13.50;True;False;False;False;1;23.578148945240173;0;23.578148945240173;23.578148945240173
881;46.50;14.50;True;False;False;False;866;31.50;14.50;True;False;False;False;1;14.568060701711374;0;14.568060701711374;14.568060701711374
882;47.50;14.50;True;False;False;False;28;61.50;9.50;False;False;True;False;3;86.34773528821097;9.039819732444908;84.1538472152206;89.77490701204442
882;47.50;14.50;True;False;False;False;44;61.50;15.50;False;False;True;False;4;128.64371281085664;1706.228930047317;97.64630508341088;187.47851052850092
882;47.50;14.50;True;False;False;False;60;61.50;21.50;False;False;True;False;1;114.9854824441104;0;114.9854824441104;114.9854824441104
882;47.50;14.50;True;False;False;False;295;32.50;1.50;True;False;False;False;1;25.463336528071522;0;25.463336528071522;25.463336528071522
882;47.50;14.50;True;False;False;False;572;45.50;7.50;True;False;False;False;1;12.284166264977102;0;12.284166264977102;12.284166264977102
882;47.50;14.50;True;False;False;False;588;17.50;8.50;True;False;False;False;1;30.584445247881376;0;30.584445247881376;30.584445247881376
882;47.50;14.50;True;False;False;False;820;29.50;13.50;True;False;False;False;2;38.19976711882191;24.665503178085782;34.68796536060108;41.71156887704274
882;47.50;14.50;True;False;False;False;864;29.50;14.50;True;False;False;False;1;32.77602849173718;0;32.77602849173718;32.77602849173718
882;47.50;14.50;True;False;False;False;974;51.50;16.50;True;False;False;False;1;11.78777458303739;0;11.78777458303739;11.78777458303739
882;47.50;14.50;True;False;False;False;1364;45.50;25.50;True;False;False;False;1;15.13684786001977;0;15.13684786001977;15.13684786001977
884;49.50;14.50;True;False;False;False;12;61.50;3.50;False;False;True;False;3;106.97228848018615;1364.04395628533;69.22185424948111;143.02954542875523
884;49.50;14.50;True;False;False;False;28;61.50;9.50;False;False;True;False;5;113.63164924296916;3947.3496463658184;72.40602451261657;220.49999467837506
884;49.50;14.50;True;False;False;False;44;61.50;15.50;False;False;True;False;5;134.48660761482643;1557.7397488998363;100.62839485581026;194.31612869165838
884;49.50;14.50;True;False;False;False;60;61.50;21.50;False;False;True;False;3;89.68265538801329;1069.0632391294823;52.4236075146506;113.59287556736308
884;49.50;14.50;True;False;False;False;108;0.50;18.50;False;True;False;False;1;586.9897322271827;0;586.9897322271827;586.9897322271827
884;49.50;14.50;True;False;False;False;456;17.50;5.50;True;False;False;False;1;34.13759019495046;0;34.13759019495046;34.13759019495046
884;49.50;14.50;True;False;False;False;480;41.50;5.50;True;False;False;False;1;23.564903817299637;0;23.564903817299637;23.564903817299637
884;49.50;14.50;True;False;False;False;483;44.50;5.50;True;False;False;False;1;16.53074633311917;0;16.53074633311917;16.53074633311917
884;49.50;14.50;True;False;False;False;486;47.50;5.50;True;False;False;False;1;13.671479083841405;0;13.671479083841405;13.671479083841405
884;49.50;14.50;True;False;False;False;566;39.50;7.50;True;False;False;False;1;18.240268595291127;0;18.240268595291127;18.240268595291127
884;49.50;14.50;True;False;False;False;567;40.50;7.50;True;False;False;False;1;21.80277777777519;0;21.80277777777519;21.80277777777519
884;49.50;14.50;True;False;False;False;620;49.50;8.50;True;False;False;False;2;8.23133999408401;1.1970773500521348;7.457687181107758;9.004992807060262
884;49.50;14.50;True;False;False;False;734;31.50;11.50;True;False;False;False;1;20.70453823583739;0;20.70453823583739;20.70453823583739
884;49.50;14.50;True;False;False;False;818;27.50;13.50;True;False;False;False;1;26.99934426356083;0;26.99934426356083;26.99934426356083
884;49.50;14.50;True;False;False;False;822;31.50;13.50;True;False;False;False;1;19.090093791408435;0;19.090093791408435;19.090093791408435
884;49.50;14.50;True;False;False;False;864;29.50;14.50;True;False;False;False;2;27.205692646215994;225.2601306040737;16.592961362421192;37.818423930010795
884;49.50;14.50;True;False;False;False;886;51.50;14.50;True;False;False;False;1;5.546855837320436;0;5.546855837320436;5.546855837320436
884;49.50;14.50;True;False;False;False;1236;49.50;22.50;True;False;False;False;1;10.536111111112405;0;10.536111111112405;10.536111111112405
884;49.50;14.50;True;False;False;False;1365;46.50;25.50;True;False;False;False;1;17.362215832745278;0;17.362215832745278;17.362215832745278
884;49.50;14.50;True;False;False;False;1403;40.50;26.50;True;False;False;False;1;20.73296216586641;0;20.73296216586641;20.73296216586641
885;50.50;14.50;True;False;False;False;12;61.50;3.50;False;False;True;False;1;110.70872129698182;0;110.70872129698182;110.70872129698182
885;50.50;14.50;True;False;False;False;28;61.50;9.50;False;False;True;False;3;112.8947323343989;803.9271746886176;89.38253511913649;144.38176126149483
885;50.50;14.50;True;False;False;False;60;61.50;21.50;False;False;True;False;2;111.53773328288389;1630.559274391614;82.98463122381145;140.09083534195634
885;50.50;14.50;True;False;False;False;76;0.50;6.50;False;True;False;False;1;558.586160677005;0;558.586160677005;558.586160677005
885;50.50;14.50;True;False;False;False;92;0.50;12.50;False;True;False;False;1;262.28983080118087;0;262.28983080118087;262.28983080118087
885;50.50;14.50;True;False;False;False;108;0.50;18.50;False;True;False;False;1;593.8267932278795;0;593.8267932278795;593.8267932278795
885;50.50;14.50;True;False;False;False;576;49.50;7.50;True;False;False;False;1;11.71814894523959;0;11.71814894523959;11.71814894523959
885;50.50;14.50;True;False;False;False;734;31.50;11.50;True;False;False;False;1;21.771114305847732;0;21.771114305847732;21.771114305847732
885;50.50;14.50;True;False;False;False;820;29.50;13.50;True;False;False;False;1;27.400614724643674;0;27.400614724643674;27.400614724643674
885;50.50;14.50;True;False;False;False;821;30.50;13.50;True;False;False;False;1;20.103045957253926;0;20.103045957253926;20.103045957253926
885;50.50;14.50;True;False;False;False;852;17.50;14.50;True;False;False;False;1;71.81250359646037;0;71.81250359646037;71.81250359646037
885;50.50;14.50;True;False;False;False;864;29.50;14.50;True;False;False;False;1;31.077354369530212;0;31.077354369530212;31.077354369530212
885;50.50;14.50;True;False;False;False;884;49.50;14.50;True;False;False;False;1;4.002777777777737;0;4.002777777777737;4.002777777777737
885;50.50;14.50;True;False;False;False;1138;39.50;20.50;True;False;False;False;1;19.23342712474914;0;19.23342712474914;19.23342712474914
885;50.50;14.50;True;False;False;False;1151;52.50;20.50;True;False;False;False;1;12.982698372117738;0;12.982698372117738;12.982698372117738
886;51.50;14.50;True;False;False;False;12;61.50;3.50;False;False;True;False;1;108.98843431765272;0;108.98843431765272;108.98843431765272
886;51.50;14.50;True;False;False;False;28;61.50;9.50;False;False;True;False;3;145.5088979565006;217.3576425178302;134.82823715063432;162.32965762320055
886;51.50;14.50;True;False;False;False;44;61.50;15.50;False;False;True;False;1;98.59786571877657;0;98.59786571877657;98.59786571877657
886;51.50;14.50;True;False;False;False;60;61.50;21.50;False;False;True;False;1;147.28613909828346;0;147.28613909828346;147.28613909828346
886;51.50;14.50;True;False;False;False;622;51.50;8.50;True;False;False;False;1;7.419444444444252;0;7.419444444444252;7.419444444444252
886;51.50;14.50;True;False;False;False;698;39.50;10.50;True;False;False;False;1;17.83352411089345;0;17.83352411089345;17.83352411089345
886;51.50;14.50;True;False;False;False;821;30.50;13.50;True;False;False;False;1;46.01926405452468;0;46.01926405452468;46.01926405452468
886;51.50;14.50;True;False;False;False;822;31.50;13.50;True;False;False;False;1;21.35395869129934;0;21.35395869129934;21.35395869129934
886;51.50;14.50;True;False;False;False;827;36.50;13.50;True;False;False;False;1;16.84333733151969;0;16.84333733151969;16.84333733151969
886;51.50;14.50;True;False;False;False;843;52.50;13.50;True;False;False;False;1;6.577683986357442;0;6.577683986357442;6.577683986357442
886;51.50;14.50;True;False;False;False;866;31.50;14.50;True;False;False;False;1;16.98498880006855;0;16.98498880006855;16.98498880006855
887;52.50;14.50;True;False;False;False;12;61.50;3.50;False;False;True;False;3;103.40407638989291;1923.6109597948498;65.6109307212082;151.4960181231554
887;52.50;14.50;True;False;False;False;28;61.50;9.50;False;False;True;False;5;81.86342962185226;440.3879124227054;60.92232640129805;112.98879509745893
887;52.50;14.50;True;False;False;False;44;61.50;15.50;False;False;True;False;8;78.9943532523244;258.5978744190951;63.4016634719319;106.16889608180327
887;52.50;14.50;True;False;False;False;60;61.50;21.50;False;False;True;False;3;100.25293116986784;2057.565614798069;73.5299006225614;152.6269488443395
887;52.50;14.50;True;False;False;False;124;0.50;24.50;False;True;False;False;2;567.3772964244217;777.5573857844316;547.6598246571739;587.0947681916696
887;52.50;14.50;True;False;False;False;621;50.50;8.50;True;False;False;False;1;12.018516917973102;0;12.018516917973102;12.018516917973102
887;52.50;14.50;True;False;False;False;691;32.50;10.50;True;False;False;False;1;24.256666666651654;0;24.256666666651654;24.256666666651654
887;52.50;14.50;True;False;False;False;749;46.50;11.50;True;False;False;False;1;12.448243086921138;0;12.448243086921138;12.448243086921138
887;52.50;14.50;True;False;False;False;752;49.50;11.50;True;False;False;False;2;11.423377828210505;1.2158034275945346;10.643697307870752;12.203058348550258
887;52.50;14.50;True;False;False;False;754;51.50;11.50;True;False;False;False;1;8.34193765324926;0;8.34193765324926;8.34193765324926
887;52.50;14.50;True;False;False;False;803;12.50;13.50;True;False;False;False;1;32.92454752667982;0;32.92454752667982;32.92454752667982
887;52.50;14.50;True;False;False;False;820;29.50;13.50;True;False;False;False;1;22.97435386683628;0;22.97435386683628;22.97435386683628
887;52.50;14.50;True;False;False;False;821;30.50;13.50;True;False;False;False;4;24.685627697344785;10.985883758891537;21.875468957065095;29.108055153821624
887;52.50;14.50;True;False;False;False;822;31.50;13.50;True;False;False;False;2;30.095887823670637;169.59877937011555;20.88722941513697;39.3045462322043
887;52.50;14.50;True;False;False;False;835;44.50;13.50;True;False;False;False;1;12.528610709374334;0;12.528610709374334;12.528610709374334
887;52.50;14.50;True;False;False;False;852;17.50;14.50;True;False;False;False;1;29.621666666669626;0;29.621666666669626;29.621666666669626
887;52.50;14.50;True;False;False;False;864;29.50;14.50;True;False;False;False;1;28.88861151283345;0;28.88861151283345;28.88861151283345
887;52.50;14.50;True;False;False;False;1017;50.50;17.50;True;False;False;False;1;10.227597387874994;0;10.227597387874994;10.227597387874994
887;52.50;14.50;True;False;False;False;1102;47.50;19.50;True;False;False;False;1;14.805930721209734;0;14.805930721209734;14.805930721209734
887;52.50;14.50;True;False;False;False;1116;17.50;20.50;True;False;False;False;1;40.063517721420794;0;40.063517721420794;40.063517721420794
887;52.50;14.50;True;False;False;False;1239;52.50;22.50;True;False;False;False;1;9.040646152228874;0;9.040646152228874;9.040646152228874
932;9.50;16.50;True;False;False;False;12;61.50;3.50;False;False;True;False;1;64.42129869393648;0;64.42129869393648;64.42129869393648
932;9.50;16.50;True;False;False;False;28;61.50;9.50;False;False;True;False;2;80.34504689569349;800.6630523400586;60.336760458068966;100.353333333318
932;9.50;16.50;True;False;False;False;44;61.50;15.50;False;False;True;False;1;89.58666986139178;0;89.58666986139178;89.58666986139178
932;9.50;16.50;True;False;False;False;475;36.50;5.50;True;False;False;False;1;33.071014124967405;0;33.071014124967405;33.071014124967405
932;9.50;16.50;True;False;False;False;490;51.50;5.50;True;False;False;False;1;43.560371970907;0;43.560371970907;43.560371970907
932;9.50;16.50;True;False;False;False;748;45.50;11.50;True;False;False;False;1;34.481111111112114;0;34.481111111112114;34.481111111112114
932;9.50;16.50;True;False;False;False;1231;44.50;22.50;True;False;False;False;1;34.87370849898434;0;34.87370849898434;34.87370849898434
933;10.50;16.50;True;False;False;False;60;61.50;21.50;False;False;True;False;1;205.98852491436082;0;205.98852491436082;205.98852491436082
933;10.50;16.50;True;False;False;False;709;50.50;10.50;True;False;False;False;1;39.15111430584511;0;39.15111430584511;39.15111430584511
937;14.50;16.50;True;False;False;False;12;61.50;3.50;False;False;True;False;1;68.89610472163622;0;68.89610472163622;68.89610472163622
937;14.50;16.50;True;False;False;False;60;61.50;21.50;False;False;True;False;1;122.39353930017023;0;122.39353930017023;122.39353930017023
937;14.50;16.50;True;False;False;False;837;46.50;13.50;True;False;False;False;1;40.09101731969804;0;40.09101731969804;40.09101731969804
937;14.50;16.50;True;False;False;False;869;34.50;14.50;True;False;False;False;1;21.45453743240796;0;21.45453743240796;21.45453743240796
937;14.50;16.50;True;False;False;False;885;50.50;14.50;True;False;False;False;1;32.80732559783246;0;32.80732559783246;32.80732559783246
939;16.50;16.50;True;False;False;False;44;61.50;15.50;False;False;True;False;1;71.05464161149575;0;71.05464161149575;71.05464161149575
940;17.50;16.50;True;False;False;False;12;61.50;3.50;False;False;True;False;1;144.8006709446454;0;144.8006709446454;144.8006709446454
940;17.50;16.50;True;False;False;False;28;61.50;9.50;False;False;True;False;3;80.1294139840946;417.47033471102714;56.830003998184566;94.99213242899532
940;17.50;16.50;True;False;False;False;1011;44.50;17.50;True;False;False;False;1;25.413423930003773;0;25.413423930003773;25.413423930003773
940;17.50;16.50;True;False;False;False;1150;51.50;20.50;True;False;False;False;1;33.50963202726416;0;33.50963202726416;33.50963202726416
940;17.50;16.50;True;False;False;False;1239;52.50;22.50;True;False;False;False;1;34.914073276973795;0;34.914073276973795;34.914073276973795
940;17.50;16.50;True;False;False;False;1273;42.50;23.50;True;False;False;False;1;28.673888888888087;0;28.673888888888087;28.673888888888087
943;20.50;16.50;True;False;False;False;60;61.50;21.50;False;False;True;False;1;87.50009459483772;0;87.50009459483772;87.50009459483772
945;22.50;16.50;True;False;False;False;60;61.50;21.50;False;False;True;False;1;94.84536957961063;0;94.84536957961063;94.84536957961063
947;24.50;16.50;True;False;False;False;60;61.50;21.50;False;False;True;False;1;90.90516790434049;0;90.90516790434049;90.90516790434049
947;24.50;16.50;True;False;False;False;1009;42.50;17.50;True;False;False;False;1;19.024076471709122;0;19.024076471709122;19.024076471709122
948;25.50;16.50;True;False;False;False;28;61.50;9.50;False;False;True;False;1;112.56135021530827;0;112.56135021530827;112.56135021530827
948;25.50;16.50;True;False;False;False;1095;40.50;19.50;True;False;False;False;1;18.696298693939752;0;18.696298693939752;18.696298693939752
949;26.50;16.50;True;False;False;False;92;0.50;12.50;False;True;False;False;1;278.03824992957743;0;278.03824992957743;278.03824992957743
949;26.50;16.50;True;False;False;False;108;0.50;18.50;False;True;False;False;1;31.00750359646095;0;31.00750359646095;31.00750359646095
949;26.50;16.50;True;False;False;False;820;29.50;13.50;True;False;False;False;1;11.272403415579902;0;11.272403415579902;11.272403415579902
949;26.50;16.50;True;False;False;False;1094;39.50;19.50;True;False;False;False;1;18.230783120070555;0;18.230783120070555;18.230783120070555
950;27.50;16.50;True;False;False;False;28;61.50;9.50;False;False;True;False;2;79.62219326679747;30.868983081665387;75.69351772142181;83.55086881217312
950;27.50;16.50;True;False;False;False;60;61.50;21.50;False;False;True;False;1;49.02249560009295;0;49.02249560009295;49.02249560009295
950;27.50;16.50;True;False;False;False;623;52.50;8.50;True;False;False;False;1;29.392871569183626;0;29.392871569183626;29.392871569183626
950;27.50;16.50;True;False;False;False;822;31.50;13.50;True;False;False;False;1;12.31166666666104;0;12.31166666666104;12.31166666666104
950;27.50;16.50;True;False;False;False;952;29.50;16.50;True;False;False;False;1;4.6294412496936275;0;4.6294412496936275;4.6294412496936275
952;29.50;16.50;True;False;False;False;44;61.50;15.50;False;False;True;False;3;111.24185303924612;1220.4597343009818;79.94320275489736;148.93104211213722
952;29.50;16.50;True;False;False;False;60;61.50;21.50;False;False;True;False;1;125.78341513018313;0;125.78341513018313;125.78341513018313
952;29.50;16.50;True;False;False;False;108;0.50;18.50;False;True;False;False;1;572.5383229266754;0;572.5383229266754;572.5383229266754
952;29.50;16.50;True;False;False;False;734;31.50;11.50;True;False;False;False;2;29.002425797726573;75.75707550406398;22.84787156918719;35.156980026265956
952;29.50;16.50;True;False;False;False;872;37.50;14.50;True;False;False;False;1;15.291017319697858;0;15.291017319697858;15.291017319697858
952;29.50;16.50;True;False;False;False;967;44.50;16.50;True;False;False;False;1;14.203427124746668;0;14.203427124746668;14.203427124746668
952;29.50;16.50;True;False;False;False;1105;50.50;19.50;True;False;False;False;1;23.258702109511432;0;23.258702109511432;23.258702109511432
953;30.50;16.50;True;False;False;False;28;61.50;9.50;False;False;True;False;1;97.24166427537921;0;97.24166427537921;97.24166427537921
953;30.50;16.50;True;False;False;False;92;0.50;12.50;False;True;False;False;1;270.8890623120087;0;270.8890623120087;270.8890623120087
953;30.50;16.50;True;False;False;False;837;46.50;13.50;True;False;False;False;1;21.591394092227347;0;21.591394092227347;21.591394092227347
953;30.50;16.50;True;False;False;False;1335;16.50;25.50;True;False;False;False;1;22.395829736874475;0;22.395829736874475;22.395829736874475
954;31.50;16.50;True;False;False;False;12;61.50;3.50;False;False;True;False;1;138.51183425860472;0;138.51183425860472;138.51183425860472
954;31.50;16.50;True;False;False;False;44;61.50;15.50;False;False;True;False;1;67.83366348909476;0;67.83366348909476;67.83366348909476
954;31.50;16.50;True;False;False;False;728;25.50;11.50;True;False;False;False;1;14.949548623539158;0;14.949548623539158;14.949548623539158
954;31.50;16.50;True;False;False;False;822;31.50;13.50;True;False;False;False;1;5.622593389682152;0;5.622593389682152;5.622593389682152
954;31.50;16.50;True;False;False;False;972;49.50;16.50;True;False;False;False;1;17.39891448483104;0;17.39891448483104;17.39891448483104
954;31.50;16.50;True;False;False;False;1239;52.50;22.50;True;False;False;False;1;25.599069278785464;0;25.599069278785464;25.599069278785464
955;32.50;16.50;True;False;False;False;44;61.50;15.50;False;False;True;False;2;124.9894187257537;3.6496770527750435;123.63855288253035;126.34028456897704
955;32.50;16.50;True;False;False;False;60;61.50;21.50;False;False;True;False;2;103.74140872357111;0.0011344915193960026;103.717591801862;103.76522564528022
955;32.50;16.50;True;False;False;False;108;0.50;18.50;False;True;False;False;2;523.5800955781618;29.599550445433227;519.7330479799748;527.4271431763489
955;32.50;16.50;True;False;False;False;432;37.50;4.50;True;False;False;False;1;18.845743138382204;0;18.845743138382204;18.845743138382204
955;32.50;16.50;True;False;False;False;733;30.50;11.50;True;False;False;False;1;13.232925378692926;0;13.232925378692926;13.232925378692926
955;32.50;16.50;True;False;False;False;734;31.50;11.50;True;False;False;False;1;11.840187582822182;0;11.840187582822182;11.840187582822182
955;32.50;16.50;True;False;False;False;821;30.50;13.50;True;False;False;False;2;10.134630429897697;3.9421025862916464E-05;10.130190777554162;10.139070082241233
955;32.50;16.50;True;False;False;False;870;35.50;14.50;True;False;False;False;1;10.056017319693638;0;10.056017319693638;10.056017319693638
955;32.50;16.50;True;False;False;False;965;42.50;16.50;True;False;False;False;1;21.122316013634645;0;21.122316013634645;21.122316013634645
957;34.50;16.50;True;False;False;False;28;61.50;9.50;False;False;True;False;1;135.83085451033912;0;135.83085451033912;135.83085451033912
957;34.50;16.50;True;False;False;False;44;61.50;15.50;False;False;True;False;4;132.1720542238138;2135.8826919477315;93.0000999164813;196.2683373314976
957;34.50;16.50;True;False;False;False;60;61.50;21.50;False;False;True;False;1;123.76639568006794;0;123.76639568006794;123.76639568006794
957;34.50;16.50;True;False;False;False;92;0.50;12.50;False;True;False;False;1;264.28018838628304;0;264.28018838628304;264.28018838628304
957;34.50;16.50;True;False;False;False;602;31.50;8.50;True;False;False;False;1;15.25342073527645;0;15.25342073527645;15.25342073527645
957;34.50;16.50;True;False;False;False;621;50.50;8.50;True;False;False;False;1;23.881748207939836;0;23.881748207939836;23.881748207939836
957;34.50;16.50;True;False;False;False;719;16.50;11.50;True;False;False;False;1;23.156854249491516;0;23.156854249491516;23.156854249491516
957;34.50;16.50;True;False;False;False;821;30.50;13.50;True;False;False;False;1;13.250649346970022;0;13.250649346970022;13.250649346970022
957;34.50;16.50;True;False;False;False;1011;44.50;17.50;True;False;False;False;1;24.905561945035515;0;24.905561945035515;24.905561945035515
957;34.50;16.50;True;False;False;False;1104;49.50;19.50;True;False;False;False;1;18.848705304248142;0;18.848705304248142;18.848705304248142
957;34.50;16.50;True;False;False;False;1250;19.50;23.50;True;False;False;False;1;21.877777777768642;0;21.877777777768642;21.877777777768642
958;35.50;16.50;True;False;False;False;44;61.50;15.50;False;False;True;False;1;66.95822915427289;0;66.95822915427289;66.95822915427289
958;35.50;16.50;True;False;False;False;60;61.50;21.50;False;False;True;False;1;133.57103250898717;0;133.57103250898717;133.57103250898717
958;35.50;16.50;True;False;False;False;92;0.50;12.50;False;True;False;False;1;237.48432641864656;0;237.48432641864656;237.48432641864656
958;35.50;16.50;True;False;False;False;612;41.50;8.50;True;False;False;False;1;17.432965360601884;0;17.432965360601884;17.432965360601884
958;35.50;16.50;True;False;False;False;822;31.50;13.50;True;False;False;False;1;11.668654131242874;0;11.668654131242874;11.668654131242874
958;35.50;16.50;True;False;False;False;1009;42.50;17.50;True;False;False;False;1;11.63120731287745;0;11.63120731287745;11.63120731287745
958;35.50;16.50;True;False;False;False;1091;36.50;19.50;True;False;False;False;1;10.399711432846743;0;10.399711432846743;10.399711432846743
959;36.50;16.50;True;False;False;False;28;61.50;9.50;False;False;True;False;1;75.14888782985872;0;75.14888782985872;75.14888782985872
959;36.50;16.50;True;False;False;False;44;61.50;15.50;False;False;True;False;2;115.2022266125914;84.52375352231113;108.70131307977499;121.70314014540781
959;36.50;16.50;True;False;False;False;76;0.50;6.50;False;True;False;False;1;534.77502638035;0;534.77502638035;534.77502638035
959;36.50;16.50;True;False;False;False;732;29.50;11.50;True;False;False;False;1;20.148164134530816;0;20.148164134530816;20.148164134530816
959;36.50;16.50;True;False;False;False;820;29.50;13.50;True;False;False;False;1;14.09843431767149;0;14.09843431767149;14.09843431767149
959;36.50;16.50;True;False;False;False;835;44.50;13.50;True;False;False;False;1;15.467316013632626;0;15.467316013632626;15.467316013632626
959;36.50;16.50;True;False;False;False;1019;52.50;17.50;True;False;False;False;1;17.50055475210229;0;17.50055475210229;17.50055475210229
960;37.50;16.50;True;False;False;False;12;61.50;3.50;False;False;True;False;1;130.405437074686;0;130.405437074686;130.405437074686
960;37.50;16.50;True;False;False;False;28;61.50;9.50;False;False;True;False;6;103.19076076937108;714.8338599992396;71.97435065302852;142.17695203908806
960;37.50;16.50;True;False;False;False;44;61.50;15.50;False;False;True;False;3;119.29923954582621;898.1866716445908;86.75237753612237;145.7566286041838
960;37.50;16.50;True;False;False;False;108;0.50;18.50;False;True;False;False;1;647.0593952000218;0;647.0593952000218;647.0593952000218
960;37.50;16.50;True;False;False;False;124;0.50;24.50;False;True;False;False;1;550.8620631849572;0;550.8620631849572;550.8620631849572
960;37.50;16.50;True;False;False;False;733;30.50;11.50;True;False;False;False;2;23.375495739138387;3.422887298240319;22.067274179493324;24.68371729878345
960;37.50;16.50;True;False;False;False;821;30.50;13.50;True;False;False;False;3;13.873068594664195;0.24855579808242506;13.326757263344916;14.303430319483596
960;37.50;16.50;True;False;False;False;864;29.50;14.50;True;False;False;False;2;30.077821880465308;101.53821735680818;22.952577415999258;37.20306634493136
960;37.50;16.50;True;False;False;False;954;31.50;16.50;True;False;False;False;1;8.522871569184645;0;8.522871569184645;8.522871569184645
960;37.50;16.50;True;False;False;False;1011;44.50;17.50;True;False;False;False;1;11.959632027268526;0;11.959632027268526;11.959632027268526
960;37.50;16.50;True;False;False;False;1081;26.50;19.50;True;False;False;False;1;16.376686412387244;0;16.376686412387244;16.376686412387244
960;37.50;16.50;True;False;False;False;1224;37.50;22.50;True;False;False;False;1;8.050180389924208;0;8.050180389924208;8.050180389924208
960;37.50;16.50;True;False;False;False;1280;49.50;23.50;True;False;False;False;1;20.37889927654396;0;20.37889927654396;20.37889927654396
962;39.50;16.50;True;False;False;False;28;61.50;9.50;False;False;True;False;4;106.56152532039494;1024.218084423163;63.71256198139963;133.69435784595362
962;39.50;16.50;True;False;False;False;44;61.50;15.50;False;False;True;False;2;87.62448095249601;243.7076061210801;76.5857399436427;98.66322196134934
962;39.50;16.50;True;False;False;False;60;61.50;21.50;False;False;True;False;1;145.26657448213882;0;145.26657448213882;145.26657448213882
962;39.50;16.50;True;False;False;False;92;0.50;12.50;False;True;False;False;1;272.7161071129449;0;272.7161071129449;272.7161071129449
962;39.50;16.50;True;False;False;False;733;30.50;11.50;True;False;False;False;2;16.878611111109933;0.14054562291774583;16.613520916159473;17.143701306060393
962;39.50;16.50;True;False;False;False;821;30.50;13.50;True;False;False;False;2;15.87801225630028;0.5309183116897273;15.362784970682696;16.393239541917865
962;39.50;16.50;True;False;False;False;823;32.50;13.50;True;False;False;False;1;14.308607514649339;0;14.308607514649339;14.308607514649339
962;39.50;16.50;True;False;False;False;864;29.50;14.50;True;False;False;False;1;15.00564615222902;0;15.00564615222902;15.00564615222902
962;39.50;16.50;True;False;False;False;1100;45.50;19.50;True;False;False;False;1;12.819819610092964;0;12.819819610092964;12.819819610092964
962;39.50;16.50;True;False;False;False;1338;19.50;25.50;True;False;False;False;1;26.927962165860663;0;26.927962165860663;26.927962165860663
963;40.50;16.50;True;False;False;False;12;61.50;3.50;False;False;True;False;2;115.22621049807822;103.92279716762876;108.01778497069608;122.43463602546035
963;40.50;16.50;True;False;False;False;28;61.50;9.50;False;False;True;False;3;121.96780085912269;655.2822574264007;98.69684066709488;149.38710388344498
963;40.50;16.50;True;False;False;False;60;61.50;21.50;False;False;True;False;1;49.1307604734302;0;49.1307604734302;49.1307604734302
963;40.50;16.50;True;False;False;False;76;0.50;6.50;False;True;False;False;1;587.756042179064;0;587.756042179064;587.756042179064
963;40.50;16.50;True;False;False;False;546;19.50;7.50;True;False;False;False;1;31.789538235854707;0;31.789538235854707;31.789538235854707
963;40.50;16.50;True;False;False;False;820;29.50;13.50;True;False;False;False;1;20.128604565437854;0;20.128604565437854;20.128604565437854
963;40.50;16.50;True;False;False;False;822;31.50;13.50;True;False;False;False;3;22.713736300234206;135.17160609467606;15.84268798454832;36.13740980504372
963;40.50;16.50;True;False;False;False;864;29.50;14.50;True;False;False;False;1;14.941572875256497;0;14.941572875256497;14.941572875256497
963;40.50;16.50;True;False;False;False;1019;52.50;17.50;True;False;False;False;1;14.839722623944908;0;14.839722623944908;14.839722623944908
964;41.50;16.50;True;False;False;False;12;61.50;3.50;False;False;True;False;1;168.7747298168506;0;168.7747298168506;168.7747298168506
964;41.50;16.50;True;False;False;False;28;61.50;9.50;False;False;True;False;2;94.801259392887;1.4685577683838305;93.94435864939805;95.65816013637595
964;41.50;16.50;True;False;False;False;108;0.50;18.50;False;True;False;False;1;532.8230770922978;0;532.8230770922978;532.8230770922978
964;41.50;16.50;True;False;False;False;820;29.50;13.50;True;False;False;False;1;20.903047960906406;0;20.903047960906406;20.903047960906406
964;41.50;16.50;True;False;False;False;821;30.50;13.50;True;False;False;False;1;15.972871569185372;0;15.972871569185372;15.972871569185372
964;41.50;16.50;True;False;False;False;823;32.50;13.50;True;False;False;False;1;15.825281374238784;0;15.825281374238784;15.825281374238784
964;41.50;16.50;True;False;False;False;846;11.50;14.50;True;False;False;False;1;28.364260056354397;0;28.364260056354397;28.364260056354397
965;42.50;16.50;True;False;False;False;12;61.50;3.50;False;False;True;False;2;166.7651426861903;2140.6328816066825;134.04945163734737;199.48083373503323
965;42.50;16.50;True;False;False;False;28;61.50;9.50;False;False;True;False;1;111.79925525473845;0;111.79925525473845;111.79925525473845
965;42.50;16.50;True;False;False;False;44;61.50;15.50;False;False;True;False;8;93.59310534946675;642.3588833857431;44.42083612634542;119.80953345329362
965;42.50;16.50;True;False;False;False;60;61.50;21.50;False;False;True;False;3;120.31602265060171;403.6111888686545;107.43000080343518;143.4645422340377
965;42.50;16.50;True;False;False;False;577;50.50;7.50;True;False;False;False;1;19.133960298086777;0;19.133960298086777;19.133960298086777
965;42.50;16.50;True;False;False;False;821;30.50;13.50;True;False;False;False;2;18.12458313247589;0.6577403185831264;17.551111111108185;18.698055153843598
965;42.50;16.50;True;False;False;False;822;31.50;13.50;True;False;False;False;3;17.176240961609437;2.5006083027538306;16.065743138373364;18.986760458079516
965;42.50;16.50;True;False;False;False;823;32.50;13.50;True;False;False;False;1;16.814163873645157;0;16.814163873645157;16.814163873645157
965;42.50;16.50;True;False;False;False;864;29.50;14.50;True;False;False;False;1;31.926665059766947;0;31.926665059766947;31.926665059766947
965;42.50;16.50;True;False;False;False;867;32.50;14.50;True;False;False;False;1;14.327312818899372;0;14.327312818899372;14.327312818899372
965;42.50;16.50;True;False;False;False;969;46.50;16.50;True;False;False;False;1;7.14546495887862;0;7.14546495887862;7.14546495887862
965;42.50;16.50;True;False;False;False;1011;44.50;17.50;True;False;False;False;1;7.697683986370976;0;7.697683986370976;7.697683986370976
965;42.50;16.50;True;False;False;False;1074;19.50;19.50;True;False;False;False;1;25.08888249942538;0;25.08888249942538;25.08888249942538
965;42.50;16.50;True;False;False;False;1079;24.50;19.50;True;False;False;False;1;20.15749640354079;0;20.15749640354079;20.15749640354079
965;42.50;16.50;True;False;False;False;1149;50.50;20.50;True;False;False;False;1;15.85185105475648;0;15.85185105475648;15.85185105475648
967;44.50;16.50;True;False;False;False;44;61.50;15.50;False;False;True;False;3;86.34484341951945;40.48064156783211;79.28434745830145;91.63369572005104
967;44.50;16.50;True;False;False;False;60;61.50;21.50;False;False;True;False;3;92.80407932312308;238.5339847010664;75.21574713656446;104.15204902524079
967;44.50;16.50;True;False;False;False;357;50.50;2.50;True;False;False;False;1;31.773979485566088;0;31.773979485566088;31.773979485566088
967;44.50;16.50;True;False;False;False;820;29.50;13.50;True;False;False;False;1;30.842135623730883;0;30.842135623730883;30.842135623730883
967;44.50;16.50;True;False;False;False;821;30.50;13.50;True;False;False;False;1;18.511392485343094;0;18.511392485343094;18.511392485343094
967;44.50;16.50;True;False;False;False;822;31.50;13.50;True;False;False;False;1;18.972872372647544;0;18.972872372647544;18.972872372647544
967;44.50;16.50;True;False;False;False;865;30.50;14.50;True;False;False;False;1;18.748979485565087;0;18.748979485565087;18.748979485565087
967;44.50;16.50;True;False;False;False;1066;11.50;19.50;True;False;False;False;1;32.485370364025584;0;32.485370364025584;32.485370364025584
968;45.50;16.50;True;False;False;False;44;61.50;15.50;False;False;True;False;2;90.25237129789366;1007.085687122402;67.81261097026982;112.6921316255175
968;45.50;16.50;True;False;False;False;60;61.50;21.50;False;False;True;False;1;112.1779629693101;0;112.1779629693101;112.1779629693101
968;45.50;16.50;True;False;False;False;108;0.50;18.50;False;True;False;False;1;620.7096706477096;0;620.7096706477096;620.7096706477096
968;45.50;16.50;True;False;False;False;705;46.50;10.50;True;False;False;False;1;11.801118304039846;0;11.801118304039846;11.801118304039846
968;45.50;16.50;True;False;False;False;754;51.50;11.50;True;False;False;False;1;15.911111111110586;0;15.911111111110586;15.911111111110586
968;45.50;16.50;True;False;False;False;820;29.50;13.50;True;False;False;False;1;35.579445644712905;0;35.579445644712905;35.579445644712905
968;45.50;16.50;True;False;False;False;821;30.50;13.50;True;False;False;False;1;18.487954972904845;0;18.487954972904845;18.487954972904845
969;46.50;16.50;True;False;False;False;12;61.50;3.50;False;False;True;False;1;119.36722702384941;0;119.36722702384941;119.36722702384941
969;46.50;16.50;True;False;False;False;44;61.50;15.50;False;False;True;False;5;119.3107940933758;862.0659027487718;93.94472262393538;165.92282566919584
969;46.50;16.50;True;False;False;False;60;61.50;21.50;False;False;True;False;1;105.610750331296;0;105.610750331296;105.610750331296
969;46.50;16.50;True;False;False;False;76;0.50;6.50;False;True;False;False;1;574.3628313228401;0;574.3628313228401;574.3628313228401
969;46.50;16.50;True;False;False;False;108;0.50;18.50;False;True;False;False;1;566.1344660422807;0;566.1344660422807;566.1344660422807
969;46.50;16.50;True;False;False;False;820;29.50;13.50;True;False;False;False;1;22.555829736860687;0;22.555829736860687;22.555829736860687
969;46.50;16.50;True;False;False;False;822;31.50;13.50;True;False;False;False;1;18.978614707573797;0;18.978614707573797;18.978614707573797
969;46.50;16.50;True;False;False;False;823;32.50;13.50;True;False;False;False;1;17.913985875037042;0;17.913985875037042;17.913985875037042
969;46.50;16.50;True;False;False;False;864;29.50;14.50;True;False;False;False;3;20.791298029095742;4.700117100896303;19.41119371143577;23.290106986165483
969;46.50;16.50;True;False;False;False;968;45.50;16.50;True;False;False;False;1;4.212483558427266;0;4.212483558427266;4.212483558427266
969;46.50;16.50;True;False;False;False;975;52.50;16.50;True;False;False;False;1;8.464989612351928;0;8.464989612351928;8.464989612351928
969;46.50;16.50;True;False;False;False;1278;47.50;23.50;True;False;False;False;1;11.978811874609164;0;11.978811874609164;11.978811874609164
970;47.50;16.50;True;False;False;False;12;61.50;3.50;False;False;True;False;2;106.49811678563583;1040.7980465905025;83.68586079690795;129.3103727743637
970;47.50;16.50;True;False;False;False;28;61.50;9.50;False;False;True;False;7;109.11625804122923;322.3760568417113;89.1049968052539;143.0464068711717
970;47.50;16.50;True;False;False;False;44;61.50;15.50;False;False;True;False;4;92.68974027537547;209.03489255640474;82.80417345784917;114.16683506200206
970;47.50;16.50;True;False;False;False;76;0.50;6.50;False;True;False;False;1;563.131123909061;0;563.131123909061;563.131123909061
970;47.50;16.50;True;False;False;False;92;0.50;12.50;False;True;False;False;1;269.173242736646;0;269.173242736646;269.173242736646
970;47.50;16.50;True;False;False;False;616;45.50;8.50;True;False;False;False;1;16.39388888888425;0;16.39388888888425;16.39388888888425
970;47.50;16.50;True;False;False;False;733;30.50;11.50;True;False;False;False;1;53.02932678590514;0;53.02932678590514;53.02932678590514
970;47.50;16.50;True;False;False;False;734;31.50;11.50;True;False;False;False;1;21.589822804831783;0;21.589822804831783;21.589822804831783
970;47.50;16.50;True;False;False;False;750;47.50;11.50;True;False;False;False;1;8.116569680518296;0;8.116569680518296;8.116569680518296
970;47.50;16.50;True;False;False;False;821;30.50;13.50;True;False;False;False;1;20.22961339770336;0;20.22961339770336;20.22961339770336
970;47.50;16.50;True;False;False;False;822;31.50;13.50;True;False;False;False;3;20.207870772093276;0.6271409169273531;19.422222222219716;21.005921136995312
970;47.50;16.50;True;False;False;False;823;32.50;13.50;True;False;False;False;1;22.184267249276672;0;22.184267249276672;22.184267249276672
970;47.50;16.50;True;False;False;False;866;31.50;14.50;True;False;False;False;1;18.745544364445777;0;18.745544364445777;18.745544364445777
970;47.50;16.50;True;False;False;False;1012;45.50;17.50;True;False;False;False;1;21.869152124603715;0;21.869152124603715;21.869152124603715
970;47.50;16.50;True;False;False;False;1019;52.50;17.50;True;False;False;False;1;10.60171649719996;0;10.60171649719996;10.60171649719996
970;47.50;16.50;True;False;False;False;1118;19.50;20.50;True;False;False;False;1;28.559538235851505;0;28.559538235851505;28.559538235851505
970;47.50;16.50;True;False;False;False;1151;52.50;20.50;True;False;False;False;1;13.42601812315661;0;13.42601812315661;13.42601812315661
970;47.50;16.50;True;False;False;False;1229;42.50;22.50;True;False;False;False;1;14.01407647171527;0;14.01407647171527;14.01407647171527
972;49.50;16.50;True;False;False;False;28;61.50;9.50;False;False;True;False;4;102.9539794855582;204.5851128756815;90.24620170777416;119.03602131788466
972;49.50;16.50;True;False;False;False;44;61.50;15.50;False;False;True;False;2;117.74005621996184;372.63152746132056;104.09030297198478;131.3898094679389
972;49.50;16.50;True;False;False;False;60;61.50;21.50;False;False;True;False;4;105.58212111741386;405.88172150403227;77.18643544446968;120.49898667847447
972;49.50;16.50;True;False;False;False;749;46.50;11.50;True;False;False;False;1;12.375;0;12.375;12.375
972;49.50;16.50;True;False;False;False;820;29.50;13.50;True;False;False;False;2;23.177588597582144;0.00027669189716772664;23.165826542124705;23.189350653039583
972;49.50;16.50;True;False;False;False;821;30.50;13.50;True;False;False;False;1;24.078891280154494;0;24.078891280154494;24.078891280154494
972;49.50;16.50;True;False;False;False;822;31.50;13.50;True;False;False;False;2;21.43760898066739;0.15104063815344446;21.162799375528266;21.712418585806518
972;49.50;16.50;True;False;False;False;864;29.50;14.50;True;False;False;False;1;22.558229957709045;0;22.558229957709045;22.558229957709045
972;49.50;16.50;True;False;False;False;866;31.50;14.50;True;False;False;False;1;31.70361070938816;0;31.70361070938816;31.70361070938816
972;49.50;16.50;True;False;False;False;1099;44.50;19.50;True;False;False;False;1;12.790836929794182;0;12.790836929794182;12.790836929794182
972;49.50;16.50;True;False;False;False;1372;9.50;26.50;True;False;False;False;1;45.483233152441244;0;45.483233152441244;45.483233152441244
973;50.50;16.50;True;False;False;False;12;61.50;3.50;False;False;True;False;1;69.12204183232461;0;69.12204183232461;69.12204183232461
973;50.50;16.50;True;False;False;False;28;61.50;9.50;False;False;True;False;2;101.52602291524659;392.86642647593885;87.51055955373158;115.54148627676159
973;50.50;16.50;True;False;False;False;44;61.50;15.50;False;False;True;False;3;76.13910587350892;170.04391850282968;64.30158006816418;90.11694165143672
973;50.50;16.50;True;False;False;False;60;61.50;21.50;False;False;True;False;2;177.65843072119986;1651.3146214116603;148.92417745604905;206.39268398635068
973;50.50;16.50;True;False;False;False;76;0.50;6.50;False;True;False;False;1;557.883613119684;0;557.883613119684;557.883613119684
973;50.50;16.50;True;False;False;False;108;0.50;18.50;False;True;False;False;1;602.9951939722887;0;602.9951939722887;602.9951939722887
973;50.50;16.50;True;False;False;False;548;21.50;7.50;True;False;False;False;1;32.48787876209826;0;32.48787876209826;32.48787876209826
973;50.50;16.50;True;False;False;False;623;52.50;8.50;True;False;False;False;1;14.494620836163449;0;14.494620836163449;14.494620836163449
973;50.50;16.50;True;False;False;False;733;30.50;11.50;True;False;False;False;2;28.45648467937241;33.291243272939255;24.37658006817503;32.53638929056979
973;50.50;16.50;True;False;False;False;800;9.50;13.50;True;False;False;False;1;56.534441249707015;0;56.534441249707015;56.534441249707015
973;50.50;16.50;True;False;False;False;820;29.50;13.50;True;False;False;False;1;23.176673859586117;0;23.176673859586117;23.176673859586117
973;50.50;16.50;True;False;False;False;822;31.50;13.50;True;False;False;False;2;22.142450311293942;0.038866915971000615;22.00304637309455;22.281854249493335
973;50.50;16.50;True;False;False;False;866;31.50;14.50;True;False;False;False;1;21.457683986365737;0;21.457683986365737;21.457683986365737
973;50.50;16.50;True;False;False;False;882;47.50;14.50;True;False;False;False;1;9.841666666663514;0;9.841666666663514;9.841666666663514
974;51.50;16.50;True;False;False;False;12;61.50;3.50;False;False;True;False;3;109.823969526351;1482.3646928333235;80.28051609370414;153.3663924853463
974;51.50;16.50;True;False;False;False;28;61.50;9.50;False;False;True;False;1;124.72666747009862;0;124.72666747009862;124.72666747009862
974;51.50;16.50;True;False;False;False;44;61.50;15.50;False;False;True;False;1;93.65259738786517;0;93.65259738786517;93.65259738786517
974;51.50;16.50;True;False;False;False;60;61.50;21.50;False;False;True;False;1;132.98360912154385;0;132.98360912154385;132.98360912154385
974;51.50;16.50;True;False;False;False;124;0.50;24.50;False;True;False;False;1;540.6089898731807;0;540.6089898731807;540.6089898731807
974;51.50;16.50;True;False;False;False;351;44.50;2.50;True;False;False;False;1;25.66509459488043;0;25.66509459488043;25.66509459488043
974;51.50;16.50;True;False;False;False;705;46.50;10.50;True;False;False;False;1;16.12972901343528;0;16.12972901343528;16.12972901343528
974;51.50;16.50;True;False;False;False;733;30.50;11.50;True;False;False;False;1;29.974080469895853;0;29.974080469895853;29.974080469895853
974;51.50;16.50;True;False;False;False;820;29.50;13.50;True;False;False;False;1;31.799999999999272;0;31.799999999999272;31.799999999999272
974;51.50;16.50;True;False;False;False;1144;45.50;20.50;True;False;False;False;1;13.68904553530956;0;13.68904553530956;13.68904553530956
974;51.50;16.50;True;False;False;False;1277;46.50;23.50;True;False;False;False;1;15.14778416725585;0;15.14778416725585;15.14778416725585
975;52.50;16.50;True;False;False;False;12;61.50;3.50;False;False;True;False;2;115.48499800090235;7.235401605018168;113.58297255351499;117.38702344828971
975;52.50;16.50;True;False;False;False;28;61.50;9.50;False;False;True;False;3;89.01378462799539;319.0352504618626;69.87070797722254;105.23304532415204
975;52.50;16.50;True;False;False;False;44;61.50;15.50;False;False;True;False;7;83.55469198225;420.20517790249227;56.612503596461465;114.55817668734471
975;52.50;16.50;True;False;False;False;60;61.50;21.50;False;False;True;False;1;90.8329685553399;0;90.8329685553399;90.8329685553399
975;52.50;16.50;True;False;False;False;76;0.50;6.50;False;True;False;False;3;541.8964962740832;536.1189632593009;525.3744947108416;568.3615230257328
975;52.50;16.50;True;False;False;False;108;0.50;18.50;False;True;False;False;1;531.2849333924023;0;531.2849333924023;531.2849333924023
975;52.50;16.50;True;False;False;False;734;31.50;11.50;True;False;False;False;3;27.397225691131023;0.014914832435364;27.26751319973482;27.50999680526479
975;52.50;16.50;True;False;False;False;748;45.50;11.50;True;False;False;False;1;16.196659473745967;0;16.196659473745967;16.196659473745967
975;52.50;16.50;True;False;False;False;820;29.50;13.50;True;False;False;False;1;37.01962083615763;0;37.01962083615763;37.01962083615763
975;52.50;16.50;True;False;False;False;821;30.50;13.50;True;False;False;False;2;35.959089382919046;199.32991515425533;25.97585555929618;45.942323206541914
975;52.50;16.50;True;False;False;False;822;31.50;13.50;True;False;False;False;1;23.74510098432802;0;23.74510098432802;23.74510098432802
975;52.50;16.50;True;False;False;False;864;29.50;14.50;True;False;False;False;1;23.22527418131449;0;23.22527418131449;23.22527418131449
975;52.50;16.50;True;False;False;False;865;30.50;14.50;True;False;False;False;1;37.72370769553436;0;37.72370769553436;37.72370769553436
975;52.50;16.50;True;False;False;False;887;52.50;14.50;True;False;False;False;1;5.531111111115024;0;5.531111111115024;5.531111111115024
975;52.50;16.50;True;False;False;False;972;49.50;16.50;True;False;False;False;1;6.055366139287798;0;6.055366139287798;6.055366139287798
975;52.50;16.50;True;False;False;False;974;51.50;16.50;True;False;False;False;1;3.542316013634263;0;3.542316013634263;3.542316013634263
975;52.50;16.50;True;False;False;False;1014;47.50;17.50;True;False;False;False;1;10.349350653028523;0;10.349350653028523;10.349350653028523
975;52.50;16.50;True;False;False;False;1101;46.50;19.50;True;False;False;False;1;13.732493208807682;0;13.732493208807682;13.732493208807682
975;52.50;16.50;True;False;False;False;1278;47.50;23.50;True;False;False;False;1;14.958235543741466;0;14.958235543741466;14.958235543741466
975;52.50;16.50;True;False;False;False;1412;49.50;26.50;True;False;False;False;1;15.737319208369627;0;15.737319208369627;15.737319208369627
976;9.50;17.50;True;False;False;False;12;61.50;3.50;False;False;True;False;2;106.18232613186046;2171.830658900053;73.22909670817535;139.13555555554558
976;9.50;17.50;True;False;False;False;28;61.50;9.50;False;False;True;False;2;128.0725340084091;61.814186635948765;122.51311917247767;133.6319488443405
976;9.50;17.50;True;False;False;False;310;47.50;1.50;True;False;False;False;1;52.02935465121482;0;52.02935465121482;52.02935465121482
976;9.50;17.50;True;False;False;False;447;52.50;4.50;True;False;False;False;1;44.50612549694597;0;44.50612549694597;44.50612549694597
976;9.50;17.50;True;False;False;False;561;34.50;7.50;True;False;False;False;1;30.752870765743864;0;30.752870765743864;30.752870765743864
976;9.50;17.50;True;False;False;False;749;46.50;11.50;True;False;False;False;1;35.768550491218775;0;35.768550491218775;35.768550491218775
976;9.50;17.50;True;False;False;False;999;32.50;17.50;True;False;False;False;1;19.301854249492294;0;19.301854249492294;19.301854249492294
981;14.50;17.50;True;False;False;False;44;61.50;15.50;False;False;True;False;2;98.1254737822328;890.177788058126;77.02834378715852;119.22260377730709
981;14.50;17.50;True;False;False;False;60;61.50;21.50;False;False;True;False;3;105.90247554004827;1860.0121656476792;73.53425766506507;154.8621244326023
981;14.50;17.50;True;False;False;False;305;42.50;1.50;True;False;False;False;1;37.02055075393946;0;37.02055075393946;37.02055075393946
981;14.50;17.50;True;False;False;False;684;25.50;10.50;True;False;False;False;1;19.37259180184992;0;19.37259180184992;19.37259180184992
981;14.50;17.50;True;False;False;False;872;37.50;14.50;True;False;False;False;1;25.158054085976346;0;25.158054085976346;25.158054085976346
981;14.50;17.50;True;False;False;False;959;36.50;16.50;True;False;False;False;1;32.97231281889617;0;32.97231281889617;32.97231281889617
981;14.50;17.50;True;False;False;False;988;21.50;17.50;True;False;False;False;1;9.13536797272991;0;9.13536797272991;9.13536797272991
981;14.50;17.50;True;False;False;False;1282;51.50;23.50;True;False;False;False;1;36.35565899735411;0;36.35565899735411;36.35565899735411
983;16.50;17.50;True;False;False;False;12;61.50;3.50;False;False;True;False;1;113.12268398638116;0;113.12268398638116;113.12268398638116
983;16.50;17.50;True;False;False;False;28;61.50;9.50;False;False;True;False;1;114.65156590846345;0;114.65156590846345;114.65156590846345
983;16.50;17.50;True;False;False;False;60;61.50;21.50;False;False;True;False;1;92.56389688523996;0;92.56389688523996;92.56389688523996
983;16.50;17.50;True;False;False;False;108;0.50;18.50;False;True;False;False;1;567.9324353820027;0;567.9324353820027;567.9324353820027
983;16.50;17.50;True;False;False;False;437;42.50;4.50;True;False;False;False;1;32.73685824767472;0;32.73685824767472;32.73685824767472
983;16.50;17.50;True;False;False;False;566;39.50;7.50;True;False;False;False;1;36.16397810479248;0;36.16397810479248;36.16397810479248
983;16.50;17.50;True;False;False;False;960;37.50;16.50;True;False;False;False;1;20.82176445625555;0;20.82176445625555;20.82176445625555
983;16.50;17.50;True;False;False;False;964;41.50;16.50;True;False;False;False;1;23.493035277313766;0;23.493035277313766;23.493035277313766
984;17.50;17.50;True;False;False;False;60;61.50;21.50;False;False;True;False;1;95.56056035718575;0;95.56056035718575;95.56056035718575
984;17.50;17.50;True;False;False;False;1263;32.50;23.50;True;False;False;False;1;21.44156968052266;0;21.44156968052266;21.44156968052266
986;19.50;17.50;True;False;False;False;12;61.50;3.50;False;False;True;False;1;88.17287556737574;0;88.17287556737574;88.17287556737574
986;19.50;17.50;True;False;False;False;28;61.50;9.50;False;False;True;False;2;105.62338782366442;482.0254620676344;90.0988030938297;121.14797255349913
986;19.50;17.50;True;False;False;False;60;61.50;21.50;False;False;True;False;1;147.9356493469677;0;147.9356493469677;147.9356493469677
986;19.50;17.50;True;False;False;False;577;50.50;7.50;True;False;False;False;1;34.36232001181634;0;34.36232001181634;34.36232001181634
986;19.50;17.50;True;False;False;False;693;34.50;10.50;True;False;False;False;1;21.522683986368065;0;21.522683986368065;21.522683986368065
986;19.50;17.50;True;False;False;False;1001;34.50;17.50;True;False;False;False;1;14.102587000212225;0;14.102587000212225;14.102587000212225
986;19.50;17.50;True;False;False;False;1282;51.50;23.50;True;False;False;False;1;33.49144470718966;0;33.49144470718966;33.49144470718966
987;20.50;17.50;True;False;False;False;28;61.50;9.50;False;False;True;False;2;65.70550399048625;50.91043530700451;60.660187582816434;70.75082039815607
987;20.50;17.50;True;False;False;False;44;61.50;15.50;False;False;True;False;2;130.30643698022413;1.9431878675214787;129.3207423349304;131.29213162551787
987;20.50;17.50;True;False;False;False;60;61.50;21.50;False;False;True;False;1;98.69815294341788;0;98.69815294341788;98.69815294341788
987;20.50;17.50;True;False;False;False;705;46.50;10.50;True;False;False;False;1;32.7166698614019;0;32.7166698614019;32.7166698614019
987;20.50;17.50;True;False;False;False;833;42.50;13.50;True;False;False;False;1;37.66546495887451;0;37.66546495887451;37.66546495887451
987;20.50;17.50;True;False;False;False;879;44.50;14.50;True;False;False;False;1;38.44722222222481;0;38.44722222222481;38.44722222222481
987;20.50;17.50;True;False;False;False;885;50.50;14.50;True;False;False;False;1;29.4693466548415;0;29.4693466548415;29.4693466548415
987;20.50;17.50;True;False;False;False;1371;52.50;25.50;True;False;False;False;1;34.533993625911535;0;34.533993625911535;34.533993625911535
988;21.50;17.50;True;False;False;False;12;61.50;3.50;False;False;True;False;1;91.0875925862947;0;91.0875925862947;91.0875925862947
988;21.50;17.50;True;False;False;False;28;61.50;9.50;False;False;True;False;1;74.72286757101756;0;74.72286757101756;74.72286757101756
988;21.50;17.50;True;False;False;False;44;61.50;15.50;False;False;True;False;1;93.90491659625059;0;93.90491659625059;93.90491659625059
988;21.50;17.50;True;False;False;False;60;61.50;21.50;False;False;True;False;1;149.46508659845858;0;149.46508659845858;149.46508659845858
988;21.50;17.50;True;False;False;False;108;0.50;18.50;False;True;False;False;1;558.9240716319393;0;558.9240716319393;558.9240716319393
988;21.50;17.50;True;False;False;False;328;21.50;2.50;True;False;False;False;1;13.302871569198032;0;13.302871569198032;13.302871569198032
988;21.50;17.50;True;False;False;False;440;45.50;4.50;True;False;False;False;1;31.749913401501544;0;31.749913401501544;31.749913401501544
988;21.50;17.50;True;False;False;False;838;47.50;13.50;True;False;False;False;1;26.65740980504779;0;26.65740980504779;26.65740980504779
988;21.50;17.50;True;False;False;False;1106;51.50;19.50;True;False;False;False;1;29.520923528281855;0;29.520923528281855;29.520923528281855
988;21.50;17.50;True;False;False;False;1135;36.50;20.50;True;False;False;False;1;19.360742334929455;0;19.360742334929455;19.360742334929455
989;22.50;17.50;True;False;False;False;12;61.50;3.50;False;False;True;False;1;87.98027179003475;0;87.98027179003475;87.98027179003475
989;22.50;17.50;True;False;False;False;44;61.50;15.50;False;False;True;False;1;102.13676845443115;0;102.13676845443115;102.13676845443115
989;22.50;17.50;True;False;False;False;60;61.50;21.50;False;False;True;False;1;100.69491340150125;0;100.69491340150125;100.69491340150125
989;22.50;17.50;True;False;False;False;572;45.50;7.50;True;False;False;False;1;28.898985875040125;0;28.898985875040125;28.898985875040125
989;22.50;17.50;True;False;False;False;695;36.50;10.50;True;False;False;False;1;21.570500639913007;0;21.570500639913007;21.570500639913007
989;22.50;17.50;True;False;False;False;968;45.50;16.50;True;False;False;False;1;22.06435384776705;0;22.06435384776705;22.06435384776705
991;24.50;17.50;True;False;False;False;12;61.50;3.50;False;False;True;False;1;79.11528137422647;0;79.11528137422647;79.11528137422647
991;24.50;17.50;True;False;False;False;44;61.50;15.50;False;False;True;False;3;109.64398215101573;2484.991908961305;52.903885694144265;146.4052757882091
991;24.50;17.50;True;False;False;False;60;61.50;21.50;False;False;True;False;1;65.0157495278522;0;65.0157495278522;65.0157495278522
991;24.50;17.50;True;False;False;False;689;30.50;10.50;True;False;False;False;1;23.10491020677182;0;23.10491020677182;23.10491020677182
991;24.50;17.50;True;False;False;False;745;42.50;11.50;True;False;False;False;1;23.677777777773372;0;23.677777777773372;23.677777777773372
991;24.50;17.50;True;False;False;False;833;42.50;13.50;True;False;False;False;1;21.444253666883014;0;21.444253666883014;21.444253666883014
991;24.50;17.50;True;False;False;False;1007;40.50;17.50;True;False;False;False;1;14.969618832499691;0;14.969618832499691;14.969618832499691
991;24.50;17.50;True;False;False;False;1094;39.50;19.50;True;False;False;False;1;18.60464480621522;0;18.60464480621522;18.60464480621522
992;25.50;17.50;True;False;False;False;44;61.50;15.50;False;False;True;False;1;82.46935864940133;0;82.46935864940133;82.46935864940133
993;26.50;17.50;True;False;False;False;44;61.50;15.50;False;False;True;False;1;111.87601731969335;0;111.87601731969335;111.87601731969335
994;27.50;17.50;True;False;False;False;28;61.50;9.50;False;False;True;False;1;126.41093072120707;0;126.41093072120707;126.41093072120707
994;27.50;17.50;True;False;False;False;1018;51.50;17.50;True;False;False;False;1;31.570093791412603;0;31.570093791412603;31.570093791412603
996;29.50;17.50;True;False;False;False;12;61.50;3.50;False;False;True;False;1;113.94203463939903;0;113.94203463939903;113.94203463939903
997;30.50;17.50;True;False;False;False;60;61.50;21.50;False;False;True;False;1;114.87269437402279;0;114.87269437402279;114.87269437402279
998;31.50;17.50;True;False;False;False;60;61.50;21.50;False;False;True;False;1;87.21259099840245;0;87.21259099840245;87.21259099840245
998;31.50;17.50;True;False;False;False;975;52.50;16.50;True;False;False;False;1;21.746115109301172;0;21.746115109301172;21.746115109301172
998;31.50;17.50;True;False;False;False;1001;34.50;17.50;True;False;False;False;1;5.795274181313289;0;5.795274181313289;5.795274181313289
998;31.50;17.50;True;False;False;False;1017;50.50;17.50;True;False;False;False;1;17.285007192916964;0;17.285007192916964;17.285007192916964
999;32.50;17.50;True;False;False;False;44;61.50;15.50;False;False;True;False;3;99.59160600741234;291.3839845826288;79.94685505292364;110.80926085980536
999;32.50;17.50;True;False;False;False;60;61.50;21.50;False;False;True;False;2;124.2522234178632;532.4128865364735;107.93638929060398;140.56805754512243
999;32.50;17.50;True;False;False;False;76;0.50;6.50;False;True;False;False;2;574.0386183135051;1373.7243530045494;547.830562748426;600.2466738785843
999;32.50;17.50;True;False;False;False;108;0.50;18.50;False;True;False;False;1;601.4919768125933;0;601.4919768125933;601.4919768125933
999;32.50;17.50;True;False;False;False;603;32.50;8.50;True;False;False;False;1;22.039966426760657;0;22.039966426760657;22.039966426760657
999;32.50;17.50;True;False;False;False;670;11.50;10.50;True;False;False;False;1;33.22777777777446;0;33.22777777777446;33.22777777777446
999;32.50;17.50;True;False;False;False;748;45.50;11.50;True;False;False;False;1;21.050833735060223;0;21.050833735060223;21.050833735060223
999;32.50;17.50;True;False;False;False;864;29.50;14.50;True;False;False;False;1;10.464256861621834;0;10.464256861621834;10.464256861621834
999;32.50;17.50;True;False;False;False;1016;49.50;17.50;True;False;False;False;1;14.892683986363409;0;14.892683986363409;14.892683986363409
999;32.50;17.50;True;False;False;False;1100;45.50;19.50;True;False;False;False;1;17.391669861390255;0;17.391669861390255;17.391669861390255
999;32.50;17.50;True;False;False;False;1128;29.50;20.50;True;False;False;False;1;11.016764456275268;0;11.016764456275268;11.016764456275268
999;32.50;17.50;True;False;False;False;1146;47.50;20.50;True;False;False;False;1;18.98482680300549;0;18.98482680300549;18.98482680300549
1001;34.50;17.50;True;False;False;False;44;61.50;15.50;False;False;True;False;4;90.24042046874868;12.61542650314329;85.0334383158297;93.02148308202788
1001;34.50;17.50;True;False;False;False;60;61.50;21.50;False;False;True;False;2;126.81926285888767;510.8863022411411;110.83667385958688;142.80185185818846
1001;34.50;17.50;True;False;False;False;108;0.50;18.50;False;True;False;False;1;559.7429717690866;0;559.7429717690866;559.7429717690866
1001;34.50;17.50;True;False;False;False;821;30.50;13.50;True;False;False;False;2;13.433054752115822;0.02835631656874678;13.313982680308982;13.552126823922663
1001;34.50;17.50;True;False;False;False;822;31.50;13.50;True;False;False;False;3;12.342524734058921;0.03454986756659511;12.14158006816433;12.508310147648444
1001;34.50;17.50;True;False;False;False;841;50.50;13.50;True;False;False;False;1;26.40009698614631;0;26.40009698614631;26.40009698614631
1002;35.50;17.50;True;False;False;False;44;61.50;15.50;False;False;True;False;1;98.04861870575405;0;98.04861870575405;98.04861870575405
1002;35.50;17.50;True;False;False;False;60;61.50;21.50;False;False;True;False;1;128.23899387141137;0;128.23899387141137;128.23899387141137
1002;35.50;17.50;True;False;False;False;733;30.50;11.50;True;False;False;False;2;23.039769519642505;10.874613778414753;20.707966164038226;25.371572875246784
1003;36.50;17.50;True;False;False;False;44;61.50;15.50;False;False;True;False;1;99.0787061076976;0;99.0787061076976;99.0787061076976
1004;37.50;17.50;True;False;False;False;12;61.50;3.50;False;False;True;False;1;134.5901835846871;0;134.5901835846871;134.5901835846871
1004;37.50;17.50;True;False;False;False;28;61.50;9.50;False;False;True;False;1;168.7317748439226;0;168.7317748439226;168.7317748439226
1004;37.50;17.50;True;False;False;False;44;61.50;15.50;False;False;True;False;1;85.73249613913595;0;85.73249613913595;85.73249613913595
1004;37.50;17.50;True;False;False;False;60;61.50;21.50;False;False;True;False;2;97.92115361643027;2221.142132516441;64.59592194044308;131.24638529241747
1004;37.50;17.50;True;False;False;False;92;0.50;12.50;False;True;False;False;1;262.1578723726543;0;262.1578723726543;262.1578723726543
1004;37.50;17.50;True;False;False;False;864;29.50;14.50;True;False;False;False;1;14.694452507688766;0;14.694452507688766;14.694452507688766
1004;37.50;17.50;True;False;False;False;869;34.50;14.50;True;False;False;False;1;11.421114305849187;0;11.421114305849187;11.421114305849187
1004;37.50;17.50;True;False;False;False;1018;51.50;17.50;True;False;False;False;1;14.118336528070358;0;14.118336528070358;14.118336528070358
1004;37.50;17.50;True;False;False;False;1096;41.50;19.50;True;False;False;False;1;11.629544625324343;0;11.629544625324343;11.629544625324343
1004;37.50;17.50;True;False;False;False;1141;42.50;20.50;True;False;False;False;1;13.22935065303227;0;13.22935065303227;13.22935065303227
1004;37.50;17.50;True;False;False;False;1282;51.50;23.50;True;False;False;False;1;20.754874762187455;0;20.754874762187455;20.754874762187455
1006;39.50;17.50;True;False;False;False;44;61.50;15.50;False;False;True;False;5;92.00177248089767;1385.9568123196539;54.991857444212656;141.03305915201642
1006;39.50;17.50;True;False;False;False;60;61.50;21.50;False;False;True;False;5;86.94616994555471;141.96953134625764;70.65880229039976;100.06287156918188
1006;39.50;17.50;True;False;False;False;734;31.50;11.50;True;False;False;False;1;16.375;0;16.375;16.375
1006;39.50;17.50;True;False;False;False;812;21.50;13.50;True;False;False;False;1;23.220375165652513;0;23.220375165652513;23.220375165652513
1006;39.50;17.50;True;False;False;False;821;30.50;13.50;True;False;False;False;2;23.02884838267846;15.249944195611878;20.26751318067818;25.790183584678744
1006;39.50;17.50;True;False;False;False;823;32.50;13.50;True;False;False;False;1;14.610573040787585;0;14.610573040787585;14.610573040787585
1006;39.50;17.50;True;False;False;False;836;45.50;13.50;True;False;False;False;1;14.21796536059992;0;14.21796536059992;14.21796536059992
1006;39.50;17.50;True;False;False;False;972;49.50;16.50;True;False;False;False;1;13.66666666666606;0;13.66666666666606;13.66666666666606
1006;39.50;17.50;True;False;False;False;1273;42.50;23.50;True;False;False;False;1;13.138888888886868;0;13.138888888886868;13.138888888886868
1006;39.50;17.50;True;False;False;False;1365;46.50;25.50;True;False;False;False;1;17.802682379489852;0;17.802682379489852;17.802682379489852
1006;39.50;17.50;True;False;False;False;1395;32.50;26.50;True;False;False;False;1;18.143713300607487;0;18.143713300607487;18.143713300607487
1007;40.50;17.50;True;False;False;False;28;61.50;9.50;False;False;True;False;3;85.87727248744461;108.46029489256901;75.51268798455203;96.34083692979038
1007;40.50;17.50;True;False;False;False;44;61.50;15.50;False;False;True;False;2;105.65959112883866;1166.9690230809545;81.50416706838223;129.81501518929508
1007;40.50;17.50;True;False;False;False;60;61.50;21.50;False;False;True;False;6;100.15359526182863;181.6061080077321;77.73115963728924;113.9834351211191
1007;40.50;17.50;True;False;False;False;108;0.50;18.50;False;True;False;False;1;616.5530683393954;0;616.5530683393954;616.5530683393954
1007;40.50;17.50;True;False;False;False;282;19.50;1.50;True;False;False;False;1;32.09101731969713;0;32.09101731969713;32.09101731969713
1007;40.50;17.50;True;False;False;False;303;40.50;1.50;True;False;False;False;1;15.347698146069888;0;15.347698146069888;15.347698146069888
1007;40.50;17.50;True;False;False;False;733;30.50;11.50;True;False;False;False;1;21.29731281889508;0;21.29731281889508;21.29731281889508
1007;40.50;17.50;True;False;False;False;821;30.50;13.50;True;False;False;False;1;20.371017319699604;0;20.371017319699604;20.371017319699604
1007;40.50;17.50;True;False;False;False;822;31.50;13.50;True;False;False;False;2;16.225366375359954;1.0005850937562228;15.518052762541629;16.93267998817828
1007;40.50;17.50;True;False;False;False;865;30.50;14.50;True;False;False;False;1;16.588888888888505;0;16.588888888888505;16.588888888888505
1007;40.50;17.50;True;False;False;False;866;31.50;14.50;True;False;False;False;1;15.261764456265155;0;15.261764456265155;15.261764456265155
1007;40.50;17.50;True;False;False;False;965;42.50;16.50;True;False;False;False;1;7.831944042729447;0;7.831944042729447;7.831944042729447
1007;40.50;17.50;True;False;False;False;1226;39.50;22.50;True;False;False;False;1;10.764639220205936;0;10.764639220205936;10.764639220205936
1007;40.50;17.50;True;False;False;False;1246;15.50;23.50;True;False;False;False;1;28.48923526379076;0;28.48923526379076;28.48923526379076
1007;40.50;17.50;True;False;False;False;1252;21.50;23.50;True;False;False;False;1;24.512211031109473;0;24.512211031109473;24.512211031109473
1008;41.50;17.50;True;False;False;False;28;61.50;9.50;False;False;True;False;1;129.73185824765824;0;129.73185824765824;129.73185824765824
1008;41.50;17.50;True;False;False;False;44;61.50;15.50;False;False;True;False;3;78.8705555555493;1740.4559734245156;34.602871569195486;117.45842712472222
1008;41.50;17.50;True;False;False;False;733;30.50;11.50;True;False;False;False;1;23.046485473307257;0;23.046485473307257;23.046485473307257
1008;41.50;17.50;True;False;False;False;821;30.50;13.50;True;False;False;False;1;19.661204902524332;0;19.661204902524332;19.661204902524332
1008;41.50;17.50;True;False;False;False;822;31.50;13.50;True;False;False;False;1;16.554408678233813;0;16.554408678233813;16.554408678233813
1008;41.50;17.50;True;False;False;False;933;10.50;16.50;True;False;False;False;1;27.776020514431366;0;27.776020514431366;27.776020514431366
1009;42.50;17.50;True;False;False;False;28;61.50;9.50;False;False;True;False;1;82.9394636129;0;82.9394636129;82.9394636129
1009;42.50;17.50;True;False;False;False;44;61.50;15.50;False;False;True;False;6;96.92828486058836;480.6693546622242;59.22563586750039;117.82072236307067
1009;42.50;17.50;True;False;False;False;60;61.50;21.50;False;False;True;False;3;85.10314201381091;378.32290523988416;69.2606197528603;106.81149027494394
1009;42.50;17.50;True;False;False;False;124;0.50;24.50;False;True;False;False;1;567.5730556547587;0;567.5730556547587;567.5730556547587
1009;42.50;17.50;True;False;False;False;484;45.50;5.50;True;False;False;False;1;20.21489342960922;0;20.21489342960922;20.21489342960922
1009;42.50;17.50;True;False;False;False;572;45.50;7.50;True;False;False;False;1;16.544713039727867;0;16.544713039727867;16.544713039727867
1009;42.50;17.50;True;False;False;False;734;31.50;11.50;True;False;False;False;1;18.634718625751702;0;18.634718625751702;18.634718625751702
1009;42.50;17.50;True;False;False;False;742;39.50;11.50;True;False;False;False;1;12.908427124746595;0;12.908427124746595;12.908427124746595
1009;42.50;17.50;True;False;False;False;743;40.50;11.50;True;False;False;False;1;12.814632027271728;0;12.814632027271728;12.814632027271728
1009;42.50;17.50;True;False;False;False;822;31.50;13.50;True;False;False;False;1;16.72204502704335;0;16.72204502704335;16.72204502704335
1009;42.50;17.50;True;False;False;False;823;32.50;13.50;True;False;False;False;2;17.501479476025565;2.1012647064517163;16.4764758890924;18.526483062958732
1009;42.50;17.50;True;False;False;False;1099;44.50;19.50;True;False;False;False;1;8.868328286236647;0;8.868328286236647;8.868328286236647
1009;42.50;17.50;True;False;False;False;1139;40.50;20.50;True;False;False;False;1;10.10156487889617;0;10.10156487889617;10.10156487889617
1009;42.50;17.50;True;False;False;False;1149;50.50;20.50;True;False;False;False;1;14.225833735061315;0;14.225833735061315;14.225833735061315
1011;44.50;17.50;True;False;False;False;28;61.50;9.50;False;False;True;False;4;82.41106801272008;443.9883347154398;51.91158006817568;98.10268478979924
1011;44.50;17.50;True;False;False;False;44;61.50;15.50;False;False;True;False;9;100.005927297575;402.6186666559646;68.9348164153489;136.63536877618662
1011;44.50;17.50;True;False;False;False;60;61.50;21.50;False;False;True;False;9;109.5747177153237;753.792318623726;78.3659339159367;160.49703783410587
1011;44.50;17.50;True;False;False;False;108;0.50;18.50;False;True;False;False;2;566.2452408774534;4.95336180736384;564.6714934696138;567.818988285293
1011;44.50;17.50;True;False;False;False;124;0.50;24.50;False;True;False;False;1;612.3543666457317;0;612.3543666457317;612.3543666457317
1011;44.50;17.50;True;False;False;False;580;9.50;8.50;True;False;False;False;1;46.11536158324816;0;46.11536158324816;46.11536158324816
1011;44.50;17.50;True;False;False;False;708;49.50;10.50;True;False;False;False;1;15.111204099088354;0;15.111204099088354;15.111204099088354
1011;44.50;17.50;True;False;False;False;733;30.50;11.50;True;False;False;False;1;20.888059152021015;0;20.888059152021015;20.888059152021015
1011;44.50;17.50;True;False;False;False;734;31.50;11.50;True;False;False;False;2;20.444953104288174;0.0992180916515967;20.2222222222224;20.66768398635395
1011;44.50;17.50;True;False;False;False;820;29.50;13.50;True;False;False;False;1;21.56166666666286;0;21.56166666666286;21.56166666666286
1011;44.50;17.50;True;False;False;False;822;31.50;13.50;True;False;False;False;8;19.092716059068152;0.09435099268564762;18.61264561137432;19.66426405453967
1011;44.50;17.50;True;False;False;False;823;32.50;13.50;True;False;False;False;2;18.31972062485528;0.031341261029631584;18.194538235859;18.444903013851558
1011;44.50;17.50;True;False;False;False;948;25.50;16.50;True;False;False;False;1;19.75892316255249;0;19.75892316255249;19.75892316255249
1011;44.50;17.50;True;False;False;False;1007;40.50;17.50;True;False;False;False;1;7.557777777783485;0;7.557777777783485;7.557777777783485
1011;44.50;17.50;True;False;False;False;1100;45.50;19.50;True;False;False;False;1;7.470555555551982;0;7.470555555551982;7.470555555551982
1011;44.50;17.50;True;False;False;False;1135;36.50;20.50;True;False;False;False;1;13.726854249485768;0;13.726854249485768;13.726854249485768
1011;44.50;17.50;True;False;False;False;1140;41.50;20.50;True;False;False;False;1;10.723986678489382;0;10.723986678489382;10.723986678489382
1011;44.50;17.50;True;False;False;False;1143;44.50;20.50;True;False;False;False;1;6.499822804817086;0;6.499822804817086;6.499822804817086
1011;44.50;17.50;True;False;False;False;1150;51.50;20.50;True;False;False;False;1;13.200375165648438;0;13.200375165648438;13.200375165648438
1011;44.50;17.50;True;False;False;False;1408;45.50;26.50;True;False;False;False;1;12.917316013634263;0;12.917316013634263;12.917316013634263
1011;44.50;17.50;True;False;False;False;1415;52.50;26.50;True;False;False;False;1;18.83768398635766;0;18.83768398635766;18.83768398635766
1012;45.50;17.50;True;False;False;False;12;61.50;3.50;False;False;True;False;1;121.49232001182145;0;121.49232001182145;121.49232001182145
1012;45.50;17.50;True;False;False;False;28;61.50;9.50;False;False;True;False;5;107.4342925940784;360.8919636879149;84.96349325046685;137.64889608179874
1012;45.50;17.50;True;False;False;False;44;61.50;15.50;False;False;True;False;3;94.71966117719846;84.519841308654;85.78251773677039;104.14962802908303
1012;45.50;17.50;True;False;False;False;60;61.50;21.50;False;False;True;False;1;81.33148227857237;0;81.33148227857237;81.33148227857237
1012;45.50;17.50;True;False;False;False;92;0.50;12.50;False;True;False;False;1;249.21479330596958;0;249.21479330596958;249.21479330596958
1012;45.50;17.50;True;False;False;False;359;52.50;2.50;True;False;False;False;1;23.073273312858873;0;23.073273312858873;23.073273312858873
1012;45.50;17.50;True;False;False;False;733;30.50;11.50;True;False;False;False;2;21.291802159954386;0.0030751563995427634;21.252590194946606;21.331014124962167
1012;45.50;17.50;True;False;False;False;820;29.50;13.50;True;False;False;False;1;23.98981561191431;0;23.98981561191431;23.98981561191431
1012;45.50;17.50;True;False;False;False;822;31.50;13.50;True;False;False;False;2;18.529498410315682;0.02035062627109506;18.42862565316318;18.630371167468184
1012;45.50;17.50;True;False;False;False;840;49.50;13.50;True;False;False;False;1;11.977222222221826;0;11.977222222221826;11.977222222221826
1012;45.50;17.50;True;False;False;False;864;29.50;14.50;True;False;False;False;1;19.82174631775524;0;19.82174631775524;19.82174631775524
1012;45.50;17.50;True;False;False;False;866;31.50;14.50;True;False;False;False;1;24.528670143090267;0;24.528670143090267;24.528670143090267
1012;45.50;17.50;True;False;False;False;967;44.50;16.50;True;False;False;False;1;12.379632027268599;0;12.379632027268599;12.379632027268599
1012;45.50;17.50;True;False;False;False;1006;39.50;17.50;True;False;False;False;1;7.333982680301233;0;7.333982680301233;7.333982680301233
1013;46.50;17.50;True;False;False;False;12;61.50;3.50;False;False;True;False;1;76.46786917788631;0;76.46786917788631;76.46786917788631
1013;46.50;17.50;True;False;False;False;28;61.50;9.50;False;False;True;False;1;81.2124342454772;0;81.2124342454772;81.2124342454772
1013;46.50;17.50;True;False;False;False;44;61.50;15.50;False;False;True;False;6;100.8206776523069;1303.053078057762;73.0942872211217;168.968616314447
1013;46.50;17.50;True;False;False;False;60;61.50;21.50;False;False;True;False;4;88.45391073937117;111.75165853251292;78.704992807081;101.04814974869805
1013;46.50;17.50;True;False;False;False;92;0.50;12.50;False;True;False;False;1;253.27453106197572;0;253.27453106197572;253.27453106197572
1013;46.50;17.50;True;False;False;False;108;0.50;18.50;False;True;False;False;1;549.441480690768;0;549.441480690768;549.441480690768
1013;46.50;17.50;True;False;False;False;124;0.50;24.50;False;True;False;False;1;528.6026903758502;0;528.6026903758502;528.6026903758502
1013;46.50;17.50;True;False;False;False;315;52.50;1.50;True;False;False;False;1;21.929074080417195;0;21.929074080417195;21.929074080417195
1013;46.50;17.50;True;False;False;False;705;46.50;10.50;True;False;False;False;1;8.171572875253332;0;8.171572875253332;8.171572875253332
1013;46.50;17.50;True;False;False;False;708;49.50;10.50;True;False;False;False;1;13.631760458076315;0;13.631760458076315;13.631760458076315
1013;46.50;17.50;True;False;False;False;733;30.50;11.50;True;False;False;False;1;23.84139248534666;0;23.84139248534666;23.84139248534666
1013;46.50;17.50;True;False;False;False;820;29.50;13.50;True;False;False;False;1;30.239732208152418;0;30.239732208152418;30.239732208152418
1013;46.50;17.50;True;False;False;False;821;30.50;13.50;True;False;False;False;2;29.49615960418305;40.216363991962595;25.01194484617008;33.98037436219602
1013;46.50;17.50;True;False;False;False;822;31.50;13.50;True;False;False;False;1;26.100780170985672;0;26.100780170985672;26.100780170985672
1013;46.50;17.50;True;False;False;False;865;30.50;14.50;True;False;False;False;1;22.78611510929386;0;22.78611510929386;22.78611510929386
1013;46.50;17.50;True;False;False;False;866;31.50;14.50;True;False;False;False;1;19.155184388090674;0;19.155184388090674;19.155184388090674
1013;46.50;17.50;True;False;False;False;1146;47.50;20.50;True;False;False;False;1;8.668427124746358;0;8.668427124746358;8.668427124746358
1013;46.50;17.50;True;False;False;False;1229;42.50;22.50;True;False;False;False;1;13.662962165864883;0;13.662962165864883;13.662962165864883
1013;46.50;17.50;True;False;False;False;1232;45.50;22.50;True;False;False;False;1;10.70611271802045;0;10.70611271802045;10.70611271802045
1013;46.50;17.50;True;False;False;False;1410;47.50;26.50;True;False;False;False;1;12.684535041109484;0;12.684535041109484;12.684535041109484
1014;47.50;17.50;True;False;False;False;12;61.50;3.50;False;False;True;False;1;87.00250040172523;0;87.00250040172523;87.00250040172523
1014;47.50;17.50;True;False;False;False;28;61.50;9.50;False;False;True;False;3;123.87765957228082;306.6067706877034;105.11028137424;139.77640103996873
1014;47.50;17.50;True;False;False;False;44;61.50;15.50;False;False;True;False;5;82.42054113395298;113.27667993166696;72.0415760699816;96.87251318066228
1014;47.50;17.50;True;False;False;False;60;61.50;21.50;False;False;True;False;6;89.4010956572137;792.7697329146092;54.85184227402715;127.70918145423275
1014;47.50;17.50;True;False;False;False;76;0.50;6.50;False;True;False;False;1;562.9429405871451;0;562.9429405871451;562.9429405871451
1014;47.50;17.50;True;False;False;False;92;0.50;12.50;False;True;False;False;1;269.0977658022639;0;269.0977658022639;269.0977658022639
1014;47.50;17.50;True;False;False;False;124;0.50;24.50;False;True;False;False;2;535.7566630701967;17.67466802660626;532.7838976887206;538.7294284516729
1014;47.50;17.50;True;False;False;False;347;40.50;2.50;True;False;False;False;1;27.500276572594885;0;27.500276572594885;27.500276572594885
1014;47.50;17.50;True;False;False;False;359;52.50;2.50;True;False;False;False;1;21.491760458095087;0;21.491760458095087;21.491760458095087
1014;47.50;17.50;True;False;False;False;733;30.50;11.50;True;False;False;False;1;25.881569680520442;0;25.881569680520442;25.881569680520442
1014;47.50;17.50;True;False;False;False;821;30.50;13.50;True;False;False;False;2;25.915140285396774;52.22891933619878;20.80490940332311;31.02537116747044
1014;47.50;17.50;True;False;False;False;822;31.50;13.50;True;False;False;False;3;20.276693588949154;0.27905098456890337;19.76713162552187;20.82183803020962
1014;47.50;17.50;True;False;False;False;823;32.50;13.50;True;False;False;False;1;19.69221902748677;0;19.69221902748677;19.69221902748677
1014;47.50;17.50;True;False;False;False;963;40.50;16.50;True;False;False;False;1;12.182948025547375;0;12.182948025547375;12.182948025547375
1014;47.50;17.50;True;False;False;False;986;19.50;17.50;True;False;False;False;1;22.22611111110382;0;22.22611111110382;22.22611111110382
1014;47.50;17.50;True;False;False;False;1066;11.50;19.50;True;False;False;False;1;32.4029621658683;0;32.4029621658683;32.4029621658683
1014;47.50;17.50;True;False;False;False;1105;50.50;19.50;True;False;False;False;1;10.544070082244161;0;10.544070082244161;10.544070082244161
1014;47.50;17.50;True;False;False;False;1143;44.50;20.50;True;False;False;False;1;11.29166666666697;0;11.29166666666697;11.29166666666697
1014;47.50;17.50;True;False;False;False;1208;21.50;22.50;True;False;False;False;1;28.331204902522586;0;28.331204902522586;28.331204902522586
1014;47.50;17.50;True;False;False;False;1278;47.50;23.50;True;False;False;False;1;11.663155334714247;0;11.663155334714247;11.663155334714247
1014;47.50;17.50;True;False;False;False;1281;50.50;23.50;True;False;False;False;1;13.322230218596815;0;13.322230218596815;13.322230218596815
1014;47.50;17.50;True;False;False;False;1334;15.50;25.50;True;False;False;False;1;34.035646152227855;0;34.035646152227855;34.035646152227855
1014;47.50;17.50;True;False;False;False;1400;37.50;26.50;True;False;False;False;1;25.56870849898405;0;25.56870849898405;25.56870849898405
1016;49.50;17.50;True;False;False;False;12;61.50;3.50;False;False;True;False;2;125.38054476616253;789.6252978818005;105.51065173824463;145.25043779408043
1016;49.50;17.50;True;False;False;False;28;61.50;9.50;False;False;True;False;3;95.36738093888091;594.2346134833688;72.36888888888461;120.92139967826552
1016;49.50;17.50;True;False;False;False;44;61.50;15.50;False;False;True;False;13;96.30505212959396;280.14065077137974;63.54175726332687;116.27223508707539
1016;49.50;17.50;True;False;False;False;60;61.50;21.50;False;False;True;False;7;98.2777047629231;812.869953283803;69.05774738022956;157.5492568616355
1016;49.50;17.50;True;False;False;False;351;44.50;2.50;True;False;False;False;1;20.057683986364964;0;20.057683986364964;20.057683986364964
1016;49.50;17.50;True;False;False;False;465;26.50;5.50;True;False;False;False;1;30.297597387867427;0;30.297597387867427;30.297597387867427
1016;49.50;17.50;True;False;False;False;489;50.50;5.50;True;False;False;False;1;15.053892083637038;0;15.053892083637038;15.053892083637038
1016;49.50;17.50;True;False;False;False;733;30.50;11.50;True;False;False;False;2;23.826481876851176;0.04220987583572286;23.681206490367913;23.97175726333444
1016;49.50;17.50;True;False;False;False;737;34.50;11.50;True;False;False;False;1;21.219538235857158;0;21.219538235857158;21.219538235857158
1016;49.50;17.50;True;False;False;False;740;37.50;11.50;True;False;False;False;1;20.7186773359972;0;20.7186773359972;20.7186773359972
1016;49.50;17.50;True;False;False;False;820;29.50;13.50;True;False;False;False;2;26.82690674075036;3.916618057438815;25.427510789377266;28.226302692123454
1016;49.50;17.50;True;False;False;False;821;30.50;13.50;True;False;False;False;1;26.48629230446022;0;26.48629230446022;26.48629230446022
1016;49.50;17.50;True;False;False;False;822;31.50;13.50;True;False;False;False;3;22.3699388051197;1.0571341066984379;21.608611512834614;23.539538235857435
1016;49.50;17.50;True;False;False;False;823;32.50;13.50;True;False;False;False;2;20.93462966941661;0.06641048654257554;20.752406610306934;21.116852728526283
1016;49.50;17.50;True;False;False;False;842;51.50;13.50;True;False;False;False;1;10.702136427172263;0;10.702136427172263;10.702136427172263
1016;49.50;17.50;True;False;False;False;854;19.50;14.50;True;False;False;False;1;28.919444444443798;0;28.919444444443798;28.919444444443798
1016;49.50;17.50;True;False;False;False;864;29.50;14.50;True;False;False;False;2;22.15990980504739;0.0036753261721441527;22.117041832316318;22.202777777778465
1016;49.50;17.50;True;False;False;False;866;31.50;14.50;True;False;False;False;1;23.970357585072634;0;23.970357585072634;23.970357585072634
1016;49.50;17.50;True;False;False;False;880;45.50;14.50;True;False;False;False;1;12.759903817281156;0;12.759903817281156;12.759903817281156
1016;49.50;17.50;True;False;False;False;954;31.50;16.50;True;False;False;False;1;18.279516638098357;0;18.279516638098357;18.279516638098357
1016;49.50;17.50;True;False;False;False;1223;36.50;22.50;True;False;False;False;1;20.13512607026678;0;20.13512607026678;20.13512607026678
1016;49.50;17.50;True;False;False;False;1363;44.50;25.50;True;False;False;False;1;17.403819644836403;0;17.403819644836403;17.403819644836403
1016;49.50;17.50;True;False;False;False;1369;50.50;25.50;True;False;False;False;1;12.287683986364755;0;12.287683986364755;12.287683986364755
1017;50.50;17.50;True;False;False;False;28;61.50;9.50;False;False;True;False;1;203.27388008905746;0;203.27388008905746;203.27388008905746
1017;50.50;17.50;True;False;False;False;44;61.50;15.50;False;False;True;False;9;87.02323165772242;1132.370089386196;31.391585340188612;152.3629709466113
1017;50.50;17.50;True;False;False;False;60;61.50;21.50;False;False;True;False;8;91.28998199179452;770.0300070118647;62.10028137423069;143.5374074137544
1017;50.50;17.50;True;False;False;False;76;0.50;6.50;False;True;False;False;1;566.7852906650587;0;566.7852906650587;566.7852906650587
1017;50.50;17.50;True;False;False;False;701;42.50;10.50;True;False;False;False;1;17.340367972730746;0;17.340367972730746;17.340367972730746
1017;50.50;17.50;True;False;False;False;733;30.50;11.50;True;False;False;False;1;32.906115109304665;0;32.906115109304665;32.906115109304665
1017;50.50;17.50;True;False;False;False;821;30.50;13.50;True;False;False;False;2;38.480228490776426;91.76243091963097;31.70666108062869;45.25379590092416
1017;50.50;17.50;True;False;False;False;864;29.50;14.50;True;False;False;False;1;27.50722622040803;0;27.50722622040803;27.50722622040803
1017;50.50;17.50;True;False;False;False;866;31.50;14.50;True;False;False;False;2;22.6348176110032;0.3734678947464493;22.202690375836028;23.066944846170372
1017;50.50;17.50;True;False;False;False;879;44.50;14.50;True;False;False;False;1;14.078711693719015;0;14.078711693719015;14.078711693719015
1017;50.50;17.50;True;False;False;False;932;9.50;16.50;True;False;False;False;1;34.232268593386834;0;34.232268593386834;34.232268593386834
1017;50.50;17.50;True;False;False;False;1089;34.50;19.50;True;False;False;False;1;19.961661865029328;0;19.961661865029328;19.961661865029328
1017;50.50;17.50;True;False;False;False;1104;49.50;19.50;True;False;False;False;1;8.259079666451726;0;8.259079666451726;8.259079666451726
1017;50.50;17.50;True;False;False;False;1222;35.50;22.50;True;False;False;False;1;20.741569926034572;0;20.741569926034572;20.741569926034572
1017;50.50;17.50;True;False;False;False;1229;42.50;22.50;True;False;False;False;1;15.948330138597157;0;15.948330138597157;15.948330138597157
1017;50.50;17.50;True;False;False;False;1236;49.50;22.50;True;False;False;False;1;13.327968555337065;0;13.327968555337065;13.327968555337065
1017;50.50;17.50;True;False;False;False;1241;10.50;23.50;True;False;False;False;1;38.41640804211647;0;38.41640804211647;38.41640804211647
1017;50.50;17.50;True;False;False;False;1260;29.50;23.50;True;False;False;False;1;26.151483082023333;0;26.151483082023333;26.151483082023333
1017;50.50;17.50;True;False;False;False;1402;39.50;26.50;True;False;False;False;1;21.018246734834975;0;21.018246734834975;21.018246734834975
1017;50.50;17.50;True;False;False;False;1415;52.50;26.50;True;False;False;False;1;14.294444444432884;0;14.294444444432884;14.294444444432884
1018;51.50;17.50;True;False;False;False;12;61.50;3.50;False;False;True;False;1;95.35295202369707;0;95.35295202369707;95.35295202369707
1018;51.50;17.50;True;False;False;False;28;61.50;9.50;False;False;True;False;3;91.27636122154126;446.09703700283444;66.89314655396174;103.90519716702693
1018;51.50;17.50;True;False;False;False;44;61.50;15.50;False;False;True;False;3;97.08821885176586;1121.4967225702244;75.74639648353588;135.68567092572994
1018;51.50;17.50;True;False;False;False;60;61.50;21.50;False;False;True;False;9;102.50463234749006;2101.1064952484257;60.254344263562416;209.5414191112759
1018;51.50;17.50;True;False;False;False;76;0.50;6.50;False;True;False;False;2;574.5307960313357;29.759827065457515;570.6733469347528;578.3882451279187
1018;51.50;17.50;True;False;False;False;92;0.50;12.50;False;True;False;False;1;291.7722214187397;0;291.7722214187397;291.7722214187397
1018;51.50;17.50;True;False;False;False;294;31.50;1.50;True;False;False;False;1;30.90778497069914;0;30.90778497069914;30.90778497069914
1018;51.50;17.50;True;False;False;False;326;19.50;2.50;True;False;False;False;1;49.83175406860937;0;49.83175406860937;49.83175406860937
1018;51.50;17.50;True;False;False;False;820;29.50;13.50;True;False;False;False;1;47.02750359644415;0;47.02750359644415;47.02750359644415
1018;51.50;17.50;True;False;False;False;821;30.50;13.50;True;False;False;False;3;33.10827720154854;39.76319192330243;28.085646152234403;40.185014385828254
1018;51.50;17.50;True;False;False;False;822;31.50;13.50;True;False;False;False;2;26.506996141794843;20.432107368400914;23.310739943646695;29.703252339942992
1018;51.50;17.50;True;False;False;False;843;52.50;13.50;True;False;False;False;1;10;0;10;10
1018;51.50;17.50;True;False;False;False;864;29.50;14.50;True;False;False;False;2;38.084563954538226;427.5671904971836;23.463223549206305;52.705904359870146
1018;51.50;17.50;True;False;False;False;882;47.50;14.50;True;False;False;False;1;11.476599236597394;0;11.476599236597394;11.476599236597394
1018;51.50;17.50;True;False;False;False;945;22.50;16.50;True;False;False;False;1;26.324444444435358;0;26.324444444435358;26.324444444435358
1018;51.50;17.50;True;False;False;False;973;50.50;16.50;True;False;False;False;1;6.71388888888896;0;6.71388888888896;6.71388888888896
1018;51.50;17.50;True;False;False;False;1104;49.50;19.50;True;False;False;False;1;10.044444444443798;0;10.044444444443798;10.044444444443798
1018;51.50;17.50;True;False;False;False;1138;39.50;20.50;True;False;False;False;1;17.91573914019409;0;17.91573914019409;17.91573914019409
1018;51.50;17.50;True;False;False;False;1145;46.50;20.50;True;False;False;False;1;12.764538235858709;0;12.764538235858709;12.764538235858709
1018;51.50;17.50;True;False;False;False;1228;41.50;22.50;True;False;False;False;1;17.449170263127144;0;17.449170263127144;17.449170263127144
1018;51.50;17.50;True;False;False;False;1280;49.50;23.50;True;False;False;False;1;12.600926723021985;0;12.600926723021985;12.600926723021985
1019;52.50;17.50;True;False;False;False;12;61.50;3.50;False;False;True;False;1;85.11241380323486;0;85.11241380323486;85.11241380323486
1019;52.50;17.50;True;False;False;False;28;61.50;9.50;False;False;True;False;1;70.55676445625613;0;70.55676445625613;70.55676445625613
1019;52.50;17.50;True;False;False;False;44;61.50;15.50;False;False;True;False;8;105.44274277617319;352.6515513604358;83.71573994362552;128.14657048395384
1019;52.50;17.50;True;False;False;False;60;61.50;21.50;False;False;True;False;7;79.75588961209755;586.5275784525069;33.2386083181018;112.33787876209317
1019;52.50;17.50;True;False;False;False;92;0.50;12.50;False;True;False;False;1;245.867961362379;0;245.867961362379;245.867961362379
1019;52.50;17.50;True;False;False;False;124;0.50;24.50;False;True;False;False;2;541.1262148979386;148.97370980424856;532.4956381557895;549.7567916400876
1019;52.50;17.50;True;False;False;False;351;44.50;2.50;True;False;False;False;1;33.57946307394377;0;33.57946307394377;33.57946307394377
1019;52.50;17.50;True;False;False;False;359;52.50;2.50;True;False;False;False;1;24.914996805269766;0;24.914996805269766;24.914996805269766
1019;52.50;17.50;True;False;False;False;491;52.50;5.50;True;False;False;False;1;30.86073994364415;0;30.86073994364415;30.86073994364415
1019;52.50;17.50;True;False;False;False;544;17.50;7.50;True;False;False;False;1;37.25134852446354;0;37.25134852446354;37.25134852446354
1019;52.50;17.50;True;False;False;False;755;52.50;11.50;True;False;False;False;1;8.116014124960202;0;8.116014124960202;8.116014124960202
1019;52.50;17.50;True;False;False;False;820;29.50;13.50;True;False;False;False;2;28.567963763228363;21.961211518821546;25.25426405453254;31.881663471924185
1019;52.50;17.50;True;False;False;False;821;30.50;13.50;True;False;False;False;3;24.794260591988404;0.2626481535923161;24.40287556738258;25.374350653032252
1019;52.50;17.50;True;False;False;False;822;31.50;13.50;True;False;False;False;3;24.405733652080016;0.5122179492949748;23.713398891981342;25.14269814606996
1019;52.50;17.50;True;False;False;False;823;32.50;13.50;True;False;False;False;2;22.95777777777994;0.23295977733310225;22.61648627676277;23.299069278797106
1019;52.50;17.50;True;False;False;False;866;31.50;14.50;True;False;False;False;1;22.53148947149839;0;22.53148947149839;22.53148947149839
1019;52.50;17.50;True;False;False;False;1151;52.50;20.50;True;False;False;False;1;5.975829736871674;0;5.975829736871674;5.975829736871674
1019;52.50;17.50;True;False;False;False;1228;41.50;22.50;True;False;False;False;1;17.717422583995358;0;17.717422583995358;17.717422583995358
1019;52.50;17.50;True;False;False;False;1374;11.50;26.50;True;False;False;False;1;39.98907647170563;0;39.98907647170563;39.98907647170563
1019;52.50;17.50;True;False;False;False;1409;46.50;26.50;True;False;False;False;1;16.72907647170905;0;16.72907647170905;16.72907647170905
1065;10.50;19.50;True;False;False;False;28;61.50;9.50;False;False;True;False;1;73.60648627675255;0;73.60648627675255;73.60648627675255
1065;10.50;19.50;True;False;False;False;1263;32.50;23.50;True;False;False;False;1;24.18225418857037;0;24.18225418857037;24.18225418857037
1066;11.50;19.50;True;False;False;False;28;61.50;9.50;False;False;True;False;1;78.78457767859072;0;78.78457767859072;78.78457767859072
1066;11.50;19.50;True;False;False;False;44;61.50;15.50;False;False;True;False;2;89.45310604770202;174.2791967823673;80.11824673482624;98.7879653605778
1066;11.50;19.50;True;False;False;False;60;61.50;21.50;False;False;True;False;1;54.60497281613516;0;54.60497281613516;54.60497281613516
1066;11.50;19.50;True;False;False;False;608;37.50;8.50;True;False;False;False;1;31.896767651001028;0;31.896767651001028;31.896767651001028
1066;11.50;19.50;True;False;False;False;747;44.50;11.50;True;False;False;False;1;34.400000000002365;0;34.400000000002365;34.400000000002365
1066;11.50;19.50;True;False;False;False;969;46.50;16.50;True;False;False;False;1;33.427503596461065;0;33.427503596461065;33.427503596461065
1066;11.50;19.50;True;False;False;False;1019;52.50;17.50;True;False;False;False;1;36.156131905441725;0;36.156131905441725;36.156131905441725
1066;11.50;19.50;True;False;False;False;1276;45.50;23.50;True;False;False;False;1;32.43426085980536;0;32.43426085980536;32.43426085980536
1067;12.50;19.50;True;False;False;False;12;61.50;3.50;False;False;True;False;1;97.81342712473997;0;97.81342712473997;97.81342712473997
1067;12.50;19.50;True;False;False;False;437;42.50;4.50;True;False;False;False;1;38.79759338968324;0;38.79759338968324;38.79759338968324
1067;12.50;19.50;True;False;False;False;983;16.50;17.50;True;False;False;False;1;10.49814575050732;0;10.49814575050732;10.49814575050732
1072;17.50;19.50;True;False;False;False;28;61.50;9.50;False;False;True;False;1;52.60389286800614;0;52.60389286800614;52.60389286800614
1072;17.50;19.50;True;False;False;False;44;61.50;15.50;False;False;True;False;1;151.23899067664388;0;151.23899067664388;151.23899067664388
1072;17.50;19.50;True;False;False;False;1096;41.50;19.50;True;False;False;False;1;20.50888888888585;0;20.50888888888585;20.50888888888585
1072;17.50;19.50;True;False;False;False;1146;47.50;20.50;True;False;False;False;1;26.778059152014066;0;26.778059152014066;26.778059152014066
1074;19.50;19.50;True;False;False;False;12;61.50;3.50;False;False;True;False;1;93.39991101023406;0;93.39991101023406;93.39991101023406
1074;19.50;19.50;True;False;False;False;603;32.50;8.50;True;False;False;False;1;32.31935145647549;0;32.31935145647549;32.31935145647549
1077;22.50;19.50;True;False;False;False;12;61.50;3.50;False;False;True;False;1;141.12638083140337;0;141.12638083140337;141.12638083140337
1077;22.50;19.50;True;False;False;False;60;61.50;21.50;False;False;True;False;4;121.20638949143904;4885.878622702717;59.18548655658378;198.4215441035558
1077;22.50;19.50;True;False;False;False;485;46.50;5.50;True;False;False;False;1;33.83861470756892;0;33.83861470756892;33.83861470756892
1077;22.50;19.50;True;False;False;False;571;44.50;7.50;True;False;False;False;1;30.35843031948025;0;30.35843031948025;30.35843031948025
1077;22.50;19.50;True;False;False;False;574;47.50;7.50;True;False;False;False;1;33.55694084798415;0;33.55694084798415;33.55694084798415
1077;22.50;19.50;True;False;False;False;598;27.50;8.50;True;False;False;False;1;17.65082299713322;0;17.65082299713322;17.65082299713322
1077;22.50;19.50;True;False;False;False;711;52.50;10.50;True;False;False;False;1;35.439806027703526;0;35.439806027703526;35.439806027703526
1077;22.50;19.50;True;False;False;False;1365;46.50;25.50;True;False;False;False;1;26.777962165862846;0;26.777962165862846;26.777962165862846
1079;24.50;19.50;True;False;False;False;12;61.50;3.50;False;False;True;False;2;70.67140913021376;271.5580468935307;59.01898348373288;82.32383477669464
1079;24.50;19.50;True;False;False;False;44;61.50;15.50;False;False;True;False;2;101.91519756875095;78.5585901897523;95.64787795867232;108.18251717882958
1079;24.50;19.50;True;False;False;False;308;45.50;1.50;True;False;False;False;1;35.78555875028542;0;35.78555875028542;35.78555875028542
1079;24.50;19.50;True;False;False;False;419;24.50;4.50;True;False;False;False;1;14.853239541913354;0;14.853239541913354;14.853239541913354
1079;24.50;19.50;True;False;False;False;688;29.50;10.50;True;False;False;False;1;17.54110791637504;0;17.54110791637504;17.54110791637504
1079;24.50;19.50;True;False;False;False;1229;42.50;22.50;True;False;False;False;1;20.585363974523716;0;20.585363974523716;20.585363974523716
1080;25.50;19.50;True;False;False;False;44;61.50;15.50;False;False;True;False;2;117.2054208657155;1218.2096268999028;92.52537197091078;141.8854697605202
1080;25.50;19.50;True;False;False;False;60;61.50;21.50;False;False;True;False;2;74.20370530424498;924.396106554783;52.70491340150329;95.70249720698666
1080;25.50;19.50;True;False;False;False;573;46.50;7.50;True;False;False;False;1;30.814814024055522;0;30.814814024055522;30.814814024055522
1080;25.50;19.50;True;False;False;False;843;52.50;13.50;True;False;False;False;1;33.6483405262552;0;33.6483405262552;33.6483405262552
1080;25.50;19.50;True;False;False;False;973;50.50;16.50;True;False;False;False;1;26.167131625537877;0;26.167131625537877;26.167131625537877
1081;26.50;19.50;True;False;False;False;44;61.50;15.50;False;False;True;False;1;91.01111111110822;0;91.01111111110822;91.01111111110822
1082;27.50;19.50;True;False;False;False;1253;22.50;23.50;True;False;False;False;1;12.251531530491775;0;12.251531530491775;12.251531530491775
1084;29.50;19.50;True;False;False;False;60;61.50;21.50;False;False;True;False;1;138.09176765099937;0;138.09176765099937;138.09176765099937
1084;29.50;19.50;True;False;False;False;822;31.50;13.50;True;False;False;False;1;12.34563541431271;0;12.34563541431271;12.34563541431271
1085;30.50;19.50;True;False;False;False;28;61.50;9.50;False;False;True;False;1;98.26055875028806;0;98.26055875028806;98.26055875028806
1086;31.50;19.50;True;False;False;False;44;61.50;15.50;False;False;True;False;1;82.4212986939383;0;82.4212986939383;82.4212986939383
1087;32.50;19.50;True;False;False;False;821;30.50;13.50;True;False;False;False;1;11.963656778090808;0;11.963656778090808;11.963656778090808
1089;34.50;19.50;True;False;False;False;28;61.50;9.50;False;False;True;False;1;68.62074313837365;0;68.62074313837365;68.62074313837365
1089;34.50;19.50;True;False;False;False;60;61.50;21.50;False;False;True;False;1;134.78751078938308;0;134.78751078938308;134.78751078938308
1089;34.50;19.50;True;False;False;False;864;29.50;14.50;True;False;False;False;1;16.096479083840677;0;16.096479083840677;16.096479083840677
1089;34.50;19.50;True;False;False;False;1335;16.50;25.50;True;False;False;False;1;23.497871569190465;0;23.497871569190465;23.497871569190465
1090;35.50;19.50;True;False;False;False;44;61.50;15.50;False;False;True;False;1;67.57887369958553;0;67.57887369958553;67.57887369958553
1090;35.50;19.50;True;False;False;False;60;61.50;21.50;False;False;True;False;1;143.8450048016275;0;143.8450048016275;143.8450048016275
1090;35.50;19.50;True;False;False;False;445;50.50;4.50;True;False;False;False;1;30.53583692979737;0;30.53583692979737;30.53583692979737
1090;35.50;19.50;True;False;False;False;1016;49.50;17.50;True;False;False;False;1;17.4130487643597;0;17.4130487643597;17.4130487643597
1091;36.50;19.50;True;False;False;False;44;61.50;15.50;False;False;True;False;1;96.1372461922956;0;96.1372461922956;96.1372461922956
1092;37.50;19.50;True;False;False;False;28;61.50;9.50;False;False;True;False;2;125.53472023265931;5080.451553260329;75.13406769094945;175.93537277436917
1092;37.50;19.50;True;False;False;False;44;61.50;15.50;False;False;True;False;1;97.10138609588103;0;97.10138609588103;97.10138609588103
1092;37.50;19.50;True;False;False;False;60;61.50;21.50;False;False;True;False;6;90.70243307882947;1237.3665980896246;55.256390878450475;139.10647988728306
1092;37.50;19.50;True;False;False;False;734;31.50;11.50;True;False;False;False;1;19.060472151795693;0;19.060472151795693;19.060472151795693
1092;37.50;19.50;True;False;False;False;820;29.50;13.50;True;False;False;False;1;20.750359191959433;0;20.750359191959433;20.750359191959433
1092;37.50;19.50;True;False;False;False;822;31.50;13.50;True;False;False;False;1;15.05703544284188;0;15.05703544284188;15.05703544284188
1092;37.50;19.50;True;False;False;False;823;32.50;13.50;True;False;False;False;1;14.264347458301927;0;14.264347458301927;14.264347458301927
1092;37.50;19.50;True;False;False;False;864;29.50;14.50;True;False;False;False;1;15.689722623945272;0;15.689722623945272;15.689722623945272
1092;37.50;19.50;True;False;False;False;1094;39.50;19.50;True;False;False;False;1;5.579478017727524;0;5.579478017727524;5.579478017727524
1092;37.50;19.50;True;False;False;False;1145;46.50;20.50;True;False;False;False;1;13.67342393000581;0;13.67342393000581;13.67342393000581
1092;37.50;19.50;True;False;False;False;1232;45.50;22.50;True;False;False;False;1;14.715267791830229;0;14.715267791830229;14.715267791830229
1092;37.50;19.50;True;False;False;False;1335;16.50;25.50;True;False;False;False;1;25.590656539887277;0;25.590656539887277;25.590656539887277
1094;39.50;19.50;True;False;False;False;12;61.50;3.50;False;False;True;False;1;134.7929797464435;0;134.7929797464435;134.7929797464435
1094;39.50;19.50;True;False;False;False;44;61.50;15.50;False;False;True;False;7;92.7663420121904;1068.8907495083906;48.577888120176794;150.24337568741453
1094;39.50;19.50;True;False;False;False;60;61.50;21.50;False;False;True;False;5;81.09618476234118;177.2355018568681;59.74554677478591;95.42213455587853
1094;39.50;19.50;True;False;False;False;76;0.50;6.50;False;True;False;False;1;565.4514758701007;0;565.4514758701007;565.4514758701007
1094;39.50;19.50;True;False;False;False;108;0.50;18.50;False;True;False;False;1;45.24889815908682;0;45.24889815908682;45.24889815908682
1094;39.50;19.50;True;False;False;False;124;0.50;24.50;False;True;False;False;1;573.3138222812722;0;573.3138222812722;573.3138222812722
1094;39.50;19.50;True;False;False;False;621;50.50;8.50;True;False;False;False;1;26.925931524652697;0;26.925931524652697;26.925931524652697
1094;39.50;19.50;True;False;False;False;733;30.50;11.50;True;False;False;False;2;27.513767781439356;145.23227892841777;18.992257383381457;36.035278179497254
1094;39.50;19.50;True;False;False;False;734;31.50;11.50;True;False;False;False;1;21.237868374453683;0;21.237868374453683;21.237868374453683
1094;39.50;19.50;True;False;False;False;805;14.50;13.50;True;False;False;False;1;28.841201707791697;0;28.841201707791697;28.841201707791697
1094;39.50;19.50;True;False;False;False;820;29.50;13.50;True;False;False;False;2;19.495047297430347;0.020464429469125172;19.39389288707389;19.596201707786804
1094;39.50;19.50;True;False;False;False;822;31.50;13.50;True;False;False;False;1;16.04963202726867;0;16.04963202726867;16.04963202726867
1094;39.50;19.50;True;False;False;False;866;31.50;14.50;True;False;False;False;2;16.387964557152827;0.1560744724776154;16.108613100670482;16.667316013635173
1094;39.50;19.50;True;False;False;False;1197;10.50;22.50;True;False;False;False;1;28.79337539399421;0;28.79337539399421;28.79337539399421
1094;39.50;19.50;True;False;False;False;1239;52.50;22.50;True;False;False;False;1;18.861486276808137;0;18.861486276808137;18.861486276808137
1094;39.50;19.50;True;False;False;False;1240;9.50;23.50;True;False;False;False;1;30.334816415354;0;30.334816415354;30.334816415354
1094;39.50;19.50;True;False;False;False;1241;10.50;23.50;True;False;False;False;1;29.81471942920325;0;29.81471942920325;29.81471942920325
1094;39.50;19.50;True;False;False;False;1371;52.50;25.50;True;False;False;False;1;19.71101412495591;0;19.71101412495591;19.71101412495591
1095;40.50;19.50;True;False;False;False;28;61.50;9.50;False;False;True;False;1;114.11213642718303;0;114.11213642718303;114.11213642718303
1095;40.50;19.50;True;False;False;False;44;61.50;15.50;False;False;True;False;3;103.51753113624243;540.7899836014012;89.89277299520472;130.3689834837387
1095;40.50;19.50;True;False;False;False;60;61.50;21.50;False;False;True;False;1;96.94250359645594;0;96.94250359645594;96.94250359645594
1095;40.50;19.50;True;False;False;False;108;0.50;18.50;False;True;False;False;1;352.0369592320129;0;352.0369592320129;352.0369592320129
1095;40.50;19.50;True;False;False;False;822;31.50;13.50;True;False;False;False;2;17.973007062478246;0.1590364300691609;17.691017319695675;18.254996805260816
1095;40.50;19.50;True;False;False;False;1092;37.50;19.50;True;False;False;False;1;5.973701306062139;0;5.973701306062139;5.973701306062139
1095;40.50;19.50;True;False;False;False;1096;41.50;19.50;True;False;False;False;1;3.330096986152057;0;3.330096986152057;3.330096986152057
1095;40.50;19.50;True;False;False;False;1275;44.50;23.50;True;False;False;False;1;12.097871569189465;0;12.097871569189465;12.097871569189465
1095;40.50;19.50;True;False;False;False;1328;9.50;25.50;True;False;False;False;1;31.826158833815498;0;31.826158833815498;31.826158833815498
1096;41.50;19.50;True;False;False;False;12;61.50;3.50;False;False;True;False;1;31.93288083938387;0;31.93288083938387;31.93288083938387
1096;41.50;19.50;True;False;False;False;44;61.50;15.50;False;False;True;False;3;106.04876583122557;411.0896389414028;85.4302813742288;125.96260138603611
1096;41.50;19.50;True;False;False;False;60;61.50;21.50;False;False;True;False;3;124.57535144442245;6969.257741691967;35.80212843080936;201.50030800016248
1096;41.50;19.50;True;False;False;False;124;0.50;24.50;False;True;False;False;2;593.0421043189981;514.3410230814434;577.0055675500844;609.0786410879118
1096;41.50;19.50;True;False;False;False;732;29.50;11.50;True;False;False;False;1;27.360930721206387;0;27.360930721206387;27.360930721206387
1096;41.50;19.50;True;False;False;False;820;29.50;13.50;True;False;False;False;1;27.142327308885797;0;27.142327308885797;27.142327308885797
1096;41.50;19.50;True;False;False;False;823;32.50;13.50;True;False;False;False;1;17.30666666666002;0;17.30666666666002;17.30666666666002
1096;41.50;19.50;True;False;False;False;943;20.50;16.50;True;False;False;False;1;24.231951235644374;0;24.231951235644374;24.231951235644374
1096;41.50;19.50;True;False;False;False;1283;52.50;23.50;True;False;False;False;1;16.414644267297263;0;16.414644267297263;16.414644267297263
1096;41.50;19.50;True;False;False;False;1328;9.50;25.50;True;False;False;False;1;32.18787156918188;0;32.18787156918188;32.18787156918188
1096;41.50;19.50;True;False;False;False;1370;51.50;25.50;True;False;False;False;1;17.099248080867255;0;17.099248080867255;17.099248080867255
1096;41.50;19.50;True;False;False;False;1412;49.50;26.50;True;False;False;False;1;16.94602051443144;0;16.94602051443144;16.94602051443144
1097;42.50;19.50;True;False;False;False;28;61.50;9.50;False;False;True;False;1;78.27661603276465;0;78.27661603276465;78.27661603276465
1097;42.50;19.50;True;False;False;False;44;61.50;15.50;False;False;True;False;6;88.03045455374058;394.3269630806794;63.38889208361434;117.07851052849219
1097;42.50;19.50;True;False;False;False;60;61.50;21.50;False;False;True;False;2;105.20922723348895;0.5299529180897483;104.69446859194431;105.72398587503358
1097;42.50;19.50;True;False;False;False;711;52.50;10.50;True;False;False;False;1;20.052128430812445;0;20.052128430812445;20.052128430812445
1097;42.50;19.50;True;False;False;False;822;31.50;13.50;True;False;False;False;2;18.91347402044812;0.0033123683366197546;18.872777777767624;18.954170263128617
1097;42.50;19.50;True;False;False;False;823;32.50;13.50;True;False;False;False;1;18.38233656281318;0;18.38233656281318;18.38233656281318
1097;42.50;19.50;True;False;False;False;831;40.50;13.50;True;False;False;False;1;12.822041028870444;0;12.822041028870444;12.822041028870444
1097;42.50;19.50;True;False;False;False;864;29.50;14.50;True;False;False;False;1;18.937226220409684;0;18.937226220409684;18.937226220409684
1097;42.50;19.50;True;False;False;False;865;30.50;14.50;True;False;False;False;1;29.25398587503514;0;29.25398587503514;29.25398587503514
1097;42.50;19.50;True;False;False;False;1276;45.50;23.50;True;False;False;False;1;12.875364777992218;0;12.875364777992218;12.875364777992218
1097;42.50;19.50;True;False;False;False;1404;41.50;26.50;True;False;False;False;1;11.723427124745285;0;11.723427124745285;11.723427124745285
1099;44.50;19.50;True;False;False;False;28;61.50;9.50;False;False;True;False;1;82.6760141249606;0;82.6760141249606;82.6760141249606
1099;44.50;19.50;True;False;False;False;44;61.50;15.50;False;False;True;False;11;90.27307434038352;584.7642464288007;33.10212523607515;123.31047614998636
1099;44.50;19.50;True;False;False;False;60;61.50;21.50;False;False;True;False;4;84.17743032038925;1073.6171282535838;41.772677596896756;113.671917416832
1099;44.50;19.50;True;False;False;False;734;31.50;11.50;True;False;False;False;2;21.320139089746363;0.009503844336009098;21.251204902524023;21.389073276968702
1099;44.50;19.50;True;False;False;False;821;30.50;13.50;True;False;False;False;2;21.018147749599848;0.1844713951253295;20.71444444444387;21.321851054755825
1099;44.50;19.50;True;False;False;False;822;31.50;13.50;True;False;False;False;1;21.009818513259233;0;21.009818513259233;21.009818513259233
1099;44.50;19.50;True;False;False;False;823;32.50;13.50;True;False;False;False;1;19.97546743608291;0;19.97546743608291;19.97546743608291
1099;44.50;19.50;True;False;False;False;836;45.50;13.50;True;False;False;False;1;10.703685332387977;0;10.703685332387977;10.703685332387977
1099;44.50;19.50;True;False;False;False;838;47.50;13.50;True;False;False;False;1;13.265190777565294;0;13.265190777565294;13.265190777565294
1099;44.50;19.50;True;False;False;False;959;36.50;16.50;True;False;False;False;1;14.363333333339142;0;14.363333333339142;14.363333333339142
1099;44.50;19.50;True;False;False;False;965;42.50;16.50;True;False;False;False;2;10.341206098166595;0.10811398555746173;10.108704500798467;10.573707695534722
1099;44.50;19.50;True;False;False;False;975;52.50;16.50;True;False;False;False;1;14.593607514638279;0;14.593607514638279;14.593607514638279
1099;44.50;19.50;True;False;False;False;1094;39.50;19.50;True;False;False;False;1;8.40954143059571;0;8.40954143059571;8.40954143059571
1099;44.50;19.50;True;False;False;False;1100;45.50;19.50;True;False;False;False;1;3.2222222222189885;0;3.2222222222189885;3.2222222222189885
1099;44.50;19.50;True;False;False;False;1106;51.50;19.50;True;False;False;False;1;19.63120490252186;0;19.63120490252186;19.63120490252186
1100;45.50;19.50;True;False;False;False;28;61.50;9.50;False;False;True;False;3;87.6606213627171;1923.6467569954716;39.51603060870002;125.34249214976808
1100;45.50;19.50;True;False;False;False;44;61.50;15.50;False;False;True;False;8;85.87189334971623;1252.44650772196;28.24407327697922;123.1209523190264
1100;45.50;19.50;True;False;False;False;60;61.50;21.50;False;False;True;False;5;100.17555907544029;173.96606771296308;85.11885826483194;116.63324354009092
1100;45.50;19.50;True;False;False;False;76;0.50;6.50;False;True;False;False;1;580.7218028311836;0;580.7218028311836;580.7218028311836
1100;45.50;19.50;True;False;False;False;92;0.50;12.50;False;True;False;False;1;243.70175487203414;0;243.70175487203414;243.70175487203414
1100;45.50;19.50;True;False;False;False;359;52.50;2.50;True;False;False;False;1;23.002590194930235;0;23.002590194930235;23.002590194930235
1100;45.50;19.50;True;False;False;False;621;50.50;8.50;True;False;False;False;1;17.42925686161834;0;17.42925686161834;17.42925686161834
1100;45.50;19.50;True;False;False;False;733;30.50;11.50;True;False;False;False;1;51.259899015680276;0;51.259899015680276;51.259899015680276
1100;45.50;19.50;True;False;False;False;754;51.50;11.50;True;False;False;False;1;16.98185424947951;0;16.98185424947951;16.98185424947951
1100;45.50;19.50;True;False;False;False;820;29.50;13.50;True;False;False;False;3;22.300657573022136;0.01677320946497617;22.175464958883822;22.434093956946754
1100;45.50;19.50;True;False;False;False;821;30.50;13.50;True;False;False;False;1;25.560914747517927;0;25.560914747517927;25.560914747517927
1100;45.50;19.50;True;False;False;False;822;31.50;13.50;True;False;False;False;1;21.407868374451937;0;21.407868374451937;21.407868374451937
1100;45.50;19.50;True;False;False;False;823;32.50;13.50;True;False;False;False;1;20.156670664846388;0;20.156670664846388;20.156670664846388
1100;45.50;19.50;True;False;False;False;864;29.50;14.50;True;False;False;False;2;21.445835332428715;0.07896632625570305;21.247131625548718;21.64453903930871
1100;45.50;19.50;True;False;False;False;960;37.50;16.50;True;False;False;False;1;14.710836929793004;0;14.710836929793004;14.710836929793004
1100;45.50;19.50;True;False;False;False;973;50.50;16.50;True;False;False;False;1;13.506854249502794;0;13.506854249502794;13.506854249502794
1100;45.50;19.50;True;False;False;False;1096;41.50;19.50;True;False;False;False;1;6.667715413866972;0;6.667715413866972;6.667715413866972
1100;45.50;19.50;True;False;False;False;1097;42.50;19.50;True;False;False;False;1;6.216572875253405;0;6.216572875253405;6.216572875253405
1100;45.50;19.50;True;False;False;False;1146;47.50;20.50;True;False;False;False;1;8.14527208340769;0;8.14527208340769;8.14527208340769
1100;45.50;19.50;True;False;False;False;1278;47.50;23.50;True;False;False;False;1;11.307409805046518;0;11.307409805046518;11.307409805046518
1101;46.50;19.50;True;False;False;False;12;61.50;3.50;False;False;True;False;1;153.9497298168735;0;153.9497298168735;153.9497298168735
1101;46.50;19.50;True;False;False;False;28;61.50;9.50;False;False;True;False;1;182.65445858479507;0;182.65445858479507;182.65445858479507
1101;46.50;19.50;True;False;False;False;44;61.50;15.50;False;False;True;False;1;50.68444124971484;0;50.68444124971484;50.68444124971484
1101;46.50;19.50;True;False;False;False;60;61.50;21.50;False;False;True;False;7;99.81178302789243;819.7470564761841;70.02046176415024;149.03098692213825
1101;46.50;19.50;True;False;False;False;76;0.50;6.50;False;True;False;False;1;534.546221698678;0;534.546221698678;534.546221698678
1101;46.50;19.50;True;False;False;False;412;17.50;4.50;True;False;False;False;1;37.0046360254637;0;37.0046360254637;37.0046360254637
1101;46.50;19.50;True;False;False;False;750;47.50;11.50;True;False;False;False;2;12.29532786821619;0.016618253053543718;12.204173457863362;12.38648227856902
1101;46.50;19.50;True;False;False;False;822;31.50;13.50;True;False;False;False;1;21.96091233722018;0;21.96091233722018;21.96091233722018
1101;46.50;19.50;True;False;False;False;842;51.50;13.50;True;False;False;False;1;14.625188386276022;0;14.625188386276022;14.625188386276022
1101;46.50;19.50;True;False;False;False;864;29.50;14.50;True;False;False;False;1;22.23038033476132;0;22.23038033476132;22.23038033476132
1101;46.50;19.50;True;False;False;False;866;31.50;14.50;True;False;False;False;1;20.598424733467255;0;20.598424733467255;20.598424733467255
1101;46.50;19.50;True;False;False;False;965;42.50;16.50;True;False;False;False;1;12.066204902504978;0;12.066204902504978;12.066204902504978
1101;46.50;19.50;True;False;False;False;1014;47.50;17.50;True;False;False;False;1;8.049365038888936;0;8.049365038888936;8.049365038888936
1101;46.50;19.50;True;False;False;False;1017;50.50;17.50;True;False;False;False;1;15.928167329262578;0;15.928167329262578;15.928167329262578
1101;46.50;19.50;True;False;False;False;1234;47.50;22.50;True;False;False;False;1;8.939167068405368;0;8.939167068405368;8.939167068405368
1102;47.50;19.50;True;False;False;False;12;61.50;3.50;False;False;True;False;2;155.36464281664394;169.82194614246106;146.14992778734268;164.5793578459452
1102;47.50;19.50;True;False;False;False;28;61.50;9.50;False;False;True;False;1;96.96847827869442;0;96.96847827869442;96.96847827869442
1102;47.50;19.50;True;False;False;False;44;61.50;15.50;False;False;True;False;8;101.61223594761651;707.4013969164796;67.1793610406894;145.04794858346577
1102;47.50;19.50;True;False;False;False;60;61.50;21.50;False;False;True;False;3;120.35997699402469;1047.3161311879498;85.44297494481361;149.3475004017073
1102;47.50;19.50;True;False;False;False;108;0.50;18.50;False;True;False;False;1;591.5319901874391;0;591.5319901874391;591.5319901874391
1102;47.50;19.50;True;False;False;False;124;0.50;24.50;False;True;False;False;2;581.5805178423343;310.0356201606346;569.1299029948532;594.0311326898154
1102;47.50;19.50;True;False;False;False;454;15.50;5.50;True;False;False;False;1;43.69842312655237;0;43.69842312655237;43.69842312655237
1102;47.50;19.50;True;False;False;False;588;17.50;8.50;True;False;False;False;1;38.886103114753496;0;38.886103114753496;38.886103114753496
1102;47.50;19.50;True;False;False;False;733;30.50;11.50;True;False;False;False;1;23.653702893891023;0;23.653702893891023;23.653702893891023
1102;47.50;19.50;True;False;False;False;820;29.50;13.50;True;False;False;False;1;22.784709845007455;0;22.784709845007455;22.784709845007455
1102;47.50;19.50;True;False;False;False;821;30.50;13.50;True;False;False;False;1;22.242132429004414;0;22.242132429004414;22.242132429004414
1102;47.50;19.50;True;False;False;False;822;31.50;13.50;True;False;False;False;3;22.313803972792204;1.1698308998944933;21.32993203107253;23.47194404272159
1102;47.50;19.50;True;False;False;False;823;32.50;13.50;True;False;False;False;1;20.982493208806773;0;20.982493208806773;20.982493208806773
1102;47.50;19.50;True;False;False;False;864;29.50;14.50;True;False;False;False;1;22.909358649409114;0;22.909358649409114;22.909358649409114
1102;47.50;19.50;True;False;False;False;969;46.50;16.50;True;False;False;False;1;9;0;9;9
1102;47.50;19.50;True;False;False;False;1018;51.50;17.50;True;False;False;False;1;10.661984024612138;0;10.661984024612138;10.661984024612138
1102;47.50;19.50;True;False;False;False;1099;44.50;19.50;True;False;False;False;1;4.908513723234137;0;4.908513723234137;4.908513723234137
1102;47.50;19.50;True;False;False;False;1144;45.50;20.50;True;False;False;False;1;8.907992808851304;0;8.907992808851304;8.907992808851304
1102;47.50;19.50;True;False;False;False;1151;52.50;20.50;True;False;False;False;1;10.897876351762534;0;10.897876351762534;10.897876351762534
1102;47.50;19.50;True;False;False;False;1239;52.50;22.50;True;False;False;False;1;12.724444444445908;0;12.724444444445908;12.724444444445908
1102;47.50;19.50;True;False;False;False;1366;47.50;25.50;True;False;False;False;1;7.625727145676137;0;7.625727145676137;7.625727145676137
1104;49.50;19.50;True;False;False;False;28;61.50;9.50;False;False;True;False;2;116.45585650945907;520.705040832341;100.3204135215467;132.59129949737144
1104;49.50;19.50;True;False;False;False;44;61.50;15.50;False;False;True;False;5;78.88813434583479;197.8399820342085;61.94676365281157;97.43296536059643
1104;49.50;19.50;True;False;False;False;60;61.50;21.50;False;False;True;False;5;97.12909619031689;733.8885288826297;65.28176126153176;137.36055475208923
1104;49.50;19.50;True;False;False;False;92;0.50;12.50;False;True;False;False;1;245.94779216360075;0;245.94779216360075;245.94779216360075
1104;49.50;19.50;True;False;False;False;538;11.50;7.50;True;False;False;False;1;50.29481961009151;0;50.29481961009151;50.29481961009151
1104;49.50;19.50;True;False;False;False;671;12.50;10.50;True;False;False;False;1;37.40546576232509;0;37.40546576232509;37.40546576232509
1104;49.50;19.50;True;False;False;False;820;29.50;13.50;True;False;False;False;1;24.908708498982378;0;24.908708498982378;24.908708498982378
1104;49.50;19.50;True;False;False;False;821;30.50;13.50;True;False;False;False;1;33.141666666662786;0;33.141666666662786;33.141666666662786
1104;49.50;19.50;True;False;False;False;822;31.50;13.50;True;False;False;False;1;26.996857444228226;0;26.996857444228226;26.996857444228226
1104;49.50;19.50;True;False;False;False;835;44.50;13.50;True;False;False;False;1;14.036017319698203;0;14.036017319698203;14.036017319698203
1104;49.50;19.50;True;False;False;False;859;24.50;14.50;True;False;False;False;1;27.655281374238257;0;27.655281374238257;27.655281374238257
1104;49.50;19.50;True;False;False;False;866;31.50;14.50;True;False;False;False;2;23.10944644353731;0.508560441126895;22.605184388090493;23.613708498984124
1104;49.50;19.50;True;False;False;False;877;42.50;14.50;True;False;False;False;1;15.063791902743105;0;15.063791902743105;15.063791902743105
1104;49.50;19.50;True;False;False;False;884;49.50;14.50;True;False;False;False;1;7.349903013851531;0;7.349903013851531;7.349903013851531
1104;49.50;19.50;True;False;False;False;1099;44.50;19.50;True;False;False;False;1;8.067215029297586;0;8.067215029297586;8.067215029297586
1104;49.50;19.50;True;False;False;False;1217;30.50;22.50;True;False;False;False;1;22.4047258186838;0;22.4047258186838;22.4047258186838
1105;50.50;19.50;True;False;False;False;12;61.50;3.50;False;False;True;False;1;103.85018797962584;0;103.85018797962584;103.85018797962584
1105;50.50;19.50;True;False;False;False;28;61.50;9.50;False;False;True;False;2;67.70727111701808;940.5627998699111;46.021298693929566;89.3932435401066
1105;50.50;19.50;True;False;False;False;44;61.50;15.50;False;False;True;False;8;98.38817868927418;1392.270670202769;54.51842393001243;171.69860831811184
1105;50.50;19.50;True;False;False;False;60;61.50;21.50;False;False;True;False;2;66.9774558973022;436.94900582332946;52.19657287524751;81.7583389193569
1105;50.50;19.50;True;False;False;False;76;0.50;6.50;False;True;False;False;1;527.9721620040964;0;527.9721620040964;527.9721620040964
1105;50.50;19.50;True;False;False;False;572;45.50;7.50;True;False;False;False;1;18.90305595727841;0;18.90305595727841;18.90305595727841
1105;50.50;19.50;True;False;False;False;723;20.50;11.50;True;False;False;False;1;32.93230401913024;0;32.93230401913024;32.93230401913024
1105;50.50;19.50;True;False;False;False;734;31.50;11.50;True;False;False;False;1;27.938520916142807;0;27.938520916142807;27.938520916142807
1105;50.50;19.50;True;False;False;False;820;29.50;13.50;True;False;False;False;1;36.308152943431196;0;36.308152943431196;36.308152943431196
1105;50.50;19.50;True;False;False;False;821;30.50;13.50;True;False;False;False;1;25.060096986147983;0;25.060096986147983;25.060096986147983
1105;50.50;19.50;True;False;False;False;822;31.50;13.50;True;False;False;False;2;42.80180855894878;694.4886248426967;24.167316013635173;61.436301104262384
1105;50.50;19.50;True;False;False;False;864;29.50;14.50;True;False;False;False;1;35.31122728469563;0;35.31122728469563;35.31122728469563
1105;50.50;19.50;True;False;False;False;1014;47.50;17.50;True;False;False;False;1;10.566017319692037;0;10.566017319692037;10.566017319692037
1105;50.50;19.50;True;False;False;False;1017;50.50;17.50;True;False;False;False;1;5.157406610309408;0;5.157406610309408;5.157406610309408
1105;50.50;19.50;True;False;False;False;1106;51.50;19.50;True;False;False;False;1;3.1880167979352336;0;3.1880167979352336;3.1880167979352336
1105;50.50;19.50;True;False;False;False;1207;20.50;22.50;True;False;False;False;1;29.719274196668266;0;29.719274196668266;29.719274196668266
1105;50.50;19.50;True;False;False;False;1232;45.50;22.50;True;False;False;False;1;11.624276833480963;0;11.624276833480963;11.624276833480963
1105;50.50;19.50;True;False;False;False;1366;47.50;25.50;True;False;False;False;1;13.156572875253005;0;13.156572875253005;13.156572875253005
1106;51.50;19.50;True;False;False;False;28;61.50;9.50;False;False;True;False;3;131.62532231042542;556.4699914584301;117.59975164110438;158.8601875828258
1106;51.50;19.50;True;False;False;False;44;61.50;15.50;False;False;True;False;7;92.50550396530318;389.2705845505114;71.46009459484412;118.62614674264842
1106;51.50;19.50;True;False;False;False;60;61.50;21.50;False;False;True;False;8;75.20729693140197;425.39403957588326;42.185087401939654;107.31343831584354
1106;51.50;19.50;True;False;False;False;108;0.50;18.50;False;True;False;False;1;582.818370101344;0;582.818370101344;582.818370101344
1106;51.50;19.50;True;False;False;False;124;0.50;24.50;False;True;False;False;1;585.9539922645072;0;585.9539922645072;585.9539922645072
1106;51.50;19.50;True;False;False;False;455;16.50;5.50;True;False;False;False;1;40.019568008608985;0;40.019568008608985;40.019568008608985
1106;51.50;19.50;True;False;False;False;698;39.50;10.50;True;False;False;False;1;21.6600905966734;0;21.6600905966734;21.6600905966734
1106;51.50;19.50;True;False;False;False;733;30.50;11.50;True;False;False;False;1;35.79243882227456;0;35.79243882227456;35.79243882227456
1106;51.50;19.50;True;False;False;False;734;31.50;11.50;True;False;False;False;1;26.916197709597327;0;26.916197709597327;26.916197709597327
1106;51.50;19.50;True;False;False;False;820;29.50;13.50;True;False;False;False;2;27.52055555555944;3.873472222165181;26.12888888890302;28.91222222221586
1106;51.50;19.50;True;False;False;False;864;29.50;14.50;True;False;False;False;1;43.68742019270758;0;43.68742019270758;43.68742019270758
1106;51.50;19.50;True;False;False;False;866;31.50;14.50;True;False;False;False;1;24.811572071801947;0;24.811572071801947;24.811572071801947
1106;51.50;19.50;True;False;False;False;998;31.50;17.50;True;False;False;False;1;33.47796536059468;0;33.47796536059468;33.47796536059468
1106;51.50;19.50;True;False;False;False;1014;47.50;17.50;True;False;False;False;1;11.42788115338044;0;11.42788115338044;11.42788115338044
1106;51.50;19.50;True;False;False;False;1016;49.50;17.50;True;False;False;False;1;12.343520916159832;0;12.343520916159832;12.343520916159832
1106;51.50;19.50;True;False;False;False;1116;17.50;20.50;True;False;False;False;1;29.811481475120672;0;29.811481475120672;29.811481475120672
1106;51.50;19.50;True;False;False;False;1146;47.50;20.50;True;False;False;False;1;10.200555555555866;0;10.200555555555866;10.200555555555866
1106;51.50;19.50;True;False;False;False;1151;52.50;20.50;True;False;False;False;1;6.649060914947768;0;6.649060914947768;6.649060914947768
1106;51.50;19.50;True;False;False;False;1256;25.50;23.50;True;False;False;False;1;27.42591394408555;0;27.42591394408555;27.42591394408555
1106;51.50;19.50;True;False;False;False;1276;45.50;23.50;True;False;False;False;1;13.844445247897966;0;13.844445247897966;13.844445247897966
1106;51.50;19.50;True;False;False;False;1339;20.50;25.50;True;False;False;False;1;32.4865728752593;0;32.4865728752593;32.4865728752593
1106;51.50;19.50;True;False;False;False;1341;22.50;25.50;True;False;False;False;1;30.5085273056211;0;30.5085273056211;30.5085273056211
1106;51.50;19.50;True;False;False;False;1397;34.50;26.50;True;False;False;False;1;24.036091120171477;0;24.036091120171477;24.036091120171477
1107;52.50;19.50;True;False;False;False;12;61.50;3.50;False;False;True;False;1;120.4196352220024;0;120.4196352220024;120.4196352220024
1107;52.50;19.50;True;False;False;False;28;61.50;9.50;False;False;True;False;1;224.0940844680681;0;224.0940844680681;224.0940844680681
1107;52.50;19.50;True;False;False;False;44;61.50;15.50;False;False;True;False;1;77.7795486235118;0;77.7795486235118;77.7795486235118
1107;52.50;19.50;True;False;False;False;60;61.50;21.50;False;False;True;False;4;98.25260657989645;108.6838140686389;85.9024609589942;111.09148627675813
1107;52.50;19.50;True;False;False;False;108;0.50;18.50;False;True;False;False;1;487.05983586723096;0;487.05983586723096;487.05983586723096
1107;52.50;19.50;True;False;False;False;606;35.50;8.50;True;False;False;False;1;25.771199316504863;0;25.771199316504863;25.771199316504863
1107;52.50;19.50;True;False;False;False;864;29.50;14.50;True;False;False;False;2;25.923880760317843;0.2491474602181475;25.57093072120597;26.276830799429717
1107;52.50;19.50;True;False;False;False;866;31.50;14.50;True;False;False;False;1;29.509264054541745;0;29.509264054541745;29.509264054541745
1107;52.50;19.50;True;False;False;False;1198;11.50;22.50;True;False;False;False;1;37.195509184194634;0;37.195509184194634;37.195509184194634
1107;52.50;19.50;True;False;False;False;1204;17.50;22.50;True;False;False;False;1;33.21917345785732;0;33.21917345785732;33.21917345785732
1107;52.50;19.50;True;False;False;False;1283;52.50;23.50;True;False;False;False;1;6.291017319699677;0;6.291017319699677;6.291017319699677
1107;52.50;19.50;True;False;False;False;1335;16.50;25.50;True;False;False;False;1;35.703617902308906;0;35.703617902308906;35.703617902308906
1108;9.50;20.50;True;False;False;False;44;61.50;15.50;False;False;True;False;2;123.46835850855734;0.6578845636813343;122.89482360827606;124.04189340883863
1108;9.50;20.50;True;False;False;False;60;61.50;21.50;False;False;True;False;1;181.46417345785085;0;181.46417345785085;181.46417345785085
1108;9.50;20.50;True;False;False;False;490;51.50;5.50;True;False;False;False;1;44.921118304027914;0;44.921118304027914;44.921118304027914
1108;9.50;20.50;True;False;False;False;833;42.50;13.50;True;False;False;False;1;33.90505188108;0;33.90505188108;33.90505188108
1108;9.50;20.50;True;False;False;False;884;49.50;14.50;True;False;False;False;1;37.884357042486954;0;37.884357042486954;37.884357042486954
1109;10.50;20.50;True;False;False;False;12;61.50;3.50;False;False;True;False;2;112.24963562371795;100.28948051504834;105.1683405262429;119.330930721193
1109;10.50;20.50;True;False;False;False;556;29.50;7.50;True;False;False;False;1;27.78963202725572;0;27.78963202725572;27.78963202725572
1109;10.50;20.50;True;False;False;False;698;39.50;10.50;True;False;False;False;1;32.79037116746622;0;32.79037116746622;32.79037116746622
1109;10.50;20.50;True;False;False;False;830;39.50;13.50;True;False;False;False;1;34.32092113700128;0;34.32092113700128;34.32092113700128
1111;12.50;20.50;True;False;False;False;12;61.50;3.50;False;False;True;False;1;157.80167385958612;0;157.80167385958612;157.80167385958612
1111;12.50;20.50;True;False;False;False;44;61.50;15.50;False;False;True;False;1;65.23149027493491;0;65.23149027493491;65.23149027493491
1111;12.50;20.50;True;False;False;False;60;61.50;21.50;False;False;True;False;1;102.49436264757969;0;102.49436264757969;102.49436264757969
1111;12.50;20.50;True;False;False;False;735;32.50;11.50;True;False;False;False;1;27.22621529018579;0;27.22621529018579;27.22621529018579
1111;12.50;20.50;True;False;False;False;749;46.50;11.50;True;False;False;False;1;98.47389608178855;0;98.47389608178855;98.47389608178855
1111;12.50;20.50;True;False;False;False;754;51.50;11.50;True;False;False;False;1;39.33247571226593;0;39.33247571226593;39.33247571226593
1111;12.50;20.50;True;False;False;False;1014;47.50;17.50;True;False;False;False;1;33.414538235857435;0;33.414538235857435;33.414538235857435
1115;16.50;20.50;True;False;False;False;28;61.50;9.50;False;False;True;False;1;77.09844526325469;0;77.09844526325469;77.09844526325469
1115;16.50;20.50;True;False;False;False;44;61.50;15.50;False;False;True;False;1;83.34444444444944;0;83.34444444444944;83.34444444444944
1115;16.50;20.50;True;False;False;False;835;44.50;13.50;True;False;False;False;1;36.0309440102119;0;36.0309440102119;36.0309440102119
1115;16.50;20.50;True;False;False;False;1204;17.50;22.50;True;False;False;False;1;8.329321881339638;0;8.329321881339638;8.329321881339638
1115;16.50;20.50;True;False;False;False;1412;49.50;26.50;True;False;False;False;1;33.408059152015994;0;33.408059152015994;33.408059152015994
1116;17.50;20.50;True;False;False;False;44;61.50;15.50;False;False;True;False;2;98.97576072842003;3231.2916449738173;58.780663732804896;139.17085772403516
1116;17.50;20.50;True;False;False;False;60;61.50;21.50;False;False;True;False;1;11.993795097478142;0;11.993795097478142;11.993795097478142
1116;17.50;20.50;True;False;False;False;711;52.50;10.50;True;False;False;False;1;38.25421185162486;0;38.25421185162486;38.25421185162486
1116;17.50;20.50;True;False;False;False;827;36.50;13.50;True;False;False;False;1;25.03795816769707;0;25.03795816769707;25.03795816769707
1116;17.50;20.50;True;False;False;False;1013;46.50;17.50;True;False;False;False;1;29.369260859806218;0;29.369260859806218;29.369260859806218
1118;19.50;20.50;True;False;False;False;44;61.50;15.50;False;False;True;False;2;106.96441672666879;1226.5327447479572;82.20020116521846;131.72863228811912
1118;19.50;20.50;True;False;False;False;478;39.50;5.50;True;False;False;False;1;30.48084571054642;0;30.48084571054642;30.48084571054642
1118;19.50;20.50;True;False;False;False;1135;36.50;20.50;True;False;False;False;1;15.258793490556855;0;15.258793490556855;15.258793490556855
1119;20.50;20.50;True;False;False;False;44;61.50;15.50;False;False;True;False;1;74.0287596529306;0;74.0287596529306;74.0287596529306
1120;21.50;20.50;True;False;False;False;60;61.50;21.50;False;False;True;False;1;112.87297255351405;0;112.87297255351405;112.87297255351405
1123;24.50;20.50;True;False;False;False;60;61.50;21.50;False;False;True;False;1;134.08247163005944;0;134.08247163005944;134.08247163005944
1123;24.50;20.50;True;False;False;False;1149;50.50;20.50;True;False;False;False;1;21.891941651418165;0;21.891941651418165;21.891941651418165
1124;25.50;20.50;True;False;False;False;60;61.50;21.50;False;False;True;False;1;126.16476763383616;0;126.16476763383616;126.16476763383616
1124;25.50;20.50;True;False;False;False;1361;42.50;25.50;True;False;False;False;1;22.681756459889584;0;22.681756459889584;22.681756459889584
1126;27.50;20.50;True;False;False;False;60;61.50;21.50;False;False;True;False;3;96.84096065227239;1267.8614006152975;58.33296536060402;128.5734247334476
1126;27.50;20.50;True;False;False;False;820;29.50;13.50;True;False;False;False;1;12.321944042716495;0;12.321944042716495;12.321944042716495
1126;27.50;20.50;True;False;False;False;821;30.50;13.50;True;False;False;False;1;14.175919530098327;0;14.175919530098327;14.175919530098327
1126;27.50;20.50;True;False;False;False;998;31.50;17.50;True;False;False;False;1;11.772399417379347;0;11.772399417379347;11.772399417379347
1128;29.50;20.50;True;False;False;False;44;61.50;15.50;False;False;True;False;2;131.88629190272536;1924.307578065485;100.86768798454841;162.9048958209023
1128;29.50;20.50;True;False;False;False;808;17.50;13.50;True;False;False;False;1;19.757255011154484;0;19.757255011154484;19.757255011154484
1128;29.50;20.50;True;False;False;False;1365;46.50;25.50;True;False;False;False;1;22.068614707573943;0;22.068614707573943;22.068614707573943
1129;30.50;20.50;True;False;False;False;28;61.50;9.50;False;False;True;False;1;93.50138097266608;0;93.50138097266608;93.50138097266608
1129;30.50;20.50;True;False;False;False;490;51.50;5.50;True;False;False;False;1;31.75342712474412;0;31.75342712474412;31.75342712474412
1129;30.50;20.50;True;False;False;False;1382;19.50;26.50;True;False;False;False;1;19.198635387540207;0;19.198635387540207;19.198635387540207
1130;31.50;20.50;True;False;False;False;44;61.50;15.50;False;False;True;False;1;151.91315613816914;0;151.91315613816914;151.91315613816914
1130;31.50;20.50;True;False;False;False;808;17.50;13.50;True;False;False;False;1;21.10888888889076;0;21.10888888889076;21.10888888889076
1131;32.50;20.50;True;False;False;False;28;61.50;9.50;False;False;True;False;1;52.53351772142196;0;52.53351772142196;52.53351772142196
1131;32.50;20.50;True;False;False;False;60;61.50;21.50;False;False;True;False;3;102.9480575578197;10.050921035025612;99.76842792819753;106.1089826802945
1131;32.50;20.50;True;False;False;False;821;30.50;13.50;True;False;False;False;2;12.908576200435164;0.0282428511691119;12.789742595825373;13.027409805044954
1131;32.50;20.50;True;False;False;False;1221;34.50;22.50;True;False;False;False;1;10.074916596255207;0;10.074916596255207;10.074916596255207
1131;32.50;20.50;True;False;False;False;1348;29.50;25.50;True;False;False;False;1;12.975742334933784;0;12.975742334933784;12.975742334933784
1133;34.50;20.50;True;False;False;False;60;61.50;21.50;False;False;True;False;2;87.89244471573329;61.05831070455201;82.36712523607639;93.41776419539019
1133;34.50;20.50;True;False;False;False;1077;22.50;19.50;True;False;False;False;1;15.387489210614149;0;15.387489210614149;15.387489210614149
1133;34.50;20.50;True;False;False;False;1372;9.50;26.50;True;False;False;False;1;27.85936503888115;0;27.85936503888115;27.85936503888115
1134;35.50;20.50;True;False;False;False;60;61.50;21.50;False;False;True;False;1;90.55639248533771;0;90.55639248533771;90.55639248533771
1134;35.50;20.50;True;False;False;False;1365;46.50;25.50;True;False;False;False;1;18.905281374240076;0;18.905281374240076;18.905281374240076
1135;36.50;20.50;True;False;False;False;12;61.50;3.50;False;False;True;False;1;84.84464002363529;0;84.84464002363529;84.84464002363529
1135;36.50;20.50;True;False;False;False;28;61.50;9.50;False;False;True;False;1;84.36856728732528;0;84.36856728732528;84.36856728732528
1135;36.50;20.50;True;False;False;False;60;61.50;21.50;False;False;True;False;1;161.96222941514588;0;161.96222941514588;161.96222941514588
1135;36.50;20.50;True;False;False;False;76;0.50;6.50;False;True;False;False;2;547.696026922943;0.02252218891899418;547.5899086188692;547.8021452270168
1135;36.50;20.50;True;False;False;False;108;0.50;18.50;False;True;False;False;1;534.2457631293032;0;534.2457631293032;534.2457631293032
1135;36.50;20.50;True;False;False;False;124;0.50;24.50;False;True;False;False;2;582.5183541181268;169.51872030352132;573.3118694387413;591.7248387975123
1135;36.50;20.50;True;False;False;False;820;29.50;13.50;True;False;False;False;1;16.312222222215496;0;16.312222222215496;16.312222222215496
1135;36.50;20.50;True;False;False;False;821;30.50;13.50;True;False;False;False;1;29.634173457862744;0;29.634173457862744;29.634173457862744
1135;36.50;20.50;True;False;False;False;826;35.50;13.50;True;False;False;False;1;11.516666666662786;0;11.516666666662786;11.516666666662786
1135;36.50;20.50;True;False;False;False;830;39.50;13.50;True;False;False;False;1;13.396475085650309;0;13.396475085650309;13.396475085650309
1135;36.50;20.50;True;False;False;False;864;29.50;14.50;True;False;False;False;1;15.578059152020614;0;15.578059152020614;15.578059152020614
1135;36.50;20.50;True;False;False;False;865;30.50;14.50;True;False;False;False;1;15.205194756680612;0;15.205194756680612;15.205194756680612
1135;36.50;20.50;True;False;False;False;1092;37.50;19.50;True;False;False;False;1;7.016846253092808;0;7.016846253092808;7.016846253092808
1135;36.50;20.50;True;False;False;False;1335;16.50;25.50;True;False;False;False;1;23.754350653030997;0;23.754350653030997;23.754350653030997
1136;37.50;20.50;True;False;False;False;44;61.50;15.50;False;False;True;False;5;90.36189218564778;2388.474520268868;37.66399706614084;170.8336733188262
1136;37.50;20.50;True;False;False;False;60;61.50;21.50;False;False;True;False;2;64.05736410497957;866.1468335200547;43.24694804090177;84.86778016905737
1136;37.50;20.50;True;False;False;False;76;0.50;6.50;False;True;False;False;1;552.569735648478;0;552.569735648478;552.569735648478
1136;37.50;20.50;True;False;False;False;704;45.50;10.50;True;False;False;False;1;19.21638529242773;0;19.21638529242773;19.21638529242773
1136;37.50;20.50;True;False;False;False;733;30.50;11.50;True;False;False;False;1;17.640828933443117;0;17.640828933443117;17.640828933443117
1136;37.50;20.50;True;False;False;False;818;27.50;13.50;True;False;False;False;1;18.022967751887563;0;18.022967751887563;18.022967751887563
1136;37.50;20.50;True;False;False;False;822;31.50;13.50;True;False;False;False;1;15.862502793013846;0;15.862502793013846;15.862502793013846
1136;37.50;20.50;True;False;False;False;1100;45.50;19.50;True;False;False;False;1;12.008073537854216;0;12.008073537854216;12.008073537854216
1136;37.50;20.50;True;False;False;False;1124;25.50;20.50;True;False;False;False;1;12.470187582821382;0;12.470187582821382;12.470187582821382
1136;37.50;20.50;True;False;False;False;1141;42.50;20.50;True;False;False;False;1;7.449992807076342;0;7.449992807076342;7.449992807076342
1136;37.50;20.50;True;False;False;False;1239;52.50;22.50;True;False;False;False;1;19.68240980504197;0;19.68240980504197;19.68240980504197
1138;39.50;20.50;True;False;False;False;44;61.50;15.50;False;False;True;False;3;69.18808615616649;295.082925217604;56.246204902518;88.67684946690952
1138;39.50;20.50;True;False;False;False;60;61.50;21.50;False;False;True;False;2;111.97144138014914;35.01072422179608;107.78750040172963;116.15538235856866
1138;39.50;20.50;True;False;False;False;733;30.50;11.50;True;False;False;False;1;19.132777777775118;0;19.132777777775118;19.132777777775118
1138;39.50;20.50;True;False;False;False;820;29.50;13.50;True;False;False;False;1;18.152784167262325;0;18.152784167262325;18.152784167262325
1138;39.50;20.50;True;False;False;False;865;30.50;14.50;True;False;False;False;1;17.347222222221262;0;17.347222222221262;17.347222222221262
1138;39.50;20.50;True;False;False;False;866;31.50;14.50;True;False;False;False;1;20.731944042711802;0;20.731944042711802;20.731944042711802
1138;39.50;20.50;True;False;False;False;1226;39.50;22.50;True;False;False;False;1;6.318582825191243;0;6.318582825191243;6.318582825191243
1139;40.50;20.50;True;False;False;False;12;61.50;3.50;False;False;True;False;2;221.70894018448936;3118.679097476607;182.22046656574457;261.19741380323416
1139;40.50;20.50;True;False;False;False;44;61.50;15.50;False;False;True;False;1;128.48371249717457;0;128.48371249717457;128.48371249717457
1139;40.50;20.50;True;False;False;False;60;61.50;21.50;False;False;True;False;1;98.60413479946692;0;98.60413479946692;98.60413479946692
1139;40.50;20.50;True;False;False;False;668;9.50;10.50;True;False;False;False;1;34.081576069998846;0;34.081576069998846;34.081576069998846
1139;40.50;20.50;True;False;False;False;820;29.50;13.50;True;False;False;False;1;25.08176045808068;0;25.08176045808068;25.08176045808068
1139;40.50;20.50;True;False;False;False;825;34.50;13.50;True;False;False;False;1;15.906673056137265;0;15.906673056137265;15.906673056137265
1139;40.50;20.50;True;False;False;False;1239;52.50;22.50;True;False;False;False;1;17.498705304253235;0;17.498705304253235;17.498705304253235
1140;41.50;20.50;True;False;False;False;44;61.50;15.50;False;False;True;False;2;96.77352131788257;25.842753046794485;93.17888969233354;100.3681529434316
1140;41.50;20.50;True;False;False;False;60;61.50;21.50;False;False;True;False;1;101.32143403589725;0;101.32143403589725;101.32143403589725
1140;41.50;20.50;True;False;False;False;92;0.50;12.50;False;True;False;False;1;272.96380470071017;0;272.96380470071017;272.96380470071017
1140;41.50;20.50;True;False;False;False;701;42.50;10.50;True;False;False;False;1;13.895972054453523;0;13.895972054453523;13.895972054453523
1140;41.50;20.50;True;False;False;False;822;31.50;13.50;True;False;False;False;1;18.709632027268526;0;18.709632027268526;18.709632027268526
1140;41.50;20.50;True;False;False;False;866;31.50;14.50;True;False;False;False;1;21.547388226281328;0;21.547388226281328;21.547388226281328
1140;41.50;20.50;True;False;False;False;1151;52.50;20.50;True;False;False;False;1;11.510548362635745;0;11.510548362635745;11.510548362635745
1141;42.50;20.50;True;False;False;False;60;61.50;21.50;False;False;True;False;3;78.59586952632041;611.6057948815865;50.18287876210343;95.27870530425025
1141;42.50;20.50;True;False;False;False;723;20.50;11.50;True;False;False;False;1;28.205555555556202;0;28.205555555556202;28.205555555556202
1141;42.50;20.50;True;False;False;False;733;30.50;11.50;True;False;False;False;1;22.93046895706425;0;22.93046895706425;22.93046895706425
1141;42.50;20.50;True;False;False;False;822;31.50;13.50;True;False;False;False;1;20.2163829011306;0;20.2163829011306;20.2163829011306
1141;42.50;20.50;True;False;False;False;1006;39.50;17.50;True;False;False;False;1;11.364333072426234;0;11.364333072426234;11.364333072426234
1143;44.50;20.50;True;False;False;False;28;61.50;9.50;False;False;True;False;1;91.55296616403575;0;91.55296616403575;91.55296616403575
1143;44.50;20.50;True;False;False;False;60;61.50;21.50;False;False;True;False;2;101.25560685116716;137.44075592640434;92.96583134376033;109.54538235857399
1143;44.50;20.50;True;False;False;False;822;31.50;13.50;True;False;False;False;1;31.10028137423069;0;31.10028137423069;31.10028137423069
1143;44.50;20.50;True;False;False;False;1065;10.50;19.50;True;False;False;False;1;30.470569137931307;0;30.470569137931307;30.470569137931307
1143;44.50;20.50;True;False;False;False;1102;47.50;19.50;True;False;False;False;1;20.70736716758165;0;20.70736716758165;20.70736716758165
1144;45.50;20.50;True;False;False;False;44;61.50;15.50;False;False;True;False;1;80.10583373505324;0;80.10583373505324;80.10583373505324
1144;45.50;20.50;True;False;False;False;60;61.50;21.50;False;False;True;False;4;94.4095500295399;39.30239176430684;85.71620490251553;99.57388569415343
1144;45.50;20.50;True;False;False;False;735;32.50;11.50;True;False;False;False;1;21.620731143822468;0;21.620731143822468;21.620731143822468
1144;45.50;20.50;True;False;False;False;987;20.50;17.50;True;False;False;False;1;25.29312577865312;0;25.29312577865312;25.29312577865312
1144;45.50;20.50;True;False;False;False;1099;44.50;19.50;True;False;False;False;1;6.981659473745822;0;6.981659473745822;6.981659473745822
1144;45.50;20.50;True;False;False;False;1229;42.50;22.50;True;False;False;False;1;11.225468153603288;0;11.225468153603288;11.225468153603288
1144;45.50;20.50;True;False;False;False;1370;51.50;25.50;True;False;False;False;1;16.207131625543298;0;16.207131625543298;16.207131625543298
1145;46.50;20.50;True;False;False;False;60;61.50;21.50;False;False;True;False;2;69.41871529017317;230.7430903221177;58.67760058260865;80.15982999773769
1145;46.50;20.50;True;False;False;False;822;31.50;13.50;True;False;False;False;1;21.30481961010082;0;21.30481961010082;21.30481961010082
1145;46.50;20.50;True;False;False;False;840;49.50;13.50;True;False;False;False;1;15.821017319701241;0;15.821017319701241;15.821017319701241
1146;47.50;20.50;True;False;False;False;12;61.50;3.50;False;False;True;False;1;149.62064775911495;0;149.62064775911495;149.62064775911495
1146;47.50;20.50;True;False;False;False;28;61.50;9.50;False;False;True;False;2;109.54223220814629;136.4458902805718;101.28251398412158;117.801950432171
1146;47.50;20.50;True;False;False;False;44;61.50;15.50;False;False;True;False;5;91.22686396969365;644.311020915779;53.5220578059907;116.15193475188062
1146;47.50;20.50;True;False;False;False;60;61.50;21.50;False;False;True;False;2;95.82092712474474;125.12467140044807;87.91129150101187;103.73056274847761
1146;47.50;20.50;True;False;False;False;76;0.50;6.50;False;True;False;False;1;589.709016499055;0;589.709016499055;589.709016499055
1146;47.50;20.50;True;False;False;False;108;0.50;18.50;False;True;False;False;1;519.0238070920159;0;519.0238070920159;519.0238070920159
1146;47.50;20.50;True;False;False;False;124;0.50;24.50;False;True;False;False;1;531.8982059685732;0;531.8982059685732;531.8982059685732
1146;47.50;20.50;True;False;False;False;352;45.50;2.50;True;False;False;False;1;20.22555955373855;0;20.22555955373855;20.22555955373855
1146;47.50;20.50;True;False;False;False;820;29.50;13.50;True;False;False;False;1;37.30037677252221;0;37.30037677252221;37.30037677252221
1146;47.50;20.50;True;False;False;False;821;30.50;13.50;True;False;False;False;2;23.077072489793863;0.6152960822925204;22.522412196329242;23.631732783258485
1146;47.50;20.50;True;False;False;False;822;31.50;13.50;True;False;False;False;1;22.47222222221899;0;22.47222222221899;22.47222222221899
1146;47.50;20.50;True;False;False;False;823;32.50;13.50;True;False;False;False;1;24.79852091615794;0;24.79852091615794;24.79852091615794
1146;47.50;20.50;True;False;False;False;866;31.50;14.50;True;False;False;False;2;22.14638050032727;0.20610629022538748;21.825361583263657;22.46739941739088
1146;47.50;20.50;True;False;False;False;867;32.50;14.50;True;False;False;False;1;21.277955266319623;0;21.277955266319623;21.277955266319623
1146;47.50;20.50;True;False;False;False;950;27.50;16.50;True;False;False;False;1;39.53314575050172;0;39.53314575050172;39.53314575050172
1146;47.50;20.50;True;False;False;False;1126;27.50;20.50;True;False;False;False;1;16.34158006817529;0;16.34158006817529;16.34158006817529
1146;47.50;20.50;True;False;False;False;1212;25.50;22.50;True;False;False;False;1;36.681392485346805;0;36.681392485346805;36.681392485346805
1146;47.50;20.50;True;False;False;False;1234;47.50;22.50;True;False;False;False;1;6.213423930006684;0;6.213423930006684;6.213423930006684
1148;49.50;20.50;True;False;False;False;12;61.50;3.50;False;False;True;False;2;123.43972142827624;343.01593830416715;110.34361631446154;136.53582654209094
1148;49.50;20.50;True;False;False;False;44;61.50;15.50;False;False;True;False;1;99.14375567380648;0;99.14375567380648;99.14375567380648
1148;49.50;20.50;True;False;False;False;60;61.50;21.50;False;False;True;False;1;66.56203783413366;0;66.56203783413366;66.56203783413366
1148;49.50;20.50;True;False;False;False;124;0.50;24.50;False;True;False;False;1;532.6482994279004;0;532.6482994279004;532.6482994279004
1148;49.50;20.50;True;False;False;False;566;39.50;7.50;True;False;False;False;1;22.62074313837911;0;22.62074313837911;22.62074313837911
1148;49.50;20.50;True;False;False;False;820;29.50;13.50;True;False;False;False;1;28.673012535424277;0;28.673012535424277;28.673012535424277
1148;49.50;20.50;True;False;False;False;821;30.50;13.50;True;False;False;False;1;27.374910206774075;0;27.374910206774075;27.374910206774075
1148;49.50;20.50;True;False;False;False;822;31.50;13.50;True;False;False;False;1;23.512403415576955;0;23.512403415576955;23.512403415576955
1148;49.50;20.50;True;False;False;False;972;49.50;16.50;True;False;False;False;1;6.45741219635056;0;6.45741219635056;6.45741219635056
1149;50.50;20.50;True;False;False;False;12;61.50;3.50;False;False;True;False;1;103.63493180452497;0;103.63493180452497;103.63493180452497
1149;50.50;20.50;True;False;False;False;28;61.50;9.50;False;False;True;False;1;94.06862190052288;0;94.06862190052288;94.06862190052288
1149;50.50;20.50;True;False;False;False;44;61.50;15.50;False;False;True;False;5;113.86959467138604;862.1524412927724;85.74092752646811;161.67610871978832
1149;50.50;20.50;True;False;False;False;60;61.50;21.50;False;False;True;False;5;87.38419317645858;111.6916721315458;75.08204183230191;101.4731673292772
1149;50.50;20.50;True;False;False;False;108;0.50;18.50;False;True;False;False;1;647.6777135615023;0;647.6777135615023;647.6777135615023
1149;50.50;20.50;True;False;False;False;124;0.50;24.50;False;True;False;False;1;566.0371308411122;0;566.0371308411122;566.0371308411122
1149;50.50;20.50;True;False;False;False;579;52.50;7.50;True;False;False;False;1;16.679906208584725;0;16.679906208584725;16.679906208584725
1149;50.50;20.50;True;False;False;False;737;34.50;11.50;True;False;False;False;1;23.50888888888889;0;23.50888888888889;23.50888888888889
1149;50.50;20.50;True;False;False;False;821;30.50;13.50;True;False;False;False;1;25.90223341330784;0;25.90223341330784;25.90223341330784
1149;50.50;20.50;True;False;False;False;822;31.50;13.50;True;False;False;False;2;24.446552208629328;0.12535074654520667;24.196201707785804;24.69690270947285
1149;50.50;20.50;True;False;False;False;823;32.50;13.50;True;False;False;False;1;23.45138929060704;0;23.45138929060704;23.45138929060704
1149;50.50;20.50;True;False;False;False;864;29.50;14.50;True;False;False;False;2;30.36101691797103;50.85927177013666;25.31823634718785;35.40379748875421
1149;50.50;20.50;True;False;False;False;874;39.50;14.50;True;False;False;False;1;18.780926723018638;0;18.780926723018638;18.780926723018638
1149;50.50;20.50;True;False;False;False;981;14.50;17.50;True;False;False;False;1;32.344906208584234;0;32.344906208584234;32.344906208584234
1149;50.50;20.50;True;False;False;False;1150;51.50;20.50;True;False;False;False;1;3.7138888888875954;0;3.7138888888875954;3.7138888888875954
1149;50.50;20.50;True;False;False;False;1221;34.50;22.50;True;False;False;False;1;19.521305886864866;0;19.521305886864866;19.521305886864866
1149;50.50;20.50;True;False;False;False;1233;46.50;22.50;True;False;False;False;1;11.088615511027456;0;11.088615511027456;11.088615511027456
1149;50.50;20.50;True;False;False;False;1282;51.50;23.50;True;False;False;False;1;14.800843319259002;0;14.800843319259002;14.800843319259002
1150;51.50;20.50;True;False;False;False;44;61.50;15.50;False;False;True;False;3;108.79555209300027;604.6872687320135;88.269801226048;136.04982041354924
1150;51.50;20.50;True;False;False;False;60;61.50;21.50;False;False;True;False;3;112.31938458228221;893.1348381243714;80.62499999997999;139.98750439991
1150;51.50;20.50;True;False;False;False;124;0.50;24.50;False;True;False;False;1;562.5848164153285;0;562.5848164153285;562.5848164153285
1150;51.50;20.50;True;False;False;False;820;29.50;13.50;True;False;False;False;1;39.13211556596616;0;39.13211556596616;39.13211556596616
1150;51.50;20.50;True;False;False;False;821;30.50;13.50;True;False;False;False;2;27.040366375363647;4.939717779795436;25.468787904558667;28.611944846168626
1150;51.50;20.50;True;False;False;False;822;31.50;13.50;True;False;False;False;1;33.75175726333873;0;33.75175726333873;33.75175726333873
1150;51.50;20.50;True;False;False;False;1100;45.50;19.50;True;False;False;False;1;11.740364777992;0;11.740364777992;11.740364777992
1150;51.50;20.50;True;False;False;False;1369;50.50;25.50;True;False;False;False;1;9.89204982868614;0;9.89204982868614;9.89204982868614
1150;51.50;20.50;True;False;False;False;1402;39.50;26.50;True;False;False;False;1;19.52666666665209;0;19.52666666665209;19.52666666665209
1151;52.50;20.50;True;False;False;False;28;61.50;9.50;False;False;True;False;2;114.75927536836298;44.368277637902594;110.049271247457;119.46927948926896
1151;52.50;20.50;True;False;False;False;44;61.50;15.50;False;False;True;False;3;87.50736788576857;370.7496655963223;70.4905403662633;108.40813216811694
1151;52.50;20.50;True;False;False;False;60;61.50;21.50;False;False;True;False;14;84.23224003914659;599.4403874268025;39.427658390341094;126.02565334513929
1151;52.50;20.50;True;False;False;False;92;0.50;12.50;False;True;False;False;1;257.91831975086643;0;257.91831975086643;257.91831975086643
1151;52.50;20.50;True;False;False;False;724;21.50;11.50;True;False;False;False;1;40.98175726334375;0;40.98175726334375;40.98175726334375
1151;52.50;20.50;True;False;False;False;747;44.50;11.50;True;False;False;False;1;18.256889930527905;0;18.256889930527905;18.256889930527905
1151;52.50;20.50;True;False;False;False;820;29.50;13.50;True;False;False;False;1;27.101767651001865;0;27.101767651001865;27.101767651001865
1151;52.50;20.50;True;False;False;False;821;30.50;13.50;True;False;False;False;3;26.416206235248108;0.12032968356104443;26.09999280707416;26.787236608055537
1151;52.50;20.50;True;False;False;False;822;31.50;13.50;True;False;False;False;3;32.104158000751944;86.98665647094991;25.764418848419155;42.81341993182559
1151;52.50;20.50;True;False;False;False;823;32.50;13.50;True;False;False;False;1;24.818941668603657;0;24.818941668603657;24.818941668603657
1151;52.50;20.50;True;False;False;False;864;29.50;14.50;True;False;False;False;1;26.23796935878272;0;26.23796935878272;26.23796935878272
1151;52.50;20.50;True;False;False;False;866;31.50;14.50;True;False;False;False;1;30.597777777775264;0;30.597777777775264;30.597777777775264
1151;52.50;20.50;True;False;False;False;983;16.50;17.50;True;False;False;False;1;35.932871569192685;0;35.932871569192685;35.932871569192685
1151;52.50;20.50;True;False;False;False;984;17.50;17.50;True;False;False;False;1;32.05888569414674;0;32.05888569414674;32.05888569414674
1151;52.50;20.50;True;False;False;False;998;31.50;17.50;True;False;False;False;1;23.563059152009373;0;23.563059152009373;23.563059152009373
1151;52.50;20.50;True;False;False;False;1095;40.50;19.50;True;False;False;False;1;15.272868374457175;0;15.272868374457175;15.272868374457175
1151;52.50;20.50;True;False;False;False;1149;50.50;20.50;True;False;False;False;1;4.178982680299669;0;4.178982680299669;4.178982680299669
1151;52.50;20.50;True;False;False;False;1229;42.50;22.50;True;False;False;False;1;14.395922657937263;0;14.395922657937263;14.395922657937263
1151;52.50;20.50;True;False;False;False;1281;50.50;23.50;True;False;False;False;1;10.96176045807988;0;10.96176045807988;10.96176045807988
1151;52.50;20.50;True;False;False;False;1410;47.50;26.50;True;False;False;False;1;14.134538235857349;0;14.134538235857349;14.134538235857349
1196;9.50;22.50;True;False;False;False;12;61.50;3.50;False;False;True;False;1;180.89311422783203;0;180.89311422783203;180.89311422783203
1196;9.50;22.50;True;False;False;False;955;32.50;16.50;True;False;False;False;1;26.277178337515124;0;26.277178337515124;26.277178337515124
1196;9.50;22.50;True;False;False;False;1330;11.50;25.50;True;False;False;False;1;9.967871569190834;0;9.967871569190834;9.967871569190834
1197;10.50;22.50;True;False;False;False;44;61.50;15.50;False;False;True;False;1;89.74097173300834;0;89.74097173300834;89.74097173300834
1197;10.50;22.50;True;False;False;False;60;61.50;21.50;False;False;True;False;1;186.41073346825942;0;186.41073346825942;186.41073346825942
1197;10.50;22.50;True;False;False;False;577;50.50;7.50;True;False;False;False;1;44.05684866345837;0;44.05684866345837;44.05684866345837
1197;10.50;22.50;True;False;False;False;952;29.50;16.50;True;False;False;False;1;24.61787156918217;0;24.61787156918217;24.61787156918217
1197;10.50;22.50;True;False;False;False;955;32.50;16.50;True;False;False;False;1;26.81223899935594;0;26.81223899935594;26.81223899935594
1198;11.50;22.50;True;False;False;False;44;61.50;15.50;False;False;True;False;1;115.80072955600099;0;115.80072955600099;115.80072955600099
1198;11.50;22.50;True;False;False;False;124;0.50;24.50;False;True;False;False;1;585.4121810962722;0;585.4121810962722;585.4121810962722
1198;11.50;22.50;True;False;False;False;447;52.50;4.50;True;False;False;False;1;47.2636885271213;0;47.2636885271213;47.2636885271213
1198;11.50;22.50;True;False;False;False;566;39.50;7.50;True;False;False;False;1;36.941705286888464;0;36.941705286888464;36.941705286888464
1201;14.50;22.50;True;False;False;False;60;61.50;21.50;False;False;True;False;1;195.84621209543184;0;195.84621209543184;195.84621209543184
1201;14.50;22.50;True;False;False;False;1102;47.50;19.50;True;False;False;False;1;31.451997294470857;0;31.451997294470857;31.451997294470857
1202;15.50;22.50;True;False;False;False;28;61.50;9.50;False;False;True;False;1;134.6780444064682;0;134.6780444064682;134.6780444064682
1202;15.50;22.50;True;False;False;False;60;61.50;21.50;False;False;True;False;2;124.73171236672943;912.7163416010382;103.36917106658166;146.0942536668772
1202;15.50;22.50;True;False;False;False;1148;49.50;20.50;True;False;False;False;1;30.87768478981434;0;30.87768478981434;30.87768478981434
1202;15.50;22.50;True;False;False;False;1273;42.50;23.50;True;False;False;False;1;25.467735159370932;0;25.467735159370932;25.467735159370932
1204;17.50;22.50;True;False;False;False;44;61.50;15.50;False;False;True;False;2;112.16427524564551;4115.07810227197;66.8041710665766;157.52437942471443
1204;17.50;22.50;True;False;False;False;124;0.50;24.50;False;True;False;False;1;556.4216970452608;0;556.4216970452608;556.4216970452608
1204;17.50;22.50;True;False;False;False;750;47.50;11.50;True;False;False;False;1;35.26185105474724;0;35.26185105474724;35.26185105474724
1204;17.50;22.50;True;False;False;False;1094;39.50;19.50;True;False;False;False;1;26.87149666442383;0;26.87149666442383;26.87149666442383
1204;17.50;22.50;True;False;False;False;1146;47.50;20.50;True;False;False;False;1;28.128242736648644;0;28.128242736648644;28.128242736648644
1206;19.50;22.50;True;False;False;False;60;61.50;21.50;False;False;True;False;1;120.15574313836805;0;120.15574313836805;120.15574313836805
1206;19.50;22.50;True;False;False;False;571;44.50;7.50;True;False;False;False;1;34.246201707786895;0;34.246201707786895;34.246201707786895
1206;19.50;22.50;True;False;False;False;1276;45.50;23.50;True;False;False;False;1;39.36453823585771;0;39.36453823585771;39.36453823585771
1207;20.50;22.50;True;False;False;False;60;61.50;21.50;False;False;True;False;1;66.56659420849246;0;66.56659420849246;66.56659420849246
1208;21.50;22.50;True;False;False;False;60;61.50;21.50;False;False;True;False;1;110.166889204771;0;110.166889204771;110.166889204771
1211;24.50;22.50;True;False;False;False;44;61.50;15.50;False;False;True;False;1;164.97731681708592;0;164.97731681708592;164.97731681708592
1211;24.50;22.50;True;False;False;False;822;31.50;13.50;True;False;False;False;1;18.954999999987194;0;18.954999999987194;18.954999999987194
1212;25.50;22.50;True;False;False;False;60;61.50;21.50;False;False;True;False;1;62.8351875828248;0;62.8351875828248;62.8351875828248
1212;25.50;22.50;True;False;False;False;1252;21.50;23.50;True;False;False;False;1;9.596392485360411;0;9.596392485360411;9.596392485360411
1214;27.50;22.50;True;False;False;False;12;61.50;3.50;False;False;True;False;1;127.60953903930204;0;127.60953903930204;127.60953903930204
1214;27.50;22.50;True;False;False;False;734;31.50;11.50;True;False;False;False;1;25.480740747094387;0;25.480740747094387;25.480740747094387
1216;29.50;22.50;True;False;False;False;28;61.50;9.50;False;False;True;False;1;87.93398268029705;0;87.93398268029705;87.93398268029705
1216;29.50;22.50;True;False;False;False;822;31.50;13.50;True;False;False;False;1;14.659528651643996;0;14.659528651643996;14.659528651643996
1217;30.50;22.50;True;False;False;False;12;61.50;3.50;False;False;True;False;1;91.67092433173093;0;91.67092433173093;91.67092433173093
1217;30.50;22.50;True;False;False;False;60;61.50;21.50;False;False;True;False;2;87.15044363057586;2512.208171824061;51.708884890700574;122.59200237045116
1217;30.50;22.50;True;False;False;False;92;0.50;12.50;False;True;False;False;1;276.5198276064766;0;276.5198276064766;276.5198276064766
1217;30.50;22.50;True;False;False;False;124;0.50;24.50;False;True;False;False;1;585.9906066141161;0;585.9906066141161;585.9906066141161
1217;30.50;22.50;True;False;False;False;821;30.50;13.50;True;False;False;False;1;9.858239541920739;0;9.858239541920739;9.858239541920739
1217;30.50;22.50;True;False;False;False;1111;12.50;20.50;True;False;False;False;1;21.145559553740895;0;21.145559553740895;21.145559553740895
1217;30.50;22.50;True;False;False;False;1223;36.50;22.50;True;False;False;False;1;8.297319208371846;0;8.297319208371846;8.297319208371846
1217;30.50;22.50;True;False;False;False;1273;42.50;23.50;True;False;False;False;1;14.823513723247743;0;14.823513723247743;14.823513723247743
1217;30.50;22.50;True;False;False;False;1368;49.50;25.50;True;False;False;False;1;22.234350653045112;0;22.234350653045112;22.234350653045112
1218;31.50;22.50;True;False;False;False;28;61.50;9.50;False;False;True;False;1;85.15932825184245;0;85.15932825184245;85.15932825184245
1218;31.50;22.50;True;False;False;False;864;29.50;14.50;True;False;False;False;1;13.61018758281898;0;13.61018758281898;13.61018758281898
1219;32.50;22.50;True;False;False;False;44;61.50;15.50;False;False;True;False;1;83.04278177595552;0;83.04278177595552;83.04278177595552
1219;32.50;22.50;True;False;False;False;60;61.50;21.50;False;False;True;False;2;111.58035638942692;247.65000825832698;100.45268798453799;122.70802479431586
1219;32.50;22.50;True;False;False;False;734;31.50;11.50;True;False;False;False;1;15.904812417180437;0;15.904812417180437;15.904812417180437
1219;32.50;22.50;True;False;False;False;821;30.50;13.50;True;False;False;False;1;14.142594193137484;0;14.142594193137484;14.142594193137484
1219;32.50;22.50;True;False;False;False;822;31.50;13.50;True;False;False;False;1;12.583982680302142;0;12.583982680302142;12.583982680302142
1221;34.50;22.50;True;False;False;False;44;61.50;15.50;False;False;True;False;2;109.68597601954207;4159.252053652789;64.08305915201709;155.28889288706705
1221;34.50;22.50;True;False;False;False;60;61.50;21.50;False;False;True;False;1;167.28000799634174;0;167.28000799634174;167.28000799634174
1221;34.50;22.50;True;False;False;False;967;44.50;16.50;True;False;False;False;1;17.861941651426605;0;17.861941651426605;17.861941651426605
1221;34.50;22.50;True;False;False;False;1007;40.50;17.50;True;False;False;False;1;15.355555555550382;0;15.355555555550382;15.355555555550382
1221;34.50;22.50;True;False;False;False;1101;46.50;19.50;True;False;False;False;1;17.80055555555373;0;17.80055555555373;17.80055555555373
1222;35.50;22.50;True;False;False;False;60;61.50;21.50;False;False;True;False;1;75.14980946795004;0;75.14980946795004;75.14980946795004
1222;35.50;22.50;True;False;False;False;1099;44.50;19.50;True;False;False;False;1;16.059725015222284;0;16.059725015222284;16.059725015222284
1223;36.50;22.50;True;False;False;False;60;61.50;21.50;False;False;True;False;5;103.53826448749915;1102.9471876765838;63.90805915200326;143.52888649758825
1223;36.50;22.50;True;False;False;False;617;46.50;8.50;True;False;False;False;1;28.540836929791112;0;28.540836929791112;28.540836929791112
1223;36.50;22.50;True;False;False;False;822;31.50;13.50;True;False;False;False;1;16.26434665482884;0;16.26434665482884;16.26434665482884
1223;36.50;22.50;True;False;False;False;864;29.50;14.50;True;False;False;False;1;17.460523031220873;0;17.460523031220873;17.460523031220873
1223;36.50;22.50;True;False;False;False;955;32.50;16.50;True;False;False;False;1;23.513621097042687;0;23.513621097042687;23.513621097042687
1223;36.50;22.50;True;False;False;False;1253;22.50;23.50;True;False;False;False;1;16.315197167034057;0;16.315197167034057;16.315197167034057
1224;37.50;22.50;True;False;False;False;60;61.50;21.50;False;False;True;False;3;119.25429151258656;493.56168451621517;93.99935465121052;135.78083773323306
1224;37.50;22.50;True;False;False;False;706;47.50;10.50;True;False;False;False;1;23.760003194734963;0;23.760003194734963;23.760003194734963
1224;37.50;22.50;True;False;False;False;1223;36.50;22.50;True;False;False;False;1;3.357128430816374;0;3.357128430816374;3.357128430816374
1224;37.50;22.50;True;False;False;False;1415;52.50;26.50;True;False;False;False;1;19.61221902748548;0;19.61221902748548;19.61221902748548
1226;39.50;22.50;True;False;False;False;44;61.50;15.50;False;False;True;False;1;52.30936982145249;0;52.30936982145249;52.30936982145249
1226;39.50;22.50;True;False;False;False;60;61.50;21.50;False;False;True;False;2;163.0415279786373;5341.0052975452845;111.3646216396096;214.71843431766501
1226;39.50;22.50;True;False;False;False;691;32.50;10.50;True;False;False;False;1;19.96667066485287;0;19.96667066485287;19.96667066485287
1226;39.50;22.50;True;False;False;False;733;30.50;11.50;True;False;False;False;1;20.955949889610565;0;20.955949889610565;20.955949889610565
1226;39.50;22.50;True;False;False;False;821;30.50;13.50;True;False;False;False;1;19.130274181316054;0;19.130274181316054;19.130274181316054
1226;39.50;22.50;True;False;False;False;1223;36.50;22.50;True;False;False;False;1;6.073701306061139;0;6.073701306061139;6.073701306061139
1227;40.50;22.50;True;False;False;False;44;61.50;15.50;False;False;True;False;2;83.1905595537396;1701.2597281651872;54.025000000002365;112.35611910747684
1227;40.50;22.50;True;False;False;False;92;0.50;12.50;False;True;False;False;1;244.11639487662615;0;244.11639487662615;244.11639487662615
1227;40.50;22.50;True;False;False;False;124;0.50;24.50;False;True;False;False;1;570.7380285279651;0;570.7380285279651;570.7380285279651
1227;40.50;22.50;True;False;False;False;333;26.50;2.50;True;False;False;False;1;29.415646152228874;0;29.415646152228874;29.415646152228874
1227;40.50;22.50;True;False;False;False;616;45.50;8.50;True;False;False;False;1;20.43240980504197;0;20.43240980504197;20.43240980504197
1227;40.50;22.50;True;False;False;False;750;47.50;11.50;True;False;False;False;1;26.830371970903798;0;26.830371970903798;26.830371970903798
1227;40.50;22.50;True;False;False;False;822;31.50;13.50;True;False;False;False;1;20.615371970916385;0;20.615371970916385;20.615371970916385
1228;41.50;22.50;True;False;False;False;28;61.50;9.50;False;False;True;False;1;77.70102451261118;0;77.70102451261118;77.70102451261118
1228;41.50;22.50;True;False;False;False;44;61.50;15.50;False;False;True;False;1;136.3857519191297;0;136.3857519191297;136.3857519191297
1228;41.50;22.50;True;False;False;False;60;61.50;21.50;False;False;True;False;1;50.11286331723613;0;50.11286331723613;50.11286331723613
1228;41.50;22.50;True;False;False;False;733;30.50;11.50;True;False;False;False;1;22.635359191968746;0;22.635359191968746;22.635359191968746
1228;41.50;22.50;True;False;False;False;821;30.50;13.50;True;False;False;False;1;34.62397948556554;0;34.62397948556554;34.62397948556554
1228;41.50;22.50;True;False;False;False;1146;47.50;20.50;True;False;False;False;1;12.802222222218916;0;12.802222222218916;12.802222222218916
1229;42.50;22.50;True;False;False;False;28;61.50;9.50;False;False;True;False;2;81.79750040171803;2123.46811155881;49.21323954191939;114.38176126151666
1229;42.50;22.50;True;False;False;False;44;61.50;15.50;False;False;True;False;1;109.54815542063807;0;109.54815542063807;109.54815542063807
1229;42.50;22.50;True;False;False;False;60;61.50;21.50;False;False;True;False;4;104.16106647672746;419.25889494218916;82.57649346968265;131.924444444423
1229;42.50;22.50;True;False;False;False;108;0.50;18.50;False;True;False;False;1;569.5729258987376;0;569.5729258987376;569.5729258987376
1229;42.50;22.50;True;False;False;False;124;0.50;24.50;False;True;False;False;1;591.6626642411829;0;591.6626642411829;591.6626642411829
1229;42.50;22.50;True;False;False;False;734;31.50;11.50;True;False;False;False;2;27.25416866575779;16.579178366008453;24.375003998184184;30.133333333331393
1229;42.50;22.50;True;False;False;False;821;30.50;13.50;True;False;False;False;1;21.579350653031725;0;21.579350653031725;21.579350653031725
1229;42.50;22.50;True;False;False;False;822;31.50;13.50;True;False;False;False;1;20.145472955249716;0;20.145472955249716;20.145472955249716
1229;42.50;22.50;True;False;False;False;864;29.50;14.50;True;False;False;False;1;22.038961347034274;0;22.038961347034274;22.038961347034274
1229;42.50;22.50;True;False;False;False;1281;50.50;23.50;True;False;False;False;1;12.525836126345894;0;12.525836126345894;12.525836126345894
1229;42.50;22.50;True;False;False;False;1363;44.50;25.50;True;False;False;False;1;11.140186779370197;0;11.140186779370197;11.140186779370197
1229;42.50;22.50;True;False;False;False;1371;52.50;25.50;True;False;False;False;1;14.89351452668052;0;14.89351452668052;14.89351452668052
1229;42.50;22.50;True;False;False;False;1414;51.50;26.50;True;False;False;False;1;16.40305915200588;0;16.40305915200588;16.40305915200588
1231;44.50;22.50;True;False;False;False;60;61.50;21.50;False;False;True;False;3;116.45689164761127;1586.008908917093;92.99926405454153;162.43937225071932
1231;44.50;22.50;True;False;False;False;124;0.50;24.50;False;True;False;False;1;566.7151995773274;0;566.7151995773274;566.7151995773274
1231;44.50;22.50;True;False;False;False;821;30.50;13.50;True;False;False;False;1;42.33880148694516;0;42.33880148694516;42.33880148694516
1231;44.50;22.50;True;False;False;False;1140;41.50;20.50;True;False;False;False;1;11.153701306058792;0;11.153701306058792;11.153701306058792
1231;44.50;22.50;True;False;False;False;1229;42.50;22.50;True;False;False;False;1;5.470926723010052;0;5.470926723010052;5.470926723010052
1231;44.50;22.50;True;False;False;False;1329;10.50;25.50;True;False;False;False;1;31.66388886982486;0;31.66388886982486;31.66388886982486
1232;45.50;22.50;True;False;False;False;44;61.50;15.50;False;False;True;False;1;69.88759419313647;0;69.88759419313647;69.88759419313647
1232;45.50;22.50;True;False;False;False;60;61.50;21.50;False;False;True;False;2;151.70824460354584;1600.9412904558062;123.41565466858401;180.00083453850766
1232;45.50;22.50;True;False;False;False;124;0.50;24.50;False;True;False;False;1;545.3687547671939;0;545.3687547671939;545.3687547671939
1232;45.50;22.50;True;False;False;False;821;30.50;13.50;True;False;False;False;1;37.1144444444426;0;37.1144444444426;37.1144444444426
1232;45.50;22.50;True;False;False;False;822;31.50;13.50;True;False;False;False;1;29.90471623447138;0;29.90471623447138;29.90471623447138
1232;45.50;22.50;True;False;False;False;1282;51.50;23.50;True;False;False;False;1;11.288894474910194;0;11.288894474910194;11.288894474910194
1232;45.50;22.50;True;False;False;False;1368;49.50;25.50;True;False;False;False;1;11.80941256206279;0;11.80941256206279;11.80941256206279
1233;46.50;22.50;True;False;False;False;44;61.50;15.50;False;False;True;False;2;95.65252851171181;4304.705970094049;49.259070082241124;142.0459869411825
1233;46.50;22.50;True;False;False;False;60;61.50;21.50;False;False;True;False;4;121.03672009616525;1892.6038135785616;61.978152943422174;163.4665784612571
1233;46.50;22.50;True;False;False;False;124;0.50;24.50;False;True;False;False;1;524.9701987739527;0;524.9701987739527;524.9701987739527
1233;46.50;22.50;True;False;False;False;820;29.50;13.50;True;False;False;False;1;55.67194804090104;0;55.67194804090104;55.67194804090104
1233;46.50;22.50;True;False;False;False;822;31.50;13.50;True;False;False;False;1;22.87537516564771;0;22.87537516564771;22.87537516564771
1233;46.50;22.50;True;False;False;False;823;32.50;13.50;True;False;False;False;1;22.147871569184645;0;22.147871569184645;22.147871569184645
1233;46.50;22.50;True;False;False;False;864;29.50;14.50;True;False;False;False;1;24.896844665283425;0;24.896844665283425;24.896844665283425
1233;46.50;22.50;True;False;False;False;866;31.50;14.50;True;False;False;False;1;24.677914642679298;0;24.677914642679298;24.677914642679298
1233;46.50;22.50;True;False;False;False;1102;47.50;19.50;True;False;False;False;1;9.706569680519351;0;9.706569680519351;9.706569680519351
1233;46.50;22.50;True;False;False;False;1412;49.50;26.50;True;False;False;False;1;12.10148227857644;0;12.10148227857644;12.10148227857644
1234;47.50;22.50;True;False;False;False;28;61.50;9.50;False;False;True;False;2;102.53192990734851;278.99516137510994;90.72102051443744;114.34283930025958
1234;47.50;22.50;True;False;False;False;44;61.50;15.50;False;False;True;False;4;94.2572443704691;266.87795547035796;78.65136890291251;117.26305915199919
1234;47.50;22.50;True;False;False;False;60;61.50;21.50;False;False;True;False;3;89.7347405605069;692.8349996244175;62.32107593103501;114.80833333333067
1234;47.50;22.50;True;False;False;False;92;0.50;12.50;False;True;False;False;1;253.43343512108186;0;253.43343512108186;253.43343512108186
1234;47.50;22.50;True;False;False;False;747;44.50;11.50;True;False;False;False;1;17.27963202726096;0;17.27963202726096;17.27963202726096
1234;47.50;22.50;True;False;False;False;821;30.50;13.50;True;False;False;False;1;24.09976415552046;0;24.09976415552046;24.09976415552046
1234;47.50;22.50;True;False;False;False;822;31.50;13.50;True;False;False;False;2;24.109451235646702;0.050255481290876855;23.950933915944915;24.26796855534849
1234;47.50;22.50;True;False;False;False;864;29.50;14.50;True;False;False;False;2;24.907918464898103;0.9219075992284385;24.228982680295303;25.586854249500902
1234;47.50;22.50;True;False;False;False;988;21.50;17.50;True;False;False;False;1;28.95471862575505;0;28.95471862575505;28.95471862575505
1234;47.50;22.50;True;False;False;False;1011;44.50;17.50;True;False;False;False;1;12.844542234043047;0;12.844542234043047;12.844542234043047
1234;47.50;22.50;True;False;False;False;1115;16.50;20.50;True;False;False;False;1;29.828322368362933;0;29.828322368362933;29.828322368362933
1234;47.50;22.50;True;False;False;False;1336;17.50;25.50;True;False;False;False;1;28.987590194932636;0;28.987590194932636;28.987590194932636
1236;49.50;22.50;True;False;False;False;12;61.50;3.50;False;False;True;False;1;130.2271316255319;0;130.2271316255319;130.2271316255319
1236;49.50;22.50;True;False;False;False;28;61.50;9.50;False;False;True;False;2;119.79851748533883;4779.485154438441;70.91352411089701;168.68351085978065
1236;49.50;22.50;True;False;False;False;44;61.50;15.50;False;False;True;False;2;82.37462358661742;122.74795751984381;74.54046895705324;90.2087782161816
1236;49.50;22.50;True;False;False;False;60;61.50;21.50;False;False;True;False;2;96.09088022903688;46.289075678548905;91.28000319472449;100.90175726334928
1236;49.50;22.50;True;False;False;False;92;0.50;12.50;False;True;False;False;1;242.17731121198904;0;242.17731121198904;242.17731121198904
1236;49.50;22.50;True;False;False;False;620;49.50;8.50;True;False;False;False;1;14.358055153830719;0;14.358055153830719;14.358055153830719
1236;49.50;22.50;True;False;False;False;623;52.50;8.50;True;False;False;False;1;19.21237382146319;0;19.21237382146319;19.21237382146319
1236;49.50;22.50;True;False;False;False;711;52.50;10.50;True;False;False;False;1;32.94314575050976;0;32.94314575050976;32.94314575050976
1236;49.50;22.50;True;False;False;False;822;31.50;13.50;True;False;False;False;1;25.78888888887377;0;25.78888888887377;25.78888888887377
1236;49.50;22.50;True;False;False;False;864;29.50;14.50;True;False;False;False;1;25.773685332374953;0;25.773685332374953;25.773685332374953
1236;49.50;22.50;True;False;False;False;884;49.50;14.50;True;False;False;False;1;10.41620170778333;0;10.41620170778333;10.41620170778333
1236;49.50;22.50;True;False;False;False;1149;50.50;20.50;True;False;False;False;1;8.683802290392123;0;8.683802290392123;8.683802290392123
1236;49.50;22.50;True;False;False;False;1239;52.50;22.50;True;False;False;False;1;5.9246288325339265;0;5.9246288325339265;5.9246288325339265
1237;50.50;22.50;True;False;False;False;12;61.50;3.50;False;False;True;False;2;193.9670462322286;2051.5205910150853;161.93955342514892;225.9945390393083
1237;50.50;22.50;True;False;False;False;44;61.50;15.50;False;False;True;False;2;138.35008298308242;3113.4015972604466;98.89503516115951;177.80513080500532
1237;50.50;22.50;True;False;False;False;486;47.50;5.50;True;False;False;False;1;20.177958167681936;0;20.177958167681936;20.177958167681936
1237;50.50;22.50;True;False;False;False;715;12.50;11.50;True;False;False;False;1;39.66117908002707;0;39.66117908002707;39.66117908002707
1237;50.50;22.50;True;False;False;False;818;27.50;13.50;True;False;False;False;1;28.460278179503035;0;28.460278179503035;28.460278179503035
1237;50.50;22.50;True;False;False;False;864;29.50;14.50;True;False;False;False;1;26.98512895257204;0;26.98512895257204;26.98512895257204
1238;51.50;22.50;True;False;False;False;44;61.50;15.50;False;False;True;False;1;75.45935545466773;0;75.45935545466773;75.45935545466773
1238;51.50;22.50;True;False;False;False;60;61.50;21.50;False;False;True;False;1;89.30440046449803;0;89.30440046449803;89.30440046449803
1238;51.50;22.50;True;False;False;False;76;0.50;6.50;False;True;False;False;1;515.5602765916228;0;515.5602765916228;515.5602765916228
1238;51.50;22.50;True;False;False;False;820;29.50;13.50;True;False;False;False;1;28.191580068174517;0;28.191580068174517;28.191580068174517
1238;51.50;22.50;True;False;False;False;866;31.50;14.50;True;False;False;False;1;25.212221418769786;0;25.212221418769786;25.212221418769786
1238;51.50;22.50;True;False;False;False;1011;44.50;17.50;True;False;False;False;1;15.23939863115811;0;15.23939863115811;15.23939863115811
1239;52.50;22.50;True;False;False;False;12;61.50;3.50;False;False;True;False;3;108.4133381286274;1168.7701042893264;73.9037188866314;142.26889288707844
1239;52.50;22.50;True;False;False;False;44;61.50;15.50;False;False;True;False;2;100.73504689568654;115.12488738222628;93.1480551538225;108.32203863755058
1239;52.50;22.50;True;False;False;False;60;61.50;21.50;False;False;True;False;14;80.28296674797322;1098.0882007141436;31.07063920483597;160.21241380321953
1239;52.50;22.50;True;False;False;False;108;0.50;18.50;False;True;False;False;1;545.2489886729381;0;545.2489886729381;545.2489886729381
1239;52.50;22.50;True;False;False;False;685;26.50;10.50;True;False;False;False;1;33.12981322062478;0;33.12981322062478;33.12981322062478
1239;52.50;22.50;True;False;False;False;733;30.50;11.50;True;False;False;False;1;30.055833735058883;0;30.055833735058883;30.055833735058883
1239;52.50;22.50;True;False;False;False;734;31.50;11.50;True;False;False;False;1;28.980766569580737;0;28.980766569580737;28.980766569580737
1239;52.50;22.50;True;False;False;False;745;42.50;11.50;True;False;False;False;1;20.61397948556987;0;20.61397948556987;20.61397948556987
1239;52.50;22.50;True;False;False;False;750;47.50;11.50;True;False;False;False;1;18.85555555555402;0;18.85555555555402;18.85555555555402
1239;52.50;22.50;True;False;False;False;820;29.50;13.50;True;False;False;False;2;28.47050706247137;0.23264741882787124;28.129444444446563;28.811569680496177
1239;52.50;22.50;True;False;False;False;821;30.50;13.50;True;False;False;False;2;31.679586728927006;8.255732980668643;29.647871569182826;33.71130188867119
1239;52.50;22.50;True;False;False;False;822;31.50;13.50;True;False;False;False;3;29.59697744269488;13.94247421596374;27.410375165651203;33.9084383158297
1239;52.50;22.50;True;False;False;False;823;32.50;13.50;True;False;False;False;1;27.69935384776727;0;27.69935384776727;27.69935384776727
1239;52.50;22.50;True;False;False;False;864;29.50;14.50;True;False;False;False;1;28.674451637351012;0;28.674451637351012;28.674451637351012
1239;52.50;22.50;True;False;False;False;872;37.50;14.50;True;False;False;False;1;22.93975459032299;0;22.93975459032299;22.93975459032299
1239;52.50;22.50;True;False;False;False;1102;47.50;19.50;True;False;False;False;1;12.587316013632517;0;12.587316013632517;12.587316013632517
1239;52.50;22.50;True;False;False;False;1150;51.50;20.50;True;False;False;False;1;7.502312818895007;0;7.502312818895007;7.502312818895007
1239;52.50;22.50;True;False;False;False;1151;52.50;20.50;True;False;False;False;1;4.833427124747686;0;4.833427124747686;4.833427124747686
1239;52.50;22.50;True;False;False;False;1260;29.50;23.50;True;False;False;False;1;22.423799095662616;0;22.423799095662616;22.423799095662616
1239;52.50;22.50;True;False;False;False;1363;44.50;25.50;True;False;False;False;1;13.891296302641422;0;13.891296302641422;13.891296302641422
1239;52.50;22.50;True;False;False;False;1410;47.50;26.50;True;False;False;False;1;12.606210488556826;0;12.606210488556826;12.606210488556826
1240;9.50;23.50;True;False;False;False;60;61.50;21.50;False;False;True;False;1;50.878240345366066;0;50.878240345366066;50.878240345366066
1240;9.50;23.50;True;False;False;False;124;0.50;24.50;False;True;False;False;1;577.2566954383351;0;577.2566954383351;577.2566954383351
1240;9.50;23.50;True;False;False;False;445;50.50;4.50;True;False;False;False;1;47.20898268030214;0;47.20898268030214;47.20898268030214
1240;9.50;23.50;True;False;False;False;1358;39.50;25.50;True;False;False;False;1;28.53565254170462;0;28.53565254170462;28.53565254170462
1241;10.50;23.50;True;False;False;False;60;61.50;21.50;False;False;True;False;2;75.38292046398851;701.2338373982178;56.6581529434261;94.10768798455092
1241;10.50;23.50;True;False;False;False;473;34.50;5.50;True;False;False;False;1;34.963888888887595;0;34.963888888887595;34.963888888887595
1241;10.50;23.50;True;False;False;False;1240;9.50;23.50;True;False;False;False;1;3.416017319698767;0;3.416017319698767;3.416017319698767
1241;10.50;23.50;True;False;False;False;1398;35.50;26.50;True;False;False;False;1;25.91388888888889;0;25.91388888888889;25.91388888888889
1243;12.50;23.50;True;False;False;False;28;61.50;9.50;False;False;True;False;1;118.66721342238816;0;118.66721342238816;118.66721342238816
1243;12.50;23.50;True;False;False;False;60;61.50;21.50;False;False;True;False;1;92.85963202725907;0;92.85963202725907;92.85963202725907
1243;12.50;23.50;True;False;False;False;874;39.50;14.50;True;False;False;False;1;31.044089269715187;0;31.044089269715187;31.044089269715187
1243;12.50;23.50;True;False;False;False;1011;44.50;17.50;True;False;False;False;1;32.74747082664908;0;32.74747082664908;32.74747082664908
1246;15.50;23.50;True;False;False;False;60;61.50;21.50;False;False;True;False;2;134.74704890248722;32.674470318204925;130.7051143212375;138.78898348373696
1246;15.50;23.50;True;False;False;False;576;49.50;7.50;True;False;False;False;1;39.88261472293925;0;39.88261472293925;39.88261472293925
1246;15.50;23.50;True;False;False;False;872;37.50;14.50;True;False;False;False;1;27.860552360816655;0;27.860552360816655;27.860552360816655
1250;19.50;23.50;True;False;False;False;44;61.50;15.50;False;False;True;False;1;74.31769117928707;0;74.31769117928707;74.31769117928707
1250;19.50;23.50;True;False;False;False;597;26.50;8.50;True;False;False;False;1;22.849350653028523;0;22.849350653028523;22.849350653028523
1251;20.50;23.50;True;False;False;False;28;61.50;9.50;False;False;True;False;1;117.24360912154225;0;117.24360912154225;117.24360912154225
1251;20.50;23.50;True;False;False;False;44;61.50;15.50;False;False;True;False;1;52.761292304463495;0;52.761292304463495;52.761292304463495
1251;20.50;23.50;True;False;False;False;124;0.50;24.50;False;True;False;False;1;47.35064934696841;0;47.35064934696841;47.35064934696841
1251;20.50;23.50;True;False;False;False;304;41.50;1.50;True;False;False;False;1;35.54269517746934;0;35.54269517746934;35.54269517746934
1251;20.50;23.50;True;False;False;False;445;50.50;4.50;True;False;False;False;1;39.77768398635817;0;39.77768398635817;39.77768398635817
1251;20.50;23.50;True;False;False;False;842;51.50;13.50;True;False;False;False;1;40.94434051089411;0;40.94434051089411;40.94434051089411
1252;21.50;23.50;True;False;False;False;60;61.50;21.50;False;False;True;False;3;129.7120738995715;198.8201661550514;120.0096320272678;145.88659525746334
1252;21.50;23.50;True;False;False;False;564;37.50;7.50;True;False;False;False;1;28.90166347193008;0;28.90166347193008;28.90166347193008
1252;21.50;23.50;True;False;False;False;1149;50.50;20.50;True;False;False;False;1;28.136767650990805;0;28.136767650990805;28.136767650990805
1252;21.50;23.50;True;False;False;False;1229;42.50;22.50;True;False;False;False;1;20.847690375831007;0;20.847690375831007;20.847690375831007
1253;22.50;23.50;True;False;False;False;60;61.50;21.50;False;False;True;False;4;94.52394570152478;63.55360262753059;83.69565334515482;102.18332294566608
1253;22.50;23.50;True;False;False;False;124;0.50;24.50;False;True;False;False;1;676.8862312829262;0;676.8862312829262;676.8862312829262
1253;22.50;23.50;True;False;False;False;348;41.50;2.50;True;False;False;False;1;34.30219343155477;0;34.30219343155477;34.30219343155477
1253;22.50;23.50;True;False;False;False;572;45.50;7.50;True;False;False;False;1;32.52471223628709;0;32.52471223628709;32.52471223628709
1253;22.50;23.50;True;False;False;False;701;42.50;10.50;True;False;False;False;1;28.602777777776282;0;28.602777777776282;28.602777777776282
1253;22.50;23.50;True;False;False;False;735;32.50;11.50;True;False;False;False;1;24.26999999999316;0;24.26999999999316;24.26999999999316
1253;22.50;23.50;True;False;False;False;1014;47.50;17.50;True;False;False;False;1;38.87462883253647;0;38.87462883253647;38.87462883253647
1255;24.50;23.50;True;False;False;False;60;61.50;21.50;False;False;True;False;1;101.54185105474971;0;101.54185105474971;101.54185105474971
1256;25.50;23.50;True;False;False;False;44;61.50;15.50;False;False;True;False;1;72.30009220356442;0;72.30009220356442;72.30009220356442
1256;25.50;23.50;True;False;False;False;60;61.50;21.50;False;False;True;False;3;108.11343244930246;1931.624027467038;78.24538075167584;158.5798188066433
1256;25.50;23.50;True;False;False;False;353;46.50;2.50;True;False;False;False;1;37.39037197091875;0;37.39037197091875;37.39037197091875
1256;25.50;23.50;True;False;False;False;569;42.50;7.50;True;False;False;False;1;30.166392485347387;0;30.166392485347387;30.166392485347387
1256;25.50;23.50;True;False;False;False;1009;42.50;17.50;True;False;False;False;1;22.53714360104823;0;22.53714360104823;22.53714360104823
1257;26.50;23.50;True;False;False;False;60;61.50;21.50;False;False;True;False;1;66.17324354013908;0;66.17324354013908;66.17324354013908
1258;27.50;23.50;True;False;False;False;60;61.50;21.50;False;False;True;False;2;101.26955166698372;1214.8625157457554;76.62343112291273;125.9156722110547
1258;27.50;23.50;True;False;False;False;1364;45.50;25.50;True;False;False;False;1;23.002302818866156;0;23.002302818866156;23.002302818866156
1260;29.50;23.50;True;False;False;False;28;61.50;9.50;False;False;True;False;1;72.97231281889435;0;72.97231281889435;72.97231281889435
1260;29.50;23.50;True;False;False;False;44;61.50;15.50;False;False;True;False;1;138.78231760147173;0;138.78231760147173;138.78231760147173
1260;29.50;23.50;True;False;False;False;60;61.50;21.50;False;False;True;False;1;50.65555955374657;0;50.65555955374657;50.65555955374657
1260;29.50;23.50;True;False;False;False;444;49.50;4.50;True;False;False;False;1;39.375556359003895;0;39.375556359003895;39.375556359003895
1260;29.50;23.50;True;False;False;False;711;52.50;10.50;True;False;False;False;1;32.25240980503804;0;32.25240980503804;32.25240980503804
1260;29.50;23.50;True;False;False;False;960;37.50;16.50;True;False;False;False;1;16.952489210620115;0;16.952489210620115;16.952489210620115
1261;30.50;23.50;True;False;False;False;60;61.50;21.50;False;False;True;False;2;91.45329083753177;505.53470393007444;75.55463202727242;107.35194964779112
1261;30.50;23.50;True;False;False;False;623;52.50;8.50;True;False;False;False;1;32.00833333333139;0;32.00833333333139;32.00833333333139
1262;31.50;23.50;True;False;False;False;44;61.50;15.50;False;False;True;False;1;93.23943885841345;0;93.23943885841345;93.23943885841345
1263;32.50;23.50;True;False;False;False;60;61.50;21.50;False;False;True;False;2;133.91935545466959;24.754833918305692;130.40120011995896;137.4375107893802
1263;32.50;23.50;True;False;False;False;92;0.50;12.50;False;True;False;False;2;260.5189532520826;26.35723782036238;256.88871649531575;264.1491900088495
1263;32.50;23.50;True;False;False;False;124;0.50;24.50;False;True;False;False;1;584.6367732751169;0;584.6367732751169;584.6367732751169
1263;32.50;23.50;True;False;False;False;569;42.50;7.50;True;False;False;False;1;24.996941651435918;0;24.996941651435918;24.996941651435918
1263;32.50;23.50;True;False;False;False;734;31.50;11.50;True;False;False;False;1;23.322041832318064;0;23.322041832318064;23.322041832318064
1263;32.50;23.50;True;False;False;False;1131;32.50;20.50;True;False;False;False;1;5.847222222223536;0;5.847222222223536;5.847222222223536
1263;32.50;23.50;True;False;False;False;1149;50.50;20.50;True;False;False;False;1;22.160645348783873;0;22.160645348783873;22.160645348783873
1263;32.50;23.50;True;False;False;False;1389;26.50;26.50;True;False;False;False;1;12.659635222000361;0;12.659635222000361;12.659635222000361
1265;34.50;23.50;True;False;False;False;44;61.50;15.50;False;False;True;False;1;69.41852171960636;0;69.41852171960636;69.41852171960636
1265;34.50;23.50;True;False;False;False;60;61.50;21.50;False;False;True;False;1;89.7574098050527;0;89.7574098050527;89.7574098050527
1265;34.50;23.50;True;False;False;False;124;0.50;24.50;False;True;False;False;1;584.3329737537479;0;584.3329737537479;584.3329737537479
1265;34.50;23.50;True;False;False;False;820;29.50;13.50;True;False;False;False;1;22.460174803916743;0;22.460174803916743;22.460174803916743
1265;34.50;23.50;True;False;False;False;870;35.50;14.50;True;False;False;False;1;14.066298693931458;0;14.066298693931458;14.066298693931458
1265;34.50;23.50;True;False;False;False;1261;30.50;23.50;True;False;False;False;1;6.440086598493508;0;6.440086598493508;6.440086598493508
1265;34.50;23.50;True;False;False;False;1354;35.50;25.50;True;False;False;False;1;7.19055955373824;0;7.19055955373824;7.19055955373824
1266;35.50;23.50;True;False;False;False;12;61.50;3.50;False;False;True;False;1;101.80602451262257;0;101.80602451262257;101.80602451262257
1266;35.50;23.50;True;False;False;False;1231;44.50;22.50;True;False;False;False;1;13.258694916603417;0;13.258694916603417;13.258694916603417
1268;37.50;23.50;True;False;False;False;60;61.50;21.50;False;False;True;False;1;84.90277777777601;0;84.90277777777601;84.90277777777601
1270;39.50;23.50;True;False;False;False;60;61.50;21.50;False;False;True;False;1;105.7586426758096;0;105.7586426758096;105.7586426758096
1272;41.50;23.50;True;False;False;False;60;61.50;21.50;False;False;True;False;1;107.2321292342599;0;107.2321292342599;107.2321292342599
1273;42.50;23.50;True;False;False;False;28;61.50;9.50;False;False;True;False;1;81.26704183231413;0;81.26704183231413;81.26704183231413
1273;42.50;23.50;True;False;False;False;44;61.50;15.50;False;False;True;False;2;98.80829510516196;438.126858568877;84.00750359644735;113.60908661387657
1273;42.50;23.50;True;False;False;False;60;61.50;21.50;False;False;True;False;5;104.43501764108132;1397.0553549326996;71.2778755673753;166.39508181591918
1273;42.50;23.50;True;False;False;False;92;0.50;12.50;False;True;False;False;2;234.3433954183115;86.72074434038637;227.7585361054489;240.9282547311741
1273;42.50;23.50;True;False;False;False;108;0.50;18.50;False;True;False;False;1;531.5672294151518;0;531.5672294151518;531.5672294151518
1273;42.50;23.50;True;False;False;False;124;0.50;24.50;False;True;False;False;2;579.1470606180437;3220.019466442463;539.0221340359149;619.2719872001726
1273;42.50;23.50;True;False;False;False;705;46.50;10.50;True;False;False;False;1;18.62047295524826;0;18.62047295524826;18.62047295524826
1273;42.50;23.50;True;False;False;False;821;30.50;13.50;True;False;False;False;1;25.112001066132507;0;25.112001066132507;25.112001066132507
1273;42.50;23.50;True;False;False;False;822;31.50;13.50;True;False;False;False;3;21.520930453387944;0.017198799727563482;21.3701875828192;21.608801486949233
1273;42.50;23.50;True;False;False;False;864;29.50;14.50;True;False;False;False;1;21.91014871738753;0;21.91014871738753;21.91014871738753
1273;42.50;23.50;True;False;False;False;865;30.50;14.50;True;False;False;False;1;21.642122041338553;0;21.642122041338553;21.642122041338553
1273;42.50;23.50;True;False;False;False;866;31.50;14.50;True;False;False;False;1;20.19592752647077;0;20.19592752647077;20.19592752647077
1273;42.50;23.50;True;False;False;False;1099;44.50;19.50;True;False;False;False;1;11.15519716703784;0;11.15519716703784;11.15519716703784
1273;42.50;23.50;True;False;False;False;1100;45.50;19.50;True;False;False;False;1;11.87825312431869;0;11.87825312431869;11.87825312431869
1273;42.50;23.50;True;False;False;False;1102;47.50;19.50;True;False;False;False;1;13.720739140195747;0;13.720739140195747;13.720739140195747
1273;42.50;23.50;True;False;False;False;1366;47.50;25.50;True;False;False;False;1;11.963145750507465;0;11.963145750507465;11.963145750507465
1273;42.50;23.50;True;False;False;False;1393;30.50;26.50;True;False;False;False;1;17.022233167810555;0;17.022233167810555;17.022233167810555
1275;44.50;23.50;True;False;False;False;60;61.50;21.50;False;False;True;False;7;98.42981824364311;1322.7360649722893;52.268614707565575;161.40046256759888
1275;44.50;23.50;True;False;False;False;92;0.50;12.50;False;True;False;False;1;253.99705702160463;0;253.99705702160463;253.99705702160463
1275;44.50;23.50;True;False;False;False;820;29.50;13.50;True;False;False;False;1;28.17944205315871;0;28.17944205315871;28.17944205315871
1275;44.50;23.50;True;False;False;False;821;30.50;13.50;True;False;False;False;3;25.27183689820322;6.8940322693627305;23.51426005635585;28.290070341349747
1275;44.50;23.50;True;False;False;False;823;32.50;13.50;True;False;False;False;1;22.58499361052236;0;22.58499361052236;22.58499361052236
1275;44.50;23.50;True;False;False;False;866;31.50;14.50;True;False;False;False;1;22.51185983551568;0;22.51185983551568;22.51185983551568
1275;44.50;23.50;True;False;False;False;1227;40.50;22.50;True;False;False;False;1;9.899350653027795;0;9.899350653027795;9.899350653027795
1275;44.50;23.50;True;False;False;False;1231;44.50;22.50;True;False;False;False;1;4.127128430809535;0;4.127128430809535;4.127128430809535
1276;45.50;23.50;True;False;False;False;12;61.50;3.50;False;False;True;False;1;92.15963202726198;0;92.15963202726198;92.15963202726198
1276;45.50;23.50;True;False;False;False;28;61.50;9.50;False;False;True;False;2;66.10393139420694;1070.760487877758;42.96564615223451;89.24221663617936
1276;45.50;23.50;True;False;False;False;44;61.50;15.50;False;False;True;False;1;123.47103889845675;0;123.47103889845675;123.47103889845675
1276;45.50;23.50;True;False;False;False;60;61.50;21.50;False;False;True;False;4;95.17870390297497;310.1677390847882;81.51055955374432;120.74426005635269
1276;45.50;23.50;True;False;False;False;76;0.50;6.50;False;True;False;False;1;559.3386330915273;0;559.3386330915273;559.3386330915273
1276;45.50;23.50;True;False;False;False;92;0.50;12.50;False;True;False;False;1;275.1090034556073;0;275.1090034556073;275.1090034556073
1276;45.50;23.50;True;False;False;False;108;0.50;18.50;False;True;False;False;1;597.0355699604224;0;597.0355699604224;597.0355699604224
1276;45.50;23.50;True;False;False;False;124;0.50;24.50;False;True;False;False;2;545.1361758527737;909.9258636221292;523.8063157545203;566.4660359510272
1276;45.50;23.50;True;False;False;False;688;29.50;10.50;True;False;False;False;1;40.63120490252413;0;40.63120490252413;40.63120490252413
1276;45.50;23.50;True;False;False;False;733;30.50;11.50;True;False;False;False;2;31.83422915333358;1.6081474036474426;30.937527585461794;32.73093072120537
1276;45.50;23.50;True;False;False;False;734;31.50;11.50;True;False;False;False;1;28.298337331529183;0;28.298337331529183;28.298337331529183
1276;45.50;23.50;True;False;False;False;821;30.50;13.50;True;False;False;False;1;30.527868374450918;0;30.527868374450918;30.527868374450918
1276;45.50;23.50;True;False;False;False;822;31.50;13.50;True;False;False;False;2;31.611901145200136;0.4817355943660161;31.1211183040341;32.10268398636617
1276;45.50;23.50;True;False;False;False;847;12.50;14.50;True;False;False;False;1;34.801854249486496;0;34.801854249486496;34.801854249486496
1276;45.50;23.50;True;False;False;False;866;31.50;14.50;True;False;False;False;1;22.874998128693733;0;22.874998128693733;22.874998128693733
1276;45.50;23.50;True;False;False;False;975;52.50;16.50;True;False;False;False;1;15.868614707571396;0;15.868614707571396;15.868614707571396
1276;45.50;23.50;True;False;False;False;1101;46.50;19.50;True;False;False;False;1;9.316663471930951;0;9.316663471930951;9.316663471930951
1276;45.50;23.50;True;False;False;False;1141;42.50;20.50;True;False;False;False;1;10.872871569190465;0;10.872871569190465;10.872871569190465
1276;45.50;23.50;True;False;False;False;1150;51.50;20.50;True;False;False;False;1;12.819166264942396;0;12.819166264942396;12.819166264942396
1276;45.50;23.50;True;False;False;False;1413;50.50;26.50;True;False;False;False;1;12.255370364014198;0;12.255370364014198;12.255370364014198
1277;46.50;23.50;True;False;False;False;28;61.50;9.50;False;False;True;False;1;86.23047775685336;0;86.23047775685336;86.23047775685336
1277;46.50;23.50;True;False;False;False;44;61.50;15.50;False;False;True;False;1;69.3640573033017;0;69.3640573033017;69.3640573033017
1277;46.50;23.50;True;False;False;False;60;61.50;21.50;False;False;True;False;2;69.77726911793161;4.596332652855075;68.26129869393662;71.2932395419266
1277;46.50;23.50;True;False;False;False;752;49.50;11.50;True;False;False;False;1;16.911676250871096;0;16.911676250871096;16.911676250871096
1277;46.50;23.50;True;False;False;False;820;29.50;13.50;True;False;False;False;1;31.714636025439177;0;31.714636025439177;31.714636025439177
1277;46.50;23.50;True;False;False;False;866;31.50;14.50;True;False;False;False;1;23.815474014280426;0;23.815474014280426;23.815474014280426
1277;46.50;23.50;True;False;False;False;1202;15.50;22.50;True;False;False;False;1;27.747406610313192;0;27.747406610313192;27.747406610313192
1278;47.50;23.50;True;False;False;False;44;61.50;15.50;False;False;True;False;1;101.72814494705517;0;101.72814494705517;101.72814494705517
1278;47.50;23.50;True;False;False;False;60;61.50;21.50;False;False;True;False;6;97.01880522364624;2530.922751915567;22.44693765323973;179.61491739969443
1278;47.50;23.50;True;False;False;False;76;0.50;6.50;False;True;False;False;1;587.6683469347408;0;587.6683469347408;587.6683469347408
1278;47.50;23.50;True;False;False;False;747;44.50;11.50;True;False;False;False;1;17.005555555556384;0;17.005555555556384;17.005555555556384
1278;47.50;23.50;True;False;False;False;820;29.50;13.50;True;False;False;False;1;30.49786757101174;0;30.49786757101174;30.49786757101174
1278;47.50;23.50;True;False;False;False;821;30.50;13.50;True;False;False;False;1;24.66110472163973;0;24.66110472163973;24.66110472163973
1278;47.50;23.50;True;False;False;False;1017;50.50;17.50;True;False;False;False;1;12.738059955467634;0;12.738059955467634;12.738059955467634
1278;47.50;23.50;True;False;False;False;1077;22.50;19.50;True;False;False;False;1;27.22222222221899;0;27.22222222221899;27.22222222221899
1278;47.50;23.50;True;False;False;False;1106;51.50;19.50;True;False;False;False;1;12.456032508991484;0;12.456032508991484;12.456032508991484
1278;47.50;23.50;True;False;False;False;1126;27.50;20.50;True;False;False;False;1;22.786002130404086;0;22.786002130404086;22.786002130404086
1278;47.50;23.50;True;False;False;False;1206;19.50;22.50;True;False;False;False;1;25.681389290615698;0;25.681389290615698;25.681389290615698
1280;49.50;23.50;True;False;False;False;28;61.50;9.50;False;False;True;False;2;78.25394325647812;244.5389994161868;67.19638929060966;89.31149722234659
1280;49.50;23.50;True;False;False;False;44;61.50;15.50;False;False;True;False;2;96.38894537833596;3141.7845413681157;56.754462025022804;136.02342873164912
1280;49.50;23.50;True;False;False;False;60;61.50;21.50;False;False;True;False;9;101.64895971426995;557.9532808162269;80.35198380710062;159.39963283068937
1280;49.50;23.50;True;False;False;False;615;44.50;8.50;True;False;False;False;1;20.462687181094225;0;20.462687181094225;20.462687181094225
1280;49.50;23.50;True;False;False;False;821;30.50;13.50;True;False;False;False;2;34.6474984026263;53.49798562686053;29.475555555549363;39.81944124970323
1280;49.50;23.50;True;False;False;False;822;31.50;13.50;True;False;False;False;1;32.733699699158024;0;32.733699699158024;32.733699699158024
1280;49.50;23.50;True;False;False;False;864;29.50;14.50;True;False;False;False;1;37.07333891935332;0;37.07333891935332;37.07333891935332
1280;49.50;23.50;True;False;False;False;882;47.50;14.50;True;False;False;False;1;14.369725818683264;0;14.369725818683264;14.369725818683264
1280;49.50;23.50;True;False;False;False;983;16.50;17.50;True;False;False;False;1;32.81462483434916;0;32.81462483434916;32.81462483434916
1280;49.50;23.50;True;False;False;False;1017;50.50;17.50;True;False;False;False;1;11.250181996820174;0;11.250181996820174;11.250181996820174
1280;49.50;23.50;True;False;False;False;1135;36.50;20.50;True;False;False;False;1;17.415187582825638;0;17.415187582825638;17.415187582825638
1280;49.50;23.50;True;False;False;False;1201;14.50;22.50;True;False;False;False;1;30.282382130220867;0;30.282382130220867;30.282382130220867
1280;49.50;23.50;True;False;False;False;1233;46.50;22.50;True;False;False;False;1;8.332221418770587;0;8.332221418770587;8.332221418770587
1280;49.50;23.50;True;False;False;False;1363;44.50;25.50;True;False;False;False;1;13.17158940689842;0;13.17158940689842;13.17158940689842
1280;49.50;23.50;True;False;False;False;1368;49.50;25.50;True;False;False;False;1;5.911940847978258;0;5.911940847978258;5.911940847978258
1281;50.50;23.50;True;False;False;False;60;61.50;21.50;False;False;True;False;9;73.99969384494807;324.2397661118433;33.099174261298685;88.64427948930097
1281;50.50;23.50;True;False;False;False;92;0.50;12.50;False;True;False;False;1;247.3516834437778;0;247.3516834437778;247.3516834437778
1281;50.50;23.50;True;False;False;False;357;50.50;2.50;True;False;False;False;1;17.23192646213647;0;17.23192646213647;17.23192646213647
1281;50.50;23.50;True;False;False;False;420;25.50;4.50;True;False;False;False;1;36.59323074213535;0;36.59323074213535;36.59323074213535
1281;50.50;23.50;True;False;False;False;567;40.50;7.50;True;False;False;False;1;32.09028456897431;0;32.09028456897431;32.09028456897431
1281;50.50;23.50;True;False;False;False;733;30.50;11.50;True;False;False;False;2;36.70430695205505;8.773814713316037;34.60981241717127;38.79880148693883
1281;50.50;23.50;True;False;False;False;820;29.50;13.50;True;False;False;False;1;34.63642045358711;0;34.63642045358711;34.63642045358711
1281;50.50;23.50;True;False;False;False;821;30.50;13.50;True;False;False;False;1;27.028058055184374;0;27.028058055184374;27.028058055184374
1281;50.50;23.50;True;False;False;False;864;29.50;14.50;True;False;False;False;1;31.81302716659411;0;31.81302716659411;31.81302716659411
1281;50.50;23.50;True;False;False;False;1014;47.50;17.50;True;False;False;False;1;13.820282177701301;0;13.820282177701301;13.820282177701301
1281;50.50;23.50;True;False;False;False;1372;9.50;26.50;True;False;False;False;1;36.53953823585471;0;36.53953823585471;36.53953823585471
1282;51.50;23.50;True;False;False;False;44;61.50;15.50;False;False;True;False;1;122.09231442579039;0;122.09231442579039;122.09231442579039
1282;51.50;23.50;True;False;False;False;60;61.50;21.50;False;False;True;False;5;82.8073180949762;178.1529221155896;63.44148866804608;101.06270076347573
1282;51.50;23.50;True;False;False;False;76;0.50;6.50;False;True;False;False;2;588.2400578929874;586.0397476516545;571.1222346135564;605.3578811724183
1282;51.50;23.50;True;False;False;False;108;0.50;18.50;False;True;False;False;1;570.2745254379079;0;570.2745254379079;570.2745254379079
1282;51.50;23.50;True;False;False;False;733;30.50;11.50;True;False;False;False;1;29.036486276760115;0;29.036486276760115;29.036486276760115
1282;51.50;23.50;True;False;False;False;734;31.50;11.50;True;False;False;False;1;28.00102051442809;0;28.00102051442809;28.00102051442809
1282;51.50;23.50;True;False;False;False;820;29.50;13.50;True;False;False;False;1;64.28491739966921;0;64.28491739966921;64.28491739966921
1282;51.50;23.50;True;False;False;False;821;30.50;13.50;True;False;False;False;1;30.66211884661243;0;30.66211884661243;30.66211884661243
1282;51.50;23.50;True;False;False;False;822;31.50;13.50;True;False;False;False;2;39.209727416049645;0.31748580173737395;38.81130188866882;39.60815294343047
1282;51.50;23.50;True;False;False;False;1281;50.50;23.50;True;False;False;False;1;3.796392485346587;0;3.796392485346587;3.796392485346587
1282;51.50;23.50;True;False;False;False;1329;10.50;25.50;True;False;False;False;1;37.09510976511592;0;37.09510976511592;37.09510976511592
1282;51.50;23.50;True;False;False;False;1339;20.50;25.50;True;False;False;False;1;30.31481241718211;0;30.31481241718211;30.31481241718211
1283;52.50;23.50;True;False;False;False;44;61.50;15.50;False;False;True;False;1;186.88268798454374;0;186.88268798454374;186.88268798454374
1283;52.50;23.50;True;False;False;False;60;61.50;21.50;False;False;True;False;7;86.52989501478363;359.0579516930616;58.989805469753264;119.21352171957187
1283;52.50;23.50;True;False;False;False;541;14.50;7.50;True;False;False;False;1;58.44426085978557;0;58.44426085978557;58.44426085978557
1283;52.50;23.50;True;False;False;False;711;52.50;10.50;True;False;False;False;1;12.721840667101787;0;12.721840667101787;12.721840667101787
1283;52.50;23.50;True;False;False;False;820;29.50;13.50;True;False;False;False;1;43.34028137423411;0;43.34028137423411;43.34028137423411
1283;52.50;23.50;True;False;False;False;822;31.50;13.50;True;False;False;False;2;41.53481961009402;379.35854367649137;27.762409805043717;55.30722941514432
1283;52.50;23.50;True;False;False;False;994;27.50;17.50;True;False;False;False;1;27.32795816768197;0;27.32795816768197;27.32795816768197
1283;52.50;23.50;True;False;False;False;1278;47.50;23.50;True;False;False;False;1;7.0908337350483635;0;7.0908337350483635;7.0908337350483635
1283;52.50;23.50;True;False;False;False;1368;49.50;25.50;True;False;False;False;1;9.855930721207187;0;9.855930721207187;9.855930721207187
1283;52.50;23.50;True;False;False;False;1371;52.50;25.50;True;False;False;False;1;4.708055153827445;0;4.708055153827445;4.708055153827445
1328;9.50;25.50;True;False;False;False;12;61.50;3.50;False;False;True;False;2;92.91375579641249;2.277724640207555;91.84658087162097;93.980930721204
1328;9.50;25.50;True;False;False;False;44;61.50;15.50;False;False;True;False;3;76.74357828850005;447.09126670924854;61.87480283295372;100.94939720292678
1328;9.50;25.50;True;False;False;False;60;61.50;21.50;False;False;True;False;2;68.29525890694367;589.7283061412418;51.123649982017014;85.46686783187033
1328;9.50;25.50;True;False;False;False;484;45.50;5.50;True;False;False;False;1;45.35105218743411;0;45.35105218743411;45.35105218743411
1328;9.50;25.50;True;False;False;False;620;49.50;8.50;True;False;False;False;1;45.99318490978112;0;45.99318490978112;45.99318490978112
1328;9.50;25.50;True;False;False;False;754;51.50;11.50;True;False;False;False;1;44.04083692979111;0;44.04083692979111;44.04083692979111
1328;9.50;25.50;True;False;False;False;826;35.50;13.50;True;False;False;False;1;32.7894684145067;0;32.7894684145067;32.7894684145067
1328;9.50;25.50;True;False;False;False;841;50.50;13.50;True;False;False;False;1;53.44694484616775;0;53.44694484616775;53.44694484616775
1328;9.50;25.50;True;False;False;False;1107;52.50;19.50;True;False;False;False;1;52.945190777559674;0;52.945190777559674;52.945190777559674
1328;9.50;25.50;True;False;False;False;1394;31.50;26.50;True;False;False;False;1;21.776496664420392;0;21.776496664420392;21.776496664420392
1329;10.50;25.50;True;False;False;False;60;61.50;21.50;False;False;True;False;2;64.39440913205249;288.83874215452823;52.37694804090415;76.41187022320082
1329;10.50;25.50;True;False;False;False;608;37.50;8.50;True;False;False;False;1;37.31092433173535;0;37.31092433173535;37.31092433173535
1329;10.50;25.50;True;False;False;False;747;44.50;11.50;True;False;False;False;1;39.40674287752336;0;39.40674287752336;39.40674287752336
1330;11.50;25.50;True;False;False;False;12;61.50;3.50;False;False;True;False;1;121.3359493507196;0;121.3359493507196;121.3359493507196
1330;11.50;25.50;True;False;False;False;60;61.50;21.50;False;False;True;False;1;58.02858562346228;0;58.02858562346228;58.02858562346228
1330;11.50;25.50;True;False;False;False;124;0.50;24.50;False;True;False;False;1;617.1034487225834;0;617.1034487225834;617.1034487225834
1330;11.50;25.50;True;False;False;False;833;42.50;13.50;True;False;False;False;1;35.084693294344106;0;35.084693294344106;35.084693294344106
1330;11.50;25.50;True;False;False;False;1019;52.50;17.50;True;False;False;False;1;39.9490919064483;0;39.9490919064483;39.9490919064483
1330;11.50;25.50;True;False;False;False;1217;30.50;22.50;True;False;False;False;1;23.524256058167794;0;23.524256058167794;23.524256058167794
1334;15.50;25.50;True;False;False;False;28;61.50;9.50;False;False;True;False;1;90.60584972779179;0;90.60584972779179;90.60584972779179
1334;15.50;25.50;True;False;False;False;60;61.50;21.50;False;False;True;False;1;69.26917026312003;0;69.26917026312003;69.26917026312003
1334;15.50;25.50;True;False;False;False;735;32.50;11.50;True;False;False;False;1;32.209816415361274;0;32.209816415361274;32.209816415361274
1334;15.50;25.50;True;False;False;False;1135;36.50;20.50;True;False;False;False;1;24.96871810225275;0;24.96871810225275;24.96871810225275
1335;16.50;25.50;True;False;False;False;44;61.50;15.50;False;False;True;False;3;101.37146887589188;354.9609879789808;79.77602451262283;114.44703544283766
1335;16.50;25.50;True;False;False;False;60;61.50;21.50;False;False;True;False;2;72.87884039580877;421.975447010128;58.35342393000428;87.40425686161325
1335;16.50;25.50;True;False;False;False;310;47.50;1.50;True;False;False;False;1;44.509180650777125;0;44.509180650777125;44.509180650777125
1335;16.50;25.50;True;False;False;False;349;42.50;2.50;True;False;False;False;1;40.487135623731774;0;40.487135623731774;40.487135623731774
1335;16.50;25.50;True;False;False;False;567;40.50;7.50;True;False;False;False;1;34.58073994363804;0;34.58073994363804;34.58073994363804
1335;16.50;25.50;True;False;False;False;615;44.50;8.50;True;False;False;False;1;36.968520916156194;0;36.968520916156194;36.968520916156194
1335;16.50;25.50;True;False;False;False;841;50.50;13.50;True;False;False;False;1;38.1300914001331;0;38.1300914001331;38.1300914001331
1335;16.50;25.50;True;False;False;False;1232;45.50;22.50;True;False;False;False;1;31.703705304249752;0;31.703705304249752;31.703705304249752
1336;17.50;25.50;True;False;False;False;28;61.50;9.50;False;False;True;False;1;149.74879270617384;0;149.74879270617384;149.74879270617384
1336;17.50;25.50;True;False;False;False;60;61.50;21.50;False;False;True;False;2;153.55008375400485;666.8576763871953;135.29004984950188;171.8101176585078
1336;17.50;25.50;True;False;False;False;887;52.50;14.50;True;False;False;False;1;37.814474822913326;0;37.814474822913326;37.814474822913326
1336;17.50;25.50;True;False;False;False;1011;44.50;17.50;True;False;False;False;1;34.16092033354835;0;34.16092033354835;34.16092033354835
1336;17.50;25.50;True;False;False;False;1096;41.50;19.50;True;False;False;False;1;26.978645664668875;0;26.978645664668875;26.978645664668875
1338;19.50;25.50;True;False;False;False;44;61.50;15.50;False;False;True;False;2;52.120649748689175;0.28403282938175184;51.74379909565687;52.49750040172148
1338;19.50;25.50;True;False;False;False;489;50.50;5.50;True;False;False;False;1;41.46361790229639;0;41.46361790229639;41.46361790229639
1338;19.50;25.50;True;False;False;False;1227;40.50;22.50;True;False;False;False;1;24.085750331287272;0;24.085750331287272;24.085750331287272
1339;20.50;25.50;True;False;False;False;60;61.50;21.50;False;False;True;False;3;130.943825831983;3826.3042599361115;60.34750359645477;175.64537596909577
1339;20.50;25.50;True;False;False;False;887;52.50;14.50;True;False;False;False;1;35.75463202726678;0;35.75463202726678;35.75463202726678
1339;20.50;25.50;True;False;False;False;1265;34.50;23.50;True;False;False;False;1;18.541162832007103;0;18.541162832007103;18.541162832007103
1339;20.50;25.50;True;False;False;False;1371;52.50;25.50;True;False;False;False;1;24.465646152242698;0;24.465646152242698;24.465646152242698
1341;22.50;25.50;True;False;False;False;12;61.50;3.50;False;False;True;False;1;63.71592433173282;0;63.71592433173282;63.71592433173282
1341;22.50;25.50;True;False;False;False;60;61.50;21.50;False;False;True;False;2;102.16926165369296;243.7835568689388;91.12880068349477;113.20972262389114
1341;22.50;25.50;True;False;False;False;605;34.50;8.50;True;False;False;False;1;26.94778577415127;0;26.94778577415127;26.94778577415127
1341;22.50;25.50;True;False;False;False;872;37.50;14.50;True;False;False;False;1;24.537503596460738;0;24.537503596460738;24.537503596460738
1341;22.50;25.50;True;False;False;False;974;51.50;16.50;True;False;False;False;1;32.153156941614725;0;32.153156941614725;32.153156941614725
1343;24.50;25.50;True;False;False;False;12;61.50;3.50;False;False;True;False;1;64.24593869851378;0;64.24593869851378;64.24593869851378
1343;24.50;25.50;True;False;False;False;60;61.50;21.50;False;False;True;False;1;98.4784311229123;0;98.4784311229123;98.4784311229123
1343;24.50;25.50;True;False;False;False;307;44.50;1.50;True;False;False;False;1;35.98426405452847;0;35.98426405452847;35.98426405452847
1343;24.50;25.50;True;False;False;False;1102;47.50;19.50;True;False;False;False;1;27.55444444443856;0;27.55444444443856;27.55444444443856
1344;25.50;25.50;True;False;False;False;28;61.50;9.50;False;False;True;False;1;75.0555547521326;0;75.0555547521326;75.0555547521326
1344;25.50;25.50;True;False;False;False;124;0.50;24.50;False;True;False;False;1;365.1339938714094;0;365.1339938714094;365.1339938714094
1344;25.50;25.50;True;False;False;False;1233;46.50;22.50;True;False;False;False;1;24.554541430593417;0;24.554541430593417;24.554541430593417
1345;26.50;25.50;True;False;False;False;60;61.50;21.50;False;False;True;False;4;80.94161946156441;701.8639979318509;44.64991694650598;103.49498722106182
1345;26.50;25.50;True;False;False;False;571;44.50;7.50;True;False;False;False;1;32.26453823585871;0;32.26453823585871;32.26453823585871
1345;26.50;25.50;True;False;False;False;836;45.50;13.50;True;False;False;False;1;27.42713242899299;0;27.42713242899299;27.42713242899299
1345;26.50;25.50;True;False;False;False;1273;42.50;23.50;True;False;False;False;1;20.280375165648366;0;20.280375165648366;20.280375165648366
1346;27.50;25.50;True;False;False;False;60;61.50;21.50;False;False;True;False;1;59.06537197088983;0;59.06537197088983;59.06537197088983
1348;29.50;25.50;True;False;False;False;28;61.50;9.50;False;False;True;False;1;111.39149027493477;0;111.39149027493477;111.39149027493477
1348;29.50;25.50;True;False;False;False;60;61.50;21.50;False;False;True;False;1;90.2383191736244;0;90.2383191736244;90.2383191736244
1348;29.50;25.50;True;False;False;False;1412;49.50;26.50;True;False;False;False;1;20.044444444444707;0;20.044444444444707;20.044444444444707
1349;30.50;25.50;True;False;False;False;60;61.50;21.50;False;False;True;False;1;99.1446146921844;0;99.1446146921844;99.1446146921844
1350;31.50;25.50;True;False;False;False;44;61.50;15.50;False;False;True;False;1;58.86434826174491;0;58.86434826174491;58.86434826174491
1351;32.50;25.50;True;False;False;False;60;61.50;21.50;False;False;True;False;1;90.66130588685519;0;90.66130588685519;90.66130588685519
1351;32.50;25.50;True;False;False;False;1280;49.50;23.50;True;False;False;False;1;19.925278179503948;0;19.925278179503948;19.925278179503948
1353;34.50;25.50;True;False;False;False;12;61.50;3.50;False;False;True;False;1;140.84028856706936;0;140.84028856706936;140.84028856706936
1353;34.50;25.50;True;False;False;False;28;61.50;9.50;False;False;True;False;1;59.36324673482886;0;59.36324673482886;59.36324673482886
1353;34.50;25.50;True;False;False;False;60;61.50;21.50;False;False;True;False;2;106.70136282514477;184.66620543923906;97.09235128807086;116.31037436221868
1353;34.50;25.50;True;False;False;False;76;0.50;6.50;False;True;False;False;1;564.6810285107349;0;564.6810285107349;564.6810285107349
1353;34.50;25.50;True;False;False;False;92;0.50;12.50;False;True;False;False;1;259.92376927505757;0;259.92376927505757;259.92376927505757
1353;34.50;25.50;True;False;False;False;734;31.50;11.50;True;False;False;False;1;31.915281374236656;0;31.915281374236656;31.915281374236656
1353;34.50;25.50;True;False;False;False;820;29.50;13.50;True;False;False;False;2;19.366807755503032;0.057393495985230907;19.19740661031028;19.536208900695783
1353;34.50;25.50;True;False;False;False;822;31.50;13.50;True;False;False;False;1;17.643597911377583;0;17.643597911377583;17.643597911377583
1353;34.50;25.50;True;False;False;False;1402;39.50;26.50;True;False;False;False;1;10.689354651207395;0;10.689354651207395;10.689354651207395
1353;34.50;25.50;True;False;False;False;1404;41.50;26.50;True;False;False;False;1;11.551479083824233;0;11.551479083824233;11.551479083824233
1354;35.50;25.50;True;False;False;False;60;61.50;21.50;False;False;True;False;1;133.1850905966803;0;133.1850905966803;133.1850905966803
1354;35.50;25.50;True;False;False;False;822;31.50;13.50;True;False;False;False;1;18.73120490252768;0;18.73120490252768;18.73120490252768
1356;37.50;25.50;True;False;False;False;60;61.50;21.50;False;False;True;False;1;107.5416666666672;0;107.5416666666672;107.5416666666672
1356;37.50;25.50;True;False;False;False;822;31.50;13.50;True;False;False;False;1;19.81897948556434;0;19.81897948556434;19.81897948556434
1358;39.50;25.50;True;False;False;False;124;0.50;24.50;False;True;False;False;1;542.0896512147356;0;542.0896512147356;542.0896512147356
1358;39.50;25.50;True;False;False;False;735;32.50;11.50;True;False;False;False;1;22.26333652805988;0;22.26333652805988;22.26333652805988
1359;40.50;25.50;True;False;False;False;60;61.50;21.50;False;False;True;False;1;73.3170458305076;0;73.3170458305076;73.3170458305076
1360;41.50;25.50;True;False;False;False;124;0.50;24.50;False;True;False;False;1;528.2582861776377;0;528.2582861776377;528.2582861776377
1361;42.50;25.50;True;False;False;False;28;61.50;9.50;False;False;True;False;1;126.57130269211484;0;126.57130269211484;126.57130269211484
1361;42.50;25.50;True;False;False;False;44;61.50;15.50;False;False;True;False;1;77.51398667848812;0;77.51398667848812;77.51398667848812
1361;42.50;25.50;True;False;False;False;60;61.50;21.50;False;False;True;False;3;127.67246852676787;171.34532904303984;116.86527634604136;142.22750040173196
1361;42.50;25.50;True;False;False;False;579;52.50;7.50;True;False;False;False;1;26.247222222220444;0;26.247222222220444;26.247222222220444
1361;42.50;25.50;True;False;False;False;818;27.50;13.50;True;False;False;False;1;24.928044766173684;0;24.928044766173684;24.928044766173684
1361;42.50;25.50;True;False;False;False;820;29.50;13.50;True;False;False;False;2;23.7177376732634;0.008106310712211441;23.654073276964482;23.78140206956232
1361;42.50;25.50;True;False;False;False;822;31.50;13.50;True;False;False;False;1;22.591295499205444;0;22.591295499205444;22.591295499205444
1363;44.50;25.50;True;False;False;False;60;61.50;21.50;False;False;True;False;4;92.35300925768115;55.571411948231855;83.74258858810208;101.5002781795065
1363;44.50;25.50;True;False;False;False;92;0.50;12.50;False;True;False;False;1;254.22961492855575;0;254.22961492855575;254.22961492855575
1363;44.50;25.50;True;False;False;False;864;29.50;14.50;True;False;False;False;1;24.447773779585987;0;24.447773779585987;24.447773779585987
1363;44.50;25.50;True;False;False;False;1151;52.50;20.50;True;False;False;False;1;15.534351456483819;0;15.534351456483819;15.534351456483819
1363;44.50;25.50;True;False;False;False;1234;47.50;22.50;True;False;False;False;1;10.991619208451084;0;10.991619208451084;10.991619208451084
1363;44.50;25.50;True;False;False;False;1275;44.50;23.50;True;False;False;False;1;4.665661880420885;0;4.665661880420885;4.665661880420885
1363;44.50;25.50;True;False;False;False;1368;49.50;25.50;True;False;False;False;1;7.236641089797558;0;7.236641089797558;7.236641089797558
1364;45.50;25.50;True;False;False;False;12;61.50;3.50;False;False;True;False;1;120.05417426129497;0;120.05417426129497;120.05417426129497
1364;45.50;25.50;True;False;False;False;28;61.50;9.50;False;False;True;False;2;156.3578707657266;6355.841793194459;99.98481961007928;212.73092192137392
1364;45.50;25.50;True;False;False;False;60;61.50;21.50;False;False;True;False;4;90.25664251701164;326.5017646363924;71.48852411089956;114.38934185319249
1364;45.50;25.50;True;False;False;False;124;0.50;24.50;False;True;False;False;1;555.4828871460486;0;555.4828871460486;555.4828871460486
1364;45.50;25.50;True;False;False;False;719;16.50;11.50;True;False;False;False;1;44.970743138379476;0;44.970743138379476;44.970743138379476
1364;45.50;25.50;True;False;False;False;733;30.50;11.50;True;False;False;False;1;33.86796536060501;0;33.86796536060501;33.86796536060501
1364;45.50;25.50;True;False;False;False;734;31.50;11.50;True;False;False;False;1;37.4638346536085;0;37.4638346536085;37.4638346536085
1364;45.50;25.50;True;False;False;False;821;30.50;13.50;True;False;False;False;2;45.17256896590425;93.3541933053413;38.34050510110683;52.00463283070167
1364;45.50;25.50;True;False;False;False;1107;52.50;19.50;True;False;False;False;1;17.167316013635173;0;17.167316013635173;17.167316013635173
1364;45.50;25.50;True;False;False;False;1233;46.50;22.50;True;False;False;False;1;9.594163070207287;0;9.594163070207287;9.594163070207287
1364;45.50;25.50;True;False;False;False;1276;45.50;23.50;True;False;False;False;1;5.31204902523973;0;5.31204902523973;5.31204902523973
1364;45.50;25.50;True;False;False;False;1345;26.50;25.50;True;False;False;False;1;17.085635764574363;0;17.085635764574363;17.085635764574363
1365;46.50;25.50;True;False;False;False;44;61.50;15.50;False;False;True;False;1;150.31898587502292;0;150.31898587502292;150.31898587502292
1365;46.50;25.50;True;False;False;False;60;61.50;21.50;False;False;True;False;5;116.05559659204565;2186.673516111345;81.52148308202459;196.52759738788882
1365;46.50;25.50;True;False;False;False;108;0.50;18.50;False;True;False;False;1;574.8628811724157;0;574.8628811724157;574.8628811724157
1365;46.50;25.50;True;False;False;False;821;30.50;13.50;True;False;False;False;3;28.959070611535328;19.15863606570472;26.139163070238283;34.00147908384315
1365;46.50;25.50;True;False;False;False;822;31.50;13.50;True;False;False;False;1;26.40750359645972;0;26.40750359645972;26.40750359645972
1365;46.50;25.50;True;False;False;False;1104;49.50;19.50;True;False;False;False;1;14.062407413748588;0;14.062407413748588;14.062407413748588
1365;46.50;25.50;True;False;False;False;1236;49.50;22.50;True;False;False;False;1;10.504735421905934;0;10.504735421905934;10.504735421905934
1365;46.50;25.50;True;False;False;False;1410;47.50;26.50;True;False;False;False;1;6.395741797306528;0;6.395741797306528;6.395741797306528
1366;47.50;25.50;True;False;False;False;12;61.50;3.50;False;False;True;False;1;168.94352091614928;0;168.94352091614928;168.94352091614928
1366;47.50;25.50;True;False;False;False;28;61.50;9.50;False;False;True;False;1;99.00398348374802;0;99.00398348374802;99.00398348374802
1366;47.50;25.50;True;False;False;False;60;61.50;21.50;False;False;True;False;5;116.49426986559084;2031.2240925379933;70.95726140061561;182.41270397725748
1366;47.50;25.50;True;False;False;False;733;30.50;11.50;True;False;False;False;1;29.55277777777519;0;29.55277777777519;29.55277777777519
1366;47.50;25.50;True;False;False;False;822;31.50;13.50;True;False;False;False;1;26.323051959090662;0;26.323051959090662;26.323051959090662
1366;47.50;25.50;True;False;False;False;866;31.50;14.50;True;False;False;False;1;26.327975748249628;0;26.327975748249628;26.327975748249628
1366;47.50;25.50;True;False;False;False;1007;40.50;17.50;True;False;False;False;1;17.078611512837597;0;17.078611512837597;17.078611512837597
1366;47.50;25.50;True;False;False;False;1123;24.50;20.50;True;False;False;False;1;26.695926723015873;0;26.695926723015873;26.695926723015873
1366;47.50;25.50;True;False;False;False;1246;15.50;23.50;True;False;False;False;1;30.445446035948407;0;30.445446035948407;30.445446035948407
1366;47.50;25.50;True;False;False;False;1256;25.50;23.50;True;False;False;False;1;24.405270986580035;0;24.405270986580035;24.405270986580035
1368;49.50;25.50;True;False;False;False;44;61.50;15.50;False;False;True;False;1;99.53786837445432;0;99.53786837445432;99.53786837445432
1368;49.50;25.50;True;False;False;False;60;61.50;21.50;False;False;True;False;4;60.94212138252158;354.1468103491805;41.75080527742466;81.77576259026091
1368;49.50;25.50;True;False;False;False;822;31.50;13.50;True;False;False;False;1;28.813520916156904;0;28.813520916156904;28.813520916156904
1368;49.50;25.50;True;False;False;False;864;29.50;14.50;True;False;False;False;1;33.75157287525326;0;33.75157287525326;33.75157287525326
1368;49.50;25.50;True;False;False;False;1108;9.50;20.50;True;False;False;False;1;36.9888014869357;0;36.9888014869357;36.9888014869357
1368;49.50;25.50;True;False;False;False;1149;50.50;20.50;True;False;False;False;1;10.485367972712993;0;10.485367972712993;10.485367972712993
1368;49.50;25.50;True;False;False;False;1369;50.50;25.50;True;False;False;False;1;3.2096320272694356;0;3.2096320272694356;3.2096320272694356
1369;50.50;25.50;True;False;False;False;60;61.50;21.50;False;False;True;False;3;47.36139096653854;379.15521992218413;29.277429795980424;67.97415290868776
1369;50.50;25.50;True;False;False;False;412;17.50;4.50;True;False;False;False;1;48.41065895023348;0;48.41065895023348;48.41065895023348
1369;50.50;25.50;True;False;False;False;752;49.50;11.50;True;False;False;False;1;17.00104200915348;0;17.00104200915348;17.00104200915348
1369;50.50;25.50;True;False;False;False;866;31.50;14.50;True;False;False;False;2;27.54496948922406;0.0425522876515945;27.399106046834277;27.69083293161384
1370;51.50;25.50;True;False;False;False;60;61.50;21.50;False;False;True;False;6;86.44047579550852;1001.9122562129106;64.32042819092021;150.12518758281294
1370;51.50;25.50;True;False;False;False;821;30.50;13.50;True;False;False;False;1;29.460093791414693;0;29.460093791414693;29.460093791414693
1370;51.50;25.50;True;False;False;False;886;51.50;14.50;True;False;False;False;1;11.278336528070213;0;11.278336528070213;11.278336528070213
1370;51.50;25.50;True;False;False;False;1253;22.50;23.50;True;False;False;False;1;28.096395680084242;0;28.096395680084242;28.096395680084242
1370;51.50;25.50;True;False;False;False;1283;52.50;23.50;True;False;False;False;1;8.641666666662786;0;8.641666666662786;8.641666666662786
1370;51.50;25.50;True;False;False;False;1341;22.50;25.50;True;False;False;False;1;23.47250040174913;0;23.47250040174913;23.47250040174913
1370;51.50;25.50;True;False;False;False;1343;24.50;25.50;True;False;False;False;1;21.323892083619285;0;21.323892083619285;21.323892083619285
1371;52.50;25.50;True;False;False;False;60;61.50;21.50;False;False;True;False;7;90.04390548511641;638.9506302109586;67.02138529241347;140.76185824766617
1371;52.50;25.50;True;False;False;False;92;0.50;12.50;False;True;False;False;1;260.3896336341495;0;260.3896336341495;260.3896336341495
1371;52.50;25.50;True;False;False;False;108;0.50;18.50;False;True;False;False;1;629.8397177744318;0;629.8397177744318;629.8397177744318
1371;52.50;25.50;True;False;False;False;124;0.50;24.50;False;True;False;False;1;570.2959488786073;0;570.2959488786073;570.2959488786073
1371;52.50;25.50;True;False;False;False;733;30.50;11.50;True;False;False;False;1;40.3469480408894;0;40.3469480408894;40.3469480408894
1371;52.50;25.50;True;False;False;False;734;31.50;11.50;True;False;False;False;1;30.90494136974621;0;30.90494136974621;30.90494136974621
1371;52.50;25.50;True;False;False;False;820;29.50;13.50;True;False;False;False;3;30.452112973747717;0.4572353125271596;29.920840124530514;31.213276574493648
1371;52.50;25.50;True;False;False;False;821;30.50;13.50;True;False;False;False;1;29.791359715487943;0;29.791359715487943;29.791359715487943
1371;52.50;25.50;True;False;False;False;864;29.50;14.50;True;False;False;False;2;30.103512248613697;0.2434545512436786;29.754617886919732;30.452406610307662
1371;52.50;25.50;True;False;False;False;1233;46.50;22.50;True;False;False;False;1;13.542316013635173;0;13.542316013635173;13.542316013635173
1371;52.50;25.50;True;False;False;False;1273;42.50;23.50;True;False;False;False;1;14.574170263127598;0;14.574170263127598;14.574170263127598
1372;9.50;26.50;True;False;False;False;44;61.50;15.50;False;False;True;False;1;75.9326911792723;0;75.9326911792723;75.9326911792723
1372;9.50;26.50;True;False;False;False;60;61.50;21.50;False;False;True;False;3;121.44090239066463;2096.968390564087;68.61204583048311;149.80528617586606
1372;9.50;26.50;True;False;False;False;437;42.50;4.50;True;False;False;False;1;43.47814974869107;0;43.47814974869107;43.47814974869107
1372;9.50;26.50;True;False;False;False;706;47.50;10.50;True;False;False;False;1;54.6573299462907;0;54.6573299462907;54.6573299462907
1372;9.50;26.50;True;False;False;False;1102;47.50;19.50;True;False;False;False;1;36.65620490251604;0;36.65620490251604;36.65620490251604
1372;9.50;26.50;True;False;False;False;1106;51.50;19.50;True;False;False;False;1;40.24861151283221;0;40.24861151283221;40.24861151283221
1372;9.50;26.50;True;False;False;False;1198;11.50;22.50;True;False;False;False;1;10.445649346968366;0;10.445649346968366;10.445649346968366
1374;11.50;26.50;True;False;False;False;60;61.50;21.50;False;False;True;False;1;93.73482360827984;0;93.73482360827984;93.73482360827984
1374;11.50;26.50;True;False;False;False;1276;45.50;23.50;True;False;False;False;1;31.685649346964055;0;31.685649346964055;31.685649346964055
1377;14.50;26.50;True;False;False;False;1360;41.50;25.50;True;False;False;False;1;25.536111111111495;0;25.536111111111495;25.536111111111495
1380;17.50;26.50;True;False;False;False;60;61.50;21.50;False;False;True;False;1;104.56037516564356;0;104.56037516564356;104.56037516564356
1382;19.50;26.50;True;False;False;False;60;61.50;21.50;False;False;True;False;1;94.8531705240091;0;94.8531705240091;94.8531705240091
1384;21.50;26.50;True;False;False;False;60;61.50;21.50;False;False;True;False;1;72.73297255352372;0;72.73297255352372;72.73297255352372
1385;22.50;26.50;True;False;False;False;44;61.50;15.50;False;False;True;False;1;66.25611830401976;0;66.25611830401976;66.25611830401976
1385;22.50;26.50;True;False;False;False;60;61.50;21.50;False;False;True;False;1;127.15927124744849;0;127.15927124744849;127.15927124744849
1385;22.50;26.50;True;False;False;False;830;39.50;13.50;True;False;False;False;1;31.1346320272678;0;31.1346320272678;31.1346320272678
1387;24.50;26.50;True;False;False;False;12;61.50;3.50;False;False;True;False;1;102.83057442145218;0;102.83057442145218;102.83057442145218
1387;24.50;26.50;True;False;False;False;44;61.50;15.50;False;False;True;False;1;67.24027817949172;0;67.24027817949172;67.24027817949172
1387;24.50;26.50;True;False;False;False;561;34.50;7.50;True;False;False;False;1;26.997781775971816;0;26.997781775971816;26.997781775971816
1387;24.50;26.50;True;False;False;False;615;44.50;8.50;True;False;False;False;1;49.14527817949238;0;49.14527817949238;49.14527817949238
1389;26.50;26.50;True;False;False;False;60;61.50;21.50;False;False;True;False;1;62.25943883939726;0;62.25943883939726;62.25943883939726
1392;29.50;26.50;True;False;False;False;44;61.50;15.50;False;False;True;False;1;121.04896919325734;0;121.04896919325734;121.04896919325734
1393;30.50;26.50;True;False;False;False;60;61.50;21.50;False;False;True;False;1;92.87926405452708;0;92.87926405452708;92.87926405452708
1394;31.50;26.50;True;False;False;False;124;0.50;24.50;False;True;False;False;1;569.1890736366804;0;569.1890736366804;569.1890736366804
1395;32.50;26.50;True;False;False;False;60;61.50;21.50;False;False;True;False;1;85.36805834855477;0;85.36805834855477;85.36805834855477
1395;32.50;26.50;True;False;False;False;820;29.50;13.50;True;False;False;False;1;21.47565334515093;0;21.47565334515093;21.47565334515093
1397;34.50;26.50;True;False;False;False;60;61.50;21.50;False;False;True;False;1;62.471483082019404;0;62.471483082019404;62.471483082019404
1397;34.50;26.50;True;False;False;False;833;42.50;13.50;True;False;False;False;1;20.831301085218;0;20.831301085218;20.831301085218
1398;35.50;26.50;True;False;False;False;124;0.50;24.50;False;True;False;False;1;614.8162304985458;0;614.8162304985458;614.8162304985458
1398;35.50;26.50;True;False;False;False;1243;12.50;23.50;True;False;False;False;1;24.747777777767624;0;24.747777777767624;24.747777777767624
1400;37.50;26.50;True;False;False;False;60;61.50;21.50;False;False;True;False;1;122.99748921062019;0;122.99748921062019;122.99748921062019
1400;37.50;26.50;True;False;False;False;92;0.50;12.50;False;True;False;False;1;266.97065374198064;0;266.97065374198064;266.97065374198064
1400;37.50;26.50;True;False;False;False;734;31.50;11.50;True;False;False;False;1;21.345927526472224;0;21.345927526472224;21.345927526472224
1400;37.50;26.50;True;False;False;False;1102;47.50;19.50;True;False;False;False;1;18.597041832310424;0;18.597041832310424;18.597041832310424
1402;39.50;26.50;True;False;False;False;44;61.50;15.50;False;False;True;False;1;121.2325973878742;0;121.2325973878742;121.2325973878742
1402;39.50;26.50;True;False;False;False;60;61.50;21.50;False;False;True;False;3;122.0541892709219;5928.2075724794995;65.72935784594301;209.78876791367838
1402;39.50;26.50;True;False;False;False;733;30.50;11.50;True;False;False;False;1;23.049729816862964;0;23.049729816862964;23.049729816862964
1402;39.50;26.50;True;False;False;False;820;29.50;13.50;True;False;False;False;1;29.664538235856526;0;29.664538235856526;29.664538235856526
1402;39.50;26.50;True;False;False;False;1092;37.50;19.50;True;False;False;False;1;13.128246734835557;0;13.128246734835557;13.128246734835557
1402;39.50;26.50;True;False;False;False;1412;49.50;26.50;True;False;False;False;1;11.383333333331393;0;11.383333333331393;11.383333333331393
1403;40.50;26.50;True;False;False;False;28;61.50;9.50;False;False;True;False;1;93.59009459486151;0;93.59009459486151;93.59009459486151
1403;40.50;26.50;True;False;False;False;44;61.50;15.50;False;False;True;False;1;64.24109752871482;0;64.24109752871482;64.24109752871482
1403;40.50;26.50;True;False;False;False;823;32.50;13.50;True;False;False;False;1;23.917305625982408;0;23.917305625982408;23.917305625982408
1403;40.50;26.50;True;False;False;False;1413;50.50;26.50;True;False;False;False;1;10.804910206772547;0;10.804910206772547;10.804910206772547
1404;41.50;26.50;True;False;False;False;12;61.50;3.50;False;False;True;False;1;101.20333813495563;0;101.20333813495563;101.20333813495563
1404;41.50;26.50;True;False;False;False;44;61.50;15.50;False;False;True;False;1;94.09360192861641;0;94.09360192861641;94.09360192861641
1404;41.50;26.50;True;False;False;False;60;61.50;21.50;False;False;True;False;1;119.79903970374289;0;119.79903970374289;119.79903970374289
1404;41.50;26.50;True;False;False;False;1278;47.50;23.50;True;False;False;False;1;13.01338316386682;0;13.01338316386682;13.01338316386682
1404;41.50;26.50;True;False;False;False;1361;42.50;25.50;True;False;False;False;1;6.489160678909684;0;6.489160678909684;6.489160678909684
1404;41.50;26.50;True;False;False;False;1372;9.50;26.50;True;False;False;False;1;35.851850251299766;0;35.851850251299766;35.851850251299766
1405;42.50;26.50;True;False;False;False;44;61.50;15.50;False;False;True;False;1;155.8324836055108;0;155.8324836055108;155.8324836055108
1405;42.50;26.50;True;False;False;False;821;30.50;13.50;True;False;False;False;1;23.589083664634927;0;23.589083664634927;23.589083664634927
1407;44.50;26.50;True;False;False;False;12;61.50;3.50;False;False;True;False;1;149.33509379140378;0;149.33509379140378;149.33509379140378
1407;44.50;26.50;True;False;False;False;108;0.50;18.50;False;True;False;False;1;588.6282597782883;0;588.6282597782883;588.6282597782883
1407;44.50;26.50;True;False;False;False;823;32.50;13.50;True;False;False;False;1;24.133798292215943;0;24.133798292215943;24.133798292215943
1407;44.50;26.50;True;False;False;False;981;14.50;17.50;True;False;False;False;1;33.9559195301008;0;33.9559195301008;33.9559195301008
1408;45.50;26.50;True;False;False;False;28;61.50;9.50;False;False;True;False;1;107.33019158100251;0;107.33019158100251;107.33019158100251
1408;45.50;26.50;True;False;False;False;44;61.50;15.50;False;False;True;False;2;75.36412696387765;557.2326253459636;58.672323206554665;92.05593072120064
1408;45.50;26.50;True;False;False;False;60;61.50;21.50;False;False;True;False;1;108.4356170780411;0;108.4356170780411;108.4356170780411
1408;45.50;26.50;True;False;False;False;734;31.50;11.50;True;False;False;False;1;27.040180389900343;0;27.040180389900343;27.040180389900343
1408;45.50;26.50;True;False;False;False;821;30.50;13.50;True;False;False;False;2;26.285373568281102;2.1678180392061384;25.2442640545396;27.326483082022605
1408;45.50;26.50;True;False;False;False;1217;30.50;22.50;True;False;False;False;1;19.561991982804102;0;19.561991982804102;19.561991982804102
1409;46.50;26.50;True;False;False;False;12;61.50;3.50;False;False;True;False;1;113.93672159214293;0;113.93672159214293;113.93672159214293
1409;46.50;26.50;True;False;False;False;278;15.50;1.50;True;False;False;False;1;44.91615317176365;0;44.91615317176365;44.91615317176365
1410;47.50;26.50;True;False;False;False;28;61.50;9.50;False;False;True;False;1;124.73602131787266;0;124.73602131787266;124.73602131787266
1410;47.50;26.50;True;False;False;False;44;61.50;15.50;False;False;True;False;1;149.05120570597512;0;149.05120570597512;149.05120570597512
1410;47.50;26.50;True;False;False;False;60;61.50;21.50;False;False;True;False;4;104.07679456056928;256.4792105362046;88.92740341556237;125.25787556734213
1410;47.50;26.50;True;False;False;False;733;30.50;11.50;True;False;False;False;1;30.693252320848842;0;30.693252320848842;30.693252320848842
1410;47.50;26.50;True;False;False;False;821;30.50;13.50;True;False;False;False;1;35.54610871982368;0;35.54610871982368;35.54610871982368
1410;47.50;26.50;True;False;False;False;967;44.50;16.50;True;False;False;False;1;14.831204902522586;0;14.831204902522586;14.831204902522586
1410;47.50;26.50;True;False;False;False;1009;42.50;17.50;True;False;False;False;1;16.263341329704417;0;16.263341329704417;16.263341329704417
1410;47.50;26.50;True;False;False;False;1106;51.50;19.50;True;False;False;False;1;14.623055153829227;0;14.623055153829227;14.623055153829227
1410;47.50;26.50;True;False;False;False;1412;49.50;26.50;True;False;False;False;1;5.04444444444448;0;5.04444444444448;5.04444444444448
1412;49.50;26.50;True;False;False;False;44;61.50;15.50;False;False;True;False;2;103.40061632231254;131.98784277309193;95.27695203908752;111.52428060553757
1412;49.50;26.50;True;False;False;False;60;61.50;21.50;False;False;True;False;3;87.17342499491811;333.6240904761013;66.08481961008874;97.99545537466474
1412;49.50;26.50;True;False;False;False;124;0.50;24.50;False;True;False;False;2;539.7170990026129;134.0321454714578;531.5307644910181;547.9034335142078
1412;49.50;26.50;True;False;False;False;821;30.50;13.50;True;False;False;False;1;35.17907647171705;0;35.17907647171705;35.17907647171705
1412;49.50;26.50;True;False;False;False;823;32.50;13.50;True;False;False;False;3;27.108792967652562;0.03066468915515706;26.92500000000109;27.273694916592603
1412;49.50;26.50;True;False;False;False;864;29.50;14.50;True;False;False;False;1;53.17344390185281;0;53.17344390185281;53.17344390185281
1412;49.50;26.50;True;False;False;False;1133;34.50;20.50;True;False;False;False;1;21.847777777773445;0;21.847777777773445;21.847777777773445
1412;49.50;26.50;True;False;False;False;1239;52.50;22.50;True;False;False;False;1;10.860281374237275;0;10.860281374237275;10.860281374237275
1413;50.50;26.50;True;False;False;False;12;61.50;3.50;False;False;True;False;1;61.89444444444052;0;61.89444444444052;61.89444444444052
1413;50.50;26.50;True;False;False;False;28;61.50;9.50;False;False;True;False;1;43.178239541906805;0;43.178239541906805;43.178239541906805
1413;50.50;26.50;True;False;False;False;60;61.50;21.50;False;False;True;False;2;104.27731601362984;448.55138349522383;89.30147908384151;119.25315294341817
1413;50.50;26.50;True;False;False;False;811;20.50;13.50;True;False;False;False;1;38.437594193106634;0;38.437594193106634;38.437594193106634
1413;50.50;26.50;True;False;False;False;821;30.50;13.50;True;False;False;False;1;35.655184388087946;0;35.655184388087946;35.655184388087946
1413;50.50;26.50;True;False;False;False;1144;45.50;20.50;True;False;False;False;1;14.75722541695768;0;14.75722541695768;14.75722541695768
1413;50.50;26.50;True;False;False;False;1239;52.50;22.50;True;False;False;False;1;10.69787076573266;0;10.69787076573266;10.69787076573266
1414;51.50;26.50;True;False;False;False;28;61.50;9.50;False;False;True;False;2;76.71243752280657;1448.6086399775227;49.79953504112018;103.62534000449295
1414;51.50;26.50;True;False;False;False;60;61.50;21.50;False;False;True;False;4;67.84370390297204;757.845034223193;33.40138529244359;99.25676365279287
1414;51.50;26.50;True;False;False;False;76;0.50;6.50;False;True;False;False;1;552.4384998573987;0;552.4384998573987;552.4384998573987
1414;51.50;26.50;True;False;False;False;820;29.50;13.50;True;False;False;False;3;37.36398854048942;38.00916975914844;31.46555555554005;43.765093791411346
1414;51.50;26.50;True;False;False;False;821;30.50;13.50;True;False;False;False;3;33.90282688361791;5.304574784728397;32.36740500342421;36.55107884217068
1414;51.50;26.50;True;False;False;False;1094;39.50;19.50;True;False;False;False;1;20.301369299671023;0;20.301369299671023;20.301369299671023
1415;52.50;26.50;True;False;False;False;28;61.50;9.50;False;False;True;False;1;183.29555955374235;0;183.29555955374235;183.29555955374235
1415;52.50;26.50;True;False;False;False;44;61.50;15.50;False;False;True;False;1;106.34515774320789;0;106.34515774320789;106.34515774320789
1415;52.50;26.50;True;False;False;False;60;61.50;21.50;False;False;True;False;3;59.062503596458896;988.3236284444931;22.76694484616985;77.75612149876179
1415;52.50;26.50;True;False;False;False;580;9.50;8.50;True;False;False;False;1;47.42795816768239;0;47.42795816768239;47.42795816768239
1415;52.50;26.50;True;False;False;False;733;30.50;11.50;True;False;False;False;1;36.295375165645964;0;36.295375165645964;36.295375165645964
1415;52.50;26.50;True;False;False;False;822;31.50;13.50;True;False;False;False;2;30.243237944547218;0.7286898600938886;29.639628029082814;30.84684786001162
1415;52.50;26.50;True;False;False;False;1016;49.50;17.50;True;False;False;False;1;16.042316013635087;0;16.042316013635087;16.042316013635087
