<<< Welcome to the RAWSimO CLI >>>
The time is: 04/20/2026 03:09:20
Starting RAWSimO wrapper with the following arguments:
Instance: C:\Users\Aesop\Desktop\rawsim-o-rmfs-world-models\Material\Instances\CoreBenchmark\aesop.xlayo
Setting: C:\Users\Aesop\Desktop\rawsim-o-rmfs-world-models\Material\Instances\CoreBenchmark\aesop.xsett
ControlConfig: C:\Users\Aesop\Desktop\rawsim-o-rmfs-world-models\Material\Instances\CoreBenchmark\aesop-cbs.xconf
StatisticsDir: C:\Users\Aesop\Desktop\rawsim-o-rmfs-world-models\results\tiny-1bot-28800s-cbs-vs-ecbs-v2\sim_out/
Seed: 46
Additionally the following tag was passed: CBS-time-seed46
Adding handler for unhandled exceptions ...
Initializing ... 
LayoutConfiguration recognized!
Parsing setting config ...
Parsing control config ...
Parsing layout config ...
Generating instance...
Info about all directions within the generated instance:
# # # # # e p e p p p p p p p p p p p p p p p p p e p p p p p p p p p p p p p p p p p e p p p p p p p p p e s # # # # # 
# # # # # n q ^ + + + + + + + + v + + + + + + + + ^ + + + + + + + + v + + + + + + + + ^ + + + + + + + + q d q # # # # # 
# # # # # b p b + + + + + + + + v + + + + + + + + ^ + + + + + + + + v + + + + + + + + ^ + + + + + + + + v b s # # # # # 
s w w w w d q d < < < < < < < < q < < < < < < < < d < < < < < < < < q < < < < < < < < d < < < < < < < < q d q w w w w w 
p e e e s b p b + + + + + + + + v + + + + + + + + ^ + + + + + + + + v + + + + + + + + ^ + + + + + + + + v b p e e e e n 
s w w w w d q ^ + + + + + + + + v + + + + + + + + ^ + + + + + + + + v + + + + + + + + ^ + + + + + + + + q d q n w w w d 
e e e e e b p b > > > > > > > > p > > > > > > > > b > > > > > > > > p > > > > > > > > b > > > > > > > > p b p e e e e n 
# # # # # n q ^ + + + + + + + + v + + + + + + + + ^ + + + + + + + + v + + + + + + + + ^ + + + + + + + + q d q # # # # # 
# # # # # b p b + + + + + + + + v + + + + + + + + ^ + + + + + + + + v + + + + + + + + ^ + + + + + + + + v b s # # # # # 
s w w w w d q d < < < < < < < < q < < < < < < < < d < < < < < < < < q < < < < < < < < d < < < < < < < < q d q w w w w w 
p e e e s b p b + + + + + + + + v + + + + + + + + ^ + + + + + + + + v + + + + + + + + ^ + + + + + + + + v b p e e e e n 
s w w w w d q ^ + + + + + + + + v + + + + + + + + ^ + + + + + + + + v + + + + + + + + ^ + + + + + + + + q d q n w w w d 
e e e e e b p b > > > > > > > > p > > > > > > > > b > > > > > > > > p > > > > > > > > b > > > > > > > > p b p e e e e n 
# # # # # n q ^ + + + + + + + + v + + + + + + + + ^ + + + + + + + + v + + + + + + + + ^ + + + + + + + + q d q # # # # # 
# # # # # b p b + + + + + + + + v + + + + + + + + ^ + + + + + + + + v + + + + + + + + ^ + + + + + + + + v b s # # # # # 
s w w w w d q d < < < < < < < < q < < < < < < < < d < < < < < < < < q < < < < < < < < d < < < < < < < < q d q w w w w w 
p e e e s b p b + + + + + + + + v + + + + + + + + ^ + + + + + + + + v + + + + + + + + ^ + + + + + + + + v b p e e e e n 
s w w w w d q ^ + + + + + + + + v + + + + + + + + ^ + + + + + + + + v + + + + + + + + ^ + + + + + + + + q d q n w w w d 
e e e e e b p b > > > > > > > > p > > > > > > > > b > > > > > > > > p > > > > > > > > b > > > > > > > > p b p e e e e n 
# # # # # n q ^ + + + + + + + + v + + + + + + + + ^ + + + + + + + + v + + + + + + + + ^ + + + + + + + + q d q # # # # # 
# # # # # b p b + + + + + + + + v + + + + + + + + ^ + + + + + + + + v + + + + + + + + ^ + + + + + + + + v b s # # # # # 
s w w w w d q d < < < < < < < < q < < < < < < < < d < < < < < < < < q < < < < < < < < d < < < < < < < < q d q w w w w w 
p e e e s b p b + + + + + + + + v + + + + + + + + ^ + + + + + + + + v + + + + + + + + ^ + + + + + + + + v b p e e e e n 
s w w w w d q ^ + + + + + + + + v + + + + + + + + ^ + + + + + + + + v + + + + + + + + ^ + + + + + + + + q d q n w w w d 
e e e e e b p b > > > > > > > > p > > > > > > > > b > > > > > > > > p > > > > > > > > b > > > > > > > > p b p e e e e n 
# # # # # n q ^ + + + + + + + + v + + + + + + + + ^ + + + + + + + + v + + + + + + + + ^ + + + + + + + + q d q # # # # # 
# # # # # b p b + + + + + + + + v + + + + + + + + ^ + + + + + + + + v + + + + + + + + ^ + + + + + + + + v b s # # # # # 
# # # # # n q d < < < < < < < < q < < < < < < < < d < < < < < < < < q < < < < < < < < d < < < < < < < < q d q # # # # # 
# # # # # b p b + + + + + + + + v + + + + + + + + ^ + + + + + + + + v + + + + + + + + ^ + + + + + + + + v b s # # # # # 
# # # # # n q ^ + + + + + + + + v + + + + + + + + ^ + + + + + + + + v + + + + + + + + ^ + + + + + + + + q d q # # # # # 
# # # # # b p b > > > > > > > > p > > > > > > > > b > > > > > > > > p > > > > > > > > b > > > > > > > > p b s # # # # # 
# # # # # n q ^ + + + + + + + + v + + + + + + + + ^ + + + + + + + + v + + + + + + + + ^ + + + + + + + + q d q # # # # # 
# # # # # b p b + + + + + + + + v + + + + + + + + ^ + + + + + + + + v + + + + + + + + ^ + + + + + + + + v b s # # # # # 
# # # # # n w d d d d d d d d d w d d d d d d d d d d d d d d d d d w d d d d d d d d d d d d d d d d d w d w # # # # # 


Info about all types within the generated instance:
# # # # # r r r r r r r r r r r r r r r r r r r r r r r r r r r r r r r r r r r r r r r r r r r r r r r r r r # # # # # 
# # # # # r r r s s s s s s s s r s s s s s s s s r s s s s s s s s r s s s s s s s s r s s s s s s s s r r r # # # # # 
# # # # # r r r s s s s s s s s r s s s s s s s s r s s s s s s s s r s s s s s s s s r s s s s s s s s r r r # # # # # 
b b b b b r r r r r r r r r r r r r r r r r r r r r r r r r r r r r r r r r r r r r r r r r r r r r r r r r r b b b b o 
b b b b b r r r s s s s s s s s r s s s s s s s s r s s s s s s s s r s s s s s s s s r s s s s s s s s r r r b b b b b 
b b b b b r r r s s s s s s s s r s s s s s s s s r s s s s s s s s r s s s s s s s s r s s s s s s s s r r r b b b b b 
i b b b b r r r r r r r r r r r r r r r r r r r r r r r r r r r r r r r r r r r r r r r r r r r r r r r r r r b b b b b 
# # # # # r r r s s s s s s s s r s s s s s s s s r s s s s s s s s r s s s s s s s s r s s s s s s s s r r r # # # # # 
# # # # # r r r s s s s s s s s r s s s s s s s s r s s s s s s s s r s s s s s s s s r s s s s s s s s r r r # # # # # 
b b b b b r r r r r r r r r r r r r r r r r r r r r r r r r r r r r r r r r r r r r r r r r r r r r r r r r r b b b b o 
b b b b b r r r s s s s s s s s r s s s s s s s s r s s s s s s s s r s s s s s s s s r s s s s s s s s r r r b b b b b 
b b b b b r r r s s s s s s s s r s s s s s s s s r s s s s s s s s r s s s s s s s s r s s s s s s s s r r r b b b b b 
i b b b b r r r r r r r r r r r r r r r r r r r r r r r r r r r r r r r r r r r r r r r r r r r r r r r r r r b b b b b 
# # # # # r r r s s s s s s s s r s s s s s s s s r s s s s s s s s r s s s s s s s s r s s s s s s s s r r r # # # # # 
# # # # # r r r s s s s s s s s r s s s s s s s s r s s s s s s s s r s s s s s s s s r s s s s s s s s r r r # # # # # 
b b b b b r r r r r r r r r r r r r r r r r r r r r r r r r r r r r r r r r r r r r r r r r r r r r r r r r r b b b b o 
b b b b b r r r s s s s s s s s r s s s s s s s s r s s s s s s s s r s s s s s s s s r s s s s s s s s r r r b b b b b 
b b b b b r r r s s s s s s s s r s s s s s s s s r s s s s s s s s r s s s s s s s s r s s s s s s s s r r r b b b b b 
i b b b b r r r r r r r r r r r r r r r r r r r r r r r r r r r r r r r r r r r r r r r r r r r r r r r r r r b b b b b 
# # # # # r r r s s s s s s s s r s s s s s s s s r s s s s s s s s r s s s s s s s s r s s s s s s s s r r r # # # # # 
# # # # # r r r s s s s s s s s r s s s s s s s s r s s s s s s s s r s s s s s s s s r s s s s s s s s r r r # # # # # 
b b b b b r r r r r r r r r r r r r r r r r r r r r r r r r r r r r r r r r r r r r r r r r r r r r r r r r r b b b b o 
b b b b b r r r s s s s s s s s r s s s s s s s s r s s s s s s s s r s s s s s s s s r s s s s s s s s r r r b b b b b 
b b b b b r r r s s s s s s s s r s s s s s s s s r s s s s s s s s r s s s s s s s s r s s s s s s s s r r r b b b b b 
i b b b b r r r r r r r r r r r r r r r r r r r r r r r r r r r r r r r r r r r r r r r r r r r r r r r r r r b b b b b 
# # # # # r r r s s s s s s s s r s s s s s s s s r s s s s s s s s r s s s s s s s s r s s s s s s s s r r r # # # # # 
# # # # # r r r s s s s s s s s r s s s s s s s s r s s s s s s s s r s s s s s s s s r s s s s s s s s r r r # # # # # 
# # # # # r r r r r r r r r r r r r r r r r r r r r r r r r r r r r r r r r r r r r r r r r r r r r r r r r r # # # # # 
# # # # # r r r s s s s s s s s r s s s s s s s s r s s s s s s s s r s s s s s s s s r s s s s s s s s r r r # # # # # 
# # # # # r r r s s s s s s s s r s s s s s s s s r s s s s s s s s r s s s s s s s s r s s s s s s s s r r r # # # # # 
# # # # # r r r r r r r r r r r r r r r r r r r r r r r r r r r r r r r r r r r r r r r r r r r r r r r r r r # # # # # 
# # # # # r r r s s s s s s s s r s s s s s s s s r s s s s s s s s r s s s s s s s s r s s s s s s s s r r r # # # # # 
# # # # # r r r s s s s s s s s r s s s s s s s s r s s s s s s s s r s s s s s s s s r s s s s s s s s r r r # # # # # 
# # # # # r r r r r r r r r r r r r r r r r r r r r r r r r r r r r r r r r r r r r r r r r r r r r r r r r r # # # # # 


[EnergyConsumption] Configured from LayoutConfiguration: RobotMass=100 kg, PodFrameMass=50 kg
StatisticsFolder: aesop-aesop-aesop-cbs-46
Done!
Executing ... 
 03:09:22 | >>> Warming up ...
 Realtime |   ETA    |  Sim.Time  | Progress | #Orders | #Bundles | Inv. | Distance | #Coll. |   Memory    
 00:00:00 | >>> Warmup finished - starting simulation ...
 00:00:00 |   n/a    | 0.00:00:00 |  0.00%   |    0    |    0     | 70%  |    0     |   0    | 218.23MB  
 00:00:05 | 00:54:05 | 0.00:00:44 |  0.15%   |    0    |    0     | 70%  |   595    |   0    | 173.45MB  
 00:00:10 | 01:21:05 | 0.00:00:59 |  0.21%   |    0    |    0     | 70%  |   800    |   0    | 175.23MB  
 00:00:11 | WARNING! Aborting CBS - could not obtain an initial solution for the following agents: Agent6(74->73)
 00:00:11 | WARNING! Aborting CBS - could not obtain an initial solution for the following agents: Agent6(74->73)
 00:00:11 | WARNING! Aborting CBS - could not obtain an initial solution for the following agents: Agent6(74->73)
 00:00:11 | WARNING! Aborting CBS - could not obtain an initial solution for the following agents: Agent6(74->73)
 00:00:11 | WARNING! Aborting CBS - could not obtain an initial solution for the following agents: Agent6(74->73)
 00:00:11 | WARNING! Aborting CBS - could not obtain an initial solution for the following agents: Agent6(74->73)
 00:00:12 | WARNING! Aborting CBS - could not obtain an initial solution for the following agents: Agent3(34->33)
 00:00:12 | WARNING! Aborting CBS - could not obtain an initial solution for the following agents: Agent3(34->33)
 00:00:14 | WARNING! Aborting CBS - could not obtain an initial solution for the following agents: Agent17(72->71)
 00:00:14 | WARNING! Aborting CBS - could not obtain an initial solution for the following agents: Agent17(72->71)
 00:00:14 | WARNING! Aborting CBS - could not obtain an initial solution for the following agents: Agent17(72->71)
 00:00:15 | 00:15:49 | 0.00:07:27 |  1.55%   |   89    |   127    | 71%  |   3927   |   0    | 171.67MB  
 00:00:19 | WARNING! Aborting CBS - could not obtain an initial solution for the following agents: Agent16(4->2)
 00:00:19 | WARNING! Aborting CBS - could not obtain an initial solution for the following agents: Agent16(4->2)
 00:00:19 | WARNING! Aborting CBS - could not obtain an initial solution for the following agents: Agent16(4->2)
 00:00:19 | WARNING! Aborting CBS - could not obtain an initial solution for the following agents: Agent16(4->2)
 00:00:19 | WARNING! Aborting CBS - could not obtain an initial solution for the following agents: Agent16(4->3)
 00:00:19 | WARNING! Aborting CBS - could not obtain an initial solution for the following agents: Agent16(4->3)
 00:00:19 | WARNING! Aborting CBS - could not obtain an initial solution for the following agents: Agent16(4->3)
 00:00:19 | WARNING! Aborting CBS - could not obtain an initial solution for the following agents: Agent16(4->3)
 00:00:19 | WARNING! Aborting CBS - could not obtain an initial solution for the following agents: Agent7(44->43)
 00:00:19 | WARNING! Aborting CBS - could not obtain an initial solution for the following agents: Agent7(44->43)
 00:00:19 | WARNING! Aborting CBS - could not obtain an initial solution for the following agents: Agent7(44->43)
 00:00:20 | 00:11:41 | 0.00:13:18 |  2.77%   |   162   |   233    | 72%  |   7324   |   0    | 178.64MB  
 00:00:20 | WARNING! Aborting CBS - could not obtain an initial solution for the following agents: Agent13(44->43)
 00:00:20 | WARNING! Aborting CBS - could not obtain an initial solution for the following agents: Agent13(44->43)
 00:00:20 | WARNING! Aborting CBS - could not obtain an initial solution for the following agents: Agent13(44->43)
 00:00:20 | WARNING! Aborting CBS - could not obtain an initial solution for the following agents: Agent13(44->42)
 00:00:21 | WARNING! Aborting CBS - could not obtain an initial solution for the following agents: Agent17(72->71)
 00:00:21 | WARNING! Aborting CBS - could not obtain an initial solution for the following agents: Agent17(72->71)
 00:00:21 | WARNING! Aborting CBS - could not obtain an initial solution for the following agents: Agent17(72->71)
 00:00:21 | WARNING! Aborting CBS - could not obtain an initial solution for the following agents: Agent18(24->23)
 00:00:21 | WARNING! Aborting CBS - could not obtain an initial solution for the following agents: Agent18(24->23)
 00:00:21 | WARNING! Aborting CBS - could not obtain an initial solution for the following agents: Agent18(24->23)
 00:00:23 | WARNING! Aborting CBS - could not obtain an initial solution for the following agents: Agent3(34->23)
 00:00:23 | WARNING! Aborting CBS - could not obtain an initial solution for the following agents: Agent3(34->23)
 00:00:23 | WARNING! Aborting CBS - could not obtain an initial solution for the following agents: Agent3(34->23)
 00:00:25 | 00:08:04 | 0.00:23:35 |  4.91%   |   290   |   432    | 74%  |  13375   |   0    | 180.42MB  
 00:00:30 | 00:08:07 | 0.00:27:49 |  5.80%   |   337   |   504    | 74%  |  16151   |   0    | 211.11MB  
 00:00:33 | WARNING! Aborting CBS - could not obtain an initial solution for the following agents: Agent19(32->31)
 00:00:33 | WARNING! Aborting CBS - could not obtain an initial solution for the following agents: Agent19(32->31)
 00:00:33 | WARNING! Aborting CBS - could not obtain an initial solution for the following agents: Agent19(32->31)
 00:00:35 | 00:08:19 | 0.00:31:28 |  6.56%   |   376   |   569    | 75%  |  18517   |   0    | 220.76MB  
 00:00:35 | WARNING! Aborting CBS - could not obtain an initial solution for the following agents: Agent5(4->3)
 00:00:35 | WARNING! Aborting CBS - could not obtain an initial solution for the following agents: Agent5(4->3)
 00:00:35 | WARNING! Aborting CBS - could not obtain an initial solution for the following agents: Agent5(4->3)
 00:00:35 | WARNING! Aborting CBS - could not obtain an initial solution for the following agents: Agent5(4->3)
 00:00:36 | WARNING! Aborting CBS - could not obtain an initial solution for the following agents: Agent18(32->31)
 00:00:36 | WARNING! Aborting CBS - could not obtain an initial solution for the following agents: Agent18(32->31)
 00:00:37 | WARNING! Aborting CBS - could not obtain an initial solution for the following agents: Agent25(73->72)
 00:00:39 | WARNING! Aborting CBS - could not obtain an initial solution for the following agents: Agent14(53->52)
 00:00:40 | 00:07:39 | 0.00:38:27 |  8.01%   |   451   |   684    | 76%  |  23216   |   0    | 230.76MB  
 00:00:42 | WARNING! Aborting CBS - could not obtain an initial solution for the following agents: Agent4(64->63)
 00:00:42 | WARNING! Aborting CBS - could not obtain an initial solution for the following agents: Agent11(52->50)
 00:00:43 | WARNING! Aborting CBS - could not obtain an initial solution for the following agents: Agent6(72->71)
 00:00:43 | WARNING! Aborting CBS - could not obtain an initial solution for the following agents: Agent6(72->71)
 00:00:44 | WARNING! Aborting CBS - could not obtain an initial solution for the following agents: Agent10(14->13)
 00:00:44 | WARNING! Aborting CBS - could not obtain an initial solution for the following agents: Agent10(14->13)
 00:00:44 | WARNING! Aborting CBS - could not obtain an initial solution for the following agents: Agent10(14->13)
 00:00:44 | WARNING! Aborting CBS - could not obtain an initial solution for the following agents: Agent10(14->13)
 00:00:44 | WARNING! Aborting CBS - could not obtain an initial solution for the following agents: Agent10(14->13)
 00:00:44 | WARNING! Aborting CBS - could not obtain an initial solution for the following agents: Agent10(14->13)
 00:00:44 | WARNING! Aborting CBS - could not obtain an initial solution for the following agents: Agent10(14->13)
 00:00:45 | 00:06:56 | 0.00:46:48 |  9.75%   |   542   |   819    | 77%  |  28843   |   0    | 192.86MB  
 00:00:45 | WARNING! Aborting CBS - could not obtain an initial solution for the following agents: Agent21(104->103)
 00:00:45 | WARNING! Aborting CBS - could not obtain an initial solution for the following agents: Agent19(32->31)
 00:00:47 | WARNING! Aborting CBS - could not obtain an initial solution for the following agents: Agent14(54->43)
 00:00:47 | WARNING! Aborting CBS - could not obtain an initial solution for the following agents: Agent14(54->43)
 00:00:47 | WARNING! Aborting CBS - could not obtain an initial solution for the following agents: Agent14(54->43)
 00:00:47 | WARNING! Aborting CBS - could not obtain an initial solution for the following agents: Agent19(24->23)
 00:00:47 | WARNING! Aborting CBS - could not obtain an initial solution for the following agents: Agent19(24->23)
 00:00:47 | WARNING! Aborting CBS - could not obtain an initial solution for the following agents: Agent19(24->23)
 00:00:50 | 00:06:14 | 0.00:56:31 |  11.78%  |   660   |   972    | 78%  |  35071   |   0    | 179.50MB  
 00:00:51 | WARNING! Aborting CBS - could not obtain an initial solution for the following agents: Agent8(13->12)
 00:00:51 | WARNING! Aborting CBS - could not obtain an initial solution for the following agents: Agent8(13->12)
 00:00:51 | WARNING! Aborting CBS - could not obtain an initial solution for the following agents: Agent8(13->12)
 00:00:51 | WARNING! Aborting CBS - could not obtain an initial solution for the following agents: Agent8(13->12)
 00:00:51 | WARNING! Aborting CBS - could not obtain an initial solution for the following agents: Agent5(12->11)
 00:00:52 | WARNING! Aborting CBS - could not obtain an initial solution for the following agents: Agent6(74->73)
 00:00:52 | WARNING! Aborting CBS - could not obtain an initial solution for the following agents: Agent6(74->73)
 00:00:53 | WARNING! Aborting CBS - could not obtain an initial solution for the following agents: Agent8(13->12)
 00:00:53 | WARNING! Aborting CBS - could not obtain an initial solution for the following agents: Agent8(13->12)
 00:00:53 | WARNING! Aborting CBS - could not obtain an initial solution for the following agents: Agent8(13->12)
 00:00:53 | WARNING! Aborting CBS - could not obtain an initial solution for the following agents: Agent8(13->12)
 00:00:54 | WARNING! Aborting CBS - could not obtain an initial solution for the following agents: Agent6(74->73)
 00:00:54 | WARNING! Aborting CBS - could not obtain an initial solution for the following agents: Agent6(74->73)
 00:00:54 | WARNING! Aborting CBS - could not obtain an initial solution for the following agents: Agent6(74->73)
 00:00:54 | WARNING! Aborting CBS - could not obtain an initial solution for the following agents: Agent6(74->73)
 00:00:54 | WARNING! Aborting CBS - could not obtain an initial solution for the following agents: Agent6(74->73)
 00:00:54 | WARNING! Aborting CBS - could not obtain an initial solution for the following agents: Agent6(74->73)
 00:00:54 | WARNING! Aborting CBS - could not obtain an initial solution for the following agents: Agent6(74->73)
 00:00:55 | 00:05:49 | 0.01:05:14 |  13.59%  |   765   |   1110   | 79%  |  40799   |   0    | 244.50MB  
 00:00:58 | WARNING! Aborting CBS - could not obtain an initial solution for the following agents: Agent16(12->11)
 00:00:58 | WARNING! Aborting CBS - could not obtain an initial solution for the following agents: Agent16(12->11)
 00:00:58 | WARNING! Aborting CBS - could not obtain an initial solution for the following agents: Agent16(12->11)
 00:00:58 | WARNING! Aborting CBS - could not obtain an initial solution for the following agents: Agent16(12->11)
 00:00:58 | WARNING! Aborting CBS - could not obtain an initial solution for the following agents: Agent16(12->11)
 00:00:59 | WARNING! Aborting CBS - could not obtain an initial solution for the following agents: Agent4(74->73)
 00:00:59 | WARNING! Aborting CBS - could not obtain an initial solution for the following agents: Agent4(74->73)
 00:00:59 | WARNING! Aborting CBS - could not obtain an initial solution for the following agents: Agent4(74->73)
 00:00:59 | WARNING! Aborting CBS - could not obtain an initial solution for the following agents: Agent4(74->73)
 00:00:59 | WARNING! Aborting CBS - could not obtain an initial solution for the following agents: Agent4(74->73)
 00:00:59 | WARNING! Aborting CBS - could not obtain an initial solution for the following agents: Agent4(74->73)
 00:00:59 | WARNING! Aborting CBS - could not obtain an initial solution for the following agents: Agent4(74->73)
 00:01:00 | 00:05:28 | 0.01:14:07 |  15.44%  |   871   |   1245   | 81%  |  46613   |   0    | 198.35MB  
 00:01:00 | WARNING! Aborting CBS - could not obtain an initial solution for the following agents: Agent17(72->71)
 00:01:00 | WARNING! Aborting CBS - could not obtain an initial solution for the following agents: Agent17(72->71)
 00:01:01 | WARNING! Aborting CBS - could not obtain an initial solution for the following agents: Agent5(12->11)
 00:01:01 | WARNING! Aborting CBS - could not obtain an initial solution for the following agents: Agent5(12->11)
 00:01:01 | WARNING! Aborting CBS - could not obtain an initial solution for the following agents: Agent5(12->11)
 00:01:01 | WARNING! Aborting CBS - could not obtain an initial solution for the following agents: Agent23(12->11)
 00:01:05 | 00:05:34 | 0.01:18:00 |  16.25%  |   915   |   1303   | 81%  |  49212   |   0    | 186.55MB  
 00:01:07 | WARNING! Aborting CBS - could not obtain an initial solution for the following agents: Agent0(33->23)
 00:01:07 | WARNING! Aborting CBS - could not obtain an initial solution for the following agents: Agent0(33->23)
 00:01:07 | WARNING! Aborting CBS - could not obtain an initial solution for the following agents: Agent0(33->23)
 00:01:08 | WARNING! Aborting CBS - could not obtain an initial solution for the following agents: Agent14(52->51)
 00:01:08 | WARNING! Aborting CBS - could not obtain an initial solution for the following agents: Agent14(52->51)
 00:01:10 | 00:05:25 | 0.01:24:55 |  17.69%  |   995   |   1404   | 82%  |  53706   |   0    | 193.52MB  
 00:01:10 | WARNING! Aborting CBS - could not obtain an initial solution for the following agents: Agent3(32->31)
 00:01:10 | WARNING! Aborting CBS - could not obtain an initial solution for the following agents: Agent3(32->31)
 00:01:10 | WARNING! Aborting CBS - could not obtain an initial solution for the following agents: Agent3(32->31)
 00:01:10 | WARNING! Aborting CBS - could not obtain an initial solution for the following agents: Agent3(32->31)
 00:01:11 | WARNING! Aborting CBS - could not obtain an initial solution for the following agents: Agent16(12->11)
 00:01:11 | WARNING! Aborting CBS - could not obtain an initial solution for the following agents: Agent7(53->52)
 00:01:11 | WARNING! Aborting CBS - could not obtain an initial solution for the following agents: Agent7(53->52)
 00:01:11 | WARNING! Aborting CBS - could not obtain an initial solution for the following agents: Agent7(53->52)
 00:01:11 | WARNING! Aborting CBS - could not obtain an initial solution for the following agents: Agent7(53->52)
 00:01:11 | Pausing bundle generation due to inventory+reserved+backlog level (currently at: 0.8500152951077735)
 00:01:15 | 00:05:30 | 0.01:28:45 |  18.49%  |  1040   |   1456   | 82%  |  56331   |   0    | 208.83MB  
 00:01:17 | WARNING! Aborting CBS - could not obtain an initial solution for the following agents: Agent19(22->21)
 00:01:18 | WARNING! Aborting CBS - could not obtain an initial solution for the following agents: Agent18(32->31)
 00:01:19 | WARNING! Aborting CBS - could not obtain an initial solution for the following agents: Agent5(14->12)
 00:01:19 | WARNING! Aborting CBS - could not obtain an initial solution for the following agents: Agent5(14->12)
 00:01:19 | WARNING! Aborting CBS - could not obtain an initial solution for the following agents: Agent5(14->12)
 00:01:19 | WARNING! Aborting CBS - could not obtain an initial solution for the following agents: Agent5(14->12)
 00:01:19 | WARNING! Aborting CBS - could not obtain an initial solution for the following agents: Agent5(14->12)
 00:01:19 | WARNING! Aborting CBS - could not obtain an initial solution for the following agents: Agent5(14->13)
 00:01:20 | 00:05:21 | 0.01:35:41 |  19.94%  |  1110   |   1547   | 83%  |  61140   |   0    | 213.23MB  
 00:01:20 | WARNING! Aborting CBS - could not obtain an initial solution for the following agents: Agent17(73->63)
 00:01:22 | WARNING! Aborting CBS - could not obtain an initial solution for the following agents: Agent11(52->43)
 00:01:22 | WARNING! Aborting CBS - could not obtain an initial solution for the following agents: Agent11(52->42)
 00:01:22 | WARNING! Aborting CBS - could not obtain an initial solution for the following agents: Agent11(52->43)
 00:01:22 | WARNING! Aborting CBS - could not obtain an initial solution for the following agents: Agent11(52->43)
 00:01:22 | WARNING! Aborting CBS - could not obtain an initial solution for the following agents: Agent11(52->43)
 00:01:22 | WARNING! Aborting CBS - could not obtain an initial solution for the following agents: Agent11(52->43)
 00:01:22 | WARNING! Aborting CBS - could not obtain an initial solution for the following agents: Agent11(52->48)
 00:01:25 | 00:05:03 | 0.01:44:55 |  21.86%  |  1209   |   1672   | 84%  |  67566   |   0    | 216.54MB  
 00:01:25 | WARNING! Aborting CBS - could not obtain an initial solution for the following agents: Agent16(14->13)
 00:01:25 | WARNING! Aborting CBS - could not obtain an initial solution for the following agents: Agent16(14->13)
 00:01:25 | WARNING! Aborting CBS - could not obtain an initial solution for the following agents: Agent16(14->13)
 00:01:25 | WARNING! Aborting CBS - could not obtain an initial solution for the following agents: Agent16(14->13)
 00:01:25 | WARNING! Aborting CBS - could not obtain an initial solution for the following agents: Agent16(14->13)
 00:01:25 | WARNING! Aborting CBS - could not obtain an initial solution for the following agents: Agent16(14->13)
 00:01:29 | 00:05:07 | 0.01:48:46 |  22.66%  |  1248   |   1711   | 84%  |  70368   |   0    | 174.53MB  
 00:01:32 | WARNING! Aborting CBS - could not obtain an initial solution for the following agents: Agent3(33->32)
 00:01:32 | WARNING! Aborting CBS - could not obtain an initial solution for the following agents: Agent3(33->32)
 00:01:34 | WARNING! Aborting CBS - could not obtain an initial solution for the following agents: Agent14(52->41)
 00:01:34 | WARNING! Aborting CBS - could not obtain an initial solution for the following agents: Agent14(52->41)
 00:01:34 | WARNING! Aborting CBS - could not obtain an initial solution for the following agents: Agent14(52->41)
 00:01:34 | WARNING! Aborting CBS - could not obtain an initial solution for the following agents: Agent14(52->41)
 00:01:34 | WARNING! Aborting CBS - could not obtain an initial solution for the following agents: Agent14(52->41)
 00:01:35 | 00:05:04 | 0.01:54:06 |  23.77%  |  1305   |   1726   | 84%  |  73862   |   0    | 187.54MB  
 00:01:38 | WARNING! Aborting CBS - could not obtain an initial solution for the following agents: Agent5(14->13)
 00:01:38 | WARNING! Aborting CBS - could not obtain an initial solution for the following agents: Agent5(14->13)
 00:01:38 | WARNING! Aborting CBS - could not obtain an initial solution for the following agents: Agent5(14->13)
 00:01:38 | WARNING! Aborting CBS - could not obtain an initial solution for the following agents: Agent5(14->13)
 00:01:38 | WARNING! Aborting CBS - could not obtain an initial solution for the following agents: Agent5(14->13)
 00:01:38 | WARNING! Aborting CBS - could not obtain an initial solution for the following agents: Agent5(14->13)
 00:01:38 | WARNING! Aborting CBS - could not obtain an initial solution for the following agents: Agent5(14->13)
 00:01:38 | WARNING! Aborting CBS - could not obtain an initial solution for the following agents: Agent5(14->13)
 00:01:38 | WARNING! Aborting CBS - could not obtain an initial solution for the following agents: Agent13(53->52)
 00:01:38 | WARNING! Aborting CBS - could not obtain an initial solution for the following agents: Agent13(53->52)
 00:01:38 | WARNING! Aborting CBS - could not obtain an initial solution for the following agents: Agent13(53->52)
 00:01:38 | WARNING! Aborting CBS - could not obtain an initial solution for the following agents: Agent13(53->52)
 00:01:38 | WARNING! Aborting CBS - could not obtain an initial solution for the following agents: Agent7(52->51)
 00:01:38 | WARNING! Aborting CBS - could not obtain an initial solution for the following agents: Agent7(52->51)
 00:01:39 | WARNING! Aborting CBS - could not obtain an initial solution for the following agents: Agent8(12->11)
 00:01:40 | 00:04:55 | 0.02:01:28 |  25.31%  |  1405   |   1726   | 84%  |  77859   |   0    | 199.09MB  
 00:01:44 | WARNING! Aborting CBS - could not obtain an initial solution for the following agents: Agent15(72->71)
 00:01:44 | WARNING! Aborting CBS - could not obtain an initial solution for the following agents: Agent15(72->71)
 00:01:44 | WARNING! Aborting CBS - could not obtain an initial solution for the following agents: Agent15(72->71)
 00:01:44 | WARNING! Aborting CBS - could not obtain an initial solution for the following agents: Agent2(12->11)
 00:01:44 | WARNING! Aborting CBS - could not obtain an initial solution for the following agents: Agent2(12->11)
 00:01:45 | 00:05:01 | 0.02:03:57 |  25.83%  |  1432   |   1726   | 84%  |  79349   |   0    | 206.77MB  
 00:01:50 | 00:04:54 | 0.02:10:29 |  27.18%  |  1512   |   1726   | 84%  |  82907   |   0    | 242.96MB  
 00:01:50 | WARNING! Aborting CBS - could not obtain an initial solution for the following agents: Agent18(32->31)
 00:01:50 | WARNING! Aborting CBS - could not obtain an initial solution for the following agents: Agent18(32->31)
 00:01:50 | WARNING! Aborting CBS - could not obtain an initial solution for the following agents: Agent18(32->31)
 00:01:50 | WARNING! Aborting CBS - could not obtain an initial solution for the following agents: Agent0(32->31)
 00:01:50 | WARNING! Aborting CBS - could not obtain an initial solution for the following agents: Agent0(32->31)
 00:01:50 | WARNING! Aborting CBS - could not obtain an initial solution for the following agents: Agent0(32->31)
 00:01:50 | WARNING! Aborting CBS - could not obtain an initial solution for the following agents: Agent12(1->0)
 00:01:50 | WARNING! Aborting CBS - could not obtain an initial solution for the following agents: Agent12(1->0)
 00:01:50 | WARNING! Aborting CBS - could not obtain an initial solution for the following agents: Agent20(54->53)
 00:01:50 | WARNING! Aborting CBS - could not obtain an initial solution for the following agents: Agent20(54->53)
 00:01:50 | WARNING! Aborting CBS - could not obtain an initial solution for the following agents: Agent20(54->52)
 00:01:50 | WARNING! Aborting CBS - could not obtain an initial solution for the following agents: Agent20(54->52)
 00:01:50 | WARNING! Aborting CBS - could not obtain an initial solution for the following agents: Agent20(54->53)
 00:01:50 | WARNING! Aborting CBS - could not obtain an initial solution for the following agents: Agent20(54->53)
 00:01:50 | WARNING! Aborting CBS - could not obtain an initial solution for the following agents: Agent20(54->53)
 00:01:55 | 00:04:57 | 0.02:13:50 |  27.88%  |  1549   |   1726   | 84%  |  84761   |   0    | 238.42MB  
 00:01:58 | WARNING! Aborting CBS - could not obtain an initial solution for the following agents: Agent24(51->50)
 00:01:58 | WARNING! Aborting CBS - could not obtain an initial solution for the following agents: Agent24(51->50)
 00:01:58 | WARNING! Aborting CBS - could not obtain an initial solution for the following agents: Agent4(72->71)
 00:01:58 | WARNING! Aborting CBS - could not obtain an initial solution for the following agents: Agent4(72->71)
 00:01:59 | WARNING! Aborting CBS - could not obtain an initial solution for the following agents: Agent15(73->72)
 00:01:59 | WARNING! Aborting CBS - could not obtain an initial solution for the following agents: Agent15(73->72)
 00:01:59 | WARNING! Aborting CBS - could not obtain an initial solution for the following agents: Agent15(73->72)
 00:01:59 | WARNING! Aborting CBS - could not obtain an initial solution for the following agents: Agent17(72->71)
 00:01:59 | WARNING! Aborting CBS - could not obtain an initial solution for the following agents: Agent17(72->71)
 00:01:59 | WARNING! Aborting CBS - could not obtain an initial solution for the following agents: Agent14(52->51)
 00:01:59 | WARNING! Aborting CBS - could not obtain an initial solution for the following agents: Agent14(52->51)
 00:01:59 | WARNING! Aborting CBS - could not obtain an initial solution for the following agents: Agent22(72->71)
 00:02:00 | 00:04:46 | 0.02:21:40 |  29.52%  |  1647   |   1726   | 84%  |  88767   |   0    | 246.86MB  
 00:02:01 | WARNING! Aborting CBS - could not obtain an initial solution for the following agents: Agent10(12->11)
 00:02:01 | WARNING! Aborting CBS - could not obtain an initial solution for the following agents: Agent10(12->11)
 00:02:01 | WARNING! Aborting CBS - could not obtain an initial solution for the following agents: Agent9(32->31)
 00:02:01 | WARNING! Aborting CBS - could not obtain an initial solution for the following agents: Agent9(32->31)
 00:02:01 | WARNING! Aborting CBS - could not obtain an initial solution for the following agents: Agent9(32->31)
 00:02:01 | WARNING! Aborting CBS - could not obtain an initial solution for the following agents: Agent19(32->31)
 00:02:01 | WARNING! Aborting CBS - could not obtain an initial solution for the following agents: Agent19(32->31)
 00:02:01 | WARNING! Aborting CBS - could not obtain an initial solution for the following agents: Agent19(32->31)
 00:02:01 | WARNING! Aborting CBS - could not obtain an initial solution for the following agents: Agent19(32->31)
 00:02:03 | WARNING! Aborting CBS - could not obtain an initial solution for the following agents: Agent13(53->52)
 00:02:05 | 00:04:39 | 0.02:28:16 |  30.89%  |  1718   |   1726   | 84%  |  92812   |   0    | 263.49MB  
 00:02:10 | 00:04:41 | 0.02:31:40 |  31.60%  |  1758   |   1726   | 84%  |  94825   |   0    | 192.51MB  
 00:02:14 | WARNING! Aborting CBS - could not obtain an initial solution for the following agents: Agent9(21->20)
 00:02:14 | WARNING! Aborting CBS - could not obtain an initial solution for the following agents: Agent9(21->20)
 00:02:14 | WARNING! Aborting CBS - could not obtain an initial solution for the following agents: Agent8(4->3)
 00:02:14 | WARNING! Aborting CBS - could not obtain an initial solution for the following agents: Agent8(4->3)
 00:02:14 | WARNING! Aborting CBS - could not obtain an initial solution for the following agents: Agent8(4->3)
 00:02:15 | 00:04:46 | 0.02:33:54 |  32.06%  |  1785   |   1726   | 83%  |  96129   |   0    | 212.57MB  
 00:02:15 | WARNING! Aborting CBS - could not obtain an initial solution for the following agents: Agent10(4->3)
 00:02:15 | WARNING! Aborting CBS - could not obtain an initial solution for the following agents: Agent10(4->3)
 00:02:15 | WARNING! Aborting CBS - could not obtain an initial solution for the following agents: Agent10(4->3)
 00:02:15 | WARNING! Aborting CBS - could not obtain an initial solution for the following agents: Agent7(52->51)
 00:02:15 | WARNING! Aborting CBS - could not obtain an initial solution for the following agents: Agent7(52->51)
 00:02:17 | WARNING! Aborting CBS - could not obtain an initial solution for the following agents: Agent22(72->71)
 00:02:18 | WARNING! Aborting CBS - could not obtain an initial solution for the following agents: Agent8(13->12)
 00:02:18 | WARNING! Aborting CBS - could not obtain an initial solution for the following agents: Agent8(13->12)
 00:02:18 | WARNING! Aborting CBS - could not obtain an initial solution for the following agents: Agent8(13->12)
 00:02:18 | WARNING! Aborting CBS - could not obtain an initial solution for the following agents: Agent8(13->3)
 00:02:19 | WARNING! Aborting CBS - could not obtain an initial solution for the following agents: Agent13(52->43)
 00:02:19 | WARNING! Aborting CBS - could not obtain an initial solution for the following agents: Agent13(52->43)
 00:02:19 | WARNING! Aborting CBS - could not obtain an initial solution for the following agents: Agent13(52->43)
 00:02:19 | WARNING! Aborting CBS - could not obtain an initial solution for the following agents: Agent13(52->42)
 00:02:19 | WARNING! Aborting CBS - could not obtain an initial solution for the following agents: Agent13(52->42)
 00:02:19 | WARNING! Aborting CBS - could not obtain an initial solution for the following agents: Agent13(52->43)
 00:02:19 | WARNING! Aborting CBS - could not obtain an initial solution for the following agents: Agent13(52->43)
 00:02:19 | WARNING! Aborting CBS - could not obtain an initial solution for the following agents: Agent13(52->43)
 00:02:19 | WARNING! Aborting CBS - could not obtain an initial solution for the following agents: Agent13(52->48)
 00:02:20 | 00:04:33 | 0.02:42:31 |  33.86%  |  1892   |   1726   | 83%  |  100988  |   0    | 215.47MB  
 00:02:25 | 00:04:37 | 0.02:44:42 |  34.31%  |  1917   |   1726   | 83%  |  102453  |   0    | 251.91MB  
 00:02:27 | WARNING! Aborting CBS - could not obtain an initial solution for the following agents: Agent17(72->71)
 00:02:27 | WARNING! Aborting CBS - could not obtain an initial solution for the following agents: Agent17(72->71)
 00:02:27 | WARNING! Aborting CBS - could not obtain an initial solution for the following agents: Agent17(72->71)
 00:02:27 | WARNING! Aborting CBS - could not obtain an initial solution for the following agents: Agent5(12->11)
 00:02:27 | WARNING! Aborting CBS - could not obtain an initial solution for the following agents: Agent5(12->11)
 00:02:27 | WARNING! Aborting CBS - could not obtain an initial solution for the following agents: Agent5(12->11)
 00:02:27 | WARNING! Aborting CBS - could not obtain an initial solution for the following agents: Agent5(12->11)
 00:02:28 | WARNING! Aborting CBS - could not obtain an initial solution for the following agents: Agent12(12->11)
 00:02:28 | WARNING! Aborting CBS - could not obtain an initial solution for the following agents: Agent12(12->11)
 00:02:28 | WARNING! Aborting CBS - could not obtain an initial solution for the following agents: Agent12(12->11)
 00:02:28 | WARNING! Aborting CBS - could not obtain an initial solution for the following agents: Agent12(12->11)
 00:02:30 | 00:04:36 | 0.02:48:52 |  35.18%  |  1967   |   1726   | 83%  |  104909  |   0    | 245.07MB  
 00:02:33 | WARNING! Aborting CBS - could not obtain an initial solution for the following agents: Agent18(34->33)
 00:02:33 | WARNING! Aborting CBS - could not obtain an initial solution for the following agents: Agent18(34->33)
 00:02:33 | WARNING! Aborting CBS - could not obtain an initial solution for the following agents: Agent18(34->33)
 00:02:33 | WARNING! Aborting CBS - could not obtain an initial solution for the following agents: Agent18(34->33)
 00:02:33 | WARNING! Aborting CBS - could not obtain an initial solution for the following agents: Agent18(34->33)
 00:02:33 | WARNING! Aborting CBS - could not obtain an initial solution for the following agents: Agent18(34->33)
 00:02:33 | WARNING! Aborting CBS - could not obtain an initial solution for the following agents: Agent18(34->33)
 00:02:33 | WARNING! Aborting CBS - could not obtain an initial solution for the following agents: Agent18(34->33)
 00:02:33 | WARNING! Aborting CBS - could not obtain an initial solution for the following agents: Agent13(52->51)
 00:02:34 | WARNING! Aborting CBS - could not obtain an initial solution for the following agents: Agent10(13->2)
 00:02:34 | WARNING! Aborting CBS - could not obtain an initial solution for the following agents: Agent10(13->2)
 00:02:34 | WARNING! Aborting CBS - could not obtain an initial solution for the following agents: Agent10(13->3),Agent12(3->2)
 00:02:34 | WARNING! Aborting CBS - could not obtain an initial solution for the following agents: Agent10(13->3),Agent12(3->2)
 00:02:34 | WARNING! Aborting CBS - could not obtain an initial solution for the following agents: Agent24(54->53)
 00:02:34 | WARNING! Aborting CBS - could not obtain an initial solution for the following agents: Agent24(54->53)
 00:02:34 | WARNING! Aborting CBS - could not obtain an initial solution for the following agents: Agent24(54->53)
 00:02:34 | WARNING! Aborting CBS - could not obtain an initial solution for the following agents: Agent24(54->53)
 00:02:34 | WARNING! Aborting CBS - could not obtain an initial solution for the following agents: Agent24(54->53)
 00:02:34 | WARNING! Aborting CBS - could not obtain an initial solution for the following agents: Agent24(54->53)
 00:02:34 | WARNING! Aborting CBS - could not obtain an initial solution for the following agents: Agent24(54->53)
 00:02:34 | WARNING! Aborting CBS - could not obtain an initial solution for the following agents: Agent24(54->53)
 00:02:34 | WARNING! Aborting CBS - could not obtain an initial solution for the following agents: Agent24(54->53)
 00:02:34 | WARNING! Aborting CBS - could not obtain an initial solution for the following agents: Agent25(73->72)
 00:02:34 | WARNING! Aborting CBS - could not obtain an initial solution for the following agents: Agent25(73->72)
 00:02:35 | 00:04:32 | 0.02:54:01 |  36.26%  |  2034   |   1726   | 83%  |  107655  |   0    | 177.90MB  
 00:02:39 | WARNING! Aborting CBS - could not obtain an initial solution for the following agents: Agent7(52->51)
 00:02:39 | WARNING! Aborting CBS - could not obtain an initial solution for the following agents: Agent7(52->51)
 00:02:39 | WARNING! Aborting CBS - could not obtain an initial solution for the following agents: Agent7(52->51)
 00:02:40 | 00:04:23 | 0.03:01:09 |  37.74%  |  2122   |   1726   | 83%  |  111761  |   0    | 185.36MB  
 00:02:41 | WARNING! Aborting CBS - could not obtain an initial solution for the following agents: Agent14(52->51)
 00:02:41 | WARNING! Aborting CBS - could not obtain an initial solution for the following agents: Agent14(52->51)
 00:02:41 | WARNING! Aborting CBS - could not obtain an initial solution for the following agents: Agent14(52->51)
 00:02:43 | WARNING! Aborting CBS - could not obtain an initial solution for the following agents: Agent5(13->12)
 00:02:43 | WARNING! Aborting CBS - could not obtain an initial solution for the following agents: Agent5(13->12)
 00:02:43 | WARNING! Aborting CBS - could not obtain an initial solution for the following agents: Agent5(13->12)
 00:02:43 | WARNING! Aborting CBS - could not obtain an initial solution for the following agents: Agent5(13->12)
 00:02:43 | WARNING! Aborting CBS - could not obtain an initial solution for the following agents: Agent8(12->11)
 00:02:43 | WARNING! Aborting CBS - could not obtain an initial solution for the following agents: Agent8(12->11)
 00:02:43 | WARNING! Aborting CBS - could not obtain an initial solution for the following agents: Agent8(12->11)
 00:02:45 | WARNING! Aborting CBS - could not obtain an initial solution for the following agents: Agent19(32->31)
 00:02:45 | 00:04:18 | 0.03:07:09 |  38.99%  |  2202   |   1726   | 83%  |  115089  |   0    | 190.60MB  
 00:02:45 | WARNING! Aborting CBS - could not obtain an initial solution for the following agents: Agent17(72->71)
 00:02:45 | WARNING! Aborting CBS - could not obtain an initial solution for the following agents: Agent17(72->71)
 00:02:45 | WARNING! Aborting CBS - could not obtain an initial solution for the following agents: Agent17(72->71)
 00:02:45 | WARNING! Aborting CBS - could not obtain an initial solution for the following agents: Agent17(72->71)
 00:02:45 | WARNING! Aborting CBS - could not obtain an initial solution for the following agents: Agent3(32->31)
 00:02:45 | WARNING! Aborting CBS - could not obtain an initial solution for the following agents: Agent3(32->31)
 00:02:45 | WARNING! Aborting CBS - could not obtain an initial solution for the following agents: Agent3(32->31)
 00:02:46 | WARNING! Aborting CBS - could not obtain an initial solution for the following agents: Agent18(32->31)
 00:02:46 | WARNING! Aborting CBS - could not obtain an initial solution for the following agents: Agent18(32->31)
 00:02:48 | WARNING! Aborting CBS - could not obtain an initial solution for the following agents: Agent3(32->31)
 00:02:50 | 00:04:10 | 0.03:13:52 |  40.39%  |  2284   |   1726   | 82%  |  118722  |   0    | 197.84MB  
 00:02:55 | 00:04:16 | 0.03:14:41 |  40.56%  |  2289   |   1726   | 82%  |  119285  |   0    | 215.10MB  
 00:02:55 | WARNING! Aborting CBS - could not obtain an initial solution for the following agents: Agent0(32->31)
 00:02:55 | WARNING! Aborting CBS - could not obtain an initial solution for the following agents: Agent0(32->31)
 00:02:56 | WARNING! Aborting CBS - could not obtain an initial solution for the following agents: Agent8(14->13)
 00:02:56 | WARNING! Aborting CBS - could not obtain an initial solution for the following agents: Agent8(14->13)
 00:02:56 | WARNING! Aborting CBS - could not obtain an initial solution for the following agents: Agent8(14->13)
 00:02:56 | WARNING! Aborting CBS - could not obtain an initial solution for the following agents: Agent8(14->13)
 00:02:56 | WARNING! Aborting CBS - could not obtain an initial solution for the following agents: Agent8(14->13)
 00:02:56 | WARNING! Aborting CBS - could not obtain an initial solution for the following agents: Agent8(14->13)
 00:02:57 | WARNING! Aborting CBS - could not obtain an initial solution for the following agents: Agent9(32->31)
 00:02:57 | WARNING! Aborting CBS - could not obtain an initial solution for the following agents: Agent9(32->31)
 00:03:00 | 00:04:18 | 0.03:17:04 |  41.06%  |  2315   |   1726   | 82%  |  120820  |   0    | 227.18MB  
 00:03:03 | WARNING! Aborting CBS - could not obtain an initial solution for the following agents: Agent7(53->52)
 00:03:03 | WARNING! Aborting CBS - could not obtain an initial solution for the following agents: Agent7(53->52)
 00:03:03 | WARNING! Aborting CBS - could not obtain an initial solution for the following agents: Agent7(53->52)
 00:03:03 | WARNING! Aborting CBS - could not obtain an initial solution for the following agents: Agent20(52->51)
 00:03:03 | WARNING! Aborting CBS - could not obtain an initial solution for the following agents: Agent20(52->51)
 00:03:03 | WARNING! Aborting CBS - could not obtain an initial solution for the following agents: Agent5(14->13)
 00:03:03 | WARNING! Aborting CBS - could not obtain an initial solution for the following agents: Agent5(14->13)
 00:03:04 | WARNING! Aborting CBS - could not obtain an initial solution for the following agents: Agent10(11->10)
 00:03:04 | WARNING! Aborting CBS - could not obtain an initial solution for the following agents: Agent10(11->10)
 00:03:04 | WARNING! Aborting CBS - could not obtain an initial solution for the following agents: Agent4(72->71)
 00:03:04 | WARNING! Aborting CBS - could not obtain an initial solution for the following agents: Agent4(72->71)
 00:03:04 | WARNING! Aborting CBS - could not obtain an initial solution for the following agents: Agent4(72->71)
 00:03:04 | WARNING! Aborting CBS - could not obtain an initial solution for the following agents: Agent7(44->43)
 00:03:04 | WARNING! Aborting CBS - could not obtain an initial solution for the following agents: Agent7(44->43)
 00:03:04 | WARNING! Aborting CBS - could not obtain an initial solution for the following agents: Agent7(44->43)
 00:03:05 | 00:04:15 | 0.03:21:28 |  41.98%  |  2369   |   1726   | 82%  |  123271  |   0    | 231.37MB  
 00:03:08 | WARNING! Aborting CBS - could not obtain an initial solution for the following agents: Agent17(72->61)
 00:03:08 | WARNING! Aborting CBS - could not obtain an initial solution for the following agents: Agent17(72->61)
 00:03:08 | WARNING! Aborting CBS - could not obtain an initial solution for the following agents: Agent17(72->62)
 00:03:08 | WARNING! Aborting CBS - could not obtain an initial solution for the following agents: Agent17(72->62)
 00:03:08 | WARNING! Aborting CBS - could not obtain an initial solution for the following agents: Agent17(72->63)
 00:03:08 | WARNING! Aborting CBS - could not obtain an initial solution for the following agents: Agent17(72->63)
 00:03:08 | WARNING! Aborting CBS - could not obtain an initial solution for the following agents: Agent17(72->64)
 00:03:09 | 00:04:10 | 0.03:27:03 |  43.14%  |  2430   |   1726   | 82%  |  126639  |   0    | 236.37MB  
 00:03:12 | WARNING! Aborting CBS - could not obtain an initial solution for the following agents: Agent1(31->30)
 00:03:12 | WARNING! Aborting CBS - could not obtain an initial solution for the following agents: Agent1(31->30)
 00:03:15 | 00:04:11 | 0.03:29:24 |  43.63%  |  2456   |   1726   | 82%  |  128015  |   0    | 242.60MB  
 00:03:16 | WARNING! Aborting CBS - could not obtain an initial solution for the following agents: Agent15(64->63)
 00:03:16 | WARNING! Aborting CBS - could not obtain an initial solution for the following agents: Agent4(72->62)
 00:03:16 | WARNING! Aborting CBS - could not obtain an initial solution for the following agents: Agent4(72->62)
 00:03:16 | WARNING! Aborting CBS - could not obtain an initial solution for the following agents: Agent4(72->63)
 00:03:16 | WARNING! Aborting CBS - could not obtain an initial solution for the following agents: Agent4(72->64)
 00:03:16 | WARNING! Aborting CBS - could not obtain an initial solution for the following agents: Agent4(72->68)
 00:03:19 | 00:04:10 | 0.03:32:55 |  44.36%  |  2498   |   1726   | 82%  |  130110  |   0    | 262.77MB  
 00:03:25 | 00:04:16 | 0.03:33:01 |  44.38%  |  2499   |   1726   | 82%  |  130192  |   0    | 183.14MB  
 00:03:30 | 00:04:23 | 0.03:33:06 |  44.40%  |  2499   |   1726   | 82%  |  130253  |   0    | 200.95MB  
 00:03:31 | WARNING! Aborting CBS - could not obtain an initial solution for the following agents: Agent5(13->12)
 00:03:31 | WARNING! Aborting CBS - could not obtain an initial solution for the following agents: Agent5(13->12)
 00:03:31 | WARNING! Aborting CBS - could not obtain an initial solution for the following agents: Agent10(12->11)
 00:03:32 | WARNING! Aborting CBS - could not obtain an initial solution for the following agents: Agent10(12->11)
 00:03:32 | WARNING! Aborting CBS - could not obtain an initial solution for the following agents: Agent23(12->11)
 00:03:32 | WARNING! Aborting CBS - could not obtain an initial solution for the following agents: Agent23(12->11)
 00:03:32 | WARNING! Aborting CBS - could not obtain an initial solution for the following agents: Agent23(12->11)
 00:03:34 | WARNING! Aborting CBS - could not obtain an initial solution for the following agents: Agent9(33->23)
 00:03:34 | WARNING! Aborting CBS - could not obtain an initial solution for the following agents: Agent9(33->23)
 00:03:34 | WARNING! Aborting CBS - could not obtain an initial solution for the following agents: Agent9(33->23)
 00:03:34 | WARNING! Aborting CBS - could not obtain an initial solution for the following agents: Agent9(33->23)
 00:03:35 | 00:04:19 | 0.03:37:33 |  45.32%  |  2543   |   1726   | 82%  |  132737  |   0    | 205.25MB  
 00:03:40 | 00:04:14 | 0.03:42:38 |  46.38%  |  2604   |   1726   | 82%  |  135914  |   0    | 258.48MB  
 00:03:40 | WARNING! Aborting CBS - could not obtain an initial solution for the following agents: Agent12(12->11)
 00:03:40 | WARNING! Aborting CBS - could not obtain an initial solution for the following agents: Agent12(12->11)
 00:03:40 | WARNING! Aborting CBS - could not obtain an initial solution for the following agents: Agent21(34->33)
 00:03:40 | WARNING! Aborting CBS - could not obtain an initial solution for the following agents: Agent21(34->33)
 00:03:44 | WARNING! Aborting CBS - could not obtain an initial solution for the following agents: Agent6(73->71)
 00:03:44 | WARNING! Aborting CBS - could not obtain an initial solution for the following agents: Agent22(72->71)
 00:03:44 | WARNING! Aborting CBS - could not obtain an initial solution for the following agents: Agent22(72->71)
 00:03:44 | 00:04:05 | 0.03:49:23 |  47.79%  |  2689   |   1726   | 82%  |  139535  |   0    | 235.97MB  
 00:03:45 | WARNING! Aborting CBS - could not obtain an initial solution for the following agents: Agent1(24->23)
 00:03:45 | WARNING! Aborting CBS - could not obtain an initial solution for the following agents: Agent1(24->23)
 00:03:45 | WARNING! Aborting CBS - could not obtain an initial solution for the following agents: Agent24(52->51)
 00:03:46 | WARNING! Aborting CBS - could not obtain an initial solution for the following agents: Agent21(21->20)
 00:03:48 | WARNING! Aborting CBS - could not obtain an initial solution for the following agents: Agent14(53->52)
 00:03:48 | WARNING! Aborting CBS - could not obtain an initial solution for the following agents: Agent14(53->52)
 00:03:48 | WARNING! Aborting CBS - could not obtain an initial solution for the following agents: Agent20(52->51)
 00:03:48 | WARNING! Aborting CBS - could not obtain an initial solution for the following agents: Agent20(52->51)
 00:03:49 | WARNING! Aborting CBS - could not obtain an initial solution for the following agents: Agent24(53->52)
 00:03:49 | WARNING! Aborting CBS - could not obtain an initial solution for the following agents: Agent24(53->52)
 00:03:49 | WARNING! Aborting CBS - could not obtain an initial solution for the following agents: Agent24(53->52)
 00:03:49 | WARNING! Aborting CBS - could not obtain an initial solution for the following agents: Agent14(51->50)
 00:03:50 | 00:04:02 | 0.03:53:37 |  48.67%  |  2740   |   1726   | 82%  |  142224  |   0    | 172.51MB  
 00:03:54 | WARNING! Aborting CBS - could not obtain an initial solution for the following agents: Agent0(34->33)
 00:03:54 | WARNING! Aborting CBS - could not obtain an initial solution for the following agents: Agent0(34->33)
 00:03:55 | 00:04:00 | 0.03:57:16 |  49.43%  |  2780   |   1726   | 81%  |  144609  |   0    | 185.55MB  
 00:03:56 | WARNING! Aborting CBS - could not obtain an initial solution for the following agents: Agent23(4->3)
 00:03:56 | WARNING! Aborting CBS - could not obtain an initial solution for the following agents: Agent23(4->3)
 00:03:56 | WARNING! Aborting CBS - could not obtain an initial solution for the following agents: Agent23(4->3)
 00:03:58 | WARNING! Aborting CBS - could not obtain an initial solution for the following agents: Agent22(72->71)
 00:03:58 | WARNING! Aborting CBS - could not obtain an initial solution for the following agents: Agent22(72->71)
 00:03:58 | WARNING! Aborting CBS - could not obtain an initial solution for the following agents: Agent22(72->71)
 00:03:58 | WARNING! Aborting CBS - could not obtain an initial solution for the following agents: Agent22(72->71)
 00:04:00 | 00:03:56 | 0.04:01:39 |  50.35%  |  2827   |   1726   | 81%  |  147159  |   0    | 202.61MB  
 00:04:00 | WARNING! Aborting CBS - could not obtain an initial solution for the following agents: Agent25(72->71)
 00:04:00 | WARNING! Aborting CBS - could not obtain an initial solution for the following agents: Agent25(72->71)
 00:04:00 | WARNING! Aborting CBS - could not obtain an initial solution for the following agents: Agent25(72->71)
 00:04:05 | 00:03:55 | 0.04:04:54 |  51.02%  |  2869   |   1726   | 81%  |  149058  |   0    | 199.26MB  
 00:04:06 | WARNING! Aborting CBS - could not obtain an initial solution for the following agents: Agent18(32->31)
 00:04:06 | WARNING! Aborting CBS - could not obtain an initial solution for the following agents: Agent11(52->42)
 00:04:06 | WARNING! Aborting CBS - could not obtain an initial solution for the following agents: Agent11(52->43)
 00:04:06 | WARNING! Aborting CBS - could not obtain an initial solution for the following agents: Agent11(52->43)
 00:04:07 | WARNING! Aborting CBS - could not obtain an initial solution for the following agents: Agent25(71->62)
 00:04:07 | WARNING! Aborting CBS - could not obtain an initial solution for the following agents: Agent25(71->63)
 00:04:07 | WARNING! Aborting CBS - could not obtain an initial solution for the following agents: Agent25(71->64)
 00:04:08 | WARNING! Aborting CBS - could not obtain an initial solution for the following agents: Agent19(34->33)
 00:04:08 | WARNING! Aborting CBS - could not obtain an initial solution for the following agents: Agent19(34->33)
 00:04:08 | WARNING! Aborting CBS - could not obtain an initial solution for the following agents: Agent19(34->33)
 00:04:08 | WARNING! Aborting CBS - could not obtain an initial solution for the following agents: Agent19(34->33)
 00:04:08 | WARNING! Aborting CBS - could not obtain an initial solution for the following agents: Agent19(34->33)
 00:04:08 | WARNING! Aborting CBS - could not obtain an initial solution for the following agents: Agent19(34->33)
 00:04:08 | WARNING! Aborting CBS - could not obtain an initial solution for the following agents: Agent19(34->33)
 00:04:08 | WARNING! Aborting CBS - could not obtain an initial solution for the following agents: Agent19(34->33)
 00:04:08 | WARNING! Aborting CBS - could not obtain an initial solution for the following agents: Agent18(34->33)
 00:04:08 | WARNING! Aborting CBS - could not obtain an initial solution for the following agents: Agent18(34->33)
 00:04:08 | WARNING! Aborting CBS - could not obtain an initial solution for the following agents: Agent18(34->33)
 00:04:08 | WARNING! Aborting CBS - could not obtain an initial solution for the following agents: Agent18(34->33)
 00:04:08 | WARNING! Aborting CBS - could not obtain an initial solution for the following agents: Agent18(34->33)
 00:04:08 | WARNING! Aborting CBS - could not obtain an initial solution for the following agents: Agent18(34->33)
 00:04:08 | WARNING! Aborting CBS - could not obtain an initial solution for the following agents: Agent18(34->33)
 00:04:08 | WARNING! Aborting CBS - could not obtain an initial solution for the following agents: Agent18(34->33)
 00:04:10 | 00:03:45 | 0.04:12:28 |  52.60%  |  2970   |   1726   | 81%  |  153284  |   0    | 202.64MB  
 00:04:10 | WARNING! Aborting CBS - could not obtain an initial solution for the following agents: Agent9(23->21)
 00:04:10 | WARNING! Aborting CBS - could not obtain an initial solution for the following agents: Agent9(23->21)
 00:04:10 | WARNING! Aborting CBS - could not obtain an initial solution for the following agents: Agent9(23->21)
 00:04:11 | WARNING! Aborting CBS - could not obtain an initial solution for the following agents: Agent24(52->51)
 00:04:12 | WARNING! Aborting CBS - could not obtain an initial solution for the following agents: Agent1(31->23)
 00:04:12 | WARNING! Aborting CBS - could not obtain an initial solution for the following agents: Agent10(13->3)
 00:04:12 | WARNING! Aborting CBS - could not obtain an initial solution for the following agents: Agent10(13->3)
 00:04:12 | WARNING! Aborting CBS - could not obtain an initial solution for the following agents: Agent10(13->3)
 00:04:14 | WARNING! Aborting CBS - could not obtain an initial solution for the following agents: Agent23(14->13)
 00:04:14 | WARNING! Aborting CBS - could not obtain an initial solution for the following agents: Agent23(14->13)
 00:04:14 | WARNING! Aborting CBS - could not obtain an initial solution for the following agents: Agent23(14->13)
 00:04:14 | WARNING! Aborting CBS - could not obtain an initial solution for the following agents: Agent23(14->13)
 00:04:14 | WARNING! Aborting CBS - could not obtain an initial solution for the following agents: Agent23(14->13)
 00:04:15 | 00:03:31 | 0.04:22:29 |  54.69%  |  3077   |   1726   | 81%  |  159085  |   0    | 207.86MB  
 00:04:16 | WARNING! Aborting CBS - could not obtain an initial solution for the following agents: Agent14(52->51)
 00:04:17 | WARNING! Aborting CBS - could not obtain an initial solution for the following agents: Agent17(63->62)
 00:04:17 | WARNING! Aborting CBS - could not obtain an initial solution for the following agents: Agent17(63->62)
 00:04:17 | WARNING! Aborting CBS - could not obtain an initial solution for the following agents: Agent23(12->11)
 00:04:17 | WARNING! Aborting CBS - could not obtain an initial solution for the following agents: Agent23(12->11)
 00:04:17 | WARNING! Aborting CBS - could not obtain an initial solution for the following agents: Agent23(12->11)
 00:04:17 | WARNING! Aborting CBS - could not obtain an initial solution for the following agents: Agent23(12->11)
 00:04:20 | 00:03:22 | 0.04:30:00 |  56.25%  |  3180   |   1726   | 81%  |  162846  |   0    | 214.87MB  
 00:04:24 | 00:03:25 | 0.04:30:30 |  56.35%  |  3184   |   1726   | 81%  |  163098  |   0    | 221.77MB  
 00:04:29 | 00:03:28 | 0.04:30:49 |  56.42%  |  3187   |   1726   | 81%  |  163281  |   0    | 244.95MB  
 00:04:31 | WARNING! Aborting CBS - could not obtain an initial solution for the following agents: Agent23(14->12)
 00:04:31 | WARNING! Aborting CBS - could not obtain an initial solution for the following agents: Agent23(14->1)
 00:04:31 | WARNING! Aborting CBS - could not obtain an initial solution for the following agents: Agent22(912->1317)
 00:04:34 | 00:03:25 | 0.04:34:52 |  57.27%  |  3238   |   1726   | 81%  |  165605  |   0    | 234.47MB  
 00:04:36 | WARNING! Aborting CBS - could not obtain an initial solution for the following agents: Agent11(44->41)
 00:04:36 | WARNING! Aborting CBS - could not obtain an initial solution for the following agents: Agent11(44->41)
 00:04:36 | WARNING! Aborting CBS - could not obtain an initial solution for the following agents: Agent11(44->41)
 00:04:36 | WARNING! Aborting CBS - could not obtain an initial solution for the following agents: Agent11(44->43)
 00:04:36 | WARNING! Aborting CBS - could not obtain an initial solution for the following agents: Agent1(33->32)
 00:04:36 | WARNING! Aborting CBS - could not obtain an initial solution for the following agents: Agent1(33->32)
 00:04:36 | WARNING! Aborting CBS - could not obtain an initial solution for the following agents: Agent1(33->32)
 00:04:36 | WARNING! Aborting CBS - could not obtain an initial solution for the following agents: Agent2(13->3)
 00:04:36 | WARNING! Aborting CBS - could not obtain an initial solution for the following agents: Agent2(13->3)
 00:04:36 | WARNING! Aborting CBS - could not obtain an initial solution for the following agents: Agent2(13->3)
 00:04:39 | WARNING! Aborting CBS - could not obtain an initial solution for the following agents: Agent16(13->12)
 00:04:39 | WARNING! Aborting CBS - could not obtain an initial solution for the following agents: Agent16(13->12)
 00:04:39 | WARNING! Aborting CBS - could not obtain an initial solution for the following agents: Agent16(13->12)
 00:04:39 | WARNING! Aborting CBS - could not obtain an initial solution for the following agents: Agent16(13->3)
 00:04:39 | WARNING! Aborting CBS - could not obtain an initial solution for the following agents: Agent16(13->3)
 00:04:39 | WARNING! Aborting CBS - could not obtain an initial solution for the following agents: Agent16(13->3)
 00:04:39 | WARNING! Aborting CBS - could not obtain an initial solution for the following agents: Agent16(13->3)
 00:04:39 | WARNING! Aborting CBS - could not obtain an initial solution for the following agents: Agent5(13->12)
 00:04:39 | 00:03:17 | 0.04:41:20 |  58.61%  |  3318   |   1726   | 80%  |  169681  |   0    | 240.44MB  
 00:04:40 | WARNING! Aborting CBS - could not obtain an initial solution for the following agents: Agent4(73->63)
 00:04:41 | WARNING! Aborting CBS - could not obtain an initial solution for the following agents: Agent11(52->51)
 00:04:41 | WARNING! Aborting CBS - could not obtain an initial solution for the following agents: Agent11(52->51)
 00:04:41 | WARNING! Aborting CBS - could not obtain an initial solution for the following agents: Agent11(52->51)
 00:04:41 | WARNING! Aborting CBS - could not obtain an initial solution for the following agents: Agent5(13->12)
 00:04:41 | WARNING! Aborting CBS - could not obtain an initial solution for the following agents: Agent5(13->12)
 00:04:41 | WARNING! Aborting CBS - could not obtain an initial solution for the following agents: Agent5(13->12)
 00:04:42 | WARNING! Aborting CBS - could not obtain an initial solution for the following agents: Agent1(24->23)
 00:04:42 | WARNING! Aborting CBS - could not obtain an initial solution for the following agents: Agent1(24->23)
 00:04:42 | WARNING! Aborting CBS - could not obtain an initial solution for the following agents: Agent1(24->23)
 00:04:42 | WARNING! Aborting CBS - could not obtain an initial solution for the following agents: Agent9(31->21)
 00:04:42 | WARNING! Aborting CBS - could not obtain an initial solution for the following agents: Agent9(31->21)
 00:04:42 | WARNING! Aborting CBS - could not obtain an initial solution for the following agents: Agent9(31->21)
 00:04:42 | WARNING! Aborting CBS - could not obtain an initial solution for the following agents: Agent9(31->22)
 00:04:42 | WARNING! Aborting CBS - could not obtain an initial solution for the following agents: Agent9(31->22)
 00:04:42 | WARNING! Aborting CBS - could not obtain an initial solution for the following agents: Agent9(31->22)
 00:04:42 | WARNING! Aborting CBS - could not obtain an initial solution for the following agents: Agent9(31->23)
 00:04:42 | WARNING! Aborting CBS - could not obtain an initial solution for the following agents: Agent3(23->21)
 00:04:42 | WARNING! Aborting CBS - could not obtain an initial solution for the following agents: Agent3(23->22)
 00:04:45 | 00:03:09 | 0.04:48:30 |  60.11%  |  3397   |   1726   | 80%  |  174089  |   0    | 266.93MB  
 00:04:45 | WARNING! Aborting CBS - could not obtain an initial solution for the following agents: Agent9(32->31)
 00:04:45 | WARNING! Aborting CBS - could not obtain an initial solution for the following agents: Agent9(32->31)
 00:04:45 | WARNING! Aborting CBS - could not obtain an initial solution for the following agents: Agent9(32->31)
 00:04:46 | WARNING! Aborting CBS - could not obtain an initial solution for the following agents: Agent17(71->70)
 00:04:48 | WARNING! Aborting CBS - could not obtain an initial solution for the following agents: Agent2(13->12)
 00:04:48 | WARNING! Aborting CBS - could not obtain an initial solution for the following agents: Agent8(12->11)
 00:04:48 | WARNING! Aborting CBS - could not obtain an initial solution for the following agents: Agent8(12->11)
 00:04:48 | WARNING! Aborting CBS - could not obtain an initial solution for the following agents: Agent8(12->11)
 00:04:48 | WARNING! Aborting CBS - could not obtain an initial solution for the following agents: Agent8(12->11)
 00:04:49 | WARNING! Aborting CBS - could not obtain an initial solution for the following agents: Agent11(52->51)
 00:04:49 | WARNING! Aborting CBS - could not obtain an initial solution for the following agents: Agent11(52->51)
 00:04:49 | WARNING! Aborting CBS - could not obtain an initial solution for the following agents: Agent11(52->50)
 00:04:49 | WARNING! Aborting CBS - could not obtain an initial solution for the following agents: Agent11(52->51)
 00:04:50 | 00:03:03 | 0.04:53:59 |  61.25%  |  3464   |   1726   | 80%  |  177110  |   0    | 206.29MB  
 00:04:50 | WARNING! Aborting CBS - could not obtain an initial solution for the following agents: Agent0(32->31)
 00:04:50 | WARNING! Aborting CBS - could not obtain an initial solution for the following agents: Agent0(32->31)
 00:04:50 | WARNING! Aborting CBS - could not obtain an initial solution for the following agents: Agent0(32->31)
 00:04:50 | WARNING! Aborting CBS - could not obtain an initial solution for the following agents: Agent0(32->31)
 00:04:50 | WARNING! Aborting CBS - could not obtain an initial solution for the following agents: Agent0(32->31)
 00:04:55 | 00:03:04 | 0.04:55:03 |  61.47%  |  3474   |   1726   | 80%  |  177749  |   0    | 189.05MB  
 00:04:59 | 00:03:07 | 0.04:55:39 |  61.60%  |  3480   |   1726   | 80%  |  178032  |   0    | 198.96MB  
 00:05:02 | WARNING! Aborting CBS - could not obtain an initial solution for the following agents: Agent22(72->71)
 00:05:02 | WARNING! Aborting CBS - could not obtain an initial solution for the following agents: Agent22(72->71)
 00:05:02 | WARNING! Aborting CBS - could not obtain an initial solution for the following agents: Agent15(72->71)
 00:05:02 | WARNING! Aborting CBS - could not obtain an initial solution for the following agents: Agent15(72->71)
 00:05:03 | WARNING! Aborting CBS - could not obtain an initial solution for the following agents: Agent6(72->71)
 00:05:03 | WARNING! Aborting CBS - could not obtain an initial solution for the following agents: Agent6(72->71)
 00:05:03 | WARNING! Aborting CBS - could not obtain an initial solution for the following agents: Agent6(72->71)
 00:05:03 | WARNING! Aborting CBS - could not obtain an initial solution for the following agents: Agent6(72->71)
 00:05:05 | 00:02:57 | 0.05:03:20 |  63.20%  |  3563   |   1726   | 80%  |  182984  |   0    | 257.64MB  
 00:05:05 | WARNING! Aborting CBS - could not obtain an initial solution for the following agents: Agent11(52->51)
 00:05:05 | WARNING! Aborting CBS - could not obtain an initial solution for the following agents: Agent11(52->51)
 00:05:05 | WARNING! Aborting CBS - could not obtain an initial solution for the following agents: Agent11(52->51)
 00:05:05 | WARNING! Aborting CBS - could not obtain an initial solution for the following agents: Agent11(52->51)
 00:05:06 | WARNING! Aborting CBS - could not obtain an initial solution for the following agents: Agent17(72->71)
 00:05:06 | WARNING! Aborting CBS - could not obtain an initial solution for the following agents: Agent5(3->2)
 00:05:06 | WARNING! Aborting CBS - could not obtain an initial solution for the following agents: Agent5(3->2)
 00:05:06 | WARNING! Aborting CBS - could not obtain an initial solution for the following agents: Agent5(3->2)
 00:05:07 | WARNING! Aborting CBS - could not obtain an initial solution for the following agents: Agent21(24->22)
 00:05:07 | WARNING! Aborting CBS - could not obtain an initial solution for the following agents: Agent21(24->22)
 00:05:07 | WARNING! Aborting CBS - could not obtain an initial solution for the following agents: Agent21(24->22)
 00:05:07 | WARNING! Aborting CBS - could not obtain an initial solution for the following agents: Agent21(24->22)
 00:05:08 | WARNING! Aborting CBS - could not obtain an initial solution for the following agents: Agent5(11->10)
 00:05:08 | WARNING! Aborting CBS - could not obtain an initial solution for the following agents: Agent5(11->10)
 00:05:08 | WARNING! Aborting CBS - could not obtain an initial solution for the following agents: Agent5(11->10)
 00:05:08 | WARNING! Aborting CBS - could not obtain an initial solution for the following agents: Agent14(44->43)
 00:05:08 | WARNING! Aborting CBS - could not obtain an initial solution for the following agents: Agent14(44->43)
 00:05:08 | WARNING! Aborting CBS - could not obtain an initial solution for the following agents: Agent14(44->43),Agent25(72->71)
 00:05:08 | WARNING! Aborting CBS - could not obtain an initial solution for the following agents: Agent14(44->43),Agent25(72->71)
 00:05:09 | WARNING! Aborting CBS - could not obtain an initial solution for the following agents: Agent25(72->71)
 00:05:09 | WARNING! Aborting CBS - could not obtain an initial solution for the following agents: Agent22(72->71)
 00:05:10 | 00:02:47 | 0.05:11:25 |  64.88%  |  3649   |   1726   | 80%  |  188053  |   0    | 236.39MB  
 00:05:12 | WARNING! Aborting CBS - could not obtain an initial solution for the following agents: Agent2(12->11)
 00:05:12 | WARNING! Aborting CBS - could not obtain an initial solution for the following agents: Agent2(12->11)
 00:05:12 | WARNING! Aborting CBS - could not obtain an initial solution for the following agents: Agent18(33->32)
 00:05:12 | WARNING! Aborting CBS - could not obtain an initial solution for the following agents: Agent18(33->32)
 00:05:14 | WARNING! Aborting CBS - could not obtain an initial solution for the following agents: Agent6(73->61)
 00:05:14 | WARNING! Aborting CBS - could not obtain an initial solution for the following agents: Agent6(73->61)
 00:05:14 | WARNING! Aborting CBS - could not obtain an initial solution for the following agents: Agent6(73->61)
 00:05:14 | WARNING! Aborting CBS - could not obtain an initial solution for the following agents: Agent6(73->62)
 00:05:14 | WARNING! Aborting CBS - could not obtain an initial solution for the following agents: Agent6(73->62)
 00:05:14 | WARNING! Aborting CBS - could not obtain an initial solution for the following agents: Agent6(73->62)
 00:05:14 | WARNING! Aborting CBS - could not obtain an initial solution for the following agents: Agent6(73->62)
 00:05:14 | WARNING! Aborting CBS - could not obtain an initial solution for the following agents: Agent6(73->72)
 00:05:15 | 00:02:46 | 0.05:13:54 |  65.40%  |  3680   |   1726   | 80%  |  189583  |   0    | 236.22MB  
 00:05:18 | WARNING! Aborting CBS - could not obtain an initial solution for the following agents: Agent6(72->71)
 00:05:18 | WARNING! Aborting CBS - could not obtain an initial solution for the following agents: Agent6(72->71)
 00:05:18 | WARNING! Aborting CBS - could not obtain an initial solution for the following agents: Agent6(72->71)
 00:05:18 | WARNING! Aborting CBS - could not obtain an initial solution for the following agents: Agent6(72->71)
 00:05:20 | 00:02:41 | 0.05:18:46 |  66.41%  |  3735   |   1726   | 80%  |  192750  |   0    | 217.42MB  
 00:05:25 | 00:02:43 | 0.05:19:12 |  66.50%  |  3740   |   1726   | 80%  |  193061  |   0    | 190.36MB  
 00:05:30 | 00:02:45 | 0.05:19:29 |  66.56%  |  3742   |   1726   | 79%  |  193250  |   0    | 202.27MB  
 00:05:30 | WARNING! Aborting CBS - could not obtain an initial solution for the following agents: Agent9(21->20)
 00:05:30 | WARNING! Aborting CBS - could not obtain an initial solution for the following agents: Agent9(21->20)
 00:05:31 | WARNING! Aborting CBS - could not obtain an initial solution for the following agents: Agent22(72->71)
 00:05:31 | WARNING! Aborting CBS - could not obtain an initial solution for the following agents: Agent10(14->13)
 00:05:31 | WARNING! Aborting CBS - could not obtain an initial solution for the following agents: Agent10(14->13)
 00:05:31 | WARNING! Aborting CBS - could not obtain an initial solution for the following agents: Agent10(14->13)
 00:05:31 | WARNING! Aborting CBS - could not obtain an initial solution for the following agents: Agent10(14->13)
 00:05:31 | WARNING! Aborting CBS - could not obtain an initial solution for the following agents: Agent10(14->13)
 00:05:31 | WARNING! Aborting CBS - could not obtain an initial solution for the following agents: Agent10(14->13)
 00:05:31 | WARNING! Aborting CBS - could not obtain an initial solution for the following agents: Agent10(14->13)
 00:05:33 | WARNING! Aborting CBS - could not obtain an initial solution for the following agents: Agent5(2->1)
 00:05:34 | 00:02:39 | 0.05:25:25 |  67.80%  |  3815   |   1726   | 79%  |  196775  |   0    | 217.73MB  
 00:05:35 | WARNING! Aborting CBS - could not obtain an initial solution for the following agents: Agent22(64->63)
 00:05:35 | WARNING! Aborting CBS - could not obtain an initial solution for the following agents: Agent22(64->63)
 00:05:37 | WARNING! Aborting CBS - could not obtain an initial solution for the following agents: Agent14(52->51)
 00:05:37 | WARNING! Aborting CBS - could not obtain an initial solution for the following agents: Agent14(52->51)
 00:05:37 | WARNING! Aborting CBS - could not obtain an initial solution for the following agents: Agent14(52->51)
 00:05:37 | WARNING! Aborting CBS - could not obtain an initial solution for the following agents: Agent22(74->73)
 00:05:37 | WARNING! Aborting CBS - could not obtain an initial solution for the following agents: Agent22(74->73)
 00:05:38 | WARNING! Aborting CBS - could not obtain an initial solution for the following agents: Agent22(74->73)
 00:05:38 | WARNING! Aborting CBS - could not obtain an initial solution for the following agents: Agent22(74->73)
 00:05:38 | WARNING! Aborting CBS - could not obtain an initial solution for the following agents: Agent22(74->73)
 00:05:38 | WARNING! Aborting CBS - could not obtain an initial solution for the following agents: Agent22(74->73)
 00:05:38 | WARNING! Aborting CBS - could not obtain an initial solution for the following agents: Agent22(74->73)
 00:05:38 | WARNING! Aborting CBS - could not obtain an initial solution for the following agents: Agent22(74->73)
 00:05:38 | WARNING! Aborting CBS - could not obtain an initial solution for the following agents: Agent10(13->12)
 00:05:38 | WARNING! Aborting CBS - could not obtain an initial solution for the following agents: Agent10(13->12)
 00:05:38 | WARNING! Aborting CBS - could not obtain an initial solution for the following agents: Agent10(13->1)
 00:05:38 | WARNING! Aborting CBS - could not obtain an initial solution for the following agents: Agent10(13->1)
 00:05:38 | WARNING! Aborting CBS - could not obtain an initial solution for the following agents: Agent10(13->1)
 00:05:38 | WARNING! Aborting CBS - could not obtain an initial solution for the following agents: Agent10(13->3)
 00:05:38 | WARNING! Aborting CBS - could not obtain an initial solution for the following agents: Agent10(13->3)
 00:05:40 | 00:02:31 | 0.05:32:21 |  69.24%  |  3900   |   1726   | 79%  |  200912  |   0    | 220.37MB  
 00:05:40 | WARNING! Aborting CBS - could not obtain an initial solution for the following agents: Agent4(74->73)
 00:05:40 | WARNING! Aborting CBS - could not obtain an initial solution for the following agents: Agent4(74->73)
 00:05:40 | WARNING! Aborting CBS - could not obtain an initial solution for the following agents: Agent4(74->73)
 00:05:40 | WARNING! Aborting CBS - could not obtain an initial solution for the following agents: Agent4(74->73)
 00:05:40 | WARNING! Aborting CBS - could not obtain an initial solution for the following agents: Agent4(74->73)
 00:05:40 | WARNING! Aborting CBS - could not obtain an initial solution for the following agents: Agent1(32->31)
 00:05:40 | WARNING! Aborting CBS - could not obtain an initial solution for the following agents: Agent1(32->31)
 00:05:40 | WARNING! Aborting CBS - could not obtain an initial solution for the following agents: Agent1(32->31)
 00:05:41 | WARNING! Aborting CBS - could not obtain an initial solution for the following agents: Agent24(52->51)
 00:05:41 | WARNING! Aborting CBS - could not obtain an initial solution for the following agents: Agent24(52->51)
 00:05:42 | WARNING! Aborting CBS - could not obtain an initial solution for the following agents: Agent10(12->11)
 00:05:42 | WARNING! Aborting CBS - could not obtain an initial solution for the following agents: Agent10(12->11)
 00:05:42 | WARNING! Aborting CBS - could not obtain an initial solution for the following agents: Agent10(12->11)
 00:05:42 | WARNING! Aborting CBS - could not obtain an initial solution for the following agents: Agent10(12->11)
 00:05:43 | WARNING! Aborting CBS - could not obtain an initial solution for the following agents: Agent4(72->71)
 00:05:43 | WARNING! Aborting CBS - could not obtain an initial solution for the following agents: Agent4(72->71)
 00:05:43 | WARNING! Aborting CBS - could not obtain an initial solution for the following agents: Agent4(72->71)
 00:05:43 | WARNING! Aborting CBS - could not obtain an initial solution for the following agents: Agent4(72->71)
 00:05:43 | WARNING! Aborting CBS - could not obtain an initial solution for the following agents: Agent4(72->71)
 00:05:44 | 00:02:21 | 0.05:40:06 |  70.86%  |  3985   |   1726   | 79%  |  205741  |   0    | 225.15MB  
 00:05:45 | WARNING! Aborting CBS - could not obtain an initial solution for the following agents: Agent2(3->2)
 00:05:45 | WARNING! Aborting CBS - could not obtain an initial solution for the following agents: Agent2(3->2)
 00:05:45 | WARNING! Aborting CBS - could not obtain an initial solution for the following agents: Agent2(3->2)
 00:05:45 | WARNING! Aborting CBS - could not obtain an initial solution for the following agents: Agent10(2->1)
 00:05:45 | WARNING! Aborting CBS - could not obtain an initial solution for the following agents: Agent10(2->1)
 00:05:45 | WARNING! Aborting CBS - could not obtain an initial solution for the following agents: Agent24(52->51)
 00:05:45 | WARNING! Aborting CBS - could not obtain an initial solution for the following agents: Agent24(52->51)
 00:05:45 | WARNING! Aborting CBS - could not obtain an initial solution for the following agents: Agent24(52->51)
 00:05:47 | WARNING! Aborting CBS - could not obtain an initial solution for the following agents: Agent22(72->71)
 00:05:47 | WARNING! Aborting CBS - could not obtain an initial solution for the following agents: Agent22(72->71)
 00:05:48 | WARNING! Aborting CBS - could not obtain an initial solution for the following agents: Agent8(12->11)
 00:05:48 | WARNING! Aborting CBS - could not obtain an initial solution for the following agents: Agent15(72->71)
 00:05:48 | WARNING! Aborting CBS - could not obtain an initial solution for the following agents: Agent15(72->71)
 00:05:50 | 00:02:13 | 0.05:47:06 |  72.31%  |  4074   |   1726   | 79%  |  209747  |   0    | 245.65MB  
 00:05:55 | 00:02:15 | 0.05:47:17 |  72.35%  |  4077   |   1726   | 79%  |  209864  |   0    | 249.55MB  
 00:05:59 | WARNING! Aborting CBS - could not obtain an initial solution for the following agents: Agent6(72->71)
 00:05:59 | WARNING! Aborting CBS - could not obtain an initial solution for the following agents: Agent6(72->71)
 00:06:00 | 00:02:14 | 0.05:49:25 |  72.80%  |  4103   |   1726   | 79%  |  211092  |   0    | 257.24MB  
 00:06:03 | WARNING! Aborting CBS - could not obtain an initial solution for the following agents: Agent25(72->71)
 00:06:05 | 00:02:07 | 0.05:55:48 |  74.13%  |  4187   |   1726   | 79%  |  214843  |   0    | 264.07MB  
 00:06:05 | WARNING! Aborting CBS - could not obtain an initial solution for the following agents: Agent7(53->52)
 00:06:05 | WARNING! Aborting CBS - could not obtain an initial solution for the following agents: Agent7(53->52)
 00:06:05 | WARNING! Aborting CBS - could not obtain an initial solution for the following agents: Agent11(52->51)
 00:06:05 | WARNING! Aborting CBS - could not obtain an initial solution for the following agents: Agent11(52->51)
 00:06:06 | WARNING! Aborting CBS - could not obtain an initial solution for the following agents: Agent4(73->63)
 00:06:06 | WARNING! Aborting CBS - could not obtain an initial solution for the following agents: Agent6(73->72)
 00:06:06 | WARNING! Aborting CBS - could not obtain an initial solution for the following agents: Agent6(73->72)
 00:06:06 | WARNING! Aborting CBS - could not obtain an initial solution for the following agents: Agent6(73->72)
 00:06:06 | WARNING! Aborting CBS - could not obtain an initial solution for the following agents: Agent6(73->72)
 00:06:06 | WARNING! Aborting CBS - could not obtain an initial solution for the following agents: Agent6(73->72)
 00:06:06 | WARNING! Aborting CBS - could not obtain an initial solution for the following agents: Agent6(73->72)
 00:06:06 | WARNING! Aborting CBS - could not obtain an initial solution for the following agents: Agent6(73->72)
 00:06:07 | WARNING! Aborting CBS - could not obtain an initial solution for the following agents: Agent20(54->53)
 00:06:07 | WARNING! Aborting CBS - could not obtain an initial solution for the following agents: Agent20(54->53)
 00:06:07 | WARNING! Aborting CBS - could not obtain an initial solution for the following agents: Agent20(54->53)
 00:06:08 | WARNING! Aborting CBS - could not obtain an initial solution for the following agents: Agent13(52->51)
 00:06:08 | WARNING! Aborting CBS - could not obtain an initial solution for the following agents: Agent13(52->51)
 00:06:08 | WARNING! Aborting CBS - could not obtain an initial solution for the following agents: Agent13(52->51)
 00:06:08 | WARNING! Aborting CBS - could not obtain an initial solution for the following agents: Agent13(52->51)
 00:06:10 | 00:02:00 | 0.06:02:04 |  75.43%  |  4259   |   1726   | 78%  |  218482  |   0    | 181.36MB  
 00:06:14 | 00:02:02 | 0.06:02:09 |  75.45%  |  4261   |   1726   | 78%  |  218557  |   0    | 197.97MB  
 00:06:20 | 00:02:03 | 0.06:02:23 |  75.50%  |  4262   |   1726   | 78%  |  218686  |   0    | 207.42MB  
 00:06:24 | WARNING! Aborting CBS - could not obtain an initial solution for the following agents: Agent8(12->11)
 00:06:24 | WARNING! Aborting CBS - could not obtain an initial solution for the following agents: Agent8(12->11)
 00:06:24 | WARNING! Aborting CBS - could not obtain an initial solution for the following agents: Agent8(12->11)
 00:06:24 | WARNING! Aborting CBS - could not obtain an initial solution for the following agents: Agent7(54->53),Agent11(53->52)
 00:06:25 | WARNING! Aborting CBS - could not obtain an initial solution for the following agents: Agent7(54->53),Agent11(53->52)
 00:06:25 | WARNING! Aborting CBS - could not obtain an initial solution for the following agents: Agent7(54->53),Agent11(53->52)
 00:06:25 | 00:02:02 | 0.06:03:59 |  75.83%  |  4281   |   1726   | 78%  |  219673  |   0    | 219.91MB  
 00:06:25 | WARNING! Aborting CBS - could not obtain an initial solution for the following agents: Agent7(54->53),Agent11(53->52)
 00:06:25 | WARNING! Aborting CBS - could not obtain an initial solution for the following agents: Agent7(54->53),Agent11(53->52)
 00:06:25 | WARNING! Aborting CBS - could not obtain an initial solution for the following agents: Agent7(54->53),Agent11(53->52)
 00:06:25 | WARNING! Aborting CBS - could not obtain an initial solution for the following agents: Agent7(54->53),Agent11(53->52)
 00:06:25 | WARNING! Aborting CBS - could not obtain an initial solution for the following agents: Agent7(54->53),Agent11(53->52)
 00:06:25 | WARNING! Aborting CBS - could not obtain an initial solution for the following agents: Agent11(53->52)
 00:06:25 | WARNING! Aborting CBS - could not obtain an initial solution for the following agents: Agent11(53->52)
 00:06:25 | WARNING! Aborting CBS - could not obtain an initial solution for the following agents: Agent11(53->52)
 00:06:25 | WARNING! Aborting CBS - could not obtain an initial solution for the following agents: Agent11(53->52)
 00:06:25 | WARNING! Aborting CBS - could not obtain an initial solution for the following agents: Agent11(53->52)
 00:06:25 | WARNING! Aborting CBS - could not obtain an initial solution for the following agents: Agent11(53->52)
 00:06:25 | WARNING! Aborting CBS - could not obtain an initial solution for the following agents: Agent11(53->52)
 00:06:29 | 00:02:03 | 0.06:04:46 |  75.99%  |  4288   |   1726   | 78%  |  220182  |   0    | 229.96MB  
 00:06:35 | 00:02:03 | 0.06:05:28 |  76.14%  |  4294   |   1726   | 78%  |  220598  |   0    | 243.20MB  
 00:06:40 | 00:02:02 | 0.06:07:31 |  76.57%  |  4321   |   1726   | 78%  |  221788  |   0    | 200.36MB  
 00:06:40 | WARNING! Aborting CBS - could not obtain an initial solution for the following agents: Agent1(32->31)
 00:06:40 | WARNING! Aborting CBS - could not obtain an initial solution for the following agents: Agent1(32->31)
 00:06:40 | WARNING! Aborting CBS - could not obtain an initial solution for the following agents: Agent1(32->31)
 00:06:41 | WARNING! Aborting CBS - could not obtain an initial solution for the following agents: Agent11(51->50)
 00:06:43 | WARNING! Aborting CBS - could not obtain an initial solution for the following agents: Agent10(2->1)
 00:06:45 | 00:01:57 | 0.06:12:21 |  77.57%  |  4377   |   1726   | 78%  |  224758  |   0    | 193.61MB  
 00:06:45 | WARNING! Aborting CBS - could not obtain an initial solution for the following agents: Agent17(72->71)
 00:06:45 | WARNING! Aborting CBS - could not obtain an initial solution for the following agents: Agent17(72->71)
 00:06:45 | WARNING! Aborting CBS - could not obtain an initial solution for the following agents: Agent17(72->71)
 00:06:45 | WARNING! Aborting CBS - could not obtain an initial solution for the following agents: Agent17(72->71)
 00:06:46 | WARNING! Aborting CBS - could not obtain an initial solution for the following agents: Agent3(31->30)
 00:06:46 | WARNING! Aborting CBS - could not obtain an initial solution for the following agents: Agent3(31->30)
 00:06:46 | WARNING! Aborting CBS - could not obtain an initial solution for the following agents: Agent3(31->30)
 00:06:46 | WARNING! Aborting CBS - could not obtain an initial solution for the following agents: Agent7(54->53)
 00:06:46 | WARNING! Aborting CBS - could not obtain an initial solution for the following agents: Agent7(54->53)
 00:06:46 | WARNING! Aborting CBS - could not obtain an initial solution for the following agents: Agent7(54->53)
 00:06:46 | WARNING! Aborting CBS - could not obtain an initial solution for the following agents: Agent7(54->53)
 00:06:46 | WARNING! Aborting CBS - could not obtain an initial solution for the following agents: Agent7(54->53)
 00:06:50 | 00:01:51 | 0.06:17:37 |  78.67%  |  4432   |   1726   | 78%  |  227929  |   0    | 198.57MB  
 00:06:55 | 00:01:50 | 0.06:19:11 |  79.00%  |  4449   |   1726   | 78%  |  228866  |   0    | 208.70MB  
 00:06:57 | WARNING! Aborting CBS - could not obtain an initial solution for the following agents: Agent25(72->62)
 00:06:57 | WARNING! Aborting CBS - could not obtain an initial solution for the following agents: Agent25(72->62)
 00:06:57 | WARNING! Aborting CBS - could not obtain an initial solution for the following agents: Agent25(72->62)
 00:06:57 | WARNING! Aborting CBS - could not obtain an initial solution for the following agents: Agent25(72->63)
 00:07:00 | 00:01:50 | 0.06:19:48 |  79.13%  |  4456   |   1726   | 78%  |  229309  |   0    | 221.30MB  
 00:07:05 | 00:01:51 | 0.06:20:11 |  79.21%  |  4459   |   1726   | 78%  |  229567  |   0    | 238.97MB  
 00:07:06 | WARNING! Aborting CBS - could not obtain an initial solution for the following agents: Agent0(34->33)
 00:07:06 | WARNING! Aborting CBS - could not obtain an initial solution for the following agents: Agent0(34->33)
 00:07:09 | 00:01:49 | 0.06:22:30 |  79.69%  |  4485   |   1726   | 78%  |  230953  |   0    | 234.90MB  
 00:07:15 | 00:01:50 | 0.06:22:36 |  79.71%  |  4486   |   1726   | 78%  |  231027  |   0    | 257.95MB  
 00:07:20 | 00:01:51 | 0.06:23:01 |  79.80%  |  4489   |   1726   | 78%  |  231293  |   0    | 187.85MB  
 00:07:24 | WARNING! Aborting CBS - could not obtain an initial solution for the following agents: Agent4(72->71)
 00:07:24 | WARNING! Aborting CBS - could not obtain an initial solution for the following agents: Agent6(73->72)
 00:07:24 | WARNING! Aborting CBS - could not obtain an initial solution for the following agents: Agent6(73->72)
 00:07:24 | WARNING! Aborting CBS - could not obtain an initial solution for the following agents: Agent6(73->72)
 00:07:24 | WARNING! Aborting CBS - could not obtain an initial solution for the following agents: Agent23(11->10)
 00:07:24 | WARNING! Aborting CBS - could not obtain an initial solution for the following agents: Agent23(11->10)
 00:07:25 | 00:01:44 | 0.06:28:43 |  80.98%  |  4550   |   1726   | 78%  |  234898  |   0    | 187.06MB  
 00:07:25 | WARNING! Aborting CBS - could not obtain an initial solution for the following agents: Agent17(74->73)
 00:07:25 | WARNING! Aborting CBS - could not obtain an initial solution for the following agents: Agent17(74->73)
 00:07:25 | WARNING! Aborting CBS - could not obtain an initial solution for the following agents: Agent17(74->73)
 00:07:25 | WARNING! Aborting CBS - could not obtain an initial solution for the following agents: Agent17(74->73)
 00:07:25 | WARNING! Aborting CBS - could not obtain an initial solution for the following agents: Agent17(74->73)
 00:07:25 | WARNING! Aborting CBS - could not obtain an initial solution for the following agents: Agent17(74->73)
 00:07:25 | WARNING! Aborting CBS - could not obtain an initial solution for the following agents: Agent17(74->73)
 00:07:25 | WARNING! Aborting CBS - could not obtain an initial solution for the following agents: Agent17(74->73)
 00:07:25 | WARNING! Aborting CBS - could not obtain an initial solution for the following agents: Agent25(72->71)
 00:07:26 | WARNING! Aborting CBS - could not obtain an initial solution for the following agents: Agent10(11->10)
 00:07:27 | WARNING! Aborting CBS - could not obtain an initial solution for the following agents: Agent9(34->33)
 00:07:27 | WARNING! Aborting CBS - could not obtain an initial solution for the following agents: Agent9(34->33)
 00:07:27 | WARNING! Aborting CBS - could not obtain an initial solution for the following agents: Agent9(34->33)
 00:07:30 | 00:01:39 | 0.06:33:25 |  81.96%  |  4601   |   1726   | 78%  |  237676  |   0    | 193.16MB  
 00:07:30 | WARNING! Aborting CBS - could not obtain an initial solution for the following agents: Agent21(32->31)
 00:07:30 | WARNING! Aborting CBS - could not obtain an initial solution for the following agents: Agent21(32->31)
 00:07:30 | WARNING! Aborting CBS - could not obtain an initial solution for the following agents: Agent21(32->31)
 00:07:30 | WARNING! Aborting CBS - could not obtain an initial solution for the following agents: Agent21(32->31)
 00:07:31 | WARNING! Aborting CBS - could not obtain an initial solution for the following agents: Agent2(12->11)
 00:07:31 | WARNING! Aborting CBS - could not obtain an initial solution for the following agents: Agent2(12->11)
 00:07:31 | WARNING! Aborting CBS - could not obtain an initial solution for the following agents: Agent2(12->11)
 00:07:31 | WARNING! Aborting CBS - could not obtain an initial solution for the following agents: Agent2(12->11)
 00:07:32 | WARNING! Aborting CBS - could not obtain an initial solution for the following agents: Agent12(13->12)
 00:07:32 | WARNING! Aborting CBS - could not obtain an initial solution for the following agents: Agent12(13->12)
 00:07:33 | WARNING! Aborting CBS - could not obtain an initial solution for the following agents: Agent25(72->71)
 00:07:33 | WARNING! Aborting CBS - could not obtain an initial solution for the following agents: Agent25(72->71)
 00:07:33 | WARNING! Aborting CBS - could not obtain an initial solution for the following agents: Agent25(72->71)
 00:07:35 | 00:01:31 | 0.06:39:31 |  83.24%  |  4675   |   1726   | 78%  |  241351  |   0    | 223.00MB  
 00:07:39 | WARNING! Aborting CBS - could not obtain an initial solution for the following agents: Agent11(52->51)
 00:07:39 | WARNING! Aborting CBS - could not obtain an initial solution for the following agents: Agent11(52->51)
 00:07:39 | WARNING! Aborting CBS - could not obtain an initial solution for the following agents: Agent14(52->51)
 00:07:39 | WARNING! Aborting CBS - could not obtain an initial solution for the following agents: Agent14(52->51)
 00:07:39 | WARNING! Aborting CBS - could not obtain an initial solution for the following agents: Agent14(52->51)
 00:07:39 | WARNING! Aborting CBS - could not obtain an initial solution for the following agents: Agent14(52->51)
 00:07:39 | WARNING! Aborting CBS - could not obtain an initial solution for the following agents: Agent14(52->51)
 00:07:39 | 00:01:25 | 0.06:44:59 |  84.37%  |  4743   |   1726   | 77%  |  244376  |   0    | 205.55MB  
 00:07:40 | WARNING! Aborting CBS - could not obtain an initial solution for the following agents: Agent25(73->72)
 00:07:40 | WARNING! Aborting CBS - could not obtain an initial solution for the following agents: Agent25(73->72)
 00:07:40 | WARNING! Aborting CBS - could not obtain an initial solution for the following agents: Agent25(73->72)
 00:07:40 | WARNING! Aborting CBS - could not obtain an initial solution for the following agents: Agent3(32->31)
 00:07:41 | WARNING! Aborting CBS - could not obtain an initial solution for the following agents: Agent4(74->73)
 00:07:41 | WARNING! Aborting CBS - could not obtain an initial solution for the following agents: Agent4(74->73)
 00:07:41 | WARNING! Aborting CBS - could not obtain an initial solution for the following agents: Agent4(74->73)
 00:07:41 | WARNING! Aborting CBS - could not obtain an initial solution for the following agents: Agent4(74->73)
 00:07:42 | WARNING! Aborting CBS - could not obtain an initial solution for the following agents: Agent4(74->73)
 00:07:42 | WARNING! Aborting CBS - could not obtain an initial solution for the following agents: Agent4(74->73)
 00:07:42 | WARNING! Aborting CBS - could not obtain an initial solution for the following agents: Agent12(1->0)
 00:07:43 | WARNING! Aborting CBS - could not obtain an initial solution for the following agents: Agent12(1->0)
 00:07:43 | WARNING! Aborting CBS - could not obtain an initial solution for the following agents: Agent5(12->0)
 00:07:43 | WARNING! Aborting CBS - could not obtain an initial solution for the following agents: Agent5(12->0)
 00:07:43 | WARNING! Aborting CBS - could not obtain an initial solution for the following agents: Agent5(12->3)
 00:07:43 | WARNING! Aborting CBS - could not obtain an initial solution for the following agents: Agent5(12->3)
 00:07:45 | 00:01:15 | 0.06:52:57 |  86.03%  |  4843   |   1726   | 77%  |  249000  |   0    | 211.03MB  
 00:07:46 | WARNING! Aborting CBS - could not obtain an initial solution for the following agents: Agent0(32->31)
 00:07:46 | WARNING! Aborting CBS - could not obtain an initial solution for the following agents: Agent0(32->31)
 00:07:46 | WARNING! Aborting CBS - could not obtain an initial solution for the following agents: Agent0(32->31)
 00:07:47 | WARNING! Aborting CBS - could not obtain an initial solution for the following agents: Agent17(72->71)
 00:07:47 | WARNING! Aborting CBS - could not obtain an initial solution for the following agents: Agent17(72->71)
 00:07:47 | WARNING! Aborting CBS - could not obtain an initial solution for the following agents: Agent17(72->71)
 00:07:47 | WARNING! Aborting CBS - could not obtain an initial solution for the following agents: Agent4(72->71)
 00:07:47 | WARNING! Aborting CBS - could not obtain an initial solution for the following agents: Agent4(72->71)
 00:07:47 | WARNING! Aborting CBS - could not obtain an initial solution for the following agents: Agent4(72->71)
 00:07:50 | 00:01:10 | 0.06:57:32 |  86.99%  |  4895   |   1726   | 77%  |  251754  |   0    | 216.75MB  
 00:07:55 | 00:01:10 | 0.06:57:37 |  87.00%  |  4895   |   1726   | 77%  |  251799  |   0    | 229.07MB  
 00:07:56 | WARNING! Aborting CBS - could not obtain an initial solution for the following agents: Agent6(71->70)
 00:07:56 | WARNING! Aborting CBS - could not obtain an initial solution for the following agents: Agent6(71->70)
 00:07:56 | WARNING! Aborting CBS - could not obtain an initial solution for the following agents: Agent6(71->70)
 00:07:56 | WARNING! Aborting CBS - could not obtain an initial solution for the following agents: Agent6(71->70)
 00:08:00 | 00:01:03 | 0.07:03:35 |  88.25%  |  4970   |   1726   | 77%  |  255164  |   0    | 246.60MB  
 00:08:01 | WARNING! Aborting CBS - could not obtain an initial solution for the following agents: Agent11(54->53)
 00:08:01 | WARNING! Aborting CBS - could not obtain an initial solution for the following agents: Agent11(54->53)
 00:08:01 | WARNING! Aborting CBS - could not obtain an initial solution for the following agents: Agent11(54->53)
 00:08:04 | WARNING! Aborting CBS - could not obtain an initial solution for the following agents: Agent19(32->31)
 00:08:04 | 00:01:03 | 0.07:04:30 |  88.44%  |  4974   |   1726   | 77%  |  255842  |   0    | 179.09MB  
 00:08:05 | WARNING! Aborting CBS - could not obtain an initial solution for the following agents: Agent2(11->10)
 00:08:06 | WARNING! Aborting CBS - could not obtain an initial solution for the following agents: Agent9(34->23)
 00:08:06 | WARNING! Aborting CBS - could not obtain an initial solution for the following agents: Agent9(34->23)
 00:08:06 | WARNING! Aborting CBS - could not obtain an initial solution for the following agents: Agent9(34->23)
 00:08:06 | WARNING! Aborting CBS - could not obtain an initial solution for the following agents: Agent9(34->23)
 00:08:06 | WARNING! Aborting CBS - could not obtain an initial solution for the following agents: Agent9(34->23)
 00:08:06 | WARNING! Aborting CBS - could not obtain an initial solution for the following agents: Agent9(34->23)
 00:08:06 | WARNING! Aborting CBS - could not obtain an initial solution for the following agents: Agent9(34->23)
 00:08:07 | WARNING! Aborting CBS - could not obtain an initial solution for the following agents: Agent16(13->12)
 00:08:07 | WARNING! Aborting CBS - could not obtain an initial solution for the following agents: Agent16(13->12)
 00:08:07 | WARNING! Aborting CBS - could not obtain an initial solution for the following agents: Agent16(13->12)
 00:08:07 | WARNING! Aborting CBS - could not obtain an initial solution for the following agents: Agent16(13->12)
 00:08:09 | WARNING! Aborting CBS - could not obtain an initial solution for the following agents: Agent2(14->3)
 00:08:09 | WARNING! Aborting CBS - could not obtain an initial solution for the following agents: Agent2(14->3)
 00:08:09 | WARNING! Aborting CBS - could not obtain an initial solution for the following agents: Agent24(52->51)
 00:08:09 | WARNING! Aborting CBS - could not obtain an initial solution for the following agents: Agent3(32->31)
 00:08:09 | WARNING! Aborting CBS - could not obtain an initial solution for the following agents: Agent6(74->73)
 00:08:09 | WARNING! Aborting CBS - could not obtain an initial solution for the following agents: Agent6(74->73)
 00:08:09 | WARNING! Aborting CBS - could not obtain an initial solution for the following agents: Agent6(74->73)
 00:08:09 | WARNING! Aborting CBS - could not obtain an initial solution for the following agents: Agent6(74->73)
 00:08:09 | WARNING! Aborting CBS - could not obtain an initial solution for the following agents: Agent6(74->73)
 00:08:09 | WARNING! Aborting CBS - could not obtain an initial solution for the following agents: Agent6(74->73)
 00:08:10 | 00:00:54 | 0.07:12:12 |  90.04%  |  5067   |   1726   | 77%  |  260538  |   0    | 190.59MB  
 00:08:15 | 00:00:53 | 0.07:13:01 |  90.21%  |  5077   |   1726   | 77%  |  261148  |   0    | 202.38MB  
 00:08:20 | 00:00:53 | 0.07:13:12 |  90.25%  |  5080   |   1726   | 77%  |  261275  |   0    | 202.93MB  
 00:08:21 | WARNING! Aborting CBS - could not obtain an initial solution for the following agents: Agent9(33->32)
 00:08:21 | WARNING! Aborting CBS - could not obtain an initial solution for the following agents: Agent24(52->51)
 00:08:21 | WARNING! Aborting CBS - could not obtain an initial solution for the following agents: Agent24(52->51)
 00:08:21 | WARNING! Aborting CBS - could not obtain an initial solution for the following agents: Agent24(52->51)
 00:08:25 | 00:00:49 | 0.07:17:15 |  91.10%  |  5133   |   1726   | 77%  |  263663  |   0    | 216.88MB  
 00:08:25 | WARNING! Aborting CBS - could not obtain an initial solution for the following agents: Agent25(72->71)
 00:08:25 | WARNING! Aborting CBS - could not obtain an initial solution for the following agents: Agent25(72->71)
 00:08:25 | WARNING! Aborting CBS - could not obtain an initial solution for the following agents: Agent25(72->71)
 00:08:26 | WARNING! Aborting CBS - could not obtain an initial solution for the following agents: Agent15(72->71)
 00:08:26 | WARNING! Aborting CBS - could not obtain an initial solution for the following agents: Agent22(64->63)
 00:08:26 | WARNING! Aborting CBS - could not obtain an initial solution for the following agents: Agent22(64->63)
 00:08:29 | 00:00:43 | 0.07:22:34 |  92.20%  |  5204   |   1726   | 77%  |  266488  |   0    | 261.27MB  
 00:08:34 | WARNING! Aborting CBS - could not obtain an initial solution for the following agents: Agent7(52->51)
 00:08:34 | WARNING! Aborting CBS - could not obtain an initial solution for the following agents: Agent7(52->51)
 00:08:34 | WARNING! Aborting CBS - could not obtain an initial solution for the following agents: Agent7(52->51)
 00:08:34 | WARNING! Aborting CBS - could not obtain an initial solution for the following agents: Agent2(3->2)
 00:08:34 | WARNING! Aborting CBS - could not obtain an initial solution for the following agents: Agent2(3->2)
 00:08:34 | WARNING! Aborting CBS - could not obtain an initial solution for the following agents: Agent2(3->2)
 00:08:34 | 00:00:39 | 0.07:25:35 |  92.83%  |  5234   |   1726   | 76%  |  268337  |   0    | 282.38MB  
 00:08:35 | WARNING! Aborting CBS - could not obtain an initial solution for the following agents: Agent20(44->43)
 00:08:35 | WARNING! Aborting CBS - could not obtain an initial solution for the following agents: Agent20(44->43)
 00:08:35 | WARNING! Aborting CBS - could not obtain an initial solution for the following agents: Agent20(44->43)
 00:08:40 | 00:00:37 | 0.07:27:24 |  93.21%  |  5257   |   1726   | 76%  |  269521  |   0    | 183.79MB  
 00:08:42 | WARNING! Aborting CBS - could not obtain an initial solution for the following agents: Agent15(73->71)
 00:08:42 | WARNING! Aborting CBS - could not obtain an initial solution for the following agents: Agent15(73->71)
 00:08:42 | WARNING! Aborting CBS - could not obtain an initial solution for the following agents: Agent15(73->64)
 00:08:42 | WARNING! Aborting CBS - could not obtain an initial solution for the following agents: Agent15(73->64)
 00:08:42 | WARNING! Aborting CBS - could not obtain an initial solution for the following agents: Agent15(73->64)
 00:08:43 | WARNING! Aborting CBS - could not obtain an initial solution for the following agents: Agent9(32->23)
 00:08:43 | WARNING! Aborting CBS - could not obtain an initial solution for the following agents: Agent9(32->23)
 00:08:43 | WARNING! Aborting CBS - could not obtain an initial solution for the following agents: Agent9(32->23)
 00:08:44 | WARNING! Aborting CBS - could not obtain an initial solution for the following agents: Agent25(72->61)
 00:08:44 | WARNING! Aborting CBS - could not obtain an initial solution for the following agents: Agent25(72->61)
 00:08:44 | WARNING! Aborting CBS - could not obtain an initial solution for the following agents: Agent25(72->61)
 00:08:44 | WARNING! Aborting CBS - could not obtain an initial solution for the following agents: Agent25(72->63)
 00:08:44 | WARNING! Aborting CBS - could not obtain an initial solution for the following agents: Agent25(72->63)
 00:08:44 | WARNING! Aborting CBS - could not obtain an initial solution for the following agents: Agent25(72->63)
 00:08:45 | 00:00:31 | 0.07:32:45 |  94.33%  |  5323   |   1726   | 76%  |  272591  |   0    | 295.54MB  
 00:08:46 | WARNING! Aborting CBS - could not obtain an initial solution for the following agents: Agent16(4->3)
 00:08:48 | WARNING! Aborting CBS - could not obtain an initial solution for the following agents: Agent22(73->72)
 00:08:48 | WARNING! Aborting CBS - could not obtain an initial solution for the following agents: Agent22(73->72)
 00:08:48 | WARNING! Aborting CBS - could not obtain an initial solution for the following agents: Agent22(73->72)
 00:08:48 | WARNING! Aborting CBS - could not obtain an initial solution for the following agents: Agent4(72->71)
 00:08:48 | WARNING! Aborting CBS - could not obtain an initial solution for the following agents: Agent4(72->71)
 00:08:48 | WARNING! Aborting CBS - could not obtain an initial solution for the following agents: Agent3(32->31)
 00:08:48 | WARNING! Aborting CBS - could not obtain an initial solution for the following agents: Agent3(32->31)
 00:08:48 | WARNING! Aborting CBS - could not obtain an initial solution for the following agents: Agent3(32->31)
 00:08:49 | WARNING! Aborting CBS - could not obtain an initial solution for the following agents: Agent9(31->30)
 00:08:49 | 00:00:21 | 0.07:41:36 |  96.17%  |  5426   |   1726   | 76%  |  277833  |   0    | 270.34MB  
 00:08:51 | WARNING! Aborting CBS - could not obtain an initial solution for the following agents: Agent10(12->11)
 00:08:51 | WARNING! Aborting CBS - could not obtain an initial solution for the following agents: Agent5(12->10)
 00:08:51 | WARNING! Aborting CBS - could not obtain an initial solution for the following agents: Agent5(12->11)
 00:08:51 | WARNING! Aborting CBS - could not obtain an initial solution for the following agents: Agent5(12->11)
 00:08:52 | WARNING! Aborting CBS - could not obtain an initial solution for the following agents: Agent16(12->11)
 00:08:53 | WARNING! Aborting CBS - could not obtain an initial solution for the following agents: Agent4(73->72)
 00:08:53 | WARNING! Aborting CBS - could not obtain an initial solution for the following agents: Agent4(73->72)
 00:08:53 | WARNING! Aborting CBS - could not obtain an initial solution for the following agents: Agent22(74->73)
 00:08:53 | WARNING! Aborting CBS - could not obtain an initial solution for the following agents: Agent22(74->73)
 00:08:55 | 00:00:13 | 0.07:48:30 |  97.61%  |  5511   |   1726   | 76%  |  281561  |   0    | 245.34MB  
 00:08:56 | WARNING! Aborting CBS - could not obtain an initial solution for the following agents: Agent21(34->33)
 00:08:56 | WARNING! Aborting CBS - could not obtain an initial solution for the following agents: Agent21(34->33)
 00:08:56 | WARNING! Aborting CBS - could not obtain an initial solution for the following agents: Agent21(34->32)
 00:08:56 | WARNING! Aborting CBS - could not obtain an initial solution for the following agents: Agent21(34->32)
 00:08:56 | WARNING! Aborting CBS - could not obtain an initial solution for the following agents: Agent21(34->32)
 00:08:56 | WARNING! Aborting CBS - could not obtain an initial solution for the following agents: Agent21(34->32)
 00:08:56 | WARNING! Aborting CBS - could not obtain an initial solution for the following agents: Agent21(34->21)
 00:08:56 | WARNING! Aborting CBS - could not obtain an initial solution for the following agents: Agent21(34->21)
 00:08:56 | WARNING! Aborting CBS - could not obtain an initial solution for the following agents: Agent21(34->21)
 00:09:00 | 00:00:10 | 0.07:50:53 |  98.10%  |  5541   |   1726   | 76%  |  283098  |   0    | 238.01MB  
 00:09:05 | 00:00:10 | 0.07:51:11 |  98.17%  |  5545   |   1726   | 76%  |  283338  |   0    | 243.16MB  
 00:09:05 | WARNING! Aborting CBS - could not obtain an initial solution for the following agents: Agent7(52->42)
 00:09:05 | WARNING! Aborting CBS - could not obtain an initial solution for the following agents: Agent7(52->42)
 00:09:05 | WARNING! Aborting CBS - could not obtain an initial solution for the following agents: Agent7(52->42)
 00:09:05 | WARNING! Aborting CBS - could not obtain an initial solution for the following agents: Agent7(52->42)
 00:09:05 | WARNING! Aborting CBS - could not obtain an initial solution for the following agents: Agent7(52->43)
 00:09:06 | WARNING! Aborting CBS - could not obtain an initial solution for the following agents: Agent13(52->51)
 00:09:06 | WARNING! Aborting CBS - could not obtain an initial solution for the following agents: Agent13(52->51)
 00:09:06 | WARNING! Aborting CBS - could not obtain an initial solution for the following agents: Agent13(52->51)
 00:09:07 | WARNING! Aborting CBS - could not obtain an initial solution for the following agents: Agent15(72->71)
 00:09:09 | WARNING! Aborting CBS - could not obtain an initial solution for the following agents: Agent16(13->12)
 00:09:09 | WARNING! Aborting CBS - could not obtain an initial solution for the following agents: Agent16(13->12)
 00:09:09 | WARNING! Aborting CBS - could not obtain an initial solution for the following agents: Agent16(13->12)
 00:09:10 | 00:00:02 | 0.07:58:08 |  99.61%  |  5618   |   1726   | 76%  |  287385  |   0    | 245.48MB  
 00:09:10 | WARNING! Aborting CBS - could not obtain an initial solution for the following agents: Agent16(13->3)
 00:09:10 | WARNING! Aborting CBS - could not obtain an initial solution for the following agents: Agent8(2->1)
 00:09:10 | WARNING! Aborting CBS - could not obtain an initial solution for the following agents: Agent8(2->1)
 00:09:10 | WARNING! Aborting CBS - could not obtain an initial solution for the following agents: Agent8(2->1)
 00:09:10 | WARNING! Aborting CBS - could not obtain an initial solution for the following agents: Agent8(2->1)
 00:09:11 | 00:00:00 | 0.08:00:00 | 100.00%  |  5640   |   1726   | 76%  |  288356  |   0    | 245.88MB  
 00:09:11 | >>> Simulation finished - writing results ...
 00:09:11 | >>> Results written
Simulation finished.
>>> Timings
StatTimingPathPlanningAverage: 0.027657583521384036
StatTimingPathPlanningOverall: 514.7629444999997
StatTimingPathPlanningCount: 18612
StatTimingTaskAllocationAverage: 0.0007789214360652854
StatTimingTaskAllocationOverall: 18.560918899999685
StatTimingTaskAllocationCount: 23829
StatTimingItemStorageAverage: 2.0354368403872625E-06
StatTimingItemStorageOverall: 0.018707699999999328
StatTimingItemStorageCount: 9191
StatTimingPodStorageAverage: 0.0015817287488061257
StatTimingPodStorageOverall: 4.968210000000041
StatTimingPodStorageCount: 3141
StatTimingReplenishmentBatchingAverage: 1.347748565965583E-05
StatTimingReplenishmentBatchingOverall: 0.0281949
StatTimingReplenishmentBatchingCount: 2092
StatTimingOrderBatchingAverage: 0.00010835832983634062
StatTimingOrderBatchingOverall: 1.2910894999999984
StatTimingOrderBatchingCount: 11915
>>> Overall
StatOverallBundlesPlaced: 1526
StatOverallItemsOrdered: 9187
StatOverallOrdersPlaced: 5657
StatOverallBundlesRejected: 0
StatOverallOrdersRejected: 0
StatOverallBundlesHandled: 1726
StatOverallItemsHandled: 9181
StatOverallLinesHandled: 8749
StatOverallOrdersHandled: 5640
StatOverallCollisions: 0
StatOverallDistanceTraveled: 288355.9408698589
StatOverallDistanceEstimated: 251507
StatOverallAssignedTasks: 23829
StatMaxMemoryUsed: 309.90234375
StatRealTimeUsed: 551.153392
StatAverageTurnoverTime: 1007.9980458155976
StatMedianTurnoverTime: 579.5333581521627
StatLowerQuartileTurnoverTime: 222.98921368938136
StatUpperQuartileTurnoverTime: 1474.8700105518174
StatAverageThroughputTime: 86.54392418795408
StatMedianThroughputTime: 82.89447302631015
StatLowerQuartileThroughputTime: 31.34293186641662
StatUpperQuartileThroughputTime: 127.17950054672838
>>> Energy (Rizqi model)
StatEnergyTotalKJ: 24235.942210903453
StatEnergyE1AccelKJ: 8900.288234088832
StatEnergyE2DecelKJ: 0
StatEnergyE3CruiseKJ: 7173.328119516056
StatEnergyE4RotationKJ: 2863.806360740656
StatEnergyE5LiftLowerKJ: 5298.519496557924
StatEnergyPerOrderKJ: 4.297152874273662
StatEnergyPerMeterJoule: 84.01954617308516
StatEnergyIdleKJ: 66906.1523528201
StatEnergyTotalWithIdleKJ: 91142.0945637236
StatEnergyPerOrderWithIdleKJ: 16.159945844631842
StatDistanceTraveledRizqiM: 288456
>>> Motion Behavior
StatTurningCount: 37325
StatStopAndGoCount: 47259
StatLoadedDistanceM: 196139
StatLoadedTurningCount: 26629
StatLoadedStopAndGoCount: 35231
StatEmptyTurningCount: 10696
StatEmptyStopAndGoCount: 12028
StatWaitTimeSec: 282713.67162860476
StatPathPlanningTimeouts: 126
StatMoveEnergyEmptyKJ: 1282.2025750000016
StatMoveTimeEmptySec: 123818.69469281383
StatTurnEnergyEmptyKJ: 206.44504094291432
StatTurnTimeEmptySec: 11368.577939975736
StatMoveEnergyLoadedKJ: 14791.413778604867
StatMoveTimeLoadedSec: 291480.6166160869
StatTurnEnergyLoadedKJ: 2657.3613197977597
StatTurnTimeLoadedSec: 27065.885612009846
StatStopAndGoEnergyEmptyKJ: 1488.6476159429128
StatStopAndGoEnergyLoadedKJ: 17448.775098402642
StatPrefEmptyW: 11.011743834691769
StatPrefLoadedW: 54.776225688732715
>>> Support & Utilization
StatESupportKJ: 25444.2304465902
StatESupportLoadedKJ: 15786.912890596592
StatESupportEmptyKJ: 9657.317555981324
StatESupportPerOrderKJ: 4.511388377055
StatTimeIdleSec: 10.92
StatRobotUtilization: 0.9999854166666666
StatESupportToMechRatio: 1.0498552202003169

Marked tag finished after 1 tries!
.Fin. - SUCCESS
