#TimeStamp;Bot;Pod;OutputStation
35.68;11;433;1
35.79;29;70;3
45.79;11;433;1
45.88;25;373;0
53.06;5;73;3
55.83;11;433;1
55.97;25;373;0
60.22;30;427;2
63.15;5;73;3
65.88;11;433;1
70.3;30;427;2
73.21;5;73;3
75.95;11;433;1
79.32;19;97;0
80.49;30;427;2
86.02;11;433;1
89.49;19;97;0
90.58;30;427;2
96.08;11;433;1
99.53;19;97;0
100.69;30;427;2
106.25;2;135;1
109.65;19;97;0
110.73;30;427;2
114.27;9;267;3
116.58;2;135;1
119.69;19;97;0
121;30;427;2
124.32;9;267;3
127;2;135;1
129.93;1;84;0
131.09;8;141;2
134.45;9;267;3
137.42;2;135;1
140.28;1;84;0
141.53;8;141;2
144.51;9;267;3
147.55;26;13;1
150.34;1;84;0
151.64;8;141;2
154.63;9;267;3
157.61;26;13;1
160.45;1;84;0
161.7;8;141;2
164.69;9;267;3
167.71;26;13;1
170.52;1;84;0
172.07;10;482;2
174.8;7;406;3
177.76;0;498;1
180.76;1;84;0
182.49;10;482;2
185.07;7;406;3
188.07;0;498;1
190.9;1;84;0
192.64;10;482;2
195.2;7;406;3
198.2;0;498;1
201.03;14;303;0
202.68;10;482;2
205.62;7;406;3
208.51;0;498;1
211.36;14;303;0
212.73;10;482;2
215.73;7;406;3
218.56;24;170;1
221.51;27;334;0
222.77;10;482;2
225.77;7;406;3
228.6;24;170;1
231.6;27;334;0
232.82;10;482;2
235.86;7;406;3
238.65;24;170;1
241.65;27;334;0
242.86;10;482;2
245.9;7;406;3
248.69;24;170;1
251.69;27;334;0
252.91;21;398;2
255.95;7;406;3
258.95;24;170;1
261.8;4;265;0
262.95;21;398;2
265.99;7;406;3
268.99;24;170;1
271.85;4;265;0
272.99;21;398;2
276.04;16;347;3
279.24;11;76;1
281.89;4;265;0
283.04;21;398;2
286.08;16;347;3
289.29;11;76;1
291.94;4;265;0
293.08;21;398;2
296.13;16;347;3
299.44;11;76;1
301.98;4;265;0
303.13;21;398;2
306.17;16;347;3
309.86;26;148;1
312.02;4;265;0
313.17;21;398;2
316.25;16;347;3
320.32;26;148;1
322.07;4;265;0
323.22;21;398;2
326.4;16;347;3
330.38;26;148;1
332.23;19;117;0
333.29;28;87;2
336.47;16;347;3
340.42;26;148;1
342.28;19;117;0
343.34;28;87;2
346.62;16;347;3
350.47;2;7;1
352.32;19;117;0
353.47;28;87;2
356.66;16;347;3
360.76;2;7;1
362.39;25;155;0
363.51;30;502;2
366.87;16;347;3
371.11;2;7;1
372.44;25;155;0
373.93;30;502;2
376.91;16;347;3
381.2;2;7;1
382.54;25;155;0
384.24;30;502;2
387.02;29;230;3
391.25;2;7;1
392.99;25;155;0
394.28;30;502;2
397.07;29;230;3
401.34;0;469;1
403.35;25;155;0
404.33;30;502;2
407.15;29;230;3
411.41;0;469;1
413.53;27;223;0
414.37;30;502;2
417.25;29;230;3
421.48;0;469;1
423.58;27;223;0
424.41;30;502;2
427.29;9;343;3
431.87;0;469;1
433.75;1;391;0
434.46;8;114;2
437.46;9;343;3
442.11;0;469;1
443.8;1;391;0
444.53;8;114;2
447.51;9;343;3
452.16;0;469;1
453.84;1;391;0
454.95;8;114;2
457.88;5;164;3
462.2;11;131;1
463.89;1;391;0
465.21;10;286;2
468.16;5;164;3
472.28;11;131;1
473.93;1;391;0
475.28;10;286;2
478.25;7;312;3
482.33;11;131;1
484.06;14;470;0
485.33;21;279;2
488.3;7;312;3
492.37;11;131;1
494.15;14;470;0
495.37;21;279;2
498.37;7;312;3
502.45;24;121;1
504.2;14;470;0
505.45;21;279;2
508.42;7;312;3
512.49;24;121;1
514.25;14;470;0
515.91;28;375;2
518.51;29;238;3
522.73;24;121;1
524.6;14;470;0
526.19;28;375;2
528.55;29;238;3
533.17;24;121;1
535;14;470;0
536.58;28;375;2
538.83;29;238;3
543.23;24;121;1
545.42;19;536;0
546.76;28;375;2
549.01;29;238;3
553.3;26;283;1
556.81;28;375;2
557.56;4;9;0
559.21;9;330;3
563.68;26;283;1
566.86;28;375;2
567.61;4;9;0
571.39;16;250;3
573.72;2;428;1
576.9;28;375;2
577.7;25;392;0
581.54;16;250;3
583.77;2;428;1
586.97;8;508;2
587.9;25;392;0
591.61;16;250;3
593.88;2;428;1
597.06;8;508;2
597.96;25;392;0
601.66;16;250;3
604.15;0;178;1
607.15;30;222;2
608.36;25;392;0
611.9;5;278;3
614.19;0;178;1
617.19;30;222;2
618.71;25;392;0
622;5;278;3
624.45;0;178;1
627.45;30;222;2
628.76;25;392;0
632.42;5;278;3
634.5;0;178;1
637.51;30;222;2
638.82;25;392;0
642.84;5;278;3
644.55;0;178;1
647.56;10;141;2
649.24;25;392;0
652.93;5;278;3
654.59;0;178;1
657.6;10;141;2
659.34;25;392;0
663.05;5;278;3
664.64;0;178;1
667.65;10;141;2
669.41;27;133;0
673.1;5;278;3
674.68;11;299;1
677.69;21;402;2
679.48;27;133;0
683.14;7;221;3
684.73;11;299;1
687.74;21;402;2
689.54;27;133;0
693.19;7;221;3
694.78;11;299;1
697.78;28;512;2
699.96;27;133;0
703.23;7;221;3
704.82;11;299;1
707.83;28;512;2
710.01;27;133;0
713.28;7;221;3
715.26;11;299;1
718.01;28;512;2
720.12;27;133;0
723.35;7;221;3
725.44;11;299;1
728.36;8;51;2
730.2;27;133;0
733.44;7;221;3
735.48;26;357;1
738.48;8;51;2
740.35;19;183;0
743.65;7;221;3
745.55;24;502;1
748.55;8;51;2
750.43;19;183;0
753.75;29;309;3
755.59;2;23;1
758.59;8;51;2
760.85;19;183;0
763.88;29;309;3
765.64;2;23;1
768.64;30;499;2
771.05;19;183;0
774.05;29;309;3
775.8;2;23;1
778.8;30;499;2
781.13;19;183;0
784.12;29;309;3
786.21;2;23;1
788.95;30;499;2
791.2;19;183;0
794.2;9;164;3
796.26;2;23;1
799.02;21;93;2
801.46;14;374;0
805.44;16;229;3
806.33;0;207;1
809.14;21;93;2
811.5;14;374;0
815.48;16;229;3
816.49;0;207;1
819.18;10;225;2
821.55;14;374;0
825.66;5;108;3
826.8;0;207;1
829.37;10;225;2
831.74;1;130;0
835.71;5;108;3
836.85;0;207;1
839.45;10;225;2
841.82;25;95;0
845.87;5;108;3
846.89;0;207;1
849.87;10;225;2
851.86;25;95;0
855.92;5;108;3
856.94;0;207;1
859.97;28;495;2
862.01;25;95;0
866.38;5;108;3
867.02;11;263;1
870.01;28;495;2
872.05;25;95;0
876.8;5;108;3
877.06;11;263;1
880.07;28;495;2
882.17;25;95;0
887.06;5;108;3
887.11;11;263;1
890.15;28;495;2
892.26;25;95;0
897.11;5;108;3
897.15;11;263;1
900.2;28;495;2
902.3;4;110;0
907.15;5;108;3
907.2;11;263;1
910.29;28;495;2
912.34;4;110;0
917.2;5;108;3
917.25;26;295;1
920.39;8;152;2
922.43;4;110;0
927.25;7;172;3
927.34;26;295;1
930.43;8;152;2
932.47;4;110;0
937.29;7;172;3
937.43;26;295;1
940.52;8;152;2
942.56;4;110;0
947.34;7;172;3
947.52;26;295;1
950.56;8;152;2
952.61;4;110;0
957.41;7;172;3
957.56;26;295;1
960.61;8;152;2
962.83;4;110;0
967.58;7;172;3
967.63;26;295;1
970.67;8;152;2
973.12;4;110;0
977.63;7;172;3
977.99;24;53;1
980.99;8;152;2
983.46;19;398;0
987.75;7;172;3
988.07;24;53;1
991.07;8;152;2
993.53;19;398;0
998.03;29;241;3
998.49;24;53;1
1001.48;8;152;2
1003.66;19;398;0
1008.3;29;241;3
1008.66;24;53;1
1012.85;30;73;2
1013.8;19;398;0
1018.61;29;241;3
1018.79;24;53;1
1023;30;73;2
1023.85;14;69;0
1028.66;29;241;3
1028.84;24;53;1
1033.09;30;73;2
1034.03;14;69;0
1038.84;29;241;3
1038.93;24;53;1
1043.51;30;73;2
1044.4;14;69;0
1048.88;29;241;3
1048.99;0;94;1
1053.59;30;73;2
1054.52;14;69;0
1058.93;16;222;3
1059.22;0;94;1
1063.96;30;73;2
1064.59;14;69;0
1069;16;222;3
1069.6;0;94;1
1074.51;10;159;2
1074.63;1;420;0
1079.05;16;222;3
1079.68;0;94;1
1084.56;10;159;2
1084.67;1;420;0
1089.5;5;375;3
1089.89;0;94;1
1094.67;10;159;2
1095.13;1;420;0
1099.71;5;375;3
1099.93;0;94;1
1104.74;10;159;2
1105.24;25;200;0
1109.98;9;87;3
1110.02;0;94;1
1114.84;10;159;2
1115.32;25;200;0
1120.04;9;87;3
1120.09;0;94;1
1124.89;28;34;2
1125.63;25;200;0
1130.09;9;87;3
1130.13;0;94;1
1134.93;28;34;2
1135.91;25;200;0
1140.13;7;293;3
1140.32;2;357;1
1145.21;28;34;2
1146.06;25;200;0
1150.19;7;293;3
1150.74;2;357;1
1155.26;28;34;2
1156.35;27;83;0
1160.61;7;293;3
1160.97;2;357;1
1165.68;28;34;2
1166.43;27;83;0
1170.75;7;293;3
1171.01;2;357;1
1175.72;21;510;2
1176.61;27;83;0
1180.79;7;293;3
1181.1;2;357;1
1186.15;21;510;2
1186.65;19;49;0
1190.89;7;293;3
1191.14;11;217;1
1196.35;21;510;2
1196.72;14;216;0
1201.14;7;293;3
1201.19;11;217;1
1206.72;21;510;2
1206.76;14;216;0
1211.21;7;293;3
1211.26;11;217;1
1216.76;21;510;2
1216.81;14;216;0
1221.26;29;2;3
1221.66;11;217;1
1226.81;8;497;2
1226.85;4;409;0
1231.3;29;2;3
1231.88;26;178;1
1236.86;8;497;2
1236.91;4;409;0
1241.34;29;2;3
1242.3;26;178;1
1246.91;8;497;2
1246.95;4;409;0
1251.39;29;2;3
1252.59;26;178;1
1256.95;30;221;2
1256.99;4;409;0
1261.43;29;2;3
1262.86;24;519;1
1267.03;30;221;2
1267.08;4;409;0
1271.48;5;354;3
1272.91;24;519;1
1277.08;30;221;2
1277.5;4;409;0
1281.52;5;354;3
1282.95;0;190;1
1287.16;30;221;2
1287.93;25;496;0
1291.57;5;354;3
1293;0;190;1
1297.39;10;460;2
1298.18;25;496;0
1301.65;5;354;3
1303.38;0;190;1
1307.44;10;460;2
1308.6;25;496;0
1312.07;5;354;3
1313.45;0;190;1
1317.48;10;460;2
1318.94;25;496;0
1322.49;16;498;3
1323.87;0;190;1
1327.9;10;460;2
1329.27;25;496;0
1332.57;16;498;3
1334.29;0;190;1
1338.26;10;460;2
1339.34;1;43;0
1342.77;16;498;3
1344.71;2;147;1
1348.38;28;77;2
1349.47;1;43;0
1352.82;16;498;3
1354.9;11;23;1
1358.43;28;77;2
1359.64;1;43;0
1363.04;9;150;3
1364.94;11;23;1
1368.47;28;77;2
1369.83;1;43;0
1373.39;9;150;3
1374.99;11;23;1
1378.52;28;77;2
1379.88;1;43;0
1383.44;9;150;3
1385.4;11;23;1
1388.97;28;77;2
1389.93;1;43;0
1393.5;29;108;3
1395.62;26;186;1
1399.05;28;77;2
1400.35;1;43;0
1403.55;29;108;3
1405.92;26;186;1
1409.28;28;77;2
1410.64;1;43;0
1413.59;29;108;3
1416.36;26;186;1
1419.32;21;489;2
1421.07;27;133;0
1423.71;7;51;3
1426.67;24;464;1
1429.45;21;489;2
1431.2;27;133;0
1433.85;7;51;3
1436.83;24;464;1
1439.5;21;489;2
1441.31;27;133;0
1444.18;16;482;3
1446.97;24;464;1
1449.92;21;489;2
1451.49;19;183;0
1454.47;16;482;3
1457.01;24;464;1
1460.04;21;489;2
1461.58;19;183;0
1464.52;16;482;3
1467.06;0;519;1
1470.09;21;489;2
1471.62;19;183;0
1474.62;5;538;3
1477.38;0;519;1
1480.32;21;489;2
1481.71;4;536;0
1484.67;5;538;3
1487.48;0;519;1
1490.48;21;489;2
1491.77;4;536;0
1494.76;5;538;3
1497.52;0;519;1
1500.52;21;489;2
1502.03;4;536;0
1505.03;5;538;3
1507.62;2;162;1
1510.61;8;260;2
1512.07;14;231;0
1515.07;5;538;3
1517.7;2;162;1
1520.66;8;260;2
1522.32;14;231;0
1525.19;5;538;3
1527.91;2;162;1
1530.75;8;260;2
1532.76;14;231;0
1535.63;5;538;3
1537.98;2;162;1
1540.96;10;449;2
1542.81;14;231;0
1545.81;5;538;3
1548.05;2;162;1
1551.02;10;449;2
1553.05;14;231;0
1556.04;5;538;3
1558.1;2;162;1
1561.09;10;449;2
1563.47;14;231;0
1568.5;2;162;1
1568.59;9;410;3
1571.48;10;449;2
1573.58;14;231;0
1578.55;2;162;1
1578.68;29;26;3
1581.55;10;449;2
1583.62;25;386;0
1588.59;2;162;1
1588.77;29;26;3
1591.6;10;449;2
1593.67;1;110;0
1598.64;2;162;1
1598.86;29;26;3
1601.69;10;449;2
1603.77;1;110;0
1608.71;11;247;1
1609.11;29;26;3
1611.94;10;449;2
1614.1;1;110;0
1618.75;11;247;1
1619.38;29;26;3
1622.05;30;333;2
1624.4;27;171;0
1628.81;11;247;1
1629.45;16;172;3
1632.25;30;333;2
1634.5;27;171;0
1638.86;26;308;1
1639.49;16;172;3
1642.32;30;333;2
1644.57;27;171;0
1649.3;0;495;1
1649.91;16;172;3
1652.74;30;333;2
1654.62;27;171;0
1659.36;0;495;1
1659.95;16;172;3
1662.92;30;333;2
1664.66;27;171;0
1669.78;0;495;1
1670.02;7;222;3
1672.97;28;130;2
1674.7;4;453;0
1679.93;0;495;1
1680.21;7;222;3
1685.12;4;453;0
1685.33;21;502;2
1689.97;24;232;1
1690.36;7;222;3
1695.28;4;453;0
1695.68;21;502;2
1700.04;24;232;1
1700.45;5;202;3
1705.33;4;453;0
1705.82;21;502;2
1710.09;24;232;1
1710.62;5;202;3
1715.58;4;453;0
1715.92;8;489;2
1720.13;24;232;1
1720.69;5;202;3
1725.87;19;339;0
1725.96;8;489;2
1731.1;5;202;3
1733.38;2;124;1
1735.96;19;339;0
1736.15;8;489;2
1741.25;9;70;3
1743.44;2;124;1
1746.06;19;339;0
1751.31;9;70;3
1753.52;26;41;1
1756.1;19;339;0
1757.4;10;184;2
1761.36;9;70;3
1763.83;26;41;1
1766.15;19;339;0
1767.51;10;184;2
1771.44;9;70;3
1773.88;26;41;1
1776.27;19;339;0
1777.67;10;184;2
1781.53;29;492;3
1783.92;26;41;1
1786.44;19;339;0
1787.71;10;184;2
1791.61;29;492;3
1793.99;26;41;1
1796.59;14;543;0
1797.76;10;184;2
1801.66;29;492;3
1804.04;11;3;1
1806.83;1;117;0
1807.84;10;184;2
1811.7;29;492;3
1814.46;11;3;1
1816.99;1;117;0
1818.13;10;184;2
1821.78;29;492;3
1824.78;0;443;1
1827.05;1;117;0
1828.21;10;184;2
1831.84;29;492;3
1834.84;0;443;1
1837.17;25;84;0
1838.51;10;184;2
1842.08;29;492;3
1845.04;0;443;1
1847.62;25;84;0
1848.91;10;184;2
1852.39;16;455;3
1855.11;0;443;1
1857.72;25;84;0
1859.17;10;184;2
1862.54;16;455;3
1865.3;24;104;1
1867.76;27;186;0
1869.24;30;116;2
1872.84;7;348;3
1875.35;24;104;1
1877.85;27;186;0
1879.36;30;116;2
1883.07;7;348;3
1885.4;24;104;1
1888.03;27;186;0
1889.49;30;116;2
1893.15;7;348;3
1895.45;24;104;1
1898.12;4;46;0
1899.7;30;116;2
1903.31;7;348;3
1905.49;2;76;1
1908.18;4;46;0
1909.75;8;134;2
1913.4;7;348;3
1915.95;2;76;1
1918.27;19;23;0
1919.99;8;134;2
1923.61;7;348;3
1926;2;76;1
1928.62;14;539;0
1930.04;8;134;2
1933.88;7;348;3
1936.35;26;357;1
1938.99;14;539;0
1940.08;8;134;2
1943.97;5;238;3
1946.53;26;357;1
1949.04;14;539;0
1950.5;8;134;2
1954.01;5;238;3
1956.61;26;357;1
1959.08;14;539;0
1960.54;28;301;2
1964.06;5;238;3
1966.76;26;357;1
1969.3;14;539;0
1970.59;28;301;2
1974.31;5;238;3
1976.81;26;357;1
1979.72;14;539;0
1980.8;28;301;2
1984.47;9;370;3
1986.92;0;405;1
1989.8;1;28;0
1990.9;28;301;2
1994.57;9;370;3
2000.09;1;28;0
2001.28;21;128;2
2002.08;11;515;1
2004.74;9;370;3
2010.13;1;28;0
2011.36;21;128;2
2012.21;11;515;1
2015.16;9;370;3
2020.3;1;28;0
2021.4;21;128;2
2022.54;11;515;1
2025.44;9;370;3
2030.34;1;28;0
2031.79;30;410;2
2032.58;11;515;1
2035.61;29;513;3
2040.59;1;28;0
2041.88;30;410;2
2042.7;11;515;1
2045.65;29;513;3
2050.75;1;28;0
2051.92;30;410;2
2052.83;11;515;1
2055.72;29;513;3
2061.17;1;28;0
2061.97;30;410;2
2062.88;11;515;1
2065.79;29;513;3
2071.42;25;398;0
2072.1;10;278;2
2073.09;11;515;1
2076.09;29;513;3
2081.89;25;398;0
2082.15;10;278;2
2083.32;11;515;1
2086.32;29;513;3
2091.97;25;398;0
2092.19;10;278;2
2093.51;24;429;1
2096.4;29;513;3
2102.03;19;174;0
2102.24;10;278;2
2103.56;24;429;1
2106.49;16;16;3
2112.12;27;171;0
2112.28;10;278;2
2113.76;24;429;1
2116.58;16;16;3
2122.33;10;278;2
2123.81;2;247;1
2126.68;16;16;3
2127.36;4;464;0
2132.37;8;376;2
2136.73;16;16;3
2137.53;4;464;0
2142.3;26;181;1
2142.45;8;376;2
2146.77;16;16;3
2147.57;14;216;0
2152.41;26;181;1
2152.5;8;376;2
2157.03;16;16;3
2157.67;14;216;0
2162.5;26;181;1
2162.54;8;376;2
2167.07;16;16;3
2168.09;14;216;0
2172.54;26;181;1
2172.59;21;219;2
2177.12;7;254;3
2178.37;1;23;0
2182.59;26;181;1
2182.63;21;219;2
2187.16;7;254;3
2188.41;1;23;0
2192.63;26;181;1
2192.68;21;219;2
2197.2;7;254;3
2198.46;1;23;0
2202.68;0;205;1
2202.72;21;219;2
2207.25;7;254;3
2208.52;25;11;0
2212.72;0;205;1
2212.76;28;150;2
2217.29;7;254;3
2218.61;25;11;0
2222.76;0;205;1
2222.81;28;150;2
2227.34;7;254;3
2228.68;25;11;0
2232.83;0;205;1
2232.88;28;150;2
2237.38;9;227;3
2238.75;25;11;0
2242.89;0;205;1
2242.97;28;150;2
2247.43;9;227;3
2248.8;25;11;0
2252.93;0;205;1
2253.05;28;150;2
2257.47;9;227;3
2258.89;25;11;0
2262.98;0;205;1
2263.3;30;348;2
2267.52;29;309;3
2269.02;25;11;0
2273.07;11;477;1
2273.52;30;348;2
2279.17;27;484;0
2279.75;5;463;3
2283.26;11;477;1
2283.61;10;370;2
2289.22;27;484;0
2289.89;5;463;3
2293.39;11;477;1
2293.66;10;370;2
2299.28;27;484;0
2299.95;16;455;3
2303.44;11;477;1
2303.8;10;370;2
2309.32;27;484;0
2310;16;455;3
2313.56;11;477;1
2313.85;10;370;2
2319.37;27;484;0
2323.66;11;477;1
2323.89;10;370;2
2327.53;7;302;3
2329.42;27;484;0
2333.85;11;477;1
2335.97;8;286;2
2337.76;7;302;3
2339.68;27;484;0
2343.89;11;477;1
2346.36;8;286;2
2347.84;7;302;3
2349.75;27;484;0
2355.57;24;313;1
2356.75;28;382;2
2358.02;7;302;3
2360.04;19;139;0
2365.71;24;313;1
2366.79;28;382;2
2368.26;7;302;3
2370.09;19;139;0
2375.92;24;313;1
2376.83;28;382;2
2378.3;7;302;3
2380.35;19;139;0
2386.16;24;313;1
2386.88;28;382;2
2388.35;9;513;3
2390.8;19;139;0
2396.4;24;313;1
2396.92;21;206;2
2398.77;5;245;3
2400.84;19;139;0
2406.67;24;313;1
2407.01;21;206;2
2409.1;5;245;3
2411.26;19;139;0
2416.97;2;497;1
2417.1;21;206;2
2419.15;5;245;3
2421.31;4;418;0
2427.01;2;497;1
2427.44;30;112;2
2429.19;16;242;3
2431.44;4;418;0
2437.06;2;497;1
2437.89;30;112;2
2439.24;16;242;3
2441.57;4;418;0
2447.1;2;497;1
2447.93;30;112;2
2449.28;16;242;3
2451.65;4;418;0
2457.14;2;497;1
2458.01;30;112;2
2459.33;16;242;3
2461.71;4;418;0
2467.19;26;277;1
2468.2;30;112;2
2469.37;16;242;3
2471.75;4;418;0
2477.23;26;277;1
2478.32;30;112;2
2479.45;16;242;3
2481.88;4;418;0
2487.28;26;277;1
2488.51;30;112;2
2489.83;16;242;3
2492.11;4;418;0
2497.32;26;277;1
2498.86;30;112;2
2499.88;29;389;3
2502.28;4;418;0
2507.37;26;277;1
2509.09;30;112;2
2509.92;29;389;3
2512.33;4;418;0
2517.41;26;277;1
2519.21;30;112;2
2519.99;29;389;3
2522.75;4;418;0
2527.46;26;277;1
2529.25;30;112;2
2530.04;29;389;3
2533.04;14;54;0
2537.5;26;277;1
2539.33;10;130;2
2540.08;29;389;3
2543.08;14;54;0
2547.54;26;277;1
2549.63;10;130;2
2550.13;29;389;3
2553.13;14;54;0
2557.59;26;277;1
2559.69;10;130;2
2560.17;9;26;3
2563.18;14;54;0
2567.65;11;172;1
2570.03;8;333;2
2573.26;14;54;0
2573.39;7;357;3
2577.69;11;172;1
2580.2;8;333;2
2583.39;25;504;0
2583.44;7;357;3
2587.77;11;172;1
2590.29;8;333;2
2593.44;25;504;0
2593.57;7;357;3
2597.97;11;172;1
2600.62;8;333;2
2603.57;25;504;0
2603.62;7;357;3
2608.05;0;502;1
2610.69;8;333;2
2613.62;25;504;0
2613.66;7;357;3
2618.24;0;502;1
2620.74;28;125;2
2623.66;25;504;0
2623.71;5;87;3
2628.54;0;502;1
2631.12;28;125;2
2633.71;27;41;0
2633.75;5;87;3
2638.66;24;2;1
2641.28;28;125;2
2643.75;27;41;0
2644.17;5;87;3
2648.75;24;2;1
2651.32;28;125;2
2654.06;19;37;0
2654.32;5;87;3
2659.17;24;2;1
2661.4;21;449;2
2664.35;19;37;0
2664.39;5;87;3
2669.36;24;2;1
2671.49;21;449;2
2674.39;19;37;0
2674.44;5;87;3
2679.57;24;2;1
2681.91;30;271;2
2684.44;1;148;0
2684.48;5;87;3
2689.62;2;278;1
2691.98;30;271;2
2694.48;1;148;0
2694.54;5;87;3
2702.19;30;271;2
2704.54;1;148;0
2704.58;16;394;3
2704.99;11;141;1
2712.24;10;482;2
2714.58;1;148;0
2714.71;16;394;3
2715.04;11;141;1
2722.3;10;482;2
2724.62;1;148;0
2725.05;16;394;3
2725.11;11;141;1
2734.68;4;236;0
2735.15;16;394;3
2735.2;11;141;1
2741.67;8;527;2
2744.96;4;236;0
2745.2;16;394;3
2745.24;11;141;1
2751.98;8;527;2
2755.02;4;236;0
2755.24;16;394;3
2762.05;8;527;2
2763.32;26;138;1
2765.07;4;236;0
2765.29;7;354;3
2772.5;8;527;2
2773.4;26;138;1
2775.31;4;236;0
2775.35;7;354;3
2782.57;8;527;2
2783.82;26;138;1
2785.37;19;533;0
2785.42;7;354;3
2792.85;8;527;2
2794.11;0;43;1
2795.42;19;533;0
2795.46;7;354;3
2802.9;8;527;2
2804.15;0;43;1
2805.46;19;533;0
2805.68;7;354;3
2813.32;8;527;2
2814.31;0;43;1
2815.51;19;533;0
2816.1;9;68;3
2823.74;8;527;2
2824.62;0;43;1
2825.55;19;533;0
2826.38;9;68;3
2834.16;8;527;2
2835.03;2;100;1
2835.97;27;475;0
2836.8;9;68;3
2844.47;8;527;2
2845.45;2;100;1
2846.17;27;475;0
2847.2;9;68;3
2854.6;8;527;2
2855.5;2;100;1
2856.39;27;475;0
2857.25;9;68;3
2864.88;21;250;2
2865.67;2;100;1
2866.83;14;418;0
2867.3;9;68;3
2875.3;21;250;2
2875.71;24;308;1
2877.29;14;418;0
2877.38;29;535;3
2885.71;21;250;2
2885.76;24;308;1
2887.34;14;418;0
2887.8;29;535;3
2895.76;28;327;2
2895.97;24;308;1
2897.87;29;535;3
2898.14;25;184;0
2905.96;28;327;2
2906.16;24;308;1
2908.16;29;535;3
2908.2;25;184;0
2916.03;28;327;2
2916.26;11;54;1
2918.2;29;535;3
2918.42;25;184;0
2926.08;28;327;2
2926.68;11;54;1
2928.28;29;535;3
2928.46;1;76;0
2936.5;28;327;2
2937.08;11;54;1
2938.46;29;535;3
2938.5;1;76;0
2946.54;28;327;2
2947.12;11;54;1
2948.55;5;307;3
2948.59;1;76;0
2956.73;28;327;2
2957.54;26;3;1
2958.59;5;307;3
2958.64;1;76;0
2966.77;28;327;2
2968;26;3;1
2968.64;5;307;3
2968.68;4;460;0
2977;28;327;2
2978.04;2;217;1
2978.68;5;307;3
2978.8;4;460;0
2987.06;30;70;2
2988.13;2;217;1
2988.73;5;307;3
2988.86;4;460;0
2997.1;10;405;2
2998.55;2;217;1
2998.77;5;307;3
3001.95;19;265;0
3007.2;10;405;2
3008.78;2;217;1
3008.9;5;307;3
3011.99;19;265;0
3017.65;8;46;2
3018.9;2;217;1
3018.95;16;494;3
3022.04;19;265;0
3027.69;21;512;2
3028.96;0;388;1
3029.01;16;494;3
3032.09;27;100;0
3037.74;21;512;2
3039.01;0;388;1
3039.05;16;494;3
3042.45;27;100;0
3048.08;21;512;2
3049.06;0;388;1
3049.11;16;494;3
3052.5;27;100;0
3058.32;21;512;2
3059.11;24;4;1
3059.39;7;412;3
3062.58;25;303;0
3068.43;21;512;2
3069.15;24;4;1
3069.49;7;412;3
3072.62;25;303;0
3078.51;30;86;2
3079.19;26;231;1
3082.85;25;303;0
3086;9;204;3
3088.56;30;86;2
3089.24;26;231;1
3092.98;25;303;0
3096.04;9;204;3
3098.78;30;86;2
3103.11;25;303;0
3106.15;9;204;3
3108.94;30;86;2
3109.46;11;525;1
3113.19;25;303;0
3116.24;29;26;3
3119;30;86;2
3119.52;11;525;1
3123.27;14;413;0
3126.32;29;26;3
3129.09;30;86;2
3129.78;11;525;1
3133.44;14;413;0
3136.42;29;26;3
3139.23;28;185;2
3139.87;11;525;1
3143.5;14;413;0
3146.5;5;56;3
3149.32;28;185;2
3150.04;2;71;1
3153.79;1;381;0
3156.67;5;56;3
3159.44;28;185;2
3160.1;2;71;1
3164.05;1;381;0
3166.72;5;56;3
3169.52;28;185;2
3170.17;2;71;1
3174.1;1;381;0
3177.1;5;56;3
3179.93;28;185;2
3180.4;2;71;1
3184.32;1;381;0
3187.14;5;56;3
3190;28;185;2
3190.55;2;71;1
3194.56;1;381;0
3197.33;5;56;3
3200.04;10;167;2
3200.6;2;71;1
3204.61;19;375;0
3207.61;5;56;3
3210.09;10;167;2
3210.67;2;71;1
3214.88;19;375;0
3217.65;5;56;3
3220.13;10;167;2
3220.71;2;71;1
3225.3;19;375;0
3227.92;5;56;3
3230.18;10;167;2
3230.76;2;71;1
3235.46;19;375;0
3238.1;5;56;3
3240.22;10;167;2
3240.8;0;219;1
3245.76;19;375;0
3248.34;5;56;3
3250.28;8;414;2
3250.85;0;219;1
3255.81;19;375;0
3258.58;5;56;3
3260.33;8;414;2
3260.89;0;219;1
3265.85;19;375;0
3268.81;16;263;3
3270.73;8;414;2
3270.93;24;352;1
3276.27;19;375;0
3279.13;16;263;3
3280.93;8;414;2
3280.98;24;352;1
3286.32;19;375;0
3289.2;16;263;3
3291;21;298;2
3291.04;24;352;1
3296.44;19;375;0
3299.44;16;263;3
3301.04;21;298;2
3301.13;24;352;1
3306.48;19;375;0
3309.48;16;263;3
3311.13;21;298;2
3311.56;24;352;1
3316.53;27;509;0
3319.53;16;263;3
3321.17;30;245;2
3321.84;24;352;1
3326.57;27;509;0
3329.57;9;254;3
3331.34;30;245;2
3332.1;24;352;1
3336.66;27;509;0
3339.62;9;254;3
3341.39;30;245;2
3342.14;24;352;1
3346.7;27;509;0
3349.67;9;254;3
3351.43;30;245;2
3352.36;11;236;1
3356.75;27;509;0
3359.77;7;419;3
3361.58;30;245;2
3362.6;11;236;1
3366.79;27;509;0
3369.81;7;419;3
3371.77;10;65;2
3372.64;11;236;1
3376.84;14;464;0
3379.86;29;528;3
3381.81;10;65;2
3386.29;26;484;1
3386.91;14;464;0
3389.9;29;528;3
3391.86;10;65;2
3396.48;26;484;1
3397.14;14;464;0
3400.04;29;528;3
3402.07;10;65;2
3406.9;26;484;1
3407.22;1;183;0
3410.24;29;528;3
3412.45;28;279;2
3416.97;2;525;1
3417.29;1;183;0
3420.29;29;528;3
3422.5;28;279;2
3427.53;1;183;0
3430.53;29;528;3
3432.61;28;279;2
3435.27;0;104;1
3437.58;1;183;0
3440.58;5;168;3
3442.95;28;279;2
3445.31;0;104;1
3447.62;4;155;0
3450.62;5;168;3
3452.99;8;19;2
3455.73;0;104;1
3457.71;4;155;0
3460.7;5;168;3
3463.04;8;19;2
3465.87;0;104;1
3468.13;25;277;0
3470.79;5;168;3
3473.08;8;19;2
3475.91;0;104;1
3478.18;25;277;0
3480.92;5;168;3
3483.14;8;19;2
3485.96;24;471;1
3488.22;19;495;0
3490.96;5;168;3
3493.19;8;19;2
3496;24;471;1
3498.45;19;495;0
3501.18;16;524;3
3503.23;21;414;2
3506.05;24;471;1
3508.69;19;495;0
3511.25;16;524;3
3513.28;21;414;2
3516.1;24;471;1
3518.75;14;496;0
3521.29;16;524;3
3523.37;30;538;2
3526.14;24;471;1
3528.79;14;496;0
3531.44;16;524;3
3533.45;10;364;2
3536.32;24;471;1
3539.06;14;496;0
3541.57;16;524;3
3543.82;10;364;2
3546.61;11;190;1
3549.11;14;496;0
3551.99;16;524;3
3553.94;10;364;2
3556.65;11;190;1
3559.25;14;496;0
3562.16;16;524;3
3564.33;10;364;2
3566.69;11;190;1
3569.37;14;496;0
3572.32;9;86;3
3574.44;10;364;2
3576.78;2;332;1
3579.69;27;213;0
3582.36;9;86;3
3584.49;10;364;2
3586.82;2;332;1
3589.82;27;213;0
3592.41;9;86;3
3594.77;10;364;2
3597.24;2;332;1
3600.13;27;213;0
3604.04;7;540;3
3604.81;10;364;2
3607.59;2;332;1
3610.55;25;470;0
3614.09;7;540;3
3615.14;28;130;2
3617.8;2;332;1
3620.59;25;470;0
3624.13;7;540;3
3625.3;28;130;2
3627.95;2;332;1
3630.93;1;70;0
3634.26;7;540;3
3635.35;28;130;2
3638.29;2;332;1
3640.98;4;475;0
3644.39;7;540;3
3645.69;28;130;2
3648.36;26;444;1
3651.06;4;475;0
3654.43;29;326;3
3655.83;28;130;2
3658.43;26;444;1
3661.13;4;475;0
3664.85;29;326;3
3666.23;28;130;2
3668.47;0;2;1
3671.47;4;475;0
3675.27;29;326;3
3676.64;21;20;2
3678.55;0;2;1
3681.52;14;94;0
3685.46;5;17;3
3686.72;21;20;2
3688.69;0;2;1
3691.59;14;94;0
3695.66;5;17;3
3696.8;30;40;2
3699.11;0;2;1
3702.01;19;422;0
3706.08;5;17;3
3707.07;30;40;2
3709.16;11;433;1
3712.15;19;422;0
3716.13;5;17;3
3717.36;30;40;2
3719.25;11;433;1
3722.25;19;422;0
3726.33;5;17;3
3727.45;8;157;2
3729.32;11;433;1
3732.32;19;422;0
3736.5;5;17;3
3737.87;8;157;2
3739.5;11;433;1
3742.37;19;422;0
3746.57;5;17;3
3748.04;10;211;2
3749.65;24;525;1
3752.41;19;422;0
3756.78;16;455;3
3758.11;10;211;2
3759.69;24;525;1
3762.62;19;422;0
3767.16;16;455;3
3768.41;10;211;2
3769.74;24;525;1
3772.66;27;125;0
3777.41;9;344;3
3778.69;10;211;2
3780.02;2;238;1
3782.89;27;125;0
3787.45;9;344;3
3788.73;21;424;2
3790.2;2;238;1
3793.17;27;125;0
3797.62;9;344;3
3798.85;21;424;2
3800.25;2;238;1
3803.22;1;303;0
3807.96;9;344;3
3809.03;21;424;2
3810.43;26;246;1
3813.43;1;303;0
3818;9;344;3
3819.26;28;149;2
3820.48;26;246;1
3823.48;1;303;0
3828.08;7;302;3
3829.31;28;149;2
3830.63;26;246;1
3833.52;1;303;0
3838.53;7;302;3
3839.35;28;149;2
3840.71;26;246;1
3843.57;25;493;0
3848.94;7;302;3
3849.57;28;149;2
3850.78;26;246;1
3853.62;25;493;0
3858.98;7;302;3
3860.03;30;368;2
3861.22;0;419;1
3863.73;25;493;0
3869.06;29;470;3
3870.07;30;368;2
3871.3;0;419;1
3874.1;25;493;0
3879.2;16;327;3
3880.49;30;368;2
3881.36;0;419;1
3884.38;25;493;0
3889.34;16;327;3
3890.88;8;163;2
3891.73;11;253;1
3894.56;25;493;0
3899.76;16;327;3
3900.96;8;163;2
3902.15;11;253;1
3904.88;25;493;0
3910;16;327;3
3911.33;8;163;2
3912.57;11;253;1
3915.04;25;493;0
3920.19;16;327;3
3921.38;8;163;2
3922.87;11;253;1
3925.09;27;519;0
3930.56;16;327;3
3931.42;8;163;2
3933.1;11;253;1
3935.19;27;519;0
3940.91;16;327;3
3941.47;10;152;2
3943.49;11;253;1
3945.34;27;519;0
3951.13;16;327;3
3951.51;10;152;2
3953.54;24;393;1
3955.56;27;519;0
3961.18;16;327;3
3961.56;10;152;2
3963.6;24;393;1
3965.73;27;519;0
3971.56;5;480;3
3971.6;10;152;2
3973.97;24;393;1
3975.77;27;519;0
3981.6;5;480;3
3981.64;10;152;2
3984.06;24;393;1
3985.9;27;519;0
3991.64;5;480;3
3991.69;21;159;2
3994.11;24;393;1
3995.99;4;54;0
4001.73;5;480;3
4001.78;28;392;2
4004.15;24;393;1
4006.03;4;54;0
4011.78;5;480;3
4011.82;28;392;2
4014.19;24;393;1
4016.31;4;54;0
4021.86;5;480;3
4021.91;28;392;2
4024.27;2;61;1
4026.58;1;539;0
4031.91;5;480;3
4031.95;28;392;2
4034.33;2;61;1
4036.65;1;539;0
4041.97;29;242;3
4042.01;28;392;2
4044.38;2;61;1
4047.07;1;539;0
4052.01;29;242;3
4052.1;28;392;2
4054.42;2;61;1
4057.11;1;539;0
4062.06;29;242;3
4062.28;30;499;2
4064.84;2;61;1
4067.16;14;184;0
4072.1;7;344;3
4072.32;30;499;2
4074.93;2;61;1
4077.58;14;184;0
4082.15;7;344;3
4082.49;30;499;2
4084.97;0;295;1
4087.78;14;184;0
4092.19;7;344;3
4092.58;30;499;2
4095.21;0;295;1
4097.83;14;184;0
4102.24;7;344;3
4102.83;30;499;2
4105.25;0;295;1
4107.96;19;341;0
4112.28;7;344;3
4112.87;30;499;2
4115.33;0;295;1
4118.01;19;341;0
4122.32;7;344;3
4122.96;8;193;2
4125.41;0;295;1
4128.05;19;341;0
4132.82;9;412;3
4133.27;8;193;2
4135.53;0;295;1
4138.1;25;535;0
4142.86;9;412;3
4143.53;8;193;2
4145.57;26;333;1
4148.14;25;535;0
4153;9;412;3
4153.6;8;193;2
4155.75;26;333;1
4158.18;25;535;0
4163.04;9;412;3
4163.79;8;193;2
4165.82;26;333;1
4168.26;25;535;0
4173.11;9;412;3
4174.06;8;193;2
4176.09;26;333;1
4178.52;25;535;0
4183.18;16;179;3
4184.14;8;193;2
4186.19;11;443;1
4188.74;25;535;0
4193.38;16;179;3
4194.35;21;94;2
4196.38;11;443;1
4198.8;25;535;0
4203.59;16;179;3
4204.4;21;94;2
4206.51;11;443;1
4208.95;25;535;0
4213.79;5;230;3
4214.46;10;133;2
4216.81;11;443;1
4219.03;25;535;0
4223.9;5;230;3
4224.57;10;133;2
4226.87;11;443;1
4229.07;27;277;0
4234.31;5;230;3
4234.99;28;286;2
4237.29;24;159;1
4239.14;27;277;0
4244.36;5;230;3
4245.45;28;286;2
4247.34;24;159;1
4249.19;1;475;0
4254.73;29;312;3
4255.6;28;286;2
4257.61;2;162;1
4259.24;1;475;0
4264.93;29;312;3
4265.97;28;286;2
4267.74;2;162;1
4269.66;1;475;0
4275.02;7;202;3
4276.14;28;286;2
4277.78;2;162;1
4279.74;1;475;0
4285.15;7;202;3
4286.37;30;538;2
4288.15;0;216;1
4289.78;4;533;0
4295.49;7;202;3
4296.5;30;538;2
4298.4;0;216;1
4299.87;4;533;0
4305.53;7;202;3
4306.82;8;250;2
4309.44;26;234;1
4310.02;4;533;0
4315.85;9;410;3
4316.87;8;250;2
4319.65;26;234;1
4320.28;4;533;0
4325.95;9;410;3
4326.91;8;250;2
4329.78;26;234;1
4330.73;4;533;0
4336.2;9;410;3
4336.96;21;207;2
4339.83;26;234;1
4340.8;19;418;0
4346.6;9;410;3
4347.3;21;207;2
4350.01;26;234;1
4351.07;14;265;0
4356.99;9;410;3
4357.59;21;207;2
4360.09;26;234;1
4361.12;14;265;0
4367.06;9;410;3
4367.64;21;207;2
4370.18;26;234;1
4371.25;14;265;0
4377.29;16;80;3
4377.87;28;205;2
4381.33;25;28;0
4382.02;11;149;1
4387.57;16;80;3
4388.05;28;205;2
4392.17;11;149;1
4396.53;27;277;0
4397.61;16;80;3
4398.13;28;205;2
4402.26;11;149;1
4406.8;1;375;0
4407.66;16;80;3
4408.55;28;205;2
4412.68;24;289;1
4416.86;1;375;0
4417.7;16;80;3
4418.64;28;205;2
4422.73;24;289;1
4426.94;1;375;0
4427.78;5;105;3
4429.06;10;383;2
4432.77;24;289;1
4437.03;1;375;0
4438.07;5;105;3
4439.52;10;383;2
4442.86;24;289;1
4447.47;1;375;0
4448.11;5;105;3
4449.65;10;383;2
4452.97;24;289;1
4457.75;1;375;0
4458.23;5;105;3
4459.8;10;383;2
4463.02;24;289;1
4467.87;1;375;0
4468.28;5;105;3
4469.84;30;169;2
4473.32;24;289;1
4477.91;4;515;0
4478.7;5;105;3
4479.91;30;169;2
4483.42;0;247;1
4487.96;4;515;0
4488.94;5;105;3
4490;30;169;2
4495.16;2;323;1
4498;4;515;0
4499.01;29;204;3
4500.04;30;169;2
4505.38;2;323;1
4508.04;19;393;0
4509.37;29;204;3
4510.46;21;312;2
4515.78;26;482;1
4518.09;19;393;0
4519.51;29;204;3
4520.71;21;312;2
4525.84;26;482;1
4528.13;25;78;0
4529.93;9;513;3
4530.75;21;312;2
4536.06;11;469;1
4538.18;25;78;0
4540.8;8;173;2
4542.05;16;241;3
4546.18;11;469;1
4548.22;25;78;0
4550.85;8;173;2
4552.42;16;241;3
4556.34;11;469;1
4558.27;25;78;0
4561.44;10;528;2
4562.79;16;241;3
4568.31;25;78;0
4571.49;10;528;2
4573.14;16;241;3
4576.99;24;438;1
4578.37;25;78;0
4581.91;10;528;2
4583.23;7;16;3
4587.1;24;438;1
4588.41;25;78;0
4592.19;10;528;2
4593.28;7;16;3
4597.17;24;438;1
4598.5;14;190;0
4602.26;10;528;2
4603.32;7;16;3
4607.57;24;438;1
4608.54;14;190;0
4612.34;28;222;2
4613.59;7;16;3
4617.68;24;438;1
4618.96;14;190;0
4622.42;28;222;2
4623.79;5;89;3
4627.73;24;438;1
4629.06;14;190;0
4632.49;28;222;2
4634.21;5;89;3
4637.82;0;256;1
4639.1;14;190;0
4642.54;28;222;2
4644.25;5;89;3
4647.87;0;256;1
4649.36;27;291;0
4652.58;28;222;2
4654.49;5;89;3
4658.12;0;256;1
4659.6;27;291;0
4662.63;28;222;2
4664.59;5;89;3
4668.21;0;256;1
4670;27;291;0
4672.7;28;222;2
4674.66;5;89;3
4678.49;26;170;1
4680.09;1;399;0
4682.77;28;222;2
4684.75;9;405;3
4688.58;26;170;1
4690.13;1;399;0
4692.81;28;222;2
4694.8;9;405;3
4698.64;26;170;1
4700.6;1;399;0
4702.92;21;474;2
4704.87;9;405;3
4709.07;2;195;1
4710.67;19;186;0
4713.33;21;474;2
4715.01;29;422;3
4719.11;2;195;1
4721.09;19;186;0
4723.71;21;474;2
4725.31;29;422;3
4729.46;2;195;1
4731.15;19;186;0
4733.8;21;474;2
4735.74;7;330;3
4739.51;11;34;1
4741.19;19;186;0
4743.89;21;474;2
4746.16;7;330;3
4749.56;11;34;1
4751.31;4;305;0
4754.24;21;474;2
4756.2;7;330;3
4759.73;11;34;1
4761.5;4;305;0
4764.5;30;138;2
4766.41;7;330;3
4769.96;24;280;1
4771.67;4;305;0
4774.54;30;138;2
4776.46;7;330;3
4780.04;24;280;1
4781.93;4;305;0
4784.97;30;138;2
4786.53;16;155;3
4790.2;24;280;1
4792.2;4;305;0
4795.16;8;382;2
4796.58;16;155;3
4800.25;24;280;1
4802.33;4;305;0
4805.2;8;382;2
4807;16;155;3
4810.67;24;280;1
4812.51;4;305;0
4815.24;8;382;2
4817.05;16;155;3
4820.79;24;280;1
4822.69;4;305;0
4825.29;10;143;2
4827.5;9;268;3
4830.83;24;280;1
4833.11;14;429;0
4835.33;10;143;2
4837.55;9;268;3
4841;24;280;1
4843.27;14;429;0
4845.38;10;143;2
4847.83;9;268;3
4851.16;24;280;1
4853.31;14;429;0
4855.42;10;143;2
4858.27;9;268;3
4861.25;0;257;1
4863.39;14;429;0
4865.47;10;143;2
4868.4;9;268;3
4871.3;0;257;1
4873.47;25;444;0
4875.51;10;143;2
4878.45;29;93;3
4881.34;0;257;1
4883.75;27;206;0
4885.56;10;143;2
4888.49;29;93;3
4891.38;0;257;1
4893.81;27;206;0
4895.6;10;143;2
4898.54;29;93;3
4901.43;0;257;1
4904.03;27;206;0
4905.64;28;133;2
4908.58;29;93;3
4911.61;0;257;1
4914.08;1;484;0
4915.72;28;133;2
4918.67;5;320;3
4921.68;0;257;1
4924.26;1;484;0
4925.76;28;133;2
4928.72;5;320;3
4931.77;26;546;1
4934.46;1;484;0
4935.85;28;133;2
4938.85;5;320;3
4941.85;26;546;1
4945.91;28;133;2
4946.13;19;9;0
4948.89;5;320;3
4951.9;26;546;1
4955.97;30;73;2
4956.29;19;9;0
4958.97;5;320;3
4961.95;26;546;1
4966.01;30;73;2
4966.74;19;9;0
4969.02;5;320;3
4972.05;26;546;1
4976.06;21;167;2
4977.12;14;251;0
4979.07;5;320;3
4982.1;26;546;1
4986.31;21;167;2
4987.54;14;251;0
4989.15;5;320;3
4992.17;26;546;1
4996.73;21;167;2
4997.95;14;251;0
4999.57;5;320;3
5002.32;11;389;1
5006.95;21;167;2
5008.41;14;251;0
5009.62;16;222;3
5012.37;11;389;1
5016.99;21;167;2
5018.46;14;251;0
5019.71;16;222;3
5022.43;11;389;1
5027.22;8;365;2
5028.89;14;251;0
5029.82;16;222;3
5032.47;11;389;1
5037.43;8;365;2
5038.93;14;251;0
5039.87;7;174;3
5042.52;11;389;1
5047.47;8;365;2
5049.08;4;355;0
5049.91;7;174;3
5052.58;11;389;1
5057.89;8;365;2
5059.12;4;355;0
5059.97;29;68;3
5062.75;11;389;1
5068.31;8;365;2
5069.31;4;355;0
5070.02;29;68;3
5072.8;11;389;1
5078.36;8;365;2
5079.4;4;355;0
5080.06;9;71;3
5082.86;2;300;1
5088.71;10;254;2
5089.84;4;355;0
5090.1;9;71;3
5092.9;2;300;1
5098.8;10;254;2
5100.04;4;355;0
5100.36;9;71;3
5103.02;2;300;1
5108.84;30;110;2
5110.11;27;509;0
5110.75;9;71;3
5113.1;2;300;1
5118.93;30;110;2
5120.15;27;509;0
5120.84;9;71;3
5123.15;2;300;1
5128.98;30;110;2
5130.2;27;509;0
5130.92;9;71;3
5133.2;2;300;1
5139.02;30;110;2
5140.24;27;509;0
5141.04;9;71;3
5143.24;2;300;1
5149.07;30;110;2
5150.28;25;297;0
5151.09;5;241;3
5153.28;2;300;1
5159.11;30;110;2
5160.33;25;297;0
5161.16;5;241;3
5163.33;0;286;1
5169.16;21;480;2
5170.37;19;442;0
5171.22;16;104;3
5173.37;0;286;1
5179.21;21;480;2
5180.42;19;442;0
5181.31;16;104;3
5183.42;0;286;1
5189.25;21;480;2
5190.46;19;442;0
5191.73;16;104;3
5193.5;24;295;1
5199.61;28;492;2
5200.78;19;442;0
5201.85;16;104;3
5203.57;24;295;1
5209.74;28;492;2
5211.22;14;232;0
5212.1;16;104;3
5213.68;24;295;1
5220.09;28;492;2
5221.31;1;477;0
5222.56;16;104;3
5223.73;26;34;1
5230.13;28;492;2
5231.35;1;477;0
5232.64;7;485;3
5233.92;26;34;1
5240.34;10;211;2
5241.43;1;477;0
5242.71;7;485;3
5243.97;26;34;1
5250.74;10;211;2
5251.67;1;477;0
5252.76;7;485;3
5254.27;11;150;1
5260.96;10;211;2
5261.8;27;391;0
5263.18;7;485;3
5264.63;11;150;1
5271.38;10;211;2
5271.88;27;391;0
5273.22;7;485;3
5274.85;2;147;1
5281.48;8;291;2
5282.18;27;391;0
5283.28;7;485;3
5284.96;2;147;1
5291.53;8;291;2
5292.57;27;391;0
5294.07;29;105;3
5295.39;0;471;1
5301.57;8;291;2
5302.64;4;178;0
5304.11;29;105;3
5305.44;0;471;1
5311.63;8;291;2
5314.22;29;105;3
5315.49;0;471;1
5319.21;25;386;0
5321.67;30;327;2
5324.27;29;105;3
5325.86;0;471;1
5329.25;25;386;0
5331.72;30;327;2
5334.37;29;105;3
5336.02;24;305;1
5339.3;25;386;0
5341.8;30;327;2
5344.76;9;392;3
5346.44;24;305;1
5349.34;25;386;0
5352.21;30;327;2
5355.04;9;392;3
5356.8;24;305;1
5359.39;25;386;0
5362.39;28;480;2
5365.21;9;392;3
5366.85;24;305;1
5369.44;25;386;0
5372.43;28;480;2
5375.27;9;392;3
5376.89;24;305;1
5379.48;25;386;0
5382.48;21;202;2
5385.31;9;392;3
5386.93;24;305;1
5389.53;19;248;0
5392.53;21;202;2
5395.57;9;392;3
5396.98;24;305;1
5399.66;19;248;0
5402.59;21;202;2
5405.62;9;392;3
5407.02;24;305;1
5409.73;19;248;0
5412.7;21;202;2
5415.7;9;392;3
5417.07;24;305;1
5420.04;19;248;0
5422.82;21;202;2
5425.78;5;441;3
5427.13;26;420;1
5430.13;19;248;0
5433.15;8;382;2
5435.94;5;441;3
5437.28;26;420;1
5440.28;14;399;0
5443.24;8;382;2
5446.22;5;441;3
5447.37;26;420;1
5450.39;14;399;0
5453.37;8;382;2
5456.28;5;441;3
5457.41;26;420;1
5460.43;14;399;0
5463.43;8;382;2
5466.43;5;441;3
5467.52;0;334;1
5470.48;1;308;0
5473.52;8;382;2
5476.51;5;441;3
5477.67;0;334;1
5480.65;1;308;0
5483.6;10;157;2
5486.59;5;441;3
5487.71;2;200;1
5490.71;1;308;0
5493.71;10;157;2
5496.71;16;133;3
5498.13;2;200;1
5500.77;1;308;0
5503.77;10;157;2
5506.77;16;133;3
5508.2;2;200;1
5510.82;1;308;0
5513.82;10;157;2
5516.82;16;133;3
5518.26;11;368;1
5521.17;1;308;0
5523.86;10;157;2
5526.87;16;133;3
5528.3;11;368;1
5531.31;1;308;0
5533.94;10;157;2
5536.94;7;222;3
5538.61;11;368;1
5541.43;4;484;0
5545.45;30;364;2
5547.04;7;222;3
5548.81;11;368;1
5552.74;25;418;0
5557.17;7;222;3
5558.38;21;332;2
5558.94;11;368;1
5567.31;7;222;3
5568.58;21;332;2
5568.98;24;409;1
5570.13;27;217;0
5577.39;29;164;3
5578.98;21;332;2
5579.03;24;409;1
5580.17;27;217;0
5587.81;29;164;3
5589.03;21;332;2
5589.08;24;409;1
5590.22;27;217;0
5598.16;29;164;3
5599.08;28;219;2
5599.12;24;409;1
5600.53;27;217;0
5608.53;9;260;3
5609.12;8;55;2
5609.17;26;521;1
5610.67;19;13;0
5618.58;9;260;3
5619.17;8;55;2
5619.21;26;521;1
5620.75;19;13;0
5628.62;9;260;3
5629.21;8;55;2
5629.26;26;521;1
5630.8;19;13;0
5638.67;9;260;3
5639.26;8;55;2
5639.31;26;521;1
5640.98;19;13;0
5648.71;5;498;3
5649.42;0;433;1
5651.27;19;13;0
5652.84;10;67;2
5659.13;5;498;3
5659.47;0;433;1
5661.33;14;248;0
5662.9;10;67;2
5669.25;5;498;3
5669.72;0;433;1
5671.38;14;248;0
5673.32;10;67;2
5679.34;5;498;3
5681.43;1;303;0
5683.45;10;67;2
5689.39;5;498;3
5691.62;1;303;0
5693.7;10;67;2
5694.85;2;352;1
5699.43;5;498;3
5702.08;1;303;0
5703.75;10;67;2
5704.89;2;352;1
5709.51;5;498;3
5712.42;25;257;0
5713.79;10;67;2
5715.28;2;352;1
5719.67;7;500;3
5722.67;25;257;0
5723.84;30;522;2
5725.33;2;352;1
5729.9;7;500;3
5732.71;25;257;0
5733.91;30;522;2
5735.42;2;352;1
5739.97;7;500;3
5742.89;25;257;0
5743.96;30;522;2
5745.47;2;352;1
5750.01;7;500;3
5752.95;25;257;0
5754.04;30;522;2
5755.63;2;352;1
5760.08;7;500;3
5763.05;25;257;0
5764.26;30;522;2
5765.87;2;352;1
5770.16;7;500;3
5773.13;4;531;0
5774.31;30;522;2
5775.95;11;485;1
5780.27;7;500;3
5783.27;4;531;0
5784.38;30;522;2
5786.02;26;216;1
5790.57;16;198;3
5793.34;4;531;0
5794.45;21;389;2
5796.1;26;216;1
5800.62;16;198;3
5803.56;4;531;0
5804.49;28;271;2
5806.18;24;470;1
5810.66;9;442;3
5813.66;4;531;0
5814.68;28;271;2
5816.53;24;470;1
5820.71;9;442;3
5823.72;27;289;0
5824.82;8;65;2
5826.58;24;470;1
5830.75;9;442;3
5833.78;27;289;0
5834.93;8;65;2
5836.62;24;470;1
5840.8;9;442;3
5843.82;27;289;0
5845.3;8;65;2
5846.69;0;510;1
5850.84;9;442;3
5853.87;27;289;0
5855.38;8;65;2
5856.87;0;510;1
5860.89;9;442;3
5863.91;27;289;0
5865.67;10;323;2
5866.91;2;19;1
5870.94;5;326;3
5873.96;19;478;0
5875.72;10;323;2
5876.96;2;19;1
5881.36;5;326;3
5884.22;19;478;0
5885.8;30;320;2
5887.04;2;19;1
5891.47;5;326;3
5894.37;19;478;0
5895.88;30;320;2
5897.14;11;297;1
5901.53;5;326;3
5904.41;19;478;0
5905.92;30;320;2
5907.2;11;297;1
5911.75;5;326;3
5914.48;19;478;0
5915.96;30;320;2
5917.43;11;297;1
5921.79;29;152;3
5924.52;19;478;0
5926.01;30;320;2
5927.48;11;297;1
5931.84;29;152;3
5934.57;14;383;0
5936.05;30;320;2
5937.57;11;297;1
5941.89;29;152;3
5944.61;14;383;0
5946.1;30;320;2
5947.62;11;297;1
5951.93;29;152;3
5954.65;14;383;0
5956.15;30;320;2
5957.66;26;168;1
5961.98;29;152;3
5964.7;14;383;0
5966.2;28;234;2
5967.71;26;168;1
5972.4;29;152;3
5974.78;14;383;0
5976.29;28;234;2
5977.75;26;168;1
5982.61;29;152;3
5984.83;14;383;0
5986.4;28;234;2
5987.83;26;168;1
5992.69;29;152;3
5995;14;383;0
5996.82;28;234;2
5998.41;24;246;1
6003.11;16;327;3
6005.45;1;37;0
6007.24;28;234;2
6008.45;24;246;1
6013.22;16;327;3
6015.52;1;37;0
6017.38;28;234;2
6018.52;24;246;1
6023.26;16;327;3
6025.66;1;37;0
6027.61;28;234;2
6028.64;0;167;1
6033.44;16;327;3
6035.7;4;475;0
6037.66;21;38;2
6038.69;0;167;1
6043.86;16;327;3
6045.75;4;475;0
6047.71;21;38;2
6048.75;0;167;1
6053.9;7;67;3
6055.79;4;475;0
6057.75;21;38;2
6058.8;0;167;1
6064.25;7;67;3
6065.84;4;475;0
6067.79;21;38;2
6068.84;0;167;1
6074.69;7;67;3
6075.89;4;475;0
6077.84;21;38;2
6078.9;0;167;1
6084.73;5;293;3
6086.02;4;475;0
6087.88;21;38;2
6088.94;0;167;1
6094.78;5;293;3
6096.07;4;475;0
6097.93;21;38;2
6098.99;2;422;1
6105.2;5;293;3
6106.11;25;375;0
6107.97;10;124;2
6109.03;2;422;1
6115.27;5;293;3
6116.53;25;375;0
6118.06;10;124;2
6119.08;2;422;1
6125.32;5;293;3
6126.62;25;375;0
6128.1;10;124;2
6129.12;2;422;1
6135.36;9;93;3
6137;25;375;0
6138.36;8;121;2
6139.25;2;422;1
6145.42;9;93;3
6147.33;25;375;0
6148.43;8;121;2
6149.32;24;174;1
6155.46;9;93;3
6158.48;8;121;2
6159.47;24;174;1
6160.1;27;494;0
6165.57;29;25;3
6168.55;30;253;2
6169.51;24;174;1
6170.18;27;494;0
6175.68;29;25;3
6178.6;30;253;2
6179.93;24;174;1
6180.31;27;494;0
6185.76;29;25;3
6188.76;28;527;2
6190;24;174;1
6190.43;27;494;0
6195.84;29;25;3
6198.82;28;527;2
6200.07;24;174;1
6200.61;27;494;0
6205.9;16;127;3
6208.9;28;527;2
6210.49;24;174;1
6211.05;27;494;0
6216.03;16;127;3
6219.03;28;527;2
6221.17;27;494;0
6221.53;26;173;1
6226.1;16;127;3
6229.07;28;527;2
6231.39;27;494;0
6231.58;26;173;1
6236.52;16;127;3
6239.51;28;527;2
6241.43;19;147;0
6241.63;26;173;1
6246.6;5;257;3
6249.6;28;527;2
6251.57;19;147;0
6251.87;26;173;1
6256.65;5;257;3
6259.65;28;527;2
6261.61;19;147;0
6261.93;11;535;1
6266.92;7;279;3
6269.92;21;392;2
6271.93;14;297;0
6273.3;2;117;1
6277.1;9;245;3
6280.01;21;392;2
6281.97;14;297;0
6283.34;2;117;1
6287.35;9;245;3
6290.18;21;392;2
6292.43;1;364;0
6293.8;2;117;1
6297.56;9;245;3
6300.22;21;392;2
6302.55;1;364;0
6304.08;0;492;1
6307.63;9;245;3
6310.52;21;392;2
6312.75;1;364;0
6314.34;0;492;1
6317.68;29;368;3
6320.56;21;392;2
6322.8;4;232;0
6324.51;0;492;1
6328.1;29;368;3
6330.61;10;250;2
6332.87;4;232;0
6334.7;0;492;1
6340.68;10;250;2
6342.92;4;232;0
6344.74;24;135;1
6351.03;10;250;2
6353;4;232;0
6354.79;24;135;1
6356.51;16;319;3
6361.12;8;376;2
6363.04;25;484;0
6364.83;24;135;1
6366.64;16;319;3
6371.2;28;293;2
6373.17;25;484;0
6374.91;24;135;1
6377.06;16;319;3
6381.37;28;293;2
6383.28;27;334;0
6384.95;11;341;1
6387.16;16;319;3
6393.5;27;334;0
6395.02;11;341;1
6396.2;30;549;2
6397.33;16;319;3
6403.54;27;334;0
6405.2;11;341;1
6406.32;30;549;2
6407.42;16;319;3
6413.58;27;334;0
6415.25;11;341;1
6417.54;7;385;3
6424;14;526;0
6425.31;11;341;1
6427.95;7;385;3
6433.11;21;59;2
6434.15;14;526;0
6435.73;11;341;1
6437.99;7;385;3
6443.16;21;59;2
6444.2;14;526;0
6446.14;26;523;1
6448.41;7;385;3
6453.2;21;59;2
6454.27;14;526;0
6456.2;26;523;1
6458.46;7;385;3
6463.25;21;59;2
6464.35;14;526;0
6466.27;26;523;1
6468.59;7;385;3
6473.37;21;59;2
6474.41;14;526;0
6476.32;26;523;1
6478.63;7;385;3
6483.43;21;59;2
6484.46;14;526;0
6486.36;26;523;1
6489.03;5;495;3
6493.53;21;59;2
6494.61;19;518;0
6496.42;0;247;1
6499.16;5;495;3
6503.61;21;59;2
6504.73;19;518;0
6506.61;0;247;1
6509.2;5;495;3
6513.68;21;59;2
6514.78;1;530;0
6516.65;0;247;1
6519.25;5;495;3
6523.73;8;546;2
6524.91;1;530;0
6526.76;2;110;1
6529.29;5;495;3
6533.96;8;546;2
6535;1;530;0
6536.81;2;110;1
6539.34;5;495;3
6544.05;8;546;2
6545.08;1;530;0
6547.06;2;110;1
6549.38;9;430;3
6554.5;8;546;2
6555.39;1;530;0
6557.47;2;110;1
6559.43;9;430;3
6564.6;8;546;2
6565.49;1;530;0
6567.6;2;110;1
6569.47;9;430;3
6574.75;10;111;2
6575.76;1;530;0
6577.75;24;73;1
6579.55;9;430;3
6585.09;10;111;2
6585.84;1;530;0
6587.82;24;73;1
6589.63;29;298;3
6595.14;10;111;2
6595.9;4;409;0
6597.86;24;73;1
6600;29;298;3
6605.22;10;111;2
6605.94;4;409;0
6607.91;11;162;1
6610.04;16;193;3
6615.63;10;111;2
6616;4;409;0
6618.04;11;162;1
6620.08;16;193;3
6625.75;10;111;2
6626.16;4;409;0
6628.46;11;162;1
6630.5;16;193;3
6635.81;28;256;2
6636.33;25;254;0
6638.63;11;162;1
6640.55;7;206;3
6646.06;28;256;2
6646.51;25;254;0
6648.99;11;162;1
6650.97;7;206;3
6656.1;28;256;2
6656.68;25;254;0
6659.1;11;162;1
6661.39;7;206;3
6666.15;28;256;2
6666.73;27;3;0
6669.15;11;162;1
6671.43;7;206;3
6676.35;28;256;2
6677.02;27;3;0
6679.28;11;162;1
6681.52;7;206;3
6686.5;30;2;2
6687.31;27;3;0
6689.33;11;162;1
6691.56;5;403;3
6696.92;30;2;2
6697.48;14;528;0
6699.52;11;162;1
6701.74;5;403;3
6707.09;30;2;2
6707.54;14;528;0
6709.56;11;162;1
6711.79;5;403;3
6717.32;30;2;2
6717.59;19;464;0
6719.63;26;186;1
6721.87;5;403;3
6727.6;21;25;2
6727.65;19;464;0
6729.84;26;186;1
6732.02;5;403;3
6737.65;8;444;2
6737.69;19;464;0
6739.89;26;186;1
6742.23;9;139;3
6747.72;8;444;2
6747.77;1;265;0
6750;26;186;1
6752.43;9;139;3
6757.8;8;444;2
6758.04;1;265;0
6760.04;26;186;1
6762.55;9;139;3
6768.03;10;500;2
6768.08;1;265;0
6772.59;16;229;3
6777.45;24;277;1
6778.08;10;500;2
6778.13;4;497;0
6782.68;16;229;3
6787.5;24;277;1
6788.13;10;500;2
6788.17;4;497;0
6792.72;16;229;3
6797.58;0;453;1
6798.19;10;500;2
6798.24;4;497;0
6802.92;16;229;3
6807.62;0;453;1
6808.63;4;497;0
6811.54;28;283;2
6812.99;16;229;3
6817.92;0;453;1
6818.83;25;381;0
6821.76;28;283;2
6823.14;16;229;3
6827.96;0;453;1
6828.88;25;381;0
6831.84;28;283;2
6833.26;29;164;3
6838.01;0;453;1
6838.92;25;381;0
6843.64;29;164;3
6848.05;2;13;1
6848.96;25;381;0
6853.8;29;164;3
6854.43;21;48;2
6858.14;2;13;1
6859.01;25;381;0
6863.93;29;164;3
6864.47;21;48;2
6868.21;2;13;1
6869.08;27;3;0
6873.99;7;449;3
6874.67;21;48;2
6878.29;2;13;1
6879.17;27;3;0
6884.03;7;449;3
6884.75;21;48;2
6888.34;11;111;1
6889.21;14;70;0
6894.08;7;449;3
6895.18;21;48;2
6898.76;11;111;1
6899.26;14;70;0
6904.29;7;449;3
6905.39;21;48;2
6908.84;11;111;1
6909.31;14;70;0
6914.67;5;104;3
6915.76;21;48;2
6918.93;11;111;1
6919.42;19;102;0
6924.72;5;104;3
6925.88;21;48;2
6929.26;11;111;1
6929.46;19;102;0
6935;5;104;3
6936.32;30;337;2
6939.31;11;111;1
6939.52;19;102;0
6945.13;9;470;3
6946.47;30;337;2
6949.35;11;111;1
6949.84;19;102;0
6955.18;9;470;3
6956.91;30;337;2
6959.78;11;111;1
6959.89;1;238;0
6965.6;9;470;3
6967.12;30;337;2
6969.89;11;111;1
6969.95;1;238;0
6975.67;9;470;3
6977.31;30;337;2
6979.96;26;374;1
6980.01;4;280;0
6985.75;9;470;3
6987.4;30;337;2
6990.01;26;374;1
6990.05;4;280;0
6995.84;16;495;3
6997.44;30;337;2
7000.05;26;374;1
7000.1;4;280;0
7005.88;16;495;3
7007.51;30;337;2
7010.1;24;429;1
7010.19;4;280;0
7016.02;16;495;3
7017.55;8;485;2
7020.14;24;429;1
7020.31;4;280;0
7026.14;16;495;3
7027.6;8;485;2
7030.31;24;429;1
7030.6;4;280;0
7036.43;16;495;3
7037.64;8;485;2
7040.6;24;429;1
7040.64;4;280;0
7046.47;16;495;3
7047.69;28;256;2
7050.64;24;429;1
7050.69;4;280;0
7056.51;16;495;3
7057.73;10;135;2
7060.69;24;429;1
7060.74;27;409;0
7066.56;16;495;3
7067.79;10;135;2
7070.74;24;429;1
7070.78;27;409;0
7076.64;29;441;3
7077.89;21;194;2
7080.78;24;429;1
7080.89;25;419;0
7086.7;29;441;3
7087.94;21;194;2
7090.83;24;429;1
7090.94;25;419;0
7096.77;29;441;3
7097.99;21;194;2
7100.9;2;298;1
7101.03;25;419;0
7106.86;29;441;3
7108.04;21;194;2
7110.97;2;298;1
7111.12;14;295;0
7116.94;29;441;3
7118.24;21;194;2
7121.07;2;298;1
7121.16;14;295;0
7127.03;29;441;3
7128.39;30;444;2
7131.16;0;326;1
7131.39;14;295;0
7137.09;7;104;3
7141.2;0;326;1
7141.71;14;295;0
7142.65;8;498;2
7147.17;7;104;3
7151.25;0;326;1
7151.87;14;295;0
7152.8;8;498;2
7157.54;7;104;3
7161.67;0;326;1
7162.32;14;295;0
7163.05;8;498;2
7167.96;9;453;3
7171.71;0;326;1
7172.78;19;308;0
7173.18;10;268;2
7179.47;5;169;3
7181.77;0;326;1
7182.82;19;308;0
7183.6;10;268;2
7189.52;5;169;3
7192.24;11;320;1
7193.24;19;308;0
7194.01;10;268;2
7199.6;5;169;3
7202.49;11;320;1
7203.42;19;308;0
7204.05;10;268;2
7209.83;5;169;3
7212.7;26;442;1
7213.68;19;308;0
7214.11;10;268;2
7219.92;5;169;3
7222.92;26;442;1
7224.02;1;546;0
7226.43;28;125;2
7229.97;5;169;3
7232.97;2;78;1
7234.15;1;546;0
7236.48;28;125;2
7240.04;5;169;3
7243.01;2;78;1
7244.19;1;546;0
7246.8;28;125;2
7250.46;5;169;3
7253.06;2;78;1
7254.24;1;546;0
7256.92;28;125;2
7260.7;29;20;3
7263.1;2;78;1
7264.37;4;391;0
7267.01;28;125;2
7270.79;29;20;3
7273.52;24;465;1
7274.42;4;391;0
7277.05;28;125;2
7280.9;29;20;3
7283.82;24;465;1
7284.59;4;391;0
7287.13;28;125;2
7291.32;29;20;3
7294.24;24;465;1
7294.69;4;391;0
7297.17;21;466;2
7301.4;29;20;3
7304.31;24;465;1
7304.99;27;479;0
7307.23;21;466;2
7311.44;16;457;3
7314.44;24;465;1
7315.41;27;479;0
7317.44;21;466;2
7321.48;16;457;3
7324.5;0;427;1
7325.55;25;61;0
7327.48;21;466;2
7331.57;16;457;3
7334.55;0;427;1
7335.59;25;61;0
7337.57;21;466;2
7341.69;16;457;3
7344.59;0;427;1
7345.73;25;61;0
7347.61;21;466;2
7352.11;7;430;3
7354.64;0;427;1
7355.8;14;530;0
7357.66;21;466;2
7362.17;7;430;3
7364.68;26;521;1
7365.88;14;530;0
7367.7;21;466;2
7372.38;7;430;3
7374.73;26;521;1
7375.96;14;530;0
7377.75;10;300;2
7382.42;7;430;3
7384.77;11;319;1
7386.22;14;530;0
7387.79;10;300;2
7392.48;7;430;3
7394.82;11;319;1
7396.48;14;530;0
7397.84;10;300;2
7402.53;7;430;3
7404.86;2;131;1
7406.9;19;157;0
7407.92;10;300;2
7412.57;5;206;3
7414.9;2;131;1
7417.09;19;157;0
7418.16;30;117;2
7422.68;5;206;3
7424.95;24;443;1
7427.21;19;157;0
7432.75;5;206;3
7434.47;8;368;2
7435;24;443;1
7437.25;19;157;0
7442.79;5;206;3
7444.51;8;368;2
7445.04;0;147;1
7447.34;19;157;0
7453.13;5;206;3
7454.93;8;368;2
7455.46;0;147;1
7463.55;5;206;3
7464.99;8;368;2
7465.64;0;147;1
7471.45;1;355;0
7473.82;9;449;3
7475.04;8;368;2
7475.73;26;387;1
7481.63;1;355;0
7485.09;28;538;2
7485.64;29;414;3
7486.05;26;387;1
7491.87;1;355;0
7495.13;28;538;2
7495.68;29;414;3
7496.13;26;387;1
7501.95;1;355;0
7505.17;10;405;2
7505.75;16;330;3
7506.35;26;387;1
7511.99;1;355;0
7515.22;10;405;2
7515.8;16;330;3
7516.4;26;387;1
7522.06;1;355;0
7525.29;10;405;2
7525.98;16;330;3
7526.86;26;387;1
7532.2;1;355;0
7535.33;10;405;2
7536.21;16;330;3
7536.91;11;394;1
7542.62;25;253;0
7545.37;21;501;2
7546.63;16;330;3
7547.01;11;394;1
7552.84;25;253;0
7555.42;21;501;2
7556.9;16;330;3
7559.69;0;202;1
7563.04;25;253;0
7565.46;21;501;2
7566.99;7;392;3
7569.82;0;202;1
7573.32;27;46;0
7575.53;21;501;2
7577.03;7;392;3
7579.86;2;116;1
7583.75;27;46;0
7585.6;21;501;2
7587.29;7;392;3
7589.92;2;116;1
7593.82;27;46;0
7595.69;30;494;2
7597.56;7;392;3
7600.11;2;116;1
7604.05;27;46;0
7605.91;30;494;2
7607.65;7;392;3
7610.22;2;116;1
7614.27;27;46;0
7616.05;30;494;2
7617.99;9;396;3
7620.35;24;547;1
7624.33;4;95;0
7626.43;30;494;2
7628.12;9;396;3
7630.8;24;547;1
7634.38;4;95;0
7636.47;8;227;2
7638.39;9;396;3
7640.87;24;547;1
7644.46;4;95;0
7646.56;8;227;2
7648.62;9;396;3
7650.93;24;547;1
7654.58;4;95;0
7656.74;8;227;2
7658.71;5;279;3
7661.32;11;144;1
7664.7;4;95;0
7666.84;28;200;2
7668.76;5;279;3
7671.55;11;144;1
7674.75;4;95;0
7677.05;28;200;2
7679.11;5;279;3
7681.97;11;144;1
7684.89;4;95;0
7687.26;28;200;2
7689.17;5;279;3
7692.03;11;144;1
7694.97;4;95;0
7697.7;10;213;2
7699.22;5;279;3
7702.1;11;144;1
7705.02;14;168;0
7707.82;10;213;2
7712.18;11;144;1
7712.95;29;495;3
7715.18;14;168;0
7717.88;10;213;2
7722.23;11;144;1
7723.36;29;495;3
7725.27;14;168;0
7728.03;10;213;2
7732.43;26;431;1
7733.51;29;495;3
7735.44;19;137;0
7738.4;30;489;2
7742.48;26;431;1
7743.63;7;466;3
7745.49;19;137;0
7748.49;30;489;2
7752.52;26;431;1
7753.71;7;466;3
7755.53;19;137;0
7762.41;21;388;2
7762.57;26;431;1
7763.75;7;466;3
7765.58;19;137;0
7772.46;21;388;2
7772.61;26;431;1
7774.17;7;466;3
7775.64;19;137;0
7782.51;21;388;2
7782.66;24;301;1
7785.71;1;518;0
7786.29;16;173;3
7792.67;21;388;2
7792.71;24;301;1
7795.79;1;518;0
7796.49;16;173;3
7802.71;8;124;2
7802.76;24;301;1
7805.99;25;102;0
7806.62;16;173;3
7812.76;8;124;2
7812.8;24;301;1
7816.76;16;173;3
7820.7;27;287;0
7822.82;8;124;2
7822.87;24;301;1
7826.83;9;65;3
7830.8;27;287;0
7832.87;28;328;2
7833.07;24;301;1
7837.09;5;90;3
7840.9;27;287;0
7842.91;28;328;2
7843.16;0;289;1
7847.2;5;90;3
7851.05;27;287;0
7852.96;10;309;2
7853.2;0;289;1
7857.62;5;90;3
7861.39;4;41;0
7863;10;309;2
7863.26;2;271;1
7867.67;5;90;3
7871.44;4;41;0
7873.06;10;309;2
7873.5;2;271;1
7878.11;5;90;3
7881.58;14;141;0
7883.15;30;162;2
7883.64;2;271;1
7888.2;29;48;3
7893.41;30;162;2
7893.82;2;271;1
7896.9;19;533;0
7898.42;29;48;3
7903.65;30;162;2
7904.09;11;427;1
7906.99;19;533;0
7908.55;7;214;3
7913.76;30;162;2
7914.35;11;427;1
7917.22;19;533;0
7918.6;7;214;3
7923.8;30;162;2
7924.43;26;227;1
7927.31;19;533;0
7928.85;7;214;3
7934.22;30;162;2
7934.69;26;227;1
7937.46;19;533;0
7939.09;7;214;3
7944.64;30;162;2
7944.92;26;227;1
7947.59;19;533;0
7949.31;7;214;3
7954.7;21;422;2
7955.07;26;227;1
7957.73;1;385;0
7959.37;7;214;3
7965.09;21;422;2
7965.13;0;492;1
7968.08;1;385;0
7969.44;7;214;3
7975.17;21;422;2
7978.13;1;385;0
7979.65;16;258;3
7983.09;24;359;1
7985.21;21;422;2
7988.21;1;385;0
7989.69;16;258;3
7993.23;24;359;1
7995.26;28;524;2
7998.27;25;430;0
7999.79;16;258;3
8003.45;24;359;1
8005.3;28;524;2
8008.36;25;430;0
8009.84;16;258;3
8013.67;2;181;1
8015.39;28;524;2
8018.4;25;430;0
8019.9;16;258;3
8023.99;2;181;1
8025.72;8;453;2
8028.53;4;7;0
8030;16;258;3
8034.28;2;181;1
8035.83;8;453;2
8038.69;4;7;0
8040.11;16;258;3
8044.32;11;50;1
8045.91;8;453;2
8048.9;4;7;0
8050.15;16;258;3
8054.4;11;50;1
8055.98;10;211;2
8058.98;4;7;0
8060.25;16;258;3
8064.59;11;50;1
8066.05;10;211;2
8069.05;27;53;0
8070.44;29;164;3
8074.76;11;50;1
8076.17;10;211;2
8079.17;27;53;0
8080.58;29;164;3
8085;11;50;1
8087.36;30;128;2
8089.22;27;53;0
8090.71;5;105;3
8095.04;11;50;1
8097.42;30;128;2
8099.56;27;53;0
8100.89;5;105;3
8105.15;11;50;1
8107.7;30;128;2
8109.93;14;376;0
8110.98;5;105;3
8115.3;11;50;1
8119.98;14;376;0
8120.2;21;535;2
8121.12;9;59;3
8125.34;11;50;1
8130.02;14;376;0
8130.31;21;535;2
8131.17;9;59;3
8135.39;11;50;1
8140.07;14;376;0
8140.38;21;535;2
8141.25;9;59;3
8145.43;26;266;1
8150.12;19;93;0
8150.46;21;535;2
8151.46;9;59;3
8155.5;26;266;1
8160.16;19;93;0
8160.7;21;535;2
8161.7;7;219;3
8165.74;26;266;1
8170.23;19;93;0
8170.85;21;535;2
8171.75;7;219;3
8176.03;26;266;1
8180.32;19;93;0
8181.03;21;535;2
8181.79;7;219;3
8186.13;26;266;1
8190.74;19;93;0
8191.26;21;535;2
8191.83;16;153;3
8196.23;26;266;1
8201.16;19;93;0
8201.41;21;535;2
8201.92;16;153;3
8206.41;26;266;1
8211.22;19;93;0
8211.46;8;457;2
8211.96;16;153;3
8216.66;0;337;1
8221.46;19;93;0
8221.8;8;457;2
8224.75;9;121;3
8226.88;0;337;1
8231.75;19;93;0
8231.95;8;457;2
8234.8;9;121;3
8237.12;0;337;1
8241.8;19;93;0
8242.02;28;549;2
8244.84;9;121;3
8247.34;0;337;1
8251.86;4;387;0
8252.44;28;549;2
8257.53;0;337;1
8261.96;4;387;0
8262.58;28;549;2
8266.55;5;43;3
8267.58;0;337;1
8272.23;4;387;0
8273;28;549;2
8276.75;5;43;3
8277.73;0;337;1
8282.65;25;478;0
8283.2;28;549;2
8287.09;5;43;3
8288.17;24;234;1
8293.5;10;273;2
8297.22;5;43;3
8297.64;1;429;0
8298.59;24;234;1
8303.62;10;273;2
8307.64;5;43;3
8307.88;1;429;0
8308.63;2;383;1
8313.71;10;273;2
8317.74;5;43;3
8318.31;1;429;0
8318.72;2;383;1
8323.88;10;273;2
8328.06;5;43;3
8328.35;1;429;0
8328.86;11;453;1
8334.04;10;273;2
8338.17;5;43;3
8338.81;1;429;0
8338.94;11;453;1
8344.14;30;382;2
8348.38;5;43;3
8348.89;1;429;0
8349.01;11;453;1
8354.56;30;382;2
8358.67;5;43;3
8358.93;1;429;0
8359.43;11;453;1
8364.76;8;84;2
8368.8;7;63;3
8368.98;14;289;0
8369.47;11;453;1
8374.84;8;84;2
8378.98;7;63;3
8379.89;26;277;1
8383.77;27;157;0
8384.94;8;84;2
8389.06;7;63;3
8393.93;27;157;0
8395.08;24;246;1
8395.08;21;68;2
8399.12;7;63;3
8404.06;4;111;0
8405.32;24;246;1
8405.32;21;68;2
8409.54;7;63;3
8414.51;4;111;0
8415.37;24;246;1
8415.37;28;143;2
8419.86;7;63;3
8424.81;4;111;0
8425.44;2;511;1
8425.44;28;143;2
8429.9;7;63;3
8435.05;4;111;0
8435.52;2;511;1
8435.52;28;143;2
8439.98;7;63;3
8445.1;4;111;0
8445.6;2;511;1
8445.6;28;143;2
8450.02;7;63;3
8455.42;4;111;0
8455.86;2;511;1
8455.86;28;143;2
8460.3;7;63;3
8465.47;4;111;0
8466.05;2;511;1
8466.05;10;162;2
8470.4;9;459;3
8475.82;19;19;0
8476.47;0;138;1
8476.47;10;162;2
8480.68;9;459;3
8486.16;19;19;0
8486.51;0;138;1
8490.8;9;459;3
8495.49;30;130;2
8496.51;19;19;0
8496.55;0;138;1
8501.22;9;459;3
8505.71;30;130;2
8506.55;25;320;0
8506.64;0;138;1
8511.52;29;268;3
8515.76;30;130;2
8516.61;25;320;0
8516.77;0;138;1
8521.96;29;268;3
8525.86;8;92;2
8526.72;25;320;0
8527;0;138;1
8532;29;268;3
8535.95;8;92;2
8537;25;320;0
8537.18;0;138;1
8542.2;16;214;3
8546.22;8;92;2
8547.21;25;320;0
8547.26;0;138;1
8552.62;5;522;3
8556.26;8;92;2
8557.26;25;320;0
8557.3;0;138;1
8562.73;5;522;3
8566.54;8;92;2
8567.31;1;409;0
8567.35;0;138;1
8573.15;5;522;3
8576.58;8;92;2
8577.35;1;409;0
8577.44;0;138;1
8583.19;5;522;3
8587;8;92;2
8587.39;1;409;0
8587.79;0;138;1
8593.24;5;522;3
8597.21;8;92;2
8597.44;1;409;0
8598.04;0;138;1
8603.28;5;522;3
8607.44;10;538;2
8607.95;27;334;0
8608.46;0;138;1
8613.55;5;522;3
8617.48;10;538;2
8618;27;334;0
8618.9;0;138;1
8623.65;9;43;3
8627.57;10;538;2
8628.04;27;334;0
8628.97;0;138;1
8633.76;7;431;3
8637.63;10;538;2
8638.18;14;66;0
8639.01;11;305;1
8643.98;7;431;3
8648;21;285;2
8648.38;14;66;0
8649.2;11;305;1
8654.18;7;431;3
8658.05;28;524;2
8658.42;14;66;0
8659.27;11;305;1
8664.24;7;431;3
8668.18;28;524;2
8668.54;4;497;0
8669.31;11;305;1
8674.28;7;431;3
8678.24;28;524;2
8678.96;4;497;0
8679.36;11;305;1
8684.33;7;431;3
8688.3;30;279;2
8689;4;497;0
8689.42;11;305;1
8694.39;16;523;3
8698.47;30;279;2
8699.05;4;497;0
8699.84;11;305;1
8704.72;16;523;3
8709.39;19;102;0
8709.91;11;305;1
8714.76;16;523;3
8719.43;19;102;0
8720.06;2;464;1
8720.81;8;260;2
8725.18;29;472;3
8729.48;19;102;0
8730.48;2;464;1
8730.88;8;260;2
8735.3;29;472;3
8739.52;1;181;0
8740.61;2;464;1
8741.17;8;260;2
8745.74;29;472;3
8749.56;25;78;0
8751.06;24;59;1
8751.23;8;260;2
8755.83;29;472;3
8759.73;25;78;0
8761.1;24;59;1
8761.32;8;260;2
8766.22;29;472;3
8769.84;25;78;0
8771.23;24;59;1
8771.57;8;260;2
8776.26;5;16;3
8779.97;25;78;0
8781.28;26;492;1
8781.95;8;260;2
8786.31;5;16;3
8790.02;25;78;0
8791.32;26;492;1
8792.14;21;359;2
8796.38;5;16;3
8800.47;27;54;0
8801.4;0;73;1
8802.18;21;359;2
8806.43;5;16;3
8810.64;27;54;0
8811.45;0;73;1
8812.25;21;359;2
8816.47;9;103;3
8821.07;27;54;0
8821.54;0;73;1
8822.44;21;359;2
8826.89;9;103;3
8831.12;27;54;0
8831.69;0;73;1
8832.62;21;359;2
8836.94;9;103;3
8841.5;14;329;0
8841.77;0;73;1
8842.67;10;339;2
8847.29;9;103;3
8851.55;14;329;0
8852.19;2;111;1
8852.71;10;339;2
8857.35;7;315;3
8861.59;14;329;0
8862.35;2;111;1
8862.8;10;339;2
8867.42;7;315;3
8871.64;4;409;0
8872.56;2;111;1
8873.21;10;339;2
8877.46;7;315;3
8881.72;4;409;0
8882.69;2;111;1
8883.25;28;186;2
8887.51;7;315;3
8891.89;1;7;0
8892.73;2;111;1
8893.34;28;186;2
8897.55;29;480;3
8901.99;1;7;0
8902.77;11;542;1
8903.46;28;186;2
8907.74;29;480;3
8912.04;1;7;0
8912.83;11;542;1
8913.54;28;186;2
8917.8;29;480;3
8922.16;1;7;0
8923.25;11;542;1
8923.62;28;186;2
8927.94;29;480;3
8932.28;1;7;0
8933.32;24;181;1
8933.66;28;186;2
8938.11;29;480;3
8942.7;19;308;0
8943.66;24;181;1
8943.91;28;186;2
8948.32;29;480;3
8952.87;19;308;0
8953.77;24;181;1
8954.19;28;186;2
8958.64;16;495;3
8962.92;19;308;0
8964.12;24;181;1
8964.51;28;186;2
8968.75;16;495;3
8972.96;25;71;0
8974.42;24;181;1
8974.55;8;130;2
8979.03;5;403;3
8983.01;25;71;0
8984.55;24;181;1
8985.01;8;130;2
8989.14;5;403;3
8993.07;25;71;0
8994.74;26;459;1
8995.12;8;130;2
8999.19;9;330;3
9003.12;25;71;0
9004.97;26;459;1
9005.36;8;130;2
9009.27;9;330;3
9013.16;25;71;0
9015.1;26;459;1
9015.44;8;130;2
9019.35;9;330;3
9023.21;25;71;0
9025.15;26;459;1
9025.86;8;130;2
9033.28;25;71;0
9035.57;26;459;1
9036.25;8;130;2
9038.13;29;444;3
9043.39;25;71;0
9045.85;26;459;1
9046.4;30;526;2
9048.29;29;444;3
9053.84;25;71;0
9055.89;26;459;1
9056.56;30;526;2
9058.59;29;444;3
9063.95;27;149;0
9065.94;11;303;1
9066.71;30;526;2
9068.73;7;60;3
9076.17;11;303;1
9076.76;21;320;2
9078.95;7;60;3
9079.56;4;337;0
9086.28;11;303;1
9086.8;21;320;2
9089.03;7;60;3
9096.47;11;303;1
9096.93;10;20;2
9099.08;7;60;3
9102.33;14;511;0
9106.57;0;359;1
9107;10;20;2
9109.5;7;60;3
9112.43;14;511;0
9116.91;0;359;1
9117.16;10;20;2
9119.62;7;60;3
9122.62;14;511;0
9126.99;0;359;1
9127.2;10;20;2
9129.82;16;546;3
9132.82;14;511;0
9137.07;2;426;1
9137.32;28;339;2
9139.87;16;546;3
9142.87;1;381;0
9147.11;2;426;1
9147.4;28;339;2
9149.92;16;546;3
9157.3;2;426;1
9157.45;28;339;2
9158.5;19;210;0
9159.96;16;546;3
9167.45;2;426;1
9167.6;28;339;2
9168.66;19;210;0
9170.05;5;455;3
9177.6;2;426;1
9177.95;28;339;2
9179.08;19;210;0
9184.96;29;139;3
9187.79;24;535;1
9188.37;30;495;2
9189.13;19;210;0
9195;29;139;3
9197.97;24;535;1
9198.59;30;495;2
9199.39;27;41;0
9205.33;29;139;3
9208.23;24;535;1
9208.66;8;177;2
9215.41;9;327;3
9218.28;24;535;1
9218.63;25;321;0
9219.08;8;177;2
9225.83;9;327;3
9228.45;24;535;1
9228.68;25;321;0
9229.26;8;177;2
9236.11;9;327;3
9238.54;26;453;1
9238.89;25;321;0
9239.53;8;177;2
9246.48;9;327;3
9248.58;26;453;1
9248.96;25;321;0
9249.57;21;395;2
9256.89;9;327;3
9258.62;26;453;1
9259.03;25;321;0
9259.66;21;395;2
9267.18;7;540;3
9268.72;26;453;1
9269.16;25;321;0
9269.7;21;395;2
9277.26;7;540;3
9278.76;26;453;1
9279.26;25;321;0
9279.79;10;163;2
9287.68;7;540;3
9289.38;14;49;0
9290.01;10;163;2
9291.61;11;519;1
9297.73;16;56;3
9299.46;14;49;0
9300.07;10;163;2
9301.65;11;519;1
9308.16;16;56;3
9309.63;14;49;0
9310.25;10;163;2
9311.78;11;519;1
9318.51;16;56;3
9320.09;14;49;0
9320.3;10;163;2
9322.2;11;519;1
9328.76;5;60;3
9330.15;14;49;0
9330.72;28;393;2
9332.62;11;519;1
9338.83;5;60;3
9340.32;14;49;0
9340.81;28;393;2
9342.74;2;549;1
9349.05;29;254;3
9350.59;14;49;0
9351.45;30;271;2
9359.12;29;254;3
9360.69;0;116;1
9360.73;4;427;0
9361.5;30;271;2
9369.17;29;254;3
9370.73;0;116;1
9370.78;4;427;0
9371.67;30;271;2
9379.35;29;254;3
9380.79;0;116;1
9380.94;1;305;0
9381.73;30;271;2
9389.78;9;186;3
9390.98;0;116;1
9391.08;1;305;0
9392.15;21;449;2
9399.98;9;186;3
9401.07;0;116;1
9401.24;1;305;0
9402.23;21;449;2
9410.04;9;186;3
9411.24;0;116;1
9411.67;1;305;0
9412.65;21;449;2
9420.12;9;186;3
9421.58;24;202;1
9422.06;1;305;0
9422.99;8;111;2
9430.16;9;186;3
9431.71;24;202;1
9432.4;1;305;0
9433.04;8;111;2
9440.29;9;186;3
9441.88;24;202;1
9442.82;27;280;0
9443.13;10;50;2
9450.54;7;209;3
9452.24;24;202;1
9453.08;27;280;0
9460;28;286;2
9460.59;7;209;3
9462.3;24;202;1
9463.13;27;280;0
9470.31;28;286;2
9470.63;7;209;3
9472.36;24;202;1
9473.31;27;280;0
9480.63;28;286;2
9480.76;7;209;3
9482.44;26;124;1
9483.63;27;280;0
9490.76;28;286;2
9490.81;7;209;3
9492.54;11;308;1
9493.72;27;280;0
9500.89;7;209;3
9502.96;11;308;1
9503.05;21;523;2
9503.85;27;280;0
9510.94;16;330;3
9513.02;11;308;1
9513.09;21;523;2
9513.94;19;151;0
9520.98;16;330;3
9523.09;2;433;1
9523.21;21;523;2
9523.99;19;151;0
9531.03;16;330;3
9533.14;2;433;1
9533.34;21;523;2
9534.06;19;151;0
9541.07;5;451;3
9543.28;2;433;1
9544.1;19;151;0
9544.98;10;282;2
9551.15;5;451;3
9553.33;2;433;1
9554.18;19;151;0
9555.03;10;282;2
9561.21;5;451;3
9563.7;2;433;1
9564.23;19;151;0
9565.09;10;282;2
9571.25;5;451;3
9573.76;0;19;1
9574.29;19;151;0
9575.47;10;282;2
9581.42;5;451;3
9583.84;0;19;1
9584.33;19;151;0
9585.63;10;282;2
9591.66;5;451;3
9593.95;0;19;1
9594.54;19;151;0
9596.06;10;282;2
9601.71;5;451;3
9604;24;376;1
9604.71;4;265;0
9606.1;28;266;2
9612.02;29;219;3
9614.14;24;376;1
9616.14;28;266;2
9620;1;542;0
9622.34;29;219;3
9624.32;26;148;1
9626.22;28;266;2
9630.07;14;147;0
9632.71;9;452;3
9634.37;26;148;1
9636.43;8;378;2
9640.14;25;93;0
9642.91;9;452;3
9644.41;26;148;1
9646.85;8;378;2
9650.24;25;93;0
9653.21;7;103;3
9654.46;26;148;1
9657.1;8;378;2
9660.29;25;93;0
9663.29;7;103;3
9664.89;26;148;1
9667.14;8;378;2
9670.38;25;93;0
9673.38;7;103;3
9674.97;26;148;1
9677.18;8;378;2
9680.43;25;93;0
9683.43;16;406;3
9685.06;11;474;1
9687.23;8;378;2
9690.68;25;93;0
9693.47;16;406;3
9695.48;11;474;1
9697.31;8;378;2
9701.11;27;289;0
9703.52;16;406;3
9705.52;11;474;1
9707.35;8;378;2
9711.37;1;285;0
9713.69;16;406;3
9715.8;11;474;1
9717.4;8;378;2
9721.63;1;285;0
9724.05;16;406;3
9725.85;11;474;1
9727.49;8;378;2
9731.72;1;285;0
9734.1;16;406;3
9736.02;11;474;1
9737.53;8;378;2
9741.81;1;285;0
9744.38;16;406;3
9746.29;11;474;1
9747.66;8;378;2
9752.12;1;285;0
9754.45;29;282;3
9756.56;0;138;1
9757.75;8;378;2
9762.46;4;429;0
9764.5;29;282;3
9766.61;0;138;1
9767.86;8;378;2
9772.53;4;429;0
9774.54;5;56;3
9776.65;0;138;1
9777.9;8;378;2
9782.66;4;429;0
9784.58;5;56;3
9786.7;0;138;1
9787.97;30;274;2
9793.09;19;88;0
9794.63;5;56;3
9796.75;0;138;1
9798.3;30;274;2
9803.51;19;88;0
9804.67;9;424;3
9806.9;0;138;1
9808.36;30;274;2
9813.78;19;88;0
9814.72;9;424;3
9816.95;0;138;1
9818.51;30;274;2
9824.2;19;88;0
9824.76;7;542;3
9827.05;2;79;1
9828.69;30;274;2
9834.52;19;88;0
9835.37;16;48;3
9837.21;2;79;1
9838.96;30;274;2
9844.77;19;88;0
9845.48;16;48;3
9847.25;2;79;1
9849.15;30;274;2
9854.81;19;88;0
9855.9;16;48;3
9857.31;2;79;1
9859.4;30;274;2
9864.86;19;88;0
9866.32;16;48;3
9867.36;2;79;1
9869.64;21;481;2
9874.94;14;239;0
9876.59;16;48;3
9877.4;2;79;1
9879.94;21;481;2
9884.98;14;239;0
9887;16;48;3
9887.45;2;79;1
9890.03;21;481;2
9895.07;14;239;0
9897.07;29;396;3
9897.81;2;79;1
9900.07;21;481;2
9905.11;14;239;0
9907.14;29;396;3
9908.11;24;177;1
9910.14;21;481;2
9915.18;14;239;0
9917.29;29;396;3
9918.16;24;177;1
9920.29;21;481;2
9925.23;14;239;0
9927.73;29;396;3
9928.23;24;177;1
9930.34;21;481;2
9935.27;14;239;0
9938.08;29;396;3
9938.28;24;177;1
9940.58;21;481;2
9945.4;14;239;0
9948.32;5;540;3
9948.37;24;177;1
9950.71;21;481;2
9955.55;14;239;0
9958.37;5;540;3
9958.55;24;177;1
9960.95;10;230;2
9965.59;14;239;0
9968.42;7;104;3
9968.59;24;177;1
9971.12;10;230;2
9975.64;25;238;0
9978.59;7;104;3
9978.64;11;286;1
9981.36;10;230;2
9985.68;25;238;0
9988.64;7;104;3
9988.68;11;286;1
9991.45;8;414;2
9996.1;25;238;0
9998.68;9;511;3
9998.73;0;485;1
10001.56;30;339;2
10006.22;25;238;0
10008.77;9;511;3
10009.06;0;485;1
10011.76;30;339;2
10016.32;25;238;0
10018.85;9;511;3
10019.14;0;485;1
10021.85;30;339;2
10026.4;25;238;0
10028.94;16;248;3
10029.18;26;139;1
10031.9;30;339;2
10036.48;27;280;0
10039.22;16;248;3
10039.45;26;139;1
10042.18;28;134;2
10046.65;27;280;0
10049.27;16;248;3
10049.65;2;359;1
10052.27;28;134;2
10058.39;4;301;0
10059.53;16;248;3
10059.7;2;359;1
10062.36;21;535;2
10068.44;4;301;0
10069.62;16;248;3
10069.78;2;359;1
10072.54;21;535;2
10078.72;4;301;0
10079.69;16;248;3
10080.09;2;359;1
10084.59;8;50;2
10088.76;4;301;0
10089.73;16;248;3
10090.13;24;130;1
10094.63;8;50;2
10099.21;4;301;0
10100.03;29;63;3
10100.18;24;130;1
10105.01;8;50;2
10109.31;4;301;0
10110.18;29;63;3
10110.42;24;130;1
10115.18;8;50;2
10119.73;4;301;0
10120.42;29;63;3
10120.46;24;130;1
10125.22;8;50;2
10130;4;301;0
10130.46;29;63;3
10130.68;24;130;1
10135.27;10;22;2
10140.42;4;301;0
10140.72;5;486;3
10140.79;0;171;1
10145.34;10;22;2
10150.54;19;83;0
10150.79;5;486;3
10150.84;0;171;1
10155.39;10;22;2
10160.82;19;83;0
10160.86;5;486;3
10161.01;11;169;1
10165.43;30;198;2
10170.87;19;83;0
10171.01;5;486;3
10171.25;11;169;1
10175.48;30;198;2
10181.27;5;486;3
10181.31;11;169;1
10183.79;14;104;0
10185.54;30;198;2
10191.31;5;486;3
10191.36;11;169;1
10193.83;14;104;0
10195.68;28;43;2
10201.38;5;486;3
10201.42;11;169;1
10203.95;14;104;0
10206.11;28;43;2
10211.42;5;486;3
10211.49;11;169;1
10214.15;1;443;0
10216.15;28;43;2
10221.49;5;486;3
10221.8;11;169;1
10224.22;1;443;0
10226.41;28;43;2
10231.76;9;68;3
10231.91;11;169;1
10234.68;1;443;0
10236.45;28;43;2
10241.8;9;68;3
10242.2;26;429;1
10244.8;1;443;0
10246.87;21;425;2
10252.06;9;68;3
10254.25;24;495;1
10255.06;1;443;0
10256.94;21;425;2
10262.24;7;480;3
10264.58;24;495;1
10265.11;25;168;0
10267.02;21;425;2
10272.66;7;480;3
10274.79;24;495;1
10275.39;27;19;0
10277.29;21;425;2
10282.72;7;480;3
10284.83;2;79;1
10285.7;27;19;0
10287.45;10;230;2
10294.89;2;79;1
10295.76;27;19;0
10296.98;29;402;3
10297.5;10;230;2
10304.96;2;79;1
10305.81;4;392;0
10307.02;29;402;3
10307.58;10;230;2
10315.07;0;436;1
10315.9;4;392;0
10317.46;16;93;3
10318;10;230;2
10325.12;0;436;1
10325.94;4;392;0
10327.54;16;93;3
10328.12;30;321;2
10335.57;0;436;1
10335.99;4;392;0
10337.66;16;93;3
10338.25;30;321;2
10345.99;0;436;1
10346.03;14;239;0
10348.08;16;93;3
10348.47;30;321;2
10356.03;11;433;1
10356.21;14;239;0
10358.14;16;93;3
10358.52;30;321;2
10366.11;11;433;1
10366.47;19;507;0
10368.21;16;93;3
10368.67;30;321;2
10376.3;11;433;1
10376.89;19;507;0
10378.52;5;235;3
10378.85;30;321;2
10386.39;26;497;1
10387.06;19;507;0
10388.89;5;235;3
10389.05;30;321;2
10396.65;26;497;1
10397.37;19;507;0
10399.06;5;235;3
10399.11;30;321;2
10406.92;26;497;1
10407.41;19;507;0
10409.11;5;235;3
10409.53;30;321;2
10416.97;2;169;1
10417.48;19;507;0
10419.53;9;6;3
10419.63;30;321;2
10427.01;2;169;1
10427.56;25;116;0
10429.58;9;6;3
10429.71;30;321;2
10437.05;2;169;1
10437.75;25;116;0
10439.71;9;6;3
10439.75;8;247;2
10447.33;24;138;1
10448.05;25;116;0
10449.75;9;6;3
10449.8;8;247;2
10457.49;24;138;1
10458.19;25;116;0
10459.8;7;59;3
10459.84;8;247;2
10467.76;24;138;1
10468.5;25;116;0
10469.84;7;59;3
10469.89;8;247;2
10477.8;26;370;1
10478.55;1;94;0
10479.89;7;59;3
10479.93;28;245;2
10488.04;26;370;1
10489.93;7;59;3
10489.97;28;245;2
10494.12;4;536;0
10498.11;26;370;1
10500;7;59;3
10500.04;28;245;2
10504.17;4;536;0
10508.53;11;520;1
10510.08;29;132;3
10510.12;28;245;2
10514.55;4;536;0
10518.81;11;520;1
10520.13;29;132;3
10520.31;21;494;2
10524.66;4;536;0
10529.23;11;520;1
10530.31;29;132;3
10530.44;21;494;2
10534.89;4;536;0
10539.3;11;520;1
10540.46;29;132;3
10540.55;21;494;2
10544.95;27;104;0
10549.48;11;520;1
10550.55;29;132;3
10550.66;21;494;2
10555.04;27;104;0
10559.54;11;520;1
10560.66;29;132;3
10560.75;21;494;2
10565.36;27;104;0
10569.58;11;520;1
10570.7;16;354;3
10570.97;21;494;2
10575.41;27;104;0
10579.63;11;520;1
10581.25;21;494;2
10582.76;5;328;3
10585.48;14;481;0
10589.68;0;122;1
10591.38;10;133;2
10592.88;5;328;3
10595.54;14;481;0
10599.73;0;122;1
10601.56;10;133;2
10602.92;7;315;3
10605.59;14;481;0
10609.81;0;122;1
10611.61;10;133;2
10613.16;7;315;3
10615.64;14;481;0
10619.97;0;122;1
10621.72;10;133;2
10623.44;7;315;3
10625.8;19;398;0
10630.01;2;144;1
10631.82;10;133;2
10633.52;7;315;3
10635.94;19;398;0
10640.09;2;144;1
10642.16;30;110;2
10643.57;7;315;3
10646.11;1;137;0
10650.33;2;144;1
10652.23;30;110;2
10653.83;7;315;3
10656.15;25;273;0
10660.38;2;144;1
10662.34;30;110;2
10663.88;9;250;3
10666.2;25;273;0
10670.43;24;499;1
10672.76;30;110;2
10674.06;9;250;3
10676.24;25;273;0
10680.67;24;499;1
10682.83;30;110;2
10684.48;9;250;3
10686.34;4;130;0
10690.81;24;499;1
10692.94;8;457;2
10694.63;9;250;3
10696.54;4;130;0
10700.86;26;247;1
10703;8;457;2
10704.75;9;250;3
10706.64;4;130;0
10710.9;26;247;1
10713.04;8;457;2
10714.82;9;250;3
10716.71;4;130;0
10720.96;11;427;1
10723.38;8;457;2
10724.99;9;250;3
10726.75;27;53;0
10731;11;427;1
10733.59;28;441;2
10735.06;9;250;3
10736.82;14;509;0
10741.09;0;426;1
10743.77;28;441;2
10745.18;9;250;3
10746.87;14;509;0
10751.37;0;426;1
10754.05;28;441;2
10755.47;9;250;3
10756.91;14;509;0
10761.79;0;426;1
10764.09;21;163;2
10765.54;9;250;3
10766.96;14;509;0
10771.84;0;426;1
10774.51;21;163;2
10775.95;9;250;3
10777;14;509;0
10781.99;0;426;1
10784.57;21;163;2
10786.26;9;250;3
10787.24;1;200;0
10792.12;0;426;1
10794.7;21;163;2
10796.47;5;138;3
10797.55;1;200;0
10802.49;2;521;1
10804.85;21;163;2
10806.51;5;138;3
10807.62;1;200;0
10812.79;2;521;1
10815.06;10;414;2
10816.59;5;138;3
10817.66;1;200;0
10823.05;24;87;1
10826.64;16;403;3
10827.7;1;200;0
10830.32;30;48;2
10833.09;24;87;1
10836.73;16;403;3
10837.75;19;461;0
10840.53;30;48;2
10843.47;24;87;1
10847.06;29;257;3
10847.95;19;461;0
10850.62;8;339;2
10853.52;26;360;1
10857.1;7;97;3
10858.04;19;461;0
10860.67;8;339;2
10863.57;26;360;1
10867.15;7;97;3
10868.34;25;7;0
10870.98;8;339;2
10873.61;26;360;1
10877.44;7;97;3
10878.54;25;7;0
10881.28;8;339;2
10883.75;26;360;1
10887.48;7;97;3
10888.96;25;7;0
10891.34;8;339;2
10894.02;11;60;1
10897.64;7;97;3
10899.38;25;7;0
10901.42;8;339;2
10904.17;11;60;1
10907.8;7;97;3
10909.66;4;9;0
10911.51;8;339;2
10914.39;11;60;1
10917.98;9;93;3
10919.7;27;406;0
10921.57;8;339;2
10924.58;2;124;1
10929.78;27;406;0
10930.41;16;303;3
10931.77;8;339;2
10934.62;0;114;1
10939.87;27;406;0
10940.82;5;465;3
10942.02;8;339;2
10944.7;0;114;1
10949.91;27;406;0
10950.86;5;465;3
10954.05;28;422;2
10954.74;0;114;1
10960.02;27;406;0
10961.05;5;465;3
10964.1;28;422;2
10965.01;0;114;1
10970.42;14;177;0
10971.22;5;465;3
10974.18;28;422;2
10975.32;0;114;1
10981.64;5;465;3
10984.6;28;422;2
10985.44;0;114;1
10985.62;19;300;0
10992.06;29;396;3
10994.95;28;422;2
10995.57;24;438;1
10995.78;19;300;0
11005.13;28;422;2
11005.79;24;438;1
11005.84;19;300;0
11006.96;7;205;3
11015.52;21;260;2
11015.85;26;283;1
11016.01;19;300;0
11017.1;7;205;3
11025.57;21;260;2
11026.01;26;283;1
11026.05;19;300;0
11027.46;7;205;3
11035.9;21;260;2
11036.05;26;283;1
11036.31;19;300;0
11037.88;7;205;3
11046.05;21;260;2
11046.1;26;283;1
11046.49;19;300;0
11048.2;7;205;3
11056.1;21;260;2
11056.34;2;374;1
11056.53;1;297;0
11058.66;7;205;3
11066.26;21;260;2
11066.44;2;374;1
11068.75;7;205;3
11072.45;25;185;0
11076.33;21;260;2
11076.62;2;374;1
11078.84;7;205;3
11082.49;25;185;0
11086.49;10;459;2
11086.75;2;374;1
11088.88;16;2;3
11092.54;25;185;0
11096.77;10;459;2
11097.14;2;374;1
11099.18;9;214;3
11102.62;4;382;0
11106.85;10;459;2
11107.2;2;374;1
11112.67;4;382;0
11112.73;5;457;3
11116.9;10;459;2
11117.25;2;374;1
11122.73;27;195;0
11122.77;5;457;3
11127.25;10;459;2
11127.29;11;94;1
11132.77;27;195;0
11133.08;5;457;3
11137.29;10;459;2
11137.34;11;94;1
11142.82;14;71;0
11143.12;29;370;3
11147.34;10;459;2
11147.38;24;315;1
11152.86;14;71;0
11153.2;29;370;3
11157.42;10;459;2
11157.46;24;315;1
11162.97;14;71;0
11163.24;29;370;3
11167.46;30;289;2
11167.68;24;315;1
11173.01;14;71;0
11173.46;7;143;3
11177.55;8;122;2
11178.02;0;344;1
11183.3;14;71;0
11183.79;7;143;3
11187.6;8;122;2
11188.06;0;344;1
11193.34;14;71;0
11193.91;7;143;3
11197.64;8;122;2
11198.26;0;344;1
11203.51;14;71;0
11204.04;16;168;3
11207.85;28;37;2
11208.31;0;344;1
11213.6;14;71;0
11214.1;16;168;3
11218.01;28;37;2
11218.73;0;344;1
11223.65;14;71;0
11224.15;16;168;3
11228.21;21;486;2
11228.86;26;114;1
11233.69;14;71;0
11234.19;16;168;3
11238.32;21;486;2
11239.28;26;114;1
11243.86;14;71;0
11244.39;9;388;3
11248.4;21;486;2
11249.73;2;393;1
11254.13;1;194;0
11254.81;9;388;3
11258.82;21;486;2
11259.99;11;409;1
11264.18;1;194;0
11264.97;9;388;3
11269.05;21;486;2
11270.03;11;409;1
11274.22;1;194;0
11275.4;5;526;3
11279.21;21;486;2
11280.09;11;409;1
11284.26;1;194;0
11285.59;5;526;3
11289.29;21;486;2
11290.18;11;409;1
11294.35;1;194;0
11296.01;5;526;3
11299.57;21;486;2
11300.5;11;409;1
11304.39;25;279;0
11306.08;5;526;3
11309.75;30;402;2
11310.63;11;409;1
11314.46;25;279;0
11316.26;5;526;3
11319.79;30;402;2
11320.83;11;409;1
11324.5;25;279;0
11326.39;29;267;3
11330;10;87;2
11330.88;11;409;1
11334.92;25;279;0
11336.7;29;267;3
11340.1;28;184;2
11341.17;0;225;1
11344.97;25;279;0
11347.05;29;267;3
11350.23;28;184;2
11351.22;0;225;1
11355.21;25;279;0
11357.09;29;267;3
11360.45;28;184;2
11361.48;0;225;1
11365.56;25;279;0
11367.22;16;153;3
11370.87;28;184;2
11371.53;0;225;1
11375.63;25;279;0
11377.26;16;153;3
11380.91;28;184;2
11381.57;0;225;1
11385.87;4;522;0
11387.31;16;153;3
11390.96;28;184;2
11391.99;24;176;1
11396.29;4;522;0
11397.35;16;153;3
11401;28;184;2
11402.12;24;176;1
11406.39;4;522;0
11407.4;7;242;3
11411.05;8;322;2
11412.22;24;176;1
11416.47;4;522;0
11417.47;7;242;3
11421.12;8;322;2
11422.31;26;354;1
11426.63;19;239;0
11427.89;7;242;3
11431.19;8;322;2
11432.48;26;354;1
11436.88;19;239;0
11437.93;7;242;3
11441.34;8;322;2
11442.57;26;354;1
11447.16;19;239;0
11448.02;9;349;3
11451.53;21;436;2
11452.69;2;137;1
11457.31;19;239;0
11458.26;9;349;3
11461.64;21;436;2
11462.84;2;137;1
11467.36;27;300;0
11468.4;9;349;3
11471.8;21;436;2
11472.93;2;137;1
11477.64;27;300;0
11478.56;9;349;3
11482.12;21;436;2
11483.27;11;453;1
11487.69;27;300;0
11488.92;5;447;3
11492.19;21;436;2
11493.35;11;453;1
11498.01;27;300;0
11498.99;5;447;3
11502.38;21;436;2
11506.64;0;422;1
11508.18;27;300;0
11509.31;5;447;3
11512.8;30;425;2
11516.69;0;422;1
11518.37;27;300;0
11519.39;5;447;3
11523.02;30;425;2
11527.11;0;422;1
11528.5;27;300;0
11529.6;29;540;3
11533.26;30;425;2
11537.28;0;422;1
11538.88;1;402;0
11539.76;29;540;3
11543.37;30;425;2
11547.34;0;422;1
11549;14;337;0
11550.02;16;90;3
11553.56;30;425;2
11557.38;0;422;1
11559.05;14;337;0
11560.07;16;90;3
11563.61;28;344;2
11567.42;0;422;1
11569.38;25;43;0
11570.12;16;90;3
11573.66;28;344;2
11577.47;0;422;1
11579.49;25;43;0
11580.23;16;90;3
11583.79;10;438;2
11587.51;0;422;1
11589.91;25;43;0
11590.27;16;90;3
11593.97;8;329;2
11597.56;24;124;1
11600.27;4;227;0
11600.56;7;326;3
11604.15;8;329;2
11607.6;24;124;1
11610.34;4;227;0
11610.61;7;326;3
11614.41;8;329;2
11617.66;26;66;1
11620.39;19;177;0
11620.65;7;326;3
11624.46;8;329;2
11628.08;26;66;1
11630.44;19;177;0
11631.07;7;326;3
11634.5;21;176;2
11640.61;27;360;0
11641.12;7;326;3
11642.32;2;277;1
11644.54;21;176;2
11650.66;27;360;0
11651.19;7;326;3
11652.44;2;277;1
11654.59;21;176;2
11661.08;27;360;0
11661.24;7;326;3
11662.57;2;277;1
11664.63;21;176;2
11671.16;1;507;0
11671.33;9;323;3
11672.89;2;277;1
11674.68;21;176;2
11681.24;1;507;0
11681.45;9;323;3
11682.93;2;277;1
11684.73;21;176;2
11691.45;1;507;0
11691.64;9;323;3
11693.06;11;527;1
11694.77;21;176;2
11701.64;25;394;0
11701.69;9;323;3
11703.17;11;527;1
11704.83;10;510;2
11711.72;25;394;0
11712.04;5;511;3
11713.32;11;527;1
11714.91;10;510;2
11721.77;14;248;0
11723.38;11;527;1
11724.12;29;138;3
11724.95;30;439;2
11732.08;14;248;0
11733.62;11;527;1
11734.17;29;138;3
11735.03;30;439;2
11742.15;14;248;0
11743.78;24;287;1
11744.41;29;138;3
11745.08;30;439;2
11752.21;27;486;0
11753.86;24;287;1
11754.49;16;447;3
11755.14;30;439;2
11762.39;27;486;0
11764.28;24;287;1
11764.76;16;447;3
11765.23;30;439;2
11772.46;4;240;0
11774.7;0;393;1
11775.46;30;439;2
11782.84;4;240;0
11784.74;0;393;1
11785.69;30;439;2
11787.38;7;549;3
11792.88;4;240;0
11794.84;0;393;1
11795.91;28;281;2
11797.43;7;549;3
11802.93;19;411;0
11804.91;2;133;1
11805.99;28;281;2
11807.85;7;549;3
11812.97;19;411;0
11815.28;2;133;1
11816.05;28;281;2
11823.11;19;411;0
11825.32;2;133;1
11826.13;28;281;2
11831.47;5;167;3
11833.33;19;411;0
11835.37;2;133;1
11836.32;28;281;2
11841.55;5;167;3
11843.55;19;411;0
11845.44;2;133;1
11846.51;8;25;2
11851.64;5;167;3
11853.98;1;376;0
11855.48;26;38;1
11856.8;8;25;2
11862.06;5;167;3
11864.03;1;376;0
11865.56;26;38;1
11866.87;8;25;2
11872.1;5;167;3
11874.07;1;376;0
11875.73;26;38;1
11876.95;21;88;2
11882.15;29;173;3
11884.45;1;376;0
11885.81;26;38;1
11887.13;21;88;2
11892.49;9;368;3
11894.5;25;200;0
11895.92;26;38;1
11897.23;21;88;2
11902.95;9;368;3
11904.54;25;200;0
11906.34;26;38;1
11907.36;10;391;2
11913.39;9;368;3
11914.59;25;200;0
11916.39;26;38;1
11917.43;10;391;2
11923.71;9;368;3
11924.66;27;506;0
11926.69;26;38;1
11927.63;10;391;2
11933.96;9;368;3
11934.7;27;506;0
11936.93;26;38;1
11937.69;10;391;2
11944.22;9;368;3
11944.75;27;506;0
11946.98;26;38;1
11947.75;10;391;2
11954.64;9;368;3
11955.17;14;383;0
11957.02;26;38;1
11957.94;30;59;2
11964.73;9;368;3
11965.36;14;383;0
11968.36;24;227;1
11968.36;30;59;2
11974.78;16;131;3
11975.6;14;383;0
11978.43;24;227;1
11978.43;30;59;2
11984.82;16;131;3
11985.97;4;260;0
11988.51;24;227;1
11988.51;30;59;2
11994.87;16;131;3
11996.02;4;260;0
11998.76;24;227;1
11998.76;30;59;2
12004.91;16;131;3
12006.26;4;260;0
12008.81;24;227;1
12008.81;30;59;2
12014.96;7;465;3
12016.68;4;260;0
12018.85;11;73;1
12018.85;30;59;2
12025.04;7;465;3
12026.75;19;225;0
12029.08;11;73;1
12029.08;30;59;2
12035.09;7;465;3
12036.8;19;225;0
12039.12;11;73;1
12039.12;30;59;2
12045.13;7;465;3
12046.9;1;324;0
12049.2;11;73;1
12049.2;30;59;2
12055.2;5;549;3
12056.94;1;324;0
12059.24;11;73;1
12059.24;28;455;2
12067.36;25;99;0
12069.32;11;73;1
12069.32;28;455;2
12070.99;29;195;3
12077.78;25;99;0
12079.39;11;73;1
12079.39;28;455;2
12081.07;29;195;3
12088.15;25;99;0
12089.57;11;73;1
12089.57;28;455;2
12091.16;29;195;3
12098.29;25;99;0
12100.03;11;73;1
12100.03;28;455;2
12101.29;9;87;3
12108.34;25;99;0
12110.12;11;73;1
12110.12;10;300;2
12111.34;9;87;3
12118.59;25;99;0
12120.17;0;286;1
12120.17;10;300;2
12121.58;9;87;3
12129.01;14;469;0
12130.21;0;286;1
12130.26;8;22;2
12140.26;0;286;1
12140.36;8;22;2
12142.63;16;367;3
12143.83;27;439;0
12150.32;2;114;1
12150.78;8;22;2
12152.68;16;367;3
12153.87;27;439;0
12160.37;2;114;1
12160.97;21;159;2
12162.83;16;367;3
12163.92;27;439;0
12170.46;2;114;1
12171.39;21;159;2
12173.22;16;367;3
12173.97;27;439;0
12180.54;26;480;1
12182.81;30;256;2
12183.54;16;367;3
12184.01;4;378;0
12190.61;26;480;1
12192.9;30;256;2
12193.63;16;367;3
12194.33;4;378;0
12200.71;26;480;1
12203.22;30;256;2
12203.76;16;367;3
12204.75;4;378;0
12210.88;26;480;1
12213.57;30;256;2
12213.84;16;367;3
12215.07;4;378;0
12220.93;26;480;1
12223.75;30;256;2
12223.93;16;367;3
12225.44;4;378;0
12231.05;24;169;1
12233.9;30;256;2
12234.08;16;367;3
12235.86;4;378;0
12241.13;24;169;1
12243.99;30;256;2
12244.13;16;367;3
12245.91;4;378;0
12251.25;24;169;1
12254.13;28;385;2
12254.17;16;367;3
12256.07;4;378;0
12261.67;24;169;1
12264.17;28;385;2
12264.46;16;367;3
12266.24;4;378;0
12271.9;24;169;1
12274.46;10;403;2
12276.38;4;378;0
12278.3;7;436;3
12282.25;24;169;1
12284.55;10;403;2
12286.67;4;378;0
12288.37;7;436;3
12292.5;24;169;1
12294.59;8;3;2
12296.83;4;378;0
12298.45;7;436;3
12302.66;0;177;1
12304.84;8;3;2
12306.89;4;378;0
12308.62;7;436;3
12312.71;0;177;1
12314.88;8;3;2
12316.97;19;65;0
12318.74;5;139;3
12322.76;11;279;1
12325.05;21;266;2
12327.04;19;65;0
12331.14;29;105;3
12332.85;11;279;1
12335.31;21;266;2
12337.18;19;65;0
12341.18;29;105;3
12342.94;11;279;1
12345.73;21;266;2
12347.37;19;65;0
12351.24;29;105;3
12352.98;11;279;1
12355.98;21;266;2
12357.44;1;260;0
12361.39;29;105;3
12363.12;2;477;1
12366.11;21;266;2
12367.66;1;260;0
12371.51;29;105;3
12373.16;2;477;1
12376.16;30;344;2
12377.7;25;110;0
12381.6;29;105;3
12383.21;2;477;1
12387.89;25;110;0
12391.34;28;359;2
12391.65;29;105;3
12393.25;2;477;1
12397.97;25;110;0
12401.56;28;359;2
12401.69;9;368;3
12403.3;26;337;1
12408.02;14;133;0
12411.69;28;359;2
12411.95;9;368;3
12413.36;26;337;1
12418.24;14;133;0
12421.81;10;509;2
12422.02;9;368;3
12423.6;24;2;1
12428.3;14;133;0
12431.97;10;509;2
12432.29;9;368;3
12434;0;450;1
12438.5;27;253;0
12442.29;10;509;2
12442.34;9;368;3
12444.31;0;450;1
12448.62;27;253;0
12452.34;8;3;2
12452.46;16;432;3
12454.39;0;450;1
12458.75;27;253;0
12462.46;8;3;2
12462.88;16;432;3
12464.52;0;450;1
12468.93;27;253;0
12472.63;8;3;2
12473.3;16;432;3
12474.59;0;450;1
12479.08;19;71;0
12482.99;8;3;2
12483.42;16;432;3
12484.68;0;450;1
12489.19;19;71;0
12493.28;8;3;2
12494.28;5;88;3
12494.98;0;450;1
12499.28;19;71;0
12503.46;8;3;2
12504.69;5;88;3
12505.11;0;450;1
12509.32;19;71;0
12513.51;21;283;2
12514.83;5;88;3
12515.15;11;257;1
12519.4;19;71;0
12523.68;21;283;2
12524.96;5;88;3
12525.22;11;257;1
12529.54;19;71;0
12534.1;21;283;2
12535.01;5;88;3
12535.27;11;257;1
12539.72;4;437;0
12544.5;30;512;2
12545.28;7;282;3
12545.53;11;257;1
12549.89;4;437;0
12554.65;30;512;2
12555.53;7;282;3
12555.74;26;376;1
12559.94;4;437;0
12564.81;28;322;2
12565.68;7;282;3
12565.78;26;376;1
12570;4;437;0
12575.28;28;322;2
12575.78;7;282;3
12575.87;24;409;1
12580.04;4;437;0
12585.43;28;322;2
12585.82;29;511;3
12585.91;24;409;1
12590.23;1;242;0
12595.57;28;322;2
12596.33;2;169;1
12600.33;1;242;0
12604.04;16;291;3
12605.63;28;322;2
12606.51;2;169;1
12610.52;1;242;0
12614.16;16;291;3
12615.92;28;322;2
12616.56;2;169;1
12620.56;1;242;0
12624.56;9;449;3
12626.05;28;322;2
12626.6;2;169;1
12630.6;1;242;0
12634.6;9;449;3
12636.1;28;322;2
12636.67;0;544;1
12640.66;1;242;0
12644.69;9;449;3
12646.36;10;259;2
12646.71;0;544;1
12650.71;25;120;0
12655.09;5;414;3
12656.5;10;259;2
12656.76;0;544;1
12660.75;25;120;0
12665.18;5;414;3
12666.55;10;259;2
12666.83;0;544;1
12670.82;25;120;0
12675.6;5;414;3
12676.62;10;259;2
12676.92;26;245;1
12680.91;14;474;0
12685.7;5;414;3
12686.72;10;259;2
12690.95;14;474;0
12692.58;11;352;1
12695.83;5;414;3
12696.8;10;259;2
12701.16;14;474;0
12702.62;11;352;1
12706.25;7;14;3
12706.91;10;259;2
12711.22;14;474;0
12712.74;11;352;1
12716.5;7;14;3
12716.96;8;40;2
12721.5;14;474;0
12722.79;11;352;1
12726.67;29;127;3
12727;8;40;2
12731.55;14;474;0
12732.83;11;352;1
12737.01;29;127;3
12737.05;30;256;2
12741.59;14;474;0
12742.88;11;352;1
12747.06;29;127;3
12747.1;30;256;2
12751.63;14;474;0
12752.95;11;352;1
12757.1;16;430;3
12757.15;30;256;2
12761.81;14;474;0
12762.99;11;352;1
12767.15;16;430;3
12767.19;30;256;2
12771.86;27;102;0
12773.07;24;171;1
12777.19;16;430;3
12777.61;30;256;2
12782;27;102;0
12783.13;24;171;1
12787.4;16;430;3
12787.83;30;256;2
12792.41;27;102;0
12793.24;24;171;1
12797.44;16;430;3
12797.94;30;256;2
12802.52;27;102;0
12803.29;2;3;1
12807.62;16;430;3
12808.11;30;256;2
12812.8;4;501;0
12818.04;16;430;3
12818.46;30;256;2
12819.45;0;25;1
12823.13;4;501;0
12828.13;16;430;3
12828.5;30;256;2
12829.84;0;25;1
12833.18;4;501;0
12838.31;5;326;3
12838.63;30;256;2
12840.26;0;25;1
12843.23;4;501;0
12848.36;5;326;3
12848.68;30;256;2
12850.5;0;25;1
12853.28;4;501;0
12858.68;5;326;3
12858.77;21;131;2
12860.54;0;25;1
12863.52;4;501;0
12868.72;5;326;3
12868.81;21;131;2
12870.58;26;436;1
12873.56;4;501;0
12878.81;5;326;3
12878.86;28;169;2
12883.61;19;519;0
12885.81;11;363;1
12888.87;5;326;3
12888.91;28;169;2
12893.78;19;519;0
12896.1;11;363;1
12898.91;9;498;3
12899.1;28;169;2
12903.93;19;519;0
12906.17;11;363;1
12908.96;9;498;3
12909.18;8;494;2
12914.07;19;519;0
12916.22;11;363;1
12919;7;255;3
12919.22;8;494;2
12924.12;1;92;0
12926.67;11;363;1
12929.07;7;255;3
12929.64;8;494;2
12934.2;1;92;0
12936.76;11;363;1
12939.38;7;255;3
12939.76;10;111;2
12944.25;1;92;0
12946.94;11;363;1
12949.43;7;255;3
12949.92;10;111;2
12954.7;25;99;0
12957.14;24;264;1
12959.63;7;255;3
12960.09;10;111;2
12964.83;25;99;0
12967.4;24;264;1
12969.73;7;255;3
12970.2;30;157;2
12974.88;25;99;0
12977.44;24;264;1
12979.98;29;410;3
12980.24;30;157;2
12985.24;25;99;0
12987.49;24;264;1
12990.02;29;410;3
12990.43;30;157;2
12995.36;25;99;0
12997.78;24;264;1
13000.19;29;410;3
13000.47;30;157;2
13005.79;14;43;0
13007.83;2;507;1
13010.47;29;410;3
13010.83;28;480;2
13016.03;14;43;0
13017.87;2;507;1
13020.83;29;410;3
13020.87;28;480;2
13026.08;14;43;0
13027.91;2;507;1
13030.87;29;410;3
13030.91;28;480;2
13036.12;14;43;0
13037.96;2;507;1
13040.95;29;410;3
13040.99;28;480;2
13046.17;27;547;0
13048;2;507;1
13051.01;16;489;3
13051.05;28;480;2
13058.05;2;507;1
13061.05;16;489;3
13061.29;28;480;2
13061.34;4;4;0
13068.09;2;507;1
13071.34;28;480;2
13071.52;4;4;0
13073.98;9;542;3
13078.15;2;507;1
13081.52;21;39;2
13081.64;4;4;0
13084.13;9;542;3
13088.22;2;507;1
13091.64;21;39;2
13091.68;4;4;0
13094.32;5;50;3
13098.31;2;507;1
13101.68;21;39;2
13101.98;19;332;0
13104.44;5;50;3
13108.75;2;507;1
13111.73;21;39;2
13112.02;19;332;0
13114.56;5;50;3
13118.83;2;507;1
13121.83;21;39;2
13122.07;19;332;0
13124.61;7;216;3
13129.08;0;281;1
13131.9;21;39;2
13132.12;19;332;0
13134.81;7;216;3
13139.13;26;289;1
13141.95;21;39;2
13142.16;19;332;0
13144.9;7;216;3
13149.23;26;289;1
13152.16;21;39;2
13152.25;1;544;0
13155.07;16;229;3
13159.37;26;289;1
13162.21;21;39;2
13162.3;1;544;0
13165.22;16;229;3
13169.41;11;92;1
13172.3;21;39;2
13172.39;1;544;0
13175.3;16;229;3
13179.75;11;92;1
13182.35;8;172;2
13182.72;1;544;0
13185.35;16;229;3
13190;24;308;1
13192.61;8;172;2
13192.98;1;544;0
13195.59;9;103;3
13200.11;24;308;1
13202.84;8;172;2
13203.11;1;544;0
13205.87;9;103;3
13210.3;24;308;1
13212.92;8;172;2
13213.3;14;469;0
13215.92;9;103;3
13220.56;24;308;1
13222.96;8;172;2
13223.54;4;439;0
13225.97;29;408;3
13232.14;0;323;1
13233.38;8;172;2
13233.79;4;439;0
13236.09;29;408;3
13242.46;0;323;1
13244.14;4;439;0
13244.36;10;258;2
13246.21;29;408;3
13252.59;0;323;1
13254.26;4;439;0
13254.4;10;258;2
13256.63;29;408;3
13263.01;2;504;1
13264.4;4;439;0
13264.53;10;258;2
13266.99;29;408;3
13273.35;2;504;1
13274.53;4;439;0
13274.81;30;391;2
13277.44;29;408;3
13283.4;11;3;1
13284.58;4;439;0
13284.95;30;391;2
13290.85;5;520;3
13293.44;11;3;1
13294.8;27;38;0
13295.02;30;391;2
13301.06;5;520;3
13303.49;26;25;1
13304.93;27;38;0
13305.07;30;391;2
13311.5;5;520;3
13315.07;27;38;0
13315.11;30;391;2
13321.7;5;520;3
13325.14;27;38;0
13325.18;28;127;2
13331.78;5;520;3
13335.2;27;38;0
13335.5;28;127;2
13337.05;24;388;1
13341.88;5;520;3
13345.5;27;38;0
13345.79;28;127;2
13347.44;24;388;1
13351.94;5;520;3
13355.69;25;522;0
13356.42;21;71;2
13357.75;24;388;1
13361.99;7;383;3
13365.84;25;522;0
13366.47;21;71;2
13368;24;388;1
13372.31;7;383;3
13375.99;25;522;0
13376.6;21;71;2
13378.07;24;388;1
13382.44;7;383;3
13386.06;19;405;0
13387.02;21;71;2
13388.13;2;7;1
13392.85;7;383;3
13396.22;19;405;0
13397.44;8;494;2
13398.29;2;7;1
13402.93;7;383;3
13406.64;19;405;0
13407.49;8;494;2
13408.63;2;7;1
13413.02;7;383;3
13417.06;14;79;0
13417.91;8;494;2
13418.67;2;7;1
13424.55;16;361;3
13427.41;14;79;0
13428;8;494;2
13428.72;2;7;1
13434.63;16;361;3
13437.46;14;79;0
13438.08;10;510;2
13438.76;2;7;1
13444.73;16;361;3
13447.73;14;79;0
13448.36;30;329;2
13448.81;2;7;1
13454.92;16;361;3
13457.81;14;79;0
13458.42;30;329;2
13458.89;2;7;1
13465.34;16;361;3
13468.18;14;79;0
13468.47;30;329;2
13468.94;2;7;1
13475.39;9;96;3
13478.26;27;83;0
13478.51;30;329;2
13478.98;0;144;1
13485.43;29;349;3
13488.3;27;83;0
13488.57;28;12;2
13489.04;0;144;1
13495.49;5;173;3
13498.35;27;83;0
13498.99;28;12;2
13499.22;0;144;1
13505.6;5;173;3
13508.43;1;75;0
13509.18;28;12;2
13509.27;0;144;1
13515.72;5;173;3
13518.62;1;75;0
13519.27;28;12;2
13519.69;0;144;1
13525.89;7;176;3
13528.7;1;75;0
13529.36;28;12;2
13529.74;11;82;1
13536.31;7;176;3
13538.74;1;75;0
13539.93;11;82;1
13540.31;21;195;2
13546.73;7;176;3
13548.78;1;75;0
13550;11;82;1
13550.54;21;195;2
13556.79;7;176;3
13560.05;11;82;1
13560.67;21;195;2
13561.8;25;344;0
13566.85;7;176;3
13570.16;11;82;1
13570.71;21;195;2
13571.91;25;344;0
13580.58;11;82;1
13581.12;21;195;2
13582.18;25;344;0
13590.62;11;82;1
13591.54;30;65;2
13592.23;25;344;0
13592.27;16;373;3
13600.69;26;352;1
13601.62;30;65;2
13602.27;19;248;0
13602.31;16;373;3
13610.8;26;352;1
13611.66;10;22;2
13612.31;19;248;0
13612.36;16;373;3
13620.85;26;352;1
13621.87;10;22;2
13622.36;19;248;0
13624.82;5;393;3
13631.3;24;120;1
13632.32;10;22;2
13632.41;19;248;0
13635.19;5;393;3
13641.65;24;120;1
13642.36;8;159;2
13642.45;19;248;0
13645.4;5;393;3
13651.72;24;120;1
13652.45;28;326;2
13652.54;4;338;0
13655.45;5;393;3
13662.16;24;120;1
13662.5;28;326;2
13662.83;14;147;0
13665.52;5;393;3
13672.5;24;120;1
13672.54;28;326;2
13673.17;14;147;0
13675.59;9;317;3
13682.58;2;450;1
13682.63;28;326;2
13683.63;14;147;0
13685.67;9;317;3
13692.63;2;450;1
13692.67;28;326;2
13693.67;14;147;0
13695.72;9;317;3
13702.67;2;450;1
13702.72;28;326;2
13704.11;27;506;0
13705.76;9;317;3
13712.72;2;450;1
13712.76;28;326;2
13714.37;27;506;0
13715.81;9;317;3
13722.76;2;450;1
13722.81;28;326;2
13724.46;27;506;0
13725.85;9;317;3
13732.81;2;450;1
13732.85;21;526;2
13734.51;27;506;0
13735.89;9;317;3
13742.85;2;450;1
13742.89;21;526;2
13744.66;1;485;0
13745.94;9;317;3
13752.89;2;450;1
13752.94;30;170;2
13754.82;19;133;0
13755.98;29;500;3
13762.94;0;492;1
13762.98;30;170;2
13765.05;19;133;0
13766.03;29;500;3
13772.99;0;492;1
13773.03;30;170;2
13775.09;4;521;0
13776.08;29;500;3
13783.03;11;354;1
13783.08;10;334;2
13785.19;4;521;0
13786.12;29;500;3
13793.08;26;242;1
13793.5;10;334;2
13796.21;29;500;3
13796.63;25;433;0
13803.13;26;242;1
13803.55;10;334;2
13806.33;29;500;3
13807.04;25;433;0
13813.44;26;242;1
13813.9;10;334;2
13816.41;16;372;3
13817.27;25;433;0
13823.49;26;242;1
13824.18;10;334;2
13826.5;16;372;3
13827.42;25;433;0
13833.75;26;242;1
13834.36;10;334;2
13836.71;16;372;3
13837.87;25;433;0
13843.9;26;242;1
13844.79;10;334;2
13846.9;16;372;3
13848.29;25;433;0
13854.04;24;152;1
13855.12;10;334;2
13857.05;16;372;3
13858.7;14;190;0
13864.5;24;152;1
13865.29;8;511;2
13867.25;7;227;3
13869.14;14;190;0
13874.71;24;152;1
13875.63;8;511;2
13877.4;7;227;3
13879.33;14;190;0
13884.75;0;496;1
13885.68;8;511;2
13887.63;7;227;3
13889.52;14;190;0
13894.8;0;496;1
13895.77;8;511;2
13897.67;7;227;3
13899.57;14;190;0
13905.22;0;496;1
13906.19;21;144;2
13907.94;7;227;3
13909.94;14;190;0
13915.63;0;496;1
13916.24;21;144;2
13918.24;7;227;3
13920.09;19;34;0
13925.99;0;496;1
13926.36;21;144;2
13928.56;7;227;3
13930.44;19;34;0
13936.3;0;496;1
13936.41;21;144;2
13938.71;9;271;3
13940.49;19;34;0
13946.34;0;496;1
13946.45;21;144;2
13949.13;9;271;3
13950.53;19;34;0
13956.39;11;135;1
13956.5;21;144;2
13959.22;9;271;3
13960.58;27;39;0
13966.5;11;135;1
13966.54;28;438;2
13969.54;9;271;3
13970.62;27;39;0
13976.54;11;135;1
13976.59;28;438;2
13979.58;9;271;3
13980.7;4;7;0
13986.59;11;135;1
13986.99;30;482;2
13989.62;9;271;3
13990.75;4;7;0
13996.67;2;17;1
13997.41;30;482;2
13999.67;29;274;3
14000.79;4;7;0
14006.94;2;17;1
14007.83;30;482;2
14009.84;29;274;3
14010.87;4;7;0
14017.36;2;17;1
14017.93;30;482;2
14020.04;29;274;3
14020.96;4;7;0
14027.43;2;17;1
14027.98;10;425;2
14030.46;29;274;3
14031.02;1;344;0
14037.47;2;17;1
14038.05;10;425;2
14040.51;29;274;3
14041.06;1;344;0
14047.62;2;17;1
14048.1;10;425;2
14050.6;29;274;3
14051.1;1;344;0
14057.89;2;17;1
14058.35;8;494;2
14060.68;29;274;3
14061.31;1;344;0
14068.31;2;17;1
14068.4;8;494;2
14070.85;29;274;3
14071.35;25;392;0
14078.35;2;17;1
14078.44;8;494;2
14081.02;5;430;3
14081.4;25;392;0
14088.44;2;17;1
14088.49;8;494;2
14091.07;5;430;3
14091.44;14;84;0
14098.49;2;17;1
14098.53;21;82;2
14101.12;5;430;3
14101.49;14;84;0
14108.61;26;335;1
14108.61;28;3;2
14111.16;5;430;3
14111.54;14;84;0
14118.67;26;335;1
14118.67;28;3;2
14121.21;5;430;3
14121.67;14;84;0
14128.76;26;335;1
14128.76;28;3;2
14131.25;5;430;3
14131.72;14;84;0
14138.98;26;335;1
14138.98;28;3;2
14141.39;5;430;3
14141.84;27;43;0
14149.26;26;335;1
14149.26;30;250;2
14151.81;5;430;3
14151.94;27;43;0
14159.65;26;335;1
14159.65;30;250;2
14161.94;5;430;3
14162.06;27;43;0
14169.99;26;335;1
14169.99;30;250;2
14172.07;5;430;3
14172.16;27;43;0
14180.07;24;324;1
14180.07;30;250;2
14182.19;7;172;3
14182.58;27;43;0
14190.12;11;504;1
14190.12;30;250;2
14192.25;7;172;3
14193;27;43;0
14200.18;11;504;1
14200.18;10;152;2
14202.29;7;172;3
14203.07;27;43;0
14210.6;11;504;1
14210.6;10;152;2
14212.71;7;172;3
14213.25;27;43;0
14220.65;11;504;1
14220.65;10;152;2
14223.07;7;172;3
14223.32;19;6;0
14231.07;11;504;1
14231.07;8;424;2
14233.3;7;172;3
14233.37;19;6;0
14241.13;0;157;1
14241.13;8;424;2
14243.37;16;90;3
14243.42;19;6;0
14251.5;0;157;1
14251.5;8;424;2
14253.42;16;90;3
14253.79;4;496;0
14261.79;0;157;1
14261.79;8;424;2
14263.46;16;90;3
14263.92;4;496;0
14272.25;0;157;1
14272.25;8;424;2
14273.52;16;90;3
14274.24;4;496;0
14282.71;0;157;1
14282.71;8;424;2
14283.94;16;90;3
14284.28;1;83;0
14293.13;0;157;1
14293.13;21;72;2
14294.01;16;90;3
14294.33;1;83;0
14303.17;0;157;1
14303.17;21;72;2
14304.06;16;90;3
14304.65;1;83;0
14313.24;0;157;1
14313.24;21;72;2
14314.13;16;90;3
14314.75;25;4;0
14323.42;0;157;1
14323.42;21;72;2
14324.42;16;90;3
14324.83;25;4;0
14333.7;2;242;1
14333.7;21;72;2
14334.52;9;38;3
14334.87;25;4;0
14343.74;2;242;1
14343.74;21;72;2
14344.66;9;38;3
14345.08;14;3;0
14353.79;2;242;1
14353.79;21;72;2
14354.79;9;38;3
14355.18;14;3;0
14363.83;2;242;1
14363.83;30;478;2
14365.11;9;38;3
14365.3;27;248;0
14373.87;24;39;1
14375.16;9;38;3
14376.82;28;480;2
14381.05;19;285;0
14383.95;24;39;1
14385.35;9;38;3
14386.88;28;480;2
14391.1;1;528;0
14394;24;39;1
14395.44;29;349;3
14397.01;28;480;2
14401.15;1;528;0
14404.14;24;39;1
14405.52;29;349;3
14407.14;28;480;2
14413.71;4;14;0
14414.31;24;39;1
14415.57;5;421;3
14417.18;28;480;2
14423.76;4;14;0
14424.42;26;176;1
14425.61;5;421;3
14427.38;10;336;2
14433.82;4;14;0
14434.63;26;176;1
14435.65;5;421;3
14437.5;10;336;2
14444.7;11;353;1
14445.73;5;421;3
14447.54;10;336;2
14454.81;11;353;1
14455.83;5;421;3
14457.81;10;336;2
14465;11;353;1
14465.87;5;421;3
14467.9;8;205;2
14475.27;11;353;1
14476.03;5;421;3
14476.49;25;341;0
14477.96;8;205;2
14485.46;11;353;1
14486.09;5;421;3
14486.57;25;341;0
14488.01;8;205;2
14495.59;0;234;1
14496.13;16;367;3
14496.76;25;341;0
14498.09;8;205;2
14505.63;0;234;1
14506.19;16;367;3
14506.81;25;341;0
14508.18;8;205;2
14515.91;0;234;1
14516.27;16;367;3
14516.9;25;341;0
14518.6;8;205;2
14526;0;234;1
14526.55;16;367;3
14527.02;25;341;0
14528.96;21;322;2
14536.04;0;234;1
14536.97;16;367;3
14537.1;25;341;0
14539.04;21;322;2
14546.08;2;53;1
14547.1;16;367;3
14547.32;25;341;0
14549.11;21;322;2
14556.13;2;53;1
14557.32;7;267;3
14557.77;25;341;0
14559.15;30;184;2
14566.5;2;53;1
14567.48;7;267;3
14568.1;19;220;0
14569.37;30;184;2
14576.92;2;53;1
14577.52;7;267;3
14578.15;19;220;0
14579.67;28;339;2
14587.32;2;53;1
14587.6;7;267;3
14588.33;19;220;0
14589.94;28;339;2
14597.51;2;53;1
14597.95;29;241;3
14598.4;19;220;0
14600.09;28;339;2
14607.69;24;535;1
14608;9;96;3
14608.45;19;220;0
14610.42;10;88;2
14617.76;24;535;1
14618.04;9;96;3
14618.49;14;376;0
14620.46;10;88;2
14628.04;24;535;1
14628.2;5;172;3
14628.56;14;376;0
14630.52;10;88;2
14638.24;26;46;1
14638.71;14;376;0
14640.57;10;88;2
14648.82;14;376;0
14650.66;10;88;2
14652.66;11;289;1
14655.11;16;24;3
14659.24;14;376;0
14660.96;10;88;2
14662.95;11;289;1
14665.16;16;24;3
14669.37;14;376;0
14671.38;8;414;2
14673.1;11;289;1
14675.24;16;24;3
14679.62;14;376;0
14681.49;8;414;2
14683.18;11;289;1
14685.33;16;24;3
14690;27;221;0
14691.79;21;520;2
14693.44;11;289;1
14695.63;29;235;3
14700.09;27;221;0
14702.21;21;520;2
14703.54;11;289;1
14705.87;29;235;3
14710.14;27;221;0
14712.27;21;520;2
14713.64;11;289;1
14715.96;29;235;3
14720.18;27;221;0
14722.51;21;520;2
14723.83;0;523;1
14726.02;29;235;3
14730.35;27;221;0
14732.55;21;520;2
14733.88;0;523;1
14736.08;29;235;3
14740.51;27;221;0
14742.59;28;167;2
14744.06;0;523;1
14746.35;7;174;3
14750.93;27;221;0
14752.64;28;167;2
14754.48;0;523;1
14756.4;7;174;3
14761.34;27;221;0
14762.68;28;167;2
14764.65;24;50;1
14766.62;7;174;3
14771.38;27;221;0
14772.77;28;167;2
14774.71;2;511;1
14776.67;7;174;3
14781.43;27;221;0
14782.82;28;167;2
14784.76;26;176;1
14786.71;9;472;3
14791.47;27;221;0
14792.89;28;167;2
14794.8;26;176;1
14796.76;9;472;3
14801.52;27;221;0
14802.94;30;456;2
14804.84;26;176;1
14806.81;5;440;3
14811.56;27;221;0
14813.1;30;456;2
14814.89;11;102;1
14817.23;5;440;3
14821.61;27;221;0
14823.22;30;456;2
14824.93;11;102;1
14827.32;5;440;3
14831.65;27;221;0
14833.64;30;456;2
14837.37;5;440;3
14841.89;4;442;0
14843.84;30;456;2
14847.57;5;440;3
14851.08;0;391;1
14851.93;4;442;0
14854.21;30;456;2
14857.65;5;440;3
14861.12;0;391;1
14862.18;4;442;0
14864.63;8;320;2
14867.7;5;440;3
14871.54;0;391;1
14872.49;4;442;0
14874.76;8;320;2
14877.74;16;127;3
14881.61;0;391;1
14882.53;19;114;0
14885.06;8;320;2
14887.79;16;127;3
14891.76;0;391;1
14892.79;19;114;0
14895.2;8;320;2
14897.83;29;382;3
14901.84;24;397;1
14902.84;25;497;0
14905.26;10;451;2
14907.88;29;382;3
14911.93;24;397;1
14913.26;25;497;0
14915.3;10;451;2
14917.92;7;150;3
14922.35;24;397;1
14923.48;25;497;0
14925.39;10;451;2
14928.13;7;150;3
14932.63;24;397;1
14933.9;25;497;0
14935.52;21;547;2
14938.48;7;150;3
14942.67;24;397;1
14944.12;25;497;0
14945.6;21;547;2
14948.52;7;150;3
14952.8;24;397;1
14954.37;25;497;0
14955.77;21;547;2
14958.6;7;150;3
14962.85;24;397;1
14964.46;25;497;0
14965.85;21;547;2
14968.67;7;150;3
14973.21;26;315;1
14974.51;25;497;0
14976.07;21;547;2
14979.01;7;150;3
14983.38;26;315;1
14984.55;1;308;0
14986.12;21;547;2
14989.12;7;150;3
14993.54;26;315;1
14994.72;1;308;0
14996.41;28;289;2
14999.25;7;150;3
15003.87;11;162;1
15005.08;1;308;0
15006.83;28;289;2
15009.3;7;150;3
15014.09;11;162;1
15015.13;1;308;0
15016.87;28;289;2
15019.34;9;111;3
15024.33;2;204;1
15025.17;1;308;0
15027.07;28;289;2
15029.39;9;111;3
15034.65;2;204;1
15035.22;1;308;0
15037.11;28;289;2
15039.43;9;111;3
15044.83;2;204;1
15045.26;14;360;0
15047.53;28;289;2
15049.48;9;111;3
15054.9;2;204;1
15055.31;14;360;0
15057.61;30;317;2
15059.52;9;111;3
15064.95;2;204;1
15065.37;14;360;0
15067.65;8;72;2
15069.57;9;111;3
15075.28;2;204;1
15075.41;14;360;0
15077.72;8;72;2
15079.61;9;111;3
15085.41;2;204;1
15085.46;14;360;0
15087.81;8;72;2
15089.68;9;111;3
15095.49;2;204;1
15095.54;4;298;0
15097.87;8;72;2
15100.04;9;111;3
15105.54;2;204;1
15105.7;4;298;0
15108.28;8;72;2
15110.46;16;432;3
15115.7;2;204;1
15115.85;4;298;0
15118.58;10;259;2
15120.83;16;432;3
15125.87;2;204;1
15126.03;4;298;0
15128.62;10;259;2
15131.08;16;432;3
15136.04;0;517;1
15136.1;4;298;0
15138.67;21;84;2
15141.36;16;432;3
15146.14;0;517;1
15146.28;27;250;0
15148.71;28;14;2
15151.4;16;432;3
15156.28;0;517;1
15156.49;27;250;0
15158.76;28;14;2
15162.52;5;387;3
15166.49;24;438;1
15166.83;27;250;0
15168.8;28;14;2
15172.57;5;387;3
15176.55;11;40;1
15177.16;27;250;0
15182.65;5;387;3
15186.78;11;40;1
15187.25;27;250;0
15193.06;29;271;3
15193.24;8;335;2
15196.83;11;40;1
15197.36;27;250;0
15203.21;29;271;3
15203.54;30;199;2
15207.25;11;40;1
15207.66;27;250;0
15213.45;29;271;3
15213.83;30;199;2
15217.49;26;344;1
15217.76;19;217;0
15223.55;29;271;3
15224.08;30;199;2
15227.58;26;344;1
15227.84;19;217;0
15233.67;7;97;3
15234.13;30;199;2
15237.75;26;344;1
15237.89;19;217;0
15243.72;7;97;3
15244.2;30;199;2
15247.8;26;344;1
15248.11;25;279;0
15253.76;7;97;3
15254.34;30;199;2
15257.97;26;344;1
15258.3;25;279;0
15263.8;9;256;3
15264.43;30;199;2
15268.05;2;418;1
15268.35;25;279;0
15274.22;9;256;3
15274.85;30;199;2
15278.35;2;418;1
15278.47;25;279;0
15284.3;9;256;3
15285.06;10;184;2
15288.5;0;20;1
15288.54;25;279;0
15294.35;9;256;3
15295.41;10;184;2
15298.54;0;20;1
15298.73;25;279;0
15304.39;16;124;3
15305.69;10;184;2
15308.69;0;20;1
15309.15;4;36;0
15315.74;10;184;2
15318.76;0;20;1
15319.2;4;36;0
15319.48;5;24;3
15325.87;21;444;2
15329.3;4;36;0
15329.52;5;24;3
15331.3;24;359;1
15335.91;21;444;2
15339.48;4;36;0
15339.57;5;24;3
15341.44;24;359;1
15345.96;21;444;2
15349.52;4;36;0
15349.99;29;88;3
15351.78;24;359;1
15356;8;433;2
15359.57;4;36;0
15360.04;29;88;3
15362.05;24;359;1
15366.04;8;433;2
15369.61;1;133;0
15370.48;29;88;3
15372.15;26;479;1
15376.11;8;433;2
15379.65;1;133;0
15380.9;7;16;3
15382.23;26;479;1
15386.16;8;433;2
15389.71;1;133;0
15391.03;7;16;3
15392.68;26;479;1
15396.27;8;433;2
15399.78;1;133;0
15401.07;7;16;3
15402.75;26;479;1
15406.53;8;433;2
15409.82;14;526;0
15411.28;7;16;3
15412.82;11;278;1
15416.57;28;99;2
15419.89;14;526;0
15421.45;7;16;3
15422.87;11;278;1
15426.64;28;99;2
15430;27;450;0
15431.63;7;16;3
15433;11;278;1
15436.78;28;99;2
15440.23;27;450;0
15441.85;9;473;3
15443.11;11;278;1
15446.86;28;99;2
15450.28;27;450;0
15452.02;9;473;3
15453.15;2;258;1
15457.28;28;99;2
15460.32;27;450;0
15462.36;16;93;3
15463.19;2;258;1
15467.38;28;99;2
15470.38;19;523;0
15472.45;16;93;3
15473.25;2;258;1
15477.59;28;99;2
15480.43;19;523;0
15482.49;16;93;3
15483.31;2;258;1
15487.71;30;157;2
15490.72;19;523;0
15492.71;29;214;3
15495.36;0;501;1
15497.89;30;157;2
15500.9;25;432;0
15502.92;29;214;3
15505.44;0;501;1
15508.03;30;157;2
15511.01;25;432;0
15512.97;29;214;3
15515.64;0;501;1
15518.26;21;205;2
15521.23;25;432;0
15523.04;5;447;3
15526.04;24;7;1
15528.3;21;205;2
15531.33;4;17;0
15533.22;5;447;3
15536.08;24;7;1
15538.53;21;205;2
15541.5;4;17;0
15543.31;5;447;3
15546.13;24;7;1
15548.95;21;205;2
15551.77;4;17;0
15553.73;7;372;3
15556.17;24;7;1
15558.99;21;205;2
15561.97;4;17;0
15563.77;7;372;3
15566.25;26;50;1
15569.06;10;291;2
15572.06;4;17;0
15573.86;7;372;3
15576.67;26;50;1
15579.11;10;291;2
15582.11;14;297;0
15583.91;7;372;3
15586.9;26;50;1
15589.15;10;291;2
15592.15;14;297;0
15593.97;9;132;3
15596.95;26;50;1
15599.53;10;291;2
15602.2;14;297;0
15604.02;9;132;3
15607.02;11;71;1
15609.57;10;291;2
15612.57;27;429;0
15614.06;9;132;3
15617.07;11;71;1
15619.81;10;291;2
15622.83;27;429;0
15624.13;9;132;3
15627.11;11;71;1
15629.93;10;291;2
15632.93;27;429;0
15634.55;16;360;3
15637.16;11;71;1
15640.16;10;291;2
15642.98;27;429;0
15644.98;16;360;3
15647.26;11;71;1
15650.27;8;187;2
15653.06;1;339;0
15655.3;16;360;3
15657.4;0;461;1
15660.4;8;187;2
15663.4;1;339;0
15665.67;16;360;3
15667.82;0;461;1
15670.57;8;187;2
15673.57;1;339;0
15675.96;16;360;3
15677.95;0;461;1
15680.65;8;187;2
15683.62;1;339;0
15686;16;360;3
15688.05;0;461;1
15690.7;8;187;2
15693.66;19;391;0
15696.11;5;271;3
15698.18;2;324;1
15700.74;8;187;2
15706.36;5;271;3
15708.23;2;324;1
15710.83;30;221;2
15712.28;25;453;0
15716.51;5;271;3
15718.34;2;324;1
15720.99;30;221;2
15722.32;25;453;0
15726.56;5;271;3
15728.67;2;324;1
15731.21;30;221;2
15732.39;25;453;0
15736.81;5;271;3
15738.83;2;324;1
15741.25;21;105;2
15742.62;4;305;0
15746.85;5;271;3
15749.1;2;324;1
15751.42;21;105;2
15752.68;4;305;0
15757.02;7;96;3
15759.16;2;324;1
15761.56;21;105;2
15762.98;4;305;0
15767.06;7;96;3
15769.2;24;184;1
15771.78;21;105;2
15773.06;4;305;0
15777.1;7;96;3
15779.41;24;184;1
15781.91;28;59;2
15783.22;4;305;0
15787.26;29;421;3
15789.45;26;480;1
15791.97;28;59;2
15793.32;4;305;0
15797.41;29;421;3
15799.75;26;480;1
15802.08;28;59;2
15803.36;4;305;0
15807.58;29;421;3
15809.85;26;480;1
15812.23;28;59;2
15813.41;4;305;0
15817.8;29;421;3
15820.1;26;480;1
15822.33;28;59;2
15823.47;14;515;0
15828.17;29;421;3
15830.47;26;480;1
15832.42;28;59;2
15833.6;14;515;0
15838.25;29;421;3
15840.51;26;480;1
15842.87;8;286;2
15843.76;27;522;0
15848.66;9;367;3
15850.56;11;79;1
15852.92;8;286;2
15853.8;27;522;0
15858.78;9;367;3
15860.61;11;79;1
15862.97;10;387;2
15863.89;1;363;0
15868.85;9;367;3
15870.65;11;79;1
15873.94;1;363;0
15879.14;9;367;3
15880.7;11;79;1
15882.17;30;103;2
15883.98;1;363;0
15889.18;16;174;3
15890.74;11;79;1
15894.18;1;363;0
15899.37;16;174;3
15900.82;0;527;1
15901.34;21;500;2
15904.24;19;321;0
15909.64;16;174;3
15911.05;0;527;1
15911.69;21;500;2
15914.32;19;321;0
15919.94;5;516;3
15921.1;0;527;1
15921.85;21;500;2
15924.37;19;321;0
15930.01;5;516;3
15931.18;2;116;1
15932.1;21;500;2
15934.45;19;321;0
15940.09;7;443;3
15941.59;2;116;1
15942.33;21;500;2
15944.5;25;73;0
15950.48;7;443;3
15951.66;2;116;1
15952.59;21;500;2
15954.66;25;73;0
15960.52;7;443;3
15961.89;2;116;1
15962.75;21;500;2
15964.83;25;73;0
15970.69;7;443;3
15971.94;2;116;1
15972.99;21;500;2
15974.94;25;73;0
15980.74;29;374;3
15982.17;2;116;1
15983.2;28;264;2
15985;25;73;0
15990.82;29;374;3
15992.28;2;116;1
15993.42;28;264;2
15995.15;25;73;0
16001.02;29;374;3
16002.37;2;116;1
16003.46;28;264;2
16005.37;25;73;0
16011.14;29;374;3
16012.6;24;290;1
16013.55;8;450;2
16015.41;25;73;0
16021.22;29;374;3
16022.97;24;290;1
16023.59;8;450;2
16025.54;25;73;0
16031.27;29;374;3
16033.34;24;290;1
16033.64;8;450;2
16035.72;4;497;0
16041.31;9;301;3
16043.64;26;365;1
16043.68;8;450;2
16045.81;4;497;0
16051.62;9;301;3
16053.68;26;365;1
16053.73;8;450;2
16056.23;4;497;0
16061.66;9;301;3
16063.73;26;365;1
16063.77;10;96;2
16066.57;14;152;0
16071.71;5;103;3
16073.77;11;111;1
16073.81;10;96;2
16076.77;14;152;0
16081.76;5;103;3
16083.81;11;111;1
16083.86;30;297;2
16086.82;14;152;0
16092;16;17;3
16093.86;11;111;1
16093.9;30;297;2
16096.87;14;152;0
16102.42;16;17;3
16103.9;11;111;1
16103.95;30;297;2
16106.91;1;114;0
16112.58;16;17;3
16113.95;0;16;1
16113.99;30;297;2
16122.37;19;527;0
16124.01;0;16;1
16124.05;28;131;2
16125.16;7;538;3
16132.42;19;527;0
16134.05;0;16;1
16134.14;28;131;2
16135.24;7;538;3
16142.46;19;527;0
16144.11;2;517;1
16144.19;28;131;2
16145.33;7;538;3
16152.5;27;389;0
16154.2;2;517;1
16154.24;28;131;2
16155.5;7;538;3
16162.59;27;389;0
16164.24;2;517;1
16164.36;21;503;2
16165.63;7;538;3
16172.77;27;389;0
16174.36;2;517;1
16174.4;21;503;2
16175.78;7;538;3
16182.92;27;389;0
16184.4;2;517;1
16184.45;21;503;2
16185.95;7;538;3
16193.24;27;389;0
16194.45;24;181;1
16194.49;21;503;2
16196.24;7;538;3
16203.33;27;389;0
16204.49;24;181;1
16204.54;21;503;2
16206.29;7;538;3
16213.57;27;389;0
16214.54;24;181;1
16214.58;21;503;2
16219.18;29;150;3
16223.66;27;389;0
16224.58;24;181;1
16224.63;21;503;2
16229.27;29;150;3
16234.07;27;389;0
16234.7;21;503;2
16234.74;11;204;1
16239.5;29;150;3
16244.15;27;389;0
16244.78;21;503;2
16244.9;11;204;1
16249.6;29;150;3
16254.27;25;6;0
16254.9;21;503;2
16255.32;11;204;1
16259.95;29;150;3
16264.57;25;6;0
16265.03;21;503;2
16265.74;11;204;1
16270;9;507;3
16274.62;25;6;0
16275.45;21;503;2
16276.16;26;258;1
16280.04;9;507;3
16284.88;25;6;0
16285.73;10;338;2
16286.4;26;258;1
16290.44;16;463;3
16294.92;4;313;0
16296.13;10;338;2
16296.53;2;352;1
16300.58;16;463;3
16304.97;4;313;0
16306.28;10;338;2
16306.95;2;352;1
16310.62;16;463;3
16315.02;4;313;0
16316.4;10;338;2
16317.2;2;352;1
16320.67;5;297;3
16325.06;4;313;0
16326.47;10;338;2
16327.26;2;352;1
16330.72;5;297;3
16335.37;4;313;0
16336.59;8;240;2
16337.46;2;352;1
16340.76;7;416;3
16345.41;4;313;0
16346.72;8;240;2
16347.88;0;443;1
16350.85;7;416;3
16355.83;14;199;0
16356.94;8;240;2
16357.98;0;443;1
16360.98;7;416;3
16365.88;14;199;0
16366.98;8;240;2
16368.09;0;443;1
16371.03;7;416;3
16376;14;199;0
16377.15;8;240;2
16378.16;0;443;1
16381.11;7;416;3
16386.42;19;190;0
16387.44;30;335;2
16388.61;0;443;1
16391.42;7;416;3
16396.84;19;190;0
16397.67;30;335;2
16398.65;24;414;1
16401.46;7;416;3
16406.88;1;317;0
16407.76;30;335;2
16408.69;24;414;1
16411.59;9;507;3
16417.3;1;317;0
16417.8;30;335;2
16418.74;24;414;1
16421.64;9;507;3
16427.47;27;205;0
16427.93;30;335;2
16428.78;24;414;1
16431.68;29;301;3
16437.89;27;205;0
16437.98;21;122;2
16438.86;24;414;1
16441.73;29;301;3
16447.98;27;205;0
16449.24;24;414;1
16451.78;16;227;3
16452.93;28;165;2
16458.02;25;418;0
16459.53;24;414;1
16461.92;16;227;3
16463.21;28;165;2
16468.16;25;418;0
16469.63;24;414;1
16472;16;227;3
16473.45;10;255;2
16478.3;25;418;0
16480.99;26;341;1
16482.15;16;227;3
16483.87;10;255;2
16488.39;4;171;0
16491.13;26;341;1
16492.51;16;227;3
16494.07;10;255;2
16498.65;14;309;0
16501.28;26;341;1
16502.93;16;227;3
16504.21;10;255;2
16508.79;14;309;0
16511.62;26;341;1
16513;16;227;3
16514.39;10;255;2
16518.84;14;309;0
16521.84;26;341;1
16523.32;16;227;3
16524.43;10;255;2
16529.1;14;309;0
16532.03;2;533;1
16533.65;16;227;3
16534.67;8;221;2
16539.14;14;309;0
16542.07;2;533;1
16543.81;16;227;3
16544.71;8;221;2
16549.19;19;324;0
16552.16;2;533;1
16554.23;16;227;3
16554.76;8;221;2
16559.23;19;324;0
16562.2;2;533;1
16564.33;16;227;3
16564.8;8;221;2
16569.27;19;324;0
16572.24;2;533;1
16574.37;16;227;3
16574.85;30;397;2
16579.33;1;394;0
16582.29;2;533;1
16584.41;16;227;3
16584.92;30;397;2
16589.38;1;394;0
16592.34;11;198;1
16594.46;5;389;3
16594.96;30;397;2
16599.43;1;394;0
16602.43;11;198;1
16604.68;5;389;3
16605.29;30;397;2
16612.68;11;198;1
16613.05;27;251;0
16614.87;5;389;3
16615.68;30;397;2
16622.83;11;198;1
16623.36;27;251;0
16624.96;5;389;3
16625.84;28;60;2
16632.88;11;198;1
16633.66;27;251;0
16635;5;389;3
16635.88;28;60;2
16643.15;11;198;1
16643.78;25;109;0
16645.13;7;133;3
16645.94;28;60;2
16653.21;0;473;1
16654.13;25;109;0
16655.18;7;133;3
16655.99;28;60;2
16664.31;25;109;0
16665.22;7;133;3
16666.41;28;60;2
16668.59;26;151;1
16674.77;25;109;0
16675.31;9;372;3
16676.51;28;60;2
16678.69;26;151;1
16685.19;14;450;0
16686.61;28;60;2
16689.02;26;151;1
16691.15;29;426;3
16695.33;14;450;0
16697.03;28;60;2
16699.46;24;234;1
16701.2;29;426;3
16705.45;4;439;0
16707.31;28;60;2
16709.59;24;234;1
16711.31;29;426;3
16715.51;4;439;0
16717.73;21;440;2
16719.67;24;234;1
16721.36;29;426;3
16725.66;4;439;0
16727.89;21;440;2
16729.74;24;234;1
16731.47;29;426;3
16736.08;4;439;0
16737.97;21;440;2
16739.84;2;255;1
16741.66;29;426;3
16746.15;4;439;0
16748.01;10;79;2
16750.65;11;259;1
16754.08;16;429;3
16756.19;19;117;0
16758.1;10;79;2
16760.72;11;259;1
16764.23;16;429;3
16766.52;19;117;0
16768.18;10;79;2
16770.93;11;259;1
16774.38;9;516;3
16776.69;19;117;0
16778.48;30;285;2
16781.09;11;259;1
16784.46;9;516;3
16786.73;19;117;0
16788.62;30;285;2
16791.45;0;178;1
16794.69;9;516;3
16797.15;19;117;0
16799.06;30;285;2
16801.5;0;178;1
16804.88;9;516;3
16807.23;19;117;0
16809.44;8;321;2
16811.82;0;178;1
16815.22;9;516;3
16817.36;19;117;0
16819.53;8;321;2
16822.27;26;216;1
16825.29;9;516;3
16827.53;27;344;0
16829.61;28;275;2
16832.39;26;216;1
16835.39;5;23;3
16837.75;27;344;0
16839.66;28;275;2
16842.43;26;216;1
16845.43;5;23;3
16848.71;25;453;0
16849.81;28;275;2
16852.48;26;216;1
16855.49;5;23;3
16858.84;25;453;0
16859.93;28;275;2
16862.53;24;438;1
16865.53;5;23;3
16868.89;25;453;0
16870;28;275;2
16872.57;24;438;1
16875.58;7;186;3
16879.16;25;453;0
16880.06;28;275;2
16882.62;24;438;1
16885.62;7;186;3
16889.59;25;453;0
16890.24;28;275;2
16892.93;24;438;1
16895.93;7;186;3
16899.76;1;329;0
16900.28;28;275;2
16903.2;24;438;1
16906.15;7;186;3
16909.88;1;329;0
16910.33;28;275;2
16913.33;11;73;1
16916.19;7;186;3
16919.92;1;329;0
16920.38;21;281;2
16923.38;11;73;1
16926.24;7;186;3
16929.97;1;329;0
16930.42;21;281;2
16933.42;11;73;1
16936.28;29;338;3
16940.09;1;329;0
16940.47;21;281;2
16943.47;11;73;1
16946.34;16;99;3
16950.47;1;329;0
16950.51;21;281;2
16953.51;11;73;1
16956.39;16;99;3
16960.51;1;329;0
16961.22;30;542;2
16963.55;11;73;1
16966.56;16;99;3
16970.59;4;391;0
16971.34;30;542;2
16973.6;11;73;1
16976.62;16;99;3
16980.64;4;391;0
16981.68;30;542;2
16983.64;2;456;1
16986.67;16;99;3
16990.69;27;531;0
16991.99;30;542;2
16993.69;2;456;1
16996.71;9;183;3
17002.03;30;542;2
17003.74;2;456;1
17006.78;9;183;3
17012.16;14;286;0
17012.16;10;148;2
17014.19;2;456;1
17017.1;9;183;3
17022.33;14;286;0
17022.33;10;148;2
17024.47;2;456;1
17027.15;5;372;3
17032.67;19;187;0
17032.67;10;148;2
17034.89;0;321;1
17037.34;5;372;3
17042.76;19;187;0
17042.76;10;148;2
17045.05;0;321;1
17052.87;19;187;0
17052.87;10;148;2
17055.13;26;71;1
17056.79;7;115;3
17063.08;19;187;0
17063.08;10;148;2
17065.51;26;71;1
17066.83;7;115;3
17073.12;10;148;2
17073.43;25;254;0
17075.55;26;71;1
17077.13;7;115;3
17083.22;10;148;2
17083.47;25;254;0
17085.8;26;71;1
17087.18;7;115;3
17093.26;10;148;2
17093.63;25;254;0
17095.84;26;71;1
17097.22;29;437;3
17103.63;10;148;2
17103.76;1;497;0
17105.88;26;71;1
17107.27;29;437;3
17113.76;10;148;2
17114.18;1;497;0
17115.93;26;71;1
17117.37;29;437;3
17124.18;10;148;2
17124.6;1;497;0
17125.97;24;239;1
17127.51;29;437;3
17134.36;8;283;2
17134.73;1;497;0
17136.04;24;239;1
17137.56;16;195;3
17144.5;8;283;2
17144.78;1;497;0
17146.09;24;239;1
17147.78;16;195;3
17154.7;8;283;2
17155.23;1;497;0
17156.13;2;421;1
17158.2;16;195;3
17164.9;8;283;2
17165.65;4;342;0
17166.17;2;421;1
17168.59;16;195;3
17175.21;8;283;2
17176.07;4;342;0
17176.59;2;421;1
17178.66;16;195;3
17185.63;21;127;2
17186.52;4;342;0
17186.76;2;421;1
17189.02;16;195;3
17196.05;30;131;2
17196.69;4;342;0
17196.91;2;421;1
17199.07;16;195;3
17206.73;4;342;0
17207.09;2;421;1
17209.22;28;495;2
17209.27;9;176;3
17216.78;4;342;0
17217.3;11;477;1
17219.27;28;495;2
17219.7;9;176;3
17226.82;4;342;0
17227.63;11;477;1
17229.79;9;176;3
17236.92;27;506;0
17237.71;11;477;1
17239.92;9;176;3
17241.32;10;475;2
17247.18;27;506;0
17247.86;11;477;1
17250.04;9;176;3
17251.37;10;475;2
17257.42;27;506;0
17258.28;0;51;1
17260.23;9;176;3
17261.61;10;475;2
17267.47;25;226;0
17268.52;0;51;1
17270.31;7;516;3
17271.87;10;475;2
17277.78;25;226;0
17278.76;26;40;1
17280.5;7;516;3
17282.19;10;475;2
17287.85;25;226;0
17288.87;26;40;1
17290.54;7;516;3
17292.25;10;475;2
17297.9;25;226;0
17299.1;24;196;1
17300.59;7;516;3
17302.3;10;475;2
17307.94;25;226;0
17309.25;24;196;1
17310.63;5;221;3
17312.66;10;475;2
17317.99;25;226;0
17319.3;24;196;1
17320.68;5;221;3
17322.71;10;475;2
17328.04;25;226;0
17329.34;24;196;1
17330.72;5;221;3
17333.04;10;475;2
17338.46;14;109;0
17339.39;2;266;1
17340.77;5;221;3
17343.12;10;475;2
17348.53;14;109;0
17349.43;2;266;1
17350.83;29;499;3
17353.16;10;475;2
17358.58;19;178;0
17359.5;2;266;1
17361.28;29;499;3
17363.46;8;433;2
17368.66;19;178;0
17369.55;2;266;1
17371.37;29;499;3
17373.5;8;433;2
17378.74;19;178;0
17379.59;2;266;1
17381.68;29;499;3
17383.55;8;433;2
17389.07;4;414;0
17389.72;0;147;1
17391.85;16;81;3
17393.73;8;433;2
17399.52;4;414;0
17400.14;11;525;1
17402.01;16;81;3
17403.99;8;433;2
17410.34;11;525;1
17412.11;16;81;3
17414.23;8;433;2
17414.56;1;185;0
17420.68;11;525;1
17422.28;16;81;3
17424.51;8;433;2
17424.62;1;185;0
17430.84;11;525;1
17432.32;16;81;3
17434.62;8;433;2
17434.67;1;185;0
17441.08;11;525;1
17442.42;16;81;3
17444.67;21;271;2
17444.8;27;9;0
17451.12;11;525;1
17452.84;7;219;3
17454.79;21;271;2
17454.84;27;9;0
17461.39;24;518;1
17463.11;7;219;3
17464.84;21;271;2
17464.89;27;9;0
17471.52;24;518;1
17473.25;9;82;3
17474.91;21;271;2
17474.95;25;533;0
17481.94;24;518;1
17483.56;9;82;3
17484.95;30;264;2
17485.3;25;533;0
17492.4;26;325;1
17493.75;9;82;3
17495;28;374;2
17495.36;25;533;0
17502.68;26;325;1
17503.85;9;82;3
17505.09;28;374;2
17505.41;25;533;0
17513.11;26;325;1
17513.98;5;7;3
17515.41;28;374;2
17515.45;25;533;0
17523.15;26;325;1
17524.24;5;7;3
17525.49;28;374;2
17525.88;14;432;0
17533.37;26;325;1
17534.32;5;7;3
17535.79;28;374;2
17535.93;14;432;0
17543.79;26;325;1
17544.74;5;7;3
17545.93;28;374;2
17546.18;19;335;0
17553.84;2;497;1
17554.87;5;7;3
17556.04;28;374;2
17560.84;1;535;0
17564.05;2;497;1
17565.03;29;23;3
17566.1;8;336;2
17570.93;1;535;0
17574.17;2;497;1
17575.23;7;517;3
17576.52;8;336;2
17580.97;1;535;0
17584.31;0;150;1
17585.27;7;517;3
17586.8;10;27;2
17591.05;1;535;0
17594.38;0;150;1
17595.32;16;177;3
17601.31;1;535;0
17604.48;0;150;1
17605.37;16;177;3
17611.39;4;110;0
17611.74;21;447;2
17614.56;0;150;1
17615.82;16;177;3
17621.56;4;110;0
17621.97;21;447;2
17624.61;11;354;1
17625.86;16;177;3
17631.69;4;110;0
17632.06;21;447;2
17634.7;11;354;1
17635.95;16;177;3
17641.77;4;110;0
17642.1;21;447;2
17644.77;11;354;1
17646.01;16;177;3
17651.82;4;110;0
17652.3;21;447;2
17654.82;24;264;1
17656.29;16;177;3
17661.87;4;110;0
17662.36;21;447;2
17664.87;26;93;1
17666.35;16;177;3
17671.91;4;110;0
17672.41;21;447;2
17674.91;26;93;1
17676.42;16;177;3
17681.96;27;394;0
17682.49;21;447;2
17686.61;9;367;3
17692;27;394;0
17692.54;21;447;2
17696.96;9;367;3
17701.39;2;520;1
17702.06;25;114;0
17705.24;30;392;2
17707.22;5;121;3
17711.47;2;520;1
17712.14;25;114;0
17715.61;30;392;2
17717.27;7;198;3
17721.52;2;520;1
17722.28;14;491;0
17725.82;30;392;2
17727.31;7;198;3
17731.65;2;520;1
17732.51;14;491;0
17735.87;30;392;2
17737.36;29;315;3
17741.71;2;520;1
17742.71;14;491;0
17745.91;30;392;2
17747.4;29;315;3
17751.76;2;520;1
17752.75;14;491;0
17755.96;30;392;2
17757.45;29;315;3
17761.85;2;520;1
17762.86;19;122;0
17766;30;392;2
17767.49;29;315;3
17772.09;2;520;1
17772.91;19;122;0
17776.09;10;365;2
17777.53;29;315;3
17782.22;2;520;1
17783.04;19;122;0
17786.13;10;365;2
17787.58;29;315;3
17792.35;2;520;1
17793.2;19;122;0
17796.18;10;365;2
17797.62;29;315;3
17802.4;2;520;1
17803.45;19;122;0
17806.22;28;229;2
17812.44;2;520;1
17813.9;1;54;0
17816.29;28;229;2
17817.22;7;256;3
17822.49;24;97;1
17826.46;28;229;2
17827.29;7;256;3
17828.78;27;494;0
17832.53;24;97;1
17836.75;8;15;2
17837.42;7;256;3
17838.99;27;494;0
17842.58;11;411;1
17846.79;8;15;2
17847.5;7;256;3
17849.4;27;494;0
17852.62;0;457;1
17856.83;8;15;2
17857.55;7;256;3
17859.46;4;204;0
17862.67;0;457;1
17866.88;21;529;2
17867.81;7;256;3
17869.51;4;204;0
17872.71;0;457;1
17876.95;21;529;2
17877.93;16;243;3
17879.58;25;120;0
17882.77;0;457;1
17887.23;21;529;2
17887.97;16;243;3
17889.71;25;120;0
17892.84;0;457;1
17897.35;10;59;2
17898.03;16;243;3
17899.95;25;120;0
17902.97;0;457;1
17907.57;10;59;2
17908.07;16;243;3
17910;14;440;0
17913.02;0;457;1
17917.63;10;59;2
17918.12;16;243;3
17920.46;14;440;0
17923.35;0;457;1
17927.98;10;59;2
17928.4;5;496;3
17930.52;14;440;0
17933.52;26;6;1
17938.06;10;59;2
17938.44;5;496;3
17940.81;14;440;0
17943.68;26;6;1
17948.16;30;512;2
17948.62;9;333;3
17951.06;14;440;0
17953.73;26;6;1
17958.36;30;512;2
17958.98;9;333;3
17961.33;14;440;0
17963.97;2;416;1
17969.2;9;333;3
17970.64;28;495;2
17971.57;14;440;0
17974.02;2;416;1
17979.34;9;333;3
17980.68;28;495;2
17981.65;19;491;0
17984.11;2;416;1
17989.39;9;333;3
17991.07;28;495;2
17992.03;19;491;0
17994.39;24;497;1
17999.43;9;333;3
18001.23;28;495;2
18002.13;1;259;0
18004.83;24;497;1
18009.47;9;333;3
18011.4;28;495;2
18012.23;1;259;0
18015.03;24;497;1
18019.53;9;333;3
18021.44;8;162;2
18022.4;4;482;0
18025.27;24;497;1
18029.57;9;333;3
18031.55;8;162;2
18032.53;27;332;0
18035.36;24;497;1
18039.62;9;333;3
18041.65;8;162;2
18042.62;27;332;0
18045.45;11;287;1
18049.66;29;325;3
18052.08;8;162;2
18052.7;27;332;0
18055.58;11;287;1
18059.71;29;325;3
18062.35;21;176;2
18062.79;27;332;0
18065.79;11;287;1
18069.75;29;325;3
18072.74;21;176;2
18072.97;27;332;0
18075.84;11;287;1
18079.81;29;325;3
18082.8;21;176;2
18083.17;27;332;0
18085.95;11;287;1
18089.99;29;325;3
18092.86;21;176;2
18093.25;25;185;0
18096.12;0;105;1
18100.24;29;325;3
18103.01;21;176;2
18103.34;25;185;0
18106.16;0;105;1
18110.34;7;171;3
18113.06;21;176;2
18113.43;25;185;0
18116.21;0;105;1
18120.46;7;171;3
18123.14;21;176;2
18123.49;19;199;0
18126.27;0;105;1
18130.73;5;348;3
18133.21;10;183;2
18133.59;19;199;0
18136.5;0;105;1
18140.8;5;348;3
18143.4;10;183;2
18143.78;19;199;0
18146.65;0;105;1
18151.22;5;348;3
18153.45;10;183;2
18153.84;19;199;0
18156.84;0;105;1
18161.4;5;348;3
18163.49;30;71;2
18163.93;19;199;0
18166.92;0;105;1
18171.82;5;348;3
18173.57;30;71;2
18174.12;1;271;0
18177.07;26;148;1
18182.2;5;348;3
18183.62;30;71;2
18184.16;1;271;0
18187.16;26;148;1
18192.33;16;410;3
18193.74;30;71;2
18194.57;1;271;0
18197.57;2;525;1
18202.56;16;410;3
18204.16;30;71;2
18204.8;1;271;0
18207.82;2;525;1
18212.61;16;410;3
18214.5;30;71;2
18214.92;1;271;0
18217.88;2;525;1
18222.77;16;410;3
18224.54;28;234;2
18224.97;1;271;0
18227.96;2;525;1
18232.97;16;410;3
18234.78;28;234;2
18235.01;1;271;0
18238.01;2;525;1
18243.06;16;410;3
18244.82;28;234;2
18245.08;1;271;0
18248.06;24;353;1
18253.12;16;410;3
18254.91;28;234;2
18255.34;14;524;0
18258.32;24;353;1
18263.36;16;410;3
18265.08;8;278;2
18265.39;14;524;0
18268.4;24;353;1
18273.69;16;410;3
18275.27;8;278;2
18275.43;14;524;0
18278.48;24;353;1
18283.89;16;410;3
18285.44;8;278;2
18285.49;14;524;0
18288.56;24;353;1
18293.93;16;410;3
18295.49;8;278;2
18295.53;14;524;0
18298.62;24;353;1
18303.98;16;410;3
18305.53;8;278;2
18305.58;14;524;0
18308.86;24;353;1
18314.4;9;518;3
18315.58;8;278;2
18315.63;14;524;0
18318.91;24;353;1
18324.73;9;518;3
18325.63;8;278;2
18325.72;14;524;0
18329.05;24;353;1
18334.87;9;518;3
18335.7;21;152;2
18336.14;14;524;0
18339.09;11;479;1
18344.93;9;518;3
18345.96;21;152;2
18346.56;14;524;0
18349.14;0;36;1
18354.99;7;449;3
18356.04;21;152;2
18356.89;14;524;0
18359.21;0;36;1
18366.12;21;152;2
18367.11;14;524;0
18369.39;0;36;1
18375.62;29;115;3
18376.17;10;96;2
18377.24;14;524;0
18379.77;26;418;1
18385.66;29;115;3
18386.46;10;96;2
18387.5;4;473;0
18390;26;418;1
18395.77;29;115;3
18396.66;10;96;2
18397.73;4;473;0
18400.19;26;418;1
18405.87;29;115;3
18406.93;30;196;2
18407.78;4;473;0
18410.27;26;418;1
18415.91;5;116;3
18417.01;30;196;2
18417.82;4;473;0
18420.51;26;418;1
18425.96;5;116;3
18427.47;30;196;2
18427.88;4;473;0
18430.57;2;491;1
18436;5;116;3
18437.79;28;33;2
18438.3;4;473;0
18440.81;2;491;1
18446.04;16;509;3
18447.88;28;33;2
18448.72;25;497;0
18454.25;24;385;1
18456.17;16;509;3
18457.93;28;33;2
18459;25;497;0
18464.3;24;385;1
18466.43;16;509;3
18467.97;8;475;2
18469.17;19;535;0
18474.39;24;385;1
18476.72;16;509;3
18478.02;8;475;2
18479.59;19;535;0
18484.44;24;385;1
18487.14;16;509;3
18488.06;8;475;2
18490;19;535;0
18494.87;24;385;1
18497.19;9;89;3
18498.1;8;475;2
18500.05;19;535;0
18504.92;24;385;1
18507.29;9;89;3
18508.15;8;475;2
18510.29;19;535;0
18515.34;24;385;1
18517.58;9;89;3
18518.19;8;475;2
18520.34;27;533;0
18525.76;24;385;1
18528;9;89;3
18528.24;21;244;2
18530.41;27;533;0
18535.97;11;4;1
18538.24;9;89;3
18538.28;21;244;2
18540.45;27;533;0
18546.03;11;4;1
18548.28;7;281;3
18548.33;21;244;2
18556.07;11;4;1
18558.33;7;281;3
18558.37;21;244;2
18562.01;1;321;0
18566.16;11;4;1
18568.41;29;373;3
18568.45;21;244;2
18572.06;1;321;0
18576.28;11;4;1
18578.49;29;373;3
18578.53;21;244;2
18582.1;1;321;0
18586.7;0;325;1
18588.53;29;373;3
18588.65;10;372;2
18592.24;1;321;0
18596.74;0;325;1
18598.65;5;504;3
18598.8;10;372;2
18602.29;4;481;0
18606.84;0;325;1
18608.69;5;504;3
18609.25;10;372;2
18612.36;4;481;0
18617.19;0;325;1
18618.85;5;504;3
18619.32;10;372;2
18622.61;4;481;0
18627.51;2;75;1
18628.92;5;504;3
18629.41;10;372;2
18632.89;4;481;0
18637.59;2;75;1
18638.97;5;504;3
18639.54;30;196;2
18642.93;4;481;0
18647.9;2;75;1
18649.31;16;160;3
18649.59;30;196;2
18652.98;14;440;0
18658.09;2;75;1
18659.36;16;160;3
18659.67;28;269;2
18663.06;14;440;0
18668.19;2;75;1
18669.54;16;160;3
18669.74;28;269;2
18673.22;14;440;0
18678.59;2;75;1
18679.61;16;160;3
18679.81;28;269;2
18683.52;25;279;0
18688.65;26;368;1
18689.74;16;160;3
18689.91;28;269;2
18693.94;25;279;0
18698.69;26;368;1
18699.79;16;160;3
18700.18;8;525;2
18703.98;25;279;0
18708.74;26;368;1
18709.84;16;160;3
18710.47;8;525;2
18714.05;25;279;0
18718.78;24;332;1
18719.88;7;335;3
18720.51;8;525;2
18724.18;19;474;0
18728.86;24;332;1
18730.56;8;525;2
18734.43;19;474;0
18735.69;9;111;3
18738.9;24;332;1
18740.73;8;525;2
18744.74;19;474;0
18745.91;9;111;3
18748.99;24;332;1
18751.19;8;525;2
18754.81;27;529;0
18755.96;9;111;3
18759.26;24;332;1
18761.31;21;435;2
18765.24;1;391;0
18766.26;9;111;3
18769.31;11;313;1
18771.76;21;435;2
18775.31;1;391;0
18776.41;9;111;3
18779.38;11;313;1
18782.18;21;435;2
18786.5;9;111;3
18789.5;11;313;1
18789.8;4;407;0
18792.32;21;435;2
18796.6;9;111;3
18799.56;11;313;1
18799.88;4;407;0
18802.43;21;435;2
18806.75;9;111;3
18809.67;11;313;1
18809.97;4;407;0
18812.58;10;15;2
18816.88;9;111;3
18819.72;11;313;1
18820.04;4;407;0
18822.71;10;15;2
18827.05;29;148;3
18829.76;11;313;1
18830.46;4;407;0
18832.8;10;15;2
18837.13;5;261;3
18839.81;11;313;1
18840.63;4;407;0
18842.88;10;15;2
18847.38;5;261;3
18849.85;11;313;1
18850.8;14;12;0
18853.18;10;15;2
18857.47;5;261;3
18860.85;14;12;0
18863.28;10;15;2
18866.82;0;93;1
18867.89;5;261;3
18870.9;14;12;0
18873.36;10;15;2
18876.91;0;93;1
18877.94;7;383;3
18880.94;27;174;0
18883.53;30;16;2
18887.33;0;93;1
18887.99;7;383;3
18893.81;30;16;2
18896.83;19;443;0
18897.42;26;521;1
18898.04;7;383;3
18903.87;30;16;2
18906.91;19;443;0
18907.84;26;521;1
18908.08;16;250;3
18914.05;30;16;2
18916.95;19;443;0
18918.09;26;521;1
18918.13;16;250;3
18924.15;30;16;2
18927.15;19;443;0
18928.13;2;86;1
18928.36;16;250;3
18934.21;28;450;2
18937.24;1;500;0
18938.18;2;86;1
18938.47;16;250;3
18944.26;28;450;2
18947.32;1;500;0
18948.24;2;86;1
18948.89;9;227;3
18957.58;1;500;0
18958.57;2;86;1
18959.2;29;466;3
18959.96;8;447;2
18967.63;1;500;0
18968.62;2;86;1
18969.24;29;466;3
18970;8;447;2
18977.73;1;500;0
18978.66;24;529;1
18979.66;29;466;3
18980.3;8;447;2
18988.15;1;500;0
18988.73;24;529;1
18990.04;29;466;3
18990.34;21;333;2
18998.27;25;54;0
18999.18;11;110;1
19000.09;29;466;3
19000.38;21;333;2
19008.69;25;54;0
19009.23;11;110;1
19010.38;29;466;3
19010.43;21;333;2
19018.74;4;522;0
19019.35;11;110;1
19020.43;29;466;3
19020.47;10;230;2
19028.83;4;522;0
19029.46;11;110;1
19030.47;29;466;3
19030.52;10;230;2
19039.21;4;522;0
19039.88;11;110;1
19040.52;5;367;3
19040.56;10;230;2
19049.34;4;522;0
19049.95;0;359;1
19050.57;5;367;3
19050.61;10;230;2
19059.45;4;522;0
19060.07;0;359;1
19060.61;16;144;3
19060.66;10;230;2
19069.64;14;469;0
19070.11;0;359;1
19070.66;16;144;3
19070.74;10;230;2
19080.36;0;359;1
19080.74;16;144;3
19081.06;10;230;2
19088.09;27;549;0
19090.43;0;359;1
19090.89;16;144;3
19091.45;30;116;2
19098.19;27;549;0
19100.69;26;285;1
19100.93;16;144;3
19101.5;30;116;2
19108.39;27;549;0
19110.73;26;285;1
19111.03;7;87;3
19111.54;30;116;2
19118.73;27;549;0
19120.85;24;547;1
19121.18;7;87;3
19121.58;28;175;2
19128.8;27;549;0
19130.92;24;547;1
19131.24;7;87;3
19131.8;28;175;2
19139.22;27;549;0
19141.18;24;547;1
19141.5;7;87;3
19142.13;28;175;2
19149.46;27;549;0
19151.36;24;547;1
19151.71;7;87;3
19152.33;28;175;2
19159.81;27;549;0
19161.41;2;538;1
19161.87;7;87;3
19162.65;28;175;2
19170;27;549;0
19171.83;2;538;1
19172.29;5;153;3
19172.69;28;175;2
19180.05;27;549;0
19182.07;2;538;1
19182.43;5;153;3
19182.74;28;175;2
19190.14;27;549;0
19192.43;11;121;1
19192.74;5;153;3
19192.78;8;332;2
19200.33;19;382;0
19202.61;11;121;1
19202.78;5;153;3
19202.83;8;332;2
19210.41;1;218;0
19212.65;26;326;1
19212.85;9;159;3
19212.89;8;332;2
19220.84;1;218;0
19222.72;26;326;1
19222.9;9;159;3
19222.95;21;389;2
19231.06;1;218;0
19232.88;0;228;1
19232.95;16;144;3
19233.38;21;389;2
19241.48;1;218;0
19242.97;0;228;1
19243.01;16;144;3
19243.64;21;389;2
19251.9;1;218;0
19253.01;0;228;1
19253.34;16;144;3
19254.06;21;389;2
19261.99;1;218;0
19263.06;0;228;1
19263.76;16;144;3
19264.1;10;411;2
19272.41;25;333;0
19273.1;0;228;1
19273.96;29;124;3
19274.31;10;411;2
19282.45;25;333;0
19283.15;0;228;1
19284.55;10;411;2
19286.01;7;273;3
19292.52;14;378;0
19293.19;24;442;1
19296.05;7;273;3
19302.61;14;378;0
19303.38;24;442;1
19306.17;30;186;2
19312.65;14;378;0
19313.42;24;442;1
19316.21;30;186;2
19322.69;4;34;0
19323.5;24;442;1
19326.26;30;186;2
19332.78;4;34;0
19333.55;24;442;1
19336.34;8;368;2
19343.04;19;94;0
19346.38;8;368;2
19347.34;2;47;1
19351.26;16;261;3
19353.46;19;94;0
19356.46;8;368;2
19357.55;2;47;1
19363.67;19;94;0
19366.55;8;368;2
19367.59;2;47;1
19369.8;9;10;3
19374.09;27;148;0
19376.71;28;276;2
19377.65;11;119;1
19379.95;9;10;3
19384.18;27;148;0
19386.96;28;276;2
19387.74;11;119;1
19390.03;9;10;3
19394.24;27;148;0
19397.12;28;276;2
19398.16;11;119;1
19400.11;9;10;3
19404.39;27;148;0
19407.62;21;243;2
19408.36;11;119;1
19410.24;9;10;3
19414.48;25;242;0
19417.78;21;243;2
19418.43;11;119;1
19420.38;5;465;3
19424.56;25;242;0
19428.06;21;243;2
19428.49;11;119;1
19430.42;5;465;3
19434.86;25;242;0
19438.15;21;243;2
19438.66;11;119;1
19440.47;5;465;3
19444.91;25;242;0
19448.27;21;243;2
19448.89;11;119;1
19450.53;5;465;3
19454.95;1;466;0
19458.53;10;196;2
19459.15;26;64;1
19460.81;5;465;3
19465;1;466;0
19468.71;10;196;2
19469.48;26;64;1
19470.85;5;465;3
19475.1;1;466;0
19479.15;10;196;2
19479.94;26;64;1
19480.92;5;465;3
19485.18;1;466;0
19489.57;10;196;2
19490;26;64;1
19491.03;5;465;3
19495.41;1;466;0
19499.86;8;54;2
19500.18;26;64;1
19501.23;29;216;3
19505.83;1;466;0
19509.9;8;54;2
19510.22;0;494;1
19511.41;29;216;3
19516.25;1;466;0
19520.47;0;494;1
19521.64;29;216;3
19525.33;30;374;2
19526.32;19;427;0
19530.56;0;494;1
19531.88;29;216;3
19535.37;30;374;2
19536.39;14;40;0
19540.82;2;3;1
19541.92;29;216;3
19545.8;30;374;2
19546.81;14;40;0
19550.9;2;3;1
19552.16;7;457;3
19555.86;28;148;2
19556.86;4;475;0
19560.94;2;3;1
19562.43;7;457;3
19565.91;28;148;2
19571.02;24;423;1
19572.47;7;457;3
19576.08;28;148;2
19576.52;25;121;0
19581.32;24;423;1
19582.64;7;457;3
19586.28;28;148;2
19589.75;27;490;0
19592.69;11;261;1
19592.69;7;457;3
19596.56;28;148;2
19600.11;27;490;0
19602.89;11;261;1
19602.89;7;457;3
19606.8;21;12;2
19610.17;27;490;0
19613.17;11;261;1
19613.17;16;59;3
19618.02;8;437;2
19620.22;27;490;0
19623.24;11;261;1
19623.24;16;59;3
19628.2;8;437;2
19630.26;27;490;0
19633.3;11;261;1
19633.3;16;59;3
19638.33;10;283;2
19640.42;27;490;0
19643.42;11;261;1
19643.42;9;271;3
19648.69;10;283;2
19650.76;1;451;0
19653.73;26;525;1
19653.73;9;271;3
19658.77;10;283;2
19660.8;1;451;0
19663.82;26;525;1
19663.82;5;256;3
19668.86;10;283;2
19670.85;19;277;0
19673.87;26;525;1
19673.87;5;256;3
19678.93;10;283;2
19686.44;29;312;3
19689.3;10;283;2
19692.8;14;205;0
19695.77;24;127;1
19696.49;29;312;3
19699.49;10;283;2
19702.85;14;205;0
19705.81;24;127;1
19706.91;29;312;3
19709.64;10;283;2
19712.91;4;87;0
19715.89;0;258;1
19717.12;29;312;3
19719.8;10;283;2
19723.13;4;87;0
19726.1;0;258;1
19727.18;29;312;3
19729.87;10;283;2
19733.47;25;353;0
19736.33;0;258;1
19737.27;29;312;3
19739.91;10;283;2
19743.58;25;353;0
19746.41;0;258;1
19747.36;29;312;3
19749.99;30;175;2
19753.77;25;353;0
19756.56;0;258;1
19757.44;29;312;3
19760.29;30;175;2
19763.86;25;353;0
19766.86;0;258;1
19767.77;16;25;3
19770.33;30;175;2
19774.13;25;353;0
19776.96;2;197;1
19778.19;16;25;3
19780.42;30;175;2
19784.59;25;353;0
19787.38;2;197;1
19788.31;16;25;3
19790.47;30;175;2
19794.66;25;353;0
19797.42;2;197;1
19798.73;16;25;3
19800.91;28;410;2
19804.71;27;389;0
19807.5;2;197;1
19808.77;16;25;3
19811.23;28;410;2
19815.12;1;495;0
19817.56;2;197;1
19818.82;16;25;3
19821.27;28;410;2
19825.19;1;495;0
19827.73;2;197;1
19828.9;7;457;3
19831.5;8;315;2
19835.56;1;495;0
19837.96;2;197;1
19841.36;9;235;3
19841.58;8;315;2
19845.78;19;255;0
19848.23;2;197;1
19851.41;9;235;3
19851.96;8;315;2
19855.96;19;255;0
19858.34;2;197;1
19861.79;29;241;3
19862.04;8;315;2
19866.03;19;255;0
19868.7;26;291;1
19871.86;29;241;3
19872.46;21;332;2
19876.4;19;255;0
19881.91;29;241;3
19882.5;21;332;2
19883.64;11;157;1
19886.73;19;255;0
19892.08;5;394;3
19892.55;21;332;2
19893.68;11;157;1
19896.81;14;524;0
19902.13;5;394;3
19902.6;21;332;2
19904.1;11;157;1
19907.13;14;524;0
19912.17;5;394;3
19912.96;21;332;2
19914.38;11;157;1
19917.17;4;518;0
19922.22;5;394;3
19923.19;21;332;2
19924.67;11;157;1
19927.34;4;518;0
19932.26;5;394;3
19933.37;10;59;2
19935.04;24;374;1
19937.38;4;518;0
19942.32;7;81;3
19943.46;10;59;2
19945.23;24;374;1
19947.43;4;518;0
19952.36;7;81;3
19953.75;10;59;2
19955.36;24;374;1
19957.47;4;518;0
19962.4;7;81;3
19963.87;30;271;2
19965.4;0;60;1
19967.81;27;204;0
19972.45;16;76;3
19975.49;0;60;1
19977.86;27;204;0
19982.54;16;76;3
19982.99;28;216;2
19985.54;0;60;1
19988.29;27;204;0
19992.58;16;76;3
19993.37;28;216;2
19995.58;0;60;1
19998.41;27;204;0
20003;16;76;3
20003.73;28;216;2
20005.71;0;60;1
20008.71;27;204;0
20013.06;16;76;3
20014.15;8;397;2
20015.77;0;60;1
20018.81;27;204;0
20023.3;16;76;3
20024.44;8;397;2
20025.87;0;60;1
20028.87;25;336;0
20033.41;16;76;3
20034.73;8;397;2
20035.91;2;173;1
20038.95;25;336;0
20043.45;9;438;3
20044.78;8;397;2
20049;25;336;0
20053.12;26;540;1
20053.56;9;438;3
20054.82;8;397;2
20059.39;25;336;0
20063.47;26;540;1
20063.65;9;438;3
20064.89;8;397;2
20069.44;1;324;0
20073.55;26;540;1
20073.74;9;438;3
20074.98;8;397;2
20079.48;1;324;0
20083.69;26;540;1
20083.82;9;438;3
20085.26;8;397;2
20089.52;1;324;0
20093.74;26;540;1
20094.18;9;438;3
20095.31;8;397;2
20099.58;1;324;0
20103.91;26;540;1
20104.23;9;438;3
20105.36;21;239;2
20109.62;1;324;0
20114.03;26;540;1
20114.3;9;438;3
20115.45;21;239;2
20119.67;1;324;0
20124.3;11;96;1
20124.72;5;228;3
20125.5;21;239;2
20129.73;1;324;0
20134.72;24;153;1
20134.97;5;228;3
20135.54;21;239;2
20140.15;1;324;0
20144.76;24;153;1
20145.02;5;228;3
20145.64;21;239;2
20150.54;1;324;0
20154.85;24;153;1
20155.07;5;228;3
20155.7;21;239;2
20160.63;19;147;0
20164.89;0;349;1
20165.19;5;228;3
20166.16;21;239;2
20175.06;0;349;1
20175.28;5;228;3
20176.61;14;109;0
20176.61;10;488;2
20185.14;0;349;1
20185.6;7;115;3
20186.77;14;109;0
20186.77;10;488;2
20195.23;0;349;1
20195.86;7;115;3
20196.98;27;522;0
20196.98;10;488;2
20205.28;0;349;1
20206.18;7;115;3
20207.19;27;522;0
20207.19;10;488;2
20215.32;0;349;1
20216.38;29;24;3
20217.63;27;522;0
20217.63;28;465;2
20225.41;0;349;1
20226.46;29;24;3
20227.68;4;315;0
20227.68;28;465;2
20235.45;0;349;1
20236.52;29;24;3
20237.72;4;315;0
20237.72;30;3;2
20245.5;2;59;1
20246.94;16;172;3
20248.05;4;315;0
20248.05;30;3;2
20255.54;2;59;1
20257.09;16;172;3
20258.32;4;315;0
20258.32;8;101;2
20265.63;24;538;1
20267.16;16;172;3
20268.6;4;315;0
20268.6;8;101;2
20275.76;24;538;1
20277.27;16;172;3
20278.8;4;315;0
20278.8;8;101;2
20285.9;24;538;1
20287.6;16;172;3
20288.9;4;315;0
20288.9;8;101;2
20296.32;26;325;1
20297.91;5;435;3
20299.1;4;315;0
20299.1;8;101;2
20306.38;26;325;1
20307.96;5;435;3
20309.17;25;261;0
20309.17;21;72;2
20316.45;26;325;1
20318.4;5;435;3
20319.22;25;261;0
20319.22;21;72;2
20326.54;26;325;1
20328.82;5;435;3
20329.56;25;261;0
20329.56;21;72;2
20336.96;26;325;1
20338.91;9;7;3
20339.96;1;269;0
20339.96;21;72;2
20347.01;26;325;1
20349.08;9;7;3
20350.01;1;269;0
20350.01;21;72;2
20357.47;11;458;1
20359.44;7;16;3
20360.15;1;269;0
20360.15;28;517;2
20367.67;11;458;1
20369.49;7;16;3
20370.44;1;269;0
20370.44;28;517;2
20377.72;11;458;1
20379.73;7;16;3
20380.51;1;269;0
20380.51;28;517;2
20388.14;11;458;1
20389.87;7;16;3
20390.65;1;269;0
20390.65;10;98;2
20398.38;11;458;1
20400.29;7;16;3
20400.82;14;216;0
20400.82;10;98;2
20408.75;11;458;1
20410.54;7;16;3
20411.21;14;216;0
20411.21;10;98;2
20419.03;11;458;1
20420.67;29;133;3
20421.33;14;216;0
20421.33;10;98;2
20429.13;0;218;1
20431.09;29;133;3
20431.4;14;216;0
20431.4;10;98;2
20439.19;0;218;1
20441.14;29;133;3
20441.68;14;216;0
20441.68;10;98;2
20449.42;2;475;1
20451.5;16;137;3
20452.08;10;98;2
20452.5;27;451;0
20459.73;24;359;1
20461.62;16;137;3
20462.5;10;98;2
20462.56;27;451;0
20470.01;24;359;1
20472.04;16;137;3
20472.57;30;444;2
20472.76;19;87;0
20480.05;24;359;1
20482.21;5;477;3
20482.61;30;444;2
20482.83;25;268;0
20492.34;5;477;3
20492.72;8;76;2
20492.88;25;268;0
20502.21;26;185;1
20502.49;5;477;3
20502.92;8;76;2
20503.02;25;268;0
20512.25;26;185;1
20512.79;5;477;3
20513.03;21;243;2
20513.08;4;442;0
20522.3;26;185;1
20522.95;5;477;3
20523.11;21;243;2
20523.25;4;442;0
20532.72;26;185;1
20533.1;5;477;3
20533.29;21;243;2
20533.34;4;442;0
20542.77;26;185;1
20543.23;5;477;3
20543.34;21;243;2
20543.49;4;442;0
20553.19;26;185;1
20553.34;9;143;3
20553.49;21;243;2
20553.58;4;442;0
20563.24;26;185;1
20563.38;9;143;3
20563.59;28;521;2
20564.12;1;385;0
20573.38;26;185;1
20573.45;9;143;3
20573.63;10;165;2
20574.17;1;385;0
20583.45;26;185;1
20583.63;9;143;3
20583.67;10;165;2
20584.39;1;385;0
20593.58;0;440;1
20593.67;9;143;3
20593.72;10;165;2
20594.48;1;385;0
20603.67;0;440;1
20603.72;9;143;3
20603.76;10;165;2
20604.61;19;473;0
20613.74;0;440;1
20613.79;7;478;3
20614.01;30;510;2
20614.68;19;473;0
20623.79;0;440;1
20624.01;7;478;3
20624.05;30;510;2
20624.76;19;473;0
20634.01;0;440;1
20634.05;7;478;3
20634.24;8;529;2
20634.95;19;473;0
20644.05;0;440;1
20644.14;16;392;3
20644.28;8;529;2
20645.08;14;87;0
20654.14;0;440;1
20654.19;16;392;3
20654.4;21;368;2
20658.03;27;540;0
20664.19;11;95;1
20664.23;16;392;3
20664.45;21;368;2
20668.23;27;540;0
20674.23;11;95;1
20674.45;16;392;3
20674.54;21;368;2
20678.28;27;540;0
20684.27;11;95;1
20684.58;5;465;3
20688.4;27;540;0
20693.24;10;343;2
20694.33;11;95;1
20694.66;5;465;3
20698.65;27;540;0
20703.54;10;343;2
20704.38;11;95;1
20704.76;5;465;3
20708.86;25;75;0
20713.62;10;343;2
20714.65;24;283;1
20714.82;5;465;3
20718.9;25;75;0
20723.67;10;343;2
20724.75;2;443;1
20724.86;29;504;3
20729.24;4;500;0
20733.84;10;343;2
20734.86;2;443;1
20735.01;29;504;3
20739.29;4;500;0
20744.17;30;485;2
20745.01;2;443;1
20745.13;29;504;3
20749.56;4;500;0
20754.23;8;210;2
20755.11;26;120;1
20755.39;29;504;3
20759.7;4;500;0
20764.38;8;210;2
20765.39;26;120;1
20765.44;29;504;3
20769.76;4;500;0
20774.83;8;210;2
20775.46;26;120;1
20775.5;29;504;3
20780.18;4;500;0
20785.09;8;210;2
20785.53;26;120;1
20785.63;29;504;3
20790.26;1;55;0
20795.16;8;210;2
20795.59;0;197;1
20795.79;29;504;3
20800.31;1;55;0
20805.23;28;113;2
20805.86;9;195;3
20810.4;1;55;0
20811.62;24;520;1
20815.33;28;113;2
20816.23;9;195;3
20820.51;1;55;0
20821.66;24;520;1
20825.42;28;113;2
20826.34;9;195;3
20831.71;24;520;1
20832.25;19;14;0
20835.48;28;113;2
20836.38;9;195;3
20841.89;11;29;1
20842.58;19;14;0
20845.52;28;113;2
20846.42;7;205;3
20852.31;11;29;1
20853.04;14;353;0
20855.96;28;113;2
20856.54;7;205;3
20862.36;11;29;1
20863.09;14;353;0
20866.15;21;80;2
20866.59;7;205;3
20872.43;11;29;1
20873.13;14;353;0
20876.2;21;80;2
20876.94;5;438;3
20882.51;11;29;1
20883.17;14;353;0
20886.36;21;80;2
20886.98;5;438;3
20892.7;11;29;1
20893.22;25;199;0
20896.46;21;80;2
20897.03;5;438;3
20902.75;11;29;1
20903.42;25;199;0
20906.62;21;80;2
20907.4;5;438;3
20912.79;11;29;1
20913.46;27;9;0
20916.79;21;80;2
20917.45;5;438;3
20922.94;2;229;1
20923.5;27;9;0
20926.83;21;80;2
20927.87;5;438;3
20933.36;2;229;1
20933.55;27;9;0
20937;21;80;2
20937.94;5;438;3
20943.59;2;229;1
20943.64;27;9;0
20947.09;30;312;2
20947.99;5;438;3
20953.64;2;229;1
20953.68;27;9;0
20957.48;10;132;2
20958.13;5;438;3
20963.68;2;229;1
20963.72;1;549;0
20967.76;10;132;2
20968.53;16;89;3
20973.72;2;229;1
20973.77;1;549;0
20977.8;10;132;2
20978.59;16;89;3
20983.78;2;229;1
20983.83;1;549;0
20988.22;28;373;2
20988.63;16;89;3
20993.83;2;229;1
20994.03;1;549;0
20998.93;16;89;3
20999.74;8;309;2
21003.89;2;229;1
21004.07;1;549;0
21009.21;16;89;3
21009.79;8;309;2
21014.07;2;229;1
21014.11;1;549;0
21019.3;9;269;3
21019.9;8;309;2
21024.16;2;229;1
21024.55;4;433;0
21029.59;9;269;3
21029.97;8;309;2
21034.22;0;533;1
21034.78;4;433;0
21039.64;9;269;3
21040.1;8;309;2
21044.44;0;533;1
21044.82;19;414;0
21049.68;9;269;3
21050.15;8;309;2
21054.52;0;533;1
21055.25;19;414;0
21059.77;7;232;3
21060.2;8;309;2
21064.74;24;242;1
21065.29;19;414;0
21069.81;7;232;3
21070.24;8;309;2
21074.92;26;115;1
21075.54;25;178;0
21079.85;29;194;3
21080.33;8;309;2
21085.07;26;115;1
21085.71;14;490;0
21089.9;29;194;3
21090.75;8;309;2
21095.26;11;276;1
21095.75;14;490;0
21099.97;29;194;3
21100.9;30;370;2
21105.35;11;276;1
21105.82;14;490;0
21110.01;29;194;3
21110.98;30;370;2
21115.77;11;276;1
21115.86;14;490;0
21120.13;29;194;3
21121.04;21;128;2
21125.82;11;276;1
21125.96;27;523;0
21130.18;29;194;3
21131.3;21;128;2
21135.97;2;515;1
21136.01;27;523;0
21140.22;5;206;3
21141.47;21;128;2
21146.01;2;515;1
21146.09;27;523;0
21150.27;5;206;3
21151.84;21;128;2
21156.09;24;289;1
21156.13;27;523;0
21160.69;5;206;3
21161.96;21;128;2
21166.13;24;289;1
21166.37;4;110;0
21171.12;16;95;3
21172.03;10;258;2
21176.24;24;289;1
21176.42;4;110;0
21181.17;16;95;3
21182.07;10;258;2
21186.42;24;289;1
21186.51;4;110;0
21191.21;16;95;3
21192.24;28;463;2
21196.46;24;289;1
21196.57;1;382;0
21201.26;16;95;3
21202.29;28;463;2
21206.6;24;289;1
21211.3;9;17;3
21212.4;28;463;2
21215.12;19;71;0
21216.72;24;289;1
21221.56;9;17;3
21222.44;8;504;2
21225.23;19;71;0
21226.77;24;289;1
21231.6;9;17;3
21232.6;8;504;2
21235.27;19;71;0
21236.81;24;289;1
21241.77;9;17;3
21242.64;8;504;2
21245.66;19;71;0
21246.9;26;218;1
21251.81;7;509;3
21252.69;30;361;2
21255.73;19;71;0
21256.94;26;218;1
21261.86;7;509;3
21262.77;30;361;2
21265.78;14;469;0
21266.99;0;145;1
21271.91;7;509;3
21273.16;30;361;2
21275.9;14;469;0
21277.03;0;145;1
21282.28;7;509;3
21283.32;30;361;2
21286.08;14;469;0
21287.08;0;145;1
21292.41;7;509;3
21293.66;30;361;2
21296.12;25;50;0
21297.12;0;145;1
21302.84;29;235;3
21303.71;30;361;2
21306.27;25;50;0
21307.17;0;145;1
21313;29;235;3
21313.75;30;361;2
21316.54;25;50;0
21317.21;0;145;1
21323.04;29;235;3
21324.18;30;361;2
21326.62;25;50;0
21327.27;0;145;1
21333.09;29;235;3
21334.22;21;58;2
21337.01;25;50;0
21337.43;11;415;1
21343.27;5;194;3
21344.69;21;58;2
21347.07;27;458;0
21347.64;11;415;1
21353.48;5;194;3
21354.98;21;58;2
21357.23;27;458;0
21357.99;11;415;1
21363.61;9;165;3
21365.19;21;58;2
21367.27;27;458;0
21368.03;11;415;1
21373.68;9;165;3
21375.23;28;389;2
21377.32;27;458;0
21378.23;11;415;1
21384.07;9;165;3
21385.31;28;389;2
21387.38;27;458;0
21388.28;11;415;1
21394.16;16;176;3
21395.36;28;389;2
21397.47;27;458;0
21398.36;2;255;1
21404.58;16;176;3
21405.48;28;389;2
21407.52;27;458;0
21408.45;2;255;1
21414.71;16;176;3
21415.9;10;19;2
21417.56;27;458;0
21418.53;2;255;1
21425.13;7;452;3
21426.25;10;19;2
21427.61;27;458;0
21431.27;24;66;1
21435.44;7;452;3
21436.38;10;19;2
21437.65;4;185;0
21441.32;24;66;1
21445.49;7;452;3
21446.43;10;19;2
21447.7;4;185;0
21451.36;26;120;1
21455.53;5;139;3
21456.52;10;19;2
21457.74;4;185;0
21461.65;26;120;1
21465.58;29;122;3
21466.68;10;19;2
21467.78;4;185;0
21472.07;26;120;1
21475.62;29;122;3
21476.74;10;19;2
21477.83;4;185;0
21482.27;26;120;1
21486.79;8;217;2
21487.87;1;153;0
21488.8;9;175;3
21492.37;0;3;1
21496.84;8;217;2
21497.92;1;153;0
21502.61;0;3;1
21507.01;21;222;2
21507.96;14;54;0
21513.03;0;3;1
21517.15;21;222;2
21521.36;16;417;3
21523.23;0;3;1
21527.57;21;222;2
21529.38;19;359;0
21531.76;16;417;3
21533.31;11;548;1
21537.65;21;222;2
21539.48;19;359;0
21541.85;16;417;3
21543.36;11;548;1
21547.85;30;12;2
21549.56;19;359;0
21552.02;16;417;3
21553.55;11;548;1
21558.02;30;12;2
21559.68;19;359;0
21562.11;16;417;3
21563.85;24;325;1
21568.06;28;467;2
21569.96;19;359;0
21572.52;16;417;3
21574.21;24;325;1
21578.12;28;467;2
21580.04;19;359;0
21582.69;16;417;3
21584.63;24;325;1
21588.17;28;467;2
21590.25;25;410;0
21592.91;7;47;3
21594.77;2;79;1
21598.21;28;467;2
21600.33;25;410;0
21603;7;47;3
21604.84;2;79;1
21610.39;27;291;0
21613.05;7;47;3
21615.05;2;79;1
21620.81;27;291;0
21623.1;8;40;2
21623.1;5;82;3
21625.2;2;79;1
21630.86;27;291;0
21633.24;8;40;2
21633.24;5;82;3
21635.27;2;79;1
21641.07;27;291;0
21643.28;5;82;3
21644.15;10;331;2
21645.35;2;79;1
21651.14;27;291;0
21653.58;5;82;3
21654.2;10;331;2
21655.46;2;79;1
21661.28;27;291;0
21663.76;5;82;3
21664.28;10;331;2
21665.76;2;79;1
21671.34;27;291;0
21673.83;29;346;3
21674.33;10;331;2
21675.96;2;79;1
21681.38;27;291;0
21683.91;29;346;3
21684.39;10;331;2
21686.1;26;438;1
21691.43;27;291;0
21694.08;29;346;3
21694.44;30;244;2
21696.15;26;438;1
21701.56;27;291;0
21704.13;29;346;3
21704.56;30;244;2
21706.57;26;438;1
21711.99;27;291;0
21714.3;29;346;3
21714.6;30;244;2
21717.03;0;518;1
21722.37;4;507;0
21724.34;29;346;3
21725.02;30;244;2
21727.11;0;518;1
21732.51;4;507;0
21734.4;29;346;3
21735.34;30;244;2
21737.39;0;518;1
21742.61;4;507;0
21744.44;29;346;3
21745.53;21;70;2
21747.43;11;279;1
21752.76;4;507;0
21754.82;29;346;3
21755.58;21;70;2
21757.61;11;279;1
21762.9;4;507;0
21765.14;9;145;3
21765.7;21;70;2
21767.66;24;205;1
21773.03;4;507;0
21775.43;9;145;3
21775.76;21;70;2
21777.7;24;205;1
21783.49;4;507;0
21785.71;9;145;3
21785.8;21;70;2
21788.05;24;205;1
21793.62;19;119;0
21795.8;9;145;3
21795.84;21;70;2
21798.44;24;205;1
21803.66;19;119;0
21805.86;9;145;3
21805.9;21;70;2
21808.84;24;205;1
21813.71;19;119;0
21815.93;16;95;3
21815.97;21;70;2
21819.19;2;49;1
21823.75;19;119;0
21825.97;16;95;3
21826.39;21;70;2
21829.24;2;49;1
21833.8;19;119;0
21836.29;16;95;3
21836.69;21;70;2
21839.29;2;49;1
21843.84;19;119;0
21846.65;7;503;3
21846.74;21;70;2
21849.64;26;305;1
21853.89;1;280;0
21856.78;21;70;2
21859.69;26;305;1
21863.96;1;280;0
21865.77;5;82;3
21866.82;21;70;2
21869.79;11;499;1
21874.4;27;323;0
21876.01;5;82;3
21876.87;28;275;2
21879.86;0;462;1
21886.05;5;82;3
21886.91;28;275;2
21889.94;0;462;1
21890.33;14;229;0
21896.47;29;98;3
21896.96;28;275;2
21900.01;0;462;1
21900.47;14;229;0
21906.66;29;98;3
21907.25;28;275;2
21910.24;0;462;1
21910.67;14;229;0
21916.94;29;98;3
21917.56;8;385;2
21920.31;0;462;1
21920.72;14;229;0
21926.98;29;98;3
21927.98;8;385;2
21930.48;24;324;1
21930.76;14;229;0
21937.04;29;98;3
21938.4;8;385;2
21940.62;24;324;1
21940.85;14;229;0
21947.09;9;353;3
21948.71;8;385;2
21950.66;24;324;1
21950.89;14;229;0
21957.51;9;353;3
21958.9;8;385;2
21960.89;24;324;1
21960.93;14;229;0
21967.93;9;353;3
21969.05;8;385;2
21970.97;24;324;1
21971.01;25;456;0
21978.35;9;353;3
21979.47;8;385;2
21981.02;2;541;1
21981.26;25;456;0
21988.4;9;353;3
21989.65;10;76;2
21991.24;2;541;1
21991.43;25;456;0
21998.46;16;258;3
21999.86;10;76;2
22001.38;2;541;1
22001.47;25;456;0
22008.52;16;258;3
22010;10;76;2
22011.47;2;541;1
22011.52;25;456;0
22018.57;16;258;3
22020.04;21;309;2
22021.52;2;541;1
22021.57;25;456;0
22028.96;7;498;3
22030.38;21;309;2
22031.57;2;541;1
22031.79;25;456;0
22040.48;21;309;2
22041.79;26;47;1
22042.21;25;456;0
22043.71;5;415;3
22050.88;21;309;2
22052.17;26;47;1
22052.27;25;456;0
22053.75;5;415;3
22060.96;30;343;2
22062.27;11;470;1
22062.42;25;456;0
22063.8;5;415;3
22071.05;30;343;2
22072.46;11;470;1
22072.75;25;456;0
22073.92;5;415;3
22081.24;28;504;2
22082.75;11;470;1
22083.19;27;473;0
22084.01;29;137;3
22091.4;28;504;2
22093.06;11;470;1
22093.64;27;473;0
22094.2;29;137;3
22101.45;28;504;2
22103.11;11;470;1
22103.69;27;473;0
22104.45;29;137;3
22111.49;28;504;2
22113.47;0;153;1
22113.75;27;473;0
22114.49;9;232;3
22121.58;28;504;2
22123.51;0;153;1
22123.83;27;473;0
22124.54;9;232;3
22131.69;28;504;2
22133.65;0;153;1
22133.87;27;473;0
22141.74;28;504;2
22143.69;24;60;1
22144;27;473;0
22150.56;16;454;3
22151.78;10;139;2
22153.75;24;60;1
22154.05;4;548;0
22160.61;16;454;3
22161.83;10;139;2
22163.88;24;60;1
22164.09;4;548;0
22170.88;16;454;3
22171.87;8;518;2
22174.09;2;325;1
22174.13;4;548;0
22180.92;16;454;3
22181.92;8;518;2
22184.15;2;325;1
22184.2;1;216;0
22191.07;16;454;3
22191.96;8;518;2
22194.21;26;541;1
22194.25;1;216;0
22201.11;5;79;3
22202;8;518;2
22204.26;26;541;1
22204.67;1;216;0
22211.35;5;79;3
22213.56;21;125;2
22215.05;1;216;0
22221.53;5;79;3
22222.77;11;177;1
22223.61;21;125;2
22225.47;19;427;0
22231.58;5;79;3
22233.04;11;177;1
22233.71;21;125;2
22240.54;14;265;0
22241.91;7;474;3
22243.15;11;177;1
22243.77;21;125;2
22250.62;14;265;0
22251.98;7;474;3
22253.32;11;177;1
22254.13;21;125;2
22260.75;14;265;0
22262.03;7;474;3
22263.4;0;159;1
22264.32;21;125;2
22270.82;14;265;0
22272.13;7;474;3
22273.49;0;159;1
22274.36;21;125;2
22280.96;25;197;0
22282.31;7;474;3
22283.91;0;159;1
22284.78;21;125;2
22291.38;25;197;0
22292.36;9;228;3
22294.2;2;122;1
22295.24;21;125;2
22302.4;9;228;3
22303;27;64;0
22304.36;2;122;1
22305.4;21;125;2
22312.6;9;228;3
22313.07;27;64;0
22314.66;24;282;1
22315.61;21;125;2
22322.79;29;157;3
22323.11;27;64;0
22324.75;24;282;1
22325.82;30;437;2
22332.83;29;157;3
22333.26;27;64;0
22335.07;24;282;1
22335.86;30;437;2
22342.88;29;157;3
22343.68;27;64;0
22345.4;24;282;1
22345.91;28;494;2
22352.95;29;157;3
22353.84;4;391;0
22355.82;26;68;1
22355.95;28;494;2
22362.99;29;157;3
22364.01;4;391;0
22365.95;26;68;1
22366;28;494;2
22373.03;16;143;3
22374.06;4;391;0
22376;26;68;1
22376.04;28;494;2
22383.08;16;143;3
22384.1;4;391;0
22386.04;11;442;1
22386.09;28;494;2
22393.12;16;143;3
22394.42;19;39;0
22396.1;11;442;1
22396.15;28;494;2
22403.17;16;143;3
22404.76;19;39;0
22406.15;11;442;1
22406.19;10;512;2
22413.24;16;143;3
22415.14;19;39;0
22416.22;11;442;1
22416.27;8;37;2
22423.48;5;475;3
22425.38;19;39;0
22426.27;11;442;1
22426.31;8;37;2
22433.56;5;475;3
22435.43;19;39;0
22436.31;0;407;1
22436.52;8;37;2
22443.77;5;475;3
22445.47;19;39;0
22446.43;0;407;1
22446.67;8;37;2
22453.93;5;475;3
22456.63;1;304;0
22456.63;0;407;1
22456.8;8;37;2
22463.97;5;475;3
22466.76;1;304;0
22466.76;0;407;1
22466.85;8;37;2
22474.02;5;475;3
22476.8;1;304;0
22476.8;0;407;1
22476.89;21;385;2
22484.15;5;475;3
22486.89;1;304;0
22486.89;0;407;1
22487.08;21;385;2
22494.27;7;177;3
22497.03;14;549;0
22497.03;2;25;1
22497.12;21;385;2
22504.49;7;177;3
22507.12;14;549;0
22507.12;2;25;1
22507.49;21;385;2
22514.53;7;177;3
22517.28;14;549;0
22517.28;2;25;1
22517.53;30;343;2
22524.58;7;177;3
22527.43;25;438;0
22527.43;2;25;1
22527.58;30;343;2
22534.66;9;16;3
22537.49;25;438;0
22537.49;26;101;1
22537.62;28;22;2
22544.8;16;206;3
22547.62;25;438;0
22547.67;28;22;2
22551.75;24;354;1
22554.87;16;206;3
22557.67;25;438;0
22557.72;28;22;2
22565.01;16;206;3
22567.75;27;132;0
22567.81;10;414;2
22571.04;11;98;1
22575.06;16;206;3
22577.81;27;132;0
22578;10;414;2
22581.38;11;98;1
22585.16;16;206;3
22588;27;132;0
22588.16;10;414;2
22591.8;11;98;1
22595.57;16;206;3
22598.18;27;132;0
22598.4;10;414;2
22601.84;11;98;1
22605.65;29;406;3
22608.23;4;273;0
22608.5;21;289;2
22612.21;11;98;1
22616.02;29;406;3
22618.28;19;68;0
22618.62;21;289;2
22622.63;11;98;1
22626.12;29;406;3
22628.36;19;68;0
22629;21;289;2
22633;0;366;1
22636.19;29;406;3
22638.65;14;529;0
22639.1;8;57;2
22643.15;0;366;1
22646.37;29;406;3
22648.7;14;529;0
22649.19;8;57;2
22653.57;0;366;1
22656.41;29;406;3
22658.82;14;529;0
22659.35;8;57;2
22663.65;0;366;1
22666.53;5;144;3
22668.9;14;529;0
22669.46;30;184;2
22673.7;0;366;1
22676.57;5;144;3
22679.21;1;362;0
22679.53;30;184;2
22684.12;0;366;1
22686.68;5;144;3
22689.26;1;362;0
22689.67;30;184;2
22694.25;0;366;1
22696.72;5;144;3
22699.35;1;362;0
22699.72;30;184;2
22704.31;0;366;1
22706.99;5;144;3
22709.39;1;362;0
22709.77;30;184;2
22714.76;0;366;1
22717.03;5;144;3
22719.79;25;47;0
22720.04;30;184;2
22724.94;2;484;1
22727.45;5;144;3
22730;25;47;0
22730.47;30;184;2
22735.36;2;484;1
22737.87;7;331;3
22740.34;25;47;0
22740.8;30;184;2
22745.47;2;484;1
22748.18;7;331;3
22750.38;27;51;0
22750.88;30;184;2
22755.52;2;484;1
22758.22;7;331;3
22760.79;27;51;0
22760.92;28;346;2
22765.56;26;526;1
22768.3;7;331;3
22770.95;27;51;0
22770.99;28;346;2
22775.69;26;526;1
22778.35;9;197;3
22781.03;4;280;0
22781.09;10;479;2
22789.75;16;465;3
22789.83;11;361;1
22791.09;4;280;0
22791.14;10;479;2
22799.84;16;465;3
22799.88;11;361;1
22801.14;4;280;0
22801.23;10;479;2
22809.89;16;465;3
22810;11;361;1
22811.23;4;280;0
22811.41;10;479;2
22820.03;16;465;3
22820.42;11;361;1
22821.37;4;280;0
22821.83;10;479;2
22830.09;16;465;3
22830.47;11;361;1
22831.67;4;280;0
22832.25;10;479;2
22840.39;5;175;3
22840.65;24;268;1
22842.09;4;280;0
22842.34;21;309;2
22850.51;5;175;3
22851.1;24;268;1
22852.17;1;435;0
22852.39;21;309;2
22860.56;29;375;3
22861.52;24;268;1
22862.39;1;435;0
22862.43;21;309;2
22871.72;0;132;1
22872.47;19;251;0
22872.52;21;309;2
22881.95;7;104;3
22882.54;19;251;0
22882.59;21;309;2
22891.23;2;216;1
22891.99;7;104;3
22892.59;19;251;0
22893.01;21;309;2
22901.28;2;216;1
22902.23;7;104;3
22902.63;19;251;0
22903.07;8;490;2
22911.5;2;216;1
22912.28;7;104;3
22912.68;14;153;0
22913.12;8;490;2
22921.86;2;216;1
22922.32;7;104;3
22922.72;14;153;0
22923.19;8;490;2
22931.98;2;216;1
22932.37;7;104;3
22933.14;14;153;0
22933.23;8;490;2
22942.08;26;527;1
22942.7;9;61;3
22943.25;25;60;0
22943.68;8;490;2
22952.16;26;527;1
22952.79;9;61;3
22953.63;25;60;0
22953.73;8;490;2
22962.58;26;527;1
22962.83;9;61;3
22963.73;25;60;0
22964.04;28;134;2
22972.87;26;527;1
22972.92;9;61;3
22974.08;27;151;0
22974.12;28;134;2
22982.92;26;527;1
22983.12;9;61;3
22984.16;27;151;0
22984.21;28;134;2
22992.98;26;527;1
22993.44;9;61;3
22994.24;27;151;0
22994.45;30;194;2
23003.28;26;527;1
23003.72;9;61;3
23004.36;4;529;0
23004.5;30;194;2
23013.35;26;527;1
23013.89;9;61;3
23014.54;30;194;2
23017.17;1;331;0
23023.41;26;527;1
23023.93;9;61;3
23024.59;30;194;2
23027.37;1;331;0
23033.7;26;527;1
23033.99;9;61;3
23034.63;30;194;2
23037.63;19;523;0
23043.76;26;527;1
23044.41;16;107;3
23045.03;30;194;2
23048.03;19;523;0
23053.89;11;373;1
23054.83;16;107;3
23055.45;21;144;2
23058.08;19;523;0
23063.97;11;373;1
23065.18;5;305;3
23065.5;21;144;2
23068.13;19;523;0
23074.31;2;303;1
23075.22;5;305;3
23075.54;21;144;2
23078.22;14;278;0
23084.36;24;145;1
23085.33;29;103;3
23085.92;21;144;2
23088.33;14;278;0
23094.45;24;145;1
23095.75;7;38;3
23096.09;10;510;2
23098.53;14;278;0
23104.56;24;145;1
23105.81;7;38;3
23108.64;14;278;0
23111.78;8;241;2
23114.97;0;260;1
23115.91;9;509;3
23118.75;25;162;0
23121.88;8;241;2
23125.17;0;260;1
23125.96;9;509;3
23128.96;25;162;0
23131.97;8;241;2
23135.21;0;260;1
23136.22;9;509;3
23139.18;4;480;0
23142.05;8;241;2
23145.4;0;260;1
23146.29;9;509;3
23149.27;4;480;0
23152.1;28;242;2
23155.44;0;260;1
23156.33;9;509;3
23159.33;4;480;0
23162.19;28;242;2
23165.86;26;65;1
23166.38;9;509;3
23169.4;4;480;0
23172.24;28;242;2
23175.95;26;65;1
23176.42;9;509;3
23179.46;4;480;0
23182.33;28;242;2
23186.39;26;65;1
23186.47;16;70;3
23189.51;4;480;0
23192.5;28;242;2
23196.47;2;95;1
23196.51;16;70;3
23199.59;27;1;0
23202.55;30;309;2
23206.55;2;95;1
23206.6;16;70;3
23209.64;27;1;0
23212.59;30;309;2
23216.62;2;95;1
23217.04;16;70;3
23219.68;27;1;0
23222.72;30;309;2
23226.76;2;95;1
23227.42;29;272;3
23229.78;27;1;0
23232.77;30;309;2
23236.83;2;95;1
23237.57;29;272;3
23239.83;27;1;0
23242.83;30;309;2
23247.15;2;95;1
23247.66;29;272;3
23249.88;1;374;0
23252.89;21;19;2
23257.2;2;95;1
23257.73;29;272;3
23259.92;1;374;0
23262.93;21;19;2
23267.24;2;95;1
23267.97;29;272;3
23269.97;1;374;0
23273.01;21;19;2
23278.03;5;155;3
23278.45;11;198;1
23280.03;1;374;0
23283.06;21;19;2
23288.47;5;155;3
23288.71;11;198;1
23290.07;1;374;0
23293.14;21;19;2
23298.55;5;155;3
23298.76;11;198;1
23300.12;19;184;0
23303.33;21;19;2
23308.76;5;155;3
23308.92;11;198;1
23310.17;19;184;0
23313.44;10;282;2
23318.92;5;155;3
23318.96;11;198;1
23320.52;19;184;0
23323.48;10;282;2
23328.96;5;155;3
23329.28;11;198;1
23330.85;19;184;0
23333.62;10;282;2
23339.03;7;328;3
23339.44;24;222;1
23341.27;19;184;0
23343.67;10;282;2
23349.22;7;328;3
23349.49;24;222;1
23351.41;14;47;0
23353.74;10;282;2
23359.29;9;182;3
23359.56;24;222;1
23363.92;10;282;2
23368.14;25;366;0
23369.76;24;222;1
23371.11;16;330;3
23374.3;10;282;2
23378.38;25;366;0
23379.92;24;222;1
23381.25;16;330;3
23384.44;10;282;2
23388.42;25;366;0
23390.04;0;99;1
23391.31;16;330;3
23394.61;10;282;2
23398.73;27;226;0
23400.09;0;99;1
23401.69;16;330;3
23404.74;10;282;2
23409.07;27;226;0
23410.35;0;99;1
23412.07;16;330;3
23414.94;8;125;2
23419.11;27;226;0
23420.46;0;99;1
23422.11;16;330;3
23424.98;8;125;2
23429.53;27;226;0
23430.81;0;99;1
23432.28;16;330;3
23435.26;28;173;2
23439.72;4;493;0
23440.86;0;99;1
23442.39;29;417;3
23445.39;30;227;2
23449.99;4;493;0
23451.28;26;283;1
23452.45;29;417;3
23455.45;30;227;2
23460.09;4;493;0
23461.32;26;283;1
23462.5;5;301;3
23465.52;30;227;2
23470.51;4;493;0
23471.36;26;283;1
23472.92;5;301;3
23475.57;21;16;2
23480.69;1;229;0
23481.6;2;257;1
23483.23;5;301;3
23485.8;21;16;2
23490.75;1;229;0
23491.64;2;257;1
23493.27;5;301;3
23496.22;21;16;2
23500.85;1;229;0
23501.78;2;257;1
23503.32;7;113;3
23506.32;21;16;2
23511.27;19;549;0
23511.86;2;257;1
23513.44;9;406;3
23516.44;21;16;2
23521.38;19;549;0
23521.92;2;257;1
23523.57;9;406;3
23526.54;10;460;2
23531.71;19;549;0
23531.97;2;257;1
23533.65;9;406;3
23536.65;10;460;2
23541.82;19;549;0
23542.08;2;257;1
23543.93;9;406;3
23546.77;10;460;2
23551.95;19;549;0
23552.27;2;257;1
23554.65;16;182;3
23556.89;10;460;2
23562.05;19;549;0
23562.44;11;294;1
23564.7;16;182;3
23567.31;10;460;2
23572.22;19;549;0
23572.88;11;294;1
23574.83;16;182;3
23577.38;10;460;2
23582.64;14;317;0
23583.21;0;336;1
23584.87;29;490;3
23587.66;30;125;2
23592.76;14;317;0
23593.25;0;336;1
23594.97;29;490;3
23597.7;30;125;2
23602.81;25;458;0
23603.39;0;336;1
23605.43;29;490;3
23607.76;30;125;2
23612.85;25;458;0
23613.48;24;115;1
23615.53;5;228;3
23617.81;8;403;2
23623.09;25;458;0
23623.92;26;12;1
23625.58;5;228;3
23627.89;8;403;2
23633.15;25;458;0
23633.99;26;12;1
23635.62;5;228;3
23638.2;8;403;2
23643.29;25;458;0
23644.04;26;12;1
23645.84;5;228;3
23648.62;8;403;2
23653.73;25;458;0
23654.45;26;12;1
23655.95;5;228;3
23658.68;8;403;2
23664.04;27;440;0
23664.51;26;12;1
23666.07;5;228;3
23668.73;8;403;2
23674.08;27;440;0
23674.56;26;12;1
23676.32;5;228;3
23678.97;28;138;2
23684.15;27;440;0
23686.37;5;228;3
23689.06;28;138;2
23694.21;27;440;0
23694.21;11;419;1
23696.41;7;302;3
23699.15;28;138;2
23704.54;27;440;0
23704.54;11;419;1
23706.83;7;302;3
23709.21;28;138;2
23714.73;4;276;0
23714.73;11;419;1
23717.06;7;302;3
23719.56;21;300;2
23724.77;4;276;0
23724.77;2;284;1
23727.36;7;302;3
23731.78;10;43;2
23734.82;1;143;0
23734.82;2;284;1
23737.5;7;302;3
23741.82;10;43;2
23744.88;19;355;0
23744.88;2;284;1
23747.65;7;302;3
23752.24;10;43;2
23755.24;19;355;0
23755.24;2;284;1
23758.07;7;302;3
23762.65;10;43;2
23765.28;19;355;0
23765.28;2;284;1
23768.28;9;507;3
23772.81;10;43;2
23775.36;19;355;0
23775.36;2;284;1
23778.38;9;507;3
23782.9;10;43;2
23785.4;19;355;0
23785.4;2;284;1
23788.43;9;507;3
23793.3;10;43;2
23795.59;14;295;0
23795.59;2;284;1
23798.48;16;235;3
23803.36;10;43;2
23806.01;14;295;0
23806.01;2;284;1
23808.57;16;235;3
23813.48;10;43;2
23816.45;14;295;0
23816.45;2;284;1
23818.61;29;194;3
23823.57;10;43;2
23826.49;14;295;0
23826.49;2;284;1
23828.72;29;194;3
23833.62;10;43;2
23836.62;14;295;0
23836.62;2;284;1
23838.8;29;194;3
23843.82;10;43;2
23846.82;14;295;0
23846.82;2;284;1
23849.22;29;194;3
23853.98;10;43;2
23856.89;14;295;0
23856.89;24;72;1
23859.3;29;194;3
23864.18;10;43;2
23867.18;14;295;0
23867.18;24;72;1
23869.34;29;194;3
23874.39;10;43;2
23877.34;14;295;0
23877.34;24;72;1
23879.76;5;281;3
23884.85;30;157;2
23887.39;14;295;0
23887.39;24;72;1
23889.81;7;385;3
23894.89;30;157;2
23897.46;14;295;0
23897.46;24;72;1
23900.23;7;385;3
23905.25;30;157;2
23907.51;27;20;0
23907.51;24;72;1
23910.41;7;385;3
23915.3;28;459;2
23917.55;27;20;0
23917.55;26;169;1
23920.47;7;385;3
23925.34;28;459;2
23927.63;25;37;0
23927.63;0;478;1
23930.6;9;493;3
23935.39;28;459;2
23937.74;25;37;0
23937.74;0;478;1
23940.74;9;493;3
23945.44;28;459;2
23948.08;25;37;0
23948.08;0;478;1
23950.88;9;493;3
23955.52;28;459;2
23958.35;25;37;0
23958.35;0;478;1
23961.22;16;112;3
23965.87;28;459;2
23968.43;25;37;0
23968.43;0;478;1
23971.29;16;112;3
23975.98;28;459;2
23978.54;25;37;0
23978.54;0;478;1
23981.34;16;112;3
23986.23;28;459;2
23988.66;25;37;0
23988.66;11;66;1
23991.54;16;112;3
23996.32;28;459;2
23998.93;4;326;0
23998.93;11;66;1
24001.65;16;112;3
24006.54;28;459;2
24009.36;4;326;0
24009.36;2;339;1
24014.99;5;283;3
24016.58;21;424;2
24019.4;4;326;0
24019.4;2;339;1
24025.1;5;283;3
24027;21;424;2
24029.44;1;374;0
24029.44;2;339;1
24035.27;5;283;3
24037.29;21;424;2
24039.52;1;374;0
24039.52;2;339;1
24045.32;5;283;3
24047.52;21;424;2
24049.82;1;374;0
24049.82;2;339;1
24055.65;5;283;3
24057.79;21;424;2
24060.24;1;374;0
24060.24;2;339;1
24065.69;5;283;3
24067.9;21;424;2
24070.33;1;374;0
24070.33;2;339;1
24076.11;5;283;3
24078.16;21;424;2
24080.55;14;29;0
24080.55;2;339;1
24086.22;5;283;3
24088.2;21;424;2
24090.97;14;29;0
24090.97;2;339;1
24096.45;5;283;3
24098.27;21;424;2
24101.1;14;29;0
24101.1;2;339;1
24106.6;29;240;3
24108.32;21;424;2
24111.33;19;206;0
24111.33;24;170;1
24117.02;29;240;3
24118.69;10;177;2
24121.41;19;206;0
24121.41;26;527;1
24127.1;29;240;3
24128.77;10;177;2
24131.46;19;206;0
24131.46;26;527;1
24137.28;29;240;3
24138.88;8;60;2
24141.53;19;206;0
24141.53;26;527;1
24147.33;29;240;3
24148.92;8;60;2
24151.74;19;206;0
24151.74;26;527;1
24157.57;29;240;3
24158.97;30;222;2
24161.94;25;467;0
24161.94;26;527;1
24167.75;29;240;3
24172.01;25;467;0
24172.01;26;527;1
24173.67;28;98;2
24177.84;29;240;3
24182.14;25;467;0
24182.14;26;527;1
24183.71;28;98;2
24188.02;29;240;3
24192.22;25;467;0
24192.22;26;527;1
24193.8;28;98;2
24198.06;7;211;3
24202.28;25;467;0
24202.28;0;134;1
24203.85;10;475;2
24209.74;16;477;3
24212.7;1;82;0
24212.7;0;134;1
24214.02;10;475;2
24219.88;16;477;3
24222.79;1;82;0
24222.79;0;134;1
24224.06;10;475;2
24229.98;16;477;3
24232.84;1;82;0
24232.84;11;148;1
24234.14;10;475;2
24240.13;16;477;3
24242.89;27;352;0
24242.89;11;148;1
24244.56;8;312;2
24250.19;9;27;3
24253.21;27;352;0
24253.21;2;518;1
24254.62;8;312;2
24260.34;9;27;3
24263.26;27;352;0
24263.26;2;518;1
24264.82;8;312;2
24270.39;9;27;3
24273.38;27;352;0
24273.38;2;518;1
24274.87;8;312;2
24280.69;9;27;3
24283.47;4;473;0
24283.47;2;518;1
24284.95;8;312;2
24290.74;5;38;3
24293.74;4;473;0
24293.74;24;433;1
24295.09;8;312;2
24300.78;5;38;3
24303.78;4;473;0
24303.78;24;433;1
24305.13;21;78;2
24311.22;5;38;3
24314.09;4;473;0
24314.09;24;433;1
24315.21;21;78;2
24321.3;5;38;3
24324.13;4;473;0
24324.13;26;532;1
24325.26;21;78;2
24331.72;29;493;3
24334.17;4;473;0
24334.17;26;532;1
24335.3;21;78;2
24344.47;4;473;0
24344.47;0;229;1
24345.35;21;78;2
24347.25;16;454;3
24354.52;4;473;0
24354.52;0;229;1
24355.4;21;78;2
24357.3;16;454;3
24364.94;14;536;0
24364.94;11;389;1
24365.82;21;78;2
24369.81;7;406;3
24375.15;11;389;1
24376.1;21;78;2
24380;7;406;3
24380.63;19;523;0
24386.2;21;78;2
24390.17;7;406;3
24390.7;19;523;0
24396.25;21;78;2
24400.59;7;406;3
24400.75;25;278;0
24406.32;21;78;2
24410.75;5;182;3
24410.79;25;278;0
24420.79;5;182;3
24420.84;25;278;0
24424.08;26;532;1
24424.89;30;411;2
24430.88;9;441;3
24430.92;1;198;0
24434.29;2;314;1
24434.93;30;411;2
24440.92;9;441;3
24440.97;1;198;0
24444.44;2;314;1
24445.19;10;451;2
24450.99;9;441;3
24451.03;1;198;0
24454.49;2;314;1
24455.24;10;451;2
24461.03;9;441;3
24461.08;1;198;0
24464.55;2;314;1
24465.35;10;451;2
24471.08;9;441;3
24471.34;27;486;0
24474.64;24;223;1
24475.51;10;451;2
24481.12;29;95;3
24481.38;27;486;0
24484.92;24;223;1
24485.77;10;451;2
24491.19;29;95;3
24491.57;27;486;0
24495.02;24;223;1
24495.81;10;451;2
24501.48;29;95;3
24501.62;27;486;0
24505.09;24;223;1
24505.86;28;324;2
24511.65;29;95;3
24511.96;14;540;0
24515.28;24;223;1
24515.94;28;324;2
24521.77;29;95;3
24522.15;14;540;0
24525.37;0;543;1
24526.2;28;324;2
24531.82;29;95;3
24532.19;14;540;0
24535.67;0;543;1
24536.62;8;504;2
24542.21;16;330;3
24542.26;14;540;0
24545.71;0;543;1
24546.97;8;504;2
24552.26;16;330;3
24552.3;14;540;0
24556.12;11;413;1
24557.1;8;504;2
24562.3;16;330;3
24562.35;19;344;0
24566.34;11;413;1
24567.17;8;504;2
24572.35;16;330;3
24572.45;19;344;0
24576.43;11;413;1
24577.39;21;138;2
24582.41;16;330;3
24582.55;19;344;0
24586.85;26;75;1
24587.45;21;138;2
24592.46;5;167;3
24592.66;19;344;0
24596.94;26;75;1
24597.57;21;138;2
24602.71;5;167;3
24602.77;19;344;0
24606.99;26;75;1
24607.76;21;138;2
24612.77;5;167;3
24612.82;19;344;0
24617.04;26;75;1
24617.94;30;80;2
24622.82;5;167;3
24622.86;19;344;0
24627.31;2;73;1
24627.99;30;80;2
24632.86;7;176;3
24632.91;19;344;0
24637.36;2;73;1
24638.13;30;80;2
24642.91;7;176;3
24643.22;19;344;0
24647.4;24;111;1
24648.19;30;80;2
24653.19;7;176;3
24653.28;25;331;0
24657.45;24;111;1
24658.24;30;80;2
24663.27;7;176;3
24667.5;24;111;1
24668.32;30;80;2
24668.61;4;523;0
24673.32;9;258;3
24678.36;30;80;2
24678.78;1;145;0
24683.36;9;258;3
24684.69;11;443;1
24688.45;30;80;2
24688.94;1;145;0
24693.74;9;258;3
24694.73;11;443;1
24698.49;30;80;2
24701.35;27;435;0
24704.13;9;258;3
24704.78;11;443;1
24708.54;30;80;2
24711.39;27;435;0
24714.29;9;258;3
24715;11;443;1
24718.66;30;80;2
24721.66;27;435;0
24724.33;9;258;3
24725.32;11;443;1
24728.7;30;80;2
24731.7;14;37;0
24734.38;29;182;3
24735.44;11;443;1
24738.76;10;467;2
24741.78;14;37;0
24744.42;29;182;3
24745.86;11;443;1
24748.82;28;78;2
24751.83;14;37;0
24754.46;16;419;3
24756.29;11;443;1
24759.04;28;78;2
24761.89;14;37;0
24764.51;16;419;3
24766.37;11;443;1
24769.37;28;78;2
24772.08;14;37;0
24774.58;7;113;3
24776.6;0;105;1
24779.54;28;78;2
24782.43;19;169;0
24784.64;7;113;3
24786.7;0;105;1
24789.62;28;78;2
24792.48;19;169;0
24794.78;5;144;3
24796.81;0;105;1
24799.81;28;78;2
24802.64;19;169;0
24805.11;5;144;3
24807.22;0;105;1
24810.04;8;509;2
24813;25;480;0
24815.4;5;144;3
24817.45;0;105;1
24820.24;8;509;2
24823.17;25;480;0
24825.45;5;144;3
24827.59;0;105;1
24830.44;8;509;2
24833.21;25;480;0
24835.62;5;144;3
24838.01;2;257;1
24840.52;8;509;2
24843.56;25;480;0
24845.91;5;144;3
24848.05;2;257;1
24850.59;21;222;2
24853.6;4;220;0
24856.18;5;144;3
24858.47;2;257;1
24861.01;21;222;2
24863.65;4;220;0
24866.28;5;144;3
24868.52;2;257;1
24871.43;30;195;2
24874.07;4;220;0
24876.32;5;144;3
24878.94;2;257;1
24881.49;30;195;2
24884.19;1;402;0
24886.38;5;144;3
24889.09;26;304;1
24891.67;30;195;2
24894.43;1;402;0
24896.6;5;144;3
24899.18;24;507;1
24901.93;30;195;2
24904.5;1;402;0
24907.02;5;144;3
24911.23;11;96;1
24912.09;30;195;2
24914.78;1;402;0
24917.27;9;159;3
24921.5;11;96;1
24922.16;30;195;2
24925.14;27;286;0
24931.58;11;96;1
24932.26;10;363;2
24932.33;29;209;3
24935.18;27;286;0
24942.01;11;96;1
24942.37;10;363;2
24942.42;29;209;3
24945.23;27;286;0
24952.45;28;265;2
24952.5;29;209;3
24955.27;27;286;0
24960.4;0;537;1
24962.5;28;265;2
24962.91;29;209;3
24965.32;27;286;0
24970.58;0;537;1
24972.73;28;265;2
24973.13;16;240;3
24975.36;27;286;0
24980.76;0;537;1
24983.07;8;162;2
24983.28;16;240;3
24985.41;14;92;0
24991.18;0;537;1
24993.31;8;162;2
24993.65;16;240;3
24995.48;19;520;0
25001.22;0;537;1
25003.43;8;162;2
25004.07;16;240;3
25005.78;19;520;0
25011.34;0;537;1
25013.5;8;162;2
25014.17;7;541;3
25015.82;19;520;0
25021.39;0;537;1
25024.02;30;370;2
25024.21;7;541;3
25025.88;25;366;0
25031.64;2;12;1
25034.06;30;370;2
25034.25;7;541;3
25035.93;25;366;0
25041.75;2;12;1
25044.26;30;370;2
25044.39;7;541;3
25046.07;25;366;0
25051.79;2;12;1
25054.31;30;370;2
25054.58;5;406;3
25056.51;25;366;0
25061.84;2;12;1
25064.44;30;370;2
25064.62;5;406;3
25066.66;25;366;0
25072.07;2;12;1
25074.49;30;370;2
25074.7;5;406;3
25076.99;25;366;0
25082.23;2;12;1
25084.65;21;243;2
25084.78;5;406;3
25087.11;4;488;0
25092.27;26;530;1
25094.7;21;243;2
25095.19;5;406;3
25097.2;4;488;0
25102.37;26;530;1
25104.78;21;243;2
25105.38;5;406;3
25107.32;4;488;0
25112.6;26;530;1
25114.83;21;243;2
25117.42;1;491;0
25120.74;29;209;3
25122.68;26;530;1
25124.87;21;243;2
25127.62;1;491;0
25130.83;29;209;3
25132.85;26;530;1
25134.92;21;243;2
25137.69;14;282;0
25141.25;29;209;3
25143.27;26;530;1
25144.96;10;82;2
25147.96;14;282;0
25151.67;29;209;3
25153.56;26;530;1
25155;10;82;2
25158.01;14;282;0
25161.8;29;209;3
25163.7;26;530;1
25165.05;10;82;2
25168.06;27;448;0
25171.84;9;521;3
25174.3;24;239;1
25175.71;8;206;2
25178.14;27;448;0
25181.91;9;521;3
25184.45;24;239;1
25185.83;8;206;2
25188.56;27;448;0
25192.14;9;521;3
25194.77;24;239;1
25195.98;8;206;2
25198.83;27;448;0
25202.26;16;234;3
25204.86;24;239;1
25206.03;8;206;2
25208.87;27;448;0
25212.69;16;234;3
25215.07;24;239;1
25216.07;28;447;2
25219.08;27;448;0
25222.82;16;234;3
25225.28;11;29;1
25226.11;28;447;2
25229.12;27;448;0
25232.93;16;234;3
25235.33;11;29;1
25236.16;28;447;2
25239.17;19;130;0
25243;16;234;3
25245.37;11;29;1
25246.2;28;447;2
25249.21;19;130;0
25253.43;16;234;3
25255.41;0;339;1
25256.25;28;447;2
25259.26;19;130;0
25263.86;16;234;3
25265.46;0;339;1
25266.29;30;36;2
25269.3;25;265;0
25274.28;16;234;3
25275.55;0;339;1
25276.34;30;36;2
25279.35;25;265;0
25284.65;7;477;3
25285.7;0;339;1
25286.38;30;36;2
25289.39;25;265;0
25294.89;7;477;3
25295.93;2;172;1
25296.43;30;36;2
25299.47;25;265;0
25305.2;7;477;3
25306.26;2;172;1
25306.47;21;43;2
25309.56;4;122;0
25315.28;7;477;3
25316.47;2;172;1
25316.51;21;43;2
25319.61;4;122;0
25325.44;7;477;3
25326.55;2;172;1
25326.59;21;43;2
25329.68;4;122;0
25335.48;7;477;3
25336.59;26;536;1
25336.63;21;43;2
25339.72;1;478;0
25345.53;29;305;3
25346.63;26;536;1
25346.68;21;43;2
25349.77;14;518;0
25355.95;29;305;3
25356.68;26;536;1
25356.72;8;391;2
25360.18;14;518;0
25366.05;5;219;3
25366.72;26;536;1
25368.63;10;324;2
25370.51;27;200;0
25376.38;5;219;3
25376.81;26;536;1
25378.67;10;324;2
25380.95;27;200;0
25386.42;5;219;3
25388.18;24;78;1
25389.09;28;295;2
25391.39;27;200;0
25396.52;5;219;3
25398.36;24;78;1
25399.23;28;295;2
25401.43;27;200;0
25406.64;9;127;3
25408.52;24;78;1
25409.6;28;295;2
25411.48;27;200;0
25416.82;9;127;3
25418.56;11;243;1
25419.79;28;295;2
25421.57;27;200;0
25426.91;16;283;3
25428.6;11;243;1
25431.62;27;200;0
25436.97;16;283;3
25437.08;30;472;2
25438.69;11;243;1
25441.66;19;242;0
25447.04;16;283;3
25447.17;30;472;2
25448.73;11;243;1
25451.73;19;242;0
25457.08;16;283;3
25457.27;30;472;2
25458.81;0;157;1
25461.78;19;242;0
25467.15;7;72;3
25467.44;30;472;2
25468.87;0;157;1
25471.86;19;242;0
25477.19;7;72;3
25477.7;30;472;2
25478.92;0;157;1
25481.92;19;242;0
25487.25;7;72;3
25487.78;30;472;2
25488.98;0;157;1
25491.98;19;242;0
25497.37;29;240;3
25497.83;30;472;2
25499.08;0;157;1
25502.03;19;242;0
25507.79;29;240;3
25507.87;30;472;2
25509.51;2;548;1
25512.18;25;53;0
25517.87;29;240;3
25517.99;30;472;2
25519.93;2;548;1
25522.36;25;53;0
25528.01;29;240;3
25528.18;30;472;2
25530;2;548;1
25532.58;25;53;0
25538.05;29;240;3
25538.4;21;451;2
25540.42;2;548;1
25542.65;25;53;0
25548.1;9;397;3
25548.48;21;451;2
25550.78;2;548;1
25552.85;25;53;0
25558.24;9;397;3
25558.58;21;451;2
25561;26;471;1
25563.31;25;53;0
25568.58;9;397;3
25568.77;8;368;2
25571.08;26;471;1
25573.37;25;53;0
25578.68;5;280;3
25578.94;8;368;2
25581.12;24;125;1
25583.44;25;53;0
25588.94;5;280;3
25588.99;8;368;2
25591.37;24;125;1
25593.57;25;53;0
25598.99;5;280;3
25599.13;8;368;2
25601.79;24;125;1
25603.75;4;308;0
25609.13;5;280;3
25609.17;10;527;2
25611.84;24;125;1
25613.8;4;308;0
25619.17;5;280;3
25619.22;10;527;2
25621.88;24;125;1
25623.85;4;308;0
25629.22;5;280;3
25629.26;28;362;2
25632.05;0;284;1
25633.94;4;308;0
25639.26;5;280;3
25639.31;28;362;2
25642.09;0;284;1
25644.06;1;540;0
25649.31;5;280;3
25649.35;28;362;2
25652.31;0;284;1
25654.1;1;540;0
25659.36;5;280;3
25659.41;28;362;2
25662.37;0;284;1
25664.18;1;540;0
25669.42;5;280;3
25669.47;30;449;2
25672.42;0;284;1
25674.22;1;540;0
25679.49;16;474;3
25679.54;30;449;2
25682.47;11;505;1
25684.29;1;540;0
25689.55;16;474;3
25689.75;21;87;2
25692.53;11;505;1
25694.47;1;540;0
25699.59;16;474;3
25700.17;21;87;2
25702.58;11;505;1
25704.56;1;540;0
25709.78;16;474;3
25710.39;21;87;2
25712.78;11;505;1
25714.73;14;71;0
25720.1;29;34;3
25720.43;21;87;2
25723.1;11;505;1
25725.17;14;71;0
25730.19;29;34;3
25730.56;10;541;2
25735.24;27;281;0
25737;2;130;1
25740.53;7;225;3
25740.69;10;541;2
25745.67;19;338;0
25747.19;2;130;1
25750.7;7;225;3
25750.74;10;541;2
25755.75;19;338;0
25757.61;2;130;1
25760.74;7;225;3
25760.79;8;268;2
25766.17;25;538;0
25767.65;2;130;1
25770.79;7;225;3
25770.83;8;268;2
25776.6;25;538;0
25777.86;2;130;1
25780.87;9;359;3
25780.91;8;268;2
25786.69;25;538;0
25788.13;26;299;1
25790.91;9;359;3
25791;8;268;2
25796.74;25;538;0
25798.34;26;299;1
25800.96;5;312;3
25801.17;8;268;2
25806.95;25;538;0
25808.45;26;299;1
25811;5;312;3
25811.21;8;268;2
25816.99;1;424;0
25818.49;26;299;1
25821.08;5;312;3
25821.26;8;268;2
25827.04;1;424;0
25828.66;26;299;1
25831.13;5;312;3
25831.3;21;548;2
25837.08;4;302;0
25839.11;26;299;1
25841.3;5;312;3
25841.34;21;548;2
25847.13;4;302;0
25849.4;26;299;1
25851.34;16;397;3
25851.39;28;332;2
25857.21;4;302;0
25859.58;26;299;1
25861.43;16;397;3
25861.47;28;332;2
25867.27;14;246;0
25869.72;24;479;1
25871.49;29;370;3
25871.53;28;332;2
25877.36;14;246;0
25879.76;24;479;1
25881.57;29;370;3
25881.78;28;332;2
25887.4;14;246;0
25889.81;24;479;1
25891.62;29;370;3
25891.83;30;33;2
25897.45;14;246;0
25899.87;24;479;1
25901.83;7;280;3
25902.25;30;33;2
25907.62;14;246;0
25910;24;479;1
25912.25;7;280;3
25912.34;30;33;2
25918.04;14;246;0
25920.42;24;479;1
25922.29;7;280;3
25922.76;30;33;2
25928.15;19;265;0
25930.88;0;497;1
25932.37;7;280;3
25932.88;30;33;2
25938.24;19;265;0
25941.02;0;497;1
25942.53;9;432;3
25942.92;30;33;2
25948.7;19;265;0
25951.24;0;497;1
25952.71;16;103;3
25953.1;10;325;2
25958.79;19;265;0
25961.38;0;497;1
25963.18;10;325;2
25968.83;27;177;0
25971.55;0;497;1
25971.7;5;256;3
25973.6;10;325;2
25978.88;27;177;0
25981.71;0;497;1
25981.76;5;256;3
25983.76;10;325;2
25989.29;27;177;0
25991.76;11;50;1
25991.92;5;256;3
25993.82;10;325;2
25999.36;25;174;0
26001.94;11;50;1
26001.98;5;256;3
26004.01;10;325;2
26009.41;25;174;0
26011.98;11;50;1
26012.03;5;256;3
26014.18;10;325;2
26019.83;25;174;0
26022.03;11;50;1
26022.07;5;256;3
26024.6;10;325;2
26029.91;1;478;0
26032.07;11;50;1
26032.12;5;256;3
26034.66;21;387;2
26040.17;1;478;0
26042.12;11;50;1
26042.16;29;485;3
26044.82;21;387;2
26050.45;1;478;0
26052.16;2;532;1
26052.44;29;485;3
26054.88;21;387;2
26060.69;1;478;0
26062.21;2;532;1
26062.88;29;485;3
26064.93;21;387;2
26070.75;1;478;0
26072.27;2;532;1
26072.93;29;485;3
26075.03;21;387;2
26080.85;4;194;0
26082.69;2;532;1
26083.33;9;176;3
26085.1;21;387;2
26090.89;4;194;0
26092.86;2;532;1
26093.5;9;176;3
26095.3;21;387;2
26101.09;14;537;0
26103.13;2;532;1
26103.65;9;176;3
26105.49;8;27;2
26111.23;14;537;0
26113.25;26;468;1
26113.85;9;176;3
26115.9;8;27;2
26122.29;19;438;0
26123.61;24;302;1
26123.89;7;90;3
26126.03;28;98;2
26132.65;19;438;0
26133.7;24;302;1
26133.94;7;90;3
26136.12;28;98;2
26143.07;19;438;0
26143.95;24;302;1
26144.3;7;90;3
26146.16;28;98;2
26153.12;19;438;0
26153.99;24;302;1
26154.35;7;90;3
26156.22;30;314;2
26163.17;27;395;0
26164.18;24;302;1
26164.39;7;90;3
26166.48;30;314;2
26173.4;27;395;0
26174.25;0;39;1
26174.44;7;90;3
26176.74;10;243;2
26183.53;27;395;0
26184.47;0;39;1
26184.51;7;90;3
26186.86;10;243;2
26193.61;27;395;0
26194.51;0;39;1
26194.56;7;90;3
26196.91;10;243;2
26203.69;27;395;0
26204.56;0;39;1
26204.6;7;90;3
26207.03;10;243;2
26213.74;25;434;0
26214.61;0;39;1
26214.65;7;90;3
26217.32;10;243;2
26223.78;25;434;0
26224.65;0;39;1
26224.93;7;90;3
26227.45;10;243;2
26233.83;25;434;0
26234.7;11;36;1
26235;7;90;3
26237.72;10;243;2
26243.87;25;434;0
26244.74;11;36;1
26245.42;16;225;3
26247.77;10;243;2
26253.92;1;115;0
26254.79;11;36;1
26257.81;8;197;2
26260.03;29;234;3
26263.96;1;115;0
26264.83;26;134;1
26267.86;8;197;2
26270.07;29;234;3
26274.01;1;115;0
26274.87;26;134;1
26279.29;21;25;2
26280.27;29;234;3
26284.05;1;115;0
26285;26;134;1
26289.36;21;25;2
26290.36;29;234;3
26294.09;4;1;0
26295.21;26;134;1
26299.77;21;25;2
26300.5;29;234;3
26304.14;4;1;0
26305.28;26;134;1
26309.81;21;25;2
26310.81;5;417;3
26314.18;14;310;0
26315.55;2;490;1
26319.9;21;25;2
26320.85;5;417;3
26324.27;14;310;0
26325.69;2;490;1
26329.96;21;25;2
26330.93;5;417;3
26334.39;14;310;0
26335.79;2;490;1
26340.05;21;25;2
26341.23;9;260;3
26344.79;14;310;0
26345.87;2;490;1
26350.09;21;25;2
26351.68;9;260;3
26355.08;27;50;0
26355.92;2;490;1
26360.27;21;25;2
26361.75;9;260;3
26365.12;27;50;0
26366.02;2;490;1
26370.41;30;532;2
26371.81;9;260;3
26375.54;19;473;0
26376.44;2;490;1
26380.53;28;174;2
26381.86;7;144;3
26385.76;19;473;0
26386.69;24;413;1
26390.58;10;195;2
26392.08;7;144;3
26395.84;19;473;0
26396.74;24;413;1
26400.73;10;195;2
26402.2;16;538;3
26406.26;19;473;0
26406.96;24;413;1
26411.15;10;195;2
26412.29;16;538;3
26416.61;19;473;0
26417;24;413;1
26421.21;10;195;2
26422.33;16;538;3
26426.79;25;178;0
26427.04;24;413;1
26431.62;8;475;2
26432.41;5;541;3
26436.87;25;178;0
26437.09;0;19;1
26441.73;8;475;2
26442.53;5;541;3
26446.92;25;178;0
26447.15;0;19;1
26451.85;8;475;2
26452.65;5;541;3
26457.38;11;304;1
26457.97;4;75;0
26462;8;475;2
26462.69;5;541;3
26467.42;11;304;1
26468.22;4;75;0
26472.05;8;475;2
26472.76;29;481;3
26477.47;11;304;1
26478.63;4;75;0
26482.21;21;12;2
26483.01;29;481;3
26487.54;11;304;1
26488.67;27;549;0
26492.35;21;12;2
26493.37;29;481;3
26497.64;11;304;1
26498.72;27;549;0
26502.43;21;12;2
26503.44;29;481;3
26507.78;26;442;1
26509.01;27;549;0
26512.5;21;12;2
26513.77;29;481;3
26517.83;26;442;1
26519.19;1;410;0
26522.54;30;175;2
26529.41;1;410;0
26530.28;2;256;1
26532.59;30;175;2
26533.65;7;301;3
26539.45;1;410;0
26540.5;2;256;1
26542.68;30;175;2
26543.72;9;72;3
26549.59;14;424;0
26550.69;2;256;1
26552.8;28;76;2
26554.01;9;72;3
26559.7;14;424;0
26560.74;2;256;1
26562.84;28;76;2
26568.01;16;40;3
26569.85;14;424;0
26570.78;2;256;1
26572.89;28;76;2
26578.06;16;40;3
26580.21;19;440;0
26580.83;2;256;1
26583.26;28;76;2
26588.1;16;40;3
26590.26;19;440;0
26590.87;2;256;1
26593.3;28;76;2
26598.22;16;40;3
26600.38;19;440;0
26600.96;24;387;1
26603.4;28;76;2
26608.27;5;527;3
26610.64;19;440;0
26611;24;387;1
26613.5;10;148;2
26618.5;5;527;3
26620.96;19;440;0
26621.09;24;387;1
26623.64;10;148;2
26628.85;5;527;3
26631;19;440;0
26631.14;0;94;1
26633.68;10;148;2
26638.99;5;527;3
26641.05;19;440;0
26641.57;0;94;1
26643.75;10;148;2
26649.07;5;527;3
26651.09;19;440;0
26651.9;11;507;1
26653.79;8;363;2
26659.13;29;164;3
26661.17;4;427;0
26662.13;11;507;1
26663.84;8;363;2
26669.17;29;164;3
26671.22;4;427;0
26672.17;11;507;1
26673.88;8;363;2
26679.39;29;164;3
26681.26;4;427;0
26682.4;26;409;1
26683.93;21;451;2
26689.6;29;164;3
26691.31;25;337;0
26692.47;26;409;1
26693.98;21;451;2
26699.8;29;164;3
26701.35;25;337;0
26702.8;26;409;1
26704.06;21;451;2
26709.86;7;107;3
26711.4;25;337;0
26712.85;26;409;1
26714.31;21;451;2
26719.91;7;107;3
26721.44;25;337;0
26722.93;26;409;1
26724.44;21;451;2
26730;9;508;3
26731.48;25;337;0
26734.48;21;451;2
26735.34;2;458;1
26740.23;9;508;3
26741.53;25;337;0
26744.53;28;477;2
26745.53;2;458;1
26750.49;9;508;3
26751.58;25;337;0
26754.58;28;477;2
26755.95;2;458;1
26760.56;9;508;3
26761.76;1;275;0
26764.63;28;477;2
26766.2;2;458;1
26770.79;9;508;3
26771.87;1;275;0
26774.82;30;36;2
26776.55;2;458;1
26780.84;9;508;3
26782.08;1;275;0
26784.93;30;36;2
26786.67;24;80;1
26791.07;16;514;3
26792.18;1;275;0
26797.06;24;80;1
26799.82;10;94;2
26801.32;16;514;3
26802.34;1;275;0
26807.11;24;80;1
26809.98;8;57;2
26811.42;16;514;3
26812.79;1;275;0
26817.22;24;80;1
26820.14;8;57;2
26821.84;16;514;3
26822.94;1;275;0
26827.27;0;43;1
26831.99;5;401;3
26832.98;1;275;0
26837.31;0;43;1
26842.17;5;401;3
26843.14;1;275;0
26843.85;21;213;2
26847.56;0;43;1
26852.27;5;401;3
26853.21;1;275;0
26853.89;21;213;2
26857.76;11;253;1
26862.34;29;137;3
26863.47;1;275;0
26864.1;21;213;2
26868.18;11;253;1
26872.76;29;137;3
26873.93;27;49;0
26878.22;11;253;1
26882.85;7;115;3
26884.05;27;49;0
26888.39;11;253;1
26893.08;28;415;2
26894.1;27;49;0
26898.52;11;253;1
26903.29;28;415;2
26904.17;14;198;0
26905.93;9;286;3
26908.59;11;253;1
26913.33;28;415;2
26914.39;14;198;0
26916.08;9;286;3
26918.66;11;253;1
26923.79;28;415;2
26924.46;14;198;0
26926.12;9;286;3
26928.71;11;253;1
26933.84;28;415;2
26934.56;19;448;0
26936.17;16;546;3
26939.13;11;253;1
26944.11;28;415;2
26944.87;19;448;0
26946.21;16;546;3
26949.25;11;253;1
26954.16;28;415;2
26955.08;19;448;0
26956.28;16;546;3
26959.3;26;424;1
26964.2;28;415;2
26965.51;19;448;0
26966.67;16;546;3
26969.67;26;424;1
26974.25;28;415;2
26975.78;19;448;0
26978.69;5;474;3
26979.78;26;424;1
26984.29;28;415;2
26985.83;19;448;0
26988.73;5;474;3
26989.87;2;504;1
26994.33;10;242;2
26995.92;19;448;0
26998.87;5;474;3
27000.3;24;265;1
27004.41;10;242;2
27006.34;19;448;0
27008.96;5;474;3
27010.71;24;265;1
27014.45;10;242;2
27016.38;19;448;0
27019;5;474;3
27021.08;24;265;1
27024.5;10;242;2
27026.43;4;310;0
27029.05;7;16;3
27031.5;24;265;1
27034.58;10;242;2
27036.47;4;310;0
27039.09;7;16;3
27041.65;24;265;1
27044.67;30;185;2
27046.52;4;310;0
27049.14;7;16;3
27051.92;0;78;1
27054.92;30;185;2
27056.57;25;240;0
27059.18;7;16;3
27062;0;78;1
27064.97;30;185;2
27066.61;25;240;0
27069.23;7;16;3
27072.04;0;78;1
27075.04;30;185;2
27076.65;25;240;0
27079.27;7;16;3
27082.08;0;78;1
27085.08;8;150;2
27086.7;25;240;0
27089.33;29;505;3
27092.13;0;78;1
27095.13;8;150;2
27096.74;25;240;0
27099.37;29;505;3
27102.18;11;219;1
27105.21;8;150;2
27106.79;25;240;0
27109.42;29;505;3
27112.26;11;219;1
27115.26;8;150;2
27116.86;25;240;0
27119.46;29;505;3
27122.36;2;53;1
27125.3;8;150;2
27126.94;27;344;0
27129.71;29;505;3
27132.54;2;53;1
27135.36;8;150;2
27137.07;27;344;0
27140.04;9;10;3
27142.87;2;53;1
27145.63;8;150;2
27147.49;27;344;0
27150.13;9;10;3
27153.09;2;53;1
27155.76;8;150;2
27157.91;27;344;0
27160.18;9;10;3
27163.18;2;53;1
27166.03;8;150;2
27168;27;344;0
27170.32;16;478;3
27173.32;2;53;1
27176.19;21;12;2
27178.42;27;344;0
27180.45;5;295;3
27183.45;2;53;1
27186.23;21;12;2
27188.53;27;344;0
27190.59;5;295;3
27193.59;2;53;1
27196.27;28;447;2
27198.62;27;344;0
27200.85;5;295;3
27203.63;2;53;1
27206.32;28;447;2
27208.76;27;344;0
27211.14;5;295;3
27213.71;26;191;1
27216.36;10;301;2
27218.82;14;400;0
27221.18;5;295;3
27223.89;26;191;1
27226.41;10;301;2
27229.24;14;400;0
27231.3;5;295;3
27233.94;24;144;1
27236.45;10;301;2
27239.29;14;400;0
27241.34;5;295;3
27244.18;24;144;1
27246.5;10;301;2
27249.33;14;400;0
27251.38;7;472;3
27254.22;24;144;1
27256.54;10;301;2
27259.54;14;400;0
27261.46;7;472;3
27264.44;24;144;1
27266.61;10;301;2
27269.59;14;400;0
27271.7;7;472;3
27274.53;24;144;1
27276.66;10;301;2
27279.66;19;82;0
27282.12;7;472;3
27284.59;24;144;1
27286.7;10;301;2
27289.7;19;82;0
27292.22;29;291;3
27294.92;24;144;1
27296.75;10;301;2
27299.75;19;82;0
27302.28;29;291;3
27305.28;0;149;1
27306.83;30;411;2
27309.83;1;50;0
27312.62;29;291;3
27315.53;0;149;1
27316.92;30;411;2
27319.87;1;50;0
27322.66;29;291;3
27325.66;0;149;1
27327.34;30;411;2
27330;1;50;0
27333;29;291;3
27335.83;11;284;1
27337.42;30;411;2
27340.07;25;194;0
27343.07;29;291;3
27346.07;11;284;1
27347.74;8;145;2
27350.38;25;194;0
27353.39;29;291;3
27356.21;11;284;1
27358.16;8;145;2
27360.82;25;194;0
27363.49;9;265;3
27366.46;11;284;1
27368.62;8;145;2
27371.24;4;324;0
27373.54;9;265;3
27376.56;26;54;1
27378.66;8;145;2
27381.28;4;324;0
27383.9;5;80;3
27386.61;26;54;1
27388.79;21;326;2
27391.75;4;324;0
27393.95;5;80;3
27396.66;26;54;1
27398.97;21;326;2
27401.97;4;324;0
27404.14;5;80;3
27406.75;2;290;1
27409.09;28;159;2
27414.22;5;80;3
27417;2;290;1
27417.44;27;344;0
27424.26;16;451;3
27427.2;2;290;1
27427.56;27;344;0
27430.73;10;530;2
27434.68;16;451;3
27437.26;2;290;1
27437.68;14;339;0
27440.83;10;530;2
27444.73;16;451;3
27447.3;2;290;1
27447.77;14;339;0
27451.22;30;456;2
27454.9;16;451;3
27457.39;24;473;1
27457.82;14;339;0
27461.44;30;456;2
27465.06;7;170;3
27467.44;24;473;1
27467.92;19;439;0
27471.57;30;456;2
27475.19;7;170;3
27477.48;24;473;1
27478.02;19;439;0
27481.92;30;456;2
27485.46;7;170;3
27487.74;24;473;1
27489.53;1;403;0
27491.99;30;456;2
27495.64;7;170;3
27498.28;0;309;1
27499.59;1;403;0
27502.41;30;456;2
27506.04;7;170;3
27508.32;0;309;1
27509.69;1;403;0
27512.5;8;494;2
27516.08;7;170;3
27518.46;0;309;1
27519.92;1;403;0
27522.58;8;494;2
27526.13;9;275;3
27528.69;0;309;1
27529.97;1;403;0
27532.63;8;494;2
27536.33;9;275;3
27538.78;0;309;1
27540.04;1;403;0
27542.71;8;494;2
27546.75;9;275;3
27549.01;11;438;1
27550.45;1;403;0
27552.94;8;494;2
27557.16;9;275;3
27559.09;11;438;1
27560.54;25;99;0
27562.99;8;494;2
27567.21;9;275;3
27569.25;11;438;1
27570.58;4;296;0
27573.05;8;494;2
27577.28;9;275;3
27579.29;11;438;1
27580.89;4;296;0
27583.09;8;494;2
27587.7;9;275;3
27589.35;11;438;1
27590.94;4;296;0
27593.32;8;494;2
27597.85;29;13;3
27599.68;2;475;1
27601.28;4;296;0
27603.75;8;494;2
27608.1;29;13;3
27609.77;2;475;1
27611.7;27;540;0
27613.95;8;494;2
27618.3;29;13;3
27619.99;2;475;1
27621.83;27;540;0
27624;21;167;2
27628.39;29;13;3
27630.03;2;475;1
27632.25;14;433;0
27634.21;21;167;2
27638.59;29;13;3
27640.07;2;475;1
27642.34;14;433;0
27644.33;21;167;2
27648.74;29;13;3
27650.19;2;475;1
27652.38;19;80;0
27654.4;28;261;2
27659;29;13;3
27660.27;2;475;1
27662.46;19;80;0
27664.52;28;261;2
27669.42;29;13;3
27670.31;2;475;1
27672.55;19;80;0
27674.65;28;261;2
27679.54;29;13;3
27680.42;2;475;1
27682.96;1;1;0
27684.84;28;261;2
27689.96;29;13;3
27690.66;2;475;1
27693.01;1;1;0
27694.88;28;261;2
27700.38;16;530;3
27700.71;2;475;1
27703.05;1;1;0
27704.93;28;261;2
27710.59;16;530;3
27710.75;26;488;1
27713.28;25;229;0
27715.1;30;92;2
27720.76;16;530;3
27720.8;24;458;1
27725.38;30;92;2
27728.68;4;257;0
27730.8;16;530;3
27730.85;24;458;1
27735.8;30;92;2
27738.76;4;257;0
27740.89;24;458;1
27743.98;5;70;3
27746.04;30;92;2
27748.95;4;257;0
27750.94;11;536;1
27754.04;5;70;3
27756.08;10;112;2
27759.09;4;257;0
27760.98;11;536;1
27764.43;5;70;3
27766.13;10;112;2
27769.16;4;257;0
27771.03;11;536;1
27774.61;5;70;3
27776.2;10;112;2
27779.21;4;257;0
27781.09;11;536;1
27784.88;7;355;3
27786.25;10;112;2
27789.25;27;25;0
27791.17;11;536;1
27795.3;7;355;3
27796.29;10;112;2
27799.3;27;25;0
27801.41;11;536;1
27805.54;7;355;3
27806.34;10;112;2
27809.38;27;25;0
27811.48;11;536;1
27815.62;7;355;3
27816.38;10;112;2
27819.43;27;25;0
27821.53;0;364;1
27825.7;7;355;3
27826.45;10;112;2
27829.47;27;25;0
27831.57;0;364;1
27835.94;7;355;3
27836.84;10;112;2
27839.78;27;25;0
27841.78;0;364;1
27846.36;7;355;3
27847.26;10;112;2
27849.94;14;362;0
27851.86;0;364;1
27856.51;7;355;3
27857.31;21;144;2
27860.14;14;362;0
27861.97;0;364;1
27866.58;7;355;3
27868.97;8;490;2
27870.56;19;434;0
27872.24;2;184;1
27877.03;7;355;3
27879.06;8;490;2
27880.63;19;434;0
27882.5;2;184;1
27887.17;7;355;3
27889.32;8;490;2
27891;1;53;0
27892.83;2;184;1
27897.62;29;167;3
27899.74;8;490;2
27901.13;1;53;0
27902.88;26;448;1
27907.8;29;167;3
27910;8;490;2
27911.24;1;53;0
27912.92;26;448;1
27917.95;9;346;3
27920.12;8;490;2
27921.55;1;53;0
27922.97;26;448;1
27927.99;9;346;3
27930.46;8;490;2
27931.6;1;53;0
27933.06;26;448;1
27938.04;9;346;3
27940.88;8;490;2
27941.64;25;400;0
27943.48;11;265;1
27948.08;9;346;3
27951.11;30;107;2
27951.7;25;400;0
27953.57;11;265;1
27958.12;16;360;3
27961.16;30;107;2
27963.99;11;265;1
27968.17;16;360;3
27970.36;4;309;0
27971.2;30;107;2
27974.03;11;265;1
27978.23;16;360;3
27980.46;4;309;0
27981.24;30;107;2
27984.09;11;265;1
27988.41;16;360;3
27990.55;27;505;0
27991.41;30;107;2
27994.26;11;265;1
27998.5;16;360;3
28000.92;27;505;0
28001.47;28;7;2
28004.34;24;183;1
28008.91;16;360;3
28010.98;27;505;0
28011.52;28;7;2
28014.52;24;183;1
28018.97;16;360;3
28021.15;27;505;0
28021.89;28;7;2
28024.77;0;494;1
28029.08;16;360;3
28031.37;27;505;0
28032.02;28;7;2
28034.88;0;494;1
28039.5;5;79;3
28041.66;27;505;0
28042.07;28;7;2
28044.94;2;344;1
28049.95;5;79;3
28051.98;14;22;0
28052.24;28;7;2
28054.99;2;344;1
28060.13;5;79;3
28062.07;14;22;0
28062.37;28;7;2
28065.06;2;344;1
28070.43;5;79;3
28072.14;19;323;0
28072.51;28;7;2
28075.13;2;344;1
28080.54;7;124;3
28082.37;19;323;0
28082.58;28;7;2
28085.42;2;344;1
28090.87;7;124;3
28092.53;19;323;0
28092.67;10;39;2
28095.53;26;337;1
28101.06;7;124;3
28102.67;19;323;0
28102.9;10;39;2
28105.59;26;337;1
28111.39;29;45;3
28112.9;19;323;0
28113;10;39;2
28115.76;26;337;1
28121.56;29;45;3
28123;19;323;0
28123.42;10;39;2
28126;26;337;1
28131.62;29;45;3
28133.3;1;1;0
28133.65;10;39;2
28136.07;11;355;1
28141.66;29;45;3
28143.65;25;472;0
28143.7;10;39;2
28146.12;11;355;1
28151.71;29;45;3
28153.7;4;503;0
28153.99;10;39;2
28156.24;11;355;1
28162.03;29;45;3
28163.78;4;503;0
28164.03;10;39;2
28166.35;11;355;1
28172.19;29;45;3
28174.03;4;503;0
28174.08;10;39;2
28176.61;24;116;1
28182.27;29;45;3
28184.08;4;503;0
28184.5;10;39;2
28186.74;24;116;1
28192.44;29;45;3
28194.38;4;503;0
28194.59;10;39;2
28196.79;24;116;1
28202.58;29;45;3
28204.45;4;503;0
28204.64;30;375;2
28207.21;24;116;1
28212.83;29;45;3
28214.52;4;503;0
28217.25;24;116;1
28217.59;21;527;2
28222.87;29;45;3
28224.79;4;503;0
28227.54;24;116;1
28227.66;8;432;2
28233.29;16;465;3
28234.88;14;546;0
28237.66;24;116;1
28237.71;8;432;2
28243.34;16;465;3
28244.93;14;546;0
28247.71;0;336;1
28247.75;28;391;2
28253.41;16;465;3
28254.99;14;546;0
28257.75;2;328;1
28257.99;28;391;2
28263.73;9;541;3
28265.07;14;546;0
28267.95;2;328;1
28268.04;28;391;2
28275.49;14;546;0
28278;26;479;1
28278.23;28;391;2
28278.95;5;272;3
28285.7;14;546;0
28288.22;26;479;1
28288.66;28;391;2
28289.2;5;272;3
28295.75;27;364;0
28298.27;26;479;1
28298.75;10;424;2
28299.25;7;227;3
28306.05;19;43;0
28308.38;26;479;1
28308.79;10;424;2
28309.29;7;227;3
28317.83;1;222;0
28318.57;26;479;1
28318.87;10;424;2
28319.6;29;538;3
28328.17;1;222;0
28328.87;26;479;1
28329.12;10;424;2
28329.64;29;538;3
28338.28;25;525;0
28339.12;26;479;1
28339.36;10;424;2
28339.69;29;538;3
28348.32;25;525;0
28349.36;26;479;1
28349.69;30;536;2
28349.73;29;538;3
28358.53;25;525;0
28359.53;26;479;1
28359.73;30;536;2
28359.77;16;228;3
28368.6;25;525;0
28369.73;11;116;1
28369.77;30;536;2
28378.91;25;525;0
28379.79;11;116;1
28379.83;21;440;2
28383.45;9;176;3
28389.1;4;23;0
28389.84;11;116;1
28389.88;21;440;2
28393.51;9;176;3
28399.14;4;23;0
28399.88;0;134;1
28400.09;21;440;2
28403.76;9;176;3
28409.23;4;23;0
28410;0;134;1
28410.23;21;440;2
28413.83;9;176;3
28419.51;4;23;0
28420.14;0;134;1
28420.49;8;447;2
28424.06;9;176;3
28429.88;4;23;0
28430.49;0;134;1
28430.53;8;447;2
28434.43;9;176;3
28440.26;14;37;0
28440.53;0;134;1
28440.58;8;447;2
28444.51;5;182;3
28450.55;14;37;0
28450.59;0;134;1
28450.64;8;447;2
28454.63;5;182;3
28460.63;14;37;0
28460.67;0;134;1
28460.92;8;447;2
28465.05;5;182;3
28470.68;14;37;0
28470.88;24;406;1
28470.97;28;92;2
28475.09;5;182;3
28480.73;27;19;0
28480.92;24;406;1
28481.14;28;92;2
28485.36;7;239;3
28490.94;27;19;0
28491.1;24;406;1
28491.43;28;92;2
28495.4;7;239;3
28501.14;19;499;0
28501.18;2;372;1
28501.52;28;92;2
28505.62;7;239;3
28511.24;2;372;1
28511.94;28;92;2
28515.69;7;239;3
28516.32;1;295;0
28521.48;2;372;1
28522.25;28;92;2
28525.77;7;239;3
28526.64;1;295;0
28531.53;2;372;1
28532.47;28;92;2
28535.88;7;239;3
28536.69;1;295;0
28541.57;2;372;1
28542.53;28;92;2
28545.97;7;239;3
28546.75;1;295;0
28551.61;2;372;1
28552.59;28;92;2
28556.02;29;133;3
28556.81;1;295;0
28561.66;2;372;1
28562.63;28;92;2
28566.17;29;133;3
28566.9;25;426;0
28571.7;2;372;1
28572.86;10;291;2
28576.23;29;133;3
28576.99;25;426;0
28581.75;11;222;1
28582.94;10;291;2
28586.41;29;133;3
28587.03;25;426;0
28591.79;26;27;1
28593.01;21;268;2
28596.49;29;133;3
28597.18;25;426;0
28601.85;26;27;1
28603.43;21;268;2
28606.79;29;133;3
28607.49;25;426;0
28611.94;26;27;1
28613.68;21;268;2
28616.99;29;133;3
28617.78;25;426;0
28622.11;0;57;1
28624.12;21;268;2
28627.03;29;133;3
28627.92;4;10;0
28632.53;0;57;1
28634.16;21;268;2
28637.09;29;133;3
28638.07;4;10;0
28642.61;24;71;1
28644.23;30;170;2
28647.16;29;133;3
28648.12;14;284;0
28652.75;24;71;1
28654.31;30;170;2
28657.2;29;133;3
28658.17;14;284;0
28662.82;24;71;1
28664.45;30;170;2
28667.68;16;385;3
28668.45;14;284;0
28674.49;30;170;2
28676.96;11;527;1
28677.86;16;385;3
28678.5;14;284;0
28684.68;30;170;2
28687.04;11;527;1
28687.9;16;385;3
28688.66;27;338;0
28694.72;8;455;2
28697.17;2;196;1
28697.96;16;385;3
28698.71;27;338;0
28704.96;8;455;2
28707.22;2;196;1
28708.02;16;385;3
28708.94;1;420;0
28715.15;8;455;2
28717.64;2;196;1
28718.07;16;385;3
28719.27;1;420;0
28725.32;28;478;2
28728.02;2;196;1
28728.34;5;474;3
28729.32;1;420;0
28735.49;28;478;2
28738.06;26;99;1
28738.38;5;474;3
28739.36;1;420;0
28745.64;28;478;2
28748.11;26;99;1
28748.43;9;109;3
28749.4;1;420;0
28756.02;28;478;2
28758.15;0;494;1
28758.64;9;109;3
28759.45;25;53;0
28766.06;28;478;2
28768.27;0;494;1
28768.69;9;109;3
28769.53;25;53;0
28776.16;28;478;2
28778.39;0;494;1
28778.75;9;109;3
28779.74;25;53;0
28786.55;10;490;2
28788.44;0;494;1
28788.83;9;109;3
28789.78;25;53;0
28796.59;10;490;2
28798.53;0;494;1
28798.95;7;12;3
28799.86;25;53;0
