<<< Welcome to the RAWSimO CLI >>>
The time is: 04/20/2026 02:26:48
Starting RAWSimO wrapper with the following arguments:
Instance: C:\Users\Aesop\Desktop\rawsim-o-rmfs-world-models\Material\Instances\CoreBenchmark\aesop.xlayo
Setting: C:\Users\Aesop\Desktop\rawsim-o-rmfs-world-models\Material\Instances\CoreBenchmark\aesop.xsett
ControlConfig: C:\Users\Aesop\Desktop\rawsim-o-rmfs-world-models\Material\Instances\CoreBenchmark\aesop-cbs.xconf
StatisticsDir: C:\Users\Aesop\Desktop\rawsim-o-rmfs-world-models\results\tiny-1bot-28800s-cbs-vs-ecbs-v2\sim_out/
Seed: 42
Additionally the following tag was passed: CBS-time-seed42
Adding handler for unhandled exceptions ...
Initializing ... 
LayoutConfiguration recognized!
Parsing setting config ...
Parsing control config ...
Parsing layout config ...
Generating instance...
Info about all directions within the generated instance:
# # # # # e p e p p p p p p p p p p p p p p p p p e p p p p p p p p p p p p p p p p p e p p p p p p p p p e s # # # # # 
# # # # # n q ^ + + + + + + + + v + + + + + + + + ^ + + + + + + + + v + + + + + + + + ^ + + + + + + + + q d q # # # # # 
# # # # # b p b + + + + + + + + v + + + + + + + + ^ + + + + + + + + v + + + + + + + + ^ + + + + + + + + v b s # # # # # 
s w w w w d q d < < < < < < < < q < < < < < < < < d < < < < < < < < q < < < < < < < < d < < < < < < < < q d q w w w w w 
p e e e s b p b + + + + + + + + v + + + + + + + + ^ + + + + + + + + v + + + + + + + + ^ + + + + + + + + v b p e e e e n 
s w w w w d q ^ + + + + + + + + v + + + + + + + + ^ + + + + + + + + v + + + + + + + + ^ + + + + + + + + q d q n w w w d 
e e e e e b p b > > > > > > > > p > > > > > > > > b > > > > > > > > p > > > > > > > > b > > > > > > > > p b p e e e e n 
# # # # # n q ^ + + + + + + + + v + + + + + + + + ^ + + + + + + + + v + + + + + + + + ^ + + + + + + + + q d q # # # # # 
# # # # # b p b + + + + + + + + v + + + + + + + + ^ + + + + + + + + v + + + + + + + + ^ + + + + + + + + v b s # # # # # 
s w w w w d q d < < < < < < < < q < < < < < < < < d < < < < < < < < q < < < < < < < < d < < < < < < < < q d q w w w w w 
p e e e s b p b + + + + + + + + v + + + + + + + + ^ + + + + + + + + v + + + + + + + + ^ + + + + + + + + v b p e e e e n 
s w w w w d q ^ + + + + + + + + v + + + + + + + + ^ + + + + + + + + v + + + + + + + + ^ + + + + + + + + q d q n w w w d 
e e e e e b p b > > > > > > > > p > > > > > > > > b > > > > > > > > p > > > > > > > > b > > > > > > > > p b p e e e e n 
# # # # # n q ^ + + + + + + + + v + + + + + + + + ^ + + + + + + + + v + + + + + + + + ^ + + + + + + + + q d q # # # # # 
# # # # # b p b + + + + + + + + v + + + + + + + + ^ + + + + + + + + v + + + + + + + + ^ + + + + + + + + v b s # # # # # 
s w w w w d q d < < < < < < < < q < < < < < < < < d < < < < < < < < q < < < < < < < < d < < < < < < < < q d q w w w w w 
p e e e s b p b + + + + + + + + v + + + + + + + + ^ + + + + + + + + v + + + + + + + + ^ + + + + + + + + v b p e e e e n 
s w w w w d q ^ + + + + + + + + v + + + + + + + + ^ + + + + + + + + v + + + + + + + + ^ + + + + + + + + q d q n w w w d 
e e e e e b p b > > > > > > > > p > > > > > > > > b > > > > > > > > p > > > > > > > > b > > > > > > > > p b p e e e e n 
# # # # # n q ^ + + + + + + + + v + + + + + + + + ^ + + + + + + + + v + + + + + + + + ^ + + + + + + + + q d q # # # # # 
# # # # # b p b + + + + + + + + v + + + + + + + + ^ + + + + + + + + v + + + + + + + + ^ + + + + + + + + v b s # # # # # 
s w w w w d q d < < < < < < < < q < < < < < < < < d < < < < < < < < q < < < < < < < < d < < < < < < < < q d q w w w w w 
p e e e s b p b + + + + + + + + v + + + + + + + + ^ + + + + + + + + v + + + + + + + + ^ + + + + + + + + v b p e e e e n 
s w w w w d q ^ + + + + + + + + v + + + + + + + + ^ + + + + + + + + v + + + + + + + + ^ + + + + + + + + q d q n w w w d 
e e e e e b p b > > > > > > > > p > > > > > > > > b > > > > > > > > p > > > > > > > > b > > > > > > > > p b p e e e e n 
# # # # # n q ^ + + + + + + + + v + + + + + + + + ^ + + + + + + + + v + + + + + + + + ^ + + + + + + + + q d q # # # # # 
# # # # # b p b + + + + + + + + v + + + + + + + + ^ + + + + + + + + v + + + + + + + + ^ + + + + + + + + v b s # # # # # 
# # # # # n q d < < < < < < < < q < < < < < < < < d < < < < < < < < q < < < < < < < < d < < < < < < < < q d q # # # # # 
# # # # # b p b + + + + + + + + v + + + + + + + + ^ + + + + + + + + v + + + + + + + + ^ + + + + + + + + v b s # # # # # 
# # # # # n q ^ + + + + + + + + v + + + + + + + + ^ + + + + + + + + v + + + + + + + + ^ + + + + + + + + q d q # # # # # 
# # # # # b p b > > > > > > > > p > > > > > > > > b > > > > > > > > p > > > > > > > > b > > > > > > > > p b s # # # # # 
# # # # # n q ^ + + + + + + + + v + + + + + + + + ^ + + + + + + + + v + + + + + + + + ^ + + + + + + + + q d q # # # # # 
# # # # # b p b + + + + + + + + v + + + + + + + + ^ + + + + + + + + v + + + + + + + + ^ + + + + + + + + v b s # # # # # 
# # # # # n w d d d d d d d d d w d d d d d d d d d d d d d d d d d w d d d d d d d d d d d d d d d d d w d w # # # # # 


Info about all types within the generated instance:
# # # # # r r r r r r r r r r r r r r r r r r r r r r r r r r r r r r r r r r r r r r r r r r r r r r r r r r # # # # # 
# # # # # r r r s s s s s s s s r s s s s s s s s r s s s s s s s s r s s s s s s s s r s s s s s s s s r r r # # # # # 
# # # # # r r r s s s s s s s s r s s s s s s s s r s s s s s s s s r s s s s s s s s r s s s s s s s s r r r # # # # # 
b b b b b r r r r r r r r r r r r r r r r r r r r r r r r r r r r r r r r r r r r r r r r r r r r r r r r r r b b b b o 
b b b b b r r r s s s s s s s s r s s s s s s s s r s s s s s s s s r s s s s s s s s r s s s s s s s s r r r b b b b b 
b b b b b r r r s s s s s s s s r s s s s s s s s r s s s s s s s s r s s s s s s s s r s s s s s s s s r r r b b b b b 
i b b b b r r r r r r r r r r r r r r r r r r r r r r r r r r r r r r r r r r r r r r r r r r r r r r r r r r b b b b b 
# # # # # r r r s s s s s s s s r s s s s s s s s r s s s s s s s s r s s s s s s s s r s s s s s s s s r r r # # # # # 
# # # # # r r r s s s s s s s s r s s s s s s s s r s s s s s s s s r s s s s s s s s r s s s s s s s s r r r # # # # # 
b b b b b r r r r r r r r r r r r r r r r r r r r r r r r r r r r r r r r r r r r r r r r r r r r r r r r r r b b b b o 
b b b b b r r r s s s s s s s s r s s s s s s s s r s s s s s s s s r s s s s s s s s r s s s s s s s s r r r b b b b b 
b b b b b r r r s s s s s s s s r s s s s s s s s r s s s s s s s s r s s s s s s s s r s s s s s s s s r r r b b b b b 
i b b b b r r r r r r r r r r r r r r r r r r r r r r r r r r r r r r r r r r r r r r r r r r r r r r r r r r b b b b b 
# # # # # r r r s s s s s s s s r s s s s s s s s r s s s s s s s s r s s s s s s s s r s s s s s s s s r r r # # # # # 
# # # # # r r r s s s s s s s s r s s s s s s s s r s s s s s s s s r s s s s s s s s r s s s s s s s s r r r # # # # # 
b b b b b r r r r r r r r r r r r r r r r r r r r r r r r r r r r r r r r r r r r r r r r r r r r r r r r r r b b b b o 
b b b b b r r r s s s s s s s s r s s s s s s s s r s s s s s s s s r s s s s s s s s r s s s s s s s s r r r b b b b b 
b b b b b r r r s s s s s s s s r s s s s s s s s r s s s s s s s s r s s s s s s s s r s s s s s s s s r r r b b b b b 
i b b b b r r r r r r r r r r r r r r r r r r r r r r r r r r r r r r r r r r r r r r r r r r r r r r r r r r b b b b b 
# # # # # r r r s s s s s s s s r s s s s s s s s r s s s s s s s s r s s s s s s s s r s s s s s s s s r r r # # # # # 
# # # # # r r r s s s s s s s s r s s s s s s s s r s s s s s s s s r s s s s s s s s r s s s s s s s s r r r # # # # # 
b b b b b r r r r r r r r r r r r r r r r r r r r r r r r r r r r r r r r r r r r r r r r r r r r r r r r r r b b b b o 
b b b b b r r r s s s s s s s s r s s s s s s s s r s s s s s s s s r s s s s s s s s r s s s s s s s s r r r b b b b b 
b b b b b r r r s s s s s s s s r s s s s s s s s r s s s s s s s s r s s s s s s s s r s s s s s s s s r r r b b b b b 
i b b b b r r r r r r r r r r r r r r r r r r r r r r r r r r r r r r r r r r r r r r r r r r r r r r r r r r b b b b b 
# # # # # r r r s s s s s s s s r s s s s s s s s r s s s s s s s s r s s s s s s s s r s s s s s s s s r r r # # # # # 
# # # # # r r r s s s s s s s s r s s s s s s s s r s s s s s s s s r s s s s s s s s r s s s s s s s s r r r # # # # # 
# # # # # r r r r r r r r r r r r r r r r r r r r r r r r r r r r r r r r r r r r r r r r r r r r r r r r r r # # # # # 
# # # # # r r r s s s s s s s s r s s s s s s s s r s s s s s s s s r s s s s s s s s r s s s s s s s s r r r # # # # # 
# # # # # r r r s s s s s s s s r s s s s s s s s r s s s s s s s s r s s s s s s s s r s s s s s s s s r r r # # # # # 
# # # # # r r r r r r r r r r r r r r r r r r r r r r r r r r r r r r r r r r r r r r r r r r r r r r r r r r # # # # # 
# # # # # r r r s s s s s s s s r s s s s s s s s r s s s s s s s s r s s s s s s s s r s s s s s s s s r r r # # # # # 
# # # # # r r r s s s s s s s s r s s s s s s s s r s s s s s s s s r s s s s s s s s r s s s s s s s s r r r # # # # # 
# # # # # r r r r r r r r r r r r r r r r r r r r r r r r r r r r r r r r r r r r r r r r r r r r r r r r r r # # # # # 


[EnergyConsumption] Configured from LayoutConfiguration: RobotMass=100 kg, PodFrameMass=50 kg
StatisticsFolder: aesop-aesop-aesop-cbs-42
Done!
Executing ... 
 02:26:49 | >>> Warming up ...
 Realtime |   ETA    |  Sim.Time  | Progress | #Orders | #Bundles | Inv. | Distance | #Coll. |   Memory    
 00:00:00 | >>> Warmup finished - starting simulation ...
 00:00:00 |   n/a    | 0.00:00:00 |  0.00%   |    0    |    0     | 70%  |    0     |   0    | 218.42MB  
 00:00:05 | 00:54:10 | 0.00:00:44 |  0.15%   |    0    |    0     | 70%  |   595    |   0    | 263.97MB  
 00:00:10 | 01:22:25 | 0.00:00:58 |  0.20%   |    0    |    0     | 70%  |   785    |   0    | 214.20MB  
 00:00:12 | WARNING! Aborting CBS - could not obtain an initial solution for the following agents: Agent6(74->73)
 00:00:12 | WARNING! Aborting CBS - could not obtain an initial solution for the following agents: Agent6(74->73)
 00:00:12 | WARNING! Aborting CBS - could not obtain an initial solution for the following agents: Agent6(74->73)
 00:00:12 | WARNING! Aborting CBS - could not obtain an initial solution for the following agents: Agent6(74->73)
 00:00:12 | WARNING! Aborting CBS - could not obtain an initial solution for the following agents: Agent6(74->73)
 00:00:12 | WARNING! Aborting CBS - could not obtain an initial solution for the following agents: Agent6(74->73)
 00:00:12 | WARNING! Aborting CBS - could not obtain an initial solution for the following agents: Agent3(34->33)
 00:00:12 | WARNING! Aborting CBS - could not obtain an initial solution for the following agents: Agent3(34->33)
 00:00:12 | WARNING! Aborting CBS - could not obtain an initial solution for the following agents: Agent3(34->33)
 00:00:12 | WARNING! Aborting CBS - could not obtain an initial solution for the following agents: Agent3(34->33)
 00:00:13 | WARNING! Aborting CBS - could not obtain an initial solution for the following agents: Agent18(32->31)
 00:00:13 | WARNING! Aborting CBS - could not obtain an initial solution for the following agents: Agent18(32->31)
 00:00:13 | WARNING! Aborting CBS - could not obtain an initial solution for the following agents: Agent18(32->31)
 00:00:14 | WARNING! Aborting CBS - could not obtain an initial solution for the following agents: Agent0(34->33)
 00:00:14 | WARNING! Aborting CBS - could not obtain an initial solution for the following agents: Agent0(34->33)
 00:00:14 | WARNING! Aborting CBS - could not obtain an initial solution for the following agents: Agent0(34->33)
 00:00:14 | WARNING! Aborting CBS - could not obtain an initial solution for the following agents: Agent0(34->33)
 00:00:14 | WARNING! Aborting CBS - could not obtain an initial solution for the following agents: Agent0(34->33)
 00:00:14 | WARNING! Aborting CBS - could not obtain an initial solution for the following agents: Agent0(34->33)
 00:00:14 | WARNING! Aborting CBS - could not obtain an initial solution for the following agents: Agent0(34->33)
 00:00:14 | WARNING! Aborting CBS - could not obtain an initial solution for the following agents: Agent0(34->33)
 00:00:15 | 00:19:05 | 0.00:06:12 |  1.29%   |   67    |   100    | 71%  |   3393   |   0    | 193.61MB  
 00:00:17 | WARNING! Aborting CBS - could not obtain an initial solution for the following agents: Agent19(33->32)
 00:00:17 | WARNING! Aborting CBS - could not obtain an initial solution for the following agents: Agent19(33->32)
 00:00:17 | WARNING! Aborting CBS - could not obtain an initial solution for the following agents: Agent19(33->32)
 00:00:17 | WARNING! Aborting CBS - could not obtain an initial solution for the following agents: Agent19(33->32)
 00:00:17 | WARNING! Aborting CBS - could not obtain an initial solution for the following agents: Agent19(33->32)
 00:00:17 | WARNING! Aborting CBS - could not obtain an initial solution for the following agents: Agent19(33->21)
 00:00:17 | WARNING! Aborting CBS - could not obtain an initial solution for the following agents: Agent19(33->21)
 00:00:17 | WARNING! Aborting CBS - could not obtain an initial solution for the following agents: Agent19(33->23)
 00:00:19 | WARNING! Aborting CBS - could not obtain an initial solution for the following agents: Agent16(12->11)
 00:00:19 | WARNING! Aborting CBS - could not obtain an initial solution for the following agents: Agent16(12->11)
 00:00:20 | 00:10:20 | 0.00:14:59 |  3.12%   |   185   |   269    | 72%  |   8509   |   0    | 179.39MB  
 00:00:21 | WARNING! Aborting CBS - could not obtain an initial solution for the following agents: Agent25(72->71)
 00:00:25 | 00:08:11 | 0.00:23:14 |  4.84%   |   287   |   421    | 74%  |  13361   |   0    | 172.02MB  
 00:00:26 | WARNING! Aborting CBS - could not obtain an initial solution for the following agents: Agent19(32->31)
 00:00:26 | WARNING! Aborting CBS - could not obtain an initial solution for the following agents: Agent19(32->31)
 00:00:26 | WARNING! Aborting CBS - could not obtain an initial solution for the following agents: Agent19(32->31)
 00:00:27 | WARNING! Aborting CBS - could not obtain an initial solution for the following agents: Agent4(74->73)
 00:00:27 | WARNING! Aborting CBS - could not obtain an initial solution for the following agents: Agent8(14->13)
 00:00:27 | WARNING! Aborting CBS - could not obtain an initial solution for the following agents: Agent8(14->13)
 00:00:27 | WARNING! Aborting CBS - could not obtain an initial solution for the following agents: Agent8(14->13)
 00:00:27 | WARNING! Aborting CBS - could not obtain an initial solution for the following agents: Agent8(14->13)
 00:00:27 | WARNING! Aborting CBS - could not obtain an initial solution for the following agents: Agent8(14->13)
 00:00:27 | WARNING! Aborting CBS - could not obtain an initial solution for the following agents: Agent8(14->13)
 00:00:27 | WARNING! Aborting CBS - could not obtain an initial solution for the following agents: Agent8(14->13)
 00:00:27 | WARNING! Aborting CBS - could not obtain an initial solution for the following agents: Agent8(14->13)
 00:00:27 | WARNING! Aborting CBS - could not obtain an initial solution for the following agents: Agent21(114->113)
 00:00:27 | WARNING! Aborting CBS - could not obtain an initial solution for the following agents: Agent21(114->113)
 00:00:27 | WARNING! Aborting CBS - could not obtain an initial solution for the following agents: Agent21(114->113)
 00:00:27 | WARNING! Aborting CBS - could not obtain an initial solution for the following agents: Agent21(114->113)
 00:00:27 | WARNING! Aborting CBS - could not obtain an initial solution for the following agents: Agent21(114->113)
 00:00:27 | WARNING! Aborting CBS - could not obtain an initial solution for the following agents: Agent21(114->113)
 00:00:27 | WARNING! Aborting CBS - could not obtain an initial solution for the following agents: Agent21(114->113)
 00:00:27 | WARNING! Aborting CBS - could not obtain an initial solution for the following agents: Agent21(114->113)
 00:00:30 | 00:07:27 | 0.00:30:09 |  6.28%   |   372   |   539    | 75%  |  17764   |   0    | 182.86MB  
 00:00:34 | WARNING! Aborting CBS - could not obtain an initial solution for the following agents: Agent18(32->31)
 00:00:34 | WARNING! Aborting CBS - could not obtain an initial solution for the following agents: Agent18(32->31)
 00:00:34 | WARNING! Aborting CBS - could not obtain an initial solution for the following agents: Agent18(32->31)
 00:00:34 | WARNING! Aborting CBS - could not obtain an initial solution for the following agents: Agent18(32->31)
 00:00:34 | WARNING! Aborting CBS - could not obtain an initial solution for the following agents: Agent17(64->63)
 00:00:34 | WARNING! Aborting CBS - could not obtain an initial solution for the following agents: Agent17(64->63)
 00:00:34 | WARNING! Aborting CBS - could not obtain an initial solution for the following agents: Agent17(64->63)
 00:00:35 | 00:07:06 | 0.00:36:26 |  7.59%   |   435   |   640    | 75%  |  22024   |   0    | 201.92MB  
 00:00:38 | WARNING! Aborting CBS - could not obtain an initial solution for the following agents: Agent6(74->73)
 00:00:38 | WARNING! Aborting CBS - could not obtain an initial solution for the following agents: Agent6(74->73)
 00:00:38 | WARNING! Aborting CBS - could not obtain an initial solution for the following agents: Agent6(74->73)
 00:00:38 | WARNING! Aborting CBS - could not obtain an initial solution for the following agents: Agent6(74->73)
 00:00:38 | WARNING! Aborting CBS - could not obtain an initial solution for the following agents: Agent6(74->73)
 00:00:38 | WARNING! Aborting CBS - could not obtain an initial solution for the following agents: Agent6(74->73)
 00:00:38 | WARNING! Aborting CBS - could not obtain an initial solution for the following agents: Agent6(74->73)
 00:00:38 | WARNING! Aborting CBS - could not obtain an initial solution for the following agents: Agent6(74->73)
 00:00:38 | WARNING! Aborting CBS - could not obtain an initial solution for the following agents: Agent6(74->73)
 00:00:38 | WARNING! Aborting CBS - could not obtain an initial solution for the following agents: Agent16(12->11)
 00:00:38 | WARNING! Aborting CBS - could not obtain an initial solution for the following agents: Agent16(12->11)
 00:00:38 | WARNING! Aborting CBS - could not obtain an initial solution for the following agents: Agent16(12->11)
 00:00:38 | WARNING! Aborting CBS - could not obtain an initial solution for the following agents: Agent16(12->11)
 00:00:40 | 00:06:46 | 0.00:43:02 |  8.97%   |   505   |   743    | 76%  |  26074   |   0    | 199.66MB  
 00:00:45 | 00:07:13 | 0.00:45:06 |  9.40%   |   529   |   769    | 77%  |  27539   |   0    | 212.78MB  
 00:00:45 | WARNING! Aborting CBS - could not obtain an initial solution for the following agents: Agent25(73->71)
 00:00:45 | WARNING! Aborting CBS - could not obtain an initial solution for the following agents: Agent25(73->71)
 00:00:46 | WARNING! Aborting CBS - could not obtain an initial solution for the following agents: Agent11(52->51)
 00:00:49 | WARNING! Aborting CBS - could not obtain an initial solution for the following agents: Agent6(74->73)
 00:00:49 | WARNING! Aborting CBS - could not obtain an initial solution for the following agents: Agent6(74->73)
 00:00:49 | WARNING! Aborting CBS - could not obtain an initial solution for the following agents: Agent6(74->73)
 00:00:50 | 00:06:59 | 0.00:51:07 |  10.65%  |   594   |   873    | 78%  |  31394   |   0    | 176.90MB  
 00:00:50 | WARNING! Aborting CBS - could not obtain an initial solution for the following agents: Agent8(13->12)
 00:00:50 | WARNING! Aborting CBS - could not obtain an initial solution for the following agents: Agent8(13->12)
 00:00:50 | WARNING! Aborting CBS - could not obtain an initial solution for the following agents: Agent8(13->12)
 00:00:55 | 00:06:40 | 0.00:57:55 |  12.07%  |   672   |   986    | 78%  |  35798   |   0    | 166.15MB  
 00:00:56 | WARNING! Aborting CBS - could not obtain an initial solution for the following agents: Agent23(14->13)
 00:01:00 | 00:06:03 | 0.01:07:58 |  14.16%  |   792   |   1135   | 80%  |  42393   |   0    | 172.55MB  
 00:01:00 | WARNING! Aborting CBS - could not obtain an initial solution for the following agents: Agent17(73->72)
 00:01:00 | WARNING! Aborting CBS - could not obtain an initial solution for the following agents: Agent17(73->72)
 00:01:00 | WARNING! Aborting CBS - could not obtain an initial solution for the following agents: Agent17(73->72)
 00:01:01 | WARNING! Aborting CBS - could not obtain an initial solution for the following agents: Agent6(72->71)
 00:01:02 | WARNING! Aborting CBS - could not obtain an initial solution for the following agents: Agent5(4->3)
 00:01:02 | WARNING! Aborting CBS - could not obtain an initial solution for the following agents: Agent5(4->3)
 00:01:02 | WARNING! Aborting CBS - could not obtain an initial solution for the following agents: Agent5(4->3)
 00:01:02 | WARNING! Aborting CBS - could not obtain an initial solution for the following agents: Agent5(4->3)
 00:01:02 | WARNING! Aborting CBS - could not obtain an initial solution for the following agents: Agent23(1->0)
 00:01:03 | WARNING! Aborting CBS - could not obtain an initial solution for the following agents: Agent3(33->23)
 00:01:03 | WARNING! Aborting CBS - could not obtain an initial solution for the following agents: Agent3(33->23)
 00:01:03 | WARNING! Aborting CBS - could not obtain an initial solution for the following agents: Agent3(33->23)
 00:01:04 | WARNING! Aborting CBS - could not obtain an initial solution for the following agents: Agent8(13->12)
 00:01:04 | WARNING! Aborting CBS - could not obtain an initial solution for the following agents: Agent8(13->12)
 00:01:05 | 00:05:46 | 0.01:15:45 |  15.78%  |   874   |   1253   | 81%  |  47665   |   0    | 176.14MB  
 00:01:05 | WARNING! Aborting CBS - could not obtain an initial solution for the following agents: Agent5(14->13)
 00:01:05 | WARNING! Aborting CBS - could not obtain an initial solution for the following agents: Agent5(14->13)
 00:01:05 | WARNING! Aborting CBS - could not obtain an initial solution for the following agents: Agent5(14->13)
 00:01:05 | WARNING! Aborting CBS - could not obtain an initial solution for the following agents: Agent5(14->13)
 00:01:05 | WARNING! Aborting CBS - could not obtain an initial solution for the following agents: Agent5(14->13)
 00:01:05 | WARNING! Aborting CBS - could not obtain an initial solution for the following agents: Agent5(14->13)
 00:01:05 | WARNING! Aborting CBS - could not obtain an initial solution for the following agents: Agent5(14->13)
 00:01:06 | WARNING! Aborting CBS - could not obtain an initial solution for the following agents: Agent11(52->51)
 00:01:06 | WARNING! Aborting CBS - could not obtain an initial solution for the following agents: Agent11(52->51)
 00:01:10 | 00:05:18 | 0.01:26:25 |  18.01%  |  1004   |   1394   | 82%  |  55134   |   0    | 182.84MB  
 00:01:10 | WARNING! Aborting CBS - could not obtain an initial solution for the following agents: Agent12(124->123)
 00:01:10 | WARNING! Aborting CBS - could not obtain an initial solution for the following agents: Agent12(124->123)
 00:01:10 | WARNING! Aborting CBS - could not obtain an initial solution for the following agents: Agent12(124->123)
 00:01:11 | WARNING! Aborting CBS - could not obtain an initial solution for the following agents: Agent25(72->71)
 00:01:12 | Pausing bundle generation due to inventory+reserved+backlog level (currently at: 0.8500894727103534)
 00:01:12 | WARNING! Aborting CBS - could not obtain an initial solution for the following agents: Agent25(72->71)
 00:01:13 | WARNING! Aborting CBS - could not obtain an initial solution for the following agents: Agent8(12->2)
 00:01:13 | WARNING! Aborting CBS - could not obtain an initial solution for the following agents: Agent8(12->2)
 00:01:13 | WARNING! Aborting CBS - could not obtain an initial solution for the following agents: Agent8(12->2)
 00:01:13 | WARNING! Aborting CBS - could not obtain an initial solution for the following agents: Agent8(12->2)
 00:01:13 | WARNING! Aborting CBS - could not obtain an initial solution for the following agents: Agent8(12->2)
 00:01:13 | WARNING! Aborting CBS - could not obtain an initial solution for the following agents: Agent8(12->3)
 00:01:13 | WARNING! Aborting CBS - could not obtain an initial solution for the following agents: Agent8(12->3)
 00:01:13 | WARNING! Aborting CBS - could not obtain an initial solution for the following agents: Agent8(12->4)
 00:01:14 | WARNING! Aborting CBS - could not obtain an initial solution for the following agents: Agent25(73->63)
 00:01:15 | 00:04:58 | 0.01:36:16 |  20.06%  |  1122   |   1531   | 83%  |  61594   |   0    | 192.04MB  
 00:01:17 | WARNING! Aborting CBS - could not obtain an initial solution for the following agents: Agent17(72->71)
 00:01:17 | WARNING! Aborting CBS - could not obtain an initial solution for the following agents: Agent8(11->10)
 00:01:20 | 00:04:47 | 0.01:44:24 |  21.75%  |  1212   |   1633   | 84%  |  67501   |   0    | 190.36MB  
 00:01:21 | WARNING! Aborting CBS - could not obtain an initial solution for the following agents: Agent8(12->11)
 00:01:21 | WARNING! Aborting CBS - could not obtain an initial solution for the following agents: Agent8(12->11)
 00:01:25 | 00:04:42 | 0.01:51:00 |  23.13%  |  1289   |   1697   | 84%  |  72106   |   0    | 231.55MB  
 00:01:25 | WARNING! Aborting CBS - could not obtain an initial solution for the following agents: Agent9(72->71)
 00:01:28 | WARNING! Aborting CBS - could not obtain an initial solution for the following agents: Agent13(52->51)
 00:01:29 | WARNING! Aborting CBS - could not obtain an initial solution for the following agents: Agent6(72->71)
 00:01:29 | WARNING! Aborting CBS - could not obtain an initial solution for the following agents: Agent6(72->71)
 00:01:30 | 00:04:35 | 0.01:58:12 |  24.63%  |  1374   |   1703   | 84%  |  76294   |   0    | 221.53MB  
 00:01:35 | 00:04:42 | 0.02:00:40 |  25.14%  |  1402   |   1703   | 84%  |  77900   |   0    | 212.14MB  
 00:01:36 | WARNING! Aborting CBS - could not obtain an initial solution for the following agents: Agent25(72->62)
 00:01:36 | WARNING! Aborting CBS - could not obtain an initial solution for the following agents: Agent25(72->62)
 00:01:36 | WARNING! Aborting CBS - could not obtain an initial solution for the following agents: Agent25(72->62)
 00:01:36 | WARNING! Aborting CBS - could not obtain an initial solution for the following agents: Agent25(72->62)
 00:01:36 | WARNING! Aborting CBS - could not obtain an initial solution for the following agents: Agent25(72->63)
 00:01:36 | WARNING! Aborting CBS - could not obtain an initial solution for the following agents: Agent25(72->63)
 00:01:36 | WARNING! Aborting CBS - could not obtain an initial solution for the following agents: Agent25(72->63)
 00:01:37 | WARNING! Aborting CBS - could not obtain an initial solution for the following agents: Agent24(32->31)
 00:01:37 | WARNING! Aborting CBS - could not obtain an initial solution for the following agents: Agent24(32->31)
 00:01:37 | WARNING! Aborting CBS - could not obtain an initial solution for the following agents: Agent24(32->31)
 00:01:37 | WARNING! Aborting CBS - could not obtain an initial solution for the following agents: Agent24(32->31)
 00:01:39 | WARNING! Aborting CBS - could not obtain an initial solution for the following agents: Agent14(52->42)
 00:01:39 | WARNING! Aborting CBS - could not obtain an initial solution for the following agents: Agent14(52->42)
 00:01:39 | WARNING! Aborting CBS - could not obtain an initial solution for the following agents: Agent14(52->42)
 00:01:39 | WARNING! Aborting CBS - could not obtain an initial solution for the following agents: Agent14(52->42)
 00:01:39 | WARNING! Aborting CBS - could not obtain an initial solution for the following agents: Agent14(52->43)
 00:01:39 | WARNING! Aborting CBS - could not obtain an initial solution for the following agents: Agent14(52->43)
 00:01:39 | WARNING! Aborting CBS - could not obtain an initial solution for the following agents: Agent14(52->44)
 00:01:40 | 00:04:44 | 0.02:04:56 |  26.03%  |  1449   |   1703   | 84%  |  80433   |   0    | 175.52MB  
 00:01:45 | 00:04:54 | 0.02:06:09 |  26.28%  |  1463   |   1703   | 84%  |  81286   |   0    | 194.65MB  
 00:01:48 | WARNING! Aborting CBS - could not obtain an initial solution for the following agents: Agent0(32->31)
 00:01:48 | WARNING! Aborting CBS - could not obtain an initial solution for the following agents: Agent0(32->31)
 00:01:49 | WARNING! Aborting CBS - could not obtain an initial solution for the following agents: Agent7(53->52)
 00:01:49 | WARNING! Aborting CBS - could not obtain an initial solution for the following agents: Agent7(53->52)
 00:01:49 | WARNING! Aborting CBS - could not obtain an initial solution for the following agents: Agent7(53->52)
 00:01:49 | WARNING! Aborting CBS - could not obtain an initial solution for the following agents: Agent19(32->31)
 00:01:49 | WARNING! Aborting CBS - could not obtain an initial solution for the following agents: Agent19(32->31)
 00:01:49 | WARNING! Aborting CBS - could not obtain an initial solution for the following agents: Agent19(32->31)
 00:01:50 | 00:04:56 | 0.02:09:57 |  27.07%  |  1508   |   1703   | 84%  |  83411   |   0    | 198.28MB  
 00:01:50 | WARNING! Aborting CBS - could not obtain an initial solution for the following agents: Agent11(51->50)
 00:01:50 | WARNING! Aborting CBS - could not obtain an initial solution for the following agents: Agent11(51->50)
 00:01:50 | WARNING! Aborting CBS - could not obtain an initial solution for the following agents: Agent11(51->50)
 00:01:52 | WARNING! Aborting CBS - could not obtain an initial solution for the following agents: Agent8(1->0)
 00:01:52 | WARNING! Aborting CBS - could not obtain an initial solution for the following agents: Agent8(1->0)
 00:01:52 | WARNING! Aborting CBS - could not obtain an initial solution for the following agents: Agent8(1->0)
 00:01:52 | WARNING! Aborting CBS - could not obtain an initial solution for the following agents: Agent8(1->0)
 00:01:54 | WARNING! Aborting CBS - could not obtain an initial solution for the following agents: Agent10(14->13)
 00:01:54 | WARNING! Aborting CBS - could not obtain an initial solution for the following agents: Agent10(14->13)
 00:01:54 | WARNING! Aborting CBS - could not obtain an initial solution for the following agents: Agent10(14->13)
 00:01:54 | WARNING! Aborting CBS - could not obtain an initial solution for the following agents: Agent10(14->13)
 00:01:54 | WARNING! Aborting CBS - could not obtain an initial solution for the following agents: Agent10(14->13)
 00:01:54 | WARNING! Aborting CBS - could not obtain an initial solution for the following agents: Agent17(72->71)
 00:01:55 | 00:04:43 | 0.02:18:21 |  28.83%  |  1606   |   1703   | 84%  |  88086   |   0    | 209.71MB  
 00:02:00 | 00:04:43 | 0.02:22:48 |  29.75%  |  1657   |   1703   | 84%  |  90463   |   0    | 212.21MB  
 00:02:05 | 00:04:54 | 0.02:23:09 |  29.82%  |  1661   |   1703   | 84%  |  90682   |   0    | 227.42MB  
 00:02:10 | 00:05:05 | 0.02:23:14 |  29.84%  |  1663   |   1703   | 84%  |  90742   |   0    | 237.57MB  
 00:02:15 | 00:05:16 | 0.02:23:27 |  29.89%  |  1665   |   1703   | 84%  |  90843   |   0    | 204.41MB  
 00:02:20 | 00:05:28 | 0.02:23:35 |  29.91%  |  1667   |   1703   | 84%  |  90911   |   0    | 185.29MB  
 00:02:20 | WARNING! Aborting CBS - could not obtain an initial solution for the following agents: Agent15(14->13)
 00:02:20 | WARNING! Aborting CBS - could not obtain an initial solution for the following agents: Agent15(14->13)
 00:02:20 | WARNING! Aborting CBS - could not obtain an initial solution for the following agents: Agent15(14->13)
 00:02:25 | 00:05:32 | 0.02:25:38 |  30.34%  |  1691   |   1703   | 84%  |  92180   |   0    | 246.90MB  
 00:02:29 | WARNING! Aborting CBS - could not obtain an initial solution for the following agents: Agent11(54->53)
 00:02:29 | WARNING! Aborting CBS - could not obtain an initial solution for the following agents: Agent11(54->53)
 00:02:29 | WARNING! Aborting CBS - could not obtain an initial solution for the following agents: Agent11(54->53)
 00:02:29 | WARNING! Aborting CBS - could not obtain an initial solution for the following agents: Agent11(54->53)
 00:02:29 | WARNING! Aborting CBS - could not obtain an initial solution for the following agents: Agent11(54->53)
 00:02:29 | WARNING! Aborting CBS - could not obtain an initial solution for the following agents: Agent11(54->53)
 00:02:29 | WARNING! Aborting CBS - could not obtain an initial solution for the following agents: Agent11(54->53),Agent16(14->13)
 00:02:29 | WARNING! Aborting CBS - could not obtain an initial solution for the following agents: Agent16(14->13)
 00:02:29 | WARNING! Aborting CBS - could not obtain an initial solution for the following agents: Agent16(14->13)
 00:02:29 | WARNING! Aborting CBS - could not obtain an initial solution for the following agents: Agent16(14->13)
 00:02:29 | WARNING! Aborting CBS - could not obtain an initial solution for the following agents: Agent16(14->13)
 00:02:29 | WARNING! Aborting CBS - could not obtain an initial solution for the following agents: Agent9(73->72)
 00:02:29 | WARNING! Aborting CBS - could not obtain an initial solution for the following agents: Agent9(73->72)
 00:02:29 | WARNING! Aborting CBS - could not obtain an initial solution for the following agents: Agent4(72->71)
 00:02:29 | WARNING! Aborting CBS - could not obtain an initial solution for the following agents: Agent4(72->71)
 00:02:30 | 00:05:36 | 0.02:27:52 |  30.81%  |  1715   |   1703   | 84%  |  93712   |   0    | 214.37MB  
 00:02:30 | WARNING! Aborting CBS - could not obtain an initial solution for the following agents: Agent22(14->13)
 00:02:30 | WARNING! Aborting CBS - could not obtain an initial solution for the following agents: Agent22(14->13)
 00:02:30 | WARNING! Aborting CBS - could not obtain an initial solution for the following agents: Agent22(14->13)
 00:02:30 | WARNING! Aborting CBS - could not obtain an initial solution for the following agents: Agent22(14->13)
 00:02:30 | WARNING! Aborting CBS - could not obtain an initial solution for the following agents: Agent22(14->13)
 00:02:30 | WARNING! Aborting CBS - could not obtain an initial solution for the following agents: Agent22(14->13)
 00:02:30 | WARNING! Aborting CBS - could not obtain an initial solution for the following agents: Agent22(14->13)
 00:02:30 | WARNING! Aborting CBS - could not obtain an initial solution for the following agents: Agent22(14->13)
 00:02:32 | WARNING! Aborting CBS - could not obtain an initial solution for the following agents: Agent14(53->43)
 00:02:32 | WARNING! Aborting CBS - could not obtain an initial solution for the following agents: Agent23(3->2)
 00:02:32 | WARNING! Aborting CBS - could not obtain an initial solution for the following agents: Agent10(2->1)
 00:02:35 | 00:05:32 | 0.02:32:44 |  31.82%  |  1773   |   1703   | 84%  |  96538   |   0    | 224.82MB  
 00:02:38 | WARNING! Aborting CBS - could not obtain an initial solution for the following agents: Agent20(44->43)
 00:02:38 | WARNING! Aborting CBS - could not obtain an initial solution for the following agents: Agent20(44->43)
 00:02:38 | WARNING! Aborting CBS - could not obtain an initial solution for the following agents: Agent20(44->43)
 00:02:38 | WARNING! Aborting CBS - could not obtain an initial solution for the following agents: Agent20(44->43)
 00:02:40 | 00:05:32 | 0.02:35:48 |  32.46%  |  1807   |   1703   | 83%  |  98201   |   0    | 171.09MB  
 00:02:40 | WARNING! Aborting CBS - could not obtain an initial solution for the following agents: Agent0(32->31)
 00:02:40 | WARNING! Aborting CBS - could not obtain an initial solution for the following agents: Agent21(54->53)
 00:02:40 | WARNING! Aborting CBS - could not obtain an initial solution for the following agents: Agent21(54->53)
 00:02:45 | 00:05:37 | 0.02:37:41 |  32.85%  |  1828   |   1703   | 83%  |  99377   |   0    | 202.12MB  
 00:02:50 | 00:05:46 | 0.02:38:03 |  32.93%  |  1830   |   1703   | 83%  |  99672   |   0    | 214.07MB  
 00:02:55 | 00:05:56 | 0.02:38:11 |  32.95%  |  1830   |   1703   | 83%  |  99746   |   0    | 231.31MB  
 00:03:00 | 00:06:05 | 0.02:38:24 |  33.00%  |  1830   |   1703   | 83%  |  99857   |   0    | 240.65MB  
 00:03:05 | 00:06:15 | 0.02:38:32 |  33.03%  |  1831   |   1703   | 83%  |  99919   |   0    | 179.09MB  
 00:03:08 | WARNING! Aborting CBS - could not obtain an initial solution for the following agents: Agent2(72->71),Agent6(71->70)
 00:03:08 | WARNING! Aborting CBS - could not obtain an initial solution for the following agents: Agent2(72->71),Agent6(71->70)
 00:03:08 | WARNING! Aborting CBS - could not obtain an initial solution for the following agents: Agent2(72->71),Agent6(71->70)
 00:03:10 | 00:06:24 | 0.02:38:42 |  33.06%  |  1832   |   1703   | 83%  |  99975   |   0    | 192.62MB  
 00:03:11 | WARNING! Aborting CBS - could not obtain an initial solution for the following agents: Agent8(12->11)
 00:03:11 | WARNING! Aborting CBS - could not obtain an initial solution for the following agents: Agent18(34->33)
 00:03:11 | WARNING! Aborting CBS - could not obtain an initial solution for the following agents: Agent18(34->32)
 00:03:11 | WARNING! Aborting CBS - could not obtain an initial solution for the following agents: Agent18(34->32)
 00:03:11 | WARNING! Aborting CBS - could not obtain an initial solution for the following agents: Agent18(34->33)
 00:03:11 | WARNING! Aborting CBS - could not obtain an initial solution for the following agents: Agent18(34->33)
 00:03:11 | WARNING! Aborting CBS - could not obtain an initial solution for the following agents: Agent18(34->33)
 00:03:11 | WARNING! Aborting CBS - could not obtain an initial solution for the following agents: Agent18(34->33)
 00:03:15 | 00:06:29 | 0.02:40:12 |  33.38%  |  1854   |   1703   | 83%  |  100930  |   0    | 210.15MB  
 00:03:20 | 00:06:38 | 0.02:40:18 |  33.40%  |  1855   |   1703   | 83%  |  100988  |   0    | 223.57MB  
 00:03:25 | 00:06:48 | 0.02:40:25 |  33.42%  |  1856   |   1703   | 83%  |  101071  |   0    | 239.40MB  
 00:03:30 | 00:06:56 | 0.02:40:49 |  33.51%  |  1858   |   1703   | 83%  |  101409  |   0    | 196.51MB  
 00:03:35 | 00:07:06 | 0.02:40:56 |  33.53%  |  1858   |   1703   | 83%  |  101472  |   0    | 183.61MB  
 00:03:40 | 00:07:15 | 0.02:41:01 |  33.55%  |  1858   |   1703   | 83%  |  101525  |   0    | 204.30MB  
 00:03:43 | WARNING! Aborting CBS - could not obtain an initial solution for the following agents: Agent2(73->72)
 00:03:43 | WARNING! Aborting CBS - could not obtain an initial solution for the following agents: Agent2(73->72)
 00:03:43 | WARNING! Aborting CBS - could not obtain an initial solution for the following agents: Agent6(72->71)
 00:03:43 | WARNING! Aborting CBS - could not obtain an initial solution for the following agents: Agent6(72->71)
 00:03:43 | WARNING! Aborting CBS - could not obtain an initial solution for the following agents: Agent6(72->71)
 00:03:45 | 00:07:13 | 0.02:44:01 |  34.17%  |  1888   |   1703   | 83%  |  103237  |   0    | 200.40MB  
 00:03:46 | WARNING! Aborting CBS - could not obtain an initial solution for the following agents: Agent16(14->3)
 00:03:46 | WARNING! Aborting CBS - could not obtain an initial solution for the following agents: Agent16(14->3)
 00:03:46 | WARNING! Aborting CBS - could not obtain an initial solution for the following agents: Agent16(14->3)
 00:03:50 | 00:07:04 | 0.02:48:34 |  35.12%  |  1943   |   1703   | 83%  |  105912  |   0    | 218.54MB  
 00:03:55 | 00:07:13 | 0.02:48:39 |  35.14%  |  1943   |   1703   | 83%  |  105960  |   0    | 224.29MB  
 00:04:00 | 00:07:22 | 0.02:48:44 |  35.15%  |  1944   |   1703   | 83%  |  106024  |   0    | 193.86MB  
 00:04:01 | WARNING! Aborting CBS - could not obtain an initial solution for the following agents: Agent16(14->13)
 00:04:01 | WARNING! Aborting CBS - could not obtain an initial solution for the following agents: Agent16(14->13)
 00:04:01 | WARNING! Aborting CBS - could not obtain an initial solution for the following agents: Agent16(14->13)
 00:04:01 | WARNING! Aborting CBS - could not obtain an initial solution for the following agents: Agent16(14->13)
 00:04:01 | WARNING! Aborting CBS - could not obtain an initial solution for the following agents: Agent16(14->13)
 00:04:01 | WARNING! Aborting CBS - could not obtain an initial solution for the following agents: Agent16(14->13)
 00:04:01 | WARNING! Aborting CBS - could not obtain an initial solution for the following agents: Agent16(14->13)
 00:04:01 | WARNING! Aborting CBS - could not obtain an initial solution for the following agents: Agent16(14->13)
 00:04:05 | 00:07:30 | 0.02:49:00 |  35.21%  |  1945   |   1703   | 83%  |  106233  |   0    | 193.43MB  
 00:04:07 | WARNING! Aborting CBS - could not obtain an initial solution for the following agents: Agent4(72->71)
 00:04:07 | WARNING! Aborting CBS - could not obtain an initial solution for the following agents: Agent4(72->71)
 00:04:07 | WARNING! Aborting CBS - could not obtain an initial solution for the following agents: Agent4(72->71)
 00:04:07 | WARNING! Aborting CBS - could not obtain an initial solution for the following agents: Agent17(71->70)
 00:04:07 | WARNING! Aborting CBS - could not obtain an initial solution for the following agents: Agent17(71->70)
 00:04:07 | WARNING! Aborting CBS - could not obtain an initial solution for the following agents: Agent17(71->70)
 00:04:08 | WARNING! Aborting CBS - could not obtain an initial solution for the following agents: Agent24(34->33)
 00:04:08 | WARNING! Aborting CBS - could not obtain an initial solution for the following agents: Agent24(34->33)
 00:04:08 | WARNING! Aborting CBS - could not obtain an initial solution for the following agents: Agent24(34->33)
 00:04:08 | WARNING! Aborting CBS - could not obtain an initial solution for the following agents: Agent24(34->33)
 00:04:08 | WARNING! Aborting CBS - could not obtain an initial solution for the following agents: Agent1(32->31)
 00:04:08 | WARNING! Aborting CBS - could not obtain an initial solution for the following agents: Agent1(32->31)
 00:04:08 | WARNING! Aborting CBS - could not obtain an initial solution for the following agents: Agent1(32->31)
 00:04:08 | WARNING! Aborting CBS - could not obtain an initial solution for the following agents: Agent18(32->31)
 00:04:10 | 00:07:19 | 0.02:54:02 |  36.26%  |  2010   |   1703   | 83%  |  109132  |   0    | 204.20MB  
 00:04:10 | WARNING! Aborting CBS - could not obtain an initial solution for the following agents: Agent7(52->51)
 00:04:10 | WARNING! Aborting CBS - could not obtain an initial solution for the following agents: Agent7(52->51)
 00:04:10 | WARNING! Aborting CBS - could not obtain an initial solution for the following agents: Agent6(72->71)
 00:04:13 | WARNING! Aborting CBS - could not obtain an initial solution for the following agents: Agent5(14->13)
 00:04:13 | WARNING! Aborting CBS - could not obtain an initial solution for the following agents: Agent5(14->13)
 00:04:13 | WARNING! Aborting CBS - could not obtain an initial solution for the following agents: Agent5(14->13)
 00:04:14 | WARNING! Aborting CBS - could not obtain an initial solution for the following agents: Agent23(13->12)
 00:04:14 | WARNING! Aborting CBS - could not obtain an initial solution for the following agents: Agent23(13->12)
 00:04:15 | 00:07:02 | 0.03:00:36 |  37.63%  |  2091   |   1703   | 83%  |  113091  |   0    | 217.73MB  
 00:04:15 | WARNING! Aborting CBS - could not obtain an initial solution for the following agents: Agent23(13->2)
 00:04:15 | WARNING! Aborting CBS - could not obtain an initial solution for the following agents: Agent23(13->2)
 00:04:15 | WARNING! Aborting CBS - could not obtain an initial solution for the following agents: Agent23(13->2)
 00:04:16 | WARNING! Aborting CBS - could not obtain an initial solution for the following agents: Agent20(53->42)
 00:04:18 | WARNING! Aborting CBS - could not obtain an initial solution for the following agents: Agent17(74->72)
 00:04:18 | WARNING! Aborting CBS - could not obtain an initial solution for the following agents: Agent17(74->72)
 00:04:19 | WARNING! Aborting CBS - could not obtain an initial solution for the following agents: Agent8(13->3)
 00:04:19 | WARNING! Aborting CBS - could not obtain an initial solution for the following agents: Agent8(13->3)
 00:04:20 | 00:06:38 | 0.03:09:32 |  39.49%  |  2201   |   1703   | 83%  |  118450  |   0    | 218.78MB  
 00:04:24 | WARNING! Aborting CBS - could not obtain an initial solution for the following agents: Agent7(53->52)
 00:04:24 | WARNING! Aborting CBS - could not obtain an initial solution for the following agents: Agent9(63->60)
 00:04:24 | WARNING! Aborting CBS - could not obtain an initial solution for the following agents: Agent9(63->62)
 00:04:24 | WARNING! Aborting CBS - could not obtain an initial solution for the following agents: Agent9(63->62)
 00:04:24 | WARNING! Aborting CBS - could not obtain an initial solution for the following agents: Agent9(63->62)
 00:04:25 | 00:06:28 | 0.03:14:33 |  40.53%  |  2258   |   1703   | 83%  |  121088  |   0    | 226.66MB  
 00:04:27 | WARNING! Aborting CBS - could not obtain an initial solution for the following agents: Agent11(52->43)
 00:04:27 | WARNING! Aborting CBS - could not obtain an initial solution for the following agents: Agent11(52->43)
 00:04:27 | WARNING! Aborting CBS - could not obtain an initial solution for the following agents: Agent11(52->43)
 00:04:27 | WARNING! Aborting CBS - could not obtain an initial solution for the following agents: Agent11(52->48)
 00:04:27 | WARNING! Aborting CBS - could not obtain an initial solution for the following agents: Agent11(52->48)
 00:04:27 | WARNING! Aborting CBS - could not obtain an initial solution for the following agents: Agent11(52->48)
 00:04:27 | WARNING! Aborting CBS - could not obtain an initial solution for the following agents: Agent11(52->48)
 00:04:27 | WARNING! Aborting CBS - could not obtain an initial solution for the following agents: Agent11(52->48)
 00:04:30 | 00:06:15 | 0.03:20:51 |  41.84%  |  2337   |   1703   | 82%  |  124813  |   0    | 228.75MB  
 00:04:31 | WARNING! Aborting CBS - could not obtain an initial solution for the following agents: Agent14(52->51)
 00:04:33 | WARNING! Aborting CBS - could not obtain an initial solution for the following agents: Agent16(14->13)
 00:04:33 | WARNING! Aborting CBS - could not obtain an initial solution for the following agents: Agent16(14->13)
 00:04:34 | WARNING! Aborting CBS - could not obtain an initial solution for the following agents: Agent16(14->13)
 00:04:34 | WARNING! Aborting CBS - could not obtain an initial solution for the following agents: Agent16(14->13)
 00:04:35 | 00:06:02 | 0.03:27:02 |  43.13%  |  2407   |   1703   | 82%  |  128641  |   0    | 236.45MB  
 00:04:38 | WARNING! Aborting CBS - could not obtain an initial solution for the following agents: Agent10(12->11)
 00:04:38 | WARNING! Aborting CBS - could not obtain an initial solution for the following agents: Agent10(12->11)
 00:04:38 | WARNING! Aborting CBS - could not obtain an initial solution for the following agents: Agent10(12->11)
 00:04:38 | WARNING! Aborting CBS - could not obtain an initial solution for the following agents: Agent10(12->11)
 00:04:38 | WARNING! Aborting CBS - could not obtain an initial solution for the following agents: Agent24(33->23)
 00:04:38 | WARNING! Aborting CBS - could not obtain an initial solution for the following agents: Agent24(33->23)
 00:04:38 | WARNING! Aborting CBS - could not obtain an initial solution for the following agents: Agent24(33->23)
 00:04:38 | WARNING! Aborting CBS - could not obtain an initial solution for the following agents: Agent24(33->23)
 00:04:39 | WARNING! Aborting CBS - could not obtain an initial solution for the following agents: Agent25(72->71)
 00:04:39 | WARNING! Aborting CBS - could not obtain an initial solution for the following agents: Agent25(72->71)
 00:04:39 | WARNING! Aborting CBS - could not obtain an initial solution for the following agents: Agent25(72->71)
 00:04:40 | 00:06:01 | 0.03:29:37 |  43.67%  |  2437   |   1703   | 82%  |  130357  |   0    | 244.66MB  
 00:04:40 | WARNING! Aborting CBS - could not obtain an initial solution for the following agents: Agent4(72->71)
 00:04:40 | WARNING! Aborting CBS - could not obtain an initial solution for the following agents: Agent4(72->71)
 00:04:40 | WARNING! Aborting CBS - could not obtain an initial solution for the following agents: Agent4(72->71)
 00:04:43 | WARNING! Aborting CBS - could not obtain an initial solution for the following agents: Agent5(1->0)
 00:04:43 | WARNING! Aborting CBS - could not obtain an initial solution for the following agents: Agent25(74->73)
 00:04:43 | WARNING! Aborting CBS - could not obtain an initial solution for the following agents: Agent25(74->73)
 00:04:43 | WARNING! Aborting CBS - could not obtain an initial solution for the following agents: Agent25(74->73)
 00:04:43 | WARNING! Aborting CBS - could not obtain an initial solution for the following agents: Agent25(74->73)
 00:04:43 | WARNING! Aborting CBS - could not obtain an initial solution for the following agents: Agent25(74->63)
 00:04:43 | WARNING! Aborting CBS - could not obtain an initial solution for the following agents: Agent25(74->63)
 00:04:43 | WARNING! Aborting CBS - could not obtain an initial solution for the following agents: Agent25(74->63)
 00:04:43 | WARNING! Aborting CBS - could not obtain an initial solution for the following agents: Agent25(74->73)
 00:04:43 | WARNING! Aborting CBS - could not obtain an initial solution for the following agents: Agent25(74->73)
 00:04:44 | WARNING! Aborting CBS - could not obtain an initial solution for the following agents: Agent21(44->43)
 00:04:45 | 00:05:41 | 0.03:38:13 |  45.46%  |  2544   |   1703   | 82%  |  135103  |   0    | 256.98MB  
 00:04:50 | 00:05:32 | 0.03:43:31 |  46.57%  |  2609   |   1703   | 82%  |  138123  |   0    | 181.24MB  
 00:04:55 | 00:05:36 | 0.03:44:08 |  46.70%  |  2614   |   1703   | 82%  |  138539  |   0    | 187.49MB  
 00:04:56 | WARNING! Aborting CBS - could not obtain an initial solution for the following agents: Agent17(63->61)
 00:04:59 | 00:05:36 | 0.03:46:13 |  47.13%  |  2637   |   1703   | 82%  |  139940  |   0    | 207.07MB  
 00:05:05 | 00:05:41 | 0.03:46:21 |  47.16%  |  2639   |   1703   | 82%  |  140025  |   0    | 212.57MB  
 00:05:06 | WARNING! Aborting CBS - could not obtain an initial solution for the following agents: Agent8(4->3)
 00:05:06 | WARNING! Aborting CBS - could not obtain an initial solution for the following agents: Agent8(4->3)
 00:05:06 | WARNING! Aborting CBS - could not obtain an initial solution for the following agents: Agent8(4->3)
 00:05:06 | WARNING! Aborting CBS - could not obtain an initial solution for the following agents: Agent8(4->3)
 00:05:08 | WARNING! Aborting CBS - could not obtain an initial solution for the following agents: Agent9(72->71)
 00:05:08 | WARNING! Aborting CBS - could not obtain an initial solution for the following agents: Agent9(72->71)
 00:05:08 | WARNING! Aborting CBS - could not obtain an initial solution for the following agents: Agent9(72->71)
 00:05:08 | WARNING! Aborting CBS - could not obtain an initial solution for the following agents: Agent9(72->71)
 00:05:10 | 00:05:40 | 0.03:48:49 |  47.67%  |  2664   |   1703   | 82%  |  141556  |   0    | 197.27MB  
 00:05:12 | WARNING! Aborting CBS - could not obtain an initial solution for the following agents: Agent6(74->73)
 00:05:12 | WARNING! Aborting CBS - could not obtain an initial solution for the following agents: Agent6(74->73)
 00:05:12 | WARNING! Aborting CBS - could not obtain an initial solution for the following agents: Agent6(74->73)
 00:05:12 | WARNING! Aborting CBS - could not obtain an initial solution for the following agents: Agent6(74->73)
 00:05:12 | WARNING! Aborting CBS - could not obtain an initial solution for the following agents: Agent6(74->73)
 00:05:12 | WARNING! Aborting CBS - could not obtain an initial solution for the following agents: Agent6(74->73)
 00:05:13 | WARNING! Aborting CBS - could not obtain an initial solution for the following agents: Agent9(72->71)
 00:05:13 | WARNING! Aborting CBS - could not obtain an initial solution for the following agents: Agent9(72->71)
 00:05:15 | 00:05:37 | 0.03:51:46 |  48.29%  |  2695   |   1703   | 82%  |  143492  |   0    | 182.98MB  
 00:05:15 | WARNING! Aborting CBS - could not obtain an initial solution for the following agents: Agent4(74->73)
 00:05:15 | WARNING! Aborting CBS - could not obtain an initial solution for the following agents: Agent4(74->73)
 00:05:15 | WARNING! Aborting CBS - could not obtain an initial solution for the following agents: Agent4(74->73)
 00:05:15 | WARNING! Aborting CBS - could not obtain an initial solution for the following agents: Agent4(74->73)
 00:05:15 | WARNING! Aborting CBS - could not obtain an initial solution for the following agents: Agent4(74->73)
 00:05:16 | WARNING! Aborting CBS - could not obtain an initial solution for the following agents: Agent24(24->23)
 00:05:16 | WARNING! Aborting CBS - could not obtain an initial solution for the following agents: Agent24(24->23)
 00:05:16 | WARNING! Aborting CBS - could not obtain an initial solution for the following agents: Agent24(24->23)
 00:05:16 | WARNING! Aborting CBS - could not obtain an initial solution for the following agents: Agent0(33->32)
 00:05:16 | WARNING! Aborting CBS - could not obtain an initial solution for the following agents: Agent0(33->32)
 00:05:16 | WARNING! Aborting CBS - could not obtain an initial solution for the following agents: Agent0(33->32)
 00:05:16 | WARNING! Aborting CBS - could not obtain an initial solution for the following agents: Agent0(33->32)
 00:05:16 | WARNING! Aborting CBS - could not obtain an initial solution for the following agents: Agent12(31->30)
 00:05:16 | WARNING! Aborting CBS - could not obtain an initial solution for the following agents: Agent12(31->30)
 00:05:16 | WARNING! Aborting CBS - could not obtain an initial solution for the following agents: Agent12(31->30)
 00:05:16 | WARNING! Aborting CBS - could not obtain an initial solution for the following agents: Agent12(31->30)
 00:05:16 | WARNING! Aborting CBS - could not obtain an initial solution for the following agents: Agent16(1->0),Agent22(2->1)
 00:05:16 | WARNING! Aborting CBS - could not obtain an initial solution for the following agents: Agent16(1->0),Agent22(2->1)
 00:05:16 | WARNING! Aborting CBS - could not obtain an initial solution for the following agents: Agent16(1->0),Agent22(2->1)
 00:05:16 | WARNING! Aborting CBS - could not obtain an initial solution for the following agents: Agent16(1->0),Agent22(2->1)
 00:05:16 | WARNING! Aborting CBS - could not obtain an initial solution for the following agents: Agent16(1->0)
 00:05:16 | WARNING! Aborting CBS - could not obtain an initial solution for the following agents: Agent16(1->0)
 00:05:17 | WARNING! Aborting CBS - could not obtain an initial solution for the following agents: Agent15(11->3)
 00:05:17 | WARNING! Aborting CBS - could not obtain an initial solution for the following agents: Agent15(11->4)
 00:05:17 | WARNING! Aborting CBS - could not obtain an initial solution for the following agents: Agent15(11->3)
 00:05:17 | WARNING! Aborting CBS - could not obtain an initial solution for the following agents: Agent15(11->3)
 00:05:17 | WARNING! Aborting CBS - could not obtain an initial solution for the following agents: Agent15(11->8)
 00:05:17 | WARNING! Aborting CBS - could not obtain an initial solution for the following agents: Agent15(11->8)
 00:05:17 | WARNING! Aborting CBS - could not obtain an initial solution for the following agents: Agent15(11->8)
 00:05:17 | WARNING! Aborting CBS - could not obtain an initial solution for the following agents: Agent15(11->8)
 00:05:18 | WARNING! Aborting CBS - could not obtain an initial solution for the following agents: Agent23(13->12)
 00:05:18 | WARNING! Aborting CBS - could not obtain an initial solution for the following agents: Agent23(13->12)
 00:05:18 | WARNING! Aborting CBS - could not obtain an initial solution for the following agents: Agent23(13->12)
 00:05:19 | WARNING! Aborting CBS - could not obtain an initial solution for the following agents: Agent18(32->31)
 00:05:19 | WARNING! Aborting CBS - could not obtain an initial solution for the following agents: Agent18(32->31)
 00:05:20 | 00:05:19 | 0.04:00:10 |  50.04%  |  2795   |   1703   | 81%  |  148501  |   0    | 209.09MB  
 00:05:20 | WARNING! Aborting CBS - could not obtain an initial solution for the following agents: Agent14(43->42)
 00:05:21 | WARNING! Aborting CBS - could not obtain an initial solution for the following agents: Agent20(54->53)
 00:05:21 | WARNING! Aborting CBS - could not obtain an initial solution for the following agents: Agent20(54->53)
 00:05:21 | WARNING! Aborting CBS - could not obtain an initial solution for the following agents: Agent20(54->53)
 00:05:21 | WARNING! Aborting CBS - could not obtain an initial solution for the following agents: Agent20(54->53)
 00:05:21 | WARNING! Aborting CBS - could not obtain an initial solution for the following agents: Agent13(43->42)
 00:05:22 | WARNING! Aborting CBS - could not obtain an initial solution for the following agents: Agent2(64->63)
 00:05:22 | WARNING! Aborting CBS - could not obtain an initial solution for the following agents: Agent2(64->63)
 00:05:22 | WARNING! Aborting CBS - could not obtain an initial solution for the following agents: Agent24(24->22)
 00:05:22 | WARNING! Aborting CBS - could not obtain an initial solution for the following agents: Agent24(24->22)
 00:05:22 | WARNING! Aborting CBS - could not obtain an initial solution for the following agents: Agent24(24->22)
 00:05:22 | WARNING! Aborting CBS - could not obtain an initial solution for the following agents: Agent24(24->22)
 00:05:22 | WARNING! Aborting CBS - could not obtain an initial solution for the following agents: Agent24(24->22)
 00:05:22 | WARNING! Aborting CBS - could not obtain an initial solution for the following agents: Agent24(24->23)
 00:05:23 | WARNING! Aborting CBS - could not obtain an initial solution for the following agents: Agent20(52->51)
 00:05:23 | WARNING! Aborting CBS - could not obtain an initial solution for the following agents: Agent20(52->51)
 00:05:23 | WARNING! Aborting CBS - could not obtain an initial solution for the following agents: Agent20(52->51)
 00:05:23 | WARNING! Aborting CBS - could not obtain an initial solution for the following agents: Agent20(52->51)
 00:05:25 | 00:05:02 | 0.04:08:35 |  51.79%  |  2899   |   1703   | 81%  |  153134  |   0    | 218.05MB  
 00:05:30 | 00:05:06 | 0.04:08:47 |  51.83%  |  2899   |   1703   | 81%  |  153241  |   0    | 204.10MB  
 00:05:30 | WARNING! Aborting CBS - could not obtain an initial solution for the following agents: Agent12(32->31)
 00:05:32 | WARNING! Aborting CBS - could not obtain an initial solution for the following agents: Agent10(12->10)
 00:05:35 | 00:04:55 | 0.04:15:12 |  53.17%  |  2972   |   1703   | 81%  |  157142  |   0    | 213.29MB  
 00:05:38 | WARNING! Aborting CBS - could not obtain an initial solution for the following agents: Agent19(34->33)
 00:05:38 | WARNING! Aborting CBS - could not obtain an initial solution for the following agents: Agent19(34->33)
 00:05:38 | WARNING! Aborting CBS - could not obtain an initial solution for the following agents: Agent19(34->33)
 00:05:38 | WARNING! Aborting CBS - could not obtain an initial solution for the following agents: Agent19(34->33)
 00:05:38 | WARNING! Aborting CBS - could not obtain an initial solution for the following agents: Agent23(12->11)
 00:05:38 | WARNING! Aborting CBS - could not obtain an initial solution for the following agents: Agent23(12->11)
 00:05:38 | WARNING! Aborting CBS - could not obtain an initial solution for the following agents: Agent23(12->11)
 00:05:38 | WARNING! Aborting CBS - could not obtain an initial solution for the following agents: Agent23(12->11)
 00:05:38 | WARNING! Aborting CBS - could not obtain an initial solution for the following agents: Agent23(12->11)
 00:05:40 | 00:04:51 | 0.04:18:32 |  53.86%  |  3006   |   1703   | 81%  |  159440  |   0    | 261.18MB  
 00:05:40 | WARNING! Aborting CBS - could not obtain an initial solution for the following agents: Agent14(54->52)
 00:05:40 | WARNING! Aborting CBS - could not obtain an initial solution for the following agents: Agent14(54->52)
 00:05:40 | WARNING! Aborting CBS - could not obtain an initial solution for the following agents: Agent14(54->52)
 00:05:40 | WARNING! Aborting CBS - could not obtain an initial solution for the following agents: Agent14(54->52)
 00:05:40 | WARNING! Aborting CBS - could not obtain an initial solution for the following agents: Agent14(54->43)
 00:05:40 | WARNING! Aborting CBS - could not obtain an initial solution for the following agents: Agent14(54->43)
 00:05:40 | WARNING! Aborting CBS - could not obtain an initial solution for the following agents: Agent14(54->43)
 00:05:40 | WARNING! Aborting CBS - could not obtain an initial solution for the following agents: Agent14(54->43)
 00:05:40 | WARNING! Aborting CBS - could not obtain an initial solution for the following agents: Agent14(54->44)
 00:05:45 | 00:04:49 | 0.04:21:09 |  54.41%  |  3032   |   1703   | 81%  |  161045  |   0    | 236.02MB  
 00:05:46 | WARNING! Aborting CBS - could not obtain an initial solution for the following agents: Agent24(34->33)
 00:05:46 | WARNING! Aborting CBS - could not obtain an initial solution for the following agents: Agent24(34->33)
 00:05:46 | WARNING! Aborting CBS - could not obtain an initial solution for the following agents: Agent24(34->33)
 00:05:46 | WARNING! Aborting CBS - could not obtain an initial solution for the following agents: Agent24(34->33)
 00:05:46 | WARNING! Aborting CBS - could not obtain an initial solution for the following agents: Agent24(34->33)
 00:05:46 | WARNING! Aborting CBS - could not obtain an initial solution for the following agents: Agent24(34->33)
 00:05:46 | WARNING! Aborting CBS - could not obtain an initial solution for the following agents: Agent24(34->33)
 00:05:48 | WARNING! Aborting CBS - could not obtain an initial solution for the following agents: Agent21(52->51)
 00:05:48 | WARNING! Aborting CBS - could not obtain an initial solution for the following agents: Agent21(52->51)
 00:05:49 | WARNING! Aborting CBS - could not obtain an initial solution for the following agents: Agent5(12->11)
 00:05:49 | WARNING! Aborting CBS - could not obtain an initial solution for the following agents: Agent5(12->11)
 00:05:49 | 00:04:33 | 0.04:29:21 |  56.12%  |  3132   |   1703   | 81%  |  165745  |   0    | 237.53MB  
 00:05:50 | WARNING! Aborting CBS - could not obtain an initial solution for the following agents: Agent10(14->13)
 00:05:50 | WARNING! Aborting CBS - could not obtain an initial solution for the following agents: Agent10(14->13)
 00:05:50 | WARNING! Aborting CBS - could not obtain an initial solution for the following agents: Agent10(14->13)
 00:05:50 | WARNING! Aborting CBS - could not obtain an initial solution for the following agents: Agent10(14->13)
 00:05:53 | WARNING! Aborting CBS - could not obtain an initial solution for the following agents: Agent20(44->43)
 00:05:53 | WARNING! Aborting CBS - could not obtain an initial solution for the following agents: Agent20(44->43)
 00:05:53 | WARNING! Aborting CBS - could not obtain an initial solution for the following agents: Agent20(44->43)
 00:05:53 | WARNING! Aborting CBS - could not obtain an initial solution for the following agents: Agent20(44->43)
 00:05:54 | WARNING! Aborting CBS - could not obtain an initial solution for the following agents: Agent19(33->32)
 00:05:54 | WARNING! Aborting CBS - could not obtain an initial solution for the following agents: Agent19(33->32)
 00:05:54 | WARNING! Aborting CBS - could not obtain an initial solution for the following agents: Agent19(33->32)
 00:05:54 | WARNING! Aborting CBS - could not obtain an initial solution for the following agents: Agent19(33->32)
 00:05:55 | 00:04:16 | 0.04:38:29 |  58.02%  |  3237   |   1703   | 81%  |  171416  |   0    | 245.12MB  
 00:06:00 | 00:04:20 | 0.04:38:34 |  58.04%  |  3239   |   1703   | 81%  |  171459  |   0    | 269.29MB  
 00:06:04 | WARNING! Aborting CBS - could not obtain an initial solution for the following agents: Agent20(54->53)
 00:06:04 | WARNING! Aborting CBS - could not obtain an initial solution for the following agents: Agent20(54->53)
 00:06:04 | WARNING! Aborting CBS - could not obtain an initial solution for the following agents: Agent20(54->53)
 00:06:04 | WARNING! Aborting CBS - could not obtain an initial solution for the following agents: Agent20(54->53)
 00:06:04 | WARNING! Aborting CBS - could not obtain an initial solution for the following agents: Agent20(54->53)
 00:06:04 | WARNING! Aborting CBS - could not obtain an initial solution for the following agents: Agent20(54->53)
 00:06:05 | 00:04:16 | 0.04:42:03 |  58.76%  |  3283   |   1703   | 80%  |  173479  |   0    | 173.15MB  
 00:06:05 | WARNING! Aborting CBS - could not obtain an initial solution for the following agents: Agent11(52->51)
 00:06:09 | WARNING! Aborting CBS - could not obtain an initial solution for the following agents: Agent0(32->31)
 00:06:09 | WARNING! Aborting CBS - could not obtain an initial solution for the following agents: Agent0(32->31)
 00:06:09 | WARNING! Aborting CBS - could not obtain an initial solution for the following agents: Agent0(32->31)
 00:06:10 | 00:04:12 | 0.04:45:28 |  59.47%  |  3329   |   1703   | 80%  |  175587  |   0    | 314.02MB  
 00:06:15 | 00:04:14 | 0.04:45:50 |  59.55%  |  3334   |   1703   | 80%  |  175781  |   0    | 265.89MB  
 00:06:20 | 00:04:17 | 0.04:45:59 |  59.58%  |  3335   |   1703   | 80%  |  175899  |   0    | 229.87MB  
 00:06:25 | 00:04:15 | 0.04:48:43 |  60.15%  |  3366   |   1703   | 80%  |  177504  |   0    | 202.87MB  
 00:06:26 | WARNING! Aborting CBS - could not obtain an initial solution for the following agents: Agent22(12->11)
 00:06:27 | WARNING! Aborting CBS - could not obtain an initial solution for the following agents: Agent11(52->51)
 00:06:28 | WARNING! Aborting CBS - could not obtain an initial solution for the following agents: Agent8(11->10)
 00:06:30 | 00:04:08 | 0.04:53:19 |  61.11%  |  3430   |   1703   | 80%  |  180347  |   0    | 176.61MB  
 00:06:35 | 00:04:07 | 0.04:54:58 |  61.45%  |  3449   |   1703   | 80%  |  181349  |   0    | 243.14MB  
 00:06:39 | WARNING! Aborting CBS - could not obtain an initial solution for the following agents: Agent20(54->53)
 00:06:39 | WARNING! Aborting CBS - could not obtain an initial solution for the following agents: Agent20(54->53)
 00:06:39 | WARNING! Aborting CBS - could not obtain an initial solution for the following agents: Agent20(54->53)
 00:06:40 | 00:04:04 | 0.04:57:50 |  62.05%  |  3482   |   1703   | 80%  |  183388  |   0    | 202.04MB  
 00:06:45 | 00:04:07 | 0.04:58:07 |  62.11%  |  3483   |   1703   | 80%  |  183550  |   0    | 215.53MB  
 00:06:50 | 00:04:09 | 0.04:58:13 |  62.13%  |  3483   |   1703   | 80%  |  183599  |   0    | 226.75MB  
 00:06:52 | WARNING! Aborting CBS - could not obtain an initial solution for the following agents: Agent25(72->71)
 00:06:55 | 00:04:12 | 0.04:58:22 |  62.16%  |  3485   |   1703   | 80%  |  183698  |   0    | 240.40MB  
 00:06:55 | WARNING! Aborting CBS - could not obtain an initial solution for the following agents: Agent12(34->23)
 00:06:55 | WARNING! Aborting CBS - could not obtain an initial solution for the following agents: Agent12(34->23)
 00:06:55 | WARNING! Aborting CBS - could not obtain an initial solution for the following agents: Agent12(34->23)
 00:06:55 | WARNING! Aborting CBS - could not obtain an initial solution for the following agents: Agent12(34->23)
 00:06:55 | WARNING! Aborting CBS - could not obtain an initial solution for the following agents: Agent12(34->23)
 00:06:55 | WARNING! Aborting CBS - could not obtain an initial solution for the following agents: Agent12(34->23)
 00:06:58 | WARNING! Aborting CBS - could not obtain an initial solution for the following agents: Agent8(12->11)
 00:06:58 | WARNING! Aborting CBS - could not obtain an initial solution for the following agents: Agent14(54->53)
 00:06:58 | WARNING! Aborting CBS - could not obtain an initial solution for the following agents: Agent14(54->53)
 00:06:58 | WARNING! Aborting CBS - could not obtain an initial solution for the following agents: Agent14(54->53)
 00:06:58 | WARNING! Aborting CBS - could not obtain an initial solution for the following agents: Agent14(54->53)
 00:06:59 | 00:04:03 | 0.05:03:37 |  63.25%  |  3542   |   1703   | 80%  |  186334  |   0    | 244.41MB  
 00:07:00 | WARNING! Aborting CBS - could not obtain an initial solution for the following agents: Agent18(32->22)
 00:07:00 | WARNING! Aborting CBS - could not obtain an initial solution for the following agents: Agent18(32->23)
 00:07:00 | WARNING! Aborting CBS - could not obtain an initial solution for the following agents: Agent18(32->23)
 00:07:00 | WARNING! Aborting CBS - could not obtain an initial solution for the following agents: Agent18(32->23)
 00:07:00 | WARNING! Aborting CBS - could not obtain an initial solution for the following agents: Agent18(32->23)
 00:07:00 | WARNING! Aborting CBS - could not obtain an initial solution for the following agents: Agent18(32->28)
 00:07:04 | 00:03:57 | 0.05:07:52 |  64.14%  |  3594   |   1703   | 80%  |  188978  |   0    | 249.51MB  
 00:07:07 | WARNING! Aborting CBS - could not obtain an initial solution for the following agents: Agent2(64->63)
 00:07:07 | WARNING! Aborting CBS - could not obtain an initial solution for the following agents: Agent2(64->63)
 00:07:07 | WARNING! Aborting CBS - could not obtain an initial solution for the following agents: Agent2(64->63)
 00:07:08 | WARNING! Aborting CBS - could not obtain an initial solution for the following agents: Agent23(13->3)
 00:07:08 | WARNING! Aborting CBS - could not obtain an initial solution for the following agents: Agent23(13->3)
 00:07:08 | WARNING! Aborting CBS - could not obtain an initial solution for the following agents: Agent23(13->3)
 00:07:08 | WARNING! Aborting CBS - could not obtain an initial solution for the following agents: Agent9(72->71)
 00:07:08 | WARNING! Aborting CBS - could not obtain an initial solution for the following agents: Agent9(72->71)
 00:07:08 | WARNING! Aborting CBS - could not obtain an initial solution for the following agents: Agent9(72->71)
 00:07:08 | WARNING! Aborting CBS - could not obtain an initial solution for the following agents: Agent9(72->71)
 00:07:10 | 00:03:46 | 0.05:14:31 |  65.52%  |  3676   |   1703   | 80%  |  192880  |   0    | 181.74MB  
 00:07:10 | WARNING! Aborting CBS - could not obtain an initial solution for the following agents: Agent2(73->63)
 00:07:10 | WARNING! Aborting CBS - could not obtain an initial solution for the following agents: Agent2(73->63)
 00:07:10 | WARNING! Aborting CBS - could not obtain an initial solution for the following agents: Agent2(73->63)
 00:07:10 | WARNING! Aborting CBS - could not obtain an initial solution for the following agents: Agent2(73->63)
 00:07:10 | WARNING! Aborting CBS - could not obtain an initial solution for the following agents: Agent5(12->11)
 00:07:10 | WARNING! Aborting CBS - could not obtain an initial solution for the following agents: Agent5(12->11)
 00:07:10 | WARNING! Aborting CBS - could not obtain an initial solution for the following agents: Agent5(12->11)
 00:07:11 | WARNING! Aborting CBS - could not obtain an initial solution for the following agents: Agent4(74->73)
 00:07:11 | WARNING! Aborting CBS - could not obtain an initial solution for the following agents: Agent4(74->73)
 00:07:11 | WARNING! Aborting CBS - could not obtain an initial solution for the following agents: Agent4(74->73)
 00:07:11 | WARNING! Aborting CBS - could not obtain an initial solution for the following agents: Agent4(74->73)
 00:07:11 | WARNING! Aborting CBS - could not obtain an initial solution for the following agents: Agent4(74->73)
 00:07:11 | WARNING! Aborting CBS - could not obtain an initial solution for the following agents: Agent4(74->73)
 00:07:11 | WARNING! Aborting CBS - could not obtain an initial solution for the following agents: Agent4(74->73)
 00:07:11 | WARNING! Aborting CBS - could not obtain an initial solution for the following agents: Agent4(74->73)
 00:07:11 | WARNING! Aborting CBS - could not obtain an initial solution for the following agents: Agent13(53->52)
 00:07:11 | WARNING! Aborting CBS - could not obtain an initial solution for the following agents: Agent23(12->11)
 00:07:11 | WARNING! Aborting CBS - could not obtain an initial solution for the following agents: Agent23(12->11)
 00:07:11 | WARNING! Aborting CBS - could not obtain an initial solution for the following agents: Agent23(12->11)
 00:07:12 | WARNING! Aborting CBS - could not obtain an initial solution for the following agents: Agent14(53->52)
 00:07:12 | WARNING! Aborting CBS - could not obtain an initial solution for the following agents: Agent14(53->52)
 00:07:12 | WARNING! Aborting CBS - could not obtain an initial solution for the following agents: Agent14(53->52)
 00:07:12 | WARNING! Aborting CBS - could not obtain an initial solution for the following agents: Agent14(53->52)
 00:07:13 | WARNING! Aborting CBS - could not obtain an initial solution for the following agents: Agent3(34->23)
 00:07:15 | 00:03:24 | 0.05:26:33 |  68.03%  |  3838   |   1703   | 79%  |  199811  |   0    | 177.57MB  
 00:07:15 | WARNING! Aborting CBS - could not obtain an initial solution for the following agents: Agent21(53->52)
 00:07:15 | WARNING! Aborting CBS - could not obtain an initial solution for the following agents: Agent2(72->71)
 00:07:15 | WARNING! Aborting CBS - could not obtain an initial solution for the following agents: Agent2(72->71)
 00:07:15 | WARNING! Aborting CBS - could not obtain an initial solution for the following agents: Agent7(52->51)
 00:07:15 | WARNING! Aborting CBS - could not obtain an initial solution for the following agents: Agent7(52->51)
 00:07:15 | WARNING! Aborting CBS - could not obtain an initial solution for the following agents: Agent7(52->51)
 00:07:17 | WARNING! Aborting CBS - could not obtain an initial solution for the following agents: Agent14(52->51)
 00:07:17 | WARNING! Aborting CBS - could not obtain an initial solution for the following agents: Agent14(52->51)
 00:07:20 | 00:03:12 | 0.05:33:59 |  69.58%  |  3925   |   1703   | 79%  |  203971  |   0    | 183.15MB  
 00:07:24 | 00:03:14 | 0.05:34:15 |  69.64%  |  3931   |   1703   | 79%  |  204117  |   0    | 197.98MB  
 00:07:30 | 00:03:14 | 0.05:35:13 |  69.84%  |  3940   |   1703   | 79%  |  204669  |   0    | 204.31MB  
 00:07:31 | WARNING! Aborting CBS - could not obtain an initial solution for the following agents: Agent15(11->10)
 00:07:31 | WARNING! Aborting CBS - could not obtain an initial solution for the following agents: Agent8(11->10)
 00:07:35 | 00:03:03 | 0.05:42:05 |  71.27%  |  4014   |   1703   | 79%  |  208495  |   0    | 217.74MB  
 00:07:35 | WARNING! Aborting CBS - could not obtain an initial solution for the following agents: Agent17(74->63)
 00:07:35 | WARNING! Aborting CBS - could not obtain an initial solution for the following agents: Agent17(74->63)
 00:07:35 | WARNING! Aborting CBS - could not obtain an initial solution for the following agents: Agent17(74->63)
 00:07:35 | WARNING! Aborting CBS - could not obtain an initial solution for the following agents: Agent17(74->63)
 00:07:35 | WARNING! Aborting CBS - could not obtain an initial solution for the following agents: Agent17(74->63)
 00:07:35 | WARNING! Aborting CBS - could not obtain an initial solution for the following agents: Agent9(64->62)
 00:07:35 | WARNING! Aborting CBS - could not obtain an initial solution for the following agents: Agent9(64->62)
 00:07:35 | WARNING! Aborting CBS - could not obtain an initial solution for the following agents: Agent9(64->62)
 00:07:35 | WARNING! Aborting CBS - could not obtain an initial solution for the following agents: Agent9(64->62)
 00:07:35 | WARNING! Aborting CBS - could not obtain an initial solution for the following agents: Agent9(64->63)
 00:07:35 | WARNING! Aborting CBS - could not obtain an initial solution for the following agents: Agent9(64->63)
 00:07:35 | WARNING! Aborting CBS - could not obtain an initial solution for the following agents: Agent9(64->63)
 00:07:35 | WARNING! Aborting CBS - could not obtain an initial solution for the following agents: Agent9(64->63)
 00:07:37 | WARNING! Aborting CBS - could not obtain an initial solution for the following agents: Agent17(72->71)
 00:07:37 | WARNING! Aborting CBS - could not obtain an initial solution for the following agents: Agent17(72->71)
 00:07:37 | WARNING! Aborting CBS - could not obtain an initial solution for the following agents: Agent17(72->71)
 00:07:37 | WARNING! Aborting CBS - could not obtain an initial solution for the following agents: Agent17(72->71)
 00:07:39 | WARNING! Aborting CBS - could not obtain an initial solution for the following agents: Agent1(32->31)
 00:07:39 | WARNING! Aborting CBS - could not obtain an initial solution for the following agents: Agent1(32->31)
 00:07:39 | WARNING! Aborting CBS - could not obtain an initial solution for the following agents: Agent1(32->31)
 00:07:39 | WARNING! Aborting CBS - could not obtain an initial solution for the following agents: Agent24(32->31)
 00:07:39 | WARNING! Aborting CBS - could not obtain an initial solution for the following agents: Agent24(32->31)
 00:07:40 | 00:02:43 | 0.05:54:00 |  73.75%  |  4175   |   1703   | 79%  |  214933  |   0    | 213.90MB  
 00:07:40 | WARNING! Aborting CBS - could not obtain an initial solution for the following agents: Agent10(3->2)
 00:07:42 | WARNING! Aborting CBS - could not obtain an initial solution for the following agents: Agent8(3->2)
 00:07:42 | WARNING! Aborting CBS - could not obtain an initial solution for the following agents: Agent8(3->2)
 00:07:42 | WARNING! Aborting CBS - could not obtain an initial solution for the following agents: Agent8(3->2)
 00:07:42 | WARNING! Aborting CBS - could not obtain an initial solution for the following agents: Agent8(3->2)
 00:07:44 | WARNING! Aborting CBS - could not obtain an initial solution for the following agents: Agent3(34->33)
 00:07:44 | WARNING! Aborting CBS - could not obtain an initial solution for the following agents: Agent3(34->33)
 00:07:44 | WARNING! Aborting CBS - could not obtain an initial solution for the following agents: Agent3(34->33)
 00:07:44 | WARNING! Aborting CBS - could not obtain an initial solution for the following agents: Agent3(34->33)
 00:07:44 | WARNING! Aborting CBS - could not obtain an initial solution for the following agents: Agent3(34->33)
 00:07:44 | WARNING! Aborting CBS - could not obtain an initial solution for the following agents: Agent3(34->33)
 00:07:45 | 00:02:33 | 0.06:01:02 |  75.22%  |  4257   |   1703   | 79%  |  219310  |   0    | 272.75MB  
 00:07:47 | WARNING! Aborting CBS - could not obtain an initial solution for the following agents: Agent6(72->71)
 00:07:49 | 00:02:30 | 0.06:03:18 |  75.69%  |  4284   |   1703   | 79%  |  220736  |   0    | 272.09MB  
 00:07:51 | WARNING! Aborting CBS - could not obtain an initial solution for the following agents: Agent25(72->71)
 00:07:51 | WARNING! Aborting CBS - could not obtain an initial solution for the following agents: Agent25(72->71)
 00:07:51 | WARNING! Aborting CBS - could not obtain an initial solution for the following agents: Agent25(72->71)
 00:07:51 | WARNING! Aborting CBS - could not obtain an initial solution for the following agents: Agent25(72->71)
 00:07:52 | WARNING! Aborting CBS - could not obtain an initial solution for the following agents: Agent22(12->11)
 00:07:52 | WARNING! Aborting CBS - could not obtain an initial solution for the following agents: Agent22(12->11)
 00:07:52 | WARNING! Aborting CBS - could not obtain an initial solution for the following agents: Agent22(12->11)
 00:07:52 | WARNING! Aborting CBS - could not obtain an initial solution for the following agents: Agent22(12->11)
 00:07:53 | WARNING! Aborting CBS - could not obtain an initial solution for the following agents: Agent19(31->30)
 00:07:53 | WARNING! Aborting CBS - could not obtain an initial solution for the following agents: Agent17(72->62)
 00:07:53 | WARNING! Aborting CBS - could not obtain an initial solution for the following agents: Agent17(72->62)
 00:07:53 | WARNING! Aborting CBS - could not obtain an initial solution for the following agents: Agent17(72->63)
 00:07:55 | 00:02:23 | 0.06:08:44 |  76.82%  |  4349   |   1703   | 78%  |  223870  |   0    | 192.18MB  
 00:08:00 | 00:02:24 | 0.06:08:50 |  76.84%  |  4350   |   1703   | 78%  |  223935  |   0    | 189.18MB  
 00:08:05 | 00:02:25 | 0.06:08:57 |  76.87%  |  4351   |   1703   | 78%  |  224009  |   0    | 200.06MB  
 00:08:10 | 00:02:27 | 0.06:09:02 |  76.88%  |  4352   |   1703   | 78%  |  224073  |   0    | 212.01MB  
 00:08:15 | 00:02:28 | 0.06:09:09 |  76.91%  |  4354   |   1703   | 78%  |  224163  |   0    | 220.96MB  
 00:08:15 | WARNING! Aborting CBS - could not obtain an initial solution for the following agents: Agent5(12->11)
 00:08:15 | WARNING! Aborting CBS - could not obtain an initial solution for the following agents: Agent5(12->11)
 00:08:15 | WARNING! Aborting CBS - could not obtain an initial solution for the following agents: Agent5(12->11)
 00:08:17 | WARNING! Aborting CBS - could not obtain an initial solution for the following agents: Agent11(54->43)
 00:08:17 | WARNING! Aborting CBS - could not obtain an initial solution for the following agents: Agent11(54->43)
 00:08:17 | WARNING! Aborting CBS - could not obtain an initial solution for the following agents: Agent11(54->43)
 00:08:17 | WARNING! Aborting CBS - could not obtain an initial solution for the following agents: Agent11(54->43)
 00:08:17 | WARNING! Aborting CBS - could not obtain an initial solution for the following agents: Agent11(54->53)
 00:08:20 | 00:02:18 | 0.06:15:35 |  78.25%  |  4432   |   1703   | 78%  |  227903  |   0    | 228.06MB  
 00:08:21 | WARNING! Aborting CBS - could not obtain an initial solution for the following agents: Agent18(33->23)
 00:08:21 | WARNING! Aborting CBS - could not obtain an initial solution for the following agents: Agent18(33->23)
 00:08:21 | WARNING! Aborting CBS - could not obtain an initial solution for the following agents: Agent18(33->23)
 00:08:23 | WARNING! Aborting CBS - could not obtain an initial solution for the following agents: Agent16(3->0)
 00:08:23 | WARNING! Aborting CBS - could not obtain an initial solution for the following agents: Agent16(3->0)
 00:08:23 | WARNING! Aborting CBS - could not obtain an initial solution for the following agents: Agent16(3->0)
 00:08:23 | WARNING! Aborting CBS - could not obtain an initial solution for the following agents: Agent16(3->2)
 00:08:23 | WARNING! Aborting CBS - could not obtain an initial solution for the following agents: Agent11(43->42)
 00:08:24 | WARNING! Aborting CBS - could not obtain an initial solution for the following agents: Agent13(52->51)
 00:08:24 | WARNING! Aborting CBS - could not obtain an initial solution for the following agents: Agent13(52->51)
 00:08:24 | WARNING! Aborting CBS - could not obtain an initial solution for the following agents: Agent13(52->51)
 00:08:25 | 00:02:07 | 0.06:23:10 |  79.83%  |  4513   |   1703   | 78%  |  232510  |   0    | 230.38MB  
 00:08:26 | WARNING! Aborting CBS - could not obtain an initial solution for the following agents: Agent24(24->23)
 00:08:26 | WARNING! Aborting CBS - could not obtain an initial solution for the following agents: Agent24(24->23)
 00:08:26 | WARNING! Aborting CBS - could not obtain an initial solution for the following agents: Agent24(24->22)
 00:08:26 | WARNING! Aborting CBS - could not obtain an initial solution for the following agents: Agent24(24->22)
 00:08:27 | WARNING! Aborting CBS - could not obtain an initial solution for the following agents: Agent22(14->3)
 00:08:27 | WARNING! Aborting CBS - could not obtain an initial solution for the following agents: Agent22(14->13)
 00:08:27 | WARNING! Aborting CBS - could not obtain an initial solution for the following agents: Agent22(14->13)
 00:08:27 | WARNING! Aborting CBS - could not obtain an initial solution for the following agents: Agent22(14->13)
 00:08:27 | WARNING! Aborting CBS - could not obtain an initial solution for the following agents: Agent2(72->71)
 00:08:27 | WARNING! Aborting CBS - could not obtain an initial solution for the following agents: Agent2(72->71)
 00:08:27 | WARNING! Aborting CBS - could not obtain an initial solution for the following agents: Agent23(12->11)
 00:08:27 | WARNING! Aborting CBS - could not obtain an initial solution for the following agents: Agent23(12->11)
 00:08:27 | WARNING! Aborting CBS - could not obtain an initial solution for the following agents: Agent23(12->11)
 00:08:27 | WARNING! Aborting CBS - could not obtain an initial solution for the following agents: Agent23(12->11)
 00:08:28 | WARNING! Aborting CBS - could not obtain an initial solution for the following agents: Agent0(32->22)
 00:08:28 | WARNING! Aborting CBS - could not obtain an initial solution for the following agents: Agent0(32->21)
 00:08:28 | WARNING! Aborting CBS - could not obtain an initial solution for the following agents: Agent0(32->21)
 00:08:28 | WARNING! Aborting CBS - could not obtain an initial solution for the following agents: Agent0(32->21)
 00:08:29 | 00:01:53 | 0.06:32:47 |  81.83%  |  4631   |   1703   | 78%  |  237977  |   0    | 235.27MB  
 00:08:30 | WARNING! Aborting CBS - could not obtain an initial solution for the following agents: Agent16(13->3)
 00:08:30 | WARNING! Aborting CBS - could not obtain an initial solution for the following agents: Agent16(13->3)
 00:08:30 | WARNING! Aborting CBS - could not obtain an initial solution for the following agents: Agent16(13->3)
 00:08:30 | WARNING! Aborting CBS - could not obtain an initial solution for the following agents: Agent16(13->3)
 00:08:30 | WARNING! Aborting CBS - could not obtain an initial solution for the following agents: Agent22(12->10)
 00:08:30 | WARNING! Aborting CBS - could not obtain an initial solution for the following agents: Agent22(12->11)
 00:08:30 | WARNING! Aborting CBS - could not obtain an initial solution for the following agents: Agent22(12->11)
 00:08:30 | WARNING! Aborting CBS - could not obtain an initial solution for the following agents: Agent22(12->11)
 00:08:31 | WARNING! Aborting CBS - could not obtain an initial solution for the following agents: Agent15(4->3)
 00:08:31 | WARNING! Aborting CBS - could not obtain an initial solution for the following agents: Agent15(4->3)
 00:08:31 | WARNING! Aborting CBS - could not obtain an initial solution for the following agents: Agent15(4->3)
 00:08:32 | WARNING! Aborting CBS - could not obtain an initial solution for the following agents: Agent10(3->2)
 00:08:32 | WARNING! Aborting CBS - could not obtain an initial solution for the following agents: Agent10(3->2)
 00:08:33 | WARNING! Aborting CBS - could not obtain an initial solution for the following agents: Agent11(54->53)
 00:08:33 | WARNING! Aborting CBS - could not obtain an initial solution for the following agents: Agent11(54->53)
 00:08:33 | WARNING! Aborting CBS - could not obtain an initial solution for the following agents: Agent11(54->53)
 00:08:33 | WARNING! Aborting CBS - could not obtain an initial solution for the following agents: Agent0(22->21),Agent19(23->22)
 00:08:33 | WARNING! Aborting CBS - could not obtain an initial solution for the following agents: Agent0(22->21),Agent19(23->22)
 00:08:33 | WARNING! Aborting CBS - could not obtain an initial solution for the following agents: Agent0(22->21)
 00:08:33 | WARNING! Aborting CBS - could not obtain an initial solution for the following agents: Agent0(22->21)
 00:08:33 | WARNING! Aborting CBS - could not obtain an initial solution for the following agents: Agent0(22->21)
 00:08:34 | 00:01:41 | 0.06:40:49 |  83.50%  |  4727   |   1703   | 78%  |  242580  |   0    | 237.84MB  
 00:08:40 | 00:01:36 | 0.06:45:04 |  84.39%  |  4782   |   1703   | 78%  |  245117  |   0    | 247.36MB  
 00:08:44 | WARNING! Aborting CBS - could not obtain an initial solution for the following agents: Agent3(32->31)
 00:08:44 | WARNING! Aborting CBS - could not obtain an initial solution for the following agents: Agent3(32->31)
 00:08:44 | WARNING! Aborting CBS - could not obtain an initial solution for the following agents: Agent3(32->31)
 00:08:44 | WARNING! Aborting CBS - could not obtain an initial solution for the following agents: Agent3(32->31)
 00:08:44 | WARNING! Aborting CBS - could not obtain an initial solution for the following agents: Agent6(72->70)
 00:08:44 | WARNING! Aborting CBS - could not obtain an initial solution for the following agents: Agent6(72->71)
 00:08:45 | 00:01:32 | 0.06:47:56 |  84.99%  |  4812   |   1703   | 77%  |  246841  |   0    | 252.47MB  
 00:08:46 | WARNING! Aborting CBS - could not obtain an initial solution for the following agents: Agent4(72->71)
 00:08:46 | WARNING! Aborting CBS - could not obtain an initial solution for the following agents: Agent4(72->71)
 00:08:46 | WARNING! Aborting CBS - could not obtain an initial solution for the following agents: Agent4(72->71)
 00:08:46 | WARNING! Aborting CBS - could not obtain an initial solution for the following agents: Agent15(14->13)
 00:08:46 | WARNING! Aborting CBS - could not obtain an initial solution for the following agents: Agent15(14->13)
 00:08:46 | WARNING! Aborting CBS - could not obtain an initial solution for the following agents: Agent15(14->13)
 00:08:46 | WARNING! Aborting CBS - could not obtain an initial solution for the following agents: Agent15(14->13)
 00:08:46 | WARNING! Aborting CBS - could not obtain an initial solution for the following agents: Agent15(14->13)
 00:08:49 | WARNING! Aborting CBS - could not obtain an initial solution for the following agents: Agent13(52->51)
 00:08:50 | 00:01:26 | 0.06:52:25 |  85.92%  |  4863   |   1703   | 77%  |  249372  |   0    | 196.68MB  
 00:08:55 | 00:01:27 | 0.06:52:36 |  85.96%  |  4865   |   1703   | 77%  |  249489  |   0    | 190.43MB  
 00:08:58 | WARNING! Aborting CBS - could not obtain an initial solution for the following agents: Agent9(64->63)
 00:08:58 | WARNING! Aborting CBS - could not obtain an initial solution for the following agents: Agent9(64->63)
 00:08:58 | WARNING! Aborting CBS - could not obtain an initial solution for the following agents: Agent3(34->32)
 00:08:58 | WARNING! Aborting CBS - could not obtain an initial solution for the following agents: Agent3(34->33)
 00:08:58 | WARNING! Aborting CBS - could not obtain an initial solution for the following agents: Agent3(34->22)
 00:08:58 | WARNING! Aborting CBS - could not obtain an initial solution for the following agents: Agent3(34->22)
 00:08:58 | WARNING! Aborting CBS - could not obtain an initial solution for the following agents: Agent3(34->22)
 00:08:58 | WARNING! Aborting CBS - could not obtain an initial solution for the following agents: Agent3(34->22)
 00:09:00 | 00:01:26 | 0.06:54:00 |  86.25%  |  4879   |   1703   | 77%  |  250412  |   0    | 198.16MB  
 00:09:04 | 00:01:26 | 0.06:54:16 |  86.31%  |  4880   |   1703   | 77%  |  250606  |   0    | 217.65MB  
 00:09:09 | 00:01:26 | 0.06:54:39 |  86.39%  |  4881   |   1703   | 77%  |  250840  |   0    | 240.56MB  
 00:09:10 | WARNING! Aborting CBS - could not obtain an initial solution for the following agents: Agent11(52->51)
 00:09:10 | WARNING! Aborting CBS - could not obtain an initial solution for the following agents: Agent11(52->51)
 00:09:10 | WARNING! Aborting CBS - could not obtain an initial solution for the following agents: Agent11(52->51)
 00:09:12 | WARNING! Aborting CBS - could not obtain an initial solution for the following agents: Agent25(74->73)
 00:09:12 | WARNING! Aborting CBS - could not obtain an initial solution for the following agents: Agent25(74->73)
 00:09:12 | WARNING! Aborting CBS - could not obtain an initial solution for the following agents: Agent25(74->73)
 00:09:12 | WARNING! Aborting CBS - could not obtain an initial solution for the following agents: Agent25(74->73)
 00:09:12 | WARNING! Aborting CBS - could not obtain an initial solution for the following agents: Agent25(74->73)
 00:09:12 | WARNING! Aborting CBS - could not obtain an initial solution for the following agents: Agent25(74->73)
 00:09:12 | WARNING! Aborting CBS - could not obtain an initial solution for the following agents: Agent25(74->73)
 00:09:12 | WARNING! Aborting CBS - could not obtain an initial solution for the following agents: Agent20(53->52)
 00:09:13 | WARNING! Aborting CBS - could not obtain an initial solution for the following agents: Agent18(32->31)
 00:09:13 | WARNING! Aborting CBS - could not obtain an initial solution for the following agents: Agent18(32->31)
 00:09:13 | WARNING! Aborting CBS - could not obtain an initial solution for the following agents: Agent11(52->51)
 00:09:13 | WARNING! Aborting CBS - could not obtain an initial solution for the following agents: Agent11(52->51)
 00:09:13 | WARNING! Aborting CBS - could not obtain an initial solution for the following agents: Agent11(52->51)
 00:09:13 | WARNING! Aborting CBS - could not obtain an initial solution for the following agents: Agent8(13->12),Agent11(52->51)
 00:09:13 | WARNING! Aborting CBS - could not obtain an initial solution for the following agents: Agent8(13->12)
 00:09:13 | WARNING! Aborting CBS - could not obtain an initial solution for the following agents: Agent8(13->12)
 00:09:13 | WARNING! Aborting CBS - could not obtain an initial solution for the following agents: Agent8(13->12)
 00:09:13 | WARNING! Aborting CBS - could not obtain an initial solution for the following agents: Agent8(13->12)
 00:09:13 | WARNING! Aborting CBS - could not obtain an initial solution for the following agents: Agent8(13->12)
 00:09:13 | WARNING! Aborting CBS - could not obtain an initial solution for the following agents: Agent8(13->12)
 00:09:15 | 00:01:13 | 0.07:03:51 |  88.31%  |  4998   |   1703   | 77%  |  256097  |   0    | 240.56MB  
 00:09:20 | 00:01:08 | 0.07:07:26 |  89.05%  |  5043   |   1703   | 77%  |  258321  |   0    | 235.73MB  
 00:09:21 | WARNING! Aborting CBS - could not obtain an initial solution for the following agents: Agent4(74->63)
 00:09:21 | WARNING! Aborting CBS - could not obtain an initial solution for the following agents: Agent4(74->63)
 00:09:21 | WARNING! Aborting CBS - could not obtain an initial solution for the following agents: Agent4(74->63)
 00:09:21 | WARNING! Aborting CBS - could not obtain an initial solution for the following agents: Agent4(74->63)
 00:09:21 | WARNING! Aborting CBS - could not obtain an initial solution for the following agents: Agent4(74->63)
 00:09:21 | WARNING! Aborting CBS - could not obtain an initial solution for the following agents: Agent4(74->63)
 00:09:21 | WARNING! Aborting CBS - could not obtain an initial solution for the following agents: Agent4(74->62)
 00:09:21 | WARNING! Aborting CBS - could not obtain an initial solution for the following agents: Agent9(61->60)
 00:09:25 | 00:01:08 | 0.07:08:24 |  89.25%  |  5050   |   1703   | 77%  |  259037  |   0    | 248.56MB  
 00:09:28 | WARNING! Aborting CBS - could not obtain an initial solution for the following agents: Agent11(52->51)
 00:09:28 | WARNING! Aborting CBS - could not obtain an initial solution for the following agents: Agent11(52->51)
 00:09:30 | 00:01:03 | 0.07:11:36 |  89.92%  |  5086   |   1703   | 77%  |  261155  |   0    | 227.22MB  
 00:09:34 | WARNING! Aborting CBS - could not obtain an initial solution for the following agents: Agent7(52->51)
 00:09:34 | WARNING! Aborting CBS - could not obtain an initial solution for the following agents: Agent7(52->51)
 00:09:34 | WARNING! Aborting CBS - could not obtain an initial solution for the following agents: Agent7(52->51)
 00:09:35 | 00:00:59 | 0.07:14:49 |  90.59%  |  5127   |   1703   | 77%  |  262824  |   0    | 192.90MB  
 00:09:36 | WARNING! Aborting CBS - could not obtain an initial solution for the following agents: Agent15(12->11)
 00:09:36 | WARNING! Aborting CBS - could not obtain an initial solution for the following agents: Agent15(12->11)
 00:09:36 | WARNING! Aborting CBS - could not obtain an initial solution for the following agents: Agent15(12->11)
 00:09:39 | WARNING! Aborting CBS - could not obtain an initial solution for the following agents: Agent19(22->21)
 00:09:39 | WARNING! Aborting CBS - could not obtain an initial solution for the following agents: Agent19(22->21)
 00:09:39 | WARNING! Aborting CBS - could not obtain an initial solution for the following agents: Agent3(22->21)
 00:09:39 | WARNING! Aborting CBS - could not obtain an initial solution for the following agents: Agent3(22->21)
 00:09:39 | WARNING! Aborting CBS - could not obtain an initial solution for the following agents: Agent3(22->21)
 00:09:40 | 00:00:57 | 0.07:16:48 |  91.00%  |  5147   |   1703   | 77%  |  264210  |   0    | 206.37MB  
 00:09:40 | WARNING! Aborting CBS - could not obtain an initial solution for the following agents: Agent18(22->21)
 00:09:40 | WARNING! Aborting CBS - could not obtain an initial solution for the following agents: Agent18(22->21)
 00:09:40 | WARNING! Aborting CBS - could not obtain an initial solution for the following agents: Agent18(22->21)
 00:09:40 | WARNING! Aborting CBS - could not obtain an initial solution for the following agents: Agent5(12->11)
 00:09:41 | WARNING! Aborting CBS - could not obtain an initial solution for the following agents: Agent15(12->11)
 00:09:41 | WARNING! Aborting CBS - could not obtain an initial solution for the following agents: Agent15(12->11)
 00:09:41 | WARNING! Aborting CBS - could not obtain an initial solution for the following agents: Agent15(12->11)
 00:09:41 | WARNING! Aborting CBS - could not obtain an initial solution for the following agents: Agent15(12->11)
 00:09:43 | WARNING! Aborting CBS - could not obtain an initial solution for the following agents: Agent7(51->50)
 00:09:44 | 00:00:46 | 0.07:24:21 |  92.57%  |  5235   |   1703   | 77%  |  268654  |   0    | 207.71MB  
 00:09:50 | 00:00:46 | 0.07:24:37 |  92.63%  |  5238   |   1703   | 77%  |  268922  |   0    | 229.37MB  
 00:09:52 | WARNING! Aborting CBS - could not obtain an initial solution for the following agents: Agent13(52->42)
 00:09:52 | WARNING! Aborting CBS - could not obtain an initial solution for the following agents: Agent13(52->42)
 00:09:52 | WARNING! Aborting CBS - could not obtain an initial solution for the following agents: Agent13(52->43)
 00:09:52 | WARNING! Aborting CBS - could not obtain an initial solution for the following agents: Agent13(52->43)
 00:09:52 | WARNING! Aborting CBS - could not obtain an initial solution for the following agents: Agent5(1->0),Agent13(52->43),Agent22(2->1)
 00:09:52 | WARNING! Aborting CBS - could not obtain an initial solution for the following agents: Agent5(1->0),Agent13(52->44),Agent22(2->1)
 00:09:52 | WARNING! Aborting CBS - could not obtain an initial solution for the following agents: Agent5(1->0)
 00:09:53 | WARNING! Aborting CBS - could not obtain an initial solution for the following agents: Agent12(33->32)
 00:09:53 | WARNING! Aborting CBS - could not obtain an initial solution for the following agents: Agent12(33->32)
 00:09:53 | WARNING! Aborting CBS - could not obtain an initial solution for the following agents: Agent12(33->32)
 00:09:53 | WARNING! Aborting CBS - could not obtain an initial solution for the following agents: Agent12(33->32)
 00:09:55 | 00:00:41 | 0.07:28:30 |  93.44%  |  5278   |   1703   | 77%  |  271324  |   0    | 234.27MB  
 00:09:55 | WARNING! Aborting CBS - could not obtain an initial solution for the following agents: Agent18(24->23)
 00:09:55 | WARNING! Aborting CBS - could not obtain an initial solution for the following agents: Agent18(24->23)
 00:09:55 | WARNING! Aborting CBS - could not obtain an initial solution for the following agents: Agent18(24->23)
 00:10:00 | 00:00:35 | 0.07:32:53 |  94.35%  |  5325   |   1703   | 76%  |  274068  |   0    | 241.14MB  
 00:10:05 | 00:00:34 | 0.07:34:18 |  94.65%  |  5345   |   1703   | 76%  |  274961  |   0    | 191.86MB  
 00:10:05 | WARNING! Aborting CBS - could not obtain an initial solution for the following agents: Agent17(74->63)
 00:10:05 | WARNING! Aborting CBS - could not obtain an initial solution for the following agents: Agent17(74->63)
 00:10:06 | WARNING! Aborting CBS - could not obtain an initial solution for the following agents: Agent7(54->53)
 00:10:06 | WARNING! Aborting CBS - could not obtain an initial solution for the following agents: Agent7(54->53)
 00:10:06 | WARNING! Aborting CBS - could not obtain an initial solution for the following agents: Agent7(54->53)
 00:10:06 | WARNING! Aborting CBS - could not obtain an initial solution for the following agents: Agent7(54->53)
 00:10:06 | WARNING! Aborting CBS - could not obtain an initial solution for the following agents: Agent7(54->53)
 00:10:06 | WARNING! Aborting CBS - could not obtain an initial solution for the following agents: Agent7(54->53)
 00:10:06 | WARNING! Aborting CBS - could not obtain an initial solution for the following agents: Agent7(54->53)
 00:10:06 | WARNING! Aborting CBS - could not obtain an initial solution for the following agents: Agent11(52->42)
 00:10:06 | WARNING! Aborting CBS - could not obtain an initial solution for the following agents: Agent10(2->1),Agent11(52->42)
 00:10:06 | WARNING! Aborting CBS - could not obtain an initial solution for the following agents: Agent10(2->1),Agent11(52->43)
 00:10:06 | WARNING! Aborting CBS - could not obtain an initial solution for the following agents: Agent10(2->1),Agent11(52->43)
 00:10:06 | WARNING! Aborting CBS - could not obtain an initial solution for the following agents: Agent11(52->43)
 00:10:07 | WARNING! Aborting CBS - could not obtain an initial solution for the following agents: Agent22(1->0)
 00:10:07 | WARNING! Aborting CBS - could not obtain an initial solution for the following agents: Agent22(1->0)
 00:10:07 | WARNING! Aborting CBS - could not obtain an initial solution for the following agents: Agent22(1->0)
 00:10:07 | WARNING! Aborting CBS - could not obtain an initial solution for the following agents: Agent22(1->0)
 00:10:07 | WARNING! Aborting CBS - could not obtain an initial solution for the following agents: Agent8(1->0)
 00:10:07 | WARNING! Aborting CBS - could not obtain an initial solution for the following agents: Agent13(43->42)
 00:10:07 | WARNING! Aborting CBS - could not obtain an initial solution for the following agents: Agent13(43->42)
 00:10:08 | WARNING! Aborting CBS - could not obtain an initial solution for the following agents: Agent0(32->31)
 00:10:08 | WARNING! Aborting CBS - could not obtain an initial solution for the following agents: Agent0(32->31)
 00:10:08 | WARNING! Aborting CBS - could not obtain an initial solution for the following agents: Agent0(32->31)
 00:10:08 | WARNING! Aborting CBS - could not obtain an initial solution for the following agents: Agent0(32->31)
 00:10:08 | WARNING! Aborting CBS - could not obtain an initial solution for the following agents: Agent3(34->33)
 00:10:08 | WARNING! Aborting CBS - could not obtain an initial solution for the following agents: Agent3(34->33)
 00:10:08 | WARNING! Aborting CBS - could not obtain an initial solution for the following agents: Agent3(34->33)
 00:10:08 | WARNING! Aborting CBS - could not obtain an initial solution for the following agents: Agent3(34->33)
 00:10:08 | WARNING! Aborting CBS - could not obtain an initial solution for the following agents: Agent3(34->33)
 00:10:08 | WARNING! Aborting CBS - could not obtain an initial solution for the following agents: Agent3(34->33)
 00:10:09 | WARNING! Aborting CBS - could not obtain an initial solution for the following agents: Agent24(31->20)
 00:10:09 | WARNING! Aborting CBS - could not obtain an initial solution for the following agents: Agent24(31->20)
 00:10:09 | WARNING! Aborting CBS - could not obtain an initial solution for the following agents: Agent24(31->20)
 00:10:09 | WARNING! Aborting CBS - could not obtain an initial solution for the following agents: Agent24(31->22)
 00:10:09 | WARNING! Aborting CBS - could not obtain an initial solution for the following agents: Agent24(31->22)
 00:10:09 | WARNING! Aborting CBS - could not obtain an initial solution for the following agents: Agent24(31->22)
 00:10:09 | WARNING! Aborting CBS - could not obtain an initial solution for the following agents: Agent24(31->23)
 00:10:09 | 00:00:24 | 0.07:41:13 |  96.09%  |  5425   |   1703   | 76%  |  279184  |   0    | 207.54MB  
 00:10:14 | WARNING! Aborting CBS - could not obtain an initial solution for the following agents: Agent23(13->2)
 00:10:14 | WARNING! Aborting CBS - could not obtain an initial solution for the following agents: Agent23(13->12)
 00:10:14 | WARNING! Aborting CBS - could not obtain an initial solution for the following agents: Agent23(13->12)
 00:10:14 | WARNING! Aborting CBS - could not obtain an initial solution for the following agents: Agent0(32->31)
 00:10:14 | WARNING! Aborting CBS - could not obtain an initial solution for the following agents: Agent0(32->30)
 00:10:15 | 00:00:21 | 0.07:43:49 |  96.63%  |  5453   |   1703   | 76%  |  280808  |   0    | 210.18MB  
 00:10:20 | 00:00:21 | 0.07:44:07 |  96.69%  |  5458   |   1703   | 76%  |  280997  |   0    | 225.21MB  
 00:10:21 | WARNING! Aborting CBS - could not obtain an initial solution for the following agents: Agent6(71->70)
 00:10:22 | WARNING! Aborting CBS - could not obtain an initial solution for the following agents: Agent9(71->70)
 00:10:22 | WARNING! Aborting CBS - could not obtain an initial solution for the following agents: Agent9(71->70)
 00:10:25 | 00:00:19 | 0.07:45:47 |  97.04%  |  5476   |   1703   | 76%  |  282003  |   0    | 232.95MB  
 00:10:25 | WARNING! Aborting CBS - could not obtain an initial solution for the following agents: Agent23(12->11)
 00:10:25 | WARNING! Aborting CBS - could not obtain an initial solution for the following agents: Agent23(12->11)
 00:10:25 | WARNING! Aborting CBS - could not obtain an initial solution for the following agents: Agent23(12->11)
 00:10:25 | WARNING! Aborting CBS - could not obtain an initial solution for the following agents: Agent0(31->30)
 00:10:27 | WARNING! Aborting CBS - could not obtain an initial solution for the following agents: Agent6(74->73)
 00:10:27 | WARNING! Aborting CBS - could not obtain an initial solution for the following agents: Agent6(74->73)
 00:10:27 | WARNING! Aborting CBS - could not obtain an initial solution for the following agents: Agent6(74->73)
 00:10:27 | WARNING! Aborting CBS - could not obtain an initial solution for the following agents: Agent17(71->61)
 00:10:27 | WARNING! Aborting CBS - could not obtain an initial solution for the following agents: Agent17(71->61)
 00:10:27 | WARNING! Aborting CBS - could not obtain an initial solution for the following agents: Agent17(71->61)
 00:10:27 | WARNING! Aborting CBS - could not obtain an initial solution for the following agents: Agent17(71->63)
 00:10:30 | 00:00:11 | 0.07:51:39 |  98.26%  |  5549   |   1703   | 76%  |  285263  |   0    | 240.71MB  
 00:10:30 | WARNING! Aborting CBS - could not obtain an initial solution for the following agents: Agent10(12->11)
 00:10:30 | WARNING! Aborting CBS - could not obtain an initial solution for the following agents: Agent10(12->11)
 00:10:30 | WARNING! Aborting CBS - could not obtain an initial solution for the following agents: Agent10(12->11)
 00:10:30 | WARNING! Aborting CBS - could not obtain an initial solution for the following agents: Agent10(12->11)
 00:10:30 | WARNING! Aborting CBS - could not obtain an initial solution for the following agents: Agent18(34->33)
 00:10:30 | WARNING! Aborting CBS - could not obtain an initial solution for the following agents: Agent18(34->33)
 00:10:30 | WARNING! Aborting CBS - could not obtain an initial solution for the following agents: Agent18(34->33)
 00:10:30 | WARNING! Aborting CBS - could not obtain an initial solution for the following agents: Agent18(34->33)
 00:10:30 | WARNING! Aborting CBS - could not obtain an initial solution for the following agents: Agent18(34->33)
 00:10:31 | WARNING! Aborting CBS - could not obtain an initial solution for the following agents: Agent1(32->31)
 00:10:31 | WARNING! Aborting CBS - could not obtain an initial solution for the following agents: Agent1(32->31)
 00:10:31 | WARNING! Aborting CBS - could not obtain an initial solution for the following agents: Agent1(32->31)
 00:10:33 | WARNING! Aborting CBS - could not obtain an initial solution for the following agents: Agent17(64->62)
 00:10:33 | WARNING! Aborting CBS - could not obtain an initial solution for the following agents: Agent17(64->62)
 00:10:33 | WARNING! Aborting CBS - could not obtain an initial solution for the following agents: Agent17(64->62)
 00:10:33 | WARNING! Aborting CBS - could not obtain an initial solution for the following agents: Agent17(64->62)
 00:10:33 | WARNING! Aborting CBS - could not obtain an initial solution for the following agents: Agent17(64->63)
 00:10:33 | WARNING! Aborting CBS - could not obtain an initial solution for the following agents: Agent17(64->63)
 00:10:33 | WARNING! Aborting CBS - could not obtain an initial solution for the following agents: Agent17(64->63)
 00:10:33 | WARNING! Aborting CBS - could not obtain an initial solution for the following agents: Agent17(64->63)
 00:10:35 | 00:00:03 | 0.07:57:11 |  99.42%  |  5615   |   1703   | 76%  |  288808  |   0    | 246.13MB  
 00:10:37 | 00:00:00 | 0.08:00:00 | 100.00%  |  5647   |   1703   | 76%  |  290363  |   0    | 253.11MB  
 00:10:37 | >>> Simulation finished - writing results ...
 00:10:38 | >>> Results written
Simulation finished.
>>> Timings
StatTimingPathPlanningAverage: 0.03218122384240682
StatTimingPathPlanningOverall: 601.1774426000018
StatTimingPathPlanningCount: 18681
StatTimingTaskAllocationAverage: 0.0007781055120111676
StatTimingTaskAllocationOverall: 18.36562439999959
StatTimingTaskAllocationCount: 23603
StatTimingItemStorageAverage: 2.011622064445604E-06
StatTimingItemStorageOverall: 0.018416399999999503
StatTimingItemStorageCount: 9155
StatTimingPodStorageAverage: 0.0015660869316375234
StatTimingPodStorageOverall: 4.925343400000011
StatTimingPodStorageCount: 3145
StatTimingReplenishmentBatchingAverage: 1.3640502658289037E-05
StatTimingReplenishmentBatchingOverall: 0.02822220000000002
StatTimingReplenishmentBatchingCount: 2069
StatTimingOrderBatchingAverage: 0.00010995887090009276
StatTimingOrderBatchingOverall: 1.3108197000000057
StatTimingOrderBatchingCount: 11921
>>> Overall
StatOverallBundlesPlaced: 1503
StatOverallItemsOrdered: 9125
StatOverallOrdersPlaced: 5663
StatOverallBundlesRejected: 0
StatOverallOrdersRejected: 0
StatOverallBundlesHandled: 1703
StatOverallItemsHandled: 9113
StatOverallLinesHandled: 8669
StatOverallOrdersHandled: 5647
StatOverallCollisions: 0
StatOverallDistanceTraveled: 290363.419215755
StatOverallDistanceEstimated: 253042
StatOverallAssignedTasks: 23603
StatMaxMemoryUsed: 301.609375
StatRealTimeUsed: 637.7747512
StatAverageTurnoverTime: 1005.1035999964316
StatMedianTurnoverTime: 585.5595990972743
StatLowerQuartileTurnoverTime: 224.36468277322456
StatUpperQuartileTurnoverTime: 1394.5284922092142
StatAverageThroughputTime: 86.54911587368433
StatMedianThroughputTime: 81.35897239263613
StatLowerQuartileThroughputTime: 31.388140795948857
StatUpperQuartileThroughputTime: 127.55399316693729
>>> Energy (Rizqi model)
StatEnergyTotalKJ: 24342.44417127108
StatEnergyE1AccelKJ: 8911.503716730202
StatEnergyE2DecelKJ: 0
StatEnergyE3CruiseKJ: 7271.408252923555
StatEnergyE4RotationKJ: 2865.382383280887
StatEnergyE5LiftLowerKJ: 5294.1498183364065
StatEnergyPerOrderKJ: 4.310686058309027
StatEnergyPerMeterJoule: 83.81662794618603
StatEnergyIdleKJ: 66914.41128277026
StatEnergyTotalWithIdleKJ: 91256.85545404135
StatEnergyPerOrderWithIdleKJ: 16.160236489116585
StatDistanceTraveledRizqiM: 290425
>>> Motion Behavior
StatTurningCount: 37450
StatStopAndGoCount: 47382
StatLoadedDistanceM: 197715
StatLoadedTurningCount: 26700
StatLoadedStopAndGoCount: 35357
StatEmptyTurningCount: 10750
StatEmptyStopAndGoCount: 12025
StatWaitTimeSec: 280884.30868053605
StatPathPlanningTimeouts: 179
StatMoveEnergyEmptyKJ: 1290.5790000000015
StatMoveTimeEmptySec: 124028.92858834313
StatTurnEnergyEmptyKJ: 206.68756383692173
StatTurnTimeEmptySec: 11339.386861233666
StatMoveEnergyLoadedKJ: 14892.33296965375
StatMoveTimeLoadedSec: 293090.9580258461
StatTurnEnergyLoadedKJ: 2658.6948194439833
StatTurnTimeLoadedSec: 27111.25964480297
StatStopAndGoEnergyEmptyKJ: 1497.2665638369197
StatStopAndGoEnergyLoadedKJ: 17551.027789097738
StatPrefEmptyW: 11.060686977335095
StatPrefLoadedW: 54.81232427674884
>>> Support & Utilization
StatESupportKJ: 25279.58778126367
StatESupportLoadedKJ: 15696.090626958714
StatESupportEmptyKJ: 9583.497154292849
StatESupportPerOrderKJ: 4.4766403012685805
StatTimeIdleSec: 10.92
StatRobotUtilization: 0.9999854166666666
StatESupportToMechRatio: 1.0384983366254819

Marked tag finished after 1 tries!
.Fin. - SUCCESS
