<<< Welcome to the RAWSimO CLI >>>
The time is: 04/17/2026 09:45:46
Starting RAWSimO wrapper with the following arguments:
Instance: Material/Instances/CoreBenchmark/aesop.xlayo
Setting: Material/Instances/CoreBenchmark/test-short.xsett
ControlConfig: Material/Instances/CoreBenchmark/aesop-ecbs.xconf
StatisticsDir: output_compare/10seed-ecbs/
Seed: 4
Adding handler for unhandled exceptions ...
Initializing ... 
LayoutConfiguration recognized!
Parsing setting config ...
Parsing control config ...
Parsing layout config ...
Generating instance...
Info about all directions within the generated instance:
# # # # # e p e p p p p p p p p p p p p p p p p p e p p p p p p p p p p p p p p p p p e p p p p p p p p p e s # # # # # 
# # # # # n q ^ + + + + + + + + v + + + + + + + + ^ + + + + + + + + v + + + + + + + + ^ + + + + + + + + q d q # # # # # 
# # # # # b p b + + + + + + + + v + + + + + + + + ^ + + + + + + + + v + + + + + + + + ^ + + + + + + + + v b s # # # # # 
s w w w w d q d < < < < < < < < q < < < < < < < < d < < < < < < < < q < < < < < < < < d < < < < < < < < q d q w w w w w 
p e e e s b p b + + + + + + + + v + + + + + + + + ^ + + + + + + + + v + + + + + + + + ^ + + + + + + + + v b p e e e e n 
s w w w w d q ^ + + + + + + + + v + + + + + + + + ^ + + + + + + + + v + + + + + + + + ^ + + + + + + + + q d q n w w w d 
e e e e e b p b > > > > > > > > p > > > > > > > > b > > > > > > > > p > > > > > > > > b > > > > > > > > p b p e e e e n 
# # # # # n q ^ + + + + + + + + v + + + + + + + + ^ + + + + + + + + v + + + + + + + + ^ + + + + + + + + q d q # # # # # 
# # # # # b p b + + + + + + + + v + + + + + + + + ^ + + + + + + + + v + + + + + + + + ^ + + + + + + + + v b s # # # # # 
s w w w w d q d < < < < < < < < q < < < < < < < < d < < < < < < < < q < < < < < < < < d < < < < < < < < q d q w w w w w 
p e e e s b p b + + + + + + + + v + + + + + + + + ^ + + + + + + + + v + + + + + + + + ^ + + + + + + + + v b p e e e e n 
s w w w w d q ^ + + + + + + + + v + + + + + + + + ^ + + + + + + + + v + + + + + + + + ^ + + + + + + + + q d q n w w w d 
e e e e e b p b > > > > > > > > p > > > > > > > > b > > > > > > > > p > > > > > > > > b > > > > > > > > p b p e e e e n 
# # # # # n q ^ + + + + + + + + v + + + + + + + + ^ + + + + + + + + v + + + + + + + + ^ + + + + + + + + q d q # # # # # 
# # # # # b p b + + + + + + + + v + + + + + + + + ^ + + + + + + + + v + + + + + + + + ^ + + + + + + + + v b s # # # # # 
s w w w w d q d < < < < < < < < q < < < < < < < < d < < < < < < < < q < < < < < < < < d < < < < < < < < q d q w w w w w 
p e e e s b p b + + + + + + + + v + + + + + + + + ^ + + + + + + + + v + + + + + + + + ^ + + + + + + + + v b p e e e e n 
s w w w w d q ^ + + + + + + + + v + + + + + + + + ^ + + + + + + + + v + + + + + + + + ^ + + + + + + + + q d q n w w w d 
e e e e e b p b > > > > > > > > p > > > > > > > > b > > > > > > > > p > > > > > > > > b > > > > > > > > p b p e e e e n 
# # # # # n q ^ + + + + + + + + v + + + + + + + + ^ + + + + + + + + v + + + + + + + + ^ + + + + + + + + q d q # # # # # 
# # # # # b p b + + + + + + + + v + + + + + + + + ^ + + + + + + + + v + + + + + + + + ^ + + + + + + + + v b s # # # # # 
s w w w w d q d < < < < < < < < q < < < < < < < < d < < < < < < < < q < < < < < < < < d < < < < < < < < q d q w w w w w 
p e e e s b p b + + + + + + + + v + + + + + + + + ^ + + + + + + + + v + + + + + + + + ^ + + + + + + + + v b p e e e e n 
s w w w w d q ^ + + + + + + + + v + + + + + + + + ^ + + + + + + + + v + + + + + + + + ^ + + + + + + + + q d q n w w w d 
e e e e e b p b > > > > > > > > p > > > > > > > > b > > > > > > > > p > > > > > > > > b > > > > > > > > p b p e e e e n 
# # # # # n q ^ + + + + + + + + v + + + + + + + + ^ + + + + + + + + v + + + + + + + + ^ + + + + + + + + q d q # # # # # 
# # # # # b p b + + + + + + + + v + + + + + + + + ^ + + + + + + + + v + + + + + + + + ^ + + + + + + + + v b s # # # # # 
# # # # # n q d < < < < < < < < q < < < < < < < < d < < < < < < < < q < < < < < < < < d < < < < < < < < q d q # # # # # 
# # # # # b p b + + + + + + + + v + + + + + + + + ^ + + + + + + + + v + + + + + + + + ^ + + + + + + + + v b s # # # # # 
# # # # # n q ^ + + + + + + + + v + + + + + + + + ^ + + + + + + + + v + + + + + + + + ^ + + + + + + + + q d q # # # # # 
# # # # # b p b > > > > > > > > p > > > > > > > > b > > > > > > > > p > > > > > > > > b > > > > > > > > p b s # # # # # 
# # # # # n q ^ + + + + + + + + v + + + + + + + + ^ + + + + + + + + v + + + + + + + + ^ + + + + + + + + q d q # # # # # 
# # # # # b p b + + + + + + + + v + + + + + + + + ^ + + + + + + + + v + + + + + + + + ^ + + + + + + + + v b s # # # # # 
# # # # # n w d d d d d d d d d w d d d d d d d d d d d d d d d d d w d d d d d d d d d d d d d d d d d w d w # # # # # 


Info about all types within the generated instance:
# # # # # r r r r r r r r r r r r r r r r r r r r r r r r r r r r r r r r r r r r r r r r r r r r r r r r r r # # # # # 
# # # # # r r r s s s s s s s s r s s s s s s s s r s s s s s s s s r s s s s s s s s r s s s s s s s s r r r # # # # # 
# # # # # r r r s s s s s s s s r s s s s s s s s r s s s s s s s s r s s s s s s s s r s s s s s s s s r r r # # # # # 
b b b b b r r r r r r r r r r r r r r r r r r r r r r r r r r r r r r r r r r r r r r r r r r r r r r r r r r b b b b o 
b b b b b r r r s s s s s s s s r s s s s s s s s r s s s s s s s s r s s s s s s s s r s s s s s s s s r r r b b b b b 
b b b b b r r r s s s s s s s s r s s s s s s s s r s s s s s s s s r s s s s s s s s r s s s s s s s s r r r b b b b b 
i b b b b r r r r r r r r r r r r r r r r r r r r r r r r r r r r r r r r r r r r r r r r r r r r r r r r r r b b b b b 
# # # # # r r r s s s s s s s s r s s s s s s s s r s s s s s s s s r s s s s s s s s r s s s s s s s s r r r # # # # # 
# # # # # r r r s s s s s s s s r s s s s s s s s r s s s s s s s s r s s s s s s s s r s s s s s s s s r r r # # # # # 
b b b b b r r r r r r r r r r r r r r r r r r r r r r r r r r r r r r r r r r r r r r r r r r r r r r r r r r b b b b o 
b b b b b r r r s s s s s s s s r s s s s s s s s r s s s s s s s s r s s s s s s s s r s s s s s s s s r r r b b b b b 
b b b b b r r r s s s s s s s s r s s s s s s s s r s s s s s s s s r s s s s s s s s r s s s s s s s s r r r b b b b b 
i b b b b r r r r r r r r r r r r r r r r r r r r r r r r r r r r r r r r r r r r r r r r r r r r r r r r r r b b b b b 
# # # # # r r r s s s s s s s s r s s s s s s s s r s s s s s s s s r s s s s s s s s r s s s s s s s s r r r # # # # # 
# # # # # r r r s s s s s s s s r s s s s s s s s r s s s s s s s s r s s s s s s s s r s s s s s s s s r r r # # # # # 
b b b b b r r r r r r r r r r r r r r r r r r r r r r r r r r r r r r r r r r r r r r r r r r r r r r r r r r b b b b o 
b b b b b r r r s s s s s s s s r s s s s s s s s r s s s s s s s s r s s s s s s s s r s s s s s s s s r r r b b b b b 
b b b b b r r r s s s s s s s s r s s s s s s s s r s s s s s s s s r s s s s s s s s r s s s s s s s s r r r b b b b b 
i b b b b r r r r r r r r r r r r r r r r r r r r r r r r r r r r r r r r r r r r r r r r r r r r r r r r r r b b b b b 
# # # # # r r r s s s s s s s s r s s s s s s s s r s s s s s s s s r s s s s s s s s r s s s s s s s s r r r # # # # # 
# # # # # r r r s s s s s s s s r s s s s s s s s r s s s s s s s s r s s s s s s s s r s s s s s s s s r r r # # # # # 
b b b b b r r r r r r r r r r r r r r r r r r r r r r r r r r r r r r r r r r r r r r r r r r r r r r r r r r b b b b o 
b b b b b r r r s s s s s s s s r s s s s s s s s r s s s s s s s s r s s s s s s s s r s s s s s s s s r r r b b b b b 
b b b b b r r r s s s s s s s s r s s s s s s s s r s s s s s s s s r s s s s s s s s r s s s s s s s s r r r b b b b b 
i b b b b r r r r r r r r r r r r r r r r r r r r r r r r r r r r r r r r r r r r r r r r r r r r r r r r r r b b b b b 
# # # # # r r r s s s s s s s s r s s s s s s s s r s s s s s s s s r s s s s s s s s r s s s s s s s s r r r # # # # # 
# # # # # r r r s s s s s s s s r s s s s s s s s r s s s s s s s s r s s s s s s s s r s s s s s s s s r r r # # # # # 
# # # # # r r r r r r r r r r r r r r r r r r r r r r r r r r r r r r r r r r r r r r r r r r r r r r r r r r # # # # # 
# # # # # r r r s s s s s s s s r s s s s s s s s r s s s s s s s s r s s s s s s s s r s s s s s s s s r r r # # # # # 
# # # # # r r r s s s s s s s s r s s s s s s s s r s s s s s s s s r s s s s s s s s r s s s s s s s s r r r # # # # # 
# # # # # r r r r r r r r r r r r r r r r r r r r r r r r r r r r r r r r r r r r r r r r r r r r r r r r r r # # # # # 
# # # # # r r r s s s s s s s s r s s s s s s s s r s s s s s s s s r s s s s s s s s r s s s s s s s s r r r # # # # # 
# # # # # r r r s s s s s s s s r s s s s s s s s r s s s s s s s s r s s s s s s s s r s s s s s s s s r r r # # # # # 
# # # # # r r r r r r r r r r r r r r r r r r r r r r r r r r r r r r r r r r r r r r r r r r r r r r r r r r # # # # # 


[EnergyConsumption] Configured from LayoutConfiguration: RobotMass=100 kg, PodFrameMass=300 kg
StatisticsFolder: aesop-aesop-aesop-ecbs-4
Done!
Executing ... 
 09:45:57 | >>> Warming up ...
 00:00:00 | >>> Warmup finished - starting simulation ...
 Realtime |   ETA    |  Sim.Time  | Progress | #Orders | #Bundles | Inv. | Distance | #Coll. |   Memory    
 00:00:00 |   n/a    | 0.00:00:00 |  0.00%   |    0    |    0     | 70%  |    0     |   0    | 145.83MB  
 00:00:05 |  > 24h   | 0.00:00:00 |  0.00%   |    0    |    0     | 70%  |    0     |   0    | 148.54MB  
 00:00:10 |  > 24h   | 0.00:00:00 |  0.00%   |    0    |    0     | 70%  |    0     |   0    | 148.63MB  
 00:00:10 | WARNING! Aborting ECBS - could not obtain an initial solution for the following agents: Agent0(286->884),Agent9(1853->1130)
 00:00:12 | WARNING! Aborting ECBS - could not obtain an initial solution for the following agents: Agent23(344->15)
 00:00:13 | WARNING! Aborting ECBS - could not obtain an initial solution for the following agents: Agent20(508->499)
 00:00:14 | ECBS timeout #1 fallback=bestLB SolutionCost=54952.92 generated=172
 00:00:15 | 00:13:33 | 0.00:00:32 |  1.83%   |    0    |    0     | 70%  |   417    |   0    | 149.47MB  
 00:00:15 | WARNING! Aborting ECBS - could not obtain an initial solution for the following agents: Agent15(1224->155)
 00:00:15 | WARNING! Aborting ECBS - could not obtain an initial solution for the following agents: Agent15(1224->155)
 00:00:15 | WARNING! Aborting ECBS - could not obtain an initial solution for the following agents: Agent15(1224->154)
 00:00:16 | WARNING! Aborting ECBS - could not obtain an initial solution for the following agents: Agent24(575->114)
 00:00:18 | WARNING! Aborting ECBS - could not obtain an initial solution for the following agents: Agent24(285->114)
 00:00:19 | WARNING! Aborting ECBS - could not obtain an initial solution for the following agents: Agent15(1222->154)
 00:00:19 | WARNING! Aborting ECBS - could not obtain an initial solution for the following agents: Agent19(547->31)
 00:00:20 | 00:08:39 | 0.00:01:07 |  3.72%   |    1    |    0     | 70%  |   875    |   0    | 148.44MB  
 00:00:20 | WARNING! Aborting ECBS - could not obtain an initial solution for the following agents: Agent10(4->8)
 00:00:21 | WARNING! Aborting ECBS - could not obtain an initial solution for the following agents: Agent19(285->31)
 00:00:24 | ECBS RandomHop mutated 1/13 agent paths [SUPPRESSED] (cumulative=1)
 00:00:25 | 00:08:12 | 0.00:01:27 |  4.85%   |    4    |    4     | 70%  |   1121   |   0    | 147.52MB  
 00:00:27 | WARNING! Aborting ECBS - could not obtain an initial solution for the following agents: Agent24(104->113)
 00:00:27 | WARNING! Aborting ECBS - could not obtain an initial solution for the following agents: Agent13(52->51)
 00:00:27 | WARNING! Aborting ECBS - could not obtain an initial solution for the following agents: Agent24(104->113)
 00:00:27 | WARNING! Aborting ECBS - could not obtain an initial solution for the following agents: Agent8(11->2)
 00:00:27 | WARNING! Aborting ECBS - could not obtain an initial solution for the following agents: Agent8(11->8)
 00:00:30 | 00:05:05 | 0.00:02:41 |  8.98%   |   21    |    34    | 70%  |   1647   |   0    | 148.15MB  
 00:00:33 | WARNING! Aborting ECBS - could not obtain an initial solution for the following agents: Agent2(497->1175)
 00:00:34 | WARNING! Aborting ECBS - could not obtain an initial solution for the following agents: Agent2(498->1175)
 00:00:35 | WARNING! Aborting ECBS - could not obtain an initial solution for the following agents: Agent2(502->1175)
 00:00:35 | 00:04:03 | 0.00:03:46 |  12.60%  |   41    |    56    | 70%  |   2101   |   0    | 149.18MB  
 00:00:38 | WARNING! Aborting ECBS - could not obtain an initial solution for the following agents: Agent6(1761->71)
 00:00:38 | WARNING! Aborting ECBS - could not obtain an initial solution for the following agents: Agent6(1761->72)
 00:00:38 | WARNING! Aborting ECBS - could not obtain an initial solution for the following agents: Agent16(338->1130)
 00:00:40 | 00:03:12 | 0.00:05:10 |  17.26%  |   59    |    85    | 71%  |   2865   |   0    | 148.88MB  
 00:00:40 | WARNING! Aborting ECBS - could not obtain an initial solution for the following agents: Agent23(388->1131)
 00:00:40 | WARNING! Aborting ECBS - could not obtain an initial solution for the following agents: Agent11(291->53)
 00:00:40 | WARNING! Aborting ECBS - could not obtain an initial solution for the following agents: Agent15(982->995)
 00:00:40 | WARNING! Aborting ECBS - could not obtain an initial solution for the following agents: Agent25(1767->1544)
 00:00:40 | WARNING! Aborting ECBS - could not obtain an initial solution for the following agents: Agent3(967->33)
 00:00:42 | WARNING! Aborting ECBS - could not obtain an initial solution for the following agents: Agent1(1748->92)
 00:00:44 | WARNING! Aborting ECBS - could not obtain an initial solution for the following agents: Agent6(1146->1131)
 00:00:44 | WARNING! Aborting ECBS - could not obtain an initial solution for the following agents: Agent8(430->605)
 00:00:44 | WARNING! Aborting ECBS - could not obtain an initial solution for the following agents: Agent19(1042->1056)
 00:00:45 | 00:02:15 | 0.00:07:29 |  24.98%  |   91    |   133    | 71%  |   4166   |   0    | 149.13MB  
 00:00:45 | WARNING! Aborting ECBS - could not obtain an initial solution for the following agents: Agent3(35->614)
 00:00:45 | WARNING! Aborting ECBS - could not obtain an initial solution for the following agents: Agent20(1295->399)
 00:00:45 | WARNING! Aborting ECBS - could not obtain an initial solution for the following agents: Agent20(1295->399)
 00:00:47 | WARNING! Aborting ECBS - could not obtain an initial solution for the following agents: Agent22(274->133)
 00:00:48 | WARNING! Aborting ECBS - could not obtain an initial solution for the following agents: Agent0(1149->1130)
 00:00:48 | WARNING! Aborting ECBS - could not obtain an initial solution for the following agents: Agent10(599->614),Agent12(1550->389)
 00:00:48 | WARNING! Aborting ECBS - could not obtain an initial solution for the following agents: Agent10(599->614),Agent12(1550->389)
 00:00:49 | WARNING! Aborting ECBS - could not obtain an initial solution for the following agents: Agent12(1550->389)
 00:00:49 | WARNING! Aborting ECBS - could not obtain an initial solution for the following agents: Agent12(1550->389),Agent13(774->788)
 00:00:49 | WARNING! Aborting ECBS - could not obtain an initial solution for the following agents: Agent12(1550->389)
 00:00:49 | WARNING! Aborting ECBS - could not obtain an initial solution for the following agents: Agent10(599->614),Agent12(1550->389),Agent13(774->788)
 00:00:49 | WARNING! Aborting ECBS - could not obtain an initial solution for the following agents: Agent12(1550->389),Agent21(274->115)
 00:00:49 | WARNING! Aborting ECBS - could not obtain an initial solution for the following agents: Agent12(1550->389)
 00:00:49 | WARNING! Aborting ECBS - could not obtain an initial solution for the following agents: Agent12(1550->389)
 00:00:50 | 00:01:54 | 0.00:09:07 |  30.41%  |   113   |   160    | 71%  |   5051   |   0    | 148.50MB  
 00:00:50 | WARNING! Aborting ECBS - could not obtain an initial solution for the following agents: Agent12(1550->389)
 00:00:50 | WARNING! Aborting ECBS - could not obtain an initial solution for the following agents: Agent12(1550->389)
 00:00:50 | WARNING! Aborting ECBS - could not obtain an initial solution for the following agents: Agent12(1550->389)
 00:00:50 | WARNING! Aborting ECBS - could not obtain an initial solution for the following agents: Agent12(1550->389)
 00:00:50 | WARNING! Aborting ECBS - could not obtain an initial solution for the following agents: Agent12(1550->389)
 00:00:50 | WARNING! Aborting ECBS - could not obtain an initial solution for the following agents: Agent12(1550->389)
 00:00:50 | WARNING! Aborting ECBS - could not obtain an initial solution for the following agents: Agent12(1550->389)
 00:00:50 | WARNING! Aborting ECBS - could not obtain an initial solution for the following agents: Agent12(1550->389)
 00:00:50 | WARNING! Aborting ECBS - could not obtain an initial solution for the following agents: Agent12(1550->389)
 00:00:50 | WARNING! Aborting ECBS - could not obtain an initial solution for the following agents: Agent12(1550->389)
 00:00:50 | WARNING! Aborting ECBS - could not obtain an initial solution for the following agents: Agent12(1550->389)
 00:00:51 | WARNING! Aborting ECBS - could not obtain an initial solution for the following agents: Agent13(831->52)
 00:00:53 | WARNING! Aborting ECBS - could not obtain an initial solution for the following agents: Agent24(706->113)
 00:00:53 | WARNING! Aborting ECBS - could not obtain an initial solution for the following agents: Agent17(1409->1403)
 00:00:53 | WARNING! Aborting ECBS - could not obtain an initial solution for the following agents: Agent0(1106->32)
 00:00:54 | WARNING! Aborting ECBS - could not obtain an initial solution for the following agents: Agent12(389->133)
 00:00:55 | WARNING! Aborting ECBS - could not obtain an initial solution for the following agents: Agent19(836->32)
 00:00:55 | 00:01:42 | 0.00:10:28 |  34.90%  |   131   |   183    | 72%  |   5935   |   0    | 148.76MB  
 00:00:55 | WARNING! Aborting ECBS - could not obtain an initial solution for the following agents: Agent2(252->92)
 00:00:55 | WARNING! Aborting ECBS - could not obtain an initial solution for the following agents: Agent18(703->529)
 00:00:56 | ECBS RandomHop mutated 1/14 agent paths [SUPPRESSED] (cumulative=2)
 00:00:56 | ECBS RandomHop mutated 1/12 agent paths [SUPPRESSED] (cumulative=3)
 00:00:56 | ECBS RandomHop mutated 1/9 agent paths [SUPPRESSED] (cumulative=4)
 00:00:56 | ECBS RandomHop mutated 1/9 agent paths [SUPPRESSED] (cumulative=5)
 00:00:56 | ECBS RandomHop mutated 1/9 agent paths [SUPPRESSED] (cumulative=6)
 00:00:56 | ECBS RandomHop mutated 1/8 agent paths [SUPPRESSED] (cumulative=7)
 00:00:56 | ECBS RandomHop mutated 1/8 agent paths [SUPPRESSED] (cumulative=8)
 00:00:56 | ECBS RandomHop mutated 1/7 agent paths [SUPPRESSED] (cumulative=9)
 00:00:56 | ECBS RandomHop mutated 1/7 agent paths [SUPPRESSED] (cumulative=10)
 00:00:56 | ECBS RandomHop mutated 1/7 agent paths [SUPPRESSED] (cumulative=11)
 00:00:56 | ECBS RandomHop mutated 1/7 agent paths [SUPPRESSED] (cumulative=12)
 00:00:56 | ECBS RandomHop mutated 1/7 agent paths [SUPPRESSED] (cumulative=13)
 00:00:56 | ECBS RandomHop mutated 1/6 agent paths [SUPPRESSED] (cumulative=14)
 00:00:56 | WARNING! Aborting ECBS - could not obtain an initial solution for the following agents: Agent23(15->462)
 00:00:56 | ECBS RandomHop mutated 1/7 agent paths [SUPPRESSED] (cumulative=15)
 00:00:56 | ECBS RandomHop mutated 1/7 agent paths [SUPPRESSED] (cumulative=16)
 00:00:56 | ECBS RandomHop mutated 1/7 agent paths [SUPPRESSED] (cumulative=17)
 00:00:56 | ECBS RandomHop mutated 1/7 agent paths [SUPPRESSED] (cumulative=18)
 00:00:57 | ECBS RandomHop mutated 1/8 agent paths [SUPPRESSED] (cumulative=19)
 00:00:57 | ECBS RandomHop mutated 1/9 agent paths [SUPPRESSED] (cumulative=20)
 00:00:57 | ECBS RandomHop mutated 1/6 agent paths [SUPPRESSED] (cumulative=21)
 00:00:57 | ECBS RandomHop mutated 1/6 agent paths [SUPPRESSED] (cumulative=22)
 00:00:57 | ECBS RandomHop mutated 1/6 agent paths [SUPPRESSED] (cumulative=23)
 00:00:57 | ECBS RandomHop mutated 1/6 agent paths [SUPPRESSED] (cumulative=24)
 00:00:57 | ECBS RandomHop mutated 1/7 agent paths [SUPPRESSED] (cumulative=25)
 00:00:57 | ECBS RandomHop mutated 1/8 agent paths [SUPPRESSED] (cumulative=26)
 00:00:57 | ECBS RandomHop mutated 1/8 agent paths [SUPPRESSED] (cumulative=27)
 00:00:57 | ECBS RandomHop mutated 1/8 agent paths [SUPPRESSED] (cumulative=28)
 00:00:57 | ECBS RandomHop mutated 2/9 agent paths [SUPPRESSED] (cumulative=30)
 00:00:57 | ECBS RandomHop mutated 2/10 agent paths [SUPPRESSED] (cumulative=32)
 00:00:57 | ECBS RandomHop mutated 2/10 agent paths [SUPPRESSED] (cumulative=34)
 00:00:57 | WARNING! Aborting ECBS - could not obtain an initial solution for the following agents: Agent12(389->135)
 00:00:57 | ECBS RandomHop mutated 2/10 agent paths [SUPPRESSED] (cumulative=36)
 00:00:57 | ECBS RandomHop mutated 2/11 agent paths [SUPPRESSED] (cumulative=38)
 00:00:57 | ECBS RandomHop mutated 2/11 agent paths [SUPPRESSED] (cumulative=40)
 00:00:57 | ECBS RandomHop mutated 2/10 agent paths [SUPPRESSED] (cumulative=42)
 00:00:57 | ECBS RandomHop mutated 2/10 agent paths [SUPPRESSED] (cumulative=44)
 00:00:57 | ECBS RandomHop mutated 2/10 agent paths [SUPPRESSED] (cumulative=46)
 00:00:57 | ECBS RandomHop mutated 2/10 agent paths [SUPPRESSED] (cumulative=48)
 00:00:57 | ECBS RandomHop mutated 2/11 agent paths [SUPPRESSED] (cumulative=50)
 00:00:57 | ECBS RandomHop mutated 2/11 agent paths [SUPPRESSED] (cumulative=52)
 00:00:58 | ECBS RandomHop mutated 2/11 agent paths [SUPPRESSED] (cumulative=54)
 00:00:58 | WARNING! Aborting ECBS - could not obtain an initial solution for the following agents: Agent23(15->462)
 00:00:58 | ECBS RandomHop mutated 2/11 agent paths [SUPPRESSED] (cumulative=56)
 00:00:58 | ECBS RandomHop mutated 2/11 agent paths [SUPPRESSED] (cumulative=58)
 00:00:58 | WARNING! Aborting ECBS - could not obtain an initial solution for the following agents: Agent1(938->92)
 00:00:58 | ECBS RandomHop mutated 3/12 agent paths [SUPPRESSED] (cumulative=61)
 00:00:58 | ECBS RandomHop mutated 3/11 agent paths [SUPPRESSED] (cumulative=64)
 00:00:58 | ECBS RandomHop mutated 3/11 agent paths [SUPPRESSED] (cumulative=67)
 00:00:58 | ECBS RandomHop mutated 3/11 agent paths [SUPPRESSED] (cumulative=70)
 00:00:58 | ECBS RandomHop mutated 3/12 agent paths [SUPPRESSED] (cumulative=73)
 00:00:58 | ECBS RandomHop mutated 3/12 agent paths [SUPPRESSED] (cumulative=76)
 00:00:58 | ECBS RandomHop mutated 3/12 agent paths [SUPPRESSED] (cumulative=79)
 00:00:58 | ECBS RandomHop mutated 3/12 agent paths [SUPPRESSED] (cumulative=82)
 00:00:58 | ECBS RandomHop mutated 3/12 agent paths [SUPPRESSED] (cumulative=85)
 00:00:58 | ECBS RandomHop mutated 3/12 agent paths [SUPPRESSED] (cumulative=88)
 00:00:58 | ECBS RandomHop mutated 3/13 agent paths [SUPPRESSED] (cumulative=91)
 00:00:59 | ECBS RandomHop mutated 3/13 agent paths [SUPPRESSED] (cumulative=94)
 00:00:59 | ECBS RandomHop mutated 3/13 agent paths [SUPPRESSED] (cumulative=97)
 00:00:59 | ECBS RandomHop mutated 3/14 agent paths [SUPPRESSED] (cumulative=100)
 00:00:59 | WARNING! Aborting ECBS - could not obtain an initial solution for the following agents: Agent11(1012->995)
 00:00:59 | ECBS RandomHop mutated 3/14 agent paths [SUPPRESSED] (cumulative=103)
 00:00:59 | ECBS RandomHop mutated 3/14 agent paths [SUPPRESSED] (cumulative=106)
 00:00:59 | ECBS RandomHop mutated 3/15 agent paths [SUPPRESSED] (cumulative=109)
 00:00:59 | ECBS RandomHop mutated 3/15 agent paths [SUPPRESSED] (cumulative=112)
 00:00:59 | ECBS RandomHop mutated 3/13 agent paths [SUPPRESSED] (cumulative=115)
 00:00:59 | ECBS RandomHop mutated 3/13 agent paths [SUPPRESSED] (cumulative=118)
 00:00:59 | WARNING! Aborting ECBS - could not obtain an initial solution for the following agents: Agent7(621->52)
 00:00:59 | ECBS RandomHop mutated 3/15 agent paths [SUPPRESSED] (cumulative=121)
 00:00:59 | ECBS RandomHop mutated 3/15 agent paths [SUPPRESSED] (cumulative=124)
 00:00:59 | ECBS RandomHop mutated 3/14 agent paths [SUPPRESSED] (cumulative=127)
 00:00:59 | WARNING! Aborting ECBS - could not obtain an initial solution for the following agents: Agent11(1012->995)
 00:00:59 | ECBS RandomHop mutated 3/14 agent paths [SUPPRESSED] (cumulative=130)
 00:00:59 | ECBS RandomHop mutated 3/14 agent paths [SUPPRESSED] (cumulative=133)
 00:00:59 | ECBS RandomHop mutated 3/15 agent paths [SUPPRESSED] (cumulative=136)
 00:00:59 | ECBS RandomHop mutated 3/13 agent paths [SUPPRESSED] (cumulative=139)
 00:00:59 | ECBS RandomHop mutated 3/13 agent paths [SUPPRESSED] (cumulative=142)
 00:00:59 | ECBS RandomHop mutated 3/13 agent paths [SUPPRESSED] (cumulative=145)
 00:00:59 | WARNING! Aborting ECBS - could not obtain an initial solution for the following agents: Agent8(1772->11)
 00:00:59 | ECBS RandomHop mutated 3/13 agent paths [SUPPRESSED] (cumulative=148)
 00:00:59 | WARNING! Aborting ECBS - could not obtain an initial solution for the following agents: Agent12(389->134)
 00:00:59 | ECBS RandomHop mutated 3/15 agent paths [SUPPRESSED] (cumulative=151)
 00:00:59 | ECBS RandomHop mutated 3/16 agent paths [SUPPRESSED] (cumulative=154)
 00:00:59 | WARNING! Aborting ECBS - could not obtain an initial solution for the following agents: Agent12(389->134)
 00:00:59 | ECBS RandomHop mutated 3/16 agent paths [SUPPRESSED] (cumulative=157)
 00:01:00 | ECBS RandomHop mutated 3/16 agent paths [SUPPRESSED] (cumulative=160)
 00:01:00 | ECBS RandomHop mutated 3/17 agent paths [SUPPRESSED] (cumulative=163)
 00:01:00 | 00:01:28 | 0.00:12:05 |  40.31%  |   150   |   209    | 72%  |   6719   |   0    | 149.69MB  
 00:01:00 | ECBS RandomHop mutated 3/16 agent paths [SUPPRESSED] (cumulative=166)
 00:01:00 | WARNING! Aborting ECBS - could not obtain an initial solution for the following agents: Agent7(1737->53)
 00:01:00 | ECBS RandomHop mutated 3/15 agent paths [SUPPRESSED] (cumulative=169)
 00:01:00 | ECBS RandomHop mutated 3/14 agent paths [SUPPRESSED] (cumulative=172)
 00:01:00 | ECBS RandomHop mutated 3/14 agent paths [SUPPRESSED] (cumulative=175)
 00:01:00 | ECBS RandomHop mutated 3/13 agent paths [SUPPRESSED] (cumulative=178)
 00:01:00 | ECBS RandomHop mutated 3/13 agent paths [SUPPRESSED] (cumulative=181)
 00:01:00 | ECBS RandomHop mutated 3/13 agent paths [SUPPRESSED] (cumulative=184)
 00:01:00 | ECBS RandomHop mutated 3/13 agent paths [SUPPRESSED] (cumulative=187)
 00:01:00 | ECBS RandomHop mutated 3/14 agent paths [SUPPRESSED] (cumulative=190)
 00:01:00 | ECBS RandomHop mutated 3/14 agent paths [SUPPRESSED] (cumulative=193)
 00:01:00 | ECBS RandomHop mutated 3/12 agent paths [SUPPRESSED] (cumulative=196)
 00:01:00 | ECBS RandomHop mutated 3/12 agent paths [SUPPRESSED] (cumulative=199)
 00:01:00 | ECBS RandomHop mutated 3/12 agent paths [SUPPRESSED] (cumulative=202)
 00:01:00 | ECBS RandomHop mutated 3/13 agent paths [SUPPRESSED] (cumulative=205)
 00:01:00 | ECBS RandomHop mutated 3/12 agent paths [SUPPRESSED] (cumulative=208)
 00:01:00 | ECBS RandomHop mutated 3/12 agent paths [SUPPRESSED] (cumulative=211)
 00:01:00 | ECBS RandomHop mutated 3/12 agent paths [SUPPRESSED] (cumulative=214)
 00:01:00 | ECBS RandomHop mutated 3/11 agent paths [SUPPRESSED] (cumulative=217)
 00:01:00 | ECBS RandomHop mutated 3/10 agent paths [SUPPRESSED] (cumulative=220)
 00:01:00 | ECBS RandomHop mutated 3/10 agent paths [SUPPRESSED] (cumulative=223)
 00:01:00 | ECBS RandomHop mutated 3/10 agent paths [SUPPRESSED] (cumulative=226)
 00:01:00 | ECBS RandomHop mutated 3/12 agent paths [SUPPRESSED] (cumulative=229)
 00:01:00 | ECBS RandomHop mutated 3/13 agent paths [SUPPRESSED] (cumulative=232)
 00:01:00 | ECBS RandomHop mutated 3/15 agent paths [SUPPRESSED] (cumulative=235)
 00:01:00 | ECBS RandomHop mutated 3/15 agent paths [SUPPRESSED] (cumulative=238)
 00:01:00 | ECBS RandomHop mutated 3/14 agent paths [SUPPRESSED] (cumulative=241)
 00:01:00 | ECBS RandomHop mutated 3/14 agent paths [SUPPRESSED] (cumulative=244)
 00:01:01 | ECBS RandomHop mutated 3/14 agent paths [SUPPRESSED] (cumulative=247)
 00:01:01 | ECBS RandomHop mutated 3/14 agent paths [SUPPRESSED] (cumulative=250)
 00:01:01 | ECBS RandomHop mutated 3/14 agent paths [SUPPRESSED] (cumulative=253)
 00:01:01 | ECBS RandomHop mutated 3/16 agent paths [SUPPRESSED] (cumulative=256)
 00:01:01 | ECBS RandomHop mutated 3/16 agent paths [SUPPRESSED] (cumulative=259)
 00:01:01 | ECBS RandomHop mutated 3/16 agent paths [SUPPRESSED] (cumulative=262)
 00:01:01 | ECBS RandomHop mutated 3/14 agent paths [SUPPRESSED] (cumulative=265)
 00:01:01 | ECBS RandomHop mutated 3/14 agent paths [SUPPRESSED] (cumulative=268)
 00:01:01 | ECBS RandomHop mutated 3/13 agent paths [SUPPRESSED] (cumulative=271)
 00:01:01 | ECBS RandomHop mutated 3/13 agent paths [SUPPRESSED] (cumulative=274)
 00:01:01 | ECBS RandomHop mutated 3/11 agent paths [SUPPRESSED] (cumulative=277)
 00:01:01 | ECBS RandomHop mutated 3/10 agent paths [SUPPRESSED] (cumulative=280)
 00:01:01 | ECBS RandomHop mutated 3/10 agent paths [SUPPRESSED] (cumulative=283)
 00:01:01 | ECBS RandomHop mutated 3/10 agent paths [SUPPRESSED] (cumulative=286)
 00:01:01 | ECBS RandomHop mutated 3/10 agent paths [SUPPRESSED] (cumulative=289)
 00:01:01 | ECBS RandomHop mutated 3/10 agent paths [SUPPRESSED] (cumulative=292)
 00:01:01 | ECBS RandomHop mutated 3/10 agent paths [SUPPRESSED] (cumulative=295)
 00:01:01 | ECBS RandomHop mutated 3/10 agent paths [SUPPRESSED] (cumulative=298)
 00:01:01 | ECBS RandomHop mutated 3/9 agent paths [SUPPRESSED] (cumulative=301)
 00:01:01 | ECBS RandomHop mutated 3/10 agent paths [SUPPRESSED] (cumulative=304)
 00:01:01 | ECBS RandomHop mutated 3/11 agent paths [SUPPRESSED] (cumulative=307)
 00:01:01 | ECBS RandomHop mutated 3/11 agent paths [SUPPRESSED] (cumulative=310)
 00:01:01 | ECBS RandomHop mutated 3/10 agent paths [SUPPRESSED] (cumulative=313)
 00:01:01 | ECBS RandomHop mutated 3/10 agent paths [SUPPRESSED] (cumulative=316)
 00:01:01 | WARNING! Aborting ECBS - could not obtain an initial solution for the following agents: Agent23(15->462)
 00:01:01 | ECBS RandomHop mutated 3/11 agent paths [SUPPRESSED] (cumulative=319)
 00:01:02 | ECBS RandomHop mutated 3/11 agent paths [SUPPRESSED] (cumulative=322)
 00:01:02 | ECBS RandomHop mutated 3/11 agent paths [SUPPRESSED] (cumulative=325)
 00:01:02 | ECBS RandomHop mutated 3/12 agent paths [SUPPRESSED] (cumulative=328)
 00:01:02 | ECBS RandomHop mutated 3/14 agent paths [SUPPRESSED] (cumulative=331)
 00:01:02 | ECBS RandomHop mutated 3/15 agent paths [SUPPRESSED] (cumulative=334)
 00:01:02 | ECBS RandomHop mutated 3/14 agent paths [SUPPRESSED] (cumulative=337)
 00:01:02 | ECBS RandomHop mutated 3/13 agent paths [SUPPRESSED] (cumulative=340)
 00:01:02 | ECBS RandomHop mutated 3/12 agent paths [SUPPRESSED] (cumulative=343)
 00:01:02 | ECBS RandomHop mutated 3/13 agent paths [SUPPRESSED] (cumulative=346)
 00:01:02 | ECBS RandomHop mutated 3/13 agent paths [SUPPRESSED] (cumulative=349)
 00:01:02 | ECBS RandomHop mutated 3/13 agent paths [SUPPRESSED] (cumulative=352)
 00:01:02 | ECBS RandomHop mutated 3/12 agent paths [SUPPRESSED] (cumulative=355)
 00:01:02 | ECBS RandomHop mutated 3/12 agent paths [SUPPRESSED] (cumulative=358)
 00:01:02 | ECBS RandomHop mutated 3/12 agent paths [SUPPRESSED] (cumulative=361)
 00:01:02 | ECBS RandomHop mutated 3/13 agent paths [SUPPRESSED] (cumulative=364)
 00:01:02 | ECBS RandomHop mutated 3/14 agent paths [SUPPRESSED] (cumulative=367)
 00:01:02 | ECBS RandomHop mutated 3/14 agent paths [SUPPRESSED] (cumulative=370)
 00:01:02 | ECBS RandomHop mutated 3/14 agent paths [SUPPRESSED] (cumulative=373)
 00:01:02 | ECBS RandomHop mutated 3/14 agent paths [SUPPRESSED] (cumulative=376)
 00:01:02 | ECBS RandomHop mutated 3/14 agent paths [SUPPRESSED] (cumulative=379)
 00:01:02 | ECBS RandomHop mutated 3/15 agent paths [SUPPRESSED] (cumulative=382)
 00:01:02 | ECBS RandomHop mutated 3/15 agent paths [SUPPRESSED] (cumulative=385)
 00:01:02 | ECBS RandomHop mutated 3/15 agent paths [SUPPRESSED] (cumulative=388)
 00:01:02 | ECBS RandomHop mutated 3/14 agent paths [SUPPRESSED] (cumulative=391)
 00:01:02 | ECBS RandomHop mutated 3/14 agent paths [SUPPRESSED] (cumulative=394)
 00:01:02 | ECBS RandomHop mutated 3/14 agent paths [SUPPRESSED] (cumulative=397)
 00:01:02 | ECBS RandomHop mutated 3/15 agent paths [SUPPRESSED] (cumulative=400)
 00:01:02 | ECBS RandomHop mutated 3/15 agent paths [SUPPRESSED] (cumulative=403)
 00:01:02 | ECBS RandomHop mutated 3/16 agent paths [SUPPRESSED] (cumulative=406)
 00:01:02 | ECBS RandomHop mutated 3/15 agent paths [SUPPRESSED] (cumulative=409)
 00:01:02 | ECBS RandomHop mutated 3/14 agent paths [SUPPRESSED] (cumulative=412)
 00:01:02 | ECBS RandomHop mutated 3/12 agent paths [SUPPRESSED] (cumulative=415)
 00:01:02 | ECBS RandomHop mutated 3/13 agent paths [SUPPRESSED] (cumulative=418)
 00:01:02 | ECBS RandomHop mutated 3/13 agent paths [SUPPRESSED] (cumulative=421)
 00:01:02 | ECBS RandomHop mutated 3/13 agent paths [SUPPRESSED] (cumulative=424)
 00:01:03 | ECBS RandomHop mutated 3/13 agent paths [SUPPRESSED] (cumulative=427)
 00:01:03 | ECBS RandomHop mutated 3/13 agent paths [SUPPRESSED] (cumulative=430)
 00:01:03 | ECBS RandomHop mutated 3/13 agent paths [SUPPRESSED] (cumulative=433)
 00:01:03 | ECBS RandomHop mutated 3/13 agent paths [SUPPRESSED] (cumulative=436)
 00:01:03 | ECBS RandomHop mutated 3/12 agent paths [SUPPRESSED] (cumulative=439)
 00:01:03 | ECBS RandomHop mutated 4/13 agent paths [SUPPRESSED] (cumulative=443)
 00:01:03 | ECBS RandomHop mutated 4/14 agent paths [SUPPRESSED] (cumulative=447)
 00:01:03 | ECBS RandomHop mutated 4/14 agent paths [SUPPRESSED] (cumulative=451)
 00:01:03 | ECBS RandomHop mutated 4/14 agent paths [SUPPRESSED] (cumulative=455)
 00:01:03 | ECBS RandomHop mutated 4/13 agent paths [SUPPRESSED] (cumulative=459)
 00:01:03 | ECBS RandomHop mutated 4/15 agent paths [SUPPRESSED] (cumulative=463)
 00:01:03 | ECBS RandomHop mutated 4/15 agent paths [SUPPRESSED] (cumulative=467)
 00:01:03 | ECBS RandomHop mutated 4/14 agent paths [SUPPRESSED] (cumulative=471)
 00:01:03 | ECBS RandomHop mutated 4/14 agent paths [SUPPRESSED] (cumulative=475)
 00:01:03 | ECBS RandomHop mutated 3/14 agent paths [SUPPRESSED] (cumulative=478)
 00:01:03 | ECBS RandomHop mutated 3/13 agent paths [SUPPRESSED] (cumulative=481)
 00:01:03 | WARNING! Aborting ECBS - could not obtain an initial solution for the following agents: Agent13(52->50)
 00:01:03 | ECBS RandomHop mutated 3/11 agent paths [SUPPRESSED] (cumulative=484)
 00:01:03 | WARNING! Aborting ECBS - could not obtain an initial solution for the following agents: Agent13(52->50)
 00:01:03 | ECBS RandomHop mutated 3/11 agent paths [SUPPRESSED] (cumulative=487)
 00:01:03 | WARNING! Aborting ECBS - could not obtain an initial solution for the following agents: Agent13(52->50)
 00:01:03 | ECBS RandomHop mutated 3/12 agent paths [SUPPRESSED] (cumulative=490)
 00:01:03 | WARNING! Aborting ECBS - could not obtain an initial solution for the following agents: Agent13(52->50)
 00:01:03 | ECBS RandomHop mutated 3/12 agent paths [SUPPRESSED] (cumulative=493)
 00:01:03 | WARNING! Aborting ECBS - could not obtain an initial solution for the following agents: Agent13(52->51)
 00:01:03 | ECBS RandomHop mutated 3/12 agent paths [SUPPRESSED] (cumulative=496)
 00:01:03 | WARNING! Aborting ECBS - could not obtain an initial solution for the following agents: Agent13(52->51)
 00:01:03 | ECBS RandomHop mutated 3/12 agent paths [SUPPRESSED] (cumulative=499)
 00:01:03 | ECBS RandomHop mutated 3/11 agent paths [SUPPRESSED] (cumulative=502)
 00:01:03 | ECBS RandomHop mutated 3/10 agent paths [SUPPRESSED] (cumulative=505)
 00:01:03 | ECBS RandomHop mutated 3/11 agent paths [SUPPRESSED] (cumulative=508)
 00:01:03 | ECBS RandomHop mutated 3/10 agent paths [SUPPRESSED] (cumulative=511)
 00:01:03 | ECBS RandomHop mutated 3/12 agent paths [SUPPRESSED] (cumulative=514)
 00:01:03 | ECBS RandomHop mutated 3/13 agent paths [SUPPRESSED] (cumulative=517)
 00:01:03 | ECBS RandomHop mutated 3/13 agent paths [SUPPRESSED] (cumulative=520)
 00:01:03 | ECBS RandomHop mutated 3/13 agent paths [SUPPRESSED] (cumulative=523)
 00:01:03 | ECBS RandomHop mutated 3/13 agent paths [SUPPRESSED] (cumulative=526)
 00:01:03 | ECBS RandomHop mutated 3/13 agent paths [SUPPRESSED] (cumulative=529)
 00:01:03 | ECBS RandomHop mutated 3/14 agent paths [SUPPRESSED] (cumulative=532)
 00:01:03 | ECBS RandomHop mutated 3/14 agent paths [SUPPRESSED] (cumulative=535)
 00:01:03 | ECBS RandomHop mutated 3/13 agent paths [SUPPRESSED] (cumulative=538)
 00:01:03 | ECBS RandomHop mutated 3/13 agent paths [SUPPRESSED] (cumulative=541)
 00:01:03 | ECBS RandomHop mutated 3/13 agent paths [SUPPRESSED] (cumulative=544)
 00:01:03 | ECBS RandomHop mutated 3/13 agent paths [SUPPRESSED] (cumulative=547)
 00:01:03 | ECBS RandomHop mutated 3/12 agent paths [SUPPRESSED] (cumulative=550)
 00:01:03 | ECBS RandomHop mutated 3/12 agent paths [SUPPRESSED] (cumulative=553)
 00:01:03 | ECBS RandomHop mutated 3/11 agent paths [SUPPRESSED] (cumulative=556)
 00:01:03 | ECBS RandomHop mutated 3/11 agent paths [SUPPRESSED] (cumulative=559)
 00:01:03 | ECBS RandomHop mutated 3/12 agent paths [SUPPRESSED] (cumulative=562)
 00:01:03 | ECBS RandomHop mutated 3/9 agent paths [SUPPRESSED] (cumulative=565)
 00:01:03 | ECBS RandomHop mutated 3/8 agent paths [SUPPRESSED] (cumulative=568)
 00:01:03 | ECBS RandomHop mutated 3/7 agent paths [SUPPRESSED] (cumulative=571)
 00:01:03 | ECBS RandomHop mutated 3/7 agent paths [SUPPRESSED] (cumulative=574)
 00:01:03 | ECBS RandomHop mutated 3/7 agent paths [SUPPRESSED] (cumulative=577)
 00:01:03 | ECBS RandomHop mutated 3/7 agent paths [SUPPRESSED] (cumulative=580)
 00:01:03 | ECBS RandomHop mutated 3/7 agent paths [SUPPRESSED] (cumulative=583)
 00:01:03 | ECBS RandomHop mutated 3/7 agent paths [SUPPRESSED] (cumulative=586)
 00:01:03 | ECBS RandomHop mutated 3/7 agent paths [SUPPRESSED] (cumulative=589)
 00:01:04 | ECBS RandomHop mutated 3/8 agent paths [SUPPRESSED] (cumulative=592)
 00:01:04 | ECBS RandomHop mutated 3/9 agent paths [SUPPRESSED] (cumulative=595)
 00:01:04 | ECBS RandomHop mutated 3/11 agent paths [SUPPRESSED] (cumulative=598)
 00:01:04 | ECBS RandomHop mutated 3/11 agent paths [SUPPRESSED] (cumulative=601)
 00:01:04 | ECBS RandomHop mutated 3/10 agent paths [SUPPRESSED] (cumulative=604)
 00:01:04 | ECBS RandomHop mutated 3/10 agent paths [SUPPRESSED] (cumulative=607)
 00:01:04 | ECBS RandomHop mutated 3/9 agent paths [SUPPRESSED] (cumulative=610)
 00:01:04 | ECBS RandomHop mutated 3/7 agent paths [SUPPRESSED] (cumulative=613)
 00:01:04 | ECBS RandomHop mutated 3/8 agent paths [SUPPRESSED] (cumulative=616)
 00:01:04 | ECBS RandomHop mutated 3/8 agent paths [SUPPRESSED] (cumulative=619)
 00:01:04 | ECBS RandomHop mutated 3/9 agent paths [SUPPRESSED] (cumulative=622)
 00:01:04 | ECBS RandomHop mutated 3/9 agent paths [SUPPRESSED] (cumulative=625)
 00:01:04 | ECBS RandomHop mutated 3/9 agent paths [SUPPRESSED] (cumulative=628)
 00:01:04 | ECBS RandomHop mutated 3/8 agent paths [SUPPRESSED] (cumulative=631)
 00:01:04 | ECBS RandomHop mutated 3/9 agent paths [SUPPRESSED] (cumulative=634)
 00:01:04 | ECBS RandomHop mutated 3/10 agent paths [SUPPRESSED] (cumulative=637)
 00:01:04 | ECBS RandomHop mutated 3/9 agent paths [SUPPRESSED] (cumulative=640)
 00:01:04 | ECBS RandomHop mutated 3/9 agent paths [SUPPRESSED] (cumulative=643)
 00:01:04 | ECBS RandomHop mutated 3/10 agent paths [SUPPRESSED] (cumulative=646)
 00:01:04 | ECBS RandomHop mutated 3/9 agent paths [SUPPRESSED] (cumulative=649)
 00:01:04 | ECBS RandomHop mutated 3/9 agent paths [SUPPRESSED] (cumulative=652)
 00:01:04 | ECBS RandomHop mutated 3/9 agent paths [SUPPRESSED] (cumulative=655)
 00:01:04 | ECBS RandomHop mutated 3/8 agent paths [SUPPRESSED] (cumulative=658)
 00:01:04 | ECBS RandomHop mutated 3/9 agent paths [SUPPRESSED] (cumulative=661)
 00:01:04 | ECBS RandomHop mutated 3/10 agent paths [SUPPRESSED] (cumulative=664)
 00:01:04 | ECBS RandomHop mutated 3/10 agent paths [SUPPRESSED] (cumulative=667)
 00:01:04 | ECBS RandomHop mutated 3/10 agent paths [SUPPRESSED] (cumulative=670)
 00:01:04 | ECBS RandomHop mutated 3/10 agent paths [SUPPRESSED] (cumulative=673)
 00:01:04 | ECBS RandomHop mutated 3/10 agent paths [SUPPRESSED] (cumulative=676)
 00:01:04 | ECBS RandomHop mutated 3/11 agent paths [SUPPRESSED] (cumulative=679)
 00:01:04 | ECBS RandomHop mutated 3/11 agent paths [SUPPRESSED] (cumulative=682)
 00:01:04 | ECBS RandomHop mutated 3/12 agent paths [SUPPRESSED] (cumulative=685)
 00:01:04 | ECBS RandomHop mutated 3/12 agent paths [SUPPRESSED] (cumulative=688)
 00:01:04 | ECBS RandomHop mutated 3/11 agent paths [SUPPRESSED] (cumulative=691)
 00:01:04 | ECBS RandomHop mutated 3/13 agent paths [SUPPRESSED] (cumulative=694)
 00:01:04 | ECBS RandomHop mutated 3/13 agent paths [SUPPRESSED] (cumulative=697)
 00:01:04 | ECBS RandomHop mutated 3/13 agent paths [SUPPRESSED] (cumulative=700)
 00:01:04 | ECBS RandomHop mutated 3/13 agent paths [SUPPRESSED] (cumulative=703)
 00:01:04 | ECBS RandomHop mutated 3/13 agent paths [SUPPRESSED] (cumulative=706)
 00:01:04 | ECBS RandomHop mutated 3/14 agent paths [SUPPRESSED] (cumulative=709)
 00:01:05 | ECBS RandomHop mutated 4/13 agent paths [SUPPRESSED] (cumulative=713)
 00:01:05 | 00:01:03 | 0.00:15:13 |  50.76%  |   177   |   266    | 72%  |   8059   |   0    | 150.04MB  
 00:01:05 | ECBS RandomHop mutated 4/15 agent paths [SUPPRESSED] (cumulative=717)
 00:01:05 | ECBS RandomHop mutated 4/14 agent paths [SUPPRESSED] (cumulative=721)
 00:01:05 | ECBS RandomHop mutated 4/14 agent paths [SUPPRESSED] (cumulative=725)
 00:01:05 | ECBS RandomHop mutated 4/15 agent paths [SUPPRESSED] (cumulative=729)
 00:01:05 | ECBS RandomHop mutated 4/16 agent paths [SUPPRESSED] (cumulative=733)
 00:01:05 | ECBS RandomHop mutated 4/15 agent paths [SUPPRESSED] (cumulative=737)
 00:01:05 | ECBS RandomHop mutated 4/14 agent paths [SUPPRESSED] (cumulative=741)
 00:01:05 | ECBS RandomHop mutated 4/14 agent paths [SUPPRESSED] (cumulative=745)
 00:01:05 | ECBS RandomHop mutated 4/15 agent paths [SUPPRESSED] (cumulative=749)
 00:01:05 | ECBS RandomHop mutated 4/14 agent paths [SUPPRESSED] (cumulative=753)
 00:01:05 | ECBS RandomHop mutated 4/13 agent paths [SUPPRESSED] (cumulative=757)
 00:01:05 | ECBS RandomHop mutated 4/13 agent paths [SUPPRESSED] (cumulative=761)
 00:01:05 | ECBS RandomHop mutated 4/13 agent paths [SUPPRESSED] (cumulative=765)
 00:01:05 | ECBS RandomHop mutated 4/14 agent paths [SUPPRESSED] (cumulative=769)
 00:01:05 | ECBS RandomHop mutated 4/13 agent paths [SUPPRESSED] (cumulative=773)
 00:01:05 | ECBS RandomHop mutated 4/14 agent paths [SUPPRESSED] (cumulative=777)
 00:01:05 | ECBS RandomHop mutated 4/15 agent paths [SUPPRESSED] (cumulative=781)
 00:01:05 | ECBS RandomHop mutated 4/14 agent paths [SUPPRESSED] (cumulative=785)
 00:01:05 | ECBS RandomHop mutated 4/14 agent paths [SUPPRESSED] (cumulative=789)
 00:01:05 | ECBS RandomHop mutated 4/15 agent paths [SUPPRESSED] (cumulative=793)
 00:01:05 | ECBS RandomHop mutated 4/15 agent paths [SUPPRESSED] (cumulative=797)
 00:01:05 | ECBS RandomHop mutated 4/16 agent paths [SUPPRESSED] (cumulative=801)
 00:01:05 | ECBS RandomHop mutated 4/16 agent paths [SUPPRESSED] (cumulative=805)
 00:01:05 | ECBS RandomHop mutated 4/17 agent paths [SUPPRESSED] (cumulative=809)
 00:01:05 | ECBS RandomHop mutated 4/17 agent paths [SUPPRESSED] (cumulative=813)
 00:01:05 | ECBS RandomHop mutated 4/15 agent paths [SUPPRESSED] (cumulative=817)
 00:01:05 | ECBS RandomHop mutated 4/16 agent paths [SUPPRESSED] (cumulative=821)
 00:01:05 | ECBS RandomHop mutated 4/15 agent paths [SUPPRESSED] (cumulative=825)
 00:01:05 | ECBS RandomHop mutated 4/15 agent paths [SUPPRESSED] (cumulative=829)
 00:01:05 | ECBS RandomHop mutated 4/14 agent paths [SUPPRESSED] (cumulative=833)
 00:01:05 | ECBS RandomHop mutated 4/13 agent paths [SUPPRESSED] (cumulative=837)
 00:01:05 | ECBS RandomHop mutated 4/13 agent paths [SUPPRESSED] (cumulative=841)
 00:01:05 | ECBS RandomHop mutated 4/13 agent paths [SUPPRESSED] (cumulative=845)
 00:01:05 | ECBS RandomHop mutated 4/14 agent paths [SUPPRESSED] (cumulative=849)
 00:01:05 | ECBS RandomHop mutated 4/14 agent paths [SUPPRESSED] (cumulative=853)
 00:01:05 | ECBS RandomHop mutated 4/14 agent paths [SUPPRESSED] (cumulative=857)
 00:01:05 | ECBS RandomHop mutated 4/14 agent paths [SUPPRESSED] (cumulative=861)
 00:01:05 | ECBS RandomHop mutated 4/16 agent paths [SUPPRESSED] (cumulative=865)
 00:01:05 | ECBS RandomHop mutated 4/15 agent paths [SUPPRESSED] (cumulative=869)
 00:01:05 | ECBS RandomHop mutated 4/14 agent paths [SUPPRESSED] (cumulative=873)
 00:01:05 | ECBS RandomHop mutated 4/14 agent paths [SUPPRESSED] (cumulative=877)
 00:01:05 | ECBS RandomHop mutated 4/15 agent paths [SUPPRESSED] (cumulative=881)
 00:01:05 | ECBS RandomHop mutated 4/14 agent paths [SUPPRESSED] (cumulative=885)
 00:01:05 | ECBS RandomHop mutated 4/14 agent paths [SUPPRESSED] (cumulative=889)
 00:01:05 | ECBS RandomHop mutated 4/14 agent paths [SUPPRESSED] (cumulative=893)
 00:01:05 | ECBS RandomHop mutated 4/14 agent paths [SUPPRESSED] (cumulative=897)
 00:01:06 | ECBS RandomHop mutated 4/15 agent paths [SUPPRESSED] (cumulative=901)
 00:01:06 | ECBS RandomHop mutated 4/15 agent paths [SUPPRESSED] (cumulative=905)
 00:01:06 | ECBS RandomHop mutated 4/15 agent paths [SUPPRESSED] (cumulative=909)
 00:01:06 | ECBS RandomHop mutated 4/16 agent paths [SUPPRESSED] (cumulative=913)
 00:01:06 | ECBS RandomHop mutated 4/15 agent paths [SUPPRESSED] (cumulative=917)
 00:01:06 | ECBS RandomHop mutated 4/15 agent paths [SUPPRESSED] (cumulative=921)
 00:01:06 | ECBS RandomHop mutated 5/15 agent paths [SUPPRESSED] (cumulative=926)
 00:01:06 | ECBS RandomHop mutated 5/15 agent paths [SUPPRESSED] (cumulative=931)
 00:01:06 | ECBS RandomHop mutated 5/14 agent paths [SUPPRESSED] (cumulative=936)
 00:01:06 | ECBS RandomHop mutated 5/14 agent paths [SUPPRESSED] (cumulative=941)
 00:01:06 | ECBS RandomHop mutated 5/14 agent paths [SUPPRESSED] (cumulative=946)
 00:01:06 | ECBS RandomHop mutated 5/14 agent paths [SUPPRESSED] (cumulative=951)
 00:01:06 | ECBS RandomHop mutated 5/13 agent paths [SUPPRESSED] (cumulative=956)
 00:01:06 | ECBS RandomHop mutated 5/14 agent paths [SUPPRESSED] (cumulative=961)
 00:01:06 | ECBS RandomHop mutated 5/14 agent paths [SUPPRESSED] (cumulative=966)
 00:01:06 | ECBS RandomHop mutated 5/14 agent paths [SUPPRESSED] (cumulative=971)
 00:01:06 | ECBS RandomHop mutated 5/15 agent paths [SUPPRESSED] (cumulative=976)
 00:01:06 | ECBS RandomHop mutated 5/15 agent paths [SUPPRESSED] (cumulative=981)
 00:01:06 | ECBS RandomHop mutated 5/14 agent paths [SUPPRESSED] (cumulative=986)
 00:01:06 | ECBS RandomHop mutated 5/13 agent paths [SUPPRESSED] (cumulative=991)
 00:01:06 | ECBS RandomHop mutated 5/15 agent paths [SUPPRESSED] (cumulative=996)
 00:01:06 | ECBS RandomHop mutated 5/15 agent paths [SUPPRESSED] (cumulative=1001)
 00:01:06 | ECBS RandomHop mutated 5/15 agent paths [SUPPRESSED] (cumulative=1006)
 00:01:06 | ECBS RandomHop mutated 5/15 agent paths [SUPPRESSED] (cumulative=1011)
 00:01:06 | ECBS RandomHop mutated 5/16 agent paths [SUPPRESSED] (cumulative=1016)
 00:01:06 | ECBS RandomHop mutated 5/16 agent paths [SUPPRESSED] (cumulative=1021)
 00:01:06 | ECBS RandomHop mutated 5/16 agent paths [SUPPRESSED] (cumulative=1026)
 00:01:06 | ECBS RandomHop mutated 5/16 agent paths [SUPPRESSED] (cumulative=1031)
 00:01:06 | ECBS RandomHop mutated 5/17 agent paths [SUPPRESSED] (cumulative=1036)
 00:01:06 | ECBS RandomHop mutated 5/18 agent paths [SUPPRESSED] (cumulative=1041)
 00:01:06 | ECBS RandomHop mutated 5/16 agent paths [SUPPRESSED] (cumulative=1046)
 00:01:06 | ECBS RandomHop mutated 5/17 agent paths [SUPPRESSED] (cumulative=1051)
 00:01:06 | ECBS RandomHop mutated 5/16 agent paths [SUPPRESSED] (cumulative=1056)
 00:01:06 | ECBS RandomHop mutated 5/16 agent paths [SUPPRESSED] (cumulative=1061)
 00:01:06 | ECBS RandomHop mutated 5/16 agent paths [SUPPRESSED] (cumulative=1066)
 00:01:06 | ECBS RandomHop mutated 5/15 agent paths [SUPPRESSED] (cumulative=1071)
 00:01:06 | ECBS RandomHop mutated 5/14 agent paths [SUPPRESSED] (cumulative=1076)
 00:01:06 | ECBS RandomHop mutated 5/15 agent paths [SUPPRESSED] (cumulative=1081)
 00:01:06 | ECBS RandomHop mutated 5/15 agent paths [SUPPRESSED] (cumulative=1086)
 00:01:06 | ECBS RandomHop mutated 5/14 agent paths [SUPPRESSED] (cumulative=1091)
 00:01:06 | ECBS RandomHop mutated 5/14 agent paths [SUPPRESSED] (cumulative=1096)
 00:01:07 | ECBS RandomHop mutated 6/13 agent paths [SUPPRESSED] (cumulative=1102)
 00:01:07 | WARNING! Aborting ECBS - could not obtain an initial solution for the following agents: Agent12(389->134)
 00:01:07 | ECBS RandomHop mutated 6/13 agent paths [SUPPRESSED] (cumulative=1108)
 00:01:07 | ECBS RandomHop mutated 6/13 agent paths [SUPPRESSED] (cumulative=1114)
 00:01:07 | ECBS RandomHop mutated 6/12 agent paths [SUPPRESSED] (cumulative=1120)
 00:01:07 | ECBS RandomHop mutated 6/12 agent paths [SUPPRESSED] (cumulative=1126)
 00:01:07 | ECBS RandomHop mutated 6/12 agent paths [SUPPRESSED] (cumulative=1132)
 00:01:07 | ECBS RandomHop mutated 6/12 agent paths [SUPPRESSED] (cumulative=1138)
 00:01:07 | ECBS RandomHop mutated 6/12 agent paths [SUPPRESSED] (cumulative=1144)
 00:01:07 | ECBS RandomHop mutated 6/12 agent paths [SUPPRESSED] (cumulative=1150)
 00:01:07 | ECBS RandomHop mutated 6/12 agent paths [SUPPRESSED] (cumulative=1156)
 00:01:07 | ECBS RandomHop mutated 6/13 agent paths [SUPPRESSED] (cumulative=1162)
 00:01:07 | ECBS RandomHop mutated 6/13 agent paths [SUPPRESSED] (cumulative=1168)
 00:01:07 | ECBS RandomHop mutated 6/13 agent paths [SUPPRESSED] (cumulative=1174)
 00:01:07 | ECBS RandomHop mutated 6/13 agent paths [SUPPRESSED] (cumulative=1180)
 00:01:07 | ECBS RandomHop mutated 6/13 agent paths [SUPPRESSED] (cumulative=1186)
 00:01:07 | ECBS RandomHop mutated 6/13 agent paths [SUPPRESSED] (cumulative=1192)
 00:01:07 | ECBS RandomHop mutated 6/13 agent paths [SUPPRESSED] (cumulative=1198)
 00:01:07 | ECBS RandomHop mutated 6/13 agent paths [SUPPRESSED] (cumulative=1204)
 00:01:07 | ECBS RandomHop mutated 6/13 agent paths [SUPPRESSED] (cumulative=1210)
 00:01:07 | ECBS RandomHop mutated 6/12 agent paths [SUPPRESSED] (cumulative=1216)
 00:01:07 | ECBS RandomHop mutated 6/10 agent paths [SUPPRESSED] (cumulative=1222)
 00:01:07 | ECBS RandomHop mutated 6/10 agent paths [SUPPRESSED] (cumulative=1228)
 00:01:07 | ECBS RandomHop mutated 6/10 agent paths [SUPPRESSED] (cumulative=1234)
 00:01:07 | ECBS RandomHop mutated 6/10 agent paths [SUPPRESSED] (cumulative=1240)
 00:01:07 | ECBS RandomHop mutated 6/10 agent paths [SUPPRESSED] (cumulative=1246)
 00:01:07 | ECBS RandomHop mutated 6/10 agent paths [SUPPRESSED] (cumulative=1252)
 00:01:07 | ECBS RandomHop mutated 6/10 agent paths [SUPPRESSED] (cumulative=1258)
 00:01:07 | ECBS RandomHop mutated 6/10 agent paths [SUPPRESSED] (cumulative=1264)
 00:01:07 | ECBS RandomHop mutated 6/9 agent paths [SUPPRESSED] (cumulative=1270)
 00:01:07 | WARNING! Aborting ECBS - could not obtain an initial solution for the following agents: Agent11(441->50)
 00:01:07 | ECBS RandomHop mutated 6/10 agent paths [SUPPRESSED] (cumulative=1276)
 00:01:07 | ECBS RandomHop mutated 6/11 agent paths [SUPPRESSED] (cumulative=1282)
 00:01:07 | ECBS RandomHop mutated 6/11 agent paths [SUPPRESSED] (cumulative=1288)
 00:01:07 | ECBS RandomHop mutated 6/10 agent paths [SUPPRESSED] (cumulative=1294)
 00:01:07 | ECBS RandomHop mutated 6/10 agent paths [SUPPRESSED] (cumulative=1300)
 00:01:07 | ECBS RandomHop mutated 6/10 agent paths [SUPPRESSED] (cumulative=1306)
 00:01:07 | ECBS RandomHop mutated 6/10 agent paths [SUPPRESSED] (cumulative=1312)
 00:01:07 | ECBS RandomHop mutated 6/10 agent paths [SUPPRESSED] (cumulative=1318)
 00:01:07 | ECBS RandomHop mutated 6/11 agent paths [SUPPRESSED] (cumulative=1324)
 00:01:08 | ECBS RandomHop mutated 6/11 agent paths [SUPPRESSED] (cumulative=1330)
 00:01:08 | WARNING! Aborting ECBS - could not obtain an initial solution for the following agents: Agent24(440->114)
 00:01:08 | ECBS RandomHop mutated 6/10 agent paths [SUPPRESSED] (cumulative=1336)
 00:01:08 | ECBS RandomHop mutated 6/10 agent paths [SUPPRESSED] (cumulative=1342)
 00:01:08 | ECBS RandomHop mutated 6/10 agent paths [SUPPRESSED] (cumulative=1348)
 00:01:08 | ECBS RandomHop mutated 6/10 agent paths [SUPPRESSED] (cumulative=1354)
 00:01:08 | ECBS RandomHop mutated 6/10 agent paths [SUPPRESSED] (cumulative=1360)
 00:01:08 | ECBS RandomHop mutated 6/11 agent paths [SUPPRESSED] (cumulative=1366)
 00:01:08 | ECBS RandomHop mutated 6/11 agent paths [SUPPRESSED] (cumulative=1372)
 00:01:08 | ECBS RandomHop mutated 6/12 agent paths [SUPPRESSED] (cumulative=1378)
 00:01:08 | ECBS RandomHop mutated 6/12 agent paths [SUPPRESSED] (cumulative=1384)
 00:01:08 | WARNING! Aborting ECBS - could not obtain an initial solution for the following agents: Agent11(441->51)
 00:01:08 | ECBS RandomHop mutated 7/12 agent paths [SUPPRESSED] (cumulative=1391)
 00:01:08 | ECBS RandomHop mutated 7/13 agent paths [SUPPRESSED] (cumulative=1398)
 00:01:08 | ECBS RandomHop mutated 7/13 agent paths [SUPPRESSED] (cumulative=1405)
 00:01:08 | WARNING! Aborting ECBS - could not obtain an initial solution for the following agents: Agent12(389->133)
 00:01:08 | ECBS RandomHop mutated 7/13 agent paths [SUPPRESSED] (cumulative=1412)
 00:01:08 | ECBS RandomHop mutated 7/13 agent paths [SUPPRESSED] (cumulative=1419)
 00:01:08 | ECBS RandomHop mutated 7/12 agent paths [SUPPRESSED] (cumulative=1426)
 00:01:08 | ECBS RandomHop mutated 7/12 agent paths [SUPPRESSED] (cumulative=1433)
 00:01:08 | ECBS RandomHop mutated 7/12 agent paths [SUPPRESSED] (cumulative=1440)
 00:01:08 | ECBS RandomHop mutated 7/12 agent paths [SUPPRESSED] (cumulative=1447)
 00:01:08 | WARNING! Aborting ECBS - could not obtain an initial solution for the following agents: Agent9(442->92)
 00:01:08 | ECBS RandomHop mutated 7/12 agent paths [SUPPRESSED] (cumulative=1454)
 00:01:08 | ECBS RandomHop mutated 7/12 agent paths [SUPPRESSED] (cumulative=1461)
 00:01:08 | ECBS RandomHop mutated 7/12 agent paths [SUPPRESSED] (cumulative=1468)
 00:01:08 | ECBS RandomHop mutated 7/12 agent paths [SUPPRESSED] (cumulative=1475)
 00:01:08 | ECBS RandomHop mutated 7/12 agent paths [SUPPRESSED] (cumulative=1482)
 00:01:08 | ECBS RandomHop mutated 7/13 agent paths [SUPPRESSED] (cumulative=1489)
 00:01:09 | ECBS RandomHop mutated 7/13 agent paths [SUPPRESSED] (cumulative=1496)
 00:01:09 | ECBS RandomHop mutated 7/13 agent paths [SUPPRESSED] (cumulative=1503)
 00:01:09 | ECBS RandomHop mutated 7/13 agent paths [SUPPRESSED] (cumulative=1510)
 00:01:09 | WARNING! Aborting ECBS - could not obtain an initial solution for the following agents: Agent9(442->92)
 00:01:09 | ECBS RandomHop mutated 7/11 agent paths [SUPPRESSED] (cumulative=1517)
 00:01:09 | ECBS RandomHop mutated 7/11 agent paths [SUPPRESSED] (cumulative=1524)
 00:01:09 | ECBS RandomHop mutated 7/11 agent paths [SUPPRESSED] (cumulative=1531)
 00:01:09 | ECBS RandomHop mutated 7/10 agent paths [SUPPRESSED] (cumulative=1538)
 00:01:09 | ECBS RandomHop mutated 7/10 agent paths [SUPPRESSED] (cumulative=1545)
 00:01:09 | ECBS RandomHop mutated 7/10 agent paths [SUPPRESSED] (cumulative=1552)
 00:01:09 | ECBS RandomHop mutated 7/10 agent paths [SUPPRESSED] (cumulative=1559)
 00:01:09 | ECBS RandomHop mutated 7/10 agent paths [SUPPRESSED] (cumulative=1566)
 00:01:09 | ECBS RandomHop mutated 7/10 agent paths [SUPPRESSED] (cumulative=1573)
 00:01:09 | ECBS RandomHop mutated 7/11 agent paths [SUPPRESSED] (cumulative=1580)
 00:01:09 | ECBS RandomHop mutated 7/12 agent paths [SUPPRESSED] (cumulative=1587)
 00:01:09 | WARNING! Aborting ECBS - could not obtain an initial solution for the following agents: Agent12(389->133)
 00:01:09 | ECBS RandomHop mutated 7/12 agent paths [SUPPRESSED] (cumulative=1594)
 00:01:09 | ECBS RandomHop mutated 8/12 agent paths [SUPPRESSED] (cumulative=1602)
 00:01:09 | ECBS RandomHop mutated 9/13 agent paths [SUPPRESSED] (cumulative=1611)
 00:01:09 | ECBS RandomHop mutated 9/14 agent paths [SUPPRESSED] (cumulative=1620)
 00:01:09 | ECBS RandomHop mutated 9/14 agent paths [SUPPRESSED] (cumulative=1629)
 00:01:09 | ECBS RandomHop mutated 9/14 agent paths [SUPPRESSED] (cumulative=1638)
 00:01:09 | ECBS RandomHop mutated 9/13 agent paths [SUPPRESSED] (cumulative=1647)
 00:01:09 | ECBS RandomHop mutated 9/13 agent paths [SUPPRESSED] (cumulative=1656)
 00:01:09 | ECBS RandomHop mutated 9/14 agent paths [SUPPRESSED] (cumulative=1665)
 00:01:09 | ECBS RandomHop mutated 9/14 agent paths [SUPPRESSED] (cumulative=1674)
 00:01:09 | ECBS RandomHop mutated 9/14 agent paths [SUPPRESSED] (cumulative=1683)
 00:01:09 | ECBS RandomHop mutated 9/15 agent paths [SUPPRESSED] (cumulative=1692)
 00:01:09 | ECBS RandomHop mutated 9/15 agent paths [SUPPRESSED] (cumulative=1701)
 00:01:09 | ECBS RandomHop mutated 9/15 agent paths [SUPPRESSED] (cumulative=1710)
 00:01:09 | ECBS RandomHop mutated 9/15 agent paths [SUPPRESSED] (cumulative=1719)
 00:01:09 | ECBS RandomHop mutated 9/15 agent paths [SUPPRESSED] (cumulative=1728)
 00:01:09 | ECBS RandomHop mutated 9/15 agent paths [SUPPRESSED] (cumulative=1737)
 00:01:09 | ECBS RandomHop mutated 9/15 agent paths [SUPPRESSED] (cumulative=1746)
 00:01:09 | ECBS RandomHop mutated 9/15 agent paths [SUPPRESSED] (cumulative=1755)
 00:01:09 | ECBS RandomHop mutated 9/15 agent paths [SUPPRESSED] (cumulative=1764)
 00:01:09 | ECBS RandomHop mutated 9/15 agent paths [SUPPRESSED] (cumulative=1773)
 00:01:10 | ECBS RandomHop mutated 9/15 agent paths [SUPPRESSED] (cumulative=1782)
 00:01:10 | ECBS RandomHop mutated 9/14 agent paths [SUPPRESSED] (cumulative=1791)
 00:01:10 | 00:00:43 | 0.00:18:27 |  61.52%  |   199   |   313    | 73%  |   9172   |   0    | 149.90MB  
 00:01:10 | ECBS RandomHop mutated 9/14 agent paths [SUPPRESSED] (cumulative=1800)
 00:01:10 | ECBS RandomHop mutated 9/14 agent paths [SUPPRESSED] (cumulative=1809)
 00:01:10 | ECBS RandomHop mutated 9/15 agent paths [SUPPRESSED] (cumulative=1818)
 00:01:10 | ECBS RandomHop mutated 9/16 agent paths [SUPPRESSED] (cumulative=1827)
 00:01:10 | ECBS RandomHop mutated 9/16 agent paths [SUPPRESSED] (cumulative=1836)
 00:01:10 | ECBS RandomHop mutated 9/16 agent paths [SUPPRESSED] (cumulative=1845)
 00:01:10 | ECBS RandomHop mutated 9/16 agent paths [SUPPRESSED] (cumulative=1854)
 00:01:10 | ECBS RandomHop mutated 9/17 agent paths [SUPPRESSED] (cumulative=1863)
 00:01:10 | ECBS RandomHop mutated 9/16 agent paths [SUPPRESSED] (cumulative=1872)
 00:01:10 | ECBS RandomHop mutated 9/14 agent paths [SUPPRESSED] (cumulative=1881)
 00:01:10 | ECBS RandomHop mutated 9/14 agent paths [SUPPRESSED] (cumulative=1890)
 00:01:10 | ECBS RandomHop mutated 9/13 agent paths [SUPPRESSED] (cumulative=1899)
 00:01:10 | ECBS RandomHop mutated 9/13 agent paths [SUPPRESSED] (cumulative=1908)
 00:01:10 | ECBS RandomHop mutated 9/13 agent paths [SUPPRESSED] (cumulative=1917)
 00:01:10 | ECBS RandomHop mutated 9/13 agent paths [SUPPRESSED] (cumulative=1926)
 00:01:10 | ECBS RandomHop mutated 9/13 agent paths [SUPPRESSED] (cumulative=1935)
 00:01:10 | ECBS RandomHop mutated 9/13 agent paths [SUPPRESSED] (cumulative=1944)
 00:01:10 | ECBS RandomHop mutated 9/13 agent paths [SUPPRESSED] (cumulative=1953)
 00:01:10 | ECBS RandomHop mutated 9/15 agent paths [SUPPRESSED] (cumulative=1962)
 00:01:10 | ECBS RandomHop mutated 9/14 agent paths [SUPPRESSED] (cumulative=1971)
 00:01:10 | ECBS RandomHop mutated 9/15 agent paths [SUPPRESSED] (cumulative=1980)
 00:01:10 | ECBS RandomHop mutated 9/15 agent paths [SUPPRESSED] (cumulative=1989)
 00:01:10 | ECBS RandomHop mutated 9/15 agent paths [SUPPRESSED] (cumulative=1998)
 00:01:10 | ECBS RandomHop mutated 9/14 agent paths [SUPPRESSED] (cumulative=2007)
 00:01:10 | ECBS RandomHop mutated 9/13 agent paths [SUPPRESSED] (cumulative=2016)
 00:01:10 | ECBS RandomHop mutated 9/13 agent paths [SUPPRESSED] (cumulative=2025)
 00:01:10 | ECBS RandomHop mutated 9/13 agent paths [SUPPRESSED] (cumulative=2034)
 00:01:10 | ECBS RandomHop mutated 9/12 agent paths [SUPPRESSED] (cumulative=2043)
 00:01:10 | ECBS RandomHop mutated 9/13 agent paths [SUPPRESSED] (cumulative=2052)
 00:01:10 | ECBS RandomHop mutated 9/13 agent paths [SUPPRESSED] (cumulative=2061)
 00:01:10 | ECBS RandomHop mutated 9/13 agent paths [SUPPRESSED] (cumulative=2070)
 00:01:10 | ECBS RandomHop mutated 9/13 agent paths [SUPPRESSED] (cumulative=2079)
 00:01:11 | ECBS RandomHop mutated 9/14 agent paths [SUPPRESSED] (cumulative=2088)
 00:01:11 | ECBS RandomHop mutated 9/13 agent paths [SUPPRESSED] (cumulative=2097)
 00:01:11 | ECBS RandomHop mutated 9/12 agent paths [SUPPRESSED] (cumulative=2106)
 00:01:11 | ECBS RandomHop mutated 9/12 agent paths [SUPPRESSED] (cumulative=2115)
 00:01:11 | ECBS RandomHop mutated 9/12 agent paths [SUPPRESSED] (cumulative=2124)
 00:01:11 | ECBS RandomHop mutated 9/11 agent paths [SUPPRESSED] (cumulative=2133)
 00:01:11 | ECBS RandomHop mutated 9/12 agent paths [SUPPRESSED] (cumulative=2142)
 00:01:11 | ECBS RandomHop mutated 9/11 agent paths [SUPPRESSED] (cumulative=2151)
 00:01:11 | ECBS RandomHop mutated 9/11 agent paths [SUPPRESSED] (cumulative=2160)
 00:01:11 | ECBS RandomHop mutated 9/13 agent paths [SUPPRESSED] (cumulative=2169)
 00:01:11 | ECBS RandomHop mutated 9/14 agent paths [SUPPRESSED] (cumulative=2178)
 00:01:11 | ECBS RandomHop mutated 9/14 agent paths [SUPPRESSED] (cumulative=2187)
 00:01:11 | ECBS RandomHop mutated 9/14 agent paths [SUPPRESSED] (cumulative=2196)
 00:01:11 | ECBS RandomHop mutated 9/14 agent paths [SUPPRESSED] (cumulative=2205)
 00:01:11 | ECBS RandomHop mutated 9/14 agent paths [SUPPRESSED] (cumulative=2214)
 00:01:11 | WARNING! Aborting ECBS - could not obtain an initial solution for the following agents: Agent24(440->113)
 00:01:11 | ECBS RandomHop mutated 9/14 agent paths [SUPPRESSED] (cumulative=2223)
 00:01:11 | ECBS RandomHop mutated 9/16 agent paths [SUPPRESSED] (cumulative=2232)
 00:01:11 | ECBS RandomHop mutated 9/17 agent paths [SUPPRESSED] (cumulative=2241)
 00:01:11 | ECBS RandomHop mutated 9/18 agent paths [SUPPRESSED] (cumulative=2250)
 00:01:11 | ECBS RandomHop mutated 9/18 agent paths [SUPPRESSED] (cumulative=2259)
 00:01:11 | ECBS RandomHop mutated 9/19 agent paths [SUPPRESSED] (cumulative=2268)
 00:01:11 | ECBS RandomHop mutated 9/17 agent paths [SUPPRESSED] (cumulative=2277)
 00:01:11 | ECBS RandomHop mutated 9/17 agent paths [SUPPRESSED] (cumulative=2286)
 00:01:11 | ECBS RandomHop mutated 9/17 agent paths [SUPPRESSED] (cumulative=2295)
 00:01:11 | ECBS RandomHop mutated 9/16 agent paths [SUPPRESSED] (cumulative=2304)
 00:01:11 | ECBS RandomHop mutated 9/16 agent paths [SUPPRESSED] (cumulative=2313)
 00:01:11 | ECBS RandomHop mutated 9/16 agent paths [SUPPRESSED] (cumulative=2322)
 00:01:12 | ECBS RandomHop mutated 9/16 agent paths [SUPPRESSED] (cumulative=2331)
 00:01:12 | ECBS RandomHop mutated 9/17 agent paths [SUPPRESSED] (cumulative=2340)
 00:01:12 | ECBS RandomHop mutated 9/17 agent paths [SUPPRESSED] (cumulative=2349)
 00:01:12 | ECBS RandomHop mutated 9/17 agent paths [SUPPRESSED] (cumulative=2358)
 00:01:12 | ECBS RandomHop mutated 9/17 agent paths [SUPPRESSED] (cumulative=2367)
 00:01:12 | ECBS RandomHop mutated 9/16 agent paths [SUPPRESSED] (cumulative=2376)
 00:01:12 | ECBS RandomHop mutated 9/17 agent paths [SUPPRESSED] (cumulative=2385)
 00:01:12 | ECBS RandomHop mutated 9/17 agent paths [SUPPRESSED] (cumulative=2394)
 00:01:12 | ECBS RandomHop mutated 9/16 agent paths [SUPPRESSED] (cumulative=2403)
 00:01:12 | ECBS RandomHop mutated 9/16 agent paths [SUPPRESSED] (cumulative=2412)
 00:01:12 | ECBS RandomHop mutated 9/16 agent paths [SUPPRESSED] (cumulative=2421)
 00:01:12 | ECBS RandomHop mutated 9/16 agent paths [SUPPRESSED] (cumulative=2430)
 00:01:12 | ECBS RandomHop mutated 9/17 agent paths [SUPPRESSED] (cumulative=2439)
 00:01:12 | ECBS RandomHop mutated 9/18 agent paths [SUPPRESSED] (cumulative=2448)
 00:01:12 | ECBS RandomHop mutated 9/18 agent paths [SUPPRESSED] (cumulative=2457)
 00:01:12 | ECBS RandomHop mutated 9/18 agent paths [SUPPRESSED] (cumulative=2466)
 00:01:12 | ECBS RandomHop mutated 9/18 agent paths [SUPPRESSED] (cumulative=2475)
 00:01:12 | ECBS RandomHop mutated 9/17 agent paths [SUPPRESSED] (cumulative=2484)
 00:01:12 | ECBS RandomHop mutated 9/18 agent paths [SUPPRESSED] (cumulative=2493)
 00:01:12 | ECBS RandomHop mutated 9/18 agent paths [SUPPRESSED] (cumulative=2502)
 00:01:12 | ECBS RandomHop mutated 9/19 agent paths [SUPPRESSED] (cumulative=2511)
 00:01:12 | ECBS RandomHop mutated 9/19 agent paths [SUPPRESSED] (cumulative=2520)
 00:01:12 | ECBS RandomHop mutated 9/19 agent paths [SUPPRESSED] (cumulative=2529)
 00:01:12 | ECBS RandomHop mutated 9/18 agent paths [SUPPRESSED] (cumulative=2538)
 00:01:12 | ECBS RandomHop mutated 9/19 agent paths [SUPPRESSED] (cumulative=2547)
 00:01:12 | ECBS RandomHop mutated 9/19 agent paths [SUPPRESSED] (cumulative=2556)
 00:01:12 | ECBS RandomHop mutated 9/20 agent paths [SUPPRESSED] (cumulative=2565)
 00:01:12 | ECBS RandomHop mutated 9/20 agent paths [SUPPRESSED] (cumulative=2574)
 00:01:12 | ECBS RandomHop mutated 9/21 agent paths [SUPPRESSED] (cumulative=2583)
 00:01:12 | ECBS RandomHop mutated 9/20 agent paths [SUPPRESSED] (cumulative=2592)
 00:01:12 | ECBS RandomHop mutated 9/20 agent paths [SUPPRESSED] (cumulative=2601)
 00:01:13 | ECBS RandomHop mutated 9/21 agent paths [SUPPRESSED] (cumulative=2610)
 00:01:13 | ECBS RandomHop mutated 9/21 agent paths [SUPPRESSED] (cumulative=2619)
 00:01:13 | ECBS RandomHop mutated 9/21 agent paths [SUPPRESSED] (cumulative=2628)
 00:01:13 | ECBS RandomHop mutated 9/21 agent paths [SUPPRESSED] (cumulative=2637)
 00:01:13 | ECBS RandomHop mutated 9/21 agent paths [SUPPRESSED] (cumulative=2646)
 00:01:13 | ECBS RandomHop mutated 9/20 agent paths [SUPPRESSED] (cumulative=2655)
 00:01:13 | ECBS RandomHop mutated 9/20 agent paths [SUPPRESSED] (cumulative=2664)
 00:01:13 | ECBS RandomHop mutated 9/20 agent paths [SUPPRESSED] (cumulative=2673)
 00:01:13 | ECBS RandomHop mutated 9/20 agent paths [SUPPRESSED] (cumulative=2682)
 00:01:13 | ECBS RandomHop mutated 9/20 agent paths [SUPPRESSED] (cumulative=2691)
 00:01:13 | ECBS RandomHop mutated 10/20 agent paths [SUPPRESSED] (cumulative=2701)
 00:01:13 | ECBS RandomHop mutated 10/20 agent paths [SUPPRESSED] (cumulative=2711)
 00:01:13 | ECBS RandomHop mutated 10/19 agent paths [SUPPRESSED] (cumulative=2721)
 00:01:13 | ECBS RandomHop mutated 10/19 agent paths [SUPPRESSED] (cumulative=2731)
 00:01:13 | ECBS RandomHop mutated 10/21 agent paths [SUPPRESSED] (cumulative=2741)
 00:01:13 | ECBS RandomHop mutated 10/21 agent paths [SUPPRESSED] (cumulative=2751)
 00:01:13 | ECBS RandomHop mutated 10/20 agent paths [SUPPRESSED] (cumulative=2761)
 00:01:13 | ECBS RandomHop mutated 10/20 agent paths [SUPPRESSED] (cumulative=2771)
 00:01:13 | ECBS RandomHop mutated 10/20 agent paths [SUPPRESSED] (cumulative=2781)
 00:01:13 | ECBS RandomHop mutated 10/20 agent paths [SUPPRESSED] (cumulative=2791)
 00:01:13 | ECBS RandomHop mutated 10/20 agent paths [SUPPRESSED] (cumulative=2801)
 00:01:13 | ECBS RandomHop mutated 10/20 agent paths [SUPPRESSED] (cumulative=2811)
 00:01:13 | ECBS RandomHop mutated 10/20 agent paths [SUPPRESSED] (cumulative=2821)
 00:01:13 | ECBS RandomHop mutated 10/19 agent paths [SUPPRESSED] (cumulative=2831)
 00:01:13 | ECBS RandomHop mutated 10/19 agent paths [SUPPRESSED] (cumulative=2841)
 00:01:13 | ECBS RandomHop mutated 10/20 agent paths [SUPPRESSED] (cumulative=2851)
 00:01:13 | ECBS RandomHop mutated 11/20 agent paths [SUPPRESSED] (cumulative=2862)
 00:01:13 | ECBS RandomHop mutated 11/20 agent paths [SUPPRESSED] (cumulative=2873)
 00:01:13 | ECBS RandomHop mutated 11/19 agent paths [SUPPRESSED] (cumulative=2884)
 00:01:13 | ECBS RandomHop mutated 11/19 agent paths [SUPPRESSED] (cumulative=2895)
 00:01:13 | ECBS RandomHop mutated 11/19 agent paths [SUPPRESSED] (cumulative=2906)
 00:01:13 | ECBS RandomHop mutated 11/19 agent paths [SUPPRESSED] (cumulative=2917)
 00:01:13 | ECBS RandomHop mutated 11/18 agent paths [SUPPRESSED] (cumulative=2928)
 00:01:13 | ECBS RandomHop mutated 11/17 agent paths [SUPPRESSED] (cumulative=2939)
 00:01:13 | ECBS RandomHop mutated 11/17 agent paths [SUPPRESSED] (cumulative=2950)
 00:01:13 | ECBS RandomHop mutated 11/17 agent paths [SUPPRESSED] (cumulative=2961)
 00:01:13 | ECBS RandomHop mutated 11/17 agent paths [SUPPRESSED] (cumulative=2972)
 00:01:13 | ECBS RandomHop mutated 11/16 agent paths [SUPPRESSED] (cumulative=2983)
 00:01:13 | ECBS RandomHop mutated 12/16 agent paths [SUPPRESSED] (cumulative=2995)
 00:01:13 | ECBS RandomHop mutated 13/17 agent paths [SUPPRESSED] (cumulative=3008)
 00:01:13 | ECBS RandomHop mutated 13/17 agent paths [SUPPRESSED] (cumulative=3021)
 00:01:13 | ECBS RandomHop mutated 13/17 agent paths [SUPPRESSED] (cumulative=3034)
 00:01:13 | ECBS RandomHop mutated 13/17 agent paths [SUPPRESSED] (cumulative=3047)
 00:01:13 | ECBS RandomHop mutated 13/18 agent paths [SUPPRESSED] (cumulative=3060)
 00:01:13 | ECBS RandomHop mutated 13/18 agent paths [SUPPRESSED] (cumulative=3073)
 00:01:13 | ECBS RandomHop mutated 13/18 agent paths [SUPPRESSED] (cumulative=3086)
 00:01:13 | ECBS RandomHop mutated 13/17 agent paths [SUPPRESSED] (cumulative=3099)
 00:01:13 | ECBS RandomHop mutated 13/17 agent paths [SUPPRESSED] (cumulative=3112)
 00:01:13 | ECBS RandomHop mutated 13/18 agent paths [SUPPRESSED] (cumulative=3125)
 00:01:14 | ECBS RandomHop mutated 13/18 agent paths [SUPPRESSED] (cumulative=3138)
 00:01:14 | ECBS RandomHop mutated 13/18 agent paths [SUPPRESSED] (cumulative=3151)
 00:01:14 | ECBS RandomHop mutated 13/17 agent paths [SUPPRESSED] (cumulative=3164)
 00:01:14 | ECBS RandomHop mutated 13/17 agent paths [SUPPRESSED] (cumulative=3177)
 00:01:14 | ECBS RandomHop mutated 13/16 agent paths [SUPPRESSED] (cumulative=3190)
 00:01:14 | ECBS RandomHop mutated 13/16 agent paths [SUPPRESSED] (cumulative=3203)
 00:01:14 | ECBS RandomHop mutated 13/16 agent paths [SUPPRESSED] (cumulative=3216)
 00:01:14 | ECBS RandomHop mutated 13/16 agent paths [SUPPRESSED] (cumulative=3229)
 00:01:14 | ECBS RandomHop mutated 13/16 agent paths [SUPPRESSED] (cumulative=3242)
 00:01:14 | ECBS RandomHop mutated 13/16 agent paths [SUPPRESSED] (cumulative=3255)
 00:01:14 | ECBS RandomHop mutated 13/16 agent paths [SUPPRESSED] (cumulative=3268)
 00:01:14 | ECBS RandomHop mutated 13/16 agent paths [SUPPRESSED] (cumulative=3281)
 00:01:14 | WARNING! Aborting ECBS - could not obtain an initial solution for the following agents: Agent4(72->71)
 00:01:14 | ECBS RandomHop mutated 13/17 agent paths [SUPPRESSED] (cumulative=3294)
 00:01:14 | WARNING! Aborting ECBS - could not obtain an initial solution for the following agents: Agent4(72->71)
 00:01:14 | ECBS RandomHop mutated 13/17 agent paths [SUPPRESSED] (cumulative=3307)
 00:01:14 | WARNING! Aborting ECBS - could not obtain an initial solution for the following agents: Agent4(72->71)
 00:01:14 | ECBS RandomHop mutated 13/18 agent paths [SUPPRESSED] (cumulative=3320)
 00:01:14 | WARNING! Aborting ECBS - could not obtain an initial solution for the following agents: Agent4(72->71)
 00:01:14 | ECBS RandomHop mutated 13/18 agent paths [SUPPRESSED] (cumulative=3333)
 00:01:14 | ECBS RandomHop mutated 13/17 agent paths [SUPPRESSED] (cumulative=3346)
 00:01:14 | ECBS RandomHop mutated 13/17 agent paths [SUPPRESSED] (cumulative=3359)
 00:01:14 | ECBS RandomHop mutated 13/17 agent paths [SUPPRESSED] (cumulative=3372)
 00:01:14 | ECBS RandomHop mutated 13/18 agent paths [SUPPRESSED] (cumulative=3385)
 00:01:14 | ECBS RandomHop mutated 13/19 agent paths [SUPPRESSED] (cumulative=3398)
 00:01:14 | ECBS RandomHop mutated 13/19 agent paths [SUPPRESSED] (cumulative=3411)
 00:01:14 | ECBS RandomHop mutated 13/18 agent paths [SUPPRESSED] (cumulative=3424)
 00:01:14 | ECBS RandomHop mutated 13/17 agent paths [SUPPRESSED] (cumulative=3437)
 00:01:14 | ECBS RandomHop mutated 13/17 agent paths [SUPPRESSED] (cumulative=3450)
 00:01:14 | ECBS RandomHop mutated 13/17 agent paths [SUPPRESSED] (cumulative=3463)
 00:01:14 | ECBS RandomHop mutated 13/17 agent paths [SUPPRESSED] (cumulative=3476)
 00:01:14 | ECBS RandomHop mutated 13/17 agent paths [SUPPRESSED] (cumulative=3489)
 00:01:14 | ECBS RandomHop mutated 13/17 agent paths [SUPPRESSED] (cumulative=3502)
 00:01:14 | ECBS RandomHop mutated 13/17 agent paths [SUPPRESSED] (cumulative=3515)
 00:01:14 | ECBS RandomHop mutated 13/17 agent paths [SUPPRESSED] (cumulative=3528)
 00:01:14 | ECBS RandomHop mutated 13/17 agent paths [SUPPRESSED] (cumulative=3541)
 00:01:14 | ECBS RandomHop mutated 13/17 agent paths [SUPPRESSED] (cumulative=3554)
 00:01:14 | ECBS RandomHop mutated 13/17 agent paths [SUPPRESSED] (cumulative=3567)
 00:01:14 | ECBS RandomHop mutated 13/17 agent paths [SUPPRESSED] (cumulative=3580)
 00:01:14 | ECBS RandomHop mutated 13/17 agent paths [SUPPRESSED] (cumulative=3593)
 00:01:14 | ECBS RandomHop mutated 13/17 agent paths [SUPPRESSED] (cumulative=3606)
 00:01:14 | ECBS RandomHop mutated 13/17 agent paths [SUPPRESSED] (cumulative=3619)
 00:01:14 | ECBS RandomHop mutated 13/17 agent paths [SUPPRESSED] (cumulative=3632)
 00:01:14 | ECBS RandomHop mutated 13/17 agent paths [SUPPRESSED] (cumulative=3645)
 00:01:14 | ECBS RandomHop mutated 13/17 agent paths [SUPPRESSED] (cumulative=3658)
 00:01:14 | ECBS RandomHop mutated 13/17 agent paths [SUPPRESSED] (cumulative=3671)
 00:01:14 | ECBS RandomHop mutated 14/17 agent paths [SUPPRESSED] (cumulative=3685)
 00:01:15 | ECBS RandomHop mutated 14/17 agent paths [SUPPRESSED] (cumulative=3699)
 00:01:15 | 00:00:29 | 0.00:21:37 |  72.06%  |   211   |   346    | 73%  |  10054   |   0    | 150.46MB  
 00:01:15 | ECBS RandomHop mutated 15/17 agent paths [SUPPRESSED] (cumulative=3714)
 00:01:15 | ECBS RandomHop mutated 15/17 agent paths [SUPPRESSED] (cumulative=3729)
 00:01:15 | ECBS RandomHop mutated 15/17 agent paths [SUPPRESSED] (cumulative=3744)
 00:01:15 | ECBS RandomHop mutated 15/17 agent paths [SUPPRESSED] (cumulative=3759)
 00:01:15 | ECBS RandomHop mutated 15/17 agent paths [SUPPRESSED] (cumulative=3774)
 00:01:15 | ECBS RandomHop mutated 15/17 agent paths [SUPPRESSED] (cumulative=3789)
 00:01:15 | ECBS RandomHop mutated 15/17 agent paths [SUPPRESSED] (cumulative=3804)
 00:01:15 | ECBS RandomHop mutated 15/17 agent paths [SUPPRESSED] (cumulative=3819)
 00:01:15 | ECBS RandomHop mutated 15/16 agent paths [SUPPRESSED] (cumulative=3834)
 00:01:15 | ECBS RandomHop mutated 15/16 agent paths [SUPPRESSED] (cumulative=3849)
 00:01:15 | ECBS RandomHop mutated 15/16 agent paths [SUPPRESSED] (cumulative=3864)
 00:01:15 | ECBS RandomHop mutated 15/16 agent paths [SUPPRESSED] (cumulative=3879)
 00:01:15 | ECBS RandomHop mutated 15/16 agent paths [SUPPRESSED] (cumulative=3894)
 00:01:15 | ECBS RandomHop mutated 15/16 agent paths [SUPPRESSED] (cumulative=3909)
 00:01:15 | ECBS RandomHop mutated 15/16 agent paths [SUPPRESSED] (cumulative=3924)
 00:01:15 | ECBS RandomHop mutated 15/16 agent paths [SUPPRESSED] (cumulative=3939)
 00:01:15 | ECBS RandomHop mutated 15/16 agent paths [SUPPRESSED] (cumulative=3954)
 00:01:15 | ECBS RandomHop mutated 15/15 agent paths [SUPPRESSED] (cumulative=3969)
 00:01:15 | ECBS RandomHop mutated 15/15 agent paths [SUPPRESSED] (cumulative=3984)
 00:01:15 | ECBS RandomHop mutated 15/15 agent paths [SUPPRESSED] (cumulative=3999)
 00:01:15 | ECBS RandomHop mutated 15/15 agent paths [SUPPRESSED] (cumulative=4014)
 00:01:15 | ECBS RandomHop mutated 15/16 agent paths [SUPPRESSED] (cumulative=4029)
 00:01:15 | ECBS RandomHop mutated 15/16 agent paths [SUPPRESSED] (cumulative=4044)
 00:01:15 | ECBS RandomHop mutated 15/16 agent paths [SUPPRESSED] (cumulative=4059)
 00:01:15 | ECBS RandomHop mutated 15/16 agent paths [SUPPRESSED] (cumulative=4074)
 00:01:15 | ECBS RandomHop mutated 15/17 agent paths [SUPPRESSED] (cumulative=4089)
 00:01:15 | ECBS RandomHop mutated 15/16 agent paths [SUPPRESSED] (cumulative=4104)
 00:01:15 | ECBS RandomHop mutated 15/16 agent paths [SUPPRESSED] (cumulative=4119)
 00:01:15 | ECBS RandomHop mutated 15/16 agent paths [SUPPRESSED] (cumulative=4134)
 00:01:15 | ECBS RandomHop mutated 15/16 agent paths [SUPPRESSED] (cumulative=4149)
 00:01:15 | ECBS RandomHop mutated 15/16 agent paths [SUPPRESSED] (cumulative=4164)
 00:01:15 | ECBS RandomHop mutated 15/16 agent paths [SUPPRESSED] (cumulative=4179)
 00:01:15 | ECBS RandomHop mutated 15/16 agent paths [SUPPRESSED] (cumulative=4194)
 00:01:15 | ECBS RandomHop mutated 15/16 agent paths [SUPPRESSED] (cumulative=4209)
 00:01:15 | ECBS RandomHop mutated 15/16 agent paths [SUPPRESSED] (cumulative=4224)
 00:01:15 | ECBS RandomHop mutated 15/16 agent paths [SUPPRESSED] (cumulative=4239)
 00:01:15 | ECBS RandomHop mutated 15/16 agent paths [SUPPRESSED] (cumulative=4254)
 00:01:15 | ECBS RandomHop mutated 15/16 agent paths [SUPPRESSED] (cumulative=4269)
 00:01:15 | ECBS RandomHop mutated 15/16 agent paths [SUPPRESSED] (cumulative=4284)
 00:01:15 | ECBS RandomHop mutated 15/16 agent paths [SUPPRESSED] (cumulative=4299)
 00:01:16 | ECBS RandomHop mutated 15/16 agent paths [SUPPRESSED] (cumulative=4314)
 00:01:16 | ECBS RandomHop mutated 15/16 agent paths [SUPPRESSED] (cumulative=4329)
 00:01:16 | ECBS RandomHop mutated 15/16 agent paths [SUPPRESSED] (cumulative=4344)
 00:01:16 | ECBS RandomHop mutated 15/16 agent paths [SUPPRESSED] (cumulative=4359)
 00:01:16 | ECBS RandomHop mutated 15/16 agent paths [SUPPRESSED] (cumulative=4374)
 00:01:16 | ECBS RandomHop mutated 15/17 agent paths [SUPPRESSED] (cumulative=4389)
 00:01:16 | ECBS RandomHop mutated 15/17 agent paths [SUPPRESSED] (cumulative=4404)
 00:01:16 | ECBS RandomHop mutated 15/17 agent paths [SUPPRESSED] (cumulative=4419)
 00:01:16 | ECBS RandomHop mutated 15/17 agent paths [SUPPRESSED] (cumulative=4434)
 00:01:16 | ECBS RandomHop mutated 15/17 agent paths [SUPPRESSED] (cumulative=4449)
 00:01:16 | ECBS RandomHop mutated 15/17 agent paths [SUPPRESSED] (cumulative=4464)
 00:01:16 | ECBS RandomHop mutated 15/17 agent paths [SUPPRESSED] (cumulative=4479)
 00:01:16 | ECBS RandomHop mutated 15/17 agent paths [SUPPRESSED] (cumulative=4494)
 00:01:16 | ECBS RandomHop mutated 15/17 agent paths [SUPPRESSED] (cumulative=4509)
 00:01:16 | ECBS RandomHop mutated 15/16 agent paths [SUPPRESSED] (cumulative=4524)
 00:01:16 | ECBS RandomHop mutated 15/16 agent paths [SUPPRESSED] (cumulative=4539)
 00:01:16 | ECBS RandomHop mutated 15/16 agent paths [SUPPRESSED] (cumulative=4554)
 00:01:16 | ECBS RandomHop mutated 15/16 agent paths [SUPPRESSED] (cumulative=4569)
 00:01:16 | ECBS RandomHop mutated 15/16 agent paths [SUPPRESSED] (cumulative=4584)
 00:01:16 | ECBS RandomHop mutated 15/16 agent paths [SUPPRESSED] (cumulative=4599)
 00:01:16 | ECBS RandomHop mutated 15/16 agent paths [SUPPRESSED] (cumulative=4614)
 00:01:16 | ECBS RandomHop mutated 15/16 agent paths [SUPPRESSED] (cumulative=4629)
 00:01:16 | ECBS RandomHop mutated 15/16 agent paths [SUPPRESSED] (cumulative=4644)
 00:01:16 | ECBS RandomHop mutated 15/17 agent paths [SUPPRESSED] (cumulative=4659)
 00:01:16 | ECBS RandomHop mutated 15/16 agent paths [SUPPRESSED] (cumulative=4674)
 00:01:16 | ECBS RandomHop mutated 15/16 agent paths [SUPPRESSED] (cumulative=4689)
 00:01:16 | ECBS RandomHop mutated 15/16 agent paths [SUPPRESSED] (cumulative=4704)
 00:01:16 | ECBS RandomHop mutated 15/16 agent paths [SUPPRESSED] (cumulative=4719)
 00:01:16 | ECBS RandomHop mutated 15/16 agent paths [SUPPRESSED] (cumulative=4734)
 00:01:16 | ECBS RandomHop mutated 15/16 agent paths [SUPPRESSED] (cumulative=4749)
 00:01:16 | ECBS RandomHop mutated 15/16 agent paths [SUPPRESSED] (cumulative=4764)
 00:01:16 | ECBS RandomHop mutated 15/15 agent paths [SUPPRESSED] (cumulative=4779)
 00:01:16 | ECBS RandomHop mutated 15/15 agent paths [SUPPRESSED] (cumulative=4794)
 00:01:16 | ECBS RandomHop mutated 15/15 agent paths [SUPPRESSED] (cumulative=4809)
 00:01:16 | ECBS RandomHop mutated 15/16 agent paths [SUPPRESSED] (cumulative=4824)
 00:01:16 | ECBS RandomHop mutated 15/16 agent paths [SUPPRESSED] (cumulative=4839)
 00:01:16 | ECBS RandomHop mutated 15/16 agent paths [SUPPRESSED] (cumulative=4854)
 00:01:16 | ECBS RandomHop mutated 15/16 agent paths [SUPPRESSED] (cumulative=4869)
 00:01:16 | ECBS RandomHop mutated 15/16 agent paths [SUPPRESSED] (cumulative=4884)
 00:01:16 | ECBS RandomHop mutated 15/16 agent paths [SUPPRESSED] (cumulative=4899)
 00:01:16 | ECBS RandomHop mutated 15/17 agent paths [SUPPRESSED] (cumulative=4914)
 00:01:16 | ECBS RandomHop mutated 15/17 agent paths [SUPPRESSED] (cumulative=4929)
 00:01:16 | ECBS RandomHop mutated 15/17 agent paths [SUPPRESSED] (cumulative=4944)
 00:01:16 | ECBS RandomHop mutated 15/17 agent paths [SUPPRESSED] (cumulative=4959)
 00:01:16 | ECBS RandomHop mutated 15/17 agent paths [SUPPRESSED] (cumulative=4974)
 00:01:16 | ECBS RandomHop mutated 15/17 agent paths [SUPPRESSED] (cumulative=4989)
 00:01:17 | ECBS RandomHop mutated 15/17 agent paths [SUPPRESSED] (cumulative=5004)
 00:01:17 | ECBS RandomHop mutated 15/17 agent paths [SUPPRESSED] (cumulative=5019)
 00:01:17 | ECBS RandomHop mutated 15/17 agent paths [SUPPRESSED] (cumulative=5034)
 00:01:17 | ECBS RandomHop mutated 15/17 agent paths [SUPPRESSED] (cumulative=5049)
 00:01:17 | ECBS RandomHop mutated 15/18 agent paths [SUPPRESSED] (cumulative=5064)
 00:01:17 | ECBS RandomHop mutated 15/18 agent paths [SUPPRESSED] (cumulative=5079)
 00:01:17 | ECBS RandomHop mutated 15/18 agent paths [SUPPRESSED] (cumulative=5094)
 00:01:17 | ECBS RandomHop mutated 15/18 agent paths [SUPPRESSED] (cumulative=5109)
 00:01:17 | ECBS RandomHop mutated 15/17 agent paths [SUPPRESSED] (cumulative=5124)
 00:01:17 | ECBS RandomHop mutated 15/17 agent paths [SUPPRESSED] (cumulative=5139)
 00:01:17 | ECBS RandomHop mutated 15/17 agent paths [SUPPRESSED] (cumulative=5154)
 00:01:17 | ECBS RandomHop mutated 15/17 agent paths [SUPPRESSED] (cumulative=5169)
 00:01:17 | ECBS RandomHop mutated 15/17 agent paths [SUPPRESSED] (cumulative=5184)
 00:01:17 | ECBS RandomHop mutated 15/17 agent paths [SUPPRESSED] (cumulative=5199)
 00:01:17 | ECBS RandomHop mutated 15/17 agent paths [SUPPRESSED] (cumulative=5214)
 00:01:17 | ECBS RandomHop mutated 15/17 agent paths [SUPPRESSED] (cumulative=5229)
 00:01:17 | ECBS RandomHop mutated 15/17 agent paths [SUPPRESSED] (cumulative=5244)
 00:01:17 | ECBS RandomHop mutated 15/18 agent paths [SUPPRESSED] (cumulative=5259)
 00:01:17 | ECBS RandomHop mutated 15/19 agent paths [SUPPRESSED] (cumulative=5274)
 00:01:17 | ECBS RandomHop mutated 15/19 agent paths [SUPPRESSED] (cumulative=5289)
 00:01:17 | ECBS RandomHop mutated 15/19 agent paths [SUPPRESSED] (cumulative=5304)
 00:01:17 | ECBS RandomHop mutated 15/19 agent paths [SUPPRESSED] (cumulative=5319)
 00:01:17 | ECBS RandomHop mutated 15/19 agent paths [SUPPRESSED] (cumulative=5334)
 00:01:17 | ECBS RandomHop mutated 15/19 agent paths [SUPPRESSED] (cumulative=5349)
 00:01:17 | ECBS RandomHop mutated 15/19 agent paths [SUPPRESSED] (cumulative=5364)
 00:01:17 | ECBS RandomHop mutated 15/19 agent paths [SUPPRESSED] (cumulative=5379)
 00:01:17 | ECBS RandomHop mutated 15/19 agent paths [SUPPRESSED] (cumulative=5394)
 00:01:17 | ECBS RandomHop mutated 15/19 agent paths [SUPPRESSED] (cumulative=5409)
 00:01:17 | ECBS RandomHop mutated 15/19 agent paths [SUPPRESSED] (cumulative=5424)
 00:01:17 | ECBS RandomHop mutated 15/19 agent paths [SUPPRESSED] (cumulative=5439)
 00:01:17 | ECBS RandomHop mutated 15/19 agent paths [SUPPRESSED] (cumulative=5454)
 00:01:17 | ECBS RandomHop mutated 15/19 agent paths [SUPPRESSED] (cumulative=5469)
 00:01:17 | ECBS RandomHop mutated 15/19 agent paths [SUPPRESSED] (cumulative=5484)
 00:01:17 | ECBS RandomHop mutated 15/19 agent paths [SUPPRESSED] (cumulative=5499)
 00:01:17 | ECBS RandomHop mutated 15/17 agent paths [SUPPRESSED] (cumulative=5514)
 00:01:17 | ECBS RandomHop mutated 15/17 agent paths [SUPPRESSED] (cumulative=5529)
 00:01:17 | ECBS RandomHop mutated 15/18 agent paths [SUPPRESSED] (cumulative=5544)
 00:01:17 | ECBS RandomHop mutated 15/18 agent paths [SUPPRESSED] (cumulative=5559)
 00:01:17 | ECBS RandomHop mutated 15/18 agent paths [SUPPRESSED] (cumulative=5574)
 00:01:17 | ECBS RandomHop mutated 15/18 agent paths [SUPPRESSED] (cumulative=5589)
 00:01:17 | ECBS RandomHop mutated 15/18 agent paths [SUPPRESSED] (cumulative=5604)
 00:01:17 | ECBS RandomHop mutated 15/18 agent paths [SUPPRESSED] (cumulative=5619)
 00:01:17 | ECBS RandomHop mutated 15/18 agent paths [SUPPRESSED] (cumulative=5634)
 00:01:17 | ECBS RandomHop mutated 15/19 agent paths [SUPPRESSED] (cumulative=5649)
 00:01:17 | ECBS RandomHop mutated 15/19 agent paths [SUPPRESSED] (cumulative=5664)
 00:01:17 | ECBS RandomHop mutated 15/19 agent paths [SUPPRESSED] (cumulative=5679)
 00:01:17 | ECBS RandomHop mutated 15/19 agent paths [SUPPRESSED] (cumulative=5694)
 00:01:17 | ECBS RandomHop mutated 15/19 agent paths [SUPPRESSED] (cumulative=5709)
 00:01:17 | ECBS RandomHop mutated 15/19 agent paths [SUPPRESSED] (cumulative=5724)
 00:01:17 | ECBS RandomHop mutated 15/19 agent paths [SUPPRESSED] (cumulative=5739)
 00:01:17 | ECBS RandomHop mutated 15/18 agent paths [SUPPRESSED] (cumulative=5754)
 00:01:17 | ECBS RandomHop mutated 15/18 agent paths [SUPPRESSED] (cumulative=5769)
 00:01:17 | ECBS RandomHop mutated 15/18 agent paths [SUPPRESSED] (cumulative=5784)
 00:01:17 | ECBS RandomHop mutated 15/18 agent paths [SUPPRESSED] (cumulative=5799)
 00:01:17 | ECBS RandomHop mutated 15/18 agent paths [SUPPRESSED] (cumulative=5814)
 00:01:17 | ECBS RandomHop mutated 15/19 agent paths [SUPPRESSED] (cumulative=5829)
 00:01:18 | ECBS RandomHop mutated 15/19 agent paths [SUPPRESSED] (cumulative=5844)
 00:01:18 | ECBS RandomHop mutated 15/19 agent paths [SUPPRESSED] (cumulative=5859)
 00:01:18 | ECBS RandomHop mutated 15/19 agent paths [SUPPRESSED] (cumulative=5874)
 00:01:18 | ECBS RandomHop mutated 15/19 agent paths [SUPPRESSED] (cumulative=5889)
 00:01:18 | ECBS RandomHop mutated 15/18 agent paths [SUPPRESSED] (cumulative=5904)
 00:01:18 | ECBS RandomHop mutated 15/18 agent paths [SUPPRESSED] (cumulative=5919)
 00:01:18 | ECBS RandomHop mutated 15/18 agent paths [SUPPRESSED] (cumulative=5934)
 00:01:18 | ECBS RandomHop mutated 15/18 agent paths [SUPPRESSED] (cumulative=5949)
 00:01:18 | ECBS RandomHop mutated 15/18 agent paths [SUPPRESSED] (cumulative=5964)
 00:01:18 | ECBS RandomHop mutated 15/17 agent paths [SUPPRESSED] (cumulative=5979)
 00:01:18 | ECBS RandomHop mutated 15/17 agent paths [SUPPRESSED] (cumulative=5994)
 00:01:18 | ECBS RandomHop mutated 15/17 agent paths [SUPPRESSED] (cumulative=6009)
 00:01:18 | ECBS RandomHop mutated 15/17 agent paths [SUPPRESSED] (cumulative=6024)
 00:01:18 | ECBS RandomHop mutated 15/17 agent paths [SUPPRESSED] (cumulative=6039)
 00:01:18 | ECBS RandomHop mutated 15/17 agent paths [SUPPRESSED] (cumulative=6054)
 00:01:18 | ECBS RandomHop mutated 15/17 agent paths [SUPPRESSED] (cumulative=6069)
 00:01:18 | ECBS RandomHop mutated 15/17 agent paths [SUPPRESSED] (cumulative=6084)
 00:01:18 | ECBS RandomHop mutated 15/17 agent paths [SUPPRESSED] (cumulative=6099)
 00:01:18 | ECBS RandomHop mutated 15/18 agent paths [SUPPRESSED] (cumulative=6114)
 00:01:18 | ECBS RandomHop mutated 15/18 agent paths [SUPPRESSED] (cumulative=6129)
 00:01:18 | ECBS RandomHop mutated 15/18 agent paths [SUPPRESSED] (cumulative=6144)
 00:01:18 | ECBS RandomHop mutated 15/18 agent paths [SUPPRESSED] (cumulative=6159)
 00:01:18 | ECBS RandomHop mutated 15/18 agent paths [SUPPRESSED] (cumulative=6174)
 00:01:18 | ECBS RandomHop mutated 15/17 agent paths [SUPPRESSED] (cumulative=6189)
 00:01:18 | ECBS RandomHop mutated 15/17 agent paths [SUPPRESSED] (cumulative=6204)
 00:01:18 | ECBS RandomHop mutated 15/17 agent paths [SUPPRESSED] (cumulative=6219)
 00:01:18 | ECBS RandomHop mutated 15/17 agent paths [SUPPRESSED] (cumulative=6234)
 00:01:18 | ECBS RandomHop mutated 15/17 agent paths [SUPPRESSED] (cumulative=6249)
 00:01:18 | ECBS RandomHop mutated 15/17 agent paths [SUPPRESSED] (cumulative=6264)
 00:01:18 | ECBS RandomHop mutated 15/18 agent paths [SUPPRESSED] (cumulative=6279)
 00:01:18 | ECBS RandomHop mutated 15/18 agent paths [SUPPRESSED] (cumulative=6294)
 00:01:18 | ECBS RandomHop mutated 15/18 agent paths [SUPPRESSED] (cumulative=6309)
 00:01:18 | ECBS RandomHop mutated 15/18 agent paths [SUPPRESSED] (cumulative=6324)
 00:01:18 | ECBS RandomHop mutated 15/18 agent paths [SUPPRESSED] (cumulative=6339)
 00:01:18 | ECBS RandomHop mutated 15/18 agent paths [SUPPRESSED] (cumulative=6354)
 00:01:18 | ECBS RandomHop mutated 15/17 agent paths [SUPPRESSED] (cumulative=6369)
 00:01:18 | ECBS RandomHop mutated 15/17 agent paths [SUPPRESSED] (cumulative=6384)
 00:01:18 | ECBS RandomHop mutated 15/17 agent paths [SUPPRESSED] (cumulative=6399)
 00:01:18 | ECBS RandomHop mutated 15/17 agent paths [SUPPRESSED] (cumulative=6414)
 00:01:18 | ECBS RandomHop mutated 15/17 agent paths [SUPPRESSED] (cumulative=6429)
 00:01:18 | ECBS RandomHop mutated 15/17 agent paths [SUPPRESSED] (cumulative=6444)
 00:01:18 | ECBS RandomHop mutated 15/17 agent paths [SUPPRESSED] (cumulative=6459)
 00:01:18 | ECBS RandomHop mutated 15/17 agent paths [SUPPRESSED] (cumulative=6474)
 00:01:18 | ECBS RandomHop mutated 15/17 agent paths [SUPPRESSED] (cumulative=6489)
 00:01:18 | ECBS RandomHop mutated 15/17 agent paths [SUPPRESSED] (cumulative=6504)
 00:01:18 | ECBS RandomHop mutated 15/17 agent paths [SUPPRESSED] (cumulative=6519)
 00:01:18 | ECBS RandomHop mutated 15/17 agent paths [SUPPRESSED] (cumulative=6534)
 00:01:18 | ECBS RandomHop mutated 15/17 agent paths [SUPPRESSED] (cumulative=6549)
 00:01:18 | ECBS RandomHop mutated 15/17 agent paths [SUPPRESSED] (cumulative=6564)
 00:01:18 | ECBS RandomHop mutated 15/17 agent paths [SUPPRESSED] (cumulative=6579)
 00:01:18 | ECBS RandomHop mutated 15/17 agent paths [SUPPRESSED] (cumulative=6594)
 00:01:18 | ECBS RandomHop mutated 15/17 agent paths [SUPPRESSED] (cumulative=6609)
 00:01:18 | ECBS RandomHop mutated 15/17 agent paths [SUPPRESSED] (cumulative=6624)
 00:01:18 | ECBS RandomHop mutated 15/17 agent paths [SUPPRESSED] (cumulative=6639)
 00:01:18 | ECBS RandomHop mutated 15/17 agent paths [SUPPRESSED] (cumulative=6654)
 00:01:18 | ECBS RandomHop mutated 15/17 agent paths [SUPPRESSED] (cumulative=6669)
 00:01:18 | ECBS RandomHop mutated 15/17 agent paths [SUPPRESSED] (cumulative=6684)
 00:01:18 | ECBS RandomHop mutated 15/17 agent paths [SUPPRESSED] (cumulative=6699)
 00:01:18 | ECBS RandomHop mutated 15/16 agent paths [SUPPRESSED] (cumulative=6714)
 00:01:18 | ECBS RandomHop mutated 15/16 agent paths [SUPPRESSED] (cumulative=6729)
 00:01:18 | ECBS RandomHop mutated 15/16 agent paths [SUPPRESSED] (cumulative=6744)
 00:01:18 | ECBS RandomHop mutated 15/16 agent paths [SUPPRESSED] (cumulative=6759)
 00:01:18 | ECBS RandomHop mutated 15/16 agent paths [SUPPRESSED] (cumulative=6774)
 00:01:18 | ECBS RandomHop mutated 15/16 agent paths [SUPPRESSED] (cumulative=6789)
 00:01:18 | ECBS RandomHop mutated 15/16 agent paths [SUPPRESSED] (cumulative=6804)
 00:01:18 | ECBS RandomHop mutated 15/17 agent paths [SUPPRESSED] (cumulative=6819)
 00:01:18 | ECBS RandomHop mutated 15/17 agent paths [SUPPRESSED] (cumulative=6834)
 00:01:18 | ECBS RandomHop mutated 15/17 agent paths [SUPPRESSED] (cumulative=6849)
 00:01:18 | ECBS RandomHop mutated 15/17 agent paths [SUPPRESSED] (cumulative=6864)
 00:01:19 | ECBS RandomHop mutated 15/17 agent paths [SUPPRESSED] (cumulative=6879)
 00:01:19 | ECBS RandomHop mutated 15/18 agent paths [SUPPRESSED] (cumulative=6894)
 00:01:19 | ECBS RandomHop mutated 15/18 agent paths [SUPPRESSED] (cumulative=6909)
 00:01:19 | ECBS RandomHop mutated 15/18 agent paths [SUPPRESSED] (cumulative=6924)
 00:01:19 | ECBS RandomHop mutated 15/18 agent paths [SUPPRESSED] (cumulative=6939)
 00:01:19 | ECBS RandomHop mutated 15/18 agent paths [SUPPRESSED] (cumulative=6954)
 00:01:19 | ECBS RandomHop mutated 15/18 agent paths [SUPPRESSED] (cumulative=6969)
 00:01:19 | ECBS RandomHop mutated 15/18 agent paths [SUPPRESSED] (cumulative=6984)
 00:01:19 | ECBS RandomHop mutated 15/18 agent paths [SUPPRESSED] (cumulative=6999)
 00:01:19 | ECBS RandomHop mutated 15/18 agent paths [SUPPRESSED] (cumulative=7014)
 00:01:19 | ECBS RandomHop mutated 15/19 agent paths [SUPPRESSED] (cumulative=7029)
 00:01:19 | ECBS RandomHop mutated 15/19 agent paths [SUPPRESSED] (cumulative=7044)
 00:01:19 | ECBS RandomHop mutated 15/19 agent paths [SUPPRESSED] (cumulative=7059)
 00:01:19 | ECBS RandomHop mutated 15/19 agent paths [SUPPRESSED] (cumulative=7074)
 00:01:19 | ECBS RandomHop mutated 15/19 agent paths [SUPPRESSED] (cumulative=7089)
 00:01:19 | ECBS RandomHop mutated 15/19 agent paths [SUPPRESSED] (cumulative=7104)
 00:01:19 | ECBS RandomHop mutated 15/19 agent paths [SUPPRESSED] (cumulative=7119)
 00:01:19 | ECBS RandomHop mutated 15/19 agent paths [SUPPRESSED] (cumulative=7134)
 00:01:19 | ECBS RandomHop mutated 15/19 agent paths [SUPPRESSED] (cumulative=7149)
 00:01:19 | ECBS RandomHop mutated 15/19 agent paths [SUPPRESSED] (cumulative=7164)
 00:01:19 | ECBS RandomHop mutated 15/19 agent paths [SUPPRESSED] (cumulative=7179)
 00:01:19 | ECBS RandomHop mutated 15/19 agent paths [SUPPRESSED] (cumulative=7194)
 00:01:19 | ECBS RandomHop mutated 15/19 agent paths [SUPPRESSED] (cumulative=7209)
 00:01:19 | ECBS RandomHop mutated 15/19 agent paths [SUPPRESSED] (cumulative=7224)
 00:01:19 | ECBS RandomHop mutated 15/19 agent paths [SUPPRESSED] (cumulative=7239)
 00:01:19 | ECBS RandomHop mutated 15/19 agent paths [SUPPRESSED] (cumulative=7254)
 00:01:19 | ECBS RandomHop mutated 15/18 agent paths [SUPPRESSED] (cumulative=7269)
 00:01:19 | ECBS RandomHop mutated 15/18 agent paths [SUPPRESSED] (cumulative=7284)
 00:01:19 | ECBS RandomHop mutated 15/18 agent paths [SUPPRESSED] (cumulative=7299)
 00:01:19 | ECBS RandomHop mutated 15/18 agent paths [SUPPRESSED] (cumulative=7314)
 00:01:19 | ECBS RandomHop mutated 15/18 agent paths [SUPPRESSED] (cumulative=7329)
 00:01:19 | ECBS RandomHop mutated 15/17 agent paths [SUPPRESSED] (cumulative=7344)
 00:01:19 | ECBS RandomHop mutated 15/17 agent paths [SUPPRESSED] (cumulative=7359)
 00:01:19 | ECBS RandomHop mutated 15/17 agent paths [SUPPRESSED] (cumulative=7374)
 00:01:19 | ECBS RandomHop mutated 15/17 agent paths [SUPPRESSED] (cumulative=7389)
 00:01:19 | ECBS RandomHop mutated 15/18 agent paths [SUPPRESSED] (cumulative=7404)
 00:01:19 | ECBS RandomHop mutated 15/18 agent paths [SUPPRESSED] (cumulative=7419)
 00:01:19 | ECBS RandomHop mutated 15/18 agent paths [SUPPRESSED] (cumulative=7434)
 00:01:19 | ECBS RandomHop mutated 15/18 agent paths [SUPPRESSED] (cumulative=7449)
 00:01:19 | ECBS RandomHop mutated 15/18 agent paths [SUPPRESSED] (cumulative=7464)
 00:01:19 | ECBS RandomHop mutated 15/18 agent paths [SUPPRESSED] (cumulative=7479)
 00:01:19 | ECBS RandomHop mutated 15/18 agent paths [SUPPRESSED] (cumulative=7494)
 00:01:19 | ECBS RandomHop mutated 15/18 agent paths [SUPPRESSED] (cumulative=7509)
 00:01:19 | ECBS RandomHop mutated 15/18 agent paths [SUPPRESSED] (cumulative=7524)
 00:01:19 | ECBS RandomHop mutated 15/18 agent paths [SUPPRESSED] (cumulative=7539)
 00:01:19 | ECBS RandomHop mutated 15/18 agent paths [SUPPRESSED] (cumulative=7554)
 00:01:19 | ECBS RandomHop mutated 15/18 agent paths [SUPPRESSED] (cumulative=7569)
 00:01:19 | ECBS RandomHop mutated 15/18 agent paths [SUPPRESSED] (cumulative=7584)
 00:01:19 | ECBS RandomHop mutated 15/18 agent paths [SUPPRESSED] (cumulative=7599)
 00:01:19 | ECBS RandomHop mutated 15/18 agent paths [SUPPRESSED] (cumulative=7614)
 00:01:19 | ECBS RandomHop mutated 15/18 agent paths [SUPPRESSED] (cumulative=7629)
 00:01:19 | ECBS RandomHop mutated 15/18 agent paths [SUPPRESSED] (cumulative=7644)
 00:01:19 | ECBS RandomHop mutated 15/18 agent paths [SUPPRESSED] (cumulative=7659)
 00:01:19 | ECBS RandomHop mutated 15/18 agent paths [SUPPRESSED] (cumulative=7674)
 00:01:19 | ECBS RandomHop mutated 15/18 agent paths [SUPPRESSED] (cumulative=7689)
 00:01:19 | ECBS RandomHop mutated 15/18 agent paths [SUPPRESSED] (cumulative=7704)
 00:01:19 | ECBS RandomHop mutated 15/15 agent paths [SUPPRESSED] (cumulative=7719)
 00:01:19 | ECBS RandomHop mutated 15/15 agent paths [SUPPRESSED] (cumulative=7734)
 00:01:20 | ECBS RandomHop mutated 15/15 agent paths [SUPPRESSED] (cumulative=7749)
 00:01:20 | ECBS RandomHop mutated 15/15 agent paths [SUPPRESSED] (cumulative=7764)
 00:01:20 | 00:00:11 | 0.00:26:18 |  87.67%  |   211   |   398    | 73%  |  10667   |   0    | 150.26MB  
 00:01:20 | ECBS RandomHop mutated 15/15 agent paths [SUPPRESSED] (cumulative=7779)
 00:01:20 | ECBS RandomHop mutated 15/16 agent paths [SUPPRESSED] (cumulative=7794)
 00:01:20 | ECBS RandomHop mutated 15/16 agent paths [SUPPRESSED] (cumulative=7809)
 00:01:20 | ECBS RandomHop mutated 15/16 agent paths [SUPPRESSED] (cumulative=7824)
 00:01:20 | ECBS RandomHop mutated 15/16 agent paths [SUPPRESSED] (cumulative=7839)
 00:01:20 | ECBS RandomHop mutated 15/17 agent paths [SUPPRESSED] (cumulative=7854)
 00:01:20 | ECBS RandomHop mutated 15/17 agent paths [SUPPRESSED] (cumulative=7869)
 00:01:20 | ECBS RandomHop mutated 15/17 agent paths [SUPPRESSED] (cumulative=7884)
 00:01:20 | ECBS RandomHop mutated 15/17 agent paths [SUPPRESSED] (cumulative=7899)
 00:01:20 | ECBS RandomHop mutated 15/17 agent paths [SUPPRESSED] (cumulative=7914)
 00:01:20 | ECBS RandomHop mutated 15/17 agent paths [SUPPRESSED] (cumulative=7929)
 00:01:20 | ECBS RandomHop mutated 15/17 agent paths [SUPPRESSED] (cumulative=7944)
 00:01:20 | ECBS RandomHop mutated 15/18 agent paths [SUPPRESSED] (cumulative=7959)
 00:01:20 | ECBS RandomHop mutated 15/17 agent paths [SUPPRESSED] (cumulative=7974)
 00:01:20 | ECBS RandomHop mutated 15/17 agent paths [SUPPRESSED] (cumulative=7989)
 00:01:20 | ECBS RandomHop mutated 15/17 agent paths [SUPPRESSED] (cumulative=8004)
 00:01:20 | ECBS RandomHop mutated 15/17 agent paths [SUPPRESSED] (cumulative=8019)
 00:01:20 | ECBS RandomHop mutated 15/17 agent paths [SUPPRESSED] (cumulative=8034)
 00:01:20 | ECBS RandomHop mutated 15/17 agent paths [SUPPRESSED] (cumulative=8049)
 00:01:20 | ECBS RandomHop mutated 15/17 agent paths [SUPPRESSED] (cumulative=8064)
 00:01:20 | ECBS RandomHop mutated 15/17 agent paths [SUPPRESSED] (cumulative=8079)
 00:01:20 | ECBS RandomHop mutated 15/17 agent paths [SUPPRESSED] (cumulative=8094)
 00:01:20 | ECBS RandomHop mutated 15/16 agent paths [SUPPRESSED] (cumulative=8109)
 00:01:20 | ECBS RandomHop mutated 15/16 agent paths [SUPPRESSED] (cumulative=8124)
 00:01:20 | ECBS RandomHop mutated 15/16 agent paths [SUPPRESSED] (cumulative=8139)
 00:01:20 | ECBS RandomHop mutated 15/16 agent paths [SUPPRESSED] (cumulative=8154)
 00:01:20 | ECBS RandomHop mutated 15/16 agent paths [SUPPRESSED] (cumulative=8169)
 00:01:20 | ECBS RandomHop mutated 15/16 agent paths [SUPPRESSED] (cumulative=8184)
 00:01:20 | ECBS RandomHop mutated 15/16 agent paths [SUPPRESSED] (cumulative=8199)
 00:01:20 | ECBS RandomHop mutated 15/16 agent paths [SUPPRESSED] (cumulative=8214)
 00:01:20 | ECBS RandomHop mutated 15/16 agent paths [SUPPRESSED] (cumulative=8229)
 00:01:20 | ECBS RandomHop mutated 15/18 agent paths [SUPPRESSED] (cumulative=8244)
 00:01:20 | ECBS RandomHop mutated 15/17 agent paths [SUPPRESSED] (cumulative=8259)
 00:01:20 | ECBS RandomHop mutated 15/17 agent paths [SUPPRESSED] (cumulative=8274)
 00:01:20 | ECBS RandomHop mutated 15/17 agent paths [SUPPRESSED] (cumulative=8289)
 00:01:20 | ECBS RandomHop mutated 15/17 agent paths [SUPPRESSED] (cumulative=8304)
 00:01:20 | ECBS RandomHop mutated 15/17 agent paths [SUPPRESSED] (cumulative=8319)
 00:01:20 | ECBS RandomHop mutated 15/17 agent paths [SUPPRESSED] (cumulative=8334)
 00:01:20 | ECBS RandomHop mutated 15/17 agent paths [SUPPRESSED] (cumulative=8349)
 00:01:20 | ECBS RandomHop mutated 15/17 agent paths [SUPPRESSED] (cumulative=8364)
 00:01:20 | ECBS RandomHop mutated 15/17 agent paths [SUPPRESSED] (cumulative=8379)
 00:01:20 | ECBS RandomHop mutated 15/17 agent paths [SUPPRESSED] (cumulative=8394)
 00:01:20 | ECBS RandomHop mutated 15/17 agent paths [SUPPRESSED] (cumulative=8409)
 00:01:20 | ECBS RandomHop mutated 15/18 agent paths [SUPPRESSED] (cumulative=8424)
 00:01:20 | ECBS RandomHop mutated 15/18 agent paths [SUPPRESSED] (cumulative=8439)
 00:01:20 | ECBS RandomHop mutated 15/18 agent paths [SUPPRESSED] (cumulative=8454)
 00:01:20 | ECBS RandomHop mutated 15/18 agent paths [SUPPRESSED] (cumulative=8469)
 00:01:20 | ECBS RandomHop mutated 15/18 agent paths [SUPPRESSED] (cumulative=8484)
 00:01:20 | ECBS RandomHop mutated 15/18 agent paths [SUPPRESSED] (cumulative=8499)
 00:01:20 | ECBS RandomHop mutated 15/18 agent paths [SUPPRESSED] (cumulative=8514)
 00:01:20 | ECBS RandomHop mutated 15/18 agent paths [SUPPRESSED] (cumulative=8529)
 00:01:20 | ECBS RandomHop mutated 15/18 agent paths [SUPPRESSED] (cumulative=8544)
 00:01:20 | ECBS RandomHop mutated 15/18 agent paths [SUPPRESSED] (cumulative=8559)
 00:01:20 | ECBS RandomHop mutated 15/18 agent paths [SUPPRESSED] (cumulative=8574)
 00:01:20 | ECBS RandomHop mutated 15/18 agent paths [SUPPRESSED] (cumulative=8589)
 00:01:20 | ECBS RandomHop mutated 15/18 agent paths [SUPPRESSED] (cumulative=8604)
 00:01:20 | ECBS RandomHop mutated 15/18 agent paths [SUPPRESSED] (cumulative=8619)
 00:01:20 | ECBS RandomHop mutated 15/18 agent paths [SUPPRESSED] (cumulative=8634)
 00:01:20 | ECBS RandomHop mutated 15/18 agent paths [SUPPRESSED] (cumulative=8649)
 00:01:20 | ECBS RandomHop mutated 15/18 agent paths [SUPPRESSED] (cumulative=8664)
 00:01:21 | ECBS RandomHop mutated 15/18 agent paths [SUPPRESSED] (cumulative=8679)
 00:01:21 | ECBS RandomHop mutated 15/19 agent paths [SUPPRESSED] (cumulative=8694)
 00:01:21 | ECBS RandomHop mutated 15/19 agent paths [SUPPRESSED] (cumulative=8709)
 00:01:21 | ECBS RandomHop mutated 15/19 agent paths [SUPPRESSED] (cumulative=8724)
 00:01:21 | ECBS RandomHop mutated 15/19 agent paths [SUPPRESSED] (cumulative=8739)
 00:01:21 | ECBS RandomHop mutated 15/19 agent paths [SUPPRESSED] (cumulative=8754)
 00:01:21 | ECBS RandomHop mutated 15/19 agent paths [SUPPRESSED] (cumulative=8769)
 00:01:21 | ECBS RandomHop mutated 15/19 agent paths [SUPPRESSED] (cumulative=8784)
 00:01:21 | ECBS RandomHop mutated 15/19 agent paths [SUPPRESSED] (cumulative=8799)
 00:01:21 | ECBS RandomHop mutated 15/19 agent paths [SUPPRESSED] (cumulative=8814)
 00:01:21 | ECBS RandomHop mutated 15/19 agent paths [SUPPRESSED] (cumulative=8829)
 00:01:21 | ECBS RandomHop mutated 15/19 agent paths [SUPPRESSED] (cumulative=8844)
 00:01:21 | ECBS RandomHop mutated 15/19 agent paths [SUPPRESSED] (cumulative=8859)
 00:01:21 | ECBS RandomHop mutated 15/19 agent paths [SUPPRESSED] (cumulative=8874)
 00:01:21 | ECBS RandomHop mutated 15/19 agent paths [SUPPRESSED] (cumulative=8889)
 00:01:21 | ECBS RandomHop mutated 15/19 agent paths [SUPPRESSED] (cumulative=8904)
 00:01:21 | ECBS RandomHop mutated 15/18 agent paths [SUPPRESSED] (cumulative=8919)
 00:01:21 | ECBS RandomHop mutated 15/18 agent paths [SUPPRESSED] (cumulative=8934)
 00:01:21 | ECBS RandomHop mutated 15/18 agent paths [SUPPRESSED] (cumulative=8949)
 00:01:21 | ECBS RandomHop mutated 15/18 agent paths [SUPPRESSED] (cumulative=8964)
 00:01:21 | ECBS RandomHop mutated 15/17 agent paths [SUPPRESSED] (cumulative=8979)
 00:01:21 | ECBS RandomHop mutated 15/17 agent paths [SUPPRESSED] (cumulative=8994)
 00:01:21 | ECBS RandomHop mutated 15/17 agent paths [SUPPRESSED] (cumulative=9009)
 00:01:21 | ECBS RandomHop mutated 15/17 agent paths [SUPPRESSED] (cumulative=9024)
 00:01:21 | ECBS RandomHop mutated 15/17 agent paths [SUPPRESSED] (cumulative=9039)
 00:01:21 | ECBS RandomHop mutated 15/17 agent paths [SUPPRESSED] (cumulative=9054)
 00:01:21 | ECBS RandomHop mutated 15/17 agent paths [SUPPRESSED] (cumulative=9069)
 00:01:21 | ECBS RandomHop mutated 15/17 agent paths [SUPPRESSED] (cumulative=9084)
 00:01:21 | ECBS RandomHop mutated 15/17 agent paths [SUPPRESSED] (cumulative=9099)
 00:01:21 | ECBS RandomHop mutated 15/18 agent paths [SUPPRESSED] (cumulative=9114)
 00:01:21 | ECBS RandomHop mutated 15/18 agent paths [SUPPRESSED] (cumulative=9129)
 00:01:21 | ECBS RandomHop mutated 15/17 agent paths [SUPPRESSED] (cumulative=9144)
 00:01:21 | ECBS RandomHop mutated 15/17 agent paths [SUPPRESSED] (cumulative=9159)
 00:01:21 | ECBS RandomHop mutated 15/17 agent paths [SUPPRESSED] (cumulative=9174)
 00:01:21 | ECBS RandomHop mutated 15/17 agent paths [SUPPRESSED] (cumulative=9189)
 00:01:21 | ECBS RandomHop mutated 15/17 agent paths [SUPPRESSED] (cumulative=9204)
 00:01:21 | ECBS RandomHop mutated 15/17 agent paths [SUPPRESSED] (cumulative=9219)
 00:01:21 | ECBS RandomHop mutated 15/17 agent paths [SUPPRESSED] (cumulative=9234)
 00:01:21 | ECBS RandomHop mutated 15/17 agent paths [SUPPRESSED] (cumulative=9249)
 00:01:21 | ECBS RandomHop mutated 15/17 agent paths [SUPPRESSED] (cumulative=9264)
 00:01:21 | ECBS RandomHop mutated 15/18 agent paths [SUPPRESSED] (cumulative=9279)
 00:01:21 | ECBS RandomHop mutated 15/18 agent paths [SUPPRESSED] (cumulative=9294)
 00:01:21 | ECBS RandomHop mutated 15/18 agent paths [SUPPRESSED] (cumulative=9309)
 00:01:21 | ECBS RandomHop mutated 15/18 agent paths [SUPPRESSED] (cumulative=9324)
 00:01:21 | ECBS RandomHop mutated 15/18 agent paths [SUPPRESSED] (cumulative=9339)
 00:01:21 | ECBS RandomHop mutated 15/18 agent paths [SUPPRESSED] (cumulative=9354)
 00:01:21 | ECBS RandomHop mutated 15/18 agent paths [SUPPRESSED] (cumulative=9369)
 00:01:21 | ECBS RandomHop mutated 15/18 agent paths [SUPPRESSED] (cumulative=9384)
 00:01:21 | ECBS RandomHop mutated 15/17 agent paths [SUPPRESSED] (cumulative=9399)
 00:01:21 | ECBS RandomHop mutated 15/15 agent paths [SUPPRESSED] (cumulative=9414)
 00:01:21 | ECBS RandomHop mutated 15/15 agent paths [SUPPRESSED] (cumulative=9429)
 00:01:21 | ECBS RandomHop mutated 15/15 agent paths [SUPPRESSED] (cumulative=9444)
 00:01:21 | ECBS RandomHop mutated 15/15 agent paths [SUPPRESSED] (cumulative=9459)
 00:01:21 | ECBS RandomHop mutated 15/15 agent paths [SUPPRESSED] (cumulative=9474)
 00:01:21 | ECBS RandomHop mutated 15/15 agent paths [SUPPRESSED] (cumulative=9489)
 00:01:21 | ECBS RandomHop mutated 15/15 agent paths [SUPPRESSED] (cumulative=9504)
 00:01:21 | ECBS RandomHop mutated 15/15 agent paths [SUPPRESSED] (cumulative=9519)
 00:01:21 | ECBS RandomHop mutated 15/15 agent paths [SUPPRESSED] (cumulative=9534)
 00:01:21 | ECBS RandomHop mutated 15/15 agent paths [SUPPRESSED] (cumulative=9549)
 00:01:21 | ECBS RandomHop mutated 15/15 agent paths [SUPPRESSED] (cumulative=9564)
 00:01:21 | ECBS RandomHop mutated 15/15 agent paths [SUPPRESSED] (cumulative=9579)
 00:01:21 | ECBS RandomHop mutated 15/15 agent paths [SUPPRESSED] (cumulative=9594)
 00:01:21 | ECBS RandomHop mutated 15/15 agent paths [SUPPRESSED] (cumulative=9609)
 00:01:21 | ECBS RandomHop mutated 15/15 agent paths [SUPPRESSED] (cumulative=9624)
 00:01:21 | ECBS RandomHop mutated 15/15 agent paths [SUPPRESSED] (cumulative=9639)
 00:01:21 | ECBS RandomHop mutated 15/15 agent paths [SUPPRESSED] (cumulative=9654)
 00:01:22 | ECBS RandomHop mutated 15/15 agent paths [SUPPRESSED] (cumulative=9669)
 00:01:22 | ECBS RandomHop mutated 15/15 agent paths [SUPPRESSED] (cumulative=9684)
 00:01:22 | ECBS RandomHop mutated 15/16 agent paths [SUPPRESSED] (cumulative=9699)
 00:01:22 | ECBS RandomHop mutated 15/16 agent paths [SUPPRESSED] (cumulative=9714)
 00:01:22 | ECBS RandomHop mutated 15/17 agent paths [SUPPRESSED] (cumulative=9729)
 00:01:22 | ECBS RandomHop mutated 15/17 agent paths [SUPPRESSED] (cumulative=9744)
 00:01:22 | ECBS RandomHop mutated 15/17 agent paths [SUPPRESSED] (cumulative=9759)
 00:01:22 | ECBS RandomHop mutated 15/17 agent paths [SUPPRESSED] (cumulative=9774)
 00:01:22 | ECBS RandomHop mutated 15/17 agent paths [SUPPRESSED] (cumulative=9789)
 00:01:22 | ECBS RandomHop mutated 15/17 agent paths [SUPPRESSED] (cumulative=9804)
 00:01:22 | ECBS RandomHop mutated 15/17 agent paths [SUPPRESSED] (cumulative=9819)
 00:01:22 | ECBS RandomHop mutated 15/17 agent paths [SUPPRESSED] (cumulative=9834)
 00:01:22 | ECBS RandomHop mutated 15/17 agent paths [SUPPRESSED] (cumulative=9849)
 00:01:22 | ECBS RandomHop mutated 15/18 agent paths [SUPPRESSED] (cumulative=9864)
 00:01:22 | ECBS RandomHop mutated 15/18 agent paths [SUPPRESSED] (cumulative=9879)
 00:01:22 | ECBS RandomHop mutated 15/18 agent paths [SUPPRESSED] (cumulative=9894)
 00:01:22 | ECBS RandomHop mutated 15/18 agent paths [SUPPRESSED] (cumulative=9909)
 00:01:22 | ECBS RandomHop mutated 15/18 agent paths [SUPPRESSED] (cumulative=9924)
 00:01:22 | ECBS RandomHop mutated 15/18 agent paths [SUPPRESSED] (cumulative=9939)
 00:01:22 | ECBS RandomHop mutated 15/18 agent paths [SUPPRESSED] (cumulative=9954)
 00:01:22 | ECBS RandomHop mutated 15/18 agent paths [SUPPRESSED] (cumulative=9969)
 00:01:22 | ECBS RandomHop mutated 15/18 agent paths [SUPPRESSED] (cumulative=9984)
 00:01:22 | ECBS RandomHop mutated 15/18 agent paths [SUPPRESSED] (cumulative=9999)
 00:01:22 | ECBS RandomHop mutated 15/18 agent paths [SUPPRESSED] (cumulative=10014)
 00:01:22 | ECBS RandomHop mutated 15/18 agent paths [SUPPRESSED] (cumulative=10029)
 00:01:22 | ECBS RandomHop mutated 15/18 agent paths [SUPPRESSED] (cumulative=10044)
 00:01:22 | ECBS RandomHop mutated 15/18 agent paths [SUPPRESSED] (cumulative=10059)
 00:01:22 | ECBS RandomHop mutated 15/18 agent paths [SUPPRESSED] (cumulative=10074)
 00:01:22 | ECBS RandomHop mutated 15/18 agent paths [SUPPRESSED] (cumulative=10089)
 00:01:22 | ECBS RandomHop mutated 15/18 agent paths [SUPPRESSED] (cumulative=10104)
 00:01:22 | ECBS RandomHop mutated 15/18 agent paths [SUPPRESSED] (cumulative=10119)
 00:01:22 | ECBS RandomHop mutated 15/18 agent paths [SUPPRESSED] (cumulative=10134)
 00:01:22 | ECBS RandomHop mutated 15/18 agent paths [SUPPRESSED] (cumulative=10149)
 00:01:22 | ECBS RandomHop mutated 15/19 agent paths [SUPPRESSED] (cumulative=10164)
 00:01:22 | ECBS RandomHop mutated 15/19 agent paths [SUPPRESSED] (cumulative=10179)
 00:01:22 | ECBS RandomHop mutated 15/19 agent paths [SUPPRESSED] (cumulative=10194)
 00:01:22 | ECBS RandomHop mutated 15/18 agent paths [SUPPRESSED] (cumulative=10209)
 00:01:22 | ECBS RandomHop mutated 15/19 agent paths [SUPPRESSED] (cumulative=10224)
 00:01:22 | ECBS RandomHop mutated 15/19 agent paths [SUPPRESSED] (cumulative=10239)
 00:01:22 | ECBS RandomHop mutated 15/19 agent paths [SUPPRESSED] (cumulative=10254)
 00:01:22 | ECBS RandomHop mutated 15/19 agent paths [SUPPRESSED] (cumulative=10269)
 00:01:22 | ECBS RandomHop mutated 15/19 agent paths [SUPPRESSED] (cumulative=10284)
 00:01:22 | ECBS RandomHop mutated 15/19 agent paths [SUPPRESSED] (cumulative=10299)
 00:01:22 | ECBS RandomHop mutated 15/19 agent paths [SUPPRESSED] (cumulative=10314)
 00:01:22 | ECBS RandomHop mutated 15/19 agent paths [SUPPRESSED] (cumulative=10329)
 00:01:22 | ECBS RandomHop mutated 15/19 agent paths [SUPPRESSED] (cumulative=10344)
 00:01:22 | ECBS RandomHop mutated 15/18 agent paths [SUPPRESSED] (cumulative=10359)
 00:01:22 | ECBS RandomHop mutated 15/18 agent paths [SUPPRESSED] (cumulative=10374)
 00:01:22 | ECBS RandomHop mutated 15/17 agent paths [SUPPRESSED] (cumulative=10389)
 00:01:22 | ECBS RandomHop mutated 15/17 agent paths [SUPPRESSED] (cumulative=10404)
 00:01:22 | ECBS RandomHop mutated 15/17 agent paths [SUPPRESSED] (cumulative=10419)
 00:01:22 | ECBS RandomHop mutated 15/17 agent paths [SUPPRESSED] (cumulative=10434)
 00:01:22 | ECBS RandomHop mutated 15/17 agent paths [SUPPRESSED] (cumulative=10449)
 00:01:22 | ECBS RandomHop mutated 15/17 agent paths [SUPPRESSED] (cumulative=10464)
 00:01:22 | ECBS RandomHop mutated 15/17 agent paths [SUPPRESSED] (cumulative=10479)
 00:01:22 | ECBS RandomHop mutated 15/17 agent paths [SUPPRESSED] (cumulative=10494)
 00:01:22 | ECBS RandomHop mutated 15/17 agent paths [SUPPRESSED] (cumulative=10509)
 00:01:22 | ECBS RandomHop mutated 15/18 agent paths [SUPPRESSED] (cumulative=10524)
 00:01:22 | ECBS RandomHop mutated 15/18 agent paths [SUPPRESSED] (cumulative=10539)
 00:01:22 | ECBS RandomHop mutated 15/19 agent paths [SUPPRESSED] (cumulative=10554)
 00:01:22 | ECBS RandomHop mutated 15/19 agent paths [SUPPRESSED] (cumulative=10569)
 00:01:22 | ECBS RandomHop mutated 15/19 agent paths [SUPPRESSED] (cumulative=10584)
 00:01:22 | ECBS RandomHop mutated 15/19 agent paths [SUPPRESSED] (cumulative=10599)
 00:01:22 | ECBS RandomHop mutated 15/16 agent paths [SUPPRESSED] (cumulative=10614)
 00:01:22 | ECBS RandomHop mutated 15/16 agent paths [SUPPRESSED] (cumulative=10629)
 00:01:22 | ECBS RandomHop mutated 15/16 agent paths [SUPPRESSED] (cumulative=10644)
 00:01:22 | ECBS RandomHop mutated 15/16 agent paths [SUPPRESSED] (cumulative=10659)
 00:01:22 | ECBS RandomHop mutated 15/16 agent paths [SUPPRESSED] (cumulative=10674)
 00:01:23 | ECBS RandomHop mutated 15/16 agent paths [SUPPRESSED] (cumulative=10689)
 00:01:23 | ECBS RandomHop mutated 15/16 agent paths [SUPPRESSED] (cumulative=10704)
 00:01:23 | ECBS RandomHop mutated 15/16 agent paths [SUPPRESSED] (cumulative=10719)
 00:01:23 | ECBS RandomHop mutated 15/16 agent paths [SUPPRESSED] (cumulative=10734)
 00:01:23 | ECBS RandomHop mutated 15/17 agent paths [SUPPRESSED] (cumulative=10749)
 00:01:23 | ECBS RandomHop mutated 15/17 agent paths [SUPPRESSED] (cumulative=10764)
 00:01:23 | ECBS RandomHop mutated 15/17 agent paths [SUPPRESSED] (cumulative=10779)
 00:01:23 | ECBS RandomHop mutated 15/17 agent paths [SUPPRESSED] (cumulative=10794)
 00:01:23 | ECBS RandomHop mutated 15/17 agent paths [SUPPRESSED] (cumulative=10809)
 00:01:23 | ECBS RandomHop mutated 15/17 agent paths [SUPPRESSED] (cumulative=10824)
 00:01:23 | ECBS RandomHop mutated 15/17 agent paths [SUPPRESSED] (cumulative=10839)
 00:01:23 | ECBS RandomHop mutated 15/17 agent paths [SUPPRESSED] (cumulative=10854)
 00:01:23 | ECBS RandomHop mutated 15/18 agent paths [SUPPRESSED] (cumulative=10869)
 00:01:23 | ECBS RandomHop mutated 15/18 agent paths [SUPPRESSED] (cumulative=10884)
 00:01:23 | ECBS RandomHop mutated 15/18 agent paths [SUPPRESSED] (cumulative=10899)
 00:01:23 | ECBS RandomHop mutated 15/18 agent paths [SUPPRESSED] (cumulative=10914)
 00:01:23 | ECBS RandomHop mutated 15/18 agent paths [SUPPRESSED] (cumulative=10929)
 00:01:23 | ECBS RandomHop mutated 15/18 agent paths [SUPPRESSED] (cumulative=10944)
 00:01:23 | ECBS RandomHop mutated 15/18 agent paths [SUPPRESSED] (cumulative=10959)
 00:01:23 | 00:00:00 | 0.00:30:00 | 100.00%  |   211   |   436    | 74%  |  11154   |   0    | 150.40MB  
 00:01:23 | >>> Simulation finished - writing results ...
 00:01:23 | >>> Results written
Simulation finished.
>>> Timings
StatTimingPathPlanningAverage: 0.0306659940706196
StatTimingPathPlanningOverall: 46.029657100000016
StatTimingPathPlanningCount: 1501
StatTimingTaskAllocationAverage: 0.0765716557457213
StatTimingTaskAllocationOverall: 31.317807200000015
StatTimingTaskAllocationCount: 409
StatTimingItemStorageAverage: 2.171794195250663E-05
StatTimingItemStorageOverall: 0.008231100000000014
StatTimingItemStorageCount: 379
StatTimingPodStorageAverage: 0.07046200642857146
StatTimingPodStorageOverall: 9.864680900000005
StatTimingPodStorageCount: 140
StatTimingReplenishmentBatchingAverage: 3.385924528301886E-05
StatTimingReplenishmentBatchingOverall: 0.017945399999999997
StatTimingReplenishmentBatchingCount: 530
StatTimingOrderBatchingAverage: 0.0005078102657004827
StatTimingOrderBatchingOverall: 0.42046689999999964
StatTimingOrderBatchingCount: 828
>>> Overall
StatOverallBundlesPlaced: 519
StatOverallItemsOrdered: 378
StatOverallOrdersPlaced: 227
StatOverallBundlesRejected: 0
StatOverallOrdersRejected: 0
StatOverallBundlesHandled: 436
StatOverallItemsHandled: 330
StatOverallLinesHandled: 316
StatOverallOrdersHandled: 211
StatOverallCollisions: 0
StatOverallDistanceTraveled: 11154.14834032403
StatOverallDistanceEstimated: 10761
StatOverallAssignedTasks: 409
StatMaxMemoryUsed: 150.921875
StatRealTimeUsed: 83.2625037
StatAverageTurnoverTime: 394.3965308611308
StatMedianTurnoverTime: 325.0847342078641
StatLowerQuartileTurnoverTime: 176.36883221257563
StatUpperQuartileTurnoverTime: 527.5228832749558
StatAverageThroughputTime: 80.16471120581693
StatMedianThroughputTime: 50.62648684415785
StatLowerQuartileThroughputTime: 30.164188080067078
StatUpperQuartileThroughputTime: 119.31111111111545
>>> Energy (Rizqi model)
StatEnergyTotalKJ: 1343.8592365640948
StatEnergyE1AccelKJ: 478.7699281490602
StatEnergyE2DecelKJ: 0
StatEnergyE3CruiseKJ: 346.0138506373913
StatEnergyE4RotationKJ: 161.36735799304597
StatEnergyE5LiftLowerKJ: 357.70809978459704
StatEnergyPerOrderKJ: 6.369001121156847
StatEnergyPerMeterJoule: 120.23434164481476
StatEnergyIdleKJ: 1997.083633821172
StatEnergyTotalWithIdleKJ: 3340.9428703852673
StatEnergyPerOrderWithIdleKJ: 15.833852466280888
StatDistanceTraveledRizqiM: 11177
>>> Motion Behavior
StatTurningCount: 1472
StatStopAndGoCount: 1781
StatLoadedDistanceM: 7696
StatLoadedTurningCount: 1123
StatLoadedStopAndGoCount: 1385
StatEmptyTurningCount: 349
StatEmptyStopAndGoCount: 396
StatWaitTimeSec: 28498.124057758414
StatPathPlanningTimeouts: 1
StatMoveEnergyEmptyKJ: 49.952549999999995
StatMoveTimeEmptySec: 4400.630248534954
StatTurnEnergyEmptyKJ: 6.510254137359095
StatTurnTimeEmptySec: 346.49359217185565
StatMoveEnergyLoadedKJ: 774.8312287864516
StatMoveTimeLoadedSec: 11486.937637460576
StatTurnEnergyLoadedKJ: 154.85710385568692
StatTurnTimeLoadedSec: 1139.6136126025076
StatPrefEmptyW: 11.894108102507857
StatPrefLoadedW: 73.6296328451123

Marked tag finished after 1 tries!
.Fin. - SUCCESS
